vc71_sdk_probe.cpp
C:\Program Files (x86)\Windows Kits\10\Include\10.0.22621.0\um\Windows.h(31) : warning C4068: unknown pragma
C:\Program Files (x86)\Windows Kits\10\Include\10.0.22621.0\shared\sal.h(708) : warning C4068: unknown pragma
C:\Program Files (x86)\Windows Kits\10\Include\10.0.22621.0\shared\sal.h(1472) : warning C4068: unknown pragma
C:\Program Files (x86)\Windows Kits\10\Include\10.0.22621.0\shared\minwindef.h(18) : warning C4068: unknown pragma
C:\Program Files (x86)\Windows Kits\10\Include\10.0.22621.0\um\winnt.h(1307) : warning C4068: unknown pragma
C:\Program Files (x86)\Windows Kits\10\Include\10.0.22621.0\um\winnt.h(1319) : warning C4068: unknown pragma
C:\Program Files (x86)\Windows Kits\10\Include\10.0.22621.0\um\winnt.h(7262) : warning C4163: '_bittest' : not available as an intrinsic function
C:\Program Files (x86)\Windows Kits\10\Include\10.0.22621.0\um\winnt.h(7263) : warning C4163: '_bittestandcomplement' : not available as an intrinsic function
C:\Program Files (x86)\Windows Kits\10\Include\10.0.22621.0\um\winnt.h(7264) : warning C4163: '_bittestandset' : not available as an intrinsic function
C:\Program Files (x86)\Windows Kits\10\Include\10.0.22621.0\um\winnt.h(7265) : warning C4163: '_bittestandreset' : not available as an intrinsic function
C:\Program Files (x86)\Windows Kits\10\Include\10.0.22621.0\um\winnt.h(7266) : warning C4163: '_interlockedbittestandset' : not available as an intrinsic function
C:\Program Files (x86)\Windows Kits\10\Include\10.0.22621.0\um\winnt.h(7267) : warning C4163: '_interlockedbittestandreset' : not available as an intrinsic function
C:\Program Files (x86)\Windows Kits\10\Include\10.0.22621.0\um\winnt.h(7389) : warning C4163: '_InterlockedIncrement16' : not available as an intrinsic function
C:\Program Files (x86)\Windows Kits\10\Include\10.0.22621.0\um\winnt.h(7390) : warning C4163: '_InterlockedDecrement16' : not available as an intrinsic function
C:\Program Files (x86)\Windows Kits\10\Include\10.0.22621.0\um\winnt.h(7391) : warning C4163: '_InterlockedCompareExchange16' : not available as an intrinsic function
C:\Program Files (x86)\Windows Kits\10\Include\10.0.22621.0\um\winnt.h(7392) : warning C4163: '_InterlockedCompareExchange64' : not available as an intrinsic function
C:\Program Files (x86)\Windows Kits\10\Include\10.0.22621.0\um\winnt.h(7929) : warning C4163: '__incfsbyte' : not available as an intrinsic function
C:\Program Files (x86)\Windows Kits\10\Include\10.0.22621.0\um\winnt.h(7930) : warning C4163: '__addfsbyte' : not available as an intrinsic function
C:\Program Files (x86)\Windows Kits\10\Include\10.0.22621.0\um\winnt.h(7931) : warning C4163: '__incfsword' : not available as an intrinsic function
C:\Program Files (x86)\Windows Kits\10\Include\10.0.22621.0\um\winnt.h(7932) : warning C4163: '__addfsword' : not available as an intrinsic function
C:\Program Files (x86)\Windows Kits\10\Include\10.0.22621.0\um\winnt.h(7933) : warning C4163: '__incfsdword' : not available as an intrinsic function
C:\Program Files (x86)\Windows Kits\10\Include\10.0.22621.0\um\winnt.h(7934) : warning C4163: '__addfsdword' : not available as an intrinsic function
C:\Program Files (x86)\Windows Kits\10\Include\10.0.22621.0\um\winnt.h(8041) : warning C4068: unknown pragma
C:\Program Files (x86)\Windows Kits\10\Include\10.0.22621.0\um\winnt.h(8043) : warning C4068: unknown pragma
C:\Program Files (x86)\Windows Kits\10\Include\10.0.22621.0\um\winnt.h(8058) : warning C4068: unknown pragma
C:\Program Files (x86)\Windows Kits\10\Include\10.0.22621.0\um\winnt.h(8107) : warning C4163: '__readpmc' : not available as an intrinsic function
C:\Program Files (x86)\Windows Kits\10\Include\10.0.22621.0\um\winnt.h(8120) : warning C4163: '__rdtsc' : not available as an intrinsic function
C:\Program Files (x86)\Windows Kits\10\Include\10.0.22621.0\um\winnt.h(20753) : warning C4068: unknown pragma
C:\Program Files (x86)\Windows Kits\10\Include\10.0.22621.0\um\winnt.h(20783) : warning C4068: unknown pragma
C:\Program Files (x86)\Windows Kits\10\Include\10.0.22621.0\um\winnt.h(20785) : warning C4068: unknown pragma
C:\Program Files (x86)\Windows Kits\10\Include\10.0.22621.0\um\winnt.h(20804) : warning C4068: unknown pragma
C:\Program Files (x86)\Windows Kits\10\Include\10.0.22621.0\um\winnt.h(20834) : warning C4068: unknown pragma
C:\Program Files (x86)\Windows Kits\10\Include\10.0.22621.0\um\winnt.h(20848) : warning C4068: unknown pragma
C:\Program Files (x86)\Windows Kits\10\Include\10.0.22621.0\um\winnt.h(21241) : warning C4068: unknown pragma
C:\Program Files (x86)\Windows Kits\10\Include\10.0.22621.0\um\winnt.h(21257) : warning C4068: unknown pragma
C:\Program Files (x86)\Windows Kits\10\Include\10.0.22621.0\um\winnt.h(21293) : warning C4068: unknown pragma
C:\Program Files (x86)\Windows Kits\10\Include\10.0.22621.0\um\winnt.h(21312) : warning C4068: unknown pragma
C:\Program Files (x86)\Windows Kits\10\Include\10.0.22621.0\um\winnt.h(21315) : warning C4068: unknown pragma
C:\Program Files (x86)\Windows Kits\10\Include\10.0.22621.0\um\winnt.h(21333) : warning C4068: unknown pragma
C:\Program Files (x86)\Windows Kits\10\Include\10.0.22621.0\um\winnt.h(21435) : warning C4068: unknown pragma
C:\Program Files (x86)\Windows Kits\10\Include\10.0.22621.0\um\winnt.h(21504) : warning C4068: unknown pragma
C:\Program Files (x86)\Windows Kits\10\Include\10.0.22621.0\um\winnt.h(21658) : warning C4068: unknown pragma
C:\Program Files (x86)\Windows Kits\10\Include\10.0.22621.0\um\winnt.h(21673) : warning C4068: unknown pragma
C:\Program Files (x86)\Windows Kits\10\Include\10.0.22621.0\um\winnt.h(21971) : warning C4068: unknown pragma
C:\Program Files (x86)\Windows Kits\10\Include\10.0.22621.0\um\winnt.h(22004) : warning C4068: unknown pragma
C:\Program Files (x86)\Windows Kits\10\Include\10.0.22621.0\um\winnt.h(22008) : warning C4068: unknown pragma
C:\Program Files (x86)\Windows Kits\10\Include\10.0.22621.0\um\winnt.h(22031) : warning C4068: unknown pragma
C:\Program Files (x86)\Windows Kits\10\Include\10.0.22621.0\um\winnt.h(23020) : warning C4068: unknown pragma
C:\Program Files (x86)\Windows Kits\10\Include\10.0.22621.0\um\winnt.h(23134) : warning C4068: unknown pragma
C:\Program Files (x86)\Windows Kits\10\Include\10.0.22621.0\shared\minwindef.h(282) : warning C4068: unknown pragma
C:\Program Files (x86)\Windows Kits\10\Include\10.0.22621.0\shared\windef.h(36) : warning C4068: unknown pragma
C:\Program Files (x86)\Windows Kits\10\Include\10.0.22621.0\shared\windef.h(43) : warning C4068: unknown pragma
C:\Program Files (x86)\Windows Kits\10\Include\10.0.22621.0\shared\windef.h(58) : warning C4068: unknown pragma
C:\Program Files (x86)\Windows Kits\10\Include\10.0.22621.0\shared\windef.h(102) : warning C4068: unknown pragma
C:\Program Files (x86)\Windows Kits\10\Include\10.0.22621.0\shared\windef.h(107) : warning C4068: unknown pragma
C:\Program Files (x86)\Windows Kits\10\Include\10.0.22621.0\shared\windef.h(113) : warning C4068: unknown pragma
C:\Program Files (x86)\Windows Kits\10\Include\10.0.22621.0\shared\windef.h(117) : warning C4068: unknown pragma
C:\Program Files (x86)\Windows Kits\10\Include\10.0.22621.0\shared\windef.h(123) : warning C4068: unknown pragma
C:\Program Files (x86)\Windows Kits\10\Include\10.0.22621.0\shared\windef.h(127) : warning C4068: unknown pragma
C:\Program Files (x86)\Windows Kits\10\Include\10.0.22621.0\shared\windef.h(139) : warning C4068: unknown pragma
C:\Program Files (x86)\Windows Kits\10\Include\10.0.22621.0\shared\windef.h(141) : warning C4068: unknown pragma
C:\Program Files (x86)\Windows Kits\10\Include\10.0.22621.0\shared\windef.h(149) : warning C4068: unknown pragma
C:\Program Files (x86)\Windows Kits\10\Include\10.0.22621.0\shared\windef.h(151) : warning C4068: unknown pragma
C:\Program Files (x86)\Windows Kits\10\Include\10.0.22621.0\shared\windef.h(213) : warning C4068: unknown pragma
C:\Program Files (x86)\Windows Kits\10\Include\10.0.22621.0\shared\windef.h(250) : warning C4068: unknown pragma
C:\Program Files (x86)\Windows Kits\10\Include\10.0.22621.0\um\apiquery2.h(31) : warning C4068: unknown pragma
C:\Program Files (x86)\Windows Kits\10\Include\10.0.22621.0\um\apiquery2.h(42) : warning C4068: unknown pragma
C:\Program Files (x86)\Windows Kits\10\Include\10.0.22621.0\um\processenv.h(25) : warning C4068: unknown pragma
C:\Program Files (x86)\Windows Kits\10\Include\10.0.22621.0\um\processenv.h(39) : warning C4068: unknown pragma
C:\Program Files (x86)\Windows Kits\10\Include\10.0.22621.0\um\processenv.h(41) : warning C4068: unknown pragma
C:\Program Files (x86)\Windows Kits\10\Include\10.0.22621.0\um\processenv.h(73) : warning C4068: unknown pragma
C:\Program Files (x86)\Windows Kits\10\Include\10.0.22621.0\um\processenv.h(75) : warning C4068: unknown pragma
C:\Program Files (x86)\Windows Kits\10\Include\10.0.22621.0\um\processenv.h(252) : warning C4068: unknown pragma
C:\Program Files (x86)\Windows Kits\10\Include\10.0.22621.0\um\processenv.h(254) : warning C4068: unknown pragma
C:\Program Files (x86)\Windows Kits\10\Include\10.0.22621.0\um\processenv.h(289) : warning C4068: unknown pragma
C:\Program Files (x86)\Windows Kits\10\Include\10.0.22621.0\um\processenv.h(316) : warning C4068: unknown pragma
C:\Program Files (x86)\Windows Kits\10\Include\10.0.22621.0\um\fileapi.h(25) : warning C4068: unknown pragma
C:\Program Files (x86)\Windows Kits\10\Include\10.0.22621.0\um\fileapi.h(71) : warning C4068: unknown pragma
C:\Program Files (x86)\Windows Kits\10\Include\10.0.22621.0\um\fileapi.h(73) : warning C4068: unknown pragma
C:\Program Files (x86)\Windows Kits\10\Include\10.0.22621.0\um\fileapi.h(108) : warning C4068: unknown pragma
C:\Program Files (x86)\Windows Kits\10\Include\10.0.22621.0\um\fileapi.h(110) : warning C4068: unknown pragma
C:\Program Files (x86)\Windows Kits\10\Include\10.0.22621.0\um\fileapi.h(127) : warning C4068: unknown pragma
C:\Program Files (x86)\Windows Kits\10\Include\10.0.22621.0\um\fileapi.h(129) : warning C4068: unknown pragma
C:\Program Files (x86)\Windows Kits\10\Include\10.0.22621.0\um\fileapi.h(152) : warning C4068: unknown pragma
C:\Program Files (x86)\Windows Kits\10\Include\10.0.22621.0\um\fileapi.h(154) : warning C4068: unknown pragma
C:\Program Files (x86)\Windows Kits\10\Include\10.0.22621.0\um\fileapi.h(169) : warning C4068: unknown pragma
C:\Program Files (x86)\Windows Kits\10\Include\10.0.22621.0\um\fileapi.h(171) : warning C4068: unknown pragma
C:\Program Files (x86)\Windows Kits\10\Include\10.0.22621.0\um\fileapi.h(183) : warning C4068: unknown pragma
C:\Program Files (x86)\Windows Kits\10\Include\10.0.22621.0\um\fileapi.h(185) : warning C4068: unknown pragma
C:\Program Files (x86)\Windows Kits\10\Include\10.0.22621.0\um\fileapi.h(196) : warning C4068: unknown pragma
C:\Program Files (x86)\Windows Kits\10\Include\10.0.22621.0\um\fileapi.h(198) : warning C4068: unknown pragma
C:\Program Files (x86)\Windows Kits\10\Include\10.0.22621.0\um\fileapi.h(232) : warning C4068: unknown pragma
C:\Program Files (x86)\Windows Kits\10\Include\10.0.22621.0\um\fileapi.h(234) : warning C4068: unknown pragma
C:\Program Files (x86)\Windows Kits\10\Include\10.0.22621.0\um\fileapi.h(292) : warning C4068: unknown pragma
C:\Program Files (x86)\Windows Kits\10\Include\10.0.22621.0\um\fileapi.h(294) : warning C4068: unknown pragma
C:\Program Files (x86)\Windows Kits\10\Include\10.0.22621.0\um\fileapi.h(317) : warning C4068: unknown pragma
C:\Program Files (x86)\Windows Kits\10\Include\10.0.22621.0\um\fileapi.h(319) : warning C4068: unknown pragma
C:\Program Files (x86)\Windows Kits\10\Include\10.0.22621.0\um\fileapi.h(344) : warning C4068: unknown pragma
C:\Program Files (x86)\Windows Kits\10\Include\10.0.22621.0\um\fileapi.h(346) : warning C4068: unknown pragma
C:\Program Files (x86)\Windows Kits\10\Include\10.0.22621.0\um\fileapi.h(370) : warning C4068: unknown pragma
C:\Program Files (x86)\Windows Kits\10\Include\10.0.22621.0\um\fileapi.h(372) : warning C4068: unknown pragma
C:\Program Files (x86)\Windows Kits\10\Include\10.0.22621.0\um\fileapi.h(435) : warning C4068: unknown pragma
C:\Program Files (x86)\Windows Kits\10\Include\10.0.22621.0\um\fileapi.h(437) : warning C4068: unknown pragma
C:\Program Files (x86)\Windows Kits\10\Include\10.0.22621.0\um\fileapi.h(553) : warning C4068: unknown pragma
C:\Program Files (x86)\Windows Kits\10\Include\10.0.22621.0\um\fileapi.h(555) : warning C4068: unknown pragma
C:\Program Files (x86)\Windows Kits\10\Include\10.0.22621.0\um\fileapi.h(650) : warning C4068: unknown pragma
C:\Program Files (x86)\Windows Kits\10\Include\10.0.22621.0\um\fileapi.h(652) : warning C4068: unknown pragma
C:\Program Files (x86)\Windows Kits\10\Include\10.0.22621.0\um\fileapi.h(664) : warning C4068: unknown pragma
C:\Program Files (x86)\Windows Kits\10\Include\10.0.22621.0\um\fileapi.h(666) : warning C4068: unknown pragma
C:\Program Files (x86)\Windows Kits\10\Include\10.0.22621.0\um\fileapi.h(761) : warning C4068: unknown pragma
C:\Program Files (x86)\Windows Kits\10\Include\10.0.22621.0\um\fileapi.h(763) : warning C4068: unknown pragma
C:\Program Files (x86)\Windows Kits\10\Include\10.0.22621.0\um\fileapi.h(779) : warning C4068: unknown pragma
C:\Program Files (x86)\Windows Kits\10\Include\10.0.22621.0\um\fileapi.h(781) : warning C4068: unknown pragma
C:\Program Files (x86)\Windows Kits\10\Include\10.0.22621.0\um\fileapi.h(813) : warning C4068: unknown pragma
C:\Program Files (x86)\Windows Kits\10\Include\10.0.22621.0\um\fileapi.h(815) : warning C4068: unknown pragma
C:\Program Files (x86)\Windows Kits\10\Include\10.0.22621.0\um\fileapi.h(845) : warning C4068: unknown pragma
C:\Program Files (x86)\Windows Kits\10\Include\10.0.22621.0\um\fileapi.h(847) : warning C4068: unknown pragma
C:\Program Files (x86)\Windows Kits\10\Include\10.0.22621.0\um\fileapi.h(865) : warning C4068: unknown pragma
C:\Program Files (x86)\Windows Kits\10\Include\10.0.22621.0\um\fileapi.h(867) : warning C4068: unknown pragma
C:\Program Files (x86)\Windows Kits\10\Include\10.0.22621.0\um\fileapi.h(951) : warning C4068: unknown pragma
C:\Program Files (x86)\Windows Kits\10\Include\10.0.22621.0\um\fileapi.h(953) : warning C4068: unknown pragma
C:\Program Files (x86)\Windows Kits\10\Include\10.0.22621.0\um\fileapi.h(970) : warning C4068: unknown pragma
C:\Program Files (x86)\Windows Kits\10\Include\10.0.22621.0\um\fileapi.h(972) : warning C4068: unknown pragma
C:\Program Files (x86)\Windows Kits\10\Include\10.0.22621.0\um\fileapi.h(1182) : warning C4068: unknown pragma
C:\Program Files (x86)\Windows Kits\10\Include\10.0.22621.0\um\fileapi.h(1184) : warning C4068: unknown pragma
C:\Program Files (x86)\Windows Kits\10\Include\10.0.22621.0\um\fileapi.h(1201) : warning C4068: unknown pragma
C:\Program Files (x86)\Windows Kits\10\Include\10.0.22621.0\um\fileapi.h(1203) : warning C4068: unknown pragma
C:\Program Files (x86)\Windows Kits\10\Include\10.0.22621.0\um\fileapi.h(1225) : warning C4068: unknown pragma
C:\Program Files (x86)\Windows Kits\10\Include\10.0.22621.0\um\fileapi.h(1227) : warning C4068: unknown pragma
C:\Program Files (x86)\Windows Kits\10\Include\10.0.22621.0\um\fileapi.h(1255) : warning C4068: unknown pragma
C:\Program Files (x86)\Windows Kits\10\Include\10.0.22621.0\um\fileapi.h(1257) : warning C4068: unknown pragma
C:\Program Files (x86)\Windows Kits\10\Include\10.0.22621.0\um\fileapi.h(1335) : warning C4068: unknown pragma
C:\Program Files (x86)\Windows Kits\10\Include\10.0.22621.0\um\fileapi.h(1337) : warning C4068: unknown pragma
C:\Program Files (x86)\Windows Kits\10\Include\10.0.22621.0\um\fileapi.h(1348) : warning C4068: unknown pragma
C:\Program Files (x86)\Windows Kits\10\Include\10.0.22621.0\um\fileapi.h(1350) : warning C4068: unknown pragma
C:\Program Files (x86)\Windows Kits\10\Include\10.0.22621.0\um\fileapi.h(1366) : warning C4068: unknown pragma
C:\Program Files (x86)\Windows Kits\10\Include\10.0.22621.0\um\fileapi.h(1368) : warning C4068: unknown pragma
C:\Program Files (x86)\Windows Kits\10\Include\10.0.22621.0\um\fileapi.h(1395) : warning C4068: unknown pragma
C:\Program Files (x86)\Windows Kits\10\Include\10.0.22621.0\um\fileapi.h(1397) : warning C4068: unknown pragma
C:\Program Files (x86)\Windows Kits\10\Include\10.0.22621.0\um\fileapi.h(1419) : warning C4068: unknown pragma
C:\Program Files (x86)\Windows Kits\10\Include\10.0.22621.0\um\fileapi.h(1421) : warning C4068: unknown pragma
C:\Program Files (x86)\Windows Kits\10\Include\10.0.22621.0\um\fileapi.h(1438) : warning C4068: unknown pragma
C:\Program Files (x86)\Windows Kits\10\Include\10.0.22621.0\um\fileapi.h(1440) : warning C4068: unknown pragma
C:\Program Files (x86)\Windows Kits\10\Include\10.0.22621.0\um\fileapi.h(1458) : warning C4068: unknown pragma
C:\Program Files (x86)\Windows Kits\10\Include\10.0.22621.0\um\fileapi.h(1460) : warning C4068: unknown pragma
C:\Program Files (x86)\Windows Kits\10\Include\10.0.22621.0\um\fileapi.h(1494) : warning C4068: unknown pragma
C:\Program Files (x86)\Windows Kits\10\Include\10.0.22621.0\um\fileapifromapp.h(26) : warning C4068: unknown pragma
C:\Program Files (x86)\Windows Kits\10\Include\10.0.22621.0\um\fileapifromapp.h(180) : warning C4068: unknown pragma
C:\Program Files (x86)\Windows Kits\10\Include\10.0.22621.0\um\debugapi.h(25) : warning C4068: unknown pragma
C:\Program Files (x86)\Windows Kits\10\Include\10.0.22621.0\um\debugapi.h(39) : warning C4068: unknown pragma
C:\Program Files (x86)\Windows Kits\10\Include\10.0.22621.0\um\debugapi.h(41) : warning C4068: unknown pragma
C:\Program Files (x86)\Windows Kits\10\Include\10.0.22621.0\um\debugapi.h(71) : warning C4068: unknown pragma
C:\Program Files (x86)\Windows Kits\10\Include\10.0.22621.0\um\debugapi.h(73) : warning C4068: unknown pragma
C:\Program Files (x86)\Windows Kits\10\Include\10.0.22621.0\um\debugapi.h(108) : warning C4068: unknown pragma
C:\Program Files (x86)\Windows Kits\10\Include\10.0.22621.0\um\debugapi.h(110) : warning C4068: unknown pragma
C:\Program Files (x86)\Windows Kits\10\Include\10.0.22621.0\um\debugapi.h(126) : warning C4068: unknown pragma
C:\Program Files (x86)\Windows Kits\10\Include\10.0.22621.0\um\debugapi.h(128) : warning C4068: unknown pragma
C:\Program Files (x86)\Windows Kits\10\Include\10.0.22621.0\um\debugapi.h(140) : warning C4068: unknown pragma
C:\Program Files (x86)\Windows Kits\10\Include\10.0.22621.0\um\utilapiset.h(24) : warning C4068: unknown pragma
C:\Program Files (x86)\Windows Kits\10\Include\10.0.22621.0\um\utilapiset.h(60) : warning C4068: unknown pragma
C:\Program Files (x86)\Windows Kits\10\Include\10.0.22621.0\um\utilapiset.h(62) : warning C4068: unknown pragma
C:\Program Files (x86)\Windows Kits\10\Include\10.0.22621.0\um\utilapiset.h(84) : warning C4068: unknown pragma
C:\Program Files (x86)\Windows Kits\10\Include\10.0.22621.0\um\utilapiset.h(86) : warning C4068: unknown pragma
C:\Program Files (x86)\Windows Kits\10\Include\10.0.22621.0\um\utilapiset.h(98) : warning C4068: unknown pragma
C:\Program Files (x86)\Windows Kits\10\Include\10.0.22621.0\um\handleapi.h(29) : warning C4068: unknown pragma
C:\Program Files (x86)\Windows Kits\10\Include\10.0.22621.0\um\handleapi.h(57) : warning C4068: unknown pragma
C:\Program Files (x86)\Windows Kits\10\Include\10.0.22621.0\um\handleapi.h(59) : warning C4068: unknown pragma
C:\Program Files (x86)\Windows Kits\10\Include\10.0.22621.0\um\handleapi.h(71) : warning C4068: unknown pragma
C:\Program Files (x86)\Windows Kits\10\Include\10.0.22621.0\um\handleapi.h(73) : warning C4068: unknown pragma
C:\Program Files (x86)\Windows Kits\10\Include\10.0.22621.0\um\handleapi.h(94) : warning C4068: unknown pragma
C:\Program Files (x86)\Windows Kits\10\Include\10.0.22621.0\um\errhandlingapi.h(24) : warning C4068: unknown pragma
C:\Program Files (x86)\Windows Kits\10\Include\10.0.22621.0\um\errhandlingapi.h(52) : warning C4068: unknown pragma
C:\Program Files (x86)\Windows Kits\10\Include\10.0.22621.0\um\errhandlingapi.h(54) : warning C4068: unknown pragma
C:\Program Files (x86)\Windows Kits\10\Include\10.0.22621.0\um\errhandlingapi.h(66) : warning C4068: unknown pragma
C:\Program Files (x86)\Windows Kits\10\Include\10.0.22621.0\um\errhandlingapi.h(68) : warning C4068: unknown pragma
C:\Program Files (x86)\Windows Kits\10\Include\10.0.22621.0\um\errhandlingapi.h(99) : warning C4068: unknown pragma
C:\Program Files (x86)\Windows Kits\10\Include\10.0.22621.0\um\errhandlingapi.h(101) : warning C4068: unknown pragma
C:\Program Files (x86)\Windows Kits\10\Include\10.0.22621.0\um\errhandlingapi.h(123) : warning C4068: unknown pragma
C:\Program Files (x86)\Windows Kits\10\Include\10.0.22621.0\um\errhandlingapi.h(125) : warning C4068: unknown pragma
C:\Program Files (x86)\Windows Kits\10\Include\10.0.22621.0\um\errhandlingapi.h(185) : warning C4068: unknown pragma
C:\Program Files (x86)\Windows Kits\10\Include\10.0.22621.0\um\errhandlingapi.h(187) : warning C4068: unknown pragma
C:\Program Files (x86)\Windows Kits\10\Include\10.0.22621.0\um\errhandlingapi.h(200) : warning C4068: unknown pragma
C:\Program Files (x86)\Windows Kits\10\Include\10.0.22621.0\um\errhandlingapi.h(202) : warning C4068: unknown pragma
C:\Program Files (x86)\Windows Kits\10\Include\10.0.22621.0\um\errhandlingapi.h(227) : warning C4068: unknown pragma
C:\Program Files (x86)\Windows Kits\10\Include\10.0.22621.0\um\errhandlingapi.h(229) : warning C4068: unknown pragma
C:\Program Files (x86)\Windows Kits\10\Include\10.0.22621.0\um\errhandlingapi.h(248) : warning C4068: unknown pragma
C:\Program Files (x86)\Windows Kits\10\Include\10.0.22621.0\um\errhandlingapi.h(250) : warning C4068: unknown pragma
C:\Program Files (x86)\Windows Kits\10\Include\10.0.22621.0\um\errhandlingapi.h(261) : warning C4068: unknown pragma
C:\Program Files (x86)\Windows Kits\10\Include\10.0.22621.0\um\fibersapi.h(24) : warning C4068: unknown pragma
C:\Program Files (x86)\Windows Kits\10\Include\10.0.22621.0\um\fibersapi.h(65) : warning C4068: unknown pragma
C:\Program Files (x86)\Windows Kits\10\Include\10.0.22621.0\um\fibersapi.h(67) : warning C4068: unknown pragma
C:\Program Files (x86)\Windows Kits\10\Include\10.0.22621.0\um\fibersapi.h(82) : warning C4068: unknown pragma
C:\Program Files (x86)\Windows Kits\10\Include\10.0.22621.0\um\namedpipeapi.h(156) : warning C4068: unknown pragma
C:\Program Files (x86)\Windows Kits\10\Include\10.0.22621.0\um\namedpipeapi.h(187) : warning C4068: unknown pragma
C:\Program Files (x86)\Windows Kits\10\Include\10.0.22621.0\um\namedpipeapi.h(189) : warning C4068: unknown pragma
C:\Program Files (x86)\Windows Kits\10\Include\10.0.22621.0\um\namedpipeapi.h(210) : warning C4068: unknown pragma
C:\Program Files (x86)\Windows Kits\10\Include\10.0.22621.0\um\profileapi.h(24) : warning C4068: unknown pragma
C:\Program Files (x86)\Windows Kits\10\Include\10.0.22621.0\um\profileapi.h(46) : warning C4068: unknown pragma
C:\Program Files (x86)\Windows Kits\10\Include\10.0.22621.0\um\heapapi.h(36) : warning C4068: unknown pragma
C:\Program Files (x86)\Windows Kits\10\Include\10.0.22621.0\um\heapapi.h(144) : warning C4068: unknown pragma
C:\Program Files (x86)\Windows Kits\10\Include\10.0.22621.0\um\heapapi.h(146) : warning C4068: unknown pragma
C:\Program Files (x86)\Windows Kits\10\Include\10.0.22621.0\um\heapapi.h(159) : warning C4068: unknown pragma
C:\Program Files (x86)\Windows Kits\10\Include\10.0.22621.0\um\heapapi.h(161) : warning C4068: unknown pragma
C:\Program Files (x86)\Windows Kits\10\Include\10.0.22621.0\um\heapapi.h(173) : warning C4068: unknown pragma
C:\Program Files (x86)\Windows Kits\10\Include\10.0.22621.0\um\heapapi.h(175) : warning C4068: unknown pragma
C:\Program Files (x86)\Windows Kits\10\Include\10.0.22621.0\um\heapapi.h(201) : warning C4068: unknown pragma
C:\Program Files (x86)\Windows Kits\10\Include\10.0.22621.0\um\heapapi.h(203) : warning C4068: unknown pragma
C:\Program Files (x86)\Windows Kits\10\Include\10.0.22621.0\um\heapapi.h(226) : warning C4068: unknown pragma
C:\Program Files (x86)\Windows Kits\10\Include\10.0.22621.0\um\ioapiset.h(25) : warning C4068: unknown pragma
C:\Program Files (x86)\Windows Kits\10\Include\10.0.22621.0\um\ioapiset.h(77) : warning C4068: unknown pragma
C:\Program Files (x86)\Windows Kits\10\Include\10.0.22621.0\um\ioapiset.h(79) : warning C4068: unknown pragma
C:\Program Files (x86)\Windows Kits\10\Include\10.0.22621.0\um\ioapiset.h(97) : warning C4068: unknown pragma
C:\Program Files (x86)\Windows Kits\10\Include\10.0.22621.0\um\ioapiset.h(99) : warning C4068: unknown pragma
C:\Program Files (x86)\Windows Kits\10\Include\10.0.22621.0\um\ioapiset.h(125) : warning C4068: unknown pragma
C:\Program Files (x86)\Windows Kits\10\Include\10.0.22621.0\um\ioapiset.h(127) : warning C4068: unknown pragma
C:\Program Files (x86)\Windows Kits\10\Include\10.0.22621.0\um\ioapiset.h(149) : warning C4068: unknown pragma
C:\Program Files (x86)\Windows Kits\10\Include\10.0.22621.0\um\ioapiset.h(151) : warning C4068: unknown pragma
C:\Program Files (x86)\Windows Kits\10\Include\10.0.22621.0\um\ioapiset.h(166) : warning C4068: unknown pragma
C:\Program Files (x86)\Windows Kits\10\Include\10.0.22621.0\um\synchapi.h(25) : warning C4068: unknown pragma
C:\Program Files (x86)\Windows Kits\10\Include\10.0.22621.0\um\synchapi.h(710) : warning C4068: unknown pragma
C:\Program Files (x86)\Windows Kits\10\Include\10.0.22621.0\um\synchapi.h(712) : warning C4068: unknown pragma
C:\Program Files (x86)\Windows Kits\10\Include\10.0.22621.0\um\synchapi.h(730) : warning C4068: unknown pragma
C:\Program Files (x86)\Windows Kits\10\Include\10.0.22621.0\um\synchapi.h(732) : warning C4068: unknown pragma
C:\Program Files (x86)\Windows Kits\10\Include\10.0.22621.0\um\synchapi.h(774) : warning C4068: unknown pragma
C:\Program Files (x86)\Windows Kits\10\Include\10.0.22621.0\um\interlockedapi.h(24) : warning C4068: unknown pragma
C:\Program Files (x86)\Windows Kits\10\Include\10.0.22621.0\um\interlockedapi.h(37) : warning C4068: unknown pragma
C:\Program Files (x86)\Windows Kits\10\Include\10.0.22621.0\um\interlockedapi.h(39) : warning C4068: unknown pragma
C:\Program Files (x86)\Windows Kits\10\Include\10.0.22621.0\um\interlockedapi.h(107) : warning C4068: unknown pragma
C:\Program Files (x86)\Windows Kits\10\Include\10.0.22621.0\um\processthreadsapi.h(25) : warning C4068: unknown pragma
C:\Program Files (x86)\Windows Kits\10\Include\10.0.22621.0\um\processthreadsapi.h(84) : warning C4068: unknown pragma
C:\Program Files (x86)\Windows Kits\10\Include\10.0.22621.0\um\processthreadsapi.h(86) : warning C4068: unknown pragma
C:\Program Files (x86)\Windows Kits\10\Include\10.0.22621.0\um\processthreadsapi.h(203) : warning C4068: unknown pragma
C:\Program Files (x86)\Windows Kits\10\Include\10.0.22621.0\um\processthreadsapi.h(205) : warning C4068: unknown pragma
C:\Program Files (x86)\Windows Kits\10\Include\10.0.22621.0\um\processthreadsapi.h(223) : warning C4068: unknown pragma
C:\Program Files (x86)\Windows Kits\10\Include\10.0.22621.0\um\processthreadsapi.h(225) : warning C4068: unknown pragma
C:\Program Files (x86)\Windows Kits\10\Include\10.0.22621.0\um\processthreadsapi.h(291) : warning C4068: unknown pragma
C:\Program Files (x86)\Windows Kits\10\Include\10.0.22621.0\um\processthreadsapi.h(293) : warning C4068: unknown pragma
C:\Program Files (x86)\Windows Kits\10\Include\10.0.22621.0\um\processthreadsapi.h(304) : warning C4068: unknown pragma
C:\Program Files (x86)\Windows Kits\10\Include\10.0.22621.0\um\processthreadsapi.h(306) : warning C4068: unknown pragma
C:\Program Files (x86)\Windows Kits\10\Include\10.0.22621.0\um\processthreadsapi.h(404) : warning C4068: unknown pragma
C:\Program Files (x86)\Windows Kits\10\Include\10.0.22621.0\um\processthreadsapi.h(406) : warning C4068: unknown pragma
C:\Program Files (x86)\Windows Kits\10\Include\10.0.22621.0\um\processthreadsapi.h(425) : warning C4068: unknown pragma
C:\Program Files (x86)\Windows Kits\10\Include\10.0.22621.0\um\processthreadsapi.h(427) : warning C4068: unknown pragma
C:\Program Files (x86)\Windows Kits\10\Include\10.0.22621.0\um\processthreadsapi.h(441) : warning C4068: unknown pragma
C:\Program Files (x86)\Windows Kits\10\Include\10.0.22621.0\um\processthreadsapi.h(443) : warning C4068: unknown pragma
C:\Program Files (x86)\Windows Kits\10\Include\10.0.22621.0\um\processthreadsapi.h(468) : warning C4068: unknown pragma
C:\Program Files (x86)\Windows Kits\10\Include\10.0.22621.0\um\processthreadsapi.h(470) : warning C4068: unknown pragma
C:\Program Files (x86)\Windows Kits\10\Include\10.0.22621.0\um\processthreadsapi.h(527) : warning C4068: unknown pragma
C:\Program Files (x86)\Windows Kits\10\Include\10.0.22621.0\um\processthreadsapi.h(529) : warning C4068: unknown pragma
C:\Program Files (x86)\Windows Kits\10\Include\10.0.22621.0\um\processthreadsapi.h(542) : warning C4068: unknown pragma
C:\Program Files (x86)\Windows Kits\10\Include\10.0.22621.0\um\processthreadsapi.h(544) : warning C4068: unknown pragma
C:\Program Files (x86)\Windows Kits\10\Include\10.0.22621.0\um\processthreadsapi.h(573) : warning C4068: unknown pragma
C:\Program Files (x86)\Windows Kits\10\Include\10.0.22621.0\um\processthreadsapi.h(575) : warning C4068: unknown pragma
C:\Program Files (x86)\Windows Kits\10\Include\10.0.22621.0\um\processthreadsapi.h(586) : warning C4068: unknown pragma
C:\Program Files (x86)\Windows Kits\10\Include\10.0.22621.0\um\processthreadsapi.h(588) : warning C4068: unknown pragma
C:\Program Files (x86)\Windows Kits\10\Include\10.0.22621.0\um\processthreadsapi.h(600) : warning C4068: unknown pragma
C:\Program Files (x86)\Windows Kits\10\Include\10.0.22621.0\um\processthreadsapi.h(602) : warning C4068: unknown pragma
C:\Program Files (x86)\Windows Kits\10\Include\10.0.22621.0\um\processthreadsapi.h(608) : warning C4068: unknown pragma
C:\Program Files (x86)\Windows Kits\10\Include\10.0.22621.0\um\processthreadsapi.h(610) : warning C4068: unknown pragma
C:\Program Files (x86)\Windows Kits\10\Include\10.0.22621.0\um\processthreadsapi.h(647) : warning C4068: unknown pragma
C:\Program Files (x86)\Windows Kits\10\Include\10.0.22621.0\um\processthreadsapi.h(749) : warning C4068: unknown pragma
C:\Program Files (x86)\Windows Kits\10\Include\10.0.22621.0\um\processthreadsapi.h(768) : warning C4068: unknown pragma
C:\Program Files (x86)\Windows Kits\10\Include\10.0.22621.0\um\processthreadsapi.h(772) : warning C4068: unknown pragma
C:\Program Files (x86)\Windows Kits\10\Include\10.0.22621.0\um\processthreadsapi.h(796) : warning C4068: unknown pragma
C:\Program Files (x86)\Windows Kits\10\Include\10.0.22621.0\um\processthreadsapi.h(798) : warning C4068: unknown pragma
C:\Program Files (x86)\Windows Kits\10\Include\10.0.22621.0\um\processthreadsapi.h(816) : warning C4068: unknown pragma
C:\Program Files (x86)\Windows Kits\10\Include\10.0.22621.0\um\processthreadsapi.h(818) : warning C4068: unknown pragma
C:\Program Files (x86)\Windows Kits\10\Include\10.0.22621.0\um\processthreadsapi.h(830) : warning C4068: unknown pragma
C:\Program Files (x86)\Windows Kits\10\Include\10.0.22621.0\um\processthreadsapi.h(832) : warning C4068: unknown pragma
C:\Program Files (x86)\Windows Kits\10\Include\10.0.22621.0\um\processthreadsapi.h(849) : warning C4068: unknown pragma
C:\Program Files (x86)\Windows Kits\10\Include\10.0.22621.0\um\processthreadsapi.h(853) : warning C4068: unknown pragma
C:\Program Files (x86)\Windows Kits\10\Include\10.0.22621.0\um\processthreadsapi.h(866) : warning C4068: unknown pragma
C:\Program Files (x86)\Windows Kits\10\Include\10.0.22621.0\um\processthreadsapi.h(868) : warning C4068: unknown pragma
C:\Program Files (x86)\Windows Kits\10\Include\10.0.22621.0\um\processthreadsapi.h(899) : warning C4068: unknown pragma
C:\Program Files (x86)\Windows Kits\10\Include\10.0.22621.0\um\processthreadsapi.h(903) : warning C4068: unknown pragma
C:\Program Files (x86)\Windows Kits\10\Include\10.0.22621.0\um\processthreadsapi.h(915) : warning C4068: unknown pragma
C:\Program Files (x86)\Windows Kits\10\Include\10.0.22621.0\um\processthreadsapi.h(970) : warning C4068: unknown pragma
C:\Program Files (x86)\Windows Kits\10\Include\10.0.22621.0\um\processthreadsapi.h(994) : warning C4068: unknown pragma
C:\Program Files (x86)\Windows Kits\10\Include\10.0.22621.0\um\processthreadsapi.h(996) : warning C4068: unknown pragma
C:\Program Files (x86)\Windows Kits\10\Include\10.0.22621.0\um\processthreadsapi.h(1011) : warning C4068: unknown pragma
C:\Program Files (x86)\Windows Kits\10\Include\10.0.22621.0\um\processthreadsapi.h(1013) : warning C4068: unknown pragma
C:\Program Files (x86)\Windows Kits\10\Include\10.0.22621.0\um\processthreadsapi.h(1029) : warning C4068: unknown pragma
C:\Program Files (x86)\Windows Kits\10\Include\10.0.22621.0\um\processthreadsapi.h(1031) : warning C4068: unknown pragma
C:\Program Files (x86)\Windows Kits\10\Include\10.0.22621.0\um\processthreadsapi.h(1091) : warning C4068: unknown pragma
C:\Program Files (x86)\Windows Kits\10\Include\10.0.22621.0\um\processthreadsapi.h(1093) : warning C4068: unknown pragma
C:\Program Files (x86)\Windows Kits\10\Include\10.0.22621.0\um\processthreadsapi.h(1130) : warning C4068: unknown pragma
C:\Program Files (x86)\Windows Kits\10\Include\10.0.22621.0\um\processthreadsapi.h(1132) : warning C4068: unknown pragma
C:\Program Files (x86)\Windows Kits\10\Include\10.0.22621.0\um\processthreadsapi.h(1144) : warning C4068: unknown pragma
C:\Program Files (x86)\Windows Kits\10\Include\10.0.22621.0\um\processthreadsapi.h(1146) : warning C4068: unknown pragma
C:\Program Files (x86)\Windows Kits\10\Include\10.0.22621.0\um\processthreadsapi.h(1319) : warning C4068: unknown pragma
C:\Program Files (x86)\Windows Kits\10\Include\10.0.22621.0\um\processthreadsapi.h(1321) : warning C4068: unknown pragma
C:\Program Files (x86)\Windows Kits\10\Include\10.0.22621.0\um\processthreadsapi.h(1354) : warning C4068: unknown pragma
C:\Program Files (x86)\Windows Kits\10\Include\10.0.22621.0\um\processthreadsapi.h(1356) : warning C4068: unknown pragma
C:\Program Files (x86)\Windows Kits\10\Include\10.0.22621.0\um\processthreadsapi.h(1402) : warning C4068: unknown pragma
C:\Program Files (x86)\Windows Kits\10\Include\10.0.22621.0\um\processthreadsapi.h(1404) : warning C4068: unknown pragma
C:\Program Files (x86)\Windows Kits\10\Include\10.0.22621.0\um\processthreadsapi.h(1417) : warning C4068: unknown pragma
C:\Program Files (x86)\Windows Kits\10\Include\10.0.22621.0\um\sysinfoapi.h(44) : warning C4068: unknown pragma
C:\Program Files (x86)\Windows Kits\10\Include\10.0.22621.0\um\sysinfoapi.h(130) : warning C4068: unknown pragma
C:\Program Files (x86)\Windows Kits\10\Include\10.0.22621.0\um\sysinfoapi.h(132) : warning C4068: unknown pragma
C:\Program Files (x86)\Windows Kits\10\Include\10.0.22621.0\um\sysinfoapi.h(148) : warning C4068: unknown pragma
C:\Program Files (x86)\Windows Kits\10\Include\10.0.22621.0\um\sysinfoapi.h(150) : warning C4068: unknown pragma
C:\Program Files (x86)\Windows Kits\10\Include\10.0.22621.0\um\sysinfoapi.h(171) : warning C4068: unknown pragma
C:\Program Files (x86)\Windows Kits\10\Include\10.0.22621.0\um\sysinfoapi.h(173) : warning C4068: unknown pragma
C:\Program Files (x86)\Windows Kits\10\Include\10.0.22621.0\um\sysinfoapi.h(196) : warning C4068: unknown pragma
C:\Program Files (x86)\Windows Kits\10\Include\10.0.22621.0\um\sysinfoapi.h(198) : warning C4068: unknown pragma
C:\Program Files (x86)\Windows Kits\10\Include\10.0.22621.0\um\sysinfoapi.h(212) : warning C4068: unknown pragma
C:\Program Files (x86)\Windows Kits\10\Include\10.0.22621.0\um\sysinfoapi.h(214) : warning C4068: unknown pragma
C:\Program Files (x86)\Windows Kits\10\Include\10.0.22621.0\um\sysinfoapi.h(228) : warning C4068: unknown pragma
C:\Program Files (x86)\Windows Kits\10\Include\10.0.22621.0\um\sysinfoapi.h(230) : warning C4068: unknown pragma
C:\Program Files (x86)\Windows Kits\10\Include\10.0.22621.0\um\sysinfoapi.h(257) : warning C4068: unknown pragma
C:\Program Files (x86)\Windows Kits\10\Include\10.0.22621.0\um\sysinfoapi.h(259) : warning C4068: unknown pragma
C:\Program Files (x86)\Windows Kits\10\Include\10.0.22621.0\um\sysinfoapi.h(288) : warning C4068: unknown pragma
C:\Program Files (x86)\Windows Kits\10\Include\10.0.22621.0\um\sysinfoapi.h(290) : warning C4068: unknown pragma
C:\Program Files (x86)\Windows Kits\10\Include\10.0.22621.0\um\sysinfoapi.h(317) : warning C4068: unknown pragma
C:\Program Files (x86)\Windows Kits\10\Include\10.0.22621.0\um\sysinfoapi.h(319) : warning C4068: unknown pragma
C:\Program Files (x86)\Windows Kits\10\Include\10.0.22621.0\um\sysinfoapi.h(360) : warning C4068: unknown pragma
C:\Program Files (x86)\Windows Kits\10\Include\10.0.22621.0\um\sysinfoapi.h(362) : warning C4068: unknown pragma
C:\Program Files (x86)\Windows Kits\10\Include\10.0.22621.0\um\sysinfoapi.h(385) : warning C4068: unknown pragma
C:\Program Files (x86)\Windows Kits\10\Include\10.0.22621.0\um\sysinfoapi.h(387) : warning C4068: unknown pragma
C:\Program Files (x86)\Windows Kits\10\Include\10.0.22621.0\um\sysinfoapi.h(458) : warning C4068: unknown pragma
C:\Program Files (x86)\Windows Kits\10\Include\10.0.22621.0\um\sysinfoapi.h(460) : warning C4068: unknown pragma
C:\Program Files (x86)\Windows Kits\10\Include\10.0.22621.0\um\sysinfoapi.h(479) : warning C4068: unknown pragma
C:\Program Files (x86)\Windows Kits\10\Include\10.0.22621.0\um\sysinfoapi.h(481) : warning C4068: unknown pragma
C:\Program Files (x86)\Windows Kits\10\Include\10.0.22621.0\um\sysinfoapi.h(509) : warning C4068: unknown pragma
C:\Program Files (x86)\Windows Kits\10\Include\10.0.22621.0\um\sysinfoapi.h(511) : warning C4068: unknown pragma
C:\Program Files (x86)\Windows Kits\10\Include\10.0.22621.0\um\sysinfoapi.h(534) : warning C4068: unknown pragma
C:\Program Files (x86)\Windows Kits\10\Include\10.0.22621.0\um\sysinfoapi.h(536) : warning C4068: unknown pragma
C:\Program Files (x86)\Windows Kits\10\Include\10.0.22621.0\um\sysinfoapi.h(598) : warning C4068: unknown pragma
C:\Program Files (x86)\Windows Kits\10\Include\10.0.22621.0\um\sysinfoapi.h(613) : warning C4068: unknown pragma
C:\Program Files (x86)\Windows Kits\10\Include\10.0.22621.0\um\sysinfoapi.h(627) : warning C4068: unknown pragma
C:\Program Files (x86)\Windows Kits\10\Include\10.0.22621.0\um\sysinfoapi.h(629) : warning C4068: unknown pragma
C:\Program Files (x86)\Windows Kits\10\Include\10.0.22621.0\um\sysinfoapi.h(644) : warning C4068: unknown pragma
C:\Program Files (x86)\Windows Kits\10\Include\10.0.22621.0\um\sysinfoapi.h(646) : warning C4068: unknown pragma
C:\Program Files (x86)\Windows Kits\10\Include\10.0.22621.0\um\sysinfoapi.h(681) : warning C4068: unknown pragma
C:\Program Files (x86)\Windows Kits\10\Include\10.0.22621.0\um\sysinfoapi.h(683) : warning C4068: unknown pragma
C:\Program Files (x86)\Windows Kits\10\Include\10.0.22621.0\um\sysinfoapi.h(705) : warning C4068: unknown pragma
C:\Program Files (x86)\Windows Kits\10\Include\10.0.22621.0\um\memoryapi.h(30) : warning C4068: unknown pragma
C:\Program Files (x86)\Windows Kits\10\Include\10.0.22621.0\um\memoryapi.h(46) : warning C4068: unknown pragma
C:\Program Files (x86)\Windows Kits\10\Include\10.0.22621.0\um\memoryapi.h(48) : warning C4068: unknown pragma
C:\Program Files (x86)\Windows Kits\10\Include\10.0.22621.0\um\memoryapi.h(75) : warning C4068: unknown pragma
C:\Program Files (x86)\Windows Kits\10\Include\10.0.22621.0\um\memoryapi.h(77) : warning C4068: unknown pragma
C:\Program Files (x86)\Windows Kits\10\Include\10.0.22621.0\um\memoryapi.h(133) : warning C4068: unknown pragma
C:\Program Files (x86)\Windows Kits\10\Include\10.0.22621.0\um\memoryapi.h(135) : warning C4068: unknown pragma
C:\Program Files (x86)\Windows Kits\10\Include\10.0.22621.0\um\memoryapi.h(229) : warning C4068: unknown pragma
C:\Program Files (x86)\Windows Kits\10\Include\10.0.22621.0\um\memoryapi.h(231) : warning C4068: unknown pragma
C:\Program Files (x86)\Windows Kits\10\Include\10.0.22621.0\um\memoryapi.h(257) : warning C4068: unknown pragma
C:\Program Files (x86)\Windows Kits\10\Include\10.0.22621.0\um\memoryapi.h(259) : warning C4068: unknown pragma
C:\Program Files (x86)\Windows Kits\10\Include\10.0.22621.0\um\memoryapi.h(271) : warning C4068: unknown pragma
C:\Program Files (x86)\Windows Kits\10\Include\10.0.22621.0\um\memoryapi.h(273) : warning C4068: unknown pragma
C:\Program Files (x86)\Windows Kits\10\Include\10.0.22621.0\um\memoryapi.h(284) : warning C4068: unknown pragma
C:\Program Files (x86)\Windows Kits\10\Include\10.0.22621.0\um\memoryapi.h(286) : warning C4068: unknown pragma
C:\Program Files (x86)\Windows Kits\10\Include\10.0.22621.0\um\memoryapi.h(336) : warning C4068: unknown pragma
C:\Program Files (x86)\Windows Kits\10\Include\10.0.22621.0\um\memoryapi.h(338) : warning C4068: unknown pragma
C:\Program Files (x86)\Windows Kits\10\Include\10.0.22621.0\um\memoryapi.h(358) : warning C4068: unknown pragma
C:\Program Files (x86)\Windows Kits\10\Include\10.0.22621.0\um\memoryapi.h(360) : warning C4068: unknown pragma
C:\Program Files (x86)\Windows Kits\10\Include\10.0.22621.0\um\memoryapi.h(385) : warning C4068: unknown pragma
C:\Program Files (x86)\Windows Kits\10\Include\10.0.22621.0\um\memoryapi.h(387) : warning C4068: unknown pragma
C:\Program Files (x86)\Windows Kits\10\Include\10.0.22621.0\um\memoryapi.h(417) : warning C4068: unknown pragma
C:\Program Files (x86)\Windows Kits\10\Include\10.0.22621.0\um\memoryapi.h(419) : warning C4068: unknown pragma
C:\Program Files (x86)\Windows Kits\10\Include\10.0.22621.0\um\memoryapi.h(452) : warning C4068: unknown pragma
C:\Program Files (x86)\Windows Kits\10\Include\10.0.22621.0\um\memoryapi.h(454) : warning C4068: unknown pragma
C:\Program Files (x86)\Windows Kits\10\Include\10.0.22621.0\um\memoryapi.h(499) : warning C4068: unknown pragma
C:\Program Files (x86)\Windows Kits\10\Include\10.0.22621.0\um\memoryapi.h(501) : warning C4068: unknown pragma
C:\Program Files (x86)\Windows Kits\10\Include\10.0.22621.0\um\memoryapi.h(540) : warning C4068: unknown pragma
C:\Program Files (x86)\Windows Kits\10\Include\10.0.22621.0\um\memoryapi.h(542) : warning C4068: unknown pragma
C:\Program Files (x86)\Windows Kits\10\Include\10.0.22621.0\um\memoryapi.h(648) : warning C4068: unknown pragma
C:\Program Files (x86)\Windows Kits\10\Include\10.0.22621.0\um\memoryapi.h(650) : warning C4068: unknown pragma
C:\Program Files (x86)\Windows Kits\10\Include\10.0.22621.0\um\memoryapi.h(758) : warning C4068: unknown pragma
C:\Program Files (x86)\Windows Kits\10\Include\10.0.22621.0\um\memoryapi.h(760) : warning C4068: unknown pragma
C:\Program Files (x86)\Windows Kits\10\Include\10.0.22621.0\um\memoryapi.h(855) : warning C4068: unknown pragma
C:\Program Files (x86)\Windows Kits\10\Include\10.0.22621.0\um\memoryapi.h(857) : warning C4068: unknown pragma
C:\Program Files (x86)\Windows Kits\10\Include\10.0.22621.0\um\memoryapi.h(960) : warning C4068: unknown pragma
C:\Program Files (x86)\Windows Kits\10\Include\10.0.22621.0\um\memoryapi.h(962) : warning C4068: unknown pragma
C:\Program Files (x86)\Windows Kits\10\Include\10.0.22621.0\um\memoryapi.h(984) : warning C4068: unknown pragma
C:\Program Files (x86)\Windows Kits\10\Include\10.0.22621.0\um\enclaveapi.h(25) : warning C4068: unknown pragma
C:\Program Files (x86)\Windows Kits\10\Include\10.0.22621.0\um\enclaveapi.h(81) : warning C4068: unknown pragma
C:\Program Files (x86)\Windows Kits\10\Include\10.0.22621.0\um\enclaveapi.h(83) : warning C4068: unknown pragma
C:\Program Files (x86)\Windows Kits\10\Include\10.0.22621.0\um\enclaveapi.h(138) : warning C4068: unknown pragma
C:\Program Files (x86)\Windows Kits\10\Include\10.0.22621.0\um\threadpoollegacyapiset.h(29) : warning C4068: unknown pragma
C:\Program Files (x86)\Windows Kits\10\Include\10.0.22621.0\um\threadpoollegacyapiset.h(51) : warning C4068: unknown pragma
C:\Program Files (x86)\Windows Kits\10\Include\10.0.22621.0\um\threadpoollegacyapiset.h(53) : warning C4068: unknown pragma
C:\Program Files (x86)\Windows Kits\10\Include\10.0.22621.0\um\threadpoollegacyapiset.h(116) : warning C4068: unknown pragma
C:\Program Files (x86)\Windows Kits\10\Include\10.0.22621.0\um\threadpoolapiset.h(29) : warning C4068: unknown pragma
C:\Program Files (x86)\Windows Kits\10\Include\10.0.22621.0\um\threadpoolapiset.h(330) : warning C4068: unknown pragma
C:\Program Files (x86)\Windows Kits\10\Include\10.0.22621.0\um\threadpoolapiset.h(332) : warning C4068: unknown pragma
C:\Program Files (x86)\Windows Kits\10\Include\10.0.22621.0\um\threadpoolapiset.h(358) : warning C4068: unknown pragma
C:\Program Files (x86)\Windows Kits\10\Include\10.0.22621.0\um\threadpoolapiset.h(360) : warning C4068: unknown pragma
C:\Program Files (x86)\Windows Kits\10\Include\10.0.22621.0\um\threadpoolapiset.h(368) : warning C4068: unknown pragma
C:\Program Files (x86)\Windows Kits\10\Include\10.0.22621.0\um\jobapi.h(25) : warning C4068: unknown pragma
C:\Program Files (x86)\Windows Kits\10\Include\10.0.22621.0\um\jobapi.h(42) : warning C4068: unknown pragma
C:\Program Files (x86)\Windows Kits\10\Include\10.0.22621.0\um\jobapi2.h(22) : warning C4068: unknown pragma
C:\Program Files (x86)\Windows Kits\10\Include\10.0.22621.0\um\jobapi2.h(115) : warning C4068: unknown pragma
C:\Program Files (x86)\Windows Kits\10\Include\10.0.22621.0\um\wow64apiset.h(25) : warning C4068: unknown pragma
C:\Program Files (x86)\Windows Kits\10\Include\10.0.22621.0\um\wow64apiset.h(57) : warning C4068: unknown pragma
C:\Program Files (x86)\Windows Kits\10\Include\10.0.22621.0\um\wow64apiset.h(59) : warning C4068: unknown pragma
C:\Program Files (x86)\Windows Kits\10\Include\10.0.22621.0\um\wow64apiset.h(75) : warning C4068: unknown pragma
C:\Program Files (x86)\Windows Kits\10\Include\10.0.22621.0\um\wow64apiset.h(77) : warning C4068: unknown pragma
C:\Program Files (x86)\Windows Kits\10\Include\10.0.22621.0\um\wow64apiset.h(124) : warning C4068: unknown pragma
C:\Program Files (x86)\Windows Kits\10\Include\10.0.22621.0\um\wow64apiset.h(126) : warning C4068: unknown pragma
C:\Program Files (x86)\Windows Kits\10\Include\10.0.22621.0\um\wow64apiset.h(143) : warning C4068: unknown pragma
C:\Program Files (x86)\Windows Kits\10\Include\10.0.22621.0\um\wow64apiset.h(145) : warning C4068: unknown pragma
C:\Program Files (x86)\Windows Kits\10\Include\10.0.22621.0\um\wow64apiset.h(220) : warning C4068: unknown pragma
C:\Program Files (x86)\Windows Kits\10\Include\10.0.22621.0\um\libloaderapi.h(25) : warning C4068: unknown pragma
C:\Program Files (x86)\Windows Kits\10\Include\10.0.22621.0\um\libloaderapi.h(125) : warning C4068: unknown pragma
C:\Program Files (x86)\Windows Kits\10\Include\10.0.22621.0\um\libloaderapi.h(127) : warning C4068: unknown pragma
C:\Program Files (x86)\Windows Kits\10\Include\10.0.22621.0\um\libloaderapi.h(185) : warning C4068: unknown pragma
C:\Program Files (x86)\Windows Kits\10\Include\10.0.22621.0\um\libloaderapi.h(187) : warning C4068: unknown pragma
C:\Program Files (x86)\Windows Kits\10\Include\10.0.22621.0\um\libloaderapi.h(198) : warning C4068: unknown pragma
C:\Program Files (x86)\Windows Kits\10\Include\10.0.22621.0\um\libloaderapi.h(200) : warning C4068: unknown pragma
C:\Program Files (x86)\Windows Kits\10\Include\10.0.22621.0\um\libloaderapi.h(444) : warning C4068: unknown pragma
C:\Program Files (x86)\Windows Kits\10\Include\10.0.22621.0\um\libloaderapi.h(446) : warning C4068: unknown pragma
C:\Program Files (x86)\Windows Kits\10\Include\10.0.22621.0\um\libloaderapi.h(473) : warning C4068: unknown pragma
C:\Program Files (x86)\Windows Kits\10\Include\10.0.22621.0\um\libloaderapi.h(475) : warning C4068: unknown pragma
C:\Program Files (x86)\Windows Kits\10\Include\10.0.22621.0\um\libloaderapi.h(570) : warning C4068: unknown pragma
C:\Program Files (x86)\Windows Kits\10\Include\10.0.22621.0\um\libloaderapi.h(572) : warning C4068: unknown pragma
C:\Program Files (x86)\Windows Kits\10\Include\10.0.22621.0\um\libloaderapi.h(611) : warning C4068: unknown pragma
C:\Program Files (x86)\Windows Kits\10\Include\10.0.22621.0\um\libloaderapi.h(613) : warning C4068: unknown pragma
C:\Program Files (x86)\Windows Kits\10\Include\10.0.22621.0\um\libloaderapi.h(643) : warning C4068: unknown pragma
C:\Program Files (x86)\Windows Kits\10\Include\10.0.22621.0\um\securitybaseapi.h(30) : warning C4068: unknown pragma
C:\Program Files (x86)\Windows Kits\10\Include\10.0.22621.0\um\securitybaseapi.h(182) : warning C4068: unknown pragma
C:\Program Files (x86)\Windows Kits\10\Include\10.0.22621.0\um\securitybaseapi.h(184) : warning C4068: unknown pragma
C:\Program Files (x86)\Windows Kits\10\Include\10.0.22621.0\um\securitybaseapi.h(209) : warning C4068: unknown pragma
C:\Program Files (x86)\Windows Kits\10\Include\10.0.22621.0\um\securitybaseapi.h(211) : warning C4068: unknown pragma
C:\Program Files (x86)\Windows Kits\10\Include\10.0.22621.0\um\securitybaseapi.h(262) : warning C4068: unknown pragma
C:\Program Files (x86)\Windows Kits\10\Include\10.0.22621.0\um\securitybaseapi.h(264) : warning C4068: unknown pragma
C:\Program Files (x86)\Windows Kits\10\Include\10.0.22621.0\um\securitybaseapi.h(279) : warning C4068: unknown pragma
C:\Program Files (x86)\Windows Kits\10\Include\10.0.22621.0\um\securitybaseapi.h(281) : warning C4068: unknown pragma
C:\Program Files (x86)\Windows Kits\10\Include\10.0.22621.0\um\securitybaseapi.h(325) : warning C4068: unknown pragma
C:\Program Files (x86)\Windows Kits\10\Include\10.0.22621.0\um\securitybaseapi.h(327) : warning C4068: unknown pragma
C:\Program Files (x86)\Windows Kits\10\Include\10.0.22621.0\um\securitybaseapi.h(346) : warning C4068: unknown pragma
C:\Program Files (x86)\Windows Kits\10\Include\10.0.22621.0\um\securitybaseapi.h(382) : warning C4068: unknown pragma
C:\Program Files (x86)\Windows Kits\10\Include\10.0.22621.0\um\securitybaseapi.h(398) : warning C4068: unknown pragma
C:\Program Files (x86)\Windows Kits\10\Include\10.0.22621.0\um\securitybaseapi.h(400) : warning C4068: unknown pragma
C:\Program Files (x86)\Windows Kits\10\Include\10.0.22621.0\um\securitybaseapi.h(416) : warning C4068: unknown pragma
C:\Program Files (x86)\Windows Kits\10\Include\10.0.22621.0\um\securitybaseapi.h(418) : warning C4068: unknown pragma
C:\Program Files (x86)\Windows Kits\10\Include\10.0.22621.0\um\securitybaseapi.h(446) : warning C4068: unknown pragma
C:\Program Files (x86)\Windows Kits\10\Include\10.0.22621.0\um\securitybaseapi.h(448) : warning C4068: unknown pragma
C:\Program Files (x86)\Windows Kits\10\Include\10.0.22621.0\um\securitybaseapi.h(468) : warning C4068: unknown pragma
C:\Program Files (x86)\Windows Kits\10\Include\10.0.22621.0\um\securitybaseapi.h(470) : warning C4068: unknown pragma
C:\Program Files (x86)\Windows Kits\10\Include\10.0.22621.0\um\securitybaseapi.h(483) : warning C4068: unknown pragma
C:\Program Files (x86)\Windows Kits\10\Include\10.0.22621.0\um\securitybaseapi.h(530) : warning C4068: unknown pragma
C:\Program Files (x86)\Windows Kits\10\Include\10.0.22621.0\um\securitybaseapi.h(546) : warning C4068: unknown pragma
C:\Program Files (x86)\Windows Kits\10\Include\10.0.22621.0\um\securitybaseapi.h(548) : warning C4068: unknown pragma
C:\Program Files (x86)\Windows Kits\10\Include\10.0.22621.0\um\securitybaseapi.h(561) : warning C4068: unknown pragma
C:\Program Files (x86)\Windows Kits\10\Include\10.0.22621.0\um\securitybaseapi.h(563) : warning C4068: unknown pragma
C:\Program Files (x86)\Windows Kits\10\Include\10.0.22621.0\um\securitybaseapi.h(623) : warning C4068: unknown pragma
C:\Program Files (x86)\Windows Kits\10\Include\10.0.22621.0\um\securitybaseapi.h(625) : warning C4068: unknown pragma
C:\Program Files (x86)\Windows Kits\10\Include\10.0.22621.0\um\securitybaseapi.h(662) : warning C4068: unknown pragma
C:\Program Files (x86)\Windows Kits\10\Include\10.0.22621.0\um\securitybaseapi.h(664) : warning C4068: unknown pragma
C:\Program Files (x86)\Windows Kits\10\Include\10.0.22621.0\um\securitybaseapi.h(675) : warning C4068: unknown pragma
C:\Program Files (x86)\Windows Kits\10\Include\10.0.22621.0\um\securitybaseapi.h(677) : warning C4068: unknown pragma
C:\Program Files (x86)\Windows Kits\10\Include\10.0.22621.0\um\securitybaseapi.h(702) : warning C4068: unknown pragma
C:\Program Files (x86)\Windows Kits\10\Include\10.0.22621.0\um\securitybaseapi.h(704) : warning C4068: unknown pragma
C:\Program Files (x86)\Windows Kits\10\Include\10.0.22621.0\um\securitybaseapi.h(732) : warning C4068: unknown pragma
C:\Program Files (x86)\Windows Kits\10\Include\10.0.22621.0\um\securitybaseapi.h(734) : warning C4068: unknown pragma
C:\Program Files (x86)\Windows Kits\10\Include\10.0.22621.0\um\securitybaseapi.h(764) : warning C4068: unknown pragma
C:\Program Files (x86)\Windows Kits\10\Include\10.0.22621.0\um\securitybaseapi.h(766) : warning C4068: unknown pragma
C:\Program Files (x86)\Windows Kits\10\Include\10.0.22621.0\um\securitybaseapi.h(785) : warning C4068: unknown pragma
C:\Program Files (x86)\Windows Kits\10\Include\10.0.22621.0\um\securitybaseapi.h(787) : warning C4068: unknown pragma
C:\Program Files (x86)\Windows Kits\10\Include\10.0.22621.0\um\securitybaseapi.h(811) : warning C4068: unknown pragma
C:\Program Files (x86)\Windows Kits\10\Include\10.0.22621.0\um\securitybaseapi.h(813) : warning C4068: unknown pragma
C:\Program Files (x86)\Windows Kits\10\Include\10.0.22621.0\um\securitybaseapi.h(829) : warning C4068: unknown pragma
C:\Program Files (x86)\Windows Kits\10\Include\10.0.22621.0\um\securitybaseapi.h(831) : warning C4068: unknown pragma
C:\Program Files (x86)\Windows Kits\10\Include\10.0.22621.0\um\securitybaseapi.h(951) : warning C4068: unknown pragma
C:\Program Files (x86)\Windows Kits\10\Include\10.0.22621.0\um\securitybaseapi.h(953) : warning C4068: unknown pragma
C:\Program Files (x86)\Windows Kits\10\Include\10.0.22621.0\um\securitybaseapi.h(980) : warning C4068: unknown pragma
C:\Program Files (x86)\Windows Kits\10\Include\10.0.22621.0\um\securitybaseapi.h(982) : warning C4068: unknown pragma
C:\Program Files (x86)\Windows Kits\10\Include\10.0.22621.0\um\securitybaseapi.h(1012) : warning C4068: unknown pragma
C:\Program Files (x86)\Windows Kits\10\Include\10.0.22621.0\um\securitybaseapi.h(1014) : warning C4068: unknown pragma
C:\Program Files (x86)\Windows Kits\10\Include\10.0.22621.0\um\securitybaseapi.h(1025) : warning C4068: unknown pragma
C:\Program Files (x86)\Windows Kits\10\Include\10.0.22621.0\um\securitybaseapi.h(1027) : warning C4068: unknown pragma
C:\Program Files (x86)\Windows Kits\10\Include\10.0.22621.0\um\securitybaseapi.h(1092) : warning C4068: unknown pragma
C:\Program Files (x86)\Windows Kits\10\Include\10.0.22621.0\um\securitybaseapi.h(1094) : warning C4068: unknown pragma
C:\Program Files (x86)\Windows Kits\10\Include\10.0.22621.0\um\securitybaseapi.h(1235) : warning C4068: unknown pragma
C:\Program Files (x86)\Windows Kits\10\Include\10.0.22621.0\um\securitybaseapi.h(1237) : warning C4068: unknown pragma
C:\Program Files (x86)\Windows Kits\10\Include\10.0.22621.0\um\securitybaseapi.h(1250) : warning C4068: unknown pragma
C:\Program Files (x86)\Windows Kits\10\Include\10.0.22621.0\um\securitybaseapi.h(1252) : warning C4068: unknown pragma
C:\Program Files (x86)\Windows Kits\10\Include\10.0.22621.0\um\securitybaseapi.h(1291) : warning C4068: unknown pragma
C:\Program Files (x86)\Windows Kits\10\Include\10.0.22621.0\um\securitybaseapi.h(1293) : warning C4068: unknown pragma
C:\Program Files (x86)\Windows Kits\10\Include\10.0.22621.0\um\securitybaseapi.h(1362) : warning C4068: unknown pragma
C:\Program Files (x86)\Windows Kits\10\Include\10.0.22621.0\um\namespaceapi.h(25) : warning C4068: unknown pragma
C:\Program Files (x86)\Windows Kits\10\Include\10.0.22621.0\um\namespaceapi.h(79) : warning C4068: unknown pragma
C:\Program Files (x86)\Windows Kits\10\Include\10.0.22621.0\um\systemtopologyapi.h(25) : warning C4068: unknown pragma
C:\Program Files (x86)\Windows Kits\10\Include\10.0.22621.0\um\systemtopologyapi.h(36) : warning C4068: unknown pragma
C:\Program Files (x86)\Windows Kits\10\Include\10.0.22621.0\um\systemtopologyapi.h(38) : warning C4068: unknown pragma
C:\Program Files (x86)\Windows Kits\10\Include\10.0.22621.0\um\systemtopologyapi.h(81) : warning C4068: unknown pragma
C:\Program Files (x86)\Windows Kits\10\Include\10.0.22621.0\um\processtopologyapi.h(25) : warning C4068: unknown pragma
C:\Program Files (x86)\Windows Kits\10\Include\10.0.22621.0\um\processtopologyapi.h(42) : warning C4068: unknown pragma
C:\Program Files (x86)\Windows Kits\10\Include\10.0.22621.0\um\processtopologyapi.h(44) : warning C4068: unknown pragma
C:\Program Files (x86)\Windows Kits\10\Include\10.0.22621.0\um\processtopologyapi.h(69) : warning C4068: unknown pragma
C:\Program Files (x86)\Windows Kits\10\Include\10.0.22621.0\um\securityappcontainer.h(22) : warning C4068: unknown pragma
C:\Program Files (x86)\Windows Kits\10\Include\10.0.22621.0\um\securityappcontainer.h(52) : warning C4068: unknown pragma
C:\Program Files (x86)\Windows Kits\10\Include\10.0.22621.0\um\realtimeapiset.h(24) : warning C4068: unknown pragma
C:\Program Files (x86)\Windows Kits\10\Include\10.0.22621.0\um\realtimeapiset.h(69) : warning C4068: unknown pragma
C:\Program Files (x86)\Windows Kits\10\Include\10.0.22621.0\um\realtimeapiset.h(71) : warning C4068: unknown pragma
C:\Program Files (x86)\Windows Kits\10\Include\10.0.22621.0\um\realtimeapiset.h(132) : warning C4068: unknown pragma
C:\Program Files (x86)\Windows Kits\10\Include\10.0.22621.0\um\WinBase.h(76) : warning C4068: unknown pragma
C:\Program Files (x86)\Windows Kits\10\Include\10.0.22621.0\um\WinBase.h(90) : warning C4068: unknown pragma
C:\Program Files (x86)\Windows Kits\10\Include\10.0.22621.0\um\WinBase.h(92) : warning C4068: unknown pragma
C:\Program Files (x86)\Windows Kits\10\Include\10.0.22621.0\um\WinBase.h(98) : warning C4068: unknown pragma
C:\Program Files (x86)\Windows Kits\10\Include\10.0.22621.0\um\WinBase.h(100) : warning C4068: unknown pragma
C:\Program Files (x86)\Windows Kits\10\Include\10.0.22621.0\um\WinBase.h(368) : warning C4068: unknown pragma
C:\Program Files (x86)\Windows Kits\10\Include\10.0.22621.0\um\WinBase.h(370) : warning C4068: unknown pragma
C:\Program Files (x86)\Windows Kits\10\Include\10.0.22621.0\um\WinBase.h(587) : warning C4068: unknown pragma
C:\Program Files (x86)\Windows Kits\10\Include\10.0.22621.0\um\WinBase.h(589) : warning C4068: unknown pragma
C:\Program Files (x86)\Windows Kits\10\Include\10.0.22621.0\um\WinBase.h(624) : warning C4068: unknown pragma
C:\Program Files (x86)\Windows Kits\10\Include\10.0.22621.0\um\WinBase.h(626) : warning C4068: unknown pragma
C:\Program Files (x86)\Windows Kits\10\Include\10.0.22621.0\um\WinBase.h(641) : warning C4068: unknown pragma
C:\Program Files (x86)\Windows Kits\10\Include\10.0.22621.0\um\WinBase.h(643) : warning C4068: unknown pragma
C:\Program Files (x86)\Windows Kits\10\Include\10.0.22621.0\um\WinBase.h(727) : warning C4068: unknown pragma
C:\Program Files (x86)\Windows Kits\10\Include\10.0.22621.0\um\WinBase.h(729) : warning C4068: unknown pragma
C:\Program Files (x86)\Windows Kits\10\Include\10.0.22621.0\um\WinBase.h(751) : warning C4068: unknown pragma
C:\Program Files (x86)\Windows Kits\10\Include\10.0.22621.0\um\WinBase.h(753) : warning C4068: unknown pragma
C:\Program Files (x86)\Windows Kits\10\Include\10.0.22621.0\um\WinBase.h(770) : warning C4068: unknown pragma
C:\Program Files (x86)\Windows Kits\10\Include\10.0.22621.0\um\WinBase.h(772) : warning C4068: unknown pragma
C:\Program Files (x86)\Windows Kits\10\Include\10.0.22621.0\um\WinBase.h(782) : warning C4068: unknown pragma
C:\Program Files (x86)\Windows Kits\10\Include\10.0.22621.0\um\WinBase.h(784) : warning C4068: unknown pragma
C:\Program Files (x86)\Windows Kits\10\Include\10.0.22621.0\um\WinBase.h(799) : warning C4068: unknown pragma
C:\Program Files (x86)\Windows Kits\10\Include\10.0.22621.0\um\WinBase.h(801) : warning C4068: unknown pragma
C:\Program Files (x86)\Windows Kits\10\Include\10.0.22621.0\um\WinBase.h(817) : warning C4068: unknown pragma
C:\Program Files (x86)\Windows Kits\10\Include\10.0.22621.0\um\WinBase.h(819) : warning C4068: unknown pragma
C:\Program Files (x86)\Windows Kits\10\Include\10.0.22621.0\um\WinBase.h(825) : warning C4068: unknown pragma
C:\Program Files (x86)\Windows Kits\10\Include\10.0.22621.0\um\WinBase.h(827) : warning C4068: unknown pragma
C:\Program Files (x86)\Windows Kits\10\Include\10.0.22621.0\um\WinBase.h(972) : warning C4068: unknown pragma
C:\Program Files (x86)\Windows Kits\10\Include\10.0.22621.0\um\WinBase.h(974) : warning C4068: unknown pragma
C:\Program Files (x86)\Windows Kits\10\Include\10.0.22621.0\um\WinBase.h(1022) : warning C4068: unknown pragma
C:\Program Files (x86)\Windows Kits\10\Include\10.0.22621.0\um\WinBase.h(1024) : warning C4068: unknown pragma
C:\Program Files (x86)\Windows Kits\10\Include\10.0.22621.0\um\WinBase.h(1058) : warning C4068: unknown pragma
C:\Program Files (x86)\Windows Kits\10\Include\10.0.22621.0\um\WinBase.h(1060) : warning C4068: unknown pragma
C:\Program Files (x86)\Windows Kits\10\Include\10.0.22621.0\um\WinBase.h(1075) : warning C4068: unknown pragma
C:\Program Files (x86)\Windows Kits\10\Include\10.0.22621.0\um\WinBase.h(1077) : warning C4068: unknown pragma
C:\Program Files (x86)\Windows Kits\10\Include\10.0.22621.0\um\WinBase.h(1092) : warning C4068: unknown pragma
C:\Program Files (x86)\Windows Kits\10\Include\10.0.22621.0\um\WinBase.h(1094) : warning C4068: unknown pragma
C:\Program Files (x86)\Windows Kits\10\Include\10.0.22621.0\um\WinBase.h(1120) : warning C4068: unknown pragma
C:\Program Files (x86)\Windows Kits\10\Include\10.0.22621.0\um\WinBase.h(1122) : warning C4068: unknown pragma
C:\Program Files (x86)\Windows Kits\10\Include\10.0.22621.0\um\WinBase.h(1141) : warning C4068: unknown pragma
C:\Program Files (x86)\Windows Kits\10\Include\10.0.22621.0\um\WinBase.h(1143) : warning C4068: unknown pragma
C:\Program Files (x86)\Windows Kits\10\Include\10.0.22621.0\um\WinBase.h(1156) : warning C4068: unknown pragma
C:\Program Files (x86)\Windows Kits\10\Include\10.0.22621.0\um\WinBase.h(1158) : warning C4068: unknown pragma
C:\Program Files (x86)\Windows Kits\10\Include\10.0.22621.0\um\WinBase.h(1205) : warning C4068: unknown pragma
C:\Program Files (x86)\Windows Kits\10\Include\10.0.22621.0\um\WinBase.h(1207) : warning C4068: unknown pragma
C:\Program Files (x86)\Windows Kits\10\Include\10.0.22621.0\um\WinBase.h(1233) : warning C4068: unknown pragma
C:\Program Files (x86)\Windows Kits\10\Include\10.0.22621.0\um\WinBase.h(1235) : warning C4068: unknown pragma
C:\Program Files (x86)\Windows Kits\10\Include\10.0.22621.0\um\WinBase.h(1247) : warning C4068: unknown pragma
C:\Program Files (x86)\Windows Kits\10\Include\10.0.22621.0\um\WinBase.h(1249) : warning C4068: unknown pragma
C:\Program Files (x86)\Windows Kits\10\Include\10.0.22621.0\um\WinBase.h(1261) : warning C4068: unknown pragma
C:\Program Files (x86)\Windows Kits\10\Include\10.0.22621.0\um\WinBase.h(1263) : warning C4068: unknown pragma
C:\Program Files (x86)\Windows Kits\10\Include\10.0.22621.0\um\WinBase.h(1274) : warning C4068: unknown pragma
C:\Program Files (x86)\Windows Kits\10\Include\10.0.22621.0\um\WinBase.h(1276) : warning C4068: unknown pragma
C:\Program Files (x86)\Windows Kits\10\Include\10.0.22621.0\um\WinBase.h(1287) : warning C4068: unknown pragma
C:\Program Files (x86)\Windows Kits\10\Include\10.0.22621.0\um\WinBase.h(1289) : warning C4068: unknown pragma
C:\Program Files (x86)\Windows Kits\10\Include\10.0.22621.0\um\WinBase.h(1300) : warning C4068: unknown pragma
C:\Program Files (x86)\Windows Kits\10\Include\10.0.22621.0\um\WinBase.h(1302) : warning C4068: unknown pragma
C:\Program Files (x86)\Windows Kits\10\Include\10.0.22621.0\um\WinBase.h(1315) : warning C4068: unknown pragma
C:\Program Files (x86)\Windows Kits\10\Include\10.0.22621.0\um\WinBase.h(1317) : warning C4068: unknown pragma
C:\Program Files (x86)\Windows Kits\10\Include\10.0.22621.0\um\WinBase.h(1415) : warning C4068: unknown pragma
C:\Program Files (x86)\Windows Kits\10\Include\10.0.22621.0\um\WinBase.h(1417) : warning C4068: unknown pragma
C:\Program Files (x86)\Windows Kits\10\Include\10.0.22621.0\um\WinBase.h(1438) : warning C4068: unknown pragma
C:\Program Files (x86)\Windows Kits\10\Include\10.0.22621.0\um\WinBase.h(1440) : warning C4068: unknown pragma
C:\Program Files (x86)\Windows Kits\10\Include\10.0.22621.0\um\WinBase.h(1460) : warning C4068: unknown pragma
C:\Program Files (x86)\Windows Kits\10\Include\10.0.22621.0\um\WinBase.h(1462) : warning C4068: unknown pragma
C:\Program Files (x86)\Windows Kits\10\Include\10.0.22621.0\um\WinBase.h(1476) : warning C4068: unknown pragma
C:\Program Files (x86)\Windows Kits\10\Include\10.0.22621.0\um\WinBase.h(1484) : warning C4068: unknown pragma
C:\Program Files (x86)\Windows Kits\10\Include\10.0.22621.0\um\WinBase.h(1536) : warning C4068: unknown pragma
C:\Program Files (x86)\Windows Kits\10\Include\10.0.22621.0\um\WinBase.h(1538) : warning C4068: unknown pragma
C:\Program Files (x86)\Windows Kits\10\Include\10.0.22621.0\um\WinBase.h(1560) : warning C4068: unknown pragma
C:\Program Files (x86)\Windows Kits\10\Include\10.0.22621.0\um\WinBase.h(1570) : warning C4068: unknown pragma
C:\Program Files (x86)\Windows Kits\10\Include\10.0.22621.0\um\WinBase.h(1736) : warning C4068: unknown pragma
C:\Program Files (x86)\Windows Kits\10\Include\10.0.22621.0\um\WinBase.h(1744) : warning C4068: unknown pragma
C:\Program Files (x86)\Windows Kits\10\Include\10.0.22621.0\um\WinBase.h(1756) : warning C4068: unknown pragma
C:\Program Files (x86)\Windows Kits\10\Include\10.0.22621.0\um\WinBase.h(1758) : warning C4068: unknown pragma
C:\Program Files (x86)\Windows Kits\10\Include\10.0.22621.0\um\WinBase.h(1848) : warning C4068: unknown pragma
C:\Program Files (x86)\Windows Kits\10\Include\10.0.22621.0\um\WinBase.h(1850) : warning C4068: unknown pragma
C:\Program Files (x86)\Windows Kits\10\Include\10.0.22621.0\um\WinBase.h(1858) : warning C4068: unknown pragma
C:\Program Files (x86)\Windows Kits\10\Include\10.0.22621.0\um\WinBase.h(1860) : warning C4068: unknown pragma
C:\Program Files (x86)\Windows Kits\10\Include\10.0.22621.0\um\WinBase.h(1885) : warning C4068: unknown pragma
C:\Program Files (x86)\Windows Kits\10\Include\10.0.22621.0\um\WinBase.h(1887) : warning C4068: unknown pragma
C:\Program Files (x86)\Windows Kits\10\Include\10.0.22621.0\um\WinBase.h(1919) : warning C4068: unknown pragma
C:\Program Files (x86)\Windows Kits\10\Include\10.0.22621.0\um\WinBase.h(1921) : warning C4068: unknown pragma
C:\Program Files (x86)\Windows Kits\10\Include\10.0.22621.0\um\WinBase.h(1961) : warning C4068: unknown pragma
C:\Program Files (x86)\Windows Kits\10\Include\10.0.22621.0\um\WinBase.h(1963) : warning C4068: unknown pragma
C:\Program Files (x86)\Windows Kits\10\Include\10.0.22621.0\um\WinBase.h(1971) : warning C4068: unknown pragma
C:\Program Files (x86)\Windows Kits\10\Include\10.0.22621.0\um\WinBase.h(1973) : warning C4068: unknown pragma
C:\Program Files (x86)\Windows Kits\10\Include\10.0.22621.0\um\WinBase.h(2063) : warning C4068: unknown pragma
C:\Program Files (x86)\Windows Kits\10\Include\10.0.22621.0\um\WinBase.h(2065) : warning C4068: unknown pragma
C:\Program Files (x86)\Windows Kits\10\Include\10.0.22621.0\um\WinBase.h(2072) : warning C4068: unknown pragma
C:\Program Files (x86)\Windows Kits\10\Include\10.0.22621.0\um\WinBase.h(2074) : warning C4068: unknown pragma
C:\Program Files (x86)\Windows Kits\10\Include\10.0.22621.0\um\WinBase.h(2099) : warning C4068: unknown pragma
C:\Program Files (x86)\Windows Kits\10\Include\10.0.22621.0\um\WinBase.h(2101) : warning C4068: unknown pragma
C:\Program Files (x86)\Windows Kits\10\Include\10.0.22621.0\um\WinBase.h(2280) : warning C4068: unknown pragma
C:\Program Files (x86)\Windows Kits\10\Include\10.0.22621.0\um\WinBase.h(2282) : warning C4068: unknown pragma
C:\Program Files (x86)\Windows Kits\10\Include\10.0.22621.0\um\WinBase.h(2379) : warning C4068: unknown pragma
C:\Program Files (x86)\Windows Kits\10\Include\10.0.22621.0\um\WinBase.h(2381) : warning C4068: unknown pragma
C:\Program Files (x86)\Windows Kits\10\Include\10.0.22621.0\um\WinBase.h(2394) : warning C4068: unknown pragma
C:\Program Files (x86)\Windows Kits\10\Include\10.0.22621.0\um\WinBase.h(2396) : warning C4068: unknown pragma
C:\Program Files (x86)\Windows Kits\10\Include\10.0.22621.0\um\WinBase.h(2453) : warning C4068: unknown pragma
C:\Program Files (x86)\Windows Kits\10\Include\10.0.22621.0\um\WinBase.h(2455) : warning C4068: unknown pragma
C:\Program Files (x86)\Windows Kits\10\Include\10.0.22621.0\um\WinBase.h(2536) : warning C4068: unknown pragma
C:\Program Files (x86)\Windows Kits\10\Include\10.0.22621.0\um\WinBase.h(2538) : warning C4068: unknown pragma
C:\Program Files (x86)\Windows Kits\10\Include\10.0.22621.0\um\WinBase.h(2744) : warning C4068: unknown pragma
C:\Program Files (x86)\Windows Kits\10\Include\10.0.22621.0\um\WinBase.h(2750) : warning C4068: unknown pragma
C:\Program Files (x86)\Windows Kits\10\Include\10.0.22621.0\um\WinBase.h(2794) : warning C4068: unknown pragma
C:\Program Files (x86)\Windows Kits\10\Include\10.0.22621.0\um\WinBase.h(2796) : warning C4068: unknown pragma
C:\Program Files (x86)\Windows Kits\10\Include\10.0.22621.0\um\WinBase.h(2879) : warning C4068: unknown pragma
C:\Program Files (x86)\Windows Kits\10\Include\10.0.22621.0\um\WinBase.h(2881) : warning C4068: unknown pragma
C:\Program Files (x86)\Windows Kits\10\Include\10.0.22621.0\um\WinBase.h(2903) : warning C4068: unknown pragma
C:\Program Files (x86)\Windows Kits\10\Include\10.0.22621.0\um\WinBase.h(2905) : warning C4068: unknown pragma
C:\Program Files (x86)\Windows Kits\10\Include\10.0.22621.0\um\WinBase.h(2995) : warning C4068: unknown pragma
C:\Program Files (x86)\Windows Kits\10\Include\10.0.22621.0\um\WinBase.h(2997) : warning C4068: unknown pragma
C:\Program Files (x86)\Windows Kits\10\Include\10.0.22621.0\um\WinBase.h(3013) : warning C4068: unknown pragma
C:\Program Files (x86)\Windows Kits\10\Include\10.0.22621.0\um\WinBase.h(3015) : warning C4068: unknown pragma
C:\Program Files (x86)\Windows Kits\10\Include\10.0.22621.0\um\WinBase.h(3096) : warning C4068: unknown pragma
C:\Program Files (x86)\Windows Kits\10\Include\10.0.22621.0\um\WinBase.h(3098) : warning C4068: unknown pragma
C:\Program Files (x86)\Windows Kits\10\Include\10.0.22621.0\um\WinBase.h(3133) : warning C4068: unknown pragma
C:\Program Files (x86)\Windows Kits\10\Include\10.0.22621.0\um\WinBase.h(3135) : warning C4068: unknown pragma
C:\Program Files (x86)\Windows Kits\10\Include\10.0.22621.0\um\WinBase.h(3159) : warning C4068: unknown pragma
C:\Program Files (x86)\Windows Kits\10\Include\10.0.22621.0\um\WinBase.h(3161) : warning C4068: unknown pragma
C:\Program Files (x86)\Windows Kits\10\Include\10.0.22621.0\um\WinBase.h(3167) : warning C4068: unknown pragma
C:\Program Files (x86)\Windows Kits\10\Include\10.0.22621.0\um\WinBase.h(3169) : warning C4068: unknown pragma
C:\Program Files (x86)\Windows Kits\10\Include\10.0.22621.0\um\WinBase.h(3200) : warning C4068: unknown pragma
C:\Program Files (x86)\Windows Kits\10\Include\10.0.22621.0\um\WinBase.h(3202) : warning C4068: unknown pragma
C:\Program Files (x86)\Windows Kits\10\Include\10.0.22621.0\um\WinBase.h(3219) : warning C4068: unknown pragma
C:\Program Files (x86)\Windows Kits\10\Include\10.0.22621.0\um\WinBase.h(3223) : warning C4068: unknown pragma
C:\Program Files (x86)\Windows Kits\10\Include\10.0.22621.0\um\WinBase.h(3290) : warning C4068: unknown pragma
C:\Program Files (x86)\Windows Kits\10\Include\10.0.22621.0\um\WinBase.h(3292) : warning C4068: unknown pragma
C:\Program Files (x86)\Windows Kits\10\Include\10.0.22621.0\um\WinBase.h(3312) : warning C4068: unknown pragma
C:\Program Files (x86)\Windows Kits\10\Include\10.0.22621.0\um\WinBase.h(3314) : warning C4068: unknown pragma
C:\Program Files (x86)\Windows Kits\10\Include\10.0.22621.0\um\WinBase.h(3338) : warning C4068: unknown pragma
C:\Program Files (x86)\Windows Kits\10\Include\10.0.22621.0\um\WinBase.h(3342) : warning C4068: unknown pragma
C:\Program Files (x86)\Windows Kits\10\Include\10.0.22621.0\um\WinBase.h(3358) : warning C4068: unknown pragma
C:\Program Files (x86)\Windows Kits\10\Include\10.0.22621.0\um\WinBase.h(3360) : warning C4068: unknown pragma
C:\Program Files (x86)\Windows Kits\10\Include\10.0.22621.0\um\WinBase.h(3376) : warning C4068: unknown pragma
C:\Program Files (x86)\Windows Kits\10\Include\10.0.22621.0\um\WinBase.h(3378) : warning C4068: unknown pragma
C:\Program Files (x86)\Windows Kits\10\Include\10.0.22621.0\um\WinBase.h(3383) : warning C4068: unknown pragma
C:\Program Files (x86)\Windows Kits\10\Include\10.0.22621.0\um\WinBase.h(3385) : warning C4068: unknown pragma
C:\Program Files (x86)\Windows Kits\10\Include\10.0.22621.0\um\WinBase.h(3402) : warning C4068: unknown pragma
C:\Program Files (x86)\Windows Kits\10\Include\10.0.22621.0\um\WinBase.h(3436) : warning C4068: unknown pragma
C:\Program Files (x86)\Windows Kits\10\Include\10.0.22621.0\um\WinBase.h(3470) : warning C4068: unknown pragma
C:\Program Files (x86)\Windows Kits\10\Include\10.0.22621.0\um\WinBase.h(3472) : warning C4068: unknown pragma
C:\Program Files (x86)\Windows Kits\10\Include\10.0.22621.0\um\WinBase.h(4037) : warning C4068: unknown pragma
C:\Program Files (x86)\Windows Kits\10\Include\10.0.22621.0\um\WinBase.h(4039) : warning C4068: unknown pragma
C:\Program Files (x86)\Windows Kits\10\Include\10.0.22621.0\um\WinBase.h(4044) : warning C4068: unknown pragma
C:\Program Files (x86)\Windows Kits\10\Include\10.0.22621.0\um\WinBase.h(4046) : warning C4068: unknown pragma
C:\Program Files (x86)\Windows Kits\10\Include\10.0.22621.0\um\WinBase.h(4060) : warning C4068: unknown pragma
C:\Program Files (x86)\Windows Kits\10\Include\10.0.22621.0\um\WinBase.h(4062) : warning C4068: unknown pragma
C:\Program Files (x86)\Windows Kits\10\Include\10.0.22621.0\um\WinBase.h(4120) : warning C4068: unknown pragma
C:\Program Files (x86)\Windows Kits\10\Include\10.0.22621.0\um\WinBase.h(4122) : warning C4068: unknown pragma
C:\Program Files (x86)\Windows Kits\10\Include\10.0.22621.0\um\WinBase.h(4234) : warning C4068: unknown pragma
C:\Program Files (x86)\Windows Kits\10\Include\10.0.22621.0\um\WinBase.h(4236) : warning C4068: unknown pragma
C:\Program Files (x86)\Windows Kits\10\Include\10.0.22621.0\um\WinBase.h(4540) : warning C4068: unknown pragma
C:\Program Files (x86)\Windows Kits\10\Include\10.0.22621.0\um\WinBase.h(4542) : warning C4068: unknown pragma
C:\Program Files (x86)\Windows Kits\10\Include\10.0.22621.0\um\WinBase.h(4594) : warning C4068: unknown pragma
C:\Program Files (x86)\Windows Kits\10\Include\10.0.22621.0\um\WinBase.h(4596) : warning C4068: unknown pragma
C:\Program Files (x86)\Windows Kits\10\Include\10.0.22621.0\um\WinBase.h(4622) : warning C4068: unknown pragma
C:\Program Files (x86)\Windows Kits\10\Include\10.0.22621.0\um\WinBase.h(4624) : warning C4068: unknown pragma
C:\Program Files (x86)\Windows Kits\10\Include\10.0.22621.0\um\WinBase.h(4650) : warning C4068: unknown pragma
C:\Program Files (x86)\Windows Kits\10\Include\10.0.22621.0\um\WinBase.h(4652) : warning C4068: unknown pragma
C:\Program Files (x86)\Windows Kits\10\Include\10.0.22621.0\um\WinBase.h(4676) : warning C4068: unknown pragma
C:\Program Files (x86)\Windows Kits\10\Include\10.0.22621.0\um\WinBase.h(4678) : warning C4068: unknown pragma
C:\Program Files (x86)\Windows Kits\10\Include\10.0.22621.0\um\WinBase.h(4880) : warning C4068: unknown pragma
C:\Program Files (x86)\Windows Kits\10\Include\10.0.22621.0\um\WinBase.h(4882) : warning C4068: unknown pragma
C:\Program Files (x86)\Windows Kits\10\Include\10.0.22621.0\um\WinBase.h(5104) : warning C4068: unknown pragma
C:\Program Files (x86)\Windows Kits\10\Include\10.0.22621.0\um\WinBase.h(5106) : warning C4068: unknown pragma
C:\Program Files (x86)\Windows Kits\10\Include\10.0.22621.0\um\WinBase.h(5156) : warning C4068: unknown pragma
C:\Program Files (x86)\Windows Kits\10\Include\10.0.22621.0\um\WinBase.h(5158) : warning C4068: unknown pragma
C:\Program Files (x86)\Windows Kits\10\Include\10.0.22621.0\um\WinBase.h(5174) : warning C4068: unknown pragma
C:\Program Files (x86)\Windows Kits\10\Include\10.0.22621.0\um\WinBase.h(5176) : warning C4068: unknown pragma
C:\Program Files (x86)\Windows Kits\10\Include\10.0.22621.0\um\WinBase.h(5200) : warning C4068: unknown pragma
C:\Program Files (x86)\Windows Kits\10\Include\10.0.22621.0\um\WinBase.h(5202) : warning C4068: unknown pragma
C:\Program Files (x86)\Windows Kits\10\Include\10.0.22621.0\um\WinBase.h(5228) : warning C4068: unknown pragma
C:\Program Files (x86)\Windows Kits\10\Include\10.0.22621.0\um\WinBase.h(5230) : warning C4068: unknown pragma
C:\Program Files (x86)\Windows Kits\10\Include\10.0.22621.0\um\WinBase.h(5310) : warning C4068: unknown pragma
C:\Program Files (x86)\Windows Kits\10\Include\10.0.22621.0\um\WinBase.h(5312) : warning C4068: unknown pragma
C:\Program Files (x86)\Windows Kits\10\Include\10.0.22621.0\um\WinBase.h(5346) : warning C4068: unknown pragma
C:\Program Files (x86)\Windows Kits\10\Include\10.0.22621.0\um\WinBase.h(5348) : warning C4068: unknown pragma
C:\Program Files (x86)\Windows Kits\10\Include\10.0.22621.0\um\WinBase.h(5394) : warning C4068: unknown pragma
C:\Program Files (x86)\Windows Kits\10\Include\10.0.22621.0\um\WinBase.h(5396) : warning C4068: unknown pragma
C:\Program Files (x86)\Windows Kits\10\Include\10.0.22621.0\um\WinBase.h(5414) : warning C4068: unknown pragma
C:\Program Files (x86)\Windows Kits\10\Include\10.0.22621.0\um\WinBase.h(5417) : warning C4068: unknown pragma
C:\Program Files (x86)\Windows Kits\10\Include\10.0.22621.0\um\WinBase.h(5513) : warning C4068: unknown pragma
C:\Program Files (x86)\Windows Kits\10\Include\10.0.22621.0\um\WinBase.h(5515) : warning C4068: unknown pragma
C:\Program Files (x86)\Windows Kits\10\Include\10.0.22621.0\um\WinBase.h(5537) : warning C4068: unknown pragma
C:\Program Files (x86)\Windows Kits\10\Include\10.0.22621.0\um\WinBase.h(5539) : warning C4068: unknown pragma
C:\Program Files (x86)\Windows Kits\10\Include\10.0.22621.0\um\WinBase.h(5573) : warning C4068: unknown pragma
C:\Program Files (x86)\Windows Kits\10\Include\10.0.22621.0\um\WinBase.h(5577) : warning C4068: unknown pragma
C:\Program Files (x86)\Windows Kits\10\Include\10.0.22621.0\um\WinBase.h(5615) : warning C4068: unknown pragma
C:\Program Files (x86)\Windows Kits\10\Include\10.0.22621.0\um\WinBase.h(5619) : warning C4068: unknown pragma
C:\Program Files (x86)\Windows Kits\10\Include\10.0.22621.0\um\WinBase.h(5668) : warning C4068: unknown pragma
C:\Program Files (x86)\Windows Kits\10\Include\10.0.22621.0\um\WinBase.h(5672) : warning C4068: unknown pragma
C:\Program Files (x86)\Windows Kits\10\Include\10.0.22621.0\um\WinBase.h(5720) : warning C4068: unknown pragma
C:\Program Files (x86)\Windows Kits\10\Include\10.0.22621.0\um\WinBase.h(5722) : warning C4068: unknown pragma
C:\Program Files (x86)\Windows Kits\10\Include\10.0.22621.0\um\WinBase.h(5760) : warning C4068: unknown pragma
C:\Program Files (x86)\Windows Kits\10\Include\10.0.22621.0\um\WinBase.h(5762) : warning C4068: unknown pragma
C:\Program Files (x86)\Windows Kits\10\Include\10.0.22621.0\um\WinBase.h(5960) : warning C4068: unknown pragma
C:\Program Files (x86)\Windows Kits\10\Include\10.0.22621.0\um\WinBase.h(5964) : warning C4068: unknown pragma
C:\Program Files (x86)\Windows Kits\10\Include\10.0.22621.0\um\WinBase.h(6008) : warning C4068: unknown pragma
C:\Program Files (x86)\Windows Kits\10\Include\10.0.22621.0\um\WinBase.h(6010) : warning C4068: unknown pragma
C:\Program Files (x86)\Windows Kits\10\Include\10.0.22621.0\um\WinBase.h(6036) : warning C4068: unknown pragma
C:\Program Files (x86)\Windows Kits\10\Include\10.0.22621.0\um\WinBase.h(6038) : warning C4068: unknown pragma
C:\Program Files (x86)\Windows Kits\10\Include\10.0.22621.0\um\WinBase.h(6070) : warning C4068: unknown pragma
C:\Program Files (x86)\Windows Kits\10\Include\10.0.22621.0\um\WinBase.h(6072) : warning C4068: unknown pragma
C:\Program Files (x86)\Windows Kits\10\Include\10.0.22621.0\um\WinBase.h(6106) : warning C4068: unknown pragma
C:\Program Files (x86)\Windows Kits\10\Include\10.0.22621.0\um\WinBase.h(6108) : warning C4068: unknown pragma
C:\Program Files (x86)\Windows Kits\10\Include\10.0.22621.0\um\WinBase.h(6121) : warning C4068: unknown pragma
C:\Program Files (x86)\Windows Kits\10\Include\10.0.22621.0\um\WinBase.h(6123) : warning C4068: unknown pragma
C:\Program Files (x86)\Windows Kits\10\Include\10.0.22621.0\um\WinBase.h(6128) : warning C4068: unknown pragma
C:\Program Files (x86)\Windows Kits\10\Include\10.0.22621.0\um\WinBase.h(6130) : warning C4068: unknown pragma
C:\Program Files (x86)\Windows Kits\10\Include\10.0.22621.0\um\WinBase.h(6194) : warning C4068: unknown pragma
C:\Program Files (x86)\Windows Kits\10\Include\10.0.22621.0\um\WinBase.h(6196) : warning C4068: unknown pragma
C:\Program Files (x86)\Windows Kits\10\Include\10.0.22621.0\um\WinBase.h(6257) : warning C4068: unknown pragma
C:\Program Files (x86)\Windows Kits\10\Include\10.0.22621.0\um\WinBase.h(6259) : warning C4068: unknown pragma
C:\Program Files (x86)\Windows Kits\10\Include\10.0.22621.0\um\WinBase.h(6280) : warning C4068: unknown pragma
C:\Program Files (x86)\Windows Kits\10\Include\10.0.22621.0\um\WinBase.h(6282) : warning C4068: unknown pragma
C:\Program Files (x86)\Windows Kits\10\Include\10.0.22621.0\um\WinBase.h(6319) : warning C4068: unknown pragma
C:\Program Files (x86)\Windows Kits\10\Include\10.0.22621.0\um\WinBase.h(6321) : warning C4068: unknown pragma
C:\Program Files (x86)\Windows Kits\10\Include\10.0.22621.0\um\WinBase.h(6336) : warning C4068: unknown pragma
C:\Program Files (x86)\Windows Kits\10\Include\10.0.22621.0\um\WinBase.h(6406) : warning C4068: unknown pragma
C:\Program Files (x86)\Windows Kits\10\Include\10.0.22621.0\um\WinBase.h(6430) : warning C4068: unknown pragma
C:\Program Files (x86)\Windows Kits\10\Include\10.0.22621.0\um\WinBase.h(6432) : warning C4068: unknown pragma
C:\Program Files (x86)\Windows Kits\10\Include\10.0.22621.0\um\WinBase.h(6516) : warning C4068: unknown pragma
C:\Program Files (x86)\Windows Kits\10\Include\10.0.22621.0\um\WinBase.h(6518) : warning C4068: unknown pragma
C:\Program Files (x86)\Windows Kits\10\Include\10.0.22621.0\um\WinBase.h(6529) : warning C4068: unknown pragma
C:\Program Files (x86)\Windows Kits\10\Include\10.0.22621.0\um\WinBase.h(6531) : warning C4068: unknown pragma
C:\Program Files (x86)\Windows Kits\10\Include\10.0.22621.0\um\WinBase.h(6579) : warning C4068: unknown pragma
C:\Program Files (x86)\Windows Kits\10\Include\10.0.22621.0\um\WinBase.h(6581) : warning C4068: unknown pragma
C:\Program Files (x86)\Windows Kits\10\Include\10.0.22621.0\um\WinBase.h(6605) : warning C4068: unknown pragma
C:\Program Files (x86)\Windows Kits\10\Include\10.0.22621.0\um\WinBase.h(6607) : warning C4068: unknown pragma
C:\Program Files (x86)\Windows Kits\10\Include\10.0.22621.0\um\WinBase.h(6660) : warning C4068: unknown pragma
C:\Program Files (x86)\Windows Kits\10\Include\10.0.22621.0\um\WinBase.h(6662) : warning C4068: unknown pragma
C:\Program Files (x86)\Windows Kits\10\Include\10.0.22621.0\um\WinBase.h(6700) : warning C4068: unknown pragma
C:\Program Files (x86)\Windows Kits\10\Include\10.0.22621.0\um\WinBase.h(6702) : warning C4068: unknown pragma
C:\Program Files (x86)\Windows Kits\10\Include\10.0.22621.0\um\WinBase.h(6969) : warning C4068: unknown pragma
C:\Program Files (x86)\Windows Kits\10\Include\10.0.22621.0\um\WinBase.h(6971) : warning C4068: unknown pragma
C:\Program Files (x86)\Windows Kits\10\Include\10.0.22621.0\um\WinBase.h(7001) : warning C4068: unknown pragma
C:\Program Files (x86)\Windows Kits\10\Include\10.0.22621.0\um\WinBase.h(7003) : warning C4068: unknown pragma
C:\Program Files (x86)\Windows Kits\10\Include\10.0.22621.0\um\WinBase.h(7040) : warning C4068: unknown pragma
C:\Program Files (x86)\Windows Kits\10\Include\10.0.22621.0\um\WinBase.h(7042) : warning C4068: unknown pragma
C:\Program Files (x86)\Windows Kits\10\Include\10.0.22621.0\um\WinBase.h(7123) : warning C4068: unknown pragma
C:\Program Files (x86)\Windows Kits\10\Include\10.0.22621.0\um\WinBase.h(7125) : warning C4068: unknown pragma
C:\Program Files (x86)\Windows Kits\10\Include\10.0.22621.0\um\WinBase.h(7189) : warning C4068: unknown pragma
C:\Program Files (x86)\Windows Kits\10\Include\10.0.22621.0\um\WinBase.h(7191) : warning C4068: unknown pragma
C:\Program Files (x86)\Windows Kits\10\Include\10.0.22621.0\um\WinBase.h(7277) : warning C4068: unknown pragma
C:\Program Files (x86)\Windows Kits\10\Include\10.0.22621.0\um\WinBase.h(7279) : warning C4068: unknown pragma
C:\Program Files (x86)\Windows Kits\10\Include\10.0.22621.0\um\WinBase.h(7355) : warning C4068: unknown pragma
C:\Program Files (x86)\Windows Kits\10\Include\10.0.22621.0\um\WinBase.h(7357) : warning C4068: unknown pragma
C:\Program Files (x86)\Windows Kits\10\Include\10.0.22621.0\um\WinBase.h(7469) : warning C4068: unknown pragma
C:\Program Files (x86)\Windows Kits\10\Include\10.0.22621.0\um\WinBase.h(7471) : warning C4068: unknown pragma
C:\Program Files (x86)\Windows Kits\10\Include\10.0.22621.0\um\WinBase.h(7503) : warning C4068: unknown pragma
C:\Program Files (x86)\Windows Kits\10\Include\10.0.22621.0\um\WinBase.h(7505) : warning C4068: unknown pragma
C:\Program Files (x86)\Windows Kits\10\Include\10.0.22621.0\um\WinBase.h(7650) : warning C4068: unknown pragma
C:\Program Files (x86)\Windows Kits\10\Include\10.0.22621.0\um\WinBase.h(7657) : warning C4068: unknown pragma
C:\Program Files (x86)\Windows Kits\10\Include\10.0.22621.0\um\WinBase.h(7712) : warning C4068: unknown pragma
C:\Program Files (x86)\Windows Kits\10\Include\10.0.22621.0\um\WinBase.h(7961) : warning C4068: unknown pragma
C:\Program Files (x86)\Windows Kits\10\Include\10.0.22621.0\um\WinBase.h(8017) : warning C4068: unknown pragma
C:\Program Files (x86)\Windows Kits\10\Include\10.0.22621.0\um\WinBase.h(8019) : warning C4068: unknown pragma
C:\Program Files (x86)\Windows Kits\10\Include\10.0.22621.0\um\WinBase.h(8045) : warning C4068: unknown pragma
C:\Program Files (x86)\Windows Kits\10\Include\10.0.22621.0\um\timezoneapi.h(28) : warning C4068: unknown pragma
C:\Program Files (x86)\Windows Kits\10\Include\10.0.22621.0\um\timezoneapi.h(216) : warning C4068: unknown pragma
C:\Program Files (x86)\Windows Kits\10\Include\10.0.22621.0\um\WinBase.h(8054) : warning C4068: unknown pragma
C:\Program Files (x86)\Windows Kits\10\Include\10.0.22621.0\um\WinBase.h(8080) : warning C4068: unknown pragma
C:\Program Files (x86)\Windows Kits\10\Include\10.0.22621.0\um\WinBase.h(8082) : warning C4068: unknown pragma
C:\Program Files (x86)\Windows Kits\10\Include\10.0.22621.0\um\WinBase.h(8127) : warning C4068: unknown pragma
C:\Program Files (x86)\Windows Kits\10\Include\10.0.22621.0\um\WinBase.h(8134) : warning C4068: unknown pragma
C:\Program Files (x86)\Windows Kits\10\Include\10.0.22621.0\um\WinBase.h(8147) : warning C4068: unknown pragma
C:\Program Files (x86)\Windows Kits\10\Include\10.0.22621.0\um\WinBase.h(8149) : warning C4068: unknown pragma
C:\Program Files (x86)\Windows Kits\10\Include\10.0.22621.0\um\WinBase.h(8184) : warning C4068: unknown pragma
C:\Program Files (x86)\Windows Kits\10\Include\10.0.22621.0\um\WinBase.h(8186) : warning C4068: unknown pragma
C:\Program Files (x86)\Windows Kits\10\Include\10.0.22621.0\um\WinBase.h(8198) : warning C4068: unknown pragma
C:\Program Files (x86)\Windows Kits\10\Include\10.0.22621.0\um\WinBase.h(8200) : warning C4068: unknown pragma
C:\Program Files (x86)\Windows Kits\10\Include\10.0.22621.0\um\WinBase.h(8227) : warning C4068: unknown pragma
C:\Program Files (x86)\Windows Kits\10\Include\10.0.22621.0\um\WinBase.h(8229) : warning C4068: unknown pragma
C:\Program Files (x86)\Windows Kits\10\Include\10.0.22621.0\um\WinBase.h(8304) : warning C4068: unknown pragma
C:\Program Files (x86)\Windows Kits\10\Include\10.0.22621.0\um\WinBase.h(8306) : warning C4068: unknown pragma
C:\Program Files (x86)\Windows Kits\10\Include\10.0.22621.0\um\WinBase.h(8320) : warning C4068: unknown pragma
C:\Program Files (x86)\Windows Kits\10\Include\10.0.22621.0\um\WinBase.h(8322) : warning C4068: unknown pragma
C:\Program Files (x86)\Windows Kits\10\Include\10.0.22621.0\um\WinBase.h(8339) : warning C4068: unknown pragma
C:\Program Files (x86)\Windows Kits\10\Include\10.0.22621.0\um\WinBase.h(8341) : warning C4068: unknown pragma
C:\Program Files (x86)\Windows Kits\10\Include\10.0.22621.0\um\WinBase.h(8357) : warning C4068: unknown pragma
C:\Program Files (x86)\Windows Kits\10\Include\10.0.22621.0\um\WinBase.h(8361) : warning C4068: unknown pragma
C:\Program Files (x86)\Windows Kits\10\Include\10.0.22621.0\um\WinBase.h(8665) : warning C4068: unknown pragma
C:\Program Files (x86)\Windows Kits\10\Include\10.0.22621.0\um\WinBase.h(8667) : warning C4068: unknown pragma
C:\Program Files (x86)\Windows Kits\10\Include\10.0.22621.0\um\WinBase.h(8809) : warning C4068: unknown pragma
C:\Program Files (x86)\Windows Kits\10\Include\10.0.22621.0\um\WinBase.h(8811) : warning C4068: unknown pragma
C:\Program Files (x86)\Windows Kits\10\Include\10.0.22621.0\um\WinBase.h(8848) : warning C4068: unknown pragma
C:\Program Files (x86)\Windows Kits\10\Include\10.0.22621.0\um\WinBase.h(8850) : warning C4068: unknown pragma
C:\Program Files (x86)\Windows Kits\10\Include\10.0.22621.0\um\WinBase.h(8886) : warning C4068: unknown pragma
C:\Program Files (x86)\Windows Kits\10\Include\10.0.22621.0\um\WinBase.h(8888) : warning C4068: unknown pragma
C:\Program Files (x86)\Windows Kits\10\Include\10.0.22621.0\um\WinBase.h(8917) : warning C4068: unknown pragma
C:\Program Files (x86)\Windows Kits\10\Include\10.0.22621.0\um\WinBase.h(8919) : warning C4068: unknown pragma
C:\Program Files (x86)\Windows Kits\10\Include\10.0.22621.0\um\WinBase.h(8941) : warning C4068: unknown pragma
C:\Program Files (x86)\Windows Kits\10\Include\10.0.22621.0\um\WinBase.h(9305) : warning C4068: unknown pragma
C:\Program Files (x86)\Windows Kits\10\Include\10.0.22621.0\um\WinBase.h(9371) : warning C4068: unknown pragma
C:\Program Files (x86)\Windows Kits\10\Include\10.0.22621.0\um\WinBase.h(9373) : warning C4068: unknown pragma
C:\Program Files (x86)\Windows Kits\10\Include\10.0.22621.0\um\WinBase.h(9437) : warning C4068: unknown pragma
C:\Program Files (x86)\Windows Kits\10\Include\10.0.22621.0\um\WinBase.h(9441) : warning C4068: unknown pragma
C:\Program Files (x86)\Windows Kits\10\Include\10.0.22621.0\um\WinBase.h(9455) : warning C4068: unknown pragma
C:\Program Files (x86)\Windows Kits\10\Include\10.0.22621.0\um\WinBase.h(9457) : warning C4068: unknown pragma
C:\Program Files (x86)\Windows Kits\10\Include\10.0.22621.0\um\WinBase.h(9472) : warning C4068: unknown pragma
C:\Program Files (x86)\Windows Kits\10\Include\10.0.22621.0\um\WinBase.h(9474) : warning C4068: unknown pragma
C:\Program Files (x86)\Windows Kits\10\Include\10.0.22621.0\um\WinBase.h(9494) : warning C4068: unknown pragma
C:\Program Files (x86)\Windows Kits\10\Include\10.0.22621.0\um\WinBase.h(9498) : warning C4068: unknown pragma
C:\Program Files (x86)\Windows Kits\10\Include\10.0.22621.0\um\WinBase.h(9556) : warning C4068: unknown pragma
C:\Program Files (x86)\Windows Kits\10\Include\10.0.22621.0\um\wingdi.h(289) : warning C4068: unknown pragma
C:\Program Files (x86)\Windows Kits\10\Include\10.0.22621.0\um\wingdi.h(302) : warning C4068: unknown pragma
C:\Program Files (x86)\Windows Kits\10\Include\10.0.22621.0\um\wingdi.h(418) : warning C4068: unknown pragma
C:\Program Files (x86)\Windows Kits\10\Include\10.0.22621.0\um\wingdi.h(436) : warning C4068: unknown pragma
C:\Program Files (x86)\Windows Kits\10\Include\10.0.22621.0\um\wingdi.h(506) : warning C4068: unknown pragma
C:\Program Files (x86)\Windows Kits\10\Include\10.0.22621.0\um\wingdi.h(535) : warning C4068: unknown pragma
C:\Program Files (x86)\Windows Kits\10\Include\10.0.22621.0\um\wingdi.h(590) : warning C4068: unknown pragma
C:\Program Files (x86)\Windows Kits\10\Include\10.0.22621.0\um\wingdi.h(616) : warning C4068: unknown pragma
C:\Program Files (x86)\Windows Kits\10\Include\10.0.22621.0\um\wingdi.h(620) : warning C4068: unknown pragma
C:\Program Files (x86)\Windows Kits\10\Include\10.0.22621.0\um\wingdi.h(630) : warning C4068: unknown pragma
C:\Program Files (x86)\Windows Kits\10\Include\10.0.22621.0\um\wingdi.h(634) : warning C4068: unknown pragma
C:\Program Files (x86)\Windows Kits\10\Include\10.0.22621.0\um\wingdi.h(645) : warning C4068: unknown pragma
C:\Program Files (x86)\Windows Kits\10\Include\10.0.22621.0\um\wingdi.h(647) : warning C4068: unknown pragma
C:\Program Files (x86)\Windows Kits\10\Include\10.0.22621.0\um\wingdi.h(653) : warning C4068: unknown pragma
C:\Program Files (x86)\Windows Kits\10\Include\10.0.22621.0\um\wingdi.h(672) : warning C4068: unknown pragma
C:\Program Files (x86)\Windows Kits\10\Include\10.0.22621.0\um\wingdi.h(721) : warning C4068: unknown pragma
C:\Program Files (x86)\Windows Kits\10\Include\10.0.22621.0\um\wingdi.h(723) : warning C4068: unknown pragma
C:\Program Files (x86)\Windows Kits\10\Include\10.0.22621.0\um\wingdi.h(729) : warning C4068: unknown pragma
C:\Program Files (x86)\Windows Kits\10\Include\10.0.22621.0\um\wingdi.h(731) : warning C4068: unknown pragma
C:\Program Files (x86)\Windows Kits\10\Include\10.0.22621.0\um\wingdi.h(742) : warning C4068: unknown pragma
C:\Program Files (x86)\Windows Kits\10\Include\10.0.22621.0\um\wingdi.h(744) : warning C4068: unknown pragma
C:\Program Files (x86)\Windows Kits\10\Include\10.0.22621.0\um\wingdi.h(750) : warning C4068: unknown pragma
C:\Program Files (x86)\Windows Kits\10\Include\10.0.22621.0\um\wingdi.h(752) : warning C4068: unknown pragma
C:\Program Files (x86)\Windows Kits\10\Include\10.0.22621.0\um\wingdi.h(793) : warning C4068: unknown pragma
C:\Program Files (x86)\Windows Kits\10\Include\10.0.22621.0\um\wingdi.h(797) : warning C4068: unknown pragma
C:\Program Files (x86)\Windows Kits\10\Include\10.0.22621.0\um\wingdi.h(810) : warning C4068: unknown pragma
C:\Program Files (x86)\Windows Kits\10\Include\10.0.22621.0\um\wingdi.h(812) : warning C4068: unknown pragma
C:\Program Files (x86)\Windows Kits\10\Include\10.0.22621.0\um\wingdi.h(830) : warning C4068: unknown pragma
C:\Program Files (x86)\Windows Kits\10\Include\10.0.22621.0\um\wingdi.h(834) : warning C4068: unknown pragma
C:\Program Files (x86)\Windows Kits\10\Include\10.0.22621.0\um\wingdi.h(861) : warning C4068: unknown pragma
C:\Program Files (x86)\Windows Kits\10\Include\10.0.22621.0\um\wingdi.h(866) : warning C4068: unknown pragma
C:\Program Files (x86)\Windows Kits\10\Include\10.0.22621.0\um\wingdi.h(896) : warning C4068: unknown pragma
C:\Program Files (x86)\Windows Kits\10\Include\10.0.22621.0\um\wingdi.h(913) : warning C4068: unknown pragma
C:\Program Files (x86)\Windows Kits\10\Include\10.0.22621.0\um\wingdi.h(922) : warning C4068: unknown pragma
C:\Program Files (x86)\Windows Kits\10\Include\10.0.22621.0\um\wingdi.h(924) : warning C4068: unknown pragma
C:\Program Files (x86)\Windows Kits\10\Include\10.0.22621.0\um\wingdi.h(933) : warning C4068: unknown pragma
C:\Program Files (x86)\Windows Kits\10\Include\10.0.22621.0\um\wingdi.h(937) : warning C4068: unknown pragma
C:\Program Files (x86)\Windows Kits\10\Include\10.0.22621.0\um\wingdi.h(949) : warning C4068: unknown pragma
C:\Program Files (x86)\Windows Kits\10\Include\10.0.22621.0\um\wingdi.h(958) : warning C4068: unknown pragma
C:\Program Files (x86)\Windows Kits\10\Include\10.0.22621.0\um\wingdi.h(968) : warning C4068: unknown pragma
C:\Program Files (x86)\Windows Kits\10\Include\10.0.22621.0\um\wingdi.h(970) : warning C4068: unknown pragma
C:\Program Files (x86)\Windows Kits\10\Include\10.0.22621.0\um\wingdi.h(981) : warning C4068: unknown pragma
C:\Program Files (x86)\Windows Kits\10\Include\10.0.22621.0\um\wingdi.h(990) : warning C4068: unknown pragma
C:\Program Files (x86)\Windows Kits\10\Include\10.0.22621.0\um\wingdi.h(1001) : warning C4068: unknown pragma
C:\Program Files (x86)\Windows Kits\10\Include\10.0.22621.0\um\wingdi.h(1008) : warning C4068: unknown pragma
C:\Program Files (x86)\Windows Kits\10\Include\10.0.22621.0\um\wingdi.h(1026) : warning C4068: unknown pragma
C:\Program Files (x86)\Windows Kits\10\Include\10.0.22621.0\um\wingdi.h(1028) : warning C4068: unknown pragma
C:\Program Files (x86)\Windows Kits\10\Include\10.0.22621.0\um\wingdi.h(1034) : warning C4068: unknown pragma
C:\Program Files (x86)\Windows Kits\10\Include\10.0.22621.0\um\wingdi.h(1036) : warning C4068: unknown pragma
C:\Program Files (x86)\Windows Kits\10\Include\10.0.22621.0\um\wingdi.h(1050) : warning C4068: unknown pragma
C:\Program Files (x86)\Windows Kits\10\Include\10.0.22621.0\um\wingdi.h(1054) : warning C4068: unknown pragma
C:\Program Files (x86)\Windows Kits\10\Include\10.0.22621.0\um\wingdi.h(1071) : warning C4068: unknown pragma
C:\Program Files (x86)\Windows Kits\10\Include\10.0.22621.0\um\wingdi.h(1075) : warning C4068: unknown pragma
C:\Program Files (x86)\Windows Kits\10\Include\10.0.22621.0\um\wingdi.h(1122) : warning C4068: unknown pragma
C:\Program Files (x86)\Windows Kits\10\Include\10.0.22621.0\um\wingdi.h(1134) : warning C4068: unknown pragma
C:\Program Files (x86)\Windows Kits\10\Include\10.0.22621.0\um\wingdi.h(1147) : warning C4068: unknown pragma
C:\Program Files (x86)\Windows Kits\10\Include\10.0.22621.0\um\wingdi.h(1153) : warning C4068: unknown pragma
C:\Program Files (x86)\Windows Kits\10\Include\10.0.22621.0\um\wingdi.h(1215) : warning C4068: unknown pragma
C:\Program Files (x86)\Windows Kits\10\Include\10.0.22621.0\um\wingdi.h(1236) : warning C4068: unknown pragma
C:\Program Files (x86)\Windows Kits\10\Include\10.0.22621.0\um\wingdi.h(1306) : warning C4068: unknown pragma
C:\Program Files (x86)\Windows Kits\10\Include\10.0.22621.0\um\wingdi.h(1312) : warning C4068: unknown pragma
C:\Program Files (x86)\Windows Kits\10\Include\10.0.22621.0\um\wingdi.h(1332) : warning C4068: unknown pragma
C:\Program Files (x86)\Windows Kits\10\Include\10.0.22621.0\um\wingdi.h(1339) : warning C4068: unknown pragma
C:\Program Files (x86)\Windows Kits\10\Include\10.0.22621.0\um\wingdi.h(1352) : warning C4068: unknown pragma
C:\Program Files (x86)\Windows Kits\10\Include\10.0.22621.0\um\wingdi.h(1354) : warning C4068: unknown pragma
C:\Program Files (x86)\Windows Kits\10\Include\10.0.22621.0\um\wingdi.h(1373) : warning C4068: unknown pragma
C:\Program Files (x86)\Windows Kits\10\Include\10.0.22621.0\um\wingdi.h(1375) : warning C4068: unknown pragma
C:\Program Files (x86)\Windows Kits\10\Include\10.0.22621.0\um\wingdi.h(1384) : warning C4068: unknown pragma
C:\Program Files (x86)\Windows Kits\10\Include\10.0.22621.0\um\wingdi.h(1386) : warning C4068: unknown pragma
C:\Program Files (x86)\Windows Kits\10\Include\10.0.22621.0\um\wingdi.h(1398) : warning C4068: unknown pragma
C:\Program Files (x86)\Windows Kits\10\Include\10.0.22621.0\um\wingdi.h(1400) : warning C4068: unknown pragma
C:\Program Files (x86)\Windows Kits\10\Include\10.0.22621.0\um\wingdi.h(1414) : warning C4068: unknown pragma
C:\Program Files (x86)\Windows Kits\10\Include\10.0.22621.0\um\wingdi.h(1416) : warning C4068: unknown pragma
C:\Program Files (x86)\Windows Kits\10\Include\10.0.22621.0\um\wingdi.h(1500) : warning C4068: unknown pragma
C:\Program Files (x86)\Windows Kits\10\Include\10.0.22621.0\um\wingdi.h(1504) : warning C4068: unknown pragma
C:\Program Files (x86)\Windows Kits\10\Include\10.0.22621.0\um\wingdi.h(1554) : warning C4068: unknown pragma
C:\Program Files (x86)\Windows Kits\10\Include\10.0.22621.0\um\wingdi.h(1683) : warning C4068: unknown pragma
C:\Program Files (x86)\Windows Kits\10\Include\10.0.22621.0\um\wingdi.h(1849) : warning C4068: unknown pragma
C:\Program Files (x86)\Windows Kits\10\Include\10.0.22621.0\um\wingdi.h(2194) : warning C4068: unknown pragma
C:\Program Files (x86)\Windows Kits\10\Include\10.0.22621.0\um\wingdi.h(2428) : warning C4068: unknown pragma
C:\Program Files (x86)\Windows Kits\10\Include\10.0.22621.0\um\wingdi.h(2730) : warning C4068: unknown pragma
C:\Program Files (x86)\Windows Kits\10\Include\10.0.22621.0\um\wingdi.h(2760) : warning C4068: unknown pragma
C:\Program Files (x86)\Windows Kits\10\Include\10.0.22621.0\um\wingdi.h(3291) : warning C4068: unknown pragma
C:\Program Files (x86)\Windows Kits\10\Include\10.0.22621.0\um\wingdi.h(3308) : warning C4068: unknown pragma
C:\Program Files (x86)\Windows Kits\10\Include\10.0.22621.0\um\wingdi.h(3315) : warning C4068: unknown pragma
C:\Program Files (x86)\Windows Kits\10\Include\10.0.22621.0\um\wingdi.h(3331) : warning C4068: unknown pragma
C:\Program Files (x86)\Windows Kits\10\Include\10.0.22621.0\um\wingdi.h(3339) : warning C4068: unknown pragma
C:\Program Files (x86)\Windows Kits\10\Include\10.0.22621.0\um\wingdi.h(3423) : warning C4068: unknown pragma
C:\Program Files (x86)\Windows Kits\10\Include\10.0.22621.0\um\wingdi.h(3431) : warning C4068: unknown pragma
C:\Program Files (x86)\Windows Kits\10\Include\10.0.22621.0\um\wingdi.h(3467) : warning C4068: unknown pragma
C:\Program Files (x86)\Windows Kits\10\Include\10.0.22621.0\um\wingdi.h(3469) : warning C4068: unknown pragma
C:\Program Files (x86)\Windows Kits\10\Include\10.0.22621.0\um\wingdi.h(3501) : warning C4068: unknown pragma
C:\Program Files (x86)\Windows Kits\10\Include\10.0.22621.0\um\wingdi.h(3527) : warning C4068: unknown pragma
C:\Program Files (x86)\Windows Kits\10\Include\10.0.22621.0\um\wingdi.h(3551) : warning C4068: unknown pragma
C:\Program Files (x86)\Windows Kits\10\Include\10.0.22621.0\um\wingdi.h(3597) : warning C4068: unknown pragma
C:\Program Files (x86)\Windows Kits\10\Include\10.0.22621.0\um\wingdi.h(3633) : warning C4068: unknown pragma
C:\Program Files (x86)\Windows Kits\10\Include\10.0.22621.0\um\wingdi.h(3636) : warning C4068: unknown pragma
C:\Program Files (x86)\Windows Kits\10\Include\10.0.22621.0\um\wingdi.h(3646) : warning C4068: unknown pragma
C:\Program Files (x86)\Windows Kits\10\Include\10.0.22621.0\um\wingdi.h(3652) : warning C4068: unknown pragma
C:\Program Files (x86)\Windows Kits\10\Include\10.0.22621.0\um\wingdi.h(3687) : warning C4068: unknown pragma
C:\Program Files (x86)\Windows Kits\10\Include\10.0.22621.0\um\wingdi.h(3722) : warning C4068: unknown pragma
C:\Program Files (x86)\Windows Kits\10\Include\10.0.22621.0\um\wingdi.h(3769) : warning C4068: unknown pragma
C:\Program Files (x86)\Windows Kits\10\Include\10.0.22621.0\um\wingdi.h(3773) : warning C4068: unknown pragma
C:\Program Files (x86)\Windows Kits\10\Include\10.0.22621.0\um\wingdi.h(3888) : warning C4068: unknown pragma
C:\Program Files (x86)\Windows Kits\10\Include\10.0.22621.0\um\wingdi.h(3967) : warning C4068: unknown pragma
C:\Program Files (x86)\Windows Kits\10\Include\10.0.22621.0\um\wingdi.h(4322) : warning C4068: unknown pragma
C:\Program Files (x86)\Windows Kits\10\Include\10.0.22621.0\um\wingdi.h(4326) : warning C4068: unknown pragma
C:\Program Files (x86)\Windows Kits\10\Include\10.0.22621.0\um\wingdi.h(4529) : warning C4068: unknown pragma
C:\Program Files (x86)\Windows Kits\10\Include\10.0.22621.0\um\wingdi.h(4533) : warning C4068: unknown pragma
C:\Program Files (x86)\Windows Kits\10\Include\10.0.22621.0\um\wingdi.h(4639) : warning C4068: unknown pragma
C:\Program Files (x86)\Windows Kits\10\Include\10.0.22621.0\um\wingdi.h(4684) : warning C4068: unknown pragma
C:\Program Files (x86)\Windows Kits\10\Include\10.0.22621.0\um\wingdi.h(4700) : warning C4068: unknown pragma
C:\Program Files (x86)\Windows Kits\10\Include\10.0.22621.0\um\wingdi.h(4702) : warning C4068: unknown pragma
C:\Program Files (x86)\Windows Kits\10\Include\10.0.22621.0\um\wingdi.h(4719) : warning C4068: unknown pragma
C:\Program Files (x86)\Windows Kits\10\Include\10.0.22621.0\um\wingdi.h(4721) : warning C4068: unknown pragma
C:\Program Files (x86)\Windows Kits\10\Include\10.0.22621.0\um\wingdi.h(4733) : warning C4068: unknown pragma
C:\Program Files (x86)\Windows Kits\10\Include\10.0.22621.0\um\wingdi.h(4735) : warning C4068: unknown pragma
C:\Program Files (x86)\Windows Kits\10\Include\10.0.22621.0\um\wingdi.h(4800) : warning C4068: unknown pragma
C:\Program Files (x86)\Windows Kits\10\Include\10.0.22621.0\um\wingdi.h(4804) : warning C4068: unknown pragma
C:\Program Files (x86)\Windows Kits\10\Include\10.0.22621.0\um\wingdi.h(6395) : warning C4068: unknown pragma
C:\Program Files (x86)\Windows Kits\10\Include\10.0.22621.0\um\wingdi.h(6399) : warning C4068: unknown pragma
C:\Program Files (x86)\Windows Kits\10\Include\10.0.22621.0\um\wingdi.h(6404) : warning C4068: unknown pragma
C:\Program Files (x86)\Windows Kits\10\Include\10.0.22621.0\um\WinUser.h(66) : warning C4068: unknown pragma
C:\Program Files (x86)\Windows Kits\10\Include\10.0.22621.0\um\WinUser.h(86) : warning C4068: unknown pragma
C:\Program Files (x86)\Windows Kits\10\Include\10.0.22621.0\um\WinUser.h(88) : warning C4068: unknown pragma
C:\Program Files (x86)\Windows Kits\10\Include\10.0.22621.0\um\WinUser.h(94) : warning C4068: unknown pragma
C:\Program Files (x86)\Windows Kits\10\Include\10.0.22621.0\um\WinUser.h(98) : warning C4068: unknown pragma
C:\Program Files (x86)\Windows Kits\10\Include\10.0.22621.0\um\WinUser.h(104) : warning C4068: unknown pragma
C:\Program Files (x86)\Windows Kits\10\Include\10.0.22621.0\um\WinUser.h(106) : warning C4068: unknown pragma
C:\Program Files (x86)\Windows Kits\10\Include\10.0.22621.0\um\WinUser.h(112) : warning C4068: unknown pragma
C:\Program Files (x86)\Windows Kits\10\Include\10.0.22621.0\um\WinUser.h(114) : warning C4068: unknown pragma
C:\Program Files (x86)\Windows Kits\10\Include\10.0.22621.0\um\WinUser.h(137) : warning C4068: unknown pragma
C:\Program Files (x86)\Windows Kits\10\Include\10.0.22621.0\um\WinUser.h(184) : warning C4068: unknown pragma
C:\Program Files (x86)\Windows Kits\10\Include\10.0.22621.0\um\WinUser.h(232) : warning C4068: unknown pragma
C:\Program Files (x86)\Windows Kits\10\Include\10.0.22621.0\um\WinUser.h(295) : warning C4068: unknown pragma
C:\Program Files (x86)\Windows Kits\10\Include\10.0.22621.0\um\WinUser.h(348) : warning C4068: unknown pragma
C:\Program Files (x86)\Windows Kits\10\Include\10.0.22621.0\um\WinUser.h(847) : warning C4068: unknown pragma
C:\Program Files (x86)\Windows Kits\10\Include\10.0.22621.0\um\WinUser.h(884) : warning C4068: unknown pragma
C:\Program Files (x86)\Windows Kits\10\Include\10.0.22621.0\um\WinUser.h(888) : warning C4068: unknown pragma
C:\Program Files (x86)\Windows Kits\10\Include\10.0.22621.0\um\WinUser.h(902) : warning C4068: unknown pragma
C:\Program Files (x86)\Windows Kits\10\Include\10.0.22621.0\um\WinUser.h(1045) : warning C4068: unknown pragma
C:\Program Files (x86)\Windows Kits\10\Include\10.0.22621.0\um\WinUser.h(1092) : warning C4068: unknown pragma
C:\Program Files (x86)\Windows Kits\10\Include\10.0.22621.0\um\WinUser.h(1109) : warning C4068: unknown pragma
C:\Program Files (x86)\Windows Kits\10\Include\10.0.22621.0\um\WinUser.h(1135) : warning C4068: unknown pragma
C:\Program Files (x86)\Windows Kits\10\Include\10.0.22621.0\um\WinUser.h(1139) : warning C4068: unknown pragma
C:\Program Files (x86)\Windows Kits\10\Include\10.0.22621.0\um\WinUser.h(1192) : warning C4068: unknown pragma
C:\Program Files (x86)\Windows Kits\10\Include\10.0.22621.0\um\WinUser.h(1231) : warning C4068: unknown pragma
C:\Program Files (x86)\Windows Kits\10\Include\10.0.22621.0\um\WinUser.h(1323) : warning C4068: unknown pragma
C:\Program Files (x86)\Windows Kits\10\Include\10.0.22621.0\um\WinUser.h(1327) : warning C4068: unknown pragma
C:\Program Files (x86)\Windows Kits\10\Include\10.0.22621.0\um\WinUser.h(1338) : warning C4068: unknown pragma
C:\Program Files (x86)\Windows Kits\10\Include\10.0.22621.0\um\WinUser.h(1346) : warning C4068: unknown pragma
C:\Program Files (x86)\Windows Kits\10\Include\10.0.22621.0\um\WinUser.h(1360) : warning C4068: unknown pragma
C:\Program Files (x86)\Windows Kits\10\Include\10.0.22621.0\um\WinUser.h(1386) : warning C4068: unknown pragma
C:\Program Files (x86)\Windows Kits\10\Include\10.0.22621.0\um\WinUser.h(1446) : warning C4068: unknown pragma
C:\Program Files (x86)\Windows Kits\10\Include\10.0.22621.0\um\WinUser.h(1451) : warning C4068: unknown pragma
C:\Program Files (x86)\Windows Kits\10\Include\10.0.22621.0\um\WinUser.h(1540) : warning C4068: unknown pragma
C:\Program Files (x86)\Windows Kits\10\Include\10.0.22621.0\um\WinUser.h(1572) : warning C4068: unknown pragma
C:\Program Files (x86)\Windows Kits\10\Include\10.0.22621.0\um\WinUser.h(1654) : warning C4068: unknown pragma
C:\Program Files (x86)\Windows Kits\10\Include\10.0.22621.0\um\WinUser.h(1660) : warning C4068: unknown pragma
C:\Program Files (x86)\Windows Kits\10\Include\10.0.22621.0\um\WinUser.h(1682) : warning C4068: unknown pragma
C:\Program Files (x86)\Windows Kits\10\Include\10.0.22621.0\um\WinUser.h(1694) : warning C4068: unknown pragma
C:\Program Files (x86)\Windows Kits\10\Include\10.0.22621.0\um\WinUser.h(1750) : warning C4068: unknown pragma
C:\Program Files (x86)\Windows Kits\10\Include\10.0.22621.0\um\WinUser.h(1754) : warning C4068: unknown pragma
C:\Program Files (x86)\Windows Kits\10\Include\10.0.22621.0\um\WinUser.h(1840) : warning C4068: unknown pragma
C:\Program Files (x86)\Windows Kits\10\Include\10.0.22621.0\um\WinUser.h(1842) : warning C4068: unknown pragma
C:\Program Files (x86)\Windows Kits\10\Include\10.0.22621.0\um\WinUser.h(1861) : warning C4068: unknown pragma
C:\Program Files (x86)\Windows Kits\10\Include\10.0.22621.0\um\WinUser.h(1866) : warning C4068: unknown pragma
C:\Program Files (x86)\Windows Kits\10\Include\10.0.22621.0\um\WinUser.h(1885) : warning C4068: unknown pragma
C:\Program Files (x86)\Windows Kits\10\Include\10.0.22621.0\um\WinUser.h(2031) : warning C4068: unknown pragma
C:\Program Files (x86)\Windows Kits\10\Include\10.0.22621.0\um\WinUser.h(2046) : warning C4068: unknown pragma
C:\Program Files (x86)\Windows Kits\10\Include\10.0.22621.0\um\WinUser.h(2087) : warning C4068: unknown pragma
C:\Program Files (x86)\Windows Kits\10\Include\10.0.22621.0\um\WinUser.h(2109) : warning C4068: unknown pragma
C:\Program Files (x86)\Windows Kits\10\Include\10.0.22621.0\um\WinUser.h(2636) : warning C4068: unknown pragma
C:\Program Files (x86)\Windows Kits\10\Include\10.0.22621.0\um\WinUser.h(2656) : warning C4068: unknown pragma
C:\Program Files (x86)\Windows Kits\10\Include\10.0.22621.0\um\WinUser.h(2678) : warning C4068: unknown pragma
C:\Program Files (x86)\Windows Kits\10\Include\10.0.22621.0\um\WinUser.h(2703) : warning C4068: unknown pragma
C:\Program Files (x86)\Windows Kits\10\Include\10.0.22621.0\um\WinUser.h(2754) : warning C4068: unknown pragma
C:\Program Files (x86)\Windows Kits\10\Include\10.0.22621.0\um\WinUser.h(2771) : warning C4068: unknown pragma
C:\Program Files (x86)\Windows Kits\10\Include\10.0.22621.0\um\WinUser.h(2972) : warning C4068: unknown pragma
C:\Program Files (x86)\Windows Kits\10\Include\10.0.22621.0\um\WinUser.h(2985) : warning C4068: unknown pragma
C:\Program Files (x86)\Windows Kits\10\Include\10.0.22621.0\um\WinUser.h(3035) : warning C4068: unknown pragma
C:\Program Files (x86)\Windows Kits\10\Include\10.0.22621.0\um\WinUser.h(3049) : warning C4068: unknown pragma
C:\Program Files (x86)\Windows Kits\10\Include\10.0.22621.0\um\WinUser.h(3065) : warning C4068: unknown pragma
C:\Program Files (x86)\Windows Kits\10\Include\10.0.22621.0\um\WinUser.h(3079) : warning C4068: unknown pragma
C:\Program Files (x86)\Windows Kits\10\Include\10.0.22621.0\um\WinUser.h(3084) : warning C4068: unknown pragma
C:\Program Files (x86)\Windows Kits\10\Include\10.0.22621.0\um\WinUser.h(3097) : warning C4068: unknown pragma
C:\Program Files (x86)\Windows Kits\10\Include\10.0.22621.0\um\WinUser.h(3167) : warning C4068: unknown pragma
C:\Program Files (x86)\Windows Kits\10\Include\10.0.22621.0\um\WinUser.h(3192) : warning C4068: unknown pragma
C:\Program Files (x86)\Windows Kits\10\Include\10.0.22621.0\um\WinUser.h(3194) : warning C4068: unknown pragma
C:\Program Files (x86)\Windows Kits\10\Include\10.0.22621.0\um\WinUser.h(3234) : warning C4068: unknown pragma
C:\Program Files (x86)\Windows Kits\10\Include\10.0.22621.0\um\WinUser.h(3236) : warning C4068: unknown pragma
C:\Program Files (x86)\Windows Kits\10\Include\10.0.22621.0\um\WinUser.h(3259) : warning C4068: unknown pragma
C:\Program Files (x86)\Windows Kits\10\Include\10.0.22621.0\um\WinUser.h(3263) : warning C4068: unknown pragma
C:\Program Files (x86)\Windows Kits\10\Include\10.0.22621.0\um\WinUser.h(3274) : warning C4068: unknown pragma
C:\Program Files (x86)\Windows Kits\10\Include\10.0.22621.0\um\WinUser.h(3276) : warning C4068: unknown pragma
C:\Program Files (x86)\Windows Kits\10\Include\10.0.22621.0\um\WinUser.h(3288) : warning C4068: unknown pragma
C:\Program Files (x86)\Windows Kits\10\Include\10.0.22621.0\um\WinUser.h(3331) : warning C4068: unknown pragma
C:\Program Files (x86)\Windows Kits\10\Include\10.0.22621.0\um\WinUser.h(3387) : warning C4068: unknown pragma
C:\Program Files (x86)\Windows Kits\10\Include\10.0.22621.0\um\WinUser.h(3391) : warning C4068: unknown pragma
C:\Program Files (x86)\Windows Kits\10\Include\10.0.22621.0\um\WinUser.h(3486) : warning C4068: unknown pragma
C:\Program Files (x86)\Windows Kits\10\Include\10.0.22621.0\um\WinUser.h(3488) : warning C4068: unknown pragma
C:\Program Files (x86)\Windows Kits\10\Include\10.0.22621.0\um\WinUser.h(3498) : warning C4068: unknown pragma
C:\Program Files (x86)\Windows Kits\10\Include\10.0.22621.0\um\WinUser.h(3500) : warning C4068: unknown pragma
C:\Program Files (x86)\Windows Kits\10\Include\10.0.22621.0\um\WinUser.h(3528) : warning C4068: unknown pragma
C:\Program Files (x86)\Windows Kits\10\Include\10.0.22621.0\um\WinUser.h(3548) : warning C4068: unknown pragma
C:\Program Files (x86)\Windows Kits\10\Include\10.0.22621.0\um\WinUser.h(3568) : warning C4068: unknown pragma
C:\Program Files (x86)\Windows Kits\10\Include\10.0.22621.0\um\WinUser.h(3623) : warning C4068: unknown pragma
C:\Program Files (x86)\Windows Kits\10\Include\10.0.22621.0\um\WinUser.h(3687) : warning C4068: unknown pragma
C:\Program Files (x86)\Windows Kits\10\Include\10.0.22621.0\um\WinUser.h(3689) : warning C4068: unknown pragma
C:\Program Files (x86)\Windows Kits\10\Include\10.0.22621.0\um\WinUser.h(3739) : warning C4068: unknown pragma
C:\Program Files (x86)\Windows Kits\10\Include\10.0.22621.0\um\WinUser.h(3741) : warning C4068: unknown pragma
C:\Program Files (x86)\Windows Kits\10\Include\10.0.22621.0\um\WinUser.h(3856) : warning C4068: unknown pragma
C:\Program Files (x86)\Windows Kits\10\Include\10.0.22621.0\um\WinUser.h(3860) : warning C4068: unknown pragma
C:\Program Files (x86)\Windows Kits\10\Include\10.0.22621.0\um\WinUser.h(3902) : warning C4068: unknown pragma
C:\Program Files (x86)\Windows Kits\10\Include\10.0.22621.0\um\WinUser.h(3934) : warning C4068: unknown pragma
C:\Program Files (x86)\Windows Kits\10\Include\10.0.22621.0\um\WinUser.h(4021) : warning C4068: unknown pragma
C:\Program Files (x86)\Windows Kits\10\Include\10.0.22621.0\um\WinUser.h(4023) : warning C4068: unknown pragma
C:\Program Files (x86)\Windows Kits\10\Include\10.0.22621.0\um\WinUser.h(4071) : warning C4068: unknown pragma
C:\Program Files (x86)\Windows Kits\10\Include\10.0.22621.0\um\WinUser.h(4092) : warning C4068: unknown pragma
C:\Program Files (x86)\Windows Kits\10\Include\10.0.22621.0\um\WinUser.h(4128) : warning C4068: unknown pragma
C:\Program Files (x86)\Windows Kits\10\Include\10.0.22621.0\um\WinUser.h(4130) : warning C4068: unknown pragma
C:\Program Files (x86)\Windows Kits\10\Include\10.0.22621.0\um\WinUser.h(4226) : warning C4068: unknown pragma
C:\Program Files (x86)\Windows Kits\10\Include\10.0.22621.0\um\WinUser.h(4228) : warning C4068: unknown pragma
C:\Program Files (x86)\Windows Kits\10\Include\10.0.22621.0\um\WinUser.h(4238) : warning C4068: unknown pragma
C:\Program Files (x86)\Windows Kits\10\Include\10.0.22621.0\um\WinUser.h(4242) : warning C4068: unknown pragma
C:\Program Files (x86)\Windows Kits\10\Include\10.0.22621.0\um\WinUser.h(4252) : warning C4068: unknown pragma
C:\Program Files (x86)\Windows Kits\10\Include\10.0.22621.0\um\WinUser.h(4265) : warning C4068: unknown pragma
C:\Program Files (x86)\Windows Kits\10\Include\10.0.22621.0\um\WinUser.h(4281) : warning C4068: unknown pragma
C:\Program Files (x86)\Windows Kits\10\Include\10.0.22621.0\um\WinUser.h(4283) : warning C4068: unknown pragma
C:\Program Files (x86)\Windows Kits\10\Include\10.0.22621.0\um\WinUser.h(4321) : warning C4068: unknown pragma
C:\Program Files (x86)\Windows Kits\10\Include\10.0.22621.0\um\WinUser.h(4323) : warning C4068: unknown pragma
C:\Program Files (x86)\Windows Kits\10\Include\10.0.22621.0\um\WinUser.h(4349) : warning C4068: unknown pragma
C:\Program Files (x86)\Windows Kits\10\Include\10.0.22621.0\um\WinUser.h(4351) : warning C4068: unknown pragma
C:\Program Files (x86)\Windows Kits\10\Include\10.0.22621.0\um\WinUser.h(4372) : warning C4068: unknown pragma
C:\Program Files (x86)\Windows Kits\10\Include\10.0.22621.0\um\WinUser.h(4374) : warning C4068: unknown pragma
C:\Program Files (x86)\Windows Kits\10\Include\10.0.22621.0\um\WinUser.h(4402) : warning C4068: unknown pragma
C:\Program Files (x86)\Windows Kits\10\Include\10.0.22621.0\um\WinUser.h(4411) : warning C4068: unknown pragma
C:\Program Files (x86)\Windows Kits\10\Include\10.0.22621.0\um\WinUser.h(4457) : warning C4068: unknown pragma
C:\Program Files (x86)\Windows Kits\10\Include\10.0.22621.0\um\WinUser.h(4473) : warning C4068: unknown pragma
C:\Program Files (x86)\Windows Kits\10\Include\10.0.22621.0\um\WinUser.h(4498) : warning C4068: unknown pragma
C:\Program Files (x86)\Windows Kits\10\Include\10.0.22621.0\um\WinUser.h(4500) : warning C4068: unknown pragma
C:\Program Files (x86)\Windows Kits\10\Include\10.0.22621.0\um\WinUser.h(4517) : warning C4068: unknown pragma
C:\Program Files (x86)\Windows Kits\10\Include\10.0.22621.0\um\WinUser.h(4519) : warning C4068: unknown pragma
C:\Program Files (x86)\Windows Kits\10\Include\10.0.22621.0\um\WinUser.h(4533) : warning C4068: unknown pragma
C:\Program Files (x86)\Windows Kits\10\Include\10.0.22621.0\um\WinUser.h(4538) : warning C4068: unknown pragma
C:\Program Files (x86)\Windows Kits\10\Include\10.0.22621.0\um\WinUser.h(4584) : warning C4068: unknown pragma
C:\Program Files (x86)\Windows Kits\10\Include\10.0.22621.0\um\WinUser.h(4590) : warning C4068: unknown pragma
C:\Program Files (x86)\Windows Kits\10\Include\10.0.22621.0\um\WinUser.h(4618) : warning C4068: unknown pragma
C:\Program Files (x86)\Windows Kits\10\Include\10.0.22621.0\um\WinUser.h(4622) : warning C4068: unknown pragma
C:\Program Files (x86)\Windows Kits\10\Include\10.0.22621.0\um\WinUser.h(4635) : warning C4068: unknown pragma
C:\Program Files (x86)\Windows Kits\10\Include\10.0.22621.0\um\WinUser.h(4650) : warning C4068: unknown pragma
C:\Program Files (x86)\Windows Kits\10\Include\10.0.22621.0\um\WinUser.h(4714) : warning C4068: unknown pragma
C:\Program Files (x86)\Windows Kits\10\Include\10.0.22621.0\um\WinUser.h(4716) : warning C4068: unknown pragma
C:\Program Files (x86)\Windows Kits\10\Include\10.0.22621.0\um\WinUser.h(4743) : warning C4068: unknown pragma
C:\Program Files (x86)\Windows Kits\10\Include\10.0.22621.0\um\WinUser.h(4745) : warning C4068: unknown pragma
C:\Program Files (x86)\Windows Kits\10\Include\10.0.22621.0\um\WinUser.h(4785) : warning C4068: unknown pragma
C:\Program Files (x86)\Windows Kits\10\Include\10.0.22621.0\um\WinUser.h(4789) : warning C4068: unknown pragma
C:\Program Files (x86)\Windows Kits\10\Include\10.0.22621.0\um\WinUser.h(4819) : warning C4068: unknown pragma
C:\Program Files (x86)\Windows Kits\10\Include\10.0.22621.0\um\WinUser.h(4823) : warning C4068: unknown pragma
C:\Program Files (x86)\Windows Kits\10\Include\10.0.22621.0\um\WinUser.h(4833) : warning C4068: unknown pragma
C:\Program Files (x86)\Windows Kits\10\Include\10.0.22621.0\um\WinUser.h(4835) : warning C4068: unknown pragma
C:\Program Files (x86)\Windows Kits\10\Include\10.0.22621.0\um\WinUser.h(4863) : warning C4068: unknown pragma
C:\Program Files (x86)\Windows Kits\10\Include\10.0.22621.0\um\WinUser.h(4903) : warning C4068: unknown pragma
C:\Program Files (x86)\Windows Kits\10\Include\10.0.22621.0\um\WinUser.h(4920) : warning C4068: unknown pragma
C:\Program Files (x86)\Windows Kits\10\Include\10.0.22621.0\um\WinUser.h(4922) : warning C4068: unknown pragma
C:\Program Files (x86)\Windows Kits\10\Include\10.0.22621.0\um\WinUser.h(4934) : warning C4068: unknown pragma
C:\Program Files (x86)\Windows Kits\10\Include\10.0.22621.0\um\WinUser.h(4936) : warning C4068: unknown pragma
C:\Program Files (x86)\Windows Kits\10\Include\10.0.22621.0\um\WinUser.h(4948) : warning C4068: unknown pragma
C:\Program Files (x86)\Windows Kits\10\Include\10.0.22621.0\um\WinUser.h(4951) : warning C4068: unknown pragma
C:\Program Files (x86)\Windows Kits\10\Include\10.0.22621.0\um\WinUser.h(4982) : warning C4068: unknown pragma
C:\Program Files (x86)\Windows Kits\10\Include\10.0.22621.0\um\WinUser.h(4987) : warning C4068: unknown pragma
C:\Program Files (x86)\Windows Kits\10\Include\10.0.22621.0\um\WinUser.h(5356) : warning C4068: unknown pragma
C:\Program Files (x86)\Windows Kits\10\Include\10.0.22621.0\um\WinUser.h(5369) : warning C4068: unknown pragma
C:\Program Files (x86)\Windows Kits\10\Include\10.0.22621.0\um\WinUser.h(5656) : warning C4068: unknown pragma
C:\Program Files (x86)\Windows Kits\10\Include\10.0.22621.0\um\WinUser.h(5658) : warning C4068: unknown pragma
C:\Program Files (x86)\Windows Kits\10\Include\10.0.22621.0\um\WinUser.h(5783) : warning C4068: unknown pragma
C:\Program Files (x86)\Windows Kits\10\Include\10.0.22621.0\um\WinUser.h(5799) : warning C4068: unknown pragma
C:\Program Files (x86)\Windows Kits\10\Include\10.0.22621.0\um\WinUser.h(5874) : warning C4068: unknown pragma
C:\Program Files (x86)\Windows Kits\10\Include\10.0.22621.0\um\WinUser.h(5876) : warning C4068: unknown pragma
C:\Program Files (x86)\Windows Kits\10\Include\10.0.22621.0\um\WinUser.h(5930) : warning C4068: unknown pragma
C:\Program Files (x86)\Windows Kits\10\Include\10.0.22621.0\um\WinUser.h(5932) : warning C4068: unknown pragma
C:\Program Files (x86)\Windows Kits\10\Include\10.0.22621.0\um\WinUser.h(5956) : warning C4068: unknown pragma
C:\Program Files (x86)\Windows Kits\10\Include\10.0.22621.0\um\WinUser.h(5958) : warning C4068: unknown pragma
C:\Program Files (x86)\Windows Kits\10\Include\10.0.22621.0\um\WinUser.h(6060) : warning C4068: unknown pragma
C:\Program Files (x86)\Windows Kits\10\Include\10.0.22621.0\um\WinUser.h(6081) : warning C4068: unknown pragma
C:\Program Files (x86)\Windows Kits\10\Include\10.0.22621.0\um\WinUser.h(6095) : warning C4068: unknown pragma
C:\Program Files (x86)\Windows Kits\10\Include\10.0.22621.0\um\WinUser.h(6126) : warning C4068: unknown pragma
C:\Program Files (x86)\Windows Kits\10\Include\10.0.22621.0\um\WinUser.h(6159) : warning C4068: unknown pragma
C:\Program Files (x86)\Windows Kits\10\Include\10.0.22621.0\um\WinUser.h(6843) : warning C4068: unknown pragma
C:\Program Files (x86)\Windows Kits\10\Include\10.0.22621.0\um\WinUser.h(6847) : warning C4068: unknown pragma
C:\Program Files (x86)\Windows Kits\10\Include\10.0.22621.0\um\WinUser.h(6849) : warning C4068: unknown pragma
C:\Program Files (x86)\Windows Kits\10\Include\10.0.22621.0\um\WinUser.h(6866) : warning C4068: unknown pragma
C:\Program Files (x86)\Windows Kits\10\Include\10.0.22621.0\um\WinUser.h(6868) : warning C4068: unknown pragma
C:\Program Files (x86)\Windows Kits\10\Include\10.0.22621.0\um\WinUser.h(6911) : warning C4068: unknown pragma
C:\Program Files (x86)\Windows Kits\10\Include\10.0.22621.0\um\WinUser.h(6913) : warning C4068: unknown pragma
C:\Program Files (x86)\Windows Kits\10\Include\10.0.22621.0\um\WinUser.h(6978) : warning C4068: unknown pragma
C:\Program Files (x86)\Windows Kits\10\Include\10.0.22621.0\um\WinUser.h(7043) : warning C4068: unknown pragma
C:\Program Files (x86)\Windows Kits\10\Include\10.0.22621.0\um\WinUser.h(7073) : warning C4068: unknown pragma
C:\Program Files (x86)\Windows Kits\10\Include\10.0.22621.0\um\WinUser.h(7075) : warning C4068: unknown pragma
C:\Program Files (x86)\Windows Kits\10\Include\10.0.22621.0\um\WinUser.h(7093) : warning C4068: unknown pragma
C:\Program Files (x86)\Windows Kits\10\Include\10.0.22621.0\um\WinUser.h(7095) : warning C4068: unknown pragma
C:\Program Files (x86)\Windows Kits\10\Include\10.0.22621.0\um\WinUser.h(7106) : warning C4068: unknown pragma
C:\Program Files (x86)\Windows Kits\10\Include\10.0.22621.0\um\WinUser.h(7108) : warning C4068: unknown pragma
C:\Program Files (x86)\Windows Kits\10\Include\10.0.22621.0\um\WinUser.h(7217) : warning C4068: unknown pragma
C:\Program Files (x86)\Windows Kits\10\Include\10.0.22621.0\um\WinUser.h(7381) : warning C4068: unknown pragma
C:\Program Files (x86)\Windows Kits\10\Include\10.0.22621.0\um\WinUser.h(7402) : warning C4068: unknown pragma
C:\Program Files (x86)\Windows Kits\10\Include\10.0.22621.0\um\WinUser.h(7406) : warning C4068: unknown pragma
C:\Program Files (x86)\Windows Kits\10\Include\10.0.22621.0\um\WinUser.h(8046) : warning C4068: unknown pragma
C:\Program Files (x86)\Windows Kits\10\Include\10.0.22621.0\um\WinUser.h(8051) : warning C4068: unknown pragma
C:\Program Files (x86)\Windows Kits\10\Include\10.0.22621.0\um\WinUser.h(8069) : warning C4068: unknown pragma
C:\Program Files (x86)\Windows Kits\10\Include\10.0.22621.0\um\WinUser.h(8081) : warning C4068: unknown pragma
C:\Program Files (x86)\Windows Kits\10\Include\10.0.22621.0\um\WinUser.h(8102) : warning C4068: unknown pragma
C:\Program Files (x86)\Windows Kits\10\Include\10.0.22621.0\um\WinUser.h(8106) : warning C4068: unknown pragma
C:\Program Files (x86)\Windows Kits\10\Include\10.0.22621.0\um\WinUser.h(8119) : warning C4068: unknown pragma
C:\Program Files (x86)\Windows Kits\10\Include\10.0.22621.0\um\WinUser.h(8157) : warning C4068: unknown pragma
C:\Program Files (x86)\Windows Kits\10\Include\10.0.22621.0\um\WinUser.h(8170) : warning C4068: unknown pragma
C:\Program Files (x86)\Windows Kits\10\Include\10.0.22621.0\um\WinUser.h(8175) : warning C4068: unknown pragma
C:\Program Files (x86)\Windows Kits\10\Include\10.0.22621.0\um\WinUser.h(8280) : warning C4068: unknown pragma
C:\Program Files (x86)\Windows Kits\10\Include\10.0.22621.0\um\WinUser.h(8284) : warning C4068: unknown pragma
C:\Program Files (x86)\Windows Kits\10\Include\10.0.22621.0\um\WinUser.h(8320) : warning C4068: unknown pragma
C:\Program Files (x86)\Windows Kits\10\Include\10.0.22621.0\um\WinUser.h(8342) : warning C4068: unknown pragma
C:\Program Files (x86)\Windows Kits\10\Include\10.0.22621.0\um\WinUser.h(8380) : warning C4068: unknown pragma
C:\Program Files (x86)\Windows Kits\10\Include\10.0.22621.0\um\WinUser.h(8384) : warning C4068: unknown pragma
C:\Program Files (x86)\Windows Kits\10\Include\10.0.22621.0\um\WinUser.h(8523) : warning C4068: unknown pragma
C:\Program Files (x86)\Windows Kits\10\Include\10.0.22621.0\um\WinUser.h(8542) : warning C4068: unknown pragma
C:\Program Files (x86)\Windows Kits\10\Include\10.0.22621.0\um\WinUser.h(8597) : warning C4068: unknown pragma
C:\Program Files (x86)\Windows Kits\10\Include\10.0.22621.0\um\WinUser.h(8600) : warning C4068: unknown pragma
C:\Program Files (x86)\Windows Kits\10\Include\10.0.22621.0\um\WinUser.h(8669) : warning C4068: unknown pragma
C:\Program Files (x86)\Windows Kits\10\Include\10.0.22621.0\um\WinUser.h(8692) : warning C4068: unknown pragma
C:\Program Files (x86)\Windows Kits\10\Include\10.0.22621.0\um\WinUser.h(8741) : warning C4068: unknown pragma
C:\Program Files (x86)\Windows Kits\10\Include\10.0.22621.0\um\WinUser.h(8750) : warning C4068: unknown pragma
C:\Program Files (x86)\Windows Kits\10\Include\10.0.22621.0\um\WinUser.h(8977) : warning C4068: unknown pragma
C:\Program Files (x86)\Windows Kits\10\Include\10.0.22621.0\um\WinUser.h(8979) : warning C4068: unknown pragma
C:\Program Files (x86)\Windows Kits\10\Include\10.0.22621.0\um\WinUser.h(8990) : warning C4068: unknown pragma
C:\Program Files (x86)\Windows Kits\10\Include\10.0.22621.0\um\WinUser.h(8992) : warning C4068: unknown pragma
C:\Program Files (x86)\Windows Kits\10\Include\10.0.22621.0\um\WinUser.h(9003) : warning C4068: unknown pragma
C:\Program Files (x86)\Windows Kits\10\Include\10.0.22621.0\um\WinUser.h(9005) : warning C4068: unknown pragma
C:\Program Files (x86)\Windows Kits\10\Include\10.0.22621.0\um\WinUser.h(9026) : warning C4068: unknown pragma
C:\Program Files (x86)\Windows Kits\10\Include\10.0.22621.0\um\WinUser.h(9028) : warning C4068: unknown pragma
C:\Program Files (x86)\Windows Kits\10\Include\10.0.22621.0\um\WinUser.h(9045) : warning C4068: unknown pragma
C:\Program Files (x86)\Windows Kits\10\Include\10.0.22621.0\um\WinUser.h(9051) : warning C4068: unknown pragma
C:\Program Files (x86)\Windows Kits\10\Include\10.0.22621.0\um\WinUser.h(9091) : warning C4068: unknown pragma
C:\Program Files (x86)\Windows Kits\10\Include\10.0.22621.0\um\WinUser.h(9166) : warning C4068: unknown pragma
C:\Program Files (x86)\Windows Kits\10\Include\10.0.22621.0\um\WinUser.h(9298) : warning C4068: unknown pragma
C:\Program Files (x86)\Windows Kits\10\Include\10.0.22621.0\um\WinUser.h(9301) : warning C4068: unknown pragma
C:\Program Files (x86)\Windows Kits\10\Include\10.0.22621.0\um\WinUser.h(9311) : warning C4068: unknown pragma
C:\Program Files (x86)\Windows Kits\10\Include\10.0.22621.0\um\WinUser.h(9315) : warning C4068: unknown pragma
C:\Program Files (x86)\Windows Kits\10\Include\10.0.22621.0\um\WinUser.h(9320) : warning C4068: unknown pragma
C:\Program Files (x86)\Windows Kits\10\Include\10.0.22621.0\um\WinUser.h(9322) : warning C4068: unknown pragma
C:\Program Files (x86)\Windows Kits\10\Include\10.0.22621.0\um\WinUser.h(9332) : warning C4068: unknown pragma
C:\Program Files (x86)\Windows Kits\10\Include\10.0.22621.0\um\WinUser.h(9334) : warning C4068: unknown pragma
C:\Program Files (x86)\Windows Kits\10\Include\10.0.22621.0\um\WinUser.h(9354) : warning C4068: unknown pragma
C:\Program Files (x86)\Windows Kits\10\Include\10.0.22621.0\um\WinUser.h(9356) : warning C4068: unknown pragma
C:\Program Files (x86)\Windows Kits\10\Include\10.0.22621.0\um\WinUser.h(9372) : warning C4068: unknown pragma
C:\Program Files (x86)\Windows Kits\10\Include\10.0.22621.0\um\WinUser.h(9374) : warning C4068: unknown pragma
C:\Program Files (x86)\Windows Kits\10\Include\10.0.22621.0\um\WinUser.h(9529) : warning C4068: unknown pragma
C:\Program Files (x86)\Windows Kits\10\Include\10.0.22621.0\um\WinUser.h(9531) : warning C4068: unknown pragma
C:\Program Files (x86)\Windows Kits\10\Include\10.0.22621.0\um\WinUser.h(9539) : warning C4068: unknown pragma
C:\Program Files (x86)\Windows Kits\10\Include\10.0.22621.0\um\WinUser.h(9547) : warning C4068: unknown pragma
C:\Program Files (x86)\Windows Kits\10\Include\10.0.22621.0\um\WinUser.h(9559) : warning C4068: unknown pragma
C:\Program Files (x86)\Windows Kits\10\Include\10.0.22621.0\um\WinUser.h(9626) : warning C4068: unknown pragma
C:\Program Files (x86)\Windows Kits\10\Include\10.0.22621.0\um\WinUser.h(9654) : warning C4068: unknown pragma
C:\Program Files (x86)\Windows Kits\10\Include\10.0.22621.0\um\WinUser.h(9658) : warning C4068: unknown pragma
C:\Program Files (x86)\Windows Kits\10\Include\10.0.22621.0\um\WinUser.h(9794) : warning C4068: unknown pragma
C:\Program Files (x86)\Windows Kits\10\Include\10.0.22621.0\um\WinUser.h(9796) : warning C4068: unknown pragma
C:\Program Files (x86)\Windows Kits\10\Include\10.0.22621.0\um\WinUser.h(9902) : warning C4068: unknown pragma
C:\Program Files (x86)\Windows Kits\10\Include\10.0.22621.0\um\WinUser.h(9904) : warning C4068: unknown pragma
C:\Program Files (x86)\Windows Kits\10\Include\10.0.22621.0\um\WinUser.h(10148) : warning C4068: unknown pragma
C:\Program Files (x86)\Windows Kits\10\Include\10.0.22621.0\um\WinUser.h(10150) : warning C4068: unknown pragma
C:\Program Files (x86)\Windows Kits\10\Include\10.0.22621.0\um\WinUser.h(10198) : warning C4068: unknown pragma
C:\Program Files (x86)\Windows Kits\10\Include\10.0.22621.0\um\WinUser.h(10200) : warning C4068: unknown pragma
C:\Program Files (x86)\Windows Kits\10\Include\10.0.22621.0\um\WinUser.h(10366) : warning C4068: unknown pragma
C:\Program Files (x86)\Windows Kits\10\Include\10.0.22621.0\um\WinUser.h(10443) : warning C4068: unknown pragma
C:\Program Files (x86)\Windows Kits\10\Include\10.0.22621.0\um\WinUser.h(10475) : warning C4068: unknown pragma
C:\Program Files (x86)\Windows Kits\10\Include\10.0.22621.0\um\WinUser.h(10525) : warning C4068: unknown pragma
C:\Program Files (x86)\Windows Kits\10\Include\10.0.22621.0\um\WinUser.h(10547) : warning C4068: unknown pragma
C:\Program Files (x86)\Windows Kits\10\Include\10.0.22621.0\um\WinUser.h(10549) : warning C4068: unknown pragma
C:\Program Files (x86)\Windows Kits\10\Include\10.0.22621.0\um\WinUser.h(10571) : warning C4068: unknown pragma
C:\Program Files (x86)\Windows Kits\10\Include\10.0.22621.0\um\WinUser.h(10573) : warning C4068: unknown pragma
C:\Program Files (x86)\Windows Kits\10\Include\10.0.22621.0\um\WinUser.h(10593) : warning C4068: unknown pragma
C:\Program Files (x86)\Windows Kits\10\Include\10.0.22621.0\um\WinUser.h(10595) : warning C4068: unknown pragma
C:\Program Files (x86)\Windows Kits\10\Include\10.0.22621.0\um\WinUser.h(10617) : warning C4068: unknown pragma
C:\Program Files (x86)\Windows Kits\10\Include\10.0.22621.0\um\WinUser.h(10619) : warning C4068: unknown pragma
C:\Program Files (x86)\Windows Kits\10\Include\10.0.22621.0\um\WinUser.h(10633) : warning C4068: unknown pragma
C:\Program Files (x86)\Windows Kits\10\Include\10.0.22621.0\um\WinUser.h(10664) : warning C4068: unknown pragma
C:\Program Files (x86)\Windows Kits\10\Include\10.0.22621.0\um\WinUser.h(10805) : warning C4068: unknown pragma
C:\Program Files (x86)\Windows Kits\10\Include\10.0.22621.0\um\WinUser.h(10807) : warning C4068: unknown pragma
C:\Program Files (x86)\Windows Kits\10\Include\10.0.22621.0\um\WinUser.h(10820) : warning C4068: unknown pragma
C:\Program Files (x86)\Windows Kits\10\Include\10.0.22621.0\um\WinUser.h(10842) : warning C4068: unknown pragma
C:\Program Files (x86)\Windows Kits\10\Include\10.0.22621.0\um\WinUser.h(10902) : warning C4068: unknown pragma
C:\Program Files (x86)\Windows Kits\10\Include\10.0.22621.0\um\WinUser.h(10906) : warning C4068: unknown pragma
C:\Program Files (x86)\Windows Kits\10\Include\10.0.22621.0\um\WinUser.h(10984) : warning C4068: unknown pragma
C:\Program Files (x86)\Windows Kits\10\Include\10.0.22621.0\um\WinUser.h(11483) : warning C4068: unknown pragma
C:\Program Files (x86)\Windows Kits\10\Include\10.0.22621.0\um\WinUser.h(11544) : warning C4068: unknown pragma
C:\Program Files (x86)\Windows Kits\10\Include\10.0.22621.0\um\WinUser.h(11560) : warning C4068: unknown pragma
C:\Program Files (x86)\Windows Kits\10\Include\10.0.22621.0\um\WinUser.h(11632) : warning C4068: unknown pragma
C:\Program Files (x86)\Windows Kits\10\Include\10.0.22621.0\um\WinUser.h(11976) : warning C4068: unknown pragma
C:\Program Files (x86)\Windows Kits\10\Include\10.0.22621.0\um\WinUser.h(12010) : warning C4068: unknown pragma
C:\Program Files (x86)\Windows Kits\10\Include\10.0.22621.0\um\WinUser.h(12033) : warning C4068: unknown pragma
C:\Program Files (x86)\Windows Kits\10\Include\10.0.22621.0\um\WinUser.h(12201) : warning C4068: unknown pragma
C:\Program Files (x86)\Windows Kits\10\Include\10.0.22621.0\um\WinUser.h(12209) : warning C4068: unknown pragma
C:\Program Files (x86)\Windows Kits\10\Include\10.0.22621.0\um\WinUser.h(12336) : warning C4068: unknown pragma
C:\Program Files (x86)\Windows Kits\10\Include\10.0.22621.0\um\WinUser.h(12352) : warning C4068: unknown pragma
C:\Program Files (x86)\Windows Kits\10\Include\10.0.22621.0\um\WinUser.h(12365) : warning C4068: unknown pragma
C:\Program Files (x86)\Windows Kits\10\Include\10.0.22621.0\um\WinUser.h(12368) : warning C4068: unknown pragma
C:\Program Files (x86)\Windows Kits\10\Include\10.0.22621.0\um\WinUser.h(12373) : warning C4068: unknown pragma
C:\Program Files (x86)\Windows Kits\10\Include\10.0.22621.0\um\WinUser.h(12787) : warning C4068: unknown pragma
C:\Program Files (x86)\Windows Kits\10\Include\10.0.22621.0\um\WinUser.h(12843) : warning C4068: unknown pragma
C:\Program Files (x86)\Windows Kits\10\Include\10.0.22621.0\um\WinUser.h(12862) : warning C4068: unknown pragma
C:\Program Files (x86)\Windows Kits\10\Include\10.0.22621.0\um\WinUser.h(12965) : warning C4068: unknown pragma
C:\Program Files (x86)\Windows Kits\10\Include\10.0.22621.0\um\WinUser.h(13008) : warning C4068: unknown pragma
C:\Program Files (x86)\Windows Kits\10\Include\10.0.22621.0\um\WinUser.h(13227) : warning C4068: unknown pragma
C:\Program Files (x86)\Windows Kits\10\Include\10.0.22621.0\um\WinUser.h(13231) : warning C4068: unknown pragma
C:\Program Files (x86)\Windows Kits\10\Include\10.0.22621.0\um\WinUser.h(13248) : warning C4068: unknown pragma
C:\Program Files (x86)\Windows Kits\10\Include\10.0.22621.0\um\WinUser.h(13261) : warning C4068: unknown pragma
C:\Program Files (x86)\Windows Kits\10\Include\10.0.22621.0\um\WinUser.h(13271) : warning C4068: unknown pragma
C:\Program Files (x86)\Windows Kits\10\Include\10.0.22621.0\um\WinUser.h(13304) : warning C4068: unknown pragma
C:\Program Files (x86)\Windows Kits\10\Include\10.0.22621.0\um\WinUser.h(13319) : warning C4068: unknown pragma
C:\Program Files (x86)\Windows Kits\10\Include\10.0.22621.0\um\WinUser.h(13340) : warning C4068: unknown pragma
C:\Program Files (x86)\Windows Kits\10\Include\10.0.22621.0\um\WinUser.h(13351) : warning C4068: unknown pragma
C:\Program Files (x86)\Windows Kits\10\Include\10.0.22621.0\um\WinUser.h(13376) : warning C4068: unknown pragma
C:\Program Files (x86)\Windows Kits\10\Include\10.0.22621.0\um\WinUser.h(13418) : warning C4068: unknown pragma
C:\Program Files (x86)\Windows Kits\10\Include\10.0.22621.0\um\WinUser.h(13427) : warning C4068: unknown pragma
C:\Program Files (x86)\Windows Kits\10\Include\10.0.22621.0\um\WinUser.h(13436) : warning C4068: unknown pragma
C:\Program Files (x86)\Windows Kits\10\Include\10.0.22621.0\um\WinUser.h(13438) : warning C4068: unknown pragma
C:\Program Files (x86)\Windows Kits\10\Include\10.0.22621.0\um\WinUser.h(13447) : warning C4068: unknown pragma
C:\Program Files (x86)\Windows Kits\10\Include\10.0.22621.0\um\WinUser.h(13459) : warning C4068: unknown pragma
C:\Program Files (x86)\Windows Kits\10\Include\10.0.22621.0\um\WinUser.h(13482) : warning C4068: unknown pragma
C:\Program Files (x86)\Windows Kits\10\Include\10.0.22621.0\um\WinUser.h(13492) : warning C4068: unknown pragma
C:\Program Files (x86)\Windows Kits\10\Include\10.0.22621.0\um\WinUser.h(13528) : warning C4068: unknown pragma
C:\Program Files (x86)\Windows Kits\10\Include\10.0.22621.0\um\WinUser.h(13541) : warning C4068: unknown pragma
C:\Program Files (x86)\Windows Kits\10\Include\10.0.22621.0\um\WinUser.h(13566) : warning C4068: unknown pragma
C:\Program Files (x86)\Windows Kits\10\Include\10.0.22621.0\um\WinUser.h(13574) : warning C4068: unknown pragma
C:\Program Files (x86)\Windows Kits\10\Include\10.0.22621.0\um\WinUser.h(13651) : warning C4068: unknown pragma
C:\Program Files (x86)\Windows Kits\10\Include\10.0.22621.0\um\WinUser.h(13655) : warning C4068: unknown pragma
C:\Program Files (x86)\Windows Kits\10\Include\10.0.22621.0\um\WinUser.h(13701) : warning C4068: unknown pragma
C:\Program Files (x86)\Windows Kits\10\Include\10.0.22621.0\um\WinUser.h(13711) : warning C4068: unknown pragma
C:\Program Files (x86)\Windows Kits\10\Include\10.0.22621.0\um\WinUser.h(13721) : warning C4068: unknown pragma
C:\Program Files (x86)\Windows Kits\10\Include\10.0.22621.0\um\WinUser.h(14329) : warning C4068: unknown pragma
C:\Program Files (x86)\Windows Kits\10\Include\10.0.22621.0\um\WinUser.h(14346) : warning C4068: unknown pragma
C:\Program Files (x86)\Windows Kits\10\Include\10.0.22621.0\um\WinUser.h(14361) : warning C4068: unknown pragma
C:\Program Files (x86)\Windows Kits\10\Include\10.0.22621.0\um\WinUser.h(14535) : warning C4068: unknown pragma
C:\Program Files (x86)\Windows Kits\10\Include\10.0.22621.0\um\WinUser.h(14575) : warning C4068: unknown pragma
C:\Program Files (x86)\Windows Kits\10\Include\10.0.22621.0\um\WinUser.h(14601) : warning C4068: unknown pragma
C:\Program Files (x86)\Windows Kits\10\Include\10.0.22621.0\um\WinUser.h(14603) : warning C4068: unknown pragma
C:\Program Files (x86)\Windows Kits\10\Include\10.0.22621.0\um\WinUser.h(14726) : warning C4068: unknown pragma
C:\Program Files (x86)\Windows Kits\10\Include\10.0.22621.0\um\WinUser.h(14735) : warning C4068: unknown pragma
C:\Program Files (x86)\Windows Kits\10\Include\10.0.22621.0\um\WinUser.h(14839) : warning C4068: unknown pragma
C:\Program Files (x86)\Windows Kits\10\Include\10.0.22621.0\um\WinUser.h(14844) : warning C4068: unknown pragma
C:\Program Files (x86)\Windows Kits\10\Include\10.0.22621.0\um\WinUser.h(14869) : warning C4068: unknown pragma
C:\Program Files (x86)\Windows Kits\10\Include\10.0.22621.0\um\WinUser.h(14877) : warning C4068: unknown pragma
C:\Program Files (x86)\Windows Kits\10\Include\10.0.22621.0\um\WinUser.h(14883) : warning C4068: unknown pragma
C:\Program Files (x86)\Windows Kits\10\Include\10.0.22621.0\um\WinUser.h(14907) : warning C4068: unknown pragma
C:\Program Files (x86)\Windows Kits\10\Include\10.0.22621.0\um\WinUser.h(14921) : warning C4068: unknown pragma
C:\Program Files (x86)\Windows Kits\10\Include\10.0.22621.0\um\WinUser.h(14931) : warning C4068: unknown pragma
C:\Program Files (x86)\Windows Kits\10\Include\10.0.22621.0\um\WinUser.h(14988) : warning C4068: unknown pragma
C:\Program Files (x86)\Windows Kits\10\Include\10.0.22621.0\um\WinUser.h(15033) : warning C4068: unknown pragma
C:\Program Files (x86)\Windows Kits\10\Include\10.0.22621.0\um\WinUser.h(15068) : warning C4068: unknown pragma
C:\Program Files (x86)\Windows Kits\10\Include\10.0.22621.0\um\WinUser.h(15086) : warning C4068: unknown pragma
C:\Program Files (x86)\Windows Kits\10\Include\10.0.22621.0\um\WinUser.h(15099) : warning C4068: unknown pragma
C:\Program Files (x86)\Windows Kits\10\Include\10.0.22621.0\um\WinUser.h(15105) : warning C4068: unknown pragma
C:\Program Files (x86)\Windows Kits\10\Include\10.0.22621.0\um\WinUser.h(15118) : warning C4068: unknown pragma
C:\Program Files (x86)\Windows Kits\10\Include\10.0.22621.0\um\WinUser.h(15135) : warning C4068: unknown pragma
C:\Program Files (x86)\Windows Kits\10\Include\10.0.22621.0\um\WinUser.h(15149) : warning C4068: unknown pragma
C:\Program Files (x86)\Windows Kits\10\Include\10.0.22621.0\um\WinUser.h(15158) : warning C4068: unknown pragma
C:\Program Files (x86)\Windows Kits\10\Include\10.0.22621.0\um\WinUser.h(15246) : warning C4068: unknown pragma
C:\Program Files (x86)\Windows Kits\10\Include\10.0.22621.0\um\WinUser.h(15278) : warning C4068: unknown pragma
C:\Program Files (x86)\Windows Kits\10\Include\10.0.22621.0\um\WinUser.h(15320) : warning C4068: unknown pragma
C:\Program Files (x86)\Windows Kits\10\Include\10.0.22621.0\um\WinUser.h(15763) : warning C4068: unknown pragma
C:\Program Files (x86)\Windows Kits\10\Include\10.0.22621.0\um\WinUser.h(15788) : warning C4068: unknown pragma
C:\Program Files (x86)\Windows Kits\10\Include\10.0.22621.0\um\WinUser.h(15954) : warning C4068: unknown pragma
C:\Program Files (x86)\Windows Kits\10\Include\10.0.22621.0\um\datetimeapi.h(25) : warning C4068: unknown pragma
C:\Program Files (x86)\Windows Kits\10\Include\10.0.22621.0\um\datetimeapi.h(91) : warning C4068: unknown pragma
C:\Program Files (x86)\Windows Kits\10\Include\10.0.22621.0\um\datetimeapi.h(93) : warning C4068: unknown pragma
C:\Program Files (x86)\Windows Kits\10\Include\10.0.22621.0\um\datetimeapi.h(122) : warning C4068: unknown pragma
C:\Program Files (x86)\Windows Kits\10\Include\10.0.22621.0\um\datetimeapi.h(124) : warning C4068: unknown pragma
C:\Program Files (x86)\Windows Kits\10\Include\10.0.22621.0\um\datetimeapi.h(143) : warning C4068: unknown pragma
C:\Program Files (x86)\Windows Kits\10\Include\10.0.22621.0\um\WinNls.h(75) : warning C4068: unknown pragma
C:\Program Files (x86)\Windows Kits\10\Include\10.0.22621.0\um\WinNls.h(1125) : warning C4068: unknown pragma
C:\Program Files (x86)\Windows Kits\10\Include\10.0.22621.0\um\WinNls.h(1127) : warning C4068: unknown pragma
C:\Program Files (x86)\Windows Kits\10\Include\10.0.22621.0\um\WinNls.h(1158) : warning C4068: unknown pragma
C:\Program Files (x86)\Windows Kits\10\Include\10.0.22621.0\um\WinNls.h(1160) : warning C4068: unknown pragma
C:\Program Files (x86)\Windows Kits\10\Include\10.0.22621.0\um\WinNls.h(1224) : warning C4068: unknown pragma
C:\Program Files (x86)\Windows Kits\10\Include\10.0.22621.0\um\WinNls.h(1226) : warning C4068: unknown pragma
C:\Program Files (x86)\Windows Kits\10\Include\10.0.22621.0\um\WinNls.h(1243) : warning C4068: unknown pragma
C:\Program Files (x86)\Windows Kits\10\Include\10.0.22621.0\um\WinNls.h(1245) : warning C4068: unknown pragma
C:\Program Files (x86)\Windows Kits\10\Include\10.0.22621.0\um\WinNls.h(1279) : warning C4068: unknown pragma
C:\Program Files (x86)\Windows Kits\10\Include\10.0.22621.0\um\WinNls.h(1281) : warning C4068: unknown pragma
C:\Program Files (x86)\Windows Kits\10\Include\10.0.22621.0\um\WinNls.h(1349) : warning C4068: unknown pragma
C:\Program Files (x86)\Windows Kits\10\Include\10.0.22621.0\um\WinNls.h(1351) : warning C4068: unknown pragma
C:\Program Files (x86)\Windows Kits\10\Include\10.0.22621.0\um\WinNls.h(1435) : warning C4068: unknown pragma
C:\Program Files (x86)\Windows Kits\10\Include\10.0.22621.0\um\WinNls.h(1437) : warning C4068: unknown pragma
C:\Program Files (x86)\Windows Kits\10\Include\10.0.22621.0\um\WinNls.h(1448) : warning C4068: unknown pragma
C:\Program Files (x86)\Windows Kits\10\Include\10.0.22621.0\um\WinNls.h(1451) : warning C4068: unknown pragma
C:\Program Files (x86)\Windows Kits\10\Include\10.0.22621.0\um\WinNls.h(1528) : warning C4068: unknown pragma
C:\Program Files (x86)\Windows Kits\10\Include\10.0.22621.0\um\WinNls.h(1530) : warning C4068: unknown pragma
C:\Program Files (x86)\Windows Kits\10\Include\10.0.22621.0\um\stringapiset.h(25) : warning C4068: unknown pragma
C:\Program Files (x86)\Windows Kits\10\Include\10.0.22621.0\um\stringapiset.h(146) : warning C4068: unknown pragma
C:\Program Files (x86)\Windows Kits\10\Include\10.0.22621.0\um\WinNls.h(1538) : warning C4068: unknown pragma
C:\Program Files (x86)\Windows Kits\10\Include\10.0.22621.0\um\WinNls.h(1540) : warning C4068: unknown pragma
C:\Program Files (x86)\Windows Kits\10\Include\10.0.22621.0\um\WinNls.h(1603) : warning C4068: unknown pragma
C:\Program Files (x86)\Windows Kits\10\Include\10.0.22621.0\um\WinNls.h(1605) : warning C4068: unknown pragma
C:\Program Files (x86)\Windows Kits\10\Include\10.0.22621.0\um\WinNls.h(1626) : warning C4068: unknown pragma
C:\Program Files (x86)\Windows Kits\10\Include\10.0.22621.0\um\WinNls.h(1628) : warning C4068: unknown pragma
C:\Program Files (x86)\Windows Kits\10\Include\10.0.22621.0\um\WinNls.h(1637) : warning C4068: unknown pragma
C:\Program Files (x86)\Windows Kits\10\Include\10.0.22621.0\um\WinNls.h(1639) : warning C4068: unknown pragma
C:\Program Files (x86)\Windows Kits\10\Include\10.0.22621.0\um\WinNls.h(1651) : warning C4068: unknown pragma
C:\Program Files (x86)\Windows Kits\10\Include\10.0.22621.0\um\WinNls.h(1653) : warning C4068: unknown pragma
C:\Program Files (x86)\Windows Kits\10\Include\10.0.22621.0\um\WinNls.h(1679) : warning C4068: unknown pragma
C:\Program Files (x86)\Windows Kits\10\Include\10.0.22621.0\um\WinNls.h(1685) : warning C4068: unknown pragma
C:\Program Files (x86)\Windows Kits\10\Include\10.0.22621.0\um\WinNls.h(1734) : warning C4068: unknown pragma
C:\Program Files (x86)\Windows Kits\10\Include\10.0.22621.0\um\WinNls.h(1736) : warning C4068: unknown pragma
C:\Program Files (x86)\Windows Kits\10\Include\10.0.22621.0\um\WinNls.h(1757) : warning C4068: unknown pragma
C:\Program Files (x86)\Windows Kits\10\Include\10.0.22621.0\um\WinNls.h(1759) : warning C4068: unknown pragma
C:\Program Files (x86)\Windows Kits\10\Include\10.0.22621.0\um\WinNls.h(1793) : warning C4068: unknown pragma
C:\Program Files (x86)\Windows Kits\10\Include\10.0.22621.0\um\WinNls.h(1795) : warning C4068: unknown pragma
C:\Program Files (x86)\Windows Kits\10\Include\10.0.22621.0\um\WinNls.h(1828) : warning C4068: unknown pragma
C:\Program Files (x86)\Windows Kits\10\Include\10.0.22621.0\um\WinNls.h(1830) : warning C4068: unknown pragma
C:\Program Files (x86)\Windows Kits\10\Include\10.0.22621.0\um\WinNls.h(1907) : warning C4068: unknown pragma
C:\Program Files (x86)\Windows Kits\10\Include\10.0.22621.0\um\WinNls.h(1909) : warning C4068: unknown pragma
C:\Program Files (x86)\Windows Kits\10\Include\10.0.22621.0\um\WinNls.h(1938) : warning C4068: unknown pragma
C:\Program Files (x86)\Windows Kits\10\Include\10.0.22621.0\um\WinNls.h(1940) : warning C4068: unknown pragma
C:\Program Files (x86)\Windows Kits\10\Include\10.0.22621.0\um\WinNls.h(1961) : warning C4068: unknown pragma
C:\Program Files (x86)\Windows Kits\10\Include\10.0.22621.0\um\WinNls.h(1963) : warning C4068: unknown pragma
C:\Program Files (x86)\Windows Kits\10\Include\10.0.22621.0\um\WinNls.h(1991) : warning C4068: unknown pragma
C:\Program Files (x86)\Windows Kits\10\Include\10.0.22621.0\um\WinNls.h(1993) : warning C4068: unknown pragma
C:\Program Files (x86)\Windows Kits\10\Include\10.0.22621.0\um\WinNls.h(2012) : warning C4068: unknown pragma
C:\Program Files (x86)\Windows Kits\10\Include\10.0.22621.0\um\WinNls.h(2014) : warning C4068: unknown pragma
C:\Program Files (x86)\Windows Kits\10\Include\10.0.22621.0\um\WinNls.h(2074) : warning C4068: unknown pragma
C:\Program Files (x86)\Windows Kits\10\Include\10.0.22621.0\um\WinNls.h(2076) : warning C4068: unknown pragma
C:\Program Files (x86)\Windows Kits\10\Include\10.0.22621.0\um\WinNls.h(2198) : warning C4068: unknown pragma
C:\Program Files (x86)\Windows Kits\10\Include\10.0.22621.0\um\WinNls.h(2200) : warning C4068: unknown pragma
C:\Program Files (x86)\Windows Kits\10\Include\10.0.22621.0\um\WinNls.h(2223) : warning C4068: unknown pragma
C:\Program Files (x86)\Windows Kits\10\Include\10.0.22621.0\um\WinNls.h(2225) : warning C4068: unknown pragma
C:\Program Files (x86)\Windows Kits\10\Include\10.0.22621.0\um\WinNls.h(2237) : warning C4068: unknown pragma
C:\Program Files (x86)\Windows Kits\10\Include\10.0.22621.0\um\WinNls.h(2239) : warning C4068: unknown pragma
C:\Program Files (x86)\Windows Kits\10\Include\10.0.22621.0\um\WinNls.h(2282) : warning C4068: unknown pragma
C:\Program Files (x86)\Windows Kits\10\Include\10.0.22621.0\um\WinNls.h(2284) : warning C4068: unknown pragma
C:\Program Files (x86)\Windows Kits\10\Include\10.0.22621.0\um\WinNls.h(2308) : warning C4068: unknown pragma
C:\Program Files (x86)\Windows Kits\10\Include\10.0.22621.0\um\WinNls.h(2310) : warning C4068: unknown pragma
C:\Program Files (x86)\Windows Kits\10\Include\10.0.22621.0\um\WinNls.h(2335) : warning C4068: unknown pragma
C:\Program Files (x86)\Windows Kits\10\Include\10.0.22621.0\um\WinNls.h(2337) : warning C4068: unknown pragma
C:\Program Files (x86)\Windows Kits\10\Include\10.0.22621.0\um\WinNls.h(2374) : warning C4068: unknown pragma
C:\Program Files (x86)\Windows Kits\10\Include\10.0.22621.0\um\WinNls.h(2376) : warning C4068: unknown pragma
C:\Program Files (x86)\Windows Kits\10\Include\10.0.22621.0\um\WinNls.h(2394) : warning C4068: unknown pragma
C:\Program Files (x86)\Windows Kits\10\Include\10.0.22621.0\um\WinNls.h(2396) : warning C4068: unknown pragma
C:\Program Files (x86)\Windows Kits\10\Include\10.0.22621.0\um\WinNls.h(2413) : warning C4068: unknown pragma
C:\Program Files (x86)\Windows Kits\10\Include\10.0.22621.0\um\WinNls.h(2415) : warning C4068: unknown pragma
C:\Program Files (x86)\Windows Kits\10\Include\10.0.22621.0\um\WinNls.h(2437) : warning C4068: unknown pragma
C:\Program Files (x86)\Windows Kits\10\Include\10.0.22621.0\um\WinNls.h(2439) : warning C4068: unknown pragma
C:\Program Files (x86)\Windows Kits\10\Include\10.0.22621.0\um\WinNls.h(2444) : warning C4068: unknown pragma
C:\Program Files (x86)\Windows Kits\10\Include\10.0.22621.0\um\WinNls.h(2446) : warning C4068: unknown pragma
C:\Program Files (x86)\Windows Kits\10\Include\10.0.22621.0\um\WinNls.h(2484) : warning C4068: unknown pragma
C:\Program Files (x86)\Windows Kits\10\Include\10.0.22621.0\um\WinNls.h(2486) : warning C4068: unknown pragma
C:\Program Files (x86)\Windows Kits\10\Include\10.0.22621.0\um\WinNls.h(2503) : warning C4068: unknown pragma
C:\Program Files (x86)\Windows Kits\10\Include\10.0.22621.0\um\WinNls.h(2505) : warning C4068: unknown pragma
C:\Program Files (x86)\Windows Kits\10\Include\10.0.22621.0\um\WinNls.h(2579) : warning C4068: unknown pragma
C:\Program Files (x86)\Windows Kits\10\Include\10.0.22621.0\um\WinNls.h(2581) : warning C4068: unknown pragma
C:\Program Files (x86)\Windows Kits\10\Include\10.0.22621.0\um\WinNls.h(2605) : warning C4068: unknown pragma
C:\Program Files (x86)\Windows Kits\10\Include\10.0.22621.0\um\WinNls.h(2607) : warning C4068: unknown pragma
C:\Program Files (x86)\Windows Kits\10\Include\10.0.22621.0\um\WinNls.h(2626) : warning C4068: unknown pragma
C:\Program Files (x86)\Windows Kits\10\Include\10.0.22621.0\um\WinNls.h(2633) : warning C4068: unknown pragma
C:\Program Files (x86)\Windows Kits\10\Include\10.0.22621.0\um\WinNls.h(2685) : warning C4068: unknown pragma
C:\Program Files (x86)\Windows Kits\10\Include\10.0.22621.0\um\WinNls.h(2687) : warning C4068: unknown pragma
C:\Program Files (x86)\Windows Kits\10\Include\10.0.22621.0\um\WinNls.h(2715) : warning C4068: unknown pragma
C:\Program Files (x86)\Windows Kits\10\Include\10.0.22621.0\um\WinNls.h(2717) : warning C4068: unknown pragma
C:\Program Files (x86)\Windows Kits\10\Include\10.0.22621.0\um\WinNls.h(2769) : warning C4068: unknown pragma
C:\Program Files (x86)\Windows Kits\10\Include\10.0.22621.0\um\WinNls.h(2771) : warning C4068: unknown pragma
C:\Program Files (x86)\Windows Kits\10\Include\10.0.22621.0\um\WinNls.h(2799) : warning C4068: unknown pragma
C:\Program Files (x86)\Windows Kits\10\Include\10.0.22621.0\um\WinNls.h(2801) : warning C4068: unknown pragma
C:\Program Files (x86)\Windows Kits\10\Include\10.0.22621.0\um\WinNls.h(2825) : warning C4068: unknown pragma
C:\Program Files (x86)\Windows Kits\10\Include\10.0.22621.0\um\WinNls.h(2831) : warning C4068: unknown pragma
C:\Program Files (x86)\Windows Kits\10\Include\10.0.22621.0\um\WinNls.h(2866) : warning C4068: unknown pragma
C:\Program Files (x86)\Windows Kits\10\Include\10.0.22621.0\um\WinNls.h(2868) : warning C4068: unknown pragma
C:\Program Files (x86)\Windows Kits\10\Include\10.0.22621.0\um\WinNls.h(2908) : warning C4068: unknown pragma
C:\Program Files (x86)\Windows Kits\10\Include\10.0.22621.0\um\WinNls.h(3192) : warning C4068: unknown pragma
C:\Program Files (x86)\Windows Kits\10\Include\10.0.22621.0\um\WinNls.h(3197) : warning C4068: unknown pragma
C:\Program Files (x86)\Windows Kits\10\Include\10.0.22621.0\um\wincontypes.h(33) : warning C4068: unknown pragma
C:\Program Files (x86)\Windows Kits\10\Include\10.0.22621.0\um\wincontypes.h(159) : warning C4068: unknown pragma
C:\Program Files (x86)\Windows Kits\10\Include\10.0.22621.0\um\consoleapi.h(28) : warning C4068: unknown pragma
C:\Program Files (x86)\Windows Kits\10\Include\10.0.22621.0\um\consoleapi.h(275) : warning C4068: unknown pragma
C:\Program Files (x86)\Windows Kits\10\Include\10.0.22621.0\um\consoleapi.h(277) : warning C4068: unknown pragma
C:\Program Files (x86)\Windows Kits\10\Include\10.0.22621.0\um\consoleapi.h(314) : warning C4068: unknown pragma
C:\Program Files (x86)\Windows Kits\10\Include\10.0.22621.0\um\consoleapi2.h(28) : warning C4068: unknown pragma
C:\Program Files (x86)\Windows Kits\10\Include\10.0.22621.0\um\consoleapi2.h(491) : warning C4068: unknown pragma
C:\Program Files (x86)\Windows Kits\10\Include\10.0.22621.0\um\consoleapi3.h(32) : warning C4068: unknown pragma
C:\Program Files (x86)\Windows Kits\10\Include\10.0.22621.0\um\consoleapi3.h(402) : warning C4068: unknown pragma
C:\Program Files (x86)\Windows Kits\10\Include\10.0.22621.0\um\verrsrc.h(13) : warning C4068: unknown pragma
C:\Program Files (x86)\Windows Kits\10\Include\10.0.22621.0\um\verrsrc.h(88) : warning C4068: unknown pragma
C:\Program Files (x86)\Windows Kits\10\Include\10.0.22621.0\um\verrsrc.h(90) : warning C4068: unknown pragma
C:\Program Files (x86)\Windows Kits\10\Include\10.0.22621.0\um\verrsrc.h(171) : warning C4068: unknown pragma
C:\Program Files (x86)\Windows Kits\10\Include\10.0.22621.0\um\winver.h(26) : warning C4068: unknown pragma
C:\Program Files (x86)\Windows Kits\10\Include\10.0.22621.0\um\winver.h(67) : warning C4068: unknown pragma
C:\Program Files (x86)\Windows Kits\10\Include\10.0.22621.0\um\winver.h(69) : warning C4068: unknown pragma
C:\Program Files (x86)\Windows Kits\10\Include\10.0.22621.0\um\winver.h(107) : warning C4068: unknown pragma
C:\Program Files (x86)\Windows Kits\10\Include\10.0.22621.0\um\winver.h(109) : warning C4068: unknown pragma
C:\Program Files (x86)\Windows Kits\10\Include\10.0.22621.0\um\winver.h(185) : warning C4068: unknown pragma
C:\Program Files (x86)\Windows Kits\10\Include\10.0.22621.0\um\winver.h(187) : warning C4068: unknown pragma
C:\Program Files (x86)\Windows Kits\10\Include\10.0.22621.0\um\winver.h(196) : warning C4068: unknown pragma
C:\Program Files (x86)\Windows Kits\10\Include\10.0.22621.0\um\winver.h(198) : warning C4068: unknown pragma
C:\Program Files (x86)\Windows Kits\10\Include\10.0.22621.0\um\winver.h(249) : warning C4068: unknown pragma
C:\Program Files (x86)\Windows Kits\10\Include\10.0.22621.0\um\winreg.h(39) : warning C4068: unknown pragma
C:\Program Files (x86)\Windows Kits\10\Include\10.0.22621.0\um\winreg.h(47) : warning C4068: unknown pragma
C:\Program Files (x86)\Windows Kits\10\Include\10.0.22621.0\um\winreg.h(49) : warning C4068: unknown pragma
C:\Program Files (x86)\Windows Kits\10\Include\10.0.22621.0\um\winreg.h(55) : warning C4068: unknown pragma
C:\Program Files (x86)\Windows Kits\10\Include\10.0.22621.0\um\winreg.h(57) : warning C4068: unknown pragma
C:\Program Files (x86)\Windows Kits\10\Include\10.0.22621.0\um\winreg.h(93) : warning C4068: unknown pragma
C:\Program Files (x86)\Windows Kits\10\Include\10.0.22621.0\um\winreg.h(95) : warning C4068: unknown pragma
C:\Program Files (x86)\Windows Kits\10\Include\10.0.22621.0\um\winreg.h(121) : warning C4068: unknown pragma
C:\Program Files (x86)\Windows Kits\10\Include\10.0.22621.0\um\winreg.h(123) : warning C4068: unknown pragma
C:\Program Files (x86)\Windows Kits\10\Include\10.0.22621.0\um\winreg.h(215) : warning C4068: unknown pragma
C:\Program Files (x86)\Windows Kits\10\Include\10.0.22621.0\um\winreg.h(217) : warning C4068: unknown pragma
C:\Program Files (x86)\Windows Kits\10\Include\10.0.22621.0\um\winreg.h(232) : warning C4068: unknown pragma
C:\Program Files (x86)\Windows Kits\10\Include\10.0.22621.0\um\winreg.h(238) : warning C4068: unknown pragma
C:\Program Files (x86)\Windows Kits\10\Include\10.0.22621.0\um\winreg.h(249) : warning C4068: unknown pragma
C:\Program Files (x86)\Windows Kits\10\Include\10.0.22621.0\um\winreg.h(251) : warning C4068: unknown pragma
C:\Program Files (x86)\Windows Kits\10\Include\10.0.22621.0\um\winreg.h(317) : warning C4068: unknown pragma
C:\Program Files (x86)\Windows Kits\10\Include\10.0.22621.0\um\winreg.h(319) : warning C4068: unknown pragma
C:\Program Files (x86)\Windows Kits\10\Include\10.0.22621.0\um\winreg.h(347) : warning C4068: unknown pragma
C:\Program Files (x86)\Windows Kits\10\Include\10.0.22621.0\um\winreg.h(349) : warning C4068: unknown pragma
C:\Program Files (x86)\Windows Kits\10\Include\10.0.22621.0\um\winreg.h(410) : warning C4068: unknown pragma
C:\Program Files (x86)\Windows Kits\10\Include\10.0.22621.0\um\winreg.h(412) : warning C4068: unknown pragma
C:\Program Files (x86)\Windows Kits\10\Include\10.0.22621.0\um\winreg.h(454) : warning C4068: unknown pragma
C:\Program Files (x86)\Windows Kits\10\Include\10.0.22621.0\um\winreg.h(456) : warning C4068: unknown pragma
C:\Program Files (x86)\Windows Kits\10\Include\10.0.22621.0\um\winreg.h(505) : warning C4068: unknown pragma
C:\Program Files (x86)\Windows Kits\10\Include\10.0.22621.0\um\winreg.h(507) : warning C4068: unknown pragma
C:\Program Files (x86)\Windows Kits\10\Include\10.0.22621.0\um\winreg.h(539) : warning C4068: unknown pragma
C:\Program Files (x86)\Windows Kits\10\Include\10.0.22621.0\um\winreg.h(541) : warning C4068: unknown pragma
C:\Program Files (x86)\Windows Kits\10\Include\10.0.22621.0\um\winreg.h(567) : warning C4068: unknown pragma
C:\Program Files (x86)\Windows Kits\10\Include\10.0.22621.0\um\winreg.h(569) : warning C4068: unknown pragma
C:\Program Files (x86)\Windows Kits\10\Include\10.0.22621.0\um\winreg.h(684) : warning C4068: unknown pragma
C:\Program Files (x86)\Windows Kits\10\Include\10.0.22621.0\um\winreg.h(686) : warning C4068: unknown pragma
C:\Program Files (x86)\Windows Kits\10\Include\10.0.22621.0\um\winreg.h(741) : warning C4068: unknown pragma
C:\Program Files (x86)\Windows Kits\10\Include\10.0.22621.0\um\winreg.h(743) : warning C4068: unknown pragma
C:\Program Files (x86)\Windows Kits\10\Include\10.0.22621.0\um\winreg.h(796) : warning C4068: unknown pragma
C:\Program Files (x86)\Windows Kits\10\Include\10.0.22621.0\um\winreg.h(798) : warning C4068: unknown pragma
C:\Program Files (x86)\Windows Kits\10\Include\10.0.22621.0\um\winreg.h(832) : warning C4068: unknown pragma
C:\Program Files (x86)\Windows Kits\10\Include\10.0.22621.0\um\winreg.h(834) : warning C4068: unknown pragma
C:\Program Files (x86)\Windows Kits\10\Include\10.0.22621.0\um\winreg.h(879) : warning C4068: unknown pragma
C:\Program Files (x86)\Windows Kits\10\Include\10.0.22621.0\um\winreg.h(881) : warning C4068: unknown pragma
C:\Program Files (x86)\Windows Kits\10\Include\10.0.22621.0\um\winreg.h(940) : warning C4068: unknown pragma
C:\Program Files (x86)\Windows Kits\10\Include\10.0.22621.0\um\winreg.h(942) : warning C4068: unknown pragma
C:\Program Files (x86)\Windows Kits\10\Include\10.0.22621.0\um\winreg.h(975) : warning C4068: unknown pragma
C:\Program Files (x86)\Windows Kits\10\Include\10.0.22621.0\um\winreg.h(977) : warning C4068: unknown pragma
C:\Program Files (x86)\Windows Kits\10\Include\10.0.22621.0\um\winreg.h(1028) : warning C4068: unknown pragma
C:\Program Files (x86)\Windows Kits\10\Include\10.0.22621.0\um\winreg.h(1030) : warning C4068: unknown pragma
C:\Program Files (x86)\Windows Kits\10\Include\10.0.22621.0\um\winreg.h(1047) : warning C4068: unknown pragma
C:\Program Files (x86)\Windows Kits\10\Include\10.0.22621.0\um\winreg.h(1049) : warning C4068: unknown pragma
C:\Program Files (x86)\Windows Kits\10\Include\10.0.22621.0\um\winreg.h(1110) : warning C4068: unknown pragma
C:\Program Files (x86)\Windows Kits\10\Include\10.0.22621.0\um\winreg.h(1112) : warning C4068: unknown pragma
C:\Program Files (x86)\Windows Kits\10\Include\10.0.22621.0\um\winreg.h(1145) : warning C4068: unknown pragma
C:\Program Files (x86)\Windows Kits\10\Include\10.0.22621.0\um\winreg.h(1147) : warning C4068: unknown pragma
C:\Program Files (x86)\Windows Kits\10\Include\10.0.22621.0\um\winreg.h(1387) : warning C4068: unknown pragma
C:\Program Files (x86)\Windows Kits\10\Include\10.0.22621.0\um\winreg.h(1389) : warning C4068: unknown pragma
C:\Program Files (x86)\Windows Kits\10\Include\10.0.22621.0\um\reason.h(19) : warning C4068: unknown pragma
C:\Program Files (x86)\Windows Kits\10\Include\10.0.22621.0\um\reason.h(124) : warning C4068: unknown pragma
C:\Program Files (x86)\Windows Kits\10\Include\10.0.22621.0\um\winreg.h(1556) : warning C4068: unknown pragma
C:\Program Files (x86)\Windows Kits\10\Include\10.0.22621.0\um\winreg.h(1558) : warning C4068: unknown pragma
C:\Program Files (x86)\Windows Kits\10\Include\10.0.22621.0\um\winreg.h(1587) : warning C4068: unknown pragma
C:\Program Files (x86)\Windows Kits\10\Include\10.0.22621.0\um\winnetwk.h(42) : warning C4068: unknown pragma
C:\Program Files (x86)\Windows Kits\10\Include\10.0.22621.0\shared\wnnc.h(28) : warning C4068: unknown pragma
C:\Program Files (x86)\Windows Kits\10\Include\10.0.22621.0\shared\wnnc.h(117) : warning C4068: unknown pragma
C:\Program Files (x86)\Windows Kits\10\Include\10.0.22621.0\um\winnetwk.h(321) : warning C4068: unknown pragma
C:\Program Files (x86)\Windows Kits\10\Include\10.0.22621.0\um\winnetwk.h(323) : warning C4068: unknown pragma
C:\Program Files (x86)\Windows Kits\10\Include\10.0.22621.0\um\winnetwk.h(346) : warning C4068: unknown pragma
C:\Program Files (x86)\Windows Kits\10\Include\10.0.22621.0\um\winnetwk.h(348) : warning C4068: unknown pragma
C:\Program Files (x86)\Windows Kits\10\Include\10.0.22621.0\um\winnetwk.h(919) : warning C4068: unknown pragma
C:\Program Files (x86)\Windows Kits\10\Include\10.0.22621.0\shared\stralign.h(68) : warning C4068: unknown pragma
C:\Program Files (x86)\Windows Kits\10\Include\10.0.22621.0\shared\stralign.h(680) : warning C4068: unknown pragma
C:\Program Files (x86)\Windows Kits\10\Include\10.0.22621.0\um\winsvc.h(44) : warning C4068: unknown pragma
C:\Program Files (x86)\Windows Kits\10\Include\10.0.22621.0\um\winsvc.h(1182) : warning C4068: unknown pragma
C:\Program Files (x86)\Windows Kits\10\Include\10.0.22621.0\um\winsvc.h(1184) : warning C4068: unknown pragma
C:\Program Files (x86)\Windows Kits\10\Include\10.0.22621.0\um\winsvc.h(1224) : warning C4068: unknown pragma
C:\Program Files (x86)\Windows Kits\10\Include\10.0.22621.0\um\winsvc.h(1226) : warning C4068: unknown pragma
C:\Program Files (x86)\Windows Kits\10\Include\10.0.22621.0\um\winsvc.h(1326) : warning C4068: unknown pragma
C:\Program Files (x86)\Windows Kits\10\Include\10.0.22621.0\um\winsvc.h(1328) : warning C4068: unknown pragma
C:\Program Files (x86)\Windows Kits\10\Include\10.0.22621.0\um\winsvc.h(1346) : warning C4068: unknown pragma
C:\Program Files (x86)\Windows Kits\10\Include\10.0.22621.0\um\winsvc.h(1348) : warning C4068: unknown pragma
C:\Program Files (x86)\Windows Kits\10\Include\10.0.22621.0\um\winsvc.h(1472) : warning C4068: unknown pragma
C:\Program Files (x86)\Windows Kits\10\Include\10.0.22621.0\um\winsvc.h(1474) : warning C4068: unknown pragma
C:\Program Files (x86)\Windows Kits\10\Include\10.0.22621.0\um\winsvc.h(1506) : warning C4068: unknown pragma
C:\Program Files (x86)\Windows Kits\10\Include\10.0.22621.0\um\winsvc.h(1508) : warning C4068: unknown pragma
C:\Program Files (x86)\Windows Kits\10\Include\10.0.22621.0\um\winsvc.h(1657) : warning C4068: unknown pragma
C:\Program Files (x86)\Windows Kits\10\Include\10.0.22621.0\um\winsvc.h(1659) : warning C4068: unknown pragma
C:\Program Files (x86)\Windows Kits\10\Include\10.0.22621.0\um\winsvc.h(1670) : warning C4068: unknown pragma
C:\Program Files (x86)\Windows Kits\10\Include\10.0.22621.0\um\winsvc.h(1672) : warning C4068: unknown pragma
C:\Program Files (x86)\Windows Kits\10\Include\10.0.22621.0\um\winsvc.h(1865) : warning C4068: unknown pragma
C:\Program Files (x86)\Windows Kits\10\Include\10.0.22621.0\um\imm.h(27) : warning C4068: unknown pragma
C:\Program Files (x86)\Windows Kits\10\Include\10.0.22621.0\um\imm.h(39) : warning C4068: unknown pragma
C:\Program Files (x86)\Windows Kits\10\Include\10.0.22621.0\um\imm.h(41) : warning C4068: unknown pragma
C:\Program Files (x86)\Windows Kits\10\Include\10.0.22621.0\um\imm.h(48) : warning C4068: unknown pragma
C:\Program Files (x86)\Windows Kits\10\Include\10.0.22621.0\um\imm.h(50) : warning C4068: unknown pragma
C:\Program Files (x86)\Windows Kits\10\Include\10.0.22621.0\um\imm.h(68) : warning C4068: unknown pragma
C:\Program Files (x86)\Windows Kits\10\Include\10.0.22621.0\um\imm.h(72) : warning C4068: unknown pragma
C:\Program Files (x86)\Windows Kits\10\Include\10.0.22621.0\um\imm.h(86) : warning C4068: unknown pragma
C:\Program Files (x86)\Windows Kits\10\Include\10.0.22621.0\um\imm.h(89) : warning C4068: unknown pragma
C:\Program Files (x86)\Windows Kits\10\Include\10.0.22621.0\um\imm.h(113) : warning C4068: unknown pragma
C:\Program Files (x86)\Windows Kits\10\Include\10.0.22621.0\um\imm.h(117) : warning C4068: unknown pragma
C:\Program Files (x86)\Windows Kits\10\Include\10.0.22621.0\um\imm.h(132) : warning C4068: unknown pragma
C:\Program Files (x86)\Windows Kits\10\Include\10.0.22621.0\um\imm.h(138) : warning C4068: unknown pragma
C:\Program Files (x86)\Windows Kits\10\Include\10.0.22621.0\um\imm.h(162) : warning C4068: unknown pragma
C:\Program Files (x86)\Windows Kits\10\Include\10.0.22621.0\um\imm.h(168) : warning C4068: unknown pragma
C:\Program Files (x86)\Windows Kits\10\Include\10.0.22621.0\um\imm.h(216) : warning C4068: unknown pragma
C:\Program Files (x86)\Windows Kits\10\Include\10.0.22621.0\um\imm.h(224) : warning C4068: unknown pragma
C:\Program Files (x86)\Windows Kits\10\Include\10.0.22621.0\um\imm.h(433) : warning C4068: unknown pragma
C:\Program Files (x86)\Windows Kits\10\Include\10.0.22621.0\um\Windows.h(271) : warning C4068: unknown pragma
C:\Program Files (x86)\Windows Kits\10\Include\10.0.22621.0\shared\d3d9.h(21) : warning C4068: unknown pragma
C:\Program Files (x86)\Windows Kits\10\Include\10.0.22621.0\shared\rpcdce.h(34) : warning C4068: unknown pragma
C:\Program Files (x86)\Windows Kits\10\Include\10.0.22621.0\shared\rpcdce.h(90) : warning C4068: unknown pragma
C:\Program Files (x86)\Windows Kits\10\Include\10.0.22621.0\shared\rpcdce.h(92) : warning C4068: unknown pragma
C:\Program Files (x86)\Windows Kits\10\Include\10.0.22621.0\shared\rpcdce.h(114) : warning C4068: unknown pragma
C:\Program Files (x86)\Windows Kits\10\Include\10.0.22621.0\shared\rpcdce.h(116) : warning C4068: unknown pragma
C:\Program Files (x86)\Windows Kits\10\Include\10.0.22621.0\shared\rpcdce.h(132) : warning C4068: unknown pragma
C:\Program Files (x86)\Windows Kits\10\Include\10.0.22621.0\shared\rpcdce.h(134) : warning C4068: unknown pragma
C:\Program Files (x86)\Windows Kits\10\Include\10.0.22621.0\shared\rpcdce.h(268) : warning C4068: unknown pragma
C:\Program Files (x86)\Windows Kits\10\Include\10.0.22621.0\shared\rpcdce.h(270) : warning C4068: unknown pragma
C:\Program Files (x86)\Windows Kits\10\Include\10.0.22621.0\shared\rpcdce.h(376) : warning C4068: unknown pragma
C:\Program Files (x86)\Windows Kits\10\Include\10.0.22621.0\shared\rpcdce.h(378) : warning C4068: unknown pragma
C:\Program Files (x86)\Windows Kits\10\Include\10.0.22621.0\shared\rpcdce.h(391) : warning C4068: unknown pragma
C:\Program Files (x86)\Windows Kits\10\Include\10.0.22621.0\shared\rpcdce.h(393) : warning C4068: unknown pragma
C:\Program Files (x86)\Windows Kits\10\Include\10.0.22621.0\shared\rpcdce.h(439) : warning C4068: unknown pragma
C:\Program Files (x86)\Windows Kits\10\Include\10.0.22621.0\shared\rpcdce.h(441) : warning C4068: unknown pragma
C:\Program Files (x86)\Windows Kits\10\Include\10.0.22621.0\shared\rpcdce.h(455) : warning C4068: unknown pragma
C:\Program Files (x86)\Windows Kits\10\Include\10.0.22621.0\shared\rpcdce.h(462) : warning C4068: unknown pragma
C:\Program Files (x86)\Windows Kits\10\Include\10.0.22621.0\shared\rpcdce.h(490) : warning C4068: unknown pragma
C:\Program Files (x86)\Windows Kits\10\Include\10.0.22621.0\shared\rpcdce.h(505) : warning C4068: unknown pragma
C:\Program Files (x86)\Windows Kits\10\Include\10.0.22621.0\shared\rpcdce.h(517) : warning C4068: unknown pragma
C:\Program Files (x86)\Windows Kits\10\Include\10.0.22621.0\shared\rpcdce.h(526) : warning C4068: unknown pragma
C:\Program Files (x86)\Windows Kits\10\Include\10.0.22621.0\shared\rpcdce.h(562) : warning C4068: unknown pragma
C:\Program Files (x86)\Windows Kits\10\Include\10.0.22621.0\shared\rpcdce.h(591) : warning C4068: unknown pragma
C:\Program Files (x86)\Windows Kits\10\Include\10.0.22621.0\shared\rpcdce.h(627) : warning C4068: unknown pragma
C:\Program Files (x86)\Windows Kits\10\Include\10.0.22621.0\shared\rpcdce.h(657) : warning C4068: unknown pragma
C:\Program Files (x86)\Windows Kits\10\Include\10.0.22621.0\shared\rpcdce.h(681) : warning C4068: unknown pragma
C:\Program Files (x86)\Windows Kits\10\Include\10.0.22621.0\shared\rpcdce.h(715) : warning C4068: unknown pragma
C:\Program Files (x86)\Windows Kits\10\Include\10.0.22621.0\shared\rpcdce.h(741) : warning C4068: unknown pragma
C:\Program Files (x86)\Windows Kits\10\Include\10.0.22621.0\shared\rpcdce.h(771) : warning C4068: unknown pragma
C:\Program Files (x86)\Windows Kits\10\Include\10.0.22621.0\shared\rpcdce.h(794) : warning C4068: unknown pragma
C:\Program Files (x86)\Windows Kits\10\Include\10.0.22621.0\shared\rpcdce.h(796) : warning C4068: unknown pragma
C:\Program Files (x86)\Windows Kits\10\Include\10.0.22621.0\shared\rpcdce.h(1324) : warning C4068: unknown pragma
C:\Program Files (x86)\Windows Kits\10\Include\10.0.22621.0\shared\rpcdce.h(1326) : warning C4068: unknown pragma
C:\Program Files (x86)\Windows Kits\10\Include\10.0.22621.0\shared\rpcdce.h(1349) : warning C4068: unknown pragma
C:\Program Files (x86)\Windows Kits\10\Include\10.0.22621.0\shared\rpcdce.h(1351) : warning C4068: unknown pragma
C:\Program Files (x86)\Windows Kits\10\Include\10.0.22621.0\shared\rpcdce.h(1415) : warning C4068: unknown pragma
C:\Program Files (x86)\Windows Kits\10\Include\10.0.22621.0\shared\rpcdce.h(1419) : warning C4068: unknown pragma
C:\Program Files (x86)\Windows Kits\10\Include\10.0.22621.0\shared\rpcdce.h(1449) : warning C4068: unknown pragma
C:\Program Files (x86)\Windows Kits\10\Include\10.0.22621.0\shared\rpcdce.h(1470) : warning C4068: unknown pragma
C:\Program Files (x86)\Windows Kits\10\Include\10.0.22621.0\shared\rpcdce.h(1512) : warning C4068: unknown pragma
C:\Program Files (x86)\Windows Kits\10\Include\10.0.22621.0\shared\rpcdce.h(1514) : warning C4068: unknown pragma
C:\Program Files (x86)\Windows Kits\10\Include\10.0.22621.0\shared\rpcdce.h(1528) : warning C4068: unknown pragma
C:\Program Files (x86)\Windows Kits\10\Include\10.0.22621.0\shared\rpcdce.h(1530) : warning C4068: unknown pragma
C:\Program Files (x86)\Windows Kits\10\Include\10.0.22621.0\shared\rpcdce.h(1577) : warning C4068: unknown pragma
C:\Program Files (x86)\Windows Kits\10\Include\10.0.22621.0\shared\rpcdce.h(1579) : warning C4068: unknown pragma
C:\Program Files (x86)\Windows Kits\10\Include\10.0.22621.0\shared\rpcdce.h(1942) : warning C4068: unknown pragma
C:\Program Files (x86)\Windows Kits\10\Include\10.0.22621.0\shared\rpcdce.h(1946) : warning C4068: unknown pragma
C:\Program Files (x86)\Windows Kits\10\Include\10.0.22621.0\shared\rpcdce.h(2033) : warning C4068: unknown pragma
C:\Program Files (x86)\Windows Kits\10\Include\10.0.22621.0\shared\rpcdce.h(2204) : warning C4068: unknown pragma
C:\Program Files (x86)\Windows Kits\10\Include\10.0.22621.0\shared\rpcdce.h(2241) : warning C4068: unknown pragma
C:\Program Files (x86)\Windows Kits\10\Include\10.0.22621.0\shared\rpcdce.h(2245) : warning C4068: unknown pragma
C:\Program Files (x86)\Windows Kits\10\Include\10.0.22621.0\shared\rpcdce.h(2254) : warning C4068: unknown pragma
C:\Program Files (x86)\Windows Kits\10\Include\10.0.22621.0\shared\rpcdce.h(2256) : warning C4068: unknown pragma
C:\Program Files (x86)\Windows Kits\10\Include\10.0.22621.0\shared\rpcdce.h(2307) : warning C4068: unknown pragma
C:\Program Files (x86)\Windows Kits\10\Include\10.0.22621.0\shared\rpcdce.h(2313) : warning C4068: unknown pragma
C:\Program Files (x86)\Windows Kits\10\Include\10.0.22621.0\shared\rpcdce.h(2369) : warning C4068: unknown pragma
C:\Program Files (x86)\Windows Kits\10\Include\10.0.22621.0\shared\rpcdce.h(2371) : warning C4068: unknown pragma
C:\Program Files (x86)\Windows Kits\10\Include\10.0.22621.0\shared\rpcdce.h(2485) : warning C4068: unknown pragma
C:\Program Files (x86)\Windows Kits\10\Include\10.0.22621.0\shared\rpcdce.h(2487) : warning C4068: unknown pragma
C:\Program Files (x86)\Windows Kits\10\Include\10.0.22621.0\shared\rpcdce.h(2530) : warning C4068: unknown pragma
C:\Program Files (x86)\Windows Kits\10\Include\10.0.22621.0\shared\rpcdce.h(2532) : warning C4068: unknown pragma
C:\Program Files (x86)\Windows Kits\10\Include\10.0.22621.0\shared\rpcdce.h(2554) : warning C4068: unknown pragma
C:\Program Files (x86)\Windows Kits\10\Include\10.0.22621.0\shared\rpcdce.h(2634) : warning C4068: unknown pragma
C:\Program Files (x86)\Windows Kits\10\Include\10.0.22621.0\shared\rpcdce.h(2658) : warning C4068: unknown pragma
C:\Program Files (x86)\Windows Kits\10\Include\10.0.22621.0\shared\rpcdce.h(2660) : warning C4068: unknown pragma
C:\Program Files (x86)\Windows Kits\10\Include\10.0.22621.0\shared\rpcdce.h(2680) : warning C4068: unknown pragma
C:\Program Files (x86)\Windows Kits\10\Include\10.0.22621.0\shared\rpcdce.h(2682) : warning C4068: unknown pragma
C:\Program Files (x86)\Windows Kits\10\Include\10.0.22621.0\shared\rpcdce.h(2710) : warning C4068: unknown pragma
C:\Program Files (x86)\Windows Kits\10\Include\10.0.22621.0\shared\rpcdce.h(2712) : warning C4068: unknown pragma
C:\Program Files (x86)\Windows Kits\10\Include\10.0.22621.0\shared\rpcdce.h(2847) : warning C4068: unknown pragma
C:\Program Files (x86)\Windows Kits\10\Include\10.0.22621.0\shared\rpcdce.h(2849) : warning C4068: unknown pragma
C:\Program Files (x86)\Windows Kits\10\Include\10.0.22621.0\shared\rpcdce.h(2942) : warning C4068: unknown pragma
C:\Program Files (x86)\Windows Kits\10\Include\10.0.22621.0\shared\rpcdce.h(2948) : warning C4068: unknown pragma
C:\Program Files (x86)\Windows Kits\10\Include\10.0.22621.0\shared\rpcdce.h(2976) : warning C4068: unknown pragma
C:\Program Files (x86)\Windows Kits\10\Include\10.0.22621.0\shared\rpcdce.h(2996) : warning C4068: unknown pragma
C:\Program Files (x86)\Windows Kits\10\Include\10.0.22621.0\shared\rpcdce.h(3112) : warning C4068: unknown pragma
C:\Program Files (x86)\Windows Kits\10\Include\10.0.22621.0\shared\rpcdce.h(3114) : warning C4068: unknown pragma
C:\Program Files (x86)\Windows Kits\10\Include\10.0.22621.0\shared\rpcdce.h(3127) : warning C4068: unknown pragma
C:\Program Files (x86)\Windows Kits\10\Include\10.0.22621.0\shared\rpcdce.h(3129) : warning C4068: unknown pragma
C:\Program Files (x86)\Windows Kits\10\Include\10.0.22621.0\shared\rpcdce.h(3352) : warning C4068: unknown pragma
C:\Program Files (x86)\Windows Kits\10\Include\10.0.22621.0\shared\rpcdcep.h(38) : warning C4068: unknown pragma
C:\Program Files (x86)\Windows Kits\10\Include\10.0.22621.0\shared\rpcdcep.h(67) : warning C4068: unknown pragma
C:\Program Files (x86)\Windows Kits\10\Include\10.0.22621.0\shared\rpcdcep.h(69) : warning C4068: unknown pragma
C:\Program Files (x86)\Windows Kits\10\Include\10.0.22621.0\shared\rpcdcep.h(93) : warning C4068: unknown pragma
C:\Program Files (x86)\Windows Kits\10\Include\10.0.22621.0\shared\rpcdcep.h(95) : warning C4068: unknown pragma
C:\Program Files (x86)\Windows Kits\10\Include\10.0.22621.0\shared\rpcdcep.h(233) : warning C4068: unknown pragma
C:\Program Files (x86)\Windows Kits\10\Include\10.0.22621.0\shared\rpcdcep.h(235) : warning C4068: unknown pragma
C:\Program Files (x86)\Windows Kits\10\Include\10.0.22621.0\shared\rpcdcep.h(1321) : warning C4068: unknown pragma
C:\Program Files (x86)\Windows Kits\10\Include\10.0.22621.0\um\rpcnsi.h(25) : warning C4068: unknown pragma
C:\Program Files (x86)\Windows Kits\10\Include\10.0.22621.0\um\rpcnsi.h(561) : warning C4068: unknown pragma
C:\Program Files (x86)\Windows Kits\10\Include\10.0.22621.0\shared\rpcnterr.h(29) : warning C4068: unknown pragma
C:\Program Files (x86)\Windows Kits\10\Include\10.0.22621.0\shared\rpcnterr.h(556) : warning C4068: unknown pragma
C:\Program Files (x86)\Windows Kits\10\Include\10.0.22621.0\shared\rpc.h(166) : warning C4068: unknown pragma
C:\Program Files (x86)\Windows Kits\10\Include\10.0.22621.0\shared\rpc.h(205) : warning C4068: unknown pragma
C:\Program Files (x86)\Windows Kits\10\Include\10.0.22621.0\shared\rpcasync.h(33) : warning C4068: unknown pragma
C:\Program Files (x86)\Windows Kits\10\Include\10.0.22621.0\shared\rpcasync.h(382) : warning C4068: unknown pragma
C:\Program Files (x86)\Windows Kits\10\Include\10.0.22621.0\shared\rpcasync.h(384) : warning C4068: unknown pragma
C:\Program Files (x86)\Windows Kits\10\Include\10.0.22621.0\shared\rpcasync.h(698) : warning C4068: unknown pragma
C:\Program Files (x86)\Windows Kits\10\Include\10.0.22621.0\shared\rpcasync.h(700) : warning C4068: unknown pragma
C:\Program Files (x86)\Windows Kits\10\Include\10.0.22621.0\shared\rpcasync.h(723) : warning C4068: unknown pragma
C:\Program Files (x86)\Windows Kits\10\Include\10.0.22621.0\shared\rpcasync.h(725) : warning C4068: unknown pragma
C:\Program Files (x86)\Windows Kits\10\Include\10.0.22621.0\shared\rpcasync.h(773) : warning C4068: unknown pragma
C:\Program Files (x86)\Windows Kits\10\Include\10.0.22621.0\um\rpcnsip.h(29) : warning C4068: unknown pragma
C:\Program Files (x86)\Windows Kits\10\Include\10.0.22621.0\um\rpcnsip.h(96) : warning C4068: unknown pragma
C:\Program Files (x86)\Windows Kits\10\Include\10.0.22621.0\shared\rpcndr.h(59) : warning C4068: unknown pragma
C:\Program Files (x86)\Windows Kits\10\Include\10.0.22621.0\shared\rpcndr.h(1298) : warning C4616: #pragma warning : warning number '28740' out of range, must be between '4001' and '4999'
C:\Program Files (x86)\Windows Kits\10\Include\10.0.22621.0\shared\rpcndr.h(2614) : warning C4068: unknown pragma
C:\Program Files (x86)\Windows Kits\10\Include\10.0.22621.0\shared\rpcndr.h(2616) : warning C4068: unknown pragma
C:\Program Files (x86)\Windows Kits\10\Include\10.0.22621.0\shared\rpcndr.h(2638) : warning C4068: unknown pragma
C:\Program Files (x86)\Windows Kits\10\Include\10.0.22621.0\shared\rpcndr.h(2640) : warning C4068: unknown pragma
C:\Program Files (x86)\Windows Kits\10\Include\10.0.22621.0\shared\rpcndr.h(2682) : warning C4068: unknown pragma
C:\Program Files (x86)\Windows Kits\10\Include\10.0.22621.0\shared\rpcndr.h(2684) : warning C4068: unknown pragma
C:\Program Files (x86)\Windows Kits\10\Include\10.0.22621.0\shared\rpcndr.h(2699) : warning C4068: unknown pragma
C:\Program Files (x86)\Windows Kits\10\Include\10.0.22621.0\shared\rpcndr.h(2701) : warning C4068: unknown pragma
C:\Program Files (x86)\Windows Kits\10\Include\10.0.22621.0\shared\rpcndr.h(3194) : warning C4068: unknown pragma
C:\Program Files (x86)\Windows Kits\10\Include\10.0.22621.0\shared\rpcndr.h(3196) : warning C4068: unknown pragma
C:\Program Files (x86)\Windows Kits\10\Include\10.0.22621.0\shared\rpcndr.h(3215) : warning C4068: unknown pragma
C:\Program Files (x86)\Windows Kits\10\Include\10.0.22621.0\shared\rpcndr.h(3217) : warning C4068: unknown pragma
C:\Program Files (x86)\Windows Kits\10\Include\10.0.22621.0\shared\rpcndr.h(3247) : warning C4068: unknown pragma
C:\Program Files (x86)\Windows Kits\10\Include\10.0.22621.0\shared\rpcndr.h(3249) : warning C4068: unknown pragma
C:\Program Files (x86)\Windows Kits\10\Include\10.0.22621.0\shared\rpcndr.h(3264) : warning C4068: unknown pragma
C:\Program Files (x86)\Windows Kits\10\Include\10.0.22621.0\shared\rpcndr.h(3266) : warning C4068: unknown pragma
C:\Program Files (x86)\Windows Kits\10\Include\10.0.22621.0\shared\rpcndr.h(3341) : warning C4068: unknown pragma
C:\Program Files (x86)\Windows Kits\10\Include\10.0.22621.0\um\combaseapi.h(66) : warning C4068: unknown pragma
C:\Program Files (x86)\Windows Kits\10\Include\10.0.22621.0\um\Unknwnbase.h(92) : warning C4068: unknown pragma
C:\Program Files (x86)\Windows Kits\10\Include\10.0.22621.0\um\Unknwnbase.h(291) : warning C4068: unknown pragma
C:\Program Files (x86)\Windows Kits\10\Include\10.0.22621.0\um\Unknwnbase.h(292) : warning C4068: unknown pragma
C:\Program Files (x86)\Windows Kits\10\Include\10.0.22621.0\um\Unknwnbase.h(436) : warning C4068: unknown pragma
C:\Program Files (x86)\Windows Kits\10\Include\10.0.22621.0\um\Unknwnbase.h(437) : warning C4068: unknown pragma
C:\Program Files (x86)\Windows Kits\10\Include\10.0.22621.0\um\Unknwnbase.h(580) : warning C4068: unknown pragma
C:\Program Files (x86)\Windows Kits\10\Include\10.0.22621.0\um\combaseapi.h(355) : warning C4068: unknown pragma
C:\Program Files (x86)\Windows Kits\10\Include\10.0.22621.0\um\objidlbase.h(512) : warning C4068: unknown pragma
C:\Program Files (x86)\Windows Kits\10\Include\10.0.22621.0\um\objidlbase.h(517) : warning C4068: unknown pragma
C:\Program Files (x86)\Windows Kits\10\Include\10.0.22621.0\um\objidlbase.h(518) : warning C4068: unknown pragma
C:\Program Files (x86)\Windows Kits\10\Include\10.0.22621.0\um\objidlbase.h(524) : warning C4068: unknown pragma
C:\Program Files (x86)\Windows Kits\10\Include\10.0.22621.0\um\objidlbase.h(525) : warning C4068: unknown pragma
C:\Program Files (x86)\Windows Kits\10\Include\10.0.22621.0\um\objidlbase.h(913) : warning C4068: unknown pragma
C:\Program Files (x86)\Windows Kits\10\Include\10.0.22621.0\um\objidlbase.h(914) : warning C4068: unknown pragma
C:\Program Files (x86)\Windows Kits\10\Include\10.0.22621.0\um\objidlbase.h(1560) : warning C4068: unknown pragma
C:\Program Files (x86)\Windows Kits\10\Include\10.0.22621.0\um\objidlbase.h(1561) : warning C4068: unknown pragma
C:\Program Files (x86)\Windows Kits\10\Include\10.0.22621.0\um\objidlbase.h(1772) : warning C4068: unknown pragma
C:\Program Files (x86)\Windows Kits\10\Include\10.0.22621.0\um\objidlbase.h(1773) : warning C4068: unknown pragma
C:\Program Files (x86)\Windows Kits\10\Include\10.0.22621.0\um\objidlbase.h(1874) : warning C4068: unknown pragma
C:\Program Files (x86)\Windows Kits\10\Include\10.0.22621.0\um\objidlbase.h(1875) : warning C4068: unknown pragma
C:\Program Files (x86)\Windows Kits\10\Include\10.0.22621.0\um\objidlbase.h(2766) : warning C4068: unknown pragma
C:\Program Files (x86)\Windows Kits\10\Include\10.0.22621.0\um\objidlbase.h(2767) : warning C4068: unknown pragma
C:\Program Files (x86)\Windows Kits\10\Include\10.0.22621.0\um\objidlbase.h(3547) : warning C4068: unknown pragma
C:\Program Files (x86)\Windows Kits\10\Include\10.0.22621.0\um\objidlbase.h(3548) : warning C4068: unknown pragma
C:\Program Files (x86)\Windows Kits\10\Include\10.0.22621.0\um\objidlbase.h(3838) : warning C4068: unknown pragma
C:\Program Files (x86)\Windows Kits\10\Include\10.0.22621.0\um\objidlbase.h(3839) : warning C4068: unknown pragma
C:\Program Files (x86)\Windows Kits\10\Include\10.0.22621.0\um\objidlbase.h(4098) : warning C4068: unknown pragma
C:\Program Files (x86)\Windows Kits\10\Include\10.0.22621.0\um\objidlbase.h(4101) : warning C4068: unknown pragma
C:\Program Files (x86)\Windows Kits\10\Include\10.0.22621.0\um\objidlbase.h(4336) : warning C4068: unknown pragma
C:\Program Files (x86)\Windows Kits\10\Include\10.0.22621.0\um\objidlbase.h(4337) : warning C4068: unknown pragma
C:\Program Files (x86)\Windows Kits\10\Include\10.0.22621.0\um\objidlbase.h(4627) : warning C4068: unknown pragma
C:\Program Files (x86)\Windows Kits\10\Include\10.0.22621.0\um\objidlbase.h(4628) : warning C4068: unknown pragma
C:\Program Files (x86)\Windows Kits\10\Include\10.0.22621.0\um\objidlbase.h(4799) : warning C4068: unknown pragma
C:\Program Files (x86)\Windows Kits\10\Include\10.0.22621.0\um\objidlbase.h(4801) : warning C4068: unknown pragma
C:\Program Files (x86)\Windows Kits\10\Include\10.0.22621.0\um\objidlbase.h(5037) : warning C4068: unknown pragma
C:\Program Files (x86)\Windows Kits\10\Include\10.0.22621.0\um\objidlbase.h(5038) : warning C4068: unknown pragma
C:\Program Files (x86)\Windows Kits\10\Include\10.0.22621.0\um\objidlbase.h(7520) : warning C4068: unknown pragma
C:\Program Files (x86)\Windows Kits\10\Include\10.0.22621.0\um\objidlbase.h(7521) : warning C4068: unknown pragma
C:\Program Files (x86)\Windows Kits\10\Include\10.0.22621.0\um\objidlbase.h(7547) : warning C4068: unknown pragma
C:\Program Files (x86)\Windows Kits\10\Include\10.0.22621.0\um\objidlbase.h(7548) : warning C4068: unknown pragma
C:\Program Files (x86)\Windows Kits\10\Include\10.0.22621.0\um\objidlbase.h(8081) : warning C4068: unknown pragma
C:\Program Files (x86)\Windows Kits\10\Include\10.0.22621.0\um\objidlbase.h(8082) : warning C4068: unknown pragma
C:\Program Files (x86)\Windows Kits\10\Include\10.0.22621.0\um\objidlbase.h(8207) : warning C4068: unknown pragma
C:\Program Files (x86)\Windows Kits\10\Include\10.0.22621.0\um\objidlbase.h(8208) : warning C4068: unknown pragma
C:\Program Files (x86)\Windows Kits\10\Include\10.0.22621.0\um\objidlbase.h(8212) : warning C4068: unknown pragma
C:\Program Files (x86)\Windows Kits\10\Include\10.0.22621.0\um\objidlbase.h(8213) : warning C4068: unknown pragma
C:\Program Files (x86)\Windows Kits\10\Include\10.0.22621.0\um\objidlbase.h(8347) : warning C4068: unknown pragma
C:\Program Files (x86)\Windows Kits\10\Include\10.0.22621.0\um\objidlbase.h(8348) : warning C4068: unknown pragma
C:\Program Files (x86)\Windows Kits\10\Include\10.0.22621.0\um\objidlbase.h(8432) : warning C4068: unknown pragma
C:\Program Files (x86)\Windows Kits\10\Include\10.0.22621.0\um\cguid.h(30) : warning C4068: unknown pragma
C:\Program Files (x86)\Windows Kits\10\Include\10.0.22621.0\um\cguid.h(36) : warning C4068: unknown pragma
C:\Program Files (x86)\Windows Kits\10\Include\10.0.22621.0\um\cguid.h(38) : warning C4068: unknown pragma
C:\Program Files (x86)\Windows Kits\10\Include\10.0.22621.0\um\cguid.h(81) : warning C4068: unknown pragma
C:\Program Files (x86)\Windows Kits\10\Include\10.0.22621.0\um\cguid.h(83) : warning C4068: unknown pragma
C:\Program Files (x86)\Windows Kits\10\Include\10.0.22621.0\um\cguid.h(89) : warning C4068: unknown pragma
C:\Program Files (x86)\Windows Kits\10\Include\10.0.22621.0\um\cguid.h(91) : warning C4068: unknown pragma
C:\Program Files (x86)\Windows Kits\10\Include\10.0.22621.0\um\cguid.h(99) : warning C4068: unknown pragma
C:\Program Files (x86)\Windows Kits\10\Include\10.0.22621.0\um\cguid.h(101) : warning C4068: unknown pragma
C:\Program Files (x86)\Windows Kits\10\Include\10.0.22621.0\um\cguid.h(171) : warning C4068: unknown pragma
C:\Program Files (x86)\Windows Kits\10\Include\10.0.22621.0\um\cguid.h(173) : warning C4068: unknown pragma
C:\Program Files (x86)\Windows Kits\10\Include\10.0.22621.0\um\cguid.h(179) : warning C4068: unknown pragma
C:\Program Files (x86)\Windows Kits\10\Include\10.0.22621.0\um\cguid.h(181) : warning C4068: unknown pragma
C:\Program Files (x86)\Windows Kits\10\Include\10.0.22621.0\um\cguid.h(194) : warning C4068: unknown pragma
C:\Program Files (x86)\Windows Kits\10\Include\10.0.22621.0\um\combaseapi.h(373) : warning C4068: unknown pragma
C:\Program Files (x86)\Windows Kits\10\Include\10.0.22621.0\um\combaseapi.h(377) : warning C4068: unknown pragma
C:\Program Files (x86)\Windows Kits\10\Include\10.0.22621.0\um\combaseapi.h(388) : warning C4068: unknown pragma
C:\Program Files (x86)\Windows Kits\10\Include\10.0.22621.0\um\combaseapi.h(390) : warning C4068: unknown pragma
C:\Program Files (x86)\Windows Kits\10\Include\10.0.22621.0\um\combaseapi.h(416) : warning C4068: unknown pragma
C:\Program Files (x86)\Windows Kits\10\Include\10.0.22621.0\um\combaseapi.h(418) : warning C4068: unknown pragma
C:\Program Files (x86)\Windows Kits\10\Include\10.0.22621.0\um\combaseapi.h(427) : warning C4068: unknown pragma
C:\Program Files (x86)\Windows Kits\10\Include\10.0.22621.0\um\combaseapi.h(432) : warning C4068: unknown pragma
C:\Program Files (x86)\Windows Kits\10\Include\10.0.22621.0\um\combaseapi.h(443) : warning C4068: unknown pragma
C:\Program Files (x86)\Windows Kits\10\Include\10.0.22621.0\um\combaseapi.h(445) : warning C4068: unknown pragma
C:\Program Files (x86)\Windows Kits\10\Include\10.0.22621.0\um\combaseapi.h(454) : warning C4068: unknown pragma
C:\Program Files (x86)\Windows Kits\10\Include\10.0.22621.0\um\combaseapi.h(456) : warning C4068: unknown pragma
C:\Program Files (x86)\Windows Kits\10\Include\10.0.22621.0\um\combaseapi.h(465) : warning C4068: unknown pragma
C:\Program Files (x86)\Windows Kits\10\Include\10.0.22621.0\um\combaseapi.h(471) : warning C4068: unknown pragma
C:\Program Files (x86)\Windows Kits\10\Include\10.0.22621.0\um\combaseapi.h(481) : warning C4068: unknown pragma
C:\Program Files (x86)\Windows Kits\10\Include\10.0.22621.0\um\combaseapi.h(483) : warning C4068: unknown pragma
C:\Program Files (x86)\Windows Kits\10\Include\10.0.22621.0\um\combaseapi.h(495) : warning C4068: unknown pragma
C:\Program Files (x86)\Windows Kits\10\Include\10.0.22621.0\um\combaseapi.h(499) : warning C4068: unknown pragma
C:\Program Files (x86)\Windows Kits\10\Include\10.0.22621.0\um\combaseapi.h(516) : warning C4068: unknown pragma
C:\Program Files (x86)\Windows Kits\10\Include\10.0.22621.0\um\combaseapi.h(596) : warning C4068: unknown pragma
C:\Program Files (x86)\Windows Kits\10\Include\10.0.22621.0\um\combaseapi.h(607) : warning C4068: unknown pragma
C:\Program Files (x86)\Windows Kits\10\Include\10.0.22621.0\um\combaseapi.h(609) : warning C4068: unknown pragma
C:\Program Files (x86)\Windows Kits\10\Include\10.0.22621.0\um\combaseapi.h(624) : warning C4068: unknown pragma
C:\Program Files (x86)\Windows Kits\10\Include\10.0.22621.0\um\combaseapi.h(626) : warning C4068: unknown pragma
C:\Program Files (x86)\Windows Kits\10\Include\10.0.22621.0\um\combaseapi.h(655) : warning C4068: unknown pragma
C:\Program Files (x86)\Windows Kits\10\Include\10.0.22621.0\um\combaseapi.h(657) : warning C4068: unknown pragma
C:\Program Files (x86)\Windows Kits\10\Include\10.0.22621.0\um\combaseapi.h(691) : warning C4068: unknown pragma
C:\Program Files (x86)\Windows Kits\10\Include\10.0.22621.0\um\combaseapi.h(693) : warning C4068: unknown pragma
C:\Program Files (x86)\Windows Kits\10\Include\10.0.22621.0\um\combaseapi.h(727) : warning C4068: unknown pragma
C:\Program Files (x86)\Windows Kits\10\Include\10.0.22621.0\um\combaseapi.h(729) : warning C4068: unknown pragma
C:\Program Files (x86)\Windows Kits\10\Include\10.0.22621.0\um\combaseapi.h(745) : warning C4068: unknown pragma
C:\Program Files (x86)\Windows Kits\10\Include\10.0.22621.0\um\combaseapi.h(747) : warning C4068: unknown pragma
C:\Program Files (x86)\Windows Kits\10\Include\10.0.22621.0\um\combaseapi.h(763) : warning C4068: unknown pragma
C:\Program Files (x86)\Windows Kits\10\Include\10.0.22621.0\um\combaseapi.h(765) : warning C4068: unknown pragma
C:\Program Files (x86)\Windows Kits\10\Include\10.0.22621.0\um\combaseapi.h(777) : warning C4068: unknown pragma
C:\Program Files (x86)\Windows Kits\10\Include\10.0.22621.0\um\combaseapi.h(779) : warning C4068: unknown pragma
C:\Program Files (x86)\Windows Kits\10\Include\10.0.22621.0\um\combaseapi.h(794) : warning C4068: unknown pragma
C:\Program Files (x86)\Windows Kits\10\Include\10.0.22621.0\um\combaseapi.h(796) : warning C4068: unknown pragma
C:\Program Files (x86)\Windows Kits\10\Include\10.0.22621.0\um\combaseapi.h(808) : warning C4068: unknown pragma
C:\Program Files (x86)\Windows Kits\10\Include\10.0.22621.0\um\combaseapi.h(810) : warning C4068: unknown pragma
C:\Program Files (x86)\Windows Kits\10\Include\10.0.22621.0\um\combaseapi.h(821) : warning C4068: unknown pragma
C:\Program Files (x86)\Windows Kits\10\Include\10.0.22621.0\um\combaseapi.h(823) : warning C4068: unknown pragma
C:\Program Files (x86)\Windows Kits\10\Include\10.0.22621.0\um\combaseapi.h(832) : warning C4068: unknown pragma
C:\Program Files (x86)\Windows Kits\10\Include\10.0.22621.0\um\combaseapi.h(834) : warning C4068: unknown pragma
C:\Program Files (x86)\Windows Kits\10\Include\10.0.22621.0\um\combaseapi.h(855) : warning C4068: unknown pragma
C:\Program Files (x86)\Windows Kits\10\Include\10.0.22621.0\um\combaseapi.h(857) : warning C4068: unknown pragma
C:\Program Files (x86)\Windows Kits\10\Include\10.0.22621.0\um\combaseapi.h(868) : warning C4068: unknown pragma
C:\Program Files (x86)\Windows Kits\10\Include\10.0.22621.0\um\combaseapi.h(870) : warning C4068: unknown pragma
C:\Program Files (x86)\Windows Kits\10\Include\10.0.22621.0\um\combaseapi.h(887) : warning C4068: unknown pragma
C:\Program Files (x86)\Windows Kits\10\Include\10.0.22621.0\um\combaseapi.h(908) : warning C4068: unknown pragma
C:\Program Files (x86)\Windows Kits\10\Include\10.0.22621.0\um\combaseapi.h(928) : warning C4068: unknown pragma
C:\Program Files (x86)\Windows Kits\10\Include\10.0.22621.0\um\combaseapi.h(930) : warning C4068: unknown pragma
C:\Program Files (x86)\Windows Kits\10\Include\10.0.22621.0\um\combaseapi.h(1005) : warning C4068: unknown pragma
C:\Program Files (x86)\Windows Kits\10\Include\10.0.22621.0\um\combaseapi.h(1007) : warning C4068: unknown pragma
C:\Program Files (x86)\Windows Kits\10\Include\10.0.22621.0\um\combaseapi.h(1026) : warning C4068: unknown pragma
C:\Program Files (x86)\Windows Kits\10\Include\10.0.22621.0\um\combaseapi.h(1030) : warning C4068: unknown pragma
C:\Program Files (x86)\Windows Kits\10\Include\10.0.22621.0\um\combaseapi.h(1046) : warning C4068: unknown pragma
C:\Program Files (x86)\Windows Kits\10\Include\10.0.22621.0\um\combaseapi.h(1048) : warning C4068: unknown pragma
C:\Program Files (x86)\Windows Kits\10\Include\10.0.22621.0\um\combaseapi.h(1083) : warning C4068: unknown pragma
C:\Program Files (x86)\Windows Kits\10\Include\10.0.22621.0\um\combaseapi.h(1085) : warning C4068: unknown pragma
C:\Program Files (x86)\Windows Kits\10\Include\10.0.22621.0\um\combaseapi.h(1094) : warning C4068: unknown pragma
C:\Program Files (x86)\Windows Kits\10\Include\10.0.22621.0\um\combaseapi.h(1100) : warning C4068: unknown pragma
C:\Program Files (x86)\Windows Kits\10\Include\10.0.22621.0\um\combaseapi.h(1143) : warning C4068: unknown pragma
C:\Program Files (x86)\Windows Kits\10\Include\10.0.22621.0\um\combaseapi.h(1147) : warning C4068: unknown pragma
C:\Program Files (x86)\Windows Kits\10\Include\10.0.22621.0\um\combaseapi.h(1178) : warning C4068: unknown pragma
C:\Program Files (x86)\Windows Kits\10\Include\10.0.22621.0\um\combaseapi.h(1180) : warning C4068: unknown pragma
C:\Program Files (x86)\Windows Kits\10\Include\10.0.22621.0\um\combaseapi.h(1197) : warning C4068: unknown pragma
C:\Program Files (x86)\Windows Kits\10\Include\10.0.22621.0\um\combaseapi.h(1199) : warning C4068: unknown pragma
C:\Program Files (x86)\Windows Kits\10\Include\10.0.22621.0\um\combaseapi.h(1240) : warning C4068: unknown pragma
C:\Program Files (x86)\Windows Kits\10\Include\10.0.22621.0\um\combaseapi.h(1245) : warning C4068: unknown pragma
C:\Program Files (x86)\Windows Kits\10\Include\10.0.22621.0\um\combaseapi.h(1249) : warning C4068: unknown pragma
C:\Program Files (x86)\Windows Kits\10\Include\10.0.22621.0\um\combaseapi.h(1257) : warning C4068: unknown pragma
C:\Program Files (x86)\Windows Kits\10\Include\10.0.22621.0\um\combaseapi.h(1307) : warning C4068: unknown pragma
C:\Program Files (x86)\Windows Kits\10\Include\10.0.22621.0\um\combaseapi.h(1311) : warning C4068: unknown pragma
C:\Program Files (x86)\Windows Kits\10\Include\10.0.22621.0\um\combaseapi.h(1322) : warning C4068: unknown pragma
C:\Program Files (x86)\Windows Kits\10\Include\10.0.22621.0\um\combaseapi.h(1328) : warning C4068: unknown pragma
C:\Program Files (x86)\Windows Kits\10\Include\10.0.22621.0\um\combaseapi.h(1338) : warning C4068: unknown pragma
C:\Program Files (x86)\Windows Kits\10\Include\10.0.22621.0\um\combaseapi.h(1367) : warning C4068: unknown pragma
C:\Program Files (x86)\Windows Kits\10\Include\10.0.22621.0\um\combaseapi.h(1403) : warning C4068: unknown pragma
C:\Program Files (x86)\Windows Kits\10\Include\10.0.22621.0\um\combaseapi.h(1405) : warning C4068: unknown pragma
C:\Program Files (x86)\Windows Kits\10\Include\10.0.22621.0\um\combaseapi.h(1445) : warning C4068: unknown pragma
c:\Program Files (x86)\Windows Kits\10\Include\10.0.22621.0\um\Unknwn.h(92) : warning C4068: unknown pragma
c:\Program Files (x86)\Windows Kits\10\Include\10.0.22621.0\um\Unknwn.h(291) : warning C4068: unknown pragma
c:\Program Files (x86)\Windows Kits\10\Include\10.0.22621.0\um\Unknwn.h(292) : warning C4068: unknown pragma
c:\Program Files (x86)\Windows Kits\10\Include\10.0.22621.0\um\Unknwn.h(436) : warning C4068: unknown pragma
c:\Program Files (x86)\Windows Kits\10\Include\10.0.22621.0\um\Unknwn.h(437) : warning C4068: unknown pragma
c:\Program Files (x86)\Windows Kits\10\Include\10.0.22621.0\um\Unknwn.h(580) : warning C4068: unknown pragma
C:\Program Files (x86)\Windows Kits\10\Include\10.0.22621.0\um\objidl.h(8764) : warning C4068: unknown pragma
C:\Program Files (x86)\Windows Kits\10\Include\10.0.22621.0\um\objidl.h(9038) : warning C4068: unknown pragma
C:\Program Files (x86)\Windows Kits\10\Include\10.0.22621.0\um\objidl.h(9039) : warning C4068: unknown pragma
C:\Program Files (x86)\Windows Kits\10\Include\10.0.22621.0\um\objidl.h(9477) : warning C4068: unknown pragma
C:\Program Files (x86)\Windows Kits\10\Include\10.0.22621.0\um\objidl.h(9478) : warning C4068: unknown pragma
C:\Program Files (x86)\Windows Kits\10\Include\10.0.22621.0\um\objidl.h(9794) : warning C4068: unknown pragma
C:\Program Files (x86)\Windows Kits\10\Include\10.0.22621.0\um\objidl.h(9795) : warning C4068: unknown pragma
C:\Program Files (x86)\Windows Kits\10\Include\10.0.22621.0\um\objidl.h(10420) : warning C4068: unknown pragma
C:\Program Files (x86)\Windows Kits\10\Include\10.0.22621.0\um\objidl.h(10421) : warning C4068: unknown pragma
C:\Program Files (x86)\Windows Kits\10\Include\10.0.22621.0\um\objidl.h(10520) : warning C4068: unknown pragma
C:\Program Files (x86)\Windows Kits\10\Include\10.0.22621.0\um\objidl.h(10521) : warning C4068: unknown pragma
C:\Program Files (x86)\Windows Kits\10\Include\10.0.22621.0\um\objidl.h(11054) : warning C4068: unknown pragma
C:\Program Files (x86)\Windows Kits\10\Include\10.0.22621.0\um\objidl.h(11055) : warning C4068: unknown pragma
C:\Program Files (x86)\Windows Kits\10\Include\10.0.22621.0\um\objidl.h(11355) : warning C4068: unknown pragma
C:\Program Files (x86)\Windows Kits\10\Include\10.0.22621.0\um\objidl.h(11356) : warning C4068: unknown pragma
C:\Program Files (x86)\Windows Kits\10\Include\10.0.22621.0\um\objidl.h(12604) : warning C4068: unknown pragma
C:\Program Files (x86)\Windows Kits\10\Include\10.0.22621.0\um\objidl.h(12605) : warning C4068: unknown pragma
C:\Program Files (x86)\Windows Kits\10\Include\10.0.22621.0\um\objidl.h(12957) : warning C4068: unknown pragma
C:\Program Files (x86)\Windows Kits\10\Include\10.0.22621.0\um\objidl.h(12958) : warning C4068: unknown pragma
C:\Program Files (x86)\Windows Kits\10\Include\10.0.22621.0\um\objidl.h(13220) : warning C4068: unknown pragma
C:\Program Files (x86)\Windows Kits\10\Include\10.0.22621.0\um\objidl.h(13221) : warning C4068: unknown pragma
C:\Program Files (x86)\Windows Kits\10\Include\10.0.22621.0\um\objidl.h(13685) : warning C4068: unknown pragma
C:\Program Files (x86)\Windows Kits\10\Include\10.0.22621.0\um\objidl.h(13686) : warning C4068: unknown pragma
C:\Program Files (x86)\Windows Kits\10\Include\10.0.22621.0\um\objidl.h(13867) : warning C4068: unknown pragma
C:\Program Files (x86)\Windows Kits\10\Include\10.0.22621.0\um\objidl.h(13868) : warning C4068: unknown pragma
C:\Program Files (x86)\Windows Kits\10\Include\10.0.22621.0\um\objidl.h(13969) : warning C4068: unknown pragma
C:\Program Files (x86)\Windows Kits\10\Include\10.0.22621.0\um\objidl.h(13970) : warning C4068: unknown pragma
C:\Program Files (x86)\Windows Kits\10\Include\10.0.22621.0\um\objidl.h(14127) : warning C4068: unknown pragma
C:\Program Files (x86)\Windows Kits\10\Include\10.0.22621.0\um\objidl.h(14128) : warning C4068: unknown pragma
C:\Program Files (x86)\Windows Kits\10\Include\10.0.22621.0\um\objidl.h(14433) : warning C4068: unknown pragma
C:\Program Files (x86)\Windows Kits\10\Include\10.0.22621.0\um\objidl.h(14434) : warning C4068: unknown pragma
C:\Program Files (x86)\Windows Kits\10\Include\10.0.22621.0\um\objidl.h(14547) : warning C4068: unknown pragma
C:\Program Files (x86)\Windows Kits\10\Include\10.0.22621.0\um\objidl.h(14548) : warning C4068: unknown pragma
C:\Program Files (x86)\Windows Kits\10\Include\10.0.22621.0\um\objidl.h(15350) : warning C4068: unknown pragma
C:\Program Files (x86)\Windows Kits\10\Include\10.0.22621.0\um\objidl.h(15351) : warning C4068: unknown pragma
C:\Program Files (x86)\Windows Kits\10\Include\10.0.22621.0\um\objidl.h(15448) : warning C4068: unknown pragma
c:\Program Files (x86)\Windows Kits\10\Include\10.0.22621.0\um\oaidl.h(232) : warning C4068: unknown pragma
c:\Program Files (x86)\Windows Kits\10\Include\10.0.22621.0\um\oaidl.h(239) : warning C4068: unknown pragma
c:\Program Files (x86)\Windows Kits\10\Include\10.0.22621.0\um\oaidl.h(240) : warning C4068: unknown pragma
c:\Program Files (x86)\Windows Kits\10\Include\10.0.22621.0\um\oaidl.h(246) : warning C4068: unknown pragma
c:\Program Files (x86)\Windows Kits\10\Include\10.0.22621.0\um\oaidl.h(247) : warning C4068: unknown pragma
c:\Program Files (x86)\Windows Kits\10\Include\10.0.22621.0\um\oaidl.h(261) : warning C4068: unknown pragma
c:\Program Files (x86)\Windows Kits\10\Include\10.0.22621.0\um\oaidl.h(262) : warning C4068: unknown pragma
c:\Program Files (x86)\Windows Kits\10\Include\10.0.22621.0\um\oaidl.h(981) : warning C4068: unknown pragma
c:\Program Files (x86)\Windows Kits\10\Include\10.0.22621.0\um\oaidl.h(982) : warning C4068: unknown pragma
c:\Program Files (x86)\Windows Kits\10\Include\10.0.22621.0\um\oaidl.h(2253) : warning C4068: unknown pragma
c:\Program Files (x86)\Windows Kits\10\Include\10.0.22621.0\um\oaidl.h(2254) : warning C4068: unknown pragma
c:\Program Files (x86)\Windows Kits\10\Include\10.0.22621.0\um\oaidl.h(2785) : warning C4068: unknown pragma
c:\Program Files (x86)\Windows Kits\10\Include\10.0.22621.0\um\oaidl.h(2786) : warning C4068: unknown pragma
c:\Program Files (x86)\Windows Kits\10\Include\10.0.22621.0\um\oaidl.h(3835) : warning C4068: unknown pragma
c:\Program Files (x86)\Windows Kits\10\Include\10.0.22621.0\um\oaidl.h(3836) : warning C4068: unknown pragma
c:\Program Files (x86)\Windows Kits\10\Include\10.0.22621.0\um\oaidl.h(4181) : warning C4068: unknown pragma
c:\Program Files (x86)\Windows Kits\10\Include\10.0.22621.0\um\oaidl.h(4182) : warning C4068: unknown pragma
c:\Program Files (x86)\Windows Kits\10\Include\10.0.22621.0\um\oaidl.h(5897) : warning C4068: unknown pragma
C:\Program Files (x86)\Windows Kits\10\Include\10.0.22621.0\um\PropIdlBase.h(109) : warning C4068: unknown pragma
C:\Program Files (x86)\Windows Kits\10\Include\10.0.22621.0\um\PropIdlBase.h(1132) : warning C4068: unknown pragma
C:\Program Files (x86)\Windows Kits\10\Include\10.0.22621.0\um\coml2api.h(26) : warning C4068: unknown pragma
C:\Program Files (x86)\Windows Kits\10\Include\10.0.22621.0\um\coml2api.h(75) : warning C4068: unknown pragma
C:\Program Files (x86)\Windows Kits\10\Include\10.0.22621.0\um\coml2api.h(77) : warning C4068: unknown pragma
C:\Program Files (x86)\Windows Kits\10\Include\10.0.22621.0\um\coml2api.h(305) : warning C4068: unknown pragma
C:\Program Files (x86)\Windows Kits\10\Include\10.0.22621.0\um\objbase.h(71) : warning C4068: unknown pragma
C:\Program Files (x86)\Windows Kits\10\Include\10.0.22621.0\um\objbase.h(202) : warning C4068: unknown pragma
C:\Program Files (x86)\Windows Kits\10\Include\10.0.22621.0\um\objbase.h(204) : warning C4068: unknown pragma
C:\Program Files (x86)\Windows Kits\10\Include\10.0.22621.0\um\objbase.h(215) : warning C4068: unknown pragma
C:\Program Files (x86)\Windows Kits\10\Include\10.0.22621.0\um\objbase.h(217) : warning C4068: unknown pragma
C:\Program Files (x86)\Windows Kits\10\Include\10.0.22621.0\um\objbase.h(249) : warning C4068: unknown pragma
C:\Program Files (x86)\Windows Kits\10\Include\10.0.22621.0\um\objbase.h(251) : warning C4068: unknown pragma
C:\Program Files (x86)\Windows Kits\10\Include\10.0.22621.0\um\objbase.h(257) : warning C4068: unknown pragma
c:\Program Files (x86)\Windows Kits\10\Include\10.0.22621.0\um\oleidl.h(243) : warning C4068: unknown pragma
c:\Program Files (x86)\Windows Kits\10\Include\10.0.22621.0\um\oleidl.h(403) : warning C4068: unknown pragma
c:\Program Files (x86)\Windows Kits\10\Include\10.0.22621.0\um\oleidl.h(404) : warning C4068: unknown pragma
c:\Program Files (x86)\Windows Kits\10\Include\10.0.22621.0\um\oleidl.h(744) : warning C4068: unknown pragma
c:\Program Files (x86)\Windows Kits\10\Include\10.0.22621.0\um\oleidl.h(745) : warning C4068: unknown pragma
c:\Program Files (x86)\Windows Kits\10\Include\10.0.22621.0\um\oleidl.h(4019) : warning C4068: unknown pragma
c:\Program Files (x86)\Windows Kits\10\Include\10.0.22621.0\um\oleidl.h(4020) : warning C4068: unknown pragma
c:\Program Files (x86)\Windows Kits\10\Include\10.0.22621.0\um\oleidl.h(4189) : warning C4068: unknown pragma
c:\Program Files (x86)\Windows Kits\10\Include\10.0.22621.0\um\servprov.h(85) : warning C4068: unknown pragma
c:\Program Files (x86)\Windows Kits\10\Include\10.0.22621.0\um\servprov.h(242) : warning C4068: unknown pragma
c:\Program Files (x86)\Windows Kits\10\Include\10.0.22621.0\um\msxml.h(336) : warning C4068: unknown pragma
c:\Program Files (x86)\Windows Kits\10\Include\10.0.22621.0\um\msxml.h(337) : warning C4068: unknown pragma
c:\Program Files (x86)\Windows Kits\10\Include\10.0.22621.0\um\msxml.h(343) : warning C4068: unknown pragma
c:\Program Files (x86)\Windows Kits\10\Include\10.0.22621.0\um\msxml.h(376) : warning C4068: unknown pragma
c:\Program Files (x86)\Windows Kits\10\Include\10.0.22621.0\um\msxml.h(378) : warning C4068: unknown pragma
c:\Program Files (x86)\Windows Kits\10\Include\10.0.22621.0\um\msxml.h(379) : warning C4068: unknown pragma
c:\Program Files (x86)\Windows Kits\10\Include\10.0.22621.0\um\msxml.h(380) : warning C4068: unknown pragma
c:\Program Files (x86)\Windows Kits\10\Include\10.0.22621.0\um\msxml.h(381) : warning C4068: unknown pragma
c:\Program Files (x86)\Windows Kits\10\Include\10.0.22621.0\um\msxml.h(420) : warning C4068: unknown pragma
c:\Program Files (x86)\Windows Kits\10\Include\10.0.22621.0\um\msxml.h(422) : warning C4068: unknown pragma
c:\Program Files (x86)\Windows Kits\10\Include\10.0.22621.0\um\msxml.h(430) : warning C4068: unknown pragma
c:\Program Files (x86)\Windows Kits\10\Include\10.0.22621.0\um\msxml.h(431) : warning C4068: unknown pragma
c:\Program Files (x86)\Windows Kits\10\Include\10.0.22621.0\um\msxml.h(432) : warning C4068: unknown pragma
c:\Program Files (x86)\Windows Kits\10\Include\10.0.22621.0\um\msxml.h(433) : warning C4068: unknown pragma
c:\Program Files (x86)\Windows Kits\10\Include\10.0.22621.0\um\msxml.h(436) : warning C4068: unknown pragma
c:\Program Files (x86)\Windows Kits\10\Include\10.0.22621.0\um\msxml.h(11068) : warning C4068: unknown pragma
C:\Program Files (x86)\Windows Kits\10\Include\10.0.22621.0\um\urlmon.h(473) : warning C4068: unknown pragma
C:\Program Files (x86)\Windows Kits\10\Include\10.0.22621.0\um\urlmon.h(586) : warning C4068: unknown pragma
C:\Program Files (x86)\Windows Kits\10\Include\10.0.22621.0\um\urlmon.h(587) : warning C4068: unknown pragma
C:\Program Files (x86)\Windows Kits\10\Include\10.0.22621.0\um\urlmon.h(592) : warning C4068: unknown pragma
C:\Program Files (x86)\Windows Kits\10\Include\10.0.22621.0\um\urlmon.h(593) : warning C4068: unknown pragma
C:\Program Files (x86)\Windows Kits\10\Include\10.0.22621.0\um\urlmon.h(656) : warning C4068: unknown pragma
C:\Program Files (x86)\Windows Kits\10\Include\10.0.22621.0\um\urlmon.h(657) : warning C4068: unknown pragma
C:\Program Files (x86)\Windows Kits\10\Include\10.0.22621.0\um\urlmon.h(781) : warning C4068: unknown pragma
C:\Program Files (x86)\Windows Kits\10\Include\10.0.22621.0\um\urlmon.h(782) : warning C4068: unknown pragma
C:\Program Files (x86)\Windows Kits\10\Include\10.0.22621.0\um\urlmon.h(1326) : warning C4068: unknown pragma
C:\Program Files (x86)\Windows Kits\10\Include\10.0.22621.0\um\urlmon.h(1327) : warning C4068: unknown pragma
C:\Program Files (x86)\Windows Kits\10\Include\10.0.22621.0\um\urlmon.h(1787) : warning C4068: unknown pragma
C:\Program Files (x86)\Windows Kits\10\Include\10.0.22621.0\um\urlmon.h(1788) : warning C4068: unknown pragma
C:\Program Files (x86)\Windows Kits\10\Include\10.0.22621.0\um\urlmon.h(2964) : warning C4068: unknown pragma
C:\Program Files (x86)\Windows Kits\10\Include\10.0.22621.0\um\urlmon.h(4114) : warning C4068: unknown pragma
C:\Program Files (x86)\Windows Kits\10\Include\10.0.22621.0\um\urlmon.h(10851) : warning C4068: unknown pragma
C:\Program Files (x86)\Windows Kits\10\Include\10.0.22621.0\um\PropIdl.h(1137) : warning C4068: unknown pragma
C:\Program Files (x86)\Windows Kits\10\Include\10.0.22621.0\um\PropIdl.h(1212) : warning C4068: unknown pragma
C:\Program Files (x86)\Windows Kits\10\Include\10.0.22621.0\um\PropIdl.h(1213) : warning C4068: unknown pragma
C:\Program Files (x86)\Windows Kits\10\Include\10.0.22621.0\um\PropIdl.h(1248) : warning C4068: unknown pragma
C:\Program Files (x86)\Windows Kits\10\Include\10.0.22621.0\um\PropIdl.h(1250) : warning C4068: unknown pragma
C:\Program Files (x86)\Windows Kits\10\Include\10.0.22621.0\um\PropIdl.h(1288) : warning C4068: unknown pragma
C:\Program Files (x86)\Windows Kits\10\Include\10.0.22621.0\um\objbase.h(262) : warning C4068: unknown pragma
C:\Program Files (x86)\Windows Kits\10\Include\10.0.22621.0\um\objbase.h(274) : warning C4068: unknown pragma
c:\Program Files (x86)\Windows Kits\10\Include\10.0.22621.0\shared\d3d9types.h(32) : warning C4068: unknown pragma
c:\Program Files (x86)\Windows Kits\10\Include\10.0.22621.0\shared\d3d9types.h(85) : warning C4068: unknown pragma
c:\Program Files (x86)\Windows Kits\10\Include\10.0.22621.0\shared\d3d9types.h(87) : warning C4068: unknown pragma
c:\Program Files (x86)\Windows Kits\10\Include\10.0.22621.0\shared\d3d9types.h(107) : warning C4068: unknown pragma
c:\Program Files (x86)\Windows Kits\10\Include\10.0.22621.0\shared\d3d9types.h(109) : warning C4068: unknown pragma
c:\Program Files (x86)\Windows Kits\10\Include\10.0.22621.0\shared\d3d9types.h(2451) : warning C4068: unknown pragma
c:\Program Files (x86)\Windows Kits\10\Include\10.0.22621.0\shared\d3d9caps.h(22) : warning C4068: unknown pragma
c:\Program Files (x86)\Windows Kits\10\Include\10.0.22621.0\shared\d3d9caps.h(572) : warning C4068: unknown pragma
C:\Program Files (x86)\Windows Kits\10\Include\10.0.22621.0\shared\d3d9.h(2795) : warning C4068: unknown pragma
