rank	address	api_names	qualified_name	module	match_status	owner_relevance	prototype_complete	calling_convention	return_type	parameter_types	score	verification_stage	engine_implementation_verified	hook_approved	bridge_kind	arity_compatible	evidence
1	0x008AA010	Quest.ClearGossip	CGameScriptInterface::ClearGossip	CGameScriptInterface	ambiguous	strong	1	__thiscall	void	CGameScriptInterface *,CCharString	220	needs-reversal	0	0	wrapper-adapter	1	exact-leaf-name;complete-prototype;quest-interface-qualified-owner
2	0x00892F00	Quest.DeactivateQuest	CGameScriptInterface::DeactivateQuest	CGameScriptInterface	ambiguous	strong	1	__thiscall	void	CGameScriptInterface *,CCharString const &,ulong	220	needs-reversal	0	0	wrapper-adapter	1	exact-leaf-name;complete-prototype;quest-interface-qualified-owner
3	0x0089E710	Quest.DisplayTutorial	CGameScriptInterface::DisplayTutorial	CGameScriptInterface	ambiguous	strong	1	__thiscall	bool	CGameScriptInterface *,ETutorialCategory	220	needs-reversal	0	0	wrapper-adapter	1	exact-leaf-name;complete-prototype;quest-interface-qualified-owner
4	0x00896270	Quest.EnableGuards	CGameScriptInterface::EnableGuards	CGameScriptInterface	ambiguous	strong	1	__thiscall	void	CGameScriptInterface *,CScriptThing const &,bool	220	needs-reversal	0	0	wrapper-adapter	1	exact-leaf-name;complete-prototype;quest-interface-qualified-owner
5	0x008962D0	Quest.EnableVillagerDefTypes	CGameScriptInterface::EnableVillagerDefTypes	CGameScriptInterface	ambiguous	strong	1	__thiscall	void	CGameScriptInterface *,CScriptThing const &,bool,CCharString const &	220	needs-reversal	0	0	wrapper-adapter	1	exact-leaf-name;complete-prototype;quest-interface-qualified-owner
6	0x00897190	Quest.GetNumberOfItemsOfTypeInInventory	CGameScriptInterface::GetNumberOfItemsOfTypeInInventory	CGameScriptInterface	ambiguous	strong	1	__thiscall	long	CGameScriptInterface *,CCharString const &	220	needs-reversal	0	0	wrapper-adapter	1	exact-leaf-name;complete-prototype;quest-interface-qualified-owner
7	0x0088DF60	Quest.GetWaterHeightAtPosition	CGameScriptInterface::GetWaterHeightAtPosition	CGameScriptInterface	ambiguous	strong	1	__thiscall	float	CGameScriptInterface *,C3DVector const &	220	needs-reversal	0	0	wrapper-adapter	1	exact-leaf-name;complete-prototype;quest-interface-qualified-owner
8	0x0088FC60	Quest.GiveHeroExpression	CGameScriptInterface::GiveHeroExpression	CGameScriptInterface	ambiguous	strong	1	__thiscall	void	CGameScriptInterface *,CCharString const &,long,bool	220	needs-reversal	0	0	wrapper-adapter	1	exact-leaf-name;complete-prototype;quest-interface-qualified-owner
9	0x00898F40	Quest.GiveHeroGold	CGameScriptInterface::GiveHeroGold	CGameScriptInterface	ambiguous	strong	1	__thiscall	void	CGameScriptInterface *,long	220	needs-reversal	0	0	wrapper-adapter	1	exact-leaf-name;complete-prototype;quest-interface-qualified-owner
10	0x00891550	Quest.IsBoastTaken	CGameScriptInterface::IsBoastTaken	CGameScriptInterface	ambiguous	strong	1	__thiscall	bool	CGameScriptInterface *,long,CCharString const &	220	needs-reversal	0	0	wrapper-adapter	1	exact-leaf-name;complete-prototype;quest-interface-qualified-owner
11	0x00892F60	Quest.IsQuestCompleted	CGameScriptInterface::IsQuestCompleted	CGameScriptInterface	ambiguous	strong	1	__thiscall	bool	CGameScriptInterface *,CCharString const &	220	needs-reversal	0	0	wrapper-adapter	1	exact-leaf-name;complete-prototype;quest-interface-qualified-owner
12	0x00892F50	Quest.IsQuestRegistered	CGameScriptInterface::IsQuestRegistered	CGameScriptInterface	ambiguous	strong	1	__thiscall	bool	CGameScriptInterface *,CCharString const &	220	needs-reversal	0	0	wrapper-adapter	1	exact-leaf-name;complete-prototype;quest-interface-qualified-owner
13	0x008901A0	Quest.RadialBlurSetCenterWorldPos	CGameScriptInterface::RadialBlurSetCenterWorldPos	CGameScriptInterface	ambiguous	strong	1	__thiscall	void	CGameScriptInterface *,void *,C3DVector const &	220	needs-reversal	0	0	wrapper-adapter	1	exact-leaf-name;complete-prototype;quest-interface-qualified-owner
14	0x00891580	Quest.RemoveBoast	CGameScriptInterface::RemoveBoast	CGameScriptInterface	ambiguous	strong	1	__thiscall	void	CGameScriptInterface *,long,CCharString const &	220	needs-reversal	0	0	wrapper-adapter	1	exact-leaf-name;complete-prototype;quest-interface-qualified-owner
15	0x008915E0	Quest.SetBoastAsCompleted	CGameScriptInterface::SetBoastAsCompleted	CGameScriptInterface	ambiguous	strong	1	__thiscall	void	CGameScriptInterface *,long,CCharString const &	220	needs-reversal	0	0	wrapper-adapter	1	exact-leaf-name;complete-prototype;quest-interface-qualified-owner
16	0x00893020	Quest.SetQuestAsPersistent	CGameScriptInterface::SetQuestAsPersistent	CGameScriptInterface	ambiguous	strong	1	__thiscall	void	CGameScriptInterface *,CCharString const &,bool	220	needs-reversal	0	0	wrapper-adapter	1	exact-leaf-name;complete-prototype;quest-interface-qualified-owner
17	0x00896A30	Quest.SetQuestCardObjective	CGameScriptInterface::SetQuestCardObjective	CGameScriptInterface	ambiguous	strong	1	__thiscall	void	CGameScriptInterface *,CCharString const &,CCharString const &,CCharString const &,CCharString const &	220	needs-reversal	0	0	wrapper-adapter	1	exact-leaf-name;complete-prototype;quest-interface-qualified-owner
18	0x00891940	Quest.SetQuestInfoName	CGameScriptInterface::SetQuestInfoName	CGameScriptInterface	ambiguous	strong	1	__thiscall	void	CGameScriptInterface *,char const *	220	needs-reversal	0	0	wrapper-adapter	1	exact-leaf-name;complete-prototype;quest-interface-qualified-owner
19	0x0088F960	Quest.SetSaveGameMarkerPos	CGameScriptInterface::SetSaveGameMarkerPos	CGameScriptInterface	ambiguous	strong	1	__thiscall	void	CGameScriptInterface *,C3DVector const &	220	needs-reversal	0	0	wrapper-adapter	1	exact-leaf-name;complete-prototype;quest-interface-qualified-owner
20	0x00896060	Quest.SetVillageLimbo	CGameScriptInterface::SetVillageLimbo	CGameScriptInterface	ambiguous	strong	1	__thiscall	void	CGameScriptInterface *,CScriptThing const &,bool	220	needs-reversal	0	0	wrapper-adapter	1	exact-leaf-name;complete-prototype;quest-interface-qualified-owner
21	0x00896120	Quest.TryToRespawnDefNamed	CGameScriptInterface::TryToRespawnDefNamed	CGameScriptInterface	ambiguous	strong	1	__thiscall	CScriptThing	CGameScriptInterface *,CScriptThing const &,CCharString const &,C3DVector const &	220	needs-reversal	0	0	wrapper-adapter	1	exact-leaf-name;complete-prototype;quest-interface-qualified-owner
22	0x008A9100	Quest.CreateCreature	CGameScriptInterface::CreateCreature	CGameScriptInterface	unique	strong	1	__thiscall	CScriptThing	CGameScriptInterface *,CCharString const &,C3DVector const &,CCharString const &,bool	220	needs-reversal	0	0	signature-review	0	exact-leaf-name;complete-prototype;quest-interface-qualified-owner
23	0x0089F300	Quest.CreateCreatureNearby	CGameScriptInterface::CreateCreatureNearby	CGameScriptInterface	unique	strong	1	__thiscall	CScriptThing	CGameScriptInterface *,CCharString const &,C3DVector const &,float,CCharString const &,bool	220	needs-reversal	0	0	signature-review	0	exact-leaf-name;complete-prototype;quest-interface-qualified-owner
24	0x008A0CB0	Quest.DebugGetAllTextEntriesForTargetedThing	CGameScriptInterface::DebugGetAllTextEntriesForTargetedThing	CGameScriptInterface	unique	strong	1	__thiscall	void	CGameScriptInterface *,std::set<ulong,std::less<ulong>,std::allocator<ulong> > &	220	needs-reversal	0	0	signature-review	0	exact-leaf-name;complete-prototype;quest-interface-qualified-owner
25	0x008A0C10	Quest.EntityGetAppearanceSeed	CGameScriptInterface::EntityGetAppearanceSeed	CGameScriptInterface	unique	strong	1	__thiscall	void	CGameScriptInterface *,CScriptThing const &,ulong &	220	needs-reversal	0	0	signature-review	0	exact-leaf-name;complete-prototype;quest-interface-qualified-owner
26	0x0089DF70	Quest.EntityGetShotStrikePos	CGameScriptInterface::EntityGetShotStrikePos	CGameScriptInterface	unique	strong	1	__thiscall	bool	CGameScriptInterface *,CScriptThing const &,C3DVector &	220	needs-reversal	0	0	signature-review	0	exact-leaf-name;complete-prototype;quest-interface-qualified-owner
27	0x00890820	Quest.FadeScreenOut	CGameScriptInterface::FadeScreenOut	CGameScriptInterface	unique	strong	1	__thiscall	bool	CGameScriptInterface *,float,float,CRGBColour	220	needs-reversal	0	0	signature-review	0	exact-leaf-name;complete-prototype;quest-interface-qualified-owner
28	0x008A89D0	Quest.GetAllCreaturesExcludingHero	CGameScriptInterface::GetAllCreaturesExcludingHero	CGameScriptInterface	unique	strong	1	__thiscall	long	CGameScriptInterface *,std::vector<CScriptThing,std::allocator<CScriptThing> > &	220	needs-reversal	0	0	signature-review	0	exact-leaf-name;complete-prototype;quest-interface-qualified-owner
29	0x008A86C0	Quest.GetAllCreaturesInAreaWithScriptName	CGameScriptInterface::GetAllCreaturesInAreaWithScriptName	CGameScriptInterface	unique	strong	1	__thiscall	long	CGameScriptInterface *,CCharString const &,C3DVector const &,float,std::vector<CScriptThing,std::allocator<CScriptThing> > &	220	needs-reversal	0	0	signature-review	0	exact-leaf-name;complete-prototype;quest-interface-qualified-owner
30	0x008A9C40	Quest.GetAllThingsWithDefNameByDistanceFrom	CGameScriptInterface::GetAllThingsWithDefNameByDistanceFrom	CGameScriptInterface	unique	strong	1	__thiscall	long	CGameScriptInterface *,CScriptThing const &,CCharString const &,std::vector<CScriptThing,std::allocator<CScriptThing> > &	220	needs-reversal	0	0	signature-review	0	exact-leaf-name;complete-prototype;quest-interface-qualified-owner
31	0x008A8F20	Quest.GetItemDefNamesFromContainer	CGameScriptInterface::GetItemDefNamesFromContainer	CGameScriptInterface	unique	strong	1	__thiscall	void	CGameScriptInterface *,CScriptThing const &,std::vector<CCharString,std::allocator<CCharString> > &	220	needs-reversal	0	0	signature-review	0	exact-leaf-name;complete-prototype;quest-interface-qualified-owner
32	0x008A1B10	Quest.GetSleepingPositionAndOrientationFromBed	CGameScriptInterface::GetSleepingPositionAndOrientationFromBed	CGameScriptInterface	unique	strong	1	__thiscall	bool	CGameScriptInterface *,CScriptThing const &,CScriptThing const &,C3DVector &,C3DVector &	220	needs-reversal	0	0	signature-review	0	exact-leaf-name;complete-prototype;quest-interface-qualified-owner
33	0x0089AD90	Quest.IsQuestStartScreenActive	CGameScriptInterface::IsQuestStartScreenActive	CGameScriptInterface	unique	strong	1	__thiscall	bool	CGameScriptInterface *,CCharString &	220	needs-reversal	0	0	signature-review	0	exact-leaf-name;complete-prototype;quest-interface-qualified-owner
34	0x008A9AE0	Quest.MsgOnBoastsMade	CGameScriptInterface::MsgOnBoastsMade	CGameScriptInterface	unique	strong	1	__thiscall	bool	CGameScriptInterface *,std::vector<std::pair<long,CCharString>,std::allocator<std::pair<long,CCharString> > > &	220	needs-reversal	0	0	signature-review	0	exact-leaf-name;complete-prototype;quest-interface-qualified-owner
35	0x00893B00	Quest.MsgOnExpressionPerformed	CGameScriptInterface::MsgOnExpressionPerformed	CGameScriptInterface	unique	strong	1	__thiscall	bool	CGameScriptInterface *,CCharString &	220	needs-reversal	0	0	signature-review	0	exact-leaf-name;complete-prototype;quest-interface-qualified-owner
36	0x00893EC0	Quest.MsgOnHeroSlept	CGameScriptInterface::MsgOnHeroSlept	CGameScriptInterface	unique	strong	1	__thiscall	bool	CGameScriptInterface *,bool &	220	needs-reversal	0	0	signature-review	0	exact-leaf-name;complete-prototype;quest-interface-qualified-owner
37	0x0089B110	Quest.StartMovieSequence	CGameScriptInterface::StartMovieSequence	CGameScriptInterface	unique	strong	1	__thiscall	void	CGameScriptInterface *,CCharString const &,CScriptGameResourceObjectMovieBase &	220	needs-reversal	0	0	signature-review	0	exact-leaf-name;complete-prototype;quest-interface-qualified-owner
38	0x004AABF0	Entity.MsgExpressionPerformedTo	CScriptThing::MsgExpressionPerformedTo	CScriptThing	unique	strong	1	__thiscall	bool	CScriptThing *,CCharString &	100	needs-reversal	0	0	signature-review	0	exact-leaf-name;complete-prototype;entity-owner
39	0x004AAC60	Entity.MsgIsPresentedWithItem	CScriptThing::MsgIsPresentedWithItem	CScriptThing	unique	strong	1	__thiscall	bool	CScriptThing *,CCharString &	100	needs-reversal	0	0	signature-review	0	exact-leaf-name;complete-prototype;entity-owner
40	0x004AAC40	Entity.MsgReceivedMoney	CScriptThing::MsgReceivedMoney	CScriptThing	unique	strong	1	__thiscall	bool	CScriptThing *,long &	100	needs-reversal	0	0	signature-review	0	exact-leaf-name;complete-prototype;entity-owner
41	0x00891530	Quest.GetAllActiveQuestInfo	CGameScriptInterface::GetAllActiveQuestInfo	CGameScriptInterface	ambiguous	strong	1	__thiscall	void	CGameScriptInterface *,std::vector<CCharString,std::allocator<CCharString> > &,std::vector<CCharString,std::allocator<CCharString> > &	220	needs-reversal	0	0	signature-review	0	exact-leaf-name;complete-prototype;quest-interface-qualified-owner
42	0x00891860	Quest.SetQuestWorldMapOffset	CGameScriptInterface::SetQuestWorldMapOffset	CGameScriptInterface	ambiguous	strong	1	__thiscall	void	CGameScriptInterface *,CCharString const &,C2DCoordI const &	220	needs-reversal	0	0	signature-review	0	exact-leaf-name;complete-prototype;quest-interface-qualified-owner
43	0x0088FE80	Quest.SetTimeAsStopped	CGameScriptInterface::SetTimeAsStopped	CGameScriptInterface	ambiguous	strong	1	__thiscall	void	CGameScriptInterface *,bool,long &	220	needs-reversal	0	0	signature-review	0	exact-leaf-name;complete-prototype;quest-interface-qualified-owner
44	0x008977F0	Quest.ApplyHeroPenaltyForDeath	CGameScriptInterface::ApplyHeroPenaltyForDeath	CGameScriptInterface	unique	strong	1	__thiscall	void	CGameScriptInterface *	245	agent-reviewed	0	0	direct-signature	1	exact-leaf-name;complete-prototype;agent-structural-pass;quest-interface-qualified-owner
45	0x00890FF0	Quest.CameraDefault	CGameScriptInterface::CameraDefault	CGameScriptInterface	unique	strong	1	__thiscall	void	CGameScriptInterface *	245	agent-reviewed	0	0	direct-signature	1	exact-leaf-name;complete-prototype;agent-structural-pass;quest-interface-qualified-owner
46	0x0088ECE0	Quest.CameraShake	CGameScriptInterface::CameraShake	CGameScriptInterface	unique	strong	1	__thiscall	void	CGameScriptInterface *,float,float	245	agent-reviewed	0	0	direct-signature	1	exact-leaf-name;complete-prototype;agent-structural-pass;quest-interface-qualified-owner
47	0x008A0820	Quest.CancelHeroTeleportEffects	CGameScriptInterface::CancelHeroTeleportEffects	CGameScriptInterface	unique	strong	1	__thiscall	void	CGameScriptInterface *	245	agent-reviewed	0	0	direct-signature	1	exact-leaf-name;complete-prototype;agent-structural-pass;quest-interface-qualified-owner
48	0x00891720	Quest.ChangeHeroHealthBy	CGameScriptInterface::ChangeHeroHealthBy	CGameScriptInterface	unique	strong	1	__thiscall	void	CGameScriptInterface *,float,bool,bool	245	agent-reviewed	0	0	direct-signature	1	exact-leaf-name;complete-prototype;agent-structural-pass;quest-interface-qualified-owner
49	0x0089A0E0	Quest.ChangeHeroMoralityDueToPicklock	CGameScriptInterface::ChangeHeroMoralityDueToPicklock	CGameScriptInterface	unique	strong	1	__thiscall	void	CGameScriptInterface *	245	agent-reviewed	0	0	direct-signature	1	exact-leaf-name;complete-prototype;agent-structural-pass;quest-interface-qualified-owner
50	0x0089A070	Quest.ChangeHeroMoralityDueToTheft	CGameScriptInterface::ChangeHeroMoralityDueToTheft	CGameScriptInterface	unique	strong	1	__thiscall	void	CGameScriptInterface *	245	agent-reviewed	0	0	direct-signature	1	exact-leaf-name;complete-prototype;agent-structural-pass;quest-interface-qualified-owner
51	0x008986D0	Quest.ConfiscateAllHeroItems	CGameScriptInterface::ConfiscateAllHeroItems	CGameScriptInterface	unique	strong	1	__thiscall	void	CGameScriptInterface *	245	agent-reviewed	0	0	direct-signature	1	exact-leaf-name;complete-prototype;agent-structural-pass;quest-interface-qualified-owner
52	0x008907E0	Quest.FadeScreenOutUntilNextCallToFadeScreenIn	CGameScriptInterface::FadeScreenOutUntilNextCallToFadeScreenIn	CGameScriptInterface	unique	strong	1	__thiscall	void	CGameScriptInterface *,float,float	245	agent-reviewed	0	0	direct-signature	1	exact-leaf-name;complete-prototype;agent-structural-pass;quest-interface-qualified-owner
53	0x008A17D0	Quest.GetBestTimeGuessTheAddition	CGameScriptInterface::GetBestTimeGuessTheAddition	CGameScriptInterface	unique	strong	1	__thiscall	float	CGameScriptInterface *	245	agent-reviewed	0	0	direct-signature	1	exact-leaf-name;complete-prototype;agent-structural-pass;quest-interface-qualified-owner
54	0x008A1590	Quest.GetBestTimePairs	CGameScriptInterface::GetBestTimePairs	CGameScriptInterface	unique	strong	1	__thiscall	float	CGameScriptInterface *	245	agent-reviewed	0	0	direct-signature	1	exact-leaf-name;complete-prototype;agent-structural-pass;quest-interface-qualified-owner
55	0x008A15F0	Quest.GetBestTimeSorting	CGameScriptInterface::GetBestTimeSorting	CGameScriptInterface	unique	strong	1	__thiscall	float	CGameScriptInterface *	245	agent-reviewed	0	0	direct-signature	1	exact-leaf-name;complete-prototype;agent-structural-pass;quest-interface-qualified-owner
56	0x00899700	Quest.GetDistanceHeroCanBeHeardFrom	CGameScriptInterface::GetDistanceHeroCanBeHeardFrom	CGameScriptInterface	unique	strong	1	__thiscall	float	CGameScriptInterface *	245	agent-reviewed	0	0	direct-signature	1	exact-leaf-name;complete-prototype;agent-structural-pass;quest-interface-qualified-owner
57	0x00899560	Quest.GetHeroAge	CGameScriptInterface::GetHeroAge	CGameScriptInterface	unique	strong	1	__thiscall	float	CGameScriptInterface *	245	agent-reviewed	0	0	direct-signature	1	exact-leaf-name;complete-prototype;agent-structural-pass;quest-interface-qualified-owner
58	0x00899930	Quest.GetHeroAttractiveness	CGameScriptInterface::GetHeroAttractiveness	CGameScriptInterface	unique	strong	1	__thiscall	float	CGameScriptInterface *	245	agent-reviewed	0	0	direct-signature	1	exact-leaf-name;complete-prototype;agent-structural-pass;quest-interface-qualified-owner
59	0x00899850	Quest.GetHeroFatness	CGameScriptInterface::GetHeroFatness	CGameScriptInterface	unique	strong	1	__thiscall	float	CGameScriptInterface *	245	agent-reviewed	0	0	direct-signature	1	exact-leaf-name;complete-prototype;agent-structural-pass;quest-interface-qualified-owner
60	0x00897BD0	Quest.GetHeroHasChildren	CGameScriptInterface::GetHeroHasChildren	CGameScriptInterface	unique	strong	1	__thiscall	bool	CGameScriptInterface *	245	agent-reviewed	0	0	direct-signature	1	exact-leaf-name;complete-prototype;agent-structural-pass;quest-interface-qualified-owner
61	0x00897B10	Quest.GetHeroHasCurrentMarriage	CGameScriptInterface::GetHeroHasCurrentMarriage	CGameScriptInterface	unique	strong	1	__thiscall	bool	CGameScriptInterface *	245	agent-reviewed	0	0	direct-signature	1	exact-leaf-name;complete-prototype;agent-structural-pass;quest-interface-qualified-owner
62	0x00897B70	Quest.GetHeroHasDivorcedMarriage	CGameScriptInterface::GetHeroHasDivorcedMarriage	CGameScriptInterface	unique	strong	1	__thiscall	bool	CGameScriptInterface *	245	agent-reviewed	0	0	direct-signature	1	exact-leaf-name;complete-prototype;agent-structural-pass;quest-interface-qualified-owner
63	0x00897AA0	Quest.GetHeroHasMarried	CGameScriptInterface::GetHeroHasMarried	CGameScriptInterface	unique	strong	1	__thiscall	bool	CGameScriptInterface *	245	agent-reviewed	0	0	direct-signature	1	exact-leaf-name;complete-prototype;agent-structural-pass;quest-interface-qualified-owner
64	0x00897C30	Quest.GetHeroHasMurderedWife	CGameScriptInterface::GetHeroHasMurderedWife	CGameScriptInterface	unique	strong	1	__thiscall	bool	CGameScriptInterface *	245	agent-reviewed	0	0	direct-signature	1	exact-leaf-name;complete-prototype;agent-structural-pass;quest-interface-qualified-owner
65	0x00899F90	Quest.GetHeroMorality	CGameScriptInterface::GetHeroMorality	CGameScriptInterface	unique	strong	1	__thiscall	float	CGameScriptInterface *	245	agent-reviewed	0	0	direct-signature	1	exact-leaf-name;complete-prototype;agent-structural-pass;quest-interface-qualified-owner
66	0x008998C0	Quest.GetHeroScariness	CGameScriptInterface::GetHeroScariness	CGameScriptInterface	unique	strong	1	__thiscall	float	CGameScriptInterface *	245	agent-reviewed	0	0	direct-signature	1	exact-leaf-name;complete-prototype;agent-structural-pass;quest-interface-qualified-owner
67	0x008999A0	Quest.GetHeroWillEnergyLevel	CGameScriptInterface::GetHeroWillEnergyLevel	CGameScriptInterface	unique	strong	1	__thiscall	float	CGameScriptInterface *	245	agent-reviewed	0	0	direct-signature	1	exact-leaf-name;complete-prototype;agent-structural-pass;quest-interface-qualified-owner
68	0x00899EF0	Quest.GiveHeroMorality	CGameScriptInterface::GiveHeroMorality	CGameScriptInterface	unique	strong	1	__thiscall	void	CGameScriptInterface *,float	245	agent-reviewed	0	0	direct-signature	1	exact-leaf-name;complete-prototype;agent-structural-pass;quest-interface-qualified-owner
69	0x00899220	Quest.IncreaseHeroRenownLevel	CGameScriptInterface::IncreaseHeroRenownLevel	CGameScriptInterface	unique	strong	1	__thiscall	void	CGameScriptInterface *	245	agent-reviewed	0	0	direct-signature	1	exact-leaf-name;complete-prototype;agent-structural-pass;quest-interface-qualified-owner
70	0x00891EA0	Quest.IsHeroAllowedHenchmenInCurrentRegion	CGameScriptInterface::IsHeroAllowedHenchmenInCurrentRegion	CGameScriptInterface	unique	strong	1	__thiscall	bool	CGameScriptInterface *	245	agent-reviewed	0	0	direct-signature	1	exact-leaf-name;complete-prototype;agent-structural-pass;quest-interface-qualified-owner
71	0x00898E60	Quest.IsHeroHandLampLit	CGameScriptInterface::IsHeroHandLampLit	CGameScriptInterface	unique	strong	1	__thiscall	bool	CGameScriptInterface *	245	agent-reviewed	0	0	direct-signature	1	exact-leaf-name;complete-prototype;agent-structural-pass;quest-interface-qualified-owner
72	0x008991A0	Quest.IsHeroRenownLevelFull	CGameScriptInterface::IsHeroRenownLevelFull	CGameScriptInterface	unique	strong	1	__thiscall	bool	CGameScriptInterface *	245	agent-reviewed	0	0	direct-signature	1	exact-leaf-name;complete-prototype;agent-structural-pass;quest-interface-qualified-owner
73	0x00899DB0	Quest.IsPlayerCreatureFlourishEnabled	CGameScriptInterface::IsPlayerCreatureFlourishEnabled	CGameScriptInterface	unique	strong	1	__thiscall	bool	CGameScriptInterface *	245	agent-reviewed	0	0	direct-signature	1	exact-leaf-name;complete-prototype;agent-structural-pass;quest-interface-qualified-owner
74	0x00897480	Quest.IsPlayerWieldingWeapon	CGameScriptInterface::IsPlayerWieldingWeapon	CGameScriptInterface	unique	strong	1	__thiscall	bool	CGameScriptInterface *	245	agent-reviewed	0	0	direct-signature	1	exact-leaf-name;complete-prototype;agent-structural-pass;quest-interface-qualified-owner
75	0x00897030	Quest.IsToFailQuestOnDeath	CGameScriptInterface::IsToFailQuestOnDeath	CGameScriptInterface	unique	strong	1	__thiscall	bool	CGameScriptInterface *	245	agent-reviewed	0	0	direct-signature	1	exact-leaf-name;complete-prototype;agent-structural-pass;quest-interface-qualified-owner
76	0x008943C0	Quest.MsgIsTutorialClickedPast	CGameScriptInterface::MsgIsTutorialClickedPast	CGameScriptInterface	unique	strong	1	__thiscall	bool	CGameScriptInterface *	245	agent-reviewed	0	0	direct-signature	1	exact-leaf-name;complete-prototype;agent-structural-pass;quest-interface-qualified-owner
77	0x00893E70	Quest.MsgOnGameSavedManually	CGameScriptInterface::MsgOnGameSavedManually	CGameScriptInterface	unique	strong	1	__thiscall	bool	CGameScriptInterface *	245	agent-reviewed	0	0	direct-signature	1	exact-leaf-name;complete-prototype;agent-structural-pass;quest-interface-qualified-owner
78	0x0089AF30	Quest.RemoveAllCutSceneSkippedMessages	CGameScriptInterface::RemoveAllCutSceneSkippedMessages	CGameScriptInterface	unique	strong	1	__thiscall	void	CGameScriptInterface *	245	agent-reviewed	0	0	direct-signature	1	exact-leaf-name;complete-prototype;agent-structural-pass;quest-interface-qualified-owner
79	0x00898600	Quest.RemoveAllHeroWeapons	CGameScriptInterface::RemoveAllHeroWeapons	CGameScriptInterface	unique	strong	1	__thiscall	void	CGameScriptInterface *	245	agent-reviewed	0	0	direct-signature	1	exact-leaf-name;complete-prototype;agent-structural-pass;quest-interface-qualified-owner
80	0x0089B4D0	Quest.RemoveHeroHairstyle	CGameScriptInterface::RemoveHeroHairstyle	CGameScriptInterface	unique	strong	1	__thiscall	void	CGameScriptInterface *	245	agent-reviewed	0	0	direct-signature	1	exact-leaf-name;complete-prototype;agent-structural-pass;quest-interface-qualified-owner
81	0x00899D50	Quest.ResetPlayerCreatureCombatMultiplier	CGameScriptInterface::ResetPlayerCreatureCombatMultiplier	CGameScriptInterface	unique	strong	1	__thiscall	void	CGameScriptInterface *	245	agent-reviewed	0	0	direct-signature	1	exact-leaf-name;complete-prototype;agent-structural-pass;quest-interface-qualified-owner
82	0x00899E90	Quest.ResetPlayerCreatureOnlyTarget	CGameScriptInterface::ResetPlayerCreatureOnlyTarget	CGameScriptInterface	unique	strong	1	__thiscall	void	CGameScriptInterface *	245	agent-reviewed	0	0	direct-signature	1	exact-leaf-name;complete-prototype;agent-structural-pass;quest-interface-qualified-owner
83	0x00898940	Quest.ReturnAllConfiscatedItemsToHero	CGameScriptInterface::ReturnAllConfiscatedItemsToHero	CGameScriptInterface	unique	strong	1	__thiscall	void	CGameScriptInterface *	245	agent-reviewed	0	0	direct-signature	1	exact-leaf-name;complete-prototype;agent-structural-pass;quest-interface-qualified-owner
84	0x00890200	Quest.ScreenFilterFadeOut	CGameScriptInterface::ScreenFilterFadeOut	CGameScriptInterface	unique	strong	1	__thiscall	void	CGameScriptInterface *,float,void *	245	agent-reviewed	0	0	direct-signature	1	exact-leaf-name;complete-prototype;agent-structural-pass;quest-interface-qualified-owner
85	0x00898540	Quest.SetGuardsIgnoreCrimes	CGameScriptInterface::SetGuardsIgnoreCrimes	CGameScriptInterface	unique	strong	1	__thiscall	void	CGameScriptInterface *,bool	245	agent-reviewed	0	0	direct-signature	1	exact-leaf-name;complete-prototype;agent-structural-pass;quest-interface-qualified-owner
86	0x00899060	Quest.SetHeroAbleToGainExperience	CGameScriptInterface::SetHeroAbleToGainExperience	CGameScriptInterface	unique	strong	1	__thiscall	void	CGameScriptInterface *,bool	245	agent-reviewed	0	0	direct-signature	1	exact-leaf-name;complete-prototype;agent-structural-pass;quest-interface-qualified-owner
87	0x008994E0	Quest.SetHeroAge	CGameScriptInterface::SetHeroAge	CGameScriptInterface	unique	strong	1	__thiscall	void	CGameScriptInterface *,float	245	agent-reviewed	0	0	direct-signature	1	exact-leaf-name;complete-prototype;agent-structural-pass;quest-interface-qualified-owner
88	0x00899680	Quest.SetHeroAsApprentice	CGameScriptInterface::SetHeroAsApprentice	CGameScriptInterface	unique	strong	1	__thiscall	void	CGameScriptInterface *,bool	245	agent-reviewed	0	0	direct-signature	1	exact-leaf-name;complete-prototype;agent-structural-pass;quest-interface-qualified-owner
89	0x00897DB0	Quest.SetHeroAsHavingHadGaySex	CGameScriptInterface::SetHeroAsHavingHadGaySex	CGameScriptInterface	unique	strong	1	__thiscall	void	CGameScriptInterface *,bool	245	agent-reviewed	0	0	direct-signature	1	exact-leaf-name;complete-prototype;agent-structural-pass;quest-interface-qualified-owner
90	0x00897D50	Quest.SetHeroAsHavingHadSex	CGameScriptInterface::SetHeroAsHavingHadSex	CGameScriptInterface	unique	strong	1	__thiscall	void	CGameScriptInterface *,bool	245	agent-reviewed	0	0	direct-signature	1	exact-leaf-name;complete-prototype;agent-structural-pass;quest-interface-qualified-owner
91	0x008995D0	Quest.SetHeroAsTeenager	CGameScriptInterface::SetHeroAsTeenager	CGameScriptInterface	unique	strong	1	__thiscall	void	CGameScriptInterface *,bool	245	agent-reviewed	0	0	direct-signature	1	exact-leaf-name;complete-prototype;agent-structural-pass;quest-interface-qualified-owner
92	0x00898EC0	Quest.SetHeroHandLampAsLit	CGameScriptInterface::SetHeroHandLampAsLit	CGameScriptInterface	unique	strong	1	__thiscall	void	CGameScriptInterface *,bool	245	agent-reviewed	0	0	direct-signature	1	exact-leaf-name;complete-prototype;agent-structural-pass;quest-interface-qualified-owner
93	0x00898410	Quest.SetHeroWeaponsAsUsable	CGameScriptInterface::SetHeroWeaponsAsUsable	CGameScriptInterface	unique	strong	1	__thiscall	void	CGameScriptInterface *,bool	245	agent-reviewed	0	0	direct-signature	1	exact-leaf-name;complete-prototype;agent-structural-pass;quest-interface-qualified-owner
94	0x00898340	Quest.SetHeroWillAsUsable	CGameScriptInterface::SetHeroWillAsUsable	CGameScriptInterface	unique	strong	1	__thiscall	void	CGameScriptInterface *,bool	245	agent-reviewed	0	0	direct-signature	1	exact-leaf-name;complete-prototype;agent-structural-pass;quest-interface-qualified-owner
95	0x00899A90	Quest.SetHeroWillEnergyAsAbleToRefill	CGameScriptInterface::SetHeroWillEnergyAsAbleToRefill	CGameScriptInterface	unique	strong	1	__thiscall	void	CGameScriptInterface *,bool	245	agent-reviewed	0	0	direct-signature	1	exact-leaf-name;complete-prototype;agent-structural-pass;quest-interface-qualified-owner
96	0x00899A10	Quest.SetHeroWillEnergyLevel	CGameScriptInterface::SetHeroWillEnergyLevel	CGameScriptInterface	unique	strong	1	__thiscall	void	CGameScriptInterface *,float	245	agent-reviewed	0	0	direct-signature	1	exact-leaf-name;complete-prototype;agent-structural-pass;quest-interface-qualified-owner
97	0x0089EF30	Quest.SetMoralityChangingAsEnabled	CGameScriptInterface::SetMoralityChangingAsEnabled	CGameScriptInterface	unique	strong	1	__thiscall	void	CGameScriptInterface *,bool	245	agent-reviewed	0	0	direct-signature	1	exact-leaf-name;complete-prototype;agent-structural-pass;quest-interface-qualified-owner
98	0x0088FDC0	Quest.SetTimeOfDay	CGameScriptInterface::SetTimeOfDay	CGameScriptInterface	unique	strong	1	__thiscall	void	CGameScriptInterface *,float	245	agent-reviewed	0	0	direct-signature	1	exact-leaf-name;complete-prototype;agent-structural-pass;quest-interface-qualified-owner
99	0x008984E0	Quest.SetWeaponOutCrimeEnabled	CGameScriptInterface::SetWeaponOutCrimeEnabled	CGameScriptInterface	unique	strong	1	__thiscall	void	CGameScriptInterface *,bool	245	agent-reviewed	0	0	direct-signature	1	exact-leaf-name;complete-prototype;agent-structural-pass;quest-interface-qualified-owner
100	0x00897090	Quest.SetWhetherToFailQuestOnDeath	CGameScriptInterface::SetWhetherToFailQuestOnDeath	CGameScriptInterface	unique	strong	1	__thiscall	void	CGameScriptInterface *,bool	245	agent-reviewed	0	0	direct-signature	1	exact-leaf-name;complete-prototype;agent-structural-pass;quest-interface-qualified-owner
101	0x008916A0	Quest.SheatheHeroWeapons	CGameScriptInterface::SheatheHeroWeapons	CGameScriptInterface	unique	strong	1	__thiscall	void	CGameScriptInterface *	245	agent-reviewed	0	0	direct-signature	1	exact-leaf-name;complete-prototype;agent-structural-pass;quest-interface-qualified-owner
102	0x0088F8D0	Quest.StartCountdownTimer	CGameScriptInterface::StartCountdownTimer	CGameScriptInterface	unique	strong	1	__thiscall	void	CGameScriptInterface *,float	245	agent-reviewed	0	0	direct-signature	1	exact-leaf-name;complete-prototype;agent-structural-pass;quest-interface-qualified-owner
103	0x0088F910	Quest.AutoSaveCheckPoint	CGameScriptInterface::AutoSaveCheckPoint	CGameScriptInterface	ambiguous	strong	1	__thiscall	void	CGameScriptInterface *	245	agent-reviewed	0	0	direct-signature	1	exact-leaf-name;complete-prototype;agent-structural-pass;quest-interface-qualified-owner
104	0x0088F920	Quest.AutoSaveQuestStart	CGameScriptInterface::AutoSaveQuestStart	CGameScriptInterface	ambiguous	strong	1	__thiscall	void	CGameScriptInterface *	245	agent-reviewed	0	0	direct-signature	1	exact-leaf-name;complete-prototype;agent-structural-pass;quest-interface-qualified-owner
105	0x00891920	Quest.DisplayQuestInfo	CGameScriptInterface::DisplayQuestInfo	CGameScriptInterface	ambiguous	strong	1	__thiscall	void	CGameScriptInterface *,bool	245	agent-reviewed	0	0	direct-signature	1	exact-leaf-name;complete-prototype;agent-structural-pass;quest-interface-qualified-owner
106	0x0088E380	Quest.DontPopulateNextLoadedRegion	CGameScriptInterface::DontPopulateNextLoadedRegion	CGameScriptInterface	ambiguous	strong	1	__thiscall	void	CGameScriptInterface *	245	agent-reviewed	0	0	direct-signature	1	exact-leaf-name;complete-prototype;agent-structural-pass;quest-interface-qualified-owner
107	0x0088FE90	Quest.FastForwardTimeTo	CGameScriptInterface::FastForwardTimeTo	CGameScriptInterface	ambiguous	strong	1	__thiscall	void	CGameScriptInterface *,float,float	245	agent-reviewed	0	0	direct-signature	1	exact-leaf-name;complete-prototype;agent-structural-pass;quest-interface-qualified-owner
108	0x00891330	Quest.IsDangerMusicEnabled	CGameScriptInterface::IsDangerMusicEnabled	CGameScriptInterface	ambiguous	strong	1	__thiscall	bool	CGameScriptInterface *	245	agent-reviewed	0	0	direct-signature	1	exact-leaf-name;complete-prototype;agent-structural-pass;quest-interface-qualified-owner
109	0x0088F970	Quest.ResetToFrontEnd	CGameScriptInterface::ResetToFrontEnd	CGameScriptInterface	ambiguous	strong	1	__thiscall	void	CGameScriptInterface *	245	agent-reviewed	0	0	direct-signature	1	exact-leaf-name;complete-prototype;agent-structural-pass;quest-interface-qualified-owner
110	0x00890B90	Quest.SetEnvironmentalEffectsAlwaysUpdate	CGameScriptInterface::SetEnvironmentalEffectsAlwaysUpdate	CGameScriptInterface	ambiguous	strong	1	__thiscall	void	CGameScriptInterface *,bool	245	agent-reviewed	0	0	direct-signature	1	exact-leaf-name;complete-prototype;agent-structural-pass;quest-interface-qualified-owner
111	0x0088E200	Quest.SetGuildMasterMessages	CGameScriptInterface::SetGuildMasterMessages	CGameScriptInterface	ambiguous	strong	1	__thiscall	void	CGameScriptInterface *,bool	245	agent-reviewed	0	0	direct-signature	1	exact-leaf-name;complete-prototype;agent-structural-pass;quest-interface-qualified-owner
112	0x0089FEB0	Quest.AddCrimeCommitted	CGameScriptInterface::AddCrimeCommitted	CGameScriptInterface	unique	strong	1	__thiscall	void	CGameScriptInterface *,CScriptThing const &,ECrime,bool,CScriptThing const *,CScriptThing const *,EOpinionPostDeedType	245	agent-reviewed	0	0	wrapper-adapter	1	exact-leaf-name;complete-prototype;agent-structural-pass;quest-interface-qualified-owner
113	0x00891540	Quest.AddFeatCard	CGameScriptInterface::AddFeatCard	CGameScriptInterface	unique	strong	1	__thiscall	void	CGameScriptInterface *,long,CCharString const &,CCharString const &	245	agent-reviewed	0	0	wrapper-adapter	1	exact-leaf-name;complete-prototype;agent-structural-pass;quest-interface-qualified-owner
114	0x008A9E30	Quest.AddGossipVillage	CGameScriptInterface::AddGossipVillage	CGameScriptInterface	unique	strong	1	__thiscall	void	CGameScriptInterface *,CCharString const &,CCharString const &	245	agent-reviewed	0	0	wrapper-adapter	1	exact-leaf-name;complete-prototype;agent-structural-pass;quest-interface-qualified-owner
115	0x008A9DD0	Quest.AddNewRumourToCategory	CGameScriptInterface::AddNewRumourToCategory	CGameScriptInterface	unique	strong	1	__thiscall	void	CGameScriptInterface *,CCharString const &,CCharString const &	245	agent-reviewed	0	0	wrapper-adapter	1	exact-leaf-name;complete-prototype;agent-structural-pass;quest-interface-qualified-owner
116	0x008913F0	Quest.AddQuestCard	CGameScriptInterface::AddQuestCard	CGameScriptInterface	unique	strong	1	__thiscall	void	CGameScriptInterface *,CCharString const &,CCharString const &,bool,bool	245	agent-reviewed	0	0	wrapper-adapter	1	exact-leaf-name;complete-prototype;agent-structural-pass;quest-interface-qualified-owner
117	0x00891AC0	Quest.AddQuestInfoBar	CGameScriptInterface::AddQuestInfoBar	CGameScriptInterface	unique	strong	1	__thiscall	long	CGameScriptInterface *,float,float,CRGBColour const &,CRGBColour const &,CCharString const &,CCharString const &,float	245	agent-reviewed	0	0	wrapper-adapter	1	exact-leaf-name;complete-prototype;agent-structural-pass;quest-interface-qualified-owner
118	0x00891B50	Quest.AddQuestInfoCounterList	CGameScriptInterface::AddQuestInfoCounterList	CGameScriptInterface	unique	strong	1	__thiscall	long	CGameScriptInterface *,CCharString const &,long,float	245	agent-reviewed	0	0	wrapper-adapter	1	exact-leaf-name;complete-prototype;agent-structural-pass;quest-interface-qualified-owner
119	0x00891B20	Quest.AddQuestInfoTimer	CGameScriptInterface::AddQuestInfoTimer	CGameScriptInterface	unique	strong	1	__thiscall	long	CGameScriptInterface *,CTimer const &,CCharString const &,float	245	agent-reviewed	0	0	wrapper-adapter	1	exact-leaf-name;complete-prototype;agent-structural-pass;quest-interface-qualified-owner
120	0x008981C0	Quest.AddTattooToHero	CGameScriptInterface::AddTattooToHero	CGameScriptInterface	unique	strong	1	__thiscall	void	CGameScriptInterface *,CCharString const &	245	agent-reviewed	0	0	wrapper-adapter	1	exact-leaf-name;complete-prototype;agent-structural-pass;quest-interface-qualified-owner
121	0x0088F480	Quest.ApplyScriptBrush	CGameScriptInterface::ApplyScriptBrush	CGameScriptInterface	unique	strong	1	__thiscall	void	CGameScriptInterface *,CCharString const &	245	agent-reviewed	0	0	wrapper-adapter	1	exact-leaf-name;complete-prototype;agent-structural-pass;quest-interface-qualified-owner
122	0x0088E6F0	Quest.AreEntitiesEnemies	CGameScriptInterface::AreEntitiesEnemies	CGameScriptInterface	unique	strong	1	__thiscall	bool	CGameScriptInterface *,CScriptThing const &,CScriptThing const &	245	agent-reviewed	0	0	wrapper-adapter	1	exact-leaf-name;complete-prototype;agent-structural-pass;quest-interface-qualified-owner
123	0x00891310	Quest.CacheMusicSet	CGameScriptInterface::CacheMusicSet	CGameScriptInterface	unique	strong	1	__thiscall	void	CGameScriptInterface *,EMusicSetType	245	agent-reviewed	0	0	wrapper-adapter	1	exact-leaf-name;complete-prototype;agent-structural-pass;quest-interface-qualified-owner
124	0x00892C20	Quest.CameraCircleAroundPos	CGameScriptInterface::CameraCircleAroundPos	CGameScriptInterface	unique	strong	1	__thiscall	void	CGameScriptInterface *,C3DVector const &,C3DVector const &,float	245	agent-reviewed	0	0	wrapper-adapter	1	exact-leaf-name;complete-prototype;agent-structural-pass;quest-interface-qualified-owner
125	0x00892B50	Quest.CameraCircleAroundThing	CGameScriptInterface::CameraCircleAroundThing	CGameScriptInterface	unique	strong	1	__thiscall	void	CGameScriptInterface *,CScriptThing const &,C3DVector const &,float	245	agent-reviewed	0	0	wrapper-adapter	1	exact-leaf-name;complete-prototype;agent-structural-pass;quest-interface-qualified-owner
126	0x00892610	Quest.CameraMoveBetweenLookFromAndLookTo	CGameScriptInterface::CameraMoveBetweenLookFromAndLookTo	CGameScriptInterface	unique	strong	1	__thiscall	void	CGameScriptInterface *,C3DVector const &,C3DVector const &,C3DVector const &,C3DVector const &,float	245	agent-reviewed	0	0	wrapper-adapter	1	exact-leaf-name;complete-prototype;agent-structural-pass;quest-interface-qualified-owner
127	0x00892410	Quest.CameraMoveToPosAndLookAtPos	CGameScriptInterface::CameraMoveToPosAndLookAtPos	CGameScriptInterface	unique	strong	1	__thiscall	void	CGameScriptInterface *,C3DVector const &,C3DVector const &,float	245	agent-reviewed	0	0	wrapper-adapter	1	exact-leaf-name;complete-prototype;agent-structural-pass;quest-interface-qualified-owner
128	0x0089CD70	Quest.CanThingBe_Heard_ByOtherThing	CGameScriptInterface::CanThingBe_Heard_ByOtherThing	CGameScriptInterface	unique	strong	1	__thiscall	bool	CGameScriptInterface *,CScriptThing const &,CScriptThing const &	245	agent-reviewed	0	0	wrapper-adapter	1	exact-leaf-name;complete-prototype;agent-structural-pass;quest-interface-qualified-owner
129	0x0089CD50	Quest.CanThingBe_Smelled_ByOtherThing	CGameScriptInterface::CanThingBe_Smelled_ByOtherThing	CGameScriptInterface	unique	strong	1	__thiscall	bool	CGameScriptInterface *,CScriptThing const &,CScriptThing const &	245	agent-reviewed	0	0	wrapper-adapter	1	exact-leaf-name;complete-prototype;agent-structural-pass;quest-interface-qualified-owner
130	0x0089B450	Quest.ChangeHeroHairstyle	CGameScriptInterface::ChangeHeroHairstyle	CGameScriptInterface	unique	strong	1	__thiscall	void	CGameScriptInterface *,CCharString const &	245	agent-reviewed	0	0	wrapper-adapter	1	exact-leaf-name;complete-prototype;agent-structural-pass;quest-interface-qualified-owner
131	0x00891BA0	Quest.ChangeQuestInfoBarColour	CGameScriptInterface::ChangeQuestInfoBarColour	CGameScriptInterface	unique	strong	1	__thiscall	void	CGameScriptInterface *,long,CRGBColour const &,CRGBColour const &	245	agent-reviewed	0	0	wrapper-adapter	1	exact-leaf-name;complete-prototype;agent-structural-pass;quest-interface-qualified-owner
132	0x006E7920	Quest.CheckForCameraMessage	CGameScriptInterface::CheckForCameraMessage	CGameScriptInterface	unique	strong	1	__thiscall	bool	CGameScriptInterface *,CCharString const &	245	agent-reviewed	0	0	wrapper-adapter	1	exact-leaf-name;complete-prototype;agent-structural-pass;quest-interface-qualified-owner
133	0x008961B0	Quest.ClearHeroEnemyOfGuards	CGameScriptInterface::ClearHeroEnemyOfGuards	CGameScriptInterface	unique	strong	1	__thiscall	void	CGameScriptInterface *,CScriptThing const &	245	agent-reviewed	0	0	wrapper-adapter	1	exact-leaf-name;complete-prototype;agent-structural-pass;quest-interface-qualified-owner
134	0x008A03F0	Quest.ClearThingBestEnemyTarget	CGameScriptInterface::ClearThingBestEnemyTarget	CGameScriptInterface	unique	strong	1	__thiscall	void	CGameScriptInterface *,CScriptThing const &	245	agent-reviewed	0	0	wrapper-adapter	1	exact-leaf-name;complete-prototype;agent-structural-pass;quest-interface-qualified-owner
135	0x00898840	Quest.ConfiscateItemsOfTypeFromHero	CGameScriptInterface::ConfiscateItemsOfTypeFromHero	CGameScriptInterface	unique	strong	1	__thiscall	void	CGameScriptInterface *,CCharString const &	245	agent-reviewed	0	0	wrapper-adapter	1	exact-leaf-name;complete-prototype;agent-structural-pass;quest-interface-qualified-owner
136	0x0089FBB0	Quest.CreateExperienceOrb	CGameScriptInterface::CreateExperienceOrb	CGameScriptInterface	unique	strong	1	__thiscall	CScriptThing	CGameScriptInterface *,C3DVector const &,long	245	agent-reviewed	0	0	wrapper-adapter	1	exact-leaf-name;complete-prototype;agent-structural-pass;quest-interface-qualified-owner
137	0x0089FC80	Quest.CreateExplosion	CGameScriptInterface::CreateExplosion	CGameScriptInterface	unique	strong	1	__thiscall	CScriptThing	CGameScriptInterface *,CCharString const &,C3DVector const &,C3DVector const *,CCharString	245	agent-reviewed	0	0	wrapper-adapter	1	exact-leaf-name;complete-prototype;agent-structural-pass;quest-interface-qualified-owner
138	0x0089FAA0	Quest.CreateLight	CGameScriptInterface::CreateLight	CGameScriptInterface	unique	strong	1	__thiscall	CScriptThing	CGameScriptInterface *,C3DVector const &,CRGBColour const &,CCharString const &,float,float,bool	245	agent-reviewed	0	0	wrapper-adapter	1	exact-leaf-name;complete-prototype;agent-structural-pass;quest-interface-qualified-owner
139	0x0089FD20	Quest.CreatePhysicalBarrier	CGameScriptInterface::CreatePhysicalBarrier	CGameScriptInterface	unique	strong	1	__thiscall	CScriptThing	CGameScriptInterface *,float,C3DVector const &,C3DVector const *,CCharString	245	agent-reviewed	0	0	wrapper-adapter	1	exact-leaf-name;complete-prototype;agent-structural-pass;quest-interface-qualified-owner
140	0x0089FDA0	Quest.CreateRumble	CGameScriptInterface::CreateRumble	CGameScriptInterface	unique	strong	1	__thiscall	CScriptThing	CGameScriptInterface *,C3DVector const &,float,float,CCharString	245	agent-reviewed	0	0	wrapper-adapter	1	exact-leaf-name;complete-prototype;agent-structural-pass;quest-interface-qualified-owner
141	0x0089EC60	Quest.CreatureGeneratorAddTriggerer	CGameScriptInterface::CreatureGeneratorAddTriggerer	CGameScriptInterface	unique	strong	1	__thiscall	void	CGameScriptInterface *,CScriptThing const &,CScriptThing const &	245	agent-reviewed	0	0	wrapper-adapter	1	exact-leaf-name;complete-prototype;agent-structural-pass;quest-interface-qualified-owner
142	0x00892F10	Quest.DeactivateQuestLater	CGameScriptInterface::DeactivateQuestLater	CGameScriptInterface	unique	strong	1	__thiscall	void	CGameScriptInterface *,CCharString const &,ulong	245	agent-reviewed	0	0	wrapper-adapter	1	exact-leaf-name;complete-prototype;agent-structural-pass;quest-interface-qualified-owner
143	0x006E7690	Quest.DeregisterTimer	CGameScriptInterface::DeregisterTimer	CGameScriptInterface	unique	strong	1	__thiscall	void	CGameScriptInterface *,long	245	agent-reviewed	0	0	wrapper-adapter	1	exact-leaf-name;complete-prototype;agent-structural-pass;quest-interface-qualified-owner
144	0x008A9320	Quest.EntityCastForcePush	CGameScriptInterface::EntityCastForcePush	CGameScriptInterface	unique	strong	1	__thiscall	bool	CGameScriptInterface *,CScriptThing const &,bool	245	agent-reviewed	0	0	wrapper-adapter	1	exact-leaf-name;complete-prototype;agent-structural-pass;quest-interface-qualified-owner
145	0x008A8E40	Quest.EntityDecapitate	CGameScriptInterface::EntityDecapitate	CGameScriptInterface	unique	strong	1	__thiscall	void	CGameScriptInterface *,CScriptThing const &	245	agent-reviewed	0	0	wrapper-adapter	1	exact-leaf-name;complete-prototype;agent-structural-pass;quest-interface-qualified-owner
146	0x008954A0	Quest.EntityFollowThing	CGameScriptInterface::EntityFollowThing	CGameScriptInterface	unique	strong	1	__thiscall	void	CGameScriptInterface *,CScriptThing const &,CScriptThing const &,float,bool	245	agent-reviewed	0	0	wrapper-adapter	1	exact-leaf-name;complete-prototype;agent-structural-pass;quest-interface-qualified-owner
147	0x0089C7B0	Quest.EntityPostOpinionDeedKeepSearchingForWitnesses	CGameScriptInterface::EntityPostOpinionDeedKeepSearchingForWitnesses	CGameScriptInterface	unique	strong	1	__thiscall	long	CGameScriptInterface *,CScriptThing const &,EOpinionDeedType,CScriptThing const &	245	agent-reviewed	0	0	wrapper-adapter	1	exact-leaf-name;complete-prototype;agent-structural-pass;quest-interface-qualified-owner
148	0x0089C560	Quest.EntityPostOpinionDeedToAll	CGameScriptInterface::EntityPostOpinionDeedToAll	CGameScriptInterface	unique	strong	1	__thiscall	void	CGameScriptInterface *,CScriptThing const &,EOpinionDeedType	245	agent-reviewed	0	0	wrapper-adapter	1	exact-leaf-name;complete-prototype;agent-structural-pass;quest-interface-qualified-owner
149	0x0089C670	Quest.EntityPostOpinionDeedToRecipient	CGameScriptInterface::EntityPostOpinionDeedToRecipient	CGameScriptInterface	unique	strong	1	__thiscall	void	CGameScriptInterface *,CScriptThing const &,EOpinionDeedType,CScriptThing const &	245	agent-reviewed	0	0	wrapper-adapter	1	exact-leaf-name;complete-prototype;agent-structural-pass;quest-interface-qualified-owner
150	0x0089C710	Quest.EntityPostOpinionDeedToRecipientVillage	CGameScriptInterface::EntityPostOpinionDeedToRecipientVillage	CGameScriptInterface	unique	strong	1	__thiscall	void	CGameScriptInterface *,CScriptThing const &,EOpinionDeedType,CScriptThing const &	245	agent-reviewed	0	0	wrapper-adapter	1	exact-leaf-name;complete-prototype;agent-structural-pass;quest-interface-qualified-owner
151	0x008A0BC0	Quest.EntitySetAppearanceSeed	CGameScriptInterface::EntitySetAppearanceSeed	CGameScriptInterface	unique	strong	1	__thiscall	void	CGameScriptInterface *,CScriptThing const &,ulong	245	agent-reviewed	0	0	wrapper-adapter	1	exact-leaf-name;complete-prototype;agent-structural-pass;quest-interface-qualified-owner
152	0x008978E0	Quest.EntitySetAsAbleToRegionFollowWhenMarried	CGameScriptInterface::EntitySetAsAbleToRegionFollowWhenMarried	CGameScriptInterface	unique	strong	1	__thiscall	void	CGameScriptInterface *,CScriptThing const &,bool	245	agent-reviewed	0	0	wrapper-adapter	1	exact-leaf-name;complete-prototype;agent-structural-pass;quest-interface-qualified-owner
153	0x0088EAD0	Quest.EntitySetAsDamageable	CGameScriptInterface::EntitySetAsDamageable	CGameScriptInterface	unique	strong	1	__thiscall	void	CGameScriptInterface *,CScriptThing const &,bool	245	agent-reviewed	0	0	wrapper-adapter	1	exact-leaf-name;complete-prototype;agent-structural-pass;quest-interface-qualified-owner
154	0x00894DD0	Quest.EntitySetAsMarryable	CGameScriptInterface::EntitySetAsMarryable	CGameScriptInterface	unique	strong	1	__thiscall	void	CGameScriptInterface *,CScriptThing const &,bool	245	agent-reviewed	0	0	wrapper-adapter	1	exact-leaf-name;complete-prototype;agent-structural-pass;quest-interface-qualified-owner
155	0x008A8C60	Quest.EntitySetAsSittingOnFloor	CGameScriptInterface::EntitySetAsSittingOnFloor	CGameScriptInterface	unique	strong	1	__thiscall	void	CGameScriptInterface *,CScriptThing const &,bool	245	agent-reviewed	0	0	wrapper-adapter	1	exact-leaf-name;complete-prototype;agent-structural-pass;quest-interface-qualified-owner
156	0x008A8EB0	Quest.EntitySetAttackThingImmediately	CGameScriptInterface::EntitySetAttackThingImmediately	CGameScriptInterface	unique	strong	1	__thiscall	void	CGameScriptInterface *,CScriptThing const &,CScriptThing const &,bool,bool	245	agent-reviewed	0	0	wrapper-adapter	1	exact-leaf-name;complete-prototype;agent-structural-pass;quest-interface-qualified-owner
157	0x0089AFF0	Quest.EntitySetCombatAbility	CGameScriptInterface::EntitySetCombatAbility	CGameScriptInterface	unique	strong	1	__thiscall	void	CGameScriptInterface *,CScriptThing const &,float	245	agent-reviewed	0	0	wrapper-adapter	1	exact-leaf-name;complete-prototype;agent-structural-pass;quest-interface-qualified-owner
158	0x0088F710	Quest.EntitySetCombatEnabled	CGameScriptInterface::EntitySetCombatEnabled	CGameScriptInterface	unique	strong	1	__thiscall	void	CGameScriptInterface *,CScriptThing const &,bool	245	agent-reviewed	0	0	wrapper-adapter	1	exact-leaf-name;complete-prototype;agent-structural-pass;quest-interface-qualified-owner
159	0x0088FD00	Quest.EntitySetInLimbo	CGameScriptInterface::EntitySetInLimbo	CGameScriptInterface	unique	strong	1	__thiscall	void	CGameScriptInterface *,CScriptThing const &,bool,bool	245	agent-reviewed	0	0	wrapper-adapter	1	exact-leaf-name;complete-prototype;agent-structural-pass;quest-interface-qualified-owner
160	0x0089E130	Quest.EntitySetMaxNumberOfAttackers	CGameScriptInterface::EntitySetMaxNumberOfAttackers	CGameScriptInterface	unique	strong	1	__thiscall	void	CGameScriptInterface *,CScriptThing const &,long	245	agent-reviewed	0	0	wrapper-adapter	1	exact-leaf-name;complete-prototype;agent-structural-pass;quest-interface-qualified-owner
161	0x0089C380	Quest.EntitySetOpinionAttitudeEnabled	CGameScriptInterface::EntitySetOpinionAttitudeEnabled	CGameScriptInterface	unique	strong	1	__thiscall	void	CGameScriptInterface *,CScriptThing const &,EOpinionAttitudeType,bool	245	agent-reviewed	0	0	wrapper-adapter	1	exact-leaf-name;complete-prototype;agent-structural-pass;quest-interface-qualified-owner
162	0x0089C330	Quest.EntitySetOpinionDeedTypeEnabled	CGameScriptInterface::EntitySetOpinionDeedTypeEnabled	CGameScriptInterface	unique	strong	1	__thiscall	void	CGameScriptInterface *,CScriptThing const &,EOpinionDeedType,bool	245	agent-reviewed	0	0	wrapper-adapter	1	exact-leaf-name;complete-prototype;agent-structural-pass;quest-interface-qualified-owner
163	0x0089C3D0	Quest.EntitySetOpinionReactionEnabled	CGameScriptInterface::EntitySetOpinionReactionEnabled	CGameScriptInterface	unique	strong	1	__thiscall	void	CGameScriptInterface *,CScriptThing const &,EOpinionReactionType,bool	245	agent-reviewed	0	0	wrapper-adapter	1	exact-leaf-name;complete-prototype;agent-structural-pass;quest-interface-qualified-owner
164	0x008A7980	Quest.EntityStopFollowing	CGameScriptInterface::EntityStopFollowing	CGameScriptInterface	unique	strong	1	__thiscall	void	CGameScriptInterface *,CScriptThing const &	245	agent-reviewed	0	0	wrapper-adapter	1	exact-leaf-name;complete-prototype;agent-structural-pass;quest-interface-qualified-owner
165	0x008A93A0	Quest.EntityWillTeleportToArea	CGameScriptInterface::EntityWillTeleportToArea	CGameScriptInterface	unique	strong	1	__thiscall	bool	CGameScriptInterface *,CScriptThing const &,C3DVector,float,float	245	agent-reviewed	0	0	wrapper-adapter	1	exact-leaf-name;complete-prototype;agent-structural-pass;quest-interface-qualified-owner
166	0x008A1650	Quest.GetBestScoreBlackjack	CGameScriptInterface::GetBestScoreBlackjack	CGameScriptInterface	unique	strong	1	__thiscall	long	CGameScriptInterface *	245	agent-reviewed	0	0	wrapper-adapter	1	exact-leaf-name;complete-prototype;agent-structural-pass;quest-interface-qualified-owner
167	0x008A16B0	Quest.GetBestScoreCoinGolfOakVale	CGameScriptInterface::GetBestScoreCoinGolfOakVale	CGameScriptInterface	unique	strong	1	__thiscall	long	CGameScriptInterface *	245	agent-reviewed	0	0	wrapper-adapter	1	exact-leaf-name;complete-prototype;agent-structural-pass;quest-interface-qualified-owner
168	0x008A1710	Quest.GetBestScoreCoinGolfSnowSpire	CGameScriptInterface::GetBestScoreCoinGolfSnowSpire	CGameScriptInterface	unique	strong	1	__thiscall	long	CGameScriptInterface *	245	agent-reviewed	0	0	wrapper-adapter	1	exact-leaf-name;complete-prototype;agent-structural-pass;quest-interface-qualified-owner
169	0x008A1770	Quest.GetBestScoreShoveHaPenny	CGameScriptInterface::GetBestScoreShoveHaPenny	CGameScriptInterface	unique	strong	1	__thiscall	long	CGameScriptInterface *	245	agent-reviewed	0	0	wrapper-adapter	1	exact-leaf-name;complete-prototype;agent-structural-pass;quest-interface-qualified-owner
170	0x00896EE0	Quest.GetDeathRecoveryMarkerName	CGameScriptInterface::GetDeathRecoveryMarkerName	CGameScriptInterface	unique	strong	1	__thiscall	CCharString	CGameScriptInterface *	245	agent-reviewed	0	0	wrapper-adapter	1	exact-leaf-name;complete-prototype;agent-structural-pass;quest-interface-qualified-owner
171	0x00893030	Quest.GetExclusiveQuestScriptName	CGameScriptInterface::GetExclusiveQuestScriptName	CGameScriptInterface	unique	strong	1	__thiscall	CCharString const &	CGameScriptInterface *	245	agent-reviewed	0	0	wrapper-adapter	1	exact-leaf-name;complete-prototype;agent-structural-pass;quest-interface-qualified-owner
172	0x0088F9B0	Quest.GetGuildSealRecallPos	CGameScriptInterface::GetGuildSealRecallPos	CGameScriptInterface	unique	strong	1	__thiscall	C3DVector	CGameScriptInterface *	245	agent-reviewed	0	0	wrapper-adapter	1	exact-leaf-name;complete-prototype;agent-structural-pass;quest-interface-qualified-owner
173	0x00891CA0	Quest.GetHero	CGameScriptInterface::GetHero	CGameScriptInterface	unique	strong	1	__thiscall	CScriptThing &	CGameScriptInterface *	245	agent-reviewed	0	0	wrapper-adapter	1	exact-leaf-name;complete-prototype;agent-structural-pass;quest-interface-qualified-owner
174	0x008997E0	Quest.GetHeroExperienceAvailableToSpend	CGameScriptInterface::GetHeroExperienceAvailableToSpend	CGameScriptInterface	unique	strong	1	__thiscall	long	CGameScriptInterface *	245	agent-reviewed	0	0	wrapper-adapter	1	exact-leaf-name;complete-prototype;agent-structural-pass;quest-interface-qualified-owner
175	0x00898FA0	Quest.GetHeroGold	CGameScriptInterface::GetHeroGold	CGameScriptInterface	unique	strong	1	__thiscall	long	CGameScriptInterface *	245	agent-reviewed	0	0	wrapper-adapter	1	exact-leaf-name;complete-prototype;agent-structural-pass;quest-interface-qualified-owner
176	0x0089A000	Quest.GetHeroMoralityCategory	CGameScriptInterface::GetHeroMoralityCategory	CGameScriptInterface	unique	strong	1	__thiscall	EMorality	CGameScriptInterface *	245	agent-reviewed	0	0	wrapper-adapter	1	exact-leaf-name;complete-prototype;agent-structural-pass;quest-interface-qualified-owner
177	0x00899140	Quest.GetHeroRenownLevel	CGameScriptInterface::GetHeroRenownLevel	CGameScriptInterface	unique	strong	1	__thiscall	long	CGameScriptInterface *	245	agent-reviewed	0	0	wrapper-adapter	1	exact-leaf-name;complete-prototype;agent-structural-pass;quest-interface-qualified-owner
178	0x00899770	Quest.GetHeroRoughExperienceLevel	CGameScriptInterface::GetHeroRoughExperienceLevel	CGameScriptInterface	unique	strong	1	__thiscall	long	CGameScriptInterface *	245	agent-reviewed	0	0	wrapper-adapter	1	exact-leaf-name;complete-prototype;agent-structural-pass;quest-interface-qualified-owner
179	0x00899400	Quest.GetHeroSkillLevel	CGameScriptInterface::GetHeroSkillLevel	CGameScriptInterface	unique	strong	1	__thiscall	long	CGameScriptInterface *	245	agent-reviewed	0	0	wrapper-adapter	1	exact-leaf-name;complete-prototype;agent-structural-pass;quest-interface-qualified-owner
180	0x00899290	Quest.GetHeroStatLevel	CGameScriptInterface::GetHeroStatLevel	CGameScriptInterface	unique	strong	1	__thiscall	long	CGameScriptInterface *,EHeroTrainableStatType	245	agent-reviewed	0	0	wrapper-adapter	1	exact-leaf-name;complete-prototype;agent-structural-pass;quest-interface-qualified-owner
181	0x00899310	Quest.GetHeroStatMax	CGameScriptInterface::GetHeroStatMax	CGameScriptInterface	unique	strong	1	__thiscall	long	CGameScriptInterface *,EHeroTrainableStatType	245	agent-reviewed	0	0	wrapper-adapter	1	exact-leaf-name;complete-prototype;agent-structural-pass;quest-interface-qualified-owner
182	0x00899390	Quest.GetHeroStrengthLevel	CGameScriptInterface::GetHeroStrengthLevel	CGameScriptInterface	unique	strong	1	__thiscall	long	CGameScriptInterface *	245	agent-reviewed	0	0	wrapper-adapter	1	exact-leaf-name;complete-prototype;agent-structural-pass;quest-interface-qualified-owner
183	0x0089A490	Quest.GetHeroTargetedThing	CGameScriptInterface::GetHeroTargetedThing	CGameScriptInterface	unique	strong	1	__thiscall	CScriptThing	CGameScriptInterface *	245	agent-reviewed	0	0	wrapper-adapter	1	exact-leaf-name;complete-prototype;agent-structural-pass;quest-interface-qualified-owner
184	0x00897880	Quest.GetHeroTitle	CGameScriptInterface::GetHeroTitle	CGameScriptInterface	unique	strong	1	__thiscall	EHeroTitle	CGameScriptInterface *	245	agent-reviewed	0	0	wrapper-adapter	1	exact-leaf-name;complete-prototype;agent-structural-pass;quest-interface-qualified-owner
185	0x0089A150	Quest.GetHeroWillEnergy	CGameScriptInterface::GetHeroWillEnergy	CGameScriptInterface	unique	strong	1	__thiscall	long	CGameScriptInterface *	245	agent-reviewed	0	0	wrapper-adapter	1	exact-leaf-name;complete-prototype;agent-structural-pass;quest-interface-qualified-owner
186	0x0089A1B0	Quest.GetHeroWillEnergyMax	CGameScriptInterface::GetHeroWillEnergyMax	CGameScriptInterface	unique	strong	1	__thiscall	long	CGameScriptInterface *	245	agent-reviewed	0	0	wrapper-adapter	1	exact-leaf-name;complete-prototype;agent-structural-pass;quest-interface-qualified-owner
187	0x00899470	Quest.GetHeroWillLevel	CGameScriptInterface::GetHeroWillLevel	CGameScriptInterface	unique	strong	1	__thiscall	long	CGameScriptInterface *	245	agent-reviewed	0	0	wrapper-adapter	1	exact-leaf-name;complete-prototype;agent-structural-pass;quest-interface-qualified-owner
188	0x00891610	Quest.GetMostRecentValidUsedTarget	CGameScriptInterface::GetMostRecentValidUsedTarget	CGameScriptInterface	unique	strong	1	__thiscall	CScriptThing	CGameScriptInterface *	245	agent-reviewed	0	0	wrapper-adapter	1	exact-leaf-name;complete-prototype;agent-structural-pass;quest-interface-qualified-owner
189	0x00897C90	Quest.GetNumberOfTimesHeroHasHadSex	CGameScriptInterface::GetNumberOfTimesHeroHasHadSex	CGameScriptInterface	unique	strong	1	__thiscall	long	CGameScriptInterface *	245	agent-reviewed	0	0	wrapper-adapter	1	exact-leaf-name;complete-prototype;agent-structural-pass;quest-interface-qualified-owner
190	0x008A12A0	Quest.GetNumHousesOwned	CGameScriptInterface::GetNumHousesOwned	CGameScriptInterface	unique	strong	1	__thiscall	long	CGameScriptInterface *	245	agent-reviewed	0	0	wrapper-adapter	1	exact-leaf-name;complete-prototype;agent-structural-pass;quest-interface-qualified-owner
191	0x00899C90	Quest.GetPlayerCreatureCombatMultiplier	CGameScriptInterface::GetPlayerCreatureCombatMultiplier	CGameScriptInterface	unique	strong	1	__thiscall	long	CGameScriptInterface *	245	agent-reviewed	0	0	wrapper-adapter	1	exact-leaf-name;complete-prototype;agent-structural-pass;quest-interface-qualified-owner
192	0x00891D50	Quest.GetThingWithUID	CGameScriptInterface::GetThingWithUID	CGameScriptInterface	unique	strong	1	__thiscall	CScriptThing	CGameScriptInterface *,unsigned __int64	245	agent-reviewed	0	0	wrapper-adapter	1	exact-leaf-name;complete-prototype;agent-structural-pass;quest-interface-qualified-owner
193	0x0088FE30	Quest.GetTimeOfDay	CGameScriptInterface::GetTimeOfDay	CGameScriptInterface	unique	strong	1	__thiscall	long	CGameScriptInterface *	245	agent-reviewed	0	0	wrapper-adapter	1	exact-leaf-name;complete-prototype;agent-structural-pass;quest-interface-qualified-owner
194	0x00899000	Quest.GiveHeroExperience	CGameScriptInterface::GiveHeroExperience	CGameScriptInterface	unique	strong	1	__thiscall	void	CGameScriptInterface *,long	245	agent-reviewed	0	0	wrapper-adapter	1	exact-leaf-name;complete-prototype;agent-structural-pass;quest-interface-qualified-owner
195	0x008917F0	Quest.GiveHeroNewQuestObjective	CGameScriptInterface::GiveHeroNewQuestObjective	CGameScriptInterface	unique	strong	1	__thiscall	void	CGameScriptInterface *,CCharString const &,ulong	245	agent-reviewed	0	0	wrapper-adapter	1	exact-leaf-name;complete-prototype;agent-structural-pass;quest-interface-qualified-owner
196	0x008990C0	Quest.GiveHeroRenownPoints	CGameScriptInterface::GiveHeroRenownPoints	CGameScriptInterface	unique	strong	1	__thiscall	void	CGameScriptInterface *,long	245	agent-reviewed	0	0	wrapper-adapter	1	exact-leaf-name;complete-prototype;agent-structural-pass;quest-interface-qualified-owner
197	0x00898A50	Quest.GiveHeroTutorial	CGameScriptInterface::GiveHeroTutorial	CGameScriptInterface	unique	strong	1	__thiscall	bool	CGameScriptInterface *,ETutorialCategory	245	agent-reviewed	0	0	wrapper-adapter	1	exact-leaf-name;complete-prototype;agent-structural-pass;quest-interface-qualified-owner
198	0x0088E130	Quest.GiveHeroWeapon	CGameScriptInterface::GiveHeroWeapon	CGameScriptInterface	unique	strong	1	__thiscall	void	CGameScriptInterface *,CCharString const &,bool	245	agent-reviewed	0	0	wrapper-adapter	1	exact-leaf-name;complete-prototype;agent-structural-pass;quest-interface-qualified-owner
199	0x008A0260	Quest.GiveThingBestEnemyTarget	CGameScriptInterface::GiveThingBestEnemyTarget	CGameScriptInterface	unique	strong	1	__thiscall	void	CGameScriptInterface *,CScriptThing const &,CScriptThing const &	245	agent-reviewed	0	0	wrapper-adapter	1	exact-leaf-name;complete-prototype;agent-structural-pass;quest-interface-qualified-owner
200	0x0088DE10	Quest.GiveThingItemInHand	CGameScriptInterface::GiveThingItemInHand	CGameScriptInterface	unique	strong	1	__thiscall	void	CGameScriptInterface *,CScriptThing const &,CCharString const &,bool	245	agent-reviewed	0	0	wrapper-adapter	1	exact-leaf-name;complete-prototype;agent-structural-pass;quest-interface-qualified-owner
201	0x00895190	Quest.GiveThingItemInSlot	CGameScriptInterface::GiveThingItemInSlot	CGameScriptInterface	unique	strong	1	__thiscall	void	CGameScriptInterface *,CScriptThing const &,CCharString const &,CCharString const &	245	agent-reviewed	0	0	wrapper-adapter	1	exact-leaf-name;complete-prototype;agent-structural-pass;quest-interface-qualified-owner
202	0x0088FC90	Quest.HeroHasExpression	CGameScriptInterface::HeroHasExpression	CGameScriptInterface	unique	strong	1	__thiscall	bool	CGameScriptInterface *,CCharString const &	245	agent-reviewed	0	0	wrapper-adapter	1	exact-leaf-name;complete-prototype;agent-structural-pass;quest-interface-qualified-owner
203	0x008907D0	Quest.IsConversationActive	CGameScriptInterface::IsConversationActive	CGameScriptInterface	unique	strong	1	__thiscall	bool	CGameScriptInterface *,long	245	agent-reviewed	0	0	wrapper-adapter	1	exact-leaf-name;complete-prototype;agent-structural-pass;quest-interface-qualified-owner
204	0x008955C0	Quest.IsEntityFollowingHero	CGameScriptInterface::IsEntityFollowingHero	CGameScriptInterface	unique	strong	1	__thiscall	bool	CGameScriptInterface *,CScriptThing const &	245	agent-reviewed	0	0	wrapper-adapter	1	exact-leaf-name;complete-prototype;agent-structural-pass;quest-interface-qualified-owner
205	0x00897A30	Quest.IsEntityMarriable	CGameScriptInterface::IsEntityMarriable	CGameScriptInterface	unique	strong	1	__thiscall	bool	CGameScriptInterface *,CScriptThing const &	245	agent-reviewed	0	0	wrapper-adapter	1	exact-leaf-name;complete-prototype;agent-structural-pass;quest-interface-qualified-owner
206	0x008979C0	Quest.IsEntityMarriedToHero	CGameScriptInterface::IsEntityMarriedToHero	CGameScriptInterface	unique	strong	1	__thiscall	bool	CGameScriptInterface *,CScriptThing const &	245	agent-reviewed	0	0	wrapper-adapter	1	exact-leaf-name;complete-prototype;agent-structural-pass;quest-interface-qualified-owner
207	0x008974F0	Quest.IsEntityWieldingWeapon	CGameScriptInterface::IsEntityWieldingWeapon	CGameScriptInterface	unique	strong	1	__thiscall	bool	CGameScriptInterface *,CScriptThing const &	245	agent-reviewed	0	0	wrapper-adapter	1	exact-leaf-name;complete-prototype;agent-structural-pass;quest-interface-qualified-owner
208	0x00894C90	Quest.IsGiftFriendly	CGameScriptInterface::IsGiftFriendly	CGameScriptInterface	unique	strong	1	__thiscall	bool	CGameScriptInterface *,CCharString const &	245	agent-reviewed	0	0	wrapper-adapter	1	exact-leaf-name;complete-prototype;agent-structural-pass;quest-interface-qualified-owner
209	0x00894D30	Quest.IsGiftOffensive	CGameScriptInterface::IsGiftOffensive	CGameScriptInterface	unique	strong	1	__thiscall	bool	CGameScriptInterface *,CCharString const &	245	agent-reviewed	0	0	wrapper-adapter	1	exact-leaf-name;complete-prototype;agent-structural-pass;quest-interface-qualified-owner
210	0x00894BF0	Quest.IsGiftRomantic	CGameScriptInterface::IsGiftRomantic	CGameScriptInterface	unique	strong	1	__thiscall	bool	CGameScriptInterface *,CCharString const &	245	agent-reviewed	0	0	wrapper-adapter	1	exact-leaf-name;complete-prototype;agent-structural-pass;quest-interface-qualified-owner
211	0x00891EF0	Quest.IsHeroAllowedHenchmenInRegion	CGameScriptInterface::IsHeroAllowedHenchmenInRegion	CGameScriptInterface	unique	strong	1	__thiscall	bool	CGameScriptInterface *,CCharString const &	245	agent-reviewed	0	0	wrapper-adapter	1	exact-leaf-name;complete-prototype;agent-structural-pass;quest-interface-qualified-owner
212	0x008953A0	Quest.IsHeroPerformingExpression	CGameScriptInterface::IsHeroPerformingExpression	CGameScriptInterface	unique	strong	1	__thiscall	bool	CGameScriptInterface *,CCharString const &	245	agent-reviewed	0	0	wrapper-adapter	1	exact-leaf-name;complete-prototype;agent-structural-pass;quest-interface-qualified-owner
213	0x0088E2A0	Quest.IsLevelLoaded	CGameScriptInterface::IsLevelLoaded	CGameScriptInterface	unique	strong	1	__thiscall	bool	CGameScriptInterface *,CCharString const &	245	agent-reviewed	0	0	wrapper-adapter	1	exact-leaf-name;complete-prototype;agent-structural-pass;quest-interface-qualified-owner
214	0x008973A0	Quest.IsPlayerCarryingItemOfType	CGameScriptInterface::IsPlayerCarryingItemOfType	CGameScriptInterface	unique	strong	1	__thiscall	bool	CGameScriptInterface *,CCharString const &	245	agent-reviewed	0	0	wrapper-adapter	1	exact-leaf-name;complete-prototype;agent-structural-pass;quest-interface-qualified-owner
215	0x00899B10	Quest.IsPlayerZTargetingThing	CGameScriptInterface::IsPlayerZTargetingThing	CGameScriptInterface	unique	strong	1	__thiscall	bool	CGameScriptInterface *,CScriptThing const &	245	agent-reviewed	0	0	wrapper-adapter	1	exact-leaf-name;complete-prototype;agent-structural-pass;quest-interface-qualified-owner
216	0x00892F40	Quest.IsQuestActive	CGameScriptInterface::IsQuestActive	CGameScriptInterface	unique	strong	1	__thiscall	bool	CGameScriptInterface *,CCharString const &	245	agent-reviewed	0	0	wrapper-adapter	1	exact-leaf-name;complete-prototype;agent-structural-pass;quest-interface-qualified-owner
217	0x00892F70	Quest.IsQuestFailed	CGameScriptInterface::IsQuestFailed	CGameScriptInterface	unique	strong	1	__thiscall	bool	CGameScriptInterface *,CCharString const &	245	agent-reviewed	0	0	wrapper-adapter	1	exact-leaf-name;complete-prototype;agent-structural-pass;quest-interface-qualified-owner
218	0x0088E300	Quest.IsRegionLoaded	CGameScriptInterface::IsRegionLoaded	CGameScriptInterface	unique	strong	1	__thiscall	bool	CGameScriptInterface *,CCharString const &	245	agent-reviewed	0	0	wrapper-adapter	1	exact-leaf-name;complete-prototype;agent-structural-pass;quest-interface-qualified-owner
219	0x0088F610	Quest.IsSoundPlaying	CGameScriptInterface::IsSoundPlaying	CGameScriptInterface	unique	strong	1	__thiscall	bool	CGameScriptInterface *,ulong	245	agent-reviewed	0	0	wrapper-adapter	1	exact-leaf-name;complete-prototype;agent-structural-pass;quest-interface-qualified-owner
220	0x0088FE40	Quest.IsTimeOfDayBetween	CGameScriptInterface::IsTimeOfDayBetween	CGameScriptInterface	unique	strong	1	__thiscall	bool	CGameScriptInterface *,long,long	245	agent-reviewed	0	0	wrapper-adapter	1	exact-leaf-name;complete-prototype;agent-structural-pass;quest-interface-qualified-owner
221	0x00896DF0	Quest.KickOffCreditsScreen	CGameScriptInterface::KickOffCreditsScreen	CGameScriptInterface	unique	strong	1	__thiscall	void	CGameScriptInterface *,CCharString &	245	agent-reviewed	0	0	wrapper-adapter	1	exact-leaf-name;complete-prototype;agent-structural-pass;quest-interface-qualified-owner
222	0x00896B60	Quest.KickOffQuestStartScreen	CGameScriptInterface::KickOffQuestStartScreen	CGameScriptInterface	unique	strong	1	__thiscall	void	CGameScriptInterface *,CCharString const &,bool,bool	245	agent-reviewed	0	0	wrapper-adapter	1	exact-leaf-name;complete-prototype;agent-structural-pass;quest-interface-qualified-owner
223	0x008950E0	Quest.ManuallyResetTrap	CGameScriptInterface::ManuallyResetTrap	CGameScriptInterface	unique	strong	1	__thiscall	bool	CGameScriptInterface *,CScriptThing const &	245	agent-reviewed	0	0	wrapper-adapter	1	exact-leaf-name;complete-prototype;agent-structural-pass;quest-interface-qualified-owner
224	0x0088E3D0	Quest.MiniMapAllowRouteBetweenRegions	CGameScriptInterface::MiniMapAllowRouteBetweenRegions	CGameScriptInterface	unique	strong	1	__thiscall	void	CGameScriptInterface *,CCharString const &,CCharString const &,bool	245	agent-reviewed	0	0	wrapper-adapter	1	exact-leaf-name;complete-prototype;agent-structural-pass;quest-interface-qualified-owner
225	0x008931B0	Quest.MsgIsLevelLoaded	CGameScriptInterface::MsgIsLevelLoaded	CGameScriptInterface	unique	strong	1	__thiscall	bool	CGameScriptInterface *,CCharString const &	245	agent-reviewed	0	0	wrapper-adapter	1	exact-leaf-name;complete-prototype;agent-structural-pass;quest-interface-qualified-owner
226	0x00893240	Quest.MsgIsLevelUnloaded	CGameScriptInterface::MsgIsLevelUnloaded	CGameScriptInterface	unique	strong	1	__thiscall	bool	CGameScriptInterface *,CCharString const &	245	agent-reviewed	0	0	wrapper-adapter	1	exact-leaf-name;complete-prototype;agent-structural-pass;quest-interface-qualified-owner
227	0x00896390	Quest.OpenChest	CGameScriptInterface::OpenChest	CGameScriptInterface	unique	strong	1	__thiscall	bool	CGameScriptInterface *,CScriptThing const &,bool	245	agent-reviewed	0	0	wrapper-adapter	1	exact-leaf-name;complete-prototype;agent-structural-pass;quest-interface-qualified-owner
228	0x0089C510	Quest.OpinionSourceSetAsAttentionGrabbing	CGameScriptInterface::OpinionSourceSetAsAttentionGrabbing	CGameScriptInterface	unique	strong	1	__thiscall	void	CGameScriptInterface *,CScriptThing const &,bool	245	agent-reviewed	0	0	wrapper-adapter	1	exact-leaf-name;complete-prototype;agent-structural-pass;quest-interface-qualified-owner
229	0x00891220	Quest.OverrideMusic	CGameScriptInterface::OverrideMusic	CGameScriptInterface	unique	strong	1	__thiscall	void	CGameScriptInterface *,EMusicSetType,bool,bool	245	agent-reviewed	0	0	wrapper-adapter	1	exact-leaf-name;complete-prototype;agent-structural-pass;quest-interface-qualified-owner
230	0x0088F570	Quest.Play2DSound	CGameScriptInterface::Play2DSound	CGameScriptInterface	unique	strong	1	__thiscall	ulong	CGameScriptInterface *,CCharString const &	245	agent-reviewed	0	0	wrapper-adapter	1	exact-leaf-name;complete-prototype;agent-structural-pass;quest-interface-qualified-owner
231	0x00891170	Quest.PlaySoundAtPos	CGameScriptInterface::PlaySoundAtPos	CGameScriptInterface	unique	strong	1	__thiscall	ulong	CGameScriptInterface *,C3DVector const &,CCharString const &	245	agent-reviewed	0	0	wrapper-adapter	1	exact-leaf-name;complete-prototype;agent-structural-pass;quest-interface-qualified-owner
232	0x006E79E0	Quest.RegisterTimer	CGameScriptInterface::RegisterTimer	CGameScriptInterface	unique	strong	1	__thiscall	long	CGameScriptInterface *	245	agent-reviewed	0	0	wrapper-adapter	1	exact-leaf-name;complete-prototype;agent-structural-pass;quest-interface-qualified-owner
233	0x008907C0	Quest.RemoveConversation	CGameScriptInterface::RemoveConversation	CGameScriptInterface	unique	strong	1	__thiscall	void	CGameScriptInterface *,long,bool	245	agent-reviewed	0	0	wrapper-adapter	1	exact-leaf-name;complete-prototype;agent-structural-pass;quest-interface-qualified-owner
234	0x00894490	Quest.RemoveDeadCreature	CGameScriptInterface::RemoveDeadCreature	CGameScriptInterface	unique	strong	1	__thiscall	void	CGameScriptInterface *,CCharString const &	245	agent-reviewed	0	0	wrapper-adapter	1	exact-leaf-name;complete-prototype;agent-structural-pass;quest-interface-qualified-owner
235	0x0089C850	Quest.RemoveOpinionDeedStillSearchingForWitnesses	CGameScriptInterface::RemoveOpinionDeedStillSearchingForWitnesses	CGameScriptInterface	unique	strong	1	__thiscall	void	CGameScriptInterface *,CScriptThing const &,long	245	agent-reviewed	0	0	wrapper-adapter	1	exact-leaf-name;complete-prototype;agent-structural-pass;quest-interface-qualified-owner
236	0x008914E0	Quest.RemoveQuestCardFromHero	CGameScriptInterface::RemoveQuestCardFromHero	CGameScriptInterface	unique	strong	1	__thiscall	void	CGameScriptInterface *,CCharString const &	245	agent-reviewed	0	0	wrapper-adapter	1	exact-leaf-name;complete-prototype;agent-structural-pass;quest-interface-qualified-owner
237	0x00891C10	Quest.RemoveQuestInfoElement	CGameScriptInterface::RemoveQuestInfoElement	CGameScriptInterface	unique	strong	1	__thiscall	void	CGameScriptInterface *,long	245	agent-reviewed	0	0	wrapper-adapter	1	exact-leaf-name;complete-prototype;agent-structural-pass;quest-interface-qualified-owner
238	0x008A1C50	Quest.RepopulateVillage	CGameScriptInterface::RepopulateVillage	CGameScriptInterface	unique	strong	1	__thiscall	void	CGameScriptInterface *,CScriptThing const &	245	agent-reviewed	0	0	wrapper-adapter	1	exact-leaf-name;complete-prototype;agent-structural-pass;quest-interface-qualified-owner
239	0x0089D7C0	Quest.SetAbilityAvailability	CGameScriptInterface::SetAbilityAvailability	CGameScriptInterface	unique	strong	1	__thiscall	void	CGameScriptInterface *,EHeroAbility,bool	245	agent-reviewed	0	0	wrapper-adapter	1	exact-leaf-name;complete-prototype;agent-structural-pass;quest-interface-qualified-owner
240	0x008915B0	Quest.SetBoastAsFailed	CGameScriptInterface::SetBoastAsFailed	CGameScriptInterface	unique	strong	1	__thiscall	void	CGameScriptInterface *,long,CCharString const &	245	agent-reviewed	0	0	wrapper-adapter	1	exact-leaf-name;complete-prototype;agent-structural-pass;quest-interface-qualified-owner
241	0x0088F400	Quest.SetCreatureGeneratorsCreatureGroupAsEnabled	CGameScriptInterface::SetCreatureGeneratorsCreatureGroupAsEnabled	CGameScriptInterface	unique	strong	1	__thiscall	void	CGameScriptInterface *,ECreatureGroup,bool	245	agent-reviewed	0	0	wrapper-adapter	1	exact-leaf-name;complete-prototype;agent-structural-pass;quest-interface-qualified-owner
242	0x00892CF0	Quest.SetCreatureGeneratorsEnabled	CGameScriptInterface::SetCreatureGeneratorsEnabled	CGameScriptInterface	unique	strong	1	__thiscall	void	CGameScriptInterface *,CCharString const &,bool	245	agent-reviewed	0	0	wrapper-adapter	1	exact-leaf-name;complete-prototype;agent-structural-pass;quest-interface-qualified-owner
243	0x00892D70	Quest.SetCreatureGeneratorsEnabledDuringScript	CGameScriptInterface::SetCreatureGeneratorsEnabledDuringScript	CGameScriptInterface	unique	strong	1	__thiscall	void	CGameScriptInterface *,CCharString const &,bool	245	agent-reviewed	0	0	wrapper-adapter	1	exact-leaf-name;complete-prototype;agent-structural-pass;quest-interface-qualified-owner
244	0x00896F60	Quest.SetDeathRecoveryMarkerName	CGameScriptInterface::SetDeathRecoveryMarkerName	CGameScriptInterface	unique	strong	1	__thiscall	void	CGameScriptInterface *,CCharString const &	245	agent-reviewed	0	0	wrapper-adapter	1	exact-leaf-name;complete-prototype;agent-structural-pass;quest-interface-qualified-owner
245	0x0089B3F0	Quest.SetHeroAsWearing	CGameScriptInterface::SetHeroAsWearing	CGameScriptInterface	unique	strong	1	__thiscall	void	CGameScriptInterface *,CCharString const &	245	agent-reviewed	0	0	wrapper-adapter	1	exact-leaf-name;complete-prototype;agent-structural-pass;quest-interface-qualified-owner
246	0x00897CF0	Quest.SetNumberOfTimesHeroHasHadSex	CGameScriptInterface::SetNumberOfTimesHeroHasHadSex	CGameScriptInterface	unique	strong	1	__thiscall	void	CGameScriptInterface *,long	245	agent-reviewed	0	0	wrapper-adapter	1	exact-leaf-name;complete-prototype;agent-structural-pass;quest-interface-qualified-owner
247	0x00899E10	Quest.SetPlayerCreatureOnlyTarget	CGameScriptInterface::SetPlayerCreatureOnlyTarget	CGameScriptInterface	unique	strong	1	__thiscall	void	CGameScriptInterface *,CScriptThing const &	245	agent-reviewed	0	0	wrapper-adapter	1	exact-leaf-name;complete-prototype;agent-structural-pass;quest-interface-qualified-owner
248	0x00896E60	Quest.SetPreferredQuickAccessItem	CGameScriptInterface::SetPreferredQuickAccessItem	CGameScriptInterface	unique	strong	1	__thiscall	void	CGameScriptInterface *,CCharString const &,long,long	245	agent-reviewed	0	0	wrapper-adapter	1	exact-leaf-name;complete-prototype;agent-structural-pass;quest-interface-qualified-owner
249	0x00891A00	Quest.SetQuestInfoText	CGameScriptInterface::SetQuestInfoText	CGameScriptInterface	unique	strong	1	__thiscall	void	CGameScriptInterface *,char const *	245	agent-reviewed	0	0	wrapper-adapter	1	exact-leaf-name;complete-prototype;agent-structural-pass;quest-interface-qualified-owner
250	0x008A0F70	Quest.SetReadableObjectText	CGameScriptInterface::SetReadableObjectText	CGameScriptInterface	unique	strong	1	__thiscall	void	CGameScriptInterface *,CScriptThing const &,CWideString const &	245	agent-reviewed	0	0	wrapper-adapter	1	exact-leaf-name;complete-prototype;agent-structural-pass;quest-interface-qualified-owner
251	0x008A0FD0	Quest.SetReadableObjectTextTag	CGameScriptInterface::SetReadableObjectTextTag	CGameScriptInterface	unique	strong	1	__thiscall	void	CGameScriptInterface *,CScriptThing const &,CCharString const &	245	agent-reviewed	0	0	wrapper-adapter	1	exact-leaf-name;complete-prototype;agent-structural-pass;quest-interface-qualified-owner
252	0x0088E0B0	Quest.SetSoundThemesAsEnabledForRegion	CGameScriptInterface::SetSoundThemesAsEnabledForRegion	CGameScriptInterface	unique	strong	1	__thiscall	void	CGameScriptInterface *,CCharString const &,bool	245	agent-reviewed	0	0	wrapper-adapter	1	exact-leaf-name;complete-prototype;agent-structural-pass;quest-interface-qualified-owner
253	0x008A99F0	Quest.SetThingAndCarriedItemsNotAffectedByScreenFilter	CGameScriptInterface::SetThingAndCarriedItemsNotAffectedByScreenFilter	CGameScriptInterface	unique	strong	1	__thiscall	void	CGameScriptInterface *,CScriptThing &,void *	245	agent-reviewed	0	0	wrapper-adapter	1	exact-leaf-name;complete-prototype;agent-structural-pass;quest-interface-qualified-owner
254	0x008A9610	Quest.SetThingAsConscious	CGameScriptInterface::SetThingAsConscious	CGameScriptInterface	unique	strong	1	__thiscall	void	CGameScriptInterface *,CScriptThing const &,bool,CCharString const &	245	agent-reviewed	0	0	wrapper-adapter	1	exact-leaf-name;complete-prototype;agent-structural-pass;quest-interface-qualified-owner
255	0x00895130	Quest.SetTrapAsActive	CGameScriptInterface::SetTrapAsActive	CGameScriptInterface	unique	strong	1	__thiscall	void	CGameScriptInterface *,CScriptThing const &,bool	245	agent-reviewed	0	0	wrapper-adapter	1	exact-leaf-name;complete-prototype;agent-structural-pass;quest-interface-qualified-owner
256	0x008A23B0	Quest.SetWanderCentrePoint	CGameScriptInterface::SetWanderCentrePoint	CGameScriptInterface	unique	strong	1	__thiscall	void	CGameScriptInterface *,CScriptThing,C3DVector	245	agent-reviewed	0	0	wrapper-adapter	1	exact-leaf-name;complete-prototype;agent-structural-pass;quest-interface-qualified-owner
257	0x00898B30	Quest.SetWeaponAsHerosActiveWeapon	CGameScriptInterface::SetWeaponAsHerosActiveWeapon	CGameScriptInterface	unique	strong	1	__thiscall	void	CGameScriptInterface *,CCharString const &	245	agent-reviewed	0	0	wrapper-adapter	1	exact-leaf-name;complete-prototype;agent-structural-pass;quest-interface-qualified-owner
258	0x0088F660	Quest.StopSound	CGameScriptInterface::StopSound	CGameScriptInterface	unique	strong	1	__thiscall	void	CGameScriptInterface *,ulong	245	agent-reviewed	0	0	wrapper-adapter	1	exact-leaf-name;complete-prototype;agent-structural-pass;quest-interface-qualified-owner
259	0x00898DB0	Quest.TakeObjectFromHero	CGameScriptInterface::TakeObjectFromHero	CGameScriptInterface	unique	strong	1	__thiscall	void	CGameScriptInterface *,CCharString const &	245	agent-reviewed	0	0	wrapper-adapter	1	exact-leaf-name;complete-prototype;agent-structural-pass;quest-interface-qualified-owner
260	0x00891800	Quest.TellHeroQuestObjectiveCompleted	CGameScriptInterface::TellHeroQuestObjectiveCompleted	CGameScriptInterface	unique	strong	1	__thiscall	void	CGameScriptInterface *,ulong	245	agent-reviewed	0	0	wrapper-adapter	1	exact-leaf-name;complete-prototype;agent-structural-pass;quest-interface-qualified-owner
261	0x00891810	Quest.TellHeroQuestObjectiveFailed	CGameScriptInterface::TellHeroQuestObjectiveFailed	CGameScriptInterface	unique	strong	1	__thiscall	void	CGameScriptInterface *,ulong	245	agent-reviewed	0	0	wrapper-adapter	1	exact-leaf-name;complete-prototype;agent-structural-pass;quest-interface-qualified-owner
262	0x0088FF30	Quest.TransitionToThemeAllInternals	CGameScriptInterface::TransitionToThemeAllInternals	CGameScriptInterface	unique	strong	1	__thiscall	void	CGameScriptInterface *,CCharString const &,float	245	agent-reviewed	0	0	wrapper-adapter	1	exact-leaf-name;complete-prototype;agent-structural-pass;quest-interface-qualified-owner
263	0x00897150	Quest.UnSetThingAndCarriedItemsNotAffectedByScreenFilter	CGameScriptInterface::UnSetThingAndCarriedItemsNotAffectedByScreenFilter	CGameScriptInterface	unique	strong	1	__thiscall	void	CGameScriptInterface *,CScriptThing &	245	agent-reviewed	0	0	wrapper-adapter	1	exact-leaf-name;complete-prototype;agent-structural-pass;quest-interface-qualified-owner
264	0x00891B80	Quest.UpdateQuestInfoBar	CGameScriptInterface::UpdateQuestInfoBar	CGameScriptInterface	unique	strong	1	__thiscall	void	CGameScriptInterface *,long,float,float,float	245	agent-reviewed	0	0	wrapper-adapter	1	exact-leaf-name;complete-prototype;agent-structural-pass;quest-interface-qualified-owner
265	0x00891BD0	Quest.UpdateQuestInfoCounter	CGameScriptInterface::UpdateQuestInfoCounter	CGameScriptInterface	unique	strong	1	__thiscall	void	CGameScriptInterface *,long,long,long	245	agent-reviewed	0	0	wrapper-adapter	1	exact-leaf-name;complete-prototype;agent-structural-pass;quest-interface-qualified-owner
266	0x00891BE0	Quest.UpdateQuestInfoCounterList	CGameScriptInterface::UpdateQuestInfoCounterList	CGameScriptInterface	unique	strong	1	__thiscall	void	CGameScriptInterface *,long,long,long	245	agent-reviewed	0	0	wrapper-adapter	1	exact-leaf-name;complete-prototype;agent-structural-pass;quest-interface-qualified-owner
267	0x00891BF0	Quest.UpdateQuestInfoTick	CGameScriptInterface::UpdateQuestInfoTick	CGameScriptInterface	unique	strong	1	__thiscall	void	CGameScriptInterface *,long,bool	245	agent-reviewed	0	0	wrapper-adapter	1	exact-leaf-name;complete-prototype;agent-structural-pass;quest-interface-qualified-owner
268	0x00891BB0	Quest.UpdateQuestInfoTimer	CGameScriptInterface::UpdateQuestInfoTimer	CGameScriptInterface	unique	strong	1	__thiscall	void	CGameScriptInterface *,long,float	245	agent-reviewed	0	0	wrapper-adapter	1	exact-leaf-name;complete-prototype;agent-structural-pass;quest-interface-qualified-owner
269	0x006E7820	Quest.WaitForCameraMessage	CGameScriptInterface::WaitForCameraMessage	CGameScriptInterface	unique	strong	1	__thiscall	void	CGameScriptInterface *,CCharString const &	245	agent-reviewed	0	0	wrapper-adapter	1	exact-leaf-name;complete-prototype;agent-structural-pass;quest-interface-qualified-owner
270	0x008CFE30	Entity.GetHomePos	CGameScriptThing::GetHomePos	CGameScriptThing	unique	strong	1	__thiscall	C3DVector	CGameScriptThing *	125	agent-reviewed	0	0	wrapper-adapter	1	exact-leaf-name;complete-prototype;agent-structural-pass;entity-owner
271	0x004AAC10	Entity.MsgHowLongWasExpressionPerformed	CScriptThing::MsgHowLongWasExpressionPerformed	CScriptThing	unique	strong	1	__thiscall	long	CScriptThing *	125	agent-reviewed	0	0	wrapper-adapter	1	exact-leaf-name;complete-prototype;agent-structural-pass;entity-owner
272	0x004AAAF0	Entity.MsgIsKilledBy	CScriptThing::MsgIsKilledBy	CScriptThing	unique	strong	1	__thiscall	bool	CScriptThing *,CCharString const &	125	agent-reviewed	0	0	wrapper-adapter	1	exact-leaf-name;complete-prototype;agent-structural-pass;entity-owner
273	0x008D1890	Entity.MsgWhoHitMe	CGameScriptThing::MsgWhoHitMe	CGameScriptThing	unique	strong	1	__thiscall	CScriptThing	CGameScriptThing *	125	agent-reviewed	0	0	wrapper-adapter	1	exact-leaf-name;complete-prototype;agent-structural-pass;entity-owner
274	0x00893060	Quest.AddBoast	CGameScriptInterface::AddBoast	CGameScriptInterface	ambiguous	strong	1	__thiscall	void	CGameScriptInterface *,CCharString const &,long,long,long,bool,CCharString const &,long	245	agent-reviewed	0	0	wrapper-adapter	1	exact-leaf-name;complete-prototype;agent-structural-pass;quest-interface-qualified-owner
275	0x008A9E60	Quest.AddGossipFactionToCategory	CGameScriptInterface::AddGossipFactionToCategory	CGameScriptInterface	ambiguous	strong	1	__thiscall	void	CGameScriptInterface *,CCharString const &,CCharString const &	245	agent-reviewed	0	0	wrapper-adapter	1	exact-leaf-name;complete-prototype;agent-structural-pass;quest-interface-qualified-owner
276	0x00891820	Quest.AddQuestRegion	CGameScriptInterface::AddQuestRegion	CGameScriptInterface	ambiguous	strong	1	__thiscall	void	CGameScriptInterface *,CCharString const &,CCharString const &	245	agent-reviewed	0	0	wrapper-adapter	1	exact-leaf-name;complete-prototype;agent-structural-pass;quest-interface-qualified-owner
277	0x00892850	Quest.AddScreenMessage	CGameScriptInterface::AddScreenMessage	CGameScriptInterface	ambiguous	strong	1	__thiscall	void	CGameScriptInterface *,CCharString const &,ETextGroupSelectionMethod	245	agent-reviewed	0	0	wrapper-adapter	1	exact-leaf-name;complete-prototype;agent-structural-pass;quest-interface-qualified-owner
278	0x00891070	Quest.CameraUseCameraPoint	CGameScriptInterface::CameraUseCameraPoint	CGameScriptInterface	ambiguous	strong	1	__thiscall	void	CGameScriptInterface *,CScriptThing const &,CScriptThing const &,float,long,long	245	agent-reviewed	0	0	wrapper-adapter	1	exact-leaf-name;complete-prototype;agent-structural-pass;quest-interface-qualified-owner
279	0x008AA480	Quest.GetGossipFactionsSize	CGameScriptInterface::GetGossipFactionsSize	CGameScriptInterface	unique	strong	1	__thiscall	int	CGameScriptInterface *,CCharString	275	compiled-behavior-pass	0	0	wrapper-adapter	1	exact-leaf-name;complete-prototype;compiled-behavior-tested;quest-interface-qualified-owner
280	0x008A9FC0	Quest.GetGossipSize	CGameScriptInterface::GetGossipSize	CGameScriptInterface	unique	strong	1	__thiscall	int	CGameScriptInterface *,CCharString	275	compiled-behavior-pass	0	0	wrapper-adapter	1	exact-leaf-name;complete-prototype;compiled-behavior-tested;quest-interface-qualified-owner
281	0x0088EDB0	Quest.CameraCancelScreenEffect	CGameScriptInterface::CameraCancelScreenEffect	CGameScriptInterface	unique	strong	1	__thiscall	void	CGameScriptInterface *	320	implementation-verified	1	0	direct-signature	1	exact-leaf-name;complete-prototype;retail-byte-match;quest-interface-qualified-owner
282	0x0088EC90	Quest.CameraSetCameraPreloadFlag	CGameScriptInterface::CameraSetCameraPreloadFlag	CGameScriptInterface	unique	strong	1	__thiscall	void	CGameScriptInterface *,bool	320	implementation-verified	1	0	direct-signature	1	exact-leaf-name;complete-prototype;retail-byte-match;quest-interface-qualified-owner
283	0x0088EDA0	Quest.CameraUseScreenEffect	CGameScriptInterface::CameraUseScreenEffect	CGameScriptInterface	unique	strong	1	__thiscall	void	CGameScriptInterface *,float,float,float	320	implementation-verified	1	0	direct-signature	1	exact-leaf-name;complete-prototype;retail-byte-match;quest-interface-qualified-owner
284	0x0088E210	Quest.DisplayTime	CGameScriptInterface::DisplayTime	CGameScriptInterface	unique	strong	1	__thiscall	void	CGameScriptInterface *,bool	320	implementation-verified	1	0	direct-signature	1	exact-leaf-name;complete-prototype;retail-byte-match;quest-interface-qualified-owner
285	0x0088F900	Quest.GetCountdownTimer	CGameScriptInterface::GetCountdownTimer	CGameScriptInterface	unique	strong	1	__thiscall	float	CGameScriptInterface *	320	implementation-verified	1	0	direct-signature	1	exact-leaf-name;complete-prototype;retail-byte-match;quest-interface-qualified-owner
286	0x0088F9E0	Quest.GetGuildSealRecallAngleXY	CGameScriptInterface::GetGuildSealRecallAngleXY	CGameScriptInterface	unique	strong	1	__thiscall	float	CGameScriptInterface *	320	implementation-verified	1	0	direct-signature	1	exact-leaf-name;complete-prototype;retail-byte-match;quest-interface-qualified-owner
287	0x0088F450	Quest.IsHeroSleepingEnabled	CGameScriptInterface::IsHeroSleepingEnabled	CGameScriptInterface	unique	strong	1	__thiscall	bool	CGameScriptInterface *	320	implementation-verified	1	0	direct-signature	1	exact-leaf-name;complete-prototype;retail-byte-match;quest-interface-qualified-owner
288	0x00890170	Quest.IsRadialBlurFadeActive	CGameScriptInterface::IsRadialBlurFadeActive	CGameScriptInterface	unique	strong	1	__thiscall	bool	CGameScriptInterface *	320	implementation-verified	1	0	direct-signature	1	exact-leaf-name;complete-prototype;retail-byte-match;quest-interface-qualified-owner
289	0x0088F950	Quest.IsSavingEnabled	CGameScriptInterface::IsSavingEnabled	CGameScriptInterface	unique	strong	1	__thiscall	bool	CGameScriptInterface *	320	implementation-verified	1	0	direct-signature	1	exact-leaf-name;complete-prototype;retail-byte-match;quest-interface-qualified-owner
290	0x0088E4D0	Quest.IsScreenFadingOut	CGameScriptInterface::IsScreenFadingOut	CGameScriptInterface	unique	strong	1	__thiscall	bool	CGameScriptInterface *	320	implementation-verified	1	0	direct-signature	1	exact-leaf-name;complete-prototype;retail-byte-match;quest-interface-qualified-owner
291	0x0088F420	Quest.IsTeleportingActive	CGameScriptInterface::IsTeleportingActive	CGameScriptInterface	unique	strong	1	__thiscall	bool	CGameScriptInterface *	320	implementation-verified	1	0	direct-signature	1	exact-leaf-name;complete-prototype;retail-byte-match;quest-interface-qualified-owner
292	0x006E7D40	Quest.ResetCreatureCreationDelayFrames	CGameScriptInterface::ResetCreatureCreationDelayFrames	CGameScriptInterface	unique	strong	1	__thiscall	void	CGameScriptInterface *	320	implementation-verified	1	0	direct-signature	1	exact-leaf-name;complete-prototype;retail-byte-match;quest-interface-qualified-owner
293	0x0088E920	Quest.SetAllowScreenFadingIfAlreadyFaded	CGameScriptInterface::SetAllowScreenFadingIfAlreadyFaded	CGameScriptInterface	unique	strong	1	__thiscall	void	CGameScriptInterface *,bool	320	implementation-verified	1	0	direct-signature	1	exact-leaf-name;complete-prototype;retail-byte-match;quest-interface-qualified-owner
294	0x0088E910	Quest.SetAllowScreenFadingOnNextRegionChange	CGameScriptInterface::SetAllowScreenFadingOnNextRegionChange	CGameScriptInterface	unique	strong	1	__thiscall	void	CGameScriptInterface *,bool	320	implementation-verified	1	0	direct-signature	1	exact-leaf-name;complete-prototype;retail-byte-match;quest-interface-qualified-owner
295	0x0088F460	Quest.SetExperienceSpendingAsEnabled	CGameScriptInterface::SetExperienceSpendingAsEnabled	CGameScriptInterface	unique	strong	1	__thiscall	void	CGameScriptInterface *,bool	320	implementation-verified	1	0	direct-signature	1	exact-leaf-name;complete-prototype;retail-byte-match;quest-interface-qualified-owner
296	0x0088F440	Quest.SetHeroSleepingAsEnabled	CGameScriptInterface::SetHeroSleepingAsEnabled	CGameScriptInterface	unique	strong	1	__thiscall	void	CGameScriptInterface *,bool	320	implementation-verified	1	0	direct-signature	1	exact-leaf-name;complete-prototype;retail-byte-match;quest-interface-qualified-owner
297	0x0088F430	Quest.SetRegionTextDisplayAsActive	CGameScriptInterface::SetRegionTextDisplayAsActive	CGameScriptInterface	unique	strong	1	__thiscall	void	CGameScriptInterface *,bool	320	implementation-verified	1	0	direct-signature	1	exact-leaf-name;complete-prototype;retail-byte-match;quest-interface-qualified-owner
298	0x0088F940	Quest.SetSavingAsEnabled	CGameScriptInterface::SetSavingAsEnabled	CGameScriptInterface	unique	strong	1	__thiscall	void	CGameScriptInterface *,bool	320	implementation-verified	1	0	direct-signature	1	exact-leaf-name;complete-prototype;retail-byte-match;quest-interface-qualified-owner
299	0x0088F470	Quest.SetSummonerDeathExplosionAffectsHero	CGameScriptInterface::SetSummonerDeathExplosionAffectsHero	CGameScriptInterface	unique	strong	1	__thiscall	void	CGameScriptInterface *,bool	320	implementation-verified	1	0	direct-signature	1	exact-leaf-name;complete-prototype;retail-byte-match;quest-interface-qualified-owner
300	0x0088F410	Quest.SetTeleportingAsActive	CGameScriptInterface::SetTeleportingAsActive	CGameScriptInterface	unique	strong	1	__thiscall	void	CGameScriptInterface *,bool	320	implementation-verified	1	0	direct-signature	1	exact-leaf-name;complete-prototype;retail-byte-match;quest-interface-qualified-owner
301	0x00890FC0	Quest.CameraResetToViewBehindHero	CGameScriptInterface::CameraResetToViewBehindHero	CGameScriptInterface	unique	strong	1	__thiscall	void	CGameScriptInterface *,float	315	implementation-verified	1	0	direct-signature	1	exact-leaf-name;complete-prototype;retail-relocation-match;quest-interface-qualified-owner
302	0x00890180	Quest.CancelRadialBlurFade	CGameScriptInterface::CancelRadialBlurFade	CGameScriptInterface	unique	strong	1	__thiscall	void	CGameScriptInterface *	315	implementation-verified	1	0	direct-signature	1	exact-leaf-name;complete-prototype;retail-relocation-match;quest-interface-qualified-owner
303	0x008A78E0	Quest.ClearActiveGossipCategories	CGameScriptInterface::ClearActiveGossipCategories	CGameScriptInterface	unique	strong	1	__thiscall	void	CGameScriptInterface *	315	implementation-verified	1	0	direct-signature	1	exact-leaf-name;complete-prototype;retail-relocation-match;quest-interface-qualified-owner
304	0x008A7930	Quest.ClearIsGossipForPlayer	CGameScriptInterface::ClearIsGossipForPlayer	CGameScriptInterface	unique	strong	1	__thiscall	void	CGameScriptInterface *	315	implementation-verified	1	0	direct-signature	1	exact-leaf-name;complete-prototype;retail-relocation-match;quest-interface-qualified-owner
305	0x008987E0	Quest.ConfiscateAllHeroWeapons	CGameScriptInterface::ConfiscateAllHeroWeapons	CGameScriptInterface	unique	strong	1	__thiscall	void	CGameScriptInterface *	315	implementation-verified	1	0	direct-signature	1	exact-leaf-name;complete-prototype;retail-relocation-match;quest-interface-qualified-owner
306	0x008901E0	Quest.DisplacementMonochromeEffectColourFadeOut	CGameScriptInterface::DisplacementMonochromeEffectColourFadeOut	CGameScriptInterface	unique	strong	1	__thiscall	void	CGameScriptInterface *,float,void *	315	implementation-verified	1	0	direct-signature	1	exact-leaf-name;complete-prototype;retail-relocation-match;quest-interface-qualified-owner
307	0x00891C40	Quest.DisplayMoneyBag	CGameScriptInterface::DisplayMoneyBag	CGameScriptInterface	unique	strong	1	__thiscall	void	CGameScriptInterface *,bool	315	implementation-verified	1	0	direct-signature	1	exact-leaf-name;complete-prototype;retail-relocation-match;quest-interface-qualified-owner
308	0x00891320	Quest.EnableDangerMusic	CGameScriptInterface::EnableDangerMusic	CGameScriptInterface	unique	strong	1	__thiscall	void	CGameScriptInterface *,bool	315	implementation-verified	1	0	direct-signature	1	exact-leaf-name;complete-prototype;retail-relocation-match;quest-interface-qualified-owner
309	0x0088F4A0	Quest.EnableDecals	CGameScriptInterface::EnableDecals	CGameScriptInterface	unique	strong	1	__thiscall	void	CGameScriptInterface *,bool	315	implementation-verified	1	0	direct-signature	1	exact-leaf-name;complete-prototype;retail-relocation-match;quest-interface-qualified-owner
310	0x0088F620	Quest.EnableSounds	CGameScriptInterface::EnableSounds	CGameScriptInterface	unique	strong	1	__thiscall	void	CGameScriptInterface *,bool	315	implementation-verified	1	0	direct-signature	1	exact-leaf-name;complete-prototype;retail-relocation-match;quest-interface-qualified-owner
311	0x006E7290	Quest.EndLetterBox	CGameScriptInterface::EndLetterBox	CGameScriptInterface	unique	strong	1	__thiscall	void	CGameScriptInterface *	315	implementation-verified	1	0	direct-signature	1	exact-leaf-name;complete-prototype;retail-relocation-match;quest-interface-qualified-owner
312	0x0088E4C0	Quest.FadeScreenIn	CGameScriptInterface::FadeScreenIn	CGameScriptInterface	unique	strong	1	__thiscall	void	CGameScriptInterface *	315	implementation-verified	1	0	direct-signature	1	exact-leaf-name;complete-prototype;retail-relocation-match;quest-interface-qualified-owner
313	0x00891520	Quest.FailAllActiveQuests	CGameScriptInterface::FailAllActiveQuests	CGameScriptInterface	unique	strong	1	__thiscall	void	CGameScriptInterface *	315	implementation-verified	1	0	direct-signature	1	exact-leaf-name;complete-prototype;retail-relocation-match;quest-interface-qualified-owner
314	0x0088E500	Quest.FixMovieSequenceCamera	CGameScriptInterface::FixMovieSequenceCamera	CGameScriptInterface	unique	strong	1	__thiscall	void	CGameScriptInterface *,bool	315	implementation-verified	1	0	direct-signature	1	exact-leaf-name;complete-prototype;retail-relocation-match;quest-interface-qualified-owner
315	0x00893040	Quest.GetActiveGossipCategoriesSize	CGameScriptInterface::GetActiveGossipCategoriesSize	CGameScriptInterface	unique	strong	1	__thiscall	int	CGameScriptInterface *	315	implementation-verified	1	0	direct-signature	1	exact-leaf-name;complete-prototype;retail-relocation-match;quest-interface-qualified-owner
316	0x0088FB70	Quest.GetBettingAccept	CGameScriptInterface::GetBettingAccept	CGameScriptInterface	unique	strong	1	__thiscall	bool	CGameScriptInterface *	315	implementation-verified	1	0	direct-signature	1	exact-leaf-name;complete-prototype;retail-relocation-match;quest-interface-qualified-owner
317	0x0088FB50	Quest.GetBettingActive	CGameScriptInterface::GetBettingActive	CGameScriptInterface	unique	strong	1	__thiscall	bool	CGameScriptInterface *	315	implementation-verified	1	0	direct-signature	1	exact-leaf-name;complete-prototype;retail-relocation-match;quest-interface-qualified-owner
318	0x0088FC30	Quest.GetBoastingEnabled	CGameScriptInterface::GetBoastingEnabled	CGameScriptInterface	unique	strong	1	__thiscall	bool	CGameScriptInterface *	315	implementation-verified	1	0	direct-signature	1	exact-leaf-name;complete-prototype;retail-relocation-match;quest-interface-qualified-owner
319	0x0088FAF0	Quest.GetCheapHeadLooking	CGameScriptInterface::GetCheapHeadLooking	CGameScriptInterface	unique	strong	1	__thiscall	bool	CGameScriptInterface *	315	implementation-verified	1	0	direct-signature	1	exact-leaf-name;complete-prototype;retail-relocation-match;quest-interface-qualified-owner
320	0x0088FBB0	Quest.GetCountBetMoneyDown	CGameScriptInterface::GetCountBetMoneyDown	CGameScriptInterface	unique	strong	1	__thiscall	bool	CGameScriptInterface *	315	implementation-verified	1	0	direct-signature	1	exact-leaf-name;complete-prototype;retail-relocation-match;quest-interface-qualified-owner
321	0x006E7340	Quest.GetGameAngleXY	CGameScriptInterface::GetGameAngleXY	CGameScriptInterface	unique	strong	1	__thiscall	float	CGameScriptInterface *	315	implementation-verified	1	0	direct-signature	1	exact-leaf-name;complete-prototype;retail-relocation-match;quest-interface-qualified-owner
322	0x0088FBF0	Quest.GetGlobalTargetingDistanceOffset	CGameScriptInterface::GetGlobalTargetingDistanceOffset	CGameScriptInterface	unique	strong	1	__thiscall	float	CGameScriptInterface *	315	implementation-verified	1	0	direct-signature	1	exact-leaf-name;complete-prototype;retail-relocation-match;quest-interface-qualified-owner
323	0x00890370	Quest.GetHeroHealth	CGameScriptInterface::GetHeroHealth	CGameScriptInterface	unique	strong	1	__thiscall	float	CGameScriptInterface *	315	implementation-verified	1	0	direct-signature	1	exact-leaf-name;complete-prototype;retail-relocation-match;quest-interface-qualified-owner
324	0x008903A0	Quest.GetHeroHealthMax	CGameScriptInterface::GetHeroHealthMax	CGameScriptInterface	unique	strong	1	__thiscall	float	CGameScriptInterface *	315	implementation-verified	1	0	direct-signature	1	exact-leaf-name;complete-prototype;retail-relocation-match;quest-interface-qualified-owner
325	0x008903D0	Quest.GetHeroHealthPercentage	CGameScriptInterface::GetHeroHealthPercentage	CGameScriptInterface	unique	strong	1	__thiscall	float	CGameScriptInterface *	315	implementation-verified	1	0	direct-signature	1	exact-leaf-name;complete-prototype;retail-relocation-match;quest-interface-qualified-owner
326	0x00893050	Quest.GetIsGossipForPlayerSize	CGameScriptInterface::GetIsGossipForPlayerSize	CGameScriptInterface	unique	strong	1	__thiscall	int	CGameScriptInterface *	315	implementation-verified	1	0	direct-signature	1	exact-leaf-name;complete-prototype;retail-relocation-match;quest-interface-qualified-owner
327	0x0088FA90	Quest.GetPlayerUsingMeleeDummies	CGameScriptInterface::GetPlayerUsingMeleeDummies	CGameScriptInterface	unique	strong	1	__thiscall	bool	CGameScriptInterface *	315	implementation-verified	1	0	direct-signature	1	exact-leaf-name;complete-prototype;retail-relocation-match;quest-interface-qualified-owner
328	0x0088FAB0	Quest.GetPlayerUsingRangedDummies	CGameScriptInterface::GetPlayerUsingRangedDummies	CGameScriptInterface	unique	strong	1	__thiscall	bool	CGameScriptInterface *	315	implementation-verified	1	0	direct-signature	1	exact-leaf-name;complete-prototype;retail-relocation-match;quest-interface-qualified-owner
329	0x0088FAD0	Quest.GetPlayerUsingWillDummies	CGameScriptInterface::GetPlayerUsingWillDummies	CGameScriptInterface	unique	strong	1	__thiscall	bool	CGameScriptInterface *	315	implementation-verified	1	0	direct-signature	1	exact-leaf-name;complete-prototype;retail-relocation-match;quest-interface-qualified-owner
330	0x0088FB30	Quest.GetPrizeTavernTable	CGameScriptInterface::GetPrizeTavernTable	CGameScriptInterface	unique	strong	1	__thiscall	bool	CGameScriptInterface *	315	implementation-verified	1	0	direct-signature	1	exact-leaf-name;complete-prototype;retail-relocation-match;quest-interface-qualified-owner
331	0x0088FB10	Quest.GetQuitTavernGame	CGameScriptInterface::GetQuitTavernGame	CGameScriptInterface	unique	strong	1	__thiscall	bool	CGameScriptInterface *	315	implementation-verified	1	0	direct-signature	1	exact-leaf-name;complete-prototype;retail-relocation-match;quest-interface-qualified-owner
332	0x0088FBD0	Quest.GetSpotTheAdditionBeaten	CGameScriptInterface::GetSpotTheAdditionBeaten	CGameScriptInterface	unique	strong	1	__thiscall	bool	CGameScriptInterface *	315	implementation-verified	1	0	direct-signature	1	exact-leaf-name;complete-prototype;retail-relocation-match;quest-interface-qualified-owner
333	0x0088FC10	Quest.GetTradingPriceMult	CGameScriptInterface::GetTradingPriceMult	CGameScriptInterface	unique	strong	1	__thiscall	float	CGameScriptInterface *	315	implementation-verified	1	0	direct-signature	1	exact-leaf-name;complete-prototype;retail-relocation-match;quest-interface-qualified-owner
334	0x0088ECC0	Quest.IsCameraInScriptedMode	CGameScriptInterface::IsCameraInScriptedMode	CGameScriptInterface	unique	strong	1	__thiscall	bool	CGameScriptInterface *	315	implementation-verified	1	0	direct-signature	1	exact-leaf-name;complete-prototype;retail-relocation-match;quest-interface-qualified-owner
335	0x008902B0	Quest.IsHeroChild	CGameScriptInterface::IsHeroChild	CGameScriptInterface	unique	strong	1	__thiscall	bool	CGameScriptInterface *	315	implementation-verified	1	0	direct-signature	1	exact-leaf-name;complete-prototype;retail-relocation-match;quest-interface-qualified-owner
336	0x008913C0	Quest.IsHeroInTavernGame	CGameScriptInterface::IsHeroInTavernGame	CGameScriptInterface	unique	strong	1	__thiscall	bool	CGameScriptInterface *	315	implementation-verified	1	0	direct-signature	1	exact-leaf-name;complete-prototype;retail-relocation-match;quest-interface-qualified-owner
337	0x0089B330	Quest.IsHeroNaked	CGameScriptInterface::IsHeroNaked	CGameScriptInterface	unique	strong	1	__thiscall	bool	CGameScriptInterface *	315	implementation-verified	1	0	direct-signature	1	exact-leaf-name;complete-prototype;retail-relocation-match;quest-interface-qualified-owner
338	0x00891870	Quest.IsHeroOnQuest	CGameScriptInterface::IsHeroOnQuest	CGameScriptInterface	unique	strong	1	__thiscall	bool	CGameScriptInterface *	315	implementation-verified	1	0	direct-signature	1	exact-leaf-name;complete-prototype;retail-relocation-match;quest-interface-qualified-owner
339	0x00892270	Quest.IsInCutscene	CGameScriptInterface::IsInCutscene	CGameScriptInterface	unique	strong	1	__thiscall	bool	CGameScriptInterface *	315	implementation-verified	1	0	direct-signature	1	exact-leaf-name;complete-prototype;retail-relocation-match;quest-interface-qualified-owner
340	0x00899BA0	Quest.IsPlayerCreatureBlocking	CGameScriptInterface::IsPlayerCreatureBlocking	CGameScriptInterface	unique	strong	1	__thiscall	bool	CGameScriptInterface *	315	implementation-verified	1	0	direct-signature	1	exact-leaf-name;complete-prototype;retail-relocation-match;quest-interface-qualified-owner
341	0x00892B30	Quest.IsSafeToDisplayGameInfo	CGameScriptInterface::IsSafeToDisplayGameInfo	CGameScriptInterface	unique	strong	1	__thiscall	bool	CGameScriptInterface *	315	implementation-verified	1	0	direct-signature	1	exact-leaf-name;complete-prototype;retail-relocation-match;quest-interface-qualified-owner
342	0x0088F3E0	Quest.IsTutorialSystemEnabled	CGameScriptInterface::IsTutorialSystemEnabled	CGameScriptInterface	unique	strong	1	__thiscall	bool	CGameScriptInterface *	315	implementation-verified	1	0	direct-signature	1	exact-leaf-name;complete-prototype;retail-relocation-match;quest-interface-qualified-owner
343	0x00892030	Quest.MiniMapRemoveAllMarkers	CGameScriptInterface::MiniMapRemoveAllMarkers	CGameScriptInterface	unique	strong	1	__thiscall	void	CGameScriptInterface *	315	implementation-verified	1	0	direct-signature	1	exact-leaf-name;complete-prototype;retail-relocation-match;quest-interface-qualified-owner
344	0x0088E400	Quest.MiniMapSetAsEnabled	CGameScriptInterface::MiniMapSetAsEnabled	CGameScriptInterface	unique	strong	1	__thiscall	void	CGameScriptInterface *,bool	315	implementation-verified	1	0	direct-signature	1	exact-leaf-name;complete-prototype;retail-relocation-match;quest-interface-qualified-owner
345	0x00894370	Quest.MsgIsGameInfoClickedPast	CGameScriptInterface::MsgIsGameInfoClickedPast	CGameScriptInterface	unique	strong	1	__thiscall	bool	CGameScriptInterface *	315	implementation-verified	1	0	direct-signature	1	exact-leaf-name;complete-prototype;retail-relocation-match;quest-interface-qualified-owner
346	0x008942C0	Quest.MsgOnChestOpeningCancelled	CGameScriptInterface::MsgOnChestOpeningCancelled	CGameScriptInterface	unique	strong	1	__thiscall	bool	CGameScriptInterface *	315	implementation-verified	1	0	direct-signature	1	exact-leaf-name;complete-prototype;retail-relocation-match;quest-interface-qualified-owner
347	0x00890150	Quest.RadialBlurFadeOut	CGameScriptInterface::RadialBlurFadeOut	CGameScriptInterface	unique	strong	1	__thiscall	void	CGameScriptInterface *,float,void *	315	implementation-verified	1	0	direct-signature	1	exact-leaf-name;complete-prototype;retail-relocation-match;quest-interface-qualified-owner
348	0x00891510	Quest.RemoveAllAvailableQuestCardsFromGuild	CGameScriptInterface::RemoveAllAvailableQuestCardsFromGuild	CGameScriptInterface	unique	strong	1	__thiscall	void	CGameScriptInterface *	315	implementation-verified	1	0	direct-signature	1	exact-leaf-name;complete-prototype;retail-relocation-match;quest-interface-qualified-owner
349	0x00891C30	Quest.RemoveAllQuestInfoElements	CGameScriptInterface::RemoveAllQuestInfoElements	CGameScriptInterface	unique	strong	1	__thiscall	void	CGameScriptInterface *	315	implementation-verified	1	0	direct-signature	1	exact-leaf-name;complete-prototype;retail-relocation-match;quest-interface-qualified-owner
350	0x0089B390	Quest.RemoveHeroClothing	CGameScriptInterface::RemoveHeroClothing	CGameScriptInterface	unique	strong	1	__thiscall	void	CGameScriptInterface *	315	implementation-verified	1	0	direct-signature	1	exact-leaf-name;complete-prototype;retail-relocation-match;quest-interface-qualified-owner
351	0x00896FD0	Quest.ResetDeathRecoveryMarkerNameToDefault	CGameScriptInterface::ResetDeathRecoveryMarkerNameToDefault	CGameScriptInterface	unique	strong	1	__thiscall	void	CGameScriptInterface *	315	implementation-verified	1	0	direct-signature	1	exact-leaf-name;complete-prototype;retail-relocation-match;quest-interface-qualified-owner
352	0x0088FF10	Quest.ResetToDefaultTheme	CGameScriptInterface::ResetToDefaultTheme	CGameScriptInterface	unique	strong	1	__thiscall	void	CGameScriptInterface *,float	315	implementation-verified	1	0	direct-signature	1	exact-leaf-name;complete-prototype;retail-relocation-match;quest-interface-qualified-owner
353	0x0088FFF0	Quest.ResetToDefaultThemeExternals	CGameScriptInterface::ResetToDefaultThemeExternals	CGameScriptInterface	unique	strong	1	__thiscall	void	CGameScriptInterface *,float	315	implementation-verified	1	0	direct-signature	1	exact-leaf-name;complete-prototype;retail-relocation-match;quest-interface-qualified-owner
354	0x008970F0	Quest.ResetWhetherToFailQuestOnDeathToDefault	CGameScriptInterface::ResetWhetherToFailQuestOnDeathToDefault	CGameScriptInterface	unique	strong	1	__thiscall	void	CGameScriptInterface *	315	implementation-verified	1	0	direct-signature	1	exact-leaf-name;complete-prototype;retail-relocation-match;quest-interface-qualified-owner
355	0x0088E090	Quest.SetAllSoundsAsMuted	CGameScriptInterface::SetAllSoundsAsMuted	CGameScriptInterface	unique	strong	1	__thiscall	void	CGameScriptInterface *,bool	315	implementation-verified	1	0	direct-signature	1	exact-leaf-name;complete-prototype;retail-relocation-match;quest-interface-qualified-owner
356	0x0088FB60	Quest.SetBettingAccept	CGameScriptInterface::SetBettingAccept	CGameScriptInterface	unique	strong	1	__thiscall	void	CGameScriptInterface *,bool	315	implementation-verified	1	0	direct-signature	1	exact-leaf-name;complete-prototype;retail-relocation-match;quest-interface-qualified-owner
357	0x0088FB40	Quest.SetBettingActive	CGameScriptInterface::SetBettingActive	CGameScriptInterface	unique	strong	1	__thiscall	void	CGameScriptInterface *,bool	315	implementation-verified	1	0	direct-signature	1	exact-leaf-name;complete-prototype;retail-relocation-match;quest-interface-qualified-owner
358	0x0088FC20	Quest.SetBoastingEnabled	CGameScriptInterface::SetBoastingEnabled	CGameScriptInterface	unique	strong	1	__thiscall	void	CGameScriptInterface *,bool	315	implementation-verified	1	0	direct-signature	1	exact-leaf-name;complete-prototype;retail-relocation-match;quest-interface-qualified-owner
359	0x0088FAE0	Quest.SetCheapHeadLooking	CGameScriptInterface::SetCheapHeadLooking	CGameScriptInterface	unique	strong	1	__thiscall	void	CGameScriptInterface *,bool	315	implementation-verified	1	0	direct-signature	1	exact-leaf-name;complete-prototype;retail-relocation-match;quest-interface-qualified-owner
360	0x0088FBA0	Quest.SetCountBetMoneyDown	CGameScriptInterface::SetCountBetMoneyDown	CGameScriptInterface	unique	strong	1	__thiscall	void	CGameScriptInterface *,bool	315	implementation-verified	1	0	direct-signature	1	exact-leaf-name;complete-prototype;retail-relocation-match;quest-interface-qualified-owner
361	0x0088FBE0	Quest.SetGlobalTargetingDistanceOffset	CGameScriptInterface::SetGlobalTargetingDistanceOffset	CGameScriptInterface	unique	strong	1	__thiscall	void	CGameScriptInterface *,float	315	implementation-verified	1	0	direct-signature	1	exact-leaf-name;complete-prototype;retail-relocation-match;quest-interface-qualified-owner
362	0x00892050	Quest.SetHUDEnabled	CGameScriptInterface::SetHUDEnabled	CGameScriptInterface	unique	strong	1	__thiscall	void	CGameScriptInterface *,bool	315	implementation-verified	1	0	direct-signature	1	exact-leaf-name;complete-prototype;retail-relocation-match;quest-interface-qualified-owner
363	0x0088FA80	Quest.SetPlayerUsingMeleeDummies	CGameScriptInterface::SetPlayerUsingMeleeDummies	CGameScriptInterface	unique	strong	1	__thiscall	void	CGameScriptInterface *,bool	315	implementation-verified	1	0	direct-signature	1	exact-leaf-name;complete-prototype;retail-relocation-match;quest-interface-qualified-owner
364	0x0088FAA0	Quest.SetPlayerUsingRangedDummies	CGameScriptInterface::SetPlayerUsingRangedDummies	CGameScriptInterface	unique	strong	1	__thiscall	void	CGameScriptInterface *,bool	315	implementation-verified	1	0	direct-signature	1	exact-leaf-name;complete-prototype;retail-relocation-match;quest-interface-qualified-owner
365	0x0088FAC0	Quest.SetPlayerUsingWillDummies	CGameScriptInterface::SetPlayerUsingWillDummies	CGameScriptInterface	unique	strong	1	__thiscall	void	CGameScriptInterface *,bool	315	implementation-verified	1	0	direct-signature	1	exact-leaf-name;complete-prototype;retail-relocation-match;quest-interface-qualified-owner
366	0x0088FB20	Quest.SetPrizeTavernTable	CGameScriptInterface::SetPrizeTavernTable	CGameScriptInterface	unique	strong	1	__thiscall	void	CGameScriptInterface *,bool	315	implementation-verified	1	0	direct-signature	1	exact-leaf-name;complete-prototype;retail-relocation-match;quest-interface-qualified-owner
367	0x0088FB00	Quest.SetQuitTavernGame	CGameScriptInterface::SetQuitTavernGame	CGameScriptInterface	unique	strong	1	__thiscall	void	CGameScriptInterface *,bool	315	implementation-verified	1	0	direct-signature	1	exact-leaf-name;complete-prototype;retail-relocation-match;quest-interface-qualified-owner
368	0x0088FBC0	Quest.SetSpotTheAdditionBeaten	CGameScriptInterface::SetSpotTheAdditionBeaten	CGameScriptInterface	unique	strong	1	__thiscall	void	CGameScriptInterface *,bool	315	implementation-verified	1	0	direct-signature	1	exact-leaf-name;complete-prototype;retail-relocation-match;quest-interface-qualified-owner
369	0x0088FC00	Quest.SetTradingPriceMult	CGameScriptInterface::SetTradingPriceMult	CGameScriptInterface	unique	strong	1	__thiscall	void	CGameScriptInterface *,float	315	implementation-verified	1	0	direct-signature	1	exact-leaf-name;complete-prototype;retail-relocation-match;quest-interface-qualified-owner
370	0x008912A0	Quest.StopOverrideMusic	CGameScriptInterface::StopOverrideMusic	CGameScriptInterface	unique	strong	1	__thiscall	void	CGameScriptInterface *,bool	315	implementation-verified	1	0	direct-signature	1	exact-leaf-name;complete-prototype;retail-relocation-match;quest-interface-qualified-owner
371	0x00891C80	Quest.UpdateMiniGameInfoBar	CGameScriptInterface::UpdateMiniGameInfoBar	CGameScriptInterface	unique	strong	1	__thiscall	void	CGameScriptInterface *,float	315	implementation-verified	1	0	direct-signature	1	exact-leaf-name;complete-prototype;retail-relocation-match;quest-interface-qualified-owner
372	0x004AAF80	Entity.MsgIsKicked	CScriptThing::MsgIsKicked	CScriptThing	unique	strong	1	__thiscall	bool	CScriptThing *	200	implementation-verified	1	0	direct-signature	1	exact-leaf-name;complete-prototype;retail-byte-match;entity-owner
373	0x004AADA0	Entity.MsgOpenedChest	CScriptThing::MsgOpenedChest	CScriptThing	unique	strong	1	__thiscall	bool	CScriptThing *	200	implementation-verified	1	0	direct-signature	1	exact-leaf-name;complete-prototype;retail-byte-match;entity-owner
374	0x004AACE0	Entity.MsgPerformedAnyAggressiveSpecialAbility	CScriptThing::MsgPerformedAnyAggressiveSpecialAbility	CScriptThing	unique	strong	1	__thiscall	bool	CScriptThing *	200	implementation-verified	1	0	direct-signature	1	exact-leaf-name;complete-prototype;retail-byte-match;entity-owner
375	0x004AAD00	Entity.MsgPerformedAnyNonAggressiveSpecialAbility	CScriptThing::MsgPerformedAnyNonAggressiveSpecialAbility	CScriptThing	unique	strong	1	__thiscall	bool	CScriptThing *	200	implementation-verified	1	0	direct-signature	1	exact-leaf-name;complete-prototype;retail-byte-match;entity-owner
376	0x004AACC0	Entity.MsgPerformedAnySpecialAbility	CScriptThing::MsgPerformedAnySpecialAbility	CScriptThing	unique	strong	1	__thiscall	bool	CScriptThing *	200	implementation-verified	1	0	direct-signature	1	exact-leaf-name;complete-prototype;retail-byte-match;entity-owner
377	0x004AB040	Entity.SetAsUsable	CScriptThing::SetAsUsable	CScriptThing	unique	strong	1	__thiscall	void	CScriptThing *,bool	200	implementation-verified	1	0	direct-signature	1	exact-leaf-name;complete-prototype;retail-byte-match;entity-owner
378	0x0088F930	Quest.AutoSave	CGameScriptInterface::AutoSave	CGameScriptInterface	ambiguous	strong	1	__thiscall	void	CGameScriptInterface *	315	implementation-verified	1	0	direct-signature	1	exact-leaf-name;complete-prototype;retail-relocation-match;quest-interface-qualified-owner
379	0x00892DF0	Quest.ClearAllRumbles	CGameScriptInterface::ClearAllRumbles	CGameScriptInterface	ambiguous	strong	1	__thiscall	void	CGameScriptInterface *	315	implementation-verified	1	0	direct-signature	1	exact-leaf-name;complete-prototype;retail-relocation-match;quest-interface-qualified-owner
380	0x008A1300	Quest.StartSneaking	CGameScriptInterface::StartSneaking	CGameScriptInterface	ambiguous	strong	1	__thiscall	void	CGameScriptInterface *	315	implementation-verified	1	0	direct-signature	1	exact-leaf-name;complete-prototype;retail-relocation-match;quest-interface-qualified-owner
381	0x004AA890	Entity.IsDead	CScriptThing::IsDead	CScriptThing	ambiguous	strong	1	__thiscall	bool	CScriptThing *	200	implementation-verified	1	0	direct-signature	1	exact-leaf-name;complete-prototype;retail-byte-match;entity-owner
382	0x0088F560	Quest.EntityCastLightningAtTarget	CGameScriptInterface::EntityCastLightningAtTarget	CGameScriptInterface	unique	strong	1	__thiscall	void	CGameScriptInterface *,CScriptThing const &,CScriptThing const &	320	implementation-verified	1	0	wrapper-adapter	1	exact-leaf-name;complete-prototype;retail-byte-match;quest-interface-qualified-owner
383	0x0088EC70	Quest.EntityClearMaxNumberOfAttackers	CGameScriptInterface::EntityClearMaxNumberOfAttackers	CGameScriptInterface	unique	strong	1	__thiscall	void	CGameScriptInterface *,CScriptThing const &	320	implementation-verified	1	0	wrapper-adapter	1	exact-leaf-name;complete-prototype;retail-byte-match;quest-interface-qualified-owner
384	0x00890F00	Quest.EntitySetAbleToBeEngagedInCombat	CGameScriptInterface::EntitySetAbleToBeEngagedInCombat	CGameScriptInterface	unique	strong	1	__thiscall	void	CGameScriptInterface *,CScriptThing const &,bool	320	implementation-verified	1	0	wrapper-adapter	1	exact-leaf-name;complete-prototype;retail-byte-match;quest-interface-qualified-owner
385	0x00890EC0	Quest.EntitySetEvadeAllHits	CGameScriptInterface::EntitySetEvadeAllHits	CGameScriptInterface	unique	strong	1	__thiscall	void	CGameScriptInterface *,CScriptThing const &,bool	320	implementation-verified	1	0	wrapper-adapter	1	exact-leaf-name;complete-prototype;retail-byte-match;quest-interface-qualified-owner
386	0x00890E80	Quest.EntitySetNegateAllHits	CGameScriptInterface::EntitySetNegateAllHits	CGameScriptInterface	unique	strong	1	__thiscall	void	CGameScriptInterface *,CScriptThing const &,bool	320	implementation-verified	1	0	wrapper-adapter	1	exact-leaf-name;complete-prototype;retail-byte-match;quest-interface-qualified-owner
387	0x0088FE70	Quest.GetDayCount	CGameScriptInterface::GetDayCount	CGameScriptInterface	unique	strong	1	__thiscall	long	CGameScriptInterface *	320	implementation-verified	1	0	wrapper-adapter	1	exact-leaf-name;complete-prototype;retail-byte-match;quest-interface-qualified-owner
388	0x0088FE50	Quest.GetDayOfWeek	CGameScriptInterface::GetDayOfWeek	CGameScriptInterface	unique	strong	1	__thiscall	long	CGameScriptInterface *	320	implementation-verified	1	0	wrapper-adapter	1	exact-leaf-name;complete-prototype;retail-byte-match;quest-interface-qualified-owner
389	0x0088E110	Quest.GiveHeroTitle	CGameScriptInterface::GiveHeroTitle	CGameScriptInterface	unique	strong	1	__thiscall	void	CGameScriptInterface *,CCharString const &	320	implementation-verified	1	0	wrapper-adapter	1	exact-leaf-name;complete-prototype;retail-byte-match;quest-interface-qualified-owner
390	0x006E7300	Quest.IsCameraPosOnScreen	CGameScriptInterface::IsCameraPosOnScreen	CGameScriptInterface	unique	strong	1	__thiscall	bool	CGameScriptInterface *,C3DVector const &	320	implementation-verified	1	0	wrapper-adapter	1	exact-leaf-name;complete-prototype;retail-byte-match;quest-interface-qualified-owner
391	0x0088FD60	Quest.IsEntityInLimbo	CGameScriptInterface::IsEntityInLimbo	CGameScriptInterface	unique	strong	1	__thiscall	bool	CGameScriptInterface *,CScriptThing const &	320	implementation-verified	1	0	wrapper-adapter	1	exact-leaf-name;complete-prototype;retail-byte-match;quest-interface-qualified-owner
392	0x008A0E80	Quest.IsThingABed	CGameScriptInterface::IsThingABed	CGameScriptInterface	unique	strong	1	__thiscall	bool	CGameScriptInterface *,CScriptThing const &	320	implementation-verified	1	0	wrapper-adapter	1	exact-leaf-name;complete-prototype;retail-byte-match;quest-interface-qualified-owner
393	0x008A0EB0	Quest.IsThingAChest	CGameScriptInterface::IsThingAChest	CGameScriptInterface	unique	strong	1	__thiscall	bool	CGameScriptInterface *,CScriptThing const &	320	implementation-verified	1	0	wrapper-adapter	1	exact-leaf-name;complete-prototype;retail-byte-match;quest-interface-qualified-owner
394	0x008A0EE0	Quest.IsThingADoor	CGameScriptInterface::IsThingADoor	CGameScriptInterface	unique	strong	1	__thiscall	bool	CGameScriptInterface *,CScriptThing const &	320	implementation-verified	1	0	wrapper-adapter	1	exact-leaf-name;complete-prototype;retail-byte-match;quest-interface-qualified-owner
395	0x008A0F40	Quest.IsThingSearchable	CGameScriptInterface::IsThingSearchable	CGameScriptInterface	unique	strong	1	__thiscall	bool	CGameScriptInterface *,CScriptThing const &	320	implementation-verified	1	0	wrapper-adapter	1	exact-leaf-name;complete-prototype;retail-byte-match;quest-interface-qualified-owner
396	0x008A0F10	Quest.IsThingSmashable	CGameScriptInterface::IsThingSmashable	CGameScriptInterface	unique	strong	1	__thiscall	bool	CGameScriptInterface *,CScriptThing const &	320	implementation-verified	1	0	wrapper-adapter	1	exact-leaf-name;complete-prototype;retail-byte-match;quest-interface-qualified-owner
397	0x00890430	Quest.ModifyThingHealth	CGameScriptInterface::ModifyThingHealth	CGameScriptInterface	unique	strong	1	__thiscall	void	CGameScriptInterface *,CScriptThing const &,float,bool	320	implementation-verified	1	0	wrapper-adapter	1	exact-leaf-name;complete-prototype;retail-byte-match;quest-interface-qualified-owner
398	0x006E7D30	Quest.SetCreatureCreationDelayFrames	CGameScriptInterface::SetCreatureCreationDelayFrames	CGameScriptInterface	unique	strong	1	__thiscall	void	CGameScriptInterface *,long	320	implementation-verified	1	0	wrapper-adapter	1	exact-leaf-name;complete-prototype;retail-byte-match;quest-interface-qualified-owner
399	0x0088F980	Quest.SetGuildSealRecallLocation	CGameScriptInterface::SetGuildSealRecallLocation	CGameScriptInterface	unique	strong	1	__thiscall	void	CGameScriptInterface *,C3DVector const &,float	320	implementation-verified	1	0	wrapper-adapter	1	exact-leaf-name;complete-prototype;retail-byte-match;quest-interface-qualified-owner
400	0x00892E80	Quest.ActivateQuest	CGameScriptInterface::ActivateQuest	CGameScriptInterface	unique	strong	1	__thiscall	void	CGameScriptInterface *,CCharString const &	315	implementation-verified	1	0	wrapper-adapter	1	exact-leaf-name;complete-prototype;retail-relocation-match;quest-interface-qualified-owner
401	0x008A9DB0	Quest.AddRumourCategory	CGameScriptInterface::AddRumourCategory	CGameScriptInterface	unique	strong	1	__thiscall	void	CGameScriptInterface *,CCharString const &	315	implementation-verified	1	0	wrapper-adapter	1	exact-leaf-name;complete-prototype;retail-relocation-match;quest-interface-qualified-owner
402	0x0089E4C0	Quest.AddScreenTitleMessage	CGameScriptInterface::AddScreenTitleMessage	CGameScriptInterface	unique	strong	1	__thiscall	void	CGameScriptInterface *,CCharString const &,float,bool	315	implementation-verified	1	0	wrapper-adapter	1	exact-leaf-name;complete-prototype;retail-relocation-match;quest-interface-qualified-owner
403	0x0088ED20	Quest.CameraEarthquakeIntensityAtPos	CGameScriptInterface::CameraEarthquakeIntensityAtPos	CGameScriptInterface	unique	strong	1	__thiscall	void	CGameScriptInterface *,C3DVector const &,float,float	315	implementation-verified	1	0	wrapper-adapter	1	exact-leaf-name;complete-prototype;retail-relocation-match;quest-interface-qualified-owner
404	0x0089CD30	Quest.CanThingBe_NearlySeen_ByOtherThing	CGameScriptInterface::CanThingBe_NearlySeen_ByOtherThing	CGameScriptInterface	unique	strong	1	__thiscall	bool	CGameScriptInterface *,CScriptThing const &,CScriptThing const &	315	implementation-verified	1	0	wrapper-adapter	1	exact-leaf-name;complete-prototype;retail-relocation-match;quest-interface-qualified-owner
405	0x0089CD10	Quest.CanThingBe_Seen_ByOtherThing	CGameScriptInterface::CanThingBe_Seen_ByOtherThing	CGameScriptInterface	unique	strong	1	__thiscall	bool	CGameScriptInterface *,CScriptThing const &,CScriptThing const &	315	implementation-verified	1	0	wrapper-adapter	1	exact-leaf-name;complete-prototype;retail-relocation-match;quest-interface-qualified-owner
406	0x008AA4D0	Quest.ClearGossipFactions	CGameScriptInterface::ClearGossipFactions	CGameScriptInterface	unique	strong	1	__thiscall	void	CGameScriptInterface *,CCharString	315	implementation-verified	1	0	wrapper-adapter	1	exact-leaf-name;complete-prototype;retail-relocation-match;quest-interface-qualified-owner
407	0x008AA270	Quest.ClearGossipVillages	CGameScriptInterface::ClearGossipVillages	CGameScriptInterface	unique	strong	1	__thiscall	void	CGameScriptInterface *,CCharString	315	implementation-verified	1	0	wrapper-adapter	1	exact-leaf-name;complete-prototype;retail-relocation-match;quest-interface-qualified-owner
408	0x0089ECC0	Quest.CreatureGeneratorRemoveTriggerer	CGameScriptInterface::CreatureGeneratorRemoveTriggerer	CGameScriptInterface	unique	strong	1	__thiscall	void	CGameScriptInterface *,CScriptThing const &,CScriptThing const &	315	implementation-verified	1	0	wrapper-adapter	1	exact-leaf-name;complete-prototype;retail-relocation-match;quest-interface-qualified-owner
409	0x008901C0	Quest.DisplacementMonochromeEffectColourFadeTo	CGameScriptInterface::DisplacementMonochromeEffectColourFadeTo	CGameScriptInterface	unique	strong	1	__thiscall	void *	CGameScriptInterface *,float,CRGBFloatColour const &	315	implementation-verified	1	0	wrapper-adapter	1	exact-leaf-name;complete-prototype;retail-relocation-match;quest-interface-qualified-owner
410	0x00890690	Quest.EntityAttachToScript	CGameScriptInterface::EntityAttachToScript	CGameScriptInterface	unique	strong	1	__thiscall	void	CGameScriptInterface *,CScriptThing const &,CCharString const &	315	implementation-verified	1	0	wrapper-adapter	1	exact-leaf-name;complete-prototype;retail-relocation-match;quest-interface-qualified-owner
411	0x0089C4C0	Quest.EntityClearPersonalityOverride	CGameScriptInterface::EntityClearPersonalityOverride	CGameScriptInterface	unique	strong	1	__thiscall	void	CGameScriptInterface *,CScriptThing const &	315	implementation-verified	1	0	wrapper-adapter	1	exact-leaf-name;complete-prototype;retail-relocation-match;quest-interface-qualified-owner
412	0x00890F40	Quest.EntityResetCombatTypeToDefault	CGameScriptInterface::EntityResetCombatTypeToDefault	CGameScriptInterface	unique	strong	1	__thiscall	void	CGameScriptInterface *,CScriptThing const &	315	implementation-verified	1	0	wrapper-adapter	1	exact-leaf-name;complete-prototype;retail-relocation-match;quest-interface-qualified-owner
413	0x0088F6E0	Quest.EntitySetAllStategroupsEnabled	CGameScriptInterface::EntitySetAllStategroupsEnabled	CGameScriptInterface	unique	strong	1	__thiscall	void	CGameScriptInterface *,CScriptThing const &,bool	315	implementation-verified	1	0	wrapper-adapter	1	exact-leaf-name;complete-prototype;retail-relocation-match;quest-interface-qualified-owner
414	0x0089DFF0	Quest.EntitySetAlwaysBlockAttacksFromThing	CGameScriptInterface::EntitySetAlwaysBlockAttacksFromThing	CGameScriptInterface	unique	strong	1	__thiscall	void	CGameScriptInterface *,CScriptThing const &,CScriptThing const &,bool	315	implementation-verified	1	0	wrapper-adapter	1	exact-leaf-name;complete-prototype;retail-relocation-match;quest-interface-qualified-owner
415	0x0088F850	Quest.EntitySetDeedReactionsEnabled	CGameScriptInterface::EntitySetDeedReactionsEnabled	CGameScriptInterface	unique	strong	1	__thiscall	void	CGameScriptInterface *,CScriptThing const &,bool	315	implementation-verified	1	0	wrapper-adapter	1	exact-leaf-name;complete-prototype;retail-relocation-match;quest-interface-qualified-owner
416	0x0088F810	Quest.EntitySetOpinionReactionsEnabled	CGameScriptInterface::EntitySetOpinionReactionsEnabled	CGameScriptInterface	unique	strong	1	__thiscall	void	CGameScriptInterface *,CScriptThing const &,bool	315	implementation-verified	1	0	wrapper-adapter	1	exact-leaf-name;complete-prototype;retail-relocation-match;quest-interface-qualified-owner
417	0x0088F7D0	Quest.EntitySetSleepEnabled	CGameScriptInterface::EntitySetSleepEnabled	CGameScriptInterface	unique	strong	1	__thiscall	void	CGameScriptInterface *,CScriptThing const &,bool	315	implementation-verified	1	0	wrapper-adapter	1	exact-leaf-name;complete-prototype;retail-relocation-match;quest-interface-qualified-owner
418	0x0088F6B0	Quest.EntitySetStategroupEnabled	CGameScriptInterface::EntitySetStategroupEnabled	CGameScriptInterface	unique	strong	1	__thiscall	void	CGameScriptInterface *,CScriptThing const &,CCharString const &,bool	315	implementation-verified	1	0	wrapper-adapter	1	exact-leaf-name;complete-prototype;retail-relocation-match;quest-interface-qualified-owner
419	0x008A7EC0	Quest.EntitySetThingAsAllyOfThing	CGameScriptInterface::EntitySetThingAsAllyOfThing	CGameScriptInterface	unique	strong	1	__thiscall	void	CGameScriptInterface *,CScriptThing const &,CScriptThing const &	315	implementation-verified	1	0	wrapper-adapter	1	exact-leaf-name;complete-prototype;retail-relocation-match;quest-interface-qualified-owner
420	0x00891880	Quest.GetActiveQuestName	CGameScriptInterface::GetActiveQuestName	CGameScriptInterface	unique	strong	1	__thiscall	CCharString	CGameScriptInterface *	315	implementation-verified	1	0	wrapper-adapter	1	exact-leaf-name;complete-prototype;retail-relocation-match;quest-interface-qualified-owner
421	0x0088FB90	Quest.GetBettingAmount	CGameScriptInterface::GetBettingAmount	CGameScriptInterface	unique	strong	1	__thiscall	long	CGameScriptInterface *	315	implementation-verified	1	0	wrapper-adapter	1	exact-leaf-name;complete-prototype;retail-relocation-match;quest-interface-qualified-owner
422	0x008AA220	Quest.GetGossipVillagesSize	CGameScriptInterface::GetGossipVillagesSize	CGameScriptInterface	unique	strong	1	__thiscall	int	CGameScriptInterface *,CCharString	315	implementation-verified	1	0	wrapper-adapter	1	exact-leaf-name;complete-prototype;retail-relocation-match;quest-interface-qualified-owner
423	0x00890400	Quest.GetHealth	CGameScriptInterface::GetHealth	CGameScriptInterface	unique	strong	1	__thiscall	float	CGameScriptInterface *,CScriptThing const &	315	implementation-verified	1	0	wrapper-adapter	1	exact-leaf-name;complete-prototype;retail-relocation-match;quest-interface-qualified-owner
424	0x0089A210	Quest.GetHeroWillEnergyPercentage	CGameScriptInterface::GetHeroWillEnergyPercentage	CGameScriptInterface	unique	strong	1	__thiscall	long	CGameScriptInterface *	315	implementation-verified	1	0	wrapper-adapter	1	exact-leaf-name;complete-prototype;retail-relocation-match;quest-interface-qualified-owner
425	0x00891680	Quest.GetMostRecentValidUsedTargetName	CGameScriptInterface::GetMostRecentValidUsedTargetName	CGameScriptInterface	unique	strong	1	__thiscall	CCharString	CGameScriptInterface *	315	implementation-verified	1	0	wrapper-adapter	1	exact-leaf-name;complete-prototype;retail-relocation-match;quest-interface-qualified-owner
426	0x00890960	Quest.GetNextInOpinionAttitudeGraph	CGameScriptInterface::GetNextInOpinionAttitudeGraph	CGameScriptInterface	unique	strong	1	__thiscall	EOpinionAttitudeType	CGameScriptInterface *,EOpinionAttitudeType	315	implementation-verified	1	0	wrapper-adapter	1	exact-leaf-name;complete-prototype;retail-relocation-match;quest-interface-qualified-owner
427	0x00899CF0	Quest.GetPlayerCreatureCombatMultiplierRunningNumHits	CGameScriptInterface::GetPlayerCreatureCombatMultiplierRunningNumHits	CGameScriptInterface	unique	strong	1	__thiscall	long	CGameScriptInterface *	315	implementation-verified	1	0	wrapper-adapter	1	exact-leaf-name;complete-prototype;retail-relocation-match;quest-interface-qualified-owner
428	0x006E7710	Quest.GetTimer	CGameScriptInterface::GetTimer	CGameScriptInterface	unique	strong	1	__thiscall	long	CGameScriptInterface *,long	315	implementation-verified	1	0	wrapper-adapter	1	exact-leaf-name;complete-prototype;retail-relocation-match;quest-interface-qualified-owner
429	0x0088FCC0	Quest.GiveHeroAbility	CGameScriptInterface::GiveHeroAbility	CGameScriptInterface	unique	strong	1	__thiscall	void	CGameScriptInterface *,EHeroAbility,bool	315	implementation-verified	1	0	wrapper-adapter	1	exact-leaf-name;complete-prototype;retail-relocation-match;quest-interface-qualified-owner
430	0x00898BB0	Quest.GiveHeroItem	CGameScriptInterface::GiveHeroItem	CGameScriptInterface	unique	strong	1	__thiscall	void	CGameScriptInterface *,CScriptThing const &	315	implementation-verified	1	0	wrapper-adapter	1	exact-leaf-name;complete-prototype;retail-relocation-match;quest-interface-qualified-owner
431	0x00890280	Quest.IsEntityAbleToAttack	CGameScriptInterface::IsEntityAbleToAttack	CGameScriptInterface	unique	strong	1	__thiscall	bool	CGameScriptInterface *,CScriptThing const &	315	implementation-verified	1	0	wrapper-adapter	1	exact-leaf-name;complete-prototype;retail-relocation-match;quest-interface-qualified-owner
432	0x00890220	Quest.IsEntityWieldingMeleeWeapon	CGameScriptInterface::IsEntityWieldingMeleeWeapon	CGameScriptInterface	unique	strong	1	__thiscall	bool	CGameScriptInterface *,CScriptThing const &	315	implementation-verified	1	0	wrapper-adapter	1	exact-leaf-name;complete-prototype;retail-relocation-match;quest-interface-qualified-owner
433	0x00890250	Quest.IsEntityWieldingRangedWeapon	CGameScriptInterface::IsEntityWieldingRangedWeapon	CGameScriptInterface	unique	strong	1	__thiscall	bool	CGameScriptInterface *,CScriptThing const &	315	implementation-verified	1	0	wrapper-adapter	1	exact-leaf-name;complete-prototype;retail-relocation-match;quest-interface-qualified-owner
434	0x00896210	Quest.IsSleepingTime	CGameScriptInterface::IsSleepingTime	CGameScriptInterface	unique	strong	1	__thiscall	bool	CGameScriptInterface *,CScriptThing const &	315	implementation-verified	1	0	wrapper-adapter	1	exact-leaf-name;complete-prototype;retail-relocation-match;quest-interface-qualified-owner
435	0x00895090	Quest.ManuallyTriggerTrap	CGameScriptInterface::ManuallyTriggerTrap	CGameScriptInterface	unique	strong	1	__thiscall	bool	CGameScriptInterface *,CScriptThing const &	315	implementation-verified	1	0	wrapper-adapter	1	exact-leaf-name;complete-prototype;retail-relocation-match;quest-interface-qualified-owner
436	0x00894300	Quest.MsgIsQuestionAnsweredYesOrNo	CGameScriptInterface::MsgIsQuestionAnsweredYesOrNo	CGameScriptInterface	unique	strong	1	__thiscall	long	CGameScriptInterface *	315	implementation-verified	1	0	wrapper-adapter	1	exact-leaf-name;complete-prototype;retail-relocation-match;quest-interface-qualified-owner
437	0x006E7410	Quest.NewScriptFrame	CGameScriptInterface::NewScriptFrame	CGameScriptInterface	unique	strong	1	__thiscall	void	CGameScriptInterface *	315	implementation-verified	1	0	wrapper-adapter	1	exact-leaf-name;complete-prototype;retail-relocation-match;quest-interface-qualified-owner
438	0x0088F890	Quest.PlayAVIMovie	CGameScriptInterface::PlayAVIMovie	CGameScriptInterface	unique	strong	1	__thiscall	void	CGameScriptInterface *,CCharString const &	315	implementation-verified	1	0	wrapper-adapter	1	exact-leaf-name;complete-prototype;retail-relocation-match;quest-interface-qualified-owner
439	0x008AA050	Quest.RemoveGossip	CGameScriptInterface::RemoveGossip	CGameScriptInterface	unique	strong	1	__thiscall	void	CGameScriptInterface *,CCharString	315	implementation-verified	1	0	wrapper-adapter	1	exact-leaf-name;complete-prototype;retail-relocation-match;quest-interface-qualified-owner
440	0x008AA510	Quest.RemoveGossipFactions	CGameScriptInterface::RemoveGossipFactions	CGameScriptInterface	unique	strong	1	__thiscall	void	CGameScriptInterface *,CCharString	315	implementation-verified	1	0	wrapper-adapter	1	exact-leaf-name;complete-prototype;retail-relocation-match;quest-interface-qualified-owner
441	0x008AA2B0	Quest.RemoveGossipVillages	CGameScriptInterface::RemoveGossipVillages	CGameScriptInterface	unique	strong	1	__thiscall	void	CGameScriptInterface *,CCharString	315	implementation-verified	1	0	wrapper-adapter	1	exact-leaf-name;complete-prototype;retail-relocation-match;quest-interface-qualified-owner
442	0x00891490	Quest.RemoveQuestCardFromGuild	CGameScriptInterface::RemoveQuestCardFromGuild	CGameScriptInterface	unique	strong	1	__thiscall	void	CGameScriptInterface *,CCharString const &	315	implementation-verified	1	0	wrapper-adapter	1	exact-leaf-name;complete-prototype;retail-relocation-match;quest-interface-qualified-owner
443	0x008A9E00	Quest.RemoveRumourCategory	CGameScriptInterface::RemoveRumourCategory	CGameScriptInterface	unique	strong	1	__thiscall	void	CGameScriptInterface *,CCharString const &	315	implementation-verified	1	0	wrapper-adapter	1	exact-leaf-name;complete-prototype;retail-relocation-match;quest-interface-qualified-owner
444	0x008A9720	Quest.SetActiveGossipCategories	CGameScriptInterface::SetActiveGossipCategories	CGameScriptInterface	unique	strong	1	__thiscall	void	CGameScriptInterface *,CCharString,bool	315	implementation-verified	1	0	wrapper-adapter	1	exact-leaf-name;complete-prototype;retail-relocation-match;quest-interface-qualified-owner
445	0x0088FB80	Quest.SetBettingAmount	CGameScriptInterface::SetBettingAmount	CGameScriptInterface	unique	strong	1	__thiscall	void	CGameScriptInterface *,long	315	implementation-verified	1	0	wrapper-adapter	1	exact-leaf-name;complete-prototype;retail-relocation-match;quest-interface-qualified-owner
446	0x008A96C0	Quest.SetCategoryActivity	CGameScriptInterface::SetCategoryActivity	CGameScriptInterface	unique	strong	1	__thiscall	void	CGameScriptInterface *,CCharString const &,bool	315	implementation-verified	1	0	wrapper-adapter	1	exact-leaf-name;complete-prototype;retail-relocation-match;quest-interface-qualified-owner
447	0x00890010	Quest.SetEnvironmentThemeWeightAllChannels	CGameScriptInterface::SetEnvironmentThemeWeightAllChannels	CGameScriptInterface	unique	strong	1	__thiscall	void	CGameScriptInterface *,CCharString const &,float	315	implementation-verified	1	0	wrapper-adapter	1	exact-leaf-name;complete-prototype;retail-relocation-match;quest-interface-qualified-owner
448	0x00890040	Quest.SetEnvironmentThemeWeightAllInternals	CGameScriptInterface::SetEnvironmentThemeWeightAllInternals	CGameScriptInterface	unique	strong	1	__thiscall	void	CGameScriptInterface *,CCharString const &,float	315	implementation-verified	1	0	wrapper-adapter	1	exact-leaf-name;complete-prototype;retail-relocation-match;quest-interface-qualified-owner
449	0x00890090	Quest.SetEnvironmentThemeWeightExternals	CGameScriptInterface::SetEnvironmentThemeWeightExternals	CGameScriptInterface	unique	strong	1	__thiscall	void	CGameScriptInterface *,CCharString const &,float	315	implementation-verified	1	0	wrapper-adapter	1	exact-leaf-name;complete-prototype;retail-relocation-match;quest-interface-qualified-owner
450	0x00890870	Quest.SetFactionAsAlliedToFaction	CGameScriptInterface::SetFactionAsAlliedToFaction	CGameScriptInterface	unique	strong	1	__thiscall	void	CGameScriptInterface *,CCharString const &,CCharString const &	315	implementation-verified	1	0	wrapper-adapter	1	exact-leaf-name;complete-prototype;retail-relocation-match;quest-interface-qualified-owner
451	0x00890910	Quest.SetFactionAsEnemyToFaction	CGameScriptInterface::SetFactionAsEnemyToFaction	CGameScriptInterface	unique	strong	1	__thiscall	void	CGameScriptInterface *,CCharString const &,CCharString const &	315	implementation-verified	1	0	wrapper-adapter	1	exact-leaf-name;complete-prototype;retail-relocation-match;quest-interface-qualified-owner
452	0x008908C0	Quest.SetFactionAsNeutralToFaction	CGameScriptInterface::SetFactionAsNeutralToFaction	CGameScriptInterface	unique	strong	1	__thiscall	void	CGameScriptInterface *,CCharString const &,CCharString const &	315	implementation-verified	1	0	wrapper-adapter	1	exact-leaf-name;complete-prototype;retail-relocation-match;quest-interface-qualified-owner
453	0x0089A270	Quest.SetThingAsKilled	CGameScriptInterface::SetThingAsKilled	CGameScriptInterface	unique	strong	1	__thiscall	void	CGameScriptInterface *,CScriptThing const &	315	implementation-verified	1	0	wrapper-adapter	1	exact-leaf-name;complete-prototype;retail-relocation-match;quest-interface-qualified-owner
454	0x006E76E0	Quest.SetTimer	CGameScriptInterface::SetTimer	CGameScriptInterface	unique	strong	1	__thiscall	void	CGameScriptInterface *,long,long	315	implementation-verified	1	0	wrapper-adapter	1	exact-leaf-name;complete-prototype;retail-relocation-match;quest-interface-qualified-owner
455	0x0088FFB0	Quest.TransitionToThemeExternals	CGameScriptInterface::TransitionToThemeExternals	CGameScriptInterface	unique	strong	1	__thiscall	void	CGameScriptInterface *,CCharString const &,float	315	implementation-verified	1	0	wrapper-adapter	1	exact-leaf-name;complete-prototype;retail-relocation-match;quest-interface-qualified-owner
456	0x004AA9E0	Entity.GetCurrentMapName	CScriptThing::GetCurrentMapName	CScriptThing	unique	strong	1	__thiscall	CCharString	CScriptThing *	195	implementation-verified	1	0	wrapper-adapter	1	exact-leaf-name;complete-prototype;retail-relocation-match;entity-owner
457	0x004AAA10	Entity.GetHomeMapName	CScriptThing::GetHomeMapName	CScriptThing	unique	strong	1	__thiscall	CCharString	CScriptThing *	195	implementation-verified	1	0	wrapper-adapter	1	exact-leaf-name;complete-prototype;retail-relocation-match;entity-owner
458	0x008D0820	Entity.IsOpenDoor	CGameScriptThing::IsOpenDoor	CGameScriptThing	unique	strong	1	__thiscall	bool	CGameScriptThing *	195	implementation-verified	1	0	wrapper-adapter	1	exact-leaf-name;complete-prototype;retail-relocation-match;entity-owner
459	0x004ABE60	Entity.MsgWhoKilledMe	CScriptThing::MsgWhoKilledMe	CScriptThing	unique	strong	1	__thiscall	CScriptThing	CScriptThing *	195	implementation-verified	1	0	wrapper-adapter	1	exact-leaf-name;complete-prototype;retail-relocation-match;entity-owner
460	0x00891C60	Quest.DisplayMiniGameInfo	CGameScriptInterface::DisplayMiniGameInfo	CGameScriptInterface	ambiguous	strong	1	__thiscall	void	CGameScriptInterface *,bool,EMiniGameType	315	implementation-verified	1	0	wrapper-adapter	1	exact-leaf-name;complete-prototype;retail-relocation-match;quest-interface-qualified-owner
461	0x0088E080	Quest.GetConstantFPS	CGameScriptInterface::GetConstantFPS	CGameScriptInterface	ambiguous	strong	1	__thiscall	long	CGameScriptInterface *	315	implementation-verified	1	0	wrapper-adapter	1	exact-leaf-name;complete-prototype;retail-relocation-match;quest-interface-qualified-owner
462	0x0088E340	Quest.GetRegionName	CGameScriptInterface::GetRegionName	CGameScriptInterface	ambiguous	strong	1	__thiscall	CCharString const &	CGameScriptInterface const *	315	implementation-verified	1	0	wrapper-adapter	1	exact-leaf-name;complete-prototype;retail-relocation-match;quest-interface-qualified-owner
463	0x0089C8A0	Quest.IsDeedWitnessed	CGameScriptInterface::IsDeedWitnessed	CGameScriptInterface	ambiguous	strong	1	__thiscall	bool	CGameScriptInterface *,long	315	implementation-verified	1	0	wrapper-adapter	1	exact-leaf-name;complete-prototype;retail-relocation-match;quest-interface-qualified-owner
464	0x00892F80	Quest.SetQuestAsCompleted	CGameScriptInterface::SetQuestAsCompleted	CGameScriptInterface	ambiguous	strong	1	__thiscall	void	CGameScriptInterface *,CCharString const &,bool,bool,bool	315	implementation-verified	1	0	wrapper-adapter	1	exact-leaf-name;complete-prototype;retail-relocation-match;quest-interface-qualified-owner
465	0x00892FD0	Quest.SetQuestAsFailed	CGameScriptInterface::SetQuestAsFailed	CGameScriptInterface	ambiguous	strong	1	__thiscall	void	CGameScriptInterface *,CCharString const &,bool,CWideString const &,bool	315	implementation-verified	1	0	wrapper-adapter	1	exact-leaf-name;complete-prototype;retail-relocation-match;quest-interface-qualified-owner
466	0x0088FEE0	Quest.TransitionToTheme	CGameScriptInterface::TransitionToTheme	CGameScriptInterface	ambiguous	strong	1	__thiscall	void	CGameScriptInterface *,CCharString const &,float	315	implementation-verified	1	0	wrapper-adapter	1	exact-leaf-name;complete-prototype;retail-relocation-match;quest-interface-qualified-owner
467	0x008CFF30	Entity.IsUnconscious	CGameScriptThing::IsUnconscious	CGameScriptThing	ambiguous	strong	1	__thiscall	bool	CGameScriptThing *	200	implementation-verified	1	0	wrapper-adapter	1	exact-leaf-name;complete-prototype;retail-byte-match;entity-owner
468	0x008D0110	Entity.IsNull	CGameScriptThing::IsNull	CGameScriptThing	ambiguous	strong	1	__thiscall	bool	CGameScriptThing *	195	implementation-verified	1	0	wrapper-adapter	1	exact-leaf-name;complete-prototype;retail-relocation-match;entity-owner
469	0x00890970	Quest.GetOpinionAttitudeAsString	CGameScriptInterface::GetOpinionAttitudeAsString	CGameScriptInterface	unique	strong	1	__thiscall	void	CGameScriptInterface *,EOpinionAttitudeType,CCharString &	315	implementation-verified	1	0	signature-review	0	exact-leaf-name;complete-prototype;retail-relocation-match;quest-interface-qualified-owner
470	0x008902E0	Quest.GiveHeroObject	CGameScriptInterface::GiveHeroObject	CGameScriptInterface	unique	strong	1	__thiscall	void	CGameScriptInterface *,CCharString const &,long,bool	315	implementation-verified	1	0	signature-review	0	exact-leaf-name;complete-prototype;retail-relocation-match;quest-interface-qualified-owner
471	0x00899C10	Quest.IsPlayerCreatureReadyToFireProjectileWeapon	CGameScriptInterface::IsPlayerCreatureReadyToFireProjectileWeapon	CGameScriptInterface	unique	strong	1	__thiscall	bool	CGameScriptInterface *,float &	315	implementation-verified	1	0	signature-review	0	exact-leaf-name;complete-prototype;retail-relocation-match;quest-interface-qualified-owner
472	0x00893F80	Quest.MsgOnHeroCastSpell	CGameScriptInterface::MsgOnHeroCastSpell	CGameScriptInterface	unique	strong	1	__thiscall	bool	CGameScriptInterface *,EHeroAbility &	315	implementation-verified	1	0	signature-review	0	exact-leaf-name;complete-prototype;retail-relocation-match;quest-interface-qualified-owner
