class	offset	donor_type	donor_name	donor_size	retail_type	retail_name	retail_size	verdict	evidence
C2DLineF	0x0	float	Point1_X	4	C2DVector	Point1	4	CONFLICT	C2DLineF_GetHighestX_00a56bb0.cpp
C2DLineF	0x0	float	Point1_X	4	C2DVector	Point1	4	CONFLICT	C2DLineF_GetHighestY_00a56c10.cpp
C2DLineF	0x0	float	Point1_X	4	C2DVector	Point1	4	CONFLICT	C2DLineF_GetLowestX_00a56b80.cpp
C2DLineF	0x0	float	Point1_X	4	C2DVector	Point1	4	CONFLICT	C2DLineF_GetLowestY_00a56be0.cpp
C2DLineF	0x4	float	Point1_Y	4	C2DVector	Point2	4	CONFLICT	C2DLineF_GetHighestX_00a56bb0.cpp
C2DLineF	0x4	float	Point1_Y	4	C2DVector	Point2	4	CONFLICT	C2DLineF_GetHighestY_00a56c10.cpp
C2DLineF	0x4	float	Point1_Y	4	C2DVector	Point2	4	CONFLICT	C2DLineF_GetLowestX_00a56b80.cpp
C2DLineF	0x4	float	Point1_Y	4	C2DVector	Point2	4	CONFLICT	C2DLineF_GetLowestY_00a56be0.cpp
C3DAnimFileTimingEventChunk	0x10	CCharStringData*	Name_PStringData	4	CCharString	Name	4	AGREE_KIND_SOFT	C3DAnimFileTimingEventChunk_WriteToFile_00aae220.cpp
C3DAnimFileTimingEventChunk	0x14	float	Time	4	float	Time	4	AGREE	C3DAnimFileTimingEventChunk_WriteToFile_00aae220.cpp
C3DAnimFileXAllocationSizeChunk	0x10	unsigned long	AllocSize	4	unsigned long	AllocSize	4	AGREE	C3DAnimFileXAllocationSizeChunk_WriteToFile_00aa4500.cpp
C3DAnimation2	0x30	unsigned char	_pad_0x30	4	Sub*	sub	4	RETAIL_ONLY	global_Sizeof_00a4c1c0.cpp
C3DAnimation2	0x30	unsigned char	_pad_0x30	4	long	sub	4	RETAIL_ONLY	previous header
C3DAnimation2	0x40	long	MemoryHandle	4	Held*	held	4	AGREE_KIND_SOFT	C3DAnimation2_HasRotation_00a4c1a0.cpp
C3DAnimationInfo	0x10	float	Duration	4	float	Duration	4	AGREE	C3DAnimationInfo_Sizeof_00a265b0.cpp
C3DAnimationInfo	0x14	float	NonLoopingDuration	4	float	NonLoopingDuration	4	AGREE	C3DAnimationInfo_Sizeof_00a265b0.cpp
C3DAnimationInfo	0xc	CIVCountedPointeeBase*	Data_Object	4	CAnimationData*	Data	4	AGREE	C3DAnimationInfo_Sizeof_00a265b0.cpp
C3DAnimationTransitionState	0x10	float	Progress	4	float	f10	4	AGREE	C3DAnimationTransitionState_FindDominantAnimation_00710540.cpp
C3DAnimationTransitionState	0x8	CIVCountedPointeeBase*	StartState_Object	4	IAnim*	a8	4	AGREE	C3DAnimationTransitionState_FindDominantAnimation_00710540.cpp
C3DAnimationTransitionState	0xc	CIVCountedPointeeBase*	EndState_Object	4	IAnim*	ac	4	AGREE	C3DAnimationTransitionState_FindDominantAnimation_00710540.cpp
C3DMesh2	0x0	void*	__vftable	4	char	m_leading	229	CONFLICT	C3DMesh2_CanRelocateData_00a8ca00.cpp
C3DMesh2	0xe5	CMatrix3x4	InverseTransform	48	bool	m_bRelocationBlocked	1	CONTAINED	C3DMesh2_CanRelocateData_00a8ca00.cpp
C3DMeshFileEngineMaterialChunk	0x0	void*	__vftable	4	char*	m_data	4	AGREE	C3DMeshFileEngineMaterialChunk_GetChunkDescriptionC3DMeshFileEngineMaterialChun_00ac6270.cpp
C3DMeshFileMaterialExtChunk	0x10	unsigned long	SelfIllumination	4	unsigned long	SelfIllumination	4	AGREE	C3DMeshFileMaterialExtChunk_WriteToFile_00abfde0.cpp
C3DMeshFilePartitionChunk	0x10	C3DMeshPartitionElement*	PartitionTree_Data	4	Sub*	f10	4	AGREE	C3DMeshFilePartitionChun_WriteToFile_00ac2920.cpp
C3DMeshFileVerticesChunk	0x0	void*	__vftable	4	char*	Data	4	AGREE	C3DMeshFileVerticesChunk_GetChunkDescriptionC3DMeshFileVerticesChunkUBEBV_00abec70.cpp
C3DMeshFileXMappingInfoChunk	0x10	float	AverageTextureStretch	4	float	AverageTextureStretch	4	AGREE	C3DMeshFileXMappingInfoChunk_WriteToFile_00aa4c00.cpp
C3DMeshFileXTextureIndexChunk	0x10	unsigned long	Index	4	void*	f10	4	AGREE_KIND_SOFT	C3DMeshFileXTextureIndex_WriteToFile_00aa4af0.cpp
C3DMeshFileXVertexDataChunk	0x0	void*	__vftable	4	char*	Data	4	AGREE	C3DMeshFileXVertexDataChunk_GetChunkDescriptionC3DMeshFileXVertexDataChunkUB_00aa7230.cpp
C3DMeshInfo	0x3c	long	PhysicsMeshIndex	4	int	idx	4	AGREE	C3DMeshInfo_PeekPhysicsMesh_00a24a70.cpp
C3DMeshInfo	0x4	unsigned char	_pad_0x04	4	A*	f4	4	RETAIL_ONLY	C3DMeshInfo_PeekPhysicsMesh_00a24a70.cpp
C3DMeshInfo	0x4	unsigned char	_pad_0x04	4	long	f4	4	RETAIL_ONLY	previous header
C3DMeshLODInfo	0x0	void*	__vftable	4	char	m_leading	36	CONFLICT	C3DMeshLODInfo_IsResourceLoaded_00a23de0.cpp
C3DMeshLODInfo	0x24	CBankFileAsyncData*	FileData_Data	4	CBankFileAsyncData*	m_pAsyncData	4	AGREE	C3DMeshLODInfo_IsResourceLoaded_00a23de0.cpp
CAIBrain	0x28	CVectorMap<long,CAIStateGroupBase_*,CKeyPairCompareGreater<long,CAIStateGroupBase_*>_>	StateGroupList	20	CAIStateGroupEntry*	StateGroupListBegin	4	CONTAINED	CAIBrain_SetAllStateGroupsEnabled_0088b8c0.cpp
CAIBrain	0x2c	CVectorMap<long,CAIStateGroupBase_*,CKeyPairCompareGreater<long,CAIStateGroupBase_*>_>	StateGroupList	20	CAIStateGroupEntry*	StateGroupListEnd	4	CONTAINED	CAIBrain_SetAllStateGroupsEnabled_0088b8c0.cpp
CAIStateGroupBase	0x4	CAIBrain*	PBrain	4	CHolder*	holder	4	AGREE	CAIStateGroupBase_PeekWorldMap_008fcff0.cpp
CAIStateGroupBase	0x4	CAIBrain*	PBrain	4	Inner*	p	4	AGREE	CAIStateGroupBase_GetPWorldSeed_008fcfd0.cpp
CAIStateGroup_ApprenticeHero	0x14	long	NextFramePractice	4	int	f14	4	AGREE	CAIStateGroupApprenticeHero_InitStateGroup_00929e80.cpp
CAIStateGroup_ApprenticeHero	0x18	CThingGameObject*	PDummy	4	int	f18	4	AGREE_KIND_SOFT	CAIStateGroupApprenticeHero_InitStateGroup_00929e80.cpp
CAIStateGroup_ApprenticeHero	0x20	CThingAICreature*	PracticeOpponent	4	int	f20	4	AGREE_KIND_SOFT	CAIStateGroupApprenticeHero_InitStateGroup_00929e80.cpp
CAIStateGroup_ApprenticeHero	0x2d	bool	Critical	1	unsigned char	b2d	1	AGREE	CAIStateGroupApprenticeHero_InitStateGroup_00929e80.cpp
CAIStateGroup_BalverineCornered	0x24	unsigned long	TimeOfLastJump	4	unsigned long	f	4	AGREE	CAIStateGroupBalverineCornered_InitStateGroup_0094f080.cpp
CAIStateGroup_BalverineJumpAtFleeingEnemy	0x1c	long	WaitUntilWorldFrameForNextAttempt	4	unsigned long	f	4	AGREE	CAIStateGroupBalverineJumpAtFleeingEnemy_InitStateGroup_0094f170.cpp
CAIStateGroup_BanditGossip	0x24	bool	WasCarryingWeapon	1	char	flag	1	AGREE	CAIStateGroupBanditGossip_OnReplaceCAIStateGroupBanditGossipMAEXXZ_0090e590.cpp
CAIStateGroup_BanditGossip	0x4	unsigned char	_pad_0x04	4	long	owner	4	RETAIL_ONLY	previous header
CAIStateGroup_BanditGossip	0x4	unsigned char	_pad_0x04	4	void**	owner	4	RETAIL_ONLY	CAIStateGroupBanditGossip_OnReplaceCAIStateGroupBanditGossipMAEXXZ_0090e590.cpp
CAIStateGroup_BanditKingLunge	0x1c	long	TimeOfLastLunge	4	long	TimeOfLastLunge	4	AGREE	CAIStateGroupBanditKingLunge_BanditKingLungeInitialise_009612e0.cpp
CAIStateGroup_BirdGroundWander	0x14	unsigned long	FrameLastFinishedWalking	4	int	f14	4	AGREE	CAIStateGroupBirdGround_Cleanup_009143c0.cpp
CAIStateGroup_BuyFromSeller	0x14	long	FrameLastBought	4	int	field14	4	AGREE	CAIStateGroupBuyFromSeller_ShouldBuyFromSeller_00919a10.cpp
CAIStateGroup_Clean	0x14	bool	Cleaning	1	unsigned char	b14	1	AGREE	CAIStateGroupClean_InitStateGroup_009174d0.cpp
CAIStateGroup_Clean	0x15	bool	KneelingIntoCleaning	1	unsigned char	b15	1	AGREE	CAIStateGroupClean_InitStateGroup_009174d0.cpp
CAIStateGroup_Clean	0x20	float	GroundFloorZPos	4	int	f20	4	CONFLICT	CAIStateGroupClean_InitStateGroup_009174d0.cpp
CAIStateGroup_Clean	0x24	bool	Initialised	1	unsigned char	b24	1	AGREE	CAIStateGroupClean_InitStateGroup_009174d0.cpp
CAIStateGroup_CleanHouse	0x4	unsigned char	_base_0x04	36	P*	f4	4	RETAIL_ONLY	CAIStateGroupCleanHouse_GetBuilding_00917ad0.cpp
CAIStateGroup_CleanHouse	0x4	unsigned char	_base_0x04	36	long	f4	4	RETAIL_ONLY	previous header
CAIStateGroup_CreatureRangedCombat2	0x1c	bool	AddedStrafe	1	unsigned char	m_flag	1	AGREE	CAIStateGroupCreatureRangedCombat2_InitStateGroup_0091e970.cpp
CAIStateGroup_CreatureUseCoverBase	0x1e	bool	TimingCritical	1	char	flag1e	1	AGREE	CAIStateGroupCreatureUseCoverBase_CreatureUseCoverBaseInit_00970600.cpp
CAIStateGroup_CreatureUseCoverBase	0x34	vector<CIntelligentPointer<CThing>,std::allocator<CIntelligentPointer<CThing>_>_>	CoverList	16	char	flag34	1	CONTAINED	CAIStateGroupCreatureUseCoverBase_CreatureUseCoverBaseInit_00970600.cpp
CAIStateGroup_CreatureUseCoverBase	0x38	bool	FailedToFindCover	1	unsigned long	value38	4	CONFLICT	CAIStateGroupCreatureUseCoverBase_CreatureUseCoverBaseInit_00970600.cpp
CAIStateGroup_Drunk	0x14	long	FrameToNextTalkToSelf	4	unsigned long	f	4	AGREE	CAIStateGroupDrunk_InitStateGroup_00922530.cpp
CAIStateGroup_EatAtHome	0x4	unsigned char	_base_0x04	72	P*	f4	4	RETAIL_ONLY	CAIStateGroupEatAtHome_GetBuilding_0096cb20.cpp
CAIStateGroup_EatAtHome	0x4	unsigned char	_base_0x04	72	long	f4	4	RETAIL_ONLY	previous header
CAIStateGroup_EatAtTable	0x48	float	Duration	4	unsigned long	f	4	CONFLICT	CAIStateGroupEatAtTable_InitStateGroup_0096c870.cpp
CAIStateGroup_FollowPlayer	0x18	CIntelligentPointer<CThingPlayerCreature>	Player	8	float	f1c	4	CONTAINED	CAIStateGroupFollowPlayer_OnActivateCAIStateGroupFollowPlayerUAEXXZ_0094ef70.cpp
CAIStateGroup_GameMaster	0x0	void*	__vftable	4	char	p	4	AGREE_KIND_SOFT	CAIStateGroupGameMaster_OnActivate_0094c7b0.cpp
CAIStateGroup_GameMaster	0x4	unsigned char	_pad_0x04	4	A*	f4	4	RETAIL_ONLY	CAIStateGroupGameMaster_OnActivate_0094c7b0.cpp
CAIStateGroup_GameMaster	0x8	unsigned char	_pad_0x08	4	char	pac	164	CONFLICT	CAIStateGroupGameMaster_OnActivate_0094c7b0.cpp
CAIStateGroup_GameMaster	0xac	bool	WasAllowedToFollowPlayer	1	unsigned char	fac	1	AGREE	CAIStateGroupGameMaster_OnActivate_0094c7b0.cpp
CAIStateGroup_GazeAtHome	0x4	unsigned char	_base_0x04	44	P*	f4	4	RETAIL_ONLY	CAIStateGroupGazeAtHome_GetOwner_00919000.cpp
CAIStateGroup_GazeAtHome	0x4	unsigned char	_base_0x04	44	long	f4	4	RETAIL_ONLY	previous header
CAIStateGroup_GazeAtWork	0x4	unsigned char	_base_0x04	44	P*	f4	4	RETAIL_ONLY	CAIStateGroupGazeAtWork_GetOwner_00919020.cpp
CAIStateGroup_GazeAtWork	0x4	unsigned char	_base_0x04	44	long	f4	4	RETAIL_ONLY	previous header
CAIStateGroup_HoverHornetQueen	0x60	vector<CIntelligentPointer<CThing>,std::allocator<CIntelligentPointer<CThing>_>_>	CircleMarkers	16	unsigned char	f	1	CONTAINED	CAIStateGroupHoverHornetQueen_IsTimingCritical_0090313b.cpp
CAIStateGroup_HoverHornetQueenTakeDamage	0x20	long	RangeAttackCount	4	unsigned long	f	4	AGREE	CAIStateGroupHoverHornetQueenTakeDamage_OnReplace_0095a3b0.cpp
CAIStateGroup_JackDragon	0x4c	long	FrameOfLastSlam	4	int	timerA	4	AGREE	CAIStateGroupJackDragon_ResetTimers_0094f9e0.cpp
CAIStateGroup_JackDragon	0x50	long	FrameWhenLastInRange	4	int	timerB	4	AGREE	CAIStateGroupJackDragon_ResetTimers_0094f9e0.cpp
CAIStateGroup_JackDragon	0x58	long	FramesInSnapRange	4	int	flag	4	AGREE	CAIStateGroupJackDragon_ResetTimers_0094f9e0.cpp
CAIStateGroup_KidHurtSelfRunToMother	0x14	bool	AddedSadMode	1	unsigned char	f	1	AGREE	CAIStateGroupKidHurtSelfRunToMother_OnActivate_00914ef0.cpp
CAIStateGroup_KidWatchHopscotch	0x0	void*	__vftable	4	char	p	48	CONFLICT	CAIStateGroupKidWatchHopscotch_OnActivateCAIStateGroupKidWatchHopscotchMAEXXZ_00940bd0.cpp
CAIStateGroup_KidWatchHopscotch	0x30	long	StartFrame	4	int	f30	4	AGREE	CAIStateGroupKidWatchHopscotch_OnActivateCAIStateGroupKidWatchHopscotchMAEXXZ_00940bd0.cpp
CAIStateGroup_KidWatchHopscotch	0x34	long	FramesPerMin	4	char	p2	8	CONFLICT	CAIStateGroupKidWatchHopscotch_OnActivateCAIStateGroupKidWatchHopscotchMAEXXZ_00940bd0.cpp
CAIStateGroup_KidWatchHopscotch	0x3c	long	ActivationCount	4	int	f3c	4	AGREE	CAIStateGroupKidWatchHopscotch_OnActivateCAIStateGroupKidWatchHopscotchMAEXXZ_00940bd0.cpp
CAIStateGroup_LightHomeCandle	0x4	unsigned char	_pad_0x04	4	P*	f4	4	RETAIL_ONLY	CAIStateGroupLightHomeCandle_GetBuilding_00946650.cpp
CAIStateGroup_LightHomeCandle	0x4	unsigned char	_pad_0x04	4	long	f4	4	RETAIL_ONLY	previous header
CAIStateGroup_LightWorkCandle	0x4	unsigned char	_base_0x04	24	P*	f4	4	RETAIL_ONLY	CAIStateGroupLightWorkCandle_GetBuilding_00946670.cpp
CAIStateGroup_LightWorkCandle	0x4	unsigned char	_base_0x04	24	long	f4	4	RETAIL_ONLY	previous header
CAIStateGroup_MazeBase	0x0	void*	__vftable	4	char	p	20	CONFLICT	CAIStateGroupMazeBase_HasEnemyBeenKnockedDown_00954130.cpp
CAIStateGroup_MazeBase	0x14	CIntelligentPointer<CThing>	PTargetThing	8	char	s14	1	CONTAINED	CAIStateGroupMazeBase_HasEnemyBeenKnockedDown_00954130.cpp
CAIStateGroup_MinionBehaviourPodiumEmoteNeutral	0x44	float	TriggerTime	4	unsigned long	f	4	CONFLICT	CAIStateGroupMinionBehaviourPodiumEmoteNeutral_InitLeaf_0096f490.cpp
CAIStateGroup_MinionBehaviourSad	0x0	void*	__vftable	4	char	p24	36	CONFLICT	CAIStateGroupMinionBehaviourSad_CleanupLeafCAIStateGroupMinionBehaviourSadUAEXXZ_0096f030.cpp
CAIStateGroup_MinionBehaviourSad	0x24	unsigned char	_pad_0x24	4	Sub*	f24	4	RETAIL_ONLY	CAIStateGroupMinionBehaviourSad_CleanupLeafCAIStateGroupMinionBehaviourSadUAEXXZ_0096f030.cpp
CAIStateGroup_MinionBehaviourSad	0x28	unsigned char	_pad_0x28	4	char	p28	20	CONFLICT	CAIStateGroupMinionBehaviourSad_CleanupLeafCAIStateGroupMinionBehaviourSadUAEXXZ_0096f030.cpp
CAIStateGroup_MinionBehaviourSad	0x3c	bool	Mourning	1	bool	m_ran	1	AGREE	CAIStateGroupMinionBehaviourSad_IsRunnableLeafCAIStateGroupMinionBehaviourSadUAE_0096f240.cpp
CAIStateGroup_MinionBehaviourSad	0x3c	bool	Mourning	1	char	f3c	1	AGREE	CAIStateGroupMinionBehaviourSad_CleanupLeafCAIStateGroupMinionBehaviourSadUAEXXZ_0096f030.cpp
CAIStateGroup_MinionGossip	0x18	bool	Critical	1	char	field	1	AGREE	CAIStateGroupMinionGossip_IsTimingCritical_008fd3dc.cpp
CAIStateGroup_MinionGuardReactToBribe	0x1c	long	FrameLastReactedToReceiveing	4	unsigned long	f	4	AGREE	CAIStateGroupMinionGuardReactToBribe_InitStateGroup_00933300.cpp
CAIStateGroup_MinionGuardReactToCriminal	0x14	CIntelligentPointer<CThingPlayerCreature>	PHero	8	char	sub	4	CONTAINED	CAIStateGroupMinionGuardReactToCriminal_IsStillValid_00932980.cpp
CAIStateGroup_MinionKidGroupTag	0x18	CTCCreatureGroupTag*	PTCGroupTag	4	Inner*	inner	4	AGREE	CAIStateGroupMinionKidGroupTag_IsStillValid_00934100.cpp
CAIStateGroup_MinionReactToCrime	0x14	long	OpinionDeedHandle	4	int	f14	4	AGREE	CAIStateGroupMinionReactToCrime_InitStateGroup_00958760.cpp
CAIStateGroup_MinionReactToCrime	0x18	bool	GuardTold	1	unsigned char	b18	1	AGREE	CAIStateGroupMinionReactToCrime_InitStateGroup_00958760.cpp
CAIStateGroup_MinionReactToCrime	0x19	bool	AllowDuplicateReactToCrime	1	unsigned char	b19	1	AGREE	CAIStateGroupMinionReactToCrime_InitStateGroup_00958760.cpp
CAIStateGroup_MinionReactToCriminal	0x24	long	FrameLastLeftStategroup	4	unsigned long	f24	4	AGREE	CAIStateGroupMinionReactToCriminal_InitStateGroup_00930d70.cpp
CAIStateGroup_MinionReactToCriminal	0x2c	bool	OverrodeLocking	1	unsigned char	f2c	1	AGREE	CAIStateGroupMinionReactToCriminal_InitStateGroup_00930d70.cpp
CAIStateGroup_MinionReactToCriminal	0x2d	bool	HeroInsideHouse	1	unsigned char	f2d	1	AGREE	CAIStateGroupMinionReactToCriminal_InitStateGroup_00930d70.cpp
CAIStateGroup_MinionReactToCriminal	0x2e	bool	MeInsideHouse	1	unsigned char	f2e	1	AGREE	CAIStateGroupMinionReactToCriminal_InitStateGroup_00930d70.cpp
CAIStateGroup_MinionReactToNoise	0x20	bool	InvestigatingNoise	1	unsigned char	m_f20	1	AGREE	CAIStateGroupMinionReactToNoise_Initialise_0091cc90.cpp
CAIStateGroup_MinionReactToNoise	0x21	bool	FoundNoiseMaker	1	unsigned char	m_f21	1	AGREE	CAIStateGroupMinionReactToNoise_Initialise_0091cc90.cpp
CAIStateGroup_MinionReactToNoise	0x24	long	FrameOfLastInteraction	4	long	m_f24	4	AGREE	CAIStateGroupMinionReactToNoise_Initialise_0091cc90.cpp
CAIStateGroup_MinionReactToPlayerInteraction	0x14	unsigned long[5]	NextReactionFrame	20	unsigned int	m_14	4	CONTAINED	CAIStateGroupMinionReactToPlayerInteraction_InitStateGroup_0092eca0.cpp
CAIStateGroup_MinionReactToPlayerInteraction	0x18	unsigned long[5]	NextReactionFrame	20	unsigned int	m_18	4	CONTAINED	CAIStateGroupMinionReactToPlayerInteraction_InitStateGroup_0092eca0.cpp
CAIStateGroup_MinionReactToPlayerInteraction	0x1c	unsigned long[5]	NextReactionFrame	20	unsigned int	m_1c	4	CONTAINED	CAIStateGroupMinionReactToPlayerInteraction_InitStateGroup_0092eca0.cpp
CAIStateGroup_MinionReactToPlayerInteraction	0x20	unsigned long[5]	NextReactionFrame	20	unsigned int	m_20	4	CONTAINED	CAIStateGroupMinionReactToPlayerInteraction_InitStateGroup_0092eca0.cpp
CAIStateGroup_MinionReactToPlayerInteraction	0x24	unsigned long[5]	NextReactionFrame	20	unsigned int	m_24	4	CONTAINED	CAIStateGroupMinionReactToPlayerInteraction_InitStateGroup_0092eca0.cpp
CAIStateGroup_MinionReactToPlayerInteraction	0x28	EInteractionReactionType	ReactionType	4	unsigned int	m_28	4	CONTAINED	CAIStateGroupMinionReactToPlayerInteraction_InitStateGroup_0092eca0.cpp
CAIStateGroup_MinionReactToPlayerInteraction	0x2c	bool	WaitingForConfirmation	1	unsigned char	m_2c	1	AGREE	CAIStateGroupMinionReactToPlayerInteraction_InitStateGroup_0092eca0.cpp
CAIStateGroup_MinionReactToPlayerInteraction	0x2d	bool	DidTraderInteraction	1	unsigned char	m_2d	1	AGREE	CAIStateGroupMinionReactToPlayerInteraction_InitStateGroup_0092eca0.cpp
CAIStateGroup_MinionSitAtHome	0x0	void*	__vftable	4	char	p	60	CONFLICT	CAIStateGroupMinionSitAtHome_IsStateGroupStillValidCAIStateGroupMinionSitAtHo_00938ed0.cpp
CAIStateGroup_MinionSitAtHome	0x3c	long	FrameToStopSitting	4	int	f3c	4	AGREE	CAIStateGroupMinionSitAtHome_IsStateGroupStillValidCAIStateGroupMinionSitAtHo_00938ed0.cpp
CAIStateGroup_MinionWander	0x0	void*	__vftable	4	char	p	4	AGREE_KIND_SOFT	CAIStateGroupMinionWander_IsRunnable_0092bf30.cpp
CAIStateGroup_MinionWander	0x4	unsigned char	_base_0x04	16	B*	f4	4	RETAIL_ONLY	CAIStateGroupMinionWander_IsRunnable_0092bf30.cpp
CAIStateGroup_MinionWander	0x4	unsigned char	_base_0x04	16	long	f4	4	RETAIL_ONLY	previous header
CAIStateGroup_MoveGoodsBase	0x14	bool	DroppingGoods	1	unsigned char	f	1	AGREE	CAIStateGroupMoveGoodsBase_OnActivate_00915880.cpp
CAIStateGroup_OpinionReactionRoot	0x18	EOpinionReactionType	CurrentReactionType	4	int	field_18	4	CONTAINED	CAIStateGroupOpinionReactionRoot_InitStateGroup_0095ed60.cpp
CAIStateGroup_OpinionReactionRoot	0x18	EOpinionReactionType	CurrentReactionType	4	unsigned long	f18	4	CONTAINED	CAIStateGroupOpinionReactionRoot_GetDebugText_0095ede0.cpp
CAIStateGroup_OpinionReactionRoot	0x1c	bool[79]	ReactionFlags	79	unsigned char	states	79	AGREE	CAIStateGroupOpinionReactionRoot_InitStateGroup_0095ed60.cpp
CAIStateGroup_ServeFood	0x0	void*	__vftable	4	char	a	20	CONFLICT	CAIStateGroupServeFood_InitStateGroup_00922fa0.cpp
CAIStateGroup_ServeFood	0x14	long	CarriedFoodItems	4	int	f14	4	AGREE	CAIStateGroupServeFood_InitStateGroup_00922fa0.cpp
CAIStateGroup_ServeFood	0x18	CThing*	Table	4	char	b	4	AGREE_KIND_SOFT	CAIStateGroupServeFood_InitStateGroup_00922fa0.cpp
CAIStateGroup_ServeFood	0x1c	long	Seat	4	int	f1c	4	AGREE	CAIStateGroupServeFood_InitStateGroup_00922fa0.cpp
CAIStateGroup_ServeFood	0x20	float	ServePos_X	4	char	c	36	CONFLICT	CAIStateGroupServeFood_InitStateGroup_00922fa0.cpp
CAIStateGroup_ServeFood	0x44	long	ServeActionPoint	4	int	f44	4	AGREE	CAIStateGroupServeFood_InitStateGroup_00922fa0.cpp
CAIStateGroup_ServeFoodAtHome	0x4	unsigned char	_base_0x04	72	CStateGroupOwner*	m_pOwner	4	RETAIL_ONLY	CAIStateGroupServeFoodAtHome_GetBuilding_00902ca7.cpp
CAIStateGroup_ServeFoodAtHome	0x4	unsigned char	_base_0x04	72	CStateGroupOwner*	m_pOwner	4	RETAIL_ONLY	previous header
CAIStateGroup_ServeFoodAtTavern	0x4	unsigned char	_base_0x04	72	CStateGroupOwner*	m_pOwner	4	RETAIL_ONLY	CAIStateGroupServeFoodAtTavern_GetBuilding_00902cdc.cpp
CAIStateGroup_ServeFoodAtTavern	0x4	unsigned char	_base_0x04	72	CStateGroupOwner*	m_pOwner	4	RETAIL_ONLY	previous header
CAIStateGroup_StandStill	0x0	void*	__vftable	4	int	x	4	AGREE_KIND_SOFT	CAIStateGroupStandStill_Update_0091bcf0.cpp
CAIStateGroup_TavernServer	0x34	CIntelligentPointer<CThingBuilding>	PPub	8	Sub	sub	4	CONTAINED	CAIStateGroupTavernServer_WanderWithinTavern_00966ad0.cpp
CAIStateGroup_WifeGiveYouGift	0x14	long	FrameToSpeakNext	4	int	f14	4	AGREE	CAIStateGroupWifeGiveYouGift_InitStateGroup_00925f80.cpp
CAIStateGroup_WifeGiveYouGift	0x18	long	GiftToGiveDef	4	int	f18	4	AGREE	CAIStateGroupWifeGiveYouGift_InitStateGroup_00925f80.cpp
CAIStateGroup_WifeGiveYouGift	0x1c	bool	DeliveredGiveSpeech	1	unsigned char	b1c	1	AGREE	CAIStateGroupWifeGiveYouGift_InitStateGroup_00925f80.cpp
CAIStateGroup_WorkHammerAnvil	0x14	bool	TookActionPoint	1	unsigned char	b14	1	AGREE	CAIStateGroupWorkHammerAnvil_InitStateGroup_00944cd0.cpp
CAIStateGroup_WorkHammerAnvil	0x44	long	ActionPointIndex	4	int	f44	4	AGREE	CAIStateGroupWorkHammerAnvil_InitStateGroup_00944cd0.cpp
CAIStateGroup_WorkHammerAnvil	0x48	long	NextFrameHammer	4	int	f48	4	AGREE	CAIStateGroupWorkHammerAnvil_InitStateGroup_00944cd0.cpp
CAIStateGroup_WorkSawingWood	0x14	bool	TookActionPoint	1	unsigned char	f14	1	AGREE	CAIStateGroupWorkSawingWood_InitStateGroup_009445b0.cpp
CAIStateGroup_WorkSawingWood	0x44	long	ActionPointIndex	4	unsigned long	f44	4	AGREE	CAIStateGroupWorkSawingWood_InitStateGroup_009445b0.cpp
CAInputProcess	0x0	void*	__vftable	4	int	x	4	AGREE_KIND_SOFT	CAInputProcess_IsInputEventToBeSentToThisInputProcess_00a0d400.cpp
CASuspendableProcess	0x4	bool	Running	1	unsigned char	active	1	AGREE	CASuspendableProcess_TerminateProcess_00a4b200.cpp
CASuspendableProcess	0x5	bool	StopRunning	1	unsigned char	terminateRequested	1	AGREE	CASuspendableProcess_TerminateProcess_00a4b200.cpp
CAbilityButtonGuiDef	size			96	sizeof	GetSizeofClass	92	SIZE_CONFLICT	GetSizeofClass
CAbilityDef	0x0	void*	__vftable	4	unsigned char	_tail	44	CONFLICT	CAbilityDef_Copy_004540d3.cpp
CAbilityTrackDef	size			88	sizeof	GetSizeofClass	80	SIZE_CONFLICT	GetSizeofClass
CAbilityTrackLevelDef	0x3c	unsigned char	_pad_0x3c	4	int	fieldA	4	RETAIL_ONLY	CAbilityTrackLevelDef_TransferCAbilityTrackLevelDefUAEXAAVCPersistCont_00478827.cpp
CAbilityTrackLevelDef	0x40	long	ExperienceCost	4	int	fieldB	4	AGREE	CAbilityTrackLevelDef_TransferCAbilityTrackLevelDefUAEXAAVCPersistCont_00478827.cpp
CAbilityTrackLevelDef	0x44	EHeroAbility	AbilityUnlocked	4	int	fieldC	4	CONTAINED	CAbilityTrackLevelDef_TransferCAbilityTrackLevelDefUAEXAAVCPersistCont_00478827.cpp
CAbilityTrackLevelDef	size			76	sizeof	GetSizeofClass	72	SIZE_CONFLICT	GetSizeofClass
CAnimComponentCombatComboChain	0x4	unsigned char	_pad_0x04	4	long	f4	4	RETAIL_ONLY	previous header
CAnimComponentCombatComboChain	0x4	unsigned char	_pad_0x04	4	void*	f4	4	RETAIL_ONLY	CAnimComponentCombatComboChain_CloneCAnimComponentCombatComboChainUBEPAVCAnimCo_005db2c0.cpp
CAnimComponentCombatComboChain	0x8	long	ComboStage	4	long	ComboStage	4	AGREE	CAnimComponentCombatComboChain_TransferBinaryOut_005db2e0.cpp
CAnimComponentCombatComboChain	0x8	long	ComboStage	4	void*	f8	4	AGREE_KIND_SOFT	CAnimComponentCombatComboChain_CloneCAnimComponentCombatComboChainUBEPAVCAnimCo_005db2c0.cpp
CAnimComponentCombatComboChain	0xc	long	ComboID	4	long	ComboID	4	AGREE	CAnimComponentCombatComboChain_TransferBinaryOut_005db2e0.cpp
CAnimComponentCombatComboChain	0xc	long	ComboID	4	void*	fc	4	AGREE_KIND_SOFT	CAnimComponentCombatComboChain_CloneCAnimComponentCombatComboChainUBEPAVCAnimCo_005db2c0.cpp
CAnimComponentCombatFlourishTargetOffset	0x8	bool	TargetOffset	1	bool	TargetOffset	1	AGREE	CAnimComponentCombatFlourishTargetOffset_TransferBinaryOut_005db3d0.cpp
CAnimComponentCombatFlourishTargetOffset	0x9	float	TargetOffsetVector_X	4	C2DVector	TargetOffsetVector	4	CONFLICT	CAnimComponentCombatFlourishTargetOffset_TransferBinaryOut_005db3d0.cpp
CAnimComponentCombatHandedness	0x4	unsigned char	_pad_0x04	4	long	f4	4	RETAIL_ONLY	previous header
CAnimComponentCombatHandedness	0x8	ECombatAnimationHandedness	StartHandedness	4	ECombatAnimationHandedness	StartHandedness	4	CONTAINED	CAnimComponentCombatHandedness_TransferBinaryOut_005db280.cpp
CAnimComponentCombatHandedness	0x8	ECombatAnimationHandedness	StartHandedness	4	int	f8	4	CONTAINED	CWADFile_SetDefaultValue_005db250.cpp
CAnimComponentCombatHandedness	0xc	ECombatAnimationHandedness	EndHandedness	4	ECombatAnimationHandedness	EndHandedness	4	CONTAINED	CAnimComponentCombatHandedness_TransferBinaryOut_005db280.cpp
CAnimComponentCombatHandedness	0xc	ECombatAnimationHandedness	EndHandedness	4	int	fC	4	CONTAINED	CWADFile_SetDefaultValue_005db250.cpp
CAnimComponentCombatMisc	0x8	bool	MeleeFlourish	1	char	b8	1	AGREE	CAnimComponentCombatMisc_CloneCAnimComponentCombatMiscUBEPAVCAnimComponen_005db350.cpp
CAnimComponentCombatMisc	0x9	bool	MeleeKnockdown	1	char	b9	1	AGREE	CAnimComponentCombatMisc_CloneCAnimComponentCombatMiscUBEPAVCAnimComponen_005db350.cpp
CAnimComponentCombatRecoil	0x8	long	RecoilAnimIndex	4	void*	f8	4	AGREE_KIND_SOFT	CAnimComponentCombatRecoil_TransferBinaryOut_005db330.cpp
CAnimComponentDelayTime	0x8	long	Delay	4	void*	f8	4	AGREE_KIND_SOFT	CAnimComponentDelayTime_TransferBinaryOut_005db240.cpp
CAnimComponentFlags	0x8	long	Flags	4	void*	f8	4	AGREE_KIND_SOFT	CAnimComponentFlags_TransferBinaryOut_005db1e0.cpp
CAnimComponentFollowingOnAnim	0x8	long	NextAnimName_TablePos	4	InnerAlloc	inner	4	AGREE	CAnimComponentFollowingOnAnim_TransferBinaryIn_005dbe30.cpp
CAnimComponentFollowingOnAnim	0x8	long	NextAnimName_TablePos	4	void*	f8	4	AGREE_KIND_SOFT	CAnimComponentFollowingOnAnim_TransferBinaryOut_005db520.cpp
CAnimComponentFollowingOnAnimFilter	0x8	long	NextFilter_TablePos	4	void*	f8	4	AGREE_KIND_SOFT	CAnimComponentFollowingOnAnimFilter_TransferBinaryOut_005db590.cpp
CAnimComponentSetCreatureMode	0x8	EMode	Mode	4	unsigned long	f	4	CONTAINED	SetDefaultValue_SetDefaultValueCAnimComponentSetCreatureModeUAEX_005db420.cpp
CAnimComponentSetCreatureMode	0x8	EMode	Mode	4	void*	f8	4	CONTAINED	CAnimComponentSetCreatureMode_TransferBinaryOut_005db440.cpp
CAnimComponentStrikeSpeedMultiplier	0x4	unsigned char	_pad_0x04	4	ULONG	field4	4	RETAIL_ONLY	CAnimComponentStrikeSpeedMultiplier_Alloc_005df8e0.cpp
CAnimComponentStrikeSpeedMultiplier	0x8	float	AnimationSpeedMultiplier	4	ULONG	field8	4	CONFLICT	CAnimComponentStrikeSpeedMultiplier_Alloc_005df8e0.cpp
CAnimComponentStrikeSpeedMultiplier	0x8	float	AnimationSpeedMultiplier	4	unsigned long	f	4	CONFLICT	SetDefaultValue_SetDefaultValueCAnimComponentStrikeSpeedMultipli_005db410.cpp
CAnimComponentStrikeSpeedMultiplier	0x8	float	AnimationSpeedMultiplier	4	void*	f8	4	CONFLICT	CAnimComponentStrikeSpeedMultiplier_Clone_005db470.cpp
CAnimComponentStrikeSpeedMultiplier	0x8	float	AnimationSpeedMultiplier	4	void*	f8	4	CONFLICT	CAnimComponentStrikeSpeedMultiplier_TransferBinaryOut_005db480.cpp
CAnimComponentTransitionInTime	0x8	long	TransitionInTime	4	void*	f8	4	AGREE_KIND_SOFT	CAnimComponentTransitionInTime_TransferBinaryOut_005db210.cpp
CAnimSet	0x0	EAnimUpdateMode	UpdateMode	4	unsigned char	EarlierState	44	CONFLICT	CAnimSet_SetAsFinished_00668a50.cpp
CAnimSet	0x2c	float	Speed	4	float	Speed	4	AGREE	CAnimSet_SetAsFinished_00668a50.cpp
CAnimSet	0x30	unsigned long	FrameInternalAlphasUpdated	4	unsigned char	MiddleState	8	CONFLICT	CAnimSet_SetAsFinished_00668a50.cpp
CAnimSet	0x38	float	LastAlpha	4	float	LastAlpha	4	AGREE	CAnimSet_SetAsFinished_00668a50.cpp
CAnimSet	0x3c	float	LastUpdateChange	4	unsigned char	LaterState	21	CONFLICT	CAnimSet_SetAsFinished_00668a50.cpp
CAnimSet	0x51	long	AnimDelay	4	unsigned char	StateFlags	1	CONFLICT	CAnimSet_SetAsFinished_00668a50.cpp
CAnimatingObjectDef	0x28	CAnimationSet	Animation	36	SubObject	sub	4	CONTAINED	CAnimatingObjectDef_Transfer_004ed459.cpp
CAnimatingObjectDef	size			76	sizeof	GetSizeofClass	72	SIZE_CONFLICT	GetSizeofClass
CAppearanceDef	size			124	sizeof	GetSizeofClass	120	SIZE_CONFLICT	GetSizeofClass
CAppearanceModifierDef	size			120	sizeof	GetSizeofClass	112	SIZE_CONFLICT	GetSizeofClass
CAppearanceModifierScalingDef	0x3c	unsigned char	_pad_0x3c	4	int	fieldA	4	RETAIL_ONLY	CAppearanceModifierScalingDef_TransferCAppearanceModifierScalingDefUAEXAAVCPer_004784e4.cpp
CAppearanceModifierScalingDef	0x40	float	Attractiveness	4	int	fieldB	4	CONFLICT	CAppearanceModifierScalingDef_TransferCAppearanceModifierScalingDefUAEXAAVCPer_004784e4.cpp
CAppearanceModifierScalingDef	0x44	float	Scariness	4	int	fieldC	4	CONFLICT	CAppearanceModifierScalingDef_TransferCAppearanceModifierScalingDefUAEXAAVCPer_004784e4.cpp
CAppearanceModifierScalingDef	size			76	sizeof	GetSizeofClass	72	SIZE_CONFLICT	GetSizeofClass
CAreaOfEffectAttackDef	0x3c	unsigned char	_pad_0x3c	4	int	f3c	4	RETAIL_ONLY	CAreaOfEffectAttackDef_TransferCAreaOfEffectAttackDefUAEXAAVCPersistCon_004e3f7b.cpp
CAreaOfEffectAttackDef	0x40	long	TrapIndex	4	int	f40	4	AGREE	CAreaOfEffectAttackDef_TransferCAreaOfEffectAttackDefUAEXAAVCPersistCon_004e3f7b.cpp
CAreaOfEffectAttackDef	0x44	long	ExplosionIndex	4	int	f44	4	AGREE	CAreaOfEffectAttackDef_TransferCAreaOfEffectAttackDefUAEXAAVCPersistCon_004e3f7b.cpp
CAreaOfEffectAttackDef	0x48	float	ObstructionRadius	4	int	f48	4	CONFLICT	CAreaOfEffectAttackDef_TransferCAreaOfEffectAttackDefUAEXAAVCPersistCon_004e3f7b.cpp
CAreaOfEffectAttackDef	size			80	sizeof	GetSizeofClass	76	SIZE_CONFLICT	GetSizeofClass
CArmourDef	size			124	sizeof	GetSizeofClass	108	SIZE_CONFLICT	GetSizeofClass
CAttackPatternDef	0x3c	unsigned char	_pad_0x3c	4	SubDef	sub	4	RETAIL_ONLY	CAttackPatternDef_Copy_004611a1.cpp
CAttackPatternDef	size			80	sizeof	GetSizeofClass	72	SIZE_CONFLICT	GetSizeofClass
CBalverineBattleDef	0x3c	unsigned char	_pad_0x3c	4	int	fieldA	4	RETAIL_ONLY	CBalverineBattleDef_TransferCBalverineBattleDefUAEXAAVCPersistContex_004e3c24.cpp
CBalverineBattleDef	0x40	float	SecondsBetweenLunges	4	int	fieldB	4	CONFLICT	CBalverineBattleDef_TransferCBalverineBattleDefUAEXAAVCPersistContex_004e3c24.cpp
CBalverineBattleDef	0x44	float	LungeAttackDamage	4	int	fieldC	4	CONFLICT	CBalverineBattleDef_TransferCBalverineBattleDefUAEXAAVCPersistContex_004e3c24.cpp
CBalverineBattleDef	size			76	sizeof	GetSizeofClass	72	SIZE_CONFLICT	GetSizeofClass
CBankFile	0xc	CArray<CCharString>	Symbols	16	unsigned int	m_alignment	4	CONTAINED	CBankFile_IsAligned_00c4bfa0.cpp
CBedDef	0x28	long	GetInBedAnimName_TablePos	4	Field	f0	4	AGREE	CBedDef_TransferCBedDefUAEXAAVCPersistContextZ_004dd999.cpp
CBedDef	0x2c	long	SleepInBedAnimName_TablePos	4	Field	f1	4	AGREE	CBedDef_TransferCBedDefUAEXAAVCPersistContextZ_004dd999.cpp
CBedDef	0x30	long	GetUpFromBedAnimName_TablePos	4	Field	f2	4	AGREE	CBedDef_TransferCBedDefUAEXAAVCPersistContextZ_004dd999.cpp
CBedDef	0x34	long	GetUpFromBedFastAnimName_TablePos	4	Field	f3	4	AGREE	CBedDef_TransferCBedDefUAEXAAVCPersistContextZ_004dd999.cpp
CBedDef	0x38	bool	Animating	1	Field	f4	4	CONFLICT	CBedDef_TransferCBedDefUAEXAAVCPersistContextZ_004dd999.cpp
CBlurredAttitudesDef	0x3c	unsigned char	_pad_0x3c	4	char	sub	4	RETAIL_ONLY	CBlurredAttitudesDef_Transfer_0067cdb0.cpp
CBlurredAttitudesDef	size			80	sizeof	GetSizeofClass	72	SIZE_CONFLICT	GetSizeofClass
CBoastingPodiumDef	0x28	float	HeroOnPodiumRadius	4	unsigned int	field28	4	CONFLICT	CBoastingPodiumDef_Copy_004e0a4e.cpp
CBossDef	size			96	sizeof	GetSizeofClass	84	SIZE_CONFLICT	GetSizeofClass
CBrainDef	size			112	sizeof	GetSizeofClass	96	SIZE_CONFLICT	GetSizeofClass
CBufferedFileDataOutputStream	0x20	long	FilePos	4	unsigned long	f	4	AGREE	CBufferedFileDataOutputStream_SetPosition_00994500.cpp
CBuyableHouseDef	size			84	sizeof	GetSizeofClass	76	SIZE_CONFLICT	GetSizeofClass
CCachedFile	0x18	CArray<unsigned_char>	DataBuffer	16	char	m_pathname	4	CONTAINED	CCachedFile_GetPathnameCCachedFileUBEAVCWideStringXZ_00826400.cpp
CCachedFile	0x1c	CWideStringData*	Pathname_PStringData	4	Inner*	f1c	4	AGREE	CCachedFile_GetLength_00a5b200.cpp
CCachedFile	0x24	CCPPointerInfo*	PDiskFile_Info	4	bool	flag_a	1	CONFLICT	CCachedFile_CloseCCachedFileUAEXXZ_00a5afa0.cpp
CCachedFile	0x24	CCPPointerInfo*	PDiskFile_Info	4	unsigned char	f	1	CONFLICT	CCachedFile_IsOpen_008263f0.cpp
CCachedFile	0x25	CCPPointerInfo*	PDiskFile_Info	4	bool	flag_b	1	CONFLICT	CCachedFile_CloseCCachedFileUAEXXZ_00a5afa0.cpp
CCameraCollisionDef	0x28	long	CameraCollisionMesh	4	unsigned long	field28	4	AGREE	CCameraCollisionDef_Copy_004e187e.cpp
CCameraManagerDef	size			128	sizeof	GetSizeofClass	116	SIZE_CONFLICT	GetSizeofClass
CCameraManagerSetDef	0x3c	unsigned char	_pad_0x3c	4	int	f3c	4	RETAIL_ONLY	CCameraManagerSetDef_TransferCCameraManagerSetDefUAEXAAVCPersistConte_00456818.cpp
CCameraManagerSetDef	0x40	long	CameraManagerMain	4	int	f40	4	AGREE	CCameraManagerSetDef_TransferCCameraManagerSetDefUAEXAAVCPersistConte_00456818.cpp
CCameraManagerSetDef	0x44	long	CameraManagerCombat	4	int	f44	4	AGREE	CCameraManagerSetDef_TransferCCameraManagerSetDefUAEXAAVCPersistConte_00456818.cpp
CCameraManagerSetDef	0x48	long	CameraManagerPCMain	4	int	f48	4	AGREE	CCameraManagerSetDef_TransferCCameraManagerSetDefUAEXAAVCPersistConte_00456818.cpp
CCameraManagerSetDef	size			80	sizeof	GetSizeofClass	76	SIZE_CONFLICT	GetSizeofClass
CCameraModeDef	size			220	sizeof	GetSizeofClass	216	SIZE_CONFLICT	GetSizeofClass
CCard	0x0	CThingObject*	Thing	4	void*	Thing	4	AGREE	CCard_Turn_008f0620.cpp
CCard	0x10	float	FinalRotation	4	float	FinalRotation	4	AGREE	CCard_Turn_008f0620.cpp
CCard	0x14	float	TurnSpeed	4	float	TurnSpeed	4	AGREE	CCard_Turn_008f0620.cpp
CCard	0x18	float	TurnFraction	4	float	TurnFraction	4	AGREE	CCard_Turn_008f0620.cpp
CCard	0x1c	float	MoveSpeed	4	float	MoveSpeed	4	AGREE	CCard_Turn_008f0620.cpp
CCard	0x20	float	MoveFraction	4	float	MoveFraction	4	AGREE	CCard_Turn_008f0620.cpp
CCard	0x24	bool	Turning	1	bool	Turning	1	AGREE	CCard_Turn_008f0620.cpp
CCard	0x25	bool	FaceDown	1	bool	FaceDown	1	AGREE	CCard_Turn_008f0620.cpp
CCard	0x26	bool	Moving	1	bool	Moving	1	AGREE	CCard_Turn_008f0620.cpp
CCard	0x27	float	LocalPos_X	4	unsigned char	Tail	49	CONFLICT	CCard_Turn_008f0620.cpp
CCard	0x4	long	Name	4	long	Name	4	AGREE	CCard_Turn_008f0620.cpp
CCard	0x8	long	Value	4	long	Value	4	AGREE	CCard_Turn_008f0620.cpp
CCard	0xc	float	InitialRotation	4	float	InitialRotation	4	AGREE	CCard_Turn_008f0620.cpp
CCardDef	0x3c	unsigned char	_pad_0x3c	4	CSubA	m3c	4	RETAIL_ONLY	CCardDef_TransferCCardDefUAEXAAVCPersistContextZ_004ec0b3.cpp
CCardDef	0x3c	unsigned char	_pad_0x3c	4	unsigned int	f3c	4	RETAIL_ONLY	CCardDef_Copy_004ec0f0.cpp
CCardDef	0x40	long	CardName	4	CSubB	m40	4	AGREE	CCardDef_TransferCCardDefUAEXAAVCPersistContextZ_004ec0b3.cpp
CCardDef	0x40	long	CardName	4	unsigned int	f40	4	AGREE	CCardDef_Copy_004ec0f0.cpp
CCardDef	size			72	sizeof	GetSizeofClass	68	SIZE_CONFLICT	GetSizeofClass
CCardPositionsDef	0x3c	unsigned char	_pad_0x3c	4	SubMember	sub	4	RETAIL_ONLY	CCardPositionsDef_Copy_004ebebc.cpp
CCardPositionsDef	size			80	sizeof	GetSizeofClass	72	SIZE_CONFLICT	GetSizeofClass
CCarriedReadableDef	0x28	long	TitleTextTag_TablePos	4	int	field28	4	AGREE	CCarriedReadableDef_Copy_004e157c.cpp
CCarriedReadableDef	0x2c	long	BodyTextTag_TablePos	4	int	field2c	4	AGREE	CCarriedReadableDef_Copy_004e157c.cpp
CCarrySlotDef	0x28	long	DummyPosName_TablePos	4	A	a	4	AGREE	CCarrySlotDef_TransferCCarrySlotDefUAEXAAVCPersistContextZ_00452256.cpp
CCarrySlotDef	0x2c	long	DummyPosIndex	4	B	b	4	AGREE	CCarrySlotDef_TransferCCarrySlotDefUAEXAAVCPersistContextZ_00452256.cpp
CCarrySlotDef	0x30	bool	PrimarySlot	1	C	c	4	CONFLICT	CCarrySlotDef_TransferCCarrySlotDefUAEXAAVCPersistContextZ_00452256.cpp
CCarrySlotDef	0x34	long	SecondaryDummyPosName_TablePos	4	A	a2	4	AGREE	CCarrySlotDef_TransferCCarrySlotDefUAEXAAVCPersistContextZ_00452256.cpp
CCarryingDef	0x28	vector<long,std::allocator<long>_>	AvailableCarrySlots	16	CLongVectorRetail	AvailableCarrySlots	4	CONTAINED	CCarryingDef_Transfer_004e77c8.cpp
CCarryingDef	0x2c	vector<long,std::allocator<long>_>	AvailableCarrySlots	16	CDefStringRetail	OverriddenDummyObject	4	CONTAINED	CCarryingDef_Transfer_004e77c8.cpp
CCarryingDef	size			60	sizeof	GetSizeofClass	56	SIZE_CONFLICT	GetSizeofClass
CCategory	0x3c			48	int	count	4	SIZE_CONFLICT	CCategory_GetHighlightedItemCountInCategory_00713290.cpp
CCategory	0x8	vector<NInventory::CItem,std::allocator<NInventory::CItem>_>	ItemsInCategory	16	CItem*	item	4	CONTAINED	CCategory_GetItemInSlotWithIndex_005bc9b0.cpp
CCategory	0x8	vector<NInventory::CItem,std::allocator<NInventory::CItem>_>	ItemsInCategory	16	char*	m_begin	4	CONTAINED	CCategory_GetFirstEmptySlot_005bd96b.cpp
CCategory	0xc	vector<NInventory::CItem,std::allocator<NInventory::CItem>_>	ItemsInCategory	16	char*	m_end	4	CONTAINED	CCategory_GetFirstEmptySlot_005bd96b.cpp
CClockDef	0x28	map<CCharString,long,std::less<CCharString>,std::allocator<std::pair<CCharString_const_,long>_>_>	Sound	16	CCharStringLongMapRetail	Sound	4	CONTAINED	CClockDef_Transfer_004e448d.cpp
CClockDef	0x2c	map<CCharString,long,std::less<CCharString>,std::allocator<std::pair<CCharString_const_,long>_>_>	Sound	16	EClockHandType	HandType	4	CONTAINED	CClockDef_Transfer_004e448d.cpp
CClockDef	size			60	sizeof	GetSizeofClass	56	SIZE_CONFLICT	GetSizeofClass
CCoinGameObstacleDef	0x28	float	Radius	4	unsigned long	f28	4	CONFLICT	CCoinGameObstacleDef_Copy_004e10a8.cpp
CCombatAbility	0x0	long	RepeatTimer	4	int	f0	4	AGREE	CCombatAbility_IsUsable_00733340.cpp
CCombatAbility	0x4	long	ActiveTimer	4	int	f4	4	AGREE	CCombatAbility_IsUsable_00733340.cpp
CCombatAbilityAttackBase	0x28	CCombatAbilityMeleeAttackData	CombatAbility	32	char	sub28	24	CONTAINED	CCombatAbilityAttackBase_TransferCCombatAbilityAttackBaseUAEXAAVCPersistC_00452b14.cpp
CCombatAbilityAttackBase	0x44	CCombatAbilityMeleeAttackData	CombatAbility	32	unsigned short	field44	2	CONTAINED	CCombatAbilityAttackBase_TransferCCombatAbilityAttackBaseUAEXAAVCPersistC_00452b14.cpp
CCombatAbilityBlockHeavyWeaponAttackDef	size			92	sizeof	GetSizeofClass	88	SIZE_CONFLICT	GetSizeofClass
CCombatAbilityBlockLightWeaponAttackDef	size			92	sizeof	GetSizeofClass	88	SIZE_CONFLICT	GetSizeofClass
CCombatAbilityBlockProjectileWeaponAttackDef	0x4	unsigned char	_base_0x04	88	Member28	sub28	4	RETAIL_ONLY	CCombatAbilityBlockProjectileWeaponAttackDef_Copy_00461d2c.cpp
CCombatAbilityBlockProjectileWeaponAttackDef	size			92	sizeof	GetSizeofClass	88	SIZE_CONFLICT	GetSizeofClass
CCombatAbilityBlockUnarmedAttackDef	0x28	unsigned char	_base_0x04	88	CMemberDef	m_member	4	RETAIL_ONLY	CCombatAbilityBlockUnarmedAttackDef_Copy_00463bdb.cpp
CCombatAbilityBlockUnarmedAttackDef	size			92	sizeof	GetSizeofClass	88	SIZE_CONFLICT	GetSizeofClass
CCombatAbilityFlourishCounterAttackDef	0x28	unsigned char	_base_0x04	68	long	m_member	4	RETAIL_ONLY	previous header
CCombatAbilityGetHitCounterAttackDef	0x0	void*	__vftable	4	unsigned char	_b	40	CONFLICT	CCombatAbilityGetHitCounterAttackDef_Copy_00453f3f.cpp
CCombatAbilityStrafeDef	0x28	CCombatAbilityStrafingData	CombatAbility	28	CFieldB	f28	4	CONTAINED	CCombatAbilityStrafeDef_TransferCCombatAbilityStrafeDefUAEXAAVCPersistCo_00452b93.cpp
CCombatAbilityStrafeDef	0x2c	CCombatAbilityStrafingData	CombatAbility	28	CFieldA	f40	4	CONTAINED	CCombatAbilityStrafeDef_TransferCCombatAbilityStrafeDefUAEXAAVCPersistCo_00452b93.cpp
CCombatAbilityUseProjectileWeaponDef	0x0	void*	__vftable	4	unsigned char	_tail	72	CONFLICT	CCombatAbilityUseProjectileWeaponDef_TransferCCombatAbilityUseProjectileWeaponDefUAEX_00452bb4.cpp
CCombatActionBase	0xc0	CIntelligentPointer<CThing_const_>	PCameraPoint	8	int	strikeCount	4	CONTAINED	CCombatActionBase_IsStrikeActionCCombatActionBaseUBENX_0062ea30.cpp
CCombatActionBase	0xd8	float	StrikeEventInterruptTime	4	bool	m_flagA	1	CONFLICT	CCombatActionBase_IsActionReadyForInterruptionCCombatActionBaseUBE_00856170.cpp
CCombatActionBase	0xdb	float	StrikeEventInterruptTime	4	bool	m_flagB	1	CONFLICT	CCombatActionBase_IsActionReadyForInterruptionCCombatActionBaseUBE_00856170.cpp
CCombatAction_GenericBreakOffDrain	0x0	void*	__vftable	4	char	d	1	CONFLICT	CCombatActionGenericBreakOffDrain_IsAbleToBeAttacked_00690df0.cpp
CCombatAction_GenericResponseToDrain	0x0	void*	__vftable	4	char	d	1	CONFLICT	CCombatActionGenericResponseToDrain_IsAbleToBeAttacked_0066a6d0.cpp
CCombatAction_GenericStrikeResponseBase	0x11c	unsigned char	_pad_0x11c	4	C3DVector	hitPos	4	RETAIL_ONLY	CCombatActionGenericStrikeResponseBase_SetHitPosition_006f56e0.cpp
CCombatAction_GenericStrikeResponseBase	0x128	unsigned char	_pad_0x128	4	C3DVector	m_hitDir	4	RETAIL_ONLY	CCombatActionGenericStrikeResponseBase_SetHitDirection_006f56c0.cpp
CCombatAction_GenericStrikeResponseBase	0x134	float	PointOfHit_X	4	char	f134	1	CONFLICT	CCombatActionGenericStr_IsUsingAnimationMovement_006f5700.cpp
CCombatAction_RecoverFromDazed	0x0	void*	__vftable	4	char	d	1	CONFLICT	CCombatActionRecoverFromDazed_IsOverrideableByActionOfSamePriority_008e4400.cpp
CCombatAction_WillForcePushInto	0x0	void*	__vftable	4	char	d	1	CONFLICT	CCombatActionWillForcePushInto_IsToFaceTarget_008c3910.cpp
CCombatDialogueDef	size			144	sizeof	GetSizeofClass	140	SIZE_CONFLICT	GetSizeofClass
CCombatSequence2StrikeCombo	0x0	void*	__vftable	4	char*	p	4	AGREE	CCombatSequence2StrikeCombo_GetNameCCombatSequence2StrikeComboUBEAVCCharStri_008b4f10.cpp
CCombatSequenceBase	0x0	void*	__vftable	4	void*	slot0	4	AGREE	CCombatSequenceBase_CCombatSequenceBaseIsMeleeSequence_006f0700.cpp
CCombatSequenceBase	0x4	bool	Running	1	char	f4	1	AGREE	CCombatSequenceBase_Stop_008b0640.cpp
CCombatSequenceBase	0x4	bool	Running	1	void*	slot4	4	CONFLICT	CCombatSequenceBase_CCombatSequenceBaseIsMeleeSequence_006f0700.cpp
CCombatSequenceBase	0x8	long	NoAvailableActions	4	void*	slot8	4	AGREE_KIND_SOFT	CCombatSequenceBase_CCombatSequenceBaseIsMeleeSequence_006f0700.cpp
CCombatSequenceBase	0xc	long	CurrentActionIndex	4	int	fc	4	AGREE	CCombatSequenceBase_Stop_008b0640.cpp
CCombatSequenceDef	size			112	sizeof	GetSizeofClass	104	SIZE_CONFLICT	GetSizeofClass
CCombatSequenceGeneric	0x28	unsigned char	_pad_0x28	4	I_008b0660*	p	4	RETAIL_ONLY	CCombatSequenceGeneric_GetZone_008b0660.cpp
CCombatSequenceGeneric	0x28	unsigned char	_pad_0x28	4	I_008b0670*	p	4	RETAIL_ONLY	CCombatSequenceGeneric_GetCombatSequenceType_008b0670.cpp
CCombatSequenceGeneric	0x28	unsigned char	_pad_0x28	4	I_008b0680*	p	4	RETAIL_ONLY	CCombatSequenceGeneric_GetCombatSequenceInterruptionType_008b0680.cpp
CCombatSequenceGeneric	0x28	unsigned char	_pad_0x28	4	T*	f28	4	RETAIL_ONLY	CCombatSequenceGeneric_IsToPreferSequenceWhenValid_008b0690.cpp
CCombatSequenceGeneric	0x28	unsigned char	_pad_0x28	4	long	p	4	RETAIL_ONLY	previous header
CCombatSequenceWhisperAdvance	0x0	void*	__vftable	4	char*	p	4	AGREE	CCombatSequenceWhisperAdvance_GetNameCCombatSequenceWhisperAdvanceUBEAVCCharSt_008b49a0.cpp
CCombatSequenceWhisperAttack360	0x20	unsigned char	_base_0x04	40	Inner*	f20	4	RETAIL_ONLY	CCombatSequenceWhisperAttack360_IsValid_00908d90.cpp
CCombatSequenceWhisperAttack360	0x20	unsigned char	_base_0x04	40	long	f20	4	RETAIL_ONLY	previous header
CCombatSequenceWhisperAttackBigCombo	0x20	unsigned char	_base_0x04	40	Inner*	f20	4	RETAIL_ONLY	CCombatSequenceWhisperAttackBigCombo_IsValid_00908d80.cpp
CCombatSequenceWhisperAttackBigCombo	0x20	unsigned char	_base_0x04	40	long	f20	4	RETAIL_ONLY	previous header
CCombatSequenceWhisperStrafeAround	0x0	void*	__vftable	4	char*	m_buf	4	AGREE	CCombatSequenceWhisperStrafeAround_GetNameCCombatSequenceWhisperStrafeAroundUBEAVCC_008b4d90.cpp
CCombatSequence_BanditKingBackOff	0x0	void*	__vftable	4	int	x	4	AGREE_KIND_SOFT	CCombatSequenceBanditKingBackOff_GetNameCCombatSequenceBanditKingBackOffUBEAVCCha_008b3b80.cpp
CCombatSequence_BattleCharge	0x28	unsigned char	_pad_0x28	4	long	f28	4	RETAIL_ONLY	previous header
CCombatSequence_ScorpionLungeAttack	0x28	unsigned char	_pad_0x28	4	long	field28	4	RETAIL_ONLY	previous header
CCombatSequence_TrollOpeningGroundPound	0x28	unsigned char	_pad_0x28	4	long	f28	4	RETAIL_ONLY	previous header
CCombatSequence_VillagerComboUnblockable	0x0	void*	__vftable	4	char*	p	4	AGREE	CCombatSequenceVillagerComboUnblockable_GetNameCCombatSequenceVillagerComboUnblockableUB_008b4820.cpp
CComponent	0x30	map<unsigned_long,NUISystem::CUIState,std::less<unsigned_long>,std::allocator<std::pair<unsigned_long_const_,NUISystem::CUIState>_>_>	States	16	int	f30	4	CONTAINED	CComponent_ResetState_0052e6b0.cpp
CComponent	0x98	CRGBColour	ParentColour	4	int	f98	4	CONTAINED	CComponent_ResetState_0052e6b0.cpp
CComponent	0x9c	CRGBColour	RenderColour	4	int	f9c	4	CONTAINED	CComponent_ResetState_0052e6b0.cpp
CComponent	0xa0	float	PositionTimeElapsed	4	int	fa0	4	CONFLICT	CComponent_ResetState_0052e6b0.cpp
CComponent	0xa4	float	PositionTime	4	int	fa4	4	CONFLICT	CComponent_ResetState_0052e6b0.cpp
CComponent	0xa8	float	ZoomTimeElapsed	4	int	fa8	4	CONFLICT	CComponent_ResetState_0052e6b0.cpp
CConfigOptionsDefaultsDef	size			120	sizeof	GetSizeofClass	116	SIZE_CONFLICT	GetSizeofClass
CConsoleCommandBase	0x4	unsigned char	_pad_0x04	4	unsigned char	m_field4	1	RETAIL_ONLY	previous header
CConsoleCommandLine	0x4	CCharStringData*	CurrentEntry_PStringData	4	CCharString	CurrentEntry	4	AGREE_KIND_SOFT	CConsoleCommandLine_Reset_009ea4f0.cpp
CConsoleCommandLine	0x8	bool	UserEntry	1	bool	UserEntry	1	AGREE	CConsoleCommandLine_Reset_009ea4f0.cpp
CConsoleCommandLine	0xc	long	CursorPosition	4	long	CursorPosition	4	AGREE	CConsoleCommandLine_Reset_009ea4f0.cpp
CContainerRewardHeroDef	0x28	CArray<CDefIndex>	ObjectFamilies	16	Member28	m28	4	CONTAINED	CContainerRewardHeroDef_Copy_004e249b.cpp
CContainerRewardHeroDef	size			56	sizeof	GetSizeofClass	52	SIZE_CONFLICT	GetSizeofClass
CContainmentVolume	0x4	CPlane*	ContainmentPlanes	4	char*	data	4	AGREE	CContainmentVolume_RelocateData_00a755a0.cpp
CContextSensitiveItemDef	0x28	EContextSensitiveType	Type	4	Field	f0	4	CONTAINED	CContextSensitiveItemDef_TransferCContextSensitiveItemDefUAEXAAVCPersistC_004526b3.cpp
CContextSensitiveItemDef	0x2c	long	Priority	4	Field	f1	4	AGREE	CContextSensitiveItemDef_TransferCContextSensitiveItemDefUAEXAAVCPersistC_004526b3.cpp
CContextSensitiveItemDef	0x30	long	SlotIndex	4	Field	f2	4	AGREE	CContextSensitiveItemDef_TransferCContextSensitiveItemDefUAEXAAVCPersistC_004526b3.cpp
CContextSensitiveItemDef	0x34	long	ExtraData1	4	Field	f3	4	AGREE	CContextSensitiveItemDef_TransferCContextSensitiveItemDefUAEXAAVCPersistC_004526b3.cpp
CContextSensitiveItemDef	0x38	long	ExtraData2	4	Field	f4	4	AGREE	CContextSensitiveItemDef_TransferCContextSensitiveItemDefUAEXAAVCPersistC_004526b3.cpp
CControlsDef	size			88	sizeof	GetSizeofClass	80	SIZE_CONFLICT	GetSizeofClass
CCoopSpiritDef	0x0	void*	__vftable	4	unsigned char	_tail	60	CONFLICT	CCoopSpiritDef_TransferCCoopSpiritDefUAEXAAVCPersistContextZ_0045266f.cpp
CCreatureAbilityDef	size			68	sizeof	GetSizeofClass	64	SIZE_CONFLICT	GetSizeofClass
CCreatureActionBase	0x8	CIntelligentPointer<CThingCreatureBase>	PCreature	8	Sub	sub	4	CONTAINED	CCreatureActionBase_GetAnimationTransitionInTime_006929c0.cpp
CCreatureActionBase	0xc	CIntelligentPointer<CThingCreatureBase>	PCreature	8	Foo*	f74	4	CONTAINED	CCreatureActionBase_GetAnimationTransitionInTime_006929c0.cpp
CCreatureActionHeroJump	0x0	void*	__vftable	4	char	p10	16	CONFLICT	CCreatureActionHeroJump_IsPreventingNormalMovement_0085b8a0.cpp
CCreatureActionHeroJump	0x0	void*	__vftable	4	int	m00	4	AGREE_KIND_SOFT	CCreatureActionHeroJump_FrameUpdateCCreatureActionHeroJumpUAEXXZ_0085bad0.cpp
CCreatureActionHeroJump	0x10	unsigned char	_base_0x04	296	int	f10	4	RETAIL_ONLY	CCreatureActionHeroJump_IsPreventingNormalMovement_0085b8a0.cpp
CCreatureActionHeroJump	0x10	unsigned char	_base_0x04	296	int	m10	4	RETAIL_ONLY	CCreatureActionHeroJump_FrameUpdateCCreatureActionHeroJumpUAEXXZ_0085bad0.cpp
CCreatureActionHeroJump	0x14	unsigned char	_base_0x04	296	char	p14	8	RETAIL_ONLY	CCreatureActionHeroJump_IsPreventingNormalMovement_0085b8a0.cpp
CCreatureActionHeroJump	0x14	unsigned char	_base_0x04	296	int	m14	4	RETAIL_ONLY	CCreatureActionHeroJump_FrameUpdateCCreatureActionHeroJumpUAEXXZ_0085bad0.cpp
CCreatureActionHeroJump	0x18	unsigned char	_base_0x04	296	int	m18	4	RETAIL_ONLY	CCreatureActionHeroJump_FrameUpdateCCreatureActionHeroJumpUAEXXZ_0085bad0.cpp
CCreatureActionHeroJump	0x1c	unsigned char	_base_0x04	296	int	f1c	4	RETAIL_ONLY	CCreatureActionHeroJump_IsPreventingNormalMovement_0085b8a0.cpp
CCreatureActionHeroJump	0x1c	unsigned char	_base_0x04	296	int	m1c	4	RETAIL_ONLY	CCreatureActionHeroJump_FrameUpdateCCreatureActionHeroJumpUAEXXZ_0085bad0.cpp
CCreatureActionHeroJump	0x4	unsigned char	_base_0x04	296	int	m04	4	RETAIL_ONLY	CCreatureActionHeroJump_FrameUpdateCCreatureActionHeroJumpUAEXXZ_0085bad0.cpp
CCreatureActionHeroJump	0x8	unsigned char	_base_0x04	296	int	m08	4	RETAIL_ONLY	CCreatureActionHeroJump_FrameUpdateCCreatureActionHeroJumpUAEXXZ_0085bad0.cpp
CCreatureActionHeroJump	0xc	unsigned char	_base_0x04	296	int	m0c	4	RETAIL_ONLY	CCreatureActionHeroJump_FrameUpdateCCreatureActionHeroJumpUAEXXZ_0085bad0.cpp
CCreatureAction_ActivateQuest	0x63	unsigned char	_pad_0x60	4	unsigned char	f	1	RETAIL_ONLY	previous header
CCreatureAction_BanditKingAttack	0x114	unsigned char	_pad_0x114	4	unsigned char	m_v	1	RETAIL_ONLY	previous header
CCreatureAction_BanditKingUnstuck	0x114	unsigned char	_pad_0x114	4	unsigned char	f	1	RETAIL_ONLY	previous header
CCreatureAction_BeStunned	0x0	void*	__vftable	4	char	d	1	CONFLICT	CCreatureActionBeStunned_GetAnimDelayTime_008659e0.cpp
CCreatureAction_BlockBroken	0x0	void*	__vftable	4	char	d	1	CONFLICT	CCreatureActionBlockBroken_IsToFaceTargetAtStart_00739a50.cpp
CCreatureAction_BlockRespond	0x131	unsigned char	_base_0x04	312	unsigned char	f	1	RETAIL_ONLY	previous header
CCreatureAction_DragonFlight	0x114	unsigned char	_pad_0x114	4	unsigned char	f	1	RETAIL_ONLY	previous header
CCreatureAction_GenericAimProjectileWeapon	0x10	unsigned char	_base_0x04	296	long	f10	4	RETAIL_ONLY	previous header
CCreatureAction_GetOutOfBed	0x62	unsigned char	_pad_0x60	4	bool	interrupted	1	RETAIL_ONLY	previous header
CCreatureAction_GetUpFromSitting	0x0	void*	__vftable	4	char	d	1	CONFLICT	CCreatureActionGetUpFromSitting_IsMovementUsingPhysics_008601d0.cpp
CCreatureAction_GetUpFromSitting	0x10	unsigned char	_pad_0x10	4	int	m_a	4	RETAIL_ONLY	CCreatureActionGetUpFromSitting_OnAnimationLoadedCCreatureActionGetUpFromSitting_008b6530.cpp
CCreatureAction_GetUpFromSitting	0x14	unsigned char	_pad_0x14	4	int	m_b	4	RETAIL_ONLY	CCreatureActionGetUpFromSitting_OnAnimationLoadedCCreatureActionGetUpFromSitting_008b6530.cpp
CCreatureAction_IceTrollIcicleAssaultLoop	0x0	void*	__vftable	4	char	d	1	CONFLICT	CCreatureActionIceTrollIcicleAssaultLoop_IsStrikeAction_008e4540.cpp
CCreatureAction_JackGetUp	0x0	void*	__vftable	4	char	d	1	CONFLICT	CCreatureActionJackGetUp_IsToEvadeAllHits_008c3890.cpp
CCreatureAction_LeapLong	0x114	unsigned char	_pad_0x114	4	unsigned char	b114	1	RETAIL_ONLY	previous header
CCreatureAction_NymphGetHit	0x10	unsigned char	_pad_0x10	4	long	m_a	4	RETAIL_ONLY	previous header
CCreatureAction_NymphGetHit	0x14	unsigned char	_pad_0x14	4	long	m_b	4	RETAIL_ONLY	previous header
CCreatureAction_NymphSummonOutOf	0x8	unsigned char	_base_0x04	296	unsigned char	sub8	4	RETAIL_ONLY	previous header
CCreatureAction_PerformExpression	0xa8	unsigned char	_pad_0xa8	4	Inner*	p	4	RETAIL_ONLY	CCreatureActionPerformExpression_IsToHaveEmptyHands_00842c20.cpp
CCreatureAction_PerformExpression	0xa8	unsigned char	_pad_0xa8	4	Inner*	p	4	RETAIL_ONLY	CCreatureActionPerformExpression_IsToReplaceItemIfRemoved_00842c30.cpp
CCreatureAction_PerformExpression	0xa8	unsigned char	_pad_0xa8	4	long	p	4	RETAIL_ONLY	previous header
CCreatureAction_PerformExpressionExtended	0xa8	unsigned char	_pad_0xa8	4	Inner*	p	4	RETAIL_ONLY	CCreatureActionPerformExpression_IsToReplaceItemIfRemovedExt_00842c40.cpp
CCreatureAction_PerformExpressionExtended	0xa8	unsigned char	_pad_0xa8	4	long	p	4	RETAIL_ONLY	previous header
CCreatureAction_PickCrop	0xa8	unsigned char	_pad_0xa8	4	long	sub	4	RETAIL_ONLY	previous header
CCreatureAction_PlayAnimation	0xa8	unsigned char	_pad_0xa8	4	unsigned char	f	1	RETAIL_ONLY	previous header
CCreatureAction_PlayAnimation	0xa9	unsigned char	_pad_0xa8	4	unsigned char	f_2	1	RETAIL_ONLY	previous header
CCreatureAction_PlayAnimation	0xb0	unsigned char	_pad_0xb0	4	unsigned char	f_3	1	RETAIL_ONLY	previous header
CCreatureAction_PlayCombatAnimation	0x114	unsigned char	_pad_0x114	4	unsigned char	f	1	RETAIL_ONLY	previous header
CCreatureAction_PlayCombatAnimation	0x115	unsigned char	_pad_0x114	4	unsigned char	f_2	1	RETAIL_ONLY	previous header
CCreatureAction_PlayCombatAnimation	0x116	unsigned char	_pad_0x114	4	unsigned char	f_3	1	RETAIL_ONLY	previous header
CCreatureAction_PlayIntoLoopOutOfAnimation	0xb8	long	NumberOfTimesToLoop	4	unsigned char	f	1	CONFLICT	CCreatureActionPlayIntoLoopOutOfAnimation_IsUsingAnimationMovement_0084a860.cpp
CCreatureAction_RiseUp	0x0	void*	__vftable	4	char	d	1	CONFLICT	CCreatureActionRiseUp_IsOverrideableByActionOfSamePriority_0074db90.cpp
CCreatureAction_RiseUp	0x114	unsigned char	_pad_0x114	4	unsigned char	f	1	RETAIL_ONLY	CCreatureActionRiseUp_IsToFaceTargetAtStart_0074db70.cpp
CCreatureAction_ScorpionRecover	0x8	unsigned char	_base_0x04	296	Member8	m8	4	RETAIL_ONLY	previous header
CCreatureAction_SpiritAttack	0x10	unsigned char	_pad_0x10	4	int	field10	4	RETAIL_ONLY	previous header
CCreatureAction_SpiritReturnToHero	0x10	unsigned char	_base_0x04	176	long	field_10	4	RETAIL_ONLY	previous header
CCreatureAction_SpiritReturnToHero	0x14	unsigned char	_base_0x04	176	long	field_14	4	RETAIL_ONLY	previous header
CCreatureAction_StartBlocking	0x10	unsigned char	_base_0x04	296	int	field_10	4	RETAIL_ONLY	CCreatureActionStartBlocking_CCreatureActionStartBlockingFrameUpdate_008552e0.cpp
CCreatureAction_StartBlocking	0x10	unsigned char	_base_0x04	296	long	field_10	4	RETAIL_ONLY	previous header
CCreatureAction_StartBlocking	0x4	unsigned char	_base_0x04	296	int	field_4	4	RETAIL_ONLY	CCreatureActionStartBlocking_CCreatureActionStartBlockingFrameUpdate_008552e0.cpp
CCreatureAction_StartBlocking	0x4	unsigned char	_base_0x04	296	long	field_4	4	RETAIL_ONLY	previous header
CCreatureAction_StartBlocking	0x8	unsigned char	_base_0x04	296	int	field_8	4	RETAIL_ONLY	CCreatureActionStartBlocking_CCreatureActionStartBlockingFrameUpdate_008552e0.cpp
CCreatureAction_StartBlocking	0x8	unsigned char	_base_0x04	296	long	field_8	4	RETAIL_ONLY	previous header
CCreatureAction_StartBlocking	0xc	unsigned char	_base_0x04	296	int	field_c	4	RETAIL_ONLY	CCreatureActionStartBlocking_CCreatureActionStartBlockingFrameUpdate_008552e0.cpp
CCreatureAction_StartBlocking	0xc	unsigned char	_base_0x04	296	long	field_c	4	RETAIL_ONLY	previous header
CCreatureAction_TentacleIdle	0x0	void*	__vftable	4	char	d	1	CONFLICT	CCreatureActionTentacleIdle_IsMovementUsingPhysics_008cf970.cpp
CCreatureAction_TentacleStrikeLoop	0x0	void*	__vftable	4	char	d	1	CONFLICT	CCreatureActionTentacleStrikeLoop_IsMovementUsingPhysics_008cf9f0.cpp
CCreatureAction_TentacleStrikeOutOf	0x0	void*	__vftable	4	char	d	1	CONFLICT	CCreatureActionTentacleStrikeOutOf_IsOverrideableByActionOfSamePriority_008cfa80.cpp
CCreatureAction_TrollAngryGroundPound	0x8	unsigned char	_base_0x04	296	long	sub	4	RETAIL_ONLY	previous header
CCreatureAction_UndeadIdleUnderground	0x0	void*	__vftable	4	char	d	1	CONFLICT	CCreatureActionUndeadIdleUnderground_GetAnimationTransitionInTime_0074dd70.cpp
CCreatureAction_UndeadRiseUp	0x118	unsigned char	_pad_0x118	4	unsigned char	f	1	RETAIL_ONLY	previous header
CCreatureAction_VillagerAttackKnockdown	0x114	unsigned char	_pad_0x114	4	unsigned char	f	1	RETAIL_ONLY	previous header
CCreatureAction_WaspQueenDie	0x0	void*	__vftable	4	char	d	1	CONFLICT	CCreatureActionWaspQueenDie_HasFrameUpdate_008c5b70.cpp
CCreatureAction_WhisperSommersaultBackward	0x0	void*	__vftable	4	char	p	276	CONFLICT	CCreatureActionWhisperSommersaultBackward_IsToEvadeAllHits_0096bff0.cpp
CCreatureAction_WhisperSommersaultBackward	0x114	unsigned char	_pad_0x114	4	unsigned char	f	1	RETAIL_ONLY	CCreatureActionWhisperSommersaultBackward_IsToEvadeAllHits_0096bff0.cpp
CCreatureAction_WhisperSommersaultBackward	0x114	unsigned char	_pad_0x114	4	unsigned char	f	1	RETAIL_ONLY	CCreatureActionWhisperSommersaultBackward_PerformAction_008c0620.cpp
CCreatureAction_WhisperSommersaultForward	0x0	void*	__vftable	4	char	p	276	CONFLICT	CCreatureActionWhisperSommersaultForward_IsToEvadeAllHits_0096bf70.cpp
CCreatureAction_WhisperSommersaultForward	0x114	unsigned char	_pad_0x114	4	unsigned char	f	1	RETAIL_ONLY	CCreatureActionWhisperSommersaultForward_IsToEvadeAllHits_0096bf70.cpp
CCreatureDef	size			252	sizeof	GetSizeofClass	232	SIZE_CONFLICT	GetSizeofClass
CCreatureGenerationFamilyDef	size			104	sizeof	GetSizeofClass	92	SIZE_CONFLICT	GetSizeofClass
CCreatureGeneratorDef	size			68	sizeof	GetSizeofClass	64	SIZE_CONFLICT	GetSizeofClass
CCreatureModeDef	0x0	void*	__vftable	4	int	x	4	AGREE_KIND_SOFT	CCreatureModeDef_TransferCCreatureModeDefUAEXAAVCPersistContextZ_004e7ea7.cpp
CCreatureModeDef	size			68	sizeof	GetSizeofClass	64	SIZE_CONFLICT	GetSizeofClass
CCreatureNavigationDef	0x0	void*	__vftable	4	int	x	4	AGREE_KIND_SOFT	CCreatureNavigationDef_TransferCCreatureNavigationDefUAEXAAVCPersistCon_004dd9fe.cpp
CCriticalSectionLock	0x0	_RTL_CRITICAL_SECTION*	CriticalSection	4	void*	m_pSection	4	AGREE	CCriticalSectionLock_Lock_00a62980.cpp
CCriticalSectionLock	0x4	bool	Locked	1	unsigned char	m_bLocked	1	AGREE	CCriticalSectionLock_Lock_00a62980.cpp
CDataInputStream	0x4	unsigned long	StreamPos	4	unsigned long	f	4	AGREE	CDataInputStream_GetPosition_00405fa0.cpp
CDecapitationDef	0x28	long	BodyParticleEffect	4	CMember	m28	4	AGREE	CDecapitationDef_TransferCDecapitationDefUAEXAAVCPersistContextZ_004ded4e.cpp
CDecapitationDef	0x2c	long	Head	4	CMember	m2c	4	AGREE	CDecapitationDef_TransferCDecapitationDefUAEXAAVCPersistContextZ_004ded4e.cpp
CDefinitionManager	0x18	unsigned char	_pad_0x18	4	const CDefClassBase**	m_classArray	4	RETAIL_ONLY	previous header
CDefinitionManager	0x78	CVectorMap<unsigned_long,long,CKeyPairCompareLess<unsigned_long,long>_>	NameCRCToIndexMap	20	Slot*	s_first	4	CONTAINED	CDefinitionManager_ClearInstantiatedDefs_009ad950.cpp
CDefinitionManager	0x7c	CVectorMap<unsigned_long,long,CKeyPairCompareLess<unsigned_long,long>_>	NameCRCToIndexMap	20	Slot*	s_last	4	CONTAINED	CDefinitionManager_ClearInstantiatedDefs_009ad950.cpp
CDefinitionManager	0xa4	CArray<unsigned_char>	CompressedDefData	16	CDef**	d_first	4	CONTAINED	CDefinitionManager_ClearInstantiatedDefs_009ad950.cpp
CDefinitionManager	0xa4	CArray<unsigned_char>	CompressedDefData	16	CDefClassInfoRec**	m_classInfoTable	4	CONTAINED	CDefinitionManager_GetDefClassTypeNameFromGlobalIndex_009acce0.cpp
CDefinitionManager	0xa4	CArray<unsigned_char>	CompressedDefData	16	CDefEntry**	globalIndexTable	4	CONTAINED	CDefinitionManager_GetDefNameFromGlobalIndex_009accc0.cpp
CDefinitionManager	0xa8	CVectorMap<unsigned_long,unsigned_long,CKeyPairCompareLess<unsigned_long,unsigned_long>_>	CompressedOffsets	20	CDef**	d_last	4	CONTAINED	CDefinitionManager_ClearInstantiatedDefs_009ad950.cpp
CDegradableDef	size			64	sizeof	GetSizeofClass	60	SIZE_CONFLICT	GetSizeofClass
CDiskFileWin32	0x18	CWideStringData*	Pathname_PStringData	4	char	name	4	AGREE_KIND_SOFT	CDiskFileWin32_GetPathnameCDiskFileWin32UBEAVCWideS_00401690.cpp
CDisplayEngine	0xbc	CFadeInFadeOutBase	ScreenFadeOutInfo	28	unsigned char	fadeActive	1	CONTAINED	CDisplayEngine_IsScreenFullyFadedOut_004a9210.cpp
CDisplayEngine	0xc8	CFadeInFadeOutBase	ScreenFadeOutInfo	28	unsigned char	flagC8	1	CONTAINED	CDisplayEngine_IsScreenFullyFadedOut_004a9210.cpp
CDisplayEngine	0xc9	CFadeInFadeOutBase	ScreenFadeOutInfo	28	unsigned char	flagC9	1	CONTAINED	CDisplayEngine_IsScreenFullyFadedOut_004a9210.cpp
CDisplayViewManager	0x0	CViewBase*	PCurrentView_Data	4	IRenderable*	pView	4	AGREE	CDisplayViewManager_Render_00c31b30.cpp
CDragonActionHoverDef	0x28	float	WindSpeed	4	CSubField	field28	4	CONFLICT	CDragonActionHoverDef_Transfer_00452ccd.cpp
CDragonActionNapalmDef	0x28	float	ChargeUpTime	4	Field	f0	4	CONFLICT	CDragonActionNapalmDef_TransferCDragonActionNapalmDefUAEXAAVCPersistCon_00452c94.cpp
CDragonActionNapalmDef	0x2c	float	WindSpeed	4	Field	f1	4	CONFLICT	CDragonActionNapalmDef_TransferCDragonActionNapalmDefUAEXAAVCPersistCon_00452c94.cpp
CDragonActionNapalmDef	0x30	float	TimeBeforeAddOfMouthEffect	4	Field	f2	4	CONFLICT	CDragonActionNapalmDef_TransferCDragonActionNapalmDefUAEXAAVCPersistCon_00452c94.cpp
CDragonActionNapalmDef	0x34	float	TimeBeforeAddExplosion	4	Field	f3	4	CONFLICT	CDragonActionNapalmDef_TransferCDragonActionNapalmDefUAEXAAVCPersistCon_00452c94.cpp
CDrawMiniMap	0x100	CMiniMapDisplay	MiniMap	220	Sub	sub	4	CONTAINED	CDrawMiniMap_SetAsActive_00643e2e.cpp
CDrawMiniMap	0x18	unsigned char	_pad_0x18	4	unsigned char	f_18	1	RETAIL_ONLY	previous header
CDrawMiniMap	0x28	unsigned char	_pad_0x28	4	CMiniMapDisplay	disp	4	RETAIL_ONLY	CDrawMiniMap_SetRegion_0064dfde.cpp
CDrawMiniMap	0x28	unsigned char	_pad_0x28	4	CMiniMapDisplay	disp	4	RETAIL_ONLY	previous header
CDrawMiniMap	0xc	unsigned char	_pad_0x0c	4	char*	f_c	4	RETAIL_ONLY	CDrawMiniMap_SetRegion_0064dfde.cpp
CDrawMiniMap	0xc	unsigned char	_pad_0x0c	4	long	f_c	4	RETAIL_ONLY	previous header
CDrawMiniMap	0xe9	CMiniMapDisplay	MiniMap	220	char	active	1	CONTAINED	CDrawMiniMap_SetAsActive_00643e2e.cpp
CDrawQuickAccessIcons	0x3c	float	FullyChargedTime	4	int	f3c	4	CONFLICT	CDrawQuickAccessIcons_ToggleFlash_00643fe4.cpp
CDriveManager	0x4	CSystemManager*	SystemManager	4	void*	f4	4	AGREE	CDriveManager_Initialise_009e4ad0.cpp
CDrunkennessDef	0x28	float	DrunkennessThresholdMult	4	float	DrunkennessThresholdMult	4	AGREE	CDrunkennessDef_Transfer_004dc96f.cpp
CDrunkennessDef	0x28	float	DrunkennessThresholdMult	4	unsigned long	field28	4	CONFLICT	CDrunkennessDef_Copy_004e0f1b.cpp
CEditControlCentre	0x28c	CEditInputProcessManager	InputProcessManager	1784	unsigned char	flagB	1	CONTAINED	CEditControlCentre_GetCurrentMask_00c6a5d0.cpp
CEditControlCentre	0x294	CEditInputProcessManager	InputProcessManager	1784	unsigned char	flagA	1	CONTAINED	CEditControlCentre_GetCurrentMask_00c6a5d0.cpp
CEditTransactionBase	0x0	void*	__vftable	4	void*	m0	4	AGREE	CEditTransactionBase_ActionSetEngineTheme_009d52b0.cpp
CEditTransactionBase	0x4	EThemePaintType	PaintType	4	Target*	m4	4	CONTAINED	CEditTransactionBase_ActionSetEngineTheme_009d52b0.cpp
CEditTransactionBase	0x8			8	void*	m8	4	SIZE_CONFLICT	CEditTransactionBase_ActionSetEngineTheme_009d52b0.cpp
CEnemyDef	0x28	long	Faction	4	int	f28	4	AGREE	CEnemyDef_Copy_004e064e.cpp
CEngine	0x0	void*	__vftable	4	int	x	4	AGREE_KIND_SOFT	CEngine_PostChangeResolution_00b2aa30.cpp
CEngine	0x8	unsigned char	_pad_0x08	4	unsigned char	f	1	RETAIL_ONLY	previous header
CEngine	0xb1	double	InterpolatedWorldTime	8	unsigned char	flag_b1	1	CONFLICT	CEngine_OnPostDeviceReset_00b25d00.cpp
CEngine	0xb8	unsigned long	WorldFramesPerSecond	4	unsigned long	SceneRenderingFlags	4	AGREE	CEngine_Enable3DSceneRendering_00b23f90.cpp
CEngineDef	size			132	sizeof	GetSizeofClass	128	SIZE_CONFLICT	GetSizeofClass
CEngineInternalPrimitive2DMorphedAnimatedMesh	0x0	void*	__vftable	4	char	a	336	CONFLICT	CEngineInternalPrimitive2DMorphedAnimatedMesh_Update_00bd2d50.cpp
CEngineInternalPrimitive2DMorphedAnimatedMesh	0x150	unsigned char	_pad_0x150	4	S_00bd9820*	sub	4	RETAIL_ONLY	CEngineInternalPrimitive2DMorphedAnimatedMesh_GetMorphInfo_00bd9820.cpp
CEngineInternalPrimitive2DMorphedAnimatedMesh	0x150	unsigned char	_pad_0x150	4	Sub	sub	4	RETAIL_ONLY	CEngineInternalPrimitive2DMorphedAnimatedMesh_Update_00bd2d50.cpp
CEngineInternalPrimitive2DStaticMesh	0x108	float	WorldPos_X	4	C3DVector	m_worldPos	4	CONFLICT	CEngineInternalPrimitive2DStaticMesh_GetWorldPosition_00b9d040.cpp
CEngineInternalPrimitive2DStaticMesh	0x70	unsigned char	_pad_0x70	4	long	transform	4	RETAIL_ONLY	previous header
CEngineInternalPrimitive2DText	0x0	void*	__vftable	4	char	a	12	CONFLICT	CEngineInternalPrimitive2DText_Update_00bc6860.cpp
CEngineInternalPrimitive2DText	0x10	unsigned char	_pad_0x10	4	char	b	56	CONFLICT	CEngineInternalPrimitive2DText_Update_00bc6860.cpp
CEngineInternalPrimitive2DText	0x48	unsigned char	_pad_0x48	4	V	v48	4	RETAIL_ONLY	CEngineInternalPrimitive2DText_Update_00bc6860.cpp
CEngineInternalPrimitive2DText	0x4c	unsigned char	_pad_0x4c	4	char	c	4	RETAIL_ONLY	CEngineInternalPrimitive2DText_Update_00bc6860.cpp
CEngineInternalPrimitive2DText	0x50	unsigned char	_pad_0x50	4	Sub	sub60	4	RETAIL_ONLY	CEngineInternalPrimitive2DText_Update_00bc6860.cpp
CEngineInternalPrimitive2DText	0xc	unsigned char	_pad_0x0c	4	unsigned long	fc	4	RETAIL_ONLY	CEngineInternalPrimitive2DText_Update_00bc6860.cpp
CEngineInternalPrimitiveAnimatedMesh	0x194			300	x94	region	4	SIZE_CONFLICT	CEngineInternalPrimitiveAnimatedMesh_GetTransformFrameEnd_00bcea10.cpp
CEngineInternalPrimitiveAnimatedMesh	0x58	unsigned char	_pad_0x58	4	int	field58	4	RETAIL_ONLY	CEngineInternalPrimitiveAnimatedMesh_GetTransformFrameEnd_00bcea10.cpp
CEngineInternalPrimitiveAnimatedMesh	0x58	unsigned char	_pad_0x58	4	int	m58	4	RETAIL_ONLY	CEngineInternalPrimitiveAnimatedMesh_GetTransformFrameStart_00bce9f0.cpp
CEngineInternalPrimitiveAnimatedMesh	0x88	C3DPositionInterpolator	WorldPos	28	char	m88	28	CONFLICT	CEngineInternalPrimitiveAnimatedMesh_GetTransformFrameStart_00bce9f0.cpp
CEngineInternalPrimitiveAnimatedMesh	0x94	C3DPositionInterpolator	WorldPos	28	char	field94	256	CONFLICT	CEngineInternalPrimitiveAnimatedMesh_GetTransformFrameEnd_00bcea10.cpp
CEngineInternalPrimitiveAnimatedMesh	0xa4	C3DOrientationInterpolator	Orientation	52	char	mA4	28	CONTAINED	CEngineInternalPrimitiveAnimatedMesh_GetTransformFrameStart_00bce9f0.cpp
CEngineInternalPrimitiveAnimatedMesh	0xe0	CCache	Cache	16	S_00bd93c0*	sub	4	CONTAINED	CEngineInternalPrimitiveAnimatedMesh_PeekRenderInfoMeshBase_00bd93c0.cpp
CEngineInternalPrimitiveBase	0x14	float	FadeDistance_FadeBeginDistance	4	int	f14	4	CONFLICT	CEngineInternalPrimitiveBase_GetFadeDistance_00b3a990.cpp
CEngineInternalPrimitiveBase	0x18	float	FadeDistance_MaxDrawDistance	4	int	f18	4	CONFLICT	CEngineInternalPrimitiveBase_GetFadeDistance_00b3a990.cpp
CEngineInternalPrimitiveDecal	0x54	float	WorldPos_X	4	C3DVector	m_worldPosition	4	CONFLICT	CEngineInternalPrimitiveDecal_GetWorldPosition_00bbbb40.cpp
CEngineInternalPrimitiveGroup	0x50	CArray<CEnginePrimitiveHandle>	Primitives	16	CInner	inner	4	CONTAINED	CEngineInternalPrimitiveGroup_Update_00bc64d0.cpp
CEngineInternalPrimitiveGroup	0x5c	CArray<CEnginePrimitiveHandle>	Primitives	16	unsigned long	m_5c	4	CONTAINED	CEngineInternalPrimitiveGroup_Update_00bc64d0.cpp
CEngineInternalPrimitiveMeshBase	0x50	C3DMeshInfo*	MeshInfo	4	CEngineInternalPrimitiveMeshBase*	m_inner	4	AGREE	CEngineInternalPrimitiveMeshBase_CollectStats_00bec8b0.cpp
CEngineInternalPrimitiveMeshBase	0x54	C3DMeshInfo*	ShadowMeshInfo	4	float	m_scale	4	CONFLICT	CEngineInternalPrimitiveMeshBase_GetBoundingSphereRadiusWorldSpace_00ba8010.cpp
CEngineInternalPrimitiveMorphedAnimatedMesh	0x0	void*	__vftable	4	char	a	296	CONFLICT	CEngineInternalPrimitiveMorphedAnimatedMesh_Update_00bd2b70.cpp
CEngineInternalPrimitiveMorphedAnimatedMesh	0x128	unsigned char	_pad_0x128	4	S_00bd9a30*	sub	4	RETAIL_ONLY	CEngineInternalPrimitiveMorphedAnimatedMesh_GetMorphInfo_00bd9a30.cpp
CEngineInternalPrimitiveMorphedAnimatedMesh	0x128	unsigned char	_pad_0x128	4	Sub	sub	4	RETAIL_ONLY	CEngineInternalPrimitiveMorphedAnimatedMesh_Update_00bd2b70.cpp
CEngineInternalPrimitiveMorphedStaticMesh	0x0	void*	__vftable	4	char	a	12	CONFLICT	CEngineInternalPrimitiveMorphedStaticMesh_Update_00b9e570.cpp
CEngineInternalPrimitiveMorphedStaticMesh	0x10	unsigned char	_pad_0x10	4	char	b	156	CONFLICT	CEngineInternalPrimitiveMorphedStaticMesh_Update_00b9e570.cpp
CEngineInternalPrimitiveMorphedStaticMesh	0xac	CEngineInternalPrimitiveMorphInfo	Morph	72	Sub	sub	4	CONTAINED	CEngineInternalPrimitiveMorphedStaticMesh_Update_00b9e570.cpp
CEngineInternalPrimitiveMorphedStaticMesh	0xac	CEngineInternalPrimitiveMorphInfo	Morph	72	Sub_00baa370*	sub	4	CONTAINED	CEngineInternalPrimitiveMorphedStaticMesh_GetMorphInfo_00baa370.cpp
CEngineInternalPrimitiveMorphedStaticMesh	0xc	unsigned char	_pad_0x0c	4	unsigned long	fc	4	RETAIL_ONLY	CEngineInternalPrimitiveMorphedStaticMesh_Update_00b9e570.cpp
CEngineInternalPrimitiveOcclusionGroup	0x54	CEngineSceneGrid*	Grid	4	COcclusionInner*	f54	4	AGREE	CEngineInternalPrimitiveOcclusionGroup_GetBoundingBoxWorldSpace_00bacba0.cpp
CEngineInternalPrimitiveOcclusionGroup	0x58	unsigned long	GridX	4	int	f58	4	AGREE	CEngineInternalPrimitiveOcclusionGroup_GetBoundingBoxWorldSpace_00bacba0.cpp
CEngineInternalPrimitiveOcclusionGroup	0x5c	unsigned long	GridY	4	int	f5c	4	AGREE	CEngineInternalPrimitiveOcclusionGroup_GetBoundingBoxWorldSpace_00bacba0.cpp
CEngineInternalPrimitiveParticleDecal	0x0	void*	__vftable	4	char	a	12	CONFLICT	CEngineInternalPrimitiveParticleDecal_Update_00bb6ce0.cpp
CEngineInternalPrimitiveParticleDecal	0x10	unsigned char	_pad_0x10	4	char	b	56	CONFLICT	CEngineInternalPrimitiveParticleDecal_Update_00bb6ce0.cpp
CEngineInternalPrimitiveParticleDecal	0x48	float	WorldPos_X	4	C3DVector	m_pos	4	CONFLICT	CEngineInternalPrimitiveParticleDecal_GetWorldPosition_00bb6d50.cpp
CEngineInternalPrimitiveParticleDecal	0x48	float	WorldPos_X	4	V	v48	4	CONFLICT	CEngineInternalPrimitiveParticleDecal_Update_00bb6ce0.cpp
CEngineInternalPrimitiveParticleDecal	0x4c	float	WorldPos_Y	4	V6	blk64	4	CONFLICT	CEngineInternalPrimitiveParticleDecal_Update_00bb6ce0.cpp
CEngineInternalPrimitiveParticleDecal	0xc	unsigned char	_pad_0x0c	4	unsigned long	fc	4	RETAIL_ONLY	CEngineInternalPrimitiveParticleDecal_Update_00bb6ce0.cpp
CEngineInternalPrimitiveParticleDecalGroup	0x0	void*	__vftable	4	char	a	12	CONFLICT	CEngineInternalPrimitiveParticleDecalGroup_Update_00bb6d70.cpp
CEngineInternalPrimitiveParticleDecalGroup	0x10	unsigned char	_pad_0x10	4	char	b	156	CONFLICT	CEngineInternalPrimitiveParticleDecalGroup_Update_00bb6d70.cpp
CEngineInternalPrimitiveParticleDecalGroup	0xac	unsigned char	_pad_0xac	4	unsigned long	fac	4	RETAIL_ONLY	CEngineInternalPrimitiveParticleDecalGroup_Update_00bb6d70.cpp
CEngineInternalPrimitiveParticleDecalGroup	0xb0	unsigned char	_pad_0xb0	4	unsigned short	fb0	2	RETAIL_ONLY	CEngineInternalPrimitiveParticleDecalGroup_Update_00bb6d70.cpp
CEngineInternalPrimitiveParticleDecalGroup	0xb2	unsigned char	_pad_0xb0	4	char	c	2	RETAIL_ONLY	CEngineInternalPrimitiveParticleDecalGroup_Update_00bb6d70.cpp
CEngineInternalPrimitiveParticleDecalGroup	0xb4	unsigned char	_pad_0xb4	4	unsigned char	fc0	1	RETAIL_ONLY	CEngineInternalPrimitiveParticleDecalGroup_Update_00bb6d70.cpp
CEngineInternalPrimitiveParticleDecalGroup	0xc	unsigned char	_pad_0x0c	4	unsigned long	fc	4	RETAIL_ONLY	CEngineInternalPrimitiveParticleDecalGroup_Update_00bb6d70.cpp
CEngineInternalPrimitiveParticleGroup	0x5c	CArray<CEngineInternalPrimitiveParticleGroup::CPrimitiveIterator>	PrimitiveIDToIterator	16	C3DVector	m_position	4	CONTAINED	CEngineInternalPrimitiveParticleGroup_GetWorldPosition_00bbbe40.cpp
CEngineInternalPrimitiveParticleGroup	0x5c	CArray<CEngineInternalPrimitiveParticleGroup::CPrimitiveIterator>	PrimitiveIDToIterator	16	P_00bbbe10	v	4	CONTAINED	CEngineInternalPrimitiveParticleGroup_GetBoundingSphereWorldSpace_00bbbe10.cpp
CEngineInternalPrimitiveParticleLine	0x0	void*	__vftable	4	char	a	12	CONFLICT	CEngineInternalPrimitiveParticleLine_Update_00bc3d00.cpp
CEngineInternalPrimitiveParticleLine	0x10	unsigned char	_pad_0x10	4	char	b	56	CONFLICT	CEngineInternalPrimitiveParticleLine_Update_00bc3d00.cpp
CEngineInternalPrimitiveParticleLine	0x48	float	Start_X	4	V	v48	4	CONFLICT	CEngineInternalPrimitiveParticleLine_Update_00bc3d00.cpp
CEngineInternalPrimitiveParticleLine	0x4c	float	Start_Y	4	V	v54	4	CONFLICT	CEngineInternalPrimitiveParticleLine_Update_00bc3d00.cpp
CEngineInternalPrimitiveParticleLine	0xc	unsigned char	_pad_0x0c	4	unsigned long	fc	4	RETAIL_ONLY	CEngineInternalPrimitiveParticleLine_Update_00bc3d00.cpp
CEngineInternalPrimitiveParticleLineGroup	0x0	void*	__vftable	4	char	a	12	CONFLICT	CEngineInternalPrimitiveParticleLineGroup_Update_00bc3db0.cpp
CEngineInternalPrimitiveParticleLineGroup	0x10	unsigned char	_pad_0x10	4	char	b	156	CONFLICT	CEngineInternalPrimitiveParticleLineGroup_Update_00bc3db0.cpp
CEngineInternalPrimitiveParticleLineGroup	0xac	unsigned char	_pad_0xac	4	unsigned long	fac	4	RETAIL_ONLY	CEngineInternalPrimitiveParticleLineGroup_Update_00bc3db0.cpp
CEngineInternalPrimitiveParticleLineGroup	0xb0	unsigned char	_pad_0xb0	4	unsigned short	fb0	2	RETAIL_ONLY	CEngineInternalPrimitiveParticleLineGroup_Update_00bc3db0.cpp
CEngineInternalPrimitiveParticleLineGroup	0xb2	unsigned char	_pad_0xb0	4	char	c	2	RETAIL_ONLY	CEngineInternalPrimitiveParticleLineGroup_Update_00bc3db0.cpp
CEngineInternalPrimitiveParticleLineGroup	0xb4	unsigned char	_pad_0xb4	4	unsigned long	fb4	4	RETAIL_ONLY	CEngineInternalPrimitiveParticleLineGroup_Update_00bc3db0.cpp
CEngineInternalPrimitiveParticleLineGroup	0xb8	unsigned char	_pad_0xb8	4	unsigned long	fb8	4	RETAIL_ONLY	CEngineInternalPrimitiveParticleLineGroup_Update_00bc3db0.cpp
CEngineInternalPrimitiveParticleLineGroup	0xc	unsigned char	_pad_0x0c	4	unsigned long	fc	4	RETAIL_ONLY	CEngineInternalPrimitiveParticleLineGroup_Update_00bc3db0.cpp
CEngineInternalPrimitiveParticleMesh	0x7c	CEngineLocalLightArray*	RenderInfo_Lights	4	Sub_00bc3af0*	sub	4	AGREE	CEngineInternalPrimitiveParticleMesh_PeekRenderInfoMeshBase_00bc3af0.cpp
CEngineInternalPrimitiveParticleSprite	0x0	void*	__vftable	4	char	a	12	CONFLICT	CEngineInternalPrimitiveParticleSprite_Update_00bbf2b0.cpp
CEngineInternalPrimitiveParticleSprite	0x10	unsigned char	_pad_0x10	4	char	b	56	CONFLICT	CEngineInternalPrimitiveParticleSprite_Update_00bbf2b0.cpp
CEngineInternalPrimitiveParticleSprite	0x48	float	WorldPos_X	4	V	v48	4	CONFLICT	CEngineInternalPrimitiveParticleSprite_Update_00bbf2b0.cpp
CEngineInternalPrimitiveParticleSprite	0x48	float	WorldPos_X	4	Vec3	pos	4	CONFLICT	CEngineInternalPrimitiveParticleSprite_GetWorldPosition_00bbf300.cpp
CEngineInternalPrimitiveParticleSprite	0xc	unsigned char	_pad_0x0c	4	unsigned long	fc	4	RETAIL_ONLY	CEngineInternalPrimitiveParticleSprite_Update_00bbf2b0.cpp
CEngineInternalPrimitiveParticleSpriteGroup	0x0	void*	__vftable	4	char	a	12	CONFLICT	CEngineInternalPrimitiveParticleSpriteGroup_Update_00bbf320.cpp
CEngineInternalPrimitiveParticleSpriteGroup	0x10	unsigned char	_pad_0x10	4	char	b	156	CONFLICT	CEngineInternalPrimitiveParticleSpriteGroup_Update_00bbf320.cpp
CEngineInternalPrimitiveParticleSpriteGroup	0xac	unsigned char	_pad_0xac	4	unsigned long	fac	4	RETAIL_ONLY	CEngineInternalPrimitiveParticleSpriteGroup_Update_00bbf320.cpp
CEngineInternalPrimitiveParticleSpriteGroup	0xb0	unsigned char	_pad_0xb0	4	unsigned short	fb0	2	RETAIL_ONLY	CEngineInternalPrimitiveParticleSpriteGroup_Update_00bbf320.cpp
CEngineInternalPrimitiveParticleSpriteGroup	0xb2	unsigned char	_pad_0xb0	4	char	c	2	RETAIL_ONLY	CEngineInternalPrimitiveParticleSpriteGroup_Update_00bbf320.cpp
CEngineInternalPrimitiveParticleSpriteGroup	0xb4	unsigned char	_pad_0xb4	4	unsigned long	fb4	4	RETAIL_ONLY	CEngineInternalPrimitiveParticleSpriteGroup_Update_00bbf320.cpp
CEngineInternalPrimitiveParticleSpriteGroup	0xb8	unsigned char	_pad_0xb8	4	unsigned long	fb8	4	RETAIL_ONLY	CEngineInternalPrimitiveParticleSpriteGroup_Update_00bbf320.cpp
CEngineInternalPrimitiveParticleSpriteGroup	0xc	unsigned char	_pad_0x0c	4	unsigned long	fc	4	RETAIL_ONLY	CEngineInternalPrimitiveParticleSpriteGroup_Update_00bbf320.cpp
CEngineInternalPrimitiveRepeatedStaticMesh	0x58	C3DBoundingBox	BoundingBox	24	P_00b98d70	v	4	CONTAINED	CEngineInternalPrimitiveRepeatedStaticMesh_GetBoundingBoxWorldSpace_00b98d70.cpp
CEngineInternalPrimitiveRepeatedZSprite	0x74	C3DBoundingBox	BoundingBox	24	P_00baa430	v	4	CONTAINED	CEngineInternalPrimitiveRepeatedZSprite_GetBoundingBoxWorldSpace_00baa430.cpp
CEngineInternalPrimitiveSprite	0x48	float	WorldPos_X	4	Vec3	pos	4	CONFLICT	CEngineInternalPrimitive2DStaticMesh_GetWorldPosition_00bb16e0.cpp
CEngineInternalPrimitiveStaticMesh	0x58	unsigned char	_pad_0x58	4	int	field58	4	RETAIL_ONLY	CEngineInternalPrimitiveStaticMesh_SetPosition_00b9cfa0.cpp
CEngineInternalPrimitiveStaticMesh	0x58	unsigned char	_pad_0x58	4	long	field58	4	RETAIL_ONLY	previous header
CEngineInternalPrimitiveStaticMesh	0x70	CMatrix3x4	ObjectTransform	48	CMatrix3x4	frame	4	CONTAINED	CEngineInternalPrimitiveStaticMesh_GetTransformFrameStart_00b9d000.cpp
CEngineInternalPrimitiveStaticMesh	0x70	CMatrix3x4	ObjectTransform	48	CMatrix3x4	frameEnd	4	CONTAINED	CEngineInternalPrimitiveStaticMesh_GetTransformFrameEnd_00b9d020.cpp
CEngineInternalPrimitiveStaticMesh	0x70	CMatrix3x4	ObjectTransform	48	CMatrix3x4	transform	4	CONTAINED	CEngineInternalPrimitiveStaticMesh_GetObjectTransform_00b9cfc0.cpp
CEngineInternalPrimitiveStaticMesh	0x70	CMatrix3x4	ObjectTransform	48	CMatrix3x4	transform	4	CONTAINED	CEngineInternalPrimitiveStaticMesh_SetObjectTransformCEngineInternalPrimitiveStatic_00b9cfe0.cpp
CEngineInternalPrimitiveStaticMesh	0x70	CMatrix3x4	ObjectTransform	48	char	sub	1	CONTAINED	CEngineInternalPrimitiveStaticMesh_SetPosition_00b9cfa0.cpp
CEngineInternalPrimitiveStaticMesh	0xa0	CEngineRenderInfoStaticMesh	RenderInfo	12	Sub_00ba80e0*	sub	4	CONTAINED	CEngineInternalPrimitiveStaticMesh_PeekRenderInfoMeshBase_00ba80e0.cpp
CEngineInternalPrimitiveStaticMeshFromFile	0xc	unsigned char	_base_0x04	168	long	fc	4	RETAIL_ONLY	previous header
CEngineInternalPrimitiveText	0x0	void*	__vftable	4	char	a	12	CONFLICT	CEngineInternalPrimitiveText_Update_00bc6810.cpp
CEngineInternalPrimitiveText	0x10	unsigned char	_pad_0x10	4	char	b	56	CONFLICT	CEngineInternalPrimitiveText_Update_00bc6810.cpp
CEngineInternalPrimitiveText	0x48	float	Pos_X	4	V	v48	4	CONFLICT	CEngineInternalPrimitiveText_Update_00bc6810.cpp
CEngineInternalPrimitiveText	0x4c	float	Pos_Y	4	unsigned char	f5c	1	CONFLICT	CEngineInternalPrimitiveText_Update_00bc6810.cpp
CEngineInternalPrimitiveText	0x4d	float	Pos_Y	4	char	c	3	CONFLICT	CEngineInternalPrimitiveText_Update_00bc6810.cpp
CEngineInternalPrimitiveText	0x50	float	Pos_Z	4	Sub	sub60	4	CONFLICT	CEngineInternalPrimitiveText_Update_00bc6810.cpp
CEngineInternalPrimitiveText	0x54	float	Scale	4	int	f64	4	CONFLICT	CEngineInternalPrimitiveText_Update_00bc6810.cpp
CEngineInternalPrimitiveText	0xc	unsigned char	_pad_0x0c	4	unsigned long	fc	4	RETAIL_ONLY	CEngineInternalPrimitiveText_Update_00bc6810.cpp
CEngineInternalPrimitiveWeatherMask	0x0	void*	__vftable	4	char	a	12	CONFLICT	CEngineInternalPrimitiveWeatherMask_Update_00bb6980.cpp
CEngineInternalPrimitiveWeatherMask	0x10	unsigned char	_pad_0x10	4	char	b	56	CONFLICT	CEngineInternalPrimitiveWeatherMask_Update_00bb6980.cpp
CEngineInternalPrimitiveWeatherMask	0x48	C3DBoundingSphere	BSphere	16	V4	blk48	4	CONTAINED	CEngineInternalPrimitiveWeatherMask_Update_00bb6980.cpp
CEngineInternalPrimitiveWeatherMask	0x4c	C3DBoundingSphere	BSphere	16	V6	blk58	4	CONTAINED	CEngineInternalPrimitiveWeatherMask_Update_00bb6980.cpp
CEngineInternalPrimitiveWeatherMask	0x50	C3DBoundingSphere	BSphere	16	V12	blk70	4	CONTAINED	CEngineInternalPrimitiveWeatherMask_Update_00bb6980.cpp
CEngineInternalPrimitiveWeatherMask	0xc	unsigned char	_pad_0x0c	4	unsigned long	fc	4	RETAIL_ONLY	CEngineInternalPrimitiveWeatherMask_Update_00bb6980.cpp
CEngineLandscapeMap	0x4	CLandscapeBackgroundTreeNode*	PatchTree	4	CBackgroundTesselator*	m_tess	4	AGREE	CEngineLandscapeMap_UpdateBackgroundTesselation_00bdc020.cpp
CEngineLandscapeMap	0x4	CLandscapeBackgroundTreeNode*	PatchTree	4	CLandscapeBackgroundMap*	m_pBackgroundMap	4	AGREE	CEngineLandscapeMap_IsBackgroundAtFullDetailInArea_00bdc150.cpp
CEngineLandscapeMap	0x5c	long	CreationFlags	4	char	m_updating	1	CONFLICT	CEngineLandscapeMap_UpdateBackgroundTesselation_00bdc020.cpp
CEngineLandscapeMap	0x5c	long	CreationFlags	4	unsigned char	f	1	CONFLICT	CEngineLandscapeMap_CanRelocateData_00bdc140.cpp
CEngineLandscapeMap	0x8	CEngineLandscapePatch*	Patches	4	char	m_fill	84	CONFLICT	CEngineLandscapeMap_UpdateBackgroundTesselation_00bdc020.cpp
CEngineLandscapeMemoryManager	0x0	void*	__vftable	4	int	x	4	AGREE_KIND_SOFT	CEngineLandscapeMemoryManager_CanRelocateData_00bd9b80.cpp
CEngineLandscapeMemoryManager	0x34	list<CVertexBufferWin32_*,std::allocator<CVertexBufferWin32_*>_>[3]	VertexBufferDisposalList	36	int	frame	4	CONTAINED	CEngineLandscapeMemoryManager_FrameStart_00bd9ac0.cpp
CEngineLandscapeMemoryManager	0x39	list<CVertexBufferWin32_*,std::allocator<CVertexBufferWin32_*>_>[3]	VertexBufferDisposalList	36	bool	m_poolEnabled	1	CONTAINED	CEngineLandscapeMemoryManager_EnablePoolAllocation_00bda070.cpp
CEngineLandscapeMemoryManager	0x40	list<CVertexBufferWin32_*,std::allocator<CVertexBufferWin32_*>_>[3]	VertexBufferDisposalList	36	unsigned char	flag	1	CONTAINED	CEngineLandscapeMemoryManager_FrameStart_00bd9ac0.cpp
CEngineLandscapePatch	0x0	void*	__vftable	4	char	a	4	AGREE_KIND_SOFT	Initialise_Initialise_00bf3700.cpp
CEngineLandscapePatch	0x4	CEngineLandscapeMap*	Map	4	int	f4	4	AGREE_KIND_SOFT	Initialise_Initialise_00bf3700.cpp
CEngineLandscapePatch	0x8	CLandscapeLayerMesh*	LayerMeshList	4	char	b	48	CONFLICT	Initialise_Initialise_00bf3700.cpp
CEngineLocalDetailGenerator	0x3c	CArray<NLocalDetailCache::CCacheGroup>	CacheFadeGroups	16	FadeEntry	entries	256	CONFLICT	CEngineLocalDetailGenerator_ModifyFadeDistanceForVideoOptions_00b597e0.cpp
CEngineLocalDetailGeneratorDef	size			80	sizeof	GetSizeofClass	72	SIZE_CONFLICT	GetSizeofClass
CEngineLocalDetailLayerDef	0x3c	unsigned char	_pad_0x3c	4	SubA	m3c	4	RETAIL_ONLY	CEngineLocalDetailLayerDef_TransferCEngineLocalDetailLayerDefUAEXAAVCPersis_00477cb1.cpp
CEngineLocalDetailLayerDef	0x40	vector<float,std::allocator<float>_>	SpacingFromLayer	16	SubB	m48	4	CONTAINED	CEngineLocalDetailLayerDef_TransferCEngineLocalDetailLayerDefUAEXAAVCPersis_00477cb1.cpp
CEngineLocalDetailLayerDef	size			96	sizeof	GetSizeofClass	84	SIZE_CONFLICT	GetSizeofClass
CEngineLocalDetailObjectDef	size			140	sizeof	GetSizeofClass	136	SIZE_CONFLICT	GetSizeofClass
CEnginePrimitiveManager2DSprites	0x8	unsigned char	_pad_0x08	4	unsigned char	active	1	RETAIL_ONLY	CEnginePrimitiveManager2DSprites_Render2DPrimitive_00baced0.cpp
CEnginePrimitiveManager2DSprites	0x8	unsigned char	_pad_0x08	4	unsigned char	active	1	RETAIL_ONLY	previous header
CEnginePrimitiveManagerSprites	0x8	unsigned char	_base_0x04	8	unsigned char	enabled	1	RETAIL_ONLY	previous header
CEngineSceneGridCell	0x0	CEngineSceneGridCell*	Parent	4	CEngineSceneGridCell*	Parent	4	AGREE	CEngineSceneGridCell_InvalidateAll_00b91710.cpp
CEngineSceneGridCell	0x4	CEngineInternalPrimitiveBase*	FirstPrimitive	4	char	m_between04And44	64	CONFLICT	CEngineSceneGridCell_InvalidateAll_00b91710.cpp
CEngineSceneGridCell	0x44	bitfield group: uchar:1	HasOcclusionResults	1	unsigned char	m_validFlags	1	CONTAINED	CEngineSceneGridCell_InvalidateAll_00b91710.cpp
CEngineScreenEffectColourFilter	0x8	unsigned char	_pad_0x08	4	unsigned char	enabled	1	RETAIL_ONLY	previous header
CEngineScreenEffectDisplacementRenderer	0x18	long	DynamicTexturePageHandle	4	unsigned long	f	4	AGREE	CEngineScreenEffectDisplacementRenderer_OnReleaseDefaultPoolResources_00b86970.cpp
CEngineScreenEffectGlowRenderer	0x30	long	DynamicTexturePageHandle	4	unsigned long	f	4	AGREE	CEngineScreenEffectGlowRenderer_OnReleaseDefaultPoolResources_00b5ec60.cpp
CEngineScreenEffectRadialBlurRenderer	0x1c	long	DynamicTexturePageHandle	4	unsigned long	f	4	AGREE	CEngineScreenEffectRadialBlurRenderer_OnReleaseDefaultPoolResources_00b5bd00.cpp
CEngineSubPrimitiveRenderer	0x10	float	MaxSortDistance	4	float	maxSortDistance	4	AGREE	CEngineSubPrimitiveRenderer_SetMaxSortDistance_00b84290.cpp
CEngineSubPrimitiveRenderer	0x14	float	SortDistanceMultiplier	4	float	invMaxSortDistance	4	AGREE	CEngineSubPrimitiveRenderer_SetMaxSortDistance_00b84290.cpp
CEngineThemeDef	size			168	sizeof	GetSizeofClass	164	SIZE_CONFLICT	GetSizeofClass
CEngineThemeGroupDef	0x0	void*	__vftable	4	unsigned char	_retailDefinitionBase	57	CONFLICT	CEngineThemeGroupDef_Copy_004629b9.cpp
CEngineThemeGroupDef	size			62	sizeof	GetSizeofClass	58	SIZE_CONFLICT	GetSizeofClass
CEngineVSConstantLayoutLightsBones	0x0	void*	__vftable	4	int	x	4	AGREE_KIND_SOFT	CEngineVSConstantLayoutLightsBones_PeekName_00bdb2f0.cpp
CEngineVideoOptionsDef	size			124	sizeof	GetSizeofClass	120	SIZE_CONFLICT	GetSizeofClass
CEngineWaterBackgroundSubPatch	0x0	void*	__vftable	4	char	p	4	AGREE_KIND_SOFT	CEngineWaterBackgroundSubPatch_CanRelocateData_00bfd390.cpp
CEngineWaterBackgroundSubPatch	0x4	CEngineLandscapeMap*	Map	4	S*	f4	4	AGREE	CEngineWaterBackgroundSubPatch_CanRelocateData_00bfd390.cpp
CEntitySoundDef	size			92	sizeof	GetSizeofClass	84	SIZE_CONFLICT	GetSizeofClass
CEnvironment	0x1894	CEnvironmentGameTickState	PrevGameTickState	3248	char	sub	1	CONTAINED	CEnvironment_PeekInterpolatedParams_006b7350.cpp
CEnvironment	0xc10	CEnvironmentGameTickState	GameTickState	3248	float	f	4	CONTAINED	CEnvironment_PeekWindSpeed_006b7320.cpp
CEnvironment	0xc14	CEnvironmentGameTickState	GameTickState	3248	char	sub	1	CONTAINED	CEnvironment_PeekWindDirection_006b7310.cpp
CEnvironment	0xc30	CEnvironmentGameTickState	GameTickState	3248	char	sub	1	CONTAINED	CEnvironment_PeekSunVector_006b7330.cpp
CEnvironment	0xc3c	CEnvironmentGameTickState	GameTickState	3248	char	sub	1	CONTAINED	CEnvironment_PeekMoonVector_006b7340.cpp
CEnvironmentDef	size			312	sizeof	GetSizeofClass	308	SIZE_CONFLICT	GetSizeofClass
CEnvironmentThemeDaySetDef	size			116	sizeof	GetSizeofClass	108	SIZE_CONFLICT	GetSizeofClass
CEnvironmentThemeDef	size			200	sizeof	GetSizeofClass	196	SIZE_CONFLICT	GetSizeofClass
CEnvironmentThemePriorityStackEntry	0x14	CArray<NEnvironmentInternal::CEnvironmentThemePriorityStackEntry::CThemeWeight>	Themes	16	long	ThemeTransitionTargetID	4	CONTAINED	CEnvironmentThemePriorityStackEntry_TransitionToDefaultTheme_00886400.cpp
CEnvironmentThemePriorityStackEntry	0x18	long	ThemeTransitionTargetID	4	float	ThemeTransitionInitialWeight	4	CONFLICT	CEnvironmentThemePriorityStackEntry_TransitionToDefaultTheme_00886400.cpp
CEnvironmentThemePriorityStackEntry	0x1c	float	ThemeTransitionInitialWeight	4	bool	ThemeTransitionActive	1	CONFLICT	CEnvironmentThemePriorityStackEntry_TransitionToDefaultTheme_00886400.cpp
CEnvironmentThemePriorityStackEntry	0x1d	float	ThemeTransitionInitialWeight	4	unsigned char	Alignment	3	CONFLICT	CEnvironmentThemePriorityStackEntry_TransitionToDefaultTheme_00886400.cpp
CEnvironmentThemePriorityStackEntry	0x20	bool	ThemeTransitionActive	1	double	ThemeTransitionStartTime	8	CONFLICT	CEnvironmentThemePriorityStackEntry_TransitionToDefaultTheme_00886400.cpp
CEnvironmentThemePriorityStackEntry	0x28	double	ThemeTransitionStartTime	8	float	ThemeTransitionDuration	4	CONFLICT	CEnvironmentThemePriorityStackEntry_TransitionToDefaultTheme_00886400.cpp
CExperienceDef	size			92	sizeof	GetSizeofClass	80	SIZE_CONFLICT	GetSizeofClass
CExplosionDef	size			116	sizeof	GetSizeofClass	112	SIZE_CONFLICT	GetSizeofClass
CExpressionDef	size			148	sizeof	GetSizeofClass	144	SIZE_CONFLICT	GetSizeofClass
CExpressionSubDef	0x28	long	ExpressionDef	4	int	f28	4	AGREE	CExpressionSubDef_Copy_004e0ca7.cpp
CFactionDef	0x3c	unsigned char	_pad_0x3c	4	SubA	a	4	RETAIL_ONLY	CFactionDef_TransferCFactionDefUAEXAAVCPersistContextZ_004717a1.cpp
CFactionDef	0x40	vector<CCharString,std::allocator<CCharString>_>	EnemyFactions	16	SubB	b	4	CONTAINED	CFactionDef_TransferCFactionDefUAEXAAVCPersistContextZ_004717a1.cpp
CFactionDef	size			96	sizeof	GetSizeofClass	84	SIZE_CONFLICT	GetSizeofClass
CFadeInFadeOutBase	0x0	bool	Active	1	bool	Active	1	AGREE	CFadeInFadeOutBase_IsOpen_0048da30.cpp
CFadeInFadeOutBase	0xc	bool	Closing	1	bool	Closing	1	AGREE	CFadeInFadeOutBase_IsOpen_0048da30.cpp
CFadeInFadeOutBase	0xd	bool	Opening	1	bool	Opening	1	AGREE	CFadeInFadeOutBase_IsOpen_0048da30.cpp
CFileDataOutputStream	0x4	unsigned char	_pad_0x04	4	long	field4	4	RETAIL_ONLY	previous header
CFireballSpellLevelDef	0x28	long	SpellLevel	4	unsigned long	field28	4	AGREE	CFireballSpellLevelDef_Copy_004e0f34.cpp
CFireheartMinigameDef	0x28	CCharStringData*	MoonFX_PStringData	4	Field	f0	4	AGREE_KIND_SOFT	CFireheartMinigameDef_TransferCFireheartMinigameDefUAEXAAVCPersistCont_004df6f4.cpp
CFireheartMinigameDef	0x2c	CCharStringData*	SunFX_PStringData	4	Field	f1	4	AGREE_KIND_SOFT	CFireheartMinigameDef_TransferCFireheartMinigameDefUAEXAAVCPersistCont_004df6f4.cpp
CFireheartMinigameDef	0x30	unsigned long	QuitText	4	Field	f2	4	AGREE	CFireheartMinigameDef_TransferCFireheartMinigameDefUAEXAAVCPersistCont_004df6f4.cpp
CFireheartMinigameDef	0x34	unsigned long	YesText	4	Field	f3	4	AGREE	CFireheartMinigameDef_TransferCFireheartMinigameDefUAEXAAVCPersistCont_004df6f4.cpp
CFireheartMinigameDef	0x38	unsigned long	NoText	4	Field	f4	4	AGREE	CFireheartMinigameDef_TransferCFireheartMinigameDefUAEXAAVCPersistCont_004df6f4.cpp
CFishingDef	size			128	sizeof	GetSizeofClass	124	SIZE_CONFLICT	GetSizeofClass
CFishingRodDef	0x28	float	StrainReductionPerSecond	4	Field	f0	4	CONFLICT	CFishingRodDef_TransferCFishingRodDefUAEXAAVCPersistContextZ_004df107.cpp
CFishingRodDef	0x2c	float	DistanceDecreasePerPress	4	Field	f1	4	CONFLICT	CFishingRodDef_TransferCFishingRodDefUAEXAAVCPersistContextZ_004df107.cpp
CFishingRodDef	0x30	float	PullingDistanceDecreasePerPress	4	Field	f2	4	CONFLICT	CFishingRodDef_TransferCFishingRodDefUAEXAAVCPersistContextZ_004df107.cpp
CFishingRodDef	0x34	float	MaxStrain	4	Field	f3	4	CONFLICT	CFishingRodDef_TransferCFishingRodDefUAEXAAVCPersistContextZ_004df107.cpp
CFishingRodDef	0x38	float	MaxLengthMetres	4	Field	f4	4	CONFLICT	CFishingRodDef_TransferCFishingRodDefUAEXAAVCPersistContextZ_004df107.cpp
CFlammableDef	0x28	long	FireResistance	4	Field	f0	4	AGREE	CFlammableDef_TransferCFlammableDefUAEXAAVCPersistContextZ_004e599d.cpp
CFlammableDef	0x2c	float	MaxDamageCaused	4	Field	f1	4	CONFLICT	CFlammableDef_TransferCFlammableDefUAEXAAVCPersistContextZ_004e599d.cpp
CFlammableDef	0x30	float	FireDamagePerCycle	4	Field	f2	4	CONFLICT	CFlammableDef_TransferCFlammableDefUAEXAAVCPersistContextZ_004e599d.cpp
CFlammableDef	0x34	float	FireDamagePeriod	4	Field	f3	4	CONFLICT	CFlammableDef_TransferCFlammableDefUAEXAAVCPersistContextZ_004e599d.cpp
CFlammableDef	0x38	CFireEffectCreationSet	EffectCreationSet	24	Field	f4	4	CONTAINED	CFlammableDef_TransferCFlammableDefUAEXAAVCPersistContextZ_004e599d.cpp
CFlammableDef	size			80	sizeof	GetSizeofClass	76	SIZE_CONFLICT	GetSizeofClass
CFontBankStateBlock	0x0	void*	__vftable	4	char	a	4	AGREE_KIND_SOFT	CFontBankStateBlock_Set_00a632f0.cpp
CFontBankStateBlock	0x0	void*	__vftable	4	int	f0	4	AGREE_KIND_SOFT	CFontBankStateBlock_GetDefault_00a632d0.cpp
CFontBankStateBlock	0x4	CStateBlock	State	12	int	f4	4	CONTAINED	CFontBankStateBlock_GetDefault_00a632d0.cpp
CFontBankStateBlock	0x4	CStateBlock	State	12	unsigned char	fc	1	CONTAINED	CFontBankStateBlock_Set_00a632f0.cpp
CFontBankStateBlock	0x8	CStateBlock	State	12	int	f8	4	CONTAINED	CFontBankStateBlock_GetDefault_00a632d0.cpp
CFontBankStateBlock	0xc	CStateBlock	State	12	char	fc	1	CONTAINED	CFontBankStateBlock_GetDefault_00a632d0.cpp
CFontDataBank	0x0	void*	__vftable	4	int	x	4	AGREE_KIND_SOFT	CFontDataBank_CloseCFontDataBankUAEXXZ_00a635c0.cpp
CFontDataBankEntry	0x4	CFontBank*	Font_Data	4	int	ptr	4	AGREE_KIND_SOFT	CFontDataBankEntry_IsLoaded_00a63550.cpp
CFrontEndDef	size			92	sizeof	GetSizeofClass	84	SIZE_CONFLICT	GetSizeofClass
CGameCameraManager	0x100	vector<CGameCameraManager::CQuake,std::allocator<CGameCameraManager::CQuake>_>	EarthQuakes	16	Sub100	sub100	4	CONTAINED	CGameCameraManager_SetAutomaticCameraControl_00699090.cpp
CGameCameraManager	0x104	vector<CGameCameraManager::CQuake,std::allocator<CGameCameraManager::CQuake>_>	EarthQuakes	16	char	flag12c	1	CONTAINED	CGameCameraManager_SetAutomaticCameraControl_00699090.cpp
CGameCameraManager	0x105	vector<CGameCameraManager::CQuake,std::allocator<CGameCameraManager::CQuake>_>	EarthQuakes	16	char	flag12d	1	CONTAINED	CGameCameraManager_SetAutomaticCameraControl_00699090.cpp
CGameCameraManager	0x10c	float	MaxWorldHeight	4	int	h134	4	CONFLICT	CGameCameraManager_SetAutomaticCameraControl_00699090.cpp
CGameCameraManager	0xb1	list<CIntelligentPointer<CThing>,std::allocator<CIntelligentPointer<CThing>_>_>	AvailableCamPoints	12	unsigned char	changeInControlDirection	1	CONTAINED	CGameCameraManager_SetChangeInControlDirectionCGameCame_00697750.cpp
CGameCameraManager	0xb8	list<CIntelligentPointer<CThing>,std::allocator<CIntelligentPointer<CThing>_>_>	AvailableCamPoints	12	float	m_controlAngleXY	4	CONTAINED	CGameCameraManager_GetControlAngleXYCGameCameraManagerU_00697700.cpp
CGameCameraManager	0xd4	float	RightStickLookAroundAngles_Y	4	Sub*	obj_d4	4	CONFLICT	CGameCameraManager_IsUsingScriptedCameraMode_00697ae0.cpp
CGameCameraManager	0xdc	float	RightStickTargetLookAroundAngles_Y	4	int	flag_dc	4	CONFLICT	CGameCameraManager_IsUsingScriptedCameraMode_00697ae0.cpp
CGameEvent	0x0	long	Type	4	void*	p	4	AGREE_KIND_SOFT	CGameEvent_CGameEvent_004159b0.cpp
CGameEvent	0x25	unsigned char	EndPos	1	unsigned char	b25	1	AGREE	CGameEvent_CGameEvent_004159b0.cpp
CGameEvent	0x26	bool	Valid	1	unsigned char	b26	1	AGREE	CGameEvent_CGameEvent_004159b0.cpp
CGameEvent	0x27	bool	Replacement	1	unsigned char	b27	1	AGREE	CGameEvent_CGameEvent_004159b0.cpp
CGameEvent	0x4	signed char	Player	1	unsigned char	b4	1	AGREE	CGameEvent_CGameEvent_004159b0.cpp
CGameJoystickManager	0x4	long	MainPlayerJoystickDeviceNumber	4	int	deviceNumber	4	AGREE	CGameJoystickManager_SetMainPlayerJoystickDeviceNumber_0049bb30.cpp
CGameJoystickManager	0x8	bool	MainPlayerJoystickDeviceNumberSet	1	bool	isSet	1	AGREE	CGameJoystickManager_SetMainPlayerJoystickDeviceNumber_0049bb30.cpp
CGameScriptInterface	0x0	void*	__vftable	4	CScriptThingVTable*	m_pVTable	4	AGREE	CGameScriptInterface_IsEntityPickLockable_0089a2d0.cpp
CGameScriptInterface	0x0	void*	__vftable	4	char	d	1	CONFLICT	CGameScriptInterface_StartSneaking_008a1300.cpp
CGameScriptInterface	0x0	void*	__vftable	4	float	x	4	AGREE_KIND_SOFT	CGameScriptInterface_CameraEarthquakeIntensityAtPos_0088ed20.cpp
CGameScriptInterface	0x0	void*	__vftable	4	int	junk	4	AGREE_KIND_SOFT	CGameScriptInterface_GetHeroHealth_00890370.cpp
CGameScriptInterface	0x0	void*	__vftable	4	unsigned char	p	20	CONFLICT	CGameScriptInterface_GetNumHousesOwned_008a12a0.cpp
CGameScriptInterface	0x0	void*	__vftable	4	void*	comp	4	AGREE	CGameScriptInterface_IsSleepingTime_00896210.cpp
CGameScriptInterface	0x14	CPlayerManager*	PlayerManager	4	Provider8a12a0*	provider	4	AGREE	CGameScriptInterface_GetNumHousesOwned_008a12a0.cpp
CGameScriptInterface	0x24	long	CurrentScriptLevelID	4	unsigned int	field24	4	AGREE	CGameScriptInterface_IsThingAChest_008a0eb0.cpp
CGameScriptInterface	0x28	long	CurrentScriptID	4	unsigned char	_p24	105	CONFLICT	CGameScriptInterface_IsThingAChest_008a0eb0.cpp
CGameScriptInterface	0x3c	map<long,long,std::less<long>,std::allocator<std::pair<long_const_,long>_>_>	ScriptTimers	16	TimerMap	map	4	CONTAINED	CGameScriptInterface_GetTimer_006e7710.cpp
CGameScriptInterface	0x3c	map<long,long,std::less<long>,std::allocator<std::pair<long_const_,long>_>_>	ScriptTimers	16	Tree	tree	4	CONTAINED	CGameScriptInterface_SetTimer_006e76e0.cpp
CGameScriptInterface	0x4	CWorld*	World	4	CGSIAddLineToConversationWorld*	m_pWorld	4	AGREE	CGameScriptInterface_AddLineToConversation_00890750.cpp
CGameScriptInterface	0x4	CWorld*	World	4	MapNode*	head	4	AGREE	CGameScriptInterface_IsSleepingTime_00896210.cpp
CGameScriptInterface	0x4	CWorld*	World	4	float	y	4	CONFLICT	CGameScriptInterface_CameraEarthquakeIntensityAtPos_0088ed20.cpp
CGameScriptInterface	0x4	CWorld*	World	4	unsigned char	_p0	32	CONFLICT	CGameScriptInterface_IsThingAChest_008a0eb0.cpp
CGameScriptInterface	0x48	map<long,long,std::less<long>,std::allocator<std::pair<long_const_,long>_>_>	ScriptTimers	16	int	field48	4	CONTAINED	CGameScriptInterface_CameraResetToViewBehindHero_00890fc0.cpp
CGameScriptInterface	0x8	CMainGameComponent*	Component	4	float	z	4	CONFLICT	CGameScriptInterface_CameraEarthquakeIntensityAtPos_0088ed20.cpp
CGameScriptInterface	0x91			84	unsigned char	Flags	1	SIZE_CONFLICT	CGameScriptInterface_IsEntityAbleToAttack_00890280.cpp
CGameScriptInterface	0x91			84	unsigned char	Flags	1	SIZE_CONFLICT	CGameScriptInterface_IsEntityWieldingMeleeWeapon_00890220.cpp
CGameScriptInterface	0x91			84	unsigned char	StateFlags	1	SIZE_CONFLICT	CGameScriptInterface_ClearAllRumbles_00892df0.cpp
CGameScriptInterface	0x91			84	unsigned char	flags	1	SIZE_CONFLICT	CGameScriptInterface_IsEntityWieldingRangedWeapon_00890250.cpp
CGameScriptInterface	0x91			84	unsigned char	flags91	1	SIZE_CONFLICT	CGameScriptInterface_IsThingAChest_008a0eb0.cpp
CGameScriptThing	0x20	CCharStringData*	Name_PStringData	4	char	sub	1	CONFLICT	CGameScriptThing_GetName_008cfdf0.cpp
CGameScriptThing	0x24	CCharStringData*	DataString_PStringData	4	char	data	1	CONFLICT	CGameScriptThing_GetDataStringCGameScriptThingUBEAVCCharStringXZ_008cfe00.cpp
CGameScriptThing	0x28	float	Pos_X	4	char	sub	1	CONFLICT	CGameScriptThing_GetPos_008cfe20.cpp
CGhostGrannySon	0x14	CV_GhostGrannyNecklaceScript*	ParentClass	4	int	m_index	4	AGREE_KIND_SOFT	CGhostGrannySon_Init_005da4e0.cpp
CGhostGrannySon	0x18	CQ_SunnyvaleMasterData*	PMasterData	4	bool	m_flag	1	CONFLICT	CGhostGrannySon_Init_005da4e0.cpp
CGiftDef	0x28	EGiftType	Type	4	CMember	m28	4	CONTAINED	CGiftDef_TransferCGiftDefUAEXAAVCPersistContextZ_004de545.cpp
CGiftDef	0x2c	bool	IsWeddingRing	1	CMember	m2c	4	CONFLICT	CGiftDef_TransferCGiftDefUAEXAAVCPersistContextZ_004de545.cpp
CGlobalDef	size			352	sizeof	GetSizeofClass	336	SIZE_CONFLICT	GetSizeofClass
CGoldDef	0x28	long	Gold	4	unsigned long	field28	4	AGREE	CGoldDef_Copy_004e0fed.cpp
CGraphicBankStateBlock	0x0	void*	__vftable	4	int	f0	4	AGREE_KIND_SOFT	CGraphicBankStateBlock_CreateCRC_00a00940.cpp
CGraphicBankStateBlock	0x4	CStateBlock	State	96	int	f4	4	CONTAINED	CGraphicBankStateBlock_CreateCRC_00a00940.cpp
CGraphicDataBank	0x0	void*	__vftable	4	char	p	480	CONFLICT	CGraphicDataBank_NotifyBankSize_009ff8b0.cpp
CGraphicDataBank	0x1e0	unsigned char	_pad_0x1e0	4	Sub	s1e0	4	RETAIL_ONLY	CGraphicDataBank_NotifyBankSize_009ff8b0.cpp
CGraphicDataBank	0x1e0	unsigned char	_pad_0x1e0	4	char*	f1e0	4	RETAIL_ONLY	CGraphicDataBank_NotifyEntryRemoved_009fd970.cpp
CGraphicFrame	0x0	CGraphicFrameData*	FrameData	4	int	ptr	4	AGREE_KIND_SOFT	CGraphicFrame_IsInitialised_00c31960.cpp
CGraphicInfoFrame	0x0	void*	__vftable	4	char	m_leading	12	CONFLICT	CGraphicInfoFrame_GetBlankTexture_009fd3f0.cpp
CGraphicInfoFrame	0xc	CGraphicInfo*	GraphicInfo	4	CGraphicDataBank*	m_pDataBank	4	AGREE	CGraphicInfoFrame_GetBlankTexture_009fd3f0.cpp
CGroundNavigatorExternalInterface	0x0	void*	__vftable	4	char	p	4	AGREE_KIND_SOFT	CGroundNavigatorExternalInterface_IsPlayer_006cb5f0.cpp
CGroundNavigatorExternalInterface	0x4	CThingCreatureBase*	Creature	4	S*	f4	4	AGREE	CGroundNavigatorExternalInterface_IsPlayer_006cb5f0.cpp
CGuiVarTransferFloat	0x0	void*	__vftable	4	int	f0	4	AGREE_KIND_SOFT	CGuiVarTransferFloat_TransferFromGui_00c3ca30.cpp
CGuiVarTransferFloat	0x4	unsigned char	_pad_0x04	4	int	f4	4	RETAIL_ONLY	CGuiVarTransferFloat_TransferFromGui_00c3ca30.cpp
CGuiVarTransferFloat	0x4	unsigned char	_pad_0x04	4	long	f4	4	RETAIL_ONLY	previous header
CGuiVarTransferFloat	0x8	unsigned char	_pad_0x08	4	Node*	f8	4	RETAIL_ONLY	CGuiVarTransferFloat_TransferFromGui_00c3ca30.cpp
CGuiVarTransferFloat	0x8	unsigned char	_pad_0x08	4	long	f8	4	RETAIL_ONLY	previous header
CGuiVarTransferFloat	0xc	CGuiControlNumber*	PControl	4	int	fC	4	AGREE_KIND_SOFT	CGuiVarTransferFloat_TransferFromGui_00c3ca30.cpp
CGuildMasterDef	0x0	void*	__vftable	4	unsigned char	_b	48	CONFLICT	CGuildMasterDef_Copy_00454248.cpp
CGuildMasterDef	0x28	float	MinSecondsBetweenTeleport	4	CMember	m28	4	CONFLICT	CGuildMasterDef_TransferCGuildMasterDefUAEXAAVCPersistContextZ_004530bb.cpp
CGuildMasterDef	0x2c	float	MinSecondsBetweenWillUse	4	CMember	m2c	4	CONFLICT	CGuildMasterDef_TransferCGuildMasterDefUAEXAAVCPersistContextZ_004530bb.cpp
CHairCardDef	0x28	long	HairObject	4	int	field28	4	AGREE	CHairCardDef_Copy_00453dc7.cpp
CHairCardDef	0x28	long	HairObject	4	int	field28	4	AGREE	CHairCardDef_Transfer_00452b04.cpp
CHandleBasedMemoryPool	0x24	bool	MultiThreaded	1	char	flag	1	AGREE	CHandleBasedMemoryPool_EndCritical_00a02170.cpp
CHandleBasedMemoryPool	0x44c	CCharStringData*	Name_PStringData	4	CRIT	cs	4	AGREE_KIND_SOFT	CHandleBasedMemoryPool_EndCritical_00a02170.cpp
CHasNameDef	0x28	unsigned long	DefaultNameTag	4	int	a	4	AGREE	CHasNameDef_TransferCHasNameDefUAEXAAVCPersistContextZ_004df77c.cpp
CHasNameDef	0x2c	unsigned long	Home	4	int	b	4	AGREE	CHasNameDef_TransferCHasNameDefUAEXAAVCPersistContextZ_004df77c.cpp
CHasNameDef	0x30	unsigned long	Occupation	4	int	c	4	AGREE	CHasNameDef_TransferCHasNameDefUAEXAAVCPersistContextZ_004df77c.cpp
CHeightMapCell	0x0	float	Height	4	float	field	4	AGREE	CHeightMapCell_GetHeight_00c1bd40.cpp
CHeroAbilityDef	size			172	sizeof	GetSizeofClass	156	SIZE_CONFLICT	GetSizeofClass
CHeroCombatDef	size			372	sizeof	GetSizeofClass	328	SIZE_CONFLICT	GetSizeofClass
CHeroDef	0x28	long	DefaultTitle	4	CMember	m28	4	AGREE	CHeroDef_TransferCHeroDefUAEXAAVCPersistContextZ_004ddeaa.cpp
CHeroDef	0x28	long	DefaultTitle	4	int	m28	4	AGREE	CHeroDef_Copy_004e0331.cpp
CHeroDef	0x2c	EHeroTrainingStatus	DefaultHeroTrainingStatus	4	CMember	m2c	4	CONTAINED	CHeroDef_TransferCHeroDefUAEXAAVCPersistContextZ_004ddeaa.cpp
CHeroDef	0x2c	EHeroTrainingStatus	DefaultHeroTrainingStatus	4	int	m2c	4	CONTAINED	CHeroDef_Copy_004e0331.cpp
CHeroExperienceDef	size			224	sizeof	GetSizeofClass	180	SIZE_CONFLICT	GetSizeofClass
CHeroMorphDef	size			120	sizeof	GetSizeofClass	104	SIZE_CONFLICT	GetSizeofClass
CHeroPostcardGeneratorDef	size			96	sizeof	GetSizeofClass	92	SIZE_CONFLICT	GetSizeofClass
CHeroSpecialMovementDef	0x0	void*	__vftable	4	int	x	4	AGREE_KIND_SOFT	CHeroSpecialMovementDef_TransferCHeroSpecialMovementDefUAEXAAVCPersistCo_004def3d.cpp
CHeroStatsDef	size			356	sizeof	GetSizeofClass	312	SIZE_CONFLICT	GetSizeofClass
CHeroSuitDef	0x28	map<EClothingSuitPart,long,std::less<EClothingSuitPart>,std::allocator<std::pair<EClothingSuitPart_const_,long>_>_>	SuitParts	16	SubDef	sub	4	CONTAINED	CHeroSuitDef_Copy_004e54ad.cpp
CHeroSuitDef	size			56	sizeof	GetSizeofClass	52	SIZE_CONFLICT	GetSizeofClass
CHitLocationDef	size			128	sizeof	GetSizeofClass	124	SIZE_CONFLICT	GetSizeofClass
CHitLocationsDef	0x0	void*	__vftable	4	unsigned char	_tail	52	CONFLICT	CHitLocationsDef_Copy_00454993.cpp
CHitLocationsDef	size			56	sizeof	GetSizeofClass	52	SIZE_CONFLICT	GetSizeofClass
CHornetDrone	0x1c	long	EatNow	4	int	field_1c	4	AGREE	CHornetDrone_Init_00e11d80.cpp
CIEngine	0x0	void*	__vftable	4	int	x	4	AGREE_KIND_SOFT	CIEngine_AllocateTextureFromEngineResourcePools_00b23670.cpp
CIEngine	0x0	void*	__vftable	4	int	x	4	AGREE_KIND_SOFT	CIEngine_ClipBox_00b23390.cpp
CIEngine	0x0	void*	__vftable	4	int	x	4	AGREE_KIND_SOFT	CIEngine_ClipSphere_00b23380.cpp
CIdleSchedulerDef	size			80	sizeof	GetSizeofClass	72	SIZE_CONFLICT	GetSizeofClass
CInputEvent	0x0	UInputEventData	Data	32	C2DVector	Position	4	CONTAINED	CInputEvent_SetAsJoystickPosition_00a04030.cpp
CInputEvent	0x0	UInputEventData	Data	32	unsigned char	EarlierData	24	CONTAINED	CInputEvent_SetAsExtraMouseButtonPressed_00a03ef0.cpp
CInputEvent	0x0	UInputEventData	Data	32	unsigned char	EarlierData	24	CONTAINED	CInputEvent_SetAsExtraMouseButtonReleased_00a03f70.cpp
CInputEvent	0x0	UInputEventData	Data	32	unsigned char	EarlierData	24	CONTAINED	CInputEvent_SetAsLeftMouseButtonPressed_00a03c80.cpp
CInputEvent	0x0	UInputEventData	Data	32	unsigned char	EarlierData	24	CONTAINED	CInputEvent_SetAsLeftMouseButtonReleased_00a03d60.cpp
CInputEvent	0x0	UInputEventData	Data	32	unsigned char	EarlierData	24	CONTAINED	CInputEvent_SetAsMiddleMouseButtonPressed_00a03d90.cpp
CInputEvent	0x0	UInputEventData	Data	32	unsigned char	EarlierData	24	CONTAINED	CInputEvent_SetAsMiddleMouseButtonReleased_00a03e10.cpp
CInputEvent	0x0	UInputEventData	Data	32	unsigned char	EarlierData	24	CONTAINED	CInputEvent_SetAsRightMouseButtonPressed_00a03e40.cpp
CInputEvent	0x0	UInputEventData	Data	32	unsigned char	EarlierData	24	CONTAINED	CInputEvent_SetAsRightMouseButtonReleased_00a03ec0.cpp
CInputEvent	0x18	UInputEventData	Data	32	C2DVector	MousePosition	4	CONTAINED	CInputEvent_SetAsExtraMouseButtonPressed_00a03ef0.cpp
CInputEvent	0x18	UInputEventData	Data	32	C2DVector	MousePosition	4	CONTAINED	CInputEvent_SetAsExtraMouseButtonReleased_00a03f70.cpp
CInputEvent	0x18	UInputEventData	Data	32	C2DVector	MousePosition	4	CONTAINED	CInputEvent_SetAsLeftMouseButtonPressed_00a03c80.cpp
CInputEvent	0x18	UInputEventData	Data	32	C2DVector	MousePosition	4	CONTAINED	CInputEvent_SetAsLeftMouseButtonReleased_00a03d60.cpp
CInputEvent	0x18	UInputEventData	Data	32	C2DVector	MousePosition	4	CONTAINED	CInputEvent_SetAsMiddleMouseButtonPressed_00a03d90.cpp
CInputEvent	0x18	UInputEventData	Data	32	C2DVector	MousePosition	4	CONTAINED	CInputEvent_SetAsMiddleMouseButtonReleased_00a03e10.cpp
CInputEvent	0x18	UInputEventData	Data	32	C2DVector	MousePosition	4	CONTAINED	CInputEvent_SetAsRightMouseButtonPressed_00a03e40.cpp
CInputEvent	0x18	UInputEventData	Data	32	C2DVector	MousePosition	4	CONTAINED	CInputEvent_SetAsRightMouseButtonReleased_00a03ec0.cpp
CInputEvent	0x1c	UInputEventData	Data	32	EInputDeviceType	DeviceType	4	CONTAINED	CInputEvent_SetAsExtraMouseButtonPressed_00a03ef0.cpp
CInputEvent	0x1c	UInputEventData	Data	32	EInputDeviceType	DeviceType	4	CONTAINED	CInputEvent_SetAsExtraMouseButtonReleased_00a03f70.cpp
CInputEvent	0x1c	UInputEventData	Data	32	EInputDeviceType	DeviceType	4	CONTAINED	CInputEvent_SetAsJoystickPosition_00a04030.cpp
CInputEvent	0x1c	UInputEventData	Data	32	EInputDeviceType	DeviceType	4	CONTAINED	CInputEvent_SetAsLeftMouseButtonPressed_00a03c80.cpp
CInputEvent	0x1c	UInputEventData	Data	32	EInputDeviceType	DeviceType	4	CONTAINED	CInputEvent_SetAsLeftMouseButtonReleased_00a03d60.cpp
CInputEvent	0x1c	UInputEventData	Data	32	EInputDeviceType	DeviceType	4	CONTAINED	CInputEvent_SetAsMiddleMouseButtonPressed_00a03d90.cpp
CInputEvent	0x1c	UInputEventData	Data	32	EInputDeviceType	DeviceType	4	CONTAINED	CInputEvent_SetAsMiddleMouseButtonReleased_00a03e10.cpp
CInputEvent	0x1c	UInputEventData	Data	32	EInputDeviceType	DeviceType	4	CONTAINED	CInputEvent_SetAsRightMouseButtonPressed_00a03e40.cpp
CInputEvent	0x1c	UInputEventData	Data	32	EInputDeviceType	DeviceType	4	CONTAINED	CInputEvent_SetAsRightMouseButtonReleased_00a03ec0.cpp
CInputEvent	0x20	EInputDeviceType	DeviceType	4	long	DeviceNumber	4	CONTAINED	CInputEvent_SetAsExtraMouseButtonPressed_00a03ef0.cpp
CInputEvent	0x20	EInputDeviceType	DeviceType	4	long	DeviceNumber	4	CONTAINED	CInputEvent_SetAsExtraMouseButtonReleased_00a03f70.cpp
CInputEvent	0x20	EInputDeviceType	DeviceType	4	long	DeviceNumber	4	CONTAINED	CInputEvent_SetAsJoystickPosition_00a04030.cpp
CInputEvent	0x20	EInputDeviceType	DeviceType	4	long	DeviceNumber	4	CONTAINED	CInputEvent_SetAsLeftMouseButtonPressed_00a03c80.cpp
CInputEvent	0x20	EInputDeviceType	DeviceType	4	long	DeviceNumber	4	CONTAINED	CInputEvent_SetAsLeftMouseButtonReleased_00a03d60.cpp
CInputEvent	0x20	EInputDeviceType	DeviceType	4	long	DeviceNumber	4	CONTAINED	CInputEvent_SetAsMiddleMouseButtonPressed_00a03d90.cpp
CInputEvent	0x20	EInputDeviceType	DeviceType	4	long	DeviceNumber	4	CONTAINED	CInputEvent_SetAsMiddleMouseButtonReleased_00a03e10.cpp
CInputEvent	0x20	EInputDeviceType	DeviceType	4	long	DeviceNumber	4	CONTAINED	CInputEvent_SetAsRightMouseButtonPressed_00a03e40.cpp
CInputEvent	0x20	EInputDeviceType	DeviceType	4	long	DeviceNumber	4	CONTAINED	CInputEvent_SetAsRightMouseButtonReleased_00a03ec0.cpp
CInputEvent	0x24	long	DeviceNumber	4	EInputEventType	Type	4	AGREE	CInputEvent_SetAsExtraMouseButtonPressed_00a03ef0.cpp
CInputEvent	0x24	long	DeviceNumber	4	EInputEventType	Type	4	AGREE	CInputEvent_SetAsExtraMouseButtonReleased_00a03f70.cpp
CInputEvent	0x24	long	DeviceNumber	4	EInputEventType	Type	4	AGREE	CInputEvent_SetAsJoystickPosition_00a04030.cpp
CInputEvent	0x24	long	DeviceNumber	4	EInputEventType	Type	4	AGREE	CInputEvent_SetAsLeftMouseButtonPressed_00a03c80.cpp
CInputEvent	0x24	long	DeviceNumber	4	EInputEventType	Type	4	AGREE	CInputEvent_SetAsLeftMouseButtonReleased_00a03d60.cpp
CInputEvent	0x24	long	DeviceNumber	4	EInputEventType	Type	4	AGREE	CInputEvent_SetAsMiddleMouseButtonPressed_00a03d90.cpp
CInputEvent	0x24	long	DeviceNumber	4	EInputEventType	Type	4	AGREE	CInputEvent_SetAsMiddleMouseButtonReleased_00a03e10.cpp
CInputEvent	0x24	long	DeviceNumber	4	EInputEventType	Type	4	AGREE	CInputEvent_SetAsRightMouseButtonPressed_00a03e40.cpp
CInputEvent	0x24	long	DeviceNumber	4	EInputEventType	Type	4	AGREE	CInputEvent_SetAsRightMouseButtonReleased_00a03ec0.cpp
CInputEvent	0x28	EInputEventType	Type	4	float	CurrentTime	4	CONTAINED	CInputEvent_SetAsExtraMouseButtonPressed_00a03ef0.cpp
CInputEvent	0x28	EInputEventType	Type	4	float	CurrentTime	4	CONTAINED	CInputEvent_SetAsExtraMouseButtonReleased_00a03f70.cpp
CInputEvent	0x28	EInputEventType	Type	4	float	CurrentTime	4	CONTAINED	CInputEvent_SetAsJoystickPosition_00a04030.cpp
CInputEvent	0x28	EInputEventType	Type	4	float	CurrentTime	4	CONTAINED	CInputEvent_SetAsLeftMouseButtonPressed_00a03c80.cpp
CInputEvent	0x28	EInputEventType	Type	4	float	CurrentTime	4	CONTAINED	CInputEvent_SetAsLeftMouseButtonReleased_00a03d60.cpp
CInputEvent	0x28	EInputEventType	Type	4	float	CurrentTime	4	CONTAINED	CInputEvent_SetAsMiddleMouseButtonPressed_00a03d90.cpp
CInputEvent	0x28	EInputEventType	Type	4	float	CurrentTime	4	CONTAINED	CInputEvent_SetAsMiddleMouseButtonReleased_00a03e10.cpp
CInputEvent	0x28	EInputEventType	Type	4	float	CurrentTime	4	CONTAINED	CInputEvent_SetAsRightMouseButtonPressed_00a03e40.cpp
CInputEvent	0x28	EInputEventType	Type	4	float	CurrentTime	4	CONTAINED	CInputEvent_SetAsRightMouseButtonReleased_00a03ec0.cpp
CInputEvent	0x2c	float	CurrentTime	4	float	StartTime	4	AGREE	CInputEvent_SetAsExtraMouseButtonPressed_00a03ef0.cpp
CInputEvent	0x2c	float	CurrentTime	4	float	StartTime	4	AGREE	CInputEvent_SetAsExtraMouseButtonReleased_00a03f70.cpp
CInputEvent	0x2c	float	CurrentTime	4	float	StartTime	4	AGREE	CInputEvent_SetAsJoystickPosition_00a04030.cpp
CInputEvent	0x2c	float	CurrentTime	4	float	StartTime	4	AGREE	CInputEvent_SetAsLeftMouseButtonPressed_00a03c80.cpp
CInputEvent	0x2c	float	CurrentTime	4	float	StartTime	4	AGREE	CInputEvent_SetAsLeftMouseButtonReleased_00a03d60.cpp
CInputEvent	0x2c	float	CurrentTime	4	float	StartTime	4	AGREE	CInputEvent_SetAsMiddleMouseButtonPressed_00a03d90.cpp
CInputEvent	0x2c	float	CurrentTime	4	float	StartTime	4	AGREE	CInputEvent_SetAsMiddleMouseButtonReleased_00a03e10.cpp
CInputEvent	0x2c	float	CurrentTime	4	float	StartTime	4	AGREE	CInputEvent_SetAsRightMouseButtonPressed_00a03e40.cpp
CInputEvent	0x2c	float	CurrentTime	4	float	StartTime	4	AGREE	CInputEvent_SetAsRightMouseButtonReleased_00a03ec0.cpp
CInputEvent	0x4	UInputEventData	Data	32	unsigned char	DataRemainder	24	CONTAINED	CInputEvent_SetAsJoystickPosition_00a04030.cpp
CInputProcessControlCreatureRightStick	0x28	bool	PushingCameraModeUp	1	char	flagA	1	AGREE	CInputProcessControlCreatureRightStick_CInputProcessControlCreatureRightStickInit_0068d830.cpp
CInputProcessControlCreatureRightStick	0x29	bool	PushingCameraModeDown	1	char	flagB	1	AGREE	CInputProcessControlCreatureRightStick_CInputProcessControlCreatureRightStickInit_0068d830.cpp
CInputProcessControlCreatureRightStick	0x2a	bool	LookingAround	1	char	flagC	1	AGREE	CInputProcessControlCreatureRightStick_CInputProcessControlCreatureRightStickInit_0068d830.cpp
CInputProcessCreatureMovementWatchForControlAngleChange	0x28	float	LastJoyDirection_X	4	C2DVector	LastJoyDirection	4	CONFLICT	CInputProcessCreatureMovementWatchForControlAngleChange_Init_00691c20.cpp
CInputProcessGameBase	0x24	CGamePlayerInterface*	PGamePlayerInterface	4	void*	f24	4	AGREE	CInputProcessGameBase_AddToInterface_00687a70.cpp
CInputProcessInventoryBase	0x28	ECurrentMovement	CurrentMovement	4	int	m28	4	CONTAINED	CInputProcessInventoryBase_Init_006893b0.cpp
CInputProcessInventoryBase	0x2c	unsigned long	FrameSinceLastMovement	4	int	m2c	4	AGREE	CInputProcessInventoryBase_Init_006893b0.cpp
CInputProcessInventoryBase	0x30	bool	StartedRepeatingMovement	1	char	m30	1	AGREE	CInputProcessInventoryBase_Init_006893b0.cpp
CInputProcessInventoryQuestsScreen	0x34	CTCInventoryQuests*	PInventory	4	unsigned long	f	4	AGREE_KIND_SOFT	CInputProcessInventoryQuestsScreen_GetPInventory_00689b00.cpp
CInputProcessJumpingAndRolling	0x4c	list<C3DVector,std::allocator<C3DVector>_>	InitialFacingDirections	12	char	field_4c	1	CONTAINED	CInputProcessJumpingAndRolling_Update_006a40b0.cpp
CInputProcessParalysed	0x28	long	ButtonsMashed	4	unsigned long	f	4	AGREE	CInputProcessParalysed_Init_00690d20.cpp
CInputProcessTargetLockRightStickTargetSelect	0x28	bool	ChangedTargetRight	1	char	f28	1	AGREE	CInputProcessTargetLockRightStickTargetSelect_AddToInterface_00688a60.cpp
CInputProcessTargetLockRightStickTargetSelect	0x29	bool	ChangedTargetLeft	1	char	f29	1	AGREE	CInputProcessTargetLockRightStickTargetSelect_AddToInterface_00688a60.cpp
CInventoryCategoryDef	size			92	sizeof	GetSizeofClass	88	SIZE_CONFLICT	GetSizeofClass
CInventoryDef	size			2656	sizeof	GetSizeofClass	2612	SIZE_CONFLICT	GetSizeofClass
CJackOfBladesBattleDef	size			132	sizeof	GetSizeofClass	128	SIZE_CONFLICT	GetSizeofClass
CJoystick	0x0	void*	__vftable	4	int	x	4	AGREE_KIND_SOFT	CJoystick_SetExclusiveMode_009e41a0.cpp
CJoystick	0xd14	list<CMaintainedEvent,std::allocator<CMaintainedEvent>_>	MaintainedEventsList	12	int	fd14	4	CONTAINED	CJoystick_EventScanEnd_009e41c0.cpp
CJoystickDX	0x0	void*	__vftable	4	int	x	4	AGREE_KIND_SOFT	CJoystickDX_UpdateCJoystickDXUAEXXZ_00ab78d0.cpp
CJoystickDX	0xd18	unsigned char	_pad_0xd18	4	long	f	4	RETAIL_ONLY	previous header
CJoystickDX	0xd1c	unsigned char	_pad_0xd1c	4	long	f_2	4	RETAIL_ONLY	previous header
CKeyboardDX	0x341c	CInputManagerDX*	InputManagerDX	4	unsigned char	keyStates	256	CONFLICT	CKeyboardDX_IsKeyPressed_00ab6220.cpp
CKeyboardDX	0x351c	signed char[256]	KeyStates	256	unsigned short	keyMap	512	CONFLICT	CKeyboardDX_IsKeyPressed_00ab6220.cpp
CKrakenDef	size			128	sizeof	GetSizeofClass	124	SIZE_CONFLICT	GetSizeofClass
CLandscapeBackgroundPatch	0x4	CLandscapeBackgroundTreeNode*	Parent	4	unsigned long	f	4	AGREE_KIND_SOFT	CLandscapeBackgroundPatch_OnPostParentRelocation_00be8db0.cpp
CLandscapeBackgroundSubNodeSplitBranch	0x0	void*	__vftable	4	unsigned char	data	4	AGREE_KIND_SOFT	CLandscapeBackgroundSubNodeSplitBranch_OnPostRelocationCLandscapeBackgroundSubNodeSplit_00bf6d10.cpp
CLandscapeBackgroundTreeNode	0xa4	CLandscapeBackgroundTreeNode*	Parent	4	Inner*	inner	4	AGREE	CLandscapeBackgroundTreeNode_CanRelocateData_00bf6b50.cpp
CLandscapeLayerMesh	0x0	void*	__vftable	4	char	p	64	CONFLICT	CLandscapeLayerMesh_CanRelocateData_00bfddb0.cpp
CLandscapeLayerMesh	0x40	CEngineLandscapeMap*	Map	4	S*	f40	4	AGREE	CLandscapeLayerMesh_CanRelocateData_00bfddb0.cpp
CLandscapePatchTesselator	0x14	unsigned char	_pad_0x14	4	BridgeVertex*	m_begin	4	RETAIL_ONLY	CLandscapePatchTesselator_GetBridgeVertexBufferSize_00b6c990.cpp
CLandscapePatchTesselator	0x14	unsigned char	_pad_0x14	4	long	m_begin	4	RETAIL_ONLY	previous header
CLandscapePatchTesselator	0x18	CArray<CTVertexLandscapeBackground>	BridgeVertexBuffer	16	BridgeVertex*	m_end	4	CONTAINED	CLandscapePatchTesselator_GetBridgeVertexBufferSize_00b6c990.cpp
CLensFlareElementDef	size			80	sizeof	GetSizeofClass	76	SIZE_CONFLICT	GetSizeofClass
CLightningDef	size			92	sizeof	GetSizeofClass	88	SIZE_CONFLICT	GetSizeofClass
CLightningOrbDef	0x28	long	LightningDefIndex	4	Field	f0	4	AGREE	CLightningOrbDef_TransferCLightningOrbDefUAEXAAVCPersistContextZ_004df738.cpp
CLightningOrbDef	0x2c	float	LifeTime	4	Field	f1	4	CONFLICT	CLightningOrbDef_TransferCLightningOrbDefUAEXAAVCPersistContextZ_004df738.cpp
CLightningOrbDef	0x30	float	Speed	4	Field	f2	4	CONFLICT	CLightningOrbDef_TransferCLightningOrbDefUAEXAAVCPersistContextZ_004df738.cpp
CLightningOrbDef	0x34	float	ExplosionRange	4	Field	f3	4	CONFLICT	CLightningOrbDef_TransferCLightningOrbDefUAEXAAVCPersistContextZ_004df738.cpp
CLightningOrbDef	0x38	long	ExplosionDefIndex	4	Field	f4	4	AGREE	CLightningOrbDef_TransferCLightningOrbDefUAEXAAVCPersistContextZ_004df738.cpp
CLipSyncDataBank	0x0	void*	__vftable	4	long	refCount	4	AGREE_KIND_SOFT	CLipSyncDataBank_PrepareDataForInclusionCLipSyncDataBankMAEXKABVC_00a42940.cpp
CLipSyncDataBank	0x178	unsigned char	_pad_0x178	4	unsigned char	m_bSuspended	1	RETAIL_ONLY	previous header
CLipSyncDataBank	0x4	unsigned char	_pad_0x04	4	long	object	4	RETAIL_ONLY	previous header
CLipSyncDataBank	0x4	unsigned char	_pad_0x04	4	void*	object	4	RETAIL_ONLY	CLipSyncDataBank_PrepareDataForInclusionCLipSyncDataBankMAEXKABVC_00a42940.cpp
CManagedTextureData	0x20	CTexture*	Texture_Data	4	CTextureResource*	resource	4	AGREE	CManagedTextureData_IsBusy_00a69810.cpp
CManagedTextureData	0x4a	bool	BusyFlag	1	bool	busy	1	AGREE	CManagedTextureData_IsBusy_00a69810.cpp
CMap	0x0	void*	__vftable	4	unsigned char	EarlierState	7472	CONFLICT	CMap_AllocateMapThingUID_0081e780.cpp
CMap	0x1d14	long	NoChangedGameAreas	4	int	f1d14	4	AGREE	CMap_DrawGetHeightMapExtents_00827890.cpp
CMap	0x1d18	float	SeaLevel	4	int	f1d18	4	CONFLICT	CMap_DrawGetHeightMapExtents_00827890.cpp
CMap	0x1d30	long	GameMapSizeY	4	unsigned __int64	ThingUIDCount	8	CONFLICT	CMap_AllocateMapThingUID_0081e780.cpp
CMarkerInfo	0x0	CIntelligentPointer<CThing_const_>	PThing	8	int	field0	4	CONTAINED	CMarkerInfo_IsHeroMarker_0082a210.cpp
CMarkerInfo	0x4	CIntelligentPointer<CThing_const_>	PThing	8	int	field4	4	CONTAINED	CMarkerInfo_IsHeroMarker_0082a210.cpp
CMarkerInfo	0x8	long	GraphicIndex	4	int	markerId	4	AGREE	CMarkerInfo_IsHeroMarker_0082a210.cpp
CMaterialDef	size			180	sizeof	GetSizeofClass	152	SIZE_CONFLICT	GetSizeofClass
CMazeBattleDef	size			100	sizeof	GetSizeofClass	96	SIZE_CONFLICT	GetSizeofClass
CMeleeCombatAbilityDef	size			136	sizeof	GetSizeofClass	124	SIZE_CONFLICT	GetSizeofClass
CMeleeCombatKnockdownEffects	size			96	sizeof	GetSizeofClass	92	SIZE_CONFLICT	GetSizeofClass
CMemoryDataInputStream	0x10	unsigned char	_pad_0x10	4	long	chunkPosition	4	RETAIL_ONLY	CMemoryDataInputStream_ReadNullTerminatedString_00995d30.cpp
CMemoryDataInputStream	0x10	unsigned char	_pad_0x10	4	long	chunkPosition	4	RETAIL_ONLY	previous header
CMemoryDataInputStream	0x14	unsigned char	_pad_0x14	4	long	chunkLength	4	RETAIL_ONLY	CMemoryDataInputStream_ReadNullTerminatedString_00995d30.cpp
CMemoryDataInputStream	0x14	unsigned char	_pad_0x14	4	long	chunkLength	4	RETAIL_ONLY	previous header
CMemoryDataInputStream	0x18	void*	StreamSource	4	char*	sourceBase	4	AGREE	CMemoryDataInputStream_ReadNullTerminatedString_00995d30.cpp
CMemoryDataInputStream	0x4	unsigned char	_pad_0x04	4	long	position	4	RETAIL_ONLY	CMemoryDataInputStream_ReadNullTerminatedString_00995d30.cpp
CMemoryDataInputStream	0x4	unsigned char	_pad_0x04	4	long	position	4	RETAIL_ONLY	previous header
CMemoryDataInputStream	0x8	unsigned char	_pad_0x08	4	long	sourceLength	4	RETAIL_ONLY	CMemoryDataInputStream_ReadNullTerminatedString_00995d30.cpp
CMemoryDataInputStream	0x8	unsigned char	_pad_0x08	4	long	sourceLength	4	RETAIL_ONLY	previous header
CMemoryDataInputStream	0xc	unsigned char	_pad_0x0c	4	char*	chunkBase	4	RETAIL_ONLY	CMemoryDataInputStream_ReadNullTerminatedString_00995d30.cpp
CMemoryDataInputStream	0xc	unsigned char	_pad_0x0c	4	long	chunkBase	4	RETAIL_ONLY	previous header
CMemoryFile	0x1c	CArray<unsigned_char>	DataBuffer	16	unsigned char	f	1	CONTAINED	CMemoryFile_IsOpen_00405d30.cpp
CMemoryFile	0x20	bool	Opened	1	char	member	4	CONFLICT	CMemoryFile_GetPathnameCMemoryFileUBEAVCWideStri_00412070.cpp
CMeshDataBank	0x0	void*	__vftable	4	int	x	4	AGREE_KIND_SOFT	CMeshDataBank_CloseCMeshDataBankUAEXXZ_00a26c50.cpp
CMessageEventDef	0x3c	unsigned char	_pad_0x3c	4	int	f3c	4	RETAIL_ONLY	CMessageEventDef_TransferCMessageEventDefUAEXAAVCPersistContextZ_004556ce.cpp
CMessageEventDef	0x40	long	MaxSeenRadius	4	int	f40	4	AGREE	CMessageEventDef_TransferCMessageEventDefUAEXAAVCPersistContextZ_004556ce.cpp
CMessageEventDef	0x44	long	MaxHeardRadius	4	int	f44	4	AGREE	CMessageEventDef_TransferCMessageEventDefUAEXAAVCPersistContextZ_004556ce.cpp
CMessageEventDef	0x48	long	Lifespan	4	int	f48	4	AGREE	CMessageEventDef_TransferCMessageEventDefUAEXAAVCPersistContextZ_004556ce.cpp
CMessageEventDef	0x4c	EReactionSpeechType	ReactionSpeechType	4	int	f4c	4	CONTAINED	CMessageEventDef_TransferCMessageEventDefUAEXAAVCPersistContextZ_004556ce.cpp
CMessageEventDef	size			84	sizeof	GetSizeofClass	80	SIZE_CONFLICT	GetSizeofClass
CMiniMapDisplay	0x20	vector<CEnginePrimitiveHandle,std::allocator<CEnginePrimitiveHandle>_>	MarkerPrimitiveHandles	16	Node*	head	4	CONTAINED	CMiniMapDisplay_RemoveAllDeadMarkers_0082a2a0.cpp
CMiniMapDisplay	0x20	vector<CEnginePrimitiveHandle,std::allocator<CEnginePrimitiveHandle>_>	MarkerPrimitiveHandles	16	Sub*	subAt20	4	CONTAINED	CMiniMapDisplay_Initialise_0082a310.cpp
CMiniMapDisplay	0x54	vector<CMinimapData,std::allocator<CMinimapData>_>	MinimapList	16	MapSizeProvider	provider	4	CONTAINED	CMiniMapDisplay_GetRelativeMapSize_00829c70.cpp
CMiniMapDisplay	0x54	vector<CMinimapData,std::allocator<CMinimapData>_>	MinimapList	16	MapSub	sub	4	CONTAINED	CMiniMapDisplay_GetRelativePosOnMap_00829ce0.cpp
CMiniMapDisplay	0xbc	CRegionMinimap	RegionMinimap	108	unsigned char	dirtyFlag	1	CONTAINED	CMiniMapDisplay_UpdateMarkers_0082b7c0.cpp
CModeDragonBase	0x0	void*	__vftable	4	void*	vfp	4	AGREE	CModeDragonBase_OnActivate_008e7290.cpp
CModeDragonBase	0x18	unsigned char	_pad_0x18	4	char	active	1	RETAIL_ONLY	CModeDragonBase_OnDeactivate_008e72b0.cpp
CModeDragonBase	0x18	unsigned char	_pad_0x18	4	unsigned char	active	1	RETAIL_ONLY	previous header
CModeDragonBase	0x4	unsigned char	_pad_0x04	4	Holder*	holder	4	RETAIL_ONLY	CModeDragonBase_OnDeactivate_008e72b0.cpp
CModeDragonBase	0x4	unsigned char	_pad_0x04	4	long	holder	4	RETAIL_ONLY	previous header
CMouseDX	0x3414	unsigned char	_pad_0x3414	4	float	PositionX	4	RETAIL_ONLY	CMouseDX_SetPos_00ab4700.cpp
CMouseDX	0x3418	unsigned char	_pad_0x3418	4	float	PositionY	4	RETAIL_ONLY	CMouseDX_SetPos_00ab4700.cpp
CMouseDX	0x3434	bool	NonExclusiveOldButton0Pressed	1	float	CachedPositionX	4	CONFLICT	CMouseDX_SetPos_00ab4700.cpp
CMouseDX	0x3438	bool	NonExclusiveOldButton4Pressed	1	float	CachedPositionY	4	CONFLICT	CMouseDX_SetPos_00ab4700.cpp
CMouseDX	0x343c	float	NonExclusiveOldMouseX	4	u8	DisableCursorWarp	1	CONFLICT	CMouseDX_SetPos_00ab4700.cpp
CMovableResource	0x0	void*	__vftable	4	int	x	4	AGREE_KIND_SOFT	CMovableResource_CanRelocateData_009d50f0.cpp
CMovie	0x0	void*	__vftable	4	int	x	4	AGREE_KIND_SOFT	CMovie_RestoreEngineBuffers_00547bc0.cpp
CMultiStaticMeshDef	0x28	vector<CMultiStaticMeshEntryDef,std::allocator<CMultiStaticMeshEntryDef>_>	Meshes	16	SubContainer	sub	4	CONTAINED	CMultiStaticMeshDef_Copy_004eb6c8.cpp
CMultiStaticMeshDef	size			56	sizeof	GetSizeofClass	52	SIZE_CONFLICT	GetSizeofClass
CNavBlockedQuadTreeNode	0x0	void*	__vftable	4	int	x	4	AGREE_KIND_SOFT	CNavBlockedQuadTreeNode_GetMemoryUsage_00a76290.cpp
CNavNavigableLeafNode	0x18	CSmallVector<CANavQuadTreeNode_const_*,8>	Neighbours	8	signed char	m_kind	1	CONTAINED	CNavNavigableLeafNode_GetMemoryUsage_00a76500.cpp
CNavSwitchableLeafNode	0x18	unsigned char	_pad_0x18	4	unsigned char	f_18	1	RETAIL_ONLY	previous header
CNavSwitchableLeafNode	0x1c	unsigned char	_pad_0x1c	4	unsigned char	b1c	1	RETAIL_ONLY	previous header
CNavSwitchableLeafNode	0xf	unsigned char	_pad_0x0c	4	unsigned char	m_disabled	1	RETAIL_ONLY	previous header
CNavigatorAStar	0x19	unsigned char	_pad_0x18	4	unsigned char	flag19	1	RETAIL_ONLY	CNavigatorAStar_Interrupt_00a1a150.cpp
CNavigatorAStar	0x1c	unsigned char	_pad_0x1c	4	char*	sub	4	RETAIL_ONLY	CNavigatorAStar_Interrupt_00a1a150.cpp
CNavigatorAStar	0x20	unsigned char	_pad_0x20	4	Sub*	sub	4	RETAIL_ONLY	CNavigatorAStar_CreateLineList_00a1bfc0.cpp
CNavigatorAStar	0x20	unsigned char	_pad_0x20	4	pointer to a	block	4	RETAIL_ONLY	CNavigatorAStar_Interrupt_00a1a150.cpp
CNavigatorAStar	0x7c	float	GoalPosition_Y	4	char	sub	1	CONFLICT	CNavigatorAStar_GetCurrentDestination_00a224c0.cpp
CNavigatorAStar	0x8c	float	PosAskedToGetTo_Z	4	int	field88	4	CONFLICT	CNavigatorAStar_Interrupt_00a1a150.cpp
CNavigatorBase	0x19	bool	Interrupted	1	unsigned char	f	1	AGREE	CNavigatorBase_Interrupt_00a19ad0.cpp
CNavigatorFlyer	0x24	float	DestinationPos_X	4	char	sub	1	CONFLICT	CNavigatorFlyer_GetCurrentDestination_00a19b00.cpp
CNetworkClient	0x2662	bool	LocalGame	1	unsigned char	enabled	1	AGREE	CNetworkClient_Update_004ae9d0.cpp
CNetworkClient	0x266c	long	LocalFrame	4	int	a	4	AGREE	CNetworkClient_Update_004ae9d0.cpp
CNetworkClient	0x2670	unsigned long	Checksum1	4	int	b	4	AGREE	CNetworkClient_Update_004ae9d0.cpp
CNetworkClient	0x2674	unsigned long	Checksum2	4	int	c	4	AGREE	CNetworkClient_Update_004ae9d0.cpp
CObjectAugmentationsDef	size			160	sizeof	GetSizeofClass	140	SIZE_CONFLICT	GetSizeofClass
CObjectFamilyDef	0x3c	unsigned char	_pad_0x3c	4	SubDef	sub	4	RETAIL_ONLY	CObjectFamilyDef_Copy_004611d6.cpp
CObjectFamilyDef	size			80	sizeof	GetSizeofClass	72	SIZE_CONFLICT	GetSizeofClass
CObstacleNavigatorExternalInterface	0x0	void*	__vftable	4	char	data	20	CONFLICT	CObstacleNavigatorExternalInterface_Clone_004df4ca.cpp
CObstacleNavigatorExternalInterface	0x4	CThing*	Obstacle	4	Inner*	inner	4	AGREE	CObstacleNavigatorExternalInterface_IsDead_004df4aa.cpp
COccupiableDef	0x28	unsigned long	TypeFlags	4	CSubField	sub	4	AGREE	COccupiableDef_Copy_004e0d33.cpp
COpinionDeedEffectsDef	size			148	sizeof	GetSizeofClass	128	SIZE_CONFLICT	GetSizeofClass
COpinionDeedMaskDef	size			80	sizeof	GetSizeofClass	72	SIZE_CONFLICT	GetSizeofClass
COpinionDeedReactionDef	size			88	sizeof	GetSizeofClass	80	SIZE_CONFLICT	GetSizeofClass
COpinionOfHeroDef	0x28	long	ThreatenGift_Val	4	Field	f0	4	AGREE	COpinionOfHeroDef_TransferCOpinionOfHeroDefUAEXAAVCPersistContextZ_004de36b.cpp
COpinionOfHeroDef	0x2c	bool	WillAttackCriminals	1	Field	f1	4	CONFLICT	COpinionOfHeroDef_TransferCOpinionOfHeroDefUAEXAAVCPersistContextZ_004de36b.cpp
COpinionOfHeroDef	0x30	long	Personality	4	Field	f2	4	AGREE	COpinionOfHeroDef_TransferCOpinionOfHeroDefUAEXAAVCPersistContextZ_004de36b.cpp
COpinionOfHeroDef	0x34	long	ReactionMask	4	Field	f3	4	AGREE	COpinionOfHeroDef_TransferCOpinionOfHeroDefUAEXAAVCPersistContextZ_004de36b.cpp
COpinionOfHeroDef	0x38	long	DeedMask	4	Field	f4	4	AGREE	COpinionOfHeroDef_TransferCOpinionOfHeroDefUAEXAAVCPersistContextZ_004de36b.cpp
COpinionPersonalityDef	size			92	sizeof	GetSizeofClass	84	SIZE_CONFLICT	GetSizeofClass
COpinionReactionManagerDef	size			860	sizeof	GetSizeofClass	812	SIZE_CONFLICT	GetSizeofClass
COpinionReactionMaskDef	size			80	sizeof	GetSizeofClass	72	SIZE_CONFLICT	GetSizeofClass
COpinionSourceDef	size			216	sizeof	GetSizeofClass	200	SIZE_CONFLICT	GetSizeofClass
COptimisedFace	0x0	unsigned long[3]	VertexIndices	12	unsigned long	VertexIndices	12	AGREE	COptimisedFace_RemapIndex_00ac6f50.cpp
CPackedUIntArray	0x0	void*	PackedInts	4	unsigned long*	PackedInts	4	AGREE	CPackedUIntArray_Sizeof_00a62a60.cpp
CPackedUIntArray	0x4	unsigned long	Size	4	unsigned long	Size	4	AGREE	CPackedUIntArray_Sizeof_00a62a60.cpp
CPackedUIntArray	0x8	unsigned char	Bits	1	unsigned char	Bits	1	AGREE	CPackedUIntArray_Sizeof_00a62a60.cpp
CPackedUIntArray	0x9	unsigned char	_pad_0x09	3	unsigned char	_alignment	3	RETAIL_ONLY	CPackedUIntArray_Sizeof_00a62a60.cpp
CPackedUIntArray	0x9	unsigned char	_pad_0x09	3	unsigned char	_alignment	3	RETAIL_ONLY	previous header
CPackedUIntArray	0xc	unsigned long	Bias	4	unsigned long	Bias	4	AGREE	CPackedUIntArray_Sizeof_00a62a60.cpp
CParentDefClassBase	0x29	CVectorMap<unsigned_long,CDefClassBase::CSubDefInfo,CKeyPairCompareLess<unsigned_long,CDefClassBase::CSubDefInfo>_>	SubDefInfoMap	20	Sub	field	4	CONTAINED	CParentDefClassBase_GetPSubDefInfoMap_004303e0.cpp
CParticleAttacherDef	size			56	sizeof	GetSizeofClass	52	SIZE_CONFLICT	GetSizeofClass
CParticleEmitter	0x8	vector<CCountedPointer<NParticleEngine::CParticleSystem>,std::allocator<CCountedPointer<NParticleEngine::CParticleSystem>_>_>	ParticleSystems	16	CSplineRef*	begin	4	CONTAINED	CParticleEmitter_GetApproximateTotalSplineLength_00aed050.cpp
CParticleEmitter	0xc	vector<CCountedPointer<NParticleEngine::CParticleSystem>,std::allocator<CCountedPointer<NParticleEngine::CParticleSystem>_>_>	ParticleSystems	16	CSplineRef*	end	4	CONTAINED	CParticleEmitter_GetApproximateTotalSplineLength_00aed050.cpp
CParticleProgram	0xc0	CArray<C3DClothRenderVertex>	RenderVertices	16	char*	data	4	CONTAINED	CParticleProgram_RelocateData_00ae04c0.cpp
CParticleSystem	0xb0			140	float	totalTime	4	SIZE_CONFLICT	CParticleSystem_GetNormalisedTime_006a4e40.cpp
CParticleSystem	0xb4			140	float	elapsed	4	SIZE_CONFLICT	CParticleSystem_GetNormalisedTime_006a4e40.cpp
CPhysicsDef	0x28	float	Diameter	4	float	f28	4	AGREE	CPhysicsDef_TransferCPhysicsDefUAEXAAVCPersistContextZ_0045212a.cpp
CPhysicsDef	0x2c	float	Friction	4	float	f2c	4	AGREE	CPhysicsDef_TransferCPhysicsDefUAEXAAVCPersistContextZ_0045212a.cpp
CPhysicsDef	0x30	float	Elasticity	4	float	f30	4	AGREE	CPhysicsDef_TransferCPhysicsDefUAEXAAVCPersistContextZ_0045212a.cpp
CPhysicsDef	0x40	bool	PushableByHero	1	unsigned char	sub	4	CONFLICT	CPhysicsDef_TransferCPhysicsDefUAEXAAVCPersistContextZ_0045212a.cpp
CPhysicsFacesSegmentBranch	0x14	CIPhysicsFacesSegmentBase*	PositiveChild	4	ISized*	m14	4	AGREE	CPhysicsFacesSegmentBranch_Sizeof_00a85fb0.cpp
CPhysicsFacesSegmentBranch	0x18	CIPhysicsFacesSegmentBase*	NegativeChild	4	ISized*	m18	4	AGREE	CPhysicsFacesSegmentBranch_Sizeof_00a85fb0.cpp
CPhysicsFacesSegmentLeaf	0x4	CArray<unsigned_short>	TriangleListIndex	16	short*	begin	4	CONTAINED	CPhysicsFacesSegmentLeaf_Sizeof_00a86100.cpp
CPhysicsFacesSegmentLeaf	0xc	CArray<unsigned_short>	TriangleListIndex	16	short*	end	4	CONTAINED	CPhysicsFacesSegmentLeaf_Sizeof_00a86100.cpp
CPixelFormat	0x0	long	FormatIndex	4	int	fmt	4	AGREE	CPixelFormat_GetByteColourDepth_009e3800.cpp
CPlayer	0x0	void*	__vftable	4	char	m_leading	16	CONFLICT	CPlayer_IsMainPlayer_00487520.cpp
CPlayer	0x10	CPlayerManager*	PlayerManager	4	CPlayerManager*	PlayerManager	4	AGREE	CPlayer_IsMainPlayer_00487520.cpp
CPlayer	0x14	CMainGameComponent*	Component	4	char	m_between14And28	20	CONFLICT	CPlayer_IsMainPlayer_00487520.cpp
CPlayer	0x217	list<EPlayerMode,std::allocator<EPlayerMode>_>	PlayerModes	12	unsigned char	aggressive	1	CONTAINED	CPlayer_ToggleAggressiveMode_00487e90.cpp
CPlayer	0x24	CWorldMap*	PWorldMap	4	long	m28	4	AGREE_KIND_SOFT	CPlayer_IsUsingJoystickDeviceNumber_004874f0.cpp
CPlayer	0x28	long	Number	4	long	Number	4	AGREE	CPlayer_IsMainPlayer_00487520.cpp
CPlayerDef	0x3c	unsigned char	_pad_0x3c	4	CSubA	m3c	4	RETAIL_ONLY	CPlayerDef_TransferCPlayerDefUAEXAAVCPersistContextZ_00459582.cpp
CPlayerDef	0x3c	unsigned char	_pad_0x3c	4	unsigned int	f3c	4	RETAIL_ONLY	CPlayerDef_Copy_00462888.cpp
CPlayerDef	0x40	long	CharacterDef	4	CSubB	m40	4	AGREE	CPlayerDef_TransferCPlayerDefUAEXAAVCPersistContextZ_00459582.cpp
CPlayerDef	0x40	long	CharacterDef	4	unsigned int	f40	4	AGREE	CPlayerDef_Copy_00462888.cpp
CPlayerDef	size			72	sizeof	GetSizeofClass	68	SIZE_CONFLICT	GetSizeofClass
CPlayerGui	0x248	CDrawMouseCursor*	PDrawMouseCursor_Data	4	Sub*	sub	4	AGREE	CPlayerGui_HideScreenshotMessage_004379f0.cpp
CPlayerGuiDef	size			2896	sizeof	GetSizeofClass	2740	SIZE_CONFLICT	GetSizeofClass
CPlayerInventoryDef	0x3c	unsigned char	_pad_0x3c	4	Field	f0	4	RETAIL_ONLY	CPlayerInventoryDef_TransferCPlayerInventoryDefUAEXAAVCPersistContex_00467553.cpp
CPlayerInventoryDef	0x40	vector<long,std::allocator<long>_>	Slot	16	Field	f1	4	CONTAINED	CPlayerInventoryDef_TransferCPlayerInventoryDefUAEXAAVCPersistContex_00467553.cpp
CPlayerInventoryDef	0x44	vector<long,std::allocator<long>_>	Slot	16	Field	f2	4	CONTAINED	CPlayerInventoryDef_TransferCPlayerInventoryDefUAEXAAVCPersistContex_00467553.cpp
CPlayerInventoryDef	0x48	vector<long,std::allocator<long>_>	Slot	16	Field	f3	4	CONTAINED	CPlayerInventoryDef_TransferCPlayerInventoryDefUAEXAAVCPersistContex_00467553.cpp
CPlayerInventoryDef	0x4c	vector<long,std::allocator<long>_>	Slot	16	Field	f4	4	CONTAINED	CPlayerInventoryDef_TransferCPlayerInventoryDefUAEXAAVCPersistContex_00467553.cpp
CPlayerInventoryDef	size			136	sizeof	GetSizeofClass	112	SIZE_CONFLICT	GetSizeofClass
CPlayerMovementDef	size			128	sizeof	GetSizeofClass	124	SIZE_CONFLICT	GetSizeofClass
CPrizeScoreDef	0x28	float	Score	4	CMember	m28	4	CONFLICT	CPrizeScoreDef_TransferCPrizeScoreDefUAEXAAVCPersistContextZ_004eac7b.cpp
CPrizeScoreDef	0x28	float	Score	4	int	f28	4	CONFLICT	CPrizeScoreDef_Copy_004eac9c.cpp
CPrizeScoreDef	0x2c	long	Mult	4	CMember	m2c	4	AGREE	CPrizeScoreDef_TransferCPrizeScoreDefUAEXAAVCPersistContextZ_004eac7b.cpp
CPrizeScoreDef	0x2c	long	Mult	4	int	f2c	4	AGREE	CPrizeScoreDef_Copy_004eac9c.cpp
CQuestCardDef	0x0	void*	__vftable	4	char	data	116	CONFLICT	CQuestCardDef_GetSizeofClass_004e00e9.cpp
CQuestInfoElement	0x60			32	int	m_field60	4	SIZE_CONFLICT	CQuestInfoElement_Clear_0064ae66.cpp
CQuestInfoElement	0x68			32	SubList	m_list	4	SIZE_CONFLICT	CQuestInfoElement_Clear_0064ae66.cpp
CQuestManager	0x0	void*	__vftable	4	int	key	4	AGREE_KIND_SOFT	CQuestManager_GetActiveExclusiveQuestName_004b0540.cpp
CQuestManager	0x28	CRuntimeQuestPersistence	RuntimeQuestPersistence	40	CCharString*	name	4	CONTAINED	CQuestManager_GetActiveExclusiveQuestName_004b0540.cpp
CQuestManager	0x4	CGameScriptThingManager*	PGameScriptThingManager_Data	4	SubNode*	next	4	AGREE	CQuestManager_GetActiveExclusiveQuestName_004b0540.cpp
CQuestManager	0x64	vector<CCharString,std::allocator<CCharString>_>	CreatureGenerationDisabledQuests	16	int	field64	4	CONTAINED	CQuestManager_RemoveAllBoasts_004aff80.cpp
CQuestManager	0x68	vector<CCharString,std::allocator<CCharString>_>	CreatureGenerationDisabledQuests	16	BoastList	a	4	CONTAINED	CQuestManager_RemoveAllBoasts_004aff80.cpp
CQuestManager	0x6c	vector<CCharString,std::allocator<CCharString>_>	BetweenStartAndEndScreenQuests	16	BoastList	b	4	CONTAINED	CQuestManager_RemoveAllBoasts_004aff80.cpp
CQuestManager	0x98	list<CIntelligentPointer<CThing>,std::allocator<CIntelligentPointer<CThing>_>_>	CompletedQuestCards	12	void*	screenPtr	4	CONTAINED	CQuestManager_IsBetweenQuestStartAndFinishScreens_004af290.cpp
CQuickAccessItemButtonGuiDef	size			84	sizeof	GetSizeofClass	80	SIZE_CONFLICT	GetSizeofClass
CReactionFrequencyTraits_LinearTime	0x4	float	MinWait	4	float	MinWait	4	AGREE	CReactionFrequencyTraitsLinearTime_TransferBinaryOut_006fed00.cpp
CReactionFrequencyTraits_LinearTime	0x8	float	WaitRange	4	float	WaitRange	4	AGREE	CReactionFrequencyTraitsLinearTime_TransferBinaryOut_006fed00.cpp
CReactionFrequencyTraits_LinearTime	0xc	unsigned long	FrameHappened	4	unsigned long	FrameHappened	4	AGREE	CReactionFrequencyTraitsLinearTime_TransferBinaryOut_006fed00.cpp
CReactionFrequencyTraits_PeriodicFrequency	0x1c	unsigned long	LastHappenedFrame	4	int	result	4	AGREE	CReactionFrequencyTraitsPeriodicFrequency_LogReaction_006fedb0.cpp
CRegion	0x18	vector<long,std::allocator<long>_>	VisMaps	16	CCharString	nameA	4	CONTAINED	CRegion_GetDisplayName_006bbf20.cpp
CRegion	0x1c	vector<long,std::allocator<long>_>	VisMaps	16	CCharString	nameB	4	CONTAINED	CRegion_GetDisplayName_006bbf20.cpp
CRegion	0x20	CCharStringData*	Name_PStringData	4	NameField	field20	4	AGREE_KIND_SOFT	CRegion_SetRegionDefName_006bc1d0.cpp
CRegion	0x24	CCharStringData*	DisplayName_PStringData	4	int	field24	4	AGREE_KIND_SOFT	CRegion_SetRegionDefName_006bc1d0.cpp
CRegionMinimap	0x0	long	RegionMinimapSize	4	int	field0	4	AGREE	CRegionMinimap_LoadRegionMinimapTGAFile_0066ca80.cpp
CRegionMinimap	0x0	long	RegionMinimapSize	4	int	handle	4	AGREE	CRegionMinimap_InitialiseSurface_0066c750.cpp
CRegionMinimap	0x24	CSurface	RegionMinimapSurface	16	CSurface	surf	4	CONTAINED	CRegionMinimap_InitialiseSurface_0066c750.cpp
CRegionMinimap	0x24	CSurface	RegionMinimapSurface	16	SubObj	sub	4	CONTAINED	CRegionMinimap_LoadRegionMinimapTGAFile_0066ca80.cpp
CReplaceableMeshDef	size			56	sizeof	GetSizeofClass	52	SIZE_CONFLICT	GetSizeofClass
CResource	0x18	unsigned long	LastUsedFrame	4	int	f18	4	AGREE	CResource_SetAsUnloadable_009fbf50.cpp
CResource	0x8	CResourceList*	ResourceList	4	P*	f8	4	AGREE	CResource_SetAsUnloadable_009fbf50.cpp
CResourceList	0x10	CResource	Head	28	long	MaximumMemory	4	CONTAINED	CResourceList_AddResource_009fbfe0.cpp
CResourceList	0x14	CResource	Head	28	unsigned long	CurrentFrame	4	CONTAINED	CResourceList_AddResource_009fbfe0.cpp
CResourceList	0x18	CResource	Head	28	unsigned long	DebugStatsFrame	4	CONTAINED	CResourceList_AddResource_009fbfe0.cpp
CResourceList	0x1c	CResource	Head	28	unsigned long	UnloadDelay	4	CONTAINED	CResourceList_AddResource_009fbfe0.cpp
CResourceList	0x20	unsigned long	ResourceCount	4	unsigned long	UnloadedThisFrame	4	AGREE	CResourceList_AddResource_009fbfe0.cpp
CResourceList	0x4	CResource	Head	28	CResource	Head	4	CONTAINED	CResourceList_AddResource_009fbfe0.cpp
CResourceList	0x8	CResource	Head	28	unsigned long	ResourceCount	4	CONTAINED	CResourceList_AddResource_009fbfe0.cpp
CResourceList	0xc	CResource	Head	28	long	AllocatedMemory	4	CONTAINED	CResourceList_AddResource_009fbfe0.cpp
CResurrectionItemDef	0x28	long	OnUseParticleEffect	4	CSubField	sub	4	AGREE	CResurrectionItemDef_Copy_004e1394.cpp
CRumbleDef	0x28	map<EQuakeStrength,float,std::less<EQuakeStrength>,std::allocator<std::pair<EQuakeStrength_const_,float>_>_>	QuakeIntensities	16	CQuakeStrengthFloatMapRetail	QuakeIntensities	4	CONTAINED	CRumbleDef_Transfer_004e676a.cpp
CRumbleDef	0x2c	map<EQuakeStrength,float,std::less<EQuakeStrength>,std::allocator<std::pair<EQuakeStrength_const_,float>_>_>	QuakeIntensities	16	CQuakeLengthFloatMapRetail	QuakeDurations	4	CONTAINED	CRumbleDef_Transfer_004e676a.cpp
CRumbleDef	size			72	sizeof	GetSizeofClass	64	SIZE_CONFLICT	GetSizeofClass
CScorpionKingBattleDef	size			100	sizeof	GetSizeofClass	96	SIZE_CONFLICT	GetSizeofClass
CScriptConversation	0x14	vector<CIntelligentPointer<CThing>,std::allocator<CIntelligentPointer<CThing>_>_>	PeopleInConversation	16	SpeakerRec*	speakers	4	CONTAINED	CScriptConversation_GetCurrentSpeaker_006e55b0.cpp
CScriptConversation	0x20	vector<CScriptConversation::CConversationLine,std::allocator<CScriptConversation::CConversationLine>_>	Conversation	16	int	current	4	CONTAINED	CScriptConversation_GetCurrentSpeaker_006e55b0.cpp
CScriptConversation	0x8	vector<CIntelligentPointer<CThing>,std::allocator<CIntelligentPointer<CThing>_>_>	PeopleInConversation	16	Entry8*	entries	4	CONTAINED	CScriptConversation_GetCurrentSpeaker_006e55b0.cpp
CScriptGameResourceObjectScriptedThing	0x20	bool	NullResource	1	unsigned char	f	1	AGREE	CScriptGameResourceObjectScriptedThing_IsNull_00905320.cpp
CScriptGameResourceObjectScriptedThingBase	0x8	CScriptGameResourceObjectScriptedThingBase*	PImp_Data	4	Inner*	f8	4	AGREE	CScriptGameResourceObjectScriptedThingBase_Converse_007e73b0.cpp
CScriptGameResourceObjectScriptedThingBase	0x8	CScriptGameResourceObjectScriptedThingBase*	PImp_Data	4	Inner*	f8	4	AGREE	CScriptGameResourceObjectScriptedThingBase_FireProjectileWeaponAtTarget_007e72e0.cpp
CScriptGameResourceObjectScriptedThingBase	0x8	CScriptGameResourceObjectScriptedThingBase*	PImp_Data	4	Inner*	f8	4	AGREE	CScriptGameResourceObjectScriptedThingBase_FollowPreCalculatedRoute_007e7310.cpp
CScriptGameResourceObjectScriptedThingBase	0x8	CScriptGameResourceObjectScriptedThingBase*	PImp_Data	4	Inner*	f8	4	AGREE	CScriptGameResourceObjectScriptedThingBase_FollowThing_007e7320.cpp
CScriptGameResourceObjectScriptedThingBase	0x8	CScriptGameResourceObjectScriptedThingBase*	PImp_Data	4	Inner*	f8	4	AGREE	CScriptGameResourceObjectScriptedThingBase_IsFollowingThing_007e7460.cpp
CScriptGameResourceObjectScriptedThingBase	0x8	CScriptGameResourceObjectScriptedThingBase*	PImp_Data	4	Inner*	f8	4	AGREE	CScriptGameResourceObjectScriptedThingBase_IsPerformingScriptTask_007e7450.cpp
CScriptGameResourceObjectScriptedThingBase	0x8	CScriptGameResourceObjectScriptedThingBase*	PImp_Data	4	Inner*	f8	4	AGREE	CScriptGameResourceObjectScriptedThingBase_MoveToAndPickUpGenericBox_007e7420.cpp
CScriptGameResourceObjectScriptedThingBase	0x8	CScriptGameResourceObjectScriptedThingBase*	PImp_Data	4	Inner*	f8	4	AGREE	CScriptGameResourceObjectScriptedThingBase_MoveToPosition_007e72f0.cpp
CScriptGameResourceObjectScriptedThingBase	0x8	CScriptGameResourceObjectScriptedThingBase*	PImp_Data	4	Inner*	f8	4	AGREE	CScriptGameResourceObjectScriptedThingBase_MoveToThing_007e7300.cpp
CScriptGameResourceObjectScriptedThingBase	0x8	CScriptGameResourceObjectScriptedThingBase*	PImp_Data	4	Inner*	f8	4	AGREE	CScriptGameResourceObjectScriptedThingBase_PerformExpression_007e73c0.cpp
CScriptGameResourceObjectScriptedThingBase	0x8	CScriptGameResourceObjectScriptedThingBase*	PImp_Data	4	Inner*	f8	4	AGREE	CScriptGameResourceObjectScriptedThingBase_PlayAnimation_007e73d0.cpp
CScriptGameResourceObjectScriptedThingBase	0x8	CScriptGameResourceObjectScriptedThingBase*	PImp_Data	4	Inner*	f8	4	AGREE	CScriptGameResourceObjectScriptedThingBase_PlayCombatAnimation_007e73e0.cpp
CScriptGameResourceObjectScriptedThingBase	0x8	CScriptGameResourceObjectScriptedThingBase*	PImp_Data	4	Inner*	f8	4	AGREE	CScriptGameResourceObjectScriptedThingBase_PlayLoopingAnimation_007e73f0.cpp
CScriptGameResourceObjectScriptedThingBase	0x8	CScriptGameResourceObjectScriptedThingBase*	PImp_Data	4	Inner*	f8	4	AGREE	CScriptGameResourceObjectScriptedThingBase_Speak_007e7380.cpp
CScriptGameResourceObjectScriptedThingBase	0x8	CScriptGameResourceObjectScriptedThingBase*	PImp_Data	4	Inner*	f8	4	AGREE	CScriptGameResourceObjectScriptedThingBase_Speak_007e7390.cpp
CScriptGameResourceObjectScriptedThingBase	0x8	CScriptGameResourceObjectScriptedThingBase*	PImp_Data	4	Inner*	f8	4	AGREE	CScriptGameResourceObjectScriptedThingBase_StopFollowingThing_007e7330.cpp
CScriptGameResourceObjectScriptedThingBase	0x8	CScriptGameResourceObjectScriptedThingBase*	PImp_Data	4	Inner*	f8	4	AGREE	CScriptGameResourceObjectScriptedThingBase_SummonerLightningOrbAttackTarget_007e72d0.cpp
CScriptGameResourceObjectScriptedThingBase	0x8	CScriptGameResourceObjectScriptedThingBase*	PImp_Data	4	Inner*	f8	4	AGREE	CScriptGameResourceObjectScriptedThingBase_WaitForEntityToFinishPerformingTasks_007e7470.cpp
CScriptGameResourceObjectScriptedThingBase	0x8	CScriptGameResourceObjectScriptedThingBase*	PImp_Data	4	Inner*	f8	4	AGREE	CScriptGameResourceObjectScriptedThingBase_Wait_007e7480.cpp
CScriptGameResourceObjectScriptedThingBase	0x8	CScriptGameResourceObjectScriptedThingBase*	PImp_Data	4	Inner*	inner	4	AGREE	CScriptGameResourceObjectScriptedThingBase_ClearAllActionsIncludingLoopingAnimations_007e7410.cpp
CScriptGameResourceObjectScriptedThingBase	0x8	CScriptGameResourceObjectScriptedThingBase*	PImp_Data	4	Inner*	inner	4	AGREE	CScriptGameResourceObjectScriptedThingBase_ClearAllActions_007e7400.cpp
CScriptGameResourceObjectScriptedThingBase	0x8	CScriptGameResourceObjectScriptedThingBase*	PImp_Data	4	Inner*	inner	4	AGREE	CScriptGameResourceObjectScriptedThingBase_ClearCommands_007e7360.cpp
CScriptGameResourceObjectScriptedThingBase	0x8	CScriptGameResourceObjectScriptedThingBase*	PImp_Data	4	Inner*	inner	4	AGREE	CScriptGameResourceObjectScriptedThingBase_DropGenericBox_007e7430.cpp
CScriptGameResourceObjectScriptedThingBase	0x8	CScriptGameResourceObjectScriptedThingBase*	PImp_Data	4	Inner*	inner	4	AGREE	CScriptGameResourceObjectScriptedThingBase_UnsheatheWeapons_007e7440.cpp
CScriptGameResourceObjectScriptedThingBase	0x8	CScriptGameResourceObjectScriptedThingBase*	PImp_Data	4	Inner*	inner	4	AGREE	CScriptGameResourceObjectScriptedThingBase_WaitWhilePerformingTasks_007e7370.cpp
CScriptGameResourceObjectScriptedThingBase	0x8	CScriptGameResourceObjectScriptedThingBase*	PImp_Data	4	P*	fp	4	AGREE	CScriptGameResourceObjectScriptedThingBase_IsFollowActionRunning_007e7340.cpp
CScriptThing	0x4	CScriptThing*	PImp_Data	4	CInner*	inner	4	AGREE	CScriptThing_GetHomeMapName_004aaa10.cpp
CScriptThing	0x4	CScriptThing*	PImp_Data	4	CInner*	inner	4	AGREE	CScriptThing_MsgIsKicked_004aaf80.cpp
CScriptThing	0x4	CScriptThing*	PImp_Data	4	CInner*	inner	4	AGREE	CScriptThing_MsgPerformedAnyNonAggressiveSpecialA_004aad00.cpp
CScriptThing	0x4	CScriptThing*	PImp_Data	4	CInner*	inner	4	AGREE	CScriptThing_MsgWhoKilledMe_004abe60.cpp
CScriptThing	0x4	CScriptThing*	PImp_Data	4	CInner*	inner	4	AGREE	CScriptThing_SetAsUsable_004ab040.cpp
CScriptThing	0x4	CScriptThing*	PImp_Data	4	CInner*	m_inner	4	AGREE	CScriptThing_MsgOpenedChest_004aada0.cpp
CScriptThing	0x4	CScriptThing*	PImp_Data	4	Inner*	f4	4	AGREE	CScriptThing_GetCurrentStateGroupType_004aaa90.cpp
CScriptThing	0x4	CScriptThing*	PImp_Data	4	Inner*	f4	4	AGREE	CScriptThing_GetPThing_004aaa60.cpp
CScriptThing	0x4	CScriptThing*	PImp_Data	4	Inner*	f4	4	AGREE	CScriptThing_IsAwareOfHero_004aaac0.cpp
CScriptThing	0x4	CScriptThing*	PImp_Data	4	Inner*	f4	4	AGREE	CScriptThing_IsSneaking_004aaab0.cpp
CScriptThing	0x4	CScriptThing*	PImp_Data	4	Inner*	f4	4	AGREE	CScriptThing_MsgHowLongWasExpressionPerformed_004aac10.cpp
CScriptThing	0x4	CScriptThing*	PImp_Data	4	P*	f4	4	AGREE	CScriptThing_GetActivationTriggerStatus_004ab080.cpp
CScriptThing	0x4	CScriptThing*	PImp_Data	4	P*	f4	4	AGREE	CScriptThing_GetPThingUniqueID_004aaa70.cpp
CScriptThing	0x4	CScriptThing*	PImp_Data	4	P*	f4	4	AGREE	CScriptThing_GetScriptCounter_004ab110.cpp
CScriptThing	0x4	CScriptThing*	PImp_Data	4	P*	f4	4	AGREE	CScriptThing_IsOpenDoor_004ab000.cpp
CScriptThing	0x4	CScriptThing*	PImp_Data	4	P*	f4	4	AGREE	CScriptThing_IsSummonedCreature_004ab020.cpp
CScriptThing	0x4	CScriptThing*	PImp_Data	4	P*	f4	4	AGREE	CScriptThing_IsUnconscious_004aafa0.cpp
CScriptThing	0x4	CScriptThing*	PImp_Data	4	P*	f4	4	AGREE	CScriptThing_IsUsable_004aafc0.cpp
CScriptThing	0x4	CScriptThing*	PImp_Data	4	P*	f4	4	AGREE	CScriptThing_MsgAttackedWithBareHandsWithoutHittingAnything_004aaea0.cpp
CScriptThing	0x4	CScriptThing*	PImp_Data	4	P*	f4	4	AGREE	CScriptThing_MsgAttackedWithMeleeWeaponWithoutHittingAnything_004aae80.cpp
CScriptThing	0x4	CScriptThing*	PImp_Data	4	P*	f4	4	AGREE	CScriptThing_MsgExpressionPerformedTo_004aabf0.cpp
CScriptThing	0x4	CScriptThing*	PImp_Data	4	P*	f4	4	AGREE	CScriptThing_MsgHitEnemyWithBareHands_004aae40.cpp
CScriptThing	0x4	CScriptThing*	PImp_Data	4	P*	f4	4	AGREE	CScriptThing_MsgHitEnemyWithMeleeWeapon_004aadc0.cpp
CScriptThing	0x4	CScriptThing*	PImp_Data	4	P*	f4	4	AGREE	CScriptThing_MsgHitEnemyWithRangedWeapon_004aae00.cpp
CScriptThing	0x4	CScriptThing*	PImp_Data	4	P*	f4	4	AGREE	CScriptThing_MsgHitFriendWithBareHands_004aae60.cpp
CScriptThing	0x4	CScriptThing*	PImp_Data	4	P*	f4	4	AGREE	CScriptThing_MsgHitFriendWithMeleeWeapon_004aade0.cpp
CScriptThing	0x4	CScriptThing*	PImp_Data	4	P*	f4	4	AGREE	CScriptThing_MsgHitFriendWithRangedWeapon_004aae20.cpp
CScriptThing	0x4	CScriptThing*	PImp_Data	4	P*	f4	4	AGREE	CScriptThing_MsgIsHitByWithDecapitate_004aab70.cpp
CScriptThing	0x4	CScriptThing*	PImp_Data	4	P*	f4	4	AGREE	CScriptThing_MsgIsHitByWithFlourish_004aab50.cpp
CScriptThing	0x4	CScriptThing*	PImp_Data	4	P*	f4	4	AGREE	CScriptThing_MsgIsHitByWithProjectileWeapon_004aabb0.cpp
CScriptThing	0x4	CScriptThing*	PImp_Data	4	P*	f4	4	AGREE	CScriptThing_MsgIsHitByWithWeapon_004aab90.cpp
CScriptThing	0x4	CScriptThing*	PImp_Data	4	P*	f4	4	AGREE	CScriptThing_MsgIsHitBy_004aab30.cpp
CScriptThing	0x4	CScriptThing*	PImp_Data	4	P*	f4	4	AGREE	CScriptThing_MsgIsKilledBy_004aaaf0.cpp
CScriptThing	0x4	CScriptThing*	PImp_Data	4	P*	f4	4	AGREE	CScriptThing_MsgIsTalkedToBy_004aabd0.cpp
CScriptThing	0x4	CScriptThing*	PImp_Data	4	P*	f4	4	AGREE	CScriptThing_MsgIsTriggeredBy_004aaad0.cpp
CScriptThing	0x4	CScriptThing*	PImp_Data	4	P*	f4	4	AGREE	CScriptThing_MsgIsUsedBy_004aab10.cpp
CScriptThing	0x4	CScriptThing*	PImp_Data	4	P*	f4	4	AGREE	CScriptThing_MsgPerformedFlourish_004aaf00.cpp
CScriptThing	0x4	CScriptThing*	PImp_Data	4	P*	f4	4	AGREE	CScriptThing_MsgPerformedSuccessfulFlourish_004aaf20.cpp
CScriptThing	0x4	CScriptThing*	PImp_Data	4	P*	f4	4	AGREE	CScriptThing_MsgReceivedInventoryItem_004aac80.cpp
CScriptThing	0x4	CScriptThing*	PImp_Data	4	P*	f4	4	AGREE	CScriptThing_MsgTalkedToAnyone_004aaec0.cpp
CScriptThing	0x4	CScriptThing*	PImp_Data	4	P*	f4	4	AGREE	CScriptThing_SetToKillOnLevelUnload_004ab0c0.cpp
CScriptThing	0x4	CScriptThing*	PImp_Data	4	Sub*	sub	4	AGREE	CScriptThing_MsgPerformedAnyAggressiveSpecialAbil_004aace0.cpp
CScriptThing	0x4	CScriptThing*	PImp_Data	4	Target*	m_target	4	AGREE	CScriptThing_MsgPerformedAnySpecialAbility_004aacc0.cpp
CScrollingComponent	0x18	unsigned char	_base_0x04	392	int	state	4	RETAIL_ONLY	CScrollingComponent_ChangeState_00452b4d.cpp
CScrollingComponent	0x18	unsigned char	_base_0x04	392	long	state	4	RETAIL_ONLY	previous header
CScrollingComponent	0x24	unsigned char	_base_0x04	392	long	field24	4	RETAIL_ONLY	previous header
CScrollingComponent	0x24	unsigned char	_base_0x04	392	void*	field24	4	RETAIL_ONLY	CScrollingComponent_ChangeState_00452b4d.cpp
CScrollingComponent	0x28	unsigned char	_base_0x04	392	long	field28	4	RETAIL_ONLY	previous header
CScrollingComponent	0x28	unsigned char	_base_0x04	392	void*	field28	4	RETAIL_ONLY	CScrollingComponent_ChangeState_00452b4d.cpp
CShaderBankStateBlock	0x4	CStateBlock	State	8	int	crcData	4	CONTAINED	CShaderBankStateBlock_CreateCRC_00a62580.cpp
CShaderDataBank	0x0	void*	__vftable	4	int	x	4	AGREE_KIND_SOFT	CShaderDataBank_CloseCShaderDataBankUAEXXZ_00a62110.cpp
CShopDef	size			224	sizeof	GetSizeofClass	208	SIZE_CONFLICT	GetSizeofClass
CShoveHaPennyRegionDef	0x28	float	Start	4	unsigned int	f28	4	CONFLICT	CShoveHaPennyRegionDef_Copy_004eafc9.cpp
CShoveHaPennyRegionDef	0x2c	float	Score	4	unsigned int	f2c	4	CONFLICT	CShoveHaPennyRegionDef_Copy_004eafc9.cpp
CSimBuildingDef	0x3c	unsigned char	_pad_0x3c	4	int	fieldA	4	RETAIL_ONLY	CSimBuildingDef_TransferCSimBuildingDefUAEXAAVCPersistContextZ_00459704.cpp
CSimBuildingDef	0x40	long	Property	4	int	fieldB	4	AGREE	CSimBuildingDef_TransferCSimBuildingDefUAEXAAVCPersistContextZ_00459704.cpp
CSimBuildingDef	0x44	long	WorkSpaces	4	int	fieldC	4	AGREE	CSimBuildingDef_TransferCSimBuildingDefUAEXAAVCPersistContextZ_00459704.cpp
CSimBuildingDef	size			76	sizeof	GetSizeofClass	72	SIZE_CONFLICT	GetSizeofClass
CSimVoicesDef	0x3c	unsigned char	_pad_0x3c	4	SubVoices	sub	4	RETAIL_ONLY	CSimVoicesDef_Copy_0046311f.cpp
CSimVoicesDef	size			92	sizeof	GetSizeofClass	84	SIZE_CONFLICT	GetSizeofClass
CSimpleMemoryPool	0x4	CMemoryBlock*	FirstMemoryBlock	4	PoolBlock*	head	4	AGREE	CSimpleMemoryPool_CalculateMemoryAllocatedByPool_00a5c5e0.cpp
CSkeletalMorphDef	0x28	CArray<CDefString>	SkeletalMorphs	16	Sub	sub	4	CONTAINED	CSkeletalMorphDef_Copy_004e28b6.cpp
CSkeletalMorphDef	size			56	sizeof	GetSizeofClass	52	SIZE_CONFLICT	GetSizeofClass
CSkyDef	size			136	sizeof	GetSizeofClass	128	SIZE_CONFLICT	GetSizeofClass
CSmokeGeneratorDef	0x28	float	GenerationDistance	4	CMember	m28	4	CONFLICT	CSmokeGeneratorDef_TransferCSmokeGeneratorDefUAEXAAVCPersistContext_004dd9dd.cpp
CSmokeGeneratorDef	0x28	float	GenerationDistance	4	int	m28	4	CONFLICT	CSmokeGeneratorDef_Copy_004dfff6.cpp
CSmokeGeneratorDef	0x2c	long	ParticleEmitter	4	CMember	m2c	4	AGREE	CSmokeGeneratorDef_TransferCSmokeGeneratorDefUAEXAAVCPersistContext_004dd9dd.cpp
CSmokeGeneratorDef	0x2c	long	ParticleEmitter	4	int	m2c	4	AGREE	CSmokeGeneratorDef_Copy_004dfff6.cpp
CSoundAtmospheresDef	0x28	vector<CCharString,std::allocator<CCharString>_>	SoundAtmospheres	16	CSubMember	sub	4	CONTAINED	CSoundAtmospheresDef_Copy_004e3fd0.cpp
CSoundAtmospheresDef	0x28	vector<CCharString,std::allocator<CCharString>_>	SoundAtmospheres	16	int	m_member	4	CONTAINED	CSoundAtmospheresDef_Transfer_004ec153.cpp
CSoundAtmospheresDef	size			56	sizeof	GetSizeofClass	52	SIZE_CONFLICT	GetSizeofClass
CSoundDef	size			156	sizeof	GetSizeofClass	132	SIZE_CONFLICT	GetSizeofClass
CSoundThemeDef	size			108	sizeof	GetSizeofClass	100	SIZE_CONFLICT	GetSizeofClass
CSpawnedFuncBase	0x2c	CPredicateBase*	PPredicate_Data	4	P*	f2c	4	AGREE	CSpawnedFuncBase_TestPredicate_00f35a00.cpp
CSpecialAbilitiesAssassinRushDef	size			148	sizeof	GetSizeofClass	140	SIZE_CONFLICT	GetSizeofClass
CSpecialAbilitiesBattleChargeDef	size			184	sizeof	GetSizeofClass	164	SIZE_CONFLICT	GetSizeofClass
CSpecialAbilitiesBerserkDef	0x0	void*	__vftable	4	int	placeholder	4	AGREE_KIND_SOFT	CSpecialAbilitiesBerserkDef_GetSizeofClass_004573db.cpp
CSpecialAbilitiesBerserkDef	size			468	sizeof	GetSizeofClass	392	SIZE_CONFLICT	GetSizeofClass
CSpecialAbilitiesBulletTimeDef	size			428	sizeof	GetSizeofClass	396	SIZE_CONFLICT	GetSizeofClass
CSpecialAbilitiesBurntEffectDef	0x3c	unsigned char	_pad_0x3c	4	int	f3c	4	RETAIL_ONLY	CSpecialAbilitiesBurntEffectDef_TransferCSpecialAbilitiesBurntEffectDefUAEXAAVCP_0046a742.cpp
CSpecialAbilitiesBurntEffectDef	0x40	float	FadeInTimeSecs	4	int	f40	4	CONFLICT	CSpecialAbilitiesBurntEffectDef_TransferCSpecialAbilitiesBurntEffectDefUAEXAAVCP_0046a742.cpp
CSpecialAbilitiesBurntEffectDef	0x44	float	FadeOutTimeStartSecs	4	int	f44	4	CONFLICT	CSpecialAbilitiesBurntEffectDef_TransferCSpecialAbilitiesBurntEffectDefUAEXAAVCP_0046a742.cpp
CSpecialAbilitiesBurntEffectDef	0x48	float	FadeOutTimeSecs	4	int	f48	4	CONFLICT	CSpecialAbilitiesBurntEffectDef_TransferCSpecialAbilitiesBurntEffectDefUAEXAAVCP_0046a742.cpp
CSpecialAbilitiesBurntEffectDef	size			92	sizeof	GetSizeofClass	84	SIZE_CONFLICT	GetSizeofClass
CSpecialAbilitiesCreatureTintDef	0x3c	unsigned char	_pad_0x3c	4	int	fieldA	4	RETAIL_ONLY	CSpecialAbilitiesCreatureTintDef_TransferCSpecialAbilitiesCreatureTintDefUAEXAAVC_0046a7e0.cpp
CSpecialAbilitiesCreatureTintDef	0x40	float	FadeInTimeSecs	4	int	fieldB	4	CONFLICT	CSpecialAbilitiesCreatureTintDef_TransferCSpecialAbilitiesCreatureTintDefUAEXAAVC_0046a7e0.cpp
CSpecialAbilitiesCreatureTintDef	0x44	float	FadeOutTimeSecs	4	int	fieldC	4	CONFLICT	CSpecialAbilitiesCreatureTintDef_TransferCSpecialAbilitiesCreatureTintDefUAEXAAVC_0046a7e0.cpp
CSpecialAbilitiesCreatureTintDef	size			88	sizeof	GetSizeofClass	80	SIZE_CONFLICT	GetSizeofClass
CSpecialAbilitiesDivineWrathDef	size			312	sizeof	GetSizeofClass	252	SIZE_CONFLICT	GetSizeofClass
CSpecialAbilitiesDrainLifeDataDef	0x28	float	Damage	4	CSubField	sub	4	CONFLICT	CSpecialAbilitiesDrainLifeDataDef_Copy_00453aae.cpp
CSpecialAbilitiesDrainLifeDataDef	0x28	float	Damage	4	CSubField	sub	4	CONFLICT	CSpecialAbilitiesDrainLifeDataDef_Transfer_00452593.cpp
CSpecialAbilitiesDrainLifeDef	0x3c	unsigned char	_pad_0x3c	4	Field	f0	4	RETAIL_ONLY	CSpecialAbilitiesDrainLifeDef_Transfer_004724c2.cpp
CSpecialAbilitiesDrainLifeDef	0x40	vector<float,std::allocator<float>_>	AmountOfHealthSucked	16	Field	f1	4	CONTAINED	CSpecialAbilitiesDrainLifeDef_Transfer_004724c2.cpp
CSpecialAbilitiesDrainLifeDef	0x44	vector<float,std::allocator<float>_>	AmountOfHealthSucked	16	Field	f2	4	CONTAINED	CSpecialAbilitiesDrainLifeDef_Transfer_004724c2.cpp
CSpecialAbilitiesDrainLifeDef	0x48	vector<float,std::allocator<float>_>	AmountOfHealthSucked	16	Field	f3	4	CONTAINED	CSpecialAbilitiesDrainLifeDef_Transfer_004724c2.cpp
CSpecialAbilitiesDrainLifeDef	0x4c	vector<float,std::allocator<float>_>	AmountOfHealthSucked	16	Field	f4	4	CONTAINED	CSpecialAbilitiesDrainLifeDef_Transfer_004724c2.cpp
CSpecialAbilitiesDrainLifeDef	size			132	sizeof	GetSizeofClass	112	SIZE_CONFLICT	GetSizeofClass
CSpecialAbilitiesDrunkennessDef	size			84	sizeof	GetSizeofClass	80	SIZE_CONFLICT	GetSizeofClass
CSpecialAbilitiesElectrocutedEffectDef	size			120	sizeof	GetSizeofClass	108	SIZE_CONFLICT	GetSizeofClass
CSpecialAbilitiesEnflameDef	size			176	sizeof	GetSizeofClass	168	SIZE_CONFLICT	GetSizeofClass
CSpecialAbilitiesFireballSpellDef	size			92	sizeof	GetSizeofClass	84	SIZE_CONFLICT	GetSizeofClass
CSpecialAbilitiesForcePushDataDef	0x0	void*	__vftable	4	unsigned char	_tail	44	CONFLICT	CSpecialAbilitiesForcePushDataDef_Transfer_004525a3.cpp
CSpecialAbilitiesForcePushDataDef	0x28	float	Damage	4	CSubField	sub	4	CONFLICT	CSpecialAbilitiesForcePushDataDef_Copy_00453ac7.cpp
CSpecialAbilitiesGhostSwordDef	size			92	sizeof	GetSizeofClass	88	SIZE_CONFLICT	GetSizeofClass
CSpecialAbilitiesHealLifeDef	size			112	sizeof	GetSizeofClass	96	SIZE_CONFLICT	GetSizeofClass
CSpecialAbilitiesLightningSpellDef	size			364	sizeof	GetSizeofClass	296	SIZE_CONFLICT	GetSizeofClass
CSpecialAbilitiesMultiArrowDef	size			140	sizeof	GetSizeofClass	128	SIZE_CONFLICT	GetSizeofClass
CSpecialAbilitiesMultiStrikeDef	size			180	sizeof	GetSizeofClass	156	SIZE_CONFLICT	GetSizeofClass
CSpecialAbilitiesSummonSpellDef	size			120	sizeof	GetSizeofClass	108	SIZE_CONFLICT	GetSizeofClass
CSpecialAbilitiesThunderLightningStormDef	size			108	sizeof	GetSizeofClass	104	SIZE_CONFLICT	GetSizeofClass
CSpecialAbilitiesTurncoatSpellDef	0x3c	unsigned char	_pad_0x3c	4	Field	f0	4	RETAIL_ONLY	CSpecialAbilitiesTurncoatSpellDef_TransferCSpecialAbilitiesTurncoatSpellDefUAEXAAV_00465662.cpp
CSpecialAbilitiesTurncoatSpellDef	0x40	vector<float,std::allocator<float>_>	StaminaCostPerSec	16	Field	f1	4	CONTAINED	CSpecialAbilitiesTurncoatSpellDef_TransferCSpecialAbilitiesTurncoatSpellDefUAEXAAV_00465662.cpp
CSpecialAbilitiesTurncoatSpellDef	0x44	vector<float,std::allocator<float>_>	StaminaCostPerSec	16	Field	f2	4	CONTAINED	CSpecialAbilitiesTurncoatSpellDef_TransferCSpecialAbilitiesTurncoatSpellDefUAEXAAV_00465662.cpp
CSpecialAbilitiesTurncoatSpellDef	0x48	vector<float,std::allocator<float>_>	StaminaCostPerSec	16	Field	f3	4	CONTAINED	CSpecialAbilitiesTurncoatSpellDef_TransferCSpecialAbilitiesTurncoatSpellDefUAEXAAV_00465662.cpp
CSpecialAbilitiesTurncoatSpellDef	0x4c	vector<float,std::allocator<float>_>	StaminaCostPerSec	16	Field	f4	4	CONTAINED	CSpecialAbilitiesTurncoatSpellDef_TransferCSpecialAbilitiesTurncoatSpellDefUAEXAAV_00465662.cpp
CSpecialAbilitiesTurncoatSpellDef	size			144	sizeof	GetSizeofClass	120	SIZE_CONFLICT	GetSizeofClass
CSpecialAbilitiesUnholyPowerDef	size			312	sizeof	GetSizeofClass	252	SIZE_CONFLICT	GetSizeofClass
CSpecialEffectsDef	size			56	sizeof	GetSizeofClass	52	SIZE_CONFLICT	GetSizeofClass
CStaticFontBank	0x4	unsigned char	_pad_0x04	4	long	m_maxHeight	4	RETAIL_ONLY	previous header
CStreamingFontBank	0x4	unsigned char	_pad_0x04	4	long	m_maxHeight	4	RETAIL_ONLY	previous header
CStreamingFontBankStateBlock	0x0	void*	__vftable	4	char	a	4	AGREE_KIND_SOFT	CStreamingFontBankStateBlock_Set_00a5ee40.cpp
CStreamingFontBankStateBlock	0x4	CStateBlock	State	16	int	crcData	4	CONTAINED	CStreamingFontBankStateBlock_CreateCRC_00a5f6a0.cpp
CStreamingFontBankStateBlock	0x4	CStateBlock	State	16	unsigned char	f10	1	CONTAINED	CStreamingFontBankStateBlock_Set_00a5ee40.cpp
CStreamingFontDataBank	0x0	void*	__vftable	4	int	x	4	AGREE_KIND_SOFT	CStreamingFontDataBank_CloseCStreamingFontDataBankUAEXXZ_00a5f420.cpp
CStreamingFontDataBankEntry	0x4	CFontBank*	Font_Data	4	int	ptr	4	AGREE_KIND_SOFT	CStreamingFontDataBankEntry_IsLoaded_00a5f220.cpp
CSummonableCreatureDef	0x28	float	Rank	4	CMember	m28	4	CONFLICT	CSummonableCreatureDef_TransferCSummonableCreatureDefUAEXAAVCPersistCon_004de891.cpp
CSummonableCreatureDef	0x2c	long	SummonedBrain_TablePos	4	CMember	m2c	4	AGREE	CSummonableCreatureDef_TransferCSummonableCreatureDefUAEXAAVCPersistCon_004de891.cpp
CTCActivationReceptorBase	0x20	ELogicType	LogicType	4	unsigned char	f20	1	CONTAINED	CTCActivationReceptorBase_Activate_007f76e0.cpp
CTCActivationReceptorBase	0x28	unsigned long	FramesAfterActivationToDeactivate	4	void*	f28	4	AGREE_KIND_SOFT	CTCActivationReceptorBase_Activate_007f76e0.cpp
CTCActivationReceptorBase	0xc	bool	Activated	1	unsigned char	f0c	1	AGREE	CTCActivationReceptorBase_Activate_007f76e0.cpp
CTCBase	0x9	bool	IsInGlobalUpdateTCs	1	char	byte9	1	AGREE	CTCBase_RemoveFromGlobalTCs_00686df0.cpp
CTCBerserk	0x1c	float	ReleasedAnimationTimer	4	float	f1c	4	AGREE	CTCBerserk_SetAnimationTime_0078be60.cpp
CTCBoastUI	0x18	map<NUISystem::CMenuEntry_*,CQuestManager::CBoast,std::less<NUISystem::CMenuEntry_*>,std::allocator<std::pair<NUISystem::CMenuEntry_*_const,CQuestManager::CBoast>_>_>	BoastGroups	16	unsigned char	f18	1	CONTAINED	CTCBoastUI_RequestActivate_0056a860.cpp
CTCBoastUI	0x28	vector<NUISystem::CComponent_*,std::allocator<NUISystem::CComponent_*>_>	Components	16	unsigned char	f28	1	CONTAINED	CTCBoastUI_RequestActivate_0056a860.cpp
CTCBoastUI	0x29	vector<NUISystem::CComponent_*,std::allocator<NUISystem::CComponent_*>_>	Components	16	unsigned char	f29	1	CONTAINED	CTCBoastUI_RequestActivate_0056a860.cpp
CTCBoastUI	0x2a	vector<NUISystem::CComponent_*,std::allocator<NUISystem::CComponent_*>_>	Components	16	unsigned char	f2a	1	CONTAINED	CTCBoastUI_RequestActivate_0056a860.cpp
CTCBulletTime	0x4	unsigned char	_pad_0x04	4	That*	f4	4	RETAIL_ONLY	CTCBulletTime_CancelMove_0079c640.cpp
CTCBulletTime	0x4	unsigned char	_pad_0x04	4	long	f4	4	RETAIL_ONLY	previous header
CTCBulletTime	0x54	bool	Pausable	1	char	f54	1	AGREE	CTCBulletTime_CancelMove_0079c640.cpp
CTCBuyableHouse	0x1c	long	CurrentDressLevel	4	int	field_1c	4	AGREE	CTCBuyableHouse_IncrementDressLevel_006c04b0.cpp
CTCBuyableHouse	0x34	long	FrameToNextCheckIfWeNeedToCreateAnything	4	int	field_34	4	AGREE	CTCBuyableHouse_IncrementDressLevel_006c04b0.cpp
CTCCombat	0x14	long	ComboChainGracePeriodCountdown	4	CInner*	f24	4	AGREE_KIND_SOFT	CTCCombat_IsCurrentActionBlockable_007333d0.cpp
CTCCombat	0x1c	long	UnarmedCombatIdleCountdown	4	int	count	4	AGREE	CTCCombat_IsUsingUnarmedCombatIdle_00733100.cpp
CTCCombat	0x1c	long	UnarmedCombatIdleCountdown	4	int	f1c	4	AGREE	CTCCombat_OnHit_007332d0.cpp
CTCCombat	0x4	unsigned char	_pad_0x04	4	CObj*	obj	4	RETAIL_ONLY	CTCCombat_IsUsingUnarmedCombatIdle_00733100.cpp
CTCCombat	0x4	unsigned char	_pad_0x04	4	long	obj	4	RETAIL_ONLY	previous header
CTCCombat	0x50	CDefPointeeBase*	PBlockCounterAbility_Object	4	int	f50	4	AGREE_KIND_SOFT	CTCCombat_OnHit_007332d0.cpp
CTCCombat	0x68	vector<CIntelligentPointer<CThing_const_>,std::allocator<CIntelligentPointer<CThing_const_>_>_>	AlwaysBlockThings	16	int	field_68	4	CONTAINED	CTCCombat_IsVulnerableToUnblockableAttack_007331c0.cpp
CTCCoopSpirit	0x0	void*	__vftable	4	unsigned char	storage	52	CONFLICT	CTCCoopSpirit_Construct_004d55d0.cpp
CTCCrateStack	0x10	CIntelligentPointer<CThing>	FirstCrate	8	CIntelligentPointerThing	SecondCrate	4	CONTAINED	CTCCrateStack_GetNumCrates_007b6660.cpp
CTCCrateStack	0xc	CIntelligentPointer<CThing>	FirstCrate	8	CIntelligentPointerThing	FirstCrate	4	CONTAINED	CTCCrateStack_GetNumCrates_007b6660.cpp
CTCCreatureGenerator	0x0	void*	__vftable	4	char	m_leading	80	CONFLICT	CTCCreatureGenerator_SetAlwaysCreateCreaturesOnTrigger_00749d70.cpp
CTCCreatureGenerator	0x18	CArray<CDefIndex>	CreatureFamilies	16	ListNode*	list	4	CONTAINED	CTCCreatureGenerator_IsDepleted_00749e20.cpp
CTCCreatureGenerator	0x1c	list<CIntelligentPointer<CThing>,std::allocator<CIntelligentPointer<CThing>_>_>	CreatedCreatures	12	intrusive list	head	4	CONTAINED	CTCCreatureGenerator_IsDepleted_00749e20.cpp
CTCCreatureGenerator	0x44	TGenerationParameters	GenParams	36	int	f40	4	CONTAINED	CTCCreatureGenerator_IsDepleted_00749e20.cpp
CTCCreatureGenerator	0x4c	TGenerationParameters	GenParams	36	bool	active	1	CONTAINED	CTCCreatureGenerator_SetAsActive_00749dd0.cpp
CTCCreatureGenerator	0x50	TGenerationParameters	GenParams	36	bool	m_bSuppressCreateOnTrigger	1	CONTAINED	CTCCreatureGenerator_SetAlwaysCreateCreaturesOnTrigger_00749d70.cpp
CTCCreatureGenerator	0x58	TGenerationParameters	GenParams	36	int	f54	4	CONTAINED	CTCCreatureGenerator_IsDepleted_00749e20.cpp
CTCCreatureGenerator	0x5c	bool	Active	1	unsigned char	activationState	1	AGREE	CTCCreatureGenerator_SetAsActive_00749dd0.cpp
CTCCreatureGenerator	0x88	vector<C3DVector,std::allocator<C3DVector>_>	HiddenPositions	16	int	f84	4	CONTAINED	CTCCreatureGenerator_IsDepleted_00749e20.cpp
CTCCreatureNavigation	0x50	vector<CSteeringAgent_const_*,std::allocator<CSteeringAgent_const_*>_>	Agents	16	int	cur	4	CONTAINED	CTCCreatureNavigation_IsCurrentlyNavigating_006cb8f0.cpp
CTCCreatureNavigation	0x55	long	NextUpdate	4	unsigned char	flag	1	CONFLICT	CTCCreatureNavigation_SetAsAbleToMoveThroughSolidObjects_006cb9d0.cpp
CTCCreatureNavigation	0xc	CNavigatorBase*	PNavigator	4	CObj*	obj	4	AGREE	CTCCreatureNavigation_SetAsAbleToMoveThroughSolidObjects_006cb9d0.cpp
CTCCreatureOpinionOfHero	0x33c	list<long,std::allocator<long>_>[92]	KnownDeeds	1104	int	m_opinionValue	4	CONTAINED	CTCCreatureOpinionOfHero_SetHeroOpinionEnemy_006815d0.cpp
CTCCreatureOpinionOfHero	0x342	list<long,std::allocator<long>_>[92]	KnownDeeds	1104	char	m_isEnemy	1	CONTAINED	CTCCreatureOpinionOfHero_SetHeroOpinionEnemy_006815d0.cpp
CTCDoor	0x0	void*	__vftable	4	void*	m0	4	AGREE	CTCDoor_ScriptTriggerOpen_007305d0.cpp
CTCDoor	0x10	bool	CurrentOpen	1	bool	m10	1	AGREE	CTCDoor_ScriptTriggerOpen_007305d0.cpp
CTCDoor	0x4	unsigned char	_pad_0x04	4	CDoorInner*	m4	4	RETAIL_ONLY	CTCDoor_ScriptTriggerOpen_007305d0.cpp
CTCDoor	0x4	unsigned char	_pad_0x04	4	long	m4	4	RETAIL_ONLY	previous header
CTCEntityEvents	0x4	unsigned char	_pad_0x04	4	CSubObject	sub	4	RETAIL_ONLY	CTCEntityEvents_FrameUpdate_00811450.cpp
CTCEntityEvents	0x4	unsigned char	_pad_0x04	4	long	sub	4	RETAIL_ONLY	previous header
CTCExplodingObject	0x18	long	CountdownTimer	4	long	CountdownTimer	4	AGREE	CTCExplodingObject_SetCountdownTimer_00750ba0.cpp
CTCExplodingObject	0x4	unsigned char	_pad_0x04	4	CThing*	Thing	4	RETAIL_ONLY	CTCExplodingObject_SetCountdownTimer_00750ba0.cpp
CTCGraphicAppearance	0x38	float	CachedStaticFocalPosOffset_Z	4	MemberAt38	m38	4	CONFLICT	CTCGraphicAppearance_ClearAllPrimitives_004bf9a0.cpp
CTCGraphicAppearance	0x38	float	CachedStaticFocalPosOffset_Z	4	SubObj*	subptr	4	CONFLICT	CTCGraphicAppearance_ClearAllPrimitivesDueToBeingOutOfRan_004bf960.cpp
CTCGraphicAppearance	0x3c	float	Scale	4	ListNode*	head	4	CONFLICT	CTCGraphicAppearance_ClearAllPrimitivesDueToBeingOutOfRan_004bf960.cpp
CTCGraphicAppearance	0x3c	float	Scale	4	ListNode*	head	4	CONFLICT	CTCGraphicAppearance_ClearAllPrimitives_004bf9a0.cpp
CTCGraphicAppearance	0x4	unsigned char	_pad_0x04	4	Sub*	f4	4	RETAIL_ONLY	CTCGraphicAppearance_SetAlpha_004bfac0.cpp
CTCGraphicAppearance	0x54	list<NGraphicAppearance::CAGraphicAppearanceComponent_*,std::allocator<NGraphicAppearance::CAGraphicAppearanceComponent_*>_>	Components	12	int	counter	4	CONTAINED	CTCGraphicAppearance_ClearAllPrimitivesDueToBeingOutOfRan_004bf960.cpp
CTCGraphicAppearance	0x54	list<NGraphicAppearance::CAGraphicAppearanceComponent_*,std::allocator<NGraphicAppearance::CAGraphicAppearanceComponent_*>_>	Components	12	int	counter	4	CONTAINED	CTCGraphicAppearance_ClearAllPrimitives_004bf9a0.cpp
CTCGraphicAppearance	0x58	unsigned char	LightingChannel_ChannelIndex0	1	char	flags	1	AGREE	CTCGraphicAppearance_ClearAllPrimitivesDueToBeingOutOfRan_004bf960.cpp
CTCGraphicAppearance	0x58	unsigned char	LightingChannel_ChannelIndex0	1	unsigned char	flags	1	AGREE	CTCGraphicAppearance_SetAlpha_004bfac0.cpp
CTCGraphicAppearance	0x59	unsigned char	LightingChannel_ChannelIndex1	1	unsigned char	state	1	AGREE	CTCGraphicAppearance_ClearAllPrimitivesDueToBeingOutOfRan_004bf960.cpp
CTCGraphicAppearance	0x5a	unsigned char	LightingChannel_ChannelBlendFactor	1	unsigned char	alpha	1	AGREE	CTCGraphicAppearance_SetAlpha_004bfac0.cpp
CTCHeroAttachableAppearanceModifiers	0x14	bitfield group: bool:1	AppearanceModifiersLoaded	2	unsigned char	f14	1	CONTAINED	CTCHeroAttachableAppearanceModifiers_HandleMessage_00705fe0.cpp
CTCHeroCentre	0x10	EGUIMode	CurrentGUIMode	4	int	f10	4	CONTAINED	CTCHeroCentre_OnHeroCloseDoor_0077d3e0.cpp
CTCHeroExperience	0x10	long	TotalExperiencePoints	4	long	TotalExperiencePoints	4	AGREE	CTCHeroExperience_ApplyPenaltyForDeath_006d6340.cpp
CTCHeroExperience	0x10	long	TotalExperiencePoints	4	long	TotalExperiencePoints	4	AGREE	CTCHeroExperience_ForceSpendableExperienceTo_006d6470.cpp
CTCHeroExperience	0x14	long	ExperiencePointsAvailableToSpend	4	long	ExperiencePointsAvailableToSpend	4	AGREE	CTCHeroExperience_ApplyPenaltyForDeath_006d6340.cpp
CTCHeroExperience	0x14	long	ExperiencePointsAvailableToSpend	4	long	ExperiencePointsAvailableToSpend	4	AGREE	CTCHeroExperience_ForceSpendableExperienceTo_006d6470.cpp
CTCHeroExperience	0x18	vector<long,std::allocator<long>_>	StatExperiencePoints	16	long*	stats	4	CONTAINED	CTCHeroExperience_ForceTrainableStatExperienceTo_006d6830.cpp
CTCHeroExperience	0x24	vector<long,std::allocator<long>_>	StatExperiencePoints	16	long*	table	4	CONTAINED	CTCHeroExperience_ModifyTrainableStatLevel_006d6810.cpp
CTCHeroExperience	0x5c	vector<long,std::allocator<long>_>	ExperienceSpentOnStats	16	StatTable*	table	4	CONTAINED	CTCHeroExperience_GetCategoryTrainableStatIsIn_006d6850.cpp
CTCHeroMorph	0x3d	map<CCharString,std::pair<long,CDateAndTime>,std::less<CCharString>,std::allocator<std::pair<CCharString_const_,std::pair<long,CDateAndTime>_>_>_>	CustomToBankIndex	16	unsigned char	m_changed	1	CONTAINED	CTCHeroMorph_SetAsTeenager_0071ba40.cpp
CTCHeroMorph	0x60	float	Will	4	unsigned char	m_val	1	CONFLICT	CTCHeroMorph_SetAsTeenager_0071ba40.cpp
CTCHeroRangedAttacks	0x10	CDefPointeeBase*	PHeroCombatDef_Object	4	CHeroCombatDefRetail*	PHeroCombatDef	4	AGREE	CTCHeroRangedAttacks_ResetProjectileTargetingZoomParameter_00789b00.cpp
CTCHeroRangedAttacks	0x14	bool	FireCycleInProgress	1	unsigned char	State	44	CONFLICT	CTCHeroRangedAttacks_ResetProjectileTargetingZoomParameter_00789b00.cpp
CTCHeroRangedAttacks	0x40	float	ProjectileWeaponZoomParameter	4	float	ProjectileWeaponZoomParameter	4	AGREE	CTCHeroRangedAttacks_ResetProjectileTargetingZoomParameter_00789b00.cpp
CTCHeroStats	0x0	void*	__vftable	4	int	m00	40	CONFLICT	CTCHeroStats_GetMoralityPercentage_0057a690.cpp
CTCHeroStats	0x0	void*	__vftable	4	unsigned char	EarlierFields	472	CONFLICT	CTCHeroStats_GetNumberOfCurrentSpouses_0057ad1d.cpp
CTCHeroStats	0x1d8	CEnginePrimitiveHandle	PrimitiveHandle	8	CHeroMarriageList	Marriages	4	CONTAINED	CTCHeroStats_GetNumberOfCurrentSpouses_0057ad1d.cpp
CTCHeroStats	0x1d8	CEnginePrimitiveHandle	PrimitiveHandle	8	CHeroMarriageListRetail	Marriages	4	CONTAINED	CTCHeroStats_HasMarriageInState_0057ac29.cpp
CTCHeroStats	0x28	vector<long,std::allocator<long>_>	ExperienceSpentOn	16	int	m28	4	CONTAINED	CTCHeroStats_GetMoralityPercentage_0057a690.cpp
CTCHeroStats	0xdc	long	NumMountedTrophies	4	CTCHeroStatsInner*	inner	4	AGREE_KIND_SOFT	CTCHeroStats_GetMaxDrunkenness_0057a89d.cpp
CTCInGameMenu	0x0	void*	__vftable	4	call	member	4	AGREE_KIND_SOFT	CTCInGameMenu_Construct_004d559d.cpp
CTCInGameMenu	0x0	void*	__vftable	4	void*	v0field	4	AGREE	CTCInGameMenu_OnCreate_0047d60d.cpp
CTCInGameMenu	0x4	unsigned char	_pad_0x04	4	Sub4*	field4	4	RETAIL_ONLY	CTCInGameMenu_OnCreate_0047d60d.cpp
CTCInGameMenu	0x4	unsigned char	_pad_0x04	4	long	field4	4	RETAIL_ONLY	previous header
CTCInventoryAbilities	0x160	vector<long,std::allocator<long>_>	ExperienceSpentOnAbilities	16	AbilityEntry*	entries	4	CONTAINED	CTCInventoryAbilities_GetAbilityGraphicIndex_005ede7f.cpp
CTCInventoryAbilities	0x160	vector<long,std::allocator<long>_>	ExperienceSpentOnAbilities	16	AbilityEntry*	table	4	CONTAINED	CTCInventoryAbilities_GetAbilityMoralityCostFactor_005edff7.cpp
CTCInventoryAbilities	0x160	vector<long,std::allocator<long>_>	ExperienceSpentOnAbilities	16	Entry*	table	4	CONTAINED	CTCInventoryAbilities_GetAbilityPDef_005edfd9.cpp
CTCInventoryAbilities	0x160	vector<long,std::allocator<long>_>	ExperienceSpentOnAbilities	16	Entry*	table	4	CONTAINED	CTCInventoryAbilities_GetAbilityStatType_005edeeb.cpp
CTCInventoryBase	0x1c	bool	FirstRenderFrame	1	int	state_1c	4	CONFLICT	CTCInventoryBase_ProcessButtonBReleased_005bc66f.cpp
CTCInventoryBase	0x20	EInventorySelectionState	InventorySelectionState	4	InvVec	items	4	CONTAINED	CTCInventoryBase_GetHighlightedItem_005bcae3.cpp
CTCInventoryBase	0x6c	bool	OldIntervalDescInitialised	1	int	highlight	4	CONFLICT	CTCInventoryBase_GetHighlightedItem_005bcae3.cpp
CTCInventoryBase	0xbc	vector<NInventory::CItem,std::allocator<NInventory::CItem>_>	ConfiscatedItems	16	C2DBoxF	InventoryAnimRenderBox	4	CONTAINED	CTCInventoryBase_SetInventoryAnimRenderBox_005bc58f.cpp
CTCInventoryClothing	0x158	vector<std::pair<EClothingSuitPart,NUISystem::CComponent_*>,std::allocator<std::pair<EClothingSuitPart,NUISystem::CComponent_*>_>_>	ClothingMenuEntries	16	int	f158	4	CONTAINED	CTCInventoryClothing_AddClothingToMannequin_005b4ea8.cpp
CTCInventoryExperience	0x1bc	vector<CEnginePrimitiveHandle,std::allocator<CEnginePrimitiveHandle>_>	ExperienceAbilityMagicPrimitiveHandles	16	int	count	4	CONTAINED	CTCInventoryExperience_DecrementStatIndicator_0056e5de.cpp
CTCInventoryExperience	0x1bc	vector<CEnginePrimitiveHandle,std::allocator<CEnginePrimitiveHandle>_>	ExperienceAbilityMagicPrimitiveHandles	16	unsigned long	field_1bc	4	CONTAINED	CTCInventoryExperience_ResetStatIndicatorValues_0056e5ab.cpp
CTCInventoryExperience	0x1c0	vector<CEnginePrimitiveHandle,std::allocator<CEnginePrimitiveHandle>_>	ExperienceAbilityMagicPrimitiveHandles	16	unsigned long	field_1c0	4	CONTAINED	CTCInventoryExperience_ResetStatIndicatorValues_0056e5ab.cpp
CTCInventoryItem	0x0	void*	__vftable	4	int	field0	4	AGREE_KIND_SOFT	CTCInventoryItem_RemoveFromInventory_005d8e20.cpp
CTCInventoryItem	0x10	CTCInventoryBase*	PInventory	4	COwner*	owner	4	AGREE	CTCInventoryItem_RemoveFromInventory_005d8e20.cpp
CTCInventoryItem	0x14	unsigned char	_pad_0x14	4	long	call	4	RETAIL_ONLY	previous header
CTCInventoryItem	0x14	unsigned char	_pad_0x14	4	this for the	call	4	RETAIL_ONLY	CTCInventoryItem_RemoveFromInventory_005d8e20.cpp
CTCInventoryItem	0x4	unsigned char	_pad_0x04	4	int	slot	4	RETAIL_ONLY	CTCInventoryItem_RemoveFromInventory_005d8e20.cpp
CTCInventoryItem	0x4	unsigned char	_pad_0x04	4	long	slot	4	RETAIL_ONLY	previous header
CTCInventoryItem	0x8	unsigned char	_pad_0x08	4	int	field8	4	RETAIL_ONLY	CTCInventoryItem_RemoveFromInventory_005d8e20.cpp
CTCInventoryItem	0x8	unsigned char	_pad_0x08	4	long	field8	4	RETAIL_ONLY	previous header
CTCInventoryItem	0xc	CDefPointeeBase*	PDef_Object	4	int	fieldC	4	AGREE_KIND_SOFT	CTCInventoryItem_RemoveFromInventory_005d8e20.cpp
CTCKraken	0x1a8			120	int	m_phase	4	SIZE_CONFLICT	CTCKraken_HaveAllTentaclesBeenHit_00557940.cpp
CTCKraken	0x1ac			120	int	m_remaining	4	SIZE_CONFLICT	CTCKraken_HaveAllTentaclesBeenHit_00557940.cpp
CTCLook	0x78	float	DirectionToLookIn_Y	4	unsigned long	f78	4	CONFLICT	CTCLook_OnAppearanceClear_00751a90.cpp
CTCLook	0x7c	float	DirectionToLookIn_Z	4	unsigned long	f7c	4	CONFLICT	CTCLook_OnAppearanceClear_00751a90.cpp
CTCMapwho	0x50	bitfield group: uchar:1	InMapwho	4	unsigned char	flags	1	CONTAINED	CTCMapwho_PlaceInMapwho_0071a710.cpp
CTCMultiStrike	0x10	long	SpellLevel	4	int	index	4	AGREE	CTCMultiStrike_IsLastHit_007cca60.cpp
CTCMultiStrike	0x1c	long	NumHits	4	int	current	4	AGREE	CTCMultiStrike_IsLastHit_007cca60.cpp
CTCMultiStrike	0xc	CDefPointeeBase*	PDef_Object	4	Inner*	inner	4	AGREE	CTCMultiStrike_IsLastHit_007cca60.cpp
CTCMultiStrike	0xd	CDefPointeeBase*	PDef_Object	4	char	m_active	1	CONFLICT	CTCMultiStrike_CancelForCutscene_007cc9c0.cpp
CTCNamedUserActionPoints	0x34	unsigned char	_pad_0x34	4	CCharString*	arr	4	RETAIL_ONLY	CTCNamedUserActionPoints_GetName_007fefc0.cpp
CTCNamedUserActionPoints	0x34	unsigned char	_pad_0x34	4	long	arr	4	RETAIL_ONLY	previous header
CTCNoiseDef	0x28	ENoiseType	Type	4	int	a	4	CONTAINED	CTCNoiseDef_TransferCTCNoiseDefUAEXAAVCPersistContextZ_00452184.cpp
CTCNoiseDef	0x2c	float	LifeTime	4	int	b	4	CONFLICT	CTCNoiseDef_TransferCTCNoiseDefUAEXAAVCPersistContextZ_00452184.cpp
CTCNoiseDef	0x30	float	DistanceCanBeHeardFrom	4	int	c	4	CONFLICT	CTCNoiseDef_TransferCTCNoiseDefUAEXAAVCPersistContextZ_00452184.cpp
CTCOracleMinigame	0xc0	long[4]	SymbolsFiring	16	int	outputs	16	AGREE	CTCOracleMinigame_OutputsFiring_007e5d00.cpp
CTCPerceiveThing	0x18	float	AwarenessTimer	4	float	f18	4	AGREE	CTCPerceiveThing_SetLastAwareInfo_00744730.cpp
CTCPerceiveThing	0x20	float	LastPerceivedPos_X	4	Vec3	v20	4	CONFLICT	CTCPerceiveThing_SetLastAwareInfo_00744730.cpp
CTCPerceiveThing	0x2c	bool	Perceiving	1	CObj34*	p34	4	CONFLICT	CTCPerceiveThing_SetLastAwareInfo_00744730.cpp
CTCPerceiveThing	0x4	unsigned char	_pad_0x04	4	int	field4	4	RETAIL_ONLY	CTCPerceiveThing_SetLastAwareInfo_00744730.cpp
CTCPerceiveThing	0x4	unsigned char	_pad_0x04	4	int	field4	4	RETAIL_ONLY	previous header
CTCPerceiveThing	0xc	CIntelligentPointer<CThing_const_>	PerceivedThing	8	char	field_c	12	CONFLICT	CTCPerceiveThing_SetLastAwareInfo_00744730.cpp
CTCPhysicsBase	0x4	unsigned char	_pad_0x04	4	long	sub	4	RETAIL_ONLY	previous header
CTCPhysicsStandard	0x4	unsigned char	_pad_0x04	4	long	owner	4	RETAIL_ONLY	previous header
CTCPhysicsStandard	0x50	CRightHandedSet	RHSet	24	Xform6	cur	4	CONTAINED	CTCPhysicsStandard_ResetInterpolation_007236e0.cpp
CTCPhysicsStandard	0x54	CRightHandedSet	RHSet	24	Xform6	interp	4	CONTAINED	CTCPhysicsStandard_ResetInterpolation_007236e0.cpp
CTCPhysicsStandard	0x58	CRightHandedSet	RHSet	24	unsigned int	flag	4	CONTAINED	CTCPhysicsStandard_ResetInterpolation_007236e0.cpp
CTCPhysicsStandard	0xc	unsigned char	_pad_0x0c	4	long	ground	4	RETAIL_ONLY	previous header
CTCQuestCard	0xc	CDefPointeeBase*	PDef_Object	4	RouteInner*	inner	4	AGREE	CTCQuestCard_IsRouteToAppearOnMinimap_007022f0.cpp
CTCQuestCompletionUI	0x10	vector<NUISystem::CComponent_*,std::allocator<NUISystem::CComponent_*>_>	Components	16	int	m_10	4	CONTAINED	CTCQuestCompletionUI_IsOverridingScreenFade_005e3e70.cpp
CTCQuestCompletionUI	0x14	vector<NUISystem::CComponent_*,std::allocator<NUISystem::CComponent_*>_>	Components	16	int	m_14	4	CONTAINED	CTCQuestCompletionUI_IsOverridingScreenFade_005e3e70.cpp
CTCQuestCompletionUI	0x1c	vector<NUISystem::CComponent_*,std::allocator<NUISystem::CComponent_*>_>	Components	16	unsigned char	m_1c	1	CONTAINED	CTCQuestCompletionUI_IsOverridingScreenFade_005e3e70.cpp
CTCQuestCompletionUI	0xc	bool	Active	1	unsigned char	m_c	1	AGREE	CTCQuestCompletionUI_IsOverridingScreenFade_005e3e70.cpp
CTCQuestCompletionUI	0xc0	CText*	PGoldText	4	unsigned char	m_c0	1	CONFLICT	CTCQuestCompletionUI_IsOverridingScreenFade_005e3e70.cpp
CTCRegionDisplay	0x10	CWideStringData*	CurrentAreaNameExtra_PStringData	4	CWideString	CurrentAreaNameExtra	4	AGREE_KIND_SOFT	CTCRegionDisplay_IsDrawing_00639b70.cpp
CTCRegionDisplay	0x14	long	FrameNameChanged	4	long	FrameNameChanged	4	AGREE	CTCRegionDisplay_IsDrawing_00639b70.cpp
CTCRegionDisplay	0x18	long	CurrentAlpha	4	long	CurrentAlpha	4	AGREE	CTCRegionDisplay_IsDrawing_00639b70.cpp
CTCRegionDisplay	0x1c	long	LastAlpha	4	long	LastAlpha	4	AGREE	CTCRegionDisplay_IsDrawing_00639b70.cpp
CTCRegionDisplay	0x20	float	DisplayTime	4	float	DisplayTime	4	AGREE	CTCRegionDisplay_IsDrawing_00639b70.cpp
CTCRegionDisplay	0x24	bool	TimeOut	1	bool	TimeOut	1	AGREE	CTCRegionDisplay_IsDrawing_00639b70.cpp
CTCRegionDisplay	0x25	bool	InfoDisplay	1	bool	InfoDisplay	1	AGREE	CTCRegionDisplay_IsDrawing_00639b70.cpp
CTCRegionDisplay	0x26	bool	UpdateWhilePaused	1	bool	UpdateWhilePaused	1	AGREE	CTCRegionDisplay_IsDrawing_00639b70.cpp
CTCRegionDisplay	0xc	CWideStringData*	CurrentAreaName_PStringData	4	CWideString	CurrentAreaName	4	AGREE_KIND_SOFT	CTCRegionDisplay_IsDrawing_00639b70.cpp
CTCShotDefinitionProjectile	0x0	void*	__vftable	4	void*	m0	4	AGREE	CTCShotDefinitionProjectile_UpdateMovement_007bbc47.cpp
CTCShotDefinitionProjectile	0x4	unsigned char	_pad_0x04	4	M4*	m4	4	RETAIL_ONLY	CTCShotDefinitionProjectile_UpdateMovement_007bbc47.cpp
CTCShotDefinitionProjectile	0x4	unsigned char	_pad_0x04	4	long	m4	4	RETAIL_ONLY	previous header
CTCSpotLight	0x14	CCPPointerInfo*	PLightInfo_Info	4	unsigned long	f	4	AGREE_KIND_SOFT	CTCSpotLight_OnAppearanceClear_00731aa0.cpp
CTCStockItem	0xc	bool	ForSale	1	char	flag	1	AGREE	CTCStockItem_OnInitialActivate_007f5050.cpp
CTCTargeted	0x0	void*	__vftable	4	char	m_leading	12	CONFLICT	CTargetingFlags_AddTargetingFlag_007ea240.cpp
CTCTargeted	0x0	void*	__vftable	4	void*	v	4	AGREE	CTCTargeted_GetNumTargetPoints_007ea2d0.cpp
CTCTargeted	0x4	unsigned char	_pad_0x04	4	Inner*	obj	4	RETAIL_ONLY	CTCTargeted_GetNumTargetPoints_007ea2d0.cpp
CTCTargeted	0x4	unsigned char	_pad_0x04	4	long	obj	4	RETAIL_ONLY	previous header
CTCTargeted	0xc	unsigned long	TargetingFlags	4	unsigned int	m_targetingFlags	4	AGREE	CTargetingFlags_AddTargetingFlag_007ea240.cpp
CTCTargetingPlayer	0x3c	bool	TargetNextThing	1	bool	TargetNextThing	1	AGREE	CTCTargetingPlayer_SetAsTargetNextThingInDirection_008023c0.cpp
CTCTargetingPlayer	0x3c	bool	TargetNextThing	1	unsigned char	f3c	1	AGREE	CTCTargetingPlayer_SetAsPickUpNewLockTarget_008023a0.cpp
CTCTargetingPlayer	0x40	ETargetNextThingMethod	TargetNextThingMethod	4	ETargetNextThingMethod	TargetNextThingMethod	4	CONTAINED	CTCTargetingPlayer_SetAsTargetNextThingInDirection_008023c0.cpp
CTCTargetingPlayer	0x40	ETargetNextThingMethod	TargetNextThingMethod	4	unsigned int	f40	4	CONTAINED	CTCTargetingPlayer_SetAsPickUpNewLockTarget_008023a0.cpp
CTCTargetingPlayer	0x44	long	FrameSetAsTargetNextThing	4	unsigned int	f44	4	AGREE	CTCTargetingPlayer_SetAsPickUpNewLockTarget_008023a0.cpp
CTCTargetingPlayer	0x44	long	FrameSetAsTargetNextThing	4	unsigned long	FrameSetAsTargetNextThing	4	AGREE	CTCTargetingPlayer_SetAsTargetNextThingInDirection_008023c0.cpp
CTCTavernGameCardBase	0x0	void*	__vftable	4	char	m_leading	776	CONFLICT	CQuestCardScreen_SelectCard_008f09c0.cpp
CTCTavernGameCardBase	0x308	float[52]	BestTimes	208	int	m_selectedIndex	4	CONTAINED	CQuestCardScreen_SelectCard_008f09c0.cpp
CTCTavernGameCardBase	0x30c	float[52]	BestTimes	208	int	m_highlightedIndex	4	CONTAINED	CQuestCardScreen_SelectCard_008f09c0.cpp
CTCTrapBase	0x38	vector<CIntelligentPointer<CThing>,std::allocator<CIntelligentPointer<CThing>_>_>	TriggerThings	16	char	f38	1	CONTAINED	CTCTrapBase_ManualTrigger_00788388.cpp
CTCTrapBase	0x58	CFadeInFadeOutBase	TrapOpener	28	char	f58	1	CONTAINED	CTCTrapBase_ManualTrigger_00788388.cpp
CTCTurncoat	0x14	CDefPointeeBase*	PDef_Object	4	CTCInner*	inner	4	AGREE	CTCTurncoat_IsTurncoatable_007c7870.cpp
CTCTurncoat	0x2c	bool	TurncoatOverride	1	char	enabled	1	AGREE	CTCTurncoat_IsTurncoatable_007c7870.cpp
CTCTurncoatSpell	0x3a	CWillButtonHelperTimer	Timer	56	unsigned char	b3a	1	CONTAINED	CTCTurncoatSpell_SetAICast_007c66e0.cpp
CTCTurncoatSpell	0x4c	CIntelligentPointer<CThingCreatureBase>	PTarget	8	long	f4c	4	CONTAINED	CTCTurncoatSpell_SetAICast_007c66e0.cpp
CTCVillage	0xd4	list<CCountedPointer<CVillageTaskCarryCrate>,std::allocator<CCountedPointer<CVillageTaskCarryCrate>_>_>	CrateTasks	12	int	m_guardEnemyThreshold	4	CONTAINED	CTCVillage_GetIsHeroEnemyOfGuards_00658604.cpp
CTCWeapon	0x1c	long	NumThingsKilled	4	int	numThingsKilled	4	AGREE	CTCWeapon_IncrementNumThingsKilled_005da680.cpp
CTCWife	0x0	void*	__vftable	4	char	m_leading	164	CONFLICT	CTCWife_ClearAppearanceChangedNoticed_006cecd0.cpp
CTCWife	0xa4	set<long,std::less<long>,std::allocator<long>_>	ThingsSeenThePlayerWear	16	long	FrameNoticedChangeInAppearance	64	CONFLICT	CTCWife_ClearAppearanceChangedNoticed_006cecd0.cpp
CTCWillLightning	0x1c	long	AIHoldingDownTimer	4	int	m_timeToCast	4	AGREE	CTCWillLightning_SetTimeToCastLightning_0079f5f0.cpp
CTCWillLightning	0x5b	CWillButtonHelperTimer	m_tTimer	56	char	m_castFlag	1	CONTAINED	CTCWillLightning_SetTimeToCastLightning_0079f5f0.cpp
CTargetingDef	size			148	sizeof	GetSizeofClass	144	SIZE_CONFLICT	GetSizeofClass
CTattooDef	0x0	void*	__vftable	4	unsigned char	EarlierFields	88	CONFLICT	CTattooDef_GetTypeBalancedScariness_0057fc9c.cpp
CTattooDef	0x58	float	Scariness	4	float	Attractiveness	4	AGREE	CTattooDef_GetTypeBalancedScariness_0057fc9c.cpp
CTattooDef	0x5c	float	Goodstrength	4	float	Scariness	4	AGREE	CTattooDef_GetTypeBalancedScariness_0057fc9c.cpp
CTavernDef	0x28	long	BedCost	4	int	f28	4	AGREE	CTavernDef_Copy_004e0f02.cpp
CTavernGameDef	size			424	sizeof	GetSizeofClass	420	SIZE_CONFLICT	GetSizeofClass
CTavernGameShoveHaPennyDef	size			520	sizeof	GetSizeofClass	512	SIZE_CONFLICT	GetSizeofClass
CTavernGameSpotTheAdditionDef	size			152	sizeof	GetSizeofClass	144	SIZE_CONFLICT	GetSizeofClass
CTavernTableDef	0x25	bool	AddTankards	1	bool	AddTankards	1	AGREE	CTavernTableDef_Transfer_004de9d2.cpp
CTavernTableDef	0x26	bool	HighQualityTankards	1	bool	HighQualityTankards	1	AGREE	CTavernTableDef_Transfer_004de9d2.cpp
CTeleporterDef	0x28	float	Radius	4	int	a	4	CONFLICT	CTeleporterDef_TransferCTeleporterDefUAEXAAVCPersistContextZ_004def0f.cpp
CTeleporterDef	0x2c	long	ActiveEffect	4	int	b	4	AGREE	CTeleporterDef_TransferCTeleporterDefUAEXAAVCPersistContextZ_004def0f.cpp
CTeleporterDef	0x30	bool	ActiveByProximity	1	int	c	4	CONFLICT	CTeleporterDef_TransferCTeleporterDefUAEXAAVCPersistContextZ_004def0f.cpp
CTestPos	0x0	void*	__vftable	4	int	field_0	4	AGREE_KIND_SOFT	CTestPos_Init_00ca7c60.cpp
CTestPos	0x4	unsigned char	_pad_0x04	4	int	field_4	4	RETAIL_ONLY	CTestPos_Init_00ca7c60.cpp
CTestPos	0x4	unsigned char	_pad_0x04	4	long	field_4	4	RETAIL_ONLY	previous header
CTestPos	0x8	unsigned char	_pad_0x08	4	IProvider*	field_8	4	RETAIL_ONLY	CTestPos_Init_00ca7c60.cpp
CTestPos	0x8	unsigned char	_pad_0x08	4	long	field_8	4	RETAIL_ONLY	previous header
CTestPos	0xc	unsigned char	_pad_0x0c	4	int	field_c	4	RETAIL_ONLY	CTestPos_Init_00ca7c60.cpp
CTestPos	0xc	unsigned char	_pad_0x0c	4	long	field_c	4	RETAIL_ONLY	previous header
CText	0x15c	unsigned char	_pad_0x15c	4	unsigned char	flags	1	RETAIL_ONLY	previous header
CTexture	0x0	IDirect3DTexture9*	PD3DTexture	4	IRefObj*	obj	4	AGREE	CTexture_GetRefCount_009f9d60.cpp
CTextureManager	0x4	bool	Initialised	1	bool	Initialised	1	AGREE	CTextureManager_Uninitialise_00a696d0.cpp
CTextureManager	0x5	unsigned char	_pad_0x05	3	unsigned char	_retailPreallocationState	1483	CONFLICT	CTextureManager_Uninitialise_00a696d0.cpp
CTextureManager	0x5d0	unsigned long[16]	FailedAllocations	64	void*	TextureBuffer	4	CONTAINED	CTextureManager_Uninitialise_00a696d0.cpp
CTextureReplacementDef	size			56	sizeof	GetSizeofClass	52	SIZE_CONFLICT	GetSizeofClass
CThing	0x70	CTCPhysicsBase*	PhysicsTC	4	CLevelObj*	level	4	AGREE	CThing_IsLevelLess_004c7930.cpp
CThing	0x70	CTCPhysicsBase*	PhysicsTC	4	Inner*	m_inner	4	AGREE	CThing_IsForceNoSerialise_004c7bd0.cpp
CThing	0x90	CThing*	RenderListNext	4	signed char	joystickDeviceNumber	1	CONFLICT	CThing_GetJoystickDeviceNumber_004c7ca0.cpp
CThing	0x91	CThing*	RenderListNext	4	unsigned char	flags	1	CONFLICT	CThing_IsIncludedInThingScans_0048bc40.cpp
CThing	0x91	CThing*	RenderListNext	4	unsigned char	flags	1	CONFLICT	CThing_SetAsFrameUpdated_004c7c40.cpp
CThingAICreature	0x1a8	CIntelligentPointer<CThingAICreature>	MotherCreature	8	void*	f1a8	4	CONTAINED	CThingAICreature_UpdateBrain_006d5a90.cpp
CThingBaseDef	size			116	sizeof	GetSizeofClass	112	SIZE_CONFLICT	GetSizeofClass
CThingBuildingDef	size			168	sizeof	GetSizeofClass	164	SIZE_CONFLICT	GetSizeofClass
CThingCreatureBase	0x100	long	ShotAccuracyPercentage	4	ActionState*	action	4	AGREE_KIND_SOFT	CThingCreatureBase_IsPerformingAnyAction_006622a0.cpp
CThingCreatureBase	0x60	unsigned char	_pad_0x60	4	Other*	q	4	RETAIL_ONLY	CThingCreatureBase_GetCombatRadius_00661f90.cpp
CThingCreatureBase	0x60	unsigned char	_pad_0x60	4	long	q	4	RETAIL_ONLY	previous header
CThingCreatureBase	0xe0	unsigned char	_pad_0xe0	4	CDazedDef*	pDef	4	RETAIL_ONLY	CThingCreatureBase_GetDazedHealthThreshold_00662090.cpp
CThingCreatureBase	0xe0	unsigned char	_pad_0xe0	4	CTCBData*	data	4	RETAIL_ONLY	CThingCreatureBase_IsChild_00661f70.cpp
CThingCreatureBase	0xe0	unsigned char	_pad_0xe0	4	Inner*	p	4	RETAIL_ONLY	CThingCreatureBase_GetCombatRadius_00661f90.cpp
CThingCreatureBase	0xe0	unsigned char	_pad_0xe0	4	SomeDef*	def	4	RETAIL_ONLY	CThingCreatureBase_GetDefaultWeaponDef_00662860.cpp
CThingCreatureBase	0xe0	unsigned char	_pad_0xe0	4	long	data	4	RETAIL_ONLY	previous header
CThingCreatureDef	size			340	sizeof	GetSizeofClass	332	SIZE_CONFLICT	GetSizeofClass
CThingGameObject	0xc8	unsigned char	_pad_0xc8	4	unsigned char	flags	1	RETAIL_ONLY	previous header
CThingGroupDef	0x0	void*	__vftable	4	unsigned char	_retailDefinitionBase	57	CONFLICT	CThingGroupDef_Copy_0046284b.cpp
CThingGroupDef	size			62	sizeof	GetSizeofClass	58	SIZE_CONFLICT	GetSizeofClass
CThingHolySiteDef	0x70	unsigned char	_pad_0x70	4	char	field70	14	CONFLICT	CThingHolySiteDef_Transfer_00454dcb.cpp
CThingHolySiteDef	0x7e	float	Graphic_RenderSizeX	4	char	field7e	16	CONFLICT	CThingHolySiteDef_Transfer_00454dcb.cpp
CThingHolySiteDef	size			132	sizeof	GetSizeofClass	128	SIZE_CONFLICT	GetSizeofClass
CThingMarkerDef	size			140	sizeof	GetSizeofClass	136	SIZE_CONFLICT	GetSizeofClass
CThingNoiseDef	0x70	unsigned char	_pad_0x70	4	SubMember	member	4	RETAIL_ONLY	CThingNoiseDef_Copy_00463923.cpp
CThingNoiseDef	size			168	sizeof	GetSizeofClass	164	SIZE_CONFLICT	GetSizeofClass
CThingObject	0x0	void*	__vftable	4	unsigned char	_retailThingBase	208	CONFLICT	CThingObject_ResetDieOffTimer_00702ce0.cpp
CThingObject	0xd0	unsigned char	_pad_0xd0	4	CThingObjectDefRetail*	PDef	4	RETAIL_ONLY	CThingObject_ResetDieOffTimer_00702ce0.cpp
CThingObject	0xd4	unsigned char	_pad_0xd4	4	long	DieOffTimer	4	RETAIL_ONLY	CThingObject_ResetDieOffTimer_00702ce0.cpp
CThingObject	0xd8	unsigned char	_pad_0xd8	4	bool	DiesOff	1	RETAIL_ONLY	CThingObject_ResetDieOffTimer_00702ce0.cpp
CThingObjectDef	size			160	sizeof	GetSizeofClass	156	SIZE_CONFLICT	GetSizeofClass
CThingPhysical	0x64	unsigned char	_pad_0x64	4	Sub64*	f64	4	RETAIL_ONLY	CThingPhysical_SetScale_006a4b80.cpp
CThingPhysical	0x64	unsigned char	_pad_0x64	4	long	f64	4	RETAIL_ONLY	previous header
CThingPhysical	0x9c	unsigned char	_pad_0x9c	4	float	f9c	4	RETAIL_ONLY	CThingPhysical_SetScale_006a4b80.cpp
CThingPhysical	0x9c	unsigned char	_pad_0x9c	4	float	f9c	4	RETAIL_ONLY	previous header
CThingPhysicalSwitchDef	size			152	sizeof	GetSizeofClass	148	SIZE_CONFLICT	GetSizeofClass
CThingSearchTools	0x8	CThingManager*	ThingManager	4	TypeArrays*	arrays	4	AGREE	CThingSearchTools_PeekTypeList_0049c780.cpp
CThingShotDef	size			176	sizeof	GetSizeofClass	172	SIZE_CONFLICT	GetSizeofClass
CThingSwitchDef	0x70	unsigned char	_pad_0x70	4	int	f70	4	RETAIL_ONLY	CThingSwitchDef_Copy_004644fa.cpp
CThingSwitchDef	0x74	ESwitchTriggerType	TriggerType	4	class copy at	0x463950	4	CONTAINED	CThingSwitchDef_Copy_004644fa.cpp
CThingSwitchDef	size			120	sizeof	GetSizeofClass	116	SIZE_CONFLICT	GetSizeofClass
CThingVillageDef	0x70	unsigned char	_pad_0x70	4	int	member70	4	RETAIL_ONLY	CThingVillageDef_Transfer_00454f5f.cpp
CThingVillageDef	size			132	sizeof	GetSizeofClass	128	SIZE_CONFLICT	GetSizeofClass
CThunderBattleDef	0x3c	unsigned char	_pad_0x3c	4	int	f3c	4	RETAIL_ONLY	CThunderBattleDef_TransferCThunderBattleDefUAEXAAVCPersistContextZ_004e38e4.cpp
CThunderBattleDef	0x40	long	NumGetHitsBeforeStormAttack	4	int	f40	4	AGREE	CThunderBattleDef_TransferCThunderBattleDefUAEXAAVCPersistContextZ_004e38e4.cpp
CThunderBattleDef	0x44	long	NumMissesBeforeStormAttack	4	int	f44	4	AGREE	CThunderBattleDef_TransferCThunderBattleDefUAEXAAVCPersistContextZ_004e38e4.cpp
CThunderBattleDef	0x48	float	LightningDamage	4	int	f48	4	CONFLICT	CThunderBattleDef_TransferCThunderBattleDefUAEXAAVCPersistContextZ_004e38e4.cpp
CThunderBattleDef	size			80	sizeof	GetSizeofClass	76	SIZE_CONFLICT	GetSizeofClass
CTimeAppearanceFadeDef	0x0	void*	__vftable	4	int	x	4	AGREE_KIND_SOFT	CTimeAppearanceFadeDef_TransferCTimeAppearanceFadeDefUAEXAAVCPersistCon_004de50c.cpp
CTrapDef	size			104	sizeof	GetSizeofClass	100	SIZE_CONFLICT	GetSizeofClass
CTrollBattleDef	size			100	sizeof	GetSizeofClass	96	SIZE_CONFLICT	GetSizeofClass
CTurncoatDef	size			88	sizeof	GetSizeofClass	84	SIZE_CONFLICT	GetSizeofClass
CVertexShader	0x4	CVertexShaderData*	Data	4	I009be210*	p	4	AGREE	CVertexShader_CountReferences_009be210.cpp
CVideoSys	0x0	IGraphBuilder*	GBuilder	4	void*	m0	4	AGREE	CVideoSys_AttemptToPlay_00a3b1a0.cpp
CVideoSys	0x28	int	State	4	int	m28	4	AGREE	CVideoSys_AttemptToPlay_00a3b1a0.cpp
CVideoSys	0x4	IMediaControl*	MControl	4	IPlayer*	m4	4	AGREE	CVideoSys_AttemptToPlay_00a3b1a0.cpp
CVillageDef	size			300	sizeof	GetSizeofClass	268	SIZE_CONFLICT	GetSizeofClass
CVillageMemberDef	0x25	bool	NeedsVillageToFunctionCorrectly	1	unsigned char	f25	1	AGREE	CVillageMemberDef_Copy_004dffa5.cpp
CVillagePeopleDef	size			204	sizeof	GetSizeofClass	196	SIZE_CONFLICT	GetSizeofClass
CVillageTaskCarryCrate	0x8	CIntelligentPointer<CThing_const_>	CreatureAssignedToTask	8	char	sub	4	CONTAINED	CVillageTaskCarryCrate_IsTaskAvailable_00861020.cpp
CVillageTaskHorn	0x10	CIntelligentPointer<CThing_const_>	CreatureAssignedToTask	8	char	m_sub	4	CONTAINED	CVillageTaskHorn_IsCreatureAssignedToTask_0065ee2d.cpp
CVillageTaskHorn	0x10	CIntelligentPointer<CThing_const_>	CreatureAssignedToTask	8	char	sub	4	CONTAINED	CVillageTaskHorn_IsTaskAvailable_0065ee50.cpp
CVillageTaskPatrol	0x10	CIntelligentPointer<CThing_const_>	CreatureAssignedToTask	8	char	m_sub	4	CONTAINED	CVillageTaskPatrol_IsCreatureAssignedToTask_0065eedd.cpp
CVillageTaskPatrol	0x10	CIntelligentPointer<CThing_const_>	CreatureAssignedToTask	8	char	sub	4	CONTAINED	CVillageTaskPatrol_IsTaskAvailable_0065eef1.cpp
CVillageTaskPickCrops	0x10	CIntelligentPointer<CThing_const_>	CreatureAssignedToTask	8	char	m_sub	4	CONTAINED	CVillageTaskPickCrops_IsCreatureAssignedToTask_0065ef72.cpp
CVillageTaskPickCrops	0x10	CIntelligentPointer<CThing_const_>	CreatureAssignedToTask	8	char	sub	4	CONTAINED	CVillageTaskPickCrops_IsTaskAvailable_0065ef86.cpp
CVillageTaskSecuritySweep	0x8	CIntelligentPointer<CThing_const_>	CreatureAssignedToTask	8	char	m_sub	4	CONTAINED	CVillageTaskSecuritySweep_IsCreatureAssignedToTask_00860fa0.cpp
CVillageTaskSecuritySweep	0x8	CIntelligentPointer<CThing_const_>	CreatureAssignedToTask	8	char	m_sub	4	CONTAINED	CVillageTaskSecuritySweep_IsThingInvolved_00860410.cpp
CVillageTaskSecuritySweep	0x8	CIntelligentPointer<CThing_const_>	CreatureAssignedToTask	8	char	sub	4	CONTAINED	CVillageTaskSecuritySweep_IsTaskAvailable_00860fc0.cpp
CVillageTaskTorch	0x10	CIntelligentPointer<CThing_const_>	CreatureAssignedToTask	8	char	m_sub	4	CONTAINED	CVillageTaskTorch_IsCreatureAssignedToTask_0065ed7a.cpp
CVillagerInteractionsDef	0x3c	unsigned char	_pad_0x3c	4	int	fieldA	4	RETAIL_ONLY	CVillagerInteractionsDef_TransferCVillagerInteractionsDefUAEXAAVCPersistC_00456f27.cpp
CVillagerInteractionsDef	0x40	long	Animation1_TablePos	4	int	fieldB	4	AGREE	CVillagerInteractionsDef_TransferCVillagerInteractionsDefUAEXAAVCPersistC_00456f27.cpp
CVillagerInteractionsDef	0x44	long	Animation2_TablePos	4	int	fieldC	4	AGREE	CVillagerInteractionsDef_TransferCVillagerInteractionsDefUAEXAAVCPersistC_00456f27.cpp
CVillagerInteractionsDef	size			76	sizeof	GetSizeofClass	72	SIZE_CONFLICT	GetSizeofClass
CWADFile	0x4	CBankFileAsync*	Bank	4	Sub*	f4	4	AGREE	CWADFile_GetLength_00a39c20.cpp
CWADFile	0x4	CBankFileAsync*	Bank	4	Sub*	sub	4	AGREE	CWADFile_GetAlignment_00a39c70.cpp
CWADFile	0x8	unsigned long	Index	4	int	f8	4	AGREE	CWADFile_GetLength_00a39c20.cpp
CWADFile	0x8	unsigned long	Index	4	int	ptr	4	AGREE	CWADFile_IsOpen_00a39de0.cpp
CWADFile	0xc	long	FilePos	4	long	fv	4	AGREE	CWADFile_MovePosition_00a39c00.cpp
CWADFile	0xc	long	FilePos	4	unsigned long	f	4	AGREE	CWADFile_SetPosition_00a39bf0.cpp
CWallMountEffectsDef	0x28	EWallMountEffects	Effect	4	int	a	4	CONTAINED	CWallMountEffectsDef_TransferCWallMountEffectsDefUAEXAAVCPersistConte_004dedac.cpp
CWallMountEffectsDef	0x2c	float	HealingAmount	4	int	b	4	CONFLICT	CWallMountEffectsDef_TransferCWallMountEffectsDefUAEXAAVCPersistConte_004dedac.cpp
CWallMountEffectsDef	0x30	long	SecondsBetweenEffectUsesAllowed	4	int	c	4	AGREE	CWallMountEffectsDef_TransferCWallMountEffectsDefUAEXAAVCPersistConte_004dedac.cpp
CWaspQueenBattleDef	0x0	void*	__vftable	4	unsigned char	_retailDefinitionBase	60	CONFLICT	CWaspQueenBattleDef_Copy_004e468b.cpp
CWaspQueenBattleDef	0x3c	unsigned char	_pad_0x3c	4	long	NumFramesPauseBetweenAttacks	4	RETAIL_ONLY	CWaspQueenBattleDef_Copy_004e468b.cpp
CWaspQueenBattleDef	size			68	sizeof	GetSizeofClass	64	SIZE_CONFLICT	GetSizeofClass
CWeaponDef	size			244	sizeof	GetSizeofClass	228	SIZE_CONFLICT	GetSizeofClass
CWhisperBattleDef	0x3c	unsigned char	_pad_0x3c	4	CSubA	m3c	4	RETAIL_ONLY	CWhisperBattleDef_TransferCWhisperBattleDefUAEXAAVCPersistContextZ_004e394f.cpp
CWhisperBattleDef	0x3c	unsigned char	_pad_0x3c	4	unsigned int	f3c	4	RETAIL_ONLY	CWhisperBattleDef_Copy_004e4648.cpp
CWhisperBattleDef	0x40	long	NumGetHitsBeforeSommersault	4	CSubB	m40	4	AGREE	CWhisperBattleDef_TransferCWhisperBattleDefUAEXAAVCPersistContextZ_004e394f.cpp
CWhisperBattleDef	0x40	long	NumGetHitsBeforeSommersault	4	unsigned int	f40	4	AGREE	CWhisperBattleDef_Copy_004e4648.cpp
CWhisperBattleDef	size			72	sizeof	GetSizeofClass	68	SIZE_CONFLICT	GetSizeofClass
CWifeDef	0x28	long	Dowry	4	int	f28	4	AGREE	CWifeDef_Copy_004e01c0.cpp
CWifeDef	0x2c			44	class copy at	0x431f10	4	SIZE_CONFLICT	CWifeDef_Copy_004e01c0.cpp
CWomanToAttract	0x4	unsigned char	_pad_0x04	4	int	f4	4	RETAIL_ONLY	CWomanToAttract_Init_00a0d390.cpp
CWomanToAttract	0xa8			52	unsigned char	b_a8	1	SIZE_CONFLICT	CWomanToAttract_Init_00a0d390.cpp
CWorld	0x12f	vector<CIntelligentPointer<CThing>,std::allocator<CIntelligentPointer<CThing>_>_>	RegionLoadFollowers	16	bool	bDisplayMiniMapOnRegionLoad	1	CONTAINED	CWorld_IsDisplayingMiniMapOnRegionLoad_0049e9f0.cpp
CWorld	0xd0	vector<CTestQuest,std::allocator<CTestQuest>_>	ActiveTestQuests	16	unsigned int	fd0	4	CONTAINED	CWorld_IsCreatureGenerationEnabledForGroup_0049d910.cpp
CWorld	0xd8	vector<CTestQuest,std::allocator<CTestQuest>_>	ActiveTestQuests	16	unsigned char	f	1	CONTAINED	CRegionManager_PopDontPopulateNextLoadedRegion_0049dbd0.cpp
CWorldMap	0x0	void*	__vftable	4	long	f0	4	AGREE_KIND_SOFT	CWorldMap_GetMapPos_004fc690.cpp
CWorldMap	0x10	CThingMapManager*	PThingMapManager_ptr	4	long	f10	4	AGREE_KIND_SOFT	CWorldMap_GetMapPos_004fc690.cpp
CWorldMap	0x14	map<CCharString,long,std::less<CCharString>,std::allocator<std::pair<CCharString_const_,long>_>_>	LoadedScriptedMapBrushes	16	MapSub	sub	4	CONTAINED	CWorldMap_RegisterScriptedMapBrush_004ff900.cpp
CWorldMap	0x14	map<CCharString,long,std::less<CCharString>,std::allocator<std::pair<CCharString_const_,long>_>_>	LoadedScriptedMapBrushes	16	long	f14	4	CONTAINED	CWorldMap_GetMapPos_004fc690.cpp
CWorldMap	0x18	map<CCharString,long,std::less<CCharString>,std::allocator<std::pair<CCharString_const_,long>_>_>	LoadedScriptedMapBrushes	16	long	f18	4	CONTAINED	CWorldMap_GetMapPos_004fc690.cpp
CWorldMap	0x1c	map<CCharString,long,std::less<CCharString>,std::allocator<std::pair<CCharString_const_,long>_>_>	LoadedScriptedMapBrushes	16	long	f1c	4	CONTAINED	CWorldMap_GetMapPos_004fc690.cpp
CWorldMap	0x20	map<CCharString,long,std::less<CCharString>,std::allocator<std::pair<CCharString_const_,long>_>_>	LoadedScriptedMapBrushes	16	E*	f20	4	CONTAINED	CWorldMap_ActivateTopology_004fcbb0.cpp
CWorldMap	0x20	map<CCharString,long,std::less<CCharString>,std::allocator<std::pair<CCharString_const_,long>_>_>	LoadedScriptedMapBrushes	16	E*	f20	4	CONTAINED	CWorldMap_IsMapLoadedOnPlayerProximity_004fd000.cpp
CWorldMap	0x20	map<CCharString,long,std::less<CCharString>,std::allocator<std::pair<CCharString_const_,long>_>_>	LoadedScriptedMapBrushes	16	MapEntry*	entries	4	CONTAINED	CWorldMap_PeekMap_0051ce40.cpp
CWorldMap	0x20	map<CCharString,long,std::less<CCharString>,std::allocator<std::pair<CCharString_const_,long>_>_>	LoadedScriptedMapBrushes	16	MapEntry*	f20	4	CONTAINED	CWorldMap_GetMapPos_004fc690.cpp
CWorldMap	0x20	map<CCharString,long,std::less<CCharString>,std::allocator<std::pair<CCharString_const_,long>_>_>	LoadedScriptedMapBrushes	16	MapEntry*	m_maps	4	CONTAINED	CWorldMap_GetMap_0051ce20.cpp
CWorldMap	0x20	map<CCharString,long,std::less<CCharString>,std::allocator<std::pair<CCharString_const_,long>_>_>	LoadedScriptedMapBrushes	16	MapEntry*	maps	4	CONTAINED	CWorldMap_IsMapUsed_0051ce00.cpp
CWorldMap	0x2c	CArray<CMapInfo>	Maps	16	char*	f2c	4	CONTAINED	CWorldMap_GetRegion_004fc180.cpp
CWorldMap	0x4	unsigned char	_pad_0x04	4	long	f4	4	RETAIL_ONLY	CWorldMap_GetMapPos_004fc690.cpp
CWorldMap	0x4	unsigned char	_pad_0x04	4	long	f4	4	RETAIL_ONLY	previous header
CWorldMap	0x5c	bool	SoundThemesDisabled	1	C2DBoxI	dimensions	4	CONFLICT	CWorldMap_GetDimensions_0051cde0.cpp
CWorldMap	0x8	CWorld*	World	4	long	f8	4	AGREE_KIND_SOFT	CWorldMap_GetMapPos_004fc690.cpp
CWorldMap	0xc	CMainGameComponent*	Component	4	long	fc	4	AGREE_KIND_SOFT	CWorldMap_GetMapPos_004fc690.cpp
LHHttp2	0x884	char[2048]	CurrentHeaderPart	2048	LHHttpDocumentPartVectorRetail	DocumentParts	4	CONTAINED	LHHttp2_GetDocumentSize_0083ea70.cpp
LHHttpHeaderStatus	0x44	basic_string<char,std::char_traits<char>,std::allocator<char>_>	hsLocation	28	unsigned short	w44	2	CONTAINED	LHHttpHeaderStatus_GetLocationPort_0083f640.cpp
