class	vtable_va	slot	func_va
CDiskFileWin32	0122d06c	12	00401650
CDiskFileWin32	0122d06c	13	00401660
CDiskFileWin32	0122d06c	9	00401670
CDiskFileWin32	0122d06c	10	00401680
CDiskFileWin32	0122d06c	11	00401690
CDiskFileWin32	0122d06c	0	004016b0
CPersistContext_TransferableComponent	0122d6c4	0	00403f90
CPersistContext_TransferableComponent	0122d6c4	1	00403fc0
CStringParser	0122d874	0	004047d0
NUISystem::CIMEFont	0122dcbc	0	00404940
NUISystem::CIMEFont	0122dcbc	2	00404950
NUISystem::CIMEFont	0122dcbc	1	00404d20
NUISystem::CIMEFont	0122dcbc	3	00404f60
NUISystem::CIMEFont	0122dcbc	4	00405020
CPersistContext_TransferableComponent	0122dcd4	1	004059f0
CPersistContext_TransferableComponent	0122dcd4	0	00405a10
CMemoryFile	0122e0fc	10	00405d30
CMemoryDataInputStream	0123675c	2	00405fa0
CUserProfileManager	0122e230	0	004067f0
CUserProfileManager	0122e230	1	00406800
CPersistContext_TransferableComponent	0122defc	1	0040e4d0
CPersistContext_TransferableComponent	0122defc	0	0040e5f0
CPersistContext_TransferableComponent	0122df2c	1	0040e6d0
CPersistContext_TransferableComponent	0122df2c	0	0040e800
CPersistContext_TransferableComponent	0122df38	1	0040e8f0
CPersistContext_TransferableComponent	0122df38	0	0040e910
CPersistContext_TransferableComponent	0122dfe0	1	0040f7b0
CPersistContext_TransferableComponent	0122dfe0	0	0040f870
CPersistContext_TransferableComponent	0122e004	1	0040f950
CPersistContext_TransferableComponent	0122e004	0	0040f970
CPersistContext_TransferableVector	0122e010	0	0040f9b0
CPersistContext_TransferableVector	0122e010	2	0040f9d0
CPersistContext_TransferableVector	0122e044	0	0040fb60
CPersistContext_TransferableVector	0122e044	3	0040fb70
CPersistContext_TransferableVector	0122e044	2	0040fba0
NUISystem::CManager	01230134	46	00410056
CPersistContext_TransferableVector	0122e010	3	00411250
CMemoryFile	0122e0fc	7	00412050
CMemoryFile	0122e0fc	9	00412060
CMemoryFile	0122e0fc	11	00412070
CMemoryFile	0122e0fc	15	00412090
CMemoryFile	0122e0fc	0	004120c0
CUserProfileManager	0122e23c	0	00412b00
CPersistContext_TransferableVector	0122e010	1	00412c10
CPersistContext_TransferableVector	0122e044	1	00412c50
CGame	0122e59c	0	00413230
CConsoleInputBase	0122e5b0	0	00413480
CConsoleVariable	0122e5c8	3	00413700
CConsoleVariable	0122e5c8	0	00413780
CConsoleCommandBase	0122e638	3	00414f70
CConsoleCommandBase	0122e638	0	00414fc0
CConsoleClasslessCommand	0122e65c	5	00415040
CConsoleClasslessCommand	0122e65c	0	00415050
CGameComponent	0122ecb0	1	00415920
CGameComponent	0122ecb0	4	00415930
CGameComponent	0122ecb0	0	00415940
NParticleEngine::CAEnvironmentInteraction	0122ed10	2	00415cc0
NParticleEngine::CAEnvironmentInteraction	0122ed10	4	00415cd0
NParticleEngine::CAEnvironmentInteraction	0122ed10	5	00415cf0
NParticleEngine::CAEnvironmentInteraction	0122ed10	0	00415d10
CNetworkServer	0122ed30	0	00415e67
CMainGameComponent	0122f174	0	00415e83
CMainGameComponent	0122f180	8	00416953
CMainGameComponent	0122f180	6	00416e78
CMainGameComponent	0122f180	7	00417001
CMainGameComponent	0122f174	1	004175da
CMainGameComponent	0122f180	3	0041799b
CMainGameComponent	0122f180	5	00418289
CMainGameComponent	0122f180	1	004184bd
CMainGameComponent	0122f180	2	004189c2
CBinaryFileDataWriter	0122ed7c	0	00418ef7
CAFile	0122eccc	0	004192b0
CParticleEnvironmentInteraction	0122ed8c	0	00419300
CNetworkClient	0122edac	0	00419365
CFrameRateSmoother	0122f168	0	0041977d
CMainGameComponent	0122f180	4	004197a0
CMainGameComponent	0122f180	9	004197b0
CMainGameComponent	0122f180	0	004197b3
NUISystem::CSprite	0122f5d4	23	0041a850
NUISystem::CSprite	0122f5d4	43	0041a8d0
NUISystem::CSprite	0122f5d4	2	0041afa0
NUISystem::CSprite	0122f5d4	145	0041b550
CEnginePrimitiveHandle	0122f598	0	0041c500
NUISystem::CSprite	0122f5ac	7	0041c580
NUISystem::CSprite	0122f5d4	7	0041c590
NUISystem::CSprite	0122f5d4	47	0041c5a0
NUISystem::CSprite	0122f5d4	44	0041c5c0
NUISystem::CSprite	0122f5d4	137	0041c5e0
NUISystem::CSprite	0122f5d4	86	0041c610
NUISystem::CSprite	0122f5d4	87	0041c620
NUISystem::CSprite	0122f5d4	54	0041c630
NUISystem::CSprite	0122f5d4	140	0041c640
NUISystem::CSprite	0122f5d4	141	0041c650
NUISystem::CSprite	0122f5d4	111	0041c660
NUISystem::CSprite	0122f5d4	142	0041c680
NUISystem::CSprite	0122f5d4	143	0041c690
NUISystem::CSprite	0122f5d4	144	0041c6a0
NUISystem::CSprite	0122f5d4	146	0041c6b0
NUISystem::CSprite	0122f5d4	147	0041c6c0
NUISystem::CSprite	0122f5d4	148	0041c6d0
NUISystem::CSprite	0122f5ac	0	0041c6e0
NUISystem::CSprite	0122f5a4	0	0041c6f0
NUISystem::CSprite	0122f5d4	0	0041c760
NUISystem::CActionParam	0122f83c	0	0041c88f
NUISystem::CActionParamULONG	0122f844	0	0041c8c5
CSurface	0122f84c	0	0041c9c0
NUISystem::CYesNo	0122f85c	1	0041cb10
NUISystem::CYesNo	0122f884	142	0041cb56
NUISystem::CYesNo	0122f884	143	0041cb63
NUISystem::COk	0122fad0	1	0041cb9d
NUISystem::COk	0122faf4	142	0041cbd7
NUISystem::CControllerDisconnect	0122fd3c	1	0041cc11
CAnimFilterBase	0122ffcc	2	0041cce4
CAnimFilterNoGroup	0122ffdc	0	0041cd13
NUISystem::CManager	01230134	41	0041ceb3
NUISystem::CManager	01230134	40	0041d0a8
NUISystem::CManager	01230134	28	0041d1c8
NUISystem::CManager	01230134	29	0041d207
NUISystem::CManager	01230134	25	0041d8a8
NUISystem::CManager	01230134	42	0041d8e7
NUISystem::CManager	01230134	43	0041d98a
NUISystem::CManager	01230134	27	0041db64
NUISystem::CManager	01230134	24	0041db74
NUISystem::CManager	01230134	44	0041dc9d
NUISystem::CManager	01230134	37	0041ded2
NUISystem::CManager	01230134	34	0041e1cd
NUISystem::CManager	01230134	36	0041e3b2
NUISystem::CManager	01230134	14	0041e6d3
NUISystem::CControllerDisconnect	0122fd3c	0	0042982f
NUISystem::CControllerDisconnect	0122fd34	0	00429837
NUISystem::CYesNo	0122f85c	0	0042983f
NUISystem::CYesNo	0122f854	0	00429847
NUISystem::COk	0122fad0	0	0042984f
NUISystem::COk	0122fac8	0	00429857
NUISystem::CYesNo	0122f884	0	004298f3
NUISystem::COk	0122faf4	0	0042990f
NUISystem::CControllerDisconnect	0122fd64	0	0042992b
CAnimFilterNoGroup	0122ffdc	1	00429a2f
CAnimFilterNoGroup	0122ffdc	2	00429a45
NUISystem::CObservable	01230044	7	0042bea9
NUISystem::CManager	01230134	11	0042d4f0
NUISystem::CManager	01230134	12	0042d4f7
NUISystem::CManager	01230134	13	0042d506
NUISystem::CManager	01230134	15	0042d50e
NUISystem::CManager	01230134	16	0042d518
NUISystem::CManager	01230134	17	0042d522
NUISystem::CManager	01230134	18	0042d52c
NUISystem::CManager	01230134	19	0042d536
NUISystem::CManager	01230134	20	0042d540
NUISystem::CManager	01230134	21	0042d54a
NUISystem::CManager	01230134	22	0042d554
NUISystem::CManager	01230134	23	0042d55e
NUISystem::CManager	01230134	26	0042d568
NUISystem::CManager	01230134	30	0042d572
NUISystem::CManager	01230134	31	0042d57c
NUISystem::CManager	01230134	32	0042d580
NUISystem::CManager	01230134	33	0042d58a
NUISystem::CManager	01230134	35	0042d58e
NUISystem::CManager	01230134	38	0042d592
NUISystem::CManager	01230134	39	0042d5aa
NUISystem::CYesNo	0122f884	48	0042d604
NUISystem::COk	0122faf4	48	0042d65b
NUISystem::CControllerDisconnect	0122fd64	48	0042d6b2
CDefPointeeBase	01230ba0	1	0042d930
CDefPointeeBase	01230ba0	2	0042d940
CDefPointeeBase	01230ba0	4	0042d950
CDefPointeeBase	01230ba0	5	0042d960
CDefPointeeBase	01230ba0	6	0042d970
CDefPointeeBase	01230ba0	7	0042d980
CDefPointeeBase	01230ba0	0	0042d9a0
CDefClassBase	01230bcc	10	0042da10
CDefClassBase	01230bcc	11	0042da20
CDefClassBase	01230bcc	12	0042da30
CDefClassBase	01230bcc	13	0042da40
CDefClassBase	01230bcc	15	0042da50
CDefClassBase	01230bcc	14	0042da60
CDefClassBase	01230bcc	16	0042da70
CDefClassBase	01230bcc	17	0042da80
CDefClassBase	01230bcc	23	0042da90
CDefClassBase	01230bcc	24	0042daa0
CDefClassBase	01230bcc	0	0042dab0
CXMVPlayerBuffers	01230c34	0	0042db60
CNewFrontendGameComponent	01230ca0	3	0042dc5c
CNewFrontendGameComponent	01230c94	0	0042dc5f
CNewFrontendGameComponent	01230c94	1	0042dc60
CNewFrontendGameComponent	01230ca0	2	0042ec7c
CNewFrontendGameComponent	01230ca0	1	0042f75e
NPlayerGui::CAutoPickupBar	0125a768	10	00430053
CNewFrontendGameComponent	01230ca0	4	00430340
CParentDefClassBase	01230cbc	10	004303b0
CParentDefClassBase	01230cbc	11	004303c0
CParentDefClassBase	01230cbc	16	004303d0
CParentDefClassBase	01230cbc	24	004303e0
CParentDefClassBase	01230cbc	0	004303f0
CControlsDef	01230e84	20	00430470
CControlsDef	01230e84	0	00430480
NUISystem::CUIMiscThingsDef	01230eec	20	004308f0
NUISystem::CUIMiscThingsDef	01230eec	18	00430900
NUISystem::CUIMiscThingsDef	01230eec	0	004317b0
NUISystem::CUIIconsDef	01230f54	20	00431c20
NUISystem::CUIIconsDef	01230f54	18	00431c30
NUISystem::CUIIconsDef	01230f54	0	00431dd0
CFrontEndDef	01230fbc	20	00431e30
CFrontEndDef	01230fbc	0	00431e40
CControlsDef	01230e84	19	00431e70
NUISystem::CUIMiscThingsDef	01230eec	19	004321e0
NUISystem::CUIIconsDef	01230f54	19	00432c60
CFrontEndDef	01230fbc	19	00432e50
CNewFrontendGameComponent	01230ca0	0	004330d2
CControlsDef	01230e84	18	004330f0
CFrontEndDef	01230fbc	18	004331c0
CStartupDefinitionManager	0123117c	2	0043368b
CStartupDefinitionManager	0123117c	0	00433d19
CEngineDef	0123118c	20	00433fd0
CEngineDef	0123118c	18	00433fe0
CEngineDef	0123118c	0	004340b0
CEngineVideoOptionsDef	012311f4	20	00434110
CEngineVideoOptionsDef	012311f4	18	00434120
CEngineVideoOptionsDef	012311f4	0	00434220
CConfigOptionsDefaultsDef	0123125c	20	00434280
CConfigOptionsDefaultsDef	0123125c	18	00434290
CConfigOptionsDefaultsDef	0123125c	0	00434340
CEngineDef	0123118c	19	00434360
CEngineVideoOptionsDef	012311f4	19	00434440
CConfigOptionsDefaultsDef	0123125c	19	00434590
CDisplayEngine	01231574	1	00435190
CDisplayEngine	01231574	2	004354a0
CTBaseSingleton	0123156c	0	004360f0
CEngineManager	01231584	0	00437020
CDisplayEngine	01231574	0	00437070
CBaseClass	01231710	0	004371f0
CTBaseSingletonNoDefaultAlloc	01231720	0	0043cb60
CWStringParser	01231718	0	0043e520
NUISystem::CRedefinerList	0124a994	152	00440045
NUISystem::CRedefinerList	0124a994	149	0044004e
CMiniMapDisplay	01231768	0	004426e0
NPlayerGui::CDrawNPCName	01231770	1	00442760
NCreatureMode::CModeSad	01267720	12	00444153
CThing	01239abc	46	00444e45
CPlayerGui	0123177c	0	00444f20
CInputTypeBase	01231784	0	004455d0
CInputTypeXboxPadButtonEvent	012317a8	1	00445620
CInputTypeXboxPadButtonEvent	012317a8	6	00445630
CInputTypeXboxPadButtonEvent	012317a8	7	00445650
CInputTypeXboxPadLeftStickEvent	012317cc	1	00445670
CInputTypeXboxPadLeftStickEvent	012317cc	6	00445680
CInputTypeXboxPadLeftStickEvent	012317cc	7	00445690
CInputTypeXboxPadRightStickEvent	012317f0	1	004456b0
CInputTypeXboxPadRightStickEvent	012317f0	6	004456c0
CInputTypeXboxPadRightStickEvent	012317f0	7	004456d0
CInputTypeMouseMovementEvent	01231814	1	004456f0
CInputTypeMouseMovementEvent	01231814	6	00445700
CInputTypeMouseMovementEvent	01231814	7	00445710
CInputTypeMouseWheelMovementEvent	01231838	1	00445730
CInputTypeMouseWheelMovementEvent	01231838	6	00445740
CInputTypeMouseWheelMovementEvent	01231838	7	00445750
CInputTypeMouseWheelMovementUpEvent	0123185c	1	00445770
CInputTypeMouseWheelMovementUpEvent	0123185c	6	00445780
CInputTypeMouseWheelMovementUpEvent	0123185c	7	00445790
CInputTypeMouseWheelMovementDownEvent	01231880	1	004457b0
CInputTypeMouseWheelMovementDownEvent	01231880	6	004457c0
CInputTypeMouseWheelMovementDownEvent	01231880	7	004457d0
CGamePlayerInterface	01231bdc	1	00446a30
CInputTypeKeyboardKeyEvent	012318a4	1	004479f0
CInputTypeKeyboardKeyEvent	012318a4	6	00447a00
CInputTypeKeyboardKeyEvent	012318a4	7	00447a10
CInputTypeKeyboardKeyEvent	012318a4	0	00447a20
CInputTypeMouseButtonEvent	012318c8	1	00447a70
CInputTypeMouseButtonEvent	012318c8	6	00447a80
CInputTypeMouseButtonEvent	012318c8	7	00447a90
CInputTypeMouseButtonEvent	012318c8	0	00447ab0
CInputTypeXboxPadButtonEvent	012317a8	0	00447ad0
CInputTypeXboxPadLeftStickEvent	012317cc	0	00447af0
CInputTypeXboxPadRightStickEvent	012317f0	0	00447b10
CInputTypeMouseMovementEvent	01231814	0	00447b30
CInputTypeMouseWheelMovementEvent	01231838	0	00447b50
CInputTypeMouseWheelMovementUpEvent	0123185c	0	00447b70
CInputTypeMouseWheelMovementDownEvent	01231880	0	00447b90
CGamePlayerInterface	01231bdc	0	00449420
CIntelligentPointer	01231c4c	0	0044aa60
CPersistContext_TransferableComponent	01231c80	1	0044b7e0
CPersistContext_TransferableComponent	01231c80	0	0044b800
CPlayer	01231cc4	0	0044be30
CPlayerManager	01231cd0	0	0044c030
CInventoryItemDef	01231dbc	20	0044c12f
CPhysicsDef	01231e34	20	0044c158
CTCNoiseDef	01231e9c	20	0044c1cd
CCarrySlotDef	01231f04	20	0044c1f6
CSmashableDef	01231f7c	20	0044c229
CActionUseDef	0123200c	20	0044c269
CHeroMarriageDef	01232074	20	0044c2e2
CSpecialAbilitiesDrainLifeDataDef	012320dc	20	0044c313
CSpecialAbilitiesForcePushDataDef	01232144	20	0044c329
CCreatureStatsDef	012321ac	20	0044c33f
CCoopSpiritDef	01232214	20	0044c364
CContextSensitiveItemDef	0123227c	20	0044c37a
CBonusItemDef	012322e4	20	0044c390
CHeroTitleDef	0123234c	20	0044c3a6
CTattooDef	012323b4	20	0044c3d4
CHairCardDef	0123241c	20	0044c3ea
CCombatAbilityData	01232484	2	0044c41e
CCombatAbilityData	01232484	3	0044c45b
CCombatAbilityData	01232484	0	0044c45e
CCombatAbilityMeleeAttackData	01232498	3	0044c4a0
CCombatAbilityStrafingData	012324ac	3	0044c4ca
CCombatAbilityProjectileAttackData	012324c0	3	0044c4f8
CCombatAbilityBlockCounterAttackDef	0123253c	20	0044c549
CCombatAbilityFlourishCounterAttackDef	012325a4	20	0044c561
CCombatAbilityGetHitCounterAttackDef	0123260c	20	0044c579
CCombatAbilityStrafeDef	01232674	20	0044c599
CCombatAbilityUseProjectileWeaponDef	012326dc	20	0044c5b9
CDragonActionSwoopDef	01232744	20	0044c5cf
CDragonActionNapalmDef	012327ac	20	0044c5e5
CDragonActionHoverDef	01232814	20	0044c5fb
CAugmentationDef	0123287c	20	0044c611
CAbilityDef	012328e4	20	0044c627
CJackDragonDef	0123294c	20	0044c63d
CBriarRoseDef	012329b4	20	0044c653
CSnowTrollDef	01232a1c	20	0044c669
CGuildMasterDef	01232a84	20	0044c67f
CSummonerDef	01232aec	20	0044c695
CExplosiveTrailDef	01232b54	20	0044c6ab
CGameDefinitionManager	01232c24	2	0044c72b
CThingMultiArrowShotDef	01232bbc	20	0044f619
CSubDefClassBase	01231d54	0	0044f620
CInventoryItemDef	01231dbc	0	0044f65a
CPhysicsDef	01231e34	0	0044f6ba
CTCNoiseDef	01231e9c	0	0044f71b
CCarrySlotDef	01231f04	0	0044f753
CSmashableDef	01231f7c	0	0044f78b
CActionUseDef	0123200c	0	0044f7c3
CHeroMarriageDef	01232074	0	0044f7fe
CSpecialAbilitiesDrainLifeDataDef	012320dc	0	0044f883
CSpecialAbilitiesForcePushDataDef	01232144	0	0044f8c9
CCreatureStatsDef	012321ac	0	0044f90f
CCoopSpiritDef	01232214	0	0044f947
CContextSensitiveItemDef	0123227c	0	0044f98d
CBonusItemDef	012322e4	0	0044f9d3
CHeroTitleDef	0123234c	0	0044fa19
CTattooDef	012323b4	0	0044fa51
CHairCardDef	0123241c	0	0044faba
CCombatAbilityData	01232484	1	0044fadc
CCombatAbilityMeleeAttackData	01232498	0	0044fc80
CCombatAbilityStrafingData	012324ac	0	0044fc9d
CCombatAbilityProjectileAttackData	012324c0	0	0044fcba
CCombatAbilityAttackBase	012324d4	0	0044fcd7
CCombatAbilityBlockCounterAttackDef	0123253c	0	0044fd16
CCombatAbilityFlourishCounterAttackDef	012325a4	0	0044fd55
CCombatAbilityGetHitCounterAttackDef	0123260c	0	0044fd94
CCombatAbilityStrafeDef	01232674	0	0044fdd3
CCombatAbilityUseProjectileWeaponDef	012326dc	0	0044fe12
CDragonActionSwoopDef	01232744	0	0044fe5f
CDragonActionNapalmDef	012327ac	0	0044fea5
CDragonActionHoverDef	01232814	0	0044feeb
CAugmentationDef	0123287c	0	0044ff31
CAbilityDef	012328e4	0	0044ff77
CJackDragonDef	0123294c	0	0044ffbd
CBriarRoseDef	012329b4	0	00450003
CSnowTrollDef	01232a1c	0	00450049
NPlayerGui::CAutoPickupBar	0125a768	11	00450052
NUISystem::CRedefinerList	0124a994	142	00450054
CGuildMasterDef	01232a84	0	0045008f
CSummonerDef	01232aec	0	004500d5
CExplosiveTrailDef	01232b54	0	0045011b
CThingMultiArrowShotDef	01232bbc	0	00450b79
CGameDefinitionManager	01232c24	0	00450be3
CThingMultiArrowShotDef	01232bbc	18	00451ca2
CInventoryItemDef	01231dbc	18	00451d28
CPhysicsDef	01231e34	18	0045212a
CTCNoiseDef	01231e9c	18	00452184
CCarrySlotDef	01231f04	18	00452256
CSmashableDef	01231f7c	18	004522c6
CHeroMarriageDef	01232074	18	00452398
CSpecialAbilitiesDrainLifeDataDef	012320dc	18	00452593
CSpecialAbilitiesForcePushDataDef	01232144	18	004525a3
CVillagePeopleDef	01232c4c	20	004525e3
CCreatureStatsDef	012321ac	18	004525e9
CHitLocationsDef	01232cb4	20	0045266b
CCoopSpiritDef	01232214	18	0045266f
CContextSensitiveItemDef	0123227c	18	004526b3
CBonusItemDef	012322e4	18	0045279b
CHeroTitleDef	0123234c	18	00452884
CTattooDef	012323b4	18	004529ae
CHairCardDef	0123241c	18	00452b04
CCombatAbilityAttackBase	012324d4	18	00452b14
CCombatAbilityStrafeDef	01232674	18	00452b93
CCombatAbilityUseProjectileWeaponDef	012326dc	18	00452bb4
CDragonActionSwoopDef	01232744	18	00452be2
CDragonActionNapalmDef	012327ac	18	00452c94
CDragonActionHoverDef	01232814	18	00452ccd
CAugmentationDef	0123287c	18	00452cdd
CAbilityDef	012328e4	18	00452df1
CJackDragonDef	0123294c	18	00452ea5
CBriarRoseDef	012329b4	18	00452f8e
CSnowTrollDef	01232a1c	18	00453014
CGuildMasterDef	01232a84	18	004530bb
CSummonerDef	01232aec	18	004530dc
CExplosiveTrailDef	01232b54	18	00453178
CThingMultiArrowShotDef	01232bbc	19	004536a9
CInventoryItemDef	01231dbc	19	00453705
CPhysicsDef	01231e34	19	004537a0
CTCNoiseDef	01231e9c	19	004537e4
CCarrySlotDef	01231f04	19	00453810
CSmashableDef	01231f7c	19	00453842
CDegradableDef	01232d1c	20	00453884
CActionUseDef	0123200c	19	00453899
CTargetingDef	01232d84	20	004538e5
CHeroMarriageDef	01232074	19	0045390c
CSpecialAbilitiesDrainLifeDataDef	012320dc	19	00453aae
CSpecialAbilitiesForcePushDataDef	01232144	19	00453ac7
CVillagePeopleDef	01232c4c	0	00453af9
CCreatureStatsDef	012321ac	19	00453b48
CHitLocationsDef	01232cb4	0	00453ba8
CCoopSpiritDef	01232214	19	00453be3
CContextSensitiveItemDef	0123227c	19	00453c1b
CBonusItemDef	012322e4	19	00453c53
CHeroTitleDef	0123234c	19	00453ce5
CTattooDef	012323b4	19	00453d41
CHairCardDef	0123241c	19	00453dc7
CCombatAbilityBlockingData	01232dec	3	00453e16
CCombatAbilityBlockUnarmedAttackDef	01232e6c	20	00453e80
CCombatAbilityBlockLightWeaponAttackDef	01232ed4	20	00453e9a
CCombatAbilityBlockHeavyWeaponAttackDef	01232f3c	20	00453eb4
CCombatAbilityBlockProjectileWeaponAttackDef	01232fa4	20	00453ece
CCombatAbilityFlourishCounterAttackDef	012325a4	19	00453ed2
CCombatAbilityGetHitCounterAttackDef	0123260c	19	00453f3f
CCombatAbilityStrafeDef	01232674	19	00453f5e
CCombatAbilityUseProjectileWeaponDef	012326dc	19	00453f8e
CDragonActionSwoopDef	01232744	19	00453fc4
CDragonActionNapalmDef	012327ac	19	00454038
CDragonActionHoverDef	01232814	19	0045406a
CAugmentationDef	0123287c	19	00454083
CAbilityDef	012328e4	19	004540d3
CJackDragonDef	0123294c	19	004540ec
CBriarRoseDef	012329b4	19	0045417e
CSnowTrollDef	01232a1c	19	004541da
CGuildMasterDef	01232a84	19	00454248
CSummonerDef	01232aec	19	00454267
CExplosiveTrailDef	01232b54	19	004542cf
CDegradableDef	01232d1c	19	0045442f
CDegradableDef	01232d1c	0	004545ee
CSpecialEffectsDef	0123300c	20	00454643
CSpecialEffectsDef	0123300c	0	00454647
CTextureReplacementDef	01233074	20	00454690
CAppearanceModifierDef	012330dc	20	004546d5
CTargetingDef	01232d84	0	0045470e
CVillagePeopleDef	01232c4c	19	0045473a
CHitLocationsDef	01232cb4	19	00454993
CCombatAbilityBlockingData	01232dec	0	004549b2
CCombatAbilityBlockDefBase	01232e04	0	004549ce
CCombatAbilityBlockUnarmedAttackDef	01232e6c	0	00454a00
CCombatAbilityBlockLightWeaponAttackDef	01232ed4	0	00454a32
CCombatAbilityBlockHeavyWeaponAttackDef	01232f3c	0	00454a64
CCombatAbilityBlockProjectileWeaponAttackDef	01232fa4	0	00454a96
CCombatAbilityBlockCounterAttackDef	0123253c	19	00454ab2
CThingBuildingDef	01233144	20	00454b88
CThingBuildingDef	01233144	18	00454b8e
CThingHolySiteDef	012331fc	20	00454dc5
CThingHolySiteDef	012331fc	18	00454dcb
CThingMarkerDef	01233264	20	00454e1b
CThingMarkerDef	01233264	18	00454e21
CThingSwitchDef	012332cc	20	00454f11
CThingSwitchDef	012332cc	18	00454f15
CThingVillageDef	01233334	20	00454f59
CThingVillageDef	01233334	18	00454f5f
CThingPhysicalSwitchDef	0123339c	20	00454fbd
CThingPhysicalSwitchDef	0123339c	18	00454fc3
CInventoryDef	01233404	20	004554a4
CInventoryDef	01233404	0	004554aa
CInventoryCategoryDef	0123346c	20	00455584
CInventoryCategoryDef	0123346c	18	00455588
CInventoryCategoryDef	0123346c	0	0045569c
CMessageEventDef	012334d4	20	004556ca
CMessageEventDef	012334d4	18	004556ce
CMessageEventDef	012334d4	0	0045585a
CSkyDef	0123353c	20	00455893
CSkyDef	0123353c	0	00455899
CEnvironmentDef	012335a4	20	004558d9
CEnvironmentDef	012335a4	18	004558df
CEnvironmentDef	012335a4	0	00455c1d
CEnvironmentThemeDaySetDef	0123360c	20	00455c60
CEnvironmentThemeDaySetDef	0123360c	0	00455c64
CEngineLocalDetailGeneratorDef	01233674	20	00455ca7
CEngineLocalDetailGeneratorDef	01233674	0	00455cab
CMaterialDef	012336dc	20	00455d22
CMaterialDef	012336dc	0	00455d28
CCombatTypeDef	01233744	20	00455ddd
CCombatTypeDef	01233744	0	00455de3
CSimVoicesDef	012337bc	20	00455e8c
CSimVoice	012337ac	0	00455e90
CSoundThemeDef	01233824	20	00455ec6
CSoundThemeDef	01233824	0	00455eca
CThingNoiseDef	0123388c	20	00455f14
CThingNoiseDef	0123388c	18	00455f1a
CPersistContext_TransferableSubComponent	012338fc	0	00455fa0
CPersistContext_TransferableSubComponent	012338fc	1	00455fa8
CPersistContext_TransferableSubComponent	012338fc	2	00455fb4
CCreatureGenerationFamilyDef	0123390c	20	00455ff0
CCreatureGenerationFamilyDef	0123390c	0	00455ff4
CHeroAbilityDef	01233974	20	00456087
CHeroAbilityDef	01233974	0	0045608d
CHeroStatsDef	012339dc	20	0045617c
CHeroStatsDef	012339dc	0	00456182
CTextureReplacementDef	01233074	19	00456244
CTextureReplacementDef	01233074	0	004563ad
CAppearanceModifierDef	012330dc	0	004563fe
CEntitySoundDef	01233a44	20	004564b1
CRegionDef	01233aac	20	004564e5
CFactionDef	01233b14	20	00456511
CFactionDef	01233b14	0	00456515
CCameraModeDef	01233b7c	20	0045655e
CCameraModeDef	01233b7c	18	00456564
CCameraModeDef	01233b7c	0	00456779
CCameraManagerDef	01233be4	20	004567bb
CCameraManagerDef	01233be4	0	004567bf
CCameraManagerSetDef	01233c4c	20	00456814
CCameraManagerSetDef	01233c4c	18	00456818
CCameraManagerSetDef	01233c4c	0	00456851
CHeroPostcardGeneratorDef	01233cb4	20	0045687f
CHeroPostcardGeneratorDef	01233cb4	18	00456883
CHeroPostcardGeneratorDef	01233cb4	0	00456948
CExpressionDef	01233d1c	20	004569a1
CExpressionDef	01233d1c	18	004569a7
CExpressionDef	01233d1c	0	00456cc5
COpinionReactionMaskDef	01233d84	20	00456cfb
COpinionReactionMaskDef	01233d84	0	00456cff
COpinionDeedMaskDef	01233dec	20	00456d3f
COpinionDeedMaskDef	01233dec	0	00456d43
COpinionDeedEffectsDef	01233e54	20	00456d9e
COpinionDeedEffectsDef	01233e54	0	00456da4
CCombatDialogueDef	01233ebc	20	00456df5
CCombatDialogueDef	01233ebc	18	00456dfb
CCombatDialogueDef	01233ebc	0	00456eed
CVillagerInteractionsDef	01233f24	20	00456f23
CVillagerInteractionsDef	01233f24	18	00456f27
CVillagerInteractionsDef	01233f24	0	00456f55
COpinionPersonalityDef	01233f8c	20	00456fb8
COpinionPersonalityDef	01233f8c	0	00456fbc
COpinionSourceDef	01233ff4	20	00457028
COpinionSourceDef	01233ff4	0	0045702e
CSpecialAbilitiesAssassinRushDef	0123405c	20	00457095
CSpecialAbilitiesAssassinRushDef	0123405c	0	0045709b
CSpecialAbilitiesBattleChargeDef	012340c4	20	00457110
CSpecialAbilitiesBattleChargeDef	012340c4	0	00457116
CSpecialAbilitiesMultiStrikeDef	0123412c	20	004571e8
CSpecialAbilitiesMultiStrikeDef	0123412c	0	004571ee
CSpecialAbilitiesMultiArrowDef	01234194	20	00457285
CSpecialAbilitiesMultiArrowDef	01234194	0	0045728b
CSpecialAbilitiesBerserkDef	012341fc	20	004573db
CSpecialAbilitiesBerserkDef	012341fc	0	004573e1
CSpecialAbilitiesBulletTimeDef	01234264	20	004575da
CSpecialAbilitiesBulletTimeDef	01234264	0	004575e0
CSpecialAbilitiesForcePushDef	012342cc	20	004576b9
CSpecialAbilitiesForcePushDef	012342cc	0	004576bf
CSpecialAbilitiesEnflameDef	01234334	20	00457738
CSpecialAbilitiesEnflameDef	01234334	0	0045773e
CSpecialAbilitiesPhysicalShieldDef	0123439c	20	00457829
CSpecialAbilitiesPhysicalShieldDef	0123439c	0	0045782f
CSpecialAbilitiesDrainLifeDef	01234404	20	00457916
CSpecialAbilitiesDrainLifeDef	01234404	0	0045791a
CSpecialAbilitiesHealLifeDef	0123446c	20	004579a2
CSpecialAbilitiesHealLifeDef	0123446c	0	004579a6
CSpecialAbilitiesGhostSwordDef	012344d4	20	00457a09
CSpecialAbilitiesGhostSwordDef	012344d4	18	00457a0d
CSpecialAbilitiesGhostSwordDef	012344d4	0	00457a67
CSpecialAbilitiesTurncoatSpellDef	0123453c	20	00457ac4
CSpecialAbilitiesTurncoatSpellDef	0123453c	0	00457ac8
CSpecialAbilitiesFireballSpellDef	012345a4	20	00457b52
CSpecialAbilitiesFireballSpellDef	012345a4	0	00457b56
CSpecialAbilitiesLightningSpellDef	0123460c	20	00457c7e
CSpecialAbilitiesLightningSpellDef	0123460c	0	00457c84
CSpecialAbilitiesSummonSpellDef	01234674	20	00457de3
CSpecialAbilitiesSummonSpellDef	01234674	0	00457de7
CSpecialAbilitiesBurntEffectDef	012346dc	20	00457e57
CSpecialAbilitiesBurntEffectDef	012346dc	0	00457e5b
CSpecialAbilitiesElectrocutedEffectDef	01234744	20	00457eb6
CSpecialAbilitiesElectrocutedEffectDef	01234744	0	00457eba
CSpecialAbilitiesDrunkennessDef	012347ac	20	00457f0f
CSpecialAbilitiesDrunkennessDef	012347ac	18	00457f13
CSpecialAbilitiesDrunkennessDef	012347ac	0	00457f57
CSpecialAbilitiesThunderLightningStormDef	01234814	20	00457f8d
CSpecialAbilitiesThunderLightningStormDef	01234814	18	00457f91
CSpecialAbilitiesThunderLightningStormDef	01234814	0	00458017
CSpecialAbilitiesDivineWrathDef	0123487c	20	004580ef
CSpecialAbilitiesDivineWrathDef	0123487c	0	004580f5
CSpecialAbilitiesUnholyPowerDef	012348e4	20	004582b4
CSpecialAbilitiesUnholyPowerDef	012348e4	0	004582ba
CSpecialAbilitiesCreatureTintDef	0123494c	20	004583da
CSpecialAbilitiesCreatureTintDef	0123494c	0	004583de
CSoundDef	012349b4	20	00458454
CSoundDef	012349b4	0	0045845a
CAttackPatternDef	01234a1c	20	004584e4
CAttackPatternDef	01234a1c	0	004584e8
CObjectFamilyDef	01234a84	20	0045853a
CObjectFamilyDef	01234a84	0	0045853e
CArmourDef	01234aec	20	0045859d
CArmourDef	01234aec	0	004585a1
CHitLocationDef	01234b54	20	004585fa
CHitLocationDef	01234b54	18	004585fe
CHitLocationDef	01234b54	0	0045887f
CCombatSequenceDef	01234bbc	20	004588c2
CCombatSequenceDef	01234bbc	0	004588c6
CLightningDef	01234c24	20	0045890d
CLightningDef	01234c24	18	00458911
CLightningDef	01234c24	0	0045896b
CGlobalDef	01234c8c	20	00458a2d
CGlobalDef	01234c8c	0	00458a33
CHeroCombatDef	01234cf4	20	00458b7b
CHeroCombatDef	01234cf4	0	00458b81
CMeleeCombatAbilityDef	01234d5c	20	00458c46
CMeleeCombatAbilityDef	01234d5c	0	00458c4a
CMeleeCombatKnockdownEffects	01234dc4	20	00458c99
CMeleeCombatKnockdownEffects	01234dc4	18	00458c9d
CMeleeCombatKnockdownEffects	01234dc4	0	00458d23
CThingShotDef	01234e2c	20	00458d69
CThingShotDef	01234e2c	18	00458d6f
CThingShotDef	01234e2c	0	004590e6
CThingObjectDef	01234e94	20	00459129
CThingObjectDef	01234e94	18	0045912f
CThingObjectDef	01234e94	0	004592ec
CThingBuildingDef	01233144	0	00459321
CCreatureAbilityDef	01234f24	20	0045934f
CCreatureAbilityDef	01234f24	18	00459353
CCreatureAbilityDef	01234f24	0	00459407
CThingHolySiteDef	012331fc	0	0045943c
CThingMarkerDef	01233264	0	00459471
CThingSwitchDef	012332cc	0	004594b1
CThingVillageDef	01233334	0	004594e6
CThingPhysicalSwitchDef	0123339c	0	0045951b
CThingGroupDef	01234f8c	20	00459549
CThingGroupDef	01234f8c	18	0045954d
CThingGroupDef	01234f8c	0	00459550
CPlayerDef	01234ff4	20	0045957e
CPlayerDef	01234ff4	18	00459582
CPlayerDef	01234ff4	0	004595e3
CPlayerMovementDef	0123505c	20	00459611
CPlayerMovementDef	0123505c	18	00459615
CPlayerMovementDef	0123505c	0	004596d2
CSimBuildingDef	012350c4	20	00459700
CSimBuildingDef	012350c4	18	00459704
CSimBuildingDef	012350c4	0	00459732
CEngineThemeGroupDef	0123512c	20	00459760
CEngineThemeGroupDef	0123512c	18	00459764
CEngineThemeGroupDef	0123512c	0	00459767
CEngineThemeDef	01235194	20	00459795
CEngineThemeDef	01235194	18	0045979b
CEngineThemeDef	01235194	0	00459a53
CBrainDef	0123520c	20	00459a9e
CBrainDef	0123520c	0	00459aa2
CPlayerInventoryDef	01235274	20	00459b53
CPlayerInventoryDef	01235274	0	00459b57
CPlayerGuiDef	012352dc	20	00459e24
CPlayerGuiDef	012352dc	0	00459e2a
NUISystem::CUILocaleGraphicsDef	01235344	20	0045a113
NUISystem::CUILocaleGraphicsDef	01235344	0	0045a117
CInventoryDef	01233404	19	0045a154
CInventoryCategoryDef	0123346c	19	0045bd3d
CMessageEventDef	012334d4	19	0045bdb1
CEnvironmentDef	012335a4	19	0045be26
CMaterialDef	012336dc	19	0045c10d
CCombatTypeDef	01233744	19	0045c2e3
CSimVoicesDef	012337bc	0	0045c523
CSoundThemeDef	01233824	19	0045c549
CThingNoiseDef	0123388c	0	0045c5da
CCreatureGenerationFamilyDef	0123390c	19	0045c60f
CSpecialEffectsDef	0123300c	19	0045c77f
CSpecialEffectsDef	0123300c	18	0045c8c3
CHeroAbilityDef	01233974	19	0045cb17
CAppearanceModifierDef	012330dc	19	0045cbff
CEntitySoundDef	01233a44	0	0045ce06
CRegionDef	01233aac	19	0045ce43
CRegionDef	01233aac	0	0045d2d1
CFactionDef	01233b14	19	0045d2f7
CCameraModeDef	01233b7c	19	0045d33f
CCameraManagerDef	01233be4	19	0045d500
CCameraManagerSetDef	01233c4c	19	0045d578
CHeroPostcardGeneratorDef	01233cb4	19	0045d5ce
CExpressionDef	01233d1c	19	0045d637
CTargetingDef	01232d84	19	0045d724
CTargetingDef	01232d84	18	0045d923
COpinionReactionMaskDef	01233d84	19	0045dd00
COpinionReactionMaskDef	01233d84	18	0045de67
COpinionDeedMaskDef	01233dec	19	0045e182
COpinionDeedMaskDef	01233dec	18	0045e2e9
CCombatDialogueDef	01233ebc	19	0045e555
CVillagerInteractionsDef	01233f24	19	0045e620
COpinionPersonalityDef	01233f8c	19	0045e65b
COpinionPersonalityDef	01233f8c	18	0045e7cf
COpinionSourceDef	01233ff4	19	0045ee96
COpinionSourceDef	01233ff4	18	0045f178
CSpecialAbilitiesAssassinRushDef	0123405c	19	0045f585
CSpecialAbilitiesBattleChargeDef	012340c4	19	0045f630
CSpecialAbilitiesMultiStrikeDef	0123412c	19	0045f711
CSpecialAbilitiesMultiArrowDef	01234194	19	0045f7c2
CSpecialAbilitiesBerserkDef	012341fc	19	0045f84f
CSpecialAbilitiesBulletTimeDef	01234264	19	0045fabc
CSpecialAbilitiesForcePushDef	012342cc	19	0045fd4e
CSpecialAbilitiesEnflameDef	01234334	19	0045fe26
CSpecialAbilitiesPhysicalShieldDef	0123439c	19	0045fede
NUISystem::CRedefinerList	0124a994	150	00460045
CSpecialAbilitiesDrainLifeDef	01234404	19	004600c6
CSpecialAbilitiesHealLifeDef	0123446c	19	0046012c
CSpecialAbilitiesGhostSwordDef	012344d4	19	00460180
CSpecialAbilitiesTurncoatSpellDef	0123453c	19	004601e5
CSpecialAbilitiesFireballSpellDef	012345a4	19	00460251
CSpecialAbilitiesLightningSpellDef	0123460c	19	0046029f
CSpecialAbilitiesSummonSpellDef	01234674	19	00460452
CSpecialAbilitiesBurntEffectDef	012346dc	19	004604ca
CSpecialAbilitiesElectrocutedEffectDef	01234744	19	00460518
CSpecialAbilitiesDrunkennessDef	012347ac	19	00460584
CSpecialAbilitiesThunderLightningStormDef	01234814	19	004605e0
CSpecialAbilitiesDivineWrathDef	0123487c	19	00460652
CSpecialAbilitiesUnholyPowerDef	012348e4	19	004608c1
CSpecialAbilitiesCreatureTintDef	0123494c	19	00460a14
CSoundDef	012349b4	19	00460a5c
CAttackPatternDef	01234a1c	19	004611a1
CObjectFamilyDef	01234a84	19	004611d6
CArmourDef	01234aec	19	0046133f
CArmourDef	01234aec	18	004615fb
CHitLocationDef	01234b54	19	00461ac8
CCombatAbilityBlockLightWeaponAttackDef	01232ed4	19	00461b98
CCombatAbilityBlockHeavyWeaponAttackDef	01232f3c	19	00461d0d
CCombatAbilityBlockProjectileWeaponAttackDef	01232fa4	19	00461d2c
CCombatSequenceDef	01234bbc	19	00461d4b
CLightningDef	01234c24	19	00461ed3
CHeroCombatDef	01234cf4	19	00461f77
CMeleeCombatAbilityDef	01234d5c	19	0046244c
CMeleeCombatKnockdownEffects	01234dc4	19	004625f8
CThingShotDef	01234e2c	19	00462678
CCreatureAbilityDef	01234f24	19	0046280e
CThingGroupDef	01234f8c	19	0046284b
CPlayerDef	01234ff4	19	00462888
CPlayerMovementDef	0123505c	19	004628cb
CSimBuildingDef	012350c4	19	00462969
CEngineThemeGroupDef	0123512c	19	004629b9
CEngineThemeDef	01235194	19	004629f6
CBrainDef	0123520c	19	00462b10
CPlayerInventoryDef	01235274	19	00462e28
NUISystem::CUILocaleGraphicsDef	01235344	19	00462fac
CSimVoicesDef	012337bc	19	0046311f
CSoundThemeDef	01233824	18	0046329e
CThingNoiseDef	0123388c	19	00463923
CEntitySoundDef	01233a44	19	00463b9d
CCombatAbilityBlockUnarmedAttackDef	01232e6c	19	00463bdb
CMeleeCombatAbilityDef	01234d5c	18	00463bff
CThingObjectDef	01234e94	19	004642f5
CThingBuildingDef	01233144	19	004643ca
CThingHolySiteDef	012331fc	19	00464498
CThingMarkerDef	01233264	19	004644c0
CThingSwitchDef	012332cc	19	004644fa
CThingVillageDef	01233334	19	00464513
CThingPhysicalSwitchDef	0123339c	19	00464531
NUISystem::CUILocaleGraphicsDef	01235344	18	0046457d
CSimVoicesDef	012337bc	18	00464b8a
CSpecialAbilitiesAssassinRushDef	0123405c	18	00464be9
CSpecialAbilitiesBulletTimeDef	01234264	18	00464db5
CSpecialAbilitiesForcePushDef	012342cc	18	00465163
CSpecialAbilitiesEnflameDef	01234334	18	00465258
CSpecialAbilitiesPhysicalShieldDef	0123439c	18	00465390
CSpecialAbilitiesHealLifeDef	0123446c	18	00465634
CSpecialAbilitiesTurncoatSpellDef	0123453c	18	00465662
CSpecialAbilitiesFireballSpellDef	012345a4	18	004656a6
CSpecialAbilitiesDivineWrathDef	0123487c	18	004656df
CSpecialAbilitiesUnholyPowerDef	012348e4	18	00465b41
CCombatAbilityBlockDefBase	01232e04	18	00465c54
CGlobalDef	01234c8c	19	00465eae
NSpeechGainManager::CDialogueLayerDef	0123543c	20	00466426
NSpeechGainManager::CDialogueLayerDef	0123543c	0	0046642a
CIVCountedPointeeBase	012354d0	0	004664e0
CResource	012354a4	0	004664ff
NSpeechGainManager::CDialogueLayerDef	0123543c	18	0046651b
NSpeechGainManager::CDialogueLayerDef	0123543c	19	0046656a
CHeroCombatDef	01234cf4	18	004665b6
CBrainDef	0123520c	18	00466b37
CPlayerInventoryDef	01235274	18	00467553
CInventoryDef	01233404	18	004678e2
CMaterialDef	012336dc	18	0046923d
CCreatureGenerationFamilyDef	0123390c	18	004696c1
CHeroAbilityDef	01233974	18	00469ab3
CTextureReplacementDef	01233074	18	00469c2e
CCameraManagerDef	01233be4	18	0046a0b0
CAppearanceDef	012354dc	20	0046a174
CSpecialAbilitiesBattleChargeDef	012340c4	18	0046a178
CSpecialAbilitiesMultiArrowDef	01234194	18	0046a260
CSpecialAbilitiesBerserkDef	012341fc	18	0046a2fc
CSpecialAbilitiesLightningSpellDef	0123460c	18	0046a568
CSpecialAbilitiesSummonSpellDef	01234674	18	0046a6dd
CSpecialAbilitiesBurntEffectDef	012346dc	18	0046a742
CSpecialAbilitiesElectrocutedEffectDef	01234744	18	0046a77b
CSpecialAbilitiesCreatureTintDef	0123494c	18	0046a7e0
CVillagePeopleDef	01232c4c	18	0046a80e
CSoundDef	012349b4	18	0046a9ce
CAttackPatternDef	01234a1c	18	0046c284
CObjectFamilyDef	01234a84	18	0046c294
CHitLocationsDef	01232cb4	18	0046c6e0
CCombatSequenceDef	01234bbc	18	0046c6f0
CAppearanceDef	012354dc	0	0046cdfc
CPlayerGuiDef	012352dc	19	0046ce28
CQuickAccessItemButtonGuiDef	012360a4	20	0046ee66
CQuickAccessItemButtonGuiDef	012360a4	18	0046ee6a
CQuickAccessItemButtonGuiDef	012360a4	0	0046ef6b
CQuickAccessItemButtonGuiDef	012360a4	19	0046ef87
CAbilityButtonGuiDef	0123610c	20	0046f1ff
CAbilityButtonGuiDef	0123610c	18	0046f203
CAbilityButtonGuiDef	0123610c	0	0046f483
CAbilityButtonGuiDef	0123610c	19	0046f49f
CSkyDef	0123353c	19	0046f4eb
CLensFlareElementDef	01236174	20	0046f723
CLensFlareElementDef	01236174	18	0046f727
CLensFlareElementDef	01236174	0	0046f760
CLensFlareElementDef	01236174	19	0046f77c
CCombatTypeDef	01233744	18	0046f7c8
CAppearanceModifierDef	012330dc	18	0046fc51
NUISystem::CRedefinerList	0124a994	144	0047005f
CEntitySoundDef	01233a44	18	004702c8
CRegionDef	01233aac	18	004715ab
CFactionDef	01233b14	18	004717a1
CAppearanceDef	012354dc	19	004717c2
COpinionDeedEffectsDef	01233e54	19	00471a72
COpinionDeedReactionDef	012361dc	20	00471f93
COpinionDeedReactionDef	012361dc	0	0047200d
COpinionDeedReactionDef	012361dc	19	00472046
COpinionDeedReactionDef	012361dc	18	00472095
CSpecialAbilitiesMultiStrikeDef	0123412c	18	00472415
CSpecialAbilitiesDrainLifeDef	01234404	18	004724c2
CGlobalDef	01234c8c	18	00472506
CEnvironmentThemeDaySetDef	0123360c	19	00472e7e
CEnvironmentThemeDef	01236244	20	004732da
CEnvironmentThemeDef	01236244	18	004732e0
CEnvironmentThemeDef	01236244	0	00473496
CEnvironmentThemeDef	01236244	19	004734b2
CAppearanceDef	012354dc	18	00473504
CPlayerGuiDef	012352dc	18	004736c4
CSkyDef	0123353c	18	0047691e
CEnvironmentThemeDaySetDef	0123360c	18	00476dc3
CEngineLocalDetailGeneratorDef	01233674	19	00477288
CEngineLocalDetailLayerDef	012362e4	20	00477424
CEngineLocalDetailLayerDef	012362e4	0	00477460
CEngineLocalDetailObjectDef	0123634c	20	00477698
CEngineLocalDetailObjectDef	0123634c	18	0047769e
CEngineLocalDetailObjectDef	0123634c	0	00477943
CEngineLocalDetailObjectDef	0123634c	19	0047795f
CEngineLocalDetailLayerDef	012362e4	19	00477c65
CEngineLocalDetailLayerDef	012362e4	18	00477cb1
CHeroStatsDef	012339dc	19	0047812d
CAppearanceModifierScalingDef	01236434	20	004784e0
CAppearanceModifierScalingDef	01236434	18	004784e4
CAppearanceModifierScalingDef	01236434	0	00478512
CAppearanceModifierScalingDef	01236434	19	0047852e
CAbilityTrackDef	0123649c	20	00478702
CAbilityTrackDef	0123649c	0	00478706
CAbilityTrackLevelDef	01236504	20	00478823
CAbilityTrackLevelDef	01236504	18	00478827
CAbilityTrackLevelDef	01236504	0	00478855
CAbilityTrackLevelDef	01236504	19	00478871
CAbilityTrackDef	0123649c	19	00478a68
CAbilityTrackDef	0123649c	18	00478ab7
COpinionDeedEffectsDef	01233e54	18	00478ee2
CEngineLocalDetailGeneratorDef	01233674	18	0047989b
CHeroStatsDef	012339dc	18	00479cba
NUISystem::CActionParamState	012366ec	0	0047ce87
NUISystem::CActionParamSLONG	012366f4	0	0047cebd
NUISystem::CActionParamEBOOL	012366fc	0	0047cef3
CTCInGameMenu	01236804	11	0047d1ac
CTCInGameMenu	01236804	4	0047d60d
CTCInGameMenu	01236804	26	0047e9ae
NPlayerGui::CAutoPickupBar	0125a768	13	00480053
CPersistContext_TransferableComponent	01236750	1	0048531e
CPersistContext_TransferableComponent	01236750	0	00485348
CMemoryDataInputStream	0123675c	0	00485420
CActionParamCCountedPointer	01236794	0	00485524
CTCInGameMenu	01236804	21	0048616c
CTCInGameMenu	01236804	22	00486172
CTCInGameMenu	01236804	0	004861c3
CInputProcessMain	0123758c	2	00486360
CInputProcessMain	0123758c	3	00486370
CInputProcessMain	0123758c	5	00486380
CInputProcessMain	0123758c	6	00486390
CInputProcessMain	0123758c	7	004863a0
CInputProcessControlCreature	012375b4	7	004863f0
CInputProcessInventoryBase	012376cc	7	00486500
CInputProcessHeroInformationScreens	012378b0	7	00486680
CInputProcessClickPastText	012378d8	7	004866b0
CInputProcessYesNoQuestion	01237900	7	004866e0
CInputProcessControlFreeCamera	012379c8	7	00486790
CInputProcessWatchForRangedWeaponThirdPersonModeTermination	01237b80	4	00486900
CInputProcessWatchForWillChargeUpThirdPersonModeTermination	01237ba8	4	00486930
CInputProcessInGameMenu	01237cc0	7	00486a20
CInputProcessTavernGame	01237ce8	7	00486a50
CInputProcessQuestCompletionUI	01237e00	7	00486b40
CInputProcessCreditsUI	01237e28	7	00486b70
CInputProcessBetting	01237e50	7	00486ba0
CInputProcessFireheartMinigame	01237ea0	7	00486bf0
CInputProcessPhotojournalCapture	01237ec8	9	00486c20
CInputProcessPhotojournalCapture	01237ec8	7	00486c30
CIntelligentPointer	01237f14	0	0048a4d0
CIntelligentPointer	01237f1c	0	0048a4f0
CInputProcessConsole	01237f24	7	0048b3a0
CInputProcessConsole	01237f24	0	0048b3b0
CInputProcessMain	0123758c	0	0048b3d0
CInputProcessControlCreature	012375b4	0	0048b400
CInputProcessControlCreatureActivateZTarget	012375dc	0	0048b420
CInputProcessControlCreatureActivateZTargetOnPress	01237604	0	0048b440
CInputProcessDead	0123762c	0	0048b460
CInputProcessStrafe	01237654	0	0048b480
CInputProcessTargetLockCycleTargets	0123767c	0	0048b4a0
CInputProcessTargetLockRightStickTargetSelect	012376a4	0	0048b4c0
CInputProcessInventoryBase	012376cc	0	0048b4e0
CInputProcessInventory	012376f8	0	0048b500
CInputProcessInventoryClothing	01237724	0	0048b520
CInputProcessInventoryWeapons	01237750	0	0048b540
CInputProcessHeroAbilitiesScreen	0123777c	0	0048b560
CInputProcessInventoryMapScreen	012377a8	0	0048b580
CInputProcessInventoryExperienceScreen	012377d4	0	0048b5a0
CInputProcessInventoryTradeScreen	01237800	0	0048b5c0
CInputProcessInventoryQuestsScreen	0123782c	0	0048b5e0
CInputProcessInventoryMagicScreen	01237858	0	0048b600
CInputProcessInventoryStatsScreen	01237884	0	0048b620
CInputProcessHeroInformationScreens	012378b0	0	0048b640
CInputProcessClickPastText	012378d8	0	0048b660
CInputProcessYesNoQuestion	01237900	0	0048b680
CInputProcessBButtonExitMode	01237928	0	0048b6a0
CInputProcessToggleViewHeroMode	01237950	0	0048b6c0
CInputProcessFirstPerson	01237978	0	0048b6e0
CInputProcessFreezeControls	012379a0	0	0048b700
CInputProcessControlFreeCamera	012379c8	0	0048b720
CInputProcessCameraLookAround	012379f0	0	0048b740
CInputProcessFirstPersonLookAround	01237a18	0	0048b760
CInputProcessControlCreatureRightStick	01237a40	0	0048b780
CInputProcessCycleSpecialCameraModes	01237a68	0	0048b7a0
CInputProcessCreatureMovement	01237f4c	0	0048b7f0
CInputProcessCreatureMovementWatchForControlAngleChange	01237f74	0	0048b840
CInputProcessUseEnvironment	01237a90	0	0048b860
CInputProcessBlock	01237ab8	0	0048b880
CInputProcessDebugControls	01237f9c	0	0048b8d0
CInputProcessQuickAccessItems	01237ae0	0	0048b900
CInputProcessUseRangedWeapon	01237b08	0	0048b920
CInputProcessSetRangedWeaponMode	01237b30	0	0048b940
CInputProcessSetRangedWeaponThirdPersonMode	01237b58	0	0048b960
CInputProcessWatchForRangedWeaponThirdPersonModeTermination	01237b80	0	0048b980
CInputProcessWatchForWillChargeUpThirdPersonModeTermination	01237ba8	0	0048b9a0
CInputProcessUseRangedWeaponZLock	01237bd0	0	0048b9c0
CInputProcessProjectileTargetingAnalogueZoom	01237bf8	0	0048b9e0
CInputProcessSpecialAbilities	01237c20	0	0048ba00
CInputProcessLightning	01237c48	0	0048ba20
CInputProcessRebootGame	01237c70	0	0048ba40
CInputProcessFirstPersonTargeting	01237c98	0	0048ba60
CInputProcessInGameMenu	01237cc0	0	0048ba80
CInputProcessTavernGame	01237ce8	0	0048baa0
CInputProcessCutScene	01237d10	0	0048bac0
CInputProcessFishing	01237d38	0	0048bae0
CInputProcessDigging	01237d60	0	0048bb00
CInputProcessParalysed	01237d88	0	0048bb20
CInputProcessBoastUI	01237db0	0	0048bb40
CInputProcessQuickAccessMenu	01237dd8	0	0048bb60
CInputProcessQuestCompletionUI	01237e00	0	0048bb80
CInputProcessCreditsUI	01237e28	0	0048bba0
CInputProcessBetting	01237e50	0	0048bbc0
CInputProcessOracleMinigame	01237e78	0	0048bbe0
CInputProcessFireheartMinigame	01237ea0	0	0048bc00
CInputProcessPhotojournalCapture	01237ec8	0	0048bc20
CInputProcessZTarget	01238028	0	0048cea0
CInputProcessJumpingAndRolling	01238050	0	0048d390
CInputProcessCombat	012380b4	0	0048d680
NUISystem::CManager	01230134	47	0049004c
NUISystem::CRedefinerList	0124a994	145	00490055
CSubtitleRenderer	012384bc	0	004942a2
CFrontendGameComponent	0123875c	0	00494350
CFrontendGameComponent	0123875c	1	00494360
CFrontendGameComponent	01238768	4	00494370
CFrontendGameComponent	01238768	3	00495610
CFrontendGameComponent	01238768	2	00496cf0
CFrontendGameComponent	01238768	0	00497720
CAProgressDisplay	012387a0	4	00497850
CAProgressDisplay	012387a0	5	00497860
CAProgressDisplay	012387a0	0	00497870
CProgressDisplay	012388b4	5	00499a70
CProgressDisplay	012388b4	1	00499aa0
CProgressDisplay	012388b4	3	00499c50
CProgressDisplay	012388b4	2	00499d90
CProgressDisplay	012388b4	4	0049a0b0
CPersistContext_TransferableVector	012387e4	0	0049b060
CPersistContext_TransferableVector	012387e4	3	0049b070
CPersistContext_TransferableVector	012387e4	2	0049b0b0
CProgressDisplay	012388b4	6	0049b460
CProgressDisplay	012388b4	0	0049b7d0
CPersistContext_TransferableVector	012387e4	1	0049b860
CGameJoystickManager	01238b54	0	0049bc70
CParticleEnvironmentInteraction	0122ed8c	6	0049bdc0
CParticleEnvironmentInteraction	0122ed8c	3	0049be10
CParticleEnvironmentInteraction	0122ed8c	1	0049be90
CIDrawWorld	01238b78	3	0049c920
CNavigatorManagerExternalInterface	01238b8c	0	0049cdd0
CWorld	012390f0	1	0049d970
CWorld	012390f0	5	0049da00
CWorld	012390f0	6	0049da60
CWorld	012390f0	8	0049dbe0
CWorld	012390dc	2	0049e1a0
CWorld	012390f0	3	0049e1b0
CWorld	012390f0	4	0049e1c0
CWorld	012390f0	2	0049e220
CWorld	012390dc	1	0049e350
CWorld	012390f0	11	004a1cb0
CWorld	012390f0	10	004a2e90
CWorld	012390f0	7	004a6550
CWorld	012390f0	9	004a6e30
CTBaseSingleton	01238c50	0	004a7d00
CGameNavigatorManagerExternalInterface	01238c58	0	004a9260
CIntelligentPointer	01238c6c	0	004a9710
CPersistContext_TransferableComponent	01238c74	1	004aa320
CPersistContext_TransferableComponent	01238c74	0	004aa340
CPersistContext_TransferableComponent	01238c80	1	004aa3f0
CPersistContext_TransferableComponent	01238c80	0	004aa410
CScriptThing	01238c8c	76	004aa890
CScriptThing	01238c8c	78	004aa8a0
CScriptThing	01238c8c	1	004aa8b0
CScriptThing	01238c8c	2	004aa8d0
CScriptThing	01238c8c	3	004aa900
CScriptThing	01238c8c	4	004aa930
CScriptThing	01238c8c	5	004aa940
CScriptThing	01238c8c	6	004aa980
CScriptThing	01238c8c	7	004aa9a0
CScriptThing	01238c8c	8	004aa9e0
CScriptThing	01238c8c	9	004aaa10
CScriptThing	01238c8c	10	004aaa40
CScriptThing	01238c8c	11	004aaa60
CScriptThing	01238c8c	12	004aaa70
CScriptThing	01238c8c	13	004aaa90
CScriptThing	01238c8c	14	004aaaa0
CScriptThing	01238c8c	15	004aaab0
CScriptThing	01238c8c	16	004aaac0
CScriptThing	01238c8c	17	004aaad0
CScriptThing	01238c8c	18	004aaaf0
CScriptThing	01238c8c	20	004aab10
CScriptThing	01238c8c	21	004aab30
CScriptThing	01238c8c	22	004aab50
CScriptThing	01238c8c	23	004aab70
CScriptThing	01238c8c	24	004aab90
CScriptThing	01238c8c	25	004aabb0
CScriptThing	01238c8c	27	004aabd0
CScriptThing	01238c8c	29	004aabf0
CScriptThing	01238c8c	31	004aac10
CScriptThing	01238c8c	32	004aac20
CScriptThing	01238c8c	34	004aac40
CScriptThing	01238c8c	35	004aac60
CScriptThing	01238c8c	36	004aac80
CScriptThing	01238c8c	37	004aaca0
CScriptThing	01238c8c	38	004aacc0
CScriptThing	01238c8c	39	004aace0
CScriptThing	01238c8c	40	004aad00
CScriptThing	01238c8c	41	004aad20
CScriptThing	01238c8c	42	004aad40
CScriptThing	01238c8c	43	004aad60
CScriptThing	01238c8c	44	004aad80
CScriptThing	01238c8c	45	004aada0
CScriptThing	01238c8c	46	004aadc0
CScriptThing	01238c8c	47	004aade0
CScriptThing	01238c8c	48	004aae00
CScriptThing	01238c8c	49	004aae20
CScriptThing	01238c8c	50	004aae40
CScriptThing	01238c8c	51	004aae60
CScriptThing	01238c8c	52	004aae80
CScriptThing	01238c8c	53	004aaea0
CScriptThing	01238c8c	54	004aaec0
CScriptThing	01238c8c	55	004aaee0
CScriptThing	01238c8c	56	004aaf00
CScriptThing	01238c8c	57	004aaf20
CScriptThing	01238c8c	58	004aaf40
CScriptThing	01238c8c	59	004aaf60
CScriptThing	01238c8c	60	004aaf80
CScriptThing	01238c8c	61	004aafa0
CScriptThing	01238c8c	62	004aafc0
CScriptThing	01238c8c	63	004aafe0
CScriptThing	01238c8c	64	004ab000
CScriptThing	01238c8c	65	004ab020
CScriptThing	01238c8c	66	004ab040
CScriptThing	01238c8c	67	004ab060
CScriptThing	01238c8c	68	004ab080
CScriptThing	01238c8c	69	004ab0a0
CScriptThing	01238c8c	70	004ab0c0
CScriptThing	01238c8c	71	004ab0e0
CScriptThing	01238c8c	72	004ab0f0
CScriptThing	01238c8c	73	004ab100
CScriptThing	01238c8c	74	004ab110
CScriptThing	01238c8c	75	004ab130
CScriptThing	01238c8c	77	004ab150
CScriptThing	01238c8c	0	004ab170
CGameNavigatorManagerExternalInterface	01238c58	2	004ab210
CScriptThing	01238c8c	19	004abe60
CScriptThing	01238c8c	26	004abec0
CScriptThing	01238c8c	28	004abf00
CScriptThing	01238c8c	30	004abf40
CScriptThing	01238c8c	33	004abf80
CSkeletalMorphResourceManager	01238f84	0	004ae3b0
CWorld	012390dc	0	004ae890
CWorld	012390dc	3	004ae8a0
CWorld	012390f0	12	004ae8b0
CWorld	012390f0	13	004ae8c0
CWorld	012390f0	0	004ae8d0
NPlayerGui::CAutoPickupBar	0125a768	16	004b0041
NUISystem::CRedefinerList	0124a994	146	004b005f
CTBaseSingletonNoDefaultAlloc	01239370	0	004b6aa0
CPersistContext_TransferableComponent	01239378	1	004b8660
CPersistContext_TransferableComponent	01239378	0	004b8680
CQuestManager	01239464	0	004bbba0
NGraphicAppearance::CTCGraphicAppearance	0123986c	12	004bc030
NGraphicAppearance::CTCGraphicAppearance	0123986c	14	004bf8f0
NGraphicAppearance::CTCGraphicAppearance	0123986c	4	004bfc50
NGraphicAppearance::CTCGraphicAppearance	0123986c	27	004c01e0
C3DPositionInterpolator	0123981c	0	004c20f0
C3DOrientationInterpolator	01239824	0	004c2130
CEngineMeshEffect	0123982c	0	004c2f50
CEngineMeshEffectOutlineBase	01239848	0	004c2fe0
CEngineMeshEffectOutlineSmooth	01239854	0	004c3070
C3DMeshObject	01239860	0	004c3250
C3DAnimationBlendState	01239838	0	004c3cd0
C3DAnimationInterpolator	01239840	0	004c3d10
NGraphicAppearance::CTCGraphicAppearance	0123986c	21	004c5d40
NGraphicAppearance::CTCGraphicAppearance	0123986c	22	004c5d50
NGraphicAppearance::CTCGraphicAppearance	0123986c	10	004c5d70
NGraphicAppearance::CTCGraphicAppearance	0123986c	0	004c5d80
NTCMessages::CMessageBase	012398f8	1	004c6fd0
NTCMessages::CMessageBase	012398f8	0	004c7000
CThing	01239abc	7	004c72a0
CThing	01239abc	5	004c72b0
CThing	01239abc	6	004c72c0
CThing	01239abc	21	004c7460
CThing	01239abc	18	004c7470
CThing	01239abc	25	004c74b0
CThing	01239abc	36	004c7540
CThing	01239abc	27	004c7790
CThing	01239abc	29	004c77b0
CThing	01239abc	43	004c77d0
CThing	01239abc	22	004c7870
CThing	01239abc	24	004c7b00
CThing	01239abc	17	004c7b80
CThing	01239abc	44	004c7bf0
CThing	01239abc	12	004c7cf0
CThing	01239abc	11	004c7d50
CThing	01239abc	23	004c7da0
CThing	01239abc	19	004c8050
CThing	01239abc	20	004c8ba0
CThing	01239abc	41	004c8da0
CThing	01239abc	28	004c8e50
CThing	01239abc	2	004c9120
CThing	01239abc	8	004c9560
CThing	01239abc	9	004c9690
CThing	01239abc	10	004c97b0
CThing	01239abc	16	004ca390
CThing	01239abc	15	004ca930
CThing	01239abc	4	004caa00
NTCMessages::CMessageClearPrimitives	01239a8c	1	004cb770
NTCMessages::CMessageClearPrimitives	01239a8c	0	004cb780
CPersistContext_TransferableComponent	01239a74	1	004cbd00
CPersistContext_TransferableComponent	01239a74	0	004cbd30
CPersistContext_TransferableComponent	01239a80	1	004cbde0
CPersistContext_TransferableComponent	01239a80	0	004cbe00
CThing	01239abc	3	004cd1a0
CThing	01239abc	13	004cd1b0
CThing	01239abc	14	004cd1c0
CThing	01239abc	26	004cd1d0
CThing	01239abc	30	004cd1e0
CThing	01239abc	31	004cd1f0
CThing	01239abc	32	004cd200
CThing	01239abc	33	004cd210
CThing	01239abc	34	004cd220
CThing	01239abc	35	004cd230
CThing	01239abc	37	004cd240
CThing	01239abc	39	004cd250
CThing	01239abc	38	004cd260
CThing	01239abc	40	004cd270
CThing	01239abc	42	004cd280
CThing	01239abc	45	004cd290
CThing	01239abc	0	004cd3e0
NPlayerGui::CAutoPickupBar	0125a768	7	004d005f
CTCRotate	0123a024	21	004d2b63
CTCRotate	0123a024	22	004d2b67
CTCRotate	0123a024	8	004d2b77
CTCUndeadSoul	0123a364	21	004d2df3
CTCUndeadSoul	0123a364	22	004d2df7
CTCUndeadSoul	0123a364	8	004d2e07
NHeroInformationScreens::CBase	0123a3e0	3	004d2e41
CTCMeshAutomaticEntityCreator	0123a54c	21	004d3179
CTCMeshAutomaticEntityCreator	0123a54c	22	004d317d
CBuyHouseDef	0123a61c	20	004d325d
CWifeDef	0123a69c	20	004d32a3
CDoorDef	0123a714	20	004d331c
CKickableDef	0123a7ac	20	004d33c2
CLightDef	0123a814	20	004d33d8
CSpotLightDef	0123a88c	20	004d341e
CHeroDef	0123a904	20	004d3464
CTCWeatherVane	0123a984	21	004d34c3
CTCWeatherVane	0123a984	22	004d34c7
CTCWeatherVane	0123a984	8	004d34d7
CPerceivedThingDef	0123aa9c	20	004d35de
CStealthDef	0123ab1c	20	004d3654
CTCCupboard	0123ab9c	21	004d36b7
CTCCupboard	0123ab9c	22	004d36bb
CTCCupboard	0123ab9c	8	004d36cb
CTrophyDef	0123ac1c	20	004d374c
CChestDef	0123acdc	20	004d3840
CExplodingObjectDef	0123ad7c	20	004d38c9
CLookDef	0123ae14	20	004d3938
CTCCameraPointShapeActivationBase	0123aedc	21	004d3a1b
CTCCameraPointShapeActivationBase	0123aedc	8	004d3a1f
CTCCameraPointShapeActivationBase	0123aedc	30	004d3a22
CTCCameraPointShapeActivationBase	0123aedc	23	004d3a26
CTCCameraPointShapeActivationBase	0123aedc	31	004d3a29
CTCCameraPointShapeActivationBase	0123aedc	32	004d3a2c
CTCCameraPointShapeActivationBase	0123aedc	33	004d3a2f
CTCCameraPointShapeActivationBase	0123aedc	34	004d3a32
CTCCameraPointShapeActivationBase	0123aedc	0	004d3a3e
CTCCameraPointFixedPoint	0123af8c	22	004d3a8f
CTCCameraPointFixedPoint	0123af8c	28	004d3a9f
CTCCameraPointFixedDolly	0123b03c	22	004d3acd
CTCCameraPointFixedDolly	0123b03c	28	004d3add
CTCCameraPointTrack	0123b0e4	22	004d3b1a
CTCCameraPointTrack	0123b0e4	28	004d3b2a
CTCCameraPointGeneralCase	0123b194	22	004d3b78
CTCCameraPointGeneralCase	0123b194	28	004d3b88
CTCCameraPointDead	0123b23c	22	004d3bb7
CTCCameraPointDead	0123b23c	28	004d3bc7
CTCCarryable	0123b35c	21	004d3d42
CTCCarryable	0123b35c	22	004d3d46
CEnemyDef	0123b3f4	20	004d3ddb
CTCDNone	0123b504	24	004d3f28
CTCDNone	0123b504	29	004d3f2b
CTCDNone	0123b504	21	004d3f2c
CTCDNone	0123b504	22	004d3f30
CTCDNone	0123b504	28	004d3f40
CTCDNone	0123b504	11	004d3f4d
COpinionOfHeroDef	0123b59c	20	004d3f99
CShopItemDef	0123b644	20	004d4078
CTCBlacksmiths	0123b6c4	21	004d40d7
CTCBlacksmiths	0123b6c4	22	004d40db
CStockItemDef	0123b74c	20	004d4110
CTimeAppearanceFadeDef	0123b7cc	20	004d4156
CTCGift	0123b83c	21	004d4185
CTCGift	0123b83c	22	004d4189
CGiftDef	0123b8b4	20	004d41ab
CTCDNavigationSeed	0123b944	21	004d420e
CTCDNavigationSeed	0123b944	22	004d4212
CTCDNavigationSeed	0123b944	28	004d4222
CTCDNavigationSeed	0123b944	23	004d422f
CTCDInternalMarker	0123b9e4	21	004d4278
CTCDInternalMarker	0123b9e4	22	004d427e
CTCDInternalMarker	0123b9e4	28	004d428e
CTCDRegionEntrance	0123ba74	21	004d42ce
CTCDRegionEntrance	0123ba74	22	004d42d2
CTCDRegionEntrance	0123ba74	28	004d42e2
CTCDRegionEntrance	0123ba74	23	004d42ef
CTCActivationTrigger	0123bbac	21	004d43df
CTCActivationTrigger	0123bbac	22	004d43e3
CTCActivationTrigger	0123bbac	29	004d43f3
CTCActivationTrigger	0123bbac	30	004d43f4
CTCActivationTrigger	0123bbac	23	004d43f5
CHighlightItemDef	0123bd14	20	004d458a
CTCCreatureHive	0123bdcc	21	004d45e3
CTCCreatureHive	0123bdcc	22	004d45e7
CTCCreatureHive	0123bdcc	8	004d45f7
CHeroCentreDef	0123be54	20	004d463c
CBoastingPodiumDef	0123bf0c	20	004d46f5
CTCSwitchableNavigation	0123c02c	21	004d485b
CTCSwitchableNavigation	0123c02c	22	004d485f
CTCSwitchableNavigation	0123c02c	0	004d486f
CShipDef	0123c0a4	20	004d489d
CTCMoneyReceiver	0123c1c4	21	004d49fd
CTCMoneyReceiver	0123c1c4	22	004d4a03
CExpressionSubDef	0123c2e4	20	004d4b97
CSummonableCreatureDef	0123c3a4	20	004d4c54
COccupiableDef	0123c514	20	004d4e78
CTCCombatLeader	0123c5ac	21	004d4f0b
CTCCombatLeader	0123c5ac	22	004d4f11
CTCStealableItemLocation	0123c65c	21	004d4fb6
CTCStealableItemLocation	0123c65c	22	004d4fbc
CTCStealableItemLocation	0123c65c	23	004d4fcc
CInterestingToVillagersDef	0123c6d4	20	004d4fe6
CGuardDef	0123c75c	20	004d500f
CActivateQuestDef	0123c7f4	20	004d506c
CCrateStackDef	0123c86c	20	004d50b2
COverheadDisplayDef	0123c8fc	20	004d5128
CTavernTableDef	0123c964	20	004d513e
CTCTavernJug	0123ca14	21	004d51e0
CTCTavernJug	0123ca14	22	004d51e6
CTCTavernJug	0123ca14	6	004d51f6
CTavernDef	0123ca8c	20	004d5211
CDrunkennessDef	0123cb3c	20	004d52fa
CTCOnHeroPush	0123cbc4	21	004d5359
CTCOnHeroPush	0123cbc4	22	004d535f
CTCOnHeroPush	0123cbc4	8	004d536f
CTCOnHeroPush	0123cbc4	6	004d5372
CFireballSpellLevelDef	0123cc3c	20	004d538e
CThingDrainLifeShotDef	0123cca4	20	004d53a4
NThingShot::CTCShotDefinitionThrow	0123cdc4	21	004d5472
NThingShot::CTCShotDefinitionThrow	0123cdc4	30	004d5476
NThingShot::CTCShotDefinitionThrow	0123cdc4	35	004d5482
NThingShot::CTCShotDefinitionThrow	0123cdc4	41	004d5483
NThingShot::CTCShotDefinitionThrow	0123cdc4	42	004d5484
NThingShot::CTCShotDefinitionThrow	0123cdc4	43	004d5487
NThingShot::CTCShotDefinitionThrow	0123cdc4	22	004d548a
NThingShot::CTCShotDefinitionThrowPredictive	0123ce9c	22	004d54ca
NThingShot::CTCShotDefinitionTearInGround	0123cf9c	40	004d5518
NThingShot::CTCShotDefinitionTearInGround	0123cf9c	22	004d5519
NThingShot::CTCShotDefinitionDragonFireball	0123d0cc	22	004d558d
CTCGeneratesExperienceOnKilling	0123d224	21	004d5781
CTCGeneratesExperienceOnKilling	0123d224	22	004d5787
CGoldDef	0123d2ec	20	004d584f
CCoinGameObstacleDef	0123d3e4	20	004d597b
CTavernGameCoinBaseDef	0123d44c	20	004d5991
CTavernGameCoinGolfDef	0123d4d4	20	004d59da
CDecapitationDef	0123d5e4	20	004d5b15
CTCTavernGameMaster	0123d664	21	004d5b48
CTCTavernGameMaster	0123d664	22	004d5b4e
CWallMountEffectsDef	0123d74c	20	004d5c43
CFishDef	0123d7bc	20	004d5c89
CTeleporterDef	0123d834	20	004d5ccf
CHeroSpecialMovementDef	0123d92c	20	004d5d95
CResurrectionItemDef	0123d9ac	20	004d5dbe
CKrakenTentacleDef	0123da24	20	004d5de7
CAICreatureWillPowerIndicatorDef	0123daa4	20	004d5e10
CCarriedReadableDef	0123db94	20	004d5ee4
CTCAmbientBird	0123dc0c	21	004d5f1c
CTCAmbientBird	0123dc0c	22	004d5f22
CTCAmbientBird	0123dc0c	8	004d5f32
CFishingRodDef	0123dca4	20	004d5fa7
CTCSleep	0123dd94	21	004d610c
CTCSleep	0123dd94	22	004d6112
CNymphDef	0123de3c	20	004d6177
CSummonDef	0123deb4	20	004d61a0
CTCWobble	0123df34	21	004d61f0
CTCWobble	0123df34	22	004d61f6
CTCWobble	0123df34	8	004d6206
CCameraCollisionDef	0123dfbc	20	004d624b
CTCFlashOnHit	0123e034	21	004d62b8
CTCFlashOnHit	0123e034	22	004d62be
CTCFlashOnHit	0123e034	8	004d62ce
CTCFlashOnHit	0123e034	0	004d62d1
CTCVolumeContainmentTrackerDef	0123e0c4	20	004d6332
CTCDestroyThingOnActionFinish	0123e16c	21	004d6391
CTCDestroyThingOnActionFinish	0123e16c	22	004d6397
CTCDestroyThingOnSpecialAbilityFinish	0123e20c	21	004d63d2
CTCDestroyThingOnSpecialAbilityFinish	0123e20c	22	004d63d8
CTCObstacle	0123e28c	21	004d6417
CTCObstacle	0123e28c	22	004d641d
CWillResponseDef	0123e324	20	004d649f
CBettingDef	0123e3b4	20	004d64f8
CTCFireRangedWeaponOnLeavingStateGroup	0123e464	21	004d658b
CTCFireRangedWeaponOnLeavingStateGroup	0123e464	22	004d6591
CTCFireRangedWeaponOnLeavingStateGroup	0123e464	8	004d65a1
CTCFireRangedWeaponOnLeavingStateGroup	0123e464	28	004d65a4
COracleMinigameDef	0123e504	20	004d6601
CFireheartMinigameDef	0123e584	20	004d665a
CLightningOrbDef	0123e5ec	20	004d6670
CHasNameDef	0123e67c	20	004d66ac
CTCAbsorbHits	0123e764	21	004d677c
CTCAbsorbHits	0123e764	22	004d6782
CIntelligentPointer	0123e7d8	0	004d6915
CIntelligentPointer	0123e7e0	0	004d6931
CCarryableDef	0123e7ec	20	004d7a0b
CVillageMemberDef	0123e854	20	004d7a21
CBedDef	0123e8bc	20	004d7a46
CSmokeGeneratorDef	0123e924	20	004d7a5c
CCreatureNavigationDef	0123e98c	20	004d7a72
CTCRotate	0123a024	0	004d7aad
CReadableDef	0123e9f4	20	004d7ae5
CTCUndeadSoul	0123a364	0	004d7b06
CTCMeshAutomaticEntityCreator	0123a54c	0	004d7b3f
CBuyHouseDef	0123a61c	0	004d7b7f
CWifeDef	0123a69c	0	004d7bc5
CDoorDef	0123a714	0	004d7c0b
CKickableDef	0123a7ac	0	004d7c51
CLightDef	0123a814	0	004d7c97
CSpotLightDef	0123a88c	0	004d7cdd
CHeroDef	0123a904	0	004d7d23
CTCWeatherVane	0123a984	0	004d7d62
CTCExclusiveUse	0123ea5c	21	004d7da8
CTCExclusiveUse	0123ea5c	22	004d7dac
CTCExclusiveUse	0123ea5c	0	004d7dbc
CTCCreatedEntity	0123ead4	21	004d7e0c
CTCCreatedEntity	0123ead4	22	004d7e10
CTCCreatedEntity	0123ead4	0	004d7e20
CTCOwnedEntity	0123eb4c	21	004d7e7c
CTCOwnedEntity	0123eb4c	22	004d7e80
CTCOwnedEntity	0123eb4c	0	004d7e90
CPerceivedThingDef	0123aa9c	0	004d7eda
CStealthDef	0123ab1c	0	004d7f20
CTCCupboard	0123ab9c	0	004d7f5f
CTrophyDef	0123ac1c	0	004d7f91
CTCGeneratedCreature	0123ebc4	21	004d8020
CTCGeneratedCreature	0123ebc4	22	004d8026
CTCGeneratedCreature	0123ebc4	0	004d8036
CChestDef	0123acdc	0	004d8072
CExplodingObjectDef	0123ad7c	0	004d80c2
CLookDef	0123ae14	0	004d8108
CTCDCameraPoint	0123ec3c	21	004d8150
CTCDCameraPoint	0123ec3c	22	004d8154
CTCDCameraPoint	0123ec3c	28	004d8164
CTCDCameraPoint	0123ec3c	23	004d8171
CTCDCameraPoint	0123ec3c	8	004d8174
CTCDCameraPoint	0123ec3c	0	004d8177
CTCCameraPointBuilding	0123ecbc	22	004d81b6
CTCCameraPointBuilding	0123ecbc	28	004d81c6
CTCCameraPointBuilding	0123ecbc	0	004d81ca
CTCCameraPointFixedPoint	0123af8c	0	004d8203
CTCCameraPointFixedDolly	0123b03c	0	004d8242
CTCCameraPointTrack	0123b0e4	0	004d8281
CTCCameraPointGeneralCase	0123b194	0	004d82c0
CTCCameraPointDead	0123b23c	0	004d82ff
CTCCarryable	0123b35c	0	004d833e
CEnemyDef	0123b3f4	0	004d837e
CTCDNone	0123b504	0	004d83bd
COpinionOfHeroDef	0123b59c	0	004d83ef
CShopItemDef	0123b644	0	004d8427
CTCBlacksmiths	0123b6c4	0	004d8466
CStockItemDef	0123b74c	0	004d84a6
CTimeAppearanceFadeDef	0123b7cc	0	004d84ec
CTCGift	0123b83c	0	004d852b
CGiftDef	0123b8b4	0	004d856b
CTCDNavigationSeed	0123b944	0	004d85aa
CTCDInternalMarker	0123b9e4	0	004d85e3
CTCDRegionEntrance	0123ba74	0	004d861c
CTCActivationTrigger	0123bbac	0	004d8655
CHighlightItemDef	0123bd14	0	004d8695
CTCCreatureHive	0123bdcc	0	004d86d4
CHeroCentreDef	0123be54	0	004d8714
CBoastingPodiumDef	0123bf0c	0	004d875a
CShipDef	0123c0a4	0	004d87bd
CTCMoneyReceiver	0123c1c4	0	004d87fc
CExpressionSubDef	0123c2e4	0	004d883c
CSummonableCreatureDef	0123c3a4	0	004d8874
CTCSinglePersonOccupiable	0123ed54	21	004d88c0
CTCSinglePersonOccupiable	0123ed54	22	004d88c6
CTCSinglePersonOccupiable	0123ed54	0	004d88d6
COccupiableDef	0123c514	0	004d8920
CTCCombatLeader	0123c5ac	0	004d895f
CTCStealableItemLocation	0123c65c	0	004d8998
CInterestingToVillagersDef	0123c6d4	0	004d89ca
CGuardDef	0123c75c	0	004d8a10
CActivateQuestDef	0123c7f4	0	004d8a48
CCrateStackDef	0123c86c	0	004d8a8e
COverheadDisplayDef	0123c8fc	0	004d8ad4
CTavernTableDef	0123c964	0	004d8b1a
CTCTavernTankard	0123edcc	21	004d8b66
CTCTavernTankard	0123edcc	22	004d8b6c
CTCTavernTankard	0123edcc	6	004d8b7c
CTCTavernTankard	0123edcc	0	004d8b82
CTCTavernJug	0123ca14	0	004d8bc5
CTavernDef	0123ca8c	0	004d8c05
CTCGossip	0123ee44	21	004d8c55
CTCGossip	0123ee44	22	004d8c5b
CTCGossip	0123ee44	0	004d8c6b
CDrunkennessDef	0123cb3c	0	004d8cb5
CTCOnHeroPush	0123cbc4	0	004d8cf4
CFireballSpellLevelDef	0123cc3c	0	004d8d34
CThingDrainLifeShotDef	0123cca4	0	004d8d7a
NThingShot::CTCShotDefinitionThrow	0123cdc4	0	004d8dbc
NThingShot::CTCShotDefinitionThrowPredictive	0123ce9c	0	004d8df8
NThingShot::CTCShotDefinitionTearInGround	0123cf9c	0	004d8e34
NThingShot::CTCShotDefinitionDragonFireball	0123d0cc	0	004d8e70
CTCGeneratesExperienceOnKilling	0123d224	0	004d8ea9
CGoldDef	0123d2ec	0	004d8ee9
CCoinGameObstacleDef	0123d3e4	0	004d8f2f
CTavernGameCoinBaseDef	0123d44c	0	004d8f75
CTavernGameCoinGolfDef	0123d4d4	0	004d8fbb
CTCGamePlayer	0123eebc	21	004d900b
CTCGamePlayer	0123eebc	22	004d9011
CTCGamePlayer	0123eebc	0	004d9021
CDecapitationDef	0123d5e4	0	004d906b
CTCTavernGameMaster	0123d664	0	004d90aa
CWallMountEffectsDef	0123d74c	0	004d90ea
CFishDef	0123d7bc	0	004d9130
CTeleporterDef	0123d834	0	004d9176
CHeroSpecialMovementDef	0123d92c	0	004d91bc
CResurrectionItemDef	0123d9ac	0	004d9202
CKrakenTentacleDef	0123da24	0	004d9248
CAICreatureWillPowerIndicatorDef	0123daa4	0	004d928e
CCarriedReadableDef	0123db94	0	004d92c6
CTCAmbientBird	0123dc0c	0	004d9305
CFishingRodDef	0123dca4	0	004d9345
CTCSleep	0123dd94	0	004d9384
CNymphDef	0123de3c	0	004d93c4
CSummonDef	0123deb4	0	004d940a
CTCWobble	0123df34	0	004d9449
CCameraCollisionDef	0123dfbc	0	004d9489
CTCVolumeContainmentTrackerDef	0123e0c4	0	004d94ec
CTCDestroyThingOnActionFinish	0123e16c	0	004d952b
CTCDestroyThingOnSpecialAbilityFinish	0123e20c	0	004d9564
CTCObstacle	0123e28c	14	004d959d
CTCObstacle	0123e28c	0	004d95cf
CWillResponseDef	0123e324	0	004d964d
CTCFlourishTarget	0123ef34	21	004d96a1
CTCFlourishTarget	0123ef34	22	004d96a7
CTCFlourishTarget	0123ef34	0	004d96b7
CBettingDef	0123e3b4	0	004d9701
CTCFireRangedWeaponOnLeavingStateGroup	0123e464	0	004d9740
CTCAvoidRegionExit	0123efac	21	004d9799
CTCAvoidRegionExit	0123efac	22	004d979f
CTCAvoidRegionExit	0123efac	8	004d97af
CTCAvoidRegionExit	0123efac	0	004d97b2
COracleMinigameDef	0123e504	0	004d980d
CFireheartMinigameDef	0123e584	0	004d9845
CLightningOrbDef	0123e5ec	0	004d98a6
CHasNameDef	0123e67c	0	004d98ec
CTCAbsorbHits	0123e764	0	004d992b
CCarryableDef	0123e7ec	0	004da78b
CVillageMemberDef	0123e854	0	004da7d1
CBedDef	0123e8bc	0	004da809
CSmokeGeneratorDef	0123e924	0	004da84f
CCreatureNavigationDef	0123e98c	0	004da895
CTCTargeted	0123f024	21	004da922
CTCTargeted	0123f024	22	004da926
CTCTargeted	0123f024	23	004da936
CTCActionUseBase	0123f09c	21	004da959
CTCActionUseBase	0123f09c	29	004da95d
CTCActionUseBase	0123f09c	30	004da961
CTCActionUseBase	0123f09c	31	004da964
CTCActionUseTorch	0123f124	22	004da99f
CTCActionUseSign	0123f1ac	22	004da9c7
CTCActionUseReadable	0123f234	22	004da9fb
CTCActionUseReadable	0123f234	23	004daa0b
CReadableDef	0123e9f4	0	004daa32
CTCActionUsePickUp	0123f2bc	22	004daa6c
CTCActionUsePickUpGenericBox	0123f344	22	004daa94
CTCActionUsePutInInventory	0123f3cc	22	004daabc
CTCActionUseMapTable	0123f454	22	004daae4
CTCActionUseSearch	0123f4dc	22	004dab0c
CTCActionUseBlowHorn	0123f564	22	004dab34
CTCActionUseWindow	0123f5ec	22	004dab5c
CTCActionUseAcceptBoast	0123f674	22	004dab84
CTCActionUseStartExtrapolationMorph	0123f6fc	22	004dabac
CTCActionUseBed	0123f784	22	004dac07
CTCActionUseBed	0123f784	23	004dac17
CTCActionUseBed	0123f784	0	004dac1a
CTCActionUseKickChicken	0123f80c	22	004dac4e
CTCActionUseKickChicken	0123f80c	31	004dac5e
CTCCarriedActionUseBase	0123f894	21	004dac79
CTCCarriedActionUseLamp	0123f91c	22	004dac9a
CTCCarriedActionUseLamp	0123f91c	30	004dacaa
CTCCarriedActionUseDrop	0123f9a4	22	004dacc5
CTCCarriedActionUseDropGenericBox	0123fa2c	22	004daced
CTCCarriedActionUseGive	0123fab4	22	004dad15
CTCCarriedActionUseGiveBeer	0123fb3c	22	004dad42
CTCCarriedActionUseGoldBag	0123fbc4	22	004dad6a
CTCCarriedActionUseShow	0123fc4c	22	004dad92
CTCCarriedActionUseFood	0123fcd4	22	004dadba
CTCCarriedActionUseFood	0123fcd4	30	004dadca
CTCCarriedActionUseFish	0123fd5c	22	004dade5
CTCCarriedActionUsePotion	0123fde4	22	004dae0d
CTCCarriedActionUsePotion	0123fde4	30	004dae1d
CTCCarriedActionUseWallMount	0123fe6c	22	004dae38
CTCCarriedActionUseTrophy	0123fef4	22	004dae71
CTCActionUseSwitch	0123ff7c	22	004dae99
CTCInventoryItem	01240004	21	004daed2
CTCInventoryItem	01240004	22	004daed6
CTCInventoryItem	01240004	23	004daee6
CTCVillageMember	0124007c	21	004daf17
CTCVillageMember	0124007c	22	004daf1b
CTCVillageMember	0124007c	23	004daf2b
CTCActionUseChest	012400f4	22	004dafba
CTCSmashableBarrier	0124017c	21	004db03c
CTCSmashableBarrier	0124017c	22	004db040
CTCExpression	012401f4	21	004db06c
CTCExpression	012401f4	22	004db072
CTCExpression	012401f4	23	004db082
CTCCarriedActionUseExpression	0124026c	22	004db09d
CTCInterestingToVillagers	012402f4	21	004db0e6
CTCInterestingToVillagers	012402f4	22	004db0ec
CTCCarriedActionUseActivateQuest	0124036c	22	004db114
NThingShot::CTCShotDefinitionDrainLife	012403f4	22	004db18b
NThingShot::CTCShotDefinitionDrainLife	012403f4	30	004db19b
NThingShot::CTCShotDefinitionDrainLife	012403f4	42	004db1a0
NThingShot::CTCShotDefinitionDrainLife	012403f4	43	004db1a3
NThingShot::CTCShotDefinitionDrainLife	012403f4	0	004db1a6
CTCActionUseActivateQuest	012404ac	22	004db1da
CTCDecapitation	01240534	21	004db227
CTCDecapitation	01240534	22	004db22d
CTCActionUseWallMount	012405ac	22	004db255
CTCCarriedActionUseFishingRod	01240634	22	004db27d
CTCCarriedActionUseSpade	012406bc	22	004db2a5
CTCResurrectionItem	01240744	21	004db2d1
CTCResurrectionItem	01240744	22	004db2d7
CTCKrakenTentacle	012407bc	21	004db34d
CTCKrakenTentacle	012407bc	22	004db353
CTCKrakenTentacle	012407bc	8	004db363
CTCCarriedActionUseRead	01240834	22	004db386
CTCCarriedActionUseRead	01240834	23	004db396
CTCDRumble	012408bc	21	004db3b5
CTCDRumble	012408bc	22	004db3bb
CTCDRumble	012408bc	28	004db3cb
CTCDRumble	012408bc	8	004db3d8
CTCDiceGame	0124093c	21	004db401
CTCDiceGame	0124093c	22	004db407
CTCDiceGame	0124093c	0	004db417
CTCPlot	012409b4	21	004db44b
CTCPlot	012409b4	22	004db451
CTCPlot	012409b4	0	004db461
CTCLightningOrb	01240a2c	21	004db52a
CTCLightningOrb	01240a2c	22	004db530
CTCLightningOrb	01240a2c	8	004db540
CTCHasName	01240aa4	21	004db55f
CTCHasName	01240aa4	22	004db565
CTCCarriedActionUseAbility	01240b1c	22	004db58d
CTCTargeted	0123f024	0	004dbf3a
CTCActionUseBase	0123f09c	0	004dbf76
CTCActionUseTorch	0123f124	0	004dbfaf
CTCActionUseSign	0123f1ac	0	004dbfe8
CTCActionUseReadable	0123f234	0	004dc021
CTCActionUsePickUp	0123f2bc	0	004dc082
CTCActionUsePickUpGenericBox	0123f344	0	004dc0bb
CTCActionUsePutInInventory	0123f3cc	0	004dc0f4
CTCActionUseMapTable	0123f454	0	004dc12d
CTCActionUseSearch	0123f4dc	0	004dc166
CTCActionUseBlowHorn	0123f564	0	004dc19f
CTCActionUseWindow	0123f5ec	0	004dc1d8
CTCActionUseAcceptBoast	0123f674	0	004dc211
CTCActionUseStartExtrapolationMorph	0123f6fc	0	004dc24a
CTCActionUseKickChicken	0123f80c	0	004dc2a0
CTCCarriedActionUseBase	0123f894	0	004dc2bc
CTCCarriedActionUseLamp	0123f91c	0	004dc2f5
CTCCarriedActionUseDrop	0123f9a4	0	004dc32e
CTCCarriedActionUseDropGenericBox	0123fa2c	0	004dc367
CTCCarriedActionUseGive	0123fab4	0	004dc3a0
CTCCarriedActionUseGiveBeer	0123fb3c	0	004dc3d9
CTCCarriedActionUseGoldBag	0123fbc4	0	004dc412
CTCCarriedActionUseShow	0123fc4c	0	004dc44b
CTCCarriedActionUseFood	0123fcd4	0	004dc484
CTCCarriedActionUseFish	0123fd5c	0	004dc4bd
CTCCarriedActionUsePotion	0123fde4	0	004dc4f6
CTCCarriedActionUseWallMount	0123fe6c	0	004dc52f
CTCCarriedActionUseTrophy	0123fef4	0	004dc568
CTCActionUseSwitch	0123ff7c	0	004dc5ab
CTCInventoryItem	01240004	0	004dc5e4
CTCVillageMember	0124007c	0	004dc63d
CTCActionUseChest	012400f4	0	004dc69e
CTCSmashableWindow	01240ba4	22	004dc6d2
CTCSmashableWindow	01240ba4	0	004dc6e2
CTCSmashableBarrier	0124017c	0	004dc71b
CTCStockItem	01240c1c	21	004dc775
CTCStockItem	01240c1c	22	004dc779
CTCStockItem	01240c1c	23	004dc789
CTCStockItem	01240c1c	8	004dc78c
CTCExpression	012401f4	0	004dc7ac
CTCCarriedActionUseExpression	0124026c	0	004dc805
CTCInterestingToVillagers	012402f4	6	004dc83e
CTCInterestingToVillagers	012402f4	0	004dc8fa
CTCCarriedActionUseActivateQuest	0124036c	0	004dc953
CDrunkennessDef	0123cb3c	18	004dc96f
NThingShot::CTCShotDefinitionProjectile	01240ccc	22	004dc9c2
NThingShot::CTCShotDefinitionSpreadShotProjectile	01240d84	22	004dca52
NThingShot::CTCShotDefinitionNymphFun	01240e3c	22	004dca81
NThingShot::CTCShotDefinitionProjectilePredictive	01240ef4	22	004dcaa9
NThingShot::CTCShotDefinitionForcePushBall	01240fac	22	004dcad9
NThingShot::CTCShotDefinitionFireballSpell	01241064	22	004dcb01
NThingShot::CTCShotDefinitionFireballSpell	01241064	30	004dcb11
NThingShot::CTCShotDefinitionFireballSpell	01241064	0	004dcb20
CTCActionUseActivateQuest	012404ac	0	004dcb79
CTCDecapitation	01240534	0	004dcbb2
CTCActionUseWallMount	012405ac	0	004dcc0b
CTCCarriedActionUseFishingRod	01240634	0	004dcc44
CTCCarriedActionUseSpade	012406bc	0	004dcc7d
CTCResurrectionItem	01240744	0	004dccb6
CTCKrakenTentacle	012407bc	0	004dcd0f
CTCCarriedActionUseRead	01240834	0	004dcd88
CTCDRumble	012408bc	0	004dcde1
CTCSoundAtmosphereVillage	0124111c	21	004dce6f
CTCSoundAtmosphereVillage	0124111c	8	004dce75
CTCSoundAtmosphereVillage	0124111c	22	004dce78
CTCSoundAtmosphereVillage	0124111c	0	004dce88
CTCLightningOrb	01240a2c	0	004dcec1
CTCHasName	01240aa4	0	004dcf32
CTCCarriedActionUseAbility	01240b1c	0	004dcf8b
CCarryingDef	01241194	20	004dd920
CCarryableDef	0123e7ec	18	004dd924
CVillageMemberDef	0123e854	18	004dd989
CBedDef	0123e8bc	18	004dd999
CSmokeGeneratorDef	0123e924	18	004dd9dd
CCreatureNavigationDef	0123e98c	18	004dd9fe
CTCTargetingAI	012411fc	21	004dda7f
CTCTargetingAI	012411fc	28	004dda83
CTCTargetingAI	012411fc	30	004dda86
CTCTargetingAI	012411fc	35	004dda89
CTCTargetingAI	012411fc	36	004dda8c
CTCTargetingAI	012411fc	38	004dda8f
CTCTargetingAI	012411fc	22	004dda94
CTCTargetingAI	012411fc	10	004ddaa4
CTCTargetingAI	012411fc	8	004ddaa9
CTCTargetingAI	012411fc	33	004ddaac
CTCTargetingAI	012411fc	34	004ddab4
CTCTargetingAI	012411fc	29	004ddae5
CTCThingOwner	012412a4	21	004ddb18
CTCThingOwner	012412a4	22	004ddb1c
CBuyableHouseDef	0124131c	20	004ddb52
CBuyHouseDef	0123a61c	18	004ddb56
CWifeDef	0123a69c	18	004ddb66
CDoorDef	0123a714	18	004ddb76
CKickableDef	0123a7ac	18	004ddc74
CLightDef	0123a814	18	004ddcfa
CSpotLightDef	0123a88c	18	004dde50
CHeroDef	0123a904	18	004ddeaa
CPerceivedThingDef	0123aa9c	18	004ddf9e
CStealthDef	0123ab1c	18	004de0bd
CTrophyDef	0123ac1c	18	004de122
CCreatureGeneratorDef	01241384	20	004de200
CChestDef	0123acdc	18	004de204
CExplodingObjectDef	0123ad7c	18	004de253
CLookDef	0123ae14	18	004de28c
CEnemyDef	0123b3f4	18	004de33e
COpinionOfHeroDef	0123b59c	18	004de36b
CShopItemDef	0123b644	18	004de3af
CTCStockItem	01240c1c	0	004de431
CStockItemDef	0123b74c	18	004de4b2
CTimeAppearanceFadeDef	0123b7cc	18	004de50c
CGiftDef	0123b8b4	18	004de545
CTCActivationReceptorCreatureGenerator	012413ec	21	004de643
CTCActivationReceptorCreatureGenerator	012413ec	8	004de647
CTCActivationReceptorCreatureGenerator	012413ec	23	004de64a
CTCActivationReceptorCreatureGenerator	012413ec	22	004de64d
CTCActivationReceptorCreatureGenerator	012413ec	30	004de65d
CTCActivationReceptorDoor	0124146c	30	004de678
CTCActivationReceptorDoor	0124146c	22	004de67b
CTCActivationReceptorRelay	012414ec	22	004de6a3
CTCActivationReceptorRelay	012414ec	30	004de6b3
CTCCreatureItemLevitationBase	0124156c	21	004de6e5
CTCCreatureItemLevitationBase	0124156c	8	004de6e9
CTCCreatureItemLevitationBase	0124156c	31	004de6ec
CTCCreatureItemLevitationNymph	012415f4	22	004de72a
CTCCreatureItemLevitationNymph	012415f4	28	004de73a
CTCCreatureItemLevitationNymph	012415f4	30	004de73e
CTCCreatureItemLevitationHero	0124167c	22	004de75a
CTCCreatureItemLevitationHero	0124167c	28	004de76a
CTCCreatureItemLevitationHero	0124167c	30	004de76d
CTCCreatureItemLevitationHero	0124167c	29	004de771
CBoastingPodiumDef	0123bf0c	18	004de772
CShipDef	0123c0a4	18	004de782
CCreatureModeDef	01241704	20	004de7f9
CTCParticleAttacher	0124176c	21	004de823
CTCParticleAttacher	0124176c	22	004de829
CTCAnimatingObject	012417e4	21	004de868
CTCAnimatingObject	012417e4	22	004de86e
CTCAnimatingObject	012417e4	8	004de87e
CExpressionSubDef	0123c2e4	18	004de881
CSummonableCreatureDef	0123c3a4	18	004de891
COccupiableDef	0123c514	18	004de8b2
CBossDef	0124185c	20	004de8f1
CFishingDef	012418c4	20	004de912
CInterestingToVillagersDef	0123c6d4	18	004de916
CGuardDef	0123c75c	18	004de926
CCrateStackDef	0123c86c	18	004de9a1
CTavernTableDef	0123c964	18	004de9d2
CTavernDef	0123ca8c	18	004de9f3
CFireballSpellLevelDef	0123cc3c	18	004dea03
CThingDrainLifeShotDef	0123cca4	18	004dea13
NThingShot::CTCShotDefinitionProjectile	01240ccc	0	004dea77
NThingShot::CTCShotDefinitionSpreadShotProjectile	01240d84	0	004deab3
NThingShot::CTCShotDefinitionNymphFun	01240e3c	0	004deaef
NThingShot::CTCShotDefinitionProjectilePredictive	01240ef4	0	004deb2b
NThingShot::CTCShotDefinitionForcePushBall	01240fac	0	004deb67
CTurncoatDef	0124193c	20	004debc0
CGoldDef	0123d2ec	18	004debc4
CTCTargetingSpirit	012419a4	10	004debf7
CTCTargetingSpirit	012419a4	29	004debfc
CTCTargetingSpirit	012419a4	31	004debff
CTCTargetingSpirit	012419a4	32	004dec04
CTCTargetingSpirit	012419a4	22	004dec09
CTCTargetingSpirit	012419a4	8	004dec19
CCoinGameObstacleDef	0123d3e4	18	004dec1c
CTavernGameCoinBaseDef	0123d44c	18	004dec2c
CTavernGameCoinGolfDef	0123d4d4	18	004dec86
CTavernGameSpotTheAdditionDef	01241a4c	20	004ded48
CDecapitationDef	0123d5e4	18	004ded4e
CTCParticleAttachmentTracker	01241ab4	21	004ded96
CTCParticleAttachmentTracker	01241ab4	22	004ded9c
CWallMountEffectsDef	0123d74c	18	004dedac
CFishDef	0123d7bc	18	004dee7e
CTeleporterDef	0123d834	18	004def0f
CHeroSpecialMovementDef	0123d92c	18	004def3d
CResurrectionItemDef	0123d9ac	18	004def76
CKrakenDef	01241b2c	20	004defa3
CTCKraken	01241b94	21	004df037
CTCKraken	01241b94	22	004df03d
CTCKraken	01241b94	8	004df04d
CKrakenTentacleDef	0123da24	18	004df050
CAICreatureWillPowerIndicatorDef	0123daa4	18	004df0f7
CFishingRodDef	0123dca4	18	004df107
CTCDPhysicalObstruction	01241c0c	21	004df1a6
CTCDPhysicalObstruction	01241c0c	22	004df1ac
CTCDPhysicalObstruction	01241c0c	28	004df1bc
CTCDPhysicalObstruction	01241c0c	8	004df1c9
CNymphDef	0123de3c	18	004df1e9
CSummonDef	0123deb4	18	004df264
CTCAISummon	01241c8c	21	004df303
CTCAISummon	01241c8c	22	004df309
CTCAISummon	01241c8c	8	004df319
CCameraCollisionDef	0123dfbc	18	004df31c
CTCVolumeContainmentTrackerDef	0123e0c4	18	004df32c
CTCObstacle	0123e28c	6	004df365
CObstacleNavigatorExternalInterface	01241d04	4	004df3b4
CObstacleNavigatorExternalInterface	01241d04	5	004df3bd
CObstacleNavigatorExternalInterface	01241d04	0	004df3c6
CObstacleNavigatorExternalInterface	01241d04	1	004df3cb
CObstacleNavigatorExternalInterface	01241d04	2	004df3d4
CObstacleNavigatorExternalInterface	01241d04	3	004df3dd
CObstacleNavigatorExternalInterface	01241d04	16	004df3e6
CObstacleNavigatorExternalInterface	01241d04	6	004df3eb
CObstacleNavigatorExternalInterface	01241d04	7	004df3f7
CObstacleNavigatorExternalInterface	01241d04	8	004df434
CObstacleNavigatorExternalInterface	01241d04	9	004df44e
CObstacleNavigatorExternalInterface	01241d04	10	004df46e
CObstacleNavigatorExternalInterface	01241d04	12	004df477
CObstacleNavigatorExternalInterface	01241d04	11	004df47b
CObstacleNavigatorExternalInterface	01241d04	13	004df47f
CObstacleNavigatorExternalInterface	01241d04	14	004df482
CObstacleNavigatorExternalInterface	01241d04	15	004df485
CObstacleNavigatorExternalInterface	01241d04	17	004df48c
CObstacleNavigatorExternalInterface	01241d04	18	004df492
CObstacleNavigatorExternalInterface	01241d04	19	004df499
CObstacleNavigatorExternalInterface	01241d04	20	004df4a0
CObstacleNavigatorExternalInterface	01241d04	22	004df4a3
CObstacleNavigatorExternalInterface	01241d04	21	004df4aa
CObstacleNavigatorExternalInterface	01241d04	24	004df4ca
CObstacleNavigatorExternalInterface	01241d04	23	004df507
CNavigatorExternalInterface	01241d74	23	004df532
CWillResponseDef	0123e324	18	004df562
CBettingDef	0123e3b4	18	004df5c7
COracleMinigameDef	0123e504	18	004df658
CFireheartMinigameDef	0123e584	18	004df6f4
CLightningOrbDef	0123e5ec	18	004df738
CHasNameDef	0123e67c	18	004df77c
CCarryingDef	01241194	0	004dfe78
CCarryableDef	0123e7ec	19	004dfeb3
CVillageDef	01241ddc	20	004dff9f
CVillageMemberDef	0123e854	19	004dffa5
CBedDef	0123e8bc	19	004dffbe
CSmokeGeneratorDef	0123e924	19	004dfff6
CCreatureNavigationDef	0123e98c	19	004e0015
NPlayerGui::CAutoPickupBar	0125a768	8	004e0045
NUISystem::CManager	01230134	45	004e0049
CTCTargetingAI	012411fc	0	004e0064
CReadableDef	0123e9f4	19	004e00a3
CQuestCardDef	01241e44	20	004e00e9
CTCThingOwner	012412a4	0	004e0122
CBuyableHouseDef	0124131c	0	004e015e
CBuyHouseDef	0123a61c	19	004e01a7
CWifeDef	0123a69c	19	004e01c0
CDoorDef	0123a714	19	004e01d9
CKickableDef	0123a7ac	19	004e021d
CLightDef	0123a814	19	004e0279
CSpotLightDef	0123a88c	19	004e02ed
CHeroDef	0123a904	19	004e0331
CTCSingleUserActionPoints	01241eac	21	004e0368
CTCSingleUserActionPoints	01241eac	22	004e036c
CTCSingleUserActionPoints	01241eac	0	004e037c
CTCNamedUserActionPoints	01241f24	21	004e03bb
CTCNamedUserActionPoints	01241f24	22	004e03bf
CPerceivedThingDef	0123aa9c	19	004e03cf
CStealthDef	0123ab1c	19	004e0425
CTrophyDef	0123ac1c	19	004e046f
CCreatureGeneratorDef	01241384	0	004e0529
CChestDef	0123acdc	19	004e0564
CExplodingObjectDef	0123ad7c	19	004e05a8
CLookDef	0123ae14	19	004e05da
CEnemyDef	0123b3f4	19	004e064e
COpinionOfHeroDef	0123b59c	19	004e0667
CShopItemDef	0123b644	19	004e069f
CShopDef	01241f9c	20	004e0701
CStockItemDef	0123b74c	19	004e0707
CTimeAppearanceFadeDef	0123b7cc	19	004e074b
CGiftDef	0123b8b4	19	004e077d
CTCDHeroSuit	01242004	21	004e07c2
CTCDHeroSuit	01242004	22	004e07c6
CTCDHeroSuit	01242004	28	004e07d6
CTCActivationReceptorChest	01242084	22	004e07fb
CTCActivationReceptorChest	01242084	0	004e080b
CTCActivationReceptorCreatureGenerator	012413ec	0	004e0844
CExperienceDef	01242104	20	004e088a
CTCActivationReceptorDoor	0124146c	0	004e08ab
CTCActivationReceptorRelay	012414ec	0	004e08e4
CHeroSuitDef	0124216c	20	004e091a
CHighlightItemDef	0123bd14	19	004e091e
CTCCreatureItemLevitationBase	0124156c	0	004e0968
CTCCreatureItemLevitationNymph	012415f4	0	004e09a1
CTCCreatureItemLevitationHero	0124167c	0	004e09e4
CHeroCentreDef	0123be54	19	004e0a00
CFireEffectCreationSet	012421d4	0	004e0a32
CBoastingPodiumDef	0123bf0c	19	004e0a4e
CShipDef	0123c0a4	19	004e0a67
CTCGatherPointBase	012421e4	21	004e0ad5
CTCGatherPointBase	012421e4	8	004e0ad9
CTCGatherPointBase	012421e4	6	004e0adc
CTCGatherPointBase	012421e4	23	004e0ae1
CTCGatherPointBase	012421e4	29	004e0ae4
CTCGatherPointBase	012421e4	30	004e0ae5
CTCGatherPointBuilding	01242264	22	004e0b13
CTCGatherPointRadialArea	012422e4	22	004e0b3b
CCreatureModeDef	01241704	0	004e0b61
CParticleAttacherDef	01242364	20	004e0bb9
CTCParticleAttacher	0124176c	0	004e0bda
CTCAnimatingObject	012417e4	0	004e0c3b
CTCHaste	012423cc	21	004e0c8e
CTCHaste	012423cc	22	004e0c94
CTCHaste	012423cc	8	004e0ca4
CExpressionSubDef	0123c2e4	19	004e0ca7
CSummonableCreatureDef	0123c3a4	19	004e0cc0
CTCPreCalculatedNavigationRoute	01242444	21	004e0d1a
CTCPreCalculatedNavigationRoute	01242444	22	004e0d20
CTCPreCalculatedNavigationRoute	01242444	23	004e0d30
COccupiableDef	0123c514	19	004e0d33
CBossDef	0124185c	0	004e0d62
CFishingDef	012418c4	0	004e0dcf
CInterestingToVillagersDef	0123c6d4	19	004e0e0a
CGuardDef	0123c75c	19	004e0e23
CActivateQuestDef	0123c7f4	19	004e0e79
CCrateStackDef	0123c86c	19	004e0e98
COverheadDisplayDef	0123c8fc	19	004e0eb7
CTavernTableDef	0123c964	19	004e0ee3
CTavernDef	0123ca8c	19	004e0f02
CDrunkennessDef	0123cb3c	19	004e0f1b
CFireballSpellLevelDef	0123cc3c	19	004e0f34
CThingDrainLifeShotDef	0123cca4	19	004e0f4d
CTurncoatDef	0124193c	0	004e0fb2
CGoldDef	0123d2ec	19	004e0fed
CTCTargetingSpirit	012419a4	0	004e1023
CTavernGameDef	012424bc	20	004e1086
CCoinGameObstacleDef	0123d3e4	19	004e10a8
CTavernGameCoinBaseDef	0123d44c	19	004e10c1
CTavernGameShoveHaPennyDef	01242524	20	004e1127
CTavernGameCoinGolfDef	0123d4d4	19	004e112d
CTavernGameCardBaseDef	0124258c	20	004e11bd
CTavernGameSpotTheAdditionDef	01241a4c	0	004e11dc
CDecapitationDef	0123d5e4	19	004e1225
CTCParticleAttachmentTracker	01241ab4	0	004e1261
CWallMountEffectsDef	0123d74c	19	004e1287
CFishDef	0123d7bc	19	004e12b3
CTeleporterDef	0123d834	19	004e1315
CExplosionDef	012425f4	20	004e135e
CHeroSpecialMovementDef	0123d92c	19	004e1362
CResurrectionItemDef	0123d9ac	19	004e1394
CKrakenDef	01241b2c	0	004e13c3
CTCKraken	01241b94	0	004e141b
CKrakenTentacleDef	0123da24	19	004e148f
CAICreatureWillPowerIndicatorDef	0123daa4	19	004e14fd
CMultiStaticMeshDef	0124265c	20	004e1533
CTCIdleScheduler	012426c4	21	004e1566
CTCIdleScheduler	012426c4	22	004e156c
CCarriedReadableDef	0123db94	19	004e157c
CFishingRodDef	0123dca4	19	004e159b
CTCDPhysicalObstruction	01241c0c	0	004e15f0
CRumbleDef	0124273c	20	004e1744
CSoundAtmospheresDef	012427a4	20	004e1765
CNymphDef	0123de3c	19	004e1769
CSummonDef	0123deb4	19	004e17cd
CTCAISummon	01241c8c	0	004e183a
CCameraCollisionDef	0123dfbc	19	004e187e
CTCVolumeContainmentTrackerDef	0123e0c4	19	004e1897
CWillResponseDef	0123e324	19	004e18c9
CBettingDef	0123e3b4	19	004e1913
COracleMinigameDef	0123e504	19	004e1975
CFireheartMinigameDef	0123e584	19	004e19dd
CLightningOrbDef	0123e5ec	19	004e1a21
CHasNameDef	0123e67c	19	004e1a59
CCarryingDef	01241194	19	004e1ddc
CVillageDef	01241ddc	19	004e1e01
CVillageDef	01241ddc	0	004e2154
CTCTargetingPlayer	0124280c	22	004e230a
CTCTargetingPlayer	0124280c	8	004e231a
CTCTargetingPlayer	0124280c	35	004e231d
CTCTargetingPlayer	0124280c	36	004e2328
CQuestCardDef	01241e44	0	004e2349
CBuyableHouseDef	0124131c	19	004e238c
CTCNamedUserActionPoints	01241f24	0	004e241c
CCreatureGeneratorDef	01241384	19	004e2442
CContainerRewardHeroDef	012428b4	20	004e2497
CContainerRewardHeroDef	012428b4	19	004e249b
CWeaponDef	0124291c	20	004e26b6
CShopDef	01241f9c	0	004e26d5
CTCDHeroSuit	01242004	0	004e2747
CExperienceDef	01242104	0	004e27c4
CHeroSuitDef	0124216c	0	004e281f
CFlammableDef	01242984	20	004e2865
CFlammableDef	01242984	0	004e2869
CSkeletalMorphDef	012429ec	20	004e28b2
CSkeletalMorphDef	012429ec	19	004e28b6
CTCGatherPointBase	012421e4	0	004e28d5
CTCGatherPointBuilding	01242264	0	004e290e
CTCGatherPointRadialArea	012422e4	0	004e2947
CCreatureModeDef	01241704	19	004e2963
CParticleAttacherDef	01242364	19	004e299b
CParticleAttacherDef	01242364	0	004e2b10
CTCHaste	012423cc	0	004e2b68
CTCPreCalculatedNavigationRoute	01242444	0	004e2bab
CBossDef	0124185c	19	004e2c03
CFishingDef	012418c4	19	004e2c4d
CTurncoatDef	0124193c	19	004e2cdf
CTavernGameDef	012424bc	0	004e2d54
CTavernGameShoveHaPennyDef	01242524	0	004e2d89
CTavernGameCardBaseDef	0124258c	0	004e2dcb
CTavernGameSpotTheAdditionDef	01241a4c	19	004e2e08
CExplosionDef	012425f4	19	004e2eca
CExplosionDef	012425f4	0	004e30ac
CTCDExplosion	01242a54	21	004e3144
CTCDExplosion	01242a54	22	004e3148
CTCDExplosion	01242a54	28	004e3158
CTCDExplosion	01242a54	8	004e3165
CKrakenDef	01241b2c	19	004e3168
CMultiStaticMeshDef	0124265c	0	004e3210
CTCIdleScheduler	012426c4	0	004e3259
CRumbleDef	0124273c	0	004e32a6
CSoundAtmospheresDef	012427a4	0	004e32f9
CTCNymph	01242ad4	21	004e3386
CTCNymph	01242ad4	22	004e338c
CTCNymph	01242ad4	8	004e339c
CTCNymph	01242ad4	0	004e339f
CTCDExplosiveTrail	01242b4c	21	004e3451
CTCDExplosiveTrail	01242b4c	22	004e3457
CTCDExplosiveTrail	01242b4c	28	004e3467
CTCDExplosiveTrail	01242b4c	8	004e3474
CHeroMorphDef	01242bcc	20	004e377f
CTCTargetingPlayer	0124280c	0	004e37a3
CClockDef	01242c34	20	004e3828
CMazeBattleDef	01242c9c	20	004e383e
CMazeBattleDef	01242c9c	18	004e3842
CMazeBattleDef	01242c9c	0	004e38b2
CThunderBattleDef	01242d04	20	004e38e0
CThunderBattleDef	01242d04	18	004e38e4
CThunderBattleDef	01242d04	0	004e391d
CWhisperBattleDef	01242d6c	20	004e394b
CWhisperBattleDef	01242d6c	18	004e394f
CWhisperBattleDef	01242d6c	0	004e3970
CWaspQueenBattleDef	01242dd4	20	004e399e
CWaspQueenBattleDef	01242dd4	18	004e39a2
CWaspQueenBattleDef	01242dd4	0	004e39b2
CJackOfBladesBattleDef	01242e3c	20	004e39e0
CJackOfBladesBattleDef	01242e3c	18	004e39e6
CJackOfBladesBattleDef	01242e3c	0	004e3aae
CScorpionKingBattleDef	01242ea4	20	004e3adc
CScorpionKingBattleDef	01242ea4	18	004e3ae0
CScorpionKingBattleDef	01242ea4	0	004e3b50
CTrollBattleDef	01242f0c	20	004e3b7e
CTrollBattleDef	01242f0c	18	004e3b82
CTrollBattleDef	01242f0c	0	004e3bf2
CBalverineBattleDef	01242f74	20	004e3c20
CBalverineBattleDef	01242f74	18	004e3c24
CBalverineBattleDef	01242f74	0	004e3c52
CContainerRewardHeroDef	012428b4	0	004e3c97
CTCEntityEvents	01242fdc	21	004e3cfe
CTCEntityEvents	01242fdc	22	004e3d02
CTCEntityEvents	01242fdc	8	004e3d12
CWeaponDef	0124291c	0	004e3d2e
CSkeletalMorphDef	012429ec	0	004e3def
CTrapDef	01243054	20	004e3e48
CReplaceableMeshDef	012430bc	20	004e3e69
CReplaceableMeshDef	012430bc	0	004e3e6d
CTCDExplosion	01242a54	0	004e3ec5
CIdleSchedulerDef	01243124	20	004e3f3b
CIdleSchedulerDef	01243124	0	004e3f3f
CAreaOfEffectAttackDef	0124318c	20	004e3f77
CAreaOfEffectAttackDef	0124318c	18	004e3f7b
CAreaOfEffectAttackDef	0124318c	0	004e3fb4
CSoundAtmospheresDef	012427a4	19	004e3fd0
CTCDExplosiveTrail	01242b4c	0	004e4029
CHeroMorphDef	01242bcc	0	004e422f
CQuestCardDef	01241e44	19	004e4294
CClockDef	01242c34	19	004e444b
CClockDef	01242c34	18	004e448d
CClockDef	01242c34	0	004e4552
CMazeBattleDef	01242c9c	19	004e457e
CThunderBattleDef	01242d04	19	004e45f2
CWhisperBattleDef	01242d6c	19	004e4648
CWaspQueenBattleDef	01242dd4	19	004e468b
CJackOfBladesBattleDef	01242e3c	19	004e46c8
CScorpionKingBattleDef	01242ea4	19	004e476f
CTrollBattleDef	01242f0c	19	004e47e3
CBalverineBattleDef	01242f74	19	004e4857
CTCSearchableContainer	012431f4	21	004e48c3
CTCSearchableContainer	012431f4	22	004e48c7
CTCSearchableContainer	012431f4	23	004e48d7
CTCSearchableContainer	012431f4	0	004e48da
CTCEntityEvents	01242fdc	0	004e4913
CWeaponDef	0124291c	19	004e4939
CExperienceDef	01242104	19	004e4d83
CExperienceDef	01242104	18	004e5011
CHeroSuitDef	0124216c	19	004e54ad
CHeroSuitDef	0124216c	18	004e55f1
CFlammableDef	01242984	19	004e5834
CFlammableDef	01242984	18	004e599d
CTCCreatureGroup	0124326c	21	004e5c5b
CTCCreatureGroup	0124326c	22	004e5c61
CTrapDef	01243054	19	004e5c84
CTrapDef	01243054	18	004e5d08
CTrapDef	01243054	0	004e5eec
CTCCreatureGroupTag	012432f4	21	004e5f3b
CTCCreatureGroupTag	012432f4	22	004e5f41
CReplaceableMeshDef	012430bc	19	004e5f51
CIdleSchedulerDef	01243124	19	004e60ee
CIdleSchedulerDef	01243124	18	004e6248
CRumbleDef	0124273c	19	004e64ee
CRumbleDef	0124273c	18	004e676a
CAreaOfEffectAttackDef	0124318c	19	004e6cc1
CTCLightningNode	0124337c	21	004e6d71
CTCLightningNode	0124337c	22	004e6d77
CTCLightningNode	0124337c	8	004e6d87
CHeroMorphDef	01242bcc	19	004e6f06
CTCCarrying	012433f4	21	004e74c5
CTCCarrying	012433f4	22	004e74c9
CTCCarrying	012433f4	8	004e74d9
CTCCarrying	012433f4	0	004e74dc
CTCBoastingPodium	0124346c	21	004e7545
CTCBoastingPodium	0124346c	22	004e7549
CTCBoastingPodium	0124346c	8	004e7559
CTCBoastingPodium	0124346c	0	004e755c
CTCCreatureGroup	0124326c	0	004e75bd
CTCHitLocations	012434e4	21	004e7619
CTCHitLocations	012434e4	22	004e761d
CTCCreatureGroupTag	012432f4	0	004e764a
CTCLightningNode	0124337c	0	004e7683
CCarryingDef	01241194	18	004e77c8
CHeroMorphDef	01242bcc	18	004e77e9
CQuestCardDef	01241e44	18	004e795a
CTCInventoryClothing	0124356c	23	004e7d3b
CTCInventoryClothing	0124356c	34	004e7d3e
CTCInventoryClothing	0124356c	66	004e7d41
CTCInventoryClothing	0124356c	67	004e7d42
CTCInventoryClothing	0124356c	68	004e7d43
CTCInventoryClothing	0124356c	69	004e7d44
CTCInventoryClothing	0124356c	70	004e7d45
CTCInventoryClothing	0124356c	71	004e7d48
CTCInventoryClothing	0124356c	72	004e7d49
CTCInventoryClothing	0124356c	75	004e7d4a
CTCInventoryClothing	0124356c	76	004e7d4d
CTCInventoryClothing	0124356c	82	004e7d62
CTCInventoryClothing	0124356c	21	004e7d66
CTCInventoryClothing	0124356c	22	004e7d6a
CTCInventoryClothing	0124356c	37	004e7d7a
CTCInventoryClothing	0124356c	0	004e7d7b
CBuyableHouseDef	0124131c	18	004e7d97
CSkeletalMorphDef	012429ec	18	004e7e36
CTCHitLocations	012434e4	0	004e7e63
CCreatureModeDef	01241704	18	004e7ea7
CBossDef	0124185c	18	004e7ee0
CTurncoatDef	0124193c	18	004e7f24
CTCCreatureHitNotification	012436cc	21	004e7fc2
CTCCreatureHitNotification	012436cc	22	004e7fc8
CTavernGameSpotTheAdditionDef	01241a4c	18	004e7fd8
CKrakenDef	01241b2c	18	004e80e3
CVillageDef	01241ddc	18	004e82c7
CContainerRewardHeroDef	012428b4	18	004e8987
CWeaponDef	0124291c	18	004e8ce9
CShopDef	01241f9c	19	004e980e
CParticleAttacherDef	01242364	18	004e9caa
CAnimatingObjectDef	0124376c	20	004ea20a
CReplaceableMeshDef	012430bc	18	004ea20e
CTCCreatureHitNotification	012436cc	0	004ea6b2
CTavernGameDef	012424bc	19	004ea6d8
CPrizeScoreDef	012437d4	20	004eac55
CPrizeScoreDef	012437d4	0	004eac59
CPrizeScoreDef	012437d4	18	004eac7b
CPrizeScoreDef	012437d4	19	004eac9c
CTavernGameShoveHaPennyDef	01242524	19	004ead02
CShoveHaPennyRegionDef	0124383c	20	004eafa3
CShoveHaPennyRegionDef	0124383c	0	004eafa7
CShoveHaPennyRegionDef	0124383c	19	004eafc9
CExplosionDef	012425f4	18	004eb02f
CMultiStaticMeshDef	0124265c	19	004eb6c8
CMultiStaticMeshEntryDef	012438a4	20	004eb89d
CMultiStaticMeshEntryDef	012438a4	0	004eb8a1
CMultiStaticMeshEntryDef	012438a4	18	004eb8c3
CMultiStaticMeshEntryDef	012438a4	19	004eb907
CHeroExperienceDef	0124390c	20	004eba68
CAnimatingObjectDef	0124376c	0	004eba84
CHeroExperienceDef	0124390c	0	004ebb00
CObjectAugmentationsDef	01243974	20	004ebbec
CAnimatingObjectDef	0124376c	19	004ebbf2
CTavernGameCardBaseDef	0124258c	19	004ebc11
CCardPositionsDef	012439dc	20	004ebe16
CCardPositionsDef	012439dc	0	004ebe96
CCardPositionsDef	012439dc	19	004ebebc
CCardPositionsDef	012439dc	18	004ebf22
CCardDef	01243a44	20	004ec0af
CCardDef	01243a44	18	004ec0b3
CCardDef	01243a44	0	004ec0d4
CCardDef	01243a44	19	004ec0f0
CSoundAtmospheresDef	012427a4	18	004ec153
CObjectAugmentationsDef	01243974	19	004ec16f
CObjectAugmentationsDef	01243974	18	004ec53f
CObjectAugmentationsDef	01243974	0	004ecae1
CShopDef	01241f9c	18	004ecb4d
CAnimatingObjectDef	0124376c	18	004ed459
CTavernGameDef	012424bc	18	004ed472
CMultiStaticMeshDef	0124265c	18	004ede1b
CInputProcessDebugControls	01237f9c	9	004f0046
CHeroExperienceDef	0124390c	19	004f9145
CTavernGameCardBaseDef	0124258c	18	004f9a90
CIDrawWorldMap	01244284	11	004fa550
CWorldMap	01244ab4	10	004fb280
CWorldMap	01244ab4	8	004fb290
CWorldMap	01244ab4	9	004fb2a0
CWorldMap	01244ab4	2	004fb2b0
CWorldMap	01244ab4	3	004fb2d0
CWorldMap	01244aec	24	004fb2e0
CWorldMap	01244aec	25	004fb2f0
CWorldMap	01244ab4	0	004fb4b0
CWorldMap	01244aec	10	004fc050
CWorldMap	01244aec	17	004fc080
CWorldMap	01244aec	16	004fc0c0
CWorldMap	01244aec	14	004fc130
CWorldMap	01244aec	15	004fc150
CWorldMap	01244aec	23	004fc690
CWorldMap	01244ab4	4	004fc6b0
CWorldMap	01244ab4	5	004fc6c0
CWorldMap	01244ab4	7	004fc760
CWorldMap	01244ab4	1	004fc7c0
CWorldMap	01244aec	29	004fc930
CWorldMap	01244aec	4	004fda60
CWorldMap	01244aec	28	004feb70
CWorldMap	01244aec	6	004ff080
CWorldMap	01244aec	20	004ff150
CWorldMap	01244aec	21	004ff310
CWorldMap	01244aec	7	004ff440
CWorldMap	01244aec	26	004ff490
CWorldMap	01244aec	9	004ff8a0
CWorldMap	01244aec	5	004ff8b0
CWorldMap	01244aec	27	004ff920
CWorldMap	01244aec	1	005022f0
CWorldMap	01244aec	30	00502460
CWorldMap	01244aec	8	005063d0
CWorldMap	01244aec	22	005064c0
CWorldMap	01244aec	2	00507610
CWorldMap	01244aec	3	00507c30
CWADBank	012442dc	15	0050b440
CWADBank	012442dc	8	0050b450
CWADBank	012442dc	0	0050f070
CIntelligentPointer	01244344	0	0050f3a0
NThingMap::CThingMapManager	01244678	0	0051a080
CWorldMap	01244aec	12	0051cdd0
CWorldMap	01244aec	13	0051cde0
CWorldMap	01244ab4	11	0051cdf0
CWorldMap	01244aec	11	0051ce00
CWorldMap	01244aec	18	0051ce20
CWorldMap	01244aec	19	0051ce40
CWorldMap	01244ab4	6	0051ce60
CWorldMap	01244aec	0	0051d1e0
CNavigatorManager	0129ca84	2	0051da20
CNavigatorManager	0129ca84	3	0051da30
CThingManager	01245c44	2	005202f0
CThingManager	01245c44	3	005215f0
CIntelligentPointer	01244dcc	0	00526050
CThingPhysical	01244e84	46	00529720
CThingPhysical	01244e84	47	00529730
CThingPhysical	01244e84	48	00529740
CThingPhysical	01244e84	49	00529750
CThingPhysical	01244e84	50	00529760
CThingPhysical	01244e84	51	00529770
CThingPhysical	01244e84	52	00529780
CThingPhysical	01244e84	53	00529790
CThingPhysical	01244e84	54	005297a0
CThingPhysical	01244e84	56	005297b0
CThingPhysical	01244e84	57	005297c0
CThingPhysical	01244e84	0	005297d0
CThingPhysical	01244e84	58	005297f0
CThingGameObject	01244f7c	61	00529830
CThingGameObject	01244f7c	62	00529840
CThingGameObject	01244f7c	63	00529850
CThingGameObject	01244f7c	64	00529860
CThingGameObject	01244f7c	66	00529870
CThingGameObject	01244f7c	67	00529880
CThingGameObject	01244f7c	69	00529890
CThingGameObject	01244f7c	68	005298a0
CThingGameObject	01244f7c	70	005298b0
CThingGameObject	01244f7c	0	005298c0
CThingGameObject	01244f7c	37	005298e0
CThingGameObject	01244f7c	39	00529930
CThingGameObject	01244f7c	38	00529940
CThingBuilding	0124509c	47	00529990
CThingBuilding	0124509c	0	005299a0
CThingVillage	012451bc	47	00529a10
CThingVillage	012451bc	59	00529a20
CThingVillage	012451bc	22	00529a30
CThingVillage	012451bc	0	00529a40
CThingHolySite	012452dc	22	00529aa0
CThingHolySite	012452dc	0	00529ab0
CThingSwitch	012453fc	22	00529b50
CThingSwitch	012453fc	59	00529b60
CThingSwitch	012453fc	61	00529b70
CThingSwitch	012453fc	62	00529b80
CThingSwitch	012453fc	63	00529b90
CThingSwitch	012453fc	0	00529ba0
CThingMarker	01245524	22	00529c10
CThingMarker	01245524	59	00529c20
CThingMarker	01245524	0	00529c30
CThingPhysicalSwitch	01245644	22	00529c90
CThingPhysicalSwitch	01245644	0	00529ca0
CThingPlayerCreature	012457fc	50	0052ab80
CThingPlayerCreature	012457fc	74	0052ab90
CThingPlayerCreature	012457fc	47	0052aba0
CThingPlayerCreature	012457fc	76	0052abb0
CThingPlayerCreature	012457fc	80	0052abc0
CThingPlayerCreature	012457fc	88	0052abd0
CThingPlayerCreature	012457fc	77	0052abe0
CThingPlayerCreature	012457fc	0	0052abf0
CCompressorZlib	01245974	1	0052add0
CCompressorZlib	01245974	2	0052ade0
CCompressorZlib	01245974	3	0052adf0
CCompressorZlib	01245974	4	0052ae00
CCompressorZlib	01245974	6	0052ae10
CCompressorZlib	01245974	0	0052ae40
CThingManager	01245c44	0	0052c610
NUISystem::CYesNo	0122f884	43	0052c730
NUISystem::CSprite	0122f5d4	138	0052c780
NUISystem::CSprite	0122f5d4	1	0052c7e0
NUISystem::CSprite	0122f5d4	102	0052c870
NUISystem::CSprite	0122f5d4	103	0052c8b0
NUISystem::CSprite	0122f5d4	49	0052c8f0
NUISystem::CSprite	0122f5d4	58	0052c920
NUISystem::CSprite	0122f5d4	60	0052cab0
NUISystem::CSprite	0122f5d4	42	0052caf0
NUISystem::CSprite	0122f5d4	139	0052cbf0
NUISystem::CSprite	0122f5d4	136	0052cd20
NUISystem::CSprite	0122f5d4	135	0052ceb0
NUISystem::CSprite	0122f5d4	134	0052cee0
NUISystem::CSprite	0122f5d4	50	0052cf10
NUISystem::CSprite	0122f5d4	48	0052cf40
NUISystem::CChangingStateComponent	01245dbc	0	0052d700
NUISystem::CChangingStateComponent	01245db4	0	0052d710
NUISystem::CChangingStateComponent	01245de4	0	0052d770
NUISystem::CSprite	0122f5ac	6	0052d7b0
NUISystem::CSprite	0122f5ac	2	0052d900
NUISystem::CSprite	0122f5ac	4	0052d940
NUISystem::CSprite	0122f5ac	5	0052d9a0
NUISystem::CSprite	0122f5ac	3	0052da20
NUISystem::CObserver	01246020	0	0052e2f0
NUISystem::CUIInterface	01246044	0	0052e360
NUISystem::CSprite	0122f5d4	41	0052e6b0
NUISystem::CComponent	0124608c	42	0052e700
NUISystem::CComponent	0124608c	48	0052e710
NUISystem::CComponent	0124608c	47	0052e720
NUISystem::CComponent	0124608c	49	0052e730
NUISystem::CSprite	0122f5d4	46	0052e740
NUISystem::CSprite	0122f5d4	11	0052e750
NUISystem::CSprite	0122f5d4	12	0052e780
NUISystem::CSprite	0122f5d4	13	0052e7a0
NUISystem::CSprite	0122f5d4	52	0052e7c0
NUISystem::CSprite	0122f5d4	53	0052e7d0
NUISystem::CComponent	0124608c	54	0052e7e0
NUISystem::CSprite	0122f5d4	55	0052e7f0
NUISystem::CSprite	0122f5d4	57	0052e810
NUISystem::CSprite	0122f5ac	1	0052e830
NUISystem::CComponent	0124608c	58	0052e840
NUISystem::CSprite	0122f5d4	63	0052e850
NUISystem::CSprite	0122f5d4	15	0052e860
NUISystem::CSprite	0122f5d4	16	0052e890
NUISystem::CSprite	0122f5d4	17	0052e8b0
NUISystem::CSprite	0122f5d4	18	0052e8d0
NUISystem::CSprite	0122f5d4	19	0052e8f0
NUISystem::CSprite	0122f5d4	20	0052e910
NUISystem::CSprite	0122f5d4	22	0052e930
NUISystem::CSprite	0122f5d4	25	0052e940
NUISystem::CSprite	0122f5d4	26	0052e950
NUISystem::CSprite	0122f5d4	27	0052e960
NUISystem::CSprite	0122f5d4	28	0052e970
NUISystem::CSprite	0122f5d4	29	0052e990
NUISystem::CSprite	0122f5d4	30	0052e9b0
NUISystem::CSprite	0122f5d4	31	0052e9c0
NUISystem::CSprite	0122f5d4	32	0052ea30
NUISystem::CSprite	0122f5d4	33	0052eaf0
NUISystem::CSprite	0122f5d4	35	0052ebb0
NUISystem::CSprite	0122f5d4	36	0052ec20
NUISystem::CSprite	0122f5d4	38	0052ec60
NUISystem::CSprite	0122f5d4	123	0052ecc0
NUISystem::CSprite	0122f5d4	112	0052ee00
NUISystem::CSprite	0122f5d4	122	0052eec0
NUISystem::CSprite	0122f5d4	65	0052efe0
NUISystem::CSprite	0122f5d4	66	0052eff0
NUISystem::CSprite	0122f5d4	67	0052f000
NUISystem::CSprite	0122f5d4	68	0052f010
NUISystem::CSprite	0122f5d4	69	0052f020
NUISystem::CSprite	0122f5d4	70	0052f030
NUISystem::CSprite	0122f5d4	71	0052f040
NUISystem::CSprite	0122f5d4	80	0052f050
NUISystem::CSprite	0122f5d4	72	0052f060
NUISystem::CSprite	0122f5d4	73	0052f070
NUISystem::CSprite	0122f5d4	74	0052f080
NUISystem::CSprite	0122f5d4	75	0052f090
NUISystem::CSprite	0122f5d4	76	0052f0a0
NUISystem::CSprite	0122f5d4	77	0052f0b0
NUISystem::CSprite	0122f5d4	78	0052f0c0
NUISystem::CSprite	0122f5d4	79	0052f0d0
NUISystem::CSprite	0122f5d4	82	0052f0e0
NUISystem::CSprite	0122f5d4	83	0052f0f0
NUISystem::CSprite	0122f5d4	84	0052f100
NUISystem::CComponent	0124608c	86	0052f120
NUISystem::CComponent	0124608c	87	0052f130
NUISystem::CSprite	0122f5d4	89	0052f140
NUISystem::CSprite	0122f5d4	91	0052f150
NUISystem::CSprite	0122f5d4	90	0052f160
NUISystem::CSprite	0122f5d4	99	0052f170
NUISystem::CSprite	0122f5d4	100	0052f180
NUISystem::CSprite	0122f5d4	101	0052f190
NUISystem::CComponent	0124608c	102	0052f1a0
NUISystem::CComponent	0124608c	103	0052f1b0
NUISystem::CSprite	0122f5d4	104	0052f1c0
NUISystem::CSprite	0122f5d4	105	0052f1d0
NUISystem::CSprite	0122f5d4	106	0052f1e0
NUISystem::CSprite	0122f5d4	107	0052f1f0
NUISystem::CSprite	0122f5d4	109	0052f200
NUISystem::CSprite	0122f5d4	110	0052f210
NUISystem::CSprite	0122f5d4	114	0052f230
NUISystem::CSprite	0122f5d4	115	0052f250
NUISystem::CSprite	0122f5d4	118	0052f270
NUISystem::CSprite	0122f5d4	119	0052f290
NUISystem::CSprite	0122f5d4	120	0052f2b0
NUISystem::CSprite	0122f5d4	121	0052f2d0
NUISystem::CSprite	0122f5d4	125	0052f300
NUISystem::CSprite	0122f5d4	126	0052f310
NUISystem::CSprite	0122f5d4	132	0052f320
NUISystem::CSprite	0122f5d4	51	0052f330
NUISystem::CComponent	0124608c	44	0052f340
NUISystem::CSprite	0122f5d4	98	0052f350
NUISystem::CSprite	0122f5d4	116	0052f3a0
NUISystem::CSprite	0122f5d4	117	0052f3b0
NUISystem::CSprite	0122f5d4	128	0052f3c0
NUISystem::CSprite	0122f5d4	129	0052f3e0
NUISystem::CSprite	0122f5d4	133	0052f430
NUISystem::CSprite	0122f5d4	14	0052f500
NUISystem::CSprite	0122f5d4	56	0052f540
NUISystem::CSprite	0122f5d4	21	0052f580
NUISystem::CSprite	0122f5d4	37	0052f5c0
NUISystem::CSprite	0122f5d4	40	0052f900
NUISystem::CSprite	0122f5d4	34	0052ffd0
NUISystem::CYesNo	0122f884	2	00530260
NUISystem::CSprite	0122f5d4	9	00530460
NUISystem::CSprite	0122f5d4	85	005304c0
NUISystem::CSprite	0122f5d4	45	00530530
NUISystem::CSprite	0122f5d4	39	005305a0
NUISystem::CSprite	0122f5d4	97	00530610
NUISystem::CSprite	0122f5d4	88	00530690
NUISystem::CSprite	0122f5d4	81	00530720
NUISystem::CSprite	0122f5d4	113	00530740
NUISystem::CSprite	0122f5d4	3	00530780
NUISystem::CSprite	0122f5d4	4	00530830
NUISystem::CSprite	0122f5d4	8	005308f0
NUISystem::CSprite	0122f5d4	131	005309b0
NUISystem::CSprite	0122f5d4	10	005309e0
NUISystem::CSprite	0122f5d4	92	00530a40
NUISystem::CSprite	0122f5d4	93	00530b00
NUISystem::CSprite	0122f5d4	94	00530ce0
NUISystem::CSprite	0122f5d4	95	00530da0
NUISystem::CSprite	0122f5d4	108	00530ec0
NUISystem::CSprite	0122f5d4	5	00530f30
NUISystem::CSprite	0122f5d4	6	00531000
NUISystem::CSprite	0122f5d4	24	00531090
NUISystem::CYesNo	0122f884	111	00531560
NUISystem::CSprite	0122f5d4	127	00531b40
NUISystem::CSprite	0122f5d4	124	00531ba0
NUISystem::CSprite	0122f5d4	96	00531e50
NUISystem::CSprite	0122f5d4	62	00531e90
NUISystem::CComponent	0124608c	1	00531ec0
NUISystem::CSprite	0122f5d4	130	00532d00
NUISystem::CComponent	0124608c	43	005339b0
NUISystem::CComponent	0124608c	50	00533b30
NUISystem::CSprite	0122f5d4	59	00533b50
NUISystem::CSprite	0122f5d4	61	00533ba0
NUISystem::CSprite	0122f5d4	64	00533bc0
NUISystem::CComponent	0124608c	60	00533cc0
NUISystem::CYesNo	0122f884	23	00533d30
NUISystem::CComponent	01246064	0	00535ab0
NUISystem::CComponent	0124605c	0	00535ac0
NUISystem::CComponent	0124608c	0	00535c10
NUISystem::CList	012462e4	166	0053605f
NUISystem::CList	012462e4	168	00536088
NUISystem::CList	012462e4	161	005360b1
NUISystem::CList	012462e4	162	00536189
NUISystem::CList	012462e4	180	005361d3
NUISystem::CList	012462e4	157	005362ad
NUISystem::CList	012462e4	169	005362f2
NUISystem::CList	012462e4	179	0053633e
NUISystem::CList	012462e4	178	005363ea
NUISystem::CList	012462e4	187	0053664c
NUISystem::CList	012462e4	140	005366ff
NUISystem::CList	012462bc	1	0053673b
NUISystem::CList	012462e4	1	005367f3
NUISystem::CList	012462e4	81	00536a30
NUISystem::CList	012462e4	131	00536b22
NUISystem::CList	012462e4	156	00536b4f
NUISystem::CList	012462e4	160	00536c64
NUISystem::CList	012462e4	173	00536dd9
NUISystem::CList	012462e4	174	0053706f
NUISystem::CList	012462e4	183	00537302
NUISystem::CList	012462e4	182	0053753c
NUISystem::CList	012462e4	110	00537776
NUISystem::CList	012462e4	31	00537956
NUISystem::CList	012462e4	185	005379f5
NUISystem::CList	012462e4	60	005383a4
NUISystem::CList	012462e4	144	005383dd
NUISystem::CList	012462e4	145	0053843b
NUISystem::CList	012462e4	146	00538465
NUISystem::CList	012462e4	70	0053848f
NUISystem::CList	012462e4	67	005384dd
NUISystem::CList	012462e4	159	0053852b
NUISystem::CList	012462e4	165	005385ae
NUISystem::CList	012462e4	167	005392fc
NUISystem::CList	012462e4	48	0053a0a1
NUISystem::CList	012462e4	152	0053ad07
NUISystem::CList	012462e4	186	0053b0bf
NUISystem::CList	012462e4	64	0053b321
NUISystem::CList	012462e4	43	0053b91e
NUISystem::CList	012462e4	143	0053beac
NUISystem::CList	012462e4	153	0053bf20
NUISystem::CList	012462e4	184	0053c332
NUISystem::CList	012462e4	142	0053cdc3
NUISystem::CList	012462e4	147	0053cdca
NUISystem::CList	012462e4	148	0053cde1
NUISystem::CList	012462e4	149	0053cde8
NUISystem::CList	012462e4	150	0053cdf2
NUISystem::CList	012462e4	151	0053cdff
NUISystem::CList	012462e4	158	0053ce17
NUISystem::CList	012462e4	163	0053ce24
NUISystem::CList	012462e4	164	0053ce2b
NUISystem::CList	012462e4	170	0053ce32
NUISystem::CList	012462e4	171	0053ce41
NUISystem::CList	012462e4	172	0053ce50
NUISystem::CList	012462e4	175	0053ce5f
NUISystem::CList	012462e4	176	0053ce66
NUISystem::CList	012462e4	177	0053ce6d
NUISystem::CList	012462e4	181	0053ce7a
NUISystem::CList	012462bc	0	0053ce87
NUISystem::CList	012462b4	0	0053ce8f
NUISystem::CList	012462e4	154	0053ce97
NUISystem::CList	012462e4	155	0053ced4
NUISystem::CList	012462e4	0	0053cfa6
NUISystem::CMenuEntry	0124662c	93	0053d000
NUISystem::CMenuEntry	0124662c	94	0053d060
NUISystem::CMenuEntry	0124662c	95	0053d0c0
NUISystem::CMenuEntry	0124662c	64	0053d120
NUISystem::CMenuEntry	0124662c	146	0053d130
NUISystem::CMenuEntry	0124662c	149	0053d140
NUISystem::CMenuEntry	0124662c	59	0053d150
NUISystem::CMenuEntry	0124662c	60	0053d170
NUISystem::CMenuEntry	0124662c	43	0053d190
NUISystem::CMenuEntry	01246604	1	0053d200
NUISystem::CMenuEntry	0124662c	48	0053d3b0
NUISystem::CMenuEntry	0124662c	1	0053d4b0
NUISystem::CMenuEntry	0124662c	143	0053d540
NUISystem::CMenuEntry	0124662c	147	0053d600
NUISystem::CMenuEntry	0124662c	148	0053d660
NUISystem::CMenuEntry	0124662c	109	0053d6c0
NUISystem::CMenuEntry	0124662c	155	0053d720
NUISystem::CMenuEntry	0124662c	144	0053d970
NUISystem::CMenuEntry	0124662c	150	0053dcd0
NUISystem::CMenuEntry	0124662c	151	0053dd50
NUISystem::CMenuEntry	0124662c	156	0053ddd0
NUISystem::CMenuEntry	0124662c	92	0053e0c0
NUISystem::CMenuEntry	0124662c	66	0053e180
NUISystem::CMenuEntry	0124662c	67	0053e210
NUISystem::CMenuEntry	0124662c	152	0053e2a0
NUISystem::CMenuEntry	0124662c	68	0053e330
NUISystem::CMenuEntry	0124662c	153	0053e3c0
NUISystem::CMenuEntry	0124662c	69	0053e450
NUISystem::CMenuEntry	0124662c	132	0053e8a0
NUISystem::CMenuEntry	0124662c	154	0053e8b0
NUISystem::CMenuEntry	01246604	0	0053e8c0
NUISystem::CMenuEntry	012465fc	0	0053e8d0
NUISystem::CMenuEntry	0124662c	0	0053e8e0
NUISystem::CScrollingViewport	012468ac	1	0053e9a0
NUISystem::CScrollingViewport	012468d4	48	0053ebf0
NUISystem::CScrollingViewport	012468d4	143	0053eda0
NUISystem::CScrollingViewport	012468d4	1	0053f1c0
NUISystem::CScrollingViewport	012468d4	43	0053f810
NUISystem::CScrollingViewport	012468d4	111	0053fbe0
NUISystem::CScrollingViewport	012468d4	144	0053fc00
NUISystem::CScrollingViewport	012468ac	0	0053fc10
NUISystem::CScrollingViewport	012468a4	0	0053fc20
NUISystem::CScrollingViewport	012468d4	0	0053fc30
NUISystem::CScrollingViewport	012468d4	91	0053fc90
NUISystem::CScrollingViewport	012468d4	142	0053fcd0
NUISystem::CEditBox	01246b8c	152	0053fe30
NUISystem::CEditBox	01246b8c	145	0053fe50
NPlayerGui::CAutoPickupBar	0125a768	14	0054004f
NUISystem::CRedefinerList	0124a994	143	00540058
NPlayerGui::CAutoPickupBar	0125a768	15	0054005f
NUISystem::CEditBox	01246b64	1	00540120
NUISystem::CEditBox	01246b8c	143	00540180
NUISystem::CEditBox	01246b8c	150	005401b0
NUISystem::CEditBox	01246b8c	144	005402c0
NUISystem::CEditBox	01246b8c	146	00540320
NUISystem::CEditBox	01246b8c	43	00540620
NUISystem::CEditBox	01246b8c	147	00540980
NUISystem::CEditBox	01246b8c	142	00540cf0
NUISystem::CEditBox	01246b8c	151	00540d10
NUISystem::CEditBox	01246b8c	153	00540d20
NUISystem::CEditBox	01246b8c	154	00540d30
NUISystem::CEditBox	01246b8c	155	00540d40
NUISystem::CEditBox	01246b64	0	00540d50
NUISystem::CEditBox	01246b5c	0	00540d60
NUISystem::CEditBox	01246b8c	148	00540d70
NUISystem::CEditBox	01246b8c	149	00540da0
NUISystem::CEditBox	01246b8c	0	00540dd0
NUISystem::CDynamicList	01246e44	43	00540df0
NUISystem::CDynamicList	01246e20	1	00540e10
NUISystem::CDynamicList	01246e44	48	00540e20
NUISystem::CDynamicList	01246e44	143	00540e30
NUISystem::CDynamicList	01246e44	149	00540e40
NUISystem::CDynamicList	01246e44	145	00540e50
NUISystem::CDynamicList	01246e44	146	00540ec0
NUISystem::CDynamicList	01246e44	144	00540f50
NUISystem::CDynamicList	01246e44	1	00541020
NUISystem::CDynamicList	01246e44	64	00541120
NUISystem::CDynamicList	01246e44	148	00541230
NUISystem::CDynamicList	01246e44	147	005414a0
NUISystem::CDynamicList	01246e44	142	005416b0
NUISystem::CDynamicList	01246e20	0	00541850
NUISystem::CDynamicList	01246e18	0	00541860
NUISystem::CDynamicList	01246e44	0	00541870
NUISystem::CIconText	012470cc	43	005419c0
NUISystem::CIconText	012470cc	1	005419d0
NUISystem::CIconText	012470cc	48	005419e0
NUISystem::CIconText	012470cc	88	005419f0
NUISystem::CIconText	012470cc	145	00541e60
NUISystem::CIconText	012470cc	144	00541f20
NUISystem::CIconText	012470cc	143	00542140
NUISystem::CIconText	012470cc	148	00542730
NUISystem::CIconText	012470cc	149	00542780
NUISystem::CIconText	012470cc	2	00542a30
NUISystem::CIconText	012470cc	150	005430f0
NUISystem::CIconText	012470cc	23	00543a40
NUISystem::CIconText	012470cc	111	00543a60
NUISystem::CIconText	012470cc	92	00543a80
NUISystem::CIconText	012470cc	93	00543a90
NUISystem::CIconText	012470cc	94	00543aa0
NUISystem::CIconText	012470cc	95	00543ab0
NUISystem::CIconText	012470cc	142	00543ac0
NUISystem::CIconText	012470cc	146	00543ad0
NUISystem::CIconText	012470cc	147	00543ae0
NUISystem::CIconText	012470cc	151	00543b10
NUISystem::CIconText	012470a8	0	00543b30
NUISystem::CIconText	012470a0	0	00543b40
NUISystem::CIconText	012470cc	0	00543c70
NUISystem::CParticleEffect	0124735c	43	00543d30
NUISystem::CParticleEffect	0124735c	48	00543df0
NUISystem::CParticleEffect	0124735c	1	00543ed0
NUISystem::CParticleEffect	0124735c	2	00543ee0
NUISystem::CParticleEffect	01247338	0	00544090
NUISystem::CParticleEffect	01247330	0	005440a0
NUISystem::CParticleEffect	0124735c	0	005440b0
NUISystem::CSpellContainerList	012475c4	144	00544100
NUISystem::CSpellContainerList	012475c4	145	00544110
NUISystem::CSpellContainerList	012475c4	146	00544190
NUISystem::CSpellContainerList	012475c4	148	00544210
NUISystem::CSpellContainerList	012475c4	43	00544290
NUISystem::CSpellContainerList	012475c4	142	00544310
NUISystem::CSpellContainerList	012475c4	143	00544330
NUISystem::CSpellContainerList	012475c4	48	00544350
NUISystem::CSpellContainerList	012475c4	151	00544520
NUISystem::CSpellContainerList	012475c4	152	00544810
NUISystem::CSpellContainerList	012475a0	1	00544d20
NUISystem::CSpellContainerList	012475c4	59	00545370
NUISystem::CSpellContainerList	012475c4	147	005453d0
NUISystem::CSpellContainerList	012475c4	149	005455a0
NUISystem::CSpellContainerList	012475c4	150	005455b0
NUISystem::CSpellContainerList	012475a0	0	005455d0
NUISystem::CSpellContainerList	01247598	0	005455e0
NUISystem::CSpellContainerList	012475c4	0	005455f0
NUISystem::CSpellContainer	0124786c	64	00545610
NUISystem::CSpellContainer	0124786c	146	00545670
NUISystem::CSpellContainer	0124786c	143	005458a0
NUISystem::CSpellContainer	0124786c	144	00545b10
NUISystem::CSpellContainer	0124786c	147	00545df0
NUISystem::CSpellContainer	0124786c	43	00545e60
NUISystem::CSpellContainer	0124786c	142	00545f00
NUISystem::CSpellContainer	0124786c	145	00546060
NUISystem::CSpellContainer	0124786c	148	00546070
NUISystem::CSpellContainer	01247848	0	00546080
NUISystem::CSpellContainer	01247840	0	00546090
NUISystem::CSpellContainer	0124786c	0	005460a0
NUISystem::CComponentContainer	01247af4	142	00546140
NUISystem::CComponentContainer	01247af4	43	005461d0
NUISystem::CComponentContainer	01247af4	143	00546320
NUISystem::CComponentContainer	01247acc	0	005465b0
NUISystem::CComponentContainer	01247ac4	0	005465c0
NUISystem::CComponentContainer	01247af4	0	005465d0
NUISystem::CZoomingComponent	01247dc4	43	00546690
NUISystem::CZoomingComponent	01247dc4	142	005466b0
NUISystem::CZoomingComponent	01247da0	1	005467f0
NUISystem::CZoomingComponent	01247dc4	48	005469e0
NUISystem::CZoomingComponent	01247dc4	1	00546a50
NUISystem::CZoomingComponent	01247dc4	143	00546b80
NUISystem::CZoomingComponent	01247dc4	144	00546ba0
NUISystem::CZoomingComponent	01247dc4	145	00546bc0
NUISystem::CZoomingComponent	01247dc4	146	00546be0
NUISystem::CZoomingComponent	01247da0	0	00546c00
NUISystem::CZoomingComponent	01247d98	0	00546c10
NUISystem::CZoomingComponent	01247dc4	0	00546c20
NUISystem::CTextContainer	01248064	59	00546c90
NUISystem::CTextContainer	01248064	43	00546d90
NUISystem::CTextContainer	0124803c	0	00546ee0
NUISystem::CTextContainer	01248034	0	00546ef0
NUISystem::CTextContainer	01248064	0	00546f00
NUISystem::CScrollingComponent	012482cc	1	00546fc0
NUISystem::CScrollingComponent	012482cc	48	00547010
NUISystem::CScrollingComponent	012482cc	34	00547050
NUISystem::CScrollingComponent	012482cc	43	00547160
NUISystem::CScrollingComponent	012482a8	0	00547240
NUISystem::CScrollingComponent	012482a0	0	00547250
NUISystem::CScrollingComponent	012482cc	0	00547260
NUISystem::CSwappingStateComponent	012485ac	43	00547360
NUISystem::CSwappingStateComponent	012485ac	1	00547380
NUISystem::CSwappingStateComponent	012485ac	142	00547970
NUISystem::CSwappingStateComponent	01248584	0	00547980
NUISystem::CSwappingStateComponent	0124857c	0	00547990
NUISystem::CSwappingStateComponent	012485ac	0	00547ab0
NUISystem::CMovie	0124881c	43	00547bd0
NUISystem::CMovie	0124881c	23	00547be0
NUISystem::CMovie	0124881c	48	00547c90
NUISystem::CMovie	0124881c	1	00547e40
NUISystem::CMovie	0124881c	2	00547f60
NUISystem::CMovie	0124881c	111	005484f0
NUISystem::CMovie	0124881c	142	00548510
NUISystem::CMovie	0124881c	143	00548520
NUISystem::CMovie	012487f4	0	00548530
NUISystem::CMovie	012487ec	0	00548540
NUISystem::CMovie	0124881c	0	00548550
NUISystem::CTextSlider	01248a8c	140	00548760
NUISystem::CTextSlider	01248a8c	141	00548780
NUISystem::CTextSlider	01248a8c	143	00548790
NUISystem::CTextSlider	01248a8c	1	00548af0
NUISystem::CTextSlider	01248a8c	48	00548f40
NUISystem::CTextSlider	01248a8c	142	005491a0
NUISystem::CTextSlider	01248a8c	43	00549230
NUISystem::CTextSlider	01248a68	1	00549440
NUISystem::CTextSlider	01248a8c	68	005498e0
NUISystem::CTextSlider	01248a8c	67	00549970
NUISystem::CTextSlider	01248a8c	7	0054a380
NUISystem::CTextSlider	01248a68	0	0054a390
NUISystem::CTextSlider	01248a60	0	0054a3a0
NUISystem::CTextSlider	01248a8c	66	0054a3f0
NUISystem::CTextSlider	01248a8c	0	0054a440
NUISystem::CActionParamFloat	01248cd0	0	0054a480
NUISystem::CSlider	01248d04	43	0054a5d0
NUISystem::CSlider	01248d04	48	0054a990
NUISystem::CSlider	01248d04	149	0054abe0
NUISystem::CSlider	01248ce0	1	0054ac90
NUISystem::CSlider	01248d04	68	0054b240
NUISystem::CSlider	01248d04	67	0054b2d0
NUISystem::CSlider	01248d04	1	0054ba20
NUISystem::CSlider	01248d04	150	0054bbb0
NUISystem::CSlider	01248d04	7	0054c130
NUISystem::CSlider	01248ce0	0	0054c140
NUISystem::CSlider	01248cd8	0	0054c150
NUISystem::CSlider	01248d04	66	0054c160
NUISystem::CSlider	01248d04	0	0054c1b0
NUISystem::CListArrow	01248f94	43	0054c250
NUISystem::CListArrow	01248f94	48	0054c270
NUISystem::CListArrow	01248f94	1	0054c2a0
NUISystem::CListArrow	01248f94	149	0054c320
NUISystem::CListArrow	01248f94	150	0054c330
NUISystem::CListArrow	01248f6c	0	0054c340
NUISystem::CListArrow	01248f64	0	0054c350
NUISystem::CListArrow	01248f94	0	0054c360
NUISystem::CFrontEndList	012491fc	1	0054c420
NUISystem::CFrontEndList	01249224	1	0054c430
NUISystem::CFrontEndList	01249224	156	0054c480
NUISystem::CFrontEndList	01249224	188	0054c4c0
NUISystem::CFrontEndList	01249224	189	0054c810
NUISystem::CFrontEndList	01249224	48	0054cbf0
NUISystem::CFrontEndList	01249224	152	0054d170
NUISystem::CFrontEndList	01249224	43	0054d660
NUISystem::CFrontEndList	012491fc	0	0054da50
NUISystem::CFrontEndList	012491f4	0	0054da60
NUISystem::CFrontEndList	01249224	0	0054da70
NUISystem::CActionParamString	01249520	0	0054db10
NUISystem::CFrontEndButton	01249554	149	0054db40
NUISystem::CFrontEndButton	01249554	43	0054db50
NUISystem::CFrontEndButton	01249530	1	0054dbc0
NUISystem::CFrontEndButton	01249554	143	0054dc30
NUISystem::CFrontEndButton	01249554	144	0054dcc0
NUISystem::CFrontEndButton	01249554	146	0054dd50
NUISystem::CFrontEndButton	01249554	147	0054ddb0
NUISystem::CFrontEndButton	01249554	148	0054de10
NUISystem::CFrontEndButton	01249554	109	0054de70
NUISystem::CFrontEndButton	01249554	132	0054e190
NUISystem::CFrontEndButton	01249530	0	0054e1a0
NUISystem::CFrontEndButton	01249528	0	0054e1b0
NUISystem::CFrontEndButton	01249554	0	0054e1c0
NUISystem::CFrontEndButton	01249554	66	0054e1e0
NUISystem::CFrontEndButton	01249554	150	0054e230
NUISystem::CFrontEndScreen	012497bc	1	0054e280
NUISystem::CFrontEndScreen	012497e4	43	0054e4b0
NUISystem::CFrontEndScreen	012497e4	71	0054e4f0
NUISystem::CFrontEndScreen	012497e4	142	0054e550
NUISystem::CFrontEndScreen	012497bc	0	0054e560
NUISystem::CFrontEndScreen	012497b4	0	0054e570
NUISystem::CFrontEndScreen	012497e4	0	0054e580
NUISystem::CScrollingViewport	012468d4	23	0054e5a0
NUISystem::CViewport	01249a5c	43	0054e640
NUISystem::CScrollingViewport	012468d4	2	0054e6f0
NUISystem::CScrollingViewport	012468d4	89	0054e980
NUISystem::CViewport	01249a38	0	0054ec50
NUISystem::CViewport	01249a30	0	0054ec60
NUISystem::CViewport	01249a5c	0	0054ec70
NUISystem::CText	01249ccc	43	0054ec90
NUISystem::CText	01249ccc	1	0054eca0
NUISystem::CText	01249ccc	88	0054ecb0
NUISystem::CText	01249ccc	2	0054ef00
NUISystem::CText	01249ccc	145	0054f370
NUISystem::CText	01249ccc	144	0054f410
NUISystem::CText	01249ccc	149	0054fb10
NUISystem::CText	01249ccc	143	0054fbc0
NUISystem::CText	01249ccc	142	0054ff10
NUISystem::CText	01249ccc	146	0054ff20
NUISystem::CText	01249ccc	23	0054ff30
NUISystem::CText	01249ccc	111	0054ff50
NUISystem::CText	01249ccc	92	0054ff70
NUISystem::CText	01249ccc	93	0054ff80
NUISystem::CText	01249ccc	94	0054ff90
NUISystem::CText	01249ccc	95	0054ffa0
NUISystem::CText	01249ccc	147	0054ffb0
NUISystem::CText	01249ccc	148	0054ffe0
NUISystem::CText	01249ccc	150	0054fff0
NUISystem::CText	01249ca4	0	00550010
NUISystem::CText	01249c9c	0	00550020
NUISystem::CText	01249ccc	0	00550030
NUISystem::CRedefinerList	0124a994	148	0055005f
NUISystem::CMesh	01249f9c	43	00550060
NUISystem::CMesh	01249f9c	1	00550070
NUISystem::CMesh	01249f9c	2	005502e0
C3DAnimationStateBase	01249f34	0	00550820
C3DAnimationState	01249f50	2	00550880
C3DAnimationState	01249f50	3	00550890
C3DAnimationState	01249f50	4	005508a0
C3DAnimationState	01249f50	0	005508b0
NUISystem::CMesh	01249f9c	142	00550b80
NUISystem::CMesh	01249f9c	143	00550b90
NUISystem::CMesh	01249f9c	144	00550ba0
NUISystem::CMesh	01249f9c	145	00550bb0
NUISystem::CMesh	01249f9c	146	00550bc0
NUISystem::CMesh	01249f9c	147	00550bd0
NUISystem::CMesh	01249f9c	148	00550be0
NUISystem::CMesh	01249f74	0	00550c10
NUISystem::CMesh	01249f6c	0	00550c20
NUISystem::CMesh	01249f9c	0	00550c30
NUISystem::CTable	0124a224	1	00550c50
NUISystem::CTable	0124a224	43	00550c60
NUISystem::CTable	0124a224	2	00550dc0
NUISystem::CTable	0124a224	143	005518e0
NUISystem::CTable	0124a224	144	00551bc0
NUISystem::CTable	0124a224	142	00551ea0
NUISystem::CTable	0124a1fc	0	00553fd0
NUISystem::CTable	0124a1f4	0	00553fe0
NUISystem::CTable	0124a224	0	005540d0
NUISystem::CMorphingSprite	0124a49c	43	005540f0
NUISystem::CMorphingSprite	0124a49c	138	00554110
NUISystem::CMorphingSprite	0124a49c	151	00554130
NUISystem::CMorphingSprite	0124a49c	150	00554140
NUISystem::CMorphingSprite	0124a49c	1	00554150
NUISystem::CMorphingSprite	0124a49c	58	005546f0
NUISystem::CMorphingSprite	0124a49c	2	00554740
NUISystem::CMorphingSprite	0124a49c	145	00555100
NUISystem::CMorphingSprite	0124a49c	149	00555110
NUISystem::CMorphingSprite	0124a474	0	00555120
NUISystem::CMorphingSprite	0124a46c	0	00555130
NUISystem::CMorphingSprite	0124a49c	0	00555140
NUISystem::CScrollableList	0124a72c	1	00555220
NUISystem::CScrollableList	0124a708	1	00555cf0
NUISystem::CScrollableList	0124a72c	43	00555eb0
NUISystem::CScrollableList	0124a72c	140	00556200
NUISystem::CScrollableList	0124a72c	141	005562a0
NUISystem::CScrollableList	0124a708	0	005562d0
NUISystem::CScrollableList	0124a700	0	005562e0
NUISystem::CScrollableList	0124a72c	0	005562f0
NUISystem::CRedefinerList	0124a994	141	00556580
NUISystem::CRedefinerList	0124a994	43	005566a0
NUISystem::CRedefinerList	0124a994	1	00557080
NUISystem::CRedefinerList	0124a994	140	005570f0
NUISystem::CRedefinerList	0124a970	0	00557340
NUISystem::CRedefinerList	0124a968	0	00557350
NUISystem::CRedefinerList	0124a994	0	00557360
NUISystem::CKeyRedefiner	0124adbc	146	00557850
NUISystem::CKeyRedefiner	0124adbc	143	00557860
NUISystem::CKeyRedefiner	0124adbc	144	00557880
NUISystem::CKeyRedefiner	0124adbc	147	00557af0
NUISystem::CKeyRedefiner	0124adbc	48	00557c10
NUISystem::CKeyRedefiner	0124ad98	1	00557eb0
NUISystem::CKeyRedefiner	0124adbc	150	005586a0
NUISystem::CKeyRedefiner	0124adbc	43	00558770
NUISystem::CKeyRedefiner	0124ad98	0	00558b10
NUISystem::CKeyRedefiner	0124ad90	0	00558b20
NUISystem::CKeyRedefiner	0124adbc	0	00558b30
NUISystem::CNavButton	0124b04c	48	00558c70
NUISystem::CNavButton	0124b024	0	00558d10
NUISystem::CNavButton	0124b01c	0	00558d20
NUISystem::CNavButton	0124b04c	0	00558d30
NUISystem::CDraggableInto	0124b2d4	43	00558d80
NUISystem::CDraggableInto	0124b2b0	1	00558d90
NUISystem::CDraggableInto	0124b2d4	131	00558de0
NUISystem::CDraggableInto	0124b2d4	66	00558f40
NUISystem::CDraggableInto	0124b2b0	0	00559020
NUISystem::CDraggableInto	0124b2a8	0	00559030
NUISystem::CDraggableInto	0124b2d4	0	00559040
NUISystem::CScrollBarOutside	0124b54c	43	005590a0
NUISystem::CScrollBarOutside	0124b54c	152	005590b0
NUISystem::CScrollBarOutside	0124b54c	146	005590c0
NUISystem::CScrollBarOutside	0124b54c	150	00559400
NUISystem::CScrollBarOutside	0124b54c	151	00559490
NUISystem::CScrollBarOutside	0124b528	0	005595a0
NUISystem::CScrollBarOutside	0124b520	0	005595b0
NUISystem::CScrollBarOutside	0124b54c	0	005595c0
NUISystem::CScrollBar	0124b7e4	43	005595f0
NUISystem::CScrollBar	0124b7e4	1	00559600
NUISystem::CScrollBar	0124b7e4	154	00559650
NUISystem::CScrollBar	0124b7e4	155	00559670
NUISystem::CScrollBar	0124b7e4	156	00559690
NUISystem::CScrollBar	0124b7e4	157	005596a0
NUISystem::CScrollBar	0124b7e4	158	005596b0
NUISystem::CScrollBar	0124b7e4	159	005596c0
NUISystem::CScrollBar	0124b7e4	146	005596d0
NUISystem::CScrollBar	0124b7e4	76	005598f0
NUISystem::CScrollBar	0124b7e4	77	00559980
NUISystem::CScrollBar	0124b7bc	1	00559a90
NUISystem::CScrollBar	0124b7e4	150	0055a330
NUISystem::CScrollBar	0124b7e4	151	0055a340
NUISystem::CScrollBar	0124b7e4	152	0055a360
NUISystem::CScrollBar	0124b7e4	132	0055a370
NUISystem::CScrollBar	0124b7bc	0	0055a380
NUISystem::CScrollBar	0124b7b4	0	0055a390
NUISystem::CScrollBar	0124b7e4	0	0055a3a0
NUISystem::CDraggable	0124ba94	43	0055a3d0
NUISystem::CDraggable	0124ba94	1	0055a3e0
NUISystem::CDraggable	0124ba70	1	0055a510
NUISystem::CScrollBar	0124b7e4	143	0055a5b0
NUISystem::CDraggable	0124ba94	146	0055a5d0
NUISystem::CScrollBar	0124b7e4	31	0055a630
NUISystem::CScrollBar	0124b7e4	147	0055a660
NUISystem::CScrollBar	0124b7e4	144	0055a740
NUISystem::CScrollBar	0124b7e4	153	0055a7c0
NUISystem::CScrollBar	0124b7e4	74	0055aa80
NUISystem::CScrollBar	0124b7e4	75	0055ab10
NUISystem::CDraggable	0124ba70	0	0055ac50
NUISystem::CDraggable	0124ba68	0	0055ac60
NUISystem::CDraggable	0124ba94	0	0055ac70
NUISystem::CNavButton	0124b04c	43	0055ac90
NUISystem::CFrontEndButton	01249554	1	0055acb0
NUISystem::CNavButton	0124b04c	147	0055acf0
NUISystem::CKeyRedefiner	0124adbc	149	0055ad30
NUISystem::CNavButton	0124b024	1	0055ad60
NUISystem::CNavButton	0124b04c	143	0055aeb0
NUISystem::CNavButton	0124b04c	144	0055aef0
NUISystem::CMenuEntry	0124662c	141	0055af30
NUISystem::CNavButton	0124b04c	146	0055af60
NUISystem::CKeyRedefiner	0124adbc	148	0055afd0
NUISystem::CMenuEntry	0124662c	71	0055b520
NUISystem::CMenuEntry	0124662c	80	0055b5b0
NUISystem::CMenuEntry	0124662c	72	0055b640
NUISystem::CMenuEntry	0124662c	73	0055b6d0
NUISystem::CClickable	0124bd08	0	0055b830
NUISystem::CClickable	0124bd00	0	0055b840
NUISystem::CClickable	0124bd2c	0	0055b850
NUISystem::CHoverable	0124bfb4	43	0055b880
NUISystem::CDraggableInto	0124b2d4	1	0055b890
NUISystem::CMenuEntry	0124662c	142	0055b8f0
NUISystem::CDraggableInto	0124b2d4	144	0055b9a0
NUISystem::CHoverable	0124bf90	1	0055b9d0
NUISystem::CMenuEntry	0124662c	31	0055b9f0
NUISystem::CDraggableInto	0124b2d4	143	0055bae0
NUISystem::CMenuEntry	0124662c	133	0055bbf0
NUISystem::CMenuEntry	01246604	4	0055bd50
NUISystem::CDraggableInto	0124b2d4	141	0055bde0
NUISystem::CMenuEntry	0124662c	78	0055bdf0
NUISystem::CMenuEntry	0124662c	79	0055be80
NUISystem::CMenuEntry	0124662c	145	0055bf10
NUISystem::CHoverable	0124bf90	0	0055c1f0
NUISystem::CHoverable	0124bf88	0	0055c200
NUISystem::CHoverable	0124bfb4	0	0055c4a0
NUISystem::CMouseCursor	0124c22c	43	0055c560
NUISystem::CMouseCursor	0124c22c	1	0055c580
NUISystem::CMouseCursor	0124c22c	151	0055c5b0
NUISystem::CMouseCursor	0124c22c	16	0055c5d0
NUISystem::CMouseCursor	0124c22c	23	0055c600
NUISystem::CMouseCursor	0124c208	1	0055c6f0
NUISystem::CMouseCursor	0124c22c	149	0055c810
NUISystem::CMouseCursor	0124c22c	150	0055c860
NUISystem::CMouseCursor	0124c208	0	0055c8b0
NUISystem::CMouseCursor	0124c200	0	0055c8c0
NUISystem::CMouseCursor	0124c22c	0	0055c8d0
NUISystem::CObservable	01230044	3	0055c930
NUISystem::CObservable	01230044	4	0055c940
NUISystem::CObservable	01230044	6	0055c950
NUISystem::CObservable	01230044	5	0055c9c0
NUISystem::CObservable	01230044	10	0055ca00
NUISystem::CObservable	01230044	2	0055ca40
NUISystem::CObservable	01230044	9	0055ca90
NUISystem::CObservable	01230044	8	0055cae0
NUISystem::CObservable	01230044	0	0055cb10
NUISystem::CObservable	01230044	1	0055cbe0
CTCPhotojournalCapture	0124c4b4	4	0055cfa0
CTCPhotojournalCapture	0124c4b4	26	0055d4d0
CTCPhotojournalCapture	0124c4b4	11	0055d5d0
CTCPhotojournalCapture	0124c4b4	21	0055de00
CTCPhotojournalCapture	0124c4b4	22	0055de10
CTCPhotojournalCapture	0124c4b4	28	0055de30
CTCPhotojournalCapture	0124c4b4	0	0055de40
CTCHeroOnlineScoreboard	0124db34	1	00560720
CTCHeroOnlineScoreboard	0124db34	26	00564570
CThreadedFileCallback	0129b388	3	00564d58
CPersistContext_TransferableVector	0124c5cc	0	00566320
CPersistContext_TransferableVector	0124c5cc	3	00566330
CPersistContext_TransferableVector	0124c5cc	2	00566360
CPersistContext_TransferableVector	0124c5e0	0	005663b0
CPersistContext_TransferableVector	0124c5e0	3	005663c0
CPersistContext_TransferableVector	0124c5e0	2	005663f0
CPersistContext_TransferableVector	0124c5cc	1	00569af0
CPersistContext_TransferableVector	0124c5e0	1	00569b10
CTCHeroOnlineScoreboard	0124db34	21	0056a630
CTCHeroOnlineScoreboard	0124db34	22	0056a640
CTCHeroOnlineScoreboard	0124db34	8	0056a660
CTCHeroOnlineScoreboard	0124db34	23	0056a670
CTCHeroOnlineScoreboard	0124db34	0	0056a740
CTCBoastUI	0124dcfc	4	0056a840
CTCBoastUI	0124dcfc	11	0056a8c0
CTCBoastUI	0124dcfc	26	0056be00
CTCBoastUI	0124dcfc	21	0056df80
CTCBoastUI	0124dcfc	22	0056df90
NCameraModes::CBase	0124dd74	3	0056e150
NCameraModes::CBase	0124dd74	4	0056e160
NCameraModes::CBase	0124dd74	6	0056e170
NCameraModes::CBase	0124dd74	9	0056e180
NCameraModes::CBase	0124dd74	10	0056e190
NCameraModes::CBase	0124dd74	11	0056e1a0
NCameraModes::CBase	0124dd74	13	0056e1b0
NCameraModes::CBase	0124dd74	14	0056e1c0
NCameraModes::CBase	0124dd74	16	0056e1d0
NCameraModes::CBase	0124dd74	23	0056e1e0
NCameraModes::CBase	0124dd74	0	0056e1f0
NCameraModes::CCameraPointModeBase	0124dddc	4	0056e260
NCameraModes::CCameraPointModeBase	0124dddc	18	0056e270
NCameraModes::CCameraPointModeBase	0124dddc	24	0056e280
NCameraModes::CCameraPointModeBase	0124dddc	25	0056e290
NCameraModes::CCameraPointModeBase	0124dddc	28	0056e2a0
NCameraModes::CCameraPointModeBase	0124dddc	29	0056e2b0
NCameraModes::CCameraPointModeBase	0124dddc	0	0056e2f0
NCameraModes::CSnapToPoint	0124de5c	2	0056e380
NCameraModes::CSnapToPoint	0124de5c	25	0056e390
NCameraModes::CSnapToPoint	0124de5c	28	0056e3a0
NCameraModes::CSnapToPoint	0124de5c	29	0056e3b0
NCameraModes::CSnapToPoint	0124de5c	0	0056e3e0
CTCBoastUI	0124dcfc	0	0056e410
CTCInventoryExperience	0124f108	1	0056e593
CTCInventoryExperience	0124f108	2	0056e597
CTCInventoryExperience	0124f11c	46	0056e59b
CTCInventoryExperience	0124f11c	58	0056e5ec
CTCInventoryExperience	0124f11c	55	0056e60a
CTCInventoryExperience	0124f11c	60	0056e60f
CTCInventoryExperience	0124f11c	57	0056e62d
CTCInventoryExperience	0124f11c	37	0056ec79
CTCInventoryExperience	0124f11c	38	0056ec8c
CTCInventoryExperience	0124f11c	39	0056eccb
CTCInventoryExperience	0124f11c	14	0056eeca
CTCInventoryExperience	0124f108	0	0056eef6
CTCInventoryExperience	0124f11c	29	0056ef2d
CTCInventoryExperience	0124f11c	11	0056f090
CTCInventoryExperience	0124f11c	31	0056f30b
CTCInventoryExperience	0124f11c	40	0056f497
CTCInventoryExperience	0124f11c	41	0056f4a1
CTCInventoryExperience	0124f11c	61	0056f4b0
CTCInventoryExperience	0124f11c	30	0056fad7
CTCInventoryExperience	0124f11c	26	0056fc5d
CTCInventoryExperience	0124f11c	88	00574576
CTCInventoryExperience	0124f11c	54	00574647
CTCInventoryExperience	0124f11c	56	0057469f
CTCInventoryExperience	0124f11c	59	00576c39
CTCInventoryExperience	0124f11c	4	0057713f
CTCInventoryExperience	0124f11c	86	00577216
CTCInventoryExperience	0124f11c	89	0057770a
CTCInventoryExperience	0124f11c	90	005778ca
CTCInventoryExperience	0124f11c	87	00577ac0
CTCInventoryExperience	0124f11c	1	00578797
CTCInventoryExperience	0124f11c	35	0057a230
CTCInventoryExperience	0124f11c	77	0057a233
CTCInventoryExperience	0124f11c	21	0057a238
CTCInventoryExperience	0124f11c	22	0057a23c
CTCInventoryExperience	0124f11c	33	0057a253
CTCInventoryExperience	0124f11c	23	0057a25d
CTCInventoryExperience	0124f108	3	0057a260
CTCInventoryExperience	0124f11c	0	0057a28b
NEntityEvents::CEventBase	0124f2c4	2	0057a4fc
NEntityEvents::CEventBase	0124f2c4	4	0057a4ff
NEntityEvents::CEventBase	0124f2c4	0	0057a502
NEntityEvents::CEventMoralityChanged	0124f2dc	1	0057a535
CTCHeroStats	0124f70c	12	0057c9c4
CTCHeroStats	0124f70c	6	0057d1a4
CTCHeroStats	0124f70c	9	0057d5a0
CTCHeroStats	0124f70c	1	0057e2f1
NEntityEvents::CEventMoralityChanged	0124f2dc	0	0057f36f
CPersistContext_TransferableVector	0124f33c	0	0057f6dd
CPersistContext_TransferableVector	0124f33c	3	0057f6e9
CPersistContext_TransferableVector	0124f33c	2	0057f70f
CPersistContext_TransferableVector	0124f350	0	0057f745
CPersistContext_TransferableVector	0124f350	2	0057f754
CPersistContext_TransferableComponent	0124f2f4	1	0057f93e
CPersistContext_TransferableComponent	0124f2f4	0	0057f95e
CPersistContext_TransferableVector	0124f350	3	00580159
CPersistContext_TransferableVector	0124f33c	1	005813bc
CPersistContext_TransferableVector	0124f350	1	005813d7
CTCHeroStats	0124f70c	21	005814a8
CTCHeroStats	0124f70c	22	005814ac
CTCHeroStats	0124f70c	8	005814c3
CTCHeroStats	0124f70c	23	005814c6
CTCHeroStats	0124f70c	0	005814c9
CTCInventory	01250de4	36	005819aa
CTCInventory	01250dd0	1	00581a0d
CTCInventory	01250dd0	2	00581a11
CTCInventory	01250de4	40	00581a3b
CTCInventory	01250de4	41	00581a54
CTCInventory	01250de4	58	00581a6d
CTCInventory	01250de4	59	00581ab3
CTCInventory	01250de4	60	00581ae1
CTCInventory	01250de4	61	00581b01
CTCInventory	01250de4	14	00581c4c
CTCInventory	01250de4	5	00581c78
CTCInventory	01250de4	86	00581cc9
CTCInventory	01250de4	11	00581ebd
CTCInventory	01250dd0	0	00582073
CTCInventory	01250de4	4	00582944
CTCInventory	01250de4	12	00583a6d
CTCInventory	01250de4	79	00583cd4
CTCInventory	01250de4	33	00583e26
CTCInventory	01250de4	34	0058400a
CTCInventory	01250de4	78	005841f9
CTCInventory	01250de4	32	00584a73
CTCInventory	01250de4	84	0058509f
CTCInventory	01250de4	30	0058578b
CTCInventory	01250de4	62	00587749
CTCInventory	01250de4	63	00587787
CTCInventory	01250de4	64	005877c7
CTCInventory	01250de4	65	00587807
CTCInventory	01250de4	31	00589d30
NUISystem::CRedefinerList	0124a994	147	00590045
CTCInventory	01250de4	77	005907a6
CTCInventory	01250de4	1	00591a66
CTCInventory	01250de4	87	00591e5e
CTCInventory	01250de4	26	00591e8c
CTCInventory	01250de4	21	00594bc9
CTCInventory	01250de4	22	00594bcd
CTCInventory	01250de4	23	00594be4
CTCInventory	01250de4	37	00594be7
CTCInventory	01250de4	0	00594cd2
NUISystem::CFrontEndManager	012521a8	8	0059a238
NUISystem::CFrontEndManager	012521a8	1	0059b5c2
NUISystem::CFrontEndManager	012521a8	0	0059b641
CTCInventoryTrade	0125301c	1	0059b6e0
CTCInventoryTrade	0125301c	2	0059b6e4
CTCInventoryTrade	01253034	48	0059b6e8
CTCInventoryTrade	01253034	75	0059b6ed
CTCInventoryTrade	01253034	26	0059b717
CTCInventoryTrade	01253034	36	0059b71c
CTCInventoryTrade	01253034	58	0059b777
CTCInventoryTrade	01253034	38	0059b790
CTCInventoryTrade	01253034	39	0059b795
CTCInventoryTrade	01253034	80	0059c6dd
CTCInventoryTrade	01253034	81	0059c710
CTCInventoryTrade	01253034	79	0059c747
CTCInventoryTrade	01253034	14	0059c764
CTCInventoryTrade	0125301c	0	0059c790
CTCInventoryTrade	01253034	11	0059c7c7
CTCInventoryTrade	01253034	4	0059c8f2
CTCInventoryTrade	01253034	87	0059e2c7
CTCInventoryTrade	01253034	31	0059f304
CTCInventoryTrade	01253034	30	005a94bd
CTCInventoryTrade	01253034	86	005ae86b
CTCInventoryTrade	01253034	68	005aebfe
CTCInventoryTrade	01253034	21	005b304a
CTCInventoryTrade	01253034	22	005b304e
CTCInventoryTrade	01253034	33	005b3065
CTCInventoryTrade	01253034	37	005b306f
CTCInventoryTrade	01253034	23	005b3070
CTCInventoryTrade	0125301c	3	005b3073
CTCInventoryTrade	01253034	0	005b320f
CTCInventoryClothing	01243558	1	005b34cd
CTCInventoryClothing	01243558	2	005b34d1
CTCInventoryClothing	0124356c	58	005b34d5
CTCInventoryClothing	0124356c	14	005b3509
CTCInventoryClothing	0124356c	86	005b3535
CTCInventoryClothing	01243558	0	005b3555
CTCInventoryClothing	0124356c	1	005b369a
CTCInventoryClothing	0124356c	4	005b36e9
CTCInventoryClothing	0124356c	6	005b3aef
CTCInventoryClothing	0124356c	84	005b3c95
CTCInventoryClothing	0124356c	26	005b3e4e
CTCInventoryClothing	0124356c	79	005b4340
CTCInventoryClothing	0124356c	33	005b48a2
CTCInventoryClothing	0124356c	35	005b4a6e
CTCInventoryClothing	0124356c	30	005b4e7c
CTCInventoryClothing	0124356c	36	005b5be6
CTCInventoryClothing	0124356c	78	005b5cf8
CTCInventoryClothing	0124356c	31	005b6a2d
CTCInventoryClothing	0124356c	77	005b76d1
CTCInventoryClothing	0124356c	11	005b9641
NEntityEvents::CEventReceivedItemInInventory	01253c8c	1	005bc3e3
CTCInventoryExperience	0124f11c	36	005bc4c0
NInventory::CTCInventoryBase	01253dbc	37	005bc4c3
CTCInventoryClothing	0124356c	32	005bc527
CTCInventoryClothing	0124356c	46	005bc586
CTCInventoryClothing	0124356c	28	005bc589
CTCInventoryClothing	0124356c	29	005bc58a
CTCInventoryClothing	0124356c	40	005bc638
CTCInventoryClothing	0124356c	41	005bc649
CTCInventoryClothing	0124356c	50	005bc65a
CTCInventoryClothing	0124356c	54	005bc65b
NInventory::CTCInventoryBase	01253dbc	58	005bc65c
CTCInventoryClothing	0124356c	51	005bc66d
CTCInventoryClothing	0124356c	55	005bc66e
CTCInventoryClothing	0124356c	59	005bc66f
CTCInventoryClothing	0124356c	52	005bc68d
CTCInventoryClothing	0124356c	56	005bc68e
CTCInventoryClothing	0124356c	60	005bc68f
CTCInventoryClothing	0124356c	53	005bc690
CTCInventoryClothing	0124356c	57	005bc691
CTCInventoryClothing	0124356c	61	005bc692
CTCInventoryClothing	0124356c	62	005bc693
CTCInventoryClothing	0124356c	63	005bc69b
CTCInventoryClothing	0124356c	64	005bc6a3
CTCInventoryClothing	0124356c	65	005bc6ab
CTCInventoryExperience	0124f11c	78	005bc6b3
NInventory::CTCInventoryBase	01253dbc	14	005bc9c8
CTCInventoryExperience	0124f11c	6	005bd1eb
CTCInventoryClothing	0124356c	42	005bd404
CTCInventoryClothing	0124356c	43	005bd427
CTCInventoryClothing	0124356c	44	005bd44a
CTCInventoryClothing	0124356c	45	005bd46d
NInventory::CTCInventoryBase	01253dbc	30	005bd4ea
NInventory::CTCInventoryBase	01253dbc	31	005bd597
CTCInventoryClothing	0124356c	49	005bdc77
NInventory::CTCInventoryBase	01253dbc	26	005bdd39
CTCInventoryClothing	0124356c	38	005bdd8c
CTCInventoryClothing	0124356c	39	005bddb8
CTCInventoryExperience	0124f11c	84	005be028
CTCInventoryClothing	0124356c	48	005be119
CTCInventoryClothing	0124356c	81	005bf32d
CTCInventoryExperience	0124f11c	79	005bf3c6
CTCInventoryClothing	0124356c	47	005bf3f1
CTCInventoryClothing	0124356c	83	005bf4ed
CTCInventoryClothing	0124356c	80	005bf654
CTCInventoryClothing	0124356c	73	005bf91a
CTCInventoryClothing	0124356c	74	005bf969
CTCInventoryClothing	0124356c	5	005bf9e3
CTCInventoryClothing	0124356c	85	005bfb01
CTCInventoryClothing	0124356c	12	005bfb96
CTCInventoryTrade	01253034	1	005bfd5e
NInventory::CTCInventoryBase	01253dbc	4	005c0121
NEntityEvents::CEventReceivedItemInInventory	01253c8c	0	005c0754
CPersistContext_TransferableVector	01253ca4	0	005c0923
CPersistContext_TransferableVector	01253ca4	2	005c0e41
CPersistContext_TransferableVector	01253ca4	3	005c20d8
CPersistContext_TransferableVector	01253ca4	1	005c2a5c
NInventory::CTCInventoryBase	01253dbc	0	005c2d16
CTCInventoryWeapons	01253ff4	26	005c2dfd
CTCInventoryWeapons	01253ff4	36	005c2e02
CTCInventoryWeapons	01253fe0	1	005c2e1d
CTCInventoryWeapons	01253fe0	2	005c2e21
CTCInventoryWeapons	01253ff4	54	005c2e25
CTCInventoryWeapons	01253ff4	58	005c2e2a
CTCInventoryWeapons	01253ff4	55	005c2e5e
CTCInventoryWeapons	01253ff4	59	005c2e63
CTCInventoryWeapons	01253ff4	74	005c2e68
CTCInventoryWeapons	01253ff4	83	005c2e82
CTCInventoryWeapons	01253ff4	14	005c2edb
CTCInventoryWeapons	01253ff4	86	005c2f07
CTCInventoryWeapons	01253ff4	30	005c2f27
CTCInventoryWeapons	01253fe0	0	005c2faa
CTCInventoryWeapons	01253ff4	11	005c2fe1
CTCInventoryWeapons	01253ff4	4	005c3057
CTCInventoryWeapons	01253ff4	47	005c311a
CTCInventoryWeapons	01253ff4	1	005c3a95
CTCInventoryWeapons	01253ff4	78	005c7913
CTCInventoryWeapons	01253ff4	77	005c8459
CTCInventoryWeapons	01253ff4	85	005c99fd
CTCInventoryWeapons	01253ff4	87	005c9a95
CTCInventoryWeapons	01253ff4	31	005cac8d
CTCInventoryWeapons	01253ff4	79	005cb128
CTCInventoryWeapons	01253ff4	73	005cb742
CTCInventoryWeapons	01253ff4	6	005cb974
CTCInventoryWeapons	01253ff4	84	005cbc36
CTCInventoryWeapons	01253ff4	33	005cbcea
CPersistContext_TransferableComponent	01253f18	1	005cbe9d
CPersistContext_TransferableComponent	01253f18	0	005cbeba
CTCInventoryWeapons	01253ff4	21	005cc4dd
CTCInventoryWeapons	01253ff4	22	005cc4e1
CTCInventoryWeapons	01253ff4	37	005cc4f8
CTCInventoryWeapons	01253ff4	0	005cc512
CTCInventoryStats	01254ac4	1	005cc6eb
CTCInventoryStats	01254ac4	2	005cc6ef
CTCInventoryStats	01254adc	31	005cc6f3
CTCInventoryStats	01254adc	14	005cceab
CTCInventoryStats	01254ac4	0	005cced7
CTCInventoryStats	01254adc	30	005ccf86
CTCInventoryStats	01254adc	77	005cd074
CTCInventoryStats	01254adc	4	005cd33f
CTCInventoryStats	01254adc	26	005cda50
CTCInventoryStats	01254adc	12	005cdc1c
CTCInventoryStats	01254adc	9	005cdccb
CTCInventoryStats	01254adc	86	005ce0e6
CTCInventoryStats	01254adc	89	005d1f0c
CTCInventoryStats	01254adc	87	005d6748
CTCInventoryStats	01254adc	88	005d7081
CTCInventoryStats	01254adc	1	005d7fab
CTCInventoryStats	01254adc	21	005d8779
CTCInventoryStats	01254adc	22	005d877d
CTCInventoryStats	01254adc	8	005d8794
CTCInventoryStats	01254adc	33	005d8797
CTCInventoryStats	01254adc	37	005d87a1
CTCInventoryStats	01254adc	0	005d88fa
NTCMessages::CMessageOnPickup	012554e0	1	005d8cb0
CTCInventoryItem	01240004	13	005d8ec0
CTCInventoryItem	01240004	4	005d9380
CTCInventoryItem	01240004	1	005d9bf0
CTCInventoryItem	01240004	6	005d9c90
NTCMessages::CMessageOnPickup	012554e0	0	005d9f50
CTCWeapon	012554fc	9	005da4f0
CTCWeapon	012554fc	4	005da6e0
CTCWeapon	012554fc	1	005da9b0
CTCWeapon	012554fc	21	005dade0
CTCWeapon	012554fc	22	005dadf0
CTCWeapon	012554fc	8	005dae10
CTCWeapon	012554fc	0	005dae20
CAnimComponentFlags	01255850	8	005db1c0
CAnimComponentFlags	01255850	5	005db1d0
CAnimComponentFlags	01255850	7	005db1e0
CAnimComponentTransitionInTime	01255670	8	005db1f0
CAnimComponentTransitionInTime	01255670	5	005db200
CAnimComponentTransitionInTime	01255670	7	005db210
CAnimComponentDelayTime	01255698	8	005db220
CAnimComponentDelayTime	01255698	5	005db230
CAnimComponentDelayTime	01255698	7	005db240
CAnimComponentCombatHandedness	012556c0	8	005db250
CAnimComponentCombatHandedness	012556c0	5	005db260
CAnimComponentCombatHandedness	012556c0	7	005db280
CAnimComponentCombatComboChain	012556e8	8	005db2b0
CAnimComponentCombatComboChain	012556e8	5	005db2c0
CAnimComponentCombatComboChain	012556e8	7	005db2e0
CAnimComponentCombatRecoil	01255710	8	005db310
CAnimComponentCombatRecoil	01255710	5	005db320
CAnimComponentCombatRecoil	01255710	7	005db330
CAnimComponentCombatMisc	01255738	8	005db340
CAnimComponentCombatMisc	01255738	5	005db350
CAnimComponentCombatMisc	01255738	7	005db370
CAnimComponentCombatFlourishTargetOffset	01255760	8	005db3a0
CAnimComponentCombatFlourishTargetOffset	01255760	5	005db3b0
CAnimComponentCombatFlourishTargetOffset	01255760	7	005db3d0
CAnimComponentFollowingOnAnim	01255788	5	005db400
CAnimComponentStrikeSpeedMultiplier	01255800	8	005db410
CAnimComponentSetCreatureMode	012557b0	8	005db420
CAnimComponentSetCreatureMode	012557b0	5	005db430
CAnimComponentSetCreatureMode	012557b0	7	005db440
CAnimComponentFollowingOnAnimFilter	012557d8	8	005db450
CAnimComponentFollowingOnAnimFilter	012557d8	5	005db460
CAnimComponentStrikeSpeedMultiplier	01255800	5	005db470
CAnimComponentStrikeSpeedMultiplier	01255800	7	005db480
CAnimComponentStrikeResponseAnim	01255828	8	005db490
CAnimComponentStrikeResponseAnim	01255828	5	005db4a0
CAnimComponentFollowingOnAnim	01255788	3	005db4c0
CAnimComponentFollowingOnAnim	01255788	7	005db520
CAnimComponentFollowingOnAnimFilter	012557d8	3	005db530
CAnimComponentFollowingOnAnimFilter	012557d8	7	005db590
CAnimComponentStrikeResponseAnim	01255828	3	005db5a0
CAnimComponentStrikeResponseAnim	01255828	7	005db5f0
CAnimComponentFlags	01255850	6	005db8d0
CAnimComponentTransitionInTime	01255670	6	005db960
CAnimComponentDelayTime	01255698	6	005db9f0
CAnimComponentCombatHandedness	012556c0	6	005dba80
CAnimComponentCombatComboChain	012556e8	6	005dbb60
CAnimComponentCombatRecoil	01255710	6	005dbc40
CAnimComponentCombatMisc	01255738	6	005dbcd0
CAnimComponentCombatFlourishTargetOffset	01255760	6	005dbda0
CAnimComponentFollowingOnAnim	01255788	6	005dbe30
CAnimComponentSetCreatureMode	012557b0	6	005dbe40
CAnimComponentFollowingOnAnimFilter	012557d8	6	005dbed0
CAnimComponentStrikeSpeedMultiplier	01255800	6	005dbee0
CAnimComponentStrikeResponseAnim	01255828	6	005dbf50
CAnimComponentFlags	01255850	3	005dc3c0
CAnimComponentTransitionInTime	01255670	3	005dc450
CAnimComponentDelayTime	01255698	3	005dc4d0
CAnimComponentCombatHandedness	012556c0	3	005dc550
CAnimComponentCombatComboChain	012556e8	3	005dc650
CAnimComponentCombatRecoil	01255710	3	005dc730
CAnimComponentCombatMisc	01255738	3	005dc7b0
CAnimComponentCombatFlourishTargetOffset	01255760	3	005dc8b0
CAnimComponentSetCreatureMode	012557b0	3	005dc9b0
CAnimComponentStrikeSpeedMultiplier	01255800	3	005dca60
CAnimComponentBase	01255648	0	005df5d0
CAnimComponentTransitionInTime	01255670	2	005df600
CAnimComponentTransitionInTime	01255670	4	005df610
CAnimComponentDelayTime	01255698	2	005df640
CAnimComponentDelayTime	01255698	4	005df650
CAnimComponentCombatHandedness	012556c0	2	005df680
CAnimComponentCombatHandedness	012556c0	4	005df690
CAnimComponentCombatComboChain	012556e8	2	005df6c0
CAnimComponentCombatComboChain	012556e8	4	005df6d0
CAnimComponentCombatRecoil	01255710	2	005df700
CAnimComponentCombatRecoil	01255710	4	005df710
CAnimComponentCombatMisc	01255738	2	005df740
CAnimComponentCombatMisc	01255738	4	005df750
CAnimComponentCombatFlourishTargetOffset	01255760	2	005df780
CAnimComponentCombatFlourishTargetOffset	01255760	4	005df790
CAnimComponentFollowingOnAnim	01255788	2	005df7d0
CAnimComponentFollowingOnAnim	01255788	8	005df7e0
CAnimComponentFollowingOnAnim	01255788	4	005df7f0
CAnimComponentSetCreatureMode	012557b0	2	005df830
CAnimComponentSetCreatureMode	012557b0	4	005df840
CAnimComponentFollowingOnAnimFilter	012557d8	2	005df880
CAnimComponentFollowingOnAnimFilter	012557d8	4	005df890
CAnimComponentStrikeSpeedMultiplier	01255800	2	005df8d0
CAnimComponentStrikeSpeedMultiplier	01255800	4	005df8e0
CAnimComponentStrikeResponseAnim	01255828	2	005df920
CAnimComponentStrikeResponseAnim	01255828	4	005df930
CAnimComponentFlags	01255850	2	005dfe80
CAnimComponentFlags	01255850	4	005dfe90
CAnimComponentFlags	01255850	0	005dfeb0
CAnimComponentTransitionInTime	01255670	0	005dfed0
CAnimComponentDelayTime	01255698	0	005dfef0
CAnimComponentCombatHandedness	012556c0	0	005dff10
CAnimComponentCombatComboChain	012556e8	0	005dff30
CAnimComponentCombatRecoil	01255710	0	005dff50
CAnimComponentCombatMisc	01255738	0	005dff70
CAnimComponentCombatFlourishTargetOffset	01255760	0	005dff90
CAnimComponentFollowingOnAnim	01255788	0	005dffb0
CAnimComponentSetCreatureMode	012557b0	0	005dffd0
CAnimComponentFollowingOnAnimFilter	012557d8	0	005dfff0
CAnimComponentStrikeSpeedMultiplier	01255800	0	005e0010
CAnimComponentStrikeResponseAnim	01255828	0	005e0030
CAnimComponentMap	01255878	0	005e35f0
CTCQuestCompletionUI	0125589c	4	005e3de0
CTCQuestCompletionUI	0125589c	11	005e3f00
CTCQuestCompletionUI	0125589c	12	005e49e0
CTCQuestCompletionUI	0125589c	26	005e78f0
CTCQuestCompletionUI	0125589c	1	005e8220
CPersistContext_TransferableVector	01255884	0	005e8cb0
CPersistContext_TransferableVector	01255884	3	005e8cc0
CPersistContext_TransferableVector	01255884	2	005e8cf0
CTCQuestCompletionUI	0125589c	21	005e9720
CTCQuestCompletionUI	0125589c	22	005e9730
CTCQuestCompletionUI	0125589c	23	005e9750
CTCQuestCompletionUI	0125589c	0	005e9800
CPersistContext_TransferableVector	01255884	1	005e9820
CTCTavernGame	012560bc	31	005e9a70
CTCTavernGame	012560bc	32	005e9a90
CTCTavernGame	012560bc	33	005e9aa0
CTCTavernGame	012560bc	35	005e9ab0
CTCTavernGame	012560bc	36	005e9ac0
CTCTavernGame	012560bc	37	005e9ad0
CTCTavernGame	012560bc	38	005e9ae0
CTCTavernGame	012560bc	39	005e9af0
CTCTavernGame	012560bc	41	005e9b00
CTCTavernGame	012560bc	46	005e9bc0
CTCTavernGame	012560bc	40	005ea010
CTCTavernGame	012560bc	42	005ea100
CTCTavernGame	012560bc	47	005ea1a0
CTCTavernGame	012560bc	48	005ea250
CTCTavernGame	012560bc	49	005ea310
CTCTavernGame	012560bc	50	005ea400
CTCTavernGame	012560bc	6	005ea650
CTCTavernGame	012560bc	1	005ea8e0
CTCTavernGame	012560bc	9	005eb9e0
CTCTavernGame	012560bc	29	005ec0f0
CTCTavernGame	012560bc	28	005ec270
CTCTavernGame	012560bc	30	005ec650
CTCTavernGame	012560bc	11	005eca50
NCameraModes::CScriptModuleBase	01255f74	2	005ed0e0
NCameraModes::CScriptModuleBase	01255f74	3	005ed0f0
NCameraModes::CScriptModuleBase	01255f74	6	005ed100
NCameraModes::CScriptModuleBase	01255f74	8	005ed110
NCameraModes::CScriptModuleBase	01255f74	0	005ed150
NCameraModes::CScriptModuleTavernGame	01255fc4	5	005ed260
NCameraModes::CScriptModuleGoToLookInDirection	01255f9c	0	005ed3e0
NCameraModes::CScriptModuleTavernGame	01255fc4	0	005ed420
CTCTavernGame	012560bc	21	005eda00
CTCTavernGame	012560bc	8	005eda10
CTCTavernGame	012560bc	34	005eda20
CTCTavernGame	012560bc	0	005eda30
CTCInventoryAbilities	01256ac0	1	005edce7
CTCInventoryAbilities	01256ac0	2	005edceb
CTCInventoryAbilities	01256ad4	14	005edf76
CTCInventoryAbilities	01256ac0	0	005edfa2
CTCInventoryAbilities	01256ad4	9	005ee418
NPlayerGui::CAutoPickupBar	0125a768	9	005f0055
CTCInventoryAbilities	01256ad4	30	005f05e5
CTCInventoryAbilities	01256ad4	12	005f3dc6
CTCInventoryAbilities	01256ad4	4	005f4a86
CTCInventoryAbilities	01256ad4	77	005f519f
CTCSoundPlayer	0125b1c4	28	005f5343
CTCInventoryAbilities	01256ad4	6	005f6b47
CTCInventoryAbilities	01256ad4	1	005f6e40
CTCInventoryAbilities	01256ad4	21	005fa381
CTCInventoryAbilities	01256ad4	22	005fa385
CTCInventoryAbilities	01256ad4	33	005fa39c
CTCInventoryAbilities	01256ad4	23	005fa39f
CTCInventoryAbilities	01256ad4	8	005fa3a2
CTCInventoryAbilities	01256ad4	0	005fa461
CTCInventoryMap	01257a84	3	005fa590
CTCInventoryMap	01257a84	1	005fa8e0
CTCInventoryMap	01257a84	2	005fa8f0
CTCInventoryMap	01257a9c	38	005fa910
CTCInventoryMap	01257a9c	39	005fa950
CTCInventoryMap	01257a9c	14	005faee0
CTCInventoryMap	01257a84	0	005faf10
CTCInventoryMap	01257a9c	11	005faf50
CTCInventoryMap	01257a9c	37	005fc610
CTCInventoryMap	01257a9c	6	005fcb10
CTCInventoryMap	01257a9c	31	005fce60
CTCInventoryMap	01257a9c	59	005fd0b0
CTCInventoryMap	01257a9c	12	005fdad0
CTCInventoryMap	01257a9c	4	00602e30
CTCInventoryMap	01257a9c	58	00602f30
CTCInventoryMap	01257a9c	9	006061b0
CTCInventoryMap	01257a9c	1	00606300
CGameDefinitionManager	01232c24	3	00610067
CTCInventoryMap	01257a9c	77	006116c0
CTCInventoryMap	01257a9c	30	006116e0
CPersistContext_TransferableVector	01257164	0	00613fe0
CPersistContext_TransferableVector	01257164	2	00614000
CPersistContext_TransferableVector	01257178	0	00614210
CPersistContext_TransferableVector	01257178	2	00614230
CPersistContext_TransferableVector	0125718c	0	00614420
CPersistContext_TransferableVector	0125718c	3	00614430
CPersistContext_TransferableVector	0125718c	2	00614450
CPersistContext_TransferableVector	012571a0	0	006144b0
CPersistContext_TransferableVector	012571a0	3	006144c0
CPersistContext_TransferableVector	012571a0	2	006144f0
CPersistContext_TransferableVector	01257164	3	00615920
CPersistContext_TransferableVector	01257178	3	00615e10
CPersistContext_TransferableVector	0125718c	1	00618fd0
CPersistContext_TransferableVector	01257164	1	006193b0
CPersistContext_TransferableVector	01257178	1	00619420
CPersistContext_TransferableVector	012571a0	1	00619470
CTCInventoryMap	01257a9c	21	00619f00
CTCInventoryMap	01257a9c	22	00619f10
CTCInventoryMap	01257a9c	33	00619f30
CTCInventoryMap	01257a9c	8	00619f40
CTCInventoryMap	01257a9c	0	00619f50
CTCInventoryQuests	012585a0	3	00619fd0
CTCInventoryQuests	012585a0	1	0061a000
CTCInventoryQuests	012585a0	2	0061a010
CTCInventoryQuests	012585b4	49	0061a0b0
CTCInventoryQuests	012585b4	75	0061a0c0
CTCInventoryQuests	012585b4	42	0061a0e0
CTCInventoryQuests	012585b4	43	0061a100
CTCInventoryQuests	012585b4	40	0061a120
CTCInventoryQuests	012585b4	41	0061a140
CTCInventoryQuests	012585b4	67	0061a160
CTCInventoryQuests	012585b4	61	0061a170
CTCInventoryQuests	012585b4	71	0061a1a0
CTCInventoryQuests	012585b4	72	0061a1d0
CTCInventoryQuests	012585b4	14	0061a1f0
CTCInventoryQuests	012585a0	0	0061a220
CTCInventoryQuests	012585b4	76	0061a3b0
CTCInventoryQuests	012585b4	4	0061a6a0
CTCInventoryQuests	012585b4	11	0061b3c0
CTCInventoryQuests	012585b4	38	0061b530
CTCInventoryQuests	012585b4	39	0061b560
CTCInventoryQuests	012585b4	58	0061b590
CTCInventoryQuests	012585b4	59	0061b5f0
CGameDefinitionManager	01232c24	5	0062002e
CTCInventoryQuests	012585b4	87	00621720
CTCInventoryQuests	012585b4	31	00621c80
CTCInventoryQuests	012585b4	70	006223c0
CTCInventoryQuests	012585b4	86	006224c0
CTCInventoryQuests	012585b4	30	00622a00
CTCInventoryQuests	012585b4	21	00624d60
CTCInventoryQuests	012585b4	22	00624d70
CTCInventoryQuests	012585b4	33	00624d90
CTCInventoryQuests	012585b4	37	00624da0
CTCInventoryQuests	012585b4	23	00624db0
CTCInventoryQuests	012585b4	0	00625090
NUISystem::CUIStateDef	0125871c	20	00625150
NUISystem::CUIStateDef	0125871c	0	00625160
NUISystem::CUIStateDef	0125871c	19	00625340
NUISystem::CUIStateDef	0125871c	18	00625630
CTCQuickAccessMenu	01258b74	4	00625910
CTCQuickAccessMenu	01258b74	11	00625950
CTCQuickAccessMenu	01258b74	26	00625ed0
CTCQuickAccessMenu	01258b74	21	006285e0
CTCQuickAccessMenu	01258b74	22	006285f0
CTCQuickAccessMenu	01258b74	0	00628610
CCreatureAction_StartSneaking	01258dfc	3	0062d7b0
CCreatureAction_StartSneaking	01258dfc	49	0062d7c0
CCreatureAction_StartSneaking	01258dfc	0	0062d7d0
CCreatureAction_StopSneaking	01258f24	49	0062d860
CCreatureAction_StopSneaking	01258f24	0	0062d870
CCreatureAction_ThrowGameObject	01259044	0	0062d920
CCreatureAction_GiveItemToThing	0125919c	0	0062da90
CCreatureAction_PlayerInteractionGreet	012592d4	50	0062db60
CCreatureAction_PlayerInteractionGreet	012592d4	36	0062db70
CCreatureAction_PlayerInteractionGreet	012592d4	37	0062db80
CCreatureAction_PlayerInteractionGreet	012592d4	0	0062db90
CCreatureAction_PlayerInteractionInsult	01259404	36	0062dc50
CCreatureAction_PlayerInteractionInsult	01259404	37	0062dc60
CCreatureAction_PlayerInteractionInsult	01259404	0	0062dc70
CCreatureAction_PlayerInteractionThreaten	01259534	36	0062dd30
CCreatureAction_PlayerInteractionThreaten	01259534	37	0062dd40
CCreatureAction_PlayerInteractionThreaten	01259534	0	0062dd50
CCreatureAction_PlayerInteractionBribe	01259664	36	0062de10
CCreatureAction_PlayerInteractionBribe	01259664	37	0062de20
CCreatureAction_PlayerInteractionBribe	01259664	0	0062de30
CCreatureAction_PlayerInteractionFlirt	01259794	36	0062def0
CCreatureAction_PlayerInteractionFlirt	01259794	37	0062df00
CCreatureAction_PlayerInteractionFlirt	01259794	0	0062df10
CCreatureAction_TavernGameMasterInteraction	012598c4	3	0062dfd0
CCreatureAction_TavernGameMasterInteraction	012598c4	36	0062dfe0
CCreatureAction_TavernGameMasterInteraction	012598c4	0	0062dff0
CCreatureAction_Talk	012599e4	0	0062e0b0
?A0x13af75c9::CCreatureAction_HeroRangedWeaponUseDummy	01259bd4	3	0062e9f0
?A0x13af75c9::CCreatureAction_HeroRangedWeaponUseDummy	01259bd4	6	0062ea00
?A0x13af75c9::CCreatureAction_HeroRangedWeaponUseDummy	01259bd4	66	0062ea10
?A0x13af75c9::CCreatureAction_HeroRangedWeaponUseDummy	01259bd4	10	0062ea20
?A0x13af75c9::CCreatureAction_HeroRangedWeaponUseDummy	01259bd4	15	0062ea30
?A0x13af75c9::CCreatureAction_HeroRangedWeaponUseDummy	01259bd4	71	0062ea40
?A0x13af75c9::CCreatureAction_HeroRangedWeaponUseDummy	01259bd4	72	0062ea50
?A0x13af75c9::CCreatureAction_HeroRangedWeaponUseDummy	01259bd4	73	0062ea60
?A0x13af75c9::CCreatureAction_HeroRangedWeaponUseDummy	01259bd4	74	0062ea70
?A0x13af75c9::CCreatureAction_HeroRangedWeaponUseDummy	01259bd4	75	0062ea80
?A0x13af75c9::CCreatureAction_HeroRangedWeaponUseDummy	01259bd4	76	0062eaa0
?A0x13af75c9::CCreatureAction_HeroRangedWeaponUseDummy	01259bd4	77	0062eab0
?A0x13af75c9::CCreatureAction_HeroRangedWeaponUseDummy	01259bd4	78	0062eac0
?A0x13af75c9::CCreatureAction_HeroRangedWeaponUseDummy	01259bd4	79	0062ead0
?A0x13af75c9::CCreatureAction_HeroRangedWeaponUseDummy	01259bd4	12	0062eae0
?A0x13af75c9::CCreatureAction_HeroRangedWeaponUseDummy	01259bd4	0	0062eb00
CCreatureAction_GiveItemToThing	0125919c	11	0062eb20
CCreatureActionBase	01259d24	0	0062ed20
CCreatureAction_PlayerInteractionGreet	012592d4	11	0062ef30
CCreatureAction_PlayerInteractionInsult	01259404	11	0062efb0
CCreatureAction_PlayerInteractionThreaten	01259534	11	0062f030
CCreatureAction_PlayerInteractionBribe	01259664	11	0062f0b0
CCreatureAction_PlayerInteractionFlirt	01259794	11	0062f130
CCreatureAction_TavernGameMasterInteraction	012598c4	11	0062f1b0
CCreatureAction_StartSneaking	01258dfc	11	0062f230
CCreatureAction_StopSneaking	01258f24	11	0062f260
CCreatureAction_ThrowGameObject	01259044	11	0062f290
CCreatureAction_Talk	012599e4	11	0062f300
?A0x13af75c9::CCreatureAction_HeroRangedWeaponUseDummy	01259bd4	11	0062f380
CCombatActionBase	01259e44	0	0062f6f0
CCombatActionBase	01259e44	11	0062f710
CDefinitionManager	0129b28c	3	0063002e
NGameText::CDataBank	0129b528	2	00630065
NUISystem::CUIDef	01259f8c	20	006314b0
NUISystem::CUIDef	01259f8c	0	00631510
NUISystem::CUIDef	01259f8c	19	00631710
NUISystem::CUIDef	01259f8c	18	00631c60
NCameraModes::CMoveOnCylinder	0125a064	2	00637800
NCameraModes::CMoveOnCylinder	0125a064	7	00637810
NCameraModes::CMoveOnCylinder	0125a064	8	00637820
NCameraModes::CMoveOnCylinder	0125a064	0	00637830
CTCRegionDisplay	0125a0ec	26	006399b0
CTCRegionDisplay	0125a0ec	21	0063a1f0
CTCRegionDisplay	0125a0ec	22	0063a200
CTCRegionDisplay	0125a0ec	8	0063a220
CTCRegionDisplay	0125a0ec	0	0063a230
CInputTypeMouseButtonEvent	012318c8	11	00640065
NGraphicAppearance::CAGraphicAppearanceComponent	0125a170	2	006407b0
NGraphicAppearance::CAGraphicAppearanceComponent	0125a170	3	006407c0
NGraphicAppearance::CAGraphicAppearanceComponent	0125a170	4	006407d0
CTCLight	0125a194	9	00640d00
CTCLight	0125a194	1	00641020
CTCLight	0125a208	1	00641210
CTCLight	0125a194	6	00641480
CTCLight	0125a208	0	00641c30
CPersistContext_TransferableComponent	0125a188	1	006421c0
CPersistContext_TransferableComponent	0125a188	0	006421f0
CTCLight	0125a194	21	006423c0
CTCLight	0125a194	22	006423d0
CTCLight	0125a194	8	006423f0
CTCLight	0125a194	23	00642400
CTCLight	0125a194	0	00642670
NPlayerGui::CDrawMiniMap	0125a634	0	00643de5
NPlayerGui::CDrawAbilityButtons	0125a6c8	3	00643fc8
NPlayerGui::CDrawMoney	0125a544	0	00644263
NPlayerGui::CDrawRenown	0125a550	0	0064427c
NPlayerGui::CDrawMorality	0125a55c	0	00644295
NPlayerGui::CDrawCrime	0125a568	0	0064431b
NPlayerGui::CDrawStatUpdates	0125a5f4	0	00644393
NPlayerGui::CDrawAutoPickups	0125a58c	0	0064440b
NPlayerGui::CDrawNPCName	01231770	0	00644627
NPlayerGui::CDrawMiniMap	0125a634	1	00644660
NPlayerGui::CDrawQuestInfo	0125a688	0	00644d0e
NPlayerGui::CDrawQuestInfo::CQuestInfoElement	0125a2b4	2	00644fe5
NPlayerGui::CDrawAbilityButtons	0125a6c8	0	00644ffc
NPlayerGui::CDrawMeleeActionButtonEffects	0125a714	0	00645829
NPlayerGui::CStatBar	0125a738	2	00645ce9
NPlayerGui::CStatBar	0125a738	1	00645f8d
NPlayerGui::CCrimeStatBar	0125a748	0	00646010
NPlayerGui::CCrimeStatBar	0125a748	2	0064619f
NPlayerGui::CDrawQuestInfo::CQuestInfoElementBar	0125a444	1	006463ff
NPlayerGui::CDraw2DText	0125a5d0	0	00646567
NPlayerGui::CStatBar	0125a738	0	00646762
NPlayerGui::CMultiStatBar	0125a758	0	00646c44
NPlayerGui::CAutoPickupBar	0125a768	0	00646dbd
CTCBase	0125be0c	28	00646e45
NPlayerGui::CDrawQuestInfo::CQuestInfoElementMiniGameBar	0125a46c	1	0064a568
NPlayerGui::CDrawAbilityButtons	0125a6c8	5	0064d593
NPlayerGui::CDrawAbilityButtons	0125a6c8	6	0064d5e1
NPlayerGui::CDrawQuickAccessIcons	0125a704	0	0064d62f
NPlayerGui::CDrawAbilityButtons	0125a6c8	4	0064db2b
NPlayerGui::CDrawQuestInfo::CQuestInfoElementBar	0125a444	0	0064fdb4
NThingMap::CThingMapManager	01244678	1	00650052
CGameDefinitionManager	01232c24	4	0065006d
CCompositeSurfaceCache	012a116c	13	00650073
NUISystem::CUIStateDef	0125871c	30	00650074
NPlayerGui::CDrawQuestInfo::CQuestInfoElementTimer	0125a458	0	006507d5
NPlayerGui::CDrawQuestInfo::CQuestInfoElementCounter	0125a4f0	0	006509f8
NPlayerGui::CDrawQuestInfo::CQuestInfoElementCounterList	0125a504	0	00650c1d
NPlayerGui::CDrawQuestInfo::CQuestInfoElementTick	0125a518	0	00650e98
NPlayerGui::CDrawQuestInfo::CQuestInfoElementMiniGameBar	0125a46c	0	00651273
NPlayerGui::CDrawAbilityButtons	0125a6c8	2	00651b04
NPlayerGui::CDrawQuickAccessIcons	0125a704	2	00652fa4
CIntelligentPointer	0125a26c	0	006548a5
CIntelligentPointer	0125a294	0	00655164
NPlayerGui::CDrawQuestInfo::CQuestInfoElement	0125a2b4	1	006567b8
NPlayerGui::CDrawQuestInfo::CQuestInfoElementBar	0125a444	3	006567c3
NPlayerGui::CDrawQuestInfo::CQuestInfoElementTimer	0125a458	3	006567c7
NPlayerGui::CDrawQuestInfo::CQuestInfoElementMiniGameBar	0125a46c	3	006567cb
NPlayerGui::CDrawQuestInfo::CQuestInfoElementCounter	0125a4f0	3	00656bd4
NPlayerGui::CDrawQuestInfo::CQuestInfoElementCounterList	0125a504	3	00656c38
NPlayerGui::CDrawQuestInfo::CQuestInfoElementTick	0125a518	3	00656c73
NPlayerGui::CDrawAbilityButtons	0125a6c8	7	006571b4
NPlayerGui::CDrawAbilityButtons	0125a6c8	8	006571b7
NPlayerGui::CDrawAbilityButtonsPC	0125a7d8	2	006571f0
NPlayerGui::CDrawAbilityButtonsPC	0125a7d8	3	00657200
NPlayerGui::CDrawAbilityButtonsPC	0125a7d8	4	00657220
NPlayerGui::CDrawQuickAccessIconsPC	0125a804	0	00657550
NPlayerGui::CDrawQuickAccessIconsPC	0125a804	2	00657580
NPlayerGui::CDrawAbilityButtonsPC	0125a7d8	5	006579e0
NPlayerGui::CDrawAbilityButtonsPC	0125a7d8	6	00657ac0
NPlayerGui::CDrawAbilityButtonsPC	0125a7d8	7	00657d90
NPlayerGui::CDrawAbilityButtonsPC	0125a7d8	9	00658020
CVillageTaskBase	0125a830	0	006582df
CTCVillage	0125a9ac	4	00659164
CTCVillage	0125a9ac	14	0065b0b4
CTCVillage	0125a9ac	9	0065c781
CTCVillage	0125a9ac	6	0065ce88
CTCVillage	0125a9ac	1	0065ce9b
CIntelligentPointer	0125a858	0	0065d7ba
CIntelligentPointer	0125a860	0	0065d863
CVillageTaskSecuritySweep	0125a868	0	0065dd4a
CIntelligentPointer	0125a894	0	0065e117
CIntelligentPointer	0125a89c	0	0065e17c
CIntelligentPointer	0125a8a4	0	0065e3a3
CVillageTaskTorch	0125a8ac	2	0065ed3a
CVillageTaskTorch	0125a8ac	0	0065ed3d
CVillageTaskTorch	0125a8ac	7	0065ed7a
CVillageTaskTorch	0125a8ac	9	0065ed8e
CVillageTaskTorch	0125a8ac	3	0065ed9d
CVillageTaskTorch	0125a8ac	4	0065edac
CVillageTaskHorn	0125a8d8	2	0065edec
CVillageTaskHorn	0125a8d8	0	0065edf0
CVillageTaskHorn	0125a8d8	7	0065ee2d
CVillageTaskHorn	0125a8d8	3	0065ee41
CVillageTaskHorn	0125a8d8	4	0065ee50
CVillageTaskPatrol	0125a900	2	0065ee9c
CVillageTaskPatrol	0125a900	0	0065eea0
CVillageTaskPatrol	0125a900	7	0065eedd
CVillageTaskPatrol	0125a900	4	0065eef1
CVillageTaskPickCrops	0125a928	2	0065ef31
CVillageTaskPickCrops	0125a928	0	0065ef35
CVillageTaskPickCrops	0125a928	7	0065ef72
CVillageTaskPickCrops	0125a928	4	0065ef86
CVillageTaskCarryCrate	0125a950	2	0065efd4
CVillageTaskCarryCrate	0125a950	0	0065efd8
CInputProcessPhotojournalCapture	01237ec8	11	00660025
CRenderManager	0129b400	2	0066006b
CTCVillage	0125a9ac	21	0066122a
CTCVillage	0125a9ac	22	0066122e
CTCVillage	0125a9ac	8	00661245
CTCVillage	0125a9ac	23	00661248
CTCVillage	0125a9ac	0	0066126b
CThingCreatureBase	0125ac0c	7	006619d0
CThingCreatureBase	0125ac0c	26	00661a40
CThingPlayerCreature	012457fc	2	00661a60
CThingPlayerCreature	012457fc	89	00661ca0
CThingPlayerCreature	012457fc	70	00661d00
CThingPlayerCreature	012457fc	67	00661fc0
CThingPlayerCreature	012457fc	75	00661fd0
CThingPlayerCreature	012457fc	58	00662850
CThingCreatureBase	0125ac0c	3	006628e0
CThingCreatureBase	0125ac0c	4	00662930
CThingPlayerCreature	012457fc	73	00662cc0
CThingPlayerCreature	012457fc	69	006635d0
CThingCreatureBase	0125ac0c	36	00663c40
CThingPlayerCreature	012457fc	68	00663e90
CThingCreatureBase	0125ac0c	11	00663f50
CThingPlayerCreature	012457fc	12	00664370
CThingCreatureBase	0125ac0c	8	00666310
CThingCreatureBase	0125ac0c	19	006666a0
CThingPlayerCreature	012457fc	71	00666850
CThingCreatureBase	0125ac0c	41	00667310
CThingCreatureBase	0125ac0c	65	00667d30
CIntelligentPointer	0125aaec	0	00668c50
NEntityEvents::CEventDied	0125aaf4	1	00669350
NEntityEvents::CEventDied	0125aaf4	0	00669360
CThingCreatureBase	0125ac0c	72	0066a4e0
CCombatAction_GenericResponseToExplosion	0125aedc	57	0066a650
CCombatAction_GenericResponseToExplosion	0125aedc	24	0066a660
CCombatAction_GenericResponseToDrain	0125b024	47	0066a6d0
CThingCreatureBase	0125ac0c	0	0066a6f0
CCombatAction_GenericResponseToDecapitation	0125ad94	0	0066a710
CCombatAction_GenericResponseToExplosion	0125aedc	0	0066a730
CCombatAction_GenericResponseToDrain	0125b024	0	0066a760
CCombatAction_GenericResponseToDecapitation	0125ad94	11	0066a780
CCombatAction_GenericResponseToExplosion	0125aedc	11	0066a7b0
CCombatAction_GenericResponseToDrain	0125b024	11	0066a880
CTCSoundPlayer	0125b1c4	10	0066a910
CTCSoundPlayer	0125b1c4	6	0066b040
CTCSoundPlayer	0125b1c4	9	0066bbf0
CIntelligentPointer	0125b1b8	0	0066c0e0
CTCSoundPlayer	0125b1c4	21	0066c290
CTCSoundPlayer	0125b1c4	22	0066c2a0
CTCSoundPlayer	0125b1c4	8	0066c2c0
CTCSoundPlayer	0125b1c4	0	0066c2d0
CInputTypeKeyboardKeyEvent	012318a4	2	0066ede0
CInputTypeKeyboardKeyEvent	012318a4	3	0066ee20
CInputTypeMouseButtonEvent	012318c8	2	0066eea0
CInputTypeMouseButtonEvent	012318c8	3	0066eee0
CInputTypeXboxPadButtonEvent	012317a8	2	0066f210
CInputTypeXboxPadButtonEvent	012317a8	3	0066f250
CInputTypeXboxPadLeftStickEvent	012317cc	2	0066f2d0
CInputTypeXboxPadLeftStickEvent	012317cc	3	0066f300
CInputTypeXboxPadLeftStickEvent	012317cc	5	0066f320
CInputTypeXboxPadRightStickEvent	012317f0	2	0066f360
CInputTypeXboxPadRightStickEvent	012317f0	3	0066f390
CInputTypeXboxPadRightStickEvent	012317f0	5	0066f3b0
CInputTypeMouseMovementEvent	01231814	2	0066f3f0
CInputTypeMouseMovementEvent	01231814	3	0066f420
CInputTypeMouseMovementEvent	01231814	5	0066f440
CInputTypeMouseWheelMovementEvent	01231838	2	0066f480
CInputTypeMouseWheelMovementEvent	01231838	3	0066f4b0
CInputTypeMouseWheelMovementEvent	01231838	5	0066f4d0
CInputTypeMouseWheelMovementUpEvent	0123185c	2	0066f510
CInputTypeMouseWheelMovementUpEvent	0123185c	3	0066f540
CInputTypeMouseWheelMovementUpEvent	0123185c	5	0066f580
CInputTypeMouseWheelMovementDownEvent	01231880	2	0066f590
CInputTypeMouseWheelMovementDownEvent	01231880	3	0066f5c0
CInputTypeMouseWheelMovementDownEvent	01231880	5	0066f600
CInputTypeKeyboardKeyEvent	012318a4	4	0066f610
CInputTypeKeyboardKeyEvent	012318a4	5	0066f630
CInputTypeMouseButtonEvent	012318c8	4	0066f6b0
CInputTypeMouseButtonEvent	012318c8	5	0066f6d0
CInputTypeXboxPadButtonEvent	012317a8	4	0066f730
CInputTypeXboxPadButtonEvent	012317a8	5	0066f750
CInputTypeXboxPadLeftStickEvent	012317cc	4	0066f7d0
CInputTypeXboxPadRightStickEvent	012317f0	4	0066f840
CInputTypeMouseMovementEvent	01231814	4	0066f8b0
CInputTypeMouseWheelMovementEvent	01231838	4	0066f930
CInputTypeMouseWheelMovementUpEvent	0123185c	4	0066f950
CInputTypeMouseWheelMovementDownEvent	01231880	4	0066f970
CPersistContext_TransferableVector	0124c5e0	5	0067006f
CTCCoopSpirit	0125b264	4	006700f0
CTCCoopSpirit	0125b264	9	00670a10
CTCCoopSpirit	0125b264	21	00670b50
CTCCoopSpirit	0125b264	22	00670b60
CTCCoopSpirit	0125b264	8	00670b80
CTCCoopSpirit	0125b264	0	00670c50
CThingCreatureDef	0125b2dc	23	00670d50
CThingCreatureDef	0125b2dc	20	006710d0
CThingCreatureDef	0125b2dc	0	006710e0
CThingCreatureDef	0125b2dc	19	00671150
CThingCreatureDef	0125b2dc	18	00671600
CCreatureDef	0125b43c	18	00675e20
CCreatureDef	0125b43c	20	006768c0
CCreatureDef	0125b43c	0	006768d0
CCreatureDef	0125b43c	19	00676a50
CThingBaseDef	0125b664	18	00676be0
CThingBaseDef	0125b664	20	00677350
CThingBaseDef	0125b664	0	00677360
CThingBaseDef	0125b664	19	00677390
CActionUseDef	0123200c	18	006773f0
CReactionMatch	0125b6d0	0	00677520
CReactionMatch_SecondaryAxisMRShifted	0125b6e8	2	006775a0
CReactionMatch_SecondaryAxisCentredMRShifted	0125b700	2	00677610
CReactionMatch_AsymmetricPyramid	0125b718	2	006776b0
CReactionMatch_MRPyramid	0125b730	2	00677740
COpinionReactionManagerDef	0125b7dc	18	00679740
CReactionMatch_SecondaryAxisMRShifted	0125b6e8	0	0067a450
CReactionMatch_SecondaryAxisCentredMRShifted	0125b700	0	0067a470
CReactionMatch_AsymmetricPyramid	0125b718	0	0067a490
CReactionMatch_MRPyramid	0125b730	0	0067a4b0
CReactionMatch_MoralityRenownBlob	0125b748	0	0067a4d0
CReactionMatch_Sphere	0125b7c4	2	0067c320
CReactionMatch_Sphere	0125b7c4	0	0067c330
COpinionReactionManagerDef	0125b7dc	20	0067c3b0
CBlurredAttitudesDef	0125b8ac	20	0067c510
CBlurredAttitudesDef	0125b8ac	0	0067c520
COpinionReactionManagerDef	0125b7dc	0	0067c570
CBlurredAttitudesDef	0125b8ac	19	0067c980
CBlurredAttitudesDef	0125b8ac	18	0067cdb0
COpinionReactionManagerDef	0125b7dc	19	0067ce40
CDegradableDef	01232d1c	18	0067e290
NHitLocations::CPhysicalPrimitiveBase	0125b97c	0	0067f570
NHitLocations::CPhysicalPrimitiveMesh	0125b9b0	2	0067f5b0
NHitLocations::CPhysicalPrimitiveMesh	0125b9b0	3	0067f5d0
NHitLocations::CPhysicalPrimitiveSphere	0125b9fc	2	0067f6e0
NHitLocations::CPhysicalPrimitiveSphere	0125b9fc	3	0067f700
NHitLocations::CPhysicalPrimitiveSphere	0125b9fc	0	0067f710
NHitLocations::CPhysicalPrimitiveCylinder	0125ba4c	2	0067f740
NHitLocations::CPhysicalPrimitiveCylinder	0125ba4c	3	0067f760
NHitLocations::CPhysicalPrimitiveCylinder	0125ba4c	0	0067f770
NHitLocations::CPhysicalPrimitiveMesh	0125b9b0	1	0067f790
NHitLocations::CPhysicalPrimitiveMesh	0125b9b0	0	0067f7b0
NHitLocations::CPhysicalPrimitiveSphere	0125b9fc	1	0067fdb0
NHitLocations::CPhysicalPrimitiveCylinder	0125ba4c	1	0067fdd0
CThingObjectDef	01234e94	23	00680050
CTCCreatureOpinionOfHero	0125bc3c	6	006815c0
CTCCreatureOpinionOfHero	0125bc3c	14	00681b30
CTCCreatureOpinionOfHero	0125bc3c	9	006823d0
CTCCreatureOpinionOfHero	0125bc3c	1	00684610
CPersistContext_TransferableComponent	0125babc	1	00685840
CPersistContext_TransferableComponent	0125babc	0	00685860
CPersistContext_TransferableComponent	0125bab0	0	006859b0
CPersistContext_TransferableComponent	0125bab0	1	00686200
CTCCreatureOpinionOfHero	0125bc3c	21	00686680
CTCCreatureOpinionOfHero	0125bc3c	22	00686690
CTCCreatureOpinionOfHero	0125bc3c	8	006866b0
CTCCreatureOpinionOfHero	0125bc3c	23	006866c0
CTCCreatureOpinionOfHero	0125bc3c	0	006866d0
CTCInGameMenu	01236804	2	006867f0
CTCInGameMenu	01236804	3	00686840
CTCRotate	0123a024	4	00686850
CTCInGameMenu	01236804	5	00686860
CTCInGameMenu	01236804	6	00686870
CTCInGameMenu	01236804	7	00686880
CTCInGameMenu	01236804	8	00686890
CTCInGameMenu	01236804	9	006868a0
CTCInGameMenu	01236804	10	006868b0
NGraphicAppearance::CTCGraphicAppearance	0123986c	11	006868c0
CTCInGameMenu	01236804	12	006868d0
CTCInGameMenu	01236804	13	006868e0
CTCInGameMenu	01236804	14	006868f0
CTCInGameMenu	01236804	15	00686900
CTCInGameMenu	01236804	16	00686910
CTCInGameMenu	01236804	17	00686920
CTCInGameMenu	01236804	18	00686930
CTCInGameMenu	01236804	19	00686940
CTCInGameMenu	01236804	20	00686950
CTCInGameMenu	01236804	1	00686960
CTCInGameMenu	01236804	23	00686970
CTCInGameMenu	01236804	24	00686980
CTCInGameMenu	01236804	25	00686990
NGraphicAppearance::CTCGraphicAppearance	0123986c	26	006869a0
CTCInGameMenu	01236804	27	006869b0
CTCBase	0125be0c	0	00687050
CMessageEvent	0125be8c	0	006872b0
CInputProcessMain	0123758c	1	00687a70
CInputProcessMain	0123758c	8	00687db0
CInputProcessGameBase	0125be98	0	00687df0
CInputProcessConsole	01237f24	4	00687f80
CInputProcessMain	0123758c	4	00687fd0
CInputProcessControlCreature	012375b4	6	006881d0
CInputProcessControlCreatureActivateZTarget	012375dc	4	00688260
CInputProcessControlCreatureActivateZTargetOnPress	01237604	4	006882f0
CInputProcessControlCreature	012375b4	4	00688360
CInputProcessDead	0123762c	4	00688a00
CInputProcessTargetLockCycleTargets	0123767c	6	00688a20
CInputProcessTargetLockRightStickTargetSelect	012376a4	1	00688a60
CInputProcessTargetLockRightStickTargetSelect	012376a4	6	00688a70
CInputProcessStrafe	01237654	4	00688a80
CInputProcessZTarget	01238028	6	00688c40
CInputProcessTargetLockCycleTargets	0123767c	1	00688c90
CInputProcessZTarget	01238028	1	00688d40
CInputProcessZTarget	01238028	4	00688eb0
CInputProcessTargetLockCycleTargets	0123767c	4	00689050
CInputProcessTargetLockRightStickTargetSelect	012376a4	4	00689130
CInputProcessInventoryBase	012376cc	2	006893b0
CInputProcessInventoryBase	012376cc	4	006894c0
CInputProcessInventory	012376f8	9	006896a0
CInputProcessInventoryClothing	01237724	9	006896b0
CInputProcessInventoryClothing	01237724	4	006896c0
CInputProcessInventoryWeapons	01237750	9	00689810
CInputProcessInventoryWeapons	01237750	4	00689820
CInputProcessHeroAbilitiesScreen	0123777c	9	00689970
CInputProcessHeroAbilitiesScreen	0123777c	4	00689980
CInputProcessInventoryMapScreen	012377a8	9	00689ad0
CInputProcessInventoryExperienceScreen	012377d4	9	00689ae0
CInputProcessInventoryTradeScreen	01237800	9	00689af0
CInputProcessInventoryQuestsScreen	0123782c	9	00689b00
CInputProcessInventoryMagicScreen	01237858	9	00689c10
CInputProcessInventoryMagicScreen	01237858	4	00689c20
CInputProcessInventoryStatsScreen	01237884	9	00689c30
CInputProcessInventoryStatsScreen	01237884	4	00689c40
CInputProcessInventory	012376f8	2	00689da0
CInputProcessInventory	012376f8	4	00689df0
CInputProcessInventoryClothing	01237724	2	0068acf0
CInputProcessInventoryWeapons	01237750	2	0068ad40
CInputProcessHeroAbilitiesScreen	0123777c	2	0068ad90
CInputProcessInventoryMapScreen	012377a8	2	0068ade0
CInputProcessInventoryMapScreen	012377a8	4	0068ae30
CInputProcessInventoryExperienceScreen	012377d4	2	0068b290
CInputProcessInventoryExperienceScreen	012377d4	4	0068b2e0
CInputProcessInventoryTradeScreen	01237800	2	0068b770
CInputProcessInventoryTradeScreen	01237800	4	0068b7c0
CInputProcessInventoryQuestsScreen	0123782c	2	0068bc20
CInputProcessInventoryQuestsScreen	0123782c	4	0068bc70
CInputProcessInventoryMagicScreen	01237858	2	0068c630
CInputProcessInventoryStatsScreen	01237884	2	0068c680
CInputProcessHeroInformationScreens	012378b0	4	0068c6d0
CInputProcessClickPastText	012378d8	4	0068c6e0
CInputProcessBButtonExitMode	01237928	4	0068c760
CInputProcessToggleViewHeroMode	01237950	4	0068c7f0
CInputProcessYesNoQuestion	01237900	4	0068c880
CInputProcessFirstPerson	01237978	4	0068cac0
CInputProcessFreezeControls	012379a0	4	0068cb60
CInputProcessControlFreeCamera	012379c8	2	0068cb70
CInputProcessControlFreeCamera	012379c8	4	0068cb90
CInputProcessFirstPersonLookAround	01237a18	4	0068d700
CInputProcessCameraLookAround	012379f0	4	0068d790
CInputProcessControlCreatureRightStick	01237a40	2	0068d830
CInputProcessControlCreatureRightStick	01237a40	6	0068d840
CInputProcessControlCreatureRightStick	01237a40	4	0068d890
CInputProcessCycleSpecialCameraModes	01237a68	4	0068dbb0
CInputProcessUseEnvironment	01237a90	4	0068dd00
CInputProcessBlock	01237ab8	4	0068e2c0
CInputProcessBlock	01237ab8	6	0068e330
CInputProcessQuickAccessItems	01237ae0	6	0068e450
CInputProcessQuickAccessItems	01237ae0	3	0068e4d0
CInputProcessQuickAccessItems	01237ae0	4	0068e510
CInputProcessSetRangedWeaponThirdPersonMode	01237b58	4	0068ea60
CInputProcessWatchForRangedWeaponThirdPersonModeTermination	01237b80	1	0068eae0
CInputProcessWatchForWillChargeUpThirdPersonModeTermination	01237ba8	1	0068eaf0
CInputProcessUseRangedWeaponZLock	01237bd0	4	0068eb00
CInputProcessUseRangedWeaponZLock	01237bd0	6	0068eb10
CInputProcessSetRangedWeaponMode	01237b30	4	0068f180
CInputProcessWatchForRangedWeaponThirdPersonModeTermination	01237b80	6	0068f250
CInputProcessWatchForWillChargeUpThirdPersonModeTermination	01237ba8	6	0068f2a0
CInputProcessProjectileTargetingAnalogueZoom	01237bf8	4	0068f320
CInputProcessUseRangedWeapon	01237b08	4	0068f9d0
CInputProcessCombat	012380b4	4	0068fb90
CInputProcessLightning	01237c48	4	0068fed0
CInputProcessLightning	01237c48	6	0068fee0
CInputProcessSpecialAbilities	01237c20	6	0068ff50
CConsoleClasslessCommand	0122e65c	9	0069002e
CInputProcessSpecialAbilities	01237c20	4	00690030
NCameraModes::CScriptModuleTavernGame	01255fc4	9	0069004d
NThingMap::CThingMapManager	01244678	2	00690067
CConsoleClasslessCommand	0122e65c	10	0069006e
CInputTypeMouseButtonEvent	012318c8	9	00690073
NUISystem::CUIStateDef	0125871c	28	00690075
CInputProcessRebootGame	01237c70	4	00690360
CInputProcessFirstPersonTargeting	01237c98	4	00690390
CInputProcessInGameMenu	01237cc0	4	00690480
CInputProcessInGameMenu	01237cc0	2	006907d0
CInputProcessTavernGame	01237ce8	2	00690820
CInputProcessTavernGame	01237ce8	4	00690830
CInputProcessCutScene	01237d10	4	006909a0
CInputProcessCutScene	01237d10	7	00690ac0
CInputProcessFishing	01237d38	4	00690b20
CInputProcessDigging	01237d60	4	00690c70
CInputProcessParalysed	01237d88	2	00690d20
CInputProcessParalysed	01237d88	4	00690d30
CCombatAction_GenericBreakOffDrain	0125bf6c	47	00690df0
CCombatAction_GenericBreakOffDrain	0125bf6c	0	00690e10
CCombatAction_GenericBreakOffDrain	0125bf6c	11	00690e30
CInputProcessBoastUI	01237db0	2	00690e60
CInputProcessBoastUI	01237db0	4	00690e70
CInputProcessQuickAccessMenu	01237dd8	2	00690fc0
CInputProcessQuickAccessMenu	01237dd8	4	00690fd0
CInputProcessQuestCompletionUI	01237e00	4	00691130
CInputProcessCreditsUI	01237e28	2	00691460
CInputProcessCreditsUI	01237e28	4	00691470
CInputProcessBetting	01237e50	2	00691550
CInputProcessBetting	01237e50	4	00691560
CInputProcessOracleMinigame	01237e78	4	00691680
CInputProcessFireheartMinigame	01237ea0	4	00691870
CInputProcessPhotojournalCapture	01237ec8	2	00691ac0
CInputProcessPhotojournalCapture	01237ec8	10	00691ad0
CInputProcessPhotojournalCapture	01237ec8	4	00691ae0
CInputProcessCreatureMovementWatchForControlAngleChange	01237f74	2	00691c20
CInputProcessCreatureMovementWatchForControlAngleChange	01237f74	4	00691c50
CInputProcessCreatureMovement	01237f4c	2	00691d20
CInputProcessCreatureMovement	01237f4c	4	00691d70
CInputProcessDebugControls	01237f9c	4	00691fd0
CInputProcessDebugControls	01237f9c	2	00691fe0
NCreatureAction::CActionEventTriggerParticle	0125c0d8	2	00692150
NCreatureAction::CActionEventCameraShake	0125c0fc	2	00692190
NCreatureAction::CActionEventSound	0125c11c	2	006921d0
NCreatureAction::CActionEventShot	0125c13c	2	00692210
NCreatureAction::CActionEventExplosion	0125c154	2	00692250
NCreatureAction::CActionEventAddObject	0125c178	2	006922a0
NCreatureAction::CActionEventRemoveObject	0125c1a0	2	006922e0
NEntityEvents::CEventCutSceneAnimEvent	0125c1cc	1	00692370
CCreatureAction_StartSneaking	01258dfc	64	006923a0
CCreatureAction_StartSneaking	01258dfc	6	00692460
CCreatureAction_StartSneaking	01258dfc	53	00692480
CCreatureAction_StartSneaking	01258dfc	9	006924c0
CCreatureAction_StartSneaking	01258dfc	10	006924d0
CCreatureAction_StartSneaking	01258dfc	13	006924e0
CCreatureAction_StartSneaking	01258dfc	14	006924f0
CCreatureAction_StartSneaking	01258dfc	15	00692500
CCreatureAction_StartSneaking	01258dfc	17	00692510
CCreatureAction_StartSneaking	01258dfc	19	00692520
CCreatureAction_StartSneaking	01258dfc	18	00692530
CCreatureAction_StartSneaking	01258dfc	24	00692540
CCreatureAction_StartSneaking	01258dfc	25	00692550
CCreatureAction_StartSneaking	01258dfc	26	00692560
CCreatureAction_StartSneaking	01258dfc	27	00692570
CCreatureAction_StartSneaking	01258dfc	29	00692580
CCreatureAction_StartSneaking	01258dfc	43	00692590
CCreatureAction_StartSneaking	01258dfc	45	00692630
CCreatureAction_StartSneaking	01258dfc	46	00692640
CCreatureAction_StartSneaking	01258dfc	47	00692650
CCreatureAction_StartSneaking	01258dfc	48	00692660
CCreatureAction_StartSneaking	01258dfc	50	00692670
CCreatureAction_StartSneaking	01258dfc	57	00692680
CCreatureAction_StartSneaking	01258dfc	58	00692690
CCreatureAction_StartSneaking	01258dfc	59	006926a0
CCreatureAction_StartSneaking	01258dfc	16	006926b0
CCreatureAction_StartSneaking	01258dfc	20	006926c0
CCreatureAction_StartSneaking	01258dfc	21	006926d0
CCreatureAction_StartSneaking	01258dfc	22	006926e0
CCreatureAction_StartSneaking	01258dfc	23	006926f0
CCreatureAction_StartSneaking	01258dfc	28	00692710
CCreatureAction_StartSneaking	01258dfc	30	00692720
CCreatureAction_StartSneaking	01258dfc	31	00692730
CCreatureAction_StartSneaking	01258dfc	32	00692740
CCreatureAction_StartSneaking	01258dfc	33	00692750
CCreatureAction_StartSneaking	01258dfc	34	00692760
CCreatureAction_StartSneaking	01258dfc	35	00692770
CCreatureAction_StartSneaking	01258dfc	36	00692780
CCreatureAction_StartSneaking	01258dfc	37	00692790
CCreatureAction_StartSneaking	01258dfc	38	006927a0
CCreatureAction_StartSneaking	01258dfc	39	006927b0
CCreatureAction_StartSneaking	01258dfc	40	006927c0
CCreatureAction_StartSneaking	01258dfc	41	006927d0
CCreatureAction_StartSneaking	01258dfc	42	006927e0
CCreatureAction_StartSneaking	01258dfc	51	006927f0
CCreatureAction_StartSneaking	01258dfc	52	00692800
CCreatureAction_StartSneaking	01258dfc	54	00692810
CCreatureAction_StartSneaking	01258dfc	55	00692820
CCreatureAction_StartSneaking	01258dfc	68	00692830
CCreatureAction_StartSneaking	01258dfc	69	00692840
CCreatureAction_StartSneaking	01258dfc	5	00692850
CCreatureAction_StartSneaking	01258dfc	7	00692870
CCreatureAction_StartSneaking	01258dfc	65	00692880
CCreatureAction_StartSneaking	01258dfc	66	00692890
CCreatureAction_StartSneaking	01258dfc	67	006928b0
CCreatureAction_StartSneaking	01258dfc	44	00692960
CCreatureAction_StartSneaking	01258dfc	8	006929c0
CCreatureAction_ThrowGameObject	01259044	49	00692a20
CCreatureAction_StartSneaking	01258dfc	60	00692b30
CCreatureAction_StartSneaking	01258dfc	62	00692bc0
CCreatureAction_StartSneaking	01258dfc	63	00692c30
CCreatureAction_StartSneaking	01258dfc	61	00692c80
CCreatureAction_StartSneaking	01258dfc	2	00692db0
CCreatureAction_StartSneaking	01258dfc	56	00694020
CCreatureAction_StopSneaking	01258f24	4	00694430
CCreatureAction_StartSneaking	01258dfc	12	00694d10
NCreatureAction::CActionEventBase	0125c0c0	0	006953c0
NCreatureAction::CActionEventTriggerParticle	0125c0d8	3	006953e0
NCreatureAction::CActionEventTriggerParticle	0125c0d8	0	00695450
NCreatureAction::CActionEventCameraShake	0125c0fc	3	00695480
NCreatureAction::CActionEventCameraShake	0125c0fc	0	006954d0
NCreatureAction::CActionEventSound	0125c11c	3	006954f0
NCreatureAction::CActionEventSound	0125c11c	0	00695540
NCreatureAction::CActionEventShot	0125c13c	3	00695560
NCreatureAction::CActionEventShot	0125c13c	0	006955b0
NCreatureAction::CActionEventExplosion	0125c154	3	006955d0
NCreatureAction::CActionEventExplosion	0125c154	0	00695640
NCreatureAction::CActionEventAddObject	0125c178	3	00695670
NCreatureAction::CActionEventAddObject	0125c178	0	006956e0
NCreatureAction::CActionEventRemoveObject	0125c1a0	3	00695710
NCreatureAction::CActionEventRemoveObject	0125c1a0	0	00695760
NEntityEvents::CEventCutSceneAnimEvent	0125c1cc	0	006957e0
CAIGameCameraBase	0125c1f4	2	00697030
CAIGameCameraBase	0125c1f4	3	00697040
CAIGameCameraBase	0125c1f4	4	00697050
CAIGameCameraBase	0125c1f4	5	00697060
CAIGameCameraBase	0125c1f4	6	00697070
CAIGameCameraBase	0125c1f4	7	00697080
CAIGameCameraBase	0125c1f4	8	006970a0
CAIGameCameraBase	0125c1f4	10	006970b0
CAIGameCameraBase	0125c1f4	9	006970c0
CAIGameCameraBase	0125c1f4	12	006970d0
CAIGameCameraBase	0125c1f4	13	006970e0
CAIGameCameraBase	0125c1f4	14	006970f0
CAIGameCameraBase	0125c1f4	15	00697100
CAIGameCameraBase	0125c1f4	16	00697110
CAIGameCameraBase	0125c1f4	17	00697120
CAIGameCameraBase	0125c1f4	18	00697130
CAIGameCameraBase	0125c1f4	19	00697140
CAIGameCameraBase	0125c1f4	20	00697150
CAIGameCameraBase	0125c1f4	21	00697160
CAIGameCameraBase	0125c1f4	22	00697170
CAIGameCameraBase	0125c1f4	23	00697180
CAIGameCameraBase	0125c1f4	24	006971a0
CGameCameraManager	0125c754	28	006976f0
CGameCameraManager	0125c754	7	00697700
CGameCameraManager	0125c754	8	00697750
CGameCameraManager	0125c754	27	00697c10
CGameCameraManager	0125c754	1	00697f30
CGameCameraManager	0125c754	3	00697f50
CGameCameraManager	0125c754	4	00697f80
CGameCameraManager	0125c754	5	00698170
CGameCameraManager	0125c754	6	00698430
CGameCameraManager	0125c754	2	006992a0
CGameCameraManager	0125c754	0	0069b790
CIntelligentPointer	0125c29c	0	0069baf0
CAIGameCameraBase	0125c1f4	11	0069c1b0
NCameraModes::CStringAndCageBase	0125c37c	22	0069dd00
NCameraModes::CStringAndCageBase	0125c37c	6	0069dd10
NCameraModes::CStringAndCageBase	0125c37c	14	0069dd20
NCameraModes::CStringAndCageBase	0125c37c	9	0069dd30
NCameraModes::CStringAndCageBase	0125c37c	24	0069dd40
NCameraModes::CStringAndCageBase	0125c37c	25	0069dd60
NCameraModes::CStringAndCageBase	0125c37c	26	0069dd80
NCameraModes::CStringAndCageBase	0125c37c	27	0069dd90
NCameraModes::CStringAndCageBase	0125c37c	28	0069dda0
NCameraModes::CStringAndCageBase	0125c37c	29	0069ddb0
NCameraModes::CStringAndCageBase	0125c37c	30	0069ddc0
NCameraModes::CStringAndCageBase	0125c37c	31	0069dde0
NCameraModes::CStringAndCageBase	0125c37c	0	0069de00
NCameraModes::CStringAndCage	0125c404	2	0069dea0
NCameraModes::CStringAndCage	0125c404	18	0069deb0
NCameraModes::CStringAndCage	0125c404	28	0069dec0
NCameraModes::CStringAndCage	0125c404	29	0069ded0
NCameraModes::CFixedDolly	0125c48c	2	0069df30
NCameraModes::CFixedDolly	0125c48c	25	0069df40
NCameraModes::CFixedDolly	0125c48c	0	0069df50
NCameraModes::CTrack	0125c50c	2	0069dfd0
NCameraModes::CScriptedControl	0125c58c	2	0069e040
NCameraModes::CScriptedControl	0125c58c	7	0069e050
NCameraModes::CScriptedControl	0125c58c	15	0069e060
NCameraModes::CDead	0125c5f4	2	0069e0c0
NCameraModes::CRotateAround	0125c674	2	0069e0f0
NCameraModes::CRotateAround	0125c674	6	0069e100
NCameraModes::CRotateAround	0125c674	10	0069e110
NCameraModes::CRotateAround	0125c674	9	0069e120
NCameraModes::CRotateAround	0125c674	22	0069e130
NCameraModes::COrbitGame	0125c6dc	2	0069e160
NCameraModes::COrbitGame	0125c6dc	6	0069e170
NCameraModes::COrbitGame	0125c6dc	10	0069e180
NCameraModes::COrbitGame	0125c6dc	7	0069e190
NCameraModes::COrbitGame	0125c6dc	22	0069e1a0
CGameCameraManager	0125c754	25	0069e1b0
CGameCameraManager	0125c754	26	0069e1c0
CGameCameraManager	0125c754	10	0069e1d0
CGameCameraManager	0125c754	9	0069e1e0
CGameCameraManager	0125c754	11	0069e1f0
NCameraModes::CStringAndCage	0125c404	0	0069e6b0
NCameraModes::CTrack	0125c50c	0	0069e6e0
NCameraModes::CScriptedControl	0125c58c	0	0069e700
NCameraModes::CDead	0125c5f4	0	0069e730
NCameraModes::CRotateAround	0125c674	0	0069e750
NCameraModes::COrbitGame	0125c6dc	0	0069e770
CGameCameraManager	0125c754	24	0069e790
NDisplayView::CViewBase	0125c7cc	0	0069e830
NDisplayView::CViewBase	0125c7cc	1	0069e840
NDisplayView::CViewBase	0125c7cc	2	0069e850
NDisplayView::CViewBase	0125c7cc	3	0069e860
NDisplayView::CView3DThirdPerson	0125c7f8	4	0069e8f0
NDisplayView::CView3DBase	0125c7e0	3	0069e980
NDisplayView::CView3DBase	0125c7e0	2	0069edc0
CTCParamsBase	0125c810	0	0069eed0
CCreatureAction_UseObject	0125cefc	4	0069f2b0
CCreatureAction_SheatheItemToInventory	0125c83c	12	0069f480
CCreatureAction_SheatheItemToInventory	0125c83c	3	0069f4f0
CCreatureAction_SheatheItemToInventory	0125c83c	4	0069f670
CCreatureAction_SheatheItemToInventory_ForEnflame	0125c95c	12	0069f700
CCreatureAction_SheatheItemToInventory_ForEnflame	0125c95c	3	0069f740
CCreatureAction_SheatheItemToInventory_ForEnflame	0125c95c	4	0069f750
CCreatureAction_SheatheItemToInventory_ForDivineWrath	0125ca7c	12	0069f7b0
CCreatureAction_SheatheItemToInventory_ForDivineWrath	0125ca7c	3	0069f7f0
CCreatureAction_SheatheItemToInventory_ForDivineWrath	0125ca7c	4	0069f800
CCreatureAction_SheatheItemToInventory_ForUnholyPower	0125cb9c	12	0069f860
CCreatureAction_SheatheItemToInventory_ForUnholyPower	0125cb9c	3	0069f8a0
CCreatureAction_SheatheItemToInventory_ForUnholyPower	0125cb9c	4	0069f8b0
CCreatureAction_UnsheatheItemFromInventory	0125ccbc	12	0069f910
CCreatureAction_UnsheatheItemFromInventory	0125ccbc	3	0069f9e0
CCreatureAction_UnsheatheItemFromInventory	0125ccbc	4	0069fc40
CCreatureAction_UnsheatheItemFromInventoryWithHasteAction	0125cddc	3	0069fcd0
CCreatureAction_UseObject	0125cefc	56	0069fce0
CCreatureAction_UseObject	0125cefc	3	0069fe60
CCreatureAction_UnsheatheItemFromInventoryWithHasteAction	0125cddc	4	006a02b0
CCreatureAction_UseObject	0125cefc	12	006a03a0
CTCParamsPhysicsBase	0125c818	0	006a0730
NEntityEvents::CEventItemUsed	0125c820	1	006a0790
NEntityEvents::CEventItemUsed	0125c820	0	006a07a0
CCreatureAction_SheatheItemToInventory_ForEnflame	0125c95c	45	006a07d0
CCreatureAction_SheatheItemToInventory_ForEnflame	0125c95c	47	006a07e0
CCreatureAction_SheatheItemToInventory_ForDivineWrath	0125ca7c	45	006a07f0
CCreatureAction_SheatheItemToInventory_ForDivineWrath	0125ca7c	47	006a0800
CCreatureAction_SheatheItemToInventory_ForUnholyPower	0125cb9c	45	006a0810
CCreatureAction_SheatheItemToInventory_ForUnholyPower	0125cb9c	47	006a0820
CCreatureAction_UseObject	0125cefc	58	006a0830
CCreatureAction_UseObject	0125cefc	5	006a0840
CCreatureAction_UseObject	0125cefc	24	006a0850
CCreatureAction_UseObject	0125cefc	49	006a0860
CCreatureAction_UseObject	0125cefc	50	006a0870
CCreatureAction_UseObject	0125cefc	0	006a0880
CCreatureAction_UnsheatheItemFromInventory	0125ccbc	0	006a08b0
CCreatureAction_UnsheatheItemFromInventoryWithHasteAction	0125cddc	0	006a08d0
CCreatureAction_SheatheItemToInventory	0125c83c	0	006a08f0
CCreatureAction_SheatheItemToInventory_ForEnflame	0125c95c	0	006a0950
CCreatureAction_SheatheItemToInventory_ForDivineWrath	0125ca7c	0	006a0970
CCreatureAction_SheatheItemToInventory_ForUnholyPower	0125cb9c	0	006a0990
CCreatureAction_SheatheItemToInventory	0125c83c	11	006a0c20
CCreatureAction_SheatheItemToInventory_ForEnflame	0125c95c	11	006a0c90
CCreatureAction_SheatheItemToInventory_ForDivineWrath	0125ca7c	11	006a0cc0
CCreatureAction_SheatheItemToInventory_ForUnholyPower	0125cb9c	11	006a0cf0
CCreatureAction_UseObject	0125cefc	11	006a0d20
CCreatureAction_UnsheatheItemFromInventory	0125ccbc	11	006a0e50
CCreatureAction_UnsheatheItemFromInventoryWithHasteAction	0125cddc	11	006a0ef0
CTCCarrying	012433f4	9	006a0fe0
CTCCarrying	012433f4	14	006a0ff0
CTCCarrying	012433f4	16	006a2370
CTCCarrying	012433f4	4	006a2540
CInputProcessJumpingAndRolling	01238050	2	006a4010
CInputProcessJumpingAndRolling	01238050	6	006a40b0
CInputProcessJumpingAndRolling	01238050	4	006a4700
CThingPhysical	01244e84	7	006a4b70
CThingPhysical	01244e84	2	006a4ba0
CThingPhysical	01244e84	11	006a4cf0
CThingPhysical	01244e84	8	006a4d20
CThingPhysical	01244e84	55	006a4d90
CThingPhysical	01244e84	35	006a4e70
CThingPhysical	01244e84	25	006a4e90
CThingPhysical	01244e84	9	006a5230
CThingPhysical	01244e84	3	006a5af0
CThingPhysical	01244e84	4	006a5d90
CThingPhysical	01244e84	36	006a64d0
CThingPhysical	01244e84	19	006a6880
CThingPhysical	01244e84	59	006a68f0
CPhysicsMeshObject	0125d084	0	006a6ba0
CInputProcessControlSpirit	0125d110	4	006a9170
CInputProcessControlSpirit	0125d110	2	006a9180
CInputProcessControlSpirit	0125d110	0	006a91d0
CThingPlayerCreature	012457fc	7	006a94b0
CThingPlayerCreature	012457fc	20	006a9510
CThingPlayerCreature	012457fc	26	006a9550
CThingPlayerCreature	012457fc	33	006a9560
CThingPlayerCreature	012457fc	91	006a9570
CThingPlayerCreature	012457fc	11	006a9590
CThingPlayerCreature	012457fc	92	006a9870
CThingPlayerCreature	012457fc	82	006a9880
CThingPlayerCreature	012457fc	81	006a9890
CThingPlayerCreature	012457fc	79	006a98a0
CThingPlayerCreature	012457fc	83	006a98b0
CThingPlayerCreature	012457fc	25	006a98c0
CThingPlayerCreature	012457fc	3	006a98f0
CThingPlayerCreature	012457fc	4	006a9960
CThingPlayerCreature	012457fc	90	006a99c0
CThingPlayerCreature	012457fc	87	006a9c10
CThingPlayerCreature	012457fc	78	006a9c20
CThingPlayerCreature	012457fc	84	006a9c30
CThingPlayerCreature	012457fc	85	006a9c40
CThingPlayerCreature	012457fc	86	006a9c50
CThingPlayerCreature	012457fc	34	006a9d10
CThingPlayerCreature	012457fc	8	006a9ef0
CThingPlayerCreature	012457fc	36	006aa2e0
CThingPlayerCreature	012457fc	72	006aabe0
CThingPlayerCreature	012457fc	65	006ab0e0
CThingPlayerCreature	012457fc	13	006ab300
CThingPlayerCreature	012457fc	41	006ad580
CThingPlayerCreature	012457fc	19	006ad9d0
CTCRegionFollower	0125d234	21	006af050
CTCRegionFollower	0125d234	22	006af060
CTCRegionFollower	0125d234	0	006af080
CTCPhysicsBase	0125d2c4	3	006af700
CTCPhysicsBase	0125d2c4	96	006af740
CTCPhysicsBase	0125d2c4	94	006af780
CTCPhysicsBase	0125d2c4	80	006af790
CTCPhysicsBase	0125d2c4	88	006afbf0
CTCPhysicsBase	0125d2c4	46	006afca0
CTCPhysicsBase	0125d2c4	9	006afd60
CTCPhysicsBase	0125d2c4	83	006afe50
CTCPhysicsBase	0125d2c4	45	006b0150
CTCPhysicsBase	0125d2c4	31	006b01d0
CTCPhysicsBase	0125d2c4	4	006b0780
CTCPhysicsBase	0125d2c4	1	006b08f0
CTCPhysicsBase	0125d2c4	5	006b0b30
CTCPhysicsBase	0125d2c4	30	006b0c10
CTCPhysicsBase	0125d2c4	21	006b1060
CTCPhysicsBase	0125d2c4	32	006b1070
CTCPhysicsBase	0125d2c4	33	006b1080
CTCPhysicsBase	0125d2c4	34	006b1090
CTCPhysicsBase	0125d2c4	35	006b10a0
CTCPhysicsBase	0125d2c4	36	006b10b0
CTCPhysicsBase	0125d2c4	37	006b10c0
CTCPhysicsBase	0125d2c4	38	006b10d0
CTCPhysicsBase	0125d2c4	40	006b10e0
CTCPhysicsBase	0125d2c4	41	006b10f0
CTCPhysicsBase	0125d2c4	42	006b1100
CTCPhysicsBase	0125d2c4	43	006b1110
CTCPhysicsBase	0125d2c4	44	006b1120
CTCPhysicsBase	0125d2c4	47	006b1130
CTCPhysicsBase	0125d2c4	48	006b1140
CTCPhysicsBase	0125d2c4	49	006b1150
CTCPhysicsBase	0125d2c4	50	006b1160
CTCPhysicsBase	0125d2c4	51	006b1170
CTCPhysicsBase	0125d2c4	52	006b1180
CTCPhysicsBase	0125d2c4	53	006b1190
CTCPhysicsBase	0125d2c4	54	006b11a0
CTCPhysicsBase	0125d2c4	55	006b11b0
CTCPhysicsBase	0125d2c4	56	006b11c0
CTCPhysicsBase	0125d2c4	57	006b11d0
CTCPhysicsBase	0125d2c4	58	006b11e0
CTCPhysicsBase	0125d2c4	59	006b11f0
CTCPhysicsBase	0125d2c4	60	006b1200
CTCPhysicsBase	0125d2c4	61	006b1210
CTCPhysicsBase	0125d2c4	62	006b1220
CTCPhysicsBase	0125d2c4	63	006b1230
CTCPhysicsBase	0125d2c4	64	006b1240
CTCPhysicsBase	0125d2c4	65	006b1250
CTCPhysicsBase	0125d2c4	66	006b1260
CTCPhysicsBase	0125d2c4	67	006b1270
CTCPhysicsBase	0125d2c4	68	006b1280
CTCPhysicsBase	0125d2c4	72	006b1290
CTCPhysicsBase	0125d2c4	73	006b12a0
CTCPhysicsBase	0125d2c4	74	006b12b0
CTCPhysicsBase	0125d2c4	75	006b12c0
CTCPhysicsBase	0125d2c4	77	006b12d0
CTCPhysicsBase	0125d2c4	78	006b12e0
CTCPhysicsBase	0125d2c4	79	006b12f0
CTCPhysicsBase	0125d2c4	81	006b1300
CTCPhysicsBase	0125d2c4	82	006b1310
CTCPhysicsBase	0125d2c4	84	006b1320
CTCPhysicsBase	0125d2c4	8	006b1330
CTCPhysicsBase	0125d2c4	85	006b1340
CTCPhysicsBase	0125d2c4	86	006b1350
CTCPhysicsBase	0125d2c4	87	006b1360
CTCPhysicsBase	0125d2c4	23	006b1370
CTCPhysicsBase	0125d2c4	20	006b1380
CTCPhysicsBase	0125d2c4	25	006b1390
CTCPhysicsBase	0125d2c4	89	006b13a0
CTCPhysicsBase	0125d2c4	93	006b13b0
CTCPhysicsBase	0125d2c4	95	006b13c0
CTCPhysicsBase	0125d2c4	28	006b13d0
CTCPhysicsBase	0125d2c4	29	006b13f0
CTCPhysicsBase	0125d2c4	70	006b1410
CTCPhysicsBase	0125d2c4	69	006b1430
CTCPhysicsBase	0125d2c4	71	006b1450
CTCPhysicsBase	0125d2c4	76	006b1490
CTCPhysicsBase	0125d2c4	39	006b14b0
CTCPhysicsBase	0125d2c4	0	006b14d0
CAtmosProcess::CMyAtmosMap	0125d47c	0	006b1580
CAtmosProcess::CMyAtmosMap	0125d47c	1	006b15c0
CGameNavigatorManagerExternalInterface	01238c58	1	006b2960
CIDrawEnvironment	0125d4e4	0	006b2ad0
CEnvironment	0125d53c	2	006b7310
CEnvironment	0125d53c	3	006b7320
CEnvironment	0125d53c	4	006b7330
CEnvironment	0125d53c	5	006b7340
CEnvironment	0125d53c	1	006b7350
CEnvironment	0125d53c	0	006b7360
CGameMap	0125d558	0	006b81a0
CPersistContext_TransferableComponent	0125d560	1	006bace0
CPersistContext_TransferableComponent	0125d560	0	006bad20
CConsoleCommand	0125d668	5	006bbed0
CConsoleCommand	0125d668	0	006bbee0
CTCBuyableHouse	0125d6a4	8	006bf7a0
CTCBuyableHouse	0125d6a4	23	006bf7c0
CTCBuyableHouse	0125d6a4	4	006bf9e0
CPersistContext_TransferableVector	0124c5e0	4	006c005c
CTCBuyableHouse	0125d6a4	1	006c0810
CTCBuyableHouse	0125d6a4	9	006c1250
CTCBuyableHouse	0125d6a4	6	006c14d0
CTCBuyableHouse	0125d6a4	21	006c1ad0
CTCBuyableHouse	0125d6a4	22	006c1ae0
CTCBuyableHouse	0125d6a4	0	006c1bc0
CLevelLoader	0125d9b0	4	006c27d0
CLevelLoader	0125d9b0	0	006c2e90
CTCFadeOutAndIn	0125da0c	2	006c3b50
CTCFadeOutAndIn	0125da0c	9	006c3f40
CTCFadeOutAndIn	0125da0c	21	006c43f0
CTCFadeOutAndIn	0125da0c	22	006c4400
CTCFadeOutAndIn	0125da0c	8	006c4420
CTCFadeOutAndIn	0125da0c	0	006c4430
CPersistContext_TransferableVector	0125e9dc	0	006c5080
CTCHeroOpinionDeedLog	0125ea44	6	006c5680
CTCHeroOpinionDeedLog	0125ea44	9	006c6e80
CTCHeroOpinionDeedLog	0125ea44	1	006c7370
CPersistContext_TransferableVector	0125e9dc	2	006c78b0
CPersistContext_TransferableComponent	0125e9d0	0	006c7c30
CTCHeroOpinionDeedLog	0125ea44	21	006c8cf0
CTCHeroOpinionDeedLog	0125ea44	22	006c8d00
CTCHeroOpinionDeedLog	0125ea44	8	006c8d20
CTCHeroOpinionDeedLog	0125ea44	23	006c8d30
CPersistContext_TransferableVector	0125e9dc	3	006c9310
CPersistContext_TransferableComponent	0125e9d0	1	006c9b30
CTCHeroOpinionDeedLog	0125ea44	0	006c9c30
CPersistContext_TransferableVector	0125e9dc	1	006c9de0
CTCHero	0125eb54	9	006c9fd0
CTCHero	0125eb54	12	006ca040
CTCHero	0125eb54	1	006ca120
CTCHero	0125eb54	6	006ca4e0
CTCHero	0125eb54	4	006ca5a0
CTCHero	0125eb54	21	006ca6f0
CTCHero	0125eb54	22	006ca700
CTCHero	0125eb54	8	006ca720
CTCHero	0125eb54	23	006ca730
CTCHero	0125eb54	0	006ca740
CGroundNavigatorExternalInterface	0125ec9c	20	006cb5f0
CTCCreatureNavigation	0125ec24	16	006cb920
CTCCreatureNavigation	0125ec24	11	006cc270
CTCCreatureNavigation	0125ec24	4	006cc6b0
CTCCreatureNavigation	0125ec24	9	006cc800
CTCCreatureNavigation	0125ec24	21	006cd530
CTCCreatureNavigation	0125ec24	22	006cd540
CTCCreatureNavigation	0125ec24	8	006cd560
CGroundNavigatorExternalInterface	0125ec9c	13	006cd7b0
CTCCreatureNavigation	0125ec24	0	006cd7f0
CGroundNavigatorExternalInterface	0125ec9c	4	006cd970
CGroundNavigatorExternalInterface	0125ec9c	5	006cd990
CGroundNavigatorExternalInterface	0125ec9c	1	006cd9b0
CGroundNavigatorExternalInterface	0125ec9c	2	006cd9c0
CGroundNavigatorExternalInterface	0125ec9c	3	006cd9e0
CGroundNavigatorExternalInterface	0125ec9c	16	006cda00
CGroundNavigatorExternalInterface	0125ec9c	6	006cda10
CGroundNavigatorExternalInterface	0125ec9c	7	006cda50
CGroundNavigatorExternalInterface	0125ec9c	8	006cda90
CGroundNavigatorExternalInterface	0125ec9c	9	006cdab0
CGroundNavigatorExternalInterface	0125ec9c	10	006cdae0
CGroundNavigatorExternalInterface	0125ec9c	17	006cdb00
CGroundNavigatorExternalInterface	0125ec9c	22	006cdb10
CGroundNavigatorExternalInterface	0125ec9c	21	006cdb20
CGroundNavigatorExternalInterface	0125ec9c	18	006cdb50
CGroundNavigatorExternalInterface	0125ec9c	19	006cdb90
CGroundNavigatorExternalInterface	0125ec9c	12	006cdbd0
CGroundNavigatorExternalInterface	0125ec9c	11	006cdc20
CGroundNavigatorExternalInterface	0125ec9c	14	006cdc70
CGroundNavigatorExternalInterface	0125ec9c	15	006cdd00
CGroundNavigatorExternalInterface	0125ec9c	0	006cddf0
CGroundNavigatorExternalInterface	0125ec9c	24	006ce650
CGroundNavigatorExternalInterface	0125ec9c	23	006ce710
CTCWife	0125ed5c	8	006cec70
CTCWife	0125ed5c	23	006ced40
CTCWife	0125ed5c	4	006cefe0
CRenderManager	0129b400	1	006d002e
CTCWife	0125ed5c	6	006d0800
CTCWife	0125ed5c	26	006d0830
CTCWife	0125ed5c	9	006d1e30
CTCWife	0125ed5c	1	006d2bd0
CPersistContext_TransferableVector	0125ed48	0	006d3800
CPersistContext_TransferableVector	0125ed48	2	006d3810
CPersistContext_TransferableVector	0125ed48	3	006d4180
CTCWife	0125ed5c	21	006d4540
CTCWife	0125ed5c	22	006d4550
CTCWife	0125ed5c	19	006d4570
CTCWife	0125ed5c	0	006d4730
CPersistContext_TransferableVector	0125ed48	1	006d4aa0
CTCFollowed	0125f644	9	006d53c0
CTCFollowed	0125f644	21	006d58b0
CTCFollowed	0125f644	22	006d58c0
CTCFollowed	0125f644	8	006d58e0
CTCFollowed	0125f644	0	006d58f0
CTCHeroExperience	0125f6c4	11	006d6330
CTCHeroExperience	0125f6c4	4	006d6ee0
CTCHeroExperience	0125f6c4	9	006d8580
CTCHeroExperience	0125f6c4	6	006d8b00
CTCHeroExperience	0125f6c4	12	006d8ca0
CTCHeroExperience	0125f6c4	1	006d8e30
CHeroExperienceDef	0124390c	18	006d8f10
CTCHeroExperience	0125f6c4	21	006db510
CTCHeroExperience	0125f6c4	22	006db520
CTCHeroExperience	0125f6c4	8	006db540
CTCHeroExperience	0125f6c4	23	006db550
CTCHeroExperience	0125f6c4	0	006db7c0
CTCTrophy	0125fc54	23	006dd750
CCreatureAction_UnsheatheToShowToSheatheTrophy	0125f8d4	4	006dd8f0
CCreatureAction_ShowToSheatheTrophy	0125f9f4	4	006dd980
CTCTrophy	0125fc54	4	006dda20
CTCTrophy	0125fc54	1	006ddbf0
CTCTrophy	0125fc54	26	006deee0
CTCTrophy	0125fc54	9	006df480
CCreatureAction_ShowTrophy	0125f7b4	0	006df7c0
CCreatureAction_ShowToSheatheTrophy	0125f9f4	0	006df8c0
CCreatureAction_UnsheatheToShowToSheatheTrophy	0125f8d4	0	006df970
CCreatureAction_SheatheTrophy	0125fb14	0	006df9b0
CTCTrophy	0125fc54	21	006dfa10
CTCTrophy	0125fc54	22	006dfa20
CTCTrophy	0125fc54	8	006dfa40
CTCTrophy	0125fc54	0	006dfb40
CCreatureAction_ShowTrophy	0125f7b4	11	006dfb60
CCreatureAction_UnsheatheToShowToSheatheTrophy	0125f8d4	11	006dfc20
CCreatureAction_ShowToSheatheTrophy	0125f9f4	11	006dfcb0
CCreatureAction_SheatheTrophy	0125fb14	11	006dfce0
CTCDParticleEmitter	0125feec	29	006dfe50
CInputTypeMouseButtonEvent	012318c8	10	006e0067
CGameDefinitionManager	01232c24	6	006e0069
NThingMap::CThingMapManager	01244678	3	006e006f
CTCDParticleEmitter	0125feec	11	006e0470
CTCDParticleEmitter	0125feec	1	006e0730
CTCDParticleEmitter	0125feec	14	006e0a60
CTCDParticleEmitter	0125feec	13	006e0fa0
CTCDParticleEmitter	0125feec	16	006e0fc0
CTCDParticleEmitter	0125feec	4	006e13e0
CTCDParticleEmitter	0125feec	9	006e1620
CParticleUpdateParamDesc	0125fee4	0	006e1ad0
CTCDParticleEmitter	0125feec	21	006e1d00
CTCDParticleEmitter	0125feec	22	006e1d10
CTCDParticleEmitter	0125feec	28	006e1d30
CTCDParticleEmitter	0125feec	8	006e1d40
CTCDParticleEmitter	0125feec	23	006e1d50
CTCDParticleEmitter	0125feec	0	006e1e40
CParticleUpdateParameters	0125ffdc	0	006e2550
CTCTalk	0125ffec	4	006e2c00
CTCTalk	0125ffec	1	006e2cb0
CTCTalk	0125ffec	21	006e40d0
CTCTalk	0125ffec	22	006e40e0
CTCTalk	0125ffec	23	006e4100
CTCTalk	0125ffec	0	006e4690
CScriptGameResourceObjectBase	0126008c	0	006e70a0
CGameScriptInterfaceBase	0126009c	0	006e7180
CGameScriptInterface	01260f0c	10	006e71b0
CGameScriptInterface	01260f0c	378	006e7290
CGameScriptInterface	01260f0c	3	006e72a0
CGameScriptInterface	01260f0c	421	006e7300
CGameScriptInterface	01260f0c	422	006e7340
CGameScriptInterface	01260f0c	7	006e7410
CGameScriptInterface	01260f0c	64	006e7460
CGameScriptInterface	01260f0c	88	006e7690
CGameScriptInterface	01260f0c	89	006e76e0
CGameScriptInterface	01260f0c	90	006e7710
CGameScriptInterface	01260f0c	580	006e7820
CGameScriptInterface	01260f0c	579	006e7920
CGameScriptInterface	01260f0c	87	006e79e0
CScriptGameResourceObjectMovieBase	01260ef4	0	006e7bd0
CScriptGameResourceObjectMovie	01260f00	0	006e7c90
CGameScriptInterface	01260f0c	2	006e7d20
CGameScriptInterface	01260f0c	95	006e7d30
CGameScriptInterface	01260f0c	96	006e7d40
CGameScriptInterface	01260f0c	0	006e7d50
CCompositeSurfaceCache	012a116c	11	006f0063
CCombatSequenceGeneric	01261d74	5	006f06e0
CCombatSequenceGeneric	01261d74	6	006f06f0
CCombatSequenceGeneric	01261d74	7	006f0700
CCombatSequenceGeneric	01261d74	8	006f0710
CCombatSequenceGeneric	01261d74	9	006f0720
CCombatSequenceGeneric	01261d74	10	006f0730
CCombatSequenceGeneric	01261d74	11	006f0740
CCombatSequenceGeneric	01261d74	1	006f0750
CCombatSequenceGeneric	01261d74	0	006f1750
CCombatManager	01261eb4	0	006f5120
CCreatureAction_ScreamerDrainAttack	01261f7c	74	006f5550
CCreatureAction_ScreamerDrainAttack	01261f7c	73	006f5560
CCreatureAction_ScreamerDrainAttack	01261f7c	8	006f5570
CCreatureAction_ScreamerDrainOutOf	012620c4	74	006f55a0
CCreatureAction_ScreamerDrainOutOf	012620c4	73	006f55b0
CCreatureAction_ScreamerDrainOutOf	012620c4	8	006f55c0
CCreatureAction_ScreamerIdle	0126220c	73	006f55f0
CCreatureAction_ScreamerIdle	0126220c	8	006f5600
CCreatureAction_ScreamerAdvance	01262354	73	006f5630
CCreatureAction_ScreamerAdvance	01262354	8	006f5640
CCreatureAction_ScreamerBackOff	0126249c	73	006f5670
CCreatureAction_ScreamerBackOff	0126249c	8	006f5680
CCombatAction_StrikeResponseMazeDoForcePush	012625e4	8	006f56b0
CCombatAction_StrikeResponseMazeDoForcePush	012625e4	41	006f56c0
CCombatAction_StrikeResponseMazeDoForcePush	012625e4	42	006f56e0
CCombatAction_StrikeResponseMazeDoForcePush	012625e4	57	006f5700
CCombatAction_StrikeResponseMazeDoForcePush	012625e4	40	006f5720
CCombatAction_StrikeResponseScorpionKing	01262874	66	006f57b0
CCreatureAction_InterruptableFarAttack	01262c4c	18	006f5830
CCreatureAction_InterruptableFarAttack	01262c4c	19	006f5840
CCreatureAction_InterruptableFarAttack	01262c4c	74	006f5850
CCreatureAction_InterruptableMidAttack	01262edc	74	006f58a0
CCreatureAction_InterruptableMidAttack	01262edc	16	006f58b0
CCreatureAction_LeapBack	01263024	73	006f58e0
CCreatureAction_LeapBack	01263024	78	006f58f0
CCreatureAction_CombatIdle	012632b4	74	006f5940
CCreatureAction_CombatBoast	012633fc	74	006f5970
CCreatureAction_GenericStrafeLeft	012637d4	73	006f59e0
CCreatureAction_GenericStrafeRight	0126391c	73	006f5a10
CCreatureAction_BanditKingGetHit	01263bac	45	006f5a60
CCreatureAction_HobbeSpellcasterAim	01263cf4	73	006f5aa0
CCreatureAction_HobbeSpellcasterAim	01263cf4	78	006f5ab0
CCreatureAction_HobbeSpellcasterFire	01263e3c	73	006f5ae0
CCreatureAction_HobbeSpellcasterFire	01263e3c	78	006f5af0
CCreatureAction_NymphGetHitDie	012640cc	57	006f5b40
CCreatureAction_SummonerFlameSlice	01264214	74	006f5b80
CCreatureAction_SummonerStrike	0126435c	19	006f5bb0
CCreatureAction_SummonerStrike	0126435c	16	006f5bc0
CCreatureAction_SummonerStrike	0126435c	74	006f5bd0
CCreatureAction_SummonerDie	012644a4	45	006f5c00
CCreatureAction_ScreamerDrainAttack	01261f7c	0	006f7e20
CCreatureAction_ScreamerDrainOutOf	012620c4	0	006f7e40
CCreatureAction_ScreamerIdle	0126220c	0	006f7e60
CCreatureAction_ScreamerAdvance	01262354	0	006f7e80
CCreatureAction_ScreamerBackOff	0126249c	0	006f7ea0
CCombatAction_StrikeResponseMazeDoForcePush	012625e4	0	006f7ec0
CCreatureAction_ScorpionKingDeath	0126272c	0	006f7ee0
CCombatAction_StrikeResponseScorpionKing	01262874	0	006f7f00
CCreatureAction_WaspQueenDeath	012629bc	0	006f7f20
CCreatureAction_RockTrollFallToDeath	01262b04	0	006f7f50
CCreatureAction_InterruptableFarAttack	01262c4c	0	006f7f70
CCreatureAction_InterruptableNearAttack	01262d94	0	006f7f90
CCreatureAction_InterruptableMidAttack	01262edc	0	006f7fb0
CCreatureAction_LeapBack	01263024	0	006f7fd0
CCreatureAction_MidAttackKnockdown	0126316c	0	006f7ff0
CCreatureAction_CombatIdle	012632b4	0	006f8010
CCreatureAction_CombatBoast	012633fc	0	006f8030
CCreatureAction_TurnStrikeLeft	01263544	0	006f8050
CCreatureAction_TurnStrikeRight	0126368c	0	006f8070
CCreatureAction_GenericStrafeLeft	012637d4	0	006f8090
CCreatureAction_GenericStrafeRight	0126391c	0	006f80b0
CCreatureAction_BreakIntoMelee	01263a64	0	006f80d0
CCreatureAction_BanditKingGetHit	01263bac	0	006f80f0
CCreatureAction_HobbeSpellcasterAim	01263cf4	0	006f8110
CCreatureAction_HobbeSpellcasterFire	01263e3c	0	006f8140
CCreatureAction_NymphGetHit	01263f84	0	006f8160
CCreatureAction_NymphGetHitDie	012640cc	0	006f8180
CCreatureAction_SummonerFlameSlice	01264214	0	006f81a0
CCreatureAction_SummonerStrike	0126435c	0	006f81d0
CCreatureAction_SummonerDie	012644a4	0	006f81f0
CCreatureAction_ScreamerDrainAttack	01261f7c	11	006f8210
CCreatureAction_CastWillDrainLifeSpell	012645ec	0	006f8260
CCreatureAction_CastWillDrainLifeSpell	012645ec	11	006f8280
CCreatureAction_ScreamerDrainOutOf	012620c4	11	006f82d0
CCreatureAction_ScreamerIdle	0126220c	11	006f8300
CCreatureAction_ScreamerAdvance	01262354	11	006f8330
CCreatureAction_ScreamerBackOff	0126249c	11	006f8360
CCombatAction_StrikeResponseMazeDoForcePush	012625e4	11	006f8390
CCombatAction_GenericStrikeResponseBase	01264734	0	006f84a0
CCreatureAction_ScorpionKingDeath	0126272c	11	006f84d0
CCombatAction_StrikeResponseScorpionKing	01262874	11	006f8500
CCreatureAction_WaspQueenDeath	012629bc	11	006f8530
CCreatureAction_RockTrollFallToDeath	01262b04	11	006f85b0
CCreatureAction_InterruptableFarAttack	01262c4c	11	006f85e0
CCreatureAction_InterruptableNearAttack	01262d94	11	006f8610
CCreatureAction_InterruptableMidAttack	01262edc	11	006f8640
CCreatureAction_LeapBack	01263024	11	006f8680
CCreatureAction_MidAttackKnockdown	0126316c	11	006f86b0
CCreatureAction_CombatIdle	012632b4	11	006f86e0
CCreatureAction_CombatBoast	012633fc	11	006f8710
CCreatureAction_TurnStrikeLeft	01263544	11	006f8740
CCreatureAction_TurnStrikeRight	0126368c	11	006f8770
CCreatureAction_GenericStrafeLeft	012637d4	11	006f87a0
CCreatureAction_GenericStrafeRight	0126391c	11	006f87d0
CCreatureAction_BreakIntoMelee	01263a64	11	006f8800
CCreatureAction_BanditKingGetHit	01263bac	11	006f8830
CCreatureAction_HobbeSpellcasterAim	01263cf4	11	006f8860
CCreatureAction_HobbeSpellcasterFire	01263e3c	11	006f88e0
CCreatureAction_NymphGetHit	01263f84	11	006f8910
CCreatureAction_NymphGetHitDie	012640cc	11	006f8980
CCreatureAction_SummonerFlameSlice	01264214	11	006f89c0
CCreatureAction_SummonerStrike	0126435c	11	006f8a40
CCreatureAction_SummonerDie	012644a4	11	006f8a70
NAnimationEvents::CManager	01264974	0	006f9bb0
CGameCameraBase	01264a8c	2	006fd4e0
CGameCameraBase	01264a8c	1	006fd5e0
CGameCameraBase	01264a8c	0	006fdd60
CGameCameraBase	01264a8c	24	006fe780
CReactionMatch_SecondaryAxisMRShifted	0125b6e8	4	006feb50
CReactionMatch_SecondaryAxisCentredMRShifted	0125b700	4	006febc0
CReactionMatch_AsymmetricPyramid	0125b718	4	006fec30
CReactionMatch_MRPyramid	0125b730	4	006feca0
CReactionFrequencyTraits_LinearTime	01264b64	1	006fecf0
CReactionFrequencyTraits_LinearTime	01264b64	4	006fed00
CReactionFrequencyTraits_PeriodicFrequency	01264b7c	1	006fedb0
CReactionFrequencyTraits_PeriodicFrequency	01264b7c	4	006fedd0
CReactionFrequencyTraits_ControlledCount	01264b94	1	006feed0
CReactionFrequencyTraits_ControlledCount	01264b94	4	006fef30
CReactionMatch_SecondaryAxisMRShifted	0125b6e8	3	006ff040
CReactionMatch_SecondaryAxisCentredMRShifted	0125b700	3	006ff2c0
CReactionMatch_AsymmetricPyramid	0125b718	3	006ff540
CReactionMatch_MRPyramid	0125b730	3	006ff810
CReactionFrequencyTraits_LinearTime	01264b64	0	006ff9c0
CReactionFrequencyTraits_LinearTime	01264b64	3	006ffa40
CReactionFrequencyTraits_PeriodicFrequency	01264b7c	0	006ffb10
CReactionFrequencyTraits_PeriodicFrequency	01264b7c	3	006ffc30
CReactionFrequencyTraits_ControlledCount	01264b94	0	006ffe10
CReactionFrequencyTraits_ControlledCount	01264b94	3	006fff00
NThingMap::CThingMapManager	01244678	5	00700061
CReactionMatch_SecondaryAxisMRShifted	0125b6e8	1	00700180
CReactionMatch_SecondaryAxisCentredMRShifted	0125b700	1	00700200
CReactionMatch_AsymmetricPyramid	0125b718	1	007002a0
CReactionMatch_MRPyramid	0125b730	1	00700320
CReactionMatch_Sphere	0125b7c4	4	007003a0
CReactionMatch_Sphere	0125b7c4	1	00700400
CReactionMatch_Sphere	0125b7c4	3	00701990
CReactionFrequencyTraits_LinearTime	01264b64	2	00701a20
CReactionFrequencyTraits_PeriodicFrequency	01264b7c	2	00701a30
CReactionFrequencyTraits_ControlledCount	01264b94	2	00701a40
CIntelligentPointer	01264bac	0	00701ad0
CTCQuestCard	01264c44	1	00702720
CTCQuestCard	01264c44	21	007029f0
CTCQuestCard	01264c44	22	00702a00
CTCQuestCard	01264c44	23	00702a20
CTCQuestCard	01264c44	0	00702a30
CTCDayOrNightOnlySupport	01264d3c	6	00702b10
CTCDayOrNightOnlySupport	01264d3c	21	00702bc0
CTCDayOrNightOnlySupport	01264d3c	22	00702bd0
CTCDayOrNightOnlySupport	01264d3c	0	00702bf0
CThingObject	01264dcc	27	00702c60
CThingObject	01264dcc	49	00702cb0
CThingObject	01264dcc	55	00702cc0
CThingObject	01264dcc	56	00702cd0
CThingObject	01264dcc	40	00702d00
CThingObject	01264dcc	25	00702d10
CThingObject	01264dcc	48	00702ff0
CThingObject	01264dcc	54	00703000
CThingObject	01264dcc	57	00703010
CThingObject	01264dcc	70	00703040
CThingObject	01264dcc	3	007030c0
CThingObject	01264dcc	4	00703110
CThingObject	01264dcc	58	00703150
CThingObject	01264dcc	8	007032f0
CThingObject	01264dcc	22	00703470
CThingObject	01264dcc	36	00703590
CThingObject	01264dcc	64	00703780
CThingObject	01264dcc	41	007037d0
CThingObject	01264dcc	11	007038d0
CThingObject	01264dcc	65	007039a0
CThingObject	01264dcc	44	007040e0
CThingObject	01264dcc	19	00704150
CThingObject	01264dcc	0	00704280
CTCCarryable	0123b35c	14	00705150
CTCCarryable	0123b35c	6	00705c30
CTCHeroAttachableAppearanceModifiers	01264f0c	27	00705fe0
CTCHeroAttachableAppearanceModifiers	01264ef4	2	00706c90
CTCHeroAttachableAppearanceModifiers	01264f0c	12	00706ec0
CTCHeroAttachableAppearanceModifiers	01264f0c	1	00706f40
CTCHeroAttachableAppearanceModifiers	01264ef4	0	00707440
CTCHeroAttachableAppearanceModifiers	01264ef4	1	00707970
CTCHeroAttachableAppearanceModifiers	01264f0c	4	007079e0
CTCHeroAttachableAppearanceModifiers	01264f0c	9	00707ad0
CTCHeroAttachableAppearanceModifiers	01264f0c	21	007097b0
CTCHeroAttachableAppearanceModifiers	01264f0c	22	007097c0
CTCHeroAttachableAppearanceModifiers	01264f0c	8	007097e0
CTCHeroAttachableAppearanceModifiers	01264f0c	23	007097f0
CTCHeroAttachableAppearanceModifiers	01264f0c	0	00709970
CTCTextureDecal	01264fac	21	0070b200
CTCTextureDecal	01264fac	22	0070b210
CTCTextureDecal	01264fac	0	0070b320
CTCAnimationBase	01265024	21	0070b3c0
CTCAnimationBase	01265024	30	0070b3d0
CTCAnimationComplex	012650a4	28	0070b440
CTCAnimationComplex	012650a4	29	0070b450
CTCAnimationComplex	012650a4	31	0070b480
CTCAnimationComplex	012650a4	4	0070b4d0
CTCAnimationComplex	012650a4	22	0070b5e0
CTCAnimationComplex	012650a4	8	0070b600
CTCAnimationBase	01265024	0	0070b680
CTCAnimationComplex	012650a4	0	0070bb80
C3DAnimationStateAlpha	01265128	2	0070fe20
C3DAnimationStateAlpha	01265128	0	0070fe30
NUISystem::CUIStateDef	0125871c	27	00710065
C3DAnimationTransitionState	01265144	2	00710520
C3DAnimationTransitionState	01265144	3	00710530
C3DAnimationTransitionState	01265144	4	00710540
C3DAnimationTransitionState	01265144	0	007108e0
CTCScriptedControl::CActionBase	01265504	2	00711fd0
CTCScriptedControl::CActionBase	01265504	3	00711fe0
CTCScriptedControl::CActionBase	01265504	5	00712000
NTCScriptedControl::CActionWait	0128d760	1	00712240
NTCScriptedControl::CActionSummonerLightningAttackTarget	0126586c	3	007122a0
NTCScriptedControl::CActionSummonerLightningAttackTarget	0126586c	2	007122b0
NTCScriptedControl::CActionPlayAnimation	0128d6f4	2	007128f0
NTCScriptedControl::CActionPlayAnimation	0128d6f4	1	00712900
NTCScriptedControl::CActionPlayCombatAnimation	0128d728	2	00712a70
NTCScriptedControl::CActionPlayCombatAnimation	0128d728	1	00712a80
NTCScriptedControl::CActionDoCreatureAction	01265838	2	00712b60
NTCScriptedControl::CActionDoCreatureAction	01265838	1	00712bb0
NTCScriptedControl::CActionTalkedTo	0126580c	1	00713240
NTCScriptedControl::CActionTalkToThing	012659c8	6	007132c0
NTCScriptedControl::CActionPerformExpression	0128d8ec	1	00713510
NTCScriptedControl::CActionStopScripting	0128d788	1	00713660
CTCScriptedControl	012658e4	14	00713700
CTCScriptedControl	012658e4	13	00713740
NTCScriptedControl::CActionWaitForThingToFinishPerformingTasks	0128d7f0	1	00713cd0
NTCScriptedControl::CActionFollowCreature	0128d838	1	00713ee0
NTCScriptedControl::CActionMoveTo	0127091c	2	00714370
NTCScriptedControl::CActionMoveTo	0127091c	5	00714730
NTCScriptedControl::CActionMoveTo	0127091c	1	00714900
NTCScriptedControl::CActionTurnToFacePosition	01265534	1	00714cc0
NTCScriptedControl::CActionTalkBase	012659a8	3	00714d30
NTCScriptedControl::CActionTalkBase	012659a8	5	00714e00
NTCScriptedControl::CActionOverheadTalkToThing	012659fc	6	00714f60
NTCScriptedControl::CActionFireProjectileWeapon	01265960	3	00715110
NTCScriptedControl::CActionFireProjectileWeapon	01265960	1	007152f0
NTCScriptedControl::CActionPickUpGenericBox	012658b0	1	007153b0
NTCScriptedControl::CActionDropGenericBox	0128d7bc	1	00715560
NTCScriptedControl::CActionFollowCreature	0128d838	2	00715710
NTCScriptedControl::CActionFollowCreature	0128d838	5	007158f0
NTCScriptedControl::CActionTalkBase	012659a8	1	00716de0
NTCScriptedControl::CActionTalkToThing	012659c8	1	007173d0
NTCScriptedControl::CActionOverheadTalkToThing	012659fc	1	00717450
NTCScriptedControl::CActionSummonerLightningAttackTarget	0126586c	1	007175d0
NTCScriptedControl::CActionTalkBase	012659a8	2	00717710
NTCScriptedControl::CActionTalkToThing	012659c8	2	00717920
CIntelligentPointer	0126552c	0	00718020
CTCScriptedControl::CActionBase	01265504	0	007185b0
NTCScriptedControl::CActionTurnToFacePosition	01265534	4	00718610
NTCScriptedControl::CActionTurnToFacePosition	01265534	0	00718630
CCreatureAction_AimMissileWeapon	0126556c	3	007186d0
CCreatureAction_AimMissileWeapon	0126556c	0	007186e0
CCreatureAction_ReloadMissileWeapon	012656a4	0	00718790
NCameraModes::CScriptModuleGoToLookAt	012657d8	0	00718810
NTCScriptedControl::CScriptConversation	01265520	0	00718840
CIntelligentPointer	01265804	0	007189e0
NTCScriptedControl::CActionTalkedTo	0126580c	4	00718d90
NTCScriptedControl::CActionDoCreatureAction	01265838	4	00718db0
NTCScriptedControl::CActionSummonerLightningAttackTarget	0126586c	4	00718dd0
NTCScriptedControl::CActionPickUpGenericBox	012658b0	4	00718df0
NTCScriptedControl::CActionTalkedTo	0126580c	0	007190c0
NTCScriptedControl::CActionDoCreatureAction	01265838	0	007190f0
NTCScriptedControl::CActionSummonerLightningAttackTarget	0126586c	0	00719120
NTCScriptedControl::CActionPickUpGenericBox	012658b0	0	00719150
CTCScriptedControl	012658e4	21	00719a40
CTCScriptedControl	012658e4	22	00719a50
NTCScriptedControl::CActionFireProjectileWeapon	01265960	4	00719a70
CTCScriptedControl	012658e4	0	00719c50
NTCScriptedControl::CActionFireProjectileWeapon	01265960	0	00719cb0
CCreatureAction_AimMissileWeapon	0126556c	11	00719d20
CCreatureAction_ReloadMissileWeapon	012656a4	11	00719da0
NTCScriptedControl::CActionTalkToThing	012659c8	4	0071a4e0
NTCScriptedControl::CActionOverheadTalkToThing	012659fc	4	0071a500
NTCScriptedControl::CActionTalkBase	012659a8	0	0071a530
NTCScriptedControl::CActionTalkToThing	012659c8	0	0071a550
NTCScriptedControl::CActionOverheadTalkToThing	012659fc	0	0071a5a0
CTCMapwho	01265a3c	13	0071a7c0
CTCMapwho	01265a3c	21	0071a7e0
CTCMapwho	01265a3c	22	0071a7f0
CTCMapwho	01265a3c	0	0071a810
CTCParticleAttachmentTracker	01241ab4	16	0071a850
CTCEmoteIcon	01265abc	4	0071ab10
CTCEmoteIcon	01265abc	11	0071ae90
CTCEmoteIcon	01265abc	9	0071af30
CTCEmoteIcon	01265abc	27	0071b040
CTCEmoteIcon	01265abc	8	0071b0c0
CTCEmoteIcon	01265abc	21	0071b0d0
CTCEmoteIcon	01265abc	22	0071b0e0
CTCEmoteIcon	01265abc	0	0071b100
CTCThingOwner	012412a4	13	0071b1a0
CTCThingOwner	012412a4	14	0071b200
CTCThingOwner	012412a4	16	0071b2a0
CTCThingOwner	012412a4	15	0071b380
CTCAppearanceMorphBase	01265b34	21	0071b790
CTCAppearanceMorphBase	01265b34	28	0071b7a0
NTCMessages::CMessageOnMorphChanged	01265bb0	1	0071b820
CTCHeroMorph	01265cf4	6	0071c790
CTCHeroMorph	01265cf4	9	0071cd30
CTCHeroMorph	01265cf4	12	0071cd90
CTCHeroMorph	01265cf4	1	0071d020
CTCHeroMorph	01265cf4	28	0071e130
CTCAppearanceMorphBase	01265b34	0	0071ee30
NTCMessages::CMessageOnMorphChanged	01265bb0	0	0071ee50
NGameText::CDataBank	0129b528	1	0072002e
NThingMap::CThingMapManager	01244678	4	00720047
NUISystem::CUIStateDef	0125871c	25	00720050
CConsoleClasslessCommand	0122e65c	7	00720065
CTCHeroMorph	01265cf4	22	00722360
CTCHeroMorph	01265cf4	8	00722380
CTCHeroMorph	01265cf4	23	00722390
CTCHeroMorph	01265cf4	29	007223a0
CTCHeroMorph	01265cf4	0	007223b0
CTCSmokeGenerator	01265d74	4	007224c0
CTCSmokeGenerator	01265d74	1	007224d0
CTCSmokeGenerator	01265d74	14	007224e0
CTCSmokeGenerator	01265d74	12	00722570
CTCSmokeGenerator	01265d74	9	00722740
CTCSmokeGenerator	01265d74	21	007230c0
CTCSmokeGenerator	01265d74	22	007230d0
CTCSmokeGenerator	01265d74	8	007230f0
CTCSmokeGenerator	01265d74	28	00723100
CTCSmokeGenerator	01265d74	0	00723240
CTCPhysicsLight	01265dfc	4	007232e0
CTCPhysicsLight	01265dfc	31	00723320
CTCPhysicsLight	01265dfc	89	00723350
CTCPhysicsLight	01265dfc	87	00723360
CTCPhysicsLight	01265dfc	30	007233b0
CTCPhysicsLight	01265dfc	22	00723420
CTCPhysicsLight	01265dfc	48	00723440
CTCPhysicsLight	01265dfc	0	00723450
CTCPhysicsStandard	01265f84	43	007234c0
CTCPhysicsStandard	01265f84	3	00723570
CTCPhysicsStandard	01265f84	38	007235e0
CTCPhysicsStandard	01265f84	36	00723630
CTCPhysicsStandard	01265f84	86	007236a0
CTCPhysicsStandard	01265f84	89	007236c0
CTCPhysicsStandard	01265f84	80	007236e0
CTCPhysicsStandard	01265f84	94	00723730
CTCPhysicsStandard	01265f84	65	00723750
CTCPhysicsStandard	01265f84	66	00723760
CTCPhysicsStandard	01265f84	67	007237e0
CTCPhysicsStandard	01265f84	68	00723860
CTCPhysicsStandard	01265f84	74	007238e0
CTCPhysicsStandard	01265f84	95	00723930
CTCPhysicsStandard	01265f84	32	00723980
CTCPhysicsStandard	01265f84	75	007239c0
CTCPhysicsStandard	01265f84	78	00723a10
CTCPhysicsStandard	01265f84	44	00723a50
CTCPhysicsStandard	01265f84	54	00723a60
CTCPhysicsStandard	01265f84	63	00723b30
CTCPhysicsStandard	01265f84	64	00723b90
CTCPhysicsStandard	01265f84	70	00723c00
CTCPhysicsStandard	01265f84	69	00723c20
CTCPhysicsStandard	01265f84	71	00723c80
CTCPhysicsStandard	01265f84	77	00723e50
CTCPhysicsStandard	01265f84	4	00724010
CTCPhysicsStandard	01265f84	1	00724290
CTCPhysicsStandard	01265f84	85	00724630
CTCPhysicsStandard	01265f84	22	00724b80
CTCPhysicsStandard	01265f84	37	00724ba0
CTCPhysicsStandard	01265f84	39	00724bb0
CTCPhysicsStandard	01265f84	42	00724bc0
CTCPhysicsStandard	01265f84	72	00724bd0
CTCPhysicsStandard	01265f84	73	00724be0
CTCPhysicsStandard	01265f84	47	00724bf0
CTCPhysicsStandard	01265f84	48	00724c00
CTCPhysicsStandard	01265f84	49	00724c10
CTCPhysicsStandard	01265f84	50	00724c20
CTCPhysicsStandard	01265f84	51	00724c30
CTCPhysicsStandard	01265f84	52	00724c40
CTCPhysicsStandard	01265f84	53	00724c50
CTCPhysicsStandard	01265f84	55	00724c70
CTCPhysicsStandard	01265f84	56	00724c80
CTCPhysicsStandard	01265f84	57	00724c90
CTCPhysicsStandard	01265f84	58	00724ca0
CTCPhysicsStandard	01265f84	59	00724cb0
CTCPhysicsStandard	01265f84	60	00724cc0
CTCPhysicsStandard	01265f84	61	00724cd0
CTCPhysicsStandard	01265f84	62	00724ce0
CTCPhysicsStandard	01265f84	83	00724cf0
CTCPhysicsStandard	01265f84	84	00724d00
CTCPhysicsStandard	01265f84	93	00724d20
CTCPhysicsStandard	01265f84	28	00724d30
CTCPhysicsStandard	01265f84	29	00724d50
CTCPhysicsStandard	01265f84	0	00724de0
CTCPhysicsControlled	0126616c	4	00724f80
CTCPhysicsControlled	0126616c	35	00724fc0
CTCPhysicsControlled	0126616c	34	00725000
CTCPhysicsControlled	0126616c	89	00725040
CTCPhysicsControlled	0126616c	82	00725060
CTCPhysicsControlled	0126616c	81	00725250
CTCPhysicsControlled	0126616c	97	00725290
CTCPhysicsControlled	0126616c	98	00725a30
CTCPhysicsControlled	0126616c	87	00725c40
CTCPhysicsControlled	0126616c	22	00725e40
CTCPhysicsControlled	0126616c	79	00725e60
CTCPhysicsControlled	0126616c	76	00725ec0
CTCPhysicsControlled	0126616c	0	00725ef0
CTCPhysicsNavigator	01266314	31	00726700
CTCPhysicsNavigator	01266314	30	00726750
CTCPhysicsNavigator	01266314	81	00726780
CTCPhysicsNavigator	01266314	4	007268d0
CTCPhysicsNavigator	01266314	33	00726920
CTCPhysicsNavigator	01266314	89	00726960
CTCPhysicsNavigator	01266314	87	00726ce0
CTCPhysicsNavigator	01266314	22	007270e0
CTCPhysicsNavigator	01266314	41	00727100
CTCPhysicsNavigator	01266314	40	00727110
CTCPhysicsNavigator	01266314	34	00727120
CTCPhysicsNavigator	01266314	0	00727200
CTCSimpleAppearanceMorph	012664a4	29	007275b0
CTCSimpleAppearanceMorph	012664a4	4	007275c0
CTCSimpleAppearanceMorph	012664a4	22	007276b0
CTCSimpleAppearanceMorph	012664a4	0	007276d0
CTCRandomAppearanceMorph	0126653c	1	00727bc0
CTCRandomAppearanceMorph	01266520	1	00727bf0
CTCRandomAppearanceMorph	01266520	2	00727c20
CTCRandomAppearanceMorph	01266520	0	00727d00
CTCRandomAppearanceMorph	0126653c	12	00728400
CTCRandomAppearanceMorph	0126653c	4	00728470
CTCRandomAppearanceMorph	0126653c	22	007284c0
CTCRandomAppearanceMorph	0126653c	23	007284e0
CTCRandomAppearanceMorph	0126653c	29	007284f0
CTCRandomAppearanceMorph	0126653c	0	00728590
CTCCreatureExpression	012665cc	9	007294a0
CTCCreatureExpression	012665cc	21	007299c0
CTCCreatureExpression	012665cc	22	007299d0
CTCCreatureExpression	012665cc	8	007299f0
CTCCreatureExpression	012665cc	0	00729a00
CTCActionUseScriptedHook	0126664c	1	00729cf0
CTCActionUseScriptedHook	0126664c	6	00729f60
CTCActionUseScriptedHook	0126664c	26	0072a090
CTCActionUseScriptedHook	0126664c	21	0072a3e0
CTCActionUseScriptedHook	0126664c	22	0072a3f0
CTCActionUseScriptedHook	0126664c	19	0072a410
CTCActionUseScriptedHook	0126664c	23	0072a420
CTCActionUseScriptedHook	0126664c	0	0072a450
CTCRotate	0123a024	9	0072a570
CTCActionUseBuyOrSteal	0126679c	28	0072a610
CTCActionUseBuyOrSteal	0126679c	26	0072a620
CTCActionUseBuyOrSteal	0126679c	22	0072a710
CTCActionUseBuyOrSteal	0126679c	0	0072a730
CTCSpecialAbilities	0126683c	14	0072a950
CTCSpecialAbilities	0126683c	1	0072ab40
CTCUndeadSoul	0123a364	9	0072c230
CTCSpecialAbilities	0126683c	9	0072c370
CTCSpecialAbilities	0126683c	16	0072c3c0
CTCSpecialAbilities	0126683c	21	0072d9f0
CTCSpecialAbilities	0126683c	22	0072da00
CTCSpecialAbilities	0126683c	8	0072da20
CTCSpecialAbilities	0126683c	23	0072da30
CTCSpecialAbilities	0126683c	0	0072da40
CTCInventoryMagic	012668d8	1	0072daa0
CTCInventoryMagic	012668d8	2	0072dab0
CTCInventoryMagic	012668ec	11	0072dac0
CTCInventoryMagic	012668d8	0	0072db00
CTCInventoryMagic	012668ec	30	0072db70
CTCInventoryMagic	012668ec	31	0072dc40
CTCInventoryMagic	012668ec	4	0072dc70
CTCInventoryMagic	012668ec	21	0072dce0
CTCInventoryMagic	012668ec	22	0072dcf0
CTCInventoryMagic	012668ec	33	0072dd10
CTCInventoryMagic	012668ec	37	0072dd20
CTCInventoryMagic	012668ec	0	0072dd30
CTCMeshAutomaticEntityCreator	0123a54c	6	0072e550
CTCMeshAutomaticEntityCreator	0123a54c	27	0072e560
CTCActionUseBuyHouse	01266a7c	4	0072e7f0
CTCActionUseBuyHouse	01266a7c	28	0072ed10
CTCActionUseBuyHouse	01266a7c	26	0072ee30
CTCActionUseBuyHouse	01266a7c	22	0072ef40
CTCActionUseBuyHouse	01266a7c	0	0072f040
CTCDummyVillager	01266cdc	4	0072f0b0
CTCDummyVillager	01266cdc	8	0072f0c0
CTCDummyVillager	01266cdc	23	0072f0d0
CTCDummyVillager	01266cdc	1	0072f380
CTCDummyVillager	01266cdc	9	0072fb70
CInputTypeMouseButtonEvent	012318c8	8	00730041
CDefinitionManager	0129b28c	4	0073006b
CTCDummyVillager	01266cdc	6	00730070
NCameraModes::CScriptModuleTavernGame	01255fc4	10	00730073
CConsoleClasslessCommand	0122e65c	6	00730075
CTCDummyVillager	01266cdc	21	007303f0
CTCDummyVillager	01266cdc	22	00730400
CTCDummyVillager	01266cdc	0	00730420
CTCDoor	01266de4	4	00730580
CTCDoor	01266de4	12	007305a0
CTCDoor	01266de4	6	007306c0
CTCDoor	01266de4	1	00731170
CTCDoor	01266de4	9	007311f0
CTCDoor	01266de4	21	007312b0
CTCDoor	01266de4	22	007312c0
CTCDoor	01266de4	8	007312e0
CTCDoor	01266de4	10	007312f0
CTCDoor	01266de4	23	00731300
CTCDoor	01266de4	0	00731310
CTCJackShield	01266efc	6	00731970
CTCJackPillar	01266e84	6	007319a0
CTCJackPillar	01266e84	21	007319c0
CTCJackPillar	01266e84	22	007319d0
CTCJackPillar	01266e84	0	00731a00
CTCJackShield	01266efc	21	00731a20
CTCJackShield	01266efc	22	00731a30
CTCJackShield	01266efc	0	00731a50
CTCSpotLight	01266fa4	1	00731aa0
CTCSpotLight	01266fbc	28	00731ab0
CTCSpotLight	01266fbc	9	00731bf0
CTCSpotLight	01266fbc	4	00731e20
CTCSpotLight	01266fa4	0	00731ea0
CTCSpotLight	01266fbc	1	007320e0
CTCSpotLight	01266fbc	21	00732580
CTCSpotLight	01266fbc	22	00732590
CTCSpotLight	01266fbc	23	007325b0
CTCSpotLight	01266fbc	8	007325c0
CTCSpotLight	01266fbc	0	00732690
CTCClock	01267044	12	007327b0
CTCClock	01267044	4	007327f0
CTCClock	01267044	6	00732850
CTCClock	01267044	9	00732950
CTCClock	01267044	21	00732b90
CTCClock	01267044	22	00732ba0
CTCClock	01267044	8	00732bc0
CTCClock	01267044	0	00732c90
CTCWeatherVane	0123a984	6	00732d00
CTCWeatherVane	0123a984	9	00732d40
CTCCombat	0126724c	11	00733200
CTCCombat	0126724c	4	007363a0
CTCCombat	0126724c	6	00736ad0
CTCCombat	0126724c	9	00736ae0
CCreatureAction_BlockBroken	01267104	27	00739a40
CCreatureAction_BlockBroken	01267104	74	00739a50
CCreatureAction_BlockBroken	01267104	0	00739cc0
CTCCombat	0126724c	21	00739ce0
CTCCombat	0126724c	22	00739cf0
CTCCombat	0126724c	8	00739d10
CTCCombat	0126724c	0	00739d20
CCreatureAction_BlockBroken	01267104	11	00739d80
CTCCreatureModeManager::CModeBase	012673cc	2	00739e40
CTCCreatureModeManager::CModeBase	012673cc	4	00739e50
CTCCreatureModeManager::CModeBase	012673cc	6	00739e60
CTCCreatureModeManager::CModeBase	012673cc	7	00739e70
CTCCreatureModeManager::CModeBase	012673cc	8	00739e80
CTCCreatureModeManager::CModeBase	012673cc	9	00739e90
CTCCreatureModeManager::CModeBase	012673cc	11	00739ea0
CTCCreatureModeManager::CModeBase	012673cc	0	00739ee0
CTCCreatureModeManager	01268854	9	0073a880
CTCCreatureModeManager::CModeBase	012673cc	10	0073a9f0
CTCCreatureModeManager::CModeBase	012673cc	5	0073aac0
CTCCreatureModeManager::CModeBase	012673cc	3	0073ac50
CTCCreatureModeManager	01268854	4	0073b110
CTCCreatureModeManager	01268854	5	0073b120
NCreatureMode::CModeCarryingStandBase	01267400	9	0073d9a0
NCreatureMode::CModeOutOfActionBase	0126743c	9	0073da00
NCreatureMode::CModeOutOfActionBase	0126743c	12	0073da10
NCreatureMode::CModeOutOfActionBase	0126743c	13	0073da20
NCreatureMode::CModeOutOfActionBase	0126743c	0	0073da30
CAnimFilterOf3Groups	01267480	2	0073e190
CAnimFilterOf3Groups	01267480	0	0073e1d0
CAnimFilterOf3Groups	01267480	1	0073e2f0
NCreatureMode::CModeStandFront	012674ac	1	0073e3b0
NCreatureMode::CModeStandFront	012674ac	4	0073e3c0
NCreatureMode::CModeStandFront	012674ac	8	0073e3d0
NCreatureMode::CModeStandFront	012674ac	0	0073e3e0
NCreatureMode::CModeStandLeft	012674f4	1	0073e4a0
NCreatureMode::CModeStandLeft	012674f4	4	0073e4b0
NCreatureMode::CModeStandLeft	012674f4	8	0073e4c0
NCreatureMode::CModeStandLeft	012674f4	0	0073e4d0
NCreatureMode::CModeStandRight	01267534	1	0073e590
NCreatureMode::CModeStandRight	01267534	4	0073e5a0
NCreatureMode::CModeStandRight	01267534	8	0073e5b0
NCreatureMode::CModeStandRight	01267534	0	0073e5c0
NCreatureMode::CModeCarryingStandBase	01267400	0	0073e5f0
CAnimFilterOfGroup	01267568	0	0073e940
CAnimFilterOfGroup	01267568	2	0073e970
CAnimFilterOfGroup	01267568	1	0073e9a0
CAnimFilterOf2Groups	01267578	0	0073ea00
CAnimFilterOf2Groups	01267578	2	0073ea40
CAnimFilterOf2Groups	01267578	1	0073ea70
NCreatureMode::CModeNull	01267588	1	0073eb60
NCreatureMode::CModeNull	01267588	0	0073eb70
NCreatureMode::CModeBasic	012675bc	1	0073ebb0
NCreatureMode::CModeBasic	012675bc	0	0073ebc0
NCreatureMode::CModeStandHappy	012675f0	1	0073ecf0
NCreatureMode::CModeStandHappy	012675f0	4	0073ed00
NCreatureMode::CModeStandHappy	012675f0	8	0073ed10
NCreatureMode::CModeStandHappy	012675f0	0	0073ed20
NCreatureMode::CModeStandBored	01267630	1	0073edd0
NCreatureMode::CModeStandBored	01267630	4	0073ede0
NCreatureMode::CModeStandBored	01267630	8	0073edf0
NCreatureMode::CModeStandBored	01267630	0	0073ee00
NCreatureMode::CModeScripted	01267670	1	0073eeb0
NCreatureMode::CModeScripted	01267670	4	0073eec0
NCreatureMode::CModeScripted	01267670	0	0073eed0
NCreatureMode::CModeScared	012676a4	1	0073ef80
NCreatureMode::CModeScared	012676a4	4	0073ef90
NCreatureMode::CModeScared	012676a4	0	0073efa0
NCreatureMode::CModeOutraged	012676e0	1	0073f050
NCreatureMode::CModeOutraged	012676e0	4	0073f060
NCreatureMode::CModeOutraged	012676e0	0	0073f070
NCreatureMode::CModeSad	01267720	1	0073f120
NCreatureMode::CModeSad	01267720	4	0073f130
NCreatureMode::CModeSad	01267720	0	0073f140
NCreatureMode::CModeAttracted	01267758	1	0073f1f0
NCreatureMode::CModeAttracted	01267758	4	0073f200
NCreatureMode::CModeAttracted	01267758	0	0073f210
NCreatureMode::CModeCreeping	0126778c	1	0073f2c0
NCreatureMode::CModeCreeping	0126778c	4	0073f2d0
NCreatureMode::CModeCreeping	0126778c	0	0073f2e0
NCreatureMode::CModeCheering	012677cc	1	0073f390
NCreatureMode::CModeCheering	012677cc	4	0073f3a0
NCreatureMode::CModeCheering	012677cc	0	0073f3b0
NCreatureMode::CModeHeckling	0126780c	1	0073f460
NCreatureMode::CModeHeckling	0126780c	4	0073f470
NCreatureMode::CModeHeckling	0126780c	0	0073f480
NCreatureMode::CModeHeroImitation	0126784c	1	0073f530
NCreatureMode::CModeHeroImitation	0126784c	4	0073f540
NCreatureMode::CModeHeroImitation	0126784c	0	0073f550
NCreatureMode::CModeCurious	01267890	1	0073f600
NCreatureMode::CModeCurious	01267890	4	0073f610
NCreatureMode::CModeCurious	01267890	0	0073f620
NCreatureMode::CModeBully	012678cc	1	0073f6d0
NCreatureMode::CModeBully	012678cc	4	0073f6e0
NCreatureMode::CModeBully	012678cc	0	0073f6f0
NCreatureMode::CModeCook	01267908	1	0073f7a0
NCreatureMode::CModeCook	01267908	4	0073f7b0
NCreatureMode::CModeCook	01267908	0	0073f7c0
NCreatureMode::CModeHandsBound	01267944	1	0073f870
NCreatureMode::CModeHandsBound	01267944	4	0073f880
NCreatureMode::CModeHandsBound	01267944	0	0073f890
NCreatureMode::CModeJackOfBladesVulnerable	01267984	1	0073f940
NCreatureMode::CModeJackOfBladesVulnerable	01267984	4	0073f950
NCreatureMode::CModeJackOfBladesVulnerable	01267984	0	0073f960
NCreatureMode::CModeVulnerable	012679d4	1	0073fa10
NCreatureMode::CModeVulnerable	012679d4	4	0073fa20
NCreatureMode::CModeVulnerable	012679d4	0	0073fa30
NCreatureMode::CModeUnderwater	01267a14	1	0073fae0
NCreatureMode::CModeUnderwater	01267a14	4	0073faf0
NCreatureMode::CModeUnderwater	01267a14	0	0073fb00
NCreatureMode::CModeCarryingGenericBox	01267a54	1	0073fbb0
NCreatureMode::CModeCarryingGenericBox	01267a54	4	0073fbc0
NCreatureMode::CModeCarryingGenericBox	01267a54	9	0073fbd0
NCreatureMode::CModeCarryingGenericBox	01267a54	0	0073fbe0
NCreatureMode::CModeCarryingPlateStand	01267aa0	1	0073fc90
NCreatureMode::CModeCarryingPlateStand	01267aa0	4	0073fca0
NCreatureMode::CModeCarryingPlateStand	01267aa0	0	0073fcb0
NCreatureMode::CModeCarryingGoodsStand	01267ae8	1	0073fd60
NCreatureMode::CModeCarryingGoodsStand	01267ae8	4	0073fd70
NCreatureMode::CModeCarryingGoodsStand	01267ae8	0	0073fd80
NCreatureMode::CModeCrouch	01267b34	1	0073fe40
NCreatureMode::CModeCrouch	01267b34	4	0073fe50
NCreatureMode::CModeCrouch	01267b34	11	0073fe60
NCreatureMode::CModeCrouch	01267b34	0	0073fe70
NCreatureMode::CModeSitChair	01267b74	1	0073ff20
NCreatureMode::CModeSitChair	01267b74	4	0073ff30
NCreatureMode::CModeSitChair	01267b74	0	0073ff40
NCreatureMode::CModeSitFloor	01267bbc	1	0073fff0
NCreatureMode::CModeSitFloor	01267bbc	4	00740000
NCreatureMode::CModeSitFloor	01267bbc	0	00740010
CInputTypeMouseButtonEvent	012318c8	12	00740020
CConsoleClasslessCommand	0122e65c	8	00740073
NCreatureMode::CModeSitBench	01267bfc	1	007400c0
NCreatureMode::CModeSitBench	01267bfc	4	007400d0
NCreatureMode::CModeSitBench	01267bfc	0	007400e0
NCreatureMode::CModeBlock	01267c3c	1	00740130
NCreatureMode::CModeBlock	01267c3c	0	00740140
NCreatureMode::CModeStunned	01267c74	1	00740200
NCreatureMode::CModeStunned	01267c74	4	00740210
NCreatureMode::CModeStunned	01267c74	0	00740220
NCreatureMode::CModeDazed	01267cc4	1	007402f0
NCreatureMode::CModeDazed	01267cc4	4	00740300
NCreatureMode::CModeDazed	01267cc4	0	00740310
NCreatureMode::CModeJackOfBladesFloat	01267d10	1	007403e0
NCreatureMode::CModeJackOfBladesFloat	01267d10	4	007403f0
NCreatureMode::CModeJackOfBladesFloat	01267d10	0	00740400
NCreatureMode::CModeJackOfBladesScream	01267d5c	1	00740500
NCreatureMode::CModeJackOfBladesScream	01267d5c	4	00740510
NCreatureMode::CModeJackOfBladesScream	01267d5c	0	00740520
NCreatureMode::CModeJackOfBladesDeath	01267da8	1	007405f0
NCreatureMode::CModeJackOfBladesDeath	01267da8	4	00740600
NCreatureMode::CModeJackOfBladesDeath	01267da8	0	00740610
NCreatureMode::CModeThunderLightningStorm	01267df4	1	00740730
NCreatureMode::CModeThunderLightningStorm	01267df4	4	00740740
NCreatureMode::CModeUnderground	01267e38	1	007407d0
NCreatureMode::CModeUnderground	01267e38	4	007407e0
NCreatureMode::CModeUnderground	01267e38	0	007407f0
NCreatureMode::CModeKnockedDown	01267e78	1	007408a0
NCreatureMode::CModeKnockedDown	01267e78	4	007408b0
NCreatureMode::CModeKnockedDown	01267e78	0	007408c0
NCreatureMode::CModeForcePushed	01267ebc	1	00740970
NCreatureMode::CModeForcePushed	01267ebc	4	00740980
NCreatureMode::CModeForcePushed	01267ebc	0	00740990
NCreatureMode::CModeBerserk	01267f00	1	00740a40
NCreatureMode::CModeBerserk	01267f00	4	00740a50
NCreatureMode::CModeBerserk	01267f00	0	00740a60
NCreatureMode::CModeWading	01267f48	1	00740b10
NCreatureMode::CModeWading	01267f48	4	00740b20
NCreatureMode::CModeWading	01267f48	0	00740b30
NCreatureMode::CModeBattleCharge	01267f90	1	00740be0
NCreatureMode::CModeBattleCharge	01267f90	4	00740bf0
NCreatureMode::CModeBattleCharge	01267f90	0	00740c00
NCreatureMode::CModeAssassinRush	01267fd4	1	00740cb0
NCreatureMode::CModeAssassinRush	01267fd4	4	00740cc0
NCreatureMode::CModeAssassinRush	01267fd4	0	00740cd0
NCreatureMode::CModeDrinkingFromTankard	01268018	1	00740d80
NCreatureMode::CModeDrinkingFromTankard	01268018	4	00740d90
NCreatureMode::CModeDrinkingFromTankard	01268018	0	00740da0
NCreatureMode::CModeEatingAtTable	01268064	1	00740e50
NCreatureMode::CModeEatingAtTable	01268064	4	00740e60
NCreatureMode::CModeEatingAtTable	01268064	0	00740e70
NCreatureMode::CModeHoldJug	012680a8	1	00740f20
NCreatureMode::CModeHoldJug	012680a8	4	00740f30
NCreatureMode::CModeHoldJug	012680a8	0	00740f40
NCreatureMode::CModeServeCustomer	012680e8	1	00740ff0
NCreatureMode::CModeServeCustomer	012680e8	4	00741000
NCreatureMode::CModeServeCustomer	012680e8	0	00741010
NCreatureMode::CModeFillJug	0126812c	1	007410c0
NCreatureMode::CModeFillJug	0126812c	4	007410d0
NCreatureMode::CModeFillJug	0126812c	0	007410e0
NCreatureMode::CModeDrunk	0126816c	1	00741190
NCreatureMode::CModeDrunk	0126816c	4	007411a0
NCreatureMode::CModeDrunk	0126816c	0	007411b0
NCreatureMode::CModeArmsOffTable	012681a8	1	00741260
NCreatureMode::CModeArmsOffTable	012681a8	4	00741270
NCreatureMode::CModeArmsOffTable	012681a8	0	00741280
NCreatureMode::CModeScreamerAggressive	012681ec	1	00741350
NCreatureMode::CModeScreamerAggressive	012681ec	4	00741360
NCreatureMode::CModeScreamerAggressive	012681ec	0	00741370
NCreatureMode::CModeDrained	01268234	1	00741460
NCreatureMode::CModeDrained	01268234	4	00741470
NCreatureMode::CModeDrained	01268234	9	00741480
NCreatureMode::CModeDrained	01268234	0	00741490
NCreatureMode::CModeRollAround	01268270	1	00741540
NCreatureMode::CModeRollAround	01268270	4	00741550
NCreatureMode::CModeRollAround	01268270	0	00741560
NCreatureMode::CModeCaged	012682b0	1	00741610
NCreatureMode::CModeCaged	012682b0	4	00741620
NCreatureMode::CModeCaged	012682b0	0	00741630
NCreatureMode::CModeSummonerDie	012682ec	1	007416e0
NCreatureMode::CModeSummonerDie	012682ec	4	007416f0
NCreatureMode::CModeSummonerDie	012682ec	0	00741700
NCreatureMode::CModeChargeForcePush	01268328	1	007417b0
NCreatureMode::CModeChargeForcePush	01268328	4	007417c0
NCreatureMode::CModeChargeForcePush	01268328	0	007417d0
NCreatureMode::CModeGuildmasterConcentrate	01268368	1	00741880
NCreatureMode::CModeGuildmasterConcentrate	01268368	4	00741890
NCreatureMode::CModeGuildmasterConcentrate	01268368	0	007418a0
NCreatureMode::CModeDragonLanded	012683a8	1	00741960
NCreatureMode::CModeDragonLanded	012683a8	4	00741970
NCreatureMode::CModeDragonLanded	012683a8	0	00741980
NCreatureMode::CModeDragonGetHit	012683e4	1	00741a40
NCreatureMode::CModeDragonGetHit	012683e4	4	00741a50
NCreatureMode::CModeDragonGetHit	012683e4	0	00741a60
NCreatureMode::CModeDragonRearUp	01268420	1	00741b10
NCreatureMode::CModeDragonRearUp	01268420	4	00741b20
NCreatureMode::CModeDragonRearUp	01268420	0	00741b30
NCreatureMode::CModeDragonHover	0126845c	1	00741bf0
NCreatureMode::CModeDragonHover	0126845c	4	00741c00
NCreatureMode::CModeDragonHover	0126845c	0	00741c10
NCreatureMode::CModeHitByEpicSpell	01268498	1	00741cc0
NCreatureMode::CModeHitByEpicSpell	01268498	4	00741cd0
NCreatureMode::CModeHitByEpicSpell	01268498	0	00741ce0
NCreatureMode::CModeDragonBase	012684e0	4	00741d50
NCreatureMode::CModeDragonBase	012684e0	0	00741d60
NCreatureMode::CModeIntangible	01268514	1	00741ea0
NCreatureMode::CModeIntangible	01268514	0	00741eb0
NCreatureMode::CModeBriarRoseConcentrate	01268548	1	00741fb0
NCreatureMode::CModeBriarRoseConcentrate	01268548	4	00741fc0
NCreatureMode::CModeBriarRoseConcentrate	01268548	11	00741fd0
NCreatureMode::CModeStrafe	01268588	1	007420a0
NCreatureMode::CModeStrafe	01268588	4	007420b0
NCreatureMode::CModeStrafe	01268588	0	007420c0
NCreatureMode::CModeThunderLightningStorm	01267df4	0	00742910
NCreatureMode::CModeGuildmasterPowerUpHeal	012685bc	1	00742d80
NCreatureMode::CModeGuildmasterPowerUpHeal	012685bc	4	00742d90
NCreatureMode::CModeGuildmasterPowerUpShield	012685f0	1	00742e40
NCreatureMode::CModeGuildmasterPowerUpShield	012685f0	4	00742e50
NCreatureMode::CModeGuildmasterPowerUpSpeed	01268624	1	00742f00
NCreatureMode::CModeGuildmasterPowerUpSpeed	01268624	4	00742f10
NCreatureMode::CModeBriarRoseConcentrate	01268548	0	00743100
NCreatureMode::CModeGuildmasterPowerUpHeal	012685bc	0	00743510
NCreatureMode::CModeGuildmasterPowerUpShield	012685f0	0	007435e0
NCreatureMode::CModeGuildmasterPowerUpSpeed	01268624	0	007436b0
NCreatureMode::CModeDragonFlyingBase	01268658	0	00743780
NCreatureMode::CModeDragonFlying	0126868c	1	00743860
NCreatureMode::CModeDragonFlying	0126868c	4	00743870
NCreatureMode::CModeDragonFlying	0126868c	0	00743880
NCreatureMode::CModeDragonStrafe	012686c8	1	00743940
NCreatureMode::CModeDragonStrafe	012686c8	4	00743950
NCreatureMode::CModeDragonStrafe	012686c8	0	00743960
NCreatureMode::CModeDragonStrafeBurninate	01268718	1	00743a20
NCreatureMode::CModeDragonStrafeBurninate	01268718	4	00743a30
NCreatureMode::CModeDragonStrafeBurninate	01268718	0	00743a40
NCreatureMode::CModeIceTrollGroundSmashIcicleAssault	01268774	1	00743c90
NCreatureMode::CModeIceTrollGroundSmashIcicleAssault	01268774	4	00743ca0
NCreatureMode::CModeIceTrollGroundSmashIcicleAssault	01268774	11	00743cb0
NCreatureMode::CModeWalkInAllDirections	012687ac	14	00743dd0
NCreatureMode::CModeWalkInAllDirections	012687ac	15	00743df0
NCreatureMode::CModeWalkInAllDirections	012687ac	1	00743e10
NCreatureMode::CModeWalkInAllDirections	012687ac	4	00743e20
NCreatureMode::CModeWalkInAllDirections	012687ac	12	00743e30
NCreatureMode::CModeWalkInAllDirections	012687ac	13	00743e50
NCreatureMode::CModeIceTrollGroundSmashIcicleAssault	01268774	0	00743fc0
NCreatureMode::CModeHoverNormal	012687fc	1	007440c0
NCreatureMode::CModeHoverNormal	012687fc	4	007440d0
NCreatureMode::CModeHoverNormal	012687fc	12	007440e0
NCreatureMode::CModeHoverNormal	012687fc	13	00744100
NCreatureMode::CModeHoverNormal	012687fc	14	00744110
NCreatureMode::CModeHoverNormal	012687fc	0	00744130
NCreatureMode::CModeWalkInAllDirections	012687ac	0	007441a0
CTCCreatureModeManager	01268854	21	00744270
CTCCreatureModeManager	01268854	22	00744280
CTCCreatureModeManager	01268854	8	007442a0
CTCCreatureModeManager	01268854	0	007442b0
CTCPerceiveThing	012688cc	4	00744ed0
CTCPerceiveThing	012688cc	14	00744f70
CTCPerceiveThing	012688cc	15	00744f80
CTCPerceiveThing	012688cc	16	00744f90
CTCPerceiveThing	012688cc	11	00745840
CTCPerceiveThing	012688cc	9	00745c70
CTCPerceiveThing	012688cc	21	007460a0
CTCPerceiveThing	012688cc	22	007460b0
CTCPerceiveThing	012688cc	10	007460d0
CTCPerceiveThing	012688cc	8	007460e0
CTCPerceiveThing	012688cc	0	007462d0
CTCBed	01268964	4	00746860
CTCBed	01268964	9	00746b20
CTCBed	01268964	21	00746be0
CTCBed	01268964	22	00746bf0
CTCBed	01268964	8	00746c10
CTCBed	01268964	0	00746ce0
CTCStealth	012689ec	16	00747110
CTCStealth	012689ec	11	007471f0
CTCStealth	012689ec	4	00747530
CTCStealth	012689ec	9	00747da0
CTCStealth	012689ec	21	007493e0
CTCStealth	012689ec	22	007493f0
CTCStealth	012689ec	8	00749410
CTCStealth	012689ec	0	007495b0
CTCNoise	01268a74	9	00749860
CTCNoise	01268a74	4	007498e0
CTCNoise	01268a74	21	007499b0
CTCNoise	01268a74	22	007499c0
CTCNoise	01268a74	8	007499e0
CTCNoise	01268a74	0	00749a50
CTCCupboard	0123ab9c	4	00749b30
CTCCupboard	0123ab9c	9	00749ca0
CTCCreatureGenerator	01268c24	4	00749ea0
CTCCreatureGenerator	01268c24	17	00749f00
CTCCreatureGenerator	01268c24	1	0074b900
CTCCreatureGenerator	01268c24	9	0074c130
CCreatureGeneratorDef	01241384	18	0074c5f0
CPersistContext_TransferableVector	01268af0	0	0074cd90
CPersistContext_TransferableVector	01268af0	3	0074cda0
CPersistContext_TransferableVector	01268af0	2	0074cdd0
CTCCreatureGenerator	01268c24	21	0074d9f0
CTCCreatureGenerator	01268c24	22	0074da00
CTCCreatureGenerator	01268c24	23	0074da20
CTCCreatureGenerator	01268c24	8	0074da30
CCreatureAction_RiseUp	01268c9c	19	0074db40
CCreatureAction_RiseUp	01268c9c	29	0074db50
CCreatureAction_RiseUp	01268c9c	45	0074db60
CCreatureAction_RiseUp	01268c9c	74	0074db70
CCreatureAction_RiseUp	01268c9c	8	0074db80
CCreatureAction_RiseUp	01268c9c	24	0074db90
CCreatureAction_OnGenerate	01268dec	45	0074dc00
CCreatureAction_OnGenerate	01268dec	8	0074dc10
CCreatureAction_OnGenerate	01268dec	74	0074dc20
CCreatureAction_UndeadRiseUp	01268f44	3	0074dcb0
CCreatureAction_UndeadRiseUp	01268f44	19	0074dcc0
CCreatureAction_UndeadRiseUp	01268f44	29	0074dcd0
CCreatureAction_UndeadRiseUp	01268f44	45	0074dce0
CCreatureAction_UndeadRiseUp	01268f44	69	0074dcf0
CCreatureAction_UndeadIdleUnderground	0126908c	45	0074dd60
CCreatureAction_UndeadIdleUnderground	0126908c	8	0074dd70
CTCCreatureGenerator	01268c24	0	0074dd90
CPersistContext_TransferableVector	01268af0	1	0074ddb0
CCreatureAction_RiseUp	01268c9c	0	0074ddd0
CCreatureAction_OnGenerate	01268dec	0	0074ddf0
CCreatureAction_UndeadRiseUp	01268f44	0	0074de10
CCreatureAction_UndeadIdleUnderground	0126908c	0	0074de30
CCreatureAction_RiseUp	01268c9c	11	0074df10
CCreatureAction_OnGenerate	01268dec	11	0074df50
CCreatureAction_UndeadRiseUp	01268f44	11	0074df80
CCreatureAction_UndeadIdleUnderground	0126908c	11	0074dfd0
CTCContainerRewardHero	01269424	1	0074e240
CTCSearchableContainer	012431f4	13	0074f080
CTCContainer	012693ac	23	0074fca0
CTCContainerRewardHero	01269424	22	0074fcb0
CTCContainer	012693ac	0	0074fde0
CTCContainerRewardHero	01269424	0	0074fe30
CTCChest	0126957c	1	00750010
CCompositeSurfaceCache	012a116c	12	0075006d
CTCChest	0126957c	6	00750530
CTCChest	0126957c	4	00750730
CTCChest	0126957c	9	00750780
CTCChest	0126957c	22	00750930
CTCChest	0126957c	8	00750950
CTCChest	0126957c	10	00750960
CTCChest	0126957c	23	00750970
CTCChest	0126957c	0	00750980
CTCDiscovery	012695f4	21	00750a30
CTCDiscovery	012695f4	22	00750a40
CTCDiscovery	012695f4	0	00750a60
CTCExplodingObject	01269674	4	00750b80
CTCExplodingObject	01269674	1	00750d30
CTCExplodingObject	01269674	13	00750e20
CTCExplodingObject	01269674	9	00750e30
CTCExplodingObject	01269674	21	00751250
CTCExplodingObject	01269674	22	00751260
CTCExplodingObject	01269674	23	00751280
CTCExplodingObject	01269674	8	00751290
CTCExplodingObject	01269674	0	007512a0
CTCLook	012697b8	1	00751a90
CTCLook	01269744	4	00753040
CTCLook	01269744	9	00753c70
CTCLook	01269744	6	007542a0
CTCLook	012697b8	0	007542b0
CTCLook	01269744	21	007552e0
CTCLook	01269744	22	007552f0
CTCLook	01269744	8	00755310
CTCLook	01269744	0	00755460
CTCHeroRememberCrimes	0126980c	6	007555d0
CTCHeroRememberCrimes	0126980c	9	007555e0
CTCHeroRememberCrimes	0126980c	1	007556b0
CTCHeroRememberCrimes	0126980c	21	00756b90
CTCHeroRememberCrimes	0126980c	22	00756ba0
CTCHeroRememberCrimes	0126980c	8	00756bc0
CTCHeroRememberCrimes	0126980c	23	00756bd0
CTCHeroRememberCrimes	0126980c	0	00756cc0
CTCWound	012698b4	9	00757760
CTCWound	012698b4	1	00757c90
CTCWound	012698b4	21	00758e80
CTCWound	012698b4	22	00758e90
CTCWound	012698b4	8	00758eb0
CTCWound	012698b4	23	00758ec0
CTCWound	012698b4	0	00759550
CTCPhysicsRigidBody	0126996c	97	00759870
CTCPhysicsRigidBody	0126996c	3	00759900
CTCPhysicsRigidBody	0126996c	94	00759970
CTCPhysicsRigidBody	0126996c	65	007599b0
CTCPhysicsRigidBody	0126996c	74	007599c0
CTCPhysicsRigidBody	0126996c	75	00759a00
CTCPhysicsRigidBody	0126996c	63	00759a50
CTCPhysicsRigidBody	0126996c	64	00759ab0
CTCPhysicsRigidBody	0126996c	70	00759b20
CTCPhysicsRigidBody	0126996c	71	00759b40
CTCPhysicsRigidBody	0126996c	1	0075a350
CTCPhysicsRigidBody	0126996c	85	0075a530
CTCPhysicsRigidBody	0126996c	87	0075aec0
CTCPhysicsRigidBody	0126996c	4	0075b2d0
CTCPhysicsRigidBody	0126996c	22	0075bf20
CTCPhysicsRigidBody	0126996c	66	0075bf40
CTCPhysicsRigidBody	0126996c	67	0075bf50
CTCPhysicsRigidBody	0126996c	68	0075bf60
CTCPhysicsRigidBody	0126996c	72	0075bf70
CTCPhysicsRigidBody	0126996c	73	0075bf80
CTCPhysicsRigidBody	0126996c	57	0075bf90
CTCPhysicsRigidBody	0126996c	58	0075bfa0
CTCPhysicsRigidBody	0126996c	59	0075bfb0
CTCPhysicsRigidBody	0126996c	60	0075bfc0
CTCPhysicsRigidBody	0126996c	93	0075bfd0
CTCPhysicsRigidBody	0126996c	48	0075bfe0
CTCPhysicsRigidBody	0126996c	28	0075bff0
CTCPhysicsRigidBody	0126996c	0	0075c020
CTCCameraPointShapeActivationBase	0123aedc	35	0075c1e0
CTCCameraPointShapeActivationBase	0123aedc	9	0075c5f0
CTCCameraPointShapeActivationBase	0123aedc	1	0075c670
CTCCameraPointDefinitionBase	01269b04	29	0075c940
CTCCameraPointDefinitionBase	01269b04	0	0075c950
CTCCameraPointTrack	0123b0e4	34	0075cad0
CTCCameraPointScripted	01269c84	17	0075cdf0
CTCCameraPointBuilding	0123ecbc	33	0075d0a0
CTCCameraPointTrack	0123b0e4	33	0075d0f0
CTCCameraPointFixedPoint	0123af8c	33	0075d140
CTCCameraPointGeneralCase	0123b194	33	0075d1c0
CTCCameraPointScripted	01269c84	33	0075d320
CTCCameraPointShapeActivationBase	0123aedc	29	0075d8f0
CTCCameraPointBuilding	0123ecbc	17	0075d9a0
CTCCameraPointBuilding	0123ecbc	29	0075daa0
CTCCameraPointTrack	0123b0e4	17	0075dc00
CTCCameraPointTrack	0123b0e4	35	0075dc60
CTCCameraPointScriptedSpline	0126a0bc	6	0075e270
CTCCameraPointScriptedSpline	0126a0bc	33	0075e4c0
CTCCameraPointScripted	01269c84	22	0075edd0
CTCCameraPointScripted	01269c84	28	0075edf0
CTCCameraPointScripted	01269c84	29	0075ee00
CTCCameraPointScripted	01269c84	8	0075ee10
CTCCameraPointScripted	01269c84	0	0075f290
CTCCameraPointScriptedSpline	0126a0bc	22	0075fbd0
CTCCameraPointScriptedSpline	0126a0bc	28	0075fbf0
CTCCameraPointScriptedSpline	0126a0bc	8	0075fc00
CTCCameraPointScriptedSpline	0126a0bc	29	0075fc10
CTCCameraPointScriptedSpline	0126a0bc	0	0075fc20
CTCShapeManager	0126a2a4	28	0075ffe0
CTCShapeManager	0126a2a4	9	00760990
NShape::CSubdivisionTriangle	0126a240	4	007610d0
NShape::CBasicShape	0126a31c	4	007611c0
NShape::CClosedShapeBase	0126a224	3	00761560
NShape::CTrack	0126a288	3	00761620
NShape::CTrack	0126a288	4	00761740
CTCShapeManager	0126a2a4	11	00761b10
NShape::CShape	0126a208	2	00761c00
CTCShapeManager	0126a2a4	1	00762ba0
NShape::CBasicShape	0126a31c	5	007634e0
NShape::CShape	0126a208	5	00764f60
NShape::CShape	0126a208	0	00764fc0
NShape::CClosedShapeBase	0126a224	1	00765040
NShape::CClosedShapeBase	0126a224	0	00765080
NShape::CTrack	0126a288	1	007650c0
NShape::CTrack	0126a288	0	007650d0
NShape::CSubdivisionTriangle	0126a240	0	00765370
CTCShapeManager	0126a2a4	21	00765610
CTCShapeManager	0126a2a4	22	00765620
CTCShapeManager	0126a2a4	23	00765640
CTCShapeManager	0126a2a4	8	00765650
CTCShapeManager	0126a2a4	0	00765810
NShape::CBasicShape	0126a31c	0	00765b10
CTCObjectAugmentations	0126a3a4	9	00766dd0
CTCObjectAugmentations	0126a3a4	1	00767200
CTCObjectAugmentations	0126a3a4	6	00768010
CTCObjectAugmentations	0126a3a4	16	00768310
CTCObjectAugmentations	0126a3a4	21	0076c3a0
CTCObjectAugmentations	0126a3a4	22	0076c3b0
CTCObjectAugmentations	0126a3a4	23	0076c3d0
CTCObjectAugmentations	0126a3a4	8	0076c3e0
CTCObjectAugmentations	0126a3a4	0	0076c790
CTCEnemy	0126a47c	6	0076c830
CTCEnemy	0126a47c	1	0076c9a0
CTCEnemy	0126a47c	21	0076d870
CTCEnemy	0126a47c	22	0076d880
CTCEnemy	0126a47c	23	0076d8a0
CTCEnemy	0126a47c	0	0076d900
CTCBandit	0126a534	21	0076d950
CTCBandit	0126a534	22	0076d960
CTCBandit	0126a534	0	0076d980
CTCWeaponTrail	0126a5b4	16	0076e260
CTCWeaponTrail	0126a5b4	4	0076ef40
CTCWeaponTrail	0126a5b4	21	00770920
CTCWeaponTrail	0126a5b4	22	00770930
CTCWeaponTrail	0126a5b4	0	00770aa0
CTCSolidToThing	0126a62c	9	00770e80
CTCSolidToThing	0126a62c	21	00770ff0
CTCSolidToThing	0126a62c	22	00771000
CTCSolidToThing	0126a62c	8	00771020
CTCSolidToThing	0126a62c	0	00771030
CTCDegradableBarrier	0126a6a4	21	007710f0
CTCDegradableBarrier	0126a6a4	22	00771100
CTCDegradableBarrier	0126a6a4	0	00771120
CTCThingUIDDummyForSerialisation	0126a724	21	007711b0
CTCThingUIDDummyForSerialisation	0126a724	22	007711c0
CTCThingUIDDummyForSerialisation	0126a724	0	007711e0
CTCDNavigationSeed	0123b944	11	00771230
CTCDriverBase	0126a79c	0	00771250
CTCOpinionSource	0126a81c	9	00771290
CTCOpinionSource	0126a81c	4	00771660
CTCOpinionSource	0126a81c	2	00771810
CTCOpinionSource	0126a81c	14	00771820
CTCOpinionSource	0126a81c	21	00771a30
CTCOpinionSource	0126a81c	22	00771a40
CTCOpinionSource	0126a81c	8	00771a60
CTCOpinionSource	0126a81c	0	00771a70
CTCHeroPodium	0126a89c	6	00771bd0
CTCHeroPodium	0126a89c	9	00771de0
CTCHeroPodium	0126a89c	21	00771ed0
CTCHeroPodium	0126a89c	22	00771ee0
CTCHeroPodium	0126a89c	8	00771f00
CTCHeroPodium	0126a89c	0	00771f10
CTCShop	0126a94c	4	007720c0
CTCShop	0126a94c	6	00775b20
CTCShop	0126a94c	9	00775b40
CTCShop	0126a94c	1	00775c60
CTCShop	0126a94c	21	00778380
CTCShop	0126a94c	22	00778390
CTCShop	0126a94c	8	007783b0
CTCShop	0126a94c	23	007783c0
CTCShop	0126a94c	0	007783d0
CTCTimeAppearanceFade	0126aa64	4	00778600
CTCTimeAppearanceFade	0126aa64	9	007786f0
CTCTimeAppearanceFade	0126aa64	21	007787f0
CTCTimeAppearanceFade	0126aa64	22	00778800
CTCTimeAppearanceFade	0126aa64	8	00778820
CTCTimeAppearanceFade	0126aa64	0	00778860
CTCFamilyMember	0126aadc	12	00778b10
CTCFamilyMember	0126aadc	21	00778bd0
CTCFamilyMember	0126aadc	22	00778be0
CTCFamilyMember	0126aadc	0	00778d00
CTCDNavigationSeed	0123b944	29	00778d50
CTCDRegionEntrance	0123ba74	29	00778e60
CTCDRegionEntrance	0123ba74	1	00778ef0
CTCDRegionExit	0126ab54	29	00778f90
CTCDRegionExit	0126ab54	6	00779420
CTCDRegionExit	0126ab54	1	00779430
CTCDRegionExit	0126ab54	9	007796b0
CTCDRegionExit	0126ab54	21	00779910
CTCDRegionExit	0126ab54	22	00779920
CTCDRegionExit	0126ab54	28	00779940
CTCDRegionExit	0126ab54	23	00779950
CTCDRegionExit	0126ab54	8	00779960
CTCDRegionExit	0126ab54	0	00779990
CTCDExperienceOrb	0126abfc	6	00779ef0
CTCDExperienceOrb	0126abfc	9	0077a430
CTCDExperienceOrb	0126abfc	21	0077ab60
CTCDExperienceOrb	0126abfc	22	0077ab70
CTCDExperienceOrb	0126abfc	28	0077ab90
CTCDExperienceOrb	0126abfc	8	0077aba0
CTCDExperienceOrb	0126abfc	0	0077ace0
CTCActivationTrigger	0123bbac	28	0077b060
CTCActivationTrigger	0123bbac	14	0077b0b0
CTCActivationTrigger	0123bbac	1	0077b0d0
CTCActivationTrigger	0123bbac	6	0077b1c0
NGraphicAppearance::CTCGraphicAppearanceAnimatedMesh	0126acdc	9	0077b230
NGraphicAppearance::CTCGraphicAppearanceAnimatedMesh	0126acc0	1	0077b240
NGraphicAppearance::CTCGraphicAppearanceAnimatedMesh	0126acdc	4	0077b2d0
NGraphicAppearance::CTCGraphicAppearanceAnimatedMesh	0126acc0	2	0077b2e0
NGraphicAppearance::CTCGraphicAppearanceAnimatedMesh	0126acc0	0	0077b350
NGraphicAppearance::CTCGraphicAppearanceAnimatedMesh	0126acdc	21	0077b670
NGraphicAppearance::CTCGraphicAppearanceAnimatedMesh	0126acdc	22	0077b680
NGraphicAppearance::CTCGraphicAppearanceAnimatedMesh	0126acdc	8	0077b6a0
NGraphicAppearance::CTCGraphicAppearanceAnimatedMesh	0126acdc	0	0077b6b0
NGraphicAppearance::CTCGraphicAppearanceStaticMesh	0126ad50	1	0077b9a0
NGraphicAppearance::CTCGraphicAppearanceStaticMesh	0126ad6c	6	0077ba30
NGraphicAppearance::CTCGraphicAppearanceStaticMesh	0126ad50	0	0077ba40
NGraphicAppearance::CTCGraphicAppearanceStaticMesh	0126ad50	2	0077bc80
NGraphicAppearance::CTCGraphicAppearanceStaticMesh	0126ad6c	21	0077bcf0
NGraphicAppearance::CTCGraphicAppearanceStaticMesh	0126ad6c	22	0077bd00
NGraphicAppearance::CTCGraphicAppearanceStaticMesh	0126ad6c	0	0077bd20
NGraphicAppearance::CTCGraphicAppearanceStaticMeshFadeOutOnProximity	0126adec	1	0077be30
NGraphicAppearance::CTCGraphicAppearanceStaticMeshFadeOutOnProximity	0126adec	0	0077bec0
NGraphicAppearance::CTCGraphicAppearanceStaticMeshFadeOutOnProximity	0126adec	2	0077c160
NGraphicAppearance::CTCGraphicAppearanceStaticMeshFadeOutOnProximity	0126ae04	21	0077c250
NGraphicAppearance::CTCGraphicAppearanceStaticMeshFadeOutOnProximity	0126ae04	22	0077c260
CEngineMeshEffectDistanceFade	0126ade0	0	0077c280
NGraphicAppearance::CTCGraphicAppearanceStaticMeshFadeOutOnProximity	0126ae04	0	0077c2a0
NGraphicAppearance::CTCGraphicAppearanceSprite	0126ae78	1	0077c350
NGraphicAppearance::CTCGraphicAppearanceSprite	0126ae78	2	0077c3d0
NGraphicAppearance::CTCGraphicAppearanceSprite	0126ae94	4	0077c480
NGraphicAppearance::CTCGraphicAppearanceSprite	0126ae78	0	0077c4d0
NGraphicAppearance::CTCGraphicAppearanceSprite	0126ae94	9	0077c740
NGraphicAppearance::CTCGraphicAppearanceSprite	0126ae94	21	0077c790
NGraphicAppearance::CTCGraphicAppearanceSprite	0126ae94	22	0077c7a0
NGraphicAppearance::CTCGraphicAppearanceSprite	0126ae94	8	0077c7c0
NGraphicAppearance::CTCGraphicAppearanceSprite	0126ae78	4	0077c7d0
NGraphicAppearance::CTCGraphicAppearanceSprite	0126ae94	0	0077c7e0
CWorldMap::CThingFilterBase	0126af08	0	0077c860
CTCHighlightItem	0126af14	6	0077cb60
CTCHighlightItem	0126af14	9	0077cd50
CTCHighlightItem	0126af14	16	0077cdd0
CTCHighlightItem	0126af14	27	0077cde0
CHighlightItemDef	0123bd14	18	0077ce00
CTCHighlightItem	0126af14	21	0077cfc0
CTCHighlightItem	0126af14	22	0077cfd0
CTCHighlightItem	0126af14	8	0077cff0
CTCHighlightItem	0126af14	0	0077d140
CTCCreatureHive	0123bdcc	4	0077d180
CTCCreatureHive	0123bdcc	9	0077d330
CHeroCentreDef	0123be54	18	0077d3a0
CTCHeroCentre	0126af94	4	0077d3d0
CTCHeroCentre	0126af94	9	0077d5b0
CTCHeroCentre	0126af94	6	0077dc40
CTCHeroCentre	0126af94	21	0077eb60
CTCHeroCentre	0126af94	22	0077eb70
CTCHeroCentre	0126af94	8	0077eb90
CTCHeroCentre	0126af94	0	0077ee50
CTCHeroCentreDoorMarker	0126b044	1	0077f650
CTCHeroCentreDoorMarker	0126b044	6	0077f750
CTCHeroCentreDoorMarker	0126b044	9	0077fb00
CTCHeroCentreDoorMarker	0126b044	21	0077fcb0
CTCHeroCentreDoorMarker	0126b044	22	0077fcc0
CTCHeroCentreDoorMarker	0126b044	23	0077fce0
CTCHeroCentreDoorMarker	0126b044	8	0077fcf0
CPersistContext_TransferableComponent	0126b038	1	0077fda0
CPersistContext_TransferableComponent	0126b038	0	0077fdc0
CTCHeroCentreDoorMarker	0126b044	0	0077fed0
CTCHeroGuide	0126b0f4	21	00780290
CTCHeroGuide	0126b0f4	22	007802a0
CTCHeroGuide	0126b0f4	0	00780310
CTCFlammable	0126b1a4	16	007803f0
CTCFlammable	0126b1a4	6	00780d20
CTCFlammable	0126b1a4	9	00780d80
CTCFlammable	0126b1a4	21	007819c0
CTCFlammable	0126b1a4	22	007819d0
CTCFlammable	0126b1a4	8	007819f0
CTCFlammable	0126b1a4	0	00781cc0
CTCBoastingPosition	0126b24c	6	00781e40
CTCBoastingPosition	0126b24c	9	007820e0
CTCBoastingPosition	0126b24c	21	00782620
CTCBoastingPosition	0126b24c	22	00782630
CTCBoastingPosition	0126b24c	23	00782650
CTCBoastingPosition	0126b24c	8	00782660
CTCBoastingPosition	0126b24c	0	00782700
CTCBoastingArea	0126b314	1	007827a0
CTCBoastingArea	0126b314	9	007828e0
CTCBoastingArea	0126b314	14	00782a90
CTCBoastingArea	0126b314	21	00782ad0
CTCBoastingArea	0126b314	22	00782ae0
CTCBoastingArea	0126b314	8	00782b00
CTCBoastingArea	0126b314	23	00782b10
CTCBoastingArea	0126b314	0	00782b20
CTCBoastingCrowdControl	0126b3ac	1	00783210
CTCBoastingCrowdControl	0126b3ac	2	00783830
CTCBoastingCrowdControl	0126b3ac	14	00783840
CTCBoastingCrowdControl	0126b3ac	16	00783a10
CTCBoastingCrowdControl	0126b3ac	21	00784110
CTCBoastingCrowdControl	0126b3ac	22	00784120
CTCBoastingCrowdControl	0126b3ac	23	00784140
CTCBoastingCrowdControl	0126b3ac	8	00784150
CTCBoastingCrowdControl	0126b3ac	0	00784180
CTCCreatureGroupBoastingCrowd	0126b5dc	9	00784500
CTCCreatureGroupBoastingCrowd	0126b5dc	21	00784ca0
CTCCreatureGroupBoastingCrowd	0126b5dc	22	00784cb0
CTCCreatureGroupBoastingCrowd	0126b5dc	8	00784cd0
CTCCreatureGroupBoastingCrowd	0126b5dc	0	00784ce0
CTCVolumeContainmentTracker	0126b66c	4	00785150
CTCVolumeContainmentTracker	0126b66c	9	00785b40
CTCVolumeContainmentTracker	0126b66c	21	00785cc0
CTCVolumeContainmentTracker	0126b66c	22	00785cd0
CTCVolumeContainmentTracker	0126b66c	8	00785cf0
CTCVolumeContainmentTracker	0126b66c	0	00785d60
CTCSkeletalMorph	0126b6f4	12	00786650
CTCSkeletalMorph	0126b6f4	4	007868a0
CTCSkeletalMorph	0126b6f4	21	00787490
CTCSkeletalMorph	0126b6f4	22	007874a0
CTCSkeletalMorph	0126b6f4	0	007874c0
CTCSwitchableNavigation	0123c02c	4	00787550
CTCSwitchableNavigation	0123c02c	16	007875d0
CTCSwitchableNavigation	0123c02c	5	00787690
CTCBob	0126b76c	6	00787780
CTCBob	0126b76c	9	007877e0
CTCBob	0126b76c	21	00787a00
CTCBob	0126b76c	22	00787a10
CTCBob	0126b76c	8	00787a30
CTCBob	0126b76c	0	00787a40
CTCProjectileTrap	0126b90c	31	00787c34
CTCProjectileTrap	0126b90c	30	00787ca5
CTCTrapBase	0126b7fc	6	00787d4f
CTCTrapBase	0126b7fc	14	00787d94
CTCProjectileTrap	0126b90c	29	00787e12
CTCMeleeTrap	0126b884	28	007883c3
CTCMeleeTrap	0126b884	30	00788406
CTCMeleeTrap	0126b884	31	007884f5
CTCTrapBase	0126b7fc	9	007888b4
CTCMeleeTrap	0126b884	29	00788b0a
CTCTrapBase	0126b7fc	21	007891eb
CTCTrapBase	0126b7fc	8	007891ef
CTCTrapBase	0126b7fc	10	007891f2
CTCTrapBase	0126b7fc	28	007891f7
CTCMeleeTrap	0126b884	22	00789341
CTCProjectileTrap	0126b90c	22	00789397
CTCTrapBase	0126b7fc	0	007894b7
CTCMeleeTrap	0126b884	0	007894d3
CTCProjectileTrap	0126b90c	0	007894ef
CTCHeroRangedAttacks	0126baf4	4	00789c20
CTCHeroRangedAttacks	0126baf4	9	0078a690
CCreatureAction_HeroLoadRangedWeapon	0126b9d4	49	0078aee0
CCreatureAction_HeroLoadRangedWeapon	0126b9d4	30	0078aef0
CCreatureAction_HeroLoadRangedWeapon	0126b9d4	0	0078af00
CTCHeroRangedAttacks	0126baf4	21	0078af40
CTCHeroRangedAttacks	0126baf4	22	0078af50
CTCHeroRangedAttacks	0126baf4	8	0078af70
CTCHeroRangedAttacks	0126baf4	0	0078afa0
CCreatureAction_HeroLoadRangedWeapon	0126b9d4	3	0078b070
CCreatureAction_HeroLoadRangedWeapon	0126b9d4	12	0078b410
CCreatureAction_HeroLoadRangedWeapon	0126b9d4	4	0078b640
CCreatureAction_HeroLoadRangedWeapon	0126b9d4	11	0078bd30
CTCBerserk	0126bb94	14	0078c860
CTCBerserk	0126bb94	2	0078c8b0
CTCBerserk	0126bb94	9	0078d250
CTCBerserk	0126bb94	21	0078dac0
CTCBerserk	0126bb94	22	0078dad0
CTCBerserk	0126bb94	8	0078daf0
CTCBerserk	0126bb94	0	0078db00
CTCDivineWrath	0126be84	4	0078f4d0
CTCDivineWrath	0126be84	14	0078fd40
CTCDivineWrath	0126be84	2	0078fd50
CTCDivineWrath	0126be84	9	0078fd60
CTCDivineWrath	0126be84	21	00793310
CTCDivineWrath	0126be84	22	00793320
CTCDivineWrath	0126be84	8	00793340
CTCDivineWrath	0126be84	0	007934d0
CTCUnholyPower	0126bfdc	4	007949f0
CTCUnholyPower	0126bfdc	14	007952e0
CTCUnholyPower	0126bfdc	2	007952f0
CTCUnholyPower	0126bfdc	9	00795300
CTCUnholyPower	0126bfdc	21	00798150
CTCUnholyPower	0126bfdc	22	00798160
CTCUnholyPower	0126bfdc	8	00798180
CTCUnholyPower	0126bfdc	0	00798310
CTCForcePushed	0126c09c	14	00798510
CTCForcePushed	0126c09c	2	00798540
CTCForcePushed	0126c09c	9	00798940
CTCForcePushed	0126c09c	21	00798c80
CTCForcePushed	0126c09c	22	00798c90
CTCForcePushed	0126c09c	8	00798cb0
CTCForcePushed	0126c09c	0	00798cc0
CTCShopKeeper	0126c154	13	00799320
CTCShopKeeper	0126c154	6	00799790
CTCShopKeeper	0126c154	9	00799aa0
CTCShopKeeper	0126c154	21	00799d40
CTCShopKeeper	0126c154	22	00799d50
CTCShopKeeper	0126c154	8	00799d70
CTCShopKeeper	0126c154	0	0079a4b0
CTCSummonSpell	0126c2b4	14	0079a5f0
CTCSummonSpell	0126c2b4	2	0079a600
CTCSummonSpell	0126c2b4	9	0079b9d0
CTCSummonSpell	0126c2b4	21	0079bcd0
CTCSummonSpell	0126c2b4	22	0079bce0
CTCSummonSpell	0126c2b4	8	0079bd00
CTCSummonSpell	0126c2b4	0	0079bdf0
CTCSummonableCreature	0126c41c	13	0079c290
CTCSummonableCreature	0126c41c	21	0079c470
CTCSummonableCreature	0126c41c	22	0079c480
CTCSummonableCreature	0126c41c	8	0079c4a0
CTCSummonableCreature	0126c41c	0	0079c570
CTCBulletTime	0126c49c	9	0079c880
CTCBulletTime	0126c49c	14	0079d7c0
CTCBulletTime	0126c49c	2	0079d7d0
CTCBulletTime	0126c49c	21	0079dc50
CTCBulletTime	0126c49c	22	0079dc60
CTCBulletTime	0126c49c	8	0079dc80
CTCBulletTime	0126c49c	0	0079dc90
CTCPhysicalShieldSpell	0126c53c	28	0079dcc0
CTCPhysicalShieldSpell	0126c53c	9	0079eb30
CTCPhysicalShieldSpell	0126c53c	14	0079ec70
CTCPhysicalShieldSpell	0126c53c	2	0079ec80
CTCPhysicalShieldSpell	0126c53c	21	0079f4d0
CTCPhysicalShieldSpell	0126c53c	22	0079f4e0
CTCPhysicalShieldSpell	0126c53c	8	0079f500
CTCPhysicalShieldSpell	0126c53c	0	0079f510
CTCWillLightning	0126c724	14	007a0d70
CTCWillLightning	0126c724	2	007a0d80
CTCWillLightning	0126c724	9	007a2640
CTCWillLightning	0126c724	21	007a4050
CTCWillLightning	0126c724	22	007a4060
CTCWillLightning	0126c724	8	007a4080
CTCWillLightning	0126c724	0	007a4090
CTCWillEnflame	0126c824	14	007a42f0
CTCWillEnflame	0126c824	2	007a4300
CTCWillEnflame	0126c824	9	007a4660
CTCWillEnflame	0126c824	21	007a5040
CTCWillEnflame	0126c824	22	007a5050
CTCWillEnflame	0126c824	8	007a5070
CTCWillEnflame	0126c824	0	007a50f0
CTCForcePushPower	0126c9bc	14	007a5440
CTCForcePushPower	0126c9bc	2	007a5450
CTCForcePushPower	0126c9bc	9	007a56b0
CTCForcePushPower	0126c9bc	21	007a6130
CTCForcePushPower	0126c9bc	22	007a6140
CTCForcePushPower	0126c9bc	8	007a6160
CTCForcePushPower	0126c9bc	0	007a62d0
NTCMessages::CMessageOnMeshReplaced	0126cb54	1	007a6670
NGraphicAppearance::CTCGraphicAppearanceReplaceableMesh	0126cb60	1	007a6690
NGraphicAppearance::CTCGraphicAppearanceReplaceableMesh	0126cb7c	4	007a6740
NGraphicAppearance::CTCGraphicAppearanceReplaceableMesh	0126cb60	0	007a6760
NGraphicAppearance::CTCGraphicAppearanceReplaceableMesh	0126cb60	2	007a6ab0
NTCMessages::CMessageOnMeshReplaced	0126cb54	0	007a6be0
NGraphicAppearance::CTCGraphicAppearanceReplaceableMesh	0126cb7c	21	007a6da0
NGraphicAppearance::CTCGraphicAppearanceReplaceableMesh	0126cb7c	22	007a6db0
NGraphicAppearance::CTCGraphicAppearanceReplaceableMesh	0126cb7c	0	007a6df0
CTCBattleCharge	0126cbfc	6	007a7370
CTCBattleCharge	0126cbfc	14	007a7bd0
CTCBattleCharge	0126cbfc	2	007a7be0
CTCBattleCharge	0126cbfc	9	007a8be0
CTCBattleCharge	0126cbfc	21	007a9280
CTCBattleCharge	0126cbfc	22	007a9290
CTCBattleCharge	0126cbfc	8	007a92b0
CTCBattleCharge	0126cbfc	0	007a9800
CTCAssassinRush	0126cf2c	6	007aa6b0
CTCAssassinRush	0126cf2c	14	007aa820
CTCAssassinRush	0126cf2c	2	007aa830
CTCAssassinRush	0126cf2c	9	007ab190
NCameraModes::CScriptModuleCameraOnAStick	0126cf04	7	007ab4a0
NCameraModes::CScriptModuleCameraOnAStick	0126cf04	0	007ab4b0
CTCAssassinRush	0126cf2c	21	007ab5a0
CTCAssassinRush	0126cf2c	22	007ab5b0
CTCAssassinRush	0126cf2c	8	007ab5d0
CTCAssassinRush	0126cf2c	0	007ab5e0
CTCAIScratchpad	0126d07c	1	007abbd0
CAIScratchpadDef	0126d014	20	007ac6e0
CAIScratchpadDef	0126d014	0	007acaa0
CTCAIScratchpad	0126d07c	21	007acda0
CTCAIScratchpad	0126d07c	22	007acdb0
CTCAIScratchpad	0126d07c	23	007acdd0
CAIScratchpadDef	0126d014	18	007ad300
CPersistContext_TransferableComponent	0126d3ac	1	007ad7b0
CPersistContext_TransferableComponent	0126d3ac	0	007ad7d0
CTCAIScratchpad	0126d07c	4	007ad880
CTCAIScratchpad	0126d07c	0	007ada80
CAIScratchpadDef	0126d014	19	007adef0
CTCRockTrollShield	0126d41c	9	007aed80
CTCBoss	0126d494	9	007af050
CTCRockTrollShield	0126d41c	21	007af830
CTCRockTrollShield	0126d41c	22	007af840
CTCRockTrollShield	0126d41c	8	007af860
CTCRockTrollShield	0126d41c	0	007af870
CTCBoss	0126d494	21	007afcd0
CTCBoss	0126d494	22	007afce0
CTCBoss	0126d494	8	007afd00
CTCBoss	0126d494	0	007aff50
CTCFishingSpot	0126d51c	6	007b0140
CTCFishingSpot	0126d51c	1	007b0330
CTCFishingSpot	0126d51c	9	007b0360
CTCFishingSpot	0126d51c	21	007b0670
CTCFishingSpot	0126d51c	22	007b0680
CTCFishingSpot	0126d51c	8	007b06a0
CTCFishingSpot	0126d51c	23	007b06b0
CTCFishingSpot	0126d51c	0	007b06c0
CTCFishing	0126d5cc	9	007b0cd0
CFishingDef	012418c4	18	007b1f10
CTCFishing	0126d5cc	21	007b26c0
CTCFishing	0126d5cc	22	007b26d0
CTCFishing	0126d5cc	8	007b26f0
CTCFishing	0126d5cc	0	007b2700
CTCStealableItemLocation	0123c65c	1	007b2800
NEntityEvents::CEventApologyReceived	0126d7d4	1	007b2910
CTCGuard	0126d80c	23	007b29a0
CTCGuard	0126d80c	6	007b2a90
CTCGuard	0126d80c	13	007b2ab0
CTCGuard	0126d80c	9	007b3120
CTCGuard	0126d80c	1	007b3760
NEntityEvents::CEventApologyReceived	0126d7d4	0	007b3e50
CPersistContext_TransferableVector	0126d7f8	0	007b4010
CPersistContext_TransferableVector	0126d7f8	2	007b4020
CPersistContext_TransferableComponent	0126d7ec	1	007b4180
CPersistContext_TransferableComponent	0126d7ec	0	007b41a0
CPersistContext_TransferableVector	0126d7f8	3	007b4770
CTCGuard	0126d80c	21	007b4fe0
CTCGuard	0126d80c	22	007b4ff0
CTCGuard	0126d80c	8	007b5010
CTCGuard	0126d80c	0	007b5110
CPersistContext_TransferableVector	0126d7f8	1	007b5310
CActivateQuestDef	0123c7f4	18	007b5740
CTCCarriedActionUseActivateQuest	0124036c	28	007b57c0
CTCWaterWader	0126d95c	9	007b5e50
CTCWaterWader	0126d95c	21	007b62a0
CTCWaterWader	0126d95c	22	007b62b0
CTCWaterWader	0126d95c	8	007b62d0
CTCWaterWader	0126d95c	0	007b62e0
CTCCrateStack	0126da14	6	007b6a80
CTCCrateStack	0126da14	21	007b6c60
CTCCrateStack	0126da14	22	007b6c70
CTCCrateStack	0126da14	0	007b6c90
CTCOverheadDisplay	0126da94	9	007b7a70
CTCOverheadDisplay	0126da94	4	007b7b60
COverheadDisplayDef	0123c8fc	18	007b7d20
CTCOverheadDisplay	0126da94	11	007b7de0
CTCOverheadDisplay	0126da94	21	007b8050
CTCOverheadDisplay	0126da94	22	007b8060
CTCOverheadDisplay	0126da94	8	007b8080
CTCOverheadDisplay	0126da94	0	007b8090
CTCTavernTable	0126dbb4	6	007b90f0
CTCTavernTable	0126dbb4	21	007b9af0
CTCTavernTable	0126dbb4	22	007b9b00
CTCTavernTable	0126dbb4	0	007b9d10
CTCTavernBar	0126dc4c	6	007ba550
CTCTavernBar	0126dc4c	21	007baab0
CTCTavernBar	0126dc4c	22	007baac0
CTCTavernBar	0126dc4c	0	007bab30
CTCTavern	0126dd24	21	007bacd0
CTCTavern	0126dd24	22	007bace0
CTCTavern	0126dd24	0	007bad00
CTCTrespassable	0126dd9c	21	007bad50
CTCTrespassable	0126dd9c	22	007bad60
CTCTrespassable	0126dd9c	0	007bad80
CTCTrespasser	0126de14	8	007badc0
CTCTrespasser	0126de14	28	007baf00
CTCTrespasser	0126de14	9	007bb1f0
CTCTrespasser	0126de14	21	007bb600
CTCTrespasser	0126de14	22	007bb610
CTCTrespasser	0126de14	0	007bb630
CTCDrunkenness	0126deb4	9	007bb770
CTCDrunkenness	0126deb4	21	007bb9e0
CTCDrunkenness	0126deb4	22	007bb9f0
CTCDrunkenness	0126deb4	8	007bba10
CTCDrunkenness	0126deb4	6	007bba20
CTCDrunkenness	0126deb4	0	007bba30
CTCOnHeroPush	0123cbc4	9	007bba70
NThingShot::CTCShotDefinitionNymphFun	01240e3c	35	007bbb35
NThingShot::CTCShotDefinitionQueenHornetShot	0126dfec	28	007bbb36
NThingShot::CTCShotDefinitionProjectile	01240ccc	33	007bbb3b
NThingShot::CTCShotDefinitionProjectile	01240ccc	35	007bbc47
NThingShot::CTCShotDefinitionThrow	0123cdc4	33	007bbc9f
NThingShot::CTCShotDefinitionTearInGround	0123cf9c	35	007bbdca
NThingShot::CTCShotDefinitionTearInGround	0123cf9c	41	007bbe24
NThingShot::CTCShotDefinitionSpreadShotProjectile	01240d84	33	007bbe34
NThingShot::CTCShotDefinitionNymphFun	01240e3c	33	007bc004
NThingShot::CTCShotDefinitionMultiArrow	0126df34	35	007bc15a
NThingShot::CTCShotDefinitionThrowPredictive	0123ce9c	33	007bc38a
NThingShot::CTCShotDefinitionProjectilePredictive	01240ef4	33	007bc6fa
NThingShot::CTCShotDefinitionTearInGround	0123cf9c	33	007bc8fc
NThingShot::CTCShotDefinitionDrainLife	012403f4	35	007bca30
NThingShot::CTCShotDefinitionDragonFireball	0123d0cc	33	007bcc40
NThingShot::CTCShotDefinitionMultiArrow	0126df34	33	007bcf7f
NThingShot::CTCShotDefinitionMultiArrow	0126df34	32	007bd2a7
NThingShot::CTCShotDefinitionThrow	0123cdc4	40	007bd2d1
NThingShot::CTCShotDefinitionProjectilePredictive	01240ef4	40	007bd527
NThingShot::CTCShotDefinitionDrainLife	012403f4	33	007bd845
NThingShot::CTCShotDefinitionDrainLife	012403f4	37	007bdac7
NThingShot::CTCShotDefinitionNymphFun	01240e3c	28	007bdb66
NThingShot::CTCShotDefinitionMultiArrow	0126df34	31	007bdcfc
NThingShot::CTCShotDefinitionMultiArrow	0126df34	34	007bdd77
NThingShot::CTCShotDefinitionFireballSpell	01241064	28	007bde31
NThingShot::CTCShotDefinitionForcePushBall	01240fac	28	007be0f9
NThingShot::CTCShotDefinitionForcePushBall	01240fac	34	007be3e0
NThingShot::CTCShotDefinitionDrainLife	012403f4	34	007be4e0
NThingShot::CTCShotDefinitionMultiArrow	0126df34	22	007be5e0
NThingShot::CTCShotDefinitionMultiArrow	0126df34	0	007be696
NThingShot::CTCShotDefinitionQueenHornetShot	0126dfec	22	007be9d5
NThingShot::CTCShotDefinitionQueenHornetShot	0126dfec	0	007be9ec
NEntityEvents::CEventShotStruck	0126e188	1	007beb10
NThingShot::CTCShotDefinitionThrow	0123cdc4	14	007bed00
NThingShot::CTCShotDefinitionThrow	0123cdc4	31	007bee10
NThingShot::CTCShotDefinitionThrow	0123cdc4	36	007bee40
NThingShot::CTCShotDefinitionThrow	0123cdc4	2	007bf350
NThingShot::CTCShotDefinitionThrow	0123cdc4	28	007bf510
NThingShot::CTCShotDefinitionThrow	0123cdc4	32	007bfa90
NThingShot::CTCShotDefinitionThrow	0123cdc4	37	007bfe30
NThingShot::CTCShotDefinitionThrow	0123cdc4	39	007c04a0
NThingShot::CTCShotDefinitionThrow	0123cdc4	29	007c22f0
NThingShot::CTCShotDefinitionThrow	0123cdc4	38	007c2480
NThingShot::CTCShotDefinitionThrow	0123cdc4	34	007c25a0
NEntityEvents::CEventShotStruck	0126e188	0	007c28a0
NThingShot::CTCShotDefinitionBase	0126e1a4	33	007c2ce0
NThingShot::CTCShotDefinitionBase	0126e1a4	0	007c2cf0
CTCDrainLife	0126e284	14	007c3020
CTCDrainLife	0126e284	2	007c3030
CTCDrainLife	0126e284	9	007c36a0
CTCDrainLife	0126e284	21	007c3be0
CTCDrainLife	0126e284	22	007c3bf0
CTCDrainLife	0126e284	8	007c3c10
CTCDrainLife	0126e284	0	007c3e70
CTCHealLife	0126e36c	9	007c3fb0
CTCHealLife	0126e36c	14	007c4410
CTCHealLife	0126e36c	2	007c4420
CTCHealLife	0126e36c	21	007c50d0
CTCHealLife	0126e36c	22	007c50e0
CTCHealLife	0126e36c	8	007c5100
CTCHealLife	0126e36c	0	007c53d0
CTCGhostSword	0126e494	14	007c5460
CTCGhostSword	0126e494	2	007c5470
CTCGhostSword	0126e494	9	007c6460
CTCGhostSword	0126e494	21	007c6670
CTCGhostSword	0126e494	22	007c6680
CTCGhostSword	0126e494	8	007c66a0
CTCGhostSword	0126e494	0	007c66b0
CTCTurncoatSpell	0126e5c4	9	007c6e50
CTCTurncoatSpell	0126e5c4	14	007c75a0
CTCTurncoatSpell	0126e5c4	2	007c75e0
CTCTurncoatSpell	0126e5c4	21	007c7790
CTCTurncoatSpell	0126e5c4	22	007c77a0
CTCTurncoatSpell	0126e5c4	8	007c77c0
CTCTurncoatSpell	0126e5c4	0	007c77d0
CTCTurncoat	0126e6f4	6	007c7840
CTCTurncoat	0126e6f4	9	007c7c40
CTCTurncoat	0126e6f4	21	007c80c0
CTCTurncoat	0126e6f4	22	007c80d0
CTCTurncoat	0126e6f4	8	007c80f0
CTCTurncoat	0126e6f4	0	007c8100
CTCHitOnCollision	0126e7a4	2	007c81a0
CTCHitOnCollision	0126e7a4	21	007c8510
CTCHitOnCollision	0126e7a4	22	007c8520
CTCHitOnCollision	0126e7a4	0	007c8540
CTCFireballSpell	0126e964	14	007c9160
CTCFireballSpell	0126e964	2	007c9170
CTCFireballSpell	0126e964	9	007c93b0
CTCFireballSpell	0126e964	21	007c9580
CTCFireballSpell	0126e964	22	007c9590
CTCFireballSpell	0126e964	8	007c95b0
CTCFireballSpell	0126e964	0	007c95c0
CTCCreatureGeneratorCreator	0126eb3c	4	007c9760
CTCCreatureGeneratorCreator	0126eb3c	1	007c9770
CTCCreatureGeneratorCreator	0126eb3c	6	007c9920
CTCCreatureGeneratorCreator	0126eb3c	9	007c99f0
CTCCreatureGeneratorCreator	0126eb3c	21	007c9e60
CTCCreatureGeneratorCreator	0126eb3c	22	007c9e70
CTCCreatureGeneratorCreator	0126eb3c	8	007c9e90
CTCCreatureGeneratorCreator	0126eb3c	23	007c9ea0
CTCCreatureGeneratorCreator	0126eb3c	0	007c9eb0
CTCHeroReceiveItems	0126ebfc	14	007ca630
CTCHeroReceiveItems	0126ebfc	26	007cacb0
CTCHeroReceiveItems	0126ebfc	1	007cb8b0
CTCHeroReceiveItems	0126ebfc	21	007cbd40
CTCHeroReceiveItems	0126ebfc	22	007cbd50
CTCHeroReceiveItems	0126ebfc	23	007cbd70
CTCHeroReceiveItems	0126ebfc	0	007cbd80
CTCGold	0126ed04	21	007cbe70
CTCGold	0126ed04	22	007cbe80
CTCGold	0126ed04	0	007cbea0
CTCMultiArrow	0126ed7c	14	007cc470
CTCMultiArrow	0126ed7c	2	007cc480
CTCMultiArrow	0126ed7c	9	007cc490
CTCMultiArrow	0126ed7c	21	007cc950
CTCMultiArrow	0126ed7c	22	007cc960
CTCMultiArrow	0126ed7c	8	007cc980
CTCMultiArrow	0126ed7c	0	007cc990
CTCMultiStrike	0126ee0c	14	007cce00
CTCMultiStrike	0126ee0c	2	007cce10
CTCMultiStrike	0126ee0c	9	007cce20
CTCMultiStrike	0126ee0c	21	007cd7d0
CTCMultiStrike	0126ee0c	22	007cd7e0
CTCMultiStrike	0126ee0c	8	007cd800
CTCMultiStrike	0126ee0c	0	007cd810
CTCBurntEffect	0126efbc	14	007cd980
CTCBurntEffect	0126efbc	2	007cd990
CTCBurntEffect	0126efbc	9	007cd9a0
CTCBurntEffect	0126efbc	21	007ce170
CTCBurntEffect	0126efbc	22	007ce180
CTCBurntEffect	0126efbc	8	007ce1a0
CTCBurntEffect	0126efbc	0	007ce1b0
CTCElectrocutedEffect	0126f044	6	007ce370
CTCElectrocutedEffect	0126f044	14	007ce3c0
CTCElectrocutedEffect	0126f044	2	007ce3f0
CTCElectrocutedEffect	0126f044	9	007ce420
CTCElectrocutedEffect	0126f044	21	007ced00
CTCElectrocutedEffect	0126f044	22	007ced10
CTCElectrocutedEffect	0126f044	8	007ced30
CTCElectrocutedEffect	0126f044	0	007ced40
CTCCreatureTintEffect	0126f13c	9	007cee40
CTCCreatureTintEffect	0126f13c	14	007cf090
CTCCreatureTintEffect	0126f13c	2	007cf0a0
CTCCreatureTintEffect	0126f13c	21	007cf350
CTCCreatureTintEffect	0126f13c	22	007cf360
CTCCreatureTintEffect	0126f13c	8	007cf380
CTCCreatureTintEffect	0126f13c	0	007cf390
CTCTavernGameShoveHaPenny	0126f2f4	30	007cf460
CTCTavernGameShoveHaPenny	0126f2f4	31	007cf4a0
CTCTavernGameShoveHaPenny	0126f2f4	33	007cf4c0
CTCTavernGameShoveHaPenny	0126f2f4	34	007cf520
CTCTavernGameShoveHaPenny	0126f2f4	29	007cf530
CTCTavernGameShoveHaPenny	0126f2f4	43	007cf5b0
CTCTavernGameShoveHaPenny	0126f2f4	44	007cf690
CTCTavernGameShoveHaPenny	0126f2f4	45	007cf740
CTCTavernGameShoveHaPenny	0126f2f4	32	007cf7e0
CTCTavernGameShoveHaPenny	0126f2f4	28	007cf9a0
CTCTavernGameShoveHaPenny	0126f2f4	46	007cff40
CShoveHaPennyRegionDef	0124383c	18	007d0070
CTCTavernGameShoveHaPenny	0126f2f4	9	007d00f0
CTCTavernGameShoveHaPenny	0126f2f4	6	007d04f0
CTCTavernGameShoveHaPenny	0126f2f4	40	007d0850
CTavernGameShoveHaPennyDef	01242524	18	007d0a40
CTCTavernGameCoinBase	0126f224	21	007d21f0
CTCTavernGameCoinBase	0126f224	0	007d2200
CTCTavernGameShoveHaPenny	0126f2f4	22	007d2220
CTCTavernGameShoveHaPenny	0126f2f4	0	007d2240
CTCTavernGameCoinGolf	0126f49c	31	007d2900
CTCTavernGameCoinGolf	0126f49c	33	007d2920
CTCTavernGameCoinGolf	0126f49c	34	007d29f0
CTCTavernGameCoinGolf	0126f49c	43	007d2a00
CTCTavernGameCoinGolf	0126f49c	44	007d2b70
CTCTavernGameCoinGolf	0126f49c	45	007d2c20
CTCTavernGameCoinGolf	0126f49c	9	007d2ff0
CTCTavernGameCoinGolf	0126f49c	29	007d34a0
CTCTavernGameCoinGolf	0126f49c	32	007d3510
CTCTavernGameCoinGolf	0126f49c	46	007d3700
CTCTavernGameCoinGolf	0126f49c	28	007d3820
CTCTavernGameCoinGolf	0126f49c	6	007d3f80
CTCTavernGameCoinGolf	0126f49c	40	007d4410
CTCTavernGameCoinGolf	0126f49c	11	007d4a60
CTCTavernGameCoinGolf	0126f49c	30	007d4a90
CTCTavernGameCoinGolf	0126f49c	22	007d4d70
CTCTavernGameCoinGolf	0126f49c	0	007d4d90
CTCTavernGameCardSorting	0126f5b4	30	007d4de0
CTCTavernGameCardSorting	0126f5b4	57	007d4e10
CTCTavernGameCardSorting	0126f5b4	29	007d4e30
CTCTavernGameCardSorting	0126f5b4	31	007d4ed0
CTCTavernGameCardSorting	0126f5b4	33	007d4f40
CTCTavernGameCardSorting	0126f5b4	56	007d5070
CTCTavernGameCardSorting	0126f5b4	43	007d5290
CTCTavernGameCardSorting	0126f5b4	44	007d53a0
CTCTavernGameCardSorting	0126f5b4	45	007d5450
CTCTavernGameCardSorting	0126f5b4	46	007d5560
CTCTavernGameCardSorting	0126f5b4	1	007d56d0
CTCTavernGameCardSorting	0126f5b4	40	007d5730
CTCTavernGameCardSorting	0126f5b4	59	007d5890
CTCTavernGameCardSorting	0126f5b4	32	007d5a00
CTCTavernGameCardSorting	0126f5b4	22	007d5ef0
CTCTavernGameCardSorting	0126f5b4	0	007d5f10
CTCTavernGameCardPairs	0126f6fc	30	007d5f60
CTCTavernGameCardPairs	0126f6fc	57	007d5f90
CTCTavernGameCardPairs	0126f6fc	59	007d5fb0
CTCTavernGameCardPairs	0126f6fc	29	007d60c0
CTCTavernGameCardPairs	0126f6fc	33	007d6150
CTCTavernGameCardPairs	0126f6fc	53	007d6260
CTCTavernGameCardPairs	0126f6fc	56	007d62d0
CTCTavernGameCardPairs	0126f6fc	43	007d6560
CTCTavernGameCardPairs	0126f6fc	44	007d6670
CTCTavernGameCardPairs	0126f6fc	45	007d6720
CTCTavernGameCardPairs	0126f6fc	1	007d6830
CTCTavernGameCardPairs	0126f6fc	28	007d6870
CTCTavernGameCardPairs	0126f6fc	40	007d6f70
CTCTavernGameCardPairs	0126f6fc	32	007d70e0
CTCTavernGameCardPairs	0126f6fc	60	007d71e0
CTCTavernGameCardPairs	0126f6fc	58	007d75a0
CTCTavernGameCardPairs	0126f6fc	22	007d7980
CTCTavernGameCardPairs	0126f6fc	0	007d79a0
CTCTavernGameSpotTheAddition	0126f814	30	007d7b40
CTCTavernGameSpotTheAddition	0126f814	32	007d7b80
CTCTavernGameSpotTheAddition	0126f814	33	007d7ba0
CTCTavernGameSpotTheAddition	0126f814	42	007d7c10
CTCTavernGameSpotTheAddition	0126f814	50	007d7c30
CTCTavernGameSpotTheAddition	0126f814	43	007d7c80
CTCTavernGameSpotTheAddition	0126f814	44	007d7d60
CTCTavernGameSpotTheAddition	0126f814	45	007d7e10
CTCTavernGameSpotTheAddition	0126f814	11	007d7ec0
CTCTavernGameSpotTheAddition	0126f814	29	007d7fd0
CTCTavernGameSpotTheAddition	0126f814	31	007d80c0
CTCTavernGameSpotTheAddition	0126f814	34	007d8140
CTCTavernGameSpotTheAddition	0126f814	46	007d8160
CTCTavernGameSpotTheAddition	0126f814	6	007d83c0
CTCTavernGameSpotTheAddition	0126f814	28	007d8570
CTCTavernGameSpotTheAddition	0126f814	40	007d8ab0
CTCTavernGameSpotTheAddition	0126f814	9	007d8e20
CTCTavernGameSpotTheAddition	0126f814	22	007d9eb0
CTCTavernGameSpotTheAddition	0126f814	0	007d9ed0
CTCTavernGameCardBlackjack	0126f8f4	28	007da010
CTCTavernGameCardBlackjack	0126f8f4	29	007da020
CTCTavernGameCardBlackjack	0126f8f4	31	007da050
CTCTavernGameCardBlackjack	0126f8f4	52	007da070
CTCTavernGameCardBlackjack	0126f8f4	57	007da080
CTCTavernGameCardBlackjack	0126f8f4	59	007da090
CTCTavernGameCardBlackjack	0126f8f4	61	007da0a0
CTCTavernGameCardBlackjack	0126f8f4	43	007da0b0
CTCTavernGameCardBlackjack	0126f8f4	46	007da0e0
CTCTavernGameCardBlackjack	0126f8f4	50	007da110
CTCTavernGameCardBlackjack	0126f8f4	53	007da120
CTCTavernGameCardBlackjack	0126f8f4	9	007da360
CTCTavernGameCardBlackjack	0126f8f4	42	007da3a0
CTCTavernGameCardBlackjack	0126f8f4	44	007da400
CTCTavernGameCardBlackjack	0126f8f4	45	007da520
CTCTavernGameCardBlackjack	0126f8f4	47	007da640
CTCTavernGameCardBlackjack	0126f8f4	1	007daa60
CTCTavernGameCardBlackjack	0126f8f4	30	007daaa0
CTCTavernGameCardBlackjack	0126f8f4	33	007daae0
CTCTavernGameCardBlackjack	0126f8f4	40	007dab60
CTCTavernGameCardBlackjack	0126f8f4	51	007dac10
CTCTavernGameCardBlackjack	0126f8f4	32	007db2e0
CTCTavernGameCardBlackjack	0126f8f4	56	007db6a0
CTCTavernGameCardBlackjack	0126f8f4	22	007dc970
CTCTavernGameCardBlackjack	0126f8f4	0	007dca70
CTCCreatureFlyOnSpline	0126f9f4	9	007dccb0
CTCCreatureFlyOnSpline	0126f9f4	11	007dce40
CTCCreatureFlyOnSpline	0126f9f4	21	007dd180
CTCCreatureFlyOnSpline	0126f9f4	22	007dd190
CTCCreatureFlyOnSpline	0126f9f4	8	007dd1b0
CTCCreatureFlyOnSpline	0126f9f4	0	007dd1c0
CTCCreatureFlyInCircles	0126fb04	9	007de030
CTCCreatureFlyInCircles	0126fb04	21	007de3e0
CTCCreatureFlyInCircles	0126fb04	22	007de3f0
CTCCreatureFlyInCircles	0126fb04	8	007de410
CTCCreatureFlyInCircles	0126fb04	0	007de420
CTCWallMount	0126fb7c	23	007de490
CTCWallMount	0126fb7c	1	007de530
CTCWallMount	0126fb7c	6	007de5d0
CTCWallMount	0126fb7c	21	007df2b0
CTCWallMount	0126fb7c	22	007df2c0
CTCWallMount	0126fb7c	0	007df2e0
CTCWallMountEffects	0126fc84	6	007df3a0
CTCWallMountEffects	0126fc84	8	007df3b0
CTCWallMountEffects	0126fc84	23	007df3c0
CTCWallMountEffects	0126fc84	1	007df670
CTCWallMountEffects	0126fc84	9	007df770
CTCWallMountEffects	0126fc84	21	007dfaa0
CTCWallMountEffects	0126fc84	22	007dfab0
CTCWallMountEffects	0126fc84	0	007dfad0
CTCFish	0126fd2c	21	007dfc50
CTCFish	0126fd2c	22	007dfc60
CTCFish	0126fd2c	0	007dfc80
CTCTeleporter	0126fda4	1	007dff40
CTCTeleporter	0126fda4	9	007e00d0
CTCTeleporter	0126fda4	21	007e04f0
CTCTeleporter	0126fda4	22	007e0500
CTCTeleporter	0126fda4	8	007e0520
CTCTeleporter	0126fda4	23	007e0530
CTCTeleporter	0126fda4	0	007e0600
CTCHeroSpecialMovement	0126fe3c	9	007e0750
CTCHeroSpecialMovement	0126fe3c	4	007e0910
CTCHeroSpecialMovement	0126fe3c	21	007e0a00
CTCHeroSpecialMovement	0126fe3c	22	007e0a10
CTCHeroSpecialMovement	0126fe3c	8	007e0a30
CTCHeroSpecialMovement	0126fe3c	0	007e0b00
CTCEffectOnDie	0126feb4	9	007e0bf0
CTCEffectOnDie	0126feb4	13	007e0d00
CTCEffectOnDie	0126feb4	21	007e0d70
CTCEffectOnDie	0126feb4	22	007e0d80
CTCEffectOnDie	0126feb4	8	007e0da0
CTCEffectOnDie	0126feb4	0	007e0db0
CTCAICreatureWillPowerIndicator	0126ff2c	9	007e0f20
CTCAICreatureWillPowerIndicator	0126ff2c	21	007e1140
CTCAICreatureWillPowerIndicator	0126ff2c	22	007e1150
CTCAICreatureWillPowerIndicator	0126ff2c	8	007e1170
CTCAICreatureWillPowerIndicator	0126ff2c	0	007e1180
NGraphicAppearance::CTCGraphicAppearanceMultipleStaticMeshes	0126ffcc	4	007e1570
NGraphicAppearance::CTCGraphicAppearanceMultipleStaticMeshes	0126ffb4	1	007e1590
NGraphicAppearance::CTCGraphicAppearanceMultipleStaticMeshes	0126ffb4	0	007e15c0
NGraphicAppearance::CTCGraphicAppearanceMultipleStaticMeshes	0126ffb4	2	007e1990
NGraphicAppearance::CTCGraphicAppearanceMultipleStaticMeshes	0126ffcc	21	007e1a70
NGraphicAppearance::CTCGraphicAppearanceMultipleStaticMeshes	0126ffcc	22	007e1a80
NGraphicAppearance::CTCGraphicAppearanceMultipleStaticMeshes	0126ffcc	0	007e1aa0
CTCInfoDisplay	01270044	9	007e1b00
CTCInfoDisplay	01270044	1	007e1b10
CTCInfoDisplay	01270044	21	007e1be0
CTCInfoDisplay	01270044	22	007e1bf0
CTCInfoDisplay	01270044	8	007e1c10
CTCInfoDisplay	01270044	23	007e1c20
CTCInfoDisplay	01270044	0	007e1c30
CTCCarriedActionUseRead	01240834	4	007e1df0
CTCCarriedActionUseRead	01240834	1	007e1e00
CCarriedReadableDef	0123db94	18	007e1e30
CTCCarriedActionUseRead	01240834	28	007e1eb0
CTCAmbientBird	0123dc0c	6	007e1f70
CTCAmbientBird	0123dc0c	9	007e1fc0
CTCFishingRod	01270104	21	007e2480
CTCFishingRod	01270104	22	007e2490
CTCFishingRod	01270104	0	007e24b0
CTCDiggingSpot	0127017c	1	007e2530
CTCDiggingSpot	0127017c	21	007e2580
CTCDiggingSpot	0127017c	22	007e2590
CTCDiggingSpot	0127017c	23	007e25b0
CTCDiggingSpot	0127017c	0	007e25c0
CTCElectrocuteOnTouch	012701fc	21	007e26e0
CTCElectrocuteOnTouch	012701fc	22	007e26f0
CTCElectrocuteOnTouch	012701fc	0	007e2710
CTCFineDialogue	01270274	26	007e2a60
CTCFineDialogue	01270274	21	007e2d30
CTCFineDialogue	01270274	22	007e2d40
CTCFineDialogue	01270274	8	007e2d60
CTCFineDialogue	01270274	0	007e2d70
CTCWobble	0123df34	6	007e2df0
CTCWobble	0123df34	9	007e2f00
CTCCameraCollision	01270394	4	007e3040
CTCCameraCollision	01270394	21	007e3220
CTCCameraCollision	01270394	22	007e3230
CTCCameraCollision	01270394	0	007e3350
CTCFlashOnHit	0123e034	9	007e33b0
CTCDeadShotInThingTracker	0127040c	9	007e34e0
CTCDeadShotInThingTracker	0127040c	21	007e3530
CTCDeadShotInThingTracker	0127040c	22	007e3540
CTCDeadShotInThingTracker	0127040c	8	007e3560
CTCDeadShotInThingTracker	0127040c	0	007e3570
CTCAtmosPlayer	01270484	14	007e35d0
CTCAtmosPlayer	01270484	4	007e3690
CTCAtmosPlayer	01270484	1	007e36a0
CTCAtmosPlayer	01270484	21	007e3760
CTCAtmosPlayer	01270484	22	007e3770
CTCAtmosPlayer	01270484	23	007e3790
CTCAtmosPlayer	01270484	0	007e37a0
CPersistContext_TransferableComponent	012704f8	1	007e37f0
CPersistContext_TransferableComponent	012704f8	0	007e3900
CTCWillResponse	01270534	21	007e4890
CTCWillResponse	01270534	22	007e48a0
CTCWillResponse	01270534	0	007e48c0
CTCCreditsUI	012705ac	4	007e49b0
CTCCreditsUI	012705ac	11	007e49d0
CTCCreditsUI	012705ac	9	007e4a90
CTCCreditsUI	012705ac	21	007e4c10
CTCCreditsUI	012705ac	22	007e4c20
CTCCreditsUI	012705ac	8	007e4c40
CTCCreditsUI	012705ac	0	007e4c50
CTCBetting	01270624	9	007e4e30
CTCBetting	01270624	28	007e5230
CTCBetting	01270624	11	007e5680
CTCBetting	01270624	21	007e58e0
CTCBetting	01270624	22	007e58f0
CTCBetting	01270624	8	007e5910
CTCBetting	01270624	0	007e5920
CTCLifeTimer	012706a4	9	007e59b0
CTCLifeTimer	012706a4	21	007e5ad0
CTCLifeTimer	012706a4	22	007e5ae0
CTCLifeTimer	012706a4	8	007e5b00
CTCLifeTimer	012706a4	0	007e5b10
CTCFireRangedWeaponOnLeavingStateGroup	0123e464	6	007e5b30
CTCFireRangedWeaponOnLeavingStateGroup	0123e464	9	007e5b90
CTCFireRangedWeaponOnLeavingStateGroup	0123e464	2	007e5cc0
CTCOracleMinigame	012707b4	9	007e6750
CTCOracleMinigame	012707b4	21	007e6fd0
CTCOracleMinigame	012707b4	22	007e6fe0
CTCOracleMinigame	012707b4	8	007e7000
CTCOracleMinigame	012707b4	0	007e7010
NTCScriptedControl::CActionMoveTo	0127091c	4	007e7280
CScriptGameResourceObjectScriptedThingBase	0127094c	1	007e72c0
CScriptGameResourceObjectScriptedThingBase	0127094c	2	007e72d0
CScriptGameResourceObjectScriptedThingBase	0127094c	3	007e72e0
CScriptGameResourceObjectScriptedThingBase	0127094c	4	007e72f0
CScriptGameResourceObjectScriptedThingBase	0127094c	5	007e7300
CScriptGameResourceObjectScriptedThingBase	0127094c	6	007e7310
CScriptGameResourceObjectScriptedThingBase	0127094c	7	007e7320
CScriptGameResourceObjectScriptedThingBase	0127094c	8	007e7330
CScriptGameResourceObjectScriptedThingBase	0127094c	9	007e7340
CScriptGameResourceObjectScriptedThingBase	0127094c	10	007e7360
CScriptGameResourceObjectScriptedThingBase	0127094c	11	007e7370
CScriptGameResourceObjectScriptedThingBase	0127094c	14	007e7380
CScriptGameResourceObjectScriptedThingBase	0127094c	13	007e7390
CScriptGameResourceObjectScriptedThingBase	0127094c	15	007e73a0
CScriptGameResourceObjectScriptedThingBase	0127094c	16	007e73b0
CScriptGameResourceObjectScriptedThingBase	0127094c	17	007e73c0
CScriptGameResourceObjectScriptedThingBase	0127094c	18	007e73d0
CScriptGameResourceObjectScriptedThingBase	0127094c	19	007e73e0
CScriptGameResourceObjectScriptedThingBase	0127094c	20	007e73f0
CScriptGameResourceObjectScriptedThingBase	0127094c	21	007e7400
CScriptGameResourceObjectScriptedThingBase	0127094c	22	007e7410
CScriptGameResourceObjectScriptedThingBase	0127094c	23	007e7420
CScriptGameResourceObjectScriptedThingBase	0127094c	24	007e7430
CScriptGameResourceObjectScriptedThingBase	0127094c	25	007e7440
CScriptGameResourceObjectScriptedThingBase	0127094c	26	007e7450
CScriptGameResourceObjectScriptedThingBase	0127094c	27	007e7460
CScriptGameResourceObjectScriptedThingBase	0127094c	28	007e7470
CScriptGameResourceObjectScriptedThingBase	0127094c	29	007e7480
CScriptGameResourceObjectScriptedThingBase	0127094c	12	007e7490
CScriptGameResourceObjectScriptedThingBase	0127094c	0	007e7520
CTCFireheartMinigame	012709cc	9	007e76b0
CTCFireheartMinigame	012709cc	11	007e7c90
NTCScriptedControl::CActionMoveTo	0127091c	0	007e7e40
CTCFireheartMinigame	012709cc	21	007e7e70
CTCFireheartMinigame	012709cc	22	007e7e80
CTCFireheartMinigame	012709cc	8	007e7ea0
CTCFireheartMinigame	012709cc	0	007e7eb0
CCreatureAction_Read	01270ac4	0	007e8050
CTCActionUseReadable	0123f234	28	007e80c0
CTCActionUseReadable	0123f234	4	007e8140
CTCActionUseReadable	0123f234	1	007e8160
CReadableDef	0123e9f4	18	007e81b0
CCreatureAction_Read	01270ac4	11	007e82c0
NTCMessages::CMessageOnSetThingOwner	01270bf0	1	007e8330
NTCMessages::CMessageOnSetThingOwner	01270bf0	0	007e8350
CTCOwnedEntity	0123eb4c	6	007e83b0
CTCOwnedEntity	0123eb4c	23	007e8420
CTCOwnedEntity	0123eb4c	19	007e8440
CTCOwnedEntity	0123eb4c	1	007e8460
CTCOwnedEntity	0123eb4c	5	007e8820
CTCDCameraPoint	0123ec3c	29	007e8860
CTCDCameraPoint	0123ec3c	1	007e88f0
CTCFlourishTarget	0123ef34	6	007e8a00
CTCFlourishTarget	0123ef34	2	007e8a20
CTCAvoidRegionExit	0123efac	16	007e9360
CTCAvoidRegionExit	0123efac	2	007e93c0
CTCAvoidRegionExit	0123efac	14	007e9410
CTCAvoidRegionExit	0123efac	9	007e9460
CTCTargeted	0123f024	4	007ea510
CTCTargeted	0123f024	1	007ea550
CTCActionUseBase	0123f09c	28	007eab90
CTCActionUseBase	0123f09c	4	007eac10
CTCActionUseBase	0123f09c	6	007eac70
CTCActionUseTorch	0123f124	4	007eaf20
CTCActionUseTorch	0123f124	6	007eaf40
CTCActionUseTorch	0123f124	28	007eaf50
CTCActionUseSign	0123f1ac	28	007eafb0
CCreatureAction_PickupGameObject	01270c3c	36	007eb0c0
CCreatureAction_PickupGameObject	01270c3c	37	007eb0d0
CCreatureAction_PickupGameObject	01270c3c	0	007eb0e0
CTCActionUsePickUp	0123f2bc	28	007eb110
CTCActionUsePickUpGenericBox	0123f344	28	007eb1a0
CCreatureAction_PickupGameObject	01270c3c	11	007eb230
CCreatureAction_AddRealObjectToInventory	01270d5c	0	007eb360
CTCActionUsePutInInventory	0123f3cc	28	007eb390
CCreatureAction_AddRealObjectToInventory	01270d5c	11	007eb3f0
CCreatureAction_PlayerInteractionViewQuests	01270e7c	36	007eb520
CCreatureAction_PlayerInteractionViewQuests	01270e7c	37	007eb530
CCreatureAction_PlayerInteractionViewQuests	01270e7c	0	007eb540
CTCActionUseMapTable	0123f454	28	007eb570
CCreatureAction_PlayerInteractionViewQuests	01270e7c	11	007eb5d0
CTCActionUseSearch	0123f4dc	28	007eb6a0
CTCActionUseBlowHorn	0123f564	28	007eb9b0
CCreatureAction_LookThroughWindow	01270fbc	0	007eba90
CTCActionUseWindow	0123f5ec	28	007ebab0
CCreatureAction_LookThroughWindow	01270fbc	11	007ebb30
CTCActionUseAcceptBoast	0123f674	28	007ebbc0
CTCActionUseStartExtrapolationMorph	0123f6fc	28	007ebc20
CTCActionUseBed	0123f784	1	007ebe50
CTCActionUseBed	0123f784	28	007ebea0
CTCActionUseBed	0123f784	26	007ec710
CTCActionUseKickChicken	0123f80c	28	007ece20
CTCCarriedActionUseBase	0123f894	32	007ece60
CTCCarriedActionUseLamp	0123f91c	28	007ecee0
CCreatureAction_DropWeapon	01271274	0	007ed040
CTCCarriedActionUseDropGenericBox	0123fa2c	28	007ed060
CTCCarriedActionUseDrop	0123f9a4	28	007ed0a0
CCreatureAction_DropWeapon	01271274	11	007ed140
CTCCarriedActionUseGive	0123fab4	28	007ed170
CTCCarriedActionUseGiveBeer	0123fb3c	28	007ed2c0
CCreatureAction_GiveMoneyToThing	0127139c	0	007ed4e0
CTCCarriedActionUseGoldBag	0123fbc4	28	007ed560
CCreatureAction_GiveMoneyToThing	0127139c	11	007ed6d0
CCreatureAction_ShowItemToThing	012714c4	0	007ed830
CTCCarriedActionUseShow	0123fc4c	28	007ed870
CCreatureAction_ShowItemToThing	012714c4	11	007ed9f0
CTCCarriedActionUseFood	0123fcd4	28	007eda90
CTCCarriedActionUseFish	0123fd5c	28	007edbe0
CTCCarriedActionUseFish	0123fd5c	32	007edcd0
CTCCarriedActionUsePotion	0123fde4	28	007edd60
CTCCarriedActionUseWallMount	0123fe6c	28	007eddf0
CTCCarriedActionUseTrophy	0123fef4	28	007edfb0
CTCCarriedActionUseTrophy	0123fef4	32	007edfd0
CCreatureAction_UseSwitch	01271604	0	007ee0a0
CTCActionUseSwitch	0123ff7c	28	007ee0d0
CCreatureAction_UseSwitch	01271604	11	007ee130
CTCVillageMember	0124007c	4	007ee370
CTCVillageMember	0124007c	1	007ee3d0
CTCVillageMember	0124007c	14	007ee4d0
CTCVillageMember	0124007c	6	007ee5a0
CCreatureAction_OpenChest	0127173c	36	007ee850
CCreatureAction_OpenChest	0127173c	37	007ee860
CCreatureAction_OpenChest	0127173c	0	007ee870
CTCActionUseChest	012400f4	28	007ee8f0
CCreatureAction_OpenChest	0127173c	11	007eea50
CTCSmashableBarrier	0124017c	28	007eeb20
CTCSmashableBarrier	0124017c	13	007eec50
CTCSmashableBarrier	0124017c	4	007eec90
CTCSmashableBarrier	0124017c	6	007eecf0
CTCSmashableBase	0127185c	28	007eed20
CTCSmashableBase	0127185c	0	007eef60
CTCExpression	012401f4	4	007eefe0
CTCExpression	012401f4	1	007ef070
CTCCarriedActionUseExpression	0124026c	28	007ef200
CTCActionUseActivateQuest	012404ac	28	007ef600
CTCDecapitation	01240534	12	007ef6f0
CTCDecapitation	01240534	4	007ef700
CTCActionUseWallMount	012405ac	28	007efe70
CTCCarriedActionUseFishingRod	01240634	32	007eff70
CTCCarriedActionUseFishingRod	01240634	28	007f01f0
CTCCarriedActionUseSpade	012406bc	32	007f02f0
CTCCarriedActionUseSpade	012406bc	28	007f03d0
CTCResurrectionItem	01240744	4	007f04b0
CCombatAction_GenericStrikeResponseKnockdownRecover	0127191c	8	007f05e0
CCombatAction_GenericStrikeResponseKnockdownRecover	0127191c	0	007f05f0
CCombatAction_GenericStrikeResponseKnockdownRecoverFromDeath	01271a64	39	007f0630
CCombatAction_GenericStrikeResponseKnockdownRecoverFromDeath	01271a64	0	007f0640
CCombatAction_GenericStrikeResponseKnockdownRecover	0127191c	11	007f0660
CCombatAction_GenericStrikeResponseKnockdownRecoverBase	01271bac	0	007f06b0
CCombatAction_GenericStrikeResponseKnockdownRecoverFromDeath	01271a64	11	007f06d0
CTCKrakenTentacle	012407bc	13	007f0890
CTCKrakenTentacle	012407bc	6	007f08b0
CTCKrakenTentacle	012407bc	9	007f14f0
CTCDRumble	012408bc	9	007f1890
CTCDRumble	012408bc	6	007f1930
CTCLightningNode	0124337c	6	007f20c0
CTCLightningNode	0124337c	14	007f20e0
CTCLightningNode	0124337c	2	007f20f0
CTCLightningOrb	01240a2c	6	007f23d0
CTCLightningOrb	01240a2c	13	007f2410
CTCLightningOrb	01240a2c	9	007f24e0
CTCLightningNode	0124337c	9	007f2dc0
CTCHasName	01240aa4	4	007f4c80
CTCCarriedActionUseAbility	01240b1c	28	007f4d50
CTCSmashableWindow	01240ba4	28	007f4e10
CTCStockItem	01240c1c	11	007f4e70
CTCStockItem	01240c1c	4	007f4e80
CTCStockItem	01240c1c	1	007f4ed0
CTCStockItem	01240c1c	6	007f5050
CTCStockItem	01240c1c	9	007f5070
CTCSoundAtmosphereVillage	0124111c	6	007f50b0
CTCSoundAtmosphereVillage	0124111c	28	007f5150
CTCSoundAtmosphere	01271dfc	6	007f53a0
CTCSoundAtmosphereVillage	0124111c	9	007f53b0
CTCSoundAtmosphere	01271dfc	0	007f5620
CTCTargetingAI	012411fc	37	007f5950
CTCTargetingAI	012411fc	6	007f59c0
CTCTargetingAI	012411fc	39	007f5ae0
CTCTargetingBase	01271e74	0	007f5d00
CTCTargetingAI	012411fc	31	007f67c0
CTCTargetingAI	012411fc	32	007f68b0
CTCTargetingAI	012411fc	9	007f69b0
CTCActivationReceptorCreatureGenerator	012413ec	29	007f75b0
CTCActivationReceptorCreatureGenerator	012413ec	17	007f75c0
CTCActivationReceptorCreatureGenerator	012413ec	1	007f7600
CTCActivationReceptorCreatureGenerator	012413ec	28	007f7650
CTCActivationReceptorDoor	0124146c	1	007f77c0
CTCActivationReceptorCreatureGenerator	012413ec	14	007f7850
CTCActivationReceptorCreatureGenerator	012413ec	9	007f7870
CTCActivationReceptorBase	01271f7c	0	007f7a50
CTCActivationReceptorDoor	0124146c	28	007f8120
CTCActivationReceptorDoor	0124146c	29	007f8140
CTCActivationReceptorRelay	012414ec	28	007f81c0
CTCActivationReceptorRelay	012414ec	29	007f81e0
CTCCreatureItemLevitationBase	0124156c	9	007f8300
CTCCreatureItemLevitationBase	0124156c	29	007f8390
CTCCreatureItemLevitationNymph	012415f4	31	007f84c0
CTCCreatureItemLevitationHero	0124167c	31	007f8540
CTCParticleAttacher	0124176c	6	007f8b50
CTCParticleAttacher	0124176c	27	007f8b60
CTCAnimatingObject	012417e4	10	007f8bd0
CTCAnimatingObject	012417e4	9	007f8e20
CTCAnimatingObject	012417e4	6	007f90a0
CTCTargetingSpirit	012419a4	6	007f98e0
CTCTargetingSpirit	012419a4	9	007f9b90
CTCKraken	01241b94	13	007fb230
CTCKraken	01241b94	6	007fc8e0
CTCKraken	01241b94	9	007fc9d0
CTCDPhysicalObstruction	01241c0c	6	007fd3c0
CTCDPhysicalObstruction	01241c0c	9	007fd650
CTCAISummon	01241c8c	6	007fde70
CTCAISummon	01241c8c	9	007fdef0
CVillageDef	01241ddc	23	007fe670
CTCSingleUserActionPoints	01241eac	4	007fe990
CTCSingleUserActionPoints	01241eac	28	007feaf0
CTCUserActionPointBase	0127216c	0	007fefa0
CTCNamedUserActionPoints	01241f24	28	007ff0c0
CTCNamedUserActionPoints	01241f24	4	007ff2f0
CTCDHeroSuit	01242004	4	007ff8a0
CTCActivationReceptorChest	01242084	28	007ffc70
CTCActivationReceptorChest	01242084	29	007ffcd0
CTCGatherPointBase	012421e4	9	007ffd30
CTCGatherPointBuilding	01242264	28	007ffd40
CTCGatherPointBuilding	01242264	29	007ffd50
CTCGatherPointRadialArea	012422e4	28	007ffd60
CTCGatherPointBase	012421e4	1	007ffe40
CTCGatherPointRadialArea	012422e4	30	007ffe80
CTCHaste	012423cc	9	00800000
CPersistContext_TransferableComponent	01272208	1	00800400
CPersistContext_TransferableComponent	01272208	0	00800430
CTCPreCalculatedNavigationRoute	01242444	6	00800460
CTCPreCalculatedNavigationRoute	01242444	1	00800a60
CTCTargetingPlayer	0124280c	39	008023e0
CTCTargetingPlayer	0124280c	37	00802420
CTCTargetingPlayer	0124280c	33	00802610
CTCTargetingPlayer	0124280c	30	00802640
CTCTargetingPlayer	0124280c	6	008026a0
CTCTargetingPlayer	0124280c	34	00802e00
CTCTargetingPlayer	0124280c	28	008031e0
CTCTargetingPlayer	0124280c	38	008039a0
CTCTargetingPlayer	0124280c	9	00805600
CTCDExplosion	01242a54	6	0080c3c0
CTCDExplosion	01242a54	14	0080c410
CTCDExplosion	01242a54	9	0080d750
CTCNymph	01242ad4	9	0080fad0
CTCNymph	01242ad4	6	0080fd90
CTCDExplosiveTrail	01242b4c	6	008100a0
CTCDExplosiveTrail	01242b4c	9	008101f0
NEntityEvents::CEventHitBase	01272344	3	00810e50
NEntityEvents::CEventBase	0124f2c4	3	00810e60
NEntityEvents::CEventHeroHasBeenSpokenToByVillagers	01276e00	3	00810ea0
NEntityEvents::CEventHeroHasBeenSpottedPickpocketing	012781b0	3	00810eb0
NEntityEvents::CEventHeroHasBeenSpottedPickingLock	012781c8	3	00810ec0
NEntityEvents::CEventHeroHasBeenSpottedStealing	012781e0	3	00810ed0
NEntityEvents::CEventExpressionPerformedTo	01274240	3	00810ee0
NEntityEvents::CEventHitBase	01272344	5	00810ef0
CTCEntityEvents	01242fdc	9	00811450
NEntityEvents::CEventDied	0125aaf4	2	008115a0
NEntityEvents::CEventHitBase	01272344	0	00811c30
NEntityEvents::CEventReceivedItem	01272360	1	00811ce0
NEntityEvents::CEventSoldItem	01272378	1	00811cf0
NEntityEvents::CEventHitThing	01272390	1	00811d00
NEntityEvents::CEventHitThing	01272390	0	00811d10
NEntityEvents::CEventReceivedItem	01272360	0	00811e70
NEntityEvents::CEventSoldItem	01272378	0	00811e90
NEntityEvents::CEventKilledCreature	012723a8	1	00811eb0
NEntityEvents::CEventKilledCreature	012723a8	0	00811ec0
NEntityEvents::CEventPerformedSpecialAbility	012723c0	1	00811ee0
NEntityEvents::CEventPerformedSpecialAbility	012723c0	0	00811ef0
NEntityEvents::CEventShownItem	012723d8	1	00812100
NEntityEvents::CEventShownItem	012723d8	0	00812130
NEntityEvents::CEventHitBySpecialAbility	012723f0	1	00812300
NEntityEvents::CEventHitBySpecialAbility	012723f0	5	00812310
NEntityEvents::CEventHitBySpecialAbility	012723f0	0	00812320
CTCSearchableContainer	012431f4	1	00812370
CTCCreatureGroup	0124326c	30	00812e20
CTCCreatureGroup	0124326c	31	00812eb0
CTCCreatureGroup	0124326c	28	00813010
CTCCreatureGroup	0124326c	29	00813100
CTCCreatureGroupTag	012432f4	29	00813860
CTCCreatureGroupTag	012432f4	30	008138a0
CTCBoastingPodium	0124346c	4	00813b70
CTCBoastingPodium	0124346c	9	00813d00
CTCBoastingPodium	0124346c	6	00814260
NHitLocations::CPhysicalPrimitiveMesh	0125b9b0	4	00814b80
NHitLocations::CPhysicalPrimitiveMesh	0125b9b0	5	00814b90
NHitLocations::CPhysicalPrimitiveMesh	0125b9b0	6	00814ba0
NHitLocations::CPhysicalPrimitiveMesh	0125b9b0	9	00814bb0
NHitLocations::CPhysicalPrimitiveMesh	0125b9b0	10	00814bc0
NHitLocations::CPhysicalPrimitiveSphere	0125b9fc	6	00814c10
NHitLocations::CPhysicalPrimitiveSphere	0125b9fc	7	00814d10
NHitLocations::CPhysicalPrimitiveSphere	0125b9fc	8	00814d90
NHitLocations::CPhysicalPrimitiveSphere	0125b9fc	9	00814e10
NHitLocations::CPhysicalPrimitiveSphere	0125b9fc	10	00814ea0
NHitLocations::CPhysicalPrimitiveSphere	0125b9fc	11	00814f90
NHitLocations::CPhysicalPrimitiveCylinder	0125ba4c	6	00815010
NHitLocations::CPhysicalPrimitiveMesh	0125b9b0	7	00815070
NHitLocations::CPhysicalPrimitiveMesh	0125b9b0	11	00815200
NHitLocations::CPhysicalPrimitiveSphere	0125b9fc	5	00815620
NHitLocations::CPhysicalPrimitiveCylinder	0125ba4c	5	008156a0
NHitLocations::CPhysicalPrimitiveMesh	0125b9b0	8	00815770
NHitLocations::CPhysicalPrimitiveCylinder	0125ba4c	11	00815aa0
NHitLocations::CPhysicalPrimitiveCylinder	0125ba4c	7	00815ba0
NHitLocations::CPhysicalPrimitiveCylinder	0125ba4c	8	00815c40
NHitLocations::CPhysicalPrimitiveCylinder	0125ba4c	9	00815ce0
NHitLocations::CPhysicalPrimitiveSphere	0125b9fc	4	00816000
NHitLocations::CPhysicalPrimitiveCylinder	0125ba4c	4	00816150
NHitLocations::CPhysicalPrimitiveCylinder	0125ba4c	10	00816410
CTCHitLocations	012434e4	6	00816ac0
CIDrawMap	01272494	6	0081e220
CIDrawMap	01272494	7	0081e230
CIDrawMap	01272494	9	0081e240
CIDrawMap	01272494	0	0081e250
CMap	0127252c	10	00820790
CMap	0127252c	12	00820840
CMap	0127252c	11	008209c0
CMap	0127252c	13	00820b50
CCachedFile	012724d4	7	008263e0
CCachedFile	012724d4	10	008263f0
CCachedFile	012724d4	11	00826400
CCachedFile	012724d4	0	00826420
CScriptedMapBrush	01272518	0	008270c0
CMap	0127252c	1	00827850
CMap	0127252c	2	00827860
CMap	0127252c	8	00827870
CMap	01272524	0	00827880
CMap	0127252c	3	00827890
CMap	0127252c	0	008278b0
CThingBuilding	0124509c	33	0082d070
CThingBuilding	0124509c	36	0082d080
CThingBuilding	0124509c	48	0082d0b0
CThingBuilding	0124509c	22	0082d0c0
CThingBuilding	0124509c	25	0082d0d0
CThingBuilding	0124509c	34	0082d1d0
CThingBuilding	0124509c	58	0082d5c0
CThingBuilding	0124509c	70	0082d6b0
CThingBuilding	0124509c	8	0082d6f0
CThingBuilding	0124509c	40	0082d7d0
CThingBuilding	0124509c	19	0082d810
CThingBuilding	0124509c	57	0082d870
CThingAICreature	0127293c	20	0082fd90
CThingAICreature	0127293c	42	0082fe00
CThingAICreature	0127293c	33	0082fe90
CThingAICreature	0127293c	81	0082fed0
CThingAICreature	0127293c	82	0082ff60
CThingAICreature	0127293c	80	0082ff70
CThingAICreature	0127293c	79	00830000
CThingAICreature	0127293c	83	00830090
CThingAICreature	0127293c	84	008300a0
CThingAICreature	0127293c	85	008300b0
CThingAICreature	0127293c	86	008300c0
CThingAICreature	0127293c	74	00830110
CThingAICreature	0127293c	48	00830140
CThingAICreature	0127293c	25	00830150
CThingAICreature	0127293c	90	00830250
CThingAICreature	0127293c	92	008302f0
CThingAICreature	0127293c	87	00830300
CThingAICreature	0127293c	78	00830310
CThingAICreature	0127293c	45	00830350
CThingAICreature	0127293c	2	008304a0
CThingAICreature	0127293c	34	00830cb0
CThingAICreature	0127293c	12	00830d80
CThingAICreature	0127293c	73	00830f20
CThingAICreature	0127293c	3	00830fe0
CThingAICreature	0127293c	4	008315c0
CThingAICreature	0127293c	9	00832260
CThingAICreature	0127293c	41	00832840
CThingAICreature	0127293c	65	008329b0
CThingAICreature	0127293c	11	00832e60
CThingAICreature	0127293c	14	008337b0
CThingAICreature	0127293c	8	00833a70
CThingAICreature	0127293c	43	00833ba0
CThingAICreature	0127293c	36	00833c00
CThingAICreature	0127293c	19	00834760
CAnimFilterAnyGroup	0127261c	0	00834cc0
CAnimFilterAnyGroup	0127261c	2	00834cd0
CAnimFilterAnyGroup	0127261c	1	008350d0
CThingAICreature	0127293c	22	00835900
CThingAICreature	0127293c	47	00835910
CThingAICreature	0127293c	91	00835920
CThingAICreature	0127293c	88	00835930
CThingAICreature	0127293c	77	00835940
CThingAICreature	0127293c	76	00835950
CThingAICreature	0127293c	0	008359c0
CThingDeadCreature	01272b04	15	00835aa0
CThingDeadCreature	01272b04	36	00835ac0
CThingDeadCreature	01272b04	8	00835fd0
CThingDeadCreature	01272b04	20	00836240
CThingDeadCreature	01272b04	19	00836260
CThingDeadCreature	01272b04	22	00836670
CThingDeadCreature	01272b04	0	00836680
CThingSoundEmitter	01272c24	8	00836740
CThingSoundEmitter	01272c24	19	00836780
CThingSoundEmitter	01272c24	21	00836ad0
CThingSoundEmitter	01272c24	27	00836bd0
CThingSoundEmitter	01272c24	0	00836c10
CThingTrackNode	01272ce4	27	00837040
CThingTrackNode	01272ce4	25	008374f0
CThingTrackNode	01272ce4	2	00837570
CThingTrackNode	01272ce4	10	00837830
CThingTrackNode	01272ce4	36	00837b30
CThingTrackNode	01272ce4	3	00837ce0
CThingTrackNode	01272ce4	4	00837e40
CThingTrackNode	01272ce4	22	008384e0
CThingTrackNode	01272ce4	19	008384f0
CThingTrackNode	01272ce4	0	00838500
CThingNoise	01272ee4	8	00838550
CThingNoise	01272ee4	36	00838560
CThingNoise	01272ee4	19	00838570
CThingNoise	01272ee4	0	00838740
CThingGameObject	01244f7c	4	00838930
CThingGameObject	01244f7c	7	00838940
CThingGameObject	01244f7c	60	00838990
CThingGameObject	01244f7c	9	008389e0
CThingGameObject	01244f7c	8	00838a40
CThingGameObject	01244f7c	19	00838ba0
CThingGameObject	01244f7c	41	00839080
CThingGameObject	01244f7c	65	00839940
NEntityEvents::CEventHitBy	01272fa8	1	0083af50
NEntityEvents::CEventHitBy	01272fa8	0	0083b0f0
CThingVillage	012451bc	48	0083b3a0
CThingVillage	012451bc	27	0083b3b0
CThingVillage	012451bc	25	0083b3e0
CThingVillage	012451bc	8	0083b610
CThingVillage	012451bc	36	0083b6b0
CThingHolySite	012452dc	19	0083b9e0
CThingHolySite	012452dc	27	0083b9f0
CThingHolySite	012452dc	8	0083ba20
CThingHolySite	012452dc	36	0083ba70
CThingHolySite	012452dc	3	0083bb40
CThingHolySite	012452dc	4	0083bba0
CThingSwitch	012453fc	8	0083be20
CThingSwitch	012453fc	36	0083be30
CThingSwitch	012453fc	25	0083be40
CThingSwitch	012453fc	27	0083be50
CThingSwitch	012453fc	2	0083bf90
CThingSwitch	012453fc	3	0083c230
CThingSwitch	012453fc	4	0083c2d0
CThingSwitch	012453fc	71	0083cc10
CThingSwitch	012453fc	19	0083cd70
NEntityEvents::CEventTriggered	01273014	1	0083cf60
NEntityEvents::CEventTriggered	01273014	0	0083cf70
CThingMarker	01245524	19	0083d060
CThingMarker	01245524	25	0083d070
CThingMarker	01245524	27	0083d100
CThingMarker	01245524	48	0083d280
CThingMarker	01245524	36	0083d2e0
CThingPhysicalSwitch	01245644	8	0083d6f0
CThingPhysicalSwitch	01245644	19	0083d700
CThingPhysicalSwitch	01245644	25	0083d710
CThingPhysicalSwitch	01245644	2	0083d800
CThingPhysicalSwitch	01245644	3	0083d940
CThingPhysicalSwitch	01245644	4	0083d990
CThingPhysicalSwitch	01245644	36	0083dc80
CCreatureAction_PerformExpression	012743dc	3	00842120
CCreatureAction_UseWallMount	0127498c	12	00842140
CCreatureAction_GetOutOfBed	01276b0c	4	008421c0
CCreatureAction_YellOverHere	0127331c	3	00842250
CCreatureAction_DowseFire	01274d0c	3	00842260
CCreatureAction_ShowFear	0127344c	3	008422e0
CCreatureAction_ShowLove	01274f4c	3	008422f0
CCreatureAction_ActivateZTarget	012738ec	3	008424a0
CCreatureAction_LookThroughWindow	01270fbc	3	008424d0
CCreatureAction_PlayAnimation	01273a0c	56	008426e0
CCreatureAction_PlayAnimation	01273a0c	3	00842710
CCreatureAction_PlayAnimation	01273a0c	59	00842720
CCreatureAction_PlayAnimation	01273a0c	57	00842730
CCreatureAction_ActivateQuest	012752c4	3	00842a00
CCreatureAction_ActivateQuest	012752c4	27	00842a10
CCreatureAction_OpenChest	0127173c	4	00842b60
CCreatureAction_OpenChest	0127173c	52	00842bc0
CCreatureAction_PerformExpression	012743dc	55	00842c00
CCreatureAction_PerformExpression	012743dc	36	00842c20
CCreatureAction_PerformExpression	012743dc	37	00842c30
CCreatureAction_PerformExpressionExtended	012744fc	37	00842c40
CCreatureAction_PerformExpressionExtended	012744fc	55	00842c50
CCreatureAction_ShopkeeperGetOut	01273fcc	3	00842d40
CCreatureAction_UseSwitch	01271604	3	00842e80
CCreatureAction_GiveItemToThing	0125919c	12	00842f70
CCreatureAction_MagicBlast	0129935c	3	00842fd0
CCreatureAction_PlayAnimationWithLookTurning	012740f4	4	00843940
CCreatureAction_PlayAnimation	01273a0c	4	00843b40
CCreatureAction_PlayIntoLoopOutOfAnimation	01273b2c	4	00843c10
CCreatureAction_ActivateQuest	012752c4	12	00843fc0
CCreatureAction_ActivateQuest	012752c4	56	00844090
CCreatureAction_PlayerInteractionInsult	01259404	3	00844260
CCreatureAction_PlayerInteractionThreaten	01259534	3	008442f0
CCreatureAction_PlayerInteractionBribe	01259664	3	00844380
CCreatureAction_PlayerInteractionFlirt	01259794	3	00844410
CCreatureAction_KickCreature	0129215c	3	008444a0
CCreatureAction_Read	01270ac4	3	00844600
CCreatureAction_ShopkeeperPutAway	01274aac	3	008446e0
CCreatureAction_PickCrop	012925f4	3	00844720
CCreatureAction_UseLamp	0127486c	36	008448a0
CCreatureAction_OpenChest	0127173c	3	008448e0
CCreatureAction_AddRealObjectToInventory	01270d5c	3	00844b40
CCreatureAction_GiveItemToThing	0125919c	3	00844bc0
CCreatureAction_GiveMoneyToThing	0127139c	3	00845040
CCreatureAction_ShowItemToThing	012714c4	3	00845270
CCreatureAction_ShowTrophy	0125f7b4	12	00845350
CCreatureAction_ShowTrophy	0125f7b4	3	008455c0
CCreatureAction_ShowTrophy	0125f7b4	4	00845850
CCreatureAction_PlayerInteractionGreet	012592d4	3	00845900
CCreatureAction_PlayerInteractionViewQuests	01270e7c	3	00845a70
CCreatureAction_TavernGameMasterInteraction	012598c4	12	00845b10
CCreatureAction_StopSneaking	01258f24	3	00845bc0
CCreatureAction_StartSneaking	01258dfc	4	00845c70
CCreatureAction_DropWeapon	01271274	3	00845fe0
CCreatureAction_ThrowGameObject	01259044	3	00846090
CCreatureAction_Talk	012599e4	3	00846660
CCreatureAction_PerformExpression	012743dc	12	00846710
CCreatureAction_PerformExpression	012743dc	56	00846bc0
CCreatureAction_PerformExpression	012743dc	4	00846dd0
CCreatureAction_PerformExpressionExtended	012744fc	3	00847470
CCreatureAction_PerformExpressionExtended	012744fc	4	00847520
CCreatureAction_LearnExpression	0127461c	3	00847990
CCreatureAction_Drink	0127473c	12	00847ac0
CCreatureAction_Drink	0127473c	3	00847be0
CCreatureAction_Drink	0127473c	4	00847c90
CCreatureAction_UseLamp	0127486c	12	00847df0
CCreatureAction_UseLamp	0127486c	3	00847fb0
CCreatureAction_UseWallMount	0127498c	3	00848020
CCreatureAction_PickUpGoods	0128fbf4	3	00848730
CCreatureAction_PutGoodsDown	0128fad4	3	00848850
CCreatureAction_PickUpGenericBox	01274bd4	56	00848ae0
CCreatureAction_PickUpGenericBox	01274bd4	3	00848b70
CCreatureAction_DropGenericBox	012731e4	3	00848d10
CCreatureAction_GetInBed	01291bfc	3	00848db0
CCreatureAction_GetOutOfBed	01276b0c	3	00848f10
CCreatureAction_SitDown	012781fc	3	00848fd0
CCreatureAction_CallSpouseHome	0129203c	3	00849140
CCreatureAction_SendMessage	0129947c	3	008491e0
CCreatureAction_OrderSecuritySweep	0128f74c	3	00849250
CCreatureAction_DeclarePlayerACriminal	0128f624	3	008492b0
CCreatureAction_AlertToPlayer	0127357c	3	00849320
CCreatureAction_GetItemOutOfPocket	01292bc4	3	00849d90
CCreatureAction_PickUpThingAtTable	012753e4	3	00849f70
CCreatureAction_PutDownThingAtTable	01273c4c	3	0084a0a0
CCreatureAction_PickUpJug	012963a4	3	0084a180
CCreatureAction_PutDownJug	012964dc	3	0084a200
CCreatureAction_StartFillingTankard	01273d6c	3	0084a290
CCreatureAction_StopFillingTankard	01273e9c	3	0084a2f0
CCreatureAction_PickUpJugToFill	01275504	3	0084a350
CCreatureAction_PutDownJugFromFilling	01275634	3	0084a4a0
CCreatureAction_PickupGameObject	01270c3c	3	0084a5f0
CCreatureAction_AlertAllNearbyToThing	012736a4	3	0084a7e0
CCreatureAction_DropGenericBox	012731e4	10	0084a820
CCreatureAction_PlayConversationAnimation	012737cc	3	0084a830
CCreatureAction_PlayAnimation	01273a0c	38	0084a840
CCreatureAction_PlayIntoLoopOutOfAnimation	01273b2c	3	0084a850
CCreatureAction_PlayIntoLoopOutOfAnimation	01273b2c	57	0084a860
CCreatureAction_ActivateZTarget	012738ec	0	0084aaa0
CCreatureAction_PlayAnimation	01273a0c	0	0084aac0
CCreatureAction_PlayIntoLoopOutOfAnimation	01273b2c	0	0084aae0
CCreatureAction_PlayConversationAnimation	012737cc	0	0084ab20
CCreatureAction_DropGenericBox	012731e4	0	0084ab40
CCreatureAction_ShowFear	0127344c	0	0084ab60
CCreatureAction_YellOverHere	0127331c	0	0084ab80
CCreatureAction_AlertToPlayer	0127357c	0	0084aba0
CCreatureAction_AlertAllNearbyToThing	012736a4	0	0084abc0
CCreatureAction_PutDownThingAtTable	01273c4c	0	0084abe0
CCreatureAction_StartFillingTankard	01273d6c	0	0084ac00
CCreatureAction_StopFillingTankard	01273e9c	0	0084ac20
CCreatureAction_ShopkeeperGetOut	01273fcc	0	0084ac40
CCreatureAction_PlayAnimationWithLookTurning	012740f4	50	0084ac60
CCreatureAction_PlayAnimationWithLookTurning	012740f4	0	0084ac70
NEntityEvents::CEventReceivedMoney	01274210	1	0084ae40
NEntityEvents::CEventReceivedMoney	01274210	0	0084ae50
NEntityEvents::CEventTalkedTo	01274228	1	0084afd0
NEntityEvents::CEventTalkedTo	01274228	0	0084afe0
NEntityEvents::CEventExpressionPerformedTo	01274240	1	0084b070
NEntityEvents::CEventOpenedChest	01274258	1	0084b0c0
NEntityEvents::CEventOpenedChest	01274258	0	0084b0d0
NEntityEvents::CEventTalkedToAnyone	01274270	1	0084b140
NEntityEvents::CEventTalkedToAnyone	01274270	0	0084b150
CCreatureAction_BlowHorn	0127428c	3	0084b210
CCreatureAction_BlowHorn	0127428c	36	0084b220
CCreatureAction_BlowHorn	0127428c	37	0084b230
CCreatureAction_BlowHorn	0127428c	0	0084b240
CCreatureAction_LearnExpression	0127461c	0	0084b270
CCreatureAction_Drink	0127473c	0	0084b2b0
CCreatureAction_UseLamp	0127486c	37	0084b2f0
CCreatureAction_UseLamp	0127486c	0	0084b300
CCreatureAction_UseWallMount	0127498c	0	0084b330
CCreatureAction_ShopkeeperPutAway	01274aac	0	0084b360
CCreatureAction_PickUpGenericBox	01274bd4	10	0084b390
CCreatureAction_PickUpGenericBox	01274bd4	36	0084b3a0
CCreatureAction_PickUpGenericBox	01274bd4	0	0084b3b0
CCreatureAction_DowseFire	01274d0c	0	0084b3e0
CCreatureAction_FillBucket	01274e2c	3	0084b420
CCreatureAction_FillBucket	01274e2c	0	0084b430
CCreatureAction_ShowLove	01274f4c	0	0084b460
CCreatureAction_PlayAnimationFromIndex	0127507c	3	0084b490
CCreatureAction_PlayAnimationFromIndex	0127507c	0	0084b4a0
CCreatureAction_Hammer	0127519c	3	0084b4c0
CCreatureAction_Hammer	0127519c	0	0084b4d0
CCreatureAction_ActivateQuest	012752c4	0	0084b500
CCreatureAction_PickUpThingAtTable	012753e4	0	0084b540
CCreatureAction_PickUpJugToFill	01275504	0	0084b570
CCreatureAction_PutDownJugFromFilling	01275634	0	0084b5a0
CCreatureAction_PerformExpression	012743dc	0	0084b600
CCreatureAction_PerformExpressionExtended	012744fc	0	0084b620
NEntityEvents::CEventExpressionPerformedTo	01274240	0	0084b670
NCreatureMode::CModeSleepBed	01275760	1	0084b800
NCreatureMode::CModeSleepBed	01275760	4	0084b810
NCreatureMode::CModeSleepBed	01275760	0	0084b820
CCreatureAction_PerformExpression	012743dc	11	0084bd10
CCreatureAction_PerformExpressionExtended	012744fc	11	0084be00
CCreatureAction_LearnExpression	0127461c	11	0084bed0
CCreatureAction_Drink	0127473c	11	0084bf70
CCreatureAction_ActivateZTarget	012738ec	11	0084c010
CCreatureAction_UseLamp	0127486c	11	0084c040
CCreatureAction_UseWallMount	0127498c	11	0084c0c0
CCreatureAction_ShopkeeperGetOut	01273fcc	11	0084c140
CCreatureAction_ShopkeeperPutAway	01274aac	11	0084c210
CCreatureAction_BlowHorn	0127428c	11	0084c290
CCreatureAction_PlayAnimation	01273a0c	11	0084c310
CCreatureAction_PlayIntoLoopOutOfAnimation	01273b2c	11	0084c3b0
CCreatureAction_PlayAnimationFromIndex	0127507c	11	0084c460
CCreatureAction_PlayConversationAnimation	012737cc	11	0084c490
CCreatureAction_PlayAnimationWithLookTurning	012740f4	11	0084c4e0
CCreatureAction_DowseFire	01274d0c	11	0084c510
CCreatureAction_FillBucket	01274e2c	11	0084c5c0
CCreatureAction_PickUpGenericBox	01274bd4	11	0084c640
CCreatureAction_DropGenericBox	012731e4	11	0084c6c0
CCreatureAction_ShowFear	0127344c	11	0084c6f0
CCreatureAction_ShowLove	01274f4c	11	0084c720
CCreatureAction_YellOverHere	0127331c	11	0084c7a0
CCreatureAction_AlertToPlayer	0127357c	11	0084c7d0
CCreatureAction_AlertAllNearbyToThing	012736a4	11	0084c800
CCreatureAction_Hammer	0127519c	11	0084c850
CCreatureAction_ActivateQuest	012752c4	11	0084c8d0
CCreatureAction_PickUpThingAtTable	012753e4	11	0084c970
CCreatureAction_PutDownThingAtTable	01273c4c	11	0084c9f0
CCreatureAction_StartFillingTankard	01273d6c	11	0084ca30
CCreatureAction_StopFillingTankard	01273e9c	11	0084ca60
CCreatureAction_PickUpJugToFill	01275504	11	0084ca90
CCreatureAction_PutDownJugFromFilling	01275634	11	0084cb10
NCameraModes::CBase	0124dd74	12	0084cde0
NCameraModes::CBase	0124dd74	5	0084d090
NCameraModes::CBase	0124dd74	17	0084d2c0
NCameraModes::CBase	0124dd74	18	0084d790
NCameraModes::CBase	0124dd74	19	0084d7a0
NCameraModes::CBase	0124dd74	20	0084d7b0
NCameraModes::CBase	0124dd74	7	0084d7c0
NCameraModes::CBase	0124dd74	8	0084d7d0
NCameraModes::CBase	0124dd74	15	0084d8b0
NCameraModes::CSubComponentBase	012758f4	1	0084fbf0
NCameraModes::CSubComponentBase	012758f4	3	0084fc20
NCameraModes::CPhysicsTargetModelGoTo	01275918	2	0084fd10
NCameraModes::CCameraPointModeBase	0124dddc	22	0084fdb0
NCameraModes::CCameraPointModeBase	0124dddc	1	0084fdc0
NCameraModes::CCameraPointModeBase	0124dddc	21	0084fea0
NCameraModes::CCameraPointModeBase	0124dddc	26	0084ff90
NCameraModes::CPhysicsTargetModelGoTo	01275918	3	008500b0
CPhysicsLeaf	01275974	1	00850630
CPhysicsLeaf	01275974	0	00850640
CPhysicsLeaf	01275974	3	00850670
NCameraModes::CSnapToPoint	0124de5c	27	008506e0
NCameraModes::CSnapToPoint	0124de5c	24	00850700
NCameraModes::CScriptModuleBase	01255f74	5	00851dd0
NCameraModes::CScriptModuleSelfTerminateBase	012759cc	2	00851e50
NCameraModes::CScriptModuleGoToLookInDirection	01255f9c	1	00851e70
NCameraModes::CScriptModuleTransitionBetweenPoints	012759f4	8	00852040
NCameraModes::CScriptModuleTransitionBetweenPoints	012759f4	2	00852090
NCameraModes::CScriptModuleFOVZoom	01275a1c	8	008520c0
NCameraModes::CScriptModuleFOVZoom	01275a1c	1	00852160
NCameraModes::CScriptModuleFullTransition	01275a44	8	008521e0
NCameraModes::CScriptModuleFullTransition	01275a44	1	00852220
NCameraModes::CScriptModuleDolly	01278160	1	008522b0
NCameraModes::CScriptModuleDollyThing	01278188	1	00852350
NCameraModes::CScriptModuleCameraOnAStick	0126cf04	1	00852400
NCameraModes::CScriptModuleFOVZoomStayRelative	01275a94	1	00852fd0
NCameraModes::CScriptModuleOpenGate	01275b0c	1	008531e0
NCameraModes::CScriptModuleSpline	01275a6c	2	00853260
NCameraModes::CScriptModuleGoToLookAt	012657d8	1	008534f0
NCameraModes::CScriptModuleTransitionBetweenPoints	012759f4	1	00853580
NCameraModes::CScriptModuleOpenChest	01275abc	8	00853670
NCameraModes::CScriptModuleOpenChest	01275abc	1	00853830
NCameraModes::CScriptModuleUseLamp	01275ae4	8	008539c0
NCameraModes::CScriptModuleUseLamp	01275ae4	1	00853ba0
NCameraModes::CScriptModuleOpenGate	01275b0c	8	00853d30
NCameraModes::CScriptModuleBase	01255f74	7	00853fb0
NCameraModes::CScriptModuleBase	01255f74	4	00854030
NCameraModes::CScriptModuleSpline	01275a6c	8	008540f0
NCameraModes::CScriptModuleSpline	01275a6c	1	00854180
NCameraModes::CScriptModuleTransitionBetweenPoints	012759f4	5	00854340
NCameraModes::CScriptModuleFOVZoom	01275a1c	3	00854360
NCameraModes::CScriptModuleFOVZoom	01275a1c	7	00854370
NCameraModes::CScriptModuleSpline	01275a6c	5	008543b0
NCameraModes::CScriptModuleSpline	01275a6c	6	008543c0
NCameraModes::CScriptModuleSelfTerminateBase	012759cc	0	00854410
NCameraModes::CScriptModuleTransitionBetweenPoints	012759f4	0	00854450
NCameraModes::CScriptModuleFOVZoom	01275a1c	0	00854480
NCameraModes::CScriptModuleFOVZoomStayRelative	01275a94	0	008544c0
NCameraModes::CScriptModuleOpenChest	01275abc	3	008544f0
NCameraModes::CScriptModuleOpenChest	01275abc	0	00854500
NCameraModes::CScriptModuleUseLamp	01275ae4	3	00854530
NCameraModes::CScriptModuleUseLamp	01275ae4	0	00854540
NCameraModes::CScriptModuleOpenGate	01275b0c	3	00854570
NCameraModes::CScriptModuleOpenGate	01275b0c	0	00854580
NCameraModes::CScriptModuleFullTransition	01275a44	0	008545b0
NCameraModes::CScriptModuleSpline	01275a6c	0	008545d0
CCreatureAction_SpiritAttack	01275d74	12	008545f0
CCreatureAction_SpiritReturnToHero	01275c54	12	008546a0
CCreatureAction_SpiritReturnToHero	01275c54	3	00854720
CCreatureAction_SpiritAttack	01275d74	4	008547d0
CCreatureAction_SpiritHitResponse	01275b34	12	00854810
CCreatureAction_SpiritAttack	01275d74	56	00854b90
CCreatureAction_SpiritAttack	01275d74	3	00854dd0
CCreatureAction_SpiritHitResponse	01275b34	24	008550a0
CCreatureAction_SpiritHitResponse	01275b34	3	008550b0
CCreatureAction_SpiritHitResponse	01275b34	0	008550c0
CCreatureAction_SpiritReturnToHero	01275c54	0	008550e0
CCreatureAction_SpiritAttack	01275d74	0	00855100
CCreatureAction_SpiritHitResponse	01275b34	11	00855190
CCreatureAction_SpiritReturnToHero	01275c54	11	00855200
CCreatureAction_SpiritAttack	01275d74	11	00855230
CCreatureAction_StartBlocking	012761cc	24	008552d0
CCreatureAction_StartBlocking	012761cc	56	008552e0
CCreatureAction_BlockBase	01275f3c	70	008552f0
CCreatureAction_BlockRespond	01276084	56	008553c0
CCreatureAction_BlockBase	01275f3c	12	00855430
CCreatureAction_BlockRespond	01276084	12	00855500
CCreatureAction_StartBlocking	012761cc	12	00855880
CCreatureAction_StartBlocking	012761cc	4	008558d0
CCreatureAction_BlockCounter	01276324	12	00855920
CCreatureAction_BlockBroken	01267104	12	008559e0
CCreatureAction_BlockBase	01275f3c	24	00855cf0
CCreatureAction_BlockBase	01275f3c	73	00855d00
CCreatureAction_BlockBase	01275f3c	8	00855d10
CCreatureAction_BlockBase	01275f3c	0	00855d20
CCreatureAction_BlockRespond	01276084	24	00855d40
CCreatureAction_BlockRespond	01276084	74	00855d50
CCreatureAction_StartBlocking	012761cc	8	00855d60
CCreatureAction_BlockCounter	01276324	29	00855d70
CCreatureAction_BlockCounter	01276324	19	00855d80
CCreatureAction_BlockRespond	01276084	0	00855d90
CCreatureAction_BlockCounter	01276324	0	00855db0
CCreatureAction_StartBlocking	012761cc	0	00855dd0
CCreatureAction_BlockCounter	01276324	11	00855df0
CCreatureAction_StartBlocking	012761cc	11	00855e20
CCreatureAction_BlockRespond	01276084	11	00855e50
?A0x13af75c9::CCreatureAction_HeroRangedWeaponUseDummy	01259bd4	27	00856170
?A0x13af75c9::CCreatureAction_HeroRangedWeaponUseDummy	01259bd4	28	00856190
?A0x13af75c9::CCreatureAction_HeroRangedWeaponUseDummy	01259bd4	61	00856240
?A0x13af75c9::CCreatureAction_HeroRangedWeaponUseDummy	01259bd4	20	008562d0
?A0x13af75c9::CCreatureAction_HeroRangedWeaponUseDummy	01259bd4	18	008562e0
?A0x13af75c9::CCreatureAction_HeroRangedWeaponUseDummy	01259bd4	57	008562f0
?A0x13af75c9::CCreatureAction_HeroRangedWeaponUseDummy	01259bd4	59	00856300
?A0x13af75c9::CCreatureAction_HeroRangedWeaponUseDummy	01259bd4	7	008565b0
?A0x13af75c9::CCreatureAction_HeroRangedWeaponUseDummy	01259bd4	21	008565c0
?A0x13af75c9::CCreatureAction_HeroRangedWeaponUseDummy	01259bd4	19	008565d0
?A0x13af75c9::CCreatureAction_HeroRangedWeaponUseDummy	01259bd4	60	00856d30
?A0x13af75c9::CCreatureAction_HeroRangedWeaponUseDummy	01259bd4	44	00856dd0
?A0x13af75c9::CCreatureAction_HeroRangedWeaponUseDummy	01259bd4	80	00856ea0
?A0x13af75c9::CCreatureAction_HeroRangedWeaponUseDummy	01259bd4	13	00856f80
?A0x13af75c9::CCreatureAction_HeroRangedWeaponUseDummy	01259bd4	14	00856fe0
?A0x13af75c9::CCreatureAction_HeroRangedWeaponUseDummy	01259bd4	17	00857030
?A0x13af75c9::CCreatureAction_HeroRangedWeaponUseDummy	01259bd4	23	008570d0
?A0x13af75c9::CCreatureAction_HeroRangedWeaponUseDummy	01259bd4	22	00857150
?A0x13af75c9::CCreatureAction_HeroRangedWeaponUseDummy	01259bd4	8	008571a0
?A0x13af75c9::CCreatureAction_HeroRangedWeaponUseDummy	01259bd4	62	008571c0
?A0x13af75c9::CCreatureAction_HeroRangedWeaponUseDummy	01259bd4	29	00857220
CCombatActionBase	01259e44	12	00857520
?A0x13af75c9::CCreatureAction_HeroRangedWeaponUseDummy	01259bd4	70	008575c0
?A0x13af75c9::CCreatureAction_HeroRangedWeaponUseDummy	01259bd4	53	008579d0
?A0x13af75c9::CCreatureAction_HeroRangedWeaponUseDummy	01259bd4	54	00857cb0
?A0x13af75c9::CCreatureAction_HeroRangedWeaponUseDummy	01259bd4	43	00857d10
?A0x13af75c9::CCreatureAction_HeroRangedWeaponUseDummy	01259bd4	51	00858cc0
?A0x13af75c9::CCreatureAction_HeroRangedWeaponUseDummy	01259bd4	4	00859a20
?A0x13af75c9::CCreatureAction_HeroRangedWeaponUseDummy	01259bd4	56	00859d80
?A0x13af75c9::CCreatureAction_HeroRangedWeaponUseDummy	01259bd4	68	00859ef0
NEntityEvents::CEventAttackedWithMeleeWeaponWithoutHittingAnything	01276484	1	0085a430
NEntityEvents::CEventAttackedWithBareHandsWithoutHittingAnything	0127649c	1	0085a450
NEntityEvents::CEventAttackedWithMeleeWeaponWithoutHittingAnything	01276484	0	0085a7b0
NEntityEvents::CEventAttackedWithBareHandsWithoutHittingAnything	0127649c	0	0085a7d0
CCreatureActionHero180RunningTurn	0127655c	67	0085b880
CCreatureActionHero180RunningTurn	0127655c	4	0085b890
CCreatureActionHeroJump	012766a4	49	0085b8a0
CCreatureActionHeroRunningStop	012767ec	12	0085b8b0
CCreatureActionHero180RunningTurn	0127655c	12	0085b8f0
CCreatureActionHeroJump	012766a4	12	0085ba90
CCreatureActionHeroJump	012766a4	56	0085bad0
CCreatureActionHeroJump	012766a4	4	0085baf0
CCreatureActionHero180RunningTurn	0127655c	35	0085bbe0
CCreatureActionHeroJump	012766a4	35	0085bbf0
CCreatureActionHeroRunningStop	012767ec	35	0085bc00
CCreatureActionHeroRunningStop	012767ec	27	0085bc10
CCreatureActionHeroJump	012766a4	0	0085bc20
CCreatureActionHero180RunningTurn	0127655c	0	0085bc40
CCreatureActionHeroRunningStop	012767ec	0	0085bc60
CCreatureActionHeroJump	012766a4	11	0085bc80
CCreatureActionHero180RunningTurn	0127655c	11	0085bcb0
CCreatureActionHeroRunningStop	012767ec	11	0085bd20
CCombatAction_ControlledStrafeJump	01276974	24	0085bd60
CCombatAction_ControlledStrafeJump	01276974	12	0085bd70
CCombatAction_ControlledStrafeJump	01276974	56	0085c0b0
CCombatAction_ControlledStrafeJump	01276974	4	0085c120
CCombatAction_ControlledStrafeJump	01276974	73	0085c2f0
CCombatAction_ControlledStrafeJump	01276974	78	0085c300
CCombatAction_ControlledStrafeJump	01276974	0	0085c310
CCombatAction_ControlledStrafeJump	01276974	11	0085c330
NCameraModes::CMoveOnCylinder	0125a064	22	0085c450
NCameraModes::CMoveOnCylinder	0125a064	1	0085c470
NCameraModes::CMoveOnCylinder	0125a064	21	0085c7d0
CPhysicsLeaf	01276aec	1	0085ca00
CPhysicsLeaf	01276aec	0	0085ca10
CPhysicsLeaf	01276aec	3	0085ca40
NThingMap::CThingMap	01276b00	0	0085ecf0
CCreatureAction_GetOutOfBed	01276b0c	10	008600d0
CCreatureAction_GetOutOfBed	01276b0c	57	008600e0
CCreatureAction_GetOutOfBed	01276b0c	6	008600f0
CCreatureAction_GetOutOfBed	01276b0c	0	00860100
CCreatureAction_GetUpFromSitting	01276c2c	49	008601b0
CCreatureAction_GetUpFromSitting	01276c2c	50	008601c0
CCreatureAction_GetUpFromSitting	01276c2c	59	008601d0
CCreatureAction_GetUpFromSitting	01276c2c	0	008601f0
CCreatureAction_GetOutOfBed	01276b0c	11	00860210
CCreatureAction_GetUpFromSitting	01276c2c	11	00860290
CVillageTaskSecuritySweep	0125a868	2	008602f0
CVillageTaskSecuritySweep	0125a868	3	00860300
CVillageTaskTorch	0125a8ac	5	00860310
CVillageTaskHorn	0125a8d8	5	00860350
CVillageTaskPatrol	0125a900	5	00860390
CVillageTaskPickCrops	0125a928	5	008603d0
CVillageTaskSecuritySweep	0125a868	5	00860410
CVillageTaskCarryCrate	0125a950	7	00860500
CVillageTaskCarryCrate	0125a950	5	00860520
CVillageTaskTorch	0125a8ac	8	00860560
CVillageTaskTorch	0125a8ac	6	008605b0
CVillageTaskHorn	0125a8d8	8	00860750
CVillageTaskHorn	0125a8d8	6	008607a0
CVillageTaskPatrol	0125a900	3	00860940
CVillageTaskPatrol	0125a900	6	00860950
CVillageTaskPatrol	0125a900	8	00860a00
CVillageTaskPickCrops	0125a928	8	00860c00
CVillageTaskPickCrops	0125a928	3	00860c50
CVillageTaskPickCrops	0125a928	6	00860c60
CVillageTaskSecuritySweep	0125a868	8	00860e20
CVillageTaskSecuritySweep	0125a868	6	00860e70
CVillageTaskSecuritySweep	0125a868	7	00860fa0
CVillageTaskSecuritySweep	0125a868	4	00860fc0
CVillageTaskCarryCrate	0125a950	8	00860fd0
CVillageTaskCarryCrate	0125a950	4	00861020
CVillageTaskCarryCrate	0125a950	6	00861030
CVillageTaskCarryCrate	0125a950	3	00861430
NCreatureMode::CModeCarryingStandBase	01267400	7	00861900
NCreatureMode::CModeStandFront	012674ac	6	00861d00
NCreatureMode::CModeCarryingStandBase	01267400	5	008621a0
NCreatureMode::CModeCarryingStandBase	01267400	2	00862ec0
CModeStandBase	01276d8c	0	00863110
NEntityEvents::CEventHeroHasBeenSpokenToByVillagers	01276e00	1	00864160
NEntityEvents::CEventHeroHasBeenSpokenToByVillagers	01276e00	0	00864e00
CCreatureAction_BeStunned	01276e24	3	008659c0
CCreatureAction_BeStunned	01276e24	8	008659d0
CCreatureAction_BeStunned	01276e24	6	008659e0
CCreatureAction_BeDazed	01276f54	3	00865a70
CCreatureAction_BeDazed	01276f54	8	00865a80
CCreatureAction_BeDazed	01276f54	6	00865a90
CCombatAction_GenericStrikeResponseKnockdown	01277344	45	00865b10
CCombatAction_GenericStrikeResponseKnockdown	01277344	56	00865b20
CCombatAction_GenericStrikeResponseKnockdownRecover	0127191c	45	00865b30
CCombatAction_GenericStrikeResponseKnockdownRecover	0127191c	24	00865b40
CCombatAction_StrikeResponseMazeDoForcePush	012625e4	33	00865b50
CCombatAction_StrikeResponseMazeDoForcePush	012625e4	56	00865c20
CCombatAction_StrikeResponseMazeDoForcePush	012625e4	27	00865cf0
CCombatAction_GenericStrikeResponseKnockdownRecover	0127191c	68	00865d40
CCombatAction_GenericStrikeResponseKnockdownRecover	0127191c	27	00865dd0
CCombatAction_StrikeResponseMazeDoForcePush	012625e4	46	00865e00
CCombatAction_GenericStrikeResponseKnockdown	01277344	46	00865e10
CCombatAction_GenericResponseToDecapitation	0125ad94	4	00865e20
CCombatAction_StrikeResponseMazeDoForcePush	012625e4	24	00865e70
CCombatAction_GenericStrikeResponseKnockdownRecover	0127191c	12	00865eb0
CCombatAction_StrikeResponseMazeDoForcePush	012625e4	12	00865f40
CCombatAction_StrikeResponseScorpionKing	01262874	4	008663d0
CCombatAction_GenericStrikeResponseKnockdown	01277344	12	008664f0
CCombatAction_RecoverFromStunned	0127851c	12	00866ce0
CCombatAction_GenericStrikeResponseKnockdownRecover	0127191c	56	00866d80
CCombatAction_GenericStrikeResponseKnockdownRecover	0127191c	4	00866e80
CCombatAction_GenericStrikeResponseKnockdownRecoverFromDeath	01271a64	4	00866fb0
CCombatAction_GenericResponseToDecapitation	0125ad94	12	00867010
CCombatAction_GenericResponseToExplosion	0125aedc	12	00867200
CCombatAction_GenericResponseToDrain	0125b024	12	008676a0
CCombatAction_GenericBreakOffDrain	0125bf6c	12	00867820
CCombatAction_GenericStrikeResponseKnockdown	01277344	4	00867b40
CCombatAction_GenericResponseToExplosion	0125aedc	4	00867d20
CCreatureAction_BeStunned	01276e24	0	00867f20
CCreatureAction_BeDazed	01276f54	0	00867f40
NCreatureMode::CModeExplosiveForcePushed	012770b4	1	008680e0
NCreatureMode::CModeExplosiveForcePushed	012770b4	4	008680f0
NCreatureMode::CModeExplosiveForcePushed	012770b4	0	00868100
CCombatAction_GenericStrikeResponseKnockdown	01277344	8	00868300
CCombatAction_GenericStrikeResponseKnockdown	01277344	72	00868310
CCombatAction_GenericStrikeResponseKnockdown	01277344	71	00868320
CCombatAction_GenericStrikeResponse	012771fc	0	00868330
CCombatAction_GenericStrikeResponseKnockdown	01277344	0	00868350
CCreatureAction_BeStunned	01276e24	11	00868390
CCreatureAction_BeDazed	01276f54	11	008683d0
CCombatAction_GenericStrikeResponseKnockdown	01277344	11	00868400
CCombatAction_GenericStrikeResponse	012771fc	11	00868500
NCreatureAction::CActionEventSound	0125c11c	4	00870c40
NCreatureAction::CActionEventSound	0125c11c	1	00870c50
NCreatureAction::CActionEventShot	0125c13c	4	00870c80
NCreatureAction::CActionEventAddObject	0125c178	4	00870d70
NCreatureAction::CActionEventRemoveObject	0125c1a0	4	00870de0
NCreatureAction::CActionEventTriggerParticle	0125c0d8	4	00870e00
NCreatureAction::CActionEventCameraShake	0125c0fc	4	00870fc0
NCreatureAction::CActionEventCameraShake	0125c0fc	1	00871250
NCreatureAction::CActionEventExplosion	0125c154	4	00871290
NCreatureAction::CActionEventShot	0125c13c	1	00871430
NCreatureAction::CActionEventExplosion	0125c154	1	008717a0
NCreatureAction::CActionEventAddObject	0125c178	1	008718b0
NCreatureAction::CActionEventRemoveObject	0125c1a0	1	00871a10
NCreatureAction::CActionEventTriggerParticle	0125c0d8	1	00871a80
NCameraModes::CStringAndCage	0125c404	30	00871e40
NCameraModes::CSACCombat	012775b4	30	00871e60
NCameraModes::CZTargetNew	0127754c	19	00871e80
NCameraModes::CZTargetNew	0127754c	20	00871e90
NCameraModes::CZTargetNew	0127754c	4	00871ea0
NCameraModes::CZTargetNew	0127754c	13	00871eb0
NCameraModes::CStringAndCageBase	0125c37c	23	00871ec0
NCameraModes::CZTargetNew	0127754c	18	00872480
NCameraModes::CStringAndCageBase	0125c37c	21	00872630
NCameraModes::CStringAndCageBase	0125c37c	1	008728c0
NCameraModes::CZTargetNew	0127754c	21	00872a20
NCameraModes::CZTargetNew	0127754c	24	00872ec0
NCameraModes::CZTargetNew	0127754c	1	00873030
NCameraModes::CStringAndCage::CStringAndCageInit	0125c2a4	0	00873160
NCameraModes::CSACCombat::CSACCombatInit	0125c26c	0	008731b0
NCameraModes::CZTargetNew::CZTargetNewInit	0125c264	0	00873200
NCameraModes::CStringAndCage	0125c404	26	00873250
NCameraModes::CSACCombat	012775b4	26	008732d0
NCameraModes::CZTargetNew	0127754c	2	00873390
NCameraModes::CZTargetNew	0127754c	22	008733a0
NCameraModes::CZTargetNew	0127754c	6	008733b0
NCameraModes::CZTargetNew	0127754c	9	008733c0
NCameraModes::CSACCombat	012775b4	2	00873440
NCameraModes::CSACCombat	012775b4	18	00873450
NCameraModes::CSACCombat	012775b4	28	00873460
NCameraModes::CSACCombat	012775b4	29	00873470
NCameraModes::CSACCombat	012775b4	31	00873480
NCameraModes::CZTargetNew	0127754c	0	00873490
NCameraModes::CSACCombat	012775b4	0	008734c0
NCameraModes::CSimplePointBase	01277644	21	008734f0
NCameraModes::CSimplePointBase	01277644	1	00873530
NCameraModes::CSimplePointBase	01277644	22	00873570
NCameraModes::CFirstPerson	012776ac	22	008735b0
NCameraModes::CFirstPerson	012776ac	21	008735d0
NCameraModes::CFirstPerson	012776ac	1	00873690
NCameraModes::CFirstPerson::CFirstPersonInit	0125c274	0	008738f0
NCameraModes::CLookAtFront::CLookAtFrontInit	0125c27c	0	00873930
NCameraModes::CSimplePointBase	01277644	4	00873a80
NCameraModes::CFirstPerson	012776ac	2	00873ac0
NCameraModes::CFirstPerson	012776ac	7	00873ad0
NCameraModes::CLookAtFront	01277714	2	00873b10
NCameraModes::CSimplePointBase	01277644	0	00873b20
NCameraModes::CFirstPerson	012776ac	0	00873b40
NCameraModes::CLookAtFront	01277714	0	00873b60
NCameraModes::CPCMouseLook	01277784	22	00873bb0
NCameraModes::CPCMouseLook	01277784	16	00873bc0
NCameraModes::CPCMouseLook	01277784	3	00873db0
NCameraModes::CPCMouseLook	01277784	1	00873e10
NCameraModes::CPCMouseLook::CPCMouseLookInit	0125c284	0	00874770
NCameraModes::CPCMouseLook	01277784	21	00874790
NCameraModes::CPCMouseLook	01277784	2	00874e50
NCameraModes::CPCMouseLook	01277784	6	00874e60
NCameraModes::CPCMouseLook	01277784	0	00874e70
NCameraModes::CProjectileWeapon	01277804	22	00878b40
NCameraModes::CProjectileWeapon	01277804	21	00878f50
NCameraModes::CProjectileWeapon	01277804	1	00879900
NCameraModes::CProjectileWeapon	01277804	2	0087b5f0
NCameraModes::CProjectileWeapon	01277804	13	0087b600
NCameraModes::CProjectileWeapon	01277804	7	0087b610
NCameraModes::CProjectileWeapon	01277804	6	0087b620
NCameraModes::CProjectileWeapon	01277804	18	0087b630
NCameraModes::CProjectileWeapon	01277804	0	0087b640
NCameraModes::CFixedDolly	0125c48c	27	0087b690
NCameraModes::CFixedDolly	0125c48c	24	0087b6f0
NCameraModes::CFixedDolly	0125c48c	26	0087b770
NCameraModes::CTrack	0125c50c	30	0087b820
NCameraModes::CTrack	0125c50c	25	0087b830
NCameraModes::CTrack	0125c50c	24	0087b840
NCameraModes::CTrack	0125c50c	27	0087b910
NCameraModes::CScriptedControl	0125c58c	18	0087ba30
NCameraModes::CScriptedControl	0125c58c	19	0087ba60
NCameraModes::CScriptedControl	0125c58c	21	0087ba90
NCameraModes::CScriptedControl	0125c58c	1	0087bbc0
NCameraModes::CScriptedControl	0125c58c	6	0087bbd0
NCameraModes::CScriptedControl	0125c58c	8	0087bbe0
NCameraModes::CScriptedControl	0125c58c	22	0087bbf0
NCameraModes::CDead	0125c5f4	27	0087bd20
NCameraModes::CRotateAround	0125c674	18	0087bd40
NCameraModes::CRotateAround	0125c674	19	0087bd50
NCameraModes::CRotateAround	0125c674	20	0087bd60
NCameraModes::CRotateAround	0125c674	1	0087bd70
NCameraModes::CRotateAround	0125c674	21	0087bf40
NCameraModes::COrbitGame	0125c6dc	21	0087c070
NCameraModes::COrbitGame	0125c6dc	1	0087c150
NEntityEvents::CEventAttackedWithFlourishWithoutHittingAnything	01277874	1	0087c760
CCreatureAction_InterruptableMidAttackAutoTurn	012778cc	4	0087c770
CCreatureAction_InterruptableFarAttack	01262c4c	12	0087c780
CCreatureAction_InterruptableNearAttack	01262d94	12	0087c7c0
CCreatureAction_InterruptableMidAttack	01262edc	12	0087c800
CCreatureAction_InterruptableMidAttack	01262edc	56	0087c840
CCreatureAction_InterruptableMidAttackAutoTurn	012778cc	46	0087c850
CCreatureAction_InterruptableMidAttackAutoTurn	012778cc	45	0087c880
CCreatureAction_InterruptableMidAttackAutoTurn	012778cc	47	0087c8b0
CCreatureAction_InterruptableMidAttackAutoTurn	012778cc	73	0087c900
CCreatureAction_GeneralInterruptedAttack	01277a14	12	0087ca30
CCreatureAction_InterruptableMidAttackAutoTurn	012778cc	56	0087cb10
CCreatureAction_InterruptableMidAttackAutoTurn	012778cc	3	0087cd50
CCreatureAction_InterruptableMidAttackAutoTurn	012778cc	12	0087d590
NEntityEvents::CEventAttackedWithFlourishWithoutHittingAnything	01277874	0	0087dd70
CCreatureAction_InterruptableMidAttackAutoTurn	012778cc	76	0087e510
CCreatureAction_GeneralInterruptedAttack	01277a14	8	0087e520
CCreatureAction_InterruptableMidAttackAutoTurn	012778cc	0	0087e5c0
CCreatureAction_GeneralInterruptedAttack	01277a14	0	0087e5f0
CCreatureAction_InterruptableMidAttackAutoTurn	012778cc	11	0087e660
CCreatureAction_GeneralInterruptedAttack	01277a14	11	0087e710
NEntityEvents::CEventKicked	01277b5c	1	0087e760
CCombatAction_KickThingOnGround	01277d3c	70	0087e770
CCreatureAction_StabbedToDeath	01277b74	3	0087e830
CCreatureAction_StabbedToDeath	01277b74	4	0087e840
CCombatAction_KickThingOnGround	01277d3c	12	0087e860
CCombatAction_KickThingOnGround	01277d3c	4	0087ebd0
CCombatAction_StabThing	01277e84	12	0087ecb0
CCombatAction_StabThing	01277e84	70	0087ed70
CCombatAction_StabThing	01277e84	3	0087ee70
CCreatureAction_StabbedToDeath	01277b74	12	0087f340
CCombatAction_KickThingOnGround	01277d3c	3	0087f3a0
CCreatureAction_StabbedToDeath	01277b74	6	0087fe50
CCreatureAction_StabbedToDeath	01277b74	8	0087fe60
CCreatureAction_StabbedToDeath	01277b74	0	0087fe80
NEntityEvents::CEventKicked	01277b5c	0	0087fea0
NEntityEvents::CEventKillLocked	01277ca8	1	0087ff10
NEntityEvents::CEventKillLocked	01277ca8	3	0087ff20
NEntityEvents::CEventKillLocked	01277ca8	0	0087ff30
CCombatAction_KickThingOnGround	01277d3c	76	00880020
CCombatAction_KickThingOnGround	01277d3c	77	00880030
CCombatAction_StabThing	01277e84	81	00880040
CCombatAction_StabThing	01277e84	82	00880050
CCombatAction_StabThing	01277e84	46	00880060
CCombatAction_StabThing	01277e84	47	00880070
CCombatAction_KickThingOnGround	01277d3c	0	00880080
CCombatAction_StabThing	01277e84	0	008800a0
CCreatureAction_StabbedToDeath	01277b74	11	008800c0
CCombatAction_KickThingOnGround	01277d3c	11	008800f0
CCombatAction_StabThing	01277e84	11	00880190
CTCPhysicsBase	0125d2c4	92	00880220
CTCPhysicsBase	0125d2c4	90	00880730
CTCPhysicsBase	0125d2c4	91	00880800
NScreenEffect::CScreenEffectPriorityStack::CStackEntry	01277ff0	0	008808e0
NScreenEffect::CScreenEffectPriorityStack::CDisplacementMonochromeEffectColourEntry	01277ff8	0	00880900
NScreenEffect::CScreenEffectPriorityStack::ICustomProcessInterface	01278000	0	00880920
NScreenEffect::CScreenEffectPriorityStack::CDisplacementProcess	01278014	1	008809f0
NScreenEffect::CScreenEffectPriorityStack::CScreenFilterProcess	01278028	1	00880a10
NScreenEffect::CScreenEffectPriorityStack::CRadialBlurProcess	0127803c	3	00880ae0
NScreenEffect::CScreenEffectPriorityStack::CDisplacementProcess	01278014	3	00880d50
NScreenEffect::CScreenEffectPriorityStack::CScreenFilterProcess	01278028	3	00880e00
NScreenEffect::CScreenEffectPriorityStack::CRadialBlurProcess	0127803c	1	00880ec0
NScreenEffect::CScreenEffectPriorityStack::CScreenFilterProcess	01278028	2	00880f50
NScreenEffect::CScreenEffectPriorityStack::CDisplacementProcess	01278014	2	00882000
NScreenEffect::CScreenEffectPriorityStack::CRadialBlurProcess	0127803c	2	008826e0
NScreenEffect::CScreenEffectPriorityStack::CRadialBlurProcess	0127803c	0	008826f0
NScreenEffect::CScreenEffectPriorityStack::CDisplacementProcess	01278014	0	00882720
NScreenEffect::CScreenEffectPriorityStack::CScreenFilterProcess	01278028	0	00882750
NScreenEffect::CScreenEffectPriorityStack::CRadialBlurEntry	01278050	0	00882d00
NScreenEffect::CScreenEffectPriorityStack::CScreenFilterEntry	01278060	0	00884bc0
NScreenEffect::CScreenEffectPriorityStack	01278058	0	00884be0
CAIBrain	012780c4	4	0088b7a0
CAIBrain	012780c4	0	0088cf00
CGameScriptInterface	01260f0c	1	0088de00
CGameScriptInterface	01260f0c	223	0088de10
CGameScriptInterface	01260f0c	235	0088de90
CGameScriptInterface	01260f0c	236	0088ded0
CGameScriptInterface	01260f0c	237	0088df20
CGameScriptInterface	01260f0c	242	0088df60
CGameScriptInterface	01260f0c	249	0088df80
CGameScriptInterface	01260f0c	250	0088dfa0
CGameScriptInterface	01260f0c	427	0088dfd0
CGameScriptInterface	01260f0c	428	0088e000
CGameScriptInterface	01260f0c	431	0088e030
CGameScriptInterface	01260f0c	653	0088e070
CGameScriptInterface	01260f0c	654	0088e080
CGameScriptInterface	01260f0c	666	0088e090
CGameScriptInterface	01260f0c	665	0088e0b0
CGameScriptInterface	01260f0c	4	0088e0f0
CGameScriptInterface	01260f0c	6	0088e100
CGameScriptInterface	01260f0c	204	0088e110
CGameScriptInterface	01260f0c	120	0088e130
CGameScriptInterface	01260f0c	155	0088e150
CGameScriptInterface	01260f0c	266	0088e1c0
CGameScriptInterface	01260f0c	275	0088e200
CGameScriptInterface	01260f0c	340	0088e210
CGameScriptInterface	01260f0c	344	0088e220
CGameScriptInterface	01260f0c	86	0088e260
CGameScriptInterface	01260f0c	11	0088e2a0
CGameScriptInterface	01260f0c	12	0088e300
CGameScriptInterface	01260f0c	15	0088e340
CGameScriptInterface	01260f0c	59	0088e380
CGameScriptInterface	01260f0c	60	0088e390
CGameScriptInterface	01260f0c	354	0088e3d0
CGameScriptInterface	01260f0c	355	0088e400
CGameScriptInterface	01260f0c	356	0088e410
CGameScriptInterface	01260f0c	360	0088e440
CGameScriptInterface	01260f0c	361	0088e480
CGameScriptInterface	01260f0c	374	0088e4c0
CGameScriptInterface	01260f0c	375	0088e4d0
CGameScriptInterface	01260f0c	376	0088e4f0
CGameScriptInterface	01260f0c	371	0088e500
CGameScriptInterface	01260f0c	377	0088e520
CGameScriptInterface	01260f0c	472	0088e540
CGameScriptInterface	01260f0c	477	0088e5a0
CGameScriptInterface	01260f0c	502	0088e5f0
CGameScriptInterface	01260f0c	475	0088e620
CGameScriptInterface	01260f0c	605	0088e6f0
CGameScriptInterface	01260f0c	488	0088e750
CGameScriptInterface	01260f0c	489	0088e7b0
CGameScriptInterface	01260f0c	490	0088e810
CGameScriptInterface	01260f0c	491	0088e870
CGameScriptInterface	01260f0c	495	0088e8d0
CGameScriptInterface	01260f0c	381	0088e910
CGameScriptInterface	01260f0c	382	0088e920
CGameScriptInterface	01260f0c	384	0088e930
CGameScriptInterface	01260f0c	391	0088e950
CGameScriptInterface	01260f0c	392	0088e970
CGameScriptInterface	01260f0c	394	0088e980
CGameScriptInterface	01260f0c	395	0088e9e0
CGameScriptInterface	01260f0c	511	0088e9f0
CGameScriptInterface	01260f0c	512	0088ea20
CGameScriptInterface	01260f0c	513	0088ea50
CGameScriptInterface	01260f0c	515	0088ea90
CGameScriptInterface	01260f0c	516	0088ead0
CGameScriptInterface	01260f0c	517	0088eb30
CGameScriptInterface	01260f0c	526	0088ebc0
CGameScriptInterface	01260f0c	527	0088ebf0
CGameScriptInterface	01260f0c	529	0088ec20
CGameScriptInterface	01260f0c	544	0088ec60
CGameScriptInterface	01260f0c	464	0088ec70
CGameScriptInterface	01260f0c	403	0088ec90
CGameScriptInterface	01260f0c	418	0088ecc0
CGameScriptInterface	01260f0c	424	0088ece0
CGameScriptInterface	01260f0c	423	0088ed20
CGameScriptInterface	01260f0c	419	0088eda0
CGameScriptInterface	01260f0c	420	0088edb0
CGameScriptInterface	01260f0c	415	0088edc0
CGameScriptInterface	01260f0c	119	0088f3e0
CGameScriptInterface	01260f0c	560	0088f400
CGameScriptInterface	01260f0c	565	0088f410
CGameScriptInterface	01260f0c	566	0088f420
CGameScriptInterface	01260f0c	569	0088f430
CGameScriptInterface	01260f0c	570	0088f440
CGameScriptInterface	01260f0c	571	0088f450
CGameScriptInterface	01260f0c	572	0088f460
CGameScriptInterface	01260f0c	574	0088f470
CGameScriptInterface	01260f0c	687	0088f480
CGameScriptInterface	01260f0c	688	0088f4a0
CGameScriptInterface	01260f0c	532	0088f4d0
CGameScriptInterface	01260f0c	536	0088f500
CGameScriptInterface	01260f0c	537	0088f530
CGameScriptInterface	01260f0c	539	0088f560
CGameScriptInterface	01260f0c	692	0088f570
CGameScriptInterface	01260f0c	693	0088f610
CGameScriptInterface	01260f0c	694	0088f620
CGameScriptInterface	01260f0c	695	0088f660
CGameScriptInterface	01260f0c	481	0088f670
CGameScriptInterface	01260f0c	590	0088f6b0
CGameScriptInterface	01260f0c	591	0088f6e0
CGameScriptInterface	01260f0c	592	0088f710
CGameScriptInterface	01260f0c	593	0088f7d0
CGameScriptInterface	01260f0c	594	0088f810
CGameScriptInterface	01260f0c	595	0088f850
CGameScriptInterface	01260f0c	369	0088f890
CGameScriptInterface	01260f0c	701	0088f8d0
CGameScriptInterface	01260f0c	702	0088f900
CGameScriptInterface	01260f0c	703	0088f910
CGameScriptInterface	01260f0c	704	0088f920
CGameScriptInterface	01260f0c	705	0088f930
CGameScriptInterface	01260f0c	706	0088f940
CGameScriptInterface	01260f0c	707	0088f950
CGameScriptInterface	01260f0c	708	0088f960
CGameScriptInterface	01260f0c	709	0088f970
CGameScriptInterface	01260f0c	710	0088f980
CGameScriptInterface	01260f0c	711	0088f9b0
CGameScriptInterface	01260f0c	712	0088f9e0
CGameScriptInterface	01260f0c	745	0088f9f0
CGameScriptInterface	01260f0c	746	0088fa20
CGameScriptInterface	01260f0c	747	0088fa50
CGameScriptInterface	01260f0c	856	0088fa80
CGameScriptInterface	01260f0c	857	0088fa90
CGameScriptInterface	01260f0c	858	0088faa0
CGameScriptInterface	01260f0c	859	0088fab0
CGameScriptInterface	01260f0c	860	0088fac0
CGameScriptInterface	01260f0c	861	0088fad0
CGameScriptInterface	01260f0c	862	0088fae0
CGameScriptInterface	01260f0c	863	0088faf0
CGameScriptInterface	01260f0c	864	0088fb00
CGameScriptInterface	01260f0c	865	0088fb10
CGameScriptInterface	01260f0c	866	0088fb20
CGameScriptInterface	01260f0c	867	0088fb30
CGameScriptInterface	01260f0c	868	0088fb40
CGameScriptInterface	01260f0c	869	0088fb50
CGameScriptInterface	01260f0c	870	0088fb60
CGameScriptInterface	01260f0c	871	0088fb70
CGameScriptInterface	01260f0c	872	0088fb80
CGameScriptInterface	01260f0c	873	0088fb90
CGameScriptInterface	01260f0c	874	0088fba0
CGameScriptInterface	01260f0c	875	0088fbb0
CGameScriptInterface	01260f0c	876	0088fbc0
CGameScriptInterface	01260f0c	877	0088fbd0
CGameScriptInterface	01260f0c	878	0088fbe0
CGameScriptInterface	01260f0c	879	0088fbf0
CGameScriptInterface	01260f0c	880	0088fc00
CGameScriptInterface	01260f0c	881	0088fc10
CGameScriptInterface	01260f0c	882	0088fc20
CGameScriptInterface	01260f0c	883	0088fc30
CGameScriptInterface	01260f0c	885	0088fc40
CGameScriptInterface	01260f0c	889	0088fc50
CGameScriptInterface	01260f0c	225	0088fc60
CGameScriptInterface	01260f0c	226	0088fc90
CGameScriptInterface	01260f0c	145	0088fcc0
CGameScriptInterface	01260f0c	453	0088fd00
CGameScriptInterface	01260f0c	454	0088fd60
CGameScriptInterface	01260f0c	441	0088fd90
CGameScriptInterface	01260f0c	646	0088fdc0
CGameScriptInterface	01260f0c	308	0088fe00
CGameScriptInterface	01260f0c	647	0088fe30
CGameScriptInterface	01260f0c	650	0088fe40
CGameScriptInterface	01260f0c	651	0088fe50
CGameScriptInterface	01260f0c	652	0088fe70
CGameScriptInterface	01260f0c	648	0088fe80
CGameScriptInterface	01260f0c	649	0088fe90
CGameScriptInterface	01260f0c	656	0088fee0
CGameScriptInterface	01260f0c	657	0088ff10
CGameScriptInterface	01260f0c	658	0088ff30
CGameScriptInterface	01260f0c	659	0088ff80
CGameScriptInterface	01260f0c	660	0088ffb0
CGameScriptInterface	01260f0c	661	0088fff0
CGameScriptInterface	01260f0c	662	00890010
CGameScriptInterface	01260f0c	663	00890040
CGameScriptInterface	01260f0c	664	00890090
CGameScriptInterface	01260f0c	668	008900d0
CGameScriptInterface	01260f0c	667	00890110
CGameScriptInterface	01260f0c	669	00890150
CGameScriptInterface	01260f0c	670	00890170
CGameScriptInterface	01260f0c	671	00890180
CGameScriptInterface	01260f0c	672	008901a0
CGameScriptInterface	01260f0c	673	008901c0
CGameScriptInterface	01260f0c	674	008901e0
CGameScriptInterface	01260f0c	676	00890200
CGameScriptInterface	01260f0c	197	00890220
CGameScriptInterface	01260f0c	198	00890250
CGameScriptInterface	01260f0c	201	00890280
CGameScriptInterface	01260f0c	216	008902b0
CGameScriptInterface	01260f0c	121	008902e0
CGameScriptInterface	01260f0c	257	00890370
CGameScriptInterface	01260f0c	258	008903a0
CGameScriptInterface	01260f0c	259	008903d0
CGameScriptInterface	01260f0c	264	00890400
CGameScriptInterface	01260f0c	265	00890430
CGameScriptInterface	01260f0c	347	00890470
CGameScriptInterface	01260f0c	349	008904e0
CGameScriptInterface	01260f0c	13	00890550
CGameScriptInterface	01260f0c	65	008905b0
CGameScriptInterface	01260f0c	66	008905e0
CGameScriptInterface	01260f0c	67	00890610
CGameScriptInterface	01260f0c	68	00890640
CGameScriptInterface	01260f0c	69	00890670
CGameScriptInterface	01260f0c	465	00890690
CGameScriptInterface	01260f0c	364	008906c0
CGameScriptInterface	01260f0c	365	00890710
CGameScriptInterface	01260f0c	366	00890750
CGameScriptInterface	01260f0c	367	008907c0
CGameScriptInterface	01260f0c	368	008907d0
CGameScriptInterface	01260f0c	372	008907e0
CGameScriptInterface	01260f0c	373	00890820
CGameScriptInterface	01260f0c	602	00890870
CGameScriptInterface	01260f0c	603	008908c0
CGameScriptInterface	01260f0c	604	00890910
CGameScriptInterface	01260f0c	606	00890960
CGameScriptInterface	01260f0c	607	00890970
CGameScriptInterface	01260f0c	608	00890990
CGameScriptInterface	01260f0c	609	008909c0
CGameScriptInterface	01260f0c	610	008909f0
CGameScriptInterface	01260f0c	622	00890a20
CGameScriptInterface	01260f0c	621	00890a50
CGameScriptInterface	01260f0c	623	00890a80
CGameScriptInterface	01260f0c	379	00890ab0
CGameScriptInterface	01260f0c	380	00890b00
CGameScriptInterface	01260f0c	383	00890b50
CGameScriptInterface	01260f0c	390	00890b70
CGameScriptInterface	01260f0c	400	00890b90
CGameScriptInterface	01260f0c	506	00890ba0
CGameScriptInterface	01260f0c	507	00890c10
CGameScriptInterface	01260f0c	508	00890c80
CGameScriptInterface	01260f0c	509	00890d80
CGameScriptInterface	01260f0c	456	00890e80
CGameScriptInterface	01260f0c	457	00890ec0
CGameScriptInterface	01260f0c	458	00890f00
CGameScriptInterface	01260f0c	462	00890f40
CGameScriptInterface	01260f0c	417	00890fc0
CGameScriptInterface	01260f0c	416	00890ff0
CGameScriptInterface	01260f0c	413	00891070
CGameScriptInterface	01260f0c	108	008910d0
CGameScriptInterface	01260f0c	531	00891120
CGameScriptInterface	01260f0c	691	00891170
CGameScriptInterface	01260f0c	696	00891220
CGameScriptInterface	01260f0c	697	008912a0
CGameScriptInterface	01260f0c	698	00891310
CGameScriptInterface	01260f0c	699	00891320
CGameScriptInterface	01260f0c	700	00891330
CGameScriptInterface	01260f0c	715	00891340
CGameScriptInterface	01260f0c	716	008913a0
CGameScriptInterface	01260f0c	737	008913c0
CGameScriptInterface	01260f0c	292	008913f0
CGameScriptInterface	01260f0c	293	00891490
CGameScriptInterface	01260f0c	294	008914e0
CGameScriptInterface	01260f0c	297	008914f0
CGameScriptInterface	01260f0c	298	00891500
CGameScriptInterface	01260f0c	299	00891510
CGameScriptInterface	01260f0c	300	00891520
CGameScriptInterface	01260f0c	301	00891530
CGameScriptInterface	01260f0c	302	00891540
CGameScriptInterface	01260f0c	307	00891550
CGameScriptInterface	01260f0c	304	00891580
CGameScriptInterface	01260f0c	305	008915b0
CGameScriptInterface	01260f0c	306	008915e0
CGameScriptInterface	01260f0c	319	00891610
CGameScriptInterface	01260f0c	320	00891680
CGameScriptInterface	01260f0c	130	008916a0
CGameScriptInterface	01260f0c	263	00891720
CGameScriptInterface	01260f0c	268	008917f0
CGameScriptInterface	01260f0c	269	00891800
CGameScriptInterface	01260f0c	270	00891810
CGameScriptInterface	01260f0c	271	00891820
CGameScriptInterface	01260f0c	272	00891860
CGameScriptInterface	01260f0c	273	00891870
CGameScriptInterface	01260f0c	655	00891880
CGameScriptInterface	01260f0c	274	008918c0
CGameScriptInterface	01260f0c	321	00891920
CGameScriptInterface	01260f0c	322	00891940
CGameScriptInterface	01260f0c	323	00891a00
CGameScriptInterface	01260f0c	324	00891ac0
CGameScriptInterface	01260f0c	325	00891ad0
CGameScriptInterface	01260f0c	326	00891b20
CGameScriptInterface	01260f0c	328	00891b30
CGameScriptInterface	01260f0c	327	00891b40
CGameScriptInterface	01260f0c	329	00891b50
CGameScriptInterface	01260f0c	331	00891b60
CGameScriptInterface	01260f0c	330	00891b70
CGameScriptInterface	01260f0c	332	00891b80
CGameScriptInterface	01260f0c	333	00891ba0
CGameScriptInterface	01260f0c	334	00891bb0
CGameScriptInterface	01260f0c	335	00891bd0
CGameScriptInterface	01260f0c	336	00891be0
CGameScriptInterface	01260f0c	337	00891bf0
CGameScriptInterface	01260f0c	338	00891c10
CGameScriptInterface	01260f0c	339	00891c30
CGameScriptInterface	01260f0c	341	00891c40
CGameScriptInterface	01260f0c	342	00891c60
CGameScriptInterface	01260f0c	343	00891c80
CGameScriptInterface	01260f0c	70	00891ca0
CGameScriptInterface	01260f0c	83	00891d50
CGameScriptInterface	01260f0c	14	00891db0
CGameScriptInterface	01260f0c	61	00891e30
CGameScriptInterface	01260f0c	62	00891ea0
CGameScriptInterface	01260f0c	63	00891ef0
CGameScriptInterface	01260f0c	350	00891f50
CGameScriptInterface	01260f0c	351	00891fa0
CGameScriptInterface	01260f0c	352	00891ff0
CGameScriptInterface	01260f0c	353	00892030
CGameScriptInterface	01260f0c	357	00892050
CGameScriptInterface	01260f0c	358	00892070
CGameScriptInterface	01260f0c	359	008920c0
CGameScriptInterface	01260f0c	503	00892220
CGameScriptInterface	01260f0c	386	00892270
CGameScriptInterface	01260f0c	387	00892280
CGameScriptInterface	01260f0c	388	008922a0
CGameScriptInterface	01260f0c	389	008922c0
CGameScriptInterface	01260f0c	393	008922d0
CGameScriptInterface	01260f0c	414	008922f0
CGameScriptInterface	01260f0c	412	00892380
CGameScriptInterface	01260f0c	406	00892410
CGameScriptInterface	01260f0c	407	008924b0
CGameScriptInterface	01260f0c	409	00892530
CGameScriptInterface	01260f0c	410	00892610
CGameScriptInterface	01260f0c	408	008926d0
CGameScriptInterface	01260f0c	111	00892780
CGameScriptInterface	01260f0c	110	008927b0
CGameScriptInterface	01260f0c	109	00892810
CGameScriptInterface	01260f0c	112	00892850
CGameScriptInterface	01260f0c	115	008929d0
CGameScriptInterface	01260f0c	116	00892a80
CGameScriptInterface	01260f0c	117	00892b30
CGameScriptInterface	01260f0c	404	00892b50
CGameScriptInterface	01260f0c	405	00892c20
CGameScriptInterface	01260f0c	558	00892cf0
CGameScriptInterface	01260f0c	559	00892d70
CGameScriptInterface	01260f0c	561	00892d80
CGameScriptInterface	01260f0c	107	00892df0
CGameScriptInterface	01260f0c	448	00892e30
CGameScriptInterface	01260f0c	276	00892e80
CGameScriptInterface	01260f0c	277	00892ea0
CGameScriptInterface	01260f0c	278	00892ec0
CGameScriptInterface	01260f0c	279	00892ee0
CGameScriptInterface	01260f0c	280	00892f00
CGameScriptInterface	01260f0c	281	00892f10
CGameScriptInterface	01260f0c	282	00892f20
CGameScriptInterface	01260f0c	283	00892f30
CGameScriptInterface	01260f0c	284	00892f40
CGameScriptInterface	01260f0c	285	00892f50
CGameScriptInterface	01260f0c	286	00892f60
CGameScriptInterface	01260f0c	287	00892f70
CGameScriptInterface	01260f0c	288	00892f80
CGameScriptInterface	01260f0c	289	00892fd0
CGameScriptInterface	01260f0c	290	00893020
CGameScriptInterface	01260f0c	291	00893030
CGameScriptInterface	01260f0c	887	00893040
CGameScriptInterface	01260f0c	891	00893050
CGameScriptInterface	01260f0c	303	00893060
CGameScriptInterface	01260f0c	73	008930f0
CGameScriptInterface	01260f0c	16	008931b0
CGameScriptInterface	01260f0c	17	00893240
CGameScriptInterface	01260f0c	20	008932d0
CGameScriptInterface	01260f0c	21	00893360
CGameScriptInterface	01260f0c	22	008933f0
CGameScriptInterface	01260f0c	23	00893470
CGameScriptInterface	01260f0c	24	008934f0
CGameScriptInterface	01260f0c	25	00893570
CGameScriptInterface	01260f0c	26	00893610
CGameScriptInterface	01260f0c	27	00893690
CGameScriptInterface	01260f0c	28	00893730
CGameScriptInterface	01260f0c	29	008937d0
CGameScriptInterface	01260f0c	30	00893870
CGameScriptInterface	01260f0c	31	008938f0
CGameScriptInterface	01260f0c	32	00893960
CGameScriptInterface	01260f0c	33	008939d0
CGameScriptInterface	01260f0c	35	00893a50
CGameScriptInterface	01260f0c	38	00893ab0
CGameScriptInterface	01260f0c	43	00893b00
CGameScriptInterface	01260f0c	44	00893ba0
CGameScriptInterface	01260f0c	46	00893c00
CGameScriptInterface	01260f0c	47	00893d80
CGameScriptInterface	01260f0c	48	00893e20
CGameScriptInterface	01260f0c	49	00893e70
CGameScriptInterface	01260f0c	50	00893ec0
CGameScriptInterface	01260f0c	51	00893f30
CGameScriptInterface	01260f0c	52	00893f80
CGameScriptInterface	01260f0c	53	00893ff0
CGameScriptInterface	01260f0c	54	00894080
CGameScriptInterface	01260f0c	55	00894110
CGameScriptInterface	01260f0c	56	008941a0
CGameScriptInterface	01260f0c	57	00894250
CGameScriptInterface	01260f0c	58	008942c0
CGameScriptInterface	01260f0c	39	00894300
CGameScriptInterface	01260f0c	40	00894370
CGameScriptInterface	01260f0c	41	008943c0
CGameScriptInterface	01260f0c	42	00894440
CGameScriptInterface	01260f0c	402	00894490
CGameScriptInterface	01260f0c	93	00894500
CGameScriptInterface	01260f0c	99	008946e0
CGameScriptInterface	01260f0c	98	00894820
CGameScriptInterface	01260f0c	97	00894950
CGameScriptInterface	01260f0c	540	00894aa0
CGameScriptInterface	01260f0c	589	00894b90
CGameScriptInterface	01260f0c	679	00894bf0
CGameScriptInterface	01260f0c	680	00894c90
CGameScriptInterface	01260f0c	681	00894d30
CGameScriptInterface	01260f0c	206	00894dd0
CGameScriptInterface	01260f0c	624	00894e60
CGameScriptInterface	01260f0c	401	00894ec0
CGameScriptInterface	01260f0c	525	00895010
CGameScriptInterface	01260f0c	644	00895090
CGameScriptInterface	01260f0c	645	008950e0
CGameScriptInterface	01260f0c	917	00895130
CGameScriptInterface	01260f0c	224	00895190
CGameScriptInterface	01260f0c	227	008953a0
CGameScriptInterface	01260f0c	228	00895430
CGameScriptInterface	01260f0c	229	008954a0
CGameScriptInterface	01260f0c	234	008955c0
CGameScriptInterface	01260f0c	238	00895650
CGameScriptInterface	01260f0c	240	008956b0
CGameScriptInterface	01260f0c	241	008957c0
CGameScriptInterface	01260f0c	243	008958f0
CGameScriptInterface	01260f0c	244	00895950
CGameScriptInterface	01260f0c	245	008959b0
CGameScriptInterface	01260f0c	246	00895a10
CGameScriptInterface	01260f0c	247	00895a90
CGameScriptInterface	01260f0c	248	00895b00
CGameScriptInterface	01260f0c	251	00895b60
CGameScriptInterface	01260f0c	252	00895bc0
CGameScriptInterface	01260f0c	253	00895c30
CGameScriptInterface	01260f0c	254	00895c90
CGameScriptInterface	01260f0c	255	00895cf0
CGameScriptInterface	01260f0c	256	00895d50
CGameScriptInterface	01260f0c	425	00895db0
CGameScriptInterface	01260f0c	426	00895de0
CGameScriptInterface	01260f0c	429	00895e10
CGameScriptInterface	01260f0c	430	00895e70
CGameScriptInterface	01260f0c	432	00895ed0
CGameScriptInterface	01260f0c	433	00896000
CGameScriptInterface	01260f0c	440	00896060
CGameScriptInterface	01260f0c	9	008960c0
CGameScriptInterface	01260f0c	445	00896120
CGameScriptInterface	01260f0c	446	008961b0
CGameScriptInterface	01260f0c	442	00896210
CGameScriptInterface	01260f0c	443	00896270
CGameScriptInterface	01260f0c	444	008962d0
CGameScriptInterface	01260f0c	434	00896330
CGameScriptInterface	01260f0c	435	00896390
CGameScriptInterface	01260f0c	436	00896660
CGameScriptInterface	01260f0c	437	008966c0
CGameScriptInterface	01260f0c	438	00896730
CGameScriptInterface	01260f0c	439	00896790
CGameScriptInterface	01260f0c	447	008967f0
CGameScriptInterface	01260f0c	295	008968c0
CGameScriptInterface	01260f0c	296	00896a30
CGameScriptInterface	01260f0c	309	00896b60
CGameScriptInterface	01260f0c	310	00896d20
CGameScriptInterface	01260f0c	311	00896df0
CGameScriptInterface	01260f0c	312	00896e60
CGameScriptInterface	01260f0c	313	00896ee0
CGameScriptInterface	01260f0c	314	00896f60
CGameScriptInterface	01260f0c	315	00896fd0
CGameScriptInterface	01260f0c	316	00897030
CGameScriptInterface	01260f0c	317	00897090
CGameScriptInterface	01260f0c	318	008970f0
CGameScriptInterface	01260f0c	678	00897150
CGameScriptInterface	01260f0c	183	00897190
CGameScriptInterface	01260f0c	184	00897220
CGameScriptInterface	01260f0c	194	008973a0
CGameScriptInterface	01260f0c	195	00897480
CGameScriptInterface	01260f0c	196	008974f0
CGameScriptInterface	01260f0c	199	00897560
CGameScriptInterface	01260f0c	200	00897630
CGameScriptInterface	01260f0c	202	008976f0
CGameScriptInterface	01260f0c	203	008977f0
CGameScriptInterface	01260f0c	205	00897880
CGameScriptInterface	01260f0c	207	008978e0
CGameScriptInterface	01260f0c	208	00897940
CGameScriptInterface	01260f0c	209	008979c0
CGameScriptInterface	01260f0c	210	00897a30
CGameScriptInterface	01260f0c	211	00897aa0
CGameScriptInterface	01260f0c	212	00897b10
CGameScriptInterface	01260f0c	213	00897b70
CGameScriptInterface	01260f0c	214	00897bd0
CGameScriptInterface	01260f0c	215	00897c30
CGameScriptInterface	01260f0c	218	00897c90
CGameScriptInterface	01260f0c	219	00897cf0
CGameScriptInterface	01260f0c	220	00897d50
CGameScriptInterface	01260f0c	221	00897db0
CGameScriptInterface	01260f0c	143	00897e10
CGameScriptInterface	01260f0c	142	00897fa0
CGameScriptInterface	01260f0c	144	008981c0
CGameScriptInterface	01260f0c	131	00898340
CGameScriptInterface	01260f0c	132	00898410
CGameScriptInterface	01260f0c	133	008984e0
CGameScriptInterface	01260f0c	134	00898540
CGameScriptInterface	01260f0c	136	008985a0
CGameScriptInterface	01260f0c	135	00898600
CGameScriptInterface	01260f0c	137	008986d0
CGameScriptInterface	01260f0c	138	008987e0
CGameScriptInterface	01260f0c	139	00898840
CGameScriptInterface	01260f0c	140	00898940
CGameScriptInterface	01260f0c	141	00898a50
CGameScriptInterface	01260f0c	222	00898ac0
CGameScriptInterface	01260f0c	122	00898b30
CGameScriptInterface	01260f0c	123	00898bb0
CGameScriptInterface	01260f0c	124	00898c40
CGameScriptInterface	01260f0c	125	00898db0
CGameScriptInterface	01260f0c	185	00898e60
CGameScriptInterface	01260f0c	186	00898ec0
CGameScriptInterface	01260f0c	126	00898f40
CGameScriptInterface	01260f0c	127	00898fa0
CGameScriptInterface	01260f0c	128	00899000
CGameScriptInterface	01260f0c	129	00899060
CGameScriptInterface	01260f0c	161	008990c0
CGameScriptInterface	01260f0c	162	00899140
CGameScriptInterface	01260f0c	163	008991a0
CGameScriptInterface	01260f0c	164	00899220
CGameScriptInterface	01260f0c	168	00899290
CGameScriptInterface	01260f0c	169	00899310
CGameScriptInterface	01260f0c	165	00899390
CGameScriptInterface	01260f0c	166	00899400
CGameScriptInterface	01260f0c	167	00899470
CGameScriptInterface	01260f0c	170	008994e0
CGameScriptInterface	01260f0c	171	00899560
CGameScriptInterface	01260f0c	172	008995d0
CGameScriptInterface	01260f0c	173	00899680
CGameScriptInterface	01260f0c	174	00899700
CGameScriptInterface	01260f0c	175	00899770
CGameScriptInterface	01260f0c	176	008997e0
CGameScriptInterface	01260f0c	177	00899850
CGameScriptInterface	01260f0c	178	008998c0
CGameScriptInterface	01260f0c	179	00899930
CGameScriptInterface	01260f0c	180	008999a0
CGameScriptInterface	01260f0c	181	00899a10
CGameScriptInterface	01260f0c	182	00899a90
CGameScriptInterface	01260f0c	146	00899b10
CGameScriptInterface	01260f0c	147	00899ba0
CGameScriptInterface	01260f0c	148	00899c10
CGameScriptInterface	01260f0c	149	00899c90
CGameScriptInterface	01260f0c	150	00899cf0
CGameScriptInterface	01260f0c	151	00899d50
CGameScriptInterface	01260f0c	152	00899db0
CGameScriptInterface	01260f0c	153	00899e10
CGameScriptInterface	01260f0c	154	00899e90
CGameScriptInterface	01260f0c	156	00899ef0
CGameScriptInterface	01260f0c	157	00899f90
CGameScriptInterface	01260f0c	158	0089a000
CGameScriptInterface	01260f0c	159	0089a070
CGameScriptInterface	01260f0c	160	0089a0e0
CGameScriptInterface	01260f0c	260	0089a150
CGameScriptInterface	01260f0c	261	0089a1b0
CGameScriptInterface	01260f0c	262	0089a210
CGameScriptInterface	01260f0c	267	0089a270
CGameScriptInterface	01260f0c	345	0089a2d0
CGameScriptInterface	01260f0c	346	0089a330
CGameScriptInterface	01260f0c	348	0089a390
CGameScriptInterface	01260f0c	71	0089a490
CGameScriptInterface	01260f0c	77	0089a510
CGameScriptInterface	01260f0c	78	0089a6e0
CGameScriptInterface	01260f0c	81	0089a880
CGameScriptInterface	01260f0c	82	0089aa70
CGameScriptInterface	01260f0c	18	0089ac10
CGameScriptInterface	01260f0c	19	0089ac80
CGameScriptInterface	01260f0c	36	0089ad90
CGameScriptInterface	01260f0c	37	0089ae30
CGameScriptInterface	01260f0c	45	0089af30
CGameScriptInterface	01260f0c	466	0089aff0
CGameScriptInterface	01260f0c	362	0089b050
CGameScriptInterface	01260f0c	363	0089b0b0
CGameScriptInterface	01260f0c	370	0089b110
CGameScriptInterface	01260f0c	187	0089b2b0
CGameScriptInterface	01260f0c	188	0089b330
CGameScriptInterface	01260f0c	189	0089b390
CGameScriptInterface	01260f0c	190	0089b3f0
CGameScriptInterface	01260f0c	191	0089b450
CGameScriptInterface	01260f0c	192	0089b4d0
CGameScriptInterface	01260f0c	193	0089b530
CGameScriptInterface	01260f0c	8	0089b5b0
CGameScriptInterface	01260f0c	473	0089b780
CGameScriptInterface	01260f0c	478	0089bb30
CGameScriptInterface	01260f0c	487	0089bbc0
CGameScriptInterface	01260f0c	504	0089bc50
CGameScriptInterface	01260f0c	582	0089bcd0
CGameScriptInterface	01260f0c	583	0089bd30
CGameScriptInterface	01260f0c	584	0089bd90
CGameScriptInterface	01260f0c	474	0089bdf0
CGameScriptInterface	01260f0c	476	0089bf80
CGameScriptInterface	01260f0c	597	0089c000
CGameScriptInterface	01260f0c	598	0089c080
CGameScriptInterface	01260f0c	601	0089c190
CGameScriptInterface	01260f0c	612	0089c1f0
CGameScriptInterface	01260f0c	611	0089c240
CGameScriptInterface	01260f0c	614	0089c290
CGameScriptInterface	01260f0c	613	0089c2e0
CGameScriptInterface	01260f0c	615	0089c330
CGameScriptInterface	01260f0c	616	0089c380
CGameScriptInterface	01260f0c	617	0089c3d0
CGameScriptInterface	01260f0c	619	0089c420
CGameScriptInterface	01260f0c	618	0089c470
CGameScriptInterface	01260f0c	620	0089c4c0
CGameScriptInterface	01260f0c	625	0089c510
CGameScriptInterface	01260f0c	626	0089c560
CGameScriptInterface	01260f0c	627	0089c670
CGameScriptInterface	01260f0c	628	0089c710
CGameScriptInterface	01260f0c	629	0089c7b0
CGameScriptInterface	01260f0c	630	0089c850
CGameScriptInterface	01260f0c	631	0089c8a0
CGameScriptInterface	01260f0c	632	0089cd10
CGameScriptInterface	01260f0c	633	0089cd30
CGameScriptInterface	01260f0c	634	0089cd50
CGameScriptInterface	01260f0c	635	0089cd70
CGameScriptInterface	01260f0c	636	0089ce70
CGameScriptInterface	01260f0c	637	0089d0e0
CGameScriptInterface	01260f0c	638	0089d160
CGameScriptInterface	01260f0c	639	0089d1c0
CGameScriptInterface	01260f0c	640	0089d220
CGameScriptInterface	01260f0c	641	0089d280
CGameScriptInterface	01260f0c	642	0089d2e0
CGameScriptInterface	01260f0c	643	0089d340
CGameScriptInterface	01260f0c	492	0089d3a0
CGameScriptInterface	01260f0c	494	0089d420
CGameScriptInterface	01260f0c	496	0089d4c0
CGameScriptInterface	01260f0c	497	0089d560
CGameScriptInterface	01260f0c	385	0089d600
CGameScriptInterface	01260f0c	396	0089d690
CGameScriptInterface	01260f0c	397	0089d6f0
CGameScriptInterface	01260f0c	398	0089d750
CGameScriptInterface	01260f0c	399	0089d7c0
CGameScriptInterface	01260f0c	498	0089d830
CGameScriptInterface	01260f0c	499	0089d8b0
CGameScriptInterface	01260f0c	500	0089d910
CGameScriptInterface	01260f0c	501	0089d970
CGameScriptInterface	01260f0c	505	0089d9d0
CGameScriptInterface	01260f0c	510	0089da70
CGameScriptInterface	01260f0c	514	0089dbb0
CGameScriptInterface	01260f0c	518	0089dc10
CGameScriptInterface	01260f0c	520	0089dc70
CGameScriptInterface	01260f0c	521	0089dcd0
CGameScriptInterface	01260f0c	522	0089dd30
CGameScriptInterface	01260f0c	523	0089dd90
CGameScriptInterface	01260f0c	524	0089ddf0
CGameScriptInterface	01260f0c	528	0089de50
CGameScriptInterface	01260f0c	530	0089deb0
CGameScriptInterface	01260f0c	545	0089df10
CGameScriptInterface	01260f0c	455	0089df70
CGameScriptInterface	01260f0c	459	0089dff0
CGameScriptInterface	01260f0c	461	0089e080
CGameScriptInterface	01260f0c	463	0089e130
CGameScriptInterface	01260f0c	411	0089e190
CGameScriptInterface	01260f0c	113	0089e4c0
CGameScriptInterface	01260f0c	114	0089e540
CGameScriptInterface	01260f0c	118	0089e710
CGameScriptInterface	01260f0c	585	0089e780
CGameScriptInterface	01260f0c	586	0089e810
CGameScriptInterface	01260f0c	587	0089e880
CGameScriptInterface	01260f0c	547	0089e8e0
CGameScriptInterface	01260f0c	548	0089e950
CGameScriptInterface	01260f0c	549	0089e9c0
CGameScriptInterface	01260f0c	550	0089ea30
CGameScriptInterface	01260f0c	551	0089eaa0
CGameScriptInterface	01260f0c	552	0089eb10
CGameScriptInterface	01260f0c	553	0089eb80
CGameScriptInterface	01260f0c	554	0089ebf0
CGameScriptInterface	01260f0c	555	0089ec60
CGameScriptInterface	01260f0c	556	0089ecc0
CGameScriptInterface	01260f0c	557	0089ed20
CGameScriptInterface	01260f0c	562	0089ed80
CGameScriptInterface	01260f0c	563	0089ee00
CGameScriptInterface	01260f0c	564	0089ee60
CGameScriptInterface	01260f0c	567	0089eec0
CGameScriptInterface	01260f0c	568	0089ef00
CGameScriptInterface	01260f0c	573	0089ef30
CGameScriptInterface	01260f0c	575	0089ef90
CGameScriptInterface	01260f0c	576	0089f1e0
CGameScriptInterface	01260f0c	577	0089f240
CGameScriptInterface	01260f0c	578	0089f2a0
CGameScriptInterface	01260f0c	92	0089f300
CGameScriptInterface	01260f0c	94	0089f4a0
CGameScriptInterface	01260f0c	101	0089f910
CGameScriptInterface	01260f0c	100	0089f9e0
CGameScriptInterface	01260f0c	102	0089faa0
CGameScriptInterface	01260f0c	103	0089fbb0
CGameScriptInterface	01260f0c	104	0089fc80
CGameScriptInterface	01260f0c	105	0089fd20
CGameScriptInterface	01260f0c	106	0089fda0
CGameScriptInterface	01260f0c	449	0089fe20
CGameScriptInterface	01260f0c	450	0089feb0
CGameScriptInterface	01260f0c	484	008a00e0
CGameScriptInterface	01260f0c	485	008a0140
CGameScriptInterface	01260f0c	486	008a01a0
CGameScriptInterface	01260f0c	479	008a0200
CGameScriptInterface	01260f0c	451	008a0260
CGameScriptInterface	01260f0c	452	008a03f0
CGameScriptInterface	01260f0c	467	008a04c0
CGameScriptInterface	01260f0c	468	008a0540
CGameScriptInterface	01260f0c	469	008a05a0
CGameScriptInterface	01260f0c	470	008a0600
CGameScriptInterface	01260f0c	471	008a0660
CGameScriptInterface	01260f0c	533	008a06c0
CGameScriptInterface	01260f0c	534	008a0720
CGameScriptInterface	01260f0c	535	008a07c0
CGameScriptInterface	01260f0c	217	008a0820
CGameScriptInterface	01260f0c	542	008a08a0
CGameScriptInterface	01260f0c	543	008a0950
CGameScriptInterface	01260f0c	689	008a09b0
CGameScriptInterface	01260f0c	690	008a0a20
CGameScriptInterface	01260f0c	480	008a0b10
CGameScriptInterface	01260f0c	482	008a0bc0
CGameScriptInterface	01260f0c	483	008a0c10
CGameScriptInterface	01260f0c	5	008a0c60
CGameScriptInterface	01260f0c	596	008a0cb0
CGameScriptInterface	01260f0c	682	008a0e80
CGameScriptInterface	01260f0c	683	008a0eb0
CGameScriptInterface	01260f0c	684	008a0ee0
CGameScriptInterface	01260f0c	685	008a0f10
CGameScriptInterface	01260f0c	686	008a0f40
CGameScriptInterface	01260f0c	713	008a0f70
CGameScriptInterface	01260f0c	714	008a0fd0
CGameScriptInterface	01260f0c	725	008a1040
CGameScriptInterface	01260f0c	726	008a10c0
CGameScriptInterface	01260f0c	727	008a1140
CGameScriptInterface	01260f0c	728	008a11c0
CGameScriptInterface	01260f0c	729	008a1240
CGameScriptInterface	01260f0c	738	008a12a0
CGameScriptInterface	01260f0c	739	008a1300
CGameScriptInterface	01260f0c	740	008a1360
CGameScriptInterface	01260f0c	730	008a1590
CGameScriptInterface	01260f0c	731	008a15f0
CGameScriptInterface	01260f0c	732	008a1650
CGameScriptInterface	01260f0c	733	008a16b0
CGameScriptInterface	01260f0c	734	008a1710
CGameScriptInterface	01260f0c	735	008a1770
CGameScriptInterface	01260f0c	736	008a17d0
CGameScriptInterface	01260f0c	741	008a1830
CGameScriptInterface	01260f0c	743	008a1890
CGameScriptInterface	01260f0c	742	008a18f0
CGameScriptInterface	01260f0c	744	008a1950
CGameScriptInterface	01260f0c	748	008a19b0
CGameScriptInterface	01260f0c	749	008a1a10
CGameScriptInterface	01260f0c	750	008a1ab0
CGameScriptInterface	01260f0c	752	008a1b10
CGameScriptInterface	01260f0c	753	008a1bf0
CGameScriptInterface	01260f0c	754	008a1c50
CGameScriptInterface	01260f0c	756	008a1cc0
CGameScriptInterface	01260f0c	757	008a1e50
CGameScriptInterface	01260f0c	758	008a1f30
CGameScriptInterface	01260f0c	759	008a2020
CGameScriptInterface	01260f0c	760	008a2100
CGameScriptInterface	01260f0c	761	008a21e0
CGameScriptInterface	01260f0c	762	008a22d0
CGameScriptInterface	01260f0c	763	008a23b0
CGameScriptInterface	01260f0c	764	008a24c0
CGameScriptInterface	01260f0c	765	008a2590
CGameScriptInterface	01260f0c	766	008a2690
CGameScriptInterface	01260f0c	767	008a2770
CGameScriptInterface	01260f0c	768	008a2870
CGameScriptInterface	01260f0c	769	008a2950
CGameScriptInterface	01260f0c	770	008a2a30
CGameScriptInterface	01260f0c	771	008a2b30
CGameScriptInterface	01260f0c	772	008a2c10
CGameScriptInterface	01260f0c	773	008a2cf0
CGameScriptInterface	01260f0c	774	008a2de0
CGameScriptInterface	01260f0c	775	008a2ec0
CGameScriptInterface	01260f0c	776	008a2fa0
CGameScriptInterface	01260f0c	777	008a3090
CGameScriptInterface	01260f0c	778	008a3170
CGameScriptInterface	01260f0c	779	008a3250
CGameScriptInterface	01260f0c	780	008a3340
CGameScriptInterface	01260f0c	781	008a3420
CGameScriptInterface	01260f0c	782	008a3500
CGameScriptInterface	01260f0c	783	008a35f0
CGameScriptInterface	01260f0c	784	008a36d0
CGameScriptInterface	01260f0c	785	008a37b0
CGameScriptInterface	01260f0c	786	008a38a0
CGameScriptInterface	01260f0c	787	008a3980
CGameScriptInterface	01260f0c	788	008a3a60
CGameScriptInterface	01260f0c	789	008a3b60
CGameScriptInterface	01260f0c	790	008a3c40
CGameScriptInterface	01260f0c	791	008a3d20
CGameScriptInterface	01260f0c	792	008a3e10
CGameScriptInterface	01260f0c	793	008a3ef0
CGameScriptInterface	01260f0c	794	008a3fd0
CGameScriptInterface	01260f0c	795	008a40d0
CGameScriptInterface	01260f0c	796	008a41b0
CGameScriptInterface	01260f0c	797	008a42c0
CGameScriptInterface	01260f0c	798	008a4390
CGameScriptInterface	01260f0c	799	008a4480
CGameScriptInterface	01260f0c	800	008a4560
CGameScriptInterface	01260f0c	801	008a4650
CGameScriptInterface	01260f0c	802	008a4730
CGameScriptInterface	01260f0c	803	008a4840
CGameScriptInterface	01260f0c	804	008a4910
CGameScriptInterface	01260f0c	805	008a4a00
CGameScriptInterface	01260f0c	806	008a4ae0
CGameScriptInterface	01260f0c	807	008a4be0
CGameScriptInterface	01260f0c	808	008a4cc0
CGameScriptInterface	01260f0c	809	008a4da0
CGameScriptInterface	01260f0c	810	008a4e90
CGameScriptInterface	01260f0c	811	008a4f70
CGameScriptInterface	01260f0c	812	008a5050
CGameScriptInterface	01260f0c	813	008a5140
CGameScriptInterface	01260f0c	814	008a5220
CGameScriptInterface	01260f0c	815	008a5300
CGameScriptInterface	01260f0c	816	008a5400
CGameScriptInterface	01260f0c	817	008a54e0
CGameScriptInterface	01260f0c	818	008a55c0
CGameScriptInterface	01260f0c	819	008a56c0
CGameScriptInterface	01260f0c	820	008a57b0
CGameScriptInterface	01260f0c	821	008a5890
CGameScriptInterface	01260f0c	822	008a5980
CGameScriptInterface	01260f0c	823	008a5a70
CGameScriptInterface	01260f0c	824	008a5b50
CGameScriptInterface	01260f0c	825	008a5c40
CGameScriptInterface	01260f0c	826	008a5d30
CGameScriptInterface	01260f0c	827	008a5e10
CGameScriptInterface	01260f0c	828	008a5f00
CGameScriptInterface	01260f0c	829	008a5ff0
CGameScriptInterface	01260f0c	830	008a60d0
CGameScriptInterface	01260f0c	831	008a61c0
CGameScriptInterface	01260f0c	832	008a62b0
CGameScriptInterface	01260f0c	833	008a6390
CGameScriptInterface	01260f0c	834	008a6480
CGameScriptInterface	01260f0c	835	008a6570
CGameScriptInterface	01260f0c	836	008a6680
CGameScriptInterface	01260f0c	837	008a6750
CGameScriptInterface	01260f0c	838	008a6840
CGameScriptInterface	01260f0c	839	008a6950
CGameScriptInterface	01260f0c	840	008a6a20
CGameScriptInterface	01260f0c	841	008a6b10
CGameScriptInterface	01260f0c	842	008a6bf0
CGameScriptInterface	01260f0c	843	008a6ce0
CGameScriptInterface	01260f0c	844	008a6dd0
CGameScriptInterface	01260f0c	845	008a6eb0
CGameScriptInterface	01260f0c	846	008a6fa0
CGameScriptInterface	01260f0c	847	008a7090
CGameScriptInterface	01260f0c	848	008a7170
CGameScriptInterface	01260f0c	849	008a7260
CGameScriptInterface	01260f0c	850	008a7350
CGameScriptInterface	01260f0c	851	008a7430
CGameScriptInterface	01260f0c	852	008a7520
CGameScriptInterface	01260f0c	853	008a7610
CGameScriptInterface	01260f0c	854	008a76f0
CGameScriptInterface	01260f0c	855	008a77f0
CGameScriptInterface	01260f0c	888	008a78e0
CGameScriptInterface	01260f0c	892	008a7930
CGameScriptInterface	01260f0c	230	008a7980
CGameScriptInterface	01260f0c	239	008a7a70
CGameScriptInterface	01260f0c	72	008a7d60
CGameScriptInterface	01260f0c	74	008a7e00
CGameScriptInterface	01260f0c	599	008a7ec0
CGameScriptInterface	01260f0c	600	008a7ee0
CGameScriptInterface	01260f0c	751	008a7f60
CGameScriptInterface	01260f0c	755	008a8010
CGameScriptInterface	01260f0c	231	008a80f0
CGameScriptInterface	01260f0c	232	008a8260
CGameScriptInterface	01260f0c	233	008a8440
CGameScriptInterface	01260f0c	75	008a8570
CGameScriptInterface	01260f0c	76	008a86c0
CGameScriptInterface	01260f0c	80	008a8890
CGameScriptInterface	01260f0c	84	008a89d0
CGameScriptInterface	01260f0c	85	008a8af0
CGameScriptInterface	01260f0c	493	008a8c60
CGameScriptInterface	01260f0c	519	008a8e40
CGameScriptInterface	01260f0c	460	008a8eb0
CGameScriptInterface	01260f0c	588	008a8f20
CGameScriptInterface	01260f0c	546	008a9020
CGameScriptInterface	01260f0c	91	008a9100
CGameScriptInterface	01260f0c	538	008a9320
CGameScriptInterface	01260f0c	541	008a93a0
CGameScriptInterface	01260f0c	581	008a9610
CGameScriptInterface	01260f0c	720	008a96c0
CGameScriptInterface	01260f0c	724	008a96f0
CGameScriptInterface	01260f0c	884	008a9720
CGameScriptInterface	01260f0c	886	008a9760
CGameScriptInterface	01260f0c	723	008a97d0
CGameScriptInterface	01260f0c	890	008a9810
CGameScriptInterface	01260f0c	675	008a9880
CGameScriptInterface	01260f0c	677	008a99f0
CGameScriptInterface	01260f0c	34	008a9ae0
CGameScriptInterface	01260f0c	79	008a9c40
CGameScriptInterface	01260f0c	717	008a9db0
CGameScriptInterface	01260f0c	718	008a9dd0
CGameScriptInterface	01260f0c	719	008a9e00
CGameScriptInterface	01260f0c	721	008a9e30
CGameScriptInterface	01260f0c	722	008a9e60
CGameScriptInterface	01260f0c	893	008a9e90
CGameScriptInterface	01260f0c	895	008a9f00
CGameScriptInterface	01260f0c	894	008a9f50
CGameScriptInterface	01260f0c	896	008a9fc0
CGameScriptInterface	01260f0c	897	008aa010
CGameScriptInterface	01260f0c	898	008aa050
CGameScriptInterface	01260f0c	900	008aa090
CGameScriptInterface	01260f0c	899	008aa0d0
CGameScriptInterface	01260f0c	901	008aa0f0
CGameScriptInterface	01260f0c	903	008aa160
CGameScriptInterface	01260f0c	902	008aa1b0
CGameScriptInterface	01260f0c	904	008aa220
CGameScriptInterface	01260f0c	905	008aa270
CGameScriptInterface	01260f0c	906	008aa2b0
CGameScriptInterface	01260f0c	908	008aa2f0
CGameScriptInterface	01260f0c	907	008aa330
CGameScriptInterface	01260f0c	909	008aa350
CGameScriptInterface	01260f0c	911	008aa3c0
CGameScriptInterface	01260f0c	910	008aa410
CGameScriptInterface	01260f0c	912	008aa480
CGameScriptInterface	01260f0c	913	008aa4d0
CGameScriptInterface	01260f0c	914	008aa510
CGameScriptInterface	01260f0c	916	008aa550
CGameScriptInterface	01260f0c	915	008aa590
NCameraModes::CScriptModuleDolly	01278160	0	008aaed0
NCameraModes::CScriptModuleDollyThing	01278188	0	008aaf30
NEntityEvents::CEventHeroHasBeenSpottedPickpocketing	012781b0	1	008ab800
NEntityEvents::CEventHeroHasBeenSpottedPickpocketing	012781b0	0	008ab810
NEntityEvents::CEventHeroHasBeenSpottedPickingLock	012781c8	1	008ab890
NEntityEvents::CEventHeroHasBeenSpottedPickingLock	012781c8	0	008ab8a0
NEntityEvents::CEventHeroHasBeenSpottedStealing	012781e0	1	008ab920
NEntityEvents::CEventHeroHasBeenSpottedStealing	012781e0	0	008ab930
CCreatureAction_SitDown	012781fc	10	008aba50
CCreatureAction_SitDown	012781fc	57	008aba60
CCreatureAction_SitDown	012781fc	49	008aba70
CCreatureAction_SitDown	012781fc	50	008aba80
CCreatureAction_SitDown	012781fc	24	008aba90
CCreatureAction_SitDown	012781fc	0	008ac330
NCreatureMode::CModeScreamerSuperAttack	01278338	1	008ac490
NCreatureMode::CModeScreamerSuperAttack	01278338	4	008ac4a0
NCreatureMode::CModeScreamerSuperAttack	01278338	0	008ac4b0
CCreatureAction_ForcePushInto	012783d4	0	008ae260
CCombatAction_RecoverFromStunned	0127851c	0	008ae280
CCreatureAction_SitDown	012781fc	11	008ae2a0
CCreatureAction_ForcePushInto	012783d4	11	008ae2f0
CCombatAction_RecoverFromStunned	0127851c	11	008ae330
CCombatSequenceGeneric	01261d74	15	008b0660
CCombatSequenceGeneric	01261d74	3	008b0670
CCombatSequenceGeneric	01261d74	4	008b0680
CCombatSequenceGeneric	01261d74	13	008b0690
CCombatSequenceGeneric	01261d74	14	008b06b0
CCombatSequenceGeneric	01261d74	16	008b06e0
CCombatSequenceGeneric	01261d74	2	008b0700
CCombatSequenceGeneric	01261d74	12	008b07e0
CCombatSequenceGeneric	01261d74	17	008b0830
CCombatSequenceGeneric	01261d74	18	008b0870
CCombatSequenceGeneric	01261d74	19	008b0b60
CCombatSequenceBase	01278fec	3	008b3290
CCombatSequenceBase	01278fec	4	008b32a0
CCombatSequenceBase	01278fec	12	008b32b0
CCombatSequenceBase	01278fec	13	008b32c0
CCombatSequenceBase	01278fec	14	008b32d0
CCombatSequenceBase	01278fec	16	008b32e0
CCombatSequenceBase	01278fec	17	008b32f0
CCombatSequenceBase	01278fec	18	008b3300
CCombatSequenceBase	01278fec	0	008b3430
CCombatSequence_GenericRangedAttack	0127903c	2	008b34d0
CCombatSequence_GenericRangedAttack	0127903c	15	008b34f0
CCombatSequence_GenericRangedAttack	0127903c	0	008b3500
CCombatSequence_GenericLeader	0127908c	2	008b3540
CCombatSequence_GenericLeader	0127908c	15	008b3560
CCombatSequence_GenericLeader	0127908c	0	008b3570
CCombatSequence_BanditUnblockableAttack	012790dc	2	008b35b0
CCombatSequence_BanditUnblockableAttack	012790dc	15	008b35d0
CCombatSequence_BanditUnblockableAttack	012790dc	3	008b35e0
CCombatSequence_BanditUnblockableAttack	012790dc	0	008b35f0
CCombatSequence_NonInterruptableBoxStrafe	0127912c	2	008b3630
CCombatSequence_NonInterruptableBoxStrafe	0127912c	15	008b3650
CCombatSequence_NonInterruptableBoxStrafe	0127912c	0	008b3660
CCombatSequence_BanditAdvanceFar	0127917c	2	008b36a0
CCombatSequence_BanditAdvanceFar	0127917c	15	008b36c0
CCombatSequence_BanditAdvanceFar	0127917c	0	008b36d0
CCombatSequence_BanditAttackFar	012791cc	2	008b3710
CCombatSequence_BanditAttackFar	012791cc	15	008b3730
CCombatSequence_BanditAttackFar	012791cc	3	008b3740
CCombatSequence_BanditAttackFar	012791cc	0	008b3750
CCombatSequence_BanditAttackMiddle	0127921c	2	008b3790
CCombatSequence_BanditAttackMiddle	0127921c	15	008b37b0
CCombatSequence_BanditAttackMiddle	0127921c	3	008b37c0
CCombatSequence_BanditAttackMiddle	0127921c	0	008b37d0
CCombatSequence_BanditAttackSide	0127926c	2	008b3810
CCombatSequence_BanditAttackSide	0127926c	15	008b3830
CCombatSequence_BanditAttackSide	0127926c	3	008b3840
CCombatSequence_BanditAttackSide	0127926c	0	008b3850
CCombatSequence_BanditAttackNear	012792bc	2	008b3890
CCombatSequence_BanditAttackNear	012792bc	15	008b38b0
CCombatSequence_BanditAttackNear	012792bc	3	008b38c0
CCombatSequence_BanditAttackNear	012792bc	0	008b38d0
CCombatSequence_BanditIdleNear	0127930c	2	008b3910
CCombatSequence_BanditIdleNear	0127930c	15	008b3930
CCombatSequence_BanditIdleNear	0127930c	0	008b3940
CCombatSequence_BanditIdleMiddle	0127935c	2	008b3980
CCombatSequence_BanditIdleMiddle	0127935c	15	008b39a0
CCombatSequence_BanditIdleMiddle	0127935c	0	008b39b0
CCombatSequence_BanditBoast	012793ac	2	008b39f0
CCombatSequence_BanditBoast	012793ac	15	008b3a10
CCombatSequence_BanditBoast	012793ac	3	008b3a20
CCombatSequence_BanditBoast	012793ac	0	008b3a30
CCombatSequence_BanditKingAttack	012793fc	2	008b3a70
CCombatSequence_BanditKingAttack	012793fc	15	008b3a90
CCombatSequence_BanditKingAttack	012793fc	7	008b3aa0
CCombatSequence_BanditKingAttack	012793fc	5	008b3ab0
CCombatSequence_BanditKingAttack	012793fc	0	008b3ac0
CCombatSequence_BanditKingAdvance	0127944c	2	008b3b00
CCombatSequence_BanditKingAdvance	0127944c	11	008b3b20
CCombatSequence_BanditKingAdvance	0127944c	15	008b3b30
CCombatSequence_BanditKingAdvance	0127944c	0	008b3b40
CCombatSequence_BanditKingBackOff	0127949c	2	008b3b80
CCombatSequence_BanditKingBackOff	0127949c	15	008b3ba0
CCombatSequence_BanditKingBackOff	0127949c	5	008b3bb0
CCombatSequence_BanditKingBackOff	0127949c	0	008b3bc0
CCombatSequence_BanditKingSpinAround	012794ec	2	008b3c00
CCombatSequence_BanditKingSpinAround	012794ec	15	008b3c20
CCombatSequence_BanditKingSpinAround	012794ec	5	008b3c30
CCombatSequence_BanditKingSpinAround	012794ec	0	008b3c40
CCombatSequence_FodderMainAttack	0127953c	2	008b3c80
CCombatSequence_FodderMainAttack	0127953c	15	008b3ca0
CCombatSequence_FodderMainAttack	0127953c	7	008b3cb0
CCombatSequence_FodderMainAttack	0127953c	0	008b3cc0
CCombatSequence_FodderUnblockableMainAttack	0127958c	2	008b3d00
CCombatSequence_FodderUnblockableMainAttack	0127958c	15	008b3d20
CCombatSequence_FodderUnblockableMainAttack	0127958c	7	008b3d30
CCombatSequence_FodderUnblockableMainAttack	0127958c	0	008b3d40
CCombatSequence_FodderSecondaryAttack	012795dc	2	008b3d80
CCombatSequence_FodderSecondaryAttack	012795dc	15	008b3da0
CCombatSequence_FodderSecondaryAttack	012795dc	7	008b3db0
CCombatSequence_FodderSecondaryAttack	012795dc	0	008b3dc0
CCombatSequence_FodderCombatIdle	0127962c	2	008b3e00
CCombatSequence_FodderCombatIdle	0127962c	15	008b3e20
CCombatSequence_FodderCombatIdle	0127962c	7	008b3e30
CCombatSequence_FodderCombatIdle	0127962c	6	008b3e40
CCombatSequence_FodderCombatIdle	0127962c	5	008b3e50
CCombatSequence_FodderCombatIdle	0127962c	0	008b3e60
CCombatSequence_ScorpionLungeAttack	0127967c	2	008b3ea0
CCombatSequence_ScorpionLungeAttack	0127967c	13	008b3ec0
CCombatSequence_ScorpionLungeAttack	0127967c	15	008b3ed0
CCombatSequence_ScorpionLungeAttack	0127967c	7	008b3ee0
CCombatSequence_ScorpionLungeAttack	0127967c	5	008b3ef0
CCombatSequence_ScorpionLungeAttack	0127967c	6	008b3f00
CCombatSequence_ScorpionLungeAttack	0127967c	0	008b3f10
CCombatSequence_KingScorpionTailPlunge	012796cc	2	008b3f50
CCombatSequence_KingScorpionTailPlunge	012796cc	13	008b3f70
CCombatSequence_KingScorpionTailPlunge	012796cc	15	008b3f80
CCombatSequence_KingScorpionTailPlunge	012796cc	5	008b3f90
CCombatSequence_KingScorpionTailPlunge	012796cc	6	008b3fa0
CCombatSequence_KingScorpionTailPlunge	012796cc	0	008b3fb0
CCombatSequence_TrollDoubleSwipe	0127971c	2	008b3ff0
CCombatSequence_TrollDoubleSwipe	0127971c	15	008b4010
CCombatSequence_TrollDoubleSwipe	0127971c	7	008b4020
CCombatSequence_TrollDoubleSwipe	0127971c	0	008b4030
CCombatSequence_TrollDoubleSwipeNonMelee	0127976c	2	008b4070
CCombatSequence_TrollDoubleSwipeNonMelee	0127976c	15	008b4090
CCombatSequence_TrollDoubleSwipeNonMelee	0127976c	7	008b40a0
CCombatSequence_TrollDoubleSwipeNonMelee	0127976c	0	008b40b0
CCombatSequence_TrollOpeningGroundPound	012797bc	2	008b40f0
CCombatSequence_TrollOpeningGroundPound	012797bc	13	008b4110
CCombatSequence_TrollOpeningGroundPound	012797bc	15	008b4120
CCombatSequence_TrollOpeningGroundPound	012797bc	7	008b4130
CCombatSequence_TrollOpeningGroundPound	012797bc	0	008b4140
CCombatSequence_TrollProjectileAttack	0127980c	2	008b4180
CCombatSequence_TrollProjectileAttack	0127980c	15	008b41a0
CCombatSequence_TrollProjectileAttack	0127980c	7	008b41b0
CCombatSequence_TrollProjectileAttack	0127980c	0	008b41c0
CCombatSequence_TrollBurrowPursue	0127985c	2	008b4200
CCombatSequence_TrollBurrowPursue	0127985c	15	008b4220
CCombatSequence_TrollBurrowPursue	0127985c	0	008b4230
CCombatSequence_TrollBurrowPursueNoZone	012798ac	2	008b4270
CCombatSequence_TrollBurrowPursueNoZone	012798ac	15	008b4290
CCombatSequence_TrollBurrowPursueNoZone	012798ac	0	008b42a0
CCombatSequence_TrollRockPursue	012798fc	2	008b42e0
CCombatSequence_TrollRockPursue	012798fc	15	008b4300
CCombatSequence_TrollRockPursue	012798fc	0	008b4310
CCombatSequence_TrollRockPursueNoZone	0127994c	2	008b4350
CCombatSequence_TrollRockPursueNoZone	0127994c	15	008b4370
CCombatSequence_TrollRockPursueNoZone	0127994c	6	008b4380
CCombatSequence_TrollRockPursueNoZone	0127994c	0	008b4390
CCombatSequence_TrollRockAdvance	0127999c	2	008b43d0
CCombatSequence_TrollRockAdvance	0127999c	15	008b43f0
CCombatSequence_TrollRockAdvance	0127999c	0	008b4400
CCombatSequence_TrollRockThrowRock	012799ec	2	008b4440
CCombatSequence_TrollRockThrowRock	012799ec	15	008b4460
CCombatSequence_TrollRockThrowRock	012799ec	7	008b4470
CCombatSequence_TrollRockThrowRock	012799ec	5	008b4480
CCombatSequence_TrollRockThrowRock	012799ec	0	008b4490
CCombatSequence_TrollRockIdle	01279a3c	2	008b44d0
CCombatSequence_TrollRockIdle	01279a3c	15	008b44f0
CCombatSequence_TrollRockIdle	01279a3c	0	008b4500
CCombatSequence_TrollRockShuffleBack	01279a8c	2	008b4540
CCombatSequence_TrollRockShuffleBack	01279a8c	15	008b4560
CCombatSequence_TrollRockShuffleBack	01279a8c	0	008b4570
CCombatSequence_VillagerAttack	01279adc	2	008b45b0
CCombatSequence_VillagerAttack	01279adc	15	008b45d0
CCombatSequence_VillagerAttack	01279adc	7	008b45e0
CCombatSequence_VillagerAttack	01279adc	0	008b45f0
CCombatSequence_VillagerBackOff	01279b2c	2	008b4630
CCombatSequence_VillagerBackOff	01279b2c	15	008b4650
CCombatSequence_VillagerBackOff	01279b2c	0	008b4660
CCombatSequence_VillagerStepIn	01279b7c	2	008b46a0
CCombatSequence_VillagerStepIn	01279b7c	15	008b46c0
CCombatSequence_VillagerStepIn	01279b7c	6	008b46d0
CCombatSequence_VillagerStepIn	01279b7c	0	008b46e0
CCombatSequence_VillagerAdvance	01279bcc	2	008b4720
CCombatSequence_VillagerAdvance	01279bcc	15	008b4740
CCombatSequence_VillagerAdvance	01279bcc	6	008b4750
CCombatSequence_VillagerAdvance	01279bcc	0	008b4760
CCombatSequence_VillagerCombo	01279c1c	2	008b47a0
CCombatSequence_VillagerCombo	01279c1c	15	008b47c0
CCombatSequence_VillagerCombo	01279c1c	7	008b47d0
CCombatSequence_VillagerCombo	01279c1c	0	008b47e0
CCombatSequence_VillagerComboUnblockable	01279c6c	2	008b4820
CCombatSequence_VillagerComboUnblockable	01279c6c	15	008b4840
CCombatSequence_VillagerComboUnblockable	01279c6c	7	008b4850
CCombatSequence_VillagerComboUnblockable	01279c6c	0	008b4860
CCombatSequence_VillagerNearAttack	01279cbc	2	008b48a0
CCombatSequence_VillagerNearAttack	01279cbc	15	008b48c0
CCombatSequence_VillagerNearAttack	01279cbc	7	008b48d0
CCombatSequence_VillagerNearAttack	01279cbc	0	008b48e0
CCombatSequenceWhisperLunge	01279d0c	2	008b4920
CCombatSequenceWhisperLunge	01279d0c	15	008b4940
CCombatSequenceWhisperLunge	01279d0c	7	008b4950
CCombatSequenceWhisperLunge	01279d0c	0	008b4960
CCombatSequenceWhisperAdvance	01279d5c	2	008b49a0
CCombatSequenceWhisperAdvance	01279d5c	15	008b49c0
CCombatSequenceWhisperAdvance	01279d5c	7	008b49d0
CCombatSequenceWhisperAdvance	01279d5c	0	008b49e0
CCombatSequenceWhisperAttackCombo	01279dac	2	008b4a20
CCombatSequenceWhisperAttackCombo	01279dac	15	008b4a40
CCombatSequenceWhisperAttackCombo	01279dac	7	008b4a50
CCombatSequenceWhisperAttackCombo	01279dac	0	008b4a60
CCombatSequenceWhisperAttackBigCombo	01279dfc	2	008b4aa0
CCombatSequenceWhisperAttackBigCombo	01279dfc	15	008b4ac0
CCombatSequenceWhisperAttackBigCombo	01279dfc	7	008b4ad0
CCombatSequenceWhisperAttackBigCombo	01279dfc	0	008b4ae0
CCombatSequenceWhisperAttack360	01279e4c	2	008b4b20
CCombatSequenceWhisperAttack360	01279e4c	15	008b4b40
CCombatSequenceWhisperAttack360	01279e4c	7	008b4b50
CCombatSequenceWhisperAttack360	01279e4c	0	008b4b60
CCombatSequenceWhisperStrikeStrafeBack	01279e9c	2	008b4ba0
CCombatSequenceWhisperStrikeStrafeBack	01279e9c	15	008b4bc0
CCombatSequenceWhisperStrikeStrafeBack	01279e9c	7	008b4bd0
CCombatSequenceWhisperStrikeStrafeBack	01279e9c	0	008b4be0
CCombatSequenceWhisperTooCloseLeapBack	01279eec	2	008b4c20
CCombatSequenceWhisperTooCloseLeapBack	01279eec	15	008b4c40
CCombatSequenceWhisperTooCloseLeapBack	01279eec	7	008b4c50
CCombatSequenceWhisperTooCloseLeapBack	01279eec	0	008b4c60
CCombatSequenceWhisperBoast	01279f3c	2	008b4ca0
CCombatSequenceWhisperBoast	01279f3c	15	008b4cc0
CCombatSequenceWhisperBoast	01279f3c	9	008b4cd0
CCombatSequenceWhisperBoast	01279f3c	0	008b4ce0
CCombatSequenceWhisperSortYourselfOut	01279f8c	2	008b4d20
CCombatSequenceWhisperSortYourselfOut	01279f8c	15	008b4d40
CCombatSequenceWhisperSortYourselfOut	01279f8c	0	008b4d50
CCombatSequenceWhisperStrafeAround	01279fdc	2	008b4d90
CCombatSequenceWhisperStrafeAround	01279fdc	15	008b4db0
CCombatSequenceWhisperStrafeAround	01279fdc	6	008b4dc0
CCombatSequenceWhisperStrafeAround	01279fdc	0	008b4dd0
CCombatSequenceWhisperIdles	0127a02c	2	008b4e10
CCombatSequenceWhisperIdles	0127a02c	15	008b4e30
CCombatSequenceWhisperIdles	0127a02c	6	008b4e40
CCombatSequenceWhisperIdles	0127a02c	0	008b4e50
CCombatSequenceJacksCombo	0127a07c	2	008b4e90
CCombatSequenceJacksCombo	0127a07c	15	008b4eb0
CCombatSequenceJacksCombo	0127a07c	6	008b4ec0
CCombatSequenceJacksCombo	0127a07c	0	008b4ed0
CCombatSequence2StrikeCombo	0127a0cc	2	008b4f10
CCombatSequence2StrikeCombo	0127a0cc	15	008b4f30
CCombatSequence2StrikeCombo	0127a0cc	6	008b4f40
CCombatSequence2StrikeCombo	0127a0cc	0	008b4f50
CCombatSequenceUnblockableFacing	0127a11c	2	008b4f90
CCombatSequenceUnblockableFacing	0127a11c	15	008b4fb0
CCombatSequenceUnblockableFacing	0127a11c	6	008b4fc0
CCombatSequenceUnblockableFacing	0127a11c	0	008b4fd0
CCombatSequenceNonInterruptable2StrikeCombo	0127a16c	2	008b5010
CCombatSequenceNonInterruptable2StrikeCombo	0127a16c	15	008b5030
CCombatSequenceNonInterruptable2StrikeCombo	0127a16c	6	008b5040
CCombatSequenceNonInterruptable2StrikeCombo	0127a16c	0	008b5050
CCombatSequence_BattleCharge	0127a1bc	2	008b5090
CCombatSequence_BattleCharge	0127a1bc	13	008b50b0
CCombatSequence_BattleCharge	0127a1bc	15	008b50c0
CCombatSequence_BattleCharge	0127a1bc	6	008b50d0
CCombatSequence_BattleCharge	0127a1bc	0	008b50e0
CCombatSequence_WillLightning	0127a20c	2	008b5120
CCombatSequence_WillLightning	0127a20c	13	008b5140
CCombatSequence_WillLightning	0127a20c	15	008b5150
CCombatSequence_WillLightning	0127a20c	6	008b5160
CCombatSequence_WillLightning	0127a20c	5	008b5170
CCombatSequence_WillLightning	0127a20c	7	008b5180
CCombatSequence_WillLightning	0127a20c	0	008b5190
CCombatSequence_WillEnflame	0127a25c	2	008b51d0
CCombatSequence_WillEnflame	0127a25c	13	008b51f0
CCombatSequence_WillEnflame	0127a25c	15	008b5200
CCombatSequence_WillEnflame	0127a25c	6	008b5210
CCombatSequence_WillEnflame	0127a25c	5	008b5220
CCombatSequence_WillEnflame	0127a25c	19	008b5230
CCombatSequence_WillEnflame	0127a25c	7	008b5240
CCombatSequence_WillEnflame	0127a25c	0	008b5250
CCombatSequence_WillForcePush	0127a2b4	2	008b5290
CCombatSequence_WillForcePush	0127a2b4	13	008b52b0
CCombatSequence_WillForcePush	0127a2b4	15	008b52c0
CCombatSequence_WillForcePush	0127a2b4	6	008b52d0
CCombatSequence_WillForcePush	0127a2b4	5	008b52e0
CCombatSequence_WillForcePush	0127a2b4	19	008b52f0
CCombatSequence_WillForcePush	0127a2b4	7	008b5300
CCombatSequence_WillForcePush	0127a2b4	0	008b5310
CCombatSequence_WillForcePushLongRange	0127a30c	2	008b5350
CCombatSequence_WillForcePushLongRange	0127a30c	13	008b5370
CCombatSequence_WillForcePushLongRange	0127a30c	15	008b5380
CCombatSequence_WillForcePushLongRange	0127a30c	6	008b5390
CCombatSequence_WillForcePushLongRange	0127a30c	5	008b53a0
CCombatSequence_WillForcePushLongRange	0127a30c	19	008b53b0
CCombatSequence_WillForcePushLongRange	0127a30c	7	008b53c0
CCombatSequence_WillForcePushLongRange	0127a30c	0	008b53d0
CCombatSequence_WillPhysicalShield	0127a364	2	008b5410
CCombatSequence_WillPhysicalShield	0127a364	13	008b5430
CCombatSequence_WillPhysicalShield	0127a364	15	008b5440
CCombatSequence_WillPhysicalShield	0127a364	6	008b5450
CCombatSequence_WillPhysicalShield	0127a364	5	008b5460
CCombatSequence_WillPhysicalShield	0127a364	7	008b5470
CCombatSequence_WillPhysicalShield	0127a364	0	008b5480
CCombatSequence_WillPhysicalShieldNonMelee	0127a3b4	2	008b54c0
CCombatSequence_WillPhysicalShieldNonMelee	0127a3b4	13	008b54e0
CCombatSequence_WillPhysicalShieldNonMelee	0127a3b4	15	008b54f0
CCombatSequence_WillPhysicalShieldNonMelee	0127a3b4	6	008b5500
CCombatSequence_WillPhysicalShieldNonMelee	0127a3b4	5	008b5510
CCombatSequence_WillPhysicalShieldNonMelee	0127a3b4	7	008b5520
CCombatSequence_WillPhysicalShieldNonMelee	0127a3b4	0	008b5530
CCreatureAction_ProjectileCrouch	0127ac94	12	008b6520
CCreatureAction_GetUpFromSitting	01276c2c	68	008b6530
CCreatureAction_LeapBack	01263024	12	008b6550
CCreatureAction_MidAttackFacing	0128ee8c	12	008b65d0
CCreatureAction_MidAttackKnockdown	0126316c	12	008b6610
CCreatureAction_CombatIdle	012632b4	12	008b6650
CCreatureAction_MidAttack360	0128efd4	12	008b6690
CCreatureAction_ThrowShotObject	012944d4	12	008b66d0
CCreatureAction_FodderUnblockablePrimaryAttack	0128dd04	12	008b6710
CCreatureAction_FodderSecondaryAttack	0128de54	12	008b6750
CCreatureAction_FodderIdle	0128dfa4	12	008b6790
CCreatureAction_TurnStrikeLeft	01263544	12	008b67d0
CCreatureAction_TurnStrikeRight	0126368c	12	008b6810
CCreatureAction_GenericStrafeLeft	012637d4	12	008b6850
CCreatureAction_GenericStrafeRight	0126391c	12	008b6890
CCreatureAction_BreakIntoMelee	01263a64	12	008b68d0
CCreatureAction_Charge	0127af24	12	008b6910
CCreatureAction_ChargeStrike	0127b06c	12	008b6950
CCreatureAction_SheatheWeapons	01282cec	12	008b6990
CCreatureAction_UnsheatheWeapons	0127b1b4	4	008b69d0
CCreatureAction_GoUnderground	0127a894	12	008b69f0
CCreatureAction_GoUnderground	0127a894	4	008b6a20
CCreatureAction_RiseUp	01268c9c	12	008b6a60
CCreatureAction_RiseUp	01268c9c	4	008b6a90
CCreatureAction_MidAttackSide	0127ab3c	12	008b6ad0
CCreatureAction_ProjectileCrouch	0127ac94	56	008b6c30
CCreatureAction_CombatBoast	012633fc	12	008b6e60
CCreatureAction_DuckAndCover	012974a4	12	008b6ee0
CCreatureAction_JumpOutFromCover	0129888c	12	008b7040
CCreatureAction_FodderPrimaryAttack	0128dbb4	12	008b7350
CCreatureAction_LeapLong	0127a9ec	3	008b7470
CCreatureAction_LeapLong	0127a9ec	4	008b74a0
CCreatureAction_OnGenerate	01268dec	12	008b74d0
CCreatureAction_GoUnderground	0127a894	3	008b75e0
CCreatureAction_RiseUp	01268c9c	3	008b76a0
CCreatureAction_LeapLong	0127a9ec	12	008b76b0
CCreatureAction_GetUpFromSitting	01276c2c	12	008b7920
CCreatureAction_GetUpFromSitting	01276c2c	3	008b79a0
CCreatureAction_SummonCreatures	0127addc	12	008b7a20
CCreatureAction_SheatheWeapons	01282cec	3	008b7b10
CCreatureAction_UnsheatheWeapons	0127b1b4	3	008b7ba0
CCreatureAction_UnsheatheWeapons	0127b1b4	12	008b7ed0
CCreatureAction_PlayCombatAnimation	0127a604	73	008b8660
CCreatureAction_PlayCombatAnimation	0127a604	59	008b8670
CCreatureAction_PlayCombatAnimation	0127a604	34	008b8680
CCreatureAction_PlayCombatAnimationWithLooking	0127a74c	50	008b8690
CCreatureAction_GoUnderground	0127a894	45	008b86a0
CCreatureAction_LeapLong	0127a9ec	74	008b86b0
CCreatureAction_LeapLong	0127a9ec	45	008b86c0
CCreatureAction_LeapLong	0127a9ec	81	008b86d0
CCreatureAction_LeapLong	0127a9ec	32	008b86e0
CCreatureAction_Charge	0127af24	74	008b86f0
CCreatureAction_PlayCombatAnimation	0127a604	0	008b8700
CCreatureAction_PlayCombatAnimationWithLooking	0127a74c	0	008b8720
CCreatureAction_LeapLong	0127a9ec	0	008b8740
CCreatureAction_MidAttackSide	0127ab3c	0	008b8760
CCreatureAction_GoUnderground	0127a894	0	008b8780
CCreatureAction_SummonCreatures	0127addc	0	008b87a0
CCreatureAction_ProjectileCrouch	0127ac94	0	008b87c0
CCreatureAction_Charge	0127af24	0	008b87e0
CCreatureAction_ChargeStrike	0127b06c	0	008b8800
CCreatureAction_UnsheatheWeapons	0127b1b4	0	008b8820
CCreatureAction_PlayCombatAnimation	0127a604	11	008b8840
CCreatureAction_PlayCombatAnimationWithLooking	0127a74c	11	008b88a0
CCreatureAction_LeapLong	0127a9ec	11	008b8900
CCreatureAction_MidAttackSide	0127ab3c	11	008b8940
CCreatureAction_GoUnderground	0127a894	11	008b8970
CCreatureAction_SummonCreatures	0127addc	11	008b89a0
CCreatureAction_ProjectileCrouch	0127ac94	11	008b89e0
CCreatureAction_Charge	0127af24	11	008b8a60
CCreatureAction_ChargeStrike	0127b06c	11	008b8a90
CCreatureAction_UnsheatheWeapons	0127b1b4	11	008b8ac0
CCreatureAction_ScreamerDrainOutOf	012620c4	12	008b8b00
CCreatureAction_ScreamerIdle	0126220c	12	008b8b40
CCreatureAction_ScreamerDie	0127b374	56	008b8b80
CCreatureAction_ScreamerDrainAttack	01261f7c	12	008b8bc0
CCreatureAction_ScreamerAdvance	01262354	56	008b8cb0
CCreatureAction_ScreamerDie	0127b374	12	008b8d30
CCreatureAction_ScreamerDie	0127b374	4	008b8f30
CCreatureAction_ScreamerDrainAttack	01261f7c	4	008b9010
CCreatureAction_ScreamerDie	0127b374	0	008b91e0
CCreatureAction_ScreamerDie	0127b374	11	008b9210
CCreatureAction_ForcePushOutOf	01286874	12	008b9370
CCreatureAction_ForcePushOutOf	01286874	4	008b93b0
CCreatureAction_ReleasePhysicalShieldSpell	0127c09c	4	008b93d0
CCreatureAction_CastWillDrainLifeSpell	012645ec	12	008b9400
CCreatureAction_FinishGhostSwordSpell	0127d14c	3	008b9440
CCreatureAction_BuildUpWillLightningSpell	0127dc8c	3	008b9450
CCreatureAction_CastWillFireballSpell	0127df4c	12	008b9460
CCreatureAction_TeleportIn	0127e4ac	4	008b9470
CCreatureAction_BuildUpDivineWrathSpell	0127e8d4	4	008b9480
CCreatureAction_BuildUpUnholyPowerSpell	0127ee44	4	008b9490
CCreatureAction_CastWillForceSpell	0127b50c	12	008b94a0
CCreatureAction_CastWillTurncoatSpell	0127c35c	3	008b95a0
CCreatureAction_FinishWillTurncoatSpell	0127c604	4	008b96a0
CCreatureAction_FinishDrainLifeSpell	0127c8c4	4	008b9740
CCreatureAction_CastWillHealLifeSpell	0127ca4c	3	008b97e0
CCreatureAction_FinishHealLifeSpell	0127cd34	4	008b98d0
CCreatureAction_CastWillGhostSwordSpell	0127ce7c	12	008b9970
CCreatureAction_FinishGhostSwordSpell	0127d14c	4	008b9a60
CCreatureAction_CastWillSummonSpell	0127d704	12	008b9b00
CCreatureAction_ReleaseWillSummonSpell	0127d9cc	4	008b9bf0
CCreatureAction_CastWillLightningSpell	0127db2c	12	008b9c90
CCreatureAction_CastPhysicalShieldSpell	0127bdcc	12	008b9dd0
CCreatureAction_TeleportOut	0127e344	12	008b9e50
CCreatureAction_TeleportIn	0127e4ac	12	008b9f20
CCreatureAction_ForcePushInto	012783d4	12	008b9ff0
CCreatureAction_ForcePushOutOf	01286874	3	008ba0b0
CCreatureAction_FinishWillForceSpell	0127b87c	4	008ba140
CCreatureAction_CastWillEnflameSpell	0127b9dc	12	008ba220
CCreatureAction_CastWillEnflameSpell	0127b9dc	3	008ba370
CCreatureAction_CastWillEnflameSpell	0127b9dc	4	008ba3c0
CCreatureAction_ReleaseWillEnflameSpell	0127bc84	4	008ba6b0
CCreatureAction_CastPhysicalShieldSpell	0127bdcc	4	008ba790
CCreatureAction_RemovePhysicalShieldSpell	0127c1e4	3	008ba7e0
CCreatureAction_ScreamerDrainAttack	01261f7c	3	008ba7f0
CCreatureAction_CastWillHarvestSoulSpell	0127d2b4	3	008ba970
CCreatureAction_CastWillReclaimUndeadFollower	0127d5bc	3	008baa00
CCreatureAction_ReleaseWillLightningSpell	0127ddec	4	008baa90
CCreatureAction_FinishFireballSpell	0127e1fc	3	008babe0
CCreatureAction_FinishFireballSpell	0127e1fc	4	008bac40
CCreatureAction_CastDivineWrathSpell	0127e774	12	008bae10
CCreatureAction_CastUnholyPowerSpell	0127ece4	12	008baf20
CCreatureAction_CastWillRaiseDeadSpell	0127d41c	3	008bc1a0
CCreatureAction_TeleportOut	0127e344	4	008bd3f0
CIntelligentPointer	0127b4d8	0	008bd570
CCreatureAction_CastWillForceSpell	0127b50c	3	008bd900
CCreatureAction_BuildWillForceSpell	0127b674	3	008bd910
CCreatureAction_FinishWillForceSpell	0127b87c	3	008bd920
CCreatureAction_CastWillEnflameSpell	0127b9dc	45	008bd930
CCreatureAction_CastWillEnflameSpell	0127b9dc	47	008bd940
CCreatureAction_BuildUpWillEnflameSpell	0127bb24	3	008bd950
CCreatureAction_ReleaseWillEnflameSpell	0127bc84	3	008bd960
CCreatureAction_ReleaseWillEnflameSpell	0127bc84	46	008bd970
CCreatureAction_ReleaseWillEnflameSpell	0127bc84	47	008bd980
CCreatureAction_CastPhysicalShieldSpell	0127bdcc	3	008bd990
CCreatureAction_BuildUpPhysicalShieldSpell	0127bf34	3	008bd9a0
CCreatureAction_ReleasePhysicalShieldSpell	0127c09c	3	008bd9b0
CCreatureAction_ReleasePhysicalShieldSpell	0127c09c	46	008bd9c0
CCreatureAction_ReleasePhysicalShieldSpell	0127c09c	47	008bd9d0
CCreatureAction_RemovePhysicalShieldSpell	0127c1e4	46	008bd9e0
CCreatureAction_RemovePhysicalShieldSpell	0127c1e4	47	008bd9f0
CCreatureAction_BuildWillTurncoatSpell	0127c4a4	3	008bda00
CCreatureAction_FinishWillTurncoatSpell	0127c604	3	008bda10
CCreatureAction_BuildDrainLifeSpell	0127c764	3	008bda20
CCreatureAction_FinishDrainLifeSpell	0127c8c4	3	008bda30
CCreatureAction_BuildHealLifeSpell	0127cbc4	3	008bda40
CCreatureAction_FinishHealLifeSpell	0127cd34	3	008bda50
CCreatureAction_CastWillGhostSwordSpell	0127ce7c	3	008bda60
CCreatureAction_BuildGhostSwordSpell	0127cfe4	3	008bda70
CCreatureAction_CastWillSummonSpell	0127d704	3	008bda80
CCreatureAction_BuildUpWillSummonSpell	0127d864	3	008bda90
CCreatureAction_ReleaseWillSummonSpell	0127d9cc	3	008bdaa0
CCreatureAction_CastWillLightningSpell	0127db2c	3	008bdab0
CCreatureAction_ReleaseWillLightningSpell	0127ddec	3	008bdac0
CCreatureAction_CastWillFireballSpell	0127df4c	3	008bdad0
CCreatureAction_BuildFireballSpell	0127e094	3	008bdae0
CCreatureAction_FinishFireballSpell	0127e1fc	74	008bdaf0
CCreatureAction_TeleportOut	0127e344	45	008bdb00
CCreatureAction_TeleportIn	0127e4ac	45	008bdb10
CCreatureAction_BeingForcePushed	0127e604	3	008bdb20
CCreatureAction_BeingForcePushed	0127e604	57	008bdb30
CCreatureAction_CastDivineWrathSpell	0127e774	3	008bdb40
CCreatureAction_CastDivineWrathSpell	0127e774	48	008bdb50
CCreatureAction_BuildUpDivineWrathSpell	0127e8d4	3	008bdb60
CCreatureAction_BuildUpDivineWrathSpell	0127e8d4	48	008bdb70
CCreatureAction_ReleaseDivineWrathSpell	0127ea1c	3	008bdb80
CCreatureAction_ReleaseDivineWrathSpell	0127ea1c	45	008bdb90
CCreatureAction_ReleaseDivineWrathSpell	0127ea1c	46	008bdba0
CCreatureAction_ReleaseDivineWrathSpell	0127ea1c	47	008bdbb0
CCreatureAction_ReleaseDivineWrathSpell	0127ea1c	48	008bdbc0
CCreatureAction_ReleaseAndLoopDivineWrathSpell	0127eb7c	3	008bdbd0
CCreatureAction_ReleaseAndLoopDivineWrathSpell	0127eb7c	45	008bdbe0
CCreatureAction_ReleaseAndLoopDivineWrathSpell	0127eb7c	46	008bdbf0
CCreatureAction_ReleaseAndLoopDivineWrathSpell	0127eb7c	47	008bdc00
CCreatureAction_ReleaseAndLoopDivineWrathSpell	0127eb7c	48	008bdc10
CCreatureAction_CastUnholyPowerSpell	0127ece4	3	008bdc20
CCreatureAction_CastUnholyPowerSpell	0127ece4	48	008bdc30
CCreatureAction_BuildUpUnholyPowerSpell	0127ee44	3	008bdc40
CCreatureAction_BuildUpUnholyPowerSpell	0127ee44	48	008bdc50
CCreatureAction_ReleaseUnholyPowerSpell	0127ef8c	3	008bdc60
CCreatureAction_ReleaseUnholyPowerSpell	0127ef8c	45	008bdc70
CCreatureAction_ReleaseUnholyPowerSpell	0127ef8c	46	008bdc80
CCreatureAction_ReleaseUnholyPowerSpell	0127ef8c	47	008bdc90
CCreatureAction_ReleaseUnholyPowerSpell	0127ef8c	48	008bdca0
CCreatureAction_ReleaseAndLoopUnholyPowerSpell	0127f0ec	3	008bdcb0
CCreatureAction_ReleaseAndLoopUnholyPowerSpell	0127f0ec	45	008bdcc0
CCreatureAction_ReleaseAndLoopUnholyPowerSpell	0127f0ec	46	008bdcd0
CCreatureAction_ReleaseAndLoopUnholyPowerSpell	0127f0ec	47	008bdce0
CCreatureAction_ReleaseAndLoopUnholyPowerSpell	0127f0ec	48	008bdcf0
CCreatureAction_CastWillForceSpell	0127b50c	0	008bdd00
CCreatureAction_BuildWillForceSpell	0127b674	0	008bdd20
CCreatureAction_FinishWillForceSpell	0127b87c	0	008bdd40
CCreatureAction_CastWillEnflameSpell	0127b9dc	0	008bdd60
CCreatureAction_BuildUpWillEnflameSpell	0127bb24	0	008bdd80
CCreatureAction_ReleaseWillEnflameSpell	0127bc84	0	008bdda0
CCreatureAction_CastPhysicalShieldSpell	0127bdcc	0	008bddc0
CCreatureAction_BuildUpPhysicalShieldSpell	0127bf34	0	008bdde0
CCreatureAction_ReleasePhysicalShieldSpell	0127c09c	0	008bde00
CCreatureAction_RemovePhysicalShieldSpell	0127c1e4	0	008bde20
CCreatureAction_CastWillTurncoatSpell	0127c35c	0	008bde40
CCreatureAction_BuildWillTurncoatSpell	0127c4a4	0	008bde60
CCreatureAction_FinishWillTurncoatSpell	0127c604	0	008bde80
CCreatureAction_BuildDrainLifeSpell	0127c764	0	008bdea0
CCreatureAction_FinishDrainLifeSpell	0127c8c4	0	008bdec0
CCreatureAction_CastWillHealLifeSpell	0127ca4c	0	008bdee0
CCreatureAction_BuildHealLifeSpell	0127cbc4	0	008bdf00
CCreatureAction_FinishHealLifeSpell	0127cd34	0	008bdf20
CCreatureAction_CastWillGhostSwordSpell	0127ce7c	0	008bdf40
CCreatureAction_BuildGhostSwordSpell	0127cfe4	0	008bdf60
CCreatureAction_FinishGhostSwordSpell	0127d14c	0	008bdf80
CCreatureAction_CastWillHarvestSoulSpell	0127d2b4	0	008bdfa0
CCreatureAction_CastWillRaiseDeadSpell	0127d41c	0	008bdfc0
CCreatureAction_CastWillReclaimUndeadFollower	0127d5bc	0	008bdfe0
CCreatureAction_CastWillSummonSpell	0127d704	0	008be010
CCreatureAction_BuildUpWillSummonSpell	0127d864	0	008be030
CCreatureAction_ReleaseWillSummonSpell	0127d9cc	0	008be050
CCreatureAction_CastWillLightningSpell	0127db2c	0	008be070
CCreatureAction_BuildUpWillLightningSpell	0127dc8c	0	008be090
CCreatureAction_ReleaseWillLightningSpell	0127ddec	0	008be0b0
CCreatureAction_CastWillFireballSpell	0127df4c	0	008be0d0
CCreatureAction_BuildFireballSpell	0127e094	0	008be0f0
CCreatureAction_FinishFireballSpell	0127e1fc	0	008be110
CCreatureAction_TeleportOut	0127e344	0	008be130
CCreatureAction_TeleportIn	0127e4ac	0	008be150
CCreatureAction_BeingForcePushed	0127e604	0	008be170
CCreatureAction_CastDivineWrathSpell	0127e774	0	008be190
CCreatureAction_BuildUpDivineWrathSpell	0127e8d4	0	008be1b0
CCreatureAction_ReleaseDivineWrathSpell	0127ea1c	0	008be1d0
CCreatureAction_ReleaseAndLoopDivineWrathSpell	0127eb7c	0	008be1f0
CCreatureAction_CastUnholyPowerSpell	0127ece4	0	008be210
CCreatureAction_BuildUpUnholyPowerSpell	0127ee44	0	008be230
CCreatureAction_ReleaseUnholyPowerSpell	0127ef8c	0	008be250
CCreatureAction_ReleaseAndLoopUnholyPowerSpell	0127f0ec	0	008be270
CCreatureAction_CastWillForceSpell	0127b50c	11	008be290
CCreatureAction_BuildWillForceSpell	0127b674	11	008be2f0
CCreatureAction_FinishWillForceSpell	0127b87c	11	008be320
CCreatureAction_CastWillEnflameSpell	0127b9dc	11	008be350
CCreatureAction_BuildUpWillEnflameSpell	0127bb24	11	008be3a0
CCreatureAction_ReleaseWillEnflameSpell	0127bc84	11	008be3d0
CCreatureAction_CastPhysicalShieldSpell	0127bdcc	11	008be400
CCreatureAction_BuildUpPhysicalShieldSpell	0127bf34	11	008be490
CCreatureAction_ReleasePhysicalShieldSpell	0127c09c	11	008be4c0
CCreatureAction_RemovePhysicalShieldSpell	0127c1e4	11	008be4f0
CCreatureAction_CastWillTurncoatSpell	0127c35c	11	008be520
CCreatureAction_BuildWillTurncoatSpell	0127c4a4	11	008be560
CCreatureAction_FinishWillTurncoatSpell	0127c604	11	008be590
CCreatureAction_BuildDrainLifeSpell	0127c764	11	008be5c0
CCreatureAction_FinishDrainLifeSpell	0127c8c4	11	008be5f0
CCreatureAction_CastWillHealLifeSpell	0127ca4c	11	008be620
CCreatureAction_BuildHealLifeSpell	0127cbc4	11	008be660
CCreatureAction_FinishHealLifeSpell	0127cd34	11	008be690
CCreatureAction_CastWillGhostSwordSpell	0127ce7c	11	008be6c0
CCreatureAction_BuildGhostSwordSpell	0127cfe4	11	008be700
CCreatureAction_FinishGhostSwordSpell	0127d14c	11	008be730
CCreatureAction_CastWillHarvestSoulSpell	0127d2b4	11	008be760
CCreatureAction_CastWillRaiseDeadSpell	0127d41c	11	008be790
CCreatureAction_CastWillReclaimUndeadFollower	0127d5bc	11	008be7f0
CCreatureAction_CastWillSummonSpell	0127d704	11	008be870
CCreatureAction_BuildUpWillSummonSpell	0127d864	11	008be8b0
CCreatureAction_ReleaseWillSummonSpell	0127d9cc	11	008be8e0
CCreatureAction_CastWillLightningSpell	0127db2c	11	008be910
CCreatureAction_BuildUpWillLightningSpell	0127dc8c	11	008be960
CCreatureAction_ReleaseWillLightningSpell	0127ddec	11	008be990
CCreatureAction_CastWillFireballSpell	0127df4c	11	008be9c0
CCreatureAction_BuildFireballSpell	0127e094	11	008bea20
CCreatureAction_FinishFireballSpell	0127e1fc	11	008bea50
CCreatureAction_TeleportOut	0127e344	11	008bea80
CCreatureAction_TeleportIn	0127e4ac	11	008beb00
CCreatureAction_BeingForcePushed	0127e604	11	008beb40
CCreatureAction_CastDivineWrathSpell	0127e774	11	008beb70
CCreatureAction_BuildUpDivineWrathSpell	0127e8d4	11	008beba0
CCreatureAction_ReleaseDivineWrathSpell	0127ea1c	11	008bebd0
CCreatureAction_ReleaseAndLoopDivineWrathSpell	0127eb7c	11	008bec00
CCreatureAction_CastUnholyPowerSpell	0127ece4	11	008bec30
CCreatureAction_BuildUpUnholyPowerSpell	0127ee44	11	008bec60
CCreatureAction_ReleaseUnholyPowerSpell	0127ef8c	11	008bec90
CCreatureAction_ReleaseAndLoopUnholyPowerSpell	0127f0ec	11	008becc0
CCreatureAction_HobbeSpellcasterFire	01263e3c	12	008bed40
CCreatureAction_GenericLoadProjectileWeapon	0127f4cc	12	008bed80
CCreatureAction_HobbeSpellcasterAim	01263cf4	68	008bedc0
CCreatureAction_DiagonalStrafeBL	0127f9f4	12	008bede0
CCreatureAction_DiagonalStrafeBR	0127fb3c	12	008bee20
CCreatureAction_ScreamerAdvance	01262354	12	008bee60
CCreatureAction_ScreamerBackOff	0126249c	12	008beea0
CCreatureAction_Ambush	0127ff14	12	008beee0
CCreatureAction_BodgeSideStrike	0128005c	12	008bf0f0
CCreatureAction_UnblockableMidAttack	0127f8a4	12	008bf1c0
CCreatureAction_GenericFireProjectileWeapon	0127f384	3	008bf280
CCreatureAction_HobbeSpellcasterFire	01263e3c	4	008bf500
CCreatureAction_GenericLoadProjectileWeapon	0127f4cc	4	008bf6a0
CCreatureAction_GenericAimProjectileWeapon	0127f614	12	008bf740
CCreatureAction_GenericLeaderCommand	0127f75c	12	008bf800
NEntityEvents::CEventFiredShot	0127f2c0	1	008bfe60
NEntityEvents::CEventFiredShot	0127f2c0	3	008bfe70
NEntityEvents::CEventFiredShot	0127f2c0	0	008bfe80
CCreatureAction_GenericLoadProjectileWeapon	0127f4cc	74	008bff00
CCreatureAction_GenericLeaderCommand	0127f75c	74	008bff10
CCreatureAction_UnblockableMidAttack	0127f8a4	29	008bff20
CCreatureAction_UnblockableMidAttack	0127f8a4	19	008bff30
CCreatureAction_UnblockableMidAttack	0127f8a4	81	008bff40
CCreatureAction_DiagonalStrafeBL	0127f9f4	73	008bff50
CCreatureAction_DiagonalStrafeBR	0127fb3c	73	008bff60
CCreatureAction_StrafeForward	0127fc84	73	008bff70
CCreatureAction_StrafeBackward	0127fdcc	73	008bff80
CCreatureAction_Ambush	0127ff14	59	008bff90
CCreatureAction_BodgeSideStrike	0128005c	74	008bffa0
CCreatureAction_BodgeSideStrike	0128005c	63	008bffb0
CCreatureAction_GenericAimProjectileWeapon	0127f614	0	008bffc0
CCreatureAction_GenericLoadProjectileWeapon	0127f4cc	0	008bffe0
CCreatureAction_GenericFireProjectileWeapon	0127f384	0	008c0000
CCreatureAction_GenericLeaderCommand	0127f75c	0	008c0020
CCreatureAction_UnblockableMidAttack	0127f8a4	0	008c0040
CCreatureAction_DiagonalStrafeBL	0127f9f4	0	008c0060
CCreatureAction_DiagonalStrafeBR	0127fb3c	0	008c0080
CCreatureAction_StrafeForward	0127fc84	0	008c00a0
CCreatureAction_StrafeBackward	0127fdcc	0	008c00c0
CCreatureAction_Ambush	0127ff14	0	008c00e0
CCreatureAction_BodgeSideStrike	0128005c	0	008c0100
CCreatureAction_GenericAimProjectileWeapon	0127f614	11	008c0120
CCreatureAction_GenericLoadProjectileWeapon	0127f4cc	11	008c0150
CCreatureAction_GenericFireProjectileWeapon	0127f384	11	008c0180
CCreatureAction_GenericLeaderCommand	0127f75c	11	008c01b0
CCreatureAction_UnblockableMidAttack	0127f8a4	11	008c01e0
CCreatureAction_DiagonalStrafeBL	0127f9f4	11	008c0210
CCreatureAction_DiagonalStrafeBR	0127fb3c	11	008c0240
CCreatureAction_StrafeForward	0127fc84	11	008c0270
CCreatureAction_StrafeBackward	0127fdcc	11	008c02a0
CCreatureAction_Ambush	0127ff14	11	008c02d0
CCreatureAction_BodgeSideStrike	0128005c	11	008c0340
CCreatureAction_ThunderLightningStorm	01296b54	4	008c0440
CCreatureAction_JackScream	01297cb4	4	008c0450
CCreatureAction_JackOfBladesUnblockableMidAttackNoBlend	01280a44	12	008c0460
CCombatAction_WillForcePushInto	012804fc	12	008c04a0
CCombatAction_WillShieldInto	0129461c	12	008c04e0
CCombatAction_WillEnflameInto	01294764	12	008c0520
CCombatAction_WillHealInto	012948ac	12	008c0560
CCombatAction_WillHealRelease	01280644	12	008c05a0
CCreatureAction_WhisperSommersaultBackward	0129689c	12	008c05e0
CCreatureAction_WhisperSommersaultBackward	0129689c	3	008c0620
CCombatAction_Guildmaster_HealFollowersRelease	012869bc	12	008c0630
CCombatAction_Guildmaster_ShieldFollowersRelease	01286b04	12	008c0670
CCombatAction_Guildmaster_SpeedUpFollowersRelease	01286c4c	12	008c06b0
CCreatureAction_BriarRoseForcePush	01294cd4	12	008c06f0
CCreatureAction_JackFloatUp	01297f54	12	008c0730
CCreatureAction_JackFloatUp	01297f54	56	008c0790
CCreatureAction_WhisperSommersaultForward	01296754	12	008c0820
CCreatureAction_BriarRoseForcePush	01294cd4	3	008c08b0
CCreatureAction_BriarRoseShotFarOutof	012807a4	3	008c0900
CCreatureAction_WhisperSommersaultForward	01296754	4	008c0b10
CCreatureAction_WhisperSommersaultForward	01296754	3	008c0b40
CCreatureAction_ThunderLightningStorm	01296b54	12	008c0b70
CCreatureAction_JackFlash	01297744	4	008c0c00
CCreatureAction_JackScream	01297cb4	12	008c0d10
CCreatureAction_JackDeathInto	01297dfc	12	008c0ea0
CCreatureAction_JackFloatUp	01297f54	3	008c0fb0
CCreatureAction_JackFloatUp	01297f54	4	008c1180
CCreatureAction_JackFall	012980a4	12	008c11f0
CCreatureAction_JackGetUp	0128039c	4	008c1260
CCombatAction_StrikeResponseJackOfBladesIntoRush	012808ec	12	008c12d0
CCombatAction_Guildmaster_HealFollowersInto	0129846c	12	008c1900
CCombatAction_Guildmaster_HealFollowersRelease	012869bc	4	008c19b0
CCombatAction_Guildmaster_ShieldFollowersInto	012985b4	12	008c1a10
CCombatAction_Guildmaster_ShieldFollowersRelease	01286b04	4	008c1ac0
CCombatAction_Guildmaster_SpeedUpFollowersInto	012986fc	12	008c1b20
CCombatAction_Guildmaster_SpeedUpFollowersRelease	01286c4c	4	008c1bd0
CCreatureAction_BriarRoseConcentrateInto	01287904	12	008c1c30
CCreatureAction_BriarRoseConcentrateOutof	01280bb4	12	008c1e00
CCreatureAction_BriarRoseIntoInvulnerable	01294b8c	12	008c1e80
CCreatureAction_BriarRoseInvulnerableTeleport	01287a4c	12	008c1f70
CCreatureAction_JackScream	01297cb4	3	008c2240
CCreatureAction_JackFall	012980a4	4	008c2490
CCombatAction_StrikeResponseJackOfBladesIntoRush	012808ec	4	008c2550
CCombatAction_StrikeResponseMazeDoForcePush	012625e4	4	008c2810
CCombatAction_WillForcePushInto	012804fc	4	008c2980
CCombatAction_WillShieldInto	0129461c	4	008c29f0
CCombatAction_WillEnflameInto	01294764	4	008c2a80
CCombatAction_WillHealInto	012948ac	4	008c2ad0
CCreatureAction_BriarRoseShotFarInto	01294a2c	4	008c2c50
NCreatureMode::CModeBriarRoseTeleportInvulnerable	01280228	1	008c3680
NCreatureMode::CModeBriarRoseTeleportInvulnerable	01280228	4	008c3690
NCreatureMode::CModeBriarRoseTeleportInvulnerable	01280228	11	008c36a0
NCreatureMode::CModeBriarRoseTeleportInvulnerable	01280228	0	008c36b0
NCreatureMode::CModeBriarRoseTeleportIntangible	0128026c	1	008c3790
NCreatureMode::CModeBriarRoseTeleportIntangible	0128026c	4	008c37a0
NCreatureMode::CModeBriarRoseTeleportIntangible	0128026c	11	008c37b0
NCreatureMode::CModeBriarRoseTeleportIntangible	0128026c	0	008c37c0
CCreatureAction_JackGetUp	0128039c	45	008c3890
CCombatAction_WillForcePushInto	012804fc	73	008c3910
CCreatureAction_BriarRoseShotFarOutof	012807a4	73	008c3a30
CCreatureAction_BriarRoseShotFarOutof	012807a4	74	008c3a40
CCombatAction_StrikeResponseJackOfBladesIntoRush	012808ec	45	008c3a70
CCombatAction_StrikeResponseJackOfBladesIntoRush	012808ec	71	008c3a80
CCombatAction_StrikeResponseJackOfBladesIntoRush	012808ec	46	008c3a90
CCreatureAction_JackOfBladesUnblockableMidAttackNoBlend	01280a44	29	008c3aa0
CCreatureAction_JackOfBladesUnblockableMidAttackNoBlend	01280a44	19	008c3ab0
CCreatureAction_JackOfBladesUnblockableMidAttackNoBlend	01280a44	81	008c3ac0
CCreatureAction_JackOfBladesUnblockableMidAttackNoBlend	01280a44	8	008c3ad0
CCreatureAction_JackOfBladesUnblockableMidAttackNoBlend	01280a44	6	008c3ae0
CCreatureAction_JackGetUp	0128039c	0	008c3af0
CCombatAction_StrikeResponseJackOfBladesIntoRush	012808ec	0	008c3b10
CCreatureAction_JackOfBladesUnblockableMidAttackNoBlend	01280a44	0	008c3b30
CCombatAction_WillForcePushInto	012804fc	0	008c3b50
CCombatAction_WillHealRelease	01280644	0	008c3b70
CCreatureAction_BriarRoseShotFarOutof	012807a4	0	008c3b90
CCreatureAction_BriarRoseConcentrateOutof	01280bb4	0	008c3bc0
CCreatureAction_JackGetUp	0128039c	11	008c3be0
CCombatAction_StrikeResponseJackOfBladesIntoRush	012808ec	11	008c3c10
CCreatureAction_JackOfBladesUnblockableMidAttackNoBlend	01280a44	11	008c3c50
CCombatAction_WillForcePushInto	012804fc	11	008c3c80
CCombatAction_WillHealRelease	01280644	11	008c3cb0
CCreatureAction_BriarRoseShotFarOutof	012807a4	11	008c3ce0
CCreatureAction_BriarRoseConcentrateOutof	01280bb4	11	008c3d60
CCreatureAction_ScorpionCharge	01281024	56	008c3e10
CCreatureAction_ScorpionChargeStrike	01281184	12	008c3e20
CCreatureAction_ScorpionChargeStrike	01281184	4	008c3e30
CCreatureAction_ScorpionTailWithdraw	01286334	12	008c3e40
CCreatureAction_WaspQueenDie	01280d84	12	008c3e50
CCreatureAction_ScorpionTailPlunge	01286494	12	008c3e90
CCreatureAction_ScorpionRecover	01286724	12	008c3ee0
CCreatureAction_ScorpionKingDeath	0126272c	4	008c3f00
CCreatureAction_WaspQueenDie	01280d84	56	008c3f20
CCreatureAction_WaspQueenPrimaryAttack	01294efc	12	008c3f90
CCreatureAction_WaspQueenPrimaryAttack	01294efc	4	008c4020
CCreatureAction_WaspQueenLashOutAttack	0129504c	12	008c4040
CCreatureAction_WaspQueenLashOutAttack	0129504c	4	008c40d0
CCreatureAction_WaspQueenDiveAttack	01281304	4	008c40f0
CCreatureAction_ScorpionKingDeath	0126272c	12	008c4170
CCreatureAction_WaspQueenDiveAttack	01281304	12	008c4250
CCreatureAction_ScorpionUnblockableLeftTurnAttack	01298a04	12	008c42b0
CCreatureAction_ScorpionUnblockableRightTurnAttack	01298b6c	12	008c4330
CCreatureAction_ScorpionUnblockableLeftTurnAttack	01298a04	4	008c43b0
CCreatureAction_ScorpionUnblockableRightTurnAttack	01298b6c	4	008c4430
CCreatureAction_ScorpionChargeInto	01280ed4	12	008c44b0
CCreatureAction_ScorpionCharge	01281024	12	008c4680
CCreatureAction_ScorpionTailWithdraw	01286334	4	008c4780
CCreatureAction_ScorpionTailPlunge	01286494	3	008c4810
CCreatureAction_ScorpionTailPlunge	01286494	4	008c48a0
CCreatureAction_ScorpionPrepareTailPlunge	01298cd4	4	008c4990
CCreatureAction_ScorpionSummon	012865dc	12	008c4a80
CCreatureAction_ScorpionRecover	01286724	4	008c4b00
CCombatAction_StrikeResponseScorpionKing	01262874	12	008c4b80
CCreatureAction_WaspQueenDeath	012629bc	12	008c4cb0
CCreatureAction_ScorpionSummon	012865dc	4	008c52b0
CCreatureAction_WaspQueenDeath	012629bc	4	008c52c0
CCreatureAction_WaspQueenDie	01280d84	4	008c5370
CCreatureAction_ScorpionChargeInto	01280ed4	4	008c5490
CCreatureAction_ScorpionCharge	01281024	4	008c55b0
CCreatureAction_WaspQueenDie	01280d84	81	008c5b70
CCreatureAction_ScorpionChargeInto	01280ed4	29	008c5b90
CCreatureAction_ScorpionChargeInto	01280ed4	81	008c5ba0
CCreatureAction_ScorpionChargeInto	01280ed4	82	008c5bb0
CCreatureAction_ScorpionCharge	01281024	29	008c5bc0
CCreatureAction_ScorpionCharge	01281024	81	008c5bd0
CCreatureAction_ScorpionCharge	01281024	82	008c5be0
CCreatureAction_ScorpionChargeStrike	01281184	29	008c5bf0
CCreatureAction_ScorpionChargeStrike	01281184	15	008c5c00
CCreatureAction_ScorpionChargeStrike	01281184	19	008c5c10
CCreatureAction_ScorpionChargeStrike	01281184	81	008c5c20
CCreatureAction_ScorpionChargeStrike	01281184	82	008c5c30
CCreatureAction_WaspQueenDiveAttack	01281304	74	008c5c40
CCreatureAction_WaspQueenDiveAttack	01281304	81	008c5c50
CCreatureAction_ScorpionChargeInto	01280ed4	0	008c5c60
CCreatureAction_ScorpionCharge	01281024	0	008c5c90
CCreatureAction_ScorpionChargeStrike	01281184	0	008c5cb0
CCreatureAction_WaspQueenDie	01280d84	0	008c5cd0
CCreatureAction_WaspQueenDiveAttack	01281304	0	008c5cf0
CCreatureAction_ScorpionChargeInto	01280ed4	11	008c5d10
CCreatureAction_ScorpionCharge	01281024	11	008c5d90
CCreatureAction_ScorpionChargeStrike	01281184	11	008c5e10
CCreatureAction_WaspQueenDie	01280d84	11	008c5e90
CCreatureAction_WaspQueenDiveAttack	01281304	11	008c5ed0
CCreatureAction_TrollSwipe	0128e654	12	008c5f90
CCreatureAction_TrollWhackGroundBase	0128e0ec	12	008c5fd0
CCreatureAction_TrollAngryGroundPound	0128e23c	4	008c5ff0
CCreatureAction_TrollProjectileAttack	0128e3ac	81	008c6000
CCreatureAction_TrollPursue	0128ea4c	3	008c6050
CCreatureAction_WalkInto	0128ecfc	4	008c6060
CCreatureAction_RockTrollShakeAndExplode	0128154c	12	008c6070
CCreatureAction_IceTrollIcicleAttack	012960c4	12	008c60b0
CCreatureAction_IceTrollIcicleAssaultLoop	012860a4	12	008c60f0
CCreatureAction_TrollAngryGroundPound	0128e23c	12	008c6130
CCreatureAction_RockTrollFallToDeath	01262b04	12	008c6160
CCreatureAction_TrollWhackGroundBase	0128e0ec	3	008c6390
CCreatureAction_TrollAngryGroundPound	0128e23c	3	008c63a0
CCreatureAction_TrollTunnel	0128e504	3	008c63c0
CCreatureAction_TrollProjectileAttack	0128e3ac	3	008c6430
CCreatureAction_TrollThrowProjectile	01281694	12	008c64f0
CCreatureAction_TrollThrowProjectile	01281694	56	008c67a0
CCreatureAction_TrollThrowProjectile	01281694	3	008c6860
CCreatureAction_TrollThrowProjectile	01281694	4	008c6a50
CCreatureAction_TrollGroundPound	012931cc	3	008c6b20
CCreatureAction_RockTrollShakeAndExplode	0128154c	4	008c6ce0
CCreatureAction_IceTrollIcicleAttack	012960c4	3	008c6db0
CCreatureAction_IceTrollIcicleAssaultOutOf	012861ec	12	008c7200
CCreatureAction_TrollGroundPound	012931cc	12	008c7280
CCreatureAction_TrollGroundPound	012931cc	4	008c7480
CCreatureAction_RockTrollFallToDeath	01262b04	4	008c74f0
CCreatureAction_IceTrollIcicleAssaultInto	0129620c	12	008c7600
CCreatureAction_TrollThrowProjectile	01281694	81	008c7cc0
CCreatureAction_TrollThrowProjectile	01281694	73	008c7cd0
CCreatureAction_TrollThrowProjectile	01281694	78	008c7ce0
CCreatureAction_TrollThrowProjectile	01281694	8	008c7cf0
CCreatureAction_TrollThrowProjectile	01281694	0	008c7d00
CCreatureAction_RockTrollShakeAndExplode	0128154c	0	008c7d30
CCreatureAction_TrollThrowProjectile	01281694	11	008c7d50
CCreatureAction_RockTrollShakeAndExplode	0128154c	11	008c7e00
CCreatureAction_BanditKingLunge	01295f64	12	008c7f00
CCreatureAction_BanditKingLunge	01295f64	68	008c7f40
CCreatureAction_BanditKingAttack	01281b0c	46	008c8080
CCreatureAction_BanditKingStuck	01281c54	46	008c80e0
CCreatureAction_BanditKingUnstuck	01281d9c	46	008c8130
CCreatureAction_BanditKingLunge	01295f64	3	008c8180
CCreatureAction_BanditKingStuck	01281c54	12	008c8380
CCreatureAction_BanditKingUnstuck	01281d9c	12	008c8550
CCreatureAction_BanditKingStuckGetHit	01281ee4	12	008c87a0
CCreatureAction_BanditKingChangeWeapons	0128180c	3	008c8960
CCreatureAction_BanditKingThrowWeapons	0128193c	3	008c89d0
CCreatureAction_BanditKingLunge	01295f64	4	008c8c30
CCreatureAction_BanditKingStuck	01281c54	4	008c8f70
CCreatureAction_BanditKingStuckGetHit	01281ee4	4	008c91e0
CCreatureAction_BanditKingGetHit	01263bac	4	008c92c0
CCreatureAction_BanditKingChangeWeapons	0128180c	0	008c93b0
CCreatureAction_BanditKingThrowWeapons	0128193c	70	008c93d0
CCreatureAction_BanditKingThrowWeapons	0128193c	0	008c93e0
CCreatureAction_BanditKingAttack	01281b0c	19	008c9490
CCreatureAction_BanditKingAttack	01281b0c	29	008c94a0
CCreatureAction_BanditKingAttack	01281b0c	73	008c94b0
CCreatureAction_BanditKingStuck	01281c54	8	008c9560
CCreatureAction_BanditKingStuck	01281c54	24	008c9570
CCreatureAction_BanditKingUnstuck	01281d9c	8	008c9600
CCreatureAction_BanditKingUnstuck	01281d9c	19	008c9610
CCreatureAction_BanditKingAttack	01281b0c	0	008c9670
CCreatureAction_BanditKingStuck	01281c54	0	008c9690
CCreatureAction_BanditKingUnstuck	01281d9c	0	008c96d0
CCreatureAction_BanditKingStuckGetHit	01281ee4	0	008c96f0
CCreatureAction_BanditKingChangeWeapons	0128180c	11	008c9720
CCreatureAction_BanditKingThrowWeapons	0128193c	11	008c9760
CCreatureAction_BanditKingAttack	01281b0c	11	008c97e0
CCreatureAction_BanditKingStuck	01281c54	11	008c9830
CCreatureAction_BanditKingUnstuck	01281d9c	11	008c98e0
CCreatureAction_BanditKingStuckGetHit	01281ee4	11	008c9930
CCreatureAction_HobbeLungeAttack	0128206c	12	008c9980
CCreatureAction_HobbeSpellcasterAim	01263cf4	4	008c99c0
CCreatureAction_HobbeSpellcasterAim	01263cf4	12	008c9ba0
CCreatureAction_HobbeSpellcasterFire	01263e3c	3	008c9c80
CCreatureAction_HobbeLungeAttack	0128206c	19	008c9d40
CCreatureAction_HobbeLungeAttack	0128206c	29	008c9d50
CCreatureAction_HobbeLungeAttack	0128206c	74	008c9d60
CCreatureAction_HobbeLungeAttack	0128206c	0	008c9d70
CCreatureAction_HobbeLungeAttack	0128206c	11	008c9d90
CCreatureAction_NymphGetHit	01263f84	68	008c9dd0
CCreatureAction_NymphSummonInto	0128220c	12	008c9df0
CCreatureAction_NymphSummonOutOf	01282354	4	008c9e40
CCreatureAction_NymphGetHit	01263f84	56	008c9e60
CCreatureAction_NymphGetHitDie	012640cc	56	008c9f40
CCreatureAction_NymphGetHitDie	012640cc	4	008c9fc0
CCreatureAction_NymphTeleportIntoLimbo	012828a4	3	008ca110
CCreatureAction_NymphTeleportOutOfLimbo	01282a04	12	008ca170
CCreatureAction_NymphGetHit	01263f84	12	008ca220
CCreatureAction_NymphGetHit	01263f84	3	008ca310
CCreatureAction_NymphGetHitDie	012640cc	12	008ca4a0
CCreatureAction_NymphSummonInto	0128220c	74	008ca8d0
CCreatureAction_NymphShot	012824b4	73	008ca8e0
CCreatureAction_NymphShot	012824b4	78	008ca8f0
CCreatureAction_NymphShot	012824b4	15	008ca900
CCreatureAction_NymphIdleAfterShot	012825fc	73	008ca910
CCreatureAction_NymphTeleportLimboBase	01282754	81	008ca920
CCreatureAction_NymphTeleportLimboBase	01282754	45	008ca930
CCreatureAction_NymphTeleportLimboBase	01282754	73	008ca940
CCreatureAction_NymphTeleportLimboBase	01282754	78	008ca950
CCreatureAction_NymphTeleportLimboBase	01282754	0	008ca960
CCreatureAction_NymphSummonInto	0128220c	0	008ca980
CCreatureAction_NymphSummonOutOf	01282354	0	008ca9a0
CCreatureAction_NymphTeleportIntoLimbo	012828a4	0	008ca9c0
CCreatureAction_NymphTeleportOutOfLimbo	01282a04	0	008ca9e0
CCreatureAction_NymphShot	012824b4	0	008caa00
CCreatureAction_NymphIdleAfterShot	012825fc	0	008caa20
CCreatureAction_NymphSummonInto	0128220c	11	008caa40
CCreatureAction_NymphSummonOutOf	01282354	11	008caa70
CCreatureAction_NymphTeleportOutOfLimbo	01282a04	11	008caaa0
CCreatureAction_NymphShot	012824b4	11	008cab10
CCreatureAction_NymphIdleAfterShot	012825fc	11	008cab40
CCreatureAction_NymphTeleportIntoLimbo	012828a4	11	008cab70
CCreatureAction_SummonerLightningOrbInto	012830ec	4	008cabe0
CCreatureAction_SummonerLightningOrbOutOf	01283234	12	008cac00
CCreatureAction_SummonerLightningOrbOutOfGroundSmash	0128337c	12	008cac40
CCreatureAction_SummonerStrike	0126435c	12	008cac80
CCreatureAction_SummonerDie	012644a4	12	008cacc0
CCreatureAction_SummonerDead	01287174	4	008cad00
CCreatureAction_SummonerFlameSlice	01264214	4	008cad10
CCreatureAction_SummonerLightningOrbInto	012830ec	56	008cad50
CCreatureAction_SummonerFlameSlice	01264214	56	008caf10
CCreatureAction_SummonerFlameSlice	01264214	3	008cafa0
CCreatureAction_SummonerSummonInto	01282e34	4	008cb060
CCreatureAction_SummonerSummonOutOf	01282f8c	12	008cb120
CCreatureAction_SummonerLightningOrbInto	012830ec	3	008cb1a0
CCreatureAction_SummonerLightningOrbOutOf	01283234	3	008cb250
CCreatureAction_SummonerLightningOrbOutOf	01283234	4	008cb4a0
CCreatureAction_SummonerLightningOrbOutOfGroundSmash	0128337c	3	008cb500
CCreatureAction_SummonerLightningOrbOutOfGroundSmash	0128337c	4	008cb5c0
CCreatureAction_SummonerUnsheatheStrike	012834c4	12	008cb620
CCreatureAction_SummonerUnsheatheStrike	012834c4	3	008cb6e0
CCreatureAction_SummonerSheatheWeapon	0128360c	3	008cb780
CCreatureAction_SummonerDie	012644a4	4	008cb8f0
CCreatureAction_SummonerDead	01287174	12	008cb940
CCreatureAction_SummonerFlameSlice	01264214	12	008cbb90
NCreatureMode::CModeSummonerSummon	01282ba0	1	008cc160
NCreatureMode::CModeSummonerSummon	01282ba0	4	008cc170
NCreatureMode::CModeSummonerLightningOrb	01282bdc	1	008cc240
NCreatureMode::CModeSummonerLightningOrb	01282bdc	4	008cc250
NCreatureMode::CModeSummonerLightningOrb	01282bdc	0	008cc260
NCreatureMode::CModeSummonerSummon	01282ba0	0	008cc310
CCreatureAction_SummonerUnsheatheStrike	012834c4	19	008cc3c0
CCreatureAction_SummonerUnsheatheStrike	012834c4	29	008cc3d0
CCreatureAction_SummonerUnsheatheStrike	012834c4	74	008cc3e0
CCreatureAction_SheatheWeapons	01282cec	0	008cc3f0
CCreatureAction_SummonerSummonInto	01282e34	0	008cc410
CCreatureAction_SummonerSummonOutOf	01282f8c	0	008cc430
CCreatureAction_SummonerLightningOrbInto	012830ec	0	008cc450
CCreatureAction_SummonerLightningOrbOutOf	01283234	0	008cc480
CCreatureAction_SummonerLightningOrbOutOfGroundSmash	0128337c	0	008cc4a0
CCreatureAction_SummonerUnsheatheStrike	012834c4	0	008cc4c0
CCreatureAction_SummonerSheatheWeapon	0128360c	0	008cc4e0
CCreatureAction_SheatheWeapons	01282cec	11	008cc500
CCreatureAction_SummonerSummonInto	01282e34	11	008cc540
CCreatureAction_SummonerSummonOutOf	01282f8c	11	008cc570
CCreatureAction_SummonerLightningOrbInto	012830ec	11	008cc5a0
CCreatureAction_SummonerLightningOrbOutOf	01283234	11	008cc5f0
CCreatureAction_SummonerLightningOrbOutOfGroundSmash	0128337c	11	008cc620
CCreatureAction_SummonerUnsheatheStrike	012834c4	11	008cc650
CCreatureAction_SummonerSheatheWeapon	0128360c	11	008cc6a0
CCreatureAction_BalverineBreakOffFromCombat	01283ba4	12	008cc720
CCreatureAction_BalverineBreakOffFromCombatLong	01283cec	12	008cc760
CCreatureAction_BalverineCorneredJumpIntoSky	012837c4	56	008cc7a0
CCreatureAction_BalverineDropInFromSky	0128390c	56	008cc820
CCreatureAction_BalverineLungeAttack	01283a54	4	008cc8a0
CCreatureAction_BalverineLungeAttack	01283a54	12	008cc8e0
CCreatureAction_BalverineCorneredJumpIntoSky	012837c4	12	008cc9c0
CCreatureAction_BalverineDropInFromSky	0128390c	12	008cca60
CCreatureAction_BalverineDropInFromSky	0128390c	4	008ccb00
CCreatureAction_BalverineCorneredJumpIntoSky	012837c4	4	008ccd70
CCreatureAction_BalverineCorneredJumpIntoSky	012837c4	74	008cd190
CCreatureAction_BalverineCorneredJumpIntoSky	012837c4	59	008cd1a0
CCreatureAction_BalverineCorneredJumpIntoSky	012837c4	46	008cd1b0
CCreatureAction_BalverineCorneredJumpIntoSky	012837c4	8	008cd1c0
CCreatureAction_BalverineCorneredJumpIntoSky	012837c4	6	008cd1d0
CCreatureAction_BalverineDropInFromSky	0128390c	8	008cd1e0
CCreatureAction_BalverineDropInFromSky	0128390c	6	008cd1f0
CCreatureAction_BalverineDropInFromSky	0128390c	74	008cd200
CCreatureAction_BalverineLungeAttack	01283a54	19	008cd210
CCreatureAction_BalverineLungeAttack	01283a54	74	008cd220
CCreatureAction_BalverineLungeAttack	01283a54	81	008cd230
CCreatureAction_BalverineBreakOffFromCombat	01283ba4	74	008cd240
CCreatureAction_BalverineBreakOffFromCombatLong	01283cec	74	008cd250
CCreatureAction_BalverineDropInFromSky	0128390c	0	008cd260
CCreatureAction_BalverineCorneredJumpIntoSky	012837c4	0	008cd280
CCreatureAction_BalverineLungeAttack	01283a54	0	008cd2a0
CCreatureAction_BalverineBreakOffFromCombat	01283ba4	0	008cd2c0
CCreatureAction_BalverineBreakOffFromCombatLong	01283cec	0	008cd2e0
CCreatureAction_BalverineDropInFromSky	0128390c	11	008cd300
CCreatureAction_BalverineCorneredJumpIntoSky	012837c4	11	008cd330
CCreatureAction_BalverineLungeAttack	01283a54	11	008cd370
CCreatureAction_BalverineBreakOffFromCombat	01283ba4	11	008cd3a0
CCreatureAction_BalverineBreakOffFromCombatLong	01283cec	11	008cd3d0
CCreatureAction_ReleaseTimeSpell	012840f4	12	008cd450
CCreatureAction_CastSkillMultiArrow	01284bdc	3	008cd460
CCreatureAction_CastAssassinRush	01284254	12	008cd470
CCreatureAction_CastBattleCharge	0128439c	12	008cd5a0
CCreatureAction_CastTimeSpell	01283e4c	12	008cd730
CCreatureAction_BattleChargeImpact	01284664	4	008cd820
CCreatureAction_BattleChargeMiss	012847c4	4	008cda30
CCreatureAction_CastSkillMultiArrow	01284bdc	12	008cdc40
CCreatureAction_CastSkillMultiArrow	01284bdc	4	008cdcf0
CCreatureAction_ReleaseTimeSpell	012840f4	4	008cdd40
CCreatureAction_CastTimeSpell	01283e4c	3	008ceb90
CCreatureAction_BuildUpTimeSpell	01283f94	3	008ceba0
CCreatureAction_ReleaseTimeSpell	012840f4	3	008cebb0
CCreatureAction_ReleaseTimeSpell	012840f4	46	008cebc0
CCreatureAction_ReleaseTimeSpell	012840f4	47	008cebd0
CCreatureAction_CastAssassinRush	01284254	3	008cebe0
CCreatureAction_CastBattleCharge	0128439c	3	008cebf0
CCreatureAction_BuildUpBattleCharge	012844e4	3	008cec00
CCreatureAction_BuildUpBattleCharge	012844e4	74	008cec10
CCreatureAction_BuildUpBattleCharge	012844e4	73	008cec20
CCreatureAction_BattleChargeImpact	01284664	3	008cec30
CCreatureAction_BattleChargeImpact	01284664	29	008cec40
CCreatureAction_BattleChargeImpact	01284664	47	008cec50
CCreatureAction_BattleChargeImpact	01284664	46	008cec60
CCreatureAction_BattleChargeMiss	012847c4	3	008cec70
CCreatureAction_BattleChargeMiss	012847c4	47	008cec80
CCreatureAction_BattleChargeMiss	012847c4	46	008cec90
CCreatureAction_BattleChargeTurnLeft	0128490c	3	008ceca0
CCreatureAction_BattleChargeTurnRight	01284a74	3	008cecb0
CCreatureAction_CastTimeSpell	01283e4c	0	008cecc0
CCreatureAction_BuildUpTimeSpell	01283f94	0	008cece0
CCreatureAction_ReleaseTimeSpell	012840f4	0	008ced00
CCreatureAction_CastAssassinRush	01284254	0	008ced20
CCreatureAction_CastBattleCharge	0128439c	0	008ced50
CCreatureAction_BuildUpBattleCharge	012844e4	0	008ced70
CCreatureAction_BattleChargeImpact	01284664	0	008ced90
CCreatureAction_BattleChargeMiss	012847c4	0	008cedd0
CCreatureAction_BattleChargeTurnLeft	0128490c	0	008cee10
CCreatureAction_BattleChargeTurnRight	01284a74	0	008cee30
CCreatureAction_CastSkillMultiArrow	01284bdc	0	008cee50
CCreatureAction_CastTimeSpell	01283e4c	11	008cee70
CCreatureAction_BuildUpTimeSpell	01283f94	11	008ceeb0
CCreatureAction_ReleaseTimeSpell	012840f4	11	008ceee0
CCreatureAction_CastAssassinRush	01284254	11	008cef20
CCreatureAction_CastBattleCharge	0128439c	11	008ceff0
CCreatureAction_BuildUpBattleCharge	012844e4	11	008cf090
CCreatureAction_BattleChargeImpact	01284664	11	008cf0c0
CCreatureAction_BattleChargeMiss	012847c4	11	008cf160
CCreatureAction_BattleChargeTurnLeft	0128490c	11	008cf200
CCreatureAction_BattleChargeTurnRight	01284a74	11	008cf230
CCreatureAction_CastSkillMultiArrow	01284bdc	11	008cf260
CCreatureAction_TentacleIdle	01284dac	12	008cf2a0
CCreatureAction_TentacleStrikeGetHit	01285184	12	008cf2e0
CCreatureAction_TentacleRise	01290304	12	008cf320
CCreatureAction_TentacleStrikeLoop	01284ef4	12	008cf370
CCreatureAction_TentacleStrikeInto	0129044c	12	008cf3d0
CCreatureAction_TentacleStrikeLoop	01284ef4	56	008cf460
CCreatureAction_TentacleStrikeOutOf	0128503c	12	008cf540
CCreatureAction_TentacleRise	01290304	4	008cf610
CCreatureAction_TentacleStrikeInto	0129044c	4	008cf700
CCreatureAction_TentacleStrikeLoop	01284ef4	4	008cf7d0
CCreatureAction_TentacleIdle	01284dac	57	008cf960
CCreatureAction_TentacleIdle	01284dac	59	008cf970
CCreatureAction_TentacleStrikeLoop	01284ef4	57	008cf9e0
CCreatureAction_TentacleStrikeLoop	01284ef4	59	008cf9f0
CCreatureAction_TentacleStrikeOutOf	0128503c	45	008cfa50
CCreatureAction_TentacleStrikeOutOf	0128503c	57	008cfa60
CCreatureAction_TentacleStrikeOutOf	0128503c	59	008cfa70
CCreatureAction_TentacleStrikeOutOf	0128503c	24	008cfa80
CCreatureAction_TentacleStrikeGetHit	01285184	57	008cfaa0
CCreatureAction_TentacleStrikeGetHit	01285184	59	008cfab0
CCreatureAction_TentacleIdle	01284dac	0	008cfac0
CCreatureAction_TentacleStrikeLoop	01284ef4	0	008cfae0
CCreatureAction_TentacleStrikeOutOf	0128503c	0	008cfb00
CCreatureAction_TentacleStrikeGetHit	01285184	0	008cfb20
CCreatureAction_TentacleIdle	01284dac	11	008cfb40
CCreatureAction_TentacleStrikeLoop	01284ef4	11	008cfb70
CCreatureAction_TentacleStrikeOutOf	0128503c	11	008cfbd0
CCreatureAction_TentacleStrikeGetHit	01285184	11	008cfc00
CGameScriptThing	012852cc	1	008cfdf0
CGameScriptThing	012852cc	3	008cfe00
CGameScriptThing	012852cc	6	008cfe20
CGameScriptThing	012852cc	7	008cfe30
CGameScriptThing	012852cc	8	008cfe50
CGameScriptThing	012852cc	9	008cfeb0
CGameScriptThing	012852cc	10	008cff10
CGameScriptThing	012852cc	12	008cff20
CGameScriptThing	012852cc	61	008cff30
CGameScriptThing	012852cc	77	008d0110
CGameScriptThing	012852cc	71	008d0200
CGameScriptThing	012852cc	2	008d02c0
CGameScriptThing	012852cc	4	008d0350
CGameScriptThing	012852cc	70	008d03a0
CGameScriptThing	012852cc	5	008d03e0
CGameScriptThing	012852cc	11	008d0440
CGameScriptThing	012852cc	13	008d0470
CGameScriptThing	012852cc	75	008d04b0
CGameScriptThing	012852cc	18	008d04e0
CGameScriptThing	012852cc	19	008d0610
CGameScriptThing	012852cc	62	008d06c0
CGameScriptThing	012852cc	63	008d0730
CGameScriptThing	012852cc	64	008d0820
CGameScriptThing	012852cc	65	008d08a0
CGameScriptThing	012852cc	67	008d0960
CGameScriptThing	012852cc	68	008d09d0
CGameScriptThing	012852cc	69	008d0a40
CGameScriptThing	012852cc	14	008d0ac0
CGameScriptThing	012852cc	15	008d0b30
CGameScriptThing	012852cc	16	008d0ba0
CGameScriptThing	012852cc	17	008d0c50
CGameScriptThing	012852cc	20	008d0e00
CGameScriptThing	012852cc	21	008d0fb0
CGameScriptThing	012852cc	24	008d1130
CGameScriptThing	012852cc	22	008d1330
CGameScriptThing	012852cc	23	008d1440
CGameScriptThing	012852cc	25	008d15b0
CGameScriptThing	012852cc	56	008d16d0
CGameScriptThing	012852cc	57	008d17b0
CGameScriptThing	012852cc	26	008d1890
CGameScriptThing	012852cc	27	008d19a0
CGameScriptThing	012852cc	28	008d1b80
CGameScriptThing	012852cc	29	008d1ca0
CGameScriptThing	012852cc	30	008d1dd0
CGameScriptThing	012852cc	31	008d1ef0
CGameScriptThing	012852cc	32	008d1fd0
CGameScriptThing	012852cc	33	008d21b0
CGameScriptThing	012852cc	34	008d22d0
CGameScriptThing	012852cc	35	008d23c0
CGameScriptThing	012852cc	36	008d2540
CGameScriptThing	012852cc	37	008d2610
CGameScriptThing	012852cc	38	008d2700
CGameScriptThing	012852cc	39	008d27e0
CGameScriptThing	012852cc	40	008d28d0
CGameScriptThing	012852cc	41	008d29c0
CGameScriptThing	012852cc	42	008d2bb0
CGameScriptThing	012852cc	43	008d2d90
CGameScriptThing	012852cc	44	008d2f80
CGameScriptThing	012852cc	45	008d3170
CGameScriptThing	012852cc	46	008d3250
CGameScriptThing	012852cc	47	008d3350
CGameScriptThing	012852cc	48	008d3450
CGameScriptThing	012852cc	49	008d3550
CGameScriptThing	012852cc	50	008d3650
CGameScriptThing	012852cc	51	008d3750
CGameScriptThing	012852cc	52	008d3850
CGameScriptThing	012852cc	53	008d3930
CGameScriptThing	012852cc	54	008d3a10
CGameScriptThing	012852cc	58	008d3af0
CGameScriptThing	012852cc	59	008d3bf0
CGameScriptThing	012852cc	60	008d3cf0
CGameScriptThing	012852cc	55	008d3dd0
CGameScriptThing	012852cc	72	008d4670
CGameScriptThing	012852cc	73	008d4680
CGameScriptThing	012852cc	74	008d4690
CGameScriptThing	012852cc	78	008d46a0
CGameScriptThing	012852cc	0	008d4720
CCreatureAction_FireMissileWeapon	01285424	56	008d5000
CCreatureAction_FireMissileWeapon	01285424	9	008d51d0
CCreatureAction_ReloadMissileWeapon	012656a4	3	008d5300
CCreatureAction_ReloadMissileWeapon	012656a4	4	008d5480
CCreatureAction_FireMissileWeapon	01285424	12	008d55a0
CCreatureAction_FireMissileWeapon	01285424	4	008d5960
CCreatureAction_FireMissileTest	01285544	3	008d5970
CCreatureAction_FireMissileWeapon	01285424	3	008d5aa0
CCreatureAction_FireMissileTest	01285544	0	008d60f0
CCreatureAction_FireMissileWeapon	01285424	0	008d6140
CCreatureAction_FireMissileWeapon	01285424	11	008d62f0
CCreatureAction_FireMissileTest	01285544	11	008d63c0
NCreatureMode::CModeCarryingPlateStand	01267aa0	12	008d6540
NCreatureMode::CModeSitChair	01267b74	5	008d6580
NCreatureMode::CModeBlock	01267c3c	4	008d6610
NCreatureMode::CModeOutOfActionBase	0126743c	3	008d6620
NCreatureMode::CModeDazed	01267cc4	13	008d6650
NCreatureMode::CModeDazed	01267cc4	14	008d6660
NCreatureMode::CModeStunned	01267c74	13	008d6670
NCreatureMode::CModeStunned	01267c74	14	008d6680
NCreatureMode::CModeCreatureIsProjectile	01285728	5	008d6690
NCreatureMode::CModeUnderground	01267e38	5	008d66e0
NCreatureMode::CModeUnderground	01267e38	6	008d6710
NCreatureMode::CModeKnockedDown	01267e78	6	008d6740
NCreatureMode::CModeExplosiveForcePushed	012770b4	5	008d6760
NCreatureMode::CModeExplosiveForcePushed	012770b4	3	008d6770
NCreatureMode::CModeExplosiveForcePushed	012770b4	2	008d6780
NCreatureMode::CModeExplosiveForcePushed	012770b4	6	008d6820
NCreatureMode::CModeBerserk	01267f00	6	008d6830
NCreatureMode::CModeRockTrollVulnerable	01285774	6	008d6840
NCreatureMode::CModeIceTrollGroundSmashIcicleAssault	01268774	2	008d6850
NCreatureMode::CModeJackOfBladesDeath	01267da8	5	008d6860
NCreatureMode::CModeJackOfBladesDeath	01267da8	6	008d6890
NCreatureMode::CModeDrained	01268234	5	008d68a0
NCreatureMode::CModeSummonerSummon	01282ba0	5	008d68e0
NCreatureMode::CModeSummonerSummon	01282ba0	6	008d6900
NCreatureMode::CModeSummonerDie	012682ec	5	008d6920
NCreatureMode::CModeSummonerDie	012682ec	6	008d6950
NCreatureMode::CModeChargeForcePush	01268328	5	008d6960
NCreatureMode::CModeChargeForcePush	01268328	6	008d6980
NCreatureMode::CModeGuildmasterPowerUpHeal	012685bc	6	008d69a0
NCreatureMode::CModeDragonLanded	012683a8	6	008d69c0
NCreatureMode::CModeDragonGetHit	012683e4	6	008d69d0
NCreatureMode::CModeDragonRearUp	01268420	5	008d69f0
NCreatureMode::CModeDragonRearUp	01268420	6	008d6a10
NCreatureMode::CModeDragonHover	0126845c	5	008d6a30
NCreatureMode::CModeDragonFireBeam	01285900	5	008d6a50
NCreatureMode::CModeHitByEpicSpell	01268498	5	008d6a80
NCreatureMode::CModeHitByEpicSpell	01268498	6	008d6aa0
NCreatureMode::CModeSitChair	01267b74	2	008d6ac0
NCreatureMode::CModeSitChair	01267b74	3	008d6c80
NCreatureMode::CModeSleepBed	01275760	2	008d6cb0
NCreatureMode::CModeSleepBed	01275760	3	008d6d40
NCreatureMode::CModeBlock	01267c3c	6	008d6d70
NCreatureMode::CModeConversation	01285990	2	008d6da0
NCreatureMode::CModeForcePushed	01267ebc	2	008d6e80
NCreatureMode::CModeRockTrollVulnerable	01285774	2	008d6f20
NCreatureMode::CModeDragonHover	0126845c	2	008d6ff0
NCreatureMode::CModeDragonFlyingBase	01268658	2	008d70a0
NCreatureMode::CModeOutOfActionBase	0126743c	5	008d7270
NCreatureMode::CModeDragonLanded	012683a8	5	008d74b0
NCreatureMode::CModeDragonGetHit	012683e4	5	008d7510
NCreatureMode::CModeWading	01267f48	3	008d75d0
NCreatureMode::CModeIceTrollGroundSmashIcicleAssault	01268774	5	008d7630
NCreatureMode::CModeJackOfBladesFloat	01267d10	6	008d7730
NCreatureMode::CModeJackOfBladesScream	01267d5c	3	008d77a0
NCreatureMode::CModeJackOfBladesScream	01267d5c	6	008d78e0
NCreatureMode::CModeScorpionKingTailPlunge	01285860	6	008d7930
NCreatureMode::CModeScreamerSuperAttack	01278338	6	008d79a0
NCreatureMode::CModeSummonerLightningOrb	01282bdc	6	008d79f0
NCreatureMode::CModeGuildmasterPowerUpShield	012685f0	6	008d7a90
NCreatureMode::CModeGuildmasterPowerUpSpeed	01268624	6	008d7b20
NCreatureMode::CModeJackOfBladesFlash	012857a8	5	008d7f10
NCreatureMode::CModeScreamerSuperAttack	01278338	5	008d8330
NCreatureMode::CModeCarryingWeaponStand	012856e4	5	008d87c0
NCreatureMode::CModeCarryingStandBase	01267400	3	008d88a0
NCreatureMode::CModeCarryingStandBase	01267400	6	008d8960
NCreatureMode::CModeCrouch	01267b34	5	008d89c0
NCreatureMode::CModeCrouch	01267b34	6	008d8ab0
NCreatureMode::CModeCrouch	01267b34	2	008d8b00
NCreatureMode::CModeBlock	01267c3c	5	008d8ce0
NCreatureMode::CModeBlock	01267c3c	2	008d8dd0
NCreatureMode::CModeBlock	01267c3c	3	008d8ea0
NCreatureMode::CModeOutOfActionBase	0126743c	6	008d8f30
NCreatureMode::CModeStunned	01267c74	12	008d8fe0
NCreatureMode::CModeStunned	01267c74	6	008d9060
NCreatureMode::CModeCreatureIsProjectile	01285728	6	008d90b0
NCreatureMode::CModeConversation	01285990	3	008d9350
NCreatureMode::CModeConversation	01285990	6	008d93c0
NCreatureMode::CModeUnderground	01267e38	3	008d9410
NCreatureMode::CModeKnockedDown	01267e78	5	008d9480
NCreatureMode::CModeBerserk	01267f00	3	008d9530
NCreatureMode::CModeIceTrollGroundSmashIcicleAssault	01268774	6	008d9650
NCreatureMode::CModeJackOfBladesFloat	01267d10	5	008d9740
NCreatureMode::CModeJackOfBladesScream	01267d5c	5	008d9870
NCreatureMode::CModeJackOfBladesDeath	01267da8	3	008d99b0
NCreatureMode::CModeScorpionKingVulnerable	0128582c	2	008d9b00
NCreatureMode::CModeScorpionKingVulnerable	0128582c	6	008d9ca0
NCreatureMode::CModeScorpionKingTailPlunge	01285860	5	008d9e30
NCreatureMode::CModeScorpionKingExhausted	012858a0	5	008da2e0
NCreatureMode::CModeScorpionKingExhausted	012858a0	6	008da3b0
NCreatureMode::CModeScreamerAggressive	012681ec	5	008da410
NCreatureMode::CModeScreamerAggressive	012681ec	3	008da610
NCreatureMode::CModeScreamerAggressive	012681ec	6	008da690
NCreatureMode::CModeDrained	01268234	6	008da7a0
NCreatureMode::CModeDrained	01268234	3	008da890
NCreatureMode::CModeSummonerLightningOrb	01282bdc	5	008dae10
NCreatureMode::CModeDragonLanded	012683a8	3	008db240
NCreatureMode::CModeDragonHover	0126845c	3	008db460
NCreatureMode::CModeDragonFireBeam	01285900	6	008dbb00
NCreatureMode::CModeDragonFlying	0126868c	5	008dbb30
NCreatureMode::CModeDragonFlying	0126868c	3	008dbc80
NCreatureMode::CModeDragonFlying	0126868c	6	008dc590
NCreatureMode::CModeDragonStrafe	012686c8	5	008dc600
NCreatureMode::CModeDragonStrafe	012686c8	6	008dc660
NCreatureMode::CModeDragonStrafeBurninate	01268718	5	008dc6c0
NCreatureMode::CModeDragonStrafeBurninate	01268718	6	008dcb00
NCreatureMode::CModeScorpionKingVulnerable	0128582c	5	008dd0f0
NCreatureMode::CModeThunderLightningStorm	01267df4	5	008dd6e0
NCreatureMode::CModeGuildmasterPowerUpHeal	012685bc	5	008ddd70
NCreatureMode::CModeDragonStrafeBurninate	01268718	3	008de080
NCreatureMode::CModeDazed	01267cc4	15	008de620
NCreatureMode::CModeStunned	01267c74	15	008de650
NCreatureMode::CModeRockTrollVulnerable	01285774	5	008de6a0
NCreatureMode::CModeIceTrollGroundSmashIcicleAssault	01268774	3	008de7a0
NCreatureMode::CModeJackOfBladesFlash	012857a8	3	008dec80
NCreatureMode::CModeJackOfBladesFlash	012857a8	6	008df310
NCreatureMode::CModeThunderLightningStorm	01267df4	6	008df680
NCreatureMode::CModeSummonerSummon	01282ba0	3	008df9c0
NCreatureMode::CModeSummonerLightningOrb	01282bdc	3	008dfb00
NCreatureMode::CModeSummonerDie	012682ec	3	008dfef0
NCreatureMode::CModeChargeForcePush	01268328	3	008dff50
NCreatureMode::CModeGuildmasterPowerUpHeal	012685bc	3	008dffd0
NCreatureMode::CModeGuildmasterPowerUpShield	012685f0	5	008e0060
NCreatureMode::CModeGuildmasterPowerUpSpeed	01268624	5	008e03b0
NCreatureMode::CModeDragonGetHit	012683e4	3	008e06e0
NCreatureMode::CModeDragonRearUp	01268420	3	008e0730
NCreatureMode::CModeDragonFireBeam	01285900	3	008e0780
NCreatureMode::CModeDragonStrafe	012686c8	3	008e07f0
NCreatureMode::CModeRockTrollVulnerable	01285774	3	008e0990
NCreatureMode::CModeScorpionKingVulnerable	0128582c	3	008e0a10
NCreatureMode::CModeScorpionKingTailPlunge	01285860	3	008e0d20
NCreatureMode::CModeScorpionKingExhausted	012858a0	3	008e10e0
NCreatureMode::CModeCreatureIsProjectile	01285728	3	008e1670
NCreatureMode::CModeScreamerSuperAttack	01278338	3	008e16a0
NCreatureMode::CModeGuildmasterPowerUpShield	012685f0	3	008e20f0
NCreatureMode::CModeGuildmasterPowerUpSpeed	01268624	3	008e24f0
NCreatureMode::CModeThunderLightningStorm	01267df4	3	008e28f0
NCreatureMode::CModeSitBase	01285698	0	008e3570
NCreatureMode::CModeCarryingWeaponStand	012856e4	1	008e35d0
NCreatureMode::CModeCarryingWeaponStand	012856e4	4	008e35e0
NCreatureMode::CModeCarryingWeaponStand	012856e4	9	008e35f0
NCreatureMode::CModeCarryingWeaponStand	012856e4	12	008e3600
NCreatureMode::CModeCarryingWeaponStand	012856e4	0	008e3610
NCreatureMode::CModeCreatureIsProjectile	01285728	1	008e3640
NCreatureMode::CModeCreatureIsProjectile	01285728	4	008e3650
NCreatureMode::CModeCreatureIsProjectile	01285728	0	008e3660
NCreatureMode::CModeRockTrollVulnerable	01285774	1	008e3690
NCreatureMode::CModeRockTrollVulnerable	01285774	4	008e36a0
NCreatureMode::CModeRockTrollVulnerable	01285774	0	008e36b0
NCreatureMode::CModeJackOfBladesFlash	012857a8	1	008e36e0
NCreatureMode::CModeJackOfBladesFlash	012857a8	4	008e36f0
NCreatureMode::CModeJackOfBladesFlash	012857a8	0	008e3700
NCreatureMode::CModeScorpionKingVulnerable	0128582c	1	008e3760
NCreatureMode::CModeScorpionKingVulnerable	0128582c	4	008e3770
NCreatureMode::CModeScorpionKingTailPlunge	01285860	1	008e3780
NCreatureMode::CModeScorpionKingTailPlunge	01285860	4	008e3790
NCreatureMode::CModeScorpionKingTailPlunge	01285860	0	008e37a0
NCreatureMode::CModeScorpionKingExhausted	012858a0	1	008e3800
NCreatureMode::CModeScorpionKingExhausted	012858a0	4	008e3810
NCreatureMode::CModeScorpionKingExhausted	012858a0	0	008e3820
NCreatureMode::CModeDragonFireBeam	01285900	1	008e3850
NCreatureMode::CModeDragonFireBeam	01285900	0	008e3860
NCreatureMode::CModeConversation	01285990	1	008e39b0
NCreatureMode::CModeConversation	01285990	4	008e39c0
NCreatureMode::CModeConversation	01285990	0	008e39d0
NCreatureMode::CModeScorpionKingVulnerable	0128582c	0	008e3a00
CCombatAction_RecoverFromDazed	01285c94	24	008e4400
CCreatureAction_IceTrollIcicleAssaultLoop	012860a4	15	008e4540
CCreatureAction_ScorpionSummon	012865dc	45	008e4750
CCreatureAction_SnapDragonOutOf	01286d94	29	008e4a20
CCreatureAction_SnapDragonOutOf	01286d94	19	008e4a30
CCreatureAction_SnapDragonOutOf	01286d94	81	008e4a40
CCreatureAction_DragonStrafeOutOf	0128702c	57	008e4b30
CCreatureAction_SummonerDead	01287174	45	008e4bc0
CCombatAction_RecoverFromDazed	01285c94	0	008e4be0
CCreatureAction_TrollVulnerableInto	01285dec	0	008e4c00
CCreatureAction_TrollVulnerableOutOf	01285f44	0	008e4c20
CCreatureAction_IceTrollIcicleAssaultLoop	012860a4	0	008e4c40
CCreatureAction_IceTrollIcicleAssaultOutOf	012861ec	0	008e4c60
CCreatureAction_ScorpionTailWithdraw	01286334	0	008e4c80
CCreatureAction_ScorpionTailPlunge	01286494	0	008e4ca0
CCreatureAction_ScorpionSummon	012865dc	0	008e4cc0
CCreatureAction_ScorpionRecover	01286724	0	008e4ce0
CCreatureAction_ForcePushOutOf	01286874	0	008e4d00
CCombatAction_Guildmaster_HealFollowersRelease	012869bc	0	008e4d20
CCombatAction_Guildmaster_ShieldFollowersRelease	01286b04	0	008e4d40
CCombatAction_Guildmaster_SpeedUpFollowersRelease	01286c4c	0	008e4d60
CCreatureAction_SnapDragonOutOf	01286d94	0	008e4d80
CCreatureAction_DragonFireBeamOutOf	01286ee4	0	008e4da0
CCreatureAction_DragonStrafeOutOf	0128702c	0	008e4dc0
CCreatureAction_SummonerDead	01287174	0	008e4de0
CCombatAction_RecoverFromDazed	01285c94	11	008e4e00
CCreatureAction_TrollVulnerableInto	01285dec	11	008e4e30
CCreatureAction_TrollVulnerableOutOf	01285f44	11	008e4e60
CCreatureAction_IceTrollIcicleAssaultLoop	012860a4	11	008e4e90
CCreatureAction_IceTrollIcicleAssaultOutOf	012861ec	11	008e4ec0
CCreatureAction_ScorpionTailWithdraw	01286334	11	008e4ef0
CCreatureAction_ScorpionTailPlunge	01286494	11	008e4f60
CCreatureAction_ScorpionSummon	012865dc	11	008e4fd0
CCreatureAction_ScorpionRecover	01286724	11	008e5000
CCreatureAction_ForcePushOutOf	01286874	11	008e5030
CCombatAction_Guildmaster_HealFollowersRelease	012869bc	11	008e5070
CCombatAction_Guildmaster_ShieldFollowersRelease	01286b04	11	008e50a0
CCombatAction_Guildmaster_SpeedUpFollowersRelease	01286c4c	11	008e50d0
CCreatureAction_SnapDragonOutOf	01286d94	11	008e5100
CCreatureAction_DragonFireBeamOutOf	01286ee4	11	008e5130
CCreatureAction_DragonStrafeOutOf	0128702c	11	008e5160
CCreatureAction_SummonerDead	01287174	11	008e5190
CTCPhysicsStandard	01265f84	98	008e5370
CTCPhysicsStandard	01265f84	97	008e55e0
CTCPhysicsStandard	01265f84	87	008e5d40
CCreatureAction_CastStrengthMultiStrike	0128764c	56	008e6390
CCreatureAction_CastStrengthMultiStrikeProper	012877a4	4	008e63b0
CCreatureAction_CastStrengthBerserk	01287384	12	008e6400
CCreatureAction_ReleaseStrengthBerserk	012874ec	12	008e6490
CCreatureAction_ReleaseStrengthBerserk	012874ec	56	008e6500
CCreatureAction_CastStrengthMultiStrikeProper	012877a4	12	008e6690
CCreatureAction_CastStrengthMultiStrike	0128764c	12	008e6780
CCreatureAction_ReleaseStrengthBerserk	012874ec	4	008e6940
CCreatureAction_CastStrengthMultiStrike	0128764c	4	008e6ae0
CCreatureAction_CastStrengthBerserk	01287384	3	008e6de0
CCreatureAction_ReleaseStrengthBerserk	012874ec	3	008e6df0
CCreatureAction_ReleaseStrengthBerserk	012874ec	46	008e6e00
CCreatureAction_ReleaseStrengthBerserk	012874ec	47	008e6e10
CCreatureAction_CastStrengthMultiStrikeProper	012877a4	29	008e6e20
CCreatureAction_CastStrengthBerserk	01287384	0	008e6e30
CCreatureAction_ReleaseStrengthBerserk	012874ec	0	008e6e50
CCreatureAction_CastStrengthMultiStrike	0128764c	0	008e6e70
CCreatureAction_CastStrengthMultiStrikeProper	012877a4	0	008e6e90
CCreatureAction_CastStrengthBerserk	01287384	11	008e6eb0
CCreatureAction_ReleaseStrengthBerserk	012874ec	11	008e6ee0
CCreatureAction_CastStrengthMultiStrike	0128764c	11	008e6f10
CCreatureAction_CastStrengthMultiStrikeProper	012877a4	11	008e6f50
NCreatureMode::CModeDragonBase	012684e0	5	008e7290
NCreatureMode::CModeDragonBase	012684e0	6	008e72b0
NCreatureMode::CModeIntangible	01268514	5	008e7390
NCreatureMode::CModeIntangible	01268514	6	008e74f0
NCreatureMode::CModeIntangible	01268514	3	008e7600
NCreatureMode::CModeBriarRoseTeleportInvulnerable	01280228	6	008e7850
NCreatureMode::CModeBriarRoseTeleportInvulnerable	01280228	5	008e7a00
NCreatureMode::CModeBriarRoseTeleportIntangible	0128026c	5	008e7b90
NCreatureMode::CModeBriarRoseTeleportIntangible	0128026c	6	008e7cf0
NCreatureMode::CModeBriarRoseConcentrate	01268548	6	008e7e70
NCreatureMode::CModeBriarRoseConcentrate	01268548	5	008e8060
NCreatureMode::CModeBriarRoseConcentrate	01268548	3	008e8760
NCreatureMode::CModeBriarRoseTeleportInvulnerable	01280228	3	008e8830
NCreatureMode::CModeBriarRoseTeleportIntangible	0128026c	3	008e8940
CCreatureAction_BriarRoseConcentrateInto	01287904	74	008e8c10
CCreatureAction_BriarRoseConcentrateInto	01287904	0	008e8cd0
CCreatureAction_BriarRoseInvulnerableTeleport	01287a4c	0	008e8d00
CCreatureAction_BriarRoseConcentrateInto	01287904	11	008e8d30
CCreatureAction_BriarRoseInvulnerableTeleport	01287a4c	11	008e8db0
NCreatureMode::CModeStrafe	01268588	7	008e9110
NCreatureMode::CModeStrafe	01268588	5	008e9a30
NCreatureMode::CModeStrafe	01268588	6	008e9b60
NCreatureMode::CModeStrafe	01268588	2	008e9b70
NCreatureMode::CModeStrafe	01268588	3	008ea220
NCreatureMode::CModeWalkInAllDirections	012687ac	7	008ea8a0
NCreatureMode::CModeWalkInAllDirections	012687ac	6	008ea9b0
NCreatureMode::CModeWalkInAllDirections	012687ac	2	008eac30
NCreatureMode::CModeWalkInAllDirections	012687ac	5	008eacb0
NCreatureMode::CModeHoverBase	01287d14	0	008ec050
CCreatureAction_UndeadIdleUnderground	0126908c	4	008ec210
CCreatureAction_UndeadRiseUp	01268f44	12	008ec220
CCreatureAction_UndeadRiseUp	01268f44	68	008ec260
CCreatureAction_UndeadReturnToEarth	01287ddc	12	008ec320
CCreatureAction_UndeadRiseUp	01268f44	56	008ec3f0
CCreatureAction_UndeadRiseUp	01268f44	4	008ec470
CCreatureAction_UndeadIdleUnderground	0126908c	12	008ec4f0
CCreatureAction_UndeadReturnToEarth	01287ddc	4	008ec700
CCreatureAction_UndeadReturnToEarth	01287ddc	45	008ec770
CCreatureAction_UndeadReturnToEarth	01287ddc	8	008ec780
CCreatureAction_UndeadReturnToEarth	01287ddc	0	008ec790
CCreatureAction_UndeadReturnToEarth	01287ddc	11	008ec7b0
CTCDegradableBarrier	0126a6a4	29	008ec810
CTCDegradableBarrier	0126a6a4	28	008ec830
CTCDegradableBarrier	0126a6a4	4	008ec870
CTCDegradableBarrier	0126a6a4	6	008ecbe0
CTCDegradableBarrier	0126a6a4	30	008ecc80
CTCDegradableBase	01287f2c	0	008ece80
CTCContainer	012693ac	1	008ed2b0
CCreatureAction_BeStunned	01276e24	68	008ed6e0
CCreatureAction_Die	01287fc4	12	008ed770
CCreatureAction_Die	01287fc4	68	008ed7a0
CCreatureAction_Die	01287fc4	4	008ed830
CCreatureAction_BeDazed	01276f54	12	008ed850
CCombatAction_RecoverFromDazed	01285c94	12	008ed8c0
CCombatAction_FallStunned	012880e4	12	008ed950
CCreatureAction_BeStunned	01276e24	12	008eda10
CCreatureAction_Die	01287fc4	3	008edb40
CCreatureAction_Die	01287fc4	8	008edb50
CCreatureAction_Die	01287fc4	6	008edb60
CCreatureAction_Die	01287fc4	45	008edb70
CCreatureAction_Die	01287fc4	39	008edb80
CCreatureAction_Die	01287fc4	0	008edb90
CCombatAction_FallStunned	012880e4	0	008edbb0
CCreatureAction_Die	01287fc4	11	008edbd0
CCombatAction_FallStunned	012880e4	11	008edc10
Mass	01288230	0	008ee910
CTCTavernGameCoinBase	0126f224	30	008ef110
CTCTavernGameCoinBase	0126f224	31	008ef170
CTCTavernGameCoinBase	0126f224	32	008ef180
CTCTavernGameCoinBase	0126f224	33	008ef190
CTCTavernGameCoinBase	0126f224	6	008ef1a0
CTCTavernGameCoinBase	0126f224	29	008ef390
Coin	01288238	0	008effd0
CTCTavernGameCardBase	01288294	1	008f0920
CTCTavernGameCardPairs	0126f6fc	31	008f0930
CTCTavernGameCardBase	01288294	32	008f0960
CTCTavernGameCardSorting	0126f5b4	34	008f09a0
CTCTavernGameCardSorting	0126f5b4	58	008f09b0
CTCTavernGameCardBase	01288294	59	008f09c0
CTCTavernGameCardSorting	0126f5b4	39	008f09d0
CTCTavernGameCardSorting	0126f5b4	53	008f09e0
CTCTavernGameCardBase	01288294	44	008f0a70
CTCTavernGameCardSorting	0126f5b4	51	008f0bd0
CTCTavernGameCardSorting	0126f5b4	54	008f0eb0
CTCTavernGameCardSorting	0126f5b4	60	008f10b0
CTCTavernGameCardSorting	0126f5b4	6	008f1250
CTCTavernGameCardSorting	0126f5b4	28	008f12d0
CTCTavernGameCardBase	01288294	33	008f1720
CTCTavernGameCardSorting	0126f5b4	55	008f17d0
CTCTavernGameCardSorting	0126f5b4	61	008f18c0
CTCTavernGameCardSorting	0126f5b4	9	008f1d40
CTCTavernGameCardBase	01288294	29	008f1e30
CTCTavernGameCardBase	01288294	30	008f20f0
CTCTavernGameCardSorting	0126f5b4	52	008f2280
CTCTavernGameCardBase	01288294	0	008f2ac0
CCreatureAction_DragonFlight	01288544	12	008f2ae0
CCreatureAction_DragonRearUpFull	01293404	12	008f2b00
CCreatureAction_DragonRearUpOutOf	01288a64	12	008f2b40
CCreatureAction_SnapDragon	0129354c	12	008f2b80
CCreatureAction_SnapDragonFast	0129369c	12	008f2bc0
CCreatureAction_DragonRoar	012937ec	12	008f2c70
CCreatureAction_DragonFireBlastForward	012940e4	12	008f2d00
CCreatureAction_DragonFireBlastLeft	0129422c	12	008f2d40
CCreatureAction_DragonFlight	01288544	56	008f2e00
CCreatureAction_DragonSwoop	012887d4	12	008f2f00
CCreatureAction_DragonHoverOutOf	01293d0c	4	008f2fb0
CCreatureAction_DragonFlight	01288544	3	008f3020
CCreatureAction_DragonFireBlastBase	01293f9c	3	008f3310
CCreatureAction_DragonRearUpFull	01293404	3	008f3630
CCreatureAction_DragonRearUpInto	0128891c	12	008f39a0
CCreatureAction_SnapDragonOutOf	01286d94	12	008f3a50
CCreatureAction_DragonLand	01293934	12	008f3ad0
CCreatureAction_DragonLand	01293934	4	008f3c00
CCreatureAction_DragonTakeOffIntoFlying	01293a7c	12	008f3e70
CCreatureAction_DragonHoverInto	01293bc4	12	008f3fd0
CCreatureAction_DragonHoverOutOf	01293d0c	12	008f40b0
CCreatureAction_DragonFireBeamInto	01293e54	12	008f41d0
CCreatureAction_DragonFireBeamOutOf	01286ee4	12	008f42a0
CCreatureAction_DragonBurninateInto	01294374	12	008f4320
CCreatureAction_DragonStrafeOutOf	0128702c	12	008f4570
CCreatureAction_DragonSwoop	012887d4	56	008f45f0
CCreatureAction_DragonTakeOffIntoFlying	01293a7c	4	008f47e0
CCreatureAction_SnapDragon	0129354c	3	008f5060
CCreatureAction_SnapDragonFast	0129369c	3	008f5220
CCreatureAction_DragonRoar	012937ec	3	008f5490
CCreatureAction_DragonFlight	01288544	6	008f55e0
CCreatureAction_DragonFlight	01288544	73	008f55f0
CCreatureAction_DragonFlight	01288544	57	008f5600
CCreatureAction_DragonFlight	01288544	59	008f5610
CCreatureAction_DragonRetreat	0128868c	6	008f5620
CCreatureAction_DragonRetreat	0128868c	57	008f5630
CCreatureAction_DragonRetreat	0128868c	59	008f5640
CCreatureAction_DragonSwoop	012887d4	6	008f5650
CCreatureAction_DragonSwoop	012887d4	57	008f5660
CCreatureAction_DragonSwoop	012887d4	59	008f5670
CCreatureAction_DragonRearUpInto	0128891c	59	008f5680
CCreatureAction_DragonRearUpOutOf	01288a64	59	008f5690
CCreatureAction_DragonFlight	01288544	0	008f56a0
CCreatureAction_DragonRetreat	0128868c	0	008f56c0
CCreatureAction_DragonSwoop	012887d4	0	008f56e0
CCreatureAction_DragonRearUpInto	0128891c	0	008f5700
CCreatureAction_DragonRearUpOutOf	01288a64	0	008f5720
CCreatureAction_DragonFlight	01288544	11	008f5740
CCreatureAction_DragonRetreat	0128868c	11	008f5790
CCreatureAction_DragonSwoop	012887d4	11	008f57c0
CCreatureAction_DragonRearUpInto	0128891c	11	008f5850
CCreatureAction_DragonRearUpOutOf	01288a64	11	008f5890
NHeroStatModifierEvent::CKnockedThingUnconscious	01272334	0	008f5bf0
NHeroStatModifierEvent::CKilledThing	0127233c	0	008f5c20
NHeroStatModifierEvent::CHitThing	01272fa0	0	008f5c50
CHeightMap	01288bec	0	008f6de0
CMap	0127252c	6	008f75b0
CMap	0127252c	7	008f75f0
CMap	0127252c	4	008f7630
CMap	0127252c	5	008f7800
NCameraModes::CPhysicsCoordCartesian	01275910	0	008fa3b0
NCameraModes::CPhysicsForceModelBase	0127592c	1	008fa610
NCameraModes::CPhysicsForceModelBase	0127592c	0	008fa660
NCameraModes::CPhysicsForceModelGotoOutsideSimple	01275950	2	008fcb50
NCameraModes::CPhysicsForceModelGotoOutsideSimple	01275950	3	008fcb70
NCameraModes::CPhysicsForceModelGotoOutsideSimple	01275950	4	008fcb90
NCameraModes::CPhysicsForceModelGotoOutsideSimple	01275950	5	008fcbb0
NCameraModes::CPhysicsForceModelGotoOutsideSimple	01275950	6	008fcbd0
NCameraModes::CPhysicsForceModelGotoOutsideSimple	01275950	7	008fcc10
NCameraModes::CPhysicsCoordRigid	01276ac0	0	008fcc60
NCameraModes::CPhysicsForceModelRigid	01276ac8	2	008fcd70
NCameraModes::CPhysicsForceModelRigid	01276ac8	3	008fcd90
NCameraModes::CPhysicsForceModelRigid	01276ac8	4	008fcdb0
NCameraModes::CPhysicsForceModelRigid	01276ac8	5	008fcdd0
NCameraModes::CPhysicsForceModelRigid	01276ac8	7	008fcdf0
NCameraModes::CPhysicsForceModelRigid	01276ac8	6	008fce10
CAIStateGroupBase	01288c60	1	008fcec0
CAIStateGroupBase	01288c60	6	008fcfe0
CAIStateGroupBase	01288c60	2	008fd26f
CAIStateGroupBase	01288c60	3	008fd270
CAIStateGroupBase	01288c60	4	008fd273
CAIStateGroupBase	01288c60	5	008fd276
CAIStateGroupBase	01288c60	7	008fd279
CAIStateGroupBase	01288c60	8	008fd27c
CAIStateGroupBase	01288c60	9	008fd280
CAIStateGroupBase	01288c60	10	008fd281
CAIStateGroupBase	01288c60	11	008fd282
CAIStateGroupBase	01288c60	13	008fd285
CAIStateGroupBase	01288c60	0	008fd29b
CAIStateGroup_MinionGossip	01288e34	16	008fd3d9
CAIStateGroup_MinionGossip	01288e34	7	008fd3dc
CAIStateGroup_BanditGossip	01288e94	16	008fd40a
CAIStateGroup_BirdFlyToFood	0128961c	1	008fd860
CAIStateGroup_BirdGroundWander	01289670	1	008fd892
CAIStateGroup_KidWanderNearKids	01289798	4	008fd99e
CAIStateGroup_WorkBase	01289890	0	008fda2e
CAIStateGroup_IdleAtHome	01289a10	4	008fdb24
CAIStateGroup_CleanHouse	01289a9c	4	008fdb67
CAIStateGroup_LookAtInterestingThings	01289bbc	4	008fdc8e
CAIStateGroup_HoverMovementBase	0128a1dc	8	008fe0ea
CAIStateGroup_HoverMovementBase	0128a1dc	14	008fe0ee
CAIStateGroup_HoverMovementBase	0128a1dc	15	008fe0ef
CAIStateGroup_HoverMovementBase	0128a1dc	16	008fe0f2
CAIStateGroup_HoverMovementBase	0128a1dc	17	008fe0f3
CAIStateGroup_HoverMovementBase	0128a1dc	18	008fe0f4
CAIStateGroup_HoverMovementBase	0128a1dc	19	008fe0fb
CAIStateGroup_HoverMovementBase	0128a1dc	21	008fe102
CAIStateGroup_HoverMovementBase	0128a1dc	0	008fe105
CAIStateGroup_CreatureRangedCombatUseWillShield	0128a484	8	008fe284
CAIStateGroup_ServeFood	0128aa1c	0	008fe62d
CAIStateGroup_ServeFoodAtTavern	0128aa7c	16	008fe66e
CAIStateGroup_BanditPlayDice	0128ad54	16	008fe7d5
CAIStateGroup_BanditPlot	0128adb4	16	008fe802
CAIStateGroup_ApprenticeHero	0128aec4	7	008fe87c
CAIStateGroup_ScriptingBase	0128b044	0	008fea25
CIntelligentPointer	0128b080	0	008fea41
CIntelligentPointer	0128b088	0	008fea5d
CIntelligentPointer	0128b090	0	008fea79
CIntelligentPointer	0128b098	0	008fea95
CIntelligentPointer	0128b0a0	0	008feab1
CIntelligentPointer	0128b0a8	0	008feacd
CIntelligentPointer	0128b0b0	0	008feae9
CIntelligentPointer	0128b0b8	0	008feb05
CIntelligentPointer	0128b0c0	0	008feb21
CAIStateGroup_MinionWander	0128b0c8	0	008feb4f
CAIStateGroup_GoToBed	0128b104	0	008feb97
CAIStateGroup_MinionSleep	0128b140	0	008febc5
CAIStateGroup_MinionWorkInInn	01288cc8	0	008fec05
CAIStateGroup_MinionFindPersonalSpace	0128b17c	0	008fec45
CAIStateGroup_MinionReactToPlayerInteraction	0128b1b8	7	008fec7d
CAIStateGroup_MinionReactToPlayerInteraction	0128b1b8	0	008fec80
CAIStateGroup_MinionReactToCriminal	0128b1f4	0	008fecd0
CAIStateGroup_MinionGuardReactToCriminal	0128b230	0	008fed2b
CAIStateGroup_MinionGuardReactToBribe	0128b26c	0	008fed75
CAIStateGroup_MinionGuardFollowPlayer	01288dcc	0	008fedbf
CAIStateGroup_MinionCuriosity	0128b2a8	0	008feded
CAIStateGroup_MinionGossip	01288e34	0	008fee2d
CAIStateGroup_BanditGossip	01288e94	0	008fee6d
CAIStateGroup_MinionMotherProtectFamily	0128b2e4	0	008feead
CAIStateGroup_MinionKidAnnoy	0128b320	0	008feef7
CAIStateGroup_MinionKidGroupTag	0128b35c	0	008fef2f
CAIStateGroup_MinionKidCalledToMother	01288f48	0	008fef6f
CAIStateGroup_PerformAction	0128b398	0	008fef9d
CAIStateGroup_MinionFaceHero	0128b3d4	0	008fefdd
CAIStateGroup_MinionPutOutFires	0128b410	0	008ff027
CAIStateGroup_MinionWatchFires	0128b44c	4	008ff071
CAIStateGroup_MinionWatchFires	0128b44c	0	008ff074
CAIStateGroup_MinionReactToCorpse	0128b488	0	008ff0be
CAIStateGroup_MinionReactToUnconsciousPerson	0128b4c4	0	008ff108
CAIStateGroup_MinionReactToEnemy	0128b500	0	008ff152
CAIStateGroup_MinionReactToAlert	01289070	0	008ff19c
CAIStateGroup_MinionHasInformation	012890c8	0	008ff1dc
CAIStateGroup_UsesSeat	0128b53c	0	008ff22b
CAIStateGroup_MinionSitOnSeatBase	0128b584	14	008ff26b
CAIStateGroup_MinionSitOnSeatBase	0128b584	17	008ff26e
CAIStateGroup_MinionSitOnSeatBase	0128b584	0	008ff271
CAIStateGroup_MinionSitAtWork	0128b5d4	0	008ff29f
CAIStateGroup_MinionSitAtInn	0128b624	17	008ff2cd
CAIStateGroup_MinionSitAtInn	0128b624	0	008ff2d0
CAIStateGroup_MinionSitAtSchool	0128b674	0	008ff2fe
CAIStateGroup_MinionListenToStory	01289180	0	008ff33e
CAIStateGroup_MinionSitAtHome	0128b6c4	4	008ff36c
CAIStateGroup_MinionSitAtHome	0128b6c4	0	008ff36f
CAIStateGroup_SitRoundCampfire	0128b714	4	008ff3af
CAIStateGroup_SitRoundCampfire	0128b714	0	008ff3b2
CAIStateGroup_MinionGuardHeardYellForHelp	01289228	0	008ff3fc
CAIStateGroup_MinionGuardReactToPlayerWithWeapon	0128b750	0	008ff43c
CAIStateGroup_MinionGuardReactToBodyFoundMessage	012892b8	0	008ff486
CAIStateGroup_BanditSitRoundCampfire	0128b78c	0	008ff4c6
CAIStateGroup_SeekEnemy	0128b7c8	8	008ff510
CAIStateGroup_SeekEnemy	0128b7c8	0	008ff514
CAIStateGroup_SeekScriptTarget	0128b804	8	008ff55e
CAIStateGroup_SeekScriptTarget	0128b804	0	008ff562
CAIStateGroup_StealthSeekEnemy	0128b840	8	008ff5ac
CAIStateGroup_StealthSeekEnemy	0128b840	0	008ff5b0
CAIStateGroup_NonVillageGuardPatrol	0128b87c	0	008ff5fa
CAIStateGroup_Guard	0128936c	0	008ff644
CAIStateGroup_Wander	012893b4	0	008ff684
CAIStateGroup_ChickenWander	01289404	0	008ff6c4
CAIStateGroup_WanderAroundInitialPos	01289460	0	008ff704
CAIStateGroup_EnemyCreatureBase	0128b8bc	0	008ff744
CAIStateGroup_ChickenPanic	012894c8	0	008ff784
CAIStateGroup_ChickenBeg	01289514	0	008ff7c4
CAIStateGroup_ButterflyWander	0128b918	0	008ff7f2
CAIStateGroup_FireflyWander	01289578	0	008ff832
CAIStateGroup_SmallBirdWander	012895cc	0	008ff872
CAIStateGroup_BirdFlyToFood	0128961c	0	008ff8b2
CAIStateGroup_BirdGroundWander	01289670	0	008ff8f2
CAIStateGroup_BirdStartled	012896c0	0	008ff932
CAIStateGroup_MeleeCombatNearbyBase	0128b954	0	008ff972
CAIStateGroup_MeleeCombatNearby2	0128b99c	8	008ff9a0
CAIStateGroup_MeleeCombatNearby2	0128b99c	0	008ff9a4
CAIStateGroup_MeleeCombatNearbyAttackWhenVeryClose	0128b9e4	8	008ff9d2
CAIStateGroup_MeleeCombatNearbyAttackWhenVeryClose	0128b9e4	0	008ff9d6
CAIStateGroup_VillageTaskTorch	0128ba28	0	008ffa16
CAIStateGroup_VillageTaskPatrol	0128ba64	0	008ffa60
CAIStateGroup_VillageTaskSecuritySweep	0128baa0	0	008ffaaa
CAIStateGroup_VillageTaskPickCrops	0128badc	0	008ffaf4
CAIStateGroup_VillageTaskHorn	0128bb18	0	008ffb3e
CAIStateGroup_KidWanderNearKids	01289798	0	008ffb88
CAIStateGroup_KidWatchHopscotch	0128bb54	0	008ffbc8
CAIStateGroup_KidPlayHopscotch	0128bb90	0	008ffc12
CAIStateGroup_KidHurtSelfRunToMother	01289824	0	008ffc5c
CAIStateGroup_KidReactToBlockage	0128bbcc	0	008ffc9c
CAIStateGroup_WorkAtSchool	0128bc08	0	008ffcd4
CAIStateGroup_TellStory	0128bc44	0	008ffd02
CAIStateGroup_MoveGoodsBase	012898dc	0	008ffd1e
CAIStateGroup_WorkInWarehouse	0128bc80	0	008ffd5e
CAIStateGroup_WorkSawingWood	0128bcbc	0	008ffda8
CAIStateGroup_WorkHammerAnvil	0128bcf8	0	008ffdf2
CAIStateGroup_StayNearSchool	01289970	0	008ffe3c
CAIStateGroup_ThrowLogsOnFire	012899c4	0	008ffe7c
CAIStateGroup_IdleAtHome	01289a10	0	008ffebc
CAIStateGroup_Clean	01289a4c	0	008ffed8
CAIStateGroup_CleanHouse	01289a9c	0	008fff18
CAIStateGroup_CleanWork	01289aec	0	008fff58
CAIStateGroup_SitForMeal	0128bd34	0	008fff98
CAIStateGroup_PrepareMeal	0128bd7c	0	008fffe2
CAIStateGroup_LightHomeCandle	0128bdbc	16	0090002c
CAIStateGroup_LightHomeCandle	0128bdbc	0	0090002f
CAIStateGroup_LightWorkCandle	0128be04	16	0090005d
CAIStateGroup_LightWorkCandle	0128be04	0	00900060
CAIStateGroup_LookAtInterestingThings	01289bbc	0	009000a0
CAIStateGroup_WanderAroundShops	0128be4c	4	009000ef
CAIStateGroup_WanderAroundShops	0128be4c	0	009000f2
CAIStateGroup_StayNearFoodHall	0128be88	0	0090014d
CAIStateGroup_GoToPub	0128bec4	0	009001d6
CAIStateGroup_SitInPub	0128bf04	14	00900216
CAIStateGroup_SitInPub	0128bf04	0	0090021b
CAIStateGroup_MinionHawkingFromStall	0128bf48	0	0090027f
CAIStateGroup_SellToBuyer	0128bf84	0	009002c9
CAIStateGroup_HandyMan	01289ca0	0	00900313
CAIStateGroup_GameMaster	0128bfc4	0	00900341
CAIStateGroup_TrollBase	0128c008	7	00900381
CAIStateGroup_TrollBase	0128c008	0	00900384
CAIStateGroup_EarthTroll	0128c044	8	009003b2
CAIStateGroup_EarthTroll	0128c044	0	009003b6
CAIStateGroup_SeekPerceivedThing	01289d24	0	009003f6
CAIStateGroup_FollowPlayer	0128c080	8	00900436
CAIStateGroup_FollowPlayer	0128c080	0	0090043a
CAIStateGroup_StandStill	01289d88	0	00900484
CAIStateGroup_BalverineWander	01289dd8	0	009004c4
CAIStateGroup_BalverineCornered	0128c0bc	8	00900513
CAIStateGroup_BalverineCornered	0128c0bc	0	00900517
CAIStateGroup_BalverineJumpAtFleeingEnemy	0128c0f8	8	00900572
CAIStateGroup_BalverineJumpAtFleeingEnemy	0128c0f8	0	00900576
CAIStateGroup_NymphFloatAround	0128c134	0	009005d0
CAIStateGroup_NymphAttack	01289e78	0	0090062b
CAIStateGroup_JackDragon	0128c170	7	009006be
CAIStateGroup_JackDragon	0128c170	0	009006c1
CAIStateGroup_MazeBase	0128c1ac	0	00900744
CAIStateGroup_MazeRangedCombat	0128c1e8	8	00900772
CAIStateGroup_MazeRangedCombat	0128c1e8	0	00900776
CAIStateGroup_MazeDefensiveMeleeCombat	0128c224	8	009007a4
CAIStateGroup_MazeDefensiveMeleeCombat	0128c224	7	009007a8
CAIStateGroup_MazeDefensiveMeleeCombat	0128c224	0	009007ab
CAIStateGroup_MazeShieldedChase	0128c260	8	009007d9
CAIStateGroup_MazeShieldedChase	0128c260	0	009007dd
CAIStateGroup_MazeTutorialBattle	0128c29c	8	0090080b
CAIStateGroup_MazeTutorialBattle	0128c29c	0	0090080f
CAIStateGroup_MazeTutorialBattleTeleport	0128c2d8	8	0090083d
CAIStateGroup_MazeTutorialBattleTeleport	0128c2d8	0	00900841
CAIStateGroup_MazeTutorialBattleRespondToLightning	0128c314	8	0090086f
CAIStateGroup_MazeTutorialBattleRespondToLightning	0128c314	0	00900873
CAIStateGroup_MazeTutorialBattleUseShield	0128c350	8	009008a1
CAIStateGroup_MazeTutorialBattleUseShield	0128c350	0	009008a5
CAIStateGroup_BriarRose	0128c38c	8	009008e5
CAIStateGroup_BriarRose	0128c38c	0	009008e9
CAIStateGroup_BriarRoseWillUse	0128c3c8	8	00900933
CAIStateGroup_BriarRoseWillUse	0128c3c8	0	00900937
CAIStateGroup_MinionBehaviourGreetCreature	0128c404	0	00900981
CAIStateGroupBehaviourBase	0128c444	14	009009cb
CAIStateGroupBehaviourBase	0128c444	16	009009cc
CAIStateGroupBehaviourBase	0128c444	17	009009cd
CAIStateGroupBehaviourBase	0128c444	0	009009ce
CAIStateGroup_MinionBehaviourCrowdBase	0128c494	0	00900a51
CAIStateGroup_MinionReactToBurglary	0128c4e0	0	00900a91
CAIStateGroup_MinionReactToTrespassing	0128c51c	0	00900adb
CAIStateGroup_MinionReactToNoise	0128a104	0	00900b25
CAIStateGroup_MinionReactToCrime	0128c558	0	00900b65
CAIStateGroup_MinionReactToCrimeFromSleep	0128c594	0	00900b93
CAIStateGroup_MinionReactToApology	0128a19c	0	00900bd3
CAIStateGroup_HoverWander	0128c5d4	20	00900c13
CAIStateGroup_HoverWander	0128c5d4	11	00900c16
CAIStateGroup_HoverWander	0128c5d4	0	00900c19
CAIStateGroup_HoverAttack	0128c634	20	00900c4d
CAIStateGroup_HoverAttack	0128c634	8	00900c50
CAIStateGroup_HoverAttack	0128c634	0	00900c54
CAIStateGroup_HoverAttackUnlessTargetIsFleeing	0128c694	20	00900c88
CAIStateGroup_HoverAttackUnlessTargetIsFleeing	0128c694	8	00900c8b
CAIStateGroup_HoverAttackUnlessTargetIsFleeing	0128c694	0	00900c8f
CAIStateGroup_HoverAllAroundTest	0128a2c0	0	00900cd5
CAIStateGroup_HoverKeepInArea	0128c6f4	20	00900d03
CAIStateGroup_HoverKeepInArea	0128c6f4	0	00900d06
CAIStateGroup_HoverAttackArea	0128c754	20	00900d3a
CAIStateGroup_HoverAttackArea	0128c754	8	00900d3d
CAIStateGroup_HoverAttackArea	0128c754	0	00900d41
CAIStateGroup_HoverHornetQueenTakeDamage	0128c7b4	20	00900d75
CAIStateGroup_HoverHornetQueenTakeDamage	0128c7b4	8	00900d78
CAIStateGroup_HoverHornetQueenTakeDamage	0128c7b4	0	00900d7c
CAIStateGroup_MinionLeaveRegion	0128a380	0	00900dc2
CAIStateGroup_MinionMotherConsoleChild	0128a3dc	0	00900e02
CAIStateGroup_CreatureRangedCombat2	0128c814	8	00900e42
CAIStateGroup_CreatureRangedCombat2	0128c814	0	00900e46
CAIStateGroup_CreatureRangedCombatUseWillShield	0128a484	0	00900e90
CAIStateGroup_TestTestTest	0128a4dc	0	00900ed0
CAIStateGroup_RangedCombatUsePreferredFirePoint	0128c854	14	00900f20
CAIStateGroup_RangedCombatUsePreferredFirePoint	0128c854	8	00900f23
CAIStateGroup_RangedCombatUsePreferredFirePoint	0128c854	0	00900f27
CAIStateGroup_CreatureRangedCombatFireAtSpecificTargets	0128c894	8	00900f82
CAIStateGroup_CreatureRangedCombatFireAtSpecificTargets	0128c894	0	00900f86
CAIStateGroup_ReactToDeadLeader	0128c8d0	8	00900fd0
CAIStateGroup_ReactToDeadLeader	0128c8d0	0	00900fd4
CAIStateGroup_CreatureGoUnderground	0128a5d8	0	0090101e
CAIStateGroup_CreatureIdleUnderground	0128a634	0	0090105e
CAIStateGroup_CreatureSeekEnemyUnderground	0128c90c	0	0090109e
CAIStateGroup_BoastingCrowdMember	0128c948	0	009010e8
CAIStateGroup_OpinionReactionRoot	0128c984	0	00901152
CAIStateGroup_DeedReactionRoot	0128c9c0	0	0090119c
CAIStateGroup_DeedReactionRootFromSleep	0128c9fc	0	009011ca
CAIStateGroup_BeetleToggleHover	0128a6ec	0	0090120a
CAIStateGroup_BanditKingCharge	0128ca38	8	0090124a
CAIStateGroup_BanditKingCharge	0128ca38	0	0090124e
CAIStateGroup_BanditKingLunge	0128ca74	8	00901298
CAIStateGroup_BanditKingLunge	0128ca74	0	0090129c
CAIStateGroup_BanditKingThrowWeapons	0128cab0	8	009012e6
CAIStateGroup_BanditKingThrowWeapons	0128cab0	0	009012ea
CAIStateGroup_IceTrollIcicleAttack	0128caec	8	00901334
CAIStateGroup_IceTrollIcicleAttack	0128caec	0	00901338
CAIStateGroup_IceTrollPoundGroundAttack	0128cb28	8	00901382
CAIStateGroup_IceTrollPoundGroundAttack	0128cb28	0	00901386
CAIStateGroup_IceTrollIcicleAssault	0128cb64	8	009013d0
CAIStateGroup_IceTrollIcicleAssault	0128cb64	0	009013d4
CAIStateGroup_VersusEnemyBase	0128cba4	8	0090141e
CAIStateGroup_VersusEnemyBase	0128cba4	0	00901422
CAIStateGroup_VersusScorpionKing	0128cbe4	8	00901462
CAIStateGroup_VersusScorpionKing	0128cbe4	0	00901466
CAIStateGroup_MinionFollowThing	0128cc24	8	009014b0
CAIStateGroup_MinionFollowThing	0128cc24	0	009014b4
CAIStateGroup_MinionWalkToMarker	0128a84c	0	009014fe
CAIStateGroup_StealStealableItem	0128cc60	7	00901561
CAIStateGroup_StealStealableItem	0128cc60	0	0090157a
CAIStateGroup_RecoverStealableItem	0128cc9c	7	00901600
CAIStateGroup_RecoverStealableItem	0128cc9c	0	00901619
CAIStateGroup_CarryCrateAndFollow	0128ccd8	7	00901697
CAIStateGroup_CarryCrateAndFollow	0128ccd8	0	0090169a
CAIStateGroup_TavernServer	0128cd14	0	00901734
CAIStateGroup_TavernKeeper	0128cd50	0	009017d6
CAIStateGroup_SleepOnFloor	0128cd8c	0	00901841
CAIStateGroup_WhisperRetreat	0128cdcc	20	0090188b
CAIStateGroup_WhisperRetreat	0128cdcc	8	0090188e
CAIStateGroup_WhisperRetreat	0128cdcc	0	00901892
CAIStateGroup_Thunder	0128ce2c	14	009018ec
CAIStateGroup_Thunder	0128ce2c	8	009018ef
CAIStateGroup_Thunder	0128ce2c	0	009018f3
CAIStateGroup_Freeze	0128a95c	0	0090194e
CAIStateGroup_Drunk	0128a9a4	0	0090198e
CAIStateGroup_EatAtTable	0128ce6c	0	009019ce
CAIStateGroup_EatAtTavern	0128ceb4	0	009019fc
CAIStateGroup_ServeFoodAtHome	0128cefc	16	00901a2a
CAIStateGroup_ServeFoodAtHome	0128cefc	0	00901a2d
CAIStateGroup_ServeFoodAtTavern	0128aa7c	0	00901a6d
CAIStateGroup_ScreamerPursueTarget	0128cf44	0	00901aad
CAIStateGroup_KrakenAttack	0128aaf4	0	00901af7
CAIStateGroup_KrakenTentacleIdle	0128ab48	0	00901b37
CAIStateGroup_KrakenTentacleRise	0128ab9c	0	00901b77
CAIStateGroup_KrakenTentacleAttack	0128abf4	0	00901bb7
CAIStateGroup_WifeGiveYouGift	0128ac48	0	00901bf7
CAIStateGroup_OpenAndCloseShop	0128ac9c	0	00901c37
CAIStateGroup_SetupWares	0128ad04	0	00901c77
CAIStateGroup_BanditPlayDice	0128ad54	0	00901cb7
CAIStateGroup_BanditPlot	0128adb4	0	00901cf7
CAIStateGroup_MinionGuardGreetPlayer	0128ae20	0	00901d37
CAIStateGroup_MinionGuardBribed	0128ae74	0	00901d77
CAIStateGroup_ApprenticeHero	0128aec4	0	00901da9
CAIStateGroup_SkillPractice	0128af1c	0	00901de9
CAIStateGroup_OnHeroPush	0128af6c	0	00901e29
CAIStateGroup_AvoidRegionExit	0128afc0	0	00901e69
CAIStateGroup_SummonerSummon	0128cf80	8	00901ea9
CAIStateGroup_SummonerSummon	0128cf80	0	00901ead
CAIStateGroup_MinionFaceHero	0128b3d4	1	00902045
CAIStateGroup_MinionSitOnSeat	0128cfbc	16	00902134
CAIStateGroup_MinionSitOnSeat	0128cfbc	0	00902140
CAIStateGroup_MinionSitOutside	0128d00c	4	009021da
CAIStateGroup_MinionSitOutside	0128d00c	0	009021dd
CAIStateGroup_MinionGuardReactToPlayerWithWeapon	0128b750	1	00902233
CAIStateGroup_MeleeCombatNearby	0128d05c	8	0090234e
CAIStateGroup_MeleeCombatNearby	0128d05c	0	00902352
CAIStateGroup_RockTroll	0128d0a0	8	00902600
CAIStateGroup_RockTroll	0128d0a0	0	00902604
CAIStateGroup_MazeTeleport	0128d0dc	8	009026c7
CAIStateGroup_MazeTeleport	0128d0dc	0	009026cb
CAIStateGroup_MinionBehaviourSad	0128d11c	18	00902849
CAIStateGroup_MinionBehaviourSad	0128d11c	0	0090284d
CAIStateGroup_MinionBehaviourPodiumEmoteNeutral	0128d16c	0	00902885
CAIStateGroup_HoverWanderAroundThing	0128d1bc	20	0090292b
CAIStateGroup_HoverWanderAroundThing	0128d1bc	0	0090292e
CAIStateGroup_VersusRockTroll	0128d21c	0	00902b86
CAIStateGroup_EatAtHome	0128d25c	0	00902c67
CAIStateGroup_ServeFoodAtHome	0128cefc	15	00902ca7
CAIStateGroup_ServeFoodAtTavern	0128aa7c	15	00902cdc
CAIStateGroup_SummonerLightningAttack	0128d2a0	8	00902d2b
CAIStateGroup_SummonerCharge	0128d2dc	8	00902d57
CAIStateGroup_SummonerLightningAttack	0128d2a0	0	00902ed3
CAIStateGroup_SummonerCharge	0128d2dc	0	00902f2d
CAIStateGroup_CreatureUseCoverBase	0128d31c	7	00902f92
CAIStateGroup_CreatureUseCoverBase	0128d31c	8	00902f96
CAIStateGroup_CreatureUseCoverBase	0128d31c	22	00902f9a
CAIStateGroup_CreatureUseCoverBase	0128d31c	0	00902f9d
CAIStateGroup_JackOfBladesBase	0128d384	8	0090303f
CAIStateGroup_JackOfBladesBase	0128d384	7	00903043
CAIStateGroup_JackOfBladesBase	0128d384	0	00903079
CAIStateGroup_Guildmaster	0128d444	8	0090310a
CAIStateGroup_HoverHornetQueen	0128d484	20	00903134
CAIStateGroup_HoverHornetQueen	0128d484	8	00903137
CAIStateGroup_HoverHornetQueen	0128d484	7	0090313b
CAIStateGroup_CreatureAdvanceInCover	0128d4e4	20	00903151
CAIStateGroup_CreatureAdvanceInCover	0128d4e4	8	00903154
CAIStateGroup_CreatureAdvanceInCover	0128d4e4	21	00903158
CAIStateGroup_CreatureTakeCover	0128d54c	20	0090316d
CAIStateGroup_CreatureTakeCover	0128d54c	21	00903170
CAIStateGroup_CreatureTakeCover	0128d54c	8	00903173
CAIStateGroup_ScorpionKing	0128d5b0	8	009031b6
CAIStateGroup_WhisperPotionCombat	0128d5ec	20	009031d7
CAIStateGroup_WhisperPotionCombat	0128d5ec	8	009031da
CAIStateGroup_CreatureFindCover	0128d64c	20	009031f0
CAIStateGroup_CreatureFindCover	0128d64c	21	009031f3
CAIStateGroup_CreatureFindCover	0128d64c	8	009031f6
CAIStateGroup_CreatureFindCover	0128d64c	0	009031fa
CAIStateGroup_JackOfBladesStage1	0128d6b4	0	00903249
CAIStateGroup_JackOfBladesStage2	0128d3c4	0	00903296
CAIStateGroup_JackOfBladesStage3	0128d404	0	009032e0
CAIStateGroup_Guildmaster	0128d444	0	00903312
CAIStateGroup_HoverHornetQueen	0128d484	0	00903367
CAIStateGroup_CreatureAdvanceInCover	0128d4e4	0	009033c8
CAIStateGroup_CreatureTakeCover	0128d54c	0	00903408
CAIStateGroup_ScorpionKing	0128d5b0	0	0090343a
CAIStateGroup_WhisperPotionCombat	0128d5ec	0	0090348f
NTCScriptedControl::CActionPlayAnimation	0128d6f4	4	00903570
NTCScriptedControl::CActionPlayCombatAnimation	0128d728	4	009035f0
NTCScriptedControl::CActionWait	0128d760	4	00903640
NTCScriptedControl::CActionStopScripting	0128d788	4	00903680
NTCScriptedControl::CActionDropGenericBox	0128d7bc	4	009036d0
CScriptGameResourceObjectScriptedThing	0128d86c	16	00903760
CScriptGameResourceObjectScriptedThing	0128d86c	27	009037e0
CScriptGameResourceObjectScriptedThing	0128d86c	12	009038d0
CScriptGameResourceObjectScriptedThing	0128d86c	21	00903920
CScriptGameResourceObjectScriptedThing	0128d86c	22	00903970
CScriptGameResourceObjectScriptedThing	0128d86c	4	00903bc0
CScriptGameResourceObjectScriptedThing	0128d86c	2	00903ca0
CScriptGameResourceObjectScriptedThing	0128d86c	3	00903d60
CScriptGameResourceObjectScriptedThing	0128d86c	5	00903e20
CScriptGameResourceObjectScriptedThing	0128d86c	6	00903f30
CScriptGameResourceObjectScriptedThing	0128d86c	7	00904030
CScriptGameResourceObjectScriptedThing	0128d86c	9	009040f0
CScriptGameResourceObjectScriptedThing	0128d86c	8	009041a0
CScriptGameResourceObjectScriptedThing	0128d86c	10	00904310
CScriptGameResourceObjectScriptedThing	0128d86c	11	00904380
CScriptGameResourceObjectScriptedThing	0128d86c	29	00904430
CScriptGameResourceObjectScriptedThing	0128d86c	28	00904540
CScriptGameResourceObjectScriptedThing	0128d86c	14	009046a0
CScriptGameResourceObjectScriptedThing	0128d86c	13	00904780
CScriptGameResourceObjectScriptedThing	0128d86c	15	00904860
CScriptGameResourceObjectScriptedThing	0128d86c	17	00904940
CScriptGameResourceObjectScriptedThing	0128d86c	18	009049f0
CScriptGameResourceObjectScriptedThing	0128d86c	19	00904af0
CScriptGameResourceObjectScriptedThing	0128d86c	20	00904bd0
CScriptGameResourceObjectScriptedThing	0128d86c	23	00904cd0
CScriptGameResourceObjectScriptedThing	0128d86c	24	00904e20
CScriptGameResourceObjectScriptedThing	0128d86c	26	00904ee0
CScriptGameResourceObjectScriptedThing	0128d86c	25	00904f60
NTCScriptedControl::CActionPlayAnimation	0128d6f4	0	00905070
NTCScriptedControl::CActionPlayCombatAnimation	0128d728	0	009050a0
NTCScriptedControl::CActionWait	0128d760	0	009050d0
NTCScriptedControl::CActionStopScripting	0128d788	0	009050f0
NTCScriptedControl::CActionDropGenericBox	0128d7bc	0	00905110
NTCScriptedControl::CActionWaitForThingToFinishPerformingTasks	0128d7f0	4	00905160
NTCScriptedControl::CActionFollowCreature	0128d838	4	009051d0
CScriptGameResourceObjectScriptedThing	0128d86c	30	00905320
NTCScriptedControl::CActionPerformExpression	0128d8ec	4	00905420
NTCScriptedControl::CActionPerformExpression	0128d8ec	0	00905440
NTCScriptedControl::CActionWaitForThingToFinishPerformingTasks	0128d7f0	0	00905470
NTCScriptedControl::CActionFollowCreature	0128d838	0	009054a0
CScriptGameResourceObjectScriptedThing	0128d86c	0	009054d0
CCombatSequence_GenericRangedAttack	0127903c	1	00906050
CCombatSequence_GenericLeader	0127908c	1	00906150
CCombatSequence_BanditAdvanceFar	0127917c	1	009061e0
CCombatSequence_BanditAttackSide	0127926c	1	009062a0
CCombatSequence_BanditUnblockableAttack	012790dc	12	00906330
CCombatSequence_BanditUnblockableAttack	012790dc	1	00906380
CCombatSequence_NonInterruptableBoxStrafe	0127912c	1	009064b0
CCombatSequence_BanditAttackFar	012791cc	1	00906630
CCombatSequence_BanditAttackMiddle	0127921c	1	009066c0
CCombatSequence_BanditAttackNear	012792bc	1	009067b0
CCombatSequence_BanditIdleNear	0127930c	1	009068a0
CCombatSequence_BanditIdleMiddle	0127935c	1	00906940
CCombatSequence_BanditBoast	012793ac	1	009069e0
CCreatureAction_BanditKingAdvance	0128d924	73	00906c00
CCreatureAction_BanditKingAdvance	0128d924	78	00906c10
CCreatureAction_BanditKingBackOff	0128da6c	73	00906c40
CCreatureAction_BanditKingBackOff	0128da6c	78	00906c50
CCombatSequence_BanditKingAttack	012793fc	1	00906c60
CCombatSequence_BanditKingBackOff	0127949c	1	00906d20
CCombatSequence_BanditKingAdvance	0127944c	1	00906db0
CCombatSequence_BanditKingSpinAround	012794ec	1	00906e40
CCreatureAction_BanditKingAdvance	0128d924	0	00906f00
CCreatureAction_BanditKingBackOff	0128da6c	0	00906f20
CCreatureAction_BanditKingAdvance	0128d924	11	00906f40
CCreatureAction_BanditKingBackOff	0128da6c	11	00906f70
CCombatSequence_ScorpionLungeAttack	0127967c	12	00906fa0
CCombatSequence_ScorpionLungeAttack	0127967c	17	00906fc0
CCombatSequence_KingScorpionTailPlunge	012796cc	12	00906fd0
CCombatSequence_KingScorpionTailPlunge	012796cc	1	00906fe0
CCombatSequence_ScorpionLungeAttack	0127967c	1	00907010
CCombatSequence_FodderMainAttack	0127953c	1	009070e0
CCombatSequence_FodderUnblockableMainAttack	0127958c	1	00907170
CCombatSequence_FodderSecondaryAttack	012795dc	1	00907200
CCombatSequence_FodderCombatIdle	0127962c	1	00907290
CCreatureAction_FodderPrimaryAttack	0128dbb4	81	00907380
CCreatureAction_FodderPrimaryAttack	0128dbb4	74	00907390
CCreatureAction_FodderUnblockablePrimaryAttack	0128dd04	81	00907400
CCreatureAction_FodderUnblockablePrimaryAttack	0128dd04	74	00907410
CCreatureAction_FodderUnblockablePrimaryAttack	0128dd04	29	00907420
CCreatureAction_FodderUnblockablePrimaryAttack	0128dd04	19	00907430
CCreatureAction_FodderSecondaryAttack	0128de54	81	009074a0
CCreatureAction_FodderSecondaryAttack	0128de54	74	009074b0
CCreatureAction_FodderIdle	0128dfa4	73	00907520
CCreatureAction_FodderPrimaryAttack	0128dbb4	0	00907530
CCreatureAction_FodderUnblockablePrimaryAttack	0128dd04	0	00907550
CCreatureAction_FodderSecondaryAttack	0128de54	0	00907570
CCreatureAction_FodderIdle	0128dfa4	0	00907590
CCreatureAction_FodderPrimaryAttack	0128dbb4	11	009075b0
CCreatureAction_FodderUnblockablePrimaryAttack	0128dd04	11	009075e0
CCreatureAction_FodderSecondaryAttack	0128de54	11	00907610
CCreatureAction_FodderIdle	0128dfa4	11	00907640
CCombatSequence_TrollOpeningGroundPound	012797bc	17	00907670
CCombatSequence_TrollOpeningGroundPound	012797bc	12	009076a0
CCombatSequence_TrollRockAdvance	0127999c	17	009076b0
CCombatSequence_TrollRockShuffleBack	01279a8c	1	009076c0
CCombatSequence_TrollDoubleSwipe	0127971c	1	00907750
CCombatSequence_TrollDoubleSwipeNonMelee	0127976c	1	00907840
CCombatSequence_TrollOpeningGroundPound	012797bc	1	00907930
CCombatSequence_TrollProjectileAttack	0127980c	1	009079c0
CCombatSequence_TrollBurrowPursue	0127985c	1	00907ae0
CCombatSequence_TrollBurrowPursueNoZone	012798ac	1	00907b60
CCombatSequence_TrollRockPursue	012798fc	1	00907be0
CCombatSequence_TrollRockPursueNoZone	0127994c	1	00907c70
CCombatSequence_TrollRockAdvance	0127999c	1	00907d00
CCombatSequence_TrollRockThrowRock	012799ec	1	00907e00
CCombatSequence_TrollRockIdle	01279a3c	1	00907ec0
CCreatureAction_TrollWhackGroundBase	0128e0ec	81	00907f90
CCreatureAction_TrollWhackGroundBase	0128e0ec	82	00907fa0
CCreatureAction_TrollAngryGroundPound	0128e23c	18	00908060
CCreatureAction_TrollAngryGroundPound	0128e23c	19	00908070
CCreatureAction_TrollAngryGroundPound	0128e23c	29	00908080
CCreatureAction_TrollAngryGroundPound	0128e23c	82	00908090
CCreatureAction_TrollProjectileAttack	0128e3ac	73	00908110
CCreatureAction_TrollProjectileAttack	0128e3ac	78	00908120
CCreatureAction_TrollProjectileAttack	0128e3ac	83	00908130
CCreatureAction_TrollProjectileAttack	0128e3ac	82	00908140
CCreatureAction_TrollTunnel	0128e504	45	009081c0
CCreatureAction_TrollTunnel	0128e504	82	009081d0
CCreatureAction_TrollSwipe	0128e654	29	00908230
CCreatureAction_TrollSwipe	0128e654	19	00908240
CCreatureAction_TrollSwipe	0128e654	74	00908250
CCreatureAction_TrollSwipe	0128e654	16	00908260
CCreatureAction_TrollGetProjectile	0128e8e4	74	00908330
CCreatureAction_TrollWhackGroundBase	0128e0ec	0	00908460
CCreatureAction_TrollAngryGroundPound	0128e23c	0	00908480
CCreatureAction_TrollProjectileAttack	0128e3ac	0	009084a0
CCreatureAction_TrollTunnel	0128e504	0	009084d0
CCreatureAction_TrollSwipe	0128e654	0	009084f0
CCreatureAction_TrollIdle	0128e79c	0	00908510
CCreatureAction_TrollGetProjectile	0128e8e4	0	00908530
CCreatureAction_TrollPursue	0128ea4c	0	00908550
CCreatureAction_WalkOutOf	0128eba4	0	00908570
CCreatureAction_WalkInto	0128ecfc	0	00908590
CCreatureAction_TrollProjectileAttack	0128e3ac	11	009085b0
CCreatureAction_TrollTunnel	0128e504	11	00908600
CCreatureAction_TrollSwipe	0128e654	11	00908630
CCreatureAction_TrollIdle	0128e79c	11	00908660
CCreatureAction_TrollGetProjectile	0128e8e4	11	00908690
CCreatureAction_TrollPursue	0128ea4c	11	009086c0
CCreatureAction_WalkOutOf	0128eba4	11	009086f0
CCreatureAction_WalkInto	0128ecfc	11	00908720
CCreatureAction_TrollAngryGroundPound	0128e23c	11	00908750
CCombatSequence_VillagerAttack	01279adc	1	00908780
CCombatSequence_VillagerBackOff	01279b2c	1	00908810
CCombatSequence_VillagerStepIn	01279b7c	1	009088d0
CCombatSequence_VillagerAdvance	01279bcc	1	00908960
CCombatSequence_VillagerCombo	01279c1c	1	00908a20
CCombatSequence_VillagerComboUnblockable	01279c6c	1	00908b50
CCombatSequence_VillagerNearAttack	01279cbc	1	00908c80
CCombatSequenceWhisperAttackBigCombo	01279dfc	12	00908d80
CCombatSequenceWhisperAttack360	01279e4c	12	00908d90
CCombatSequence_BattleCharge	0127a1bc	12	00908da0
CCombatSequence_BattleCharge	0127a1bc	17	00908de0
CCombatSequenceWhisperLunge	01279d0c	1	00908e00
CCombatSequenceWhisperTooCloseLeapBack	01279eec	1	00908e90
CCombatSequenceWhisperStrafeAround	01279fdc	1	00908f20
CCombatSequenceWhisperSortYourselfOut	01279f8c	1	00908fe0
CCombatSequence_BattleCharge	0127a1bc	1	00909070
CCombatSequence_WillLightning	0127a20c	1	00909140
CCombatSequence_WillEnflame	0127a25c	1	009091d0
CCombatSequence_WillPhysicalShield	0127a364	1	009092c0
CCombatSequence_WillPhysicalShieldNonMelee	0127a3b4	1	009093f0
CCombatSequence_WillForcePushLongRange	0127a30c	1	00909520
CCombatSequence_WillLightning	0127a20c	12	00909640
CCombatSequence_WillLightning	0127a20c	17	00909690
CCombatSequence_WillEnflame	0127a25c	12	009096e0
CCombatSequence_WillEnflame	0127a25c	17	00909730
CCombatSequence_WillPhysicalShield	0127a364	12	00909780
CCombatSequence_WillPhysicalShield	0127a364	17	009097e0
CCombatSequence_WillPhysicalShieldNonMelee	0127a3b4	12	00909830
CCombatSequence_WillPhysicalShieldNonMelee	0127a3b4	17	00909890
CCombatSequence_WillForcePush	0127a2b4	12	009098e0
CCombatSequence_WillForcePush	0127a2b4	17	009099b0
CCombatSequence_WillForcePushLongRange	0127a30c	12	00909a00
CCombatSequence_WillForcePushLongRange	0127a30c	17	00909b50
CCombatSequenceWhisperAdvance	01279d5c	1	00909ba0
CCombatSequenceWhisperAttackCombo	01279dac	1	00909cb0
CCombatSequenceWhisperAttack360	01279e4c	1	00909da0
CCombatSequenceWhisperAttackBigCombo	01279dfc	1	00909e30
CCombatSequenceWhisperStrikeStrafeBack	01279e9c	1	00909fd0
CCombatSequenceWhisperBoast	01279f3c	1	0090a0b0
CCombatSequenceWhisperIdles	0127a02c	1	0090a150
CCombatSequenceJacksCombo	0127a07c	1	0090a1f0
CCombatSequenceNonInterruptable2StrikeCombo	0127a16c	1	0090a340
CCombatSequence2StrikeCombo	0127a0cc	1	0090a400
CCombatSequenceUnblockableFacing	0127a11c	1	0090a4c0
CCombatSequence_WillForcePush	0127a2b4	1	0090a550
CCreatureAction_MidAttackFacing	0128ee8c	74	0090a6f0
CCreatureAction_MidAttackFacing	0128ee8c	0	0090a7a0
CCreatureAction_MidAttack360	0128efd4	0	0090a7c0
CCreatureAction_MidAttackFacing	0128ee8c	11	0090a7e0
CCreatureAction_MidAttack360	0128efd4	11	0090a810
CAIStateGroup_MinionWorkInInn	01288cc8	11	0090bbf0
CAIStateGroup_MinionWorkInInn	01288cc8	12	0090bed0
CAIStateGroup_MinionGuardFollowPlayer	01288dcc	1	0090c160
CAIStateGroup_MinionGuardFollowPlayer	01288dcc	5	0090c190
CAIStateGroup_MinionGuardFollowPlayer	01288dcc	11	0090c1a0
CAIStateGroup_MinionGuardFollowPlayer	01288dcc	14	0090c2d0
CAIStateGroup_MinionGuardFollowPlayer	01288dcc	12	0090c540
CAIStateGroup_MinionGuardFollowPlayer	01288dcc	10	0090c670
CAIStateGroup_MinionGossip	01288e34	14	0090c7e0
CAIStateGroup_MinionGossip	01288e34	15	0090c7f0
CAIStateGroup_MinionGossip	01288e34	13	0090c800
CAIStateGroup_MinionGossip	01288e34	10	0090ca60
CAIStateGroup_MinionGossip	01288e34	5	0090cb80
CAIStateGroup_MinionGossip	01288e34	11	0090cc40
CAIStateGroup_MinionGossip	01288e34	12	0090d030
CAIStateGroup_BanditGossip	01288e94	10	0090e590
CAIStateGroup_BanditGossip	01288e94	14	0090e5b0
CAIStateGroup_BanditGossip	01288e94	15	0090e5c0
CAIStateGroup_BanditGossip	01288e94	12	0090e5d0
CAIStateGroup_MinionKidCalledToMother	01288f48	11	0090eeb0
CAIStateGroup_MinionKidCalledToMother	01288f48	12	0090eec0
CAIStateGroup_MinionReactToAlert	01289070	1	0090f0d0
CAIStateGroup_MinionReactToAlert	01289070	11	0090f1b0
CAIStateGroup_MinionReactToAlert	01289070	12	0090f1c0
CAIStateGroup_MinionHasInformation	012890c8	2	0090f260
CAIStateGroup_MinionHasInformation	012890c8	11	0090f460
CAIStateGroup_MinionHasInformation	012890c8	12	0090f470
CAIStateGroup_MinionSitOnSeat	0128cfbc	1	0090f690
CAIStateGroup_MinionSitOnSeat	0128cfbc	10	0090f710
CAIStateGroup_MinionSitOnSeatBase	0128b584	12	0090f740
CAIStateGroup_MinionSitAtWork	0128b5d4	16	0090f770
CAIStateGroup_MinionSitAtSchool	0128b674	16	0090f7a0
CAIStateGroup_MinionSitAtSchool	0128b674	15	0090f7d0
CAIStateGroup_MinionSitOnSeatBase	0128b584	11	0090f9c0
CAIStateGroup_MinionSitOnSeatBase	0128b584	9	0090fa60
CAIStateGroup_MinionSitAtInn	0128b624	16	0090fae0
CAIStateGroup_MinionSitAtInn	0128b624	18	0090fb60
CAIStateGroup_MinionSitAtWork	0128b5d4	14	0090fbf0
CAIStateGroup_MinionSitAtSchool	0128b674	3	0090fc50
CAIStateGroup_MinionSitAtSchool	0128b674	14	0090fcd0
CAIStateGroup_MinionSitAtSchool	0128b674	11	0090fd20
CAIStateGroup_MinionSitAtSchool	0128b674	12	0090fdb0
CAIStateGroup_MinionListenToStory	01289180	11	00910100
CAIStateGroup_MinionListenToStory	01289180	12	009101c0
CAIStateGroup_MinionSitOnSeat	0128cfbc	11	009104a0
CAIStateGroup_MinionSitOnSeatBase	0128b584	18	009104d0
CAIStateGroup_MinionListenToStory	01289180	10	009106b0
NCreatureMode::CModeSitChairStudious	0128f590	1	009108c0
NCreatureMode::CModeSitChairStudious	0128f590	4	009108d0
NCreatureMode::CModeSitChairStudious	0128f590	0	009108e0
CCreatureAction_DeclarePlayerACriminal	0128f624	0	00910c90
CAIStateGroup_MinionGuardHeardYellForHelp	01289228	11	00910da0
CAIStateGroup_MinionGuardHeardYellForHelp	01289228	12	00910df0
CCreatureAction_DeclarePlayerACriminal	0128f624	11	00910ff0
CCreatureAction_OrderSecuritySweep	0128f74c	0	00911160
CCreatureAction_Curiosity	0128f86c	3	009111f0
CCreatureAction_Curiosity	0128f86c	0	00911200
CAIStateGroup_MinionGuardReactToBodyFoundMessage	012892b8	11	009112f0
CAIStateGroup_MinionGuardReactToBodyFoundMessage	012892b8	12	00911300
CCreatureAction_OrderSecuritySweep	0128f74c	11	009115a0
CCreatureAction_Curiosity	0128f86c	11	009115d0
CAIStateGroup_Guard	0128936c	12	00911630
CAIStateGroup_Wander	012893b4	12	00911710
CAIStateGroup_ChickenWander	01289404	12	009118a0
CAIStateGroup_WanderAroundInitialPos	01289460	11	00911a00
CAIStateGroup_WanderAroundInitialPos	01289460	12	00911a90
CAIStateGroup_ChickenPanic	012894c8	11	00911c20
CAIStateGroup_ChickenPanic	012894c8	12	00911d90
CAIStateGroup_ChickenBeg	01289514	11	00911ef0
CAIStateGroup_ChickenBeg	01289514	12	00911f00
CAIStateGroup_FireflyWander	01289578	1	00911f20
CAIStateGroup_FireflyWander	01289578	12	00911f80
CAIStateGroup_FlyingThingBase	0128f9bc	0	00913490
CAIStateGroup_SmallBirdWander	012895cc	12	00913eb0
CAIStateGroup_BirdFlyToFood	0128961c	12	00913f00
CAIStateGroup_BirdFlyToFood	0128961c	11	00913f30
CAIStateGroup_BirdGroundWander	01289670	9	009143c0
CAIStateGroup_BirdGroundWander	01289670	11	009143e0
CAIStateGroup_BirdGroundWander	01289670	12	00914460
CAIStateGroup_BirdStartled	012896c0	12	00914600
CAIStateGroup_BirdStartled	012896c0	11	00914650
CAIStateGroup_KidWanderNearKids	01289798	13	00914bc0
CAIStateGroup_KidWanderNearKids	01289798	10	00914c10
CAIStateGroup_KidWanderNearKids	01289798	11	00914c60
CAIStateGroup_KidWanderNearKids	01289798	12	00914d80
CAIStateGroup_KidHurtSelfRunToMother	01289824	2	00914ef0
CAIStateGroup_KidHurtSelfRunToMother	01289824	11	00915080
CAIStateGroup_KidHurtSelfRunToMother	01289824	9	00915190
CAIStateGroup_KidHurtSelfRunToMother	01289824	12	00915350
NEntityEvents::CEventChildHurtGoToMother	0128fa80	1	00915700
NEntityEvents::CEventChildHurtGoToMother	0128fa80	4	00915710
NEntityEvents::CEventChildHurtGoToMother	0128fa80	0	00915720
CCreatureAction_PutGoodsDown	0128fad4	10	00915860
CAIStateGroup_MoveGoodsBase	012898dc	2	00915880
CAIStateGroup_MoveGoodsBase	012898dc	9	009162f0
CCreatureAction_PutGoodsDown	0128fad4	0	00916540
CCreatureAction_PickUpGoods	0128fbf4	10	00916600
CCreatureAction_PickUpGoods	0128fbf4	0	00916610
CCreatureAction_PickUpGoods	0128fbf4	11	00916710
CCreatureAction_PutGoodsDown	0128fad4	11	00916760
CAIStateGroup_StayNearSchool	01289970	11	009167f0
CAIStateGroup_StayNearSchool	01289970	12	00916910
CAIStateGroupBase::CAIFilterBase	0128fd20	0	00916a50
CAIStateGroup_ThrowLogsOnFire	012899c4	11	00917110
CAIStateGroup_ThrowLogsOnFire	012899c4	12	00917130
CAIStateGroup_IdleAtHome	01289a10	13	00917300
CAIStateGroup_IdleAtHome	01289a10	11	00917320
CAIStateGroup_IdleAtHome	01289a10	3	00917330
CAIStateGroup_IdleAtHome	01289a10	12	00917380
CAIStateGroup_Clean	01289a4c	13	009174d0
CAIStateGroup_CleanWork	01289aec	11	009174f0
CAIStateGroup_Clean	01289a4c	2	00917520
CAIStateGroup_Clean	01289a4c	12	009175e0
CAIStateGroup_Clean	01289a4c	11	00917a10
CAIStateGroup_CleanHouse	01289a9c	14	00917ad0
CAIStateGroup_CleanHouse	01289a9c	13	00917af0
CAIStateGroup_CleanHouse	01289a9c	11	00917b50
CAIStateGroup_Clean	01289a4c	10	00917bb0
CAIStateGroup_CleanHouse	01289a9c	10	00917d60
CAIStateGroup_CleanWork	01289aec	14	00917db0
CAIStateGroup_Gaze	0128fdec	13	00918350
CAIStateGroup_Gaze	0128fdec	10	009183a0
CAIStateGroup_GazeOutside	0128fe34	13	00918480
CAIStateGroup_GazeOutside	0128fe34	10	00918510
CAIStateGroup_GazeAtHome	0128fe7c	13	00918560
CAIStateGroup_GazeAtHome	0128fe7c	10	009185f0
CAIStateGroup_GazeOutside	0128fe34	11	00918900
CAIStateGroup_GazeAtHome	0128fe7c	11	009189c0
CAIStateGroup_GazeAtWork	0128fec4	11	00918a40
CAIStateGroup_Gaze	0128fdec	3	00918ac0
CAIStateGroup_GazeAtWork	0128fec4	3	00918b50
CAIStateGroup_Gaze	0128fdec	12	00918b90
CAIStateGroup_Gaze	0128fdec	14	00918ec0
CAIStateGroup_Gaze	0128fdec	15	00918ed0
CAIStateGroup_Gaze	0128fdec	0	00918ee0
CAIStateGroup_GazeOutside	0128fe34	14	00918f10
CAIStateGroup_GazeOutside	0128fe34	4	00918f20
CAIStateGroup_GazeOutside	0128fe34	0	00918f30
CAIStateGroup_GazeAtHome	0128fe7c	4	00918f50
CAIStateGroup_GazeAtHome	0128fe7c	15	00918f60
CAIStateGroup_GazeAtHome	0128fe7c	0	00918f70
CAIStateGroup_GazeAtWork	0128fec4	0	00918f90
CAIStateGroup_GazeAtHome	0128fe7c	14	00919000
CAIStateGroup_GazeAtWork	0128fec4	14	00919020
CAIStateGroup_LookAtInterestingThings	01289bbc	13	009190f0
CAIStateGroup_LookAtInterestingThings	01289bbc	10	009191b0
CAIStateGroup_LookAtInterestingThings	01289bbc	3	00919440
CAIStateGroup_LookAtInterestingThings	01289bbc	11	00919510
CAIStateGroup_LookAtInterestingThings	01289bbc	12	009195d0
CAIStateGroup_BuyFromSeller	0128ff0c	9	00919a00
CAIStateGroup_BuyFromSeller	0128ff0c	12	00919ae0
CAIStateGroup_BuyFromSeller	0128ff0c	11	0091a390
CAIStateGroup_BuyFromSeller	0128ff0c	0	0091a570
CAIStateGroup_HandyMan	01289ca0	11	0091b170
CAIStateGroup_HandyMan	01289ca0	12	0091b190
CAIStateGroup_SeekPerceivedThing	01289d24	2	0091b2f0
CAIStateGroup_SeekPerceivedThing	01289d24	9	0091b330
CAIStateGroup_SeekPerceivedThing	01289d24	11	0091b340
CAIStateGroup_SeekPerceivedThing	01289d24	12	0091b570
CAIStateGroup_StandStill	01289d88	12	0091bcf0
CAIStateGroup_BalverineWander	01289dd8	12	0091bd10
CAIStateGroup_NymphFloatAround	0128c134	11	0091c0d0
CAIStateGroup_NymphFloatAround	0128c134	10	0091c130
CAIStateGroup_NymphFloatAround	0128c134	12	0091c3d0
CAIStateGroup_NymphAttack	01289e78	11	0091c640
CAIStateGroup_NymphAttack	01289e78	12	0091c6a0
CAIStateGroup_MinionReactToNoise	0128a104	1	0091cc90
CAIStateGroup_MinionReactToNoise	0128a104	10	0091ccb0
CAIStateGroup_MinionReactToNoise	0128a104	12	0091ccc0
CAIStateGroup_MinionReactToNoise	0128a104	11	0091cdc0
CAIStateGroup_MinionReactToNoise	0128a104	2	0091cf40
CAIStateGroup_MinionReactToNoise	0128a104	9	0091cfa0
CAIStateGroup_MinionReactToApology	0128a19c	11	0091d120
CAIStateGroup_MinionReactToApology	0128a19c	12	0091d190
CAIStateGroup_HoverMovementBase	0128a1dc	22	0091d7f0
CAIStateGroup_HoverMovementBase	0128a1dc	1	0091d820
CAIStateGroup_HoverMovementBase	0128a1dc	9	0091d850
CAIStateGroup_HoverMovementBase	0128a1dc	2	0091d8c0
CAIStateGroup_HoverMovementBase	0128a1dc	11	0091dd30
CAIStateGroup_HoverAllAroundTest	0128a2c0	12	0091ddd0
CAIStateGroup_HoverAttack	0128c634	12	0091e050
CAIStateGroup_HoverAttackUnlessTargetIsFleeing	0128c694	15	0091e480
CAIStateGroup_MinionLeaveRegion	0128a380	11	0091e4a0
CAIStateGroup_MinionLeaveRegion	0128a380	12	0091e4b0
CAIStateGroup_MinionMotherConsoleChild	0128a3dc	11	0091e700
CAIStateGroup_MinionMotherConsoleChild	0128a3dc	12	0091e750
NCreatureAI::CIsRunnableModuleBase	0128ffc8	1	0091e920
CAIStateGroup_CreatureRangedCombat2	0128c814	13	0091e970
CAIStateGroup_CreatureRangedCombat2	0128c814	9	0091e990
CAIStateGroup_TestTestTest	0128a4dc	11	0091ea10
CAIStateGroup_CreatureRangedCombat2	0128c814	2	0091ea20
CAIStateGroup_CreatureRangedCombat2	0128c814	11	0091eb60
CAIStateGroup_CreatureRangedCombat2	0128c814	12	0091ec30
CAIStateGroup_CreatureRangedCombatUseWillShield	0128a484	11	0091f050
CAIStateGroup_CreatureRangedCombatUseWillShield	0128a484	12	0091f0d0
CAIStateGroup_TestTestTest	0128a4dc	12	0091f140
CAIStateGroup_CreatureGoUnderground	0128a5d8	11	00920710
CAIStateGroup_CreatureGoUnderground	0128a5d8	12	00920730
CAIStateGroup_CreatureIdleUnderground	0128a634	12	00920770
CAIStateGroup_CreatureSeekEnemyUnderground	0128c90c	11	009207a0
CAIStateGroup_CreatureIdleUnderground	0128a634	2	009208e0
CAIStateGroup_CreatureIdleUnderground	0128a634	10	00920960
CAIStateGroup_CreatureSeekEnemyUnderground	0128c90c	2	00920990
CAIStateGroup_CreatureSeekEnemyUnderground	0128c90c	12	00920a00
CAIStateGroup_CreatureSeekEnemyUnderground	0128c90c	10	00920dc0
CAIStateGroup_BeetleToggleHover	0128a6ec	11	009210a0
CAIStateGroup_BeetleToggleHover	0128a6ec	12	009211d0
CAIStateGroup_MinionFollowThing	0128cc24	1	00921270
CAIStateGroup_MinionFollowThing	0128cc24	2	009212c0
CAIStateGroup_MinionWalkToMarker	0128a84c	11	00921630
CAIStateGroup_MinionFollowThing	0128cc24	11	009216e0
CAIStateGroup_MinionFollowThing	0128cc24	9	00921870
CAIStateGroup_MinionFollowThing	0128cc24	12	00921990
CAIStateGroup_MinionWalkToMarker	0128a84c	12	00922010
CAIStateGroup_Freeze	0128a95c	11	009224e0
CAIStateGroup_Freeze	0128a95c	12	009224f0
CAIStateGroup_Drunk	0128a9a4	13	00922530
CAIStateGroup_Drunk	0128a9a4	2	00922540
CAIStateGroup_Drunk	0128a9a4	10	009225a0
CAIStateGroup_Drunk	0128a9a4	11	00922600
CAIStateGroup_Drunk	0128a9a4	5	009226b0
CAIStateGroup_Drunk	0128a9a4	12	00922860
CAIStateGroup_ServeFood	0128aa1c	13	00922fa0
CAIStateGroup_ServeFood	0128aa1c	11	00923070
CAIStateGroup_ServeFood	0128aa1c	12	009236c0
CAIStateGroup_ServeFood	0128aa1c	10	009239c0
CAIStateGroup_ServeFoodAtHome	0128cefc	14	00923aa0
CAIStateGroup_ServeFoodAtTavern	0128aa7c	14	00923b00
CCreatureAction_RemoveFoodFromTable	0129007c	0	00923b60
CCreatureAction_AddFoodToTable	012901b4	0	00923b90
CCreatureAction_RemoveFoodFromTable	0129007c	11	00923bb0
CCreatureAction_AddFoodToTable	012901b4	11	00923be0
?A0x29922355::CCreatureAction_KrakenLowAttackInto	01290b0c	68	00923cd0
?A0x29922355::CCreatureAction_KrakenRiseUp	01290594	12	00923cf0
?A0x29922355::CCreatureAction_KrakenRiseUp	01290594	4	00923da0
?A0x29922355::CCreatureAction_KrakenReturnToWater	012906f4	12	00923e10
?A0x29922355::CCreatureAction_KrakenReturnToWater	012906f4	4	00923ec0
?A0x29922355::CCreatureAction_KrakenLowAttackOutOf	01290dbc	12	00923f60
?A0x29922355::CCreatureAction_KrakenLowAttackLoop	01290c64	12	00923fd0
?A0x29922355::CCreatureAction_KrakenLowAttackLoop	01290c64	56	00924040
?A0x29922355::CCreatureAction_KrakenLowAttackInto	01290b0c	12	009240c0
?A0x29922355::CCreatureAction_KrakenLowAttackInto	01290b0c	3	00924120
?A0x29922355::CCreatureAction_KrakenLowChargeLoop	012909c4	56	00924180
?A0x29922355::CCreatureAction_KrakenLowPoseInto	01290854	12	00924200
?A0x29922355::CCreatureAction_KrakenHighAttackLoop	0129107c	12	00924260
?A0x29922355::CCreatureAction_KrakenHighAttackLoop	0129107c	56	009242d0
?A0x29922355::CCreatureAction_KrakenHighAttackInto	01290f1c	12	00924350
?A0x29922355::CCreatureAction_KrakenHighAttackOutOf	012911dc	12	009243b0
CAIStateGroup_KrakenTentacleRise	0128ab9c	11	00924420
CAIStateGroup_KrakenTentacleAttack	0128abf4	11	009244d0
?A0x29922355::CCreatureAction_KrakenLowAttackLoop	01290c64	4	00924520
?A0x29922355::CCreatureAction_KrakenLowAttackInto	01290b0c	4	00924670
?A0x29922355::CCreatureAction_KrakenLowChargeLoop	012909c4	4	00924720
?A0x29922355::CCreatureAction_KrakenLowPoseInto	01290854	4	00924880
?A0x29922355::CCreatureAction_KrakenHighAttackLoop	0129107c	4	00924930
?A0x29922355::CCreatureAction_KrakenHighAttackInto	01290f1c	4	00924a90
?A0x29922355::CCreatureAction_KrakenRoarInto	0129133c	4	00924b40
?A0x29922355::CCreatureAction_KrakenRoarLoop	01291494	4	00924b90
CAIStateGroup_KrakenAttack	0128aaf4	12	00924c70
CAIStateGroup_KrakenTentacleIdle	0128ab48	12	009250f0
CAIStateGroup_KrakenTentacleRise	0128ab9c	12	00925170
CAIStateGroup_KrakenTentacleAttack	0128abf4	12	009251e0
CCreatureAction_TentacleRise	01290304	57	00925290
CCreatureAction_TentacleRise	01290304	59	009252a0
CCreatureAction_TentacleStrikeInto	0129044c	57	00925300
CCreatureAction_TentacleStrikeInto	0129044c	59	00925310
?A0x29922355::CCreatureAction_KrakenRiseUp	01290594	57	00925390
?A0x29922355::CCreatureAction_KrakenRiseUp	01290594	74	009253a0
?A0x29922355::CCreatureAction_KrakenReturnToWater	012906f4	57	00925420
?A0x29922355::CCreatureAction_KrakenLowPoseInto	01290854	57	009254a0
?A0x29922355::CCreatureAction_KrakenLowChargeLoop	012909c4	57	00925540
?A0x29922355::CCreatureAction_KrakenLowAttackInto	01290b0c	57	009255c0
?A0x29922355::CCreatureAction_KrakenLowAttackLoop	01290c64	57	00925660
?A0x29922355::CCreatureAction_KrakenLowAttackOutOf	01290dbc	57	009256e0
?A0x29922355::CCreatureAction_KrakenHighAttackInto	01290f1c	57	00925760
?A0x29922355::CCreatureAction_KrakenHighAttackLoop	0129107c	57	00925800
?A0x29922355::CCreatureAction_KrakenHighAttackOutOf	012911dc	57	00925880
?A0x29922355::CCreatureAction_KrakenRoarInto	0129133c	57	00925900
?A0x29922355::CCreatureAction_KrakenRoarLoop	01291494	57	00925990
?A0x29922355::CCreatureAction_KrakenRoarOutOf	012915ec	57	00925a10
CCreatureAction_TentacleRise	01290304	0	00925a30
CCreatureAction_TentacleStrikeInto	0129044c	0	00925a50
?A0x29922355::CCreatureAction_KrakenRiseUp	01290594	0	00925a70
?A0x29922355::CCreatureAction_KrakenReturnToWater	012906f4	0	00925a90
?A0x29922355::CCreatureAction_KrakenLowPoseInto	01290854	0	00925ab0
?A0x29922355::CCreatureAction_KrakenLowChargeLoop	012909c4	0	00925ad0
?A0x29922355::CCreatureAction_KrakenLowAttackInto	01290b0c	0	00925af0
?A0x29922355::CCreatureAction_KrakenLowAttackLoop	01290c64	0	00925b10
?A0x29922355::CCreatureAction_KrakenLowAttackOutOf	01290dbc	0	00925b30
?A0x29922355::CCreatureAction_KrakenHighAttackInto	01290f1c	0	00925b50
?A0x29922355::CCreatureAction_KrakenHighAttackLoop	0129107c	0	00925b70
?A0x29922355::CCreatureAction_KrakenHighAttackOutOf	012911dc	0	00925b90
?A0x29922355::CCreatureAction_KrakenRoarInto	0129133c	0	00925bb0
?A0x29922355::CCreatureAction_KrakenRoarLoop	01291494	0	00925bd0
?A0x29922355::CCreatureAction_KrakenRoarOutOf	012915ec	0	00925bf0
CCreatureAction_TentacleRise	01290304	11	00925c10
CCreatureAction_TentacleStrikeInto	0129044c	11	00925c40
?A0x29922355::CCreatureAction_KrakenRiseUp	01290594	11	00925c80
?A0x29922355::CCreatureAction_KrakenReturnToWater	012906f4	11	00925cb0
?A0x29922355::CCreatureAction_KrakenLowPoseInto	01290854	11	00925ce0
?A0x29922355::CCreatureAction_KrakenLowChargeLoop	012909c4	11	00925d10
?A0x29922355::CCreatureAction_KrakenLowAttackInto	01290b0c	11	00925d60
?A0x29922355::CCreatureAction_KrakenLowAttackLoop	01290c64	11	00925d90
?A0x29922355::CCreatureAction_KrakenLowAttackOutOf	01290dbc	11	00925de0
?A0x29922355::CCreatureAction_KrakenHighAttackInto	01290f1c	11	00925e10
?A0x29922355::CCreatureAction_KrakenHighAttackLoop	0129107c	11	00925e40
?A0x29922355::CCreatureAction_KrakenHighAttackOutOf	012911dc	11	00925e90
?A0x29922355::CCreatureAction_KrakenRoarInto	0129133c	11	00925ec0
?A0x29922355::CCreatureAction_KrakenRoarLoop	01291494	11	00925ef0
?A0x29922355::CCreatureAction_KrakenRoarOutOf	012915ec	11	00925f30
CAIStateGroup_WifeGiveYouGift	0128ac48	13	00925f80
CAIStateGroup_WifeGiveYouGift	0128ac48	11	00925f90
CAIStateGroup_WifeGiveYouGift	0128ac48	12	00926060
CAIStateGroup_WifeGiveYouGift	0128ac48	10	009261f0
CAIStateGroup_OpenAndCloseShop	0128ac9c	13	00926a10
CAIStateGroup_OpenAndCloseShop	0128ac9c	3	00926b30
CAIStateGroup_OpenAndCloseShop	0128ac9c	11	00926c50
CAIStateGroup_OpenAndCloseShop	0128ac9c	12	00926ed0
CAIStateGroup_ShopkeeperWatchPlayer	01291784	11	00927c80
CAIStateGroup_ShopkeeperWatchPlayer	01291784	0	00927da0
CAIStateGroup_SetupWares	0128ad04	11	00927df0
CAIStateGroup_SetupWares	0128ad04	3	00927ea0
CAIStateGroup_SetupWares	0128ad04	12	00927f30
CAIStateGroup_BanditPlayDice	0128ad54	13	009284b0
CAIStateGroup_BanditPlayDice	0128ad54	15	00928550
CAIStateGroup_BanditPlot	0128adb4	15	00928590
CAIStateGroup_BanditPlayDice	0128ad54	17	009285d0
CAIStateGroup_BanditPlot	0128adb4	17	009289b0
CAIStateGroup_BanditPlayDice	0128ad54	10	00928e20
CAIStateGroup_BanditPlayDice	0128ad54	11	00929020
CAIStateGroup_BanditPlayDice	0128ad54	14	00929220
CAIStateGroup_BanditPlot	0128adb4	14	009292b0
CAIStateGroup_BanditPlayDice	0128ad54	12	00929340
CAIStateGroup_MinionGuardGreetPlayer	0128ae20	1	00929640
CAIStateGroup_MinionGuardGreetPlayer	0128ae20	11	00929650
CAIStateGroup_MinionGuardGreetPlayer	0128ae20	12	00929820
CAIStateGroup_MinionGuardBribed	0128ae74	11	00929aa0
CAIStateGroup_MinionGuardBribed	0128ae74	12	00929b10
CAIStateGroup_ApprenticeHero	0128aec4	13	00929e80
CAIStateGroup_ApprenticeHero	0128aec4	3	00929ea0
CAIStateGroup_ApprenticeHero	0128aec4	11	00929f10
CAIStateGroup_ApprenticeHero	0128aec4	14	0092a8a0
CAIStateGroup_ApprenticeHero	0128aec4	12	0092b110
CAIStateGroup_SkillPractice	0128af1c	11	0092b360
CAIStateGroup_SkillPractice	0128af1c	12	0092b3a0
CAIStateGroup_SkillPractice	0128af1c	14	0092b3e0
CAIStateGroup_OnHeroPush	0128af6c	11	0092b800
CAIStateGroup_OnHeroPush	0128af6c	12	0092b900
CAIStateGroup_AvoidRegionExit	0128afc0	1	0092bc50
CAIStateGroup_AvoidRegionExit	0128afc0	12	0092bc60
CAIStateGroup_AvoidRegionExit	0128afc0	11	0092bcb0
CAIStateGroup_MinionWander	0128b0c8	11	0092bf30
CAIStateGroup_MinionWander	0128b0c8	12	0092c070
CAIStateGroup_MinionSleep	0128b140	13	0092c440
CAIStateGroup_GoToBed	0128b104	13	0092c490
CAIStateGroup_MinionSleep	0128b140	3	0092c4d0
CAIStateGroup_GoToBed	0128b104	5	0092c560
CAIStateGroup_MinionSleep	0128b140	5	0092c5a0
CAIStateGroup_GoToBed	0128b104	10	0092c740
CAIStateGroup_MinionSleep	0128b140	10	0092cda0
CAIStateGroup_GoToBed	0128b104	3	0092d600
CAIStateGroup_GoToBed	0128b104	11	0092d6f0
CAIStateGroup_GoToBed	0128b104	12	0092d7c0
CAIStateGroup_MinionSleep	0128b140	12	0092da20
CAIStateGroup_MinionSleep	0128b140	11	0092e130
CCreatureAction_GetInBed	01291bfc	10	0092e3c0
CCreatureAction_GetInBed	01291bfc	57	0092e3d0
CCreatureAction_GetInBed	01291bfc	0	0092e3e0
CCreatureAction_GetInBed	01291bfc	11	0092e7e0
CAIStateGroup_MinionFindPersonalSpace	0128b17c	11	0092e950
CAIStateGroup_MinionFindPersonalSpace	0128b17c	12	0092ea90
CAIStateGroup_MinionReactToPlayerInteraction	0128b1b8	13	0092eca0
CAIStateGroup_MinionReactToPlayerInteraction	0128b1b8	10	0092ecc0
CAIStateGroup_MinionReactToPlayerInteraction	0128b1b8	12	00930480
CAIStateGroup_MinionReactToPlayerInteraction	0128b1b8	11	00930a70
CAIStateGroup_MinionReactToCriminal	0128b1f4	13	00930d70
CAIStateGroup_MinionReactToCriminal	0128b1f4	2	00930dc0
CAIStateGroup_MinionReactToCriminal	0128b1f4	10	00930e20
CAIStateGroup_MinionReactToCriminal	0128b1f4	11	00931010
CAIStateGroup_MinionReactToCriminal	0128b1f4	5	00931200
CAIStateGroup_MinionReactToCriminal	0128b1f4	12	00931390
CAIStateGroup_MinionGuardReactToCriminal	0128b230	13	00932960
CAIStateGroup_MinionGuardReactToCriminal	0128b230	5	00932980
CAIStateGroup_MinionGuardReactToCriminal	0128b230	11	00932990
CAIStateGroup_MinionGuardReactToCriminal	0128b230	12	00932b50
CAIStateGroup_MinionGuardReactToCriminal	0128b230	10	009331e0
CAIStateGroup_MinionGuardReactToBribe	0128b26c	13	00933300
CAIStateGroup_MinionGuardReactToBribe	0128b26c	11	00933310
CAIStateGroup_MinionGuardReactToBribe	0128b26c	5	00933470
CAIStateGroup_MinionGuardReactToBribe	0128b26c	12	009334f0
CAIStateGroup_MinionCuriosity	0128b2a8	11	00933ae0
CAIStateGroup_MinionCuriosity	0128b2a8	12	00933b30
CAIStateGroup_MinionMotherProtectFamily	0128b2e4	12	00933bb0
CAIStateGroup_MinionMotherProtectFamily	0128b2e4	11	00933c10
CCreatureAction_CallSpouseHome	0129203c	0	00933d30
CCreatureAction_CallSpouseHome	0129203c	11	00933d50
CAIStateGroup_MinionKidAnnoy	0128b320	11	00933da0
CAIStateGroup_MinionKidAnnoy	0128b320	12	00933db0
CCreatureAction_KickCreature	0129215c	0	00933fa0
CCreatureAction_KickCreature	0129215c	11	00933fd0
CAIStateGroup_MinionKidGroupTag	0128b35c	13	00934090
CAIStateGroup_MinionKidGroupTag	0128b35c	10	009340f0
CAIStateGroup_MinionKidGroupTag	0128b35c	5	00934100
CAIStateGroup_MinionKidGroupTag	0128b35c	2	00934120
CAIStateGroup_MinionKidGroupTag	0128b35c	9	009347b0
CAIStateGroup_MinionKidGroupTag	0128b35c	12	00934870
CAIStateGroup_MinionKidGroupTag	0128b35c	11	00934920
CAIStateGroup_PerformAction	0128b398	11	009352b0
CAIStateGroup_PerformAction	0128b398	12	009352c0
CAIStateGroup_MinionFaceHero	0128b3d4	9	00935530
CAIStateGroup_MinionFaceHero	0128b3d4	11	00935580
CAIStateGroup_MinionFaceHero	0128b3d4	12	009357f0
CAIStateGroup_MinionPutOutFires	0128b410	9	00935a80
CAIStateGroup_MinionPutOutFires	0128b410	11	00935ad0
CAIStateGroup_MinionPutOutFires	0128b410	12	00936020
CAIStateGroup_MinionWatchFires	0128b44c	9	009361c0
CAIStateGroup_MinionWatchFires	0128b44c	11	00936210
CAIStateGroup_MinionWatchFires	0128b44c	12	009363d0
CAIStateGroup_MinionWatchFires	0128b44c	10	00936590
CAIStateGroup_MinionWatchFires	0128b44c	13	009365e0
CAIStateGroup_MinionReactToCorpse	0128b488	11	00936a60
CAIStateGroup_MinionReactToCorpse	0128b488	2	00936ba0
CAIStateGroup_MinionReactToCorpse	0128b488	9	00936c10
CAIStateGroup_MinionReactToCorpse	0128b488	12	00936c70
CAIStateGroup_MinionReactToUnconsciousPerson	0128b4c4	12	009378f0
CAIStateGroup_MinionReactToUnconsciousPerson	0128b4c4	11	00937d20
CAIStateGroup_MinionReactToEnemy	0128b500	12	00937da0
CAIStateGroup_MinionReactToEnemy	0128b500	11	00937f70
NCreatureMode::CModeSitChairBored	01292354	1	00938160
NCreatureMode::CModeSitChairBored	01292354	4	00938170
NCreatureMode::CModeSitChairBored	01292354	0	00938180
NCreatureMode::CModeSitChairSleeping	01292398	1	00938230
NCreatureMode::CModeSitChairSleeping	01292398	4	00938240
NCreatureMode::CModeSitChairSleeping	01292398	0	00938250
CAIStateGroup_UsesSeat	0128b53c	15	00938280
CAIStateGroup_UsesSeat	0128b53c	10	009387f0
CAIStateGroup_UsesSeat	0128b53c	5	00938960
CAIStateGroup_MinionSitAtHome	0128b6c4	14	00938ed0
CAIStateGroup_MinionSitAtHome	0128b6c4	16	00938ef0
CAIStateGroup_MinionSitOutside	0128d00c	13	00938f20
CAIStateGroup_MinionSitOutside	0128d00c	11	00938f70
CAIStateGroup_MinionSitOutside	0128d00c	5	00939060
CAIStateGroup_MinionSitOutside	0128d00c	10	009390e0
CAIStateGroup_MinionSitAtHome	0128b6c4	13	00939130
CAIStateGroup_MinionSitAtHome	0128b6c4	11	00939180
CAIStateGroup_MinionSitAtHome	0128b6c4	10	00939220
CAIStateGroup_SitRoundCampfire	0128b714	1	00939270
CAIStateGroup_SitRoundCampfire	0128b714	12	009392a0
CAIStateGroup_SitRoundCampfire	0128b714	13	009395a0
CAIStateGroup_SitRoundCampfire	0128b714	11	00939670
CAIStateGroup_SitRoundCampfire	0128b714	10	009397e0
CAIStateGroup_MinionGuardReactToPlayerWithWeapon	0128b750	11	00939ed0
CAIStateGroup_MinionGuardReactToPlayerWithWeapon	0128b750	12	0093a080
CAIStateGroup_BanditSitRoundCampfire	0128b78c	1	0093a500
CAIStateGroup_BanditSitRoundCampfire	0128b78c	5	0093a890
CAIStateGroup_BanditSitRoundCampfire	0128b78c	3	0093aa40
CAIStateGroup_BanditSitRoundCampfire	0128b78c	11	0093ae80
CAIStateGroup_BanditSitRoundCampfire	0128b78c	10	0093afc0
CAIStateGroup_BanditSitRoundCampfire	0128b78c	12	0093b1d0
CAIStateGroup_SeekEnemy	0128b7c8	13	0093b6f0
CAIStateGroup_SeekEnemy	0128b7c8	11	0093b740
CAIStateGroup_SeekEnemy	0128b7c8	12	0093b9f0
CAIStateGroup_SeekEnemy	0128b7c8	9	0093bdf0
CAIStateGroup_SeekScriptTarget	0128b804	13	0093bea0
CAIStateGroup_SeekScriptTarget	0128b804	11	0093bef0
CAIStateGroup_SeekScriptTarget	0128b804	12	0093c030
CAIStateGroup_SeekScriptTarget	0128b804	9	0093c230
CAIStateGroup_StealthSeekEnemy	0128b840	11	0093c2f0
CAIStateGroup_StealthSeekEnemy	0128b840	9	0093c420
CAIStateGroup_StealthSeekEnemy	0128b840	12	0093c830
CAIStateGroup_NonVillageGuardPatrol	0128b87c	9	0093ca60
CAIStateGroup_NonVillageGuardPatrol	0128b87c	12	0093cb20
CAIStateGroup_NonVillageGuardPatrol	0128b87c	11	0093cc60
CAIStateGroup_ButterflyWander	0128b918	1	0093cfe0
CAIStateGroup_ButterflyWander	0128b918	12	0093d030
CAIStateGroup_MeleeCombatNearbyBase	0128b954	7	0093d170
CAIStateGroup_MeleeCombatNearbyBase	0128b954	11	0093d270
CAIStateGroup_MeleeCombatNearbyBase	0128b954	15	0093d720
CAIStateGroup_MeleeCombatNearbyBase	0128b954	14	0093d800
CAIStateGroup_MeleeCombatNearby2	0128b99c	14	0093db10
CAIStateGroup_MeleeCombatNearbyAttackWhenVeryClose	0128b9e4	14	0093dc10
CAIStateGroup_MeleeCombatNearby2	0128b99c	9	0093e240
CAIStateGroup_MeleeCombatNearbyAttackWhenVeryClose	0128b9e4	12	0093e2d0
CAIStateGroup_MeleeCombatNearbyAttackWhenVeryClose	0128b9e4	9	0093e560
CAIStateGroup_MeleeCombatNearby2	0128b99c	12	0093e5e0
CAIStateGroup_VillageTaskTorch	0128ba28	11	0093e8c0
CAIStateGroup_VillageTaskTorch	0128ba28	9	0093ea00
CAIStateGroup_VillageTaskTorch	0128ba28	12	0093ea90
CAIStateGroup_VillageTaskTorch	0128ba28	1	0093ec60
CAIStateGroup_VillageTaskPatrol	0128ba64	11	0093edf0
CAIStateGroup_VillageTaskPatrol	0128ba64	10	0093ee40
CAIStateGroup_VillageTaskPatrol	0128ba64	1	0093eed0
CAIStateGroup_VillageTaskPatrol	0128ba64	3	0093ef30
CAIStateGroup_VillageTaskPatrol	0128ba64	12	0093f3c0
CAIStateGroup_VillageTaskSecuritySweep	0128baa0	5	0093fad0
CAIStateGroup_VillageTaskSecuritySweep	0128baa0	9	0093fb30
CAIStateGroup_VillageTaskSecuritySweep	0128baa0	11	0093fbc0
CAIStateGroup_VillageTaskSecuritySweep	0128baa0	1	0093fc70
CAIStateGroup_VillageTaskSecuritySweep	0128baa0	12	0093fcd0
CAIStateGroup_VillageTaskPickCrops	0128badc	13	00940110
CAIStateGroup_VillageTaskPickCrops	0128badc	11	00940180
CAIStateGroup_VillageTaskPickCrops	0128badc	9	00940240
CAIStateGroup_VillageTaskPickCrops	0128badc	12	00940310
CCreatureAction_PickCrop	012925f4	0	00940680
CCreatureAction_PickCrop	012925f4	11	009406b0
CAIStateGroup_VillageTaskHorn	0128bb18	11	00940820
CAIStateGroup_VillageTaskHorn	0128bb18	9	009408d0
CAIStateGroup_VillageTaskHorn	0128bb18	12	00940960
CAIStateGroup_VillageTaskHorn	0128bb18	1	00940b10
CAIStateGroup_KidWatchHopscotch	0128bb54	13	00940ba0
CAIStateGroup_KidWatchHopscotch	0128bb54	2	00940bd0
CAIStateGroup_KidWatchHopscotch	0128bb54	12	00940bf0
CAIStateGroup_KidWatchHopscotch	0128bb54	11	00941210
CAIStateGroup_KidPlayHopscotch	0128bb90	13	00941520
CAIStateGroup_KidPlayHopscotch	0128bb90	2	00941550
CAIStateGroup_KidPlayHopscotch	0128bb90	9	009415b0
CAIStateGroup_KidPlayHopscotch	0128bb90	12	00941690
CAIStateGroup_KidPlayHopscotch	0128bb90	11	00941900
CCreatureAction_PlayHopscotch	0129274c	3	00941b90
CCreatureAction_PlayHopscotch	0129274c	10	00941ba0
CCreatureAction_PlayHopscotch	0129274c	57	00941bb0
CCreatureAction_PlayHopscotch	0129274c	0	00941bc0
CCreatureAction_PlayHopscotch	0129274c	11	00941cc0
CAIStateGroup_KidReactToBlockage	0128bbcc	13	00941cf0
CAIStateGroup_KidReactToBlockage	0128bbcc	10	00941d70
CAIStateGroup_KidReactToBlockage	0128bbcc	12	00941e00
CAIStateGroup_KidReactToBlockage	0128bbcc	11	00941fc0
CAIStateGroup_WorkAtSchool	0128bc08	13	009425e0
CAIStateGroup_WorkAtSchool	0128bc08	3	009429c0
CAIStateGroup_WorkAtSchool	0128bc08	11	00942a00
CAIStateGroup_WorkAtSchool	0128bc08	10	00942c10
CAIStateGroup_TellStory	0128bc44	11	00942d40
CAIStateGroup_TellStory	0128bc44	12	00942ee0
CAIStateGroup_WorkAtSchool	0128bc08	12	009432c0
CAIStateGroup_WorkInWarehouse	0128bc80	3	00943ae0
CAIStateGroup_WorkInWarehouse	0128bc80	9	00943b40
CAIStateGroup_WorkInWarehouse	0128bc80	11	00943c20
CAIStateGroup_WorkInWarehouse	0128bc80	12	00944300
CAIFilter_ShouldStillBeWorkingInWarehouse	01292a8c	0	009444e0
CAIStateGroup_WorkSawingWood	0128bcbc	13	009445b0
CAIStateGroup_WorkSawingWood	0128bcbc	5	009445c0
CAIStateGroup_WorkSawingWood	0128bcbc	2	009445f0
CAIStateGroup_WorkSawingWood	0128bcbc	10	00944690
CAIStateGroup_WorkSawingWood	0128bcbc	11	00944730
CAIStateGroup_WorkSawingWood	0128bcbc	12	00944940
CAIStateGroup_WorkHammerAnvil	0128bcf8	13	00944cd0
CAIStateGroup_WorkHammerAnvil	0128bcf8	5	00944ce0
CAIStateGroup_WorkHammerAnvil	0128bcf8	2	00944d10
CAIStateGroup_WorkHammerAnvil	0128bcf8	10	00944db0
CAIStateGroup_WorkHammerAnvil	0128bcf8	11	00944e80
CAIStateGroup_WorkHammerAnvil	0128bcf8	12	00945060
CAIStateGroup_SitForMeal	0128bd34	13	009454b0
CAIStateGroup_SitForMeal	0128bd34	14	00945610
CAIStateGroup_SitForMeal	0128bd34	9	00945620
CAIStateGroup_SitForMeal	0128bd34	11	00945b90
CAIStateGroup_SitForMeal	0128bd34	12	00945bd0
CAIStateGroup_SitForMeal	0128bd34	3	00945cb0
CCreatureAction_GetItemOutOfPocket	01292bc4	0	00945d20
CIntelligentPointer	01292cfc	0	00945d60
CCreatureAction_GetItemOutOfPocket	01292bc4	11	00946070
CAIStateGroup_PrepareMeal	0128bd7c	13	009460b0
CAIStateGroup_PrepareMeal	0128bd7c	3	009460c0
CAIStateGroup_PrepareMeal	0128bd7c	9	00946100
CAIStateGroup_PrepareMeal	0128bd7c	12	00946190
CAIStateGroup_PrepareMeal	0128bd7c	14	00946330
CAIStateGroup_PrepareMeal	0128bd7c	11	00946400
CAIStateGroup_LightHomeCandle	0128bdbc	13	00946620
CAIStateGroup_LightWorkCandle	0128be04	15	00946630
CAIStateGroup_LightHomeCandle	0128bdbc	14	00946650
CAIStateGroup_LightWorkCandle	0128be04	14	00946670
CAIStateGroup_LightHomeCandle	0128bdbc	15	00946690
CAIStateGroup_LightHomeCandle	0128bdbc	12	00946850
CAIStateGroup_LightHomeCandle	0128bdbc	11	00946b50
CAIStateGroup_WanderAroundShops	0128be4c	9	00946dd0
CAIStateGroup_WanderAroundShops	0128be4c	13	00946e10
CAIStateGroup_WanderAroundShops	0128be4c	10	00946e70
CAIStateGroup_WanderAroundShops	0128be4c	5	00946f30
CAIStateGroup_WanderAroundShops	0128be4c	11	00947280
CAIStateGroup_WanderAroundShops	0128be4c	3	009473e0
CAIStateGroup_WanderAroundShops	0128be4c	12	009474f0
CAIStateGroup_StayNearFoodHall	0128be88	11	009478a0
CAIStateGroup_StayNearFoodHall	0128be88	12	00947a30
CAIStateGroup_GoToPub	0128bec4	13	00947db0
CAIStateGroup_GoToPub	0128bec4	3	00948060
CAIStateGroup_GoToPub	0128bec4	10	009498b0
CAIStateGroup_GoToPub	0128bec4	11	00949ab0
CAIStateGroup_GoToPub	0128bec4	12	0094ab00
CCreatureAction_PickUpTankard	01292d6c	0	0094b350
CCreatureAction_PutDownTankard	01292e9c	0	0094b380
NCreatureMode::CModeSitTavernStool	01292ff8	1	0094b5b0
NCreatureMode::CModeSitTavernStool	01292ff8	4	0094b5c0
NCreatureMode::CModeSitTavernStool	01292ff8	0	0094b5d0
CCreatureAction_PickUpTankard	01292d6c	11	0094b6a0
CCreatureAction_PutDownTankard	01292e9c	11	0094b6d0
CAIStateGroup_SitInPub	0128bf04	13	0094b720
CAIStateGroup_SitInPub	0128bf04	12	0094b740
CAIStateGroup_SitInPub	0128bf04	11	0094b8b0
CAIStateGroup_MinionHawkingFromStall	0128bf48	10	0094bad0
CAIStateGroup_MinionHawkingFromStall	0128bf48	12	0094bb20
CAIStateGroup_MinionHawkingFromStall	0128bf48	11	0094bca0
CAIStateGroup_MinionHawkingFromStall	0128bf48	5	0094bdf0
CAIStateGroup_SellToBuyer	0128bf84	9	0094bf50
CAIStateGroup_SellToBuyer	0128bf84	11	0094c010
CAIStateGroup_SellToBuyer	0128bf84	12	0094c050
CAIStateGroup_GameMaster	0128bfc4	2	0094c7b0
CAIStateGroup_GameMaster	0128bfc4	15	0094c7d0
CAIStateGroup_GameMaster	0128bfc4	13	0094c7e0
CAIStateGroup_GameMaster	0128bfc4	3	0094c850
CAIStateGroup_GameMaster	0128bfc4	11	0094c900
CAIStateGroup_GameMaster	0128bfc4	10	0094ca80
CAIStateGroup_GameMaster	0128bfc4	14	0094cb40
CAIStateGroup_GameMaster	0128bfc4	12	0094d020
CAIStateGroup_TrollBase	0128c008	1	0094d780
CAIStateGroup_RockTroll	0128d0a0	11	0094dac0
CAIStateGroup_RockTroll	0128d0a0	12	0094dd90
CCreatureAction_TrollGroundPound	012931cc	0	0094e660
CCreatureAction_TrollGroundPound	012931cc	11	0094e680
CAIStateGroup_EarthTroll	0128c044	11	0094e6b0
CAIStateGroup_EarthTroll	0128c044	12	0094e7b0
CAIStateGroup_FollowPlayer	0128c080	2	0094ef70
CAIStateGroup_FollowPlayer	0128c080	11	0094ef90
CAIStateGroup_FollowPlayer	0128c080	12	0094f000
CAIStateGroup_BalverineCornered	0128c0bc	13	0094f080
CAIStateGroup_BalverineJumpAtFleeingEnemy	0128c0f8	13	0094f170
CAIStateGroup_BalverineCornered	0128c0bc	11	0094f180
CAIStateGroup_BalverineJumpAtFleeingEnemy	0128c0f8	11	0094f480
CAIStateGroup_BalverineCornered	0128c0bc	12	0094f640
CAIStateGroup_BalverineJumpAtFleeingEnemy	0128c0f8	12	0094f730
CAIStateGroup_JackDragon	0128c170	11	0094f9d0
CAIStateGroup_JackDragon	0128c170	9	009500a0
CAIStateGroup_JackDragon	0128c170	2	009500e0
CAIStateGroup_JackDragon	0128c170	12	00952e80
CCreatureAction_DragonRearUpFull	01293404	59	00953190
CCreatureAction_SnapDragon	0129354c	29	00953220
CCreatureAction_SnapDragon	0129354c	19	00953230
CCreatureAction_SnapDragon	0129354c	81	00953240
CCreatureAction_SnapDragonFast	0129369c	29	009532c0
CCreatureAction_SnapDragonFast	0129369c	19	009532d0
CCreatureAction_SnapDragonFast	0129369c	81	009532e0
CCreatureAction_DragonLand	01293934	59	009533d0
CCreatureAction_DragonTakeOffIntoFlying	01293a7c	59	00953460
CCreatureAction_DragonHoverOutOf	01293d0c	59	00953590
CCreatureAction_DragonFireBlastBase	01293f9c	50	009536c0
CCreatureAction_DragonBurninateInto	01294374	57	00953880
CCreatureAction_DragonRearUpFull	01293404	0	009538b0
CCreatureAction_SnapDragon	0129354c	0	009538e0
CCreatureAction_SnapDragonFast	0129369c	0	00953900
CCreatureAction_DragonRoar	012937ec	0	00953920
CCreatureAction_DragonLand	01293934	0	00953940
CCreatureAction_DragonTakeOffIntoFlying	01293a7c	0	00953960
CCreatureAction_DragonHoverInto	01293bc4	0	00953980
CCreatureAction_DragonHoverOutOf	01293d0c	0	009539a0
CCreatureAction_DragonFireBeamInto	01293e54	0	009539c0
CCreatureAction_DragonFireBlastBase	01293f9c	0	009539e0
CCreatureAction_DragonFireBlastForward	012940e4	0	00953a00
CCreatureAction_DragonFireBlastLeft	0129422c	0	00953a20
CCreatureAction_DragonBurninateInto	01294374	0	00953a40
CCreatureAction_DragonRearUpFull	01293404	11	00953a80
CCreatureAction_SnapDragon	0129354c	11	00953ad0
CCreatureAction_SnapDragonFast	0129369c	11	00953b00
CCreatureAction_DragonRoar	012937ec	11	00953b30
CCreatureAction_DragonLand	01293934	11	00953b60
CCreatureAction_DragonTakeOffIntoFlying	01293a7c	11	00953b90
CCreatureAction_DragonHoverInto	01293bc4	11	00953c90
CCreatureAction_DragonHoverOutOf	01293d0c	11	00953cc0
CCreatureAction_DragonFireBeamInto	01293e54	11	00953cf0
CCreatureAction_DragonFireBlastLeft	0129422c	11	00953d30
CCreatureAction_DragonBurninateInto	01294374	11	00953dc0
CCreatureAction_DragonFireBlastForward	012940e4	11	00953eb0
CAIStateGroup_MazeTeleport	0128d0dc	1	00953f60
CAIStateGroup_MazeRangedCombat	0128c1e8	1	00953f70
CAIStateGroup_MazeDefensiveMeleeCombat	0128c224	1	00953fa0
CAIStateGroup_MazeTutorialBattleTeleport	0128c2d8	1	00953fe0
CAIStateGroup_MazeTutorialBattleRespondToLightning	0128c314	1	00954040
CAIStateGroup_MazeTutorialBattleUseShield	0128c350	1	00954080
CAIStateGroup_MazeBase	0128c1ac	10	009540c0
CAIStateGroup_MazeBase	0128c1ac	2	009540f0
CAIStateGroup_MazeDefensiveMeleeCombat	0128c224	2	00954150
CAIStateGroup_MazeTutorialBattle	0128c29c	2	00954190
CAIStateGroup_MazeTutorialBattleTeleport	0128c2d8	2	009541e0
CAIStateGroup_MazeTeleport	0128d0dc	11	009543b0
CAIStateGroup_MazeTeleport	0128d0dc	2	00954410
CAIStateGroup_MazeRangedCombat	0128c1e8	11	00954470
CAIStateGroup_MazeRangedCombat	0128c1e8	2	00954630
CAIStateGroup_MazeShieldedChase	0128c260	11	00954690
CAIStateGroup_MazeShieldedChase	0128c260	2	009547d0
CAIStateGroup_MazeShieldedChase	0128c260	9	00954900
CAIStateGroup_MazeDefensiveMeleeCombat	0128c224	11	00954980
CAIStateGroup_MazeDefensiveMeleeCombat	0128c224	10	00954a20
CAIStateGroup_MazeTutorialBattle	0128c29c	11	00954ab0
CAIStateGroup_MazeTutorialBattleTeleport	0128c2d8	11	00954b50
CAIStateGroup_MazeTutorialBattleUseShield	0128c350	11	00954cd0
CAIStateGroup_MazeTutorialBattleRespondToLightning	0128c314	11	00954e30
CAIStateGroup_MazeTeleport	0128d0dc	12	00954f40
CAIStateGroup_MazeRangedCombat	0128c1e8	12	009551a0
CAIStateGroup_MazeShieldedChase	0128c260	12	009552c0
CAIStateGroup_MazeDefensiveMeleeCombat	0128c224	12	00955620
CAIStateGroup_MazeTutorialBattle	0128c29c	12	00955c90
CAIStateGroup_MazeTutorialBattleTeleport	0128c2d8	12	00956060
CAIStateGroup_MazeTutorialBattleRespondToLightning	0128c314	12	00956380
CAIStateGroup_MazeTutorialBattleUseShield	0128c350	12	00956460
CCreatureAction_ThrowShotObject	012944d4	73	00956720
CCreatureAction_ThrowShotObject	012944d4	78	00956730
CCombatAction_WillShieldInto	0129461c	73	009567d0
CCombatAction_WillEnflameInto	01294764	73	00956850
CCreatureAction_ThrowShotObject	012944d4	0	009568e0
CCombatAction_WillShieldInto	0129461c	0	00956900
CCombatAction_WillEnflameInto	01294764	0	00956920
CCombatAction_WillHealInto	012948ac	0	00956940
CCreatureAction_ThrowShotObject	012944d4	11	00956960
CCombatAction_WillShieldInto	0129461c	11	00956990
CCombatAction_WillEnflameInto	01294764	11	009569e0
CCombatAction_WillHealInto	012948ac	11	00956a20
CAIStateGroup_BriarRose	0128c38c	1	00956a60
CAIStateGroup_BriarRose	0128c38c	11	00956b00
CAIStateGroup_BriarRose	0128c38c	2	00956c00
CAIStateGroup_BriarRose	0128c38c	9	00956c70
CAIStateGroup_BriarRoseWillUse	0128c3c8	11	00956ce0
CAIStateGroup_BriarRoseWillUse	0128c3c8	2	00956d90
CAIStateGroup_BriarRoseWillUse	0128c3c8	9	00956e00
CAIStateGroup_BriarRose	0128c38c	12	00956e70
CAIStateGroup_BriarRoseWillUse	0128c3c8	12	00956fe0
CCreatureAction_BriarRoseShotFarInto	01294a2c	73	009571f0
CCreatureAction_BriarRoseIntoInvulnerable	01294b8c	74	00957270
CCreatureAction_BriarRoseShotFarInto	01294a2c	0	00957320
CCreatureAction_BriarRoseIntoInvulnerable	01294b8c	0	00957340
CCreatureAction_BriarRoseForcePush	01294cd4	0	00957370
CCreatureAction_BriarRoseShotFarInto	01294a2c	11	009573a0
CCreatureAction_BriarRoseIntoInvulnerable	01294b8c	11	009573d0
CCreatureAction_BriarRoseForcePush	01294cd4	11	00957450
CAIStateGroup_MinionBehaviourGreetCreature	0128c404	12	009574d0
CAIStateGroup_MinionBehaviourGreetCreature	0128c404	11	009575c0
CAIStateGroupBehaviourBase	0128c444	2	009576c0
CAIStateGroupBehaviourBase	0128c444	9	00957790
CAIStateGroupBehaviourBase	0128c444	11	009577e0
CAIStateGroupBehaviourBase	0128c444	1	00957940
CAIStateGroup_MinionBehaviourCrowdBase	0128c494	1	00957bb0
CAIStateGroup_MinionBehaviourCrowdBase	0128c494	9	00957be0
CAIStateGroup_MinionBehaviourCrowdBase	0128c494	11	00957c30
CAIStateGroup_MinionBehaviourCrowdBase	0128c494	12	00957db0
CAIStateGroup_MinionReactToBurglary	0128c4e0	11	00957f20
CAIStateGroup_MinionReactToBurglary	0128c4e0	12	00958000
CAIStateGroup_MinionReactToTrespassing	0128c51c	1	009580d0
CAIStateGroup_MinionReactToTrespassing	0128c51c	2	00958210
CAIStateGroup_MinionReactToTrespassing	0128c51c	9	00958270
CAIStateGroup_MinionReactToTrespassing	0128c51c	12	009582d0
CAIStateGroup_MinionReactToTrespassing	0128c51c	11	00958720
CAIStateGroup_MinionReactToCrime	0128c558	13	00958760
CAIStateGroup_MinionReactToCrime	0128c558	2	009587d0
CAIStateGroup_MinionReactToCrime	0128c558	12	00958840
CAIStateGroup_MinionReactToCrime	0128c558	10	00958b20
CAIStateGroup_MinionReactToCrime	0128c558	11	00958cb0
CAIStateGroup_MinionReactToCrime	0128c558	5	00958e20
CAIStateGroup_MinionReactToCrimeFromSleep	0128c594	11	00958f00
CAIStateGroup_HoverWanderAroundThing	0128d1bc	11	00959800
CAIStateGroup_HoverWanderAroundThing	0128d1bc	12	00959a60
CAIStateGroup_HoverWander	0128c5d4	12	00959bf0
CAIStateGroup_HoverKeepInArea	0128c6f4	1	00959ee0
CAIStateGroup_HoverKeepInArea	0128c6f4	11	00959f30
CAIStateGroup_HoverKeepInArea	0128c6f4	12	00959f80
CAIStateGroup_HoverAttackArea	0128c754	1	0095a270
CAIStateGroup_HoverAttackArea	0128c754	11	0095a2c0
CAIStateGroup_HoverHornetQueenTakeDamage	0128c7b4	1	0095a380
CAIStateGroup_HoverHornetQueenTakeDamage	0128c7b4	10	0095a3b0
CAIStateGroup_HoverHornetQueen	0128d484	1	0095a890
CAIStateGroup_HoverHornetQueenTakeDamage	0128c7b4	11	0095aa60
CAIStateGroup_HoverHornetQueen	0128d484	10	0095ab30
CAIStateGroup_HoverHornetQueenTakeDamage	0128c7b4	12	0095b280
CAIStateGroup_HoverHornetQueen	0128d484	11	0095b5a0
CAIStateGroup_HoverHornetQueen	0128d484	12	0095c1f0
CCreatureAction_WaspQueenPrimaryAttack	01294efc	81	0095ca60
CCreatureAction_WaspQueenPrimaryAttack	01294efc	74	0095ca70
CCreatureAction_WaspQueenPrimaryAttack	01294efc	29	0095ca80
CCreatureAction_WaspQueenPrimaryAttack	01294efc	19	0095ca90
CCreatureAction_WaspQueenPrimaryAttack	01294efc	59	0095caa0
CCreatureAction_WaspQueenLashOutAttack	0129504c	81	0095cb20
CCreatureAction_WaspQueenLashOutAttack	0129504c	74	0095cb30
CCreatureAction_WaspQueenLashOutAttack	0129504c	29	0095cb40
CCreatureAction_WaspQueenLashOutAttack	0129504c	19	0095cb50
CCreatureAction_WaspQueenLashOutAttack	0129504c	59	0095cb60
CCreatureAction_QueenHornetShootBabies	0129519c	15	0095cc00
CCreatureAction_QueenHornetShootBabies	0129519c	45	0095cc10
CCreatureAction_WaspQueenPrimaryAttack	01294efc	0	0095cc40
CCreatureAction_WaspQueenLashOutAttack	0129504c	0	0095cc60
CCreatureAction_QueenHornetShootBabies	0129519c	0	0095cc80
CCreatureAction_WaspQueenPrimaryAttack	01294efc	11	0095cca0
CCreatureAction_WaspQueenLashOutAttack	0129504c	11	0095ccd0
CCreatureAction_QueenHornetShootBabies	0129519c	11	0095cd00
CAIStateGroup_RangedCombatUsePreferredFirePoint	0128c854	12	0095d200
CAIStateGroup_RangedCombatUsePreferredFirePoint	0128c854	10	0095d3a0
CAIStateGroup_RangedCombatUsePreferredFirePoint	0128c854	11	0095d590
CAIStateGroup_CreatureRangedCombatFireAtSpecificTargets	0128c894	13	0095e0a0
CAIStateGroup_CreatureRangedCombatFireAtSpecificTargets	0128c894	12	0095e0b0
CAIStateGroup_CreatureRangedCombatFireAtSpecificTargets	0128c894	11	0095e260
CAIStateGroup_ReactToDeadLeader	0128c8d0	9	0095e340
CAIStateGroup_ReactToDeadLeader	0128c8d0	11	0095e350
CAIStateGroup_ReactToDeadLeader	0128c8d0	12	0095e470
CAIStateGroup_BoastingCrowdMember	0128c948	11	0095e790
CAIStateGroup_BoastingCrowdMember	0128c948	5	0095e870
CAIStateGroup_BoastingCrowdMember	0128c948	12	0095e900
CAIStateGroup_BoastingCrowdMember	0128c948	10	0095ebf0
CAIStateGroup_OpinionReactionRoot	0128c984	13	0095ed60
CAIStateGroup_OpinionReactionRoot	0128c984	6	0095ede0
CAIStateGroup_OpinionReactionRoot	0128c984	5	0095ee40
CAIStateGroup_OpinionReactionRoot	0128c984	11	0095ef80
CAIStateGroup_OpinionReactionRoot	0128c984	2	0095f580
CAIStateGroup_OpinionReactionRoot	0128c984	10	0095f660
CAIStateGroup_OpinionReactionRoot	0128c984	12	0095f6f0
CAIStateGroup_DeedReactionRoot	0128c9c0	13	0095fe60
CAIStateGroup_DeedReactionRoot	0128c9c0	5	0095fed0
CAIStateGroup_DeedReactionRoot	0128c9c0	2	00960070
CAIStateGroup_DeedReactionRoot	0128c9c0	12	00960120
CAIStateGroup_DeedReactionRoot	0128c9c0	10	00960760
CAIStateGroup_DeedReactionRoot	0128c9c0	11	009609b0
CAIStateGroup_DeedReactionRootFromSleep	0128c9fc	11	00960f00
CAIStateGroup_BanditKingLunge	0128ca74	1	009612e0
CAIStateGroup_BanditKingCharge	0128ca38	11	009612f0
CAIStateGroup_BanditKingLunge	0128ca74	11	009614a0
CAIStateGroup_BanditKingThrowWeapons	0128cab0	11	00961550
CAIStateGroup_BanditKingThrowWeapons	0128cab0	12	00961640
CAIStateGroup_BanditKingCharge	0128ca38	12	00961790
CAIStateGroup_BanditKingLunge	0128ca74	12	00961880
CCreatureAction_BanditKingLunge	01295f64	8	00961a00
CCreatureAction_BanditKingLunge	01295f64	19	00961a10
CCreatureAction_BanditKingLunge	01295f64	29	00961a20
CCreatureAction_BanditKingLunge	01295f64	46	00961a30
CCreatureAction_BanditKingLunge	01295f64	0	00961a50
CCreatureAction_BanditKingLunge	01295f64	11	00961a70
CAIStateGroup_IceTrollIcicleAssault	0128cb64	1	00961aa0
CAIStateGroup_IceTrollIcicleAttack	0128caec	11	00961ca0
CAIStateGroup_IceTrollIcicleAttack	0128caec	9	00961e10
CAIStateGroup_IceTrollPoundGroundAttack	0128cb28	11	00961e80
CAIStateGroup_IceTrollPoundGroundAttack	0128cb28	9	00961f40
CAIStateGroup_IceTrollIcicleAssault	0128cb64	11	00961fb0
CAIStateGroup_IceTrollIcicleAssault	0128cb64	9	00962180
CAIStateGroup_IceTrollIcicleAttack	0128caec	12	009621f0
CAIStateGroup_IceTrollPoundGroundAttack	0128cb28	12	009624d0
CAIStateGroup_IceTrollIcicleAssault	0128cb64	12	009627c0
CCreatureAction_IceTrollIcicleAttack	012960c4	15	00962960
CCreatureAction_IceTrollIcicleAttack	012960c4	73	00962970
CCreatureAction_IceTrollIcicleAssaultInto	0129620c	15	009629d0
CCreatureAction_IceTrollIcicleAttack	012960c4	0	009629f0
CCreatureAction_IceTrollIcicleAssaultInto	0129620c	0	00962a10
CCreatureAction_IceTrollIcicleAttack	012960c4	11	00962a30
CCreatureAction_IceTrollIcicleAssaultInto	0129620c	11	00962a60
CAIStateGroup_VersusEnemyBase	0128cba4	2	00962a90
CAIStateGroup_VersusEnemyBase	0128cba4	14	00962af0
CAIStateGroup_VersusEnemyBase	0128cba4	10	00962b80
CAIStateGroup_VersusRockTroll	0128d21c	11	00962c10
CAIStateGroup_VersusRockTroll	0128d21c	12	00962d50
CAIStateGroup_VersusScorpionKing	0128cbe4	14	009635c0
CAIStateGroup_VersusScorpionKing	0128cbe4	11	00963640
CAIStateGroup_VersusScorpionKing	0128cbe4	12	00963a50
CAIStateGroup_StealStealableItem	0128cc60	5	009643d0
CAIStateGroup_StealStealableItem	0128cc60	10	009644f0
CAIStateGroup_StealStealableItem	0128cc60	12	009647c0
CAIStateGroup_StealStealableItem	0128cc60	11	00964da0
CAIStateGroup_RecoverStealableItem	0128cc9c	11	00965320
CAIStateGroup_RecoverStealableItem	0128cc9c	5	00965520
CAIStateGroup_RecoverStealableItem	0128cc9c	10	00965640
CAIStateGroup_RecoverStealableItem	0128cc9c	12	009658b0
CAIStateGroup_CarryCrateAndFollow	0128ccd8	11	00965fb0
CAIStateGroup_CarryCrateAndFollow	0128ccd8	10	00966030
CAIStateGroup_CarryCrateAndFollow	0128ccd8	12	009663a0
CAIStateGroup_TavernServer	0128cd14	13	00966930
CAIStateGroup_TavernServer	0128cd14	3	00966a90
CAIStateGroup_TavernServer	0128cd14	10	009673b0
CAIStateGroup_TavernServer	0128cd14	11	00967650
CAIStateGroup_TavernServer	0128cd14	12	00967d40
CCreatureAction_PickUpJug	012963a4	0	00968040
CCreatureAction_PutDownJug	012964dc	0	00968070
CCreatureAction_PickUpJug	012963a4	11	009680d0
CCreatureAction_PutDownJug	012964dc	11	00968100
CAIStateGroup_TavernKeeper	0128cd50	2	00968190
CAIStateGroup_TavernKeeper	0128cd50	3	009681a0
CAIStateGroup_TavernKeeper	0128cd50	5	009681e0
CAIStateGroup_TavernKeeper	0128cd50	13	009685c0
CAIStateGroup_TavernKeeper	0128cd50	10	00968bc0
CAIStateGroup_TavernKeeper	0128cd50	11	00968e00
CAIStateGroup_TavernKeeper	0128cd50	12	00969470
CAIStateGroup_SleepOnFloor	0128cd8c	2	00969a80
CAIStateGroup_SleepOnFloor	0128cd8c	10	00969ae0
CAIStateGroup_SleepOnFloor	0128cd8c	12	00969cb0
CAIStateGroup_SleepOnFloor	0128cd8c	11	00969e70
CAIStateGroup_WhisperRetreat	0128cdcc	1	0096a250
CAIStateGroup_WhisperRetreat	0128cdcc	9	0096a350
CAIStateGroup_WhisperPotionCombat	0128d5ec	9	0096a730
CAIStateGroup_WhisperRetreat	0128cdcc	15	0096a7a0
CAIStateGroup_WhisperPotionCombat	0128d5ec	1	0096a8b0
CAIStateGroup_WhisperPotionCombat	0128d5ec	15	0096aad0
CAIStateGroup_WhisperPotionCombat	0128d5ec	12	0096b100
CAIStateGroup_WhisperRetreat	0128cdcc	12	0096b600
CCreatureAction_WhisperSommersaultForward	01296754	73	0096bf60
CCreatureAction_WhisperSommersaultForward	01296754	45	0096bf70
CCreatureAction_WhisperSommersaultBackward	0129689c	73	0096bfe0
CCreatureAction_WhisperSommersaultBackward	0129689c	45	0096bff0
CCreatureAction_WhisperJumpIntoSky	012969e4	74	0096c070
CCreatureAction_WhisperJumpIntoSky	012969e4	45	0096c080
CCreatureAction_WhisperSommersaultForward	01296754	0	0096c0a0
CCreatureAction_WhisperSommersaultBackward	0129689c	0	0096c0c0
CCreatureAction_WhisperJumpIntoSky	012969e4	0	0096c0e0
CCreatureAction_WhisperSommersaultForward	01296754	11	0096c100
CCreatureAction_WhisperSommersaultBackward	0129689c	11	0096c140
CCreatureAction_WhisperJumpIntoSky	012969e4	11	0096c180
CAIStateGroup_Thunder	0128ce2c	1	0096c1b0
CAIStateGroup_Thunder	0128ce2c	9	0096c1e0
CAIStateGroup_Thunder	0128ce2c	11	0096c2e0
CAIStateGroup_Thunder	0128ce2c	12	0096c4f0
CCreatureAction_ThunderLightningStorm	01296b54	45	0096c740
CCreatureAction_ThunderLightningStorm	01296b54	0	0096c760
CCreatureAction_ThunderLightningStorm	01296b54	11	0096c780
CAIStateGroup_EatAtTable	0128ce6c	13	0096c870
CAIStateGroup_EatAtHome	0128d25c	14	0096cb20
CAIStateGroup_EatAtTable	0128ce6c	12	0096cd70
CAIStateGroup_EatAtTable	0128ce6c	10	0096cfc0
CAIStateGroup_EatAtTable	0128ce6c	5	0096d190
CAIStateGroup_EatAtHome	0128d25c	15	0096d200
CAIStateGroup_EatAtTavern	0128ceb4	14	0096d260
CAIStateGroup_EatAtTavern	0128ceb4	15	0096d380
CAIStateGroup_EatAtTable	0128ce6c	11	0096d450
CCreatureAction_StartEatingAtTable	01296c9c	0	0096d480
CCreatureAction_StopEatingAtTable	01296dcc	0	0096d4b0
CCreatureAction_StartEatingAtTable	01296c9c	11	0096d4d0
CCreatureAction_StopEatingAtTable	01296dcc	11	0096d500
?A0x6cb5dcbb::CCreatureAction_ScreamerIntoAggressive	01296f14	74	0096dba0
?A0x6cb5dcbb::CCreatureAction_ScreamerIntoAggressive	01296f14	73	0096dbb0
?A0x6cb5dcbb::CCreatureAction_ScreamerIntoAggressive	01296f14	12	0096dbc0
CAIStateGroup_ScreamerPursueTarget	0128cf44	10	0096ddb0
CAIStateGroup_ScreamerPursueTarget	0128cf44	12	0096df50
?A0x6cb5dcbb::CCreatureAction_ScreamerIntoAggressive	01296f14	0	0096e3f0
?A0x6cb5dcbb::CCreatureAction_ScreamerIntoAggressive	01296f14	11	0096e510
CAIStateGroup_SummonerSummon	0128cf80	11	0096e540
CAIStateGroup_SummonerSummon	0128cf80	12	0096e610
CAIStateGroup_MeleeCombatNearby	0128d05c	9	0096edb0
CAIStateGroup_MeleeCombatNearby	0128d05c	12	0096ee90
CAIStateGroup_MinionBehaviourSad	0128d11c	14	0096f010
CAIStateGroup_MinionBehaviourSad	0128d11c	16	0096f020
CAIStateGroup_MinionBehaviourSad	0128d11c	17	0096f030
CAIStateGroup_MinionBehaviourSad	0128d11c	12	0096f050
CAIStateGroup_MinionBehaviourSad	0128d11c	15	0096f240
CAIStateGroup_MinionBehaviourPodiumEmoteNeutral	0128d16c	17	0096f490
CAIStateGroup_MinionBehaviourPodiumEmoteNeutral	0128d16c	14	0096f4a0
CAIStateGroup_MinionBehaviourPodiumEmoteNeutral	0128d16c	2	0096f4b0
CAIStateGroup_MinionBehaviourPodiumEmoteNeutral	0128d16c	16	0096f510
CAIStateGroup_MinionBehaviourPodiumEmoteNeutral	0128d16c	15	0096f570
CAIStateGroup_SummonerLightningAttack	0128d2a0	13	0096f6f0
CAIStateGroup_SummonerCharge	0128d2dc	13	0096f730
CAIStateGroup_SummonerLightningAttack	0128d2a0	11	0096f770
CAIStateGroup_SummonerLightningAttack	0128d2a0	9	0096fa20
CAIStateGroup_SummonerCharge	0128d2dc	11	0096fa90
CAIStateGroup_SummonerCharge	0128d2dc	9	0096fc60
CAIStateGroup_SummonerLightningAttack	0128d2a0	12	0096fcd0
CAIStateGroup_SummonerCharge	0128d2dc	12	0096ff10
?A0xe09fd86b::CCreatureAction_SummonerLightningIdle	0129708c	12	00970280
?A0xe09fd86b::CCreatureAction_SummonerCharge	012971ec	74	00970310
?A0xe09fd86b::CCreatureAction_SummonerCharge	012971ec	12	00970320
?A0xe09fd86b::CCreatureAction_SummonerChargeSuccess	0129733c	19	009703b0
?A0xe09fd86b::CCreatureAction_SummonerChargeSuccess	0129733c	29	009703c0
?A0xe09fd86b::CCreatureAction_SummonerChargeSuccess	0129733c	12	009703d0
?A0xe09fd86b::CCreatureAction_SummonerChargeSuccess	0129733c	74	00970410
?A0xe09fd86b::CCreatureAction_SummonerLightningIdle	0129708c	0	00970470
?A0xe09fd86b::CCreatureAction_SummonerCharge	012971ec	0	00970490
?A0xe09fd86b::CCreatureAction_SummonerChargeSuccess	0129733c	0	009704b0
?A0xe09fd86b::CCreatureAction_SummonerLightningIdle	0129708c	11	009704d0
?A0xe09fd86b::CCreatureAction_SummonerCharge	012971ec	11	00970500
?A0xe09fd86b::CCreatureAction_SummonerChargeSuccess	0129733c	11	00970530
CAIStateGroup_CreatureUseCoverBase	0128d31c	1	009705d0
CAIStateGroup_CreatureUseCoverBase	0128d31c	14	00970600
CAIStateGroup_CreatureUseCoverBase	0128d31c	2	00970610
CAIStateGroup_CreatureUseCoverBase	0128d31c	11	00970ab0
CAIStateGroup_CreatureUseCoverBase	0128d31c	17	00970c10
CAIStateGroup_CreatureUseCoverBase	0128d31c	23	00970df0
CAIStateGroup_CreatureUseCoverBase	0128d31c	15	00970f30
CCreatureAction_DuckAndCover	012974a4	0	00971820
CCreatureAction_DuckAndCover	012974a4	11	00971840
CAIStateGroup_JackOfBladesBase	0128d384	10	009718e0
CAIStateGroup_JackOfBladesBase	0128d384	1	00972040
CAIStateGroup_JackOfBladesBase	0128d384	2	009720c0
CAIStateGroup_JackOfBladesBase	0128d384	9	00972110
CAIStateGroup_JackOfBladesStage1	0128d6b4	11	00972280
CAIStateGroup_JackOfBladesStage2	0128d3c4	11	009723d0
CAIStateGroup_JackOfBladesStage2	0128d3c4	2	00972490
CAIStateGroup_JackOfBladesStage2	0128d3c4	9	00972590
CAIStateGroup_JackOfBladesStage3	0128d404	11	009725b0
CAIStateGroup_JackOfBladesStage3	0128d404	2	00972670
CAIStateGroup_JackOfBladesBase	0128d384	14	00972830
CAIStateGroup_JackOfBladesStage1	0128d6b4	2	00972990
CAIStateGroup_JackOfBladesStage2	0128d3c4	14	00972f30
CAIStateGroup_JackOfBladesStage2	0128d3c4	12	00974aa0
CAIStateGroup_JackOfBladesStage3	0128d404	12	009756b0
CAIStateGroup_JackOfBladesStage1	0128d6b4	12	00975bb0
CCreatureAction_JackFlash	01297744	45	00976f00
CCreatureAction_JackFlash	01297744	73	00976f10
CCreatureAction_JackShotFloat	012978a4	73	00976fa0
CCreatureAction_JackShotNear	012979ec	73	00977040
CCreatureAction_JackShotFar	01297b4c	73	009770e0
CCreatureAction_JackScream	01297cb4	45	00977190
CCreatureAction_JackDeathInto	01297dfc	45	00977270
CCreatureAction_JackFloatUp	01297f54	45	009772f0
CCreatureAction_JackFloatUp	01297f54	81	00977300
CCreatureAction_JackFall	012980a4	45	009773a0
CCreatureAction_JackFlash	01297744	0	009773c0
CCreatureAction_JackShotFloat	012978a4	0	009773e0
CCreatureAction_JackShotNear	012979ec	0	00977400
CCreatureAction_JackShotFar	01297b4c	0	00977420
CCreatureAction_JackScream	01297cb4	0	00977440
CCreatureAction_JackDeathInto	01297dfc	0	009774a0
CCreatureAction_JackFloatUp	01297f54	0	009774c0
CCreatureAction_JackFall	012980a4	0	009774e0
CCreatureAction_JackFlash	01297744	11	00977500
CCreatureAction_JackShotFloat	012978a4	11	00977530
CCreatureAction_JackShotNear	012979ec	11	00977560
CCreatureAction_JackShotFar	01297b4c	11	00977590
CCreatureAction_JackScream	01297cb4	11	009775c0
CCreatureAction_JackDeathInto	01297dfc	11	00977630
CCreatureAction_JackFloatUp	01297f54	11	00977660
CCreatureAction_JackFall	012980a4	11	009776e0
CAIStateGroup_Guildmaster	0128d444	1	00977730
CAIStateGroup_Guildmaster	0128d444	10	00977760
CAIStateGroup_Guildmaster	0128d444	9	00977770
CAIStateGroup_Guildmaster	0128d444	11	009777a0
CAIStateGroup_Guildmaster	0128d444	14	00977a30
CAIStateGroup_Guildmaster	0128d444	2	00977c40
CAIStateGroup_Guildmaster	0128d444	12	00977e00
CCombatAction_Guildmaster_HealFollowersInto	0129846c	0	009785f0
CCombatAction_Guildmaster_ShieldFollowersInto	012985b4	0	00978610
CCombatAction_Guildmaster_SpeedUpFollowersInto	012986fc	0	00978630
CCombatAction_Guildmaster_HealFollowersInto	0129846c	11	00978650
CCombatAction_Guildmaster_ShieldFollowersInto	012985b4	11	00978680
CCombatAction_Guildmaster_SpeedUpFollowersInto	012986fc	11	009786b0
CAIStateGroup_CreatureAdvanceInCover	0128d4e4	15	00978e60
CAIStateGroup_CreatureAdvanceInCover	0128d4e4	23	00978fd0
CAIStateGroup_CreatureAdvanceInCover	0128d4e4	12	009790f0
CAIStateGroup_CreatureAdvanceInCover	0128d4e4	22	00979260
CAIStateGroup_CreatureTakeCover	0128d54c	13	00979900
CAIStateGroup_CreatureTakeCover	0128d54c	15	00979d80
CAIStateGroup_CreatureTakeCover	0128d54c	12	0097a630
CAIStateGroup_CreatureTakeCover	0128d54c	22	0097aae0
CCreatureAction_JumpOutFromCover	0129888c	0	0097b4c0
CCreatureAction_JumpOutFromCover	0129888c	11	0097b5f0
CAIStateGroup_ScorpionKing	0128d5b0	10	0097b6f0
CAIStateGroup_ScorpionKing	0128d5b0	9	0097b780
CAIStateGroup_ScorpionKing	0128d5b0	11	0097b900
CAIStateGroup_ScorpionKing	0128d5b0	1	0097bb30
CAIStateGroup_ScorpionKing	0128d5b0	12	0097c5e0
NEntityEvents::CEventCreatureCharging	012989d4	1	0097c730
NEntityEvents::CEventCreatureCharging	012989d4	0	0097c740
CCreatureAction_ScorpionUnblockableLeftTurnAttack	01298a04	29	0097c7e0
CCreatureAction_ScorpionUnblockableLeftTurnAttack	01298a04	19	0097c7f0
CCreatureAction_ScorpionUnblockableLeftTurnAttack	01298a04	81	0097c800
CCreatureAction_ScorpionUnblockableLeftTurnAttack	01298a04	15	0097c810
CCreatureAction_ScorpionUnblockableRightTurnAttack	01298b6c	29	0097c8b0
CCreatureAction_ScorpionUnblockableRightTurnAttack	01298b6c	19	0097c8c0
CCreatureAction_ScorpionUnblockableRightTurnAttack	01298b6c	81	0097c8d0
CCreatureAction_ScorpionUnblockableRightTurnAttack	01298b6c	15	0097c8e0
CCreatureAction_ScorpionPrepareTailPlunge	01298cd4	45	0097c9a0
CCreatureAction_ScorpionUnblockableLeftTurnAttack	01298a04	0	0097c9c0
CCreatureAction_ScorpionUnblockableRightTurnAttack	01298b6c	0	0097c9e0
CCreatureAction_ScorpionPrepareTailPlunge	01298cd4	0	0097ca00
CCreatureAction_ScorpionUnblockableLeftTurnAttack	01298a04	11	0097ca20
CCreatureAction_ScorpionUnblockableRightTurnAttack	01298b6c	11	0097ca50
CCreatureAction_ScorpionPrepareTailPlunge	01298cd4	11	0097ca80
CAIStateGroup_CreatureFindCover	0128d64c	13	0097caf0
CAIStateGroup_CreatureFindCover	0128d64c	15	0097cb00
CAIStateGroup_CreatureFindCover	0128d64c	12	0097ccd0
CCreatureAction_VillagerAttack	01298e2c	12	0097ce30
CCreatureAction_VillagerAttackKnockdown	01298f74	12	0097ce70
CCreatureAction_VillagerAdvance	012990bc	12	0097ceb0
CCreatureAction_VillagerBackOff	01299204	12	0097cef0
CCreatureAction_VillagerAttack	01298e2c	73	0097d0b0
CCreatureAction_VillagerAttackKnockdown	01298f74	73	0097d0c0
CCreatureAction_VillagerAttackKnockdown	01298f74	19	0097d0d0
CCreatureAction_VillagerAttackKnockdown	01298f74	29	0097d0e0
CCreatureAction_VillagerAdvance	012990bc	73	0097d0f0
CCreatureAction_VillagerBackOff	01299204	73	0097d100
CCreatureAction_VillagerAttack	01298e2c	0	0097d110
CCreatureAction_VillagerAttackKnockdown	01298f74	0	0097d130
CCreatureAction_VillagerAdvance	012990bc	0	0097d150
CCreatureAction_VillagerBackOff	01299204	0	0097d170
CCreatureAction_VillagerAttack	01298e2c	11	0097d190
CCreatureAction_VillagerAttackKnockdown	01298f74	11	0097d1c0
CCreatureAction_VillagerAdvance	012990bc	11	0097d200
CCreatureAction_VillagerBackOff	01299204	11	0097d230
CCreatureAction_MagicBlast	0129935c	0	009821e0
NEntityEvents::CEventVillagerInteraction	012995a8	1	00982380
NEntityEvents::CEventVillagerInteraction	012995a8	3	00982390
CCreatureAction_SendMessage	0129947c	0	00982550
NEntityEvents::CEventVillagerInteraction	012995a8	0	009825a0
CAIFilter_NoOtherYellForHelp	01299350	0	009825f0
CCreatureAction_MagicBlast	0129935c	11	009826a0
CCreatureAction_SendMessage	0129947c	11	00982720
NCreatureAI::CIsRunnableModuleCarryingProjectileWeapon	0128ffd4	0	00982890
CCreatureAction_BeetleTakeOff	012995ec	4	00982b50
CCreatureAction_BeetleLand	01299734	4	00982bb0
CCreatureAction_BeetleTakeOff	012995ec	0	00982cd0
CCreatureAction_BeetleLand	01299734	0	00982cf0
CCreatureAction_BeetleTakeOff	012995ec	11	00982d10
CCreatureAction_BeetleLand	01299734	11	00982d40
CShaderBase	0129a030	1	00987cf0
CShaderBase	0129a030	0	00987d10
CPixelShader	0129a054	2	00987ee0
CSimpleMemoryPool	0129a064	0	00987f30
CShaderConstantRange	0129a04c	0	0098c390
CPixelShader	0129a054	0	0098c3d0
CVertexShaderConstantLayout	0129a06c	1	0098d6f0
CVertexShaderConstantLayout	0129a06c	0	0098d990
?A0x2365ad56::CShaderStats	0129a078	0	0098de70
CShaderRenderManager	0129a080	0	0098de90
CThreadedFileManager	0129a164	0	00991330
CThreadedFile	0129a158	0	00991450
CASoundManager	0129a574	6	009915c0
CASoundManager	0129a574	3	00991670
CASoundManager	0129a574	12	00993690
CASoundManager	0129a574	13	009936a0
CASoundManager	0129a574	52	009936b0
CASoundManager	0129a574	53	009936c0
CASoundManager	0129a574	0	009937b0
CMemoryDataInputStream	0123675c	8	00993b90
CMemoryDataInputStream	0123675c	9	00993ba0
CMemoryDataInputStream	0123675c	10	00993bb0
CMemoryDataInputStream	0123675c	1	00993bc0
CMemoryDataInputStream	0123675c	3	00993c80
CFileDataInputStream	0129a728	3	00994300
CFileDataInputStream	0129a728	8	00994360
CFileDataInputStream	0129a728	9	009943b0
CFileDataInputStream	0129a728	10	009943d0
CFileDataOutputStream	0129a6f8	1	00994450
CFileDataOutputStream	0129a6f8	2	00994460
CFileDataOutputStream	0129a6f8	3	00994470
CFileDataOutputStream	0129a6f8	4	00994480
CBufferedFileDataOutputStream	0129a710	1	00994500
CBufferedFileDataOutputStream	0129a710	2	00994510
CCompressedMemoryDataInputStream	0129a758	9	00994590
CMemoryDataOutputStream	0129a788	2	009945b0
CMemoryDataOutputStream	0129a788	3	009945c0
CBufferedFileDataOutputStream	0129a710	3	00994810
CBufferedFileDataOutputStream	0129a710	4	00994870
CMemoryDataInputStream	0123675c	7	00994960
CCompressedMemoryDataInputStream	0129a758	8	009949f0
CCompressedMemoryDataInputStream	0129a758	10	00994a40
CCompressedMemoryDataInputStream	0129a758	1	00994a80
CMemoryDataOutputStream	0129a788	1	00994b10
CDataInputStream	0129a6b0	6	00994c80
CDataInputStream	0129a6b0	7	00994d20
CMemoryDataInputStream	0123675c	4	00995b10
CMemoryDataInputStream	0123675c	6	00995d30
CDataInputStream	0129a6b0	4	00995fb0
CMemoryDataInputStream	0123675c	5	00996230
CMemoryDataOutputStream	0129a788	4	00996cc0
CDataStream	0129a69c	0	00996ea0
CDataInputStream	0129a6b0	0	00996ed0
CDataOutputStream	0129a6e0	0	00996f00
CFileDataOutputStream	0129a6f8	0	00996f30
CFileDataInputStream	0129a728	0	009971a0
CBufferedFileDataOutputStream	0129a710	0	009971e0
CCompressedMemoryDataInputStream	0129a758	0	00997240
CMemoryDataOutputStream	0129a788	0	009973c0
CGame	0122e59c	1	0099a340
CThing	01239abc	1	0099a400
CBaseClassNonCopyable	0129a7c4	0	0099a470
CInitBaseClass	0129a7cc	0	0099a490
CBaseObject	0129a7d8	0	0099a4d0
CDiskFileWin32	0122d06c	8	0099a560
CDiskFileWin32	0122d06c	15	0099a5a0
CDiskFileWin32	0122d06c	1	0099a6a0
CDiskFileWin32	0122d06c	2	0099a920
CDiskFileWin32	0122d06c	3	0099a960
CDiskFileWin32	0122d06c	4	0099aa90
CDiskFileWin32	0122d06c	7	0099abd0
CDiskFileWin32	0122d06c	5	0099abf0
CDiskFileWin32	0122d06c	6	0099ac90
CDiskFileWin32	0122d06c	14	0099ae00
CFontBank	0129ab38	4	009a0b20
CFontBank	0129ab38	0	009a0b30
CStreamingFontBank	0129ab54	2	009a0ea0
CStreamingFontBank	0129ab54	1	009a14e0
CStreamingFontBank	0129ab54	3	009a1720
CStreamingFontBank	0129ab54	4	009a2000
CStreamingFontBank	0129ab54	5	009a25d0
CStreamingFontBank	0129ab54	0	009a4e40
CTBaseSingletonNoDefaultAlloc	0129afec	0	009a6b70
CDriveManager	0129aff4	0	009a6e80
CSystemManager	0129affc	0	009a75a0
NBankFileManager::CRetailBank	0129b010	0	009ac7a0
CBankFileManager	0129b018	0	009ac870
CDefClassBase	01230bcc	21	009acab0
CDefClassBase	01230bcc	22	009acb20
CDefClassBase	01230bcc	2	009ace90
CParentDefClassBase	01230cbc	14	009ad4a0
CParentDefClassBase	01230cbc	15	009ad510
CParentDefClassBase	01230cbc	22	009aed70
CParentDefClassBase	01230cbc	12	009b00d0
CParentDefClassBase	01230cbc	13	009b0170
CParentDefClassBase	01230cbc	21	009b0200
CDefinitionManager	0129b28c	0	009b9270
CThreadedFileCallback	0129b388	1	009bdc00
CThreadedFileCallback	0129b388	2	009bdc10
CThreadedFileCallback	0129b388	0	009bdc30
CXMVPlayer	0129b3bc	0	009be1b0
CVertexShader	0129b3d0	2	009be210
CVertexShader	0129b3d0	0	009c1ae0
CDisplayManager	0129b3f8	0	009c30b0
CRenderManager	0129b400	0	009c3100
CTBaseSingleton	0129b414	0	009c5b60
CACompressor	0129b424	0	009c6f40
CFileInstaller	0129b43c	0	009c7900
NGameText::CDataBank	0129b4d4	8	009c79d0
NGameText::CDataBank	0129b4d4	19	009c79e0
NGameText::CTextEntry	0129b4a4	2	009c7e00
NGameText::CGroupEntry	0129b478	2	009c7eb0
NGameText::CDataBank	0129b4d4	10	009c82c0
NGameText::CDataBank	0129b4d4	5	009c8bf0
NGameText::CDataBank	0129b4d4	12	009c8c00
NGameText::CGroupEntry	0129b478	0	009cae40
NGameText::CTextEntry	0129b4a4	0	009cb330
NGameText::CDataBank	0129b4d4	18	009cb710
NGameText::CDataBank	0129b528	0	009cb730
NGameText::CDataBank	0129b4d4	0	009cb840
CBankFile	0129b54c	2	009cb960
CWADBank	012442dc	9	009cba70
CWADBank	012442dc	10	009cbbf0
CWADBank	012442dc	11	009cbc00
CWADBank	012442dc	13	009cbc10
CWADBank	012442dc	12	009cbc20
CWADBank	012442dc	14	009cbc30
CWADBank	012442dc	17	009cbc40
CWADBank	012442dc	18	009cbc50
CWADBank	012442dc	19	009cbd10
CWADBank	012442dc	16	009cc9f0
CBankFile	0129b54c	5	009ce360
CWADBank	012442dc	6	009ce5e0
CWADBank	012442dc	7	009cec60
CBankFile	0129b54c	1	009d06f0
CBankFile	0129b54c	3	009d1090
CBankFile	0129b54c	4	009d1160
CBankFile	0129b54c	0	009d47a0
CMovableResource	0129b860	2	009d50f0
CMovableResource	0129b860	3	009d5100
CMovableResource	0129b860	0	009d5110
CFailedAllocationHandler	0129b874	0	009d5140
CWADBank	012442dc	2	009d51d0
CWADBank	012442dc	4	009d5200
CBankFileAsyncData	0129b8b4	1	009d5440
CBankFileAsyncData	0129b8b4	2	009d54a0
CBankFileAsyncData	0129b8a0	2	009d55d0
CBankFileAsyncData	0129b8a0	1	009d5670
CWADBank	012442dc	1	009d56c0
CWADBank	012442dc	3	009d5820
CWADBank	012442dc	5	009d58a0
CLoadingMemoryFailureHandler	0129b8c4	1	009d5f10
CBankFileAsyncEntry	0129b880	0	009d6fa0
CBankFileAsyncData	0129b8a0	0	009d80a0
CLoadingMemoryFailureHandler	0129b8c4	0	009d8140
CBankFileAsyncData	0129b8b4	0	009d8180
CBankFileAsync	0129b8d4	0	009d81a0
MicroThread::MicroThreadInfo	0129b928	2	009d85f0
MicroThread::MicroThreadInfo	0129b928	0	009d8630
MicroThread::MicroThreadDetails	0129b938	1	009d8890
MicroThread::MicroThreadDetails	0129b938	2	009d88b0
CStateBlockFunctionSold	0129b9a8	0	009df060
CStateBlockFunctionAlphaAdditive	0129b988	0	009df730
CStateBlockFunctionAlphaMultiply	0129b990	0	009dfda0
CStateBlockFunctionAlphaBoolean	0129b998	0	009e0410
CStateBlockFunctionAlphaText	0129b9a0	0	009e0ae0
CVertexShaderConstantLayoutEmpty	0129b9b0	1	009e16b0
CRenderManager2D	0129b9ec	0	009e16e0
CVertexShaderConstantLayoutEmpty	0129b9b0	0	009e1850
CVertexBufferWin32	0129ba20	0	009e2890
CVertexBufferBase	0129ba08	0	009e2b20
CFontManager	0129ba38	0	009e3560
CJoystick	0129c0ec	12	009e41a0
CJoystick	0129c0ec	10	009e41b0
CJoystick	0129c0ec	2	009e41c0
CJoystick	0129c0ec	0	009e4230
CJoystick	0129c0ec	1	009e4280
CMaintainedEvent	0129c0e0	0	009e45f0
CJoystick	0129c0ec	11	009e4930
CJoystick	0129c0ec	15	009e4940
CJoystick	0129c0ec	16	009e4950
CJoystick	0129c0ec	9	009e4980
CSymbolMap	0129c158	0	009e7bd0
CMemoryFile	0122e0fc	5	009e90c0
CMemoryFile	0122e0fc	6	009e9140
CMemoryFile	0122e0fc	3	009e9220
CMemoryFile	0122e0fc	2	009e9390
CMemoryFile	0122e0fc	1	009e94a0
CMemoryFile	0122e0fc	4	009e95f0
CMemoryFile	0122e0fc	8	009e9730
CMemoryFile	0122e0fc	14	009e97f0
CGenericVar	0129c3e4	5	009ea190
CGenericVar	0129c3e4	4	009ea1b0
CGenericVar	0129c3e4	3	009ea1d0
CGenericVar	0129c3e4	2	009ea1f0
CGenericVar	0129c3e4	1	009ea210
CGenericVar	0129c3e4	0	009ea230
CConsoleCommandBase	0122e638	2	009ea3a0
CConsoleVariable	0122e5c8	4	009ea3c0
CConsoleVariable	0122e5c8	2	009ea490
CConsoleCommandBase	0122e638	4	009ea7d0
CConsoleCommandBase	0122e638	1	009ebdd0
CConsoleVariable	0122e5c8	1	009ec430
CTBaseSingleton	0129c44c	0	009edb70
CConsoleCommandLine	0129c400	0	009ee390
CConsoleCommand	0129c4e0	5	009efeb0
CConsoleCommand	0129c4e0	0	009efff0
CConsole	0129c600	0	009f0040
CTBaseSingleton	0129c75c	0	009f0710
CCodeSectionManager	0129c764	0	009f1540
CInkeyBuffer	0129c784	0	009f49e0
CScratchBuffer	0129c790	0	009f4a30
CInputManager	0129c79c	1	009f4e70
CInputManager	0129c79c	2	009f57a0
CInputManager	0129c79c	0	009f6fc0
CGraphicBankManager	0129c7e4	0	009f8af0
CRenderTarget	0129c800	0	009fbd00
CDefPointeeBase	01230ba0	3	009fbef0
CDefPointeeBase	01230ba0	8	009fbf00
CDefPointeeBase	01230ba0	9	009fbf10
CStartupDefinitionManager	0123117c	1	009fc540
CResourceList	0129c808	0	009fc700
CResourceBank	0129c814	0	009fc750
CBankStateBlock	0129c82c	0	009fcca0
CVolume	0129c840	0	009fcd10
CGraphicBankStateBlock	0129c888	1	009fcef0
CGraphicBankStateBlock	0129c888	3	009fd020
CGraphicDataBank	0129c8cc	8	009fd0b0
CGraphicInfoFrame::CFrameData	0129c89c	9	009fd4d0
CGraphicInfoFrame::CFrameData	0129c89c	4	009fd7f0
CGraphicInfoFrame::CFrameData	0129c89c	3	009fd830
CGraphicDataBank	0129c8cc	13	009fd910
CGraphicDataBank	0129c8cc	14	009fd970
CGraphicDataBank	0129c8cc	16	009fd990
CGraphicInfoFrame::CFrameData	0129c89c	8	009fdcb0
CGraphicInfoFrame::CFrameData	0129c89c	10	009fea00
CGraphicDataBank	0129c8cc	5	009fece0
CGraphicDataBank	0129c8cc	11	009ff580
CGraphicDataBank	0129c8cc	12	009ff590
CGraphicInfoFrame::CFrameData	0129c89c	5	009ff860
CGraphicDataBank	0129c8cc	10	009ff8b0
CManagedTextureOwner	0129c848	0	009ffb80
CManagedTexture	0129c880	0	00a00620
CGraphicBankStateBlock	0129c888	0	00a00920
CGraphicBankStateBlock	0129c888	2	00a00940
CGraphicInfoFrame	0129c878	0	00a009a0
CGraphicInfoFrame::CFrameData	0129c89c	0	00a010a0
CGraphicDataBank	0129c8cc	25	00a013c0
CGraphicDataBank	0129c938	0	00a013d0
CGraphicDataBank	0129c8cc	20	00a013e0
CGraphicDataBank	0129c8cc	21	00a01430
CGraphicDataBank	0129c8cc	22	00a01480
CGraphicDataBank	0129c8cc	23	00a014d0
CGraphicDataBank	0129c8cc	24	00a01540
CGraphicDataBank	0129c8cc	0	00a01800
CBaseIntelligentPointer	0129c95c	0	00a01c50
CHandleBasedMemoryPool	0129c964	1	00a02120
CHandleBasedMemoryPool	0129c964	2	00a03a40
CHandleBasedMemoryPool	0129c964	3	00a03a50
CHandleBasedMemoryPool	0129c964	0	00a03aa0
CRenderStateManager	0129c978	0	00a07980
CMeshBankManager	0129c980	1	00a09d80
CMeshBankManager	0129c980	0	00a09d90
CMeshBankManager	0129c98c	0	00a0a8a0
CSystemFont	0129c998	0	00a0a920
CRenderManagerCore	0129c9a4	0	00a0b590
CSoundBankLH	0129c9dc	1	00a0b630
CSoundBankLH	0129c9dc	2	00a0b6c0
CSoundBankLH	0129c9dc	3	00a0b6e0
CSoundBankLH	0129c9dc	5	00a0b8d0
CSoundBankLH	0129c9dc	11	00a0b8e0
CSoundBankLH	0129c9dc	6	00a0b900
CSoundBankLH	0129c9dc	7	00a0b980
CSoundBankLH	0129c9dc	8	00a0b990
CSoundBankLH	0129c9dc	4	00a0ba20
CSoundBankLH	0129c9dc	9	00a0ba40
CASoundBank	0129c9ac	9	00a0bd20
CASoundBank	0129c9ac	10	00a0bd30
CASoundBank	0129c9ac	0	00a0bd80
CSoundBankLH	0129c9dc	10	00a0bde0
CSoundBankLH	0129c9dc	0	00a0bdf0
CAInputProcess	0129ca10	1	00a0d2b0
CAInputProcess	0129ca10	8	00a0d400
CAInputProcess	0129ca10	0	00a0d410
CInputProcessManager	0129ca38	0	00a0d950
CAsyncLoadingMemoryPool	0129ca6c	0	00a14b40
CNavigatorManager	0129ca84	1	00a17590
CNavigatorManager	0129ca84	0	00a175a0
CNavigatorFlyer	0129cb54	3	00a18ea0
CNavigatorFlyer	0129cb54	8	00a18ef0
CNavigatorFlyer	0129cb54	5	00a18f00
CNavigatorFlyer	0129cb54	11	00a18f10
CNavigatorFlyer	0129cb54	14	00a18f20
CNavigatorFlyer	0129cb54	15	00a18f30
CNavigatorFlyer	0129cb54	4	00a18fc0
CNavigatorFlyer	0129cb54	7	00a19430
CNavigatorFlyer	0129cb54	6	00a198c0
CNavigatorFlyer	0129cb54	9	00a199f0
CNavigatorFlyer	0129cb54	10	00a19a30
CNavigatorFlyer	0129cb54	2	00a19ab0
CNavigatorFlyer	0129cb54	17	00a19ac0
CNavigatorFlyer	0129cb54	18	00a19ad0
CNavigatorFlyer	0129cb54	19	00a19ae0
CNavigatorFlyer	0129cb54	12	00a19b00
CNavigatorFlyer	0129cb54	13	00a19b10
CNavigatorFlyer	0129cb54	0	00a19b20
CANavQuadTreeNode	0129cbbc	2	00a19b50
CANavQuadTreeNode	0129cbbc	1	00a19b60
CANavQuadTreeNode	0129cbbc	4	00a19b70
CANavQuadTreeNode	0129cbbc	7	00a19b80
CANavQuadTreeNode	0129cbbc	8	00a19b90
CANavQuadTreeNode	0129cbbc	9	00a19ba0
CANavQuadTreeNode	0129cbbc	10	00a19bb0
CANavQuadTreeNode	0129cbbc	16	00a19bc0
CANavQuadTreeNode	0129cbbc	17	00a19bd0
CANavQuadTreeNode	0129cbbc	18	00a19be0
CANavQuadTreeNode	0129cbbc	19	00a19bf0
CANavQuadTreeNode	0129cbbc	0	00a19c00
CSB	0129cc1c	3	00a19ce0
CSB	0129cc1c	4	00a19cf0
CSB	0129cc1c	0	00a19d00
CNavigatorAStar	0129cccc	18	00a1a150
CNavigatorAStar	0129cccc	8	00a1ab40
CNavigatorAStar	0129cccc	11	00a1abf0
CNavigatorAStar	0129cccc	10	00a1af00
CNavigatorAStar	0129cccc	7	00a1b5a0
CNavigatorAStar	0129cccc	6	00a1ba10
CNavigatorAStar	0129cccc	9	00a1bca0
CNavigatorAStar	0129cccc	13	00a1bee0
CNavigatorAStar	0129cccc	17	00a1bfc0
CNavigatorAStar	0129cccc	14	00a1d5d0
CNavigatorAStar	0129cccc	19	00a1df60
CNavigatorAStar	0129cccc	15	00a1e370
CNavigatorAStar	0129cccc	3	00a1fb00
CNavigatorAStar	0129cccc	4	00a1fb50
CNavigatorAStar	0129cccc	5	00a1fba0
CSBGoal	0129cc34	2	00a20860
CSBGoal	0129cc34	0	00a20870
CSBInput	0129cc4c	0	00a208a0
CSBConstraint	0129cc64	0	00a208d0
CSBCAgents	0129cc7c	2	00a20910
CSBCAgents	0129cc7c	0	00a20920
CSBIAgents	0129cc94	5	00a211c0
CSBIAgents	0129cc94	2	00a211d0
CSBIAgents	0129cc94	0	00a211e0
CSBCCorridor	0129ccb0	2	00a21f90
CSBCCorridor	0129ccb0	0	00a22330
CNavigatorAStar	0129cccc	12	00a224c0
CNavigatorAStar	0129cccc	0	00a224d0
CMeshDataBankEntry	0129cd28	1	00a23900
CMeshDataBankEntry	0129cd28	0	00a23910
CMeshBankStateBlock	0129ce7c	1	00a23a30
CMeshDataBank	0129ce94	8	00a23ac0
C3DMeshLODInfo	0129cda4	6	00a23c20
C3DMeshInfo	0129cd3c	1	00a23c70
CMeshDataBank	0129ce94	19	00a23d80
C3DMeshLODInfo	0129cda4	4	00a23de0
C3DAnimationInfo::CAnimationData	0129ce50	4	00a23fc0
CPhysicsMeshInfo::CMeshData	0129cd78	4	00a23ff0
CMeshDataBank	0129ce94	14	00a24330
CMeshDataBank	0129ce94	13	00a243b0
CMeshDataBank	0129ce94	16	00a24410
C3DMeshInfo	0129cd3c	3	00a24cd0
C3DAnimationInfo	0129cd64	3	00a24d40
CPhysicsMeshInfo	0129cd50	3	00a24f90
CPhysicsMeshInfo::CMeshData	0129cd78	2	00a24fc0
CMeshBankStateBlock	0129ce7c	2	00a25040
CMeshDataBank	0129ce94	20	00a25420
C3DMeshLODInfo	0129cda4	5	00a25470
C3DMeshLODInfo	0129cda4	7	00a254a0
C3DMeshLODInfo	0129cda4	2	00a254f0
C3DAnimationInfo::CAnimationData	0129ce50	5	00a259f0
C3DAnimationInfo::CAnimationData	0129ce50	2	00a25ae0
CPhysicsMeshInfo::CMeshData	0129cd78	5	00a25e60
C3DMeshInfo	0129cd3c	2	00a26170
CPhysicsMeshInfo	0129cd50	2	00a26370
C3DAnimationInfo	0129cd64	2	00a265b0
CMeshDataBank	0129ce94	10	00a26660
CMeshDataBank	0129ce94	5	00a26c50
CMeshDataBank	0129ce94	12	00a26d40
CMeshDataBank	0129ce94	21	00a276d0
CPhysicsMeshInfo::CMeshData	0129cd78	0	00a2b610
C3DMeshLODInfo	0129cda4	0	00a2b690
C3DMeshInfo	0129cd3c	0	00a2b6b0
C3DMeshInfo::CMeshData	0129cdd0	0	00a2b6d0
CPhysicsMeshInfo	0129cd50	0	00a2b740
C3DAnimationInfo	0129cd64	0	00a2bd70
CMeshBankStateBlock	0129ce7c	3	00a2d6c0
CMeshBankStateBlock	0129ce7c	0	00a2d770
C3DAnimationInfo::CAnimationData	0129ce50	0	00a2db10
CMeshDataBank	0129ce94	0	00a2e370
C3DMeshStats	0129cf04	1	00a2e820
C3DMeshStats	0129cf04	0	00a353f0
CThingManager	01245c44	1	00a36f90
CClass	0129cf60	0	00a379e0
CClassFactory	0129cf70	0	00a38080
CCRCSymbolMap	0129cf84	0	00a399e0
CWADFile	0129cf8c	2	00a39ba0
CWADFile	0129cf8c	3	00a39bb0
CWADFile	0129cf8c	4	00a39be0
CWADFile	0129cf8c	5	00a39bf0
CWADFile	0129cf8c	6	00a39c00
CWADFile	0129cf8c	7	00a39c10
CWADFile	0129cf8c	9	00a39c20
CWADFile	0129cf8c	12	00a39c30
CWADFile	0129cf8c	11	00a39c40
CWADFile	0129cf8c	13	00a39c70
CWADFile	0129cf8c	14	00a39c80
CWADFile	0129cf8c	15	00a39d20
CWADFile	0129cf8c	1	00a39dc0
CWADFile	0129cf8c	8	00a39dd0
CWADFile	0129cf8c	10	00a39de0
CWADFile	0129cf8c	0	00a39df0
CWADBankStateBlock	0129cfd0	1	00a3a2c0
CWADBankStateBlock	0129cfd0	2	00a3a2d0
CWADBankStateBlock	0129cfd0	3	00a3a2e0
CWADBankStateBlock	0129cfd0	0	00a3a360
CCompressorZlib	01245974	7	00a3abe0
CCompressorZlib	01245974	5	00a3ac40
CTextureRenderer	0129d08c	44	00a3b590
CTextureRenderer	0129d08c	36	00a3b5f0
CTextureRenderer	0129d08c	43	00a3b730
CTextureRenderer	0129d08c	8	00a3bcd0
CTextureRenderer	0129d08c	13	00a3bce0
CTextureRenderer	0129d08c	20	00a3bcf0
CTextureRenderer	0129d04c	0	00a3bd00
CTextureRenderer	0129d04c	1	00a3bd10
CTextureRenderer	0129d04c	2	00a3bd20
CTextureRenderer	0129d030	0	00a3bd30
CTextureRenderer	0129d030	1	00a3bd40
CTextureRenderer	0129d030	2	00a3bd50
CTextureRenderer	0129d008	0	00a3bd60
CTextureRenderer	0129d008	1	00a3bd70
CTextureRenderer	0129d008	2	00a3bd80
CTextureRenderer	0129cff0	0	00a3bd90
CTextureRenderer	0129cff0	1	00a3bda0
CTextureRenderer	0129cff0	2	00a3bdb0
CTextureRenderer	0129d08c	3	00a3bdc0
C3DAnimationState	01249f50	5	00a3be10
C3DAnimationStateAlpha	01265128	5	00a3be20
C3DAnimationTransitionState	01265144	5	00a3be30
C3DAnimationBlendState::CSharedData	0129d1f8	0	00a3d440
LHA::CAllocator	0129d264	0	00a3e290
CSoundManagerLH	0129d2c4	53	00a3e330
CSoundManagerLH	0129d2c4	7	00a3e350
CSoundManagerLH	0129d2c4	8	00a3e380
CSoundManagerLH	0129d2c4	9	00a3e3a0
CSoundManagerLH	0129d2c4	11	00a3e3b0
CSoundManagerLH	0129d2c4	50	00a3e3c0
CSoundManagerLH	0129d2c4	2	00a3e3e0
CSoundManagerLH	0129d2c4	1	00a3e430
CSoundManagerLH	0129d2c4	49	00a3e480
CSoundManagerLH	0129d2c4	17	00a3e4b0
CSoundManagerLH	0129d2c4	18	00a3e520
CSoundManagerLH	0129d2c4	44	00a3e540
CSoundManagerLH	0129d2c4	19	00a3e560
CSoundManagerLH	0129d2c4	20	00a3e580
CSoundManagerLH	0129d2c4	21	00a3e5a0
CSoundManagerLH	0129d2c4	22	00a3e5c0
CSoundManagerLH	0129d2c4	23	00a3e5e0
CSoundManagerLH	0129d2c4	24	00a3e600
CSoundManagerLH	0129d2c4	25	00a3e620
CSoundManagerLH	0129d2c4	26	00a3e640
CSoundManagerLH	0129d2c4	27	00a3e660
CSoundManagerLH	0129d2c4	28	00a3e680
CSoundManagerLH	0129d2c4	29	00a3e6a0
CSoundManagerLH	0129d2c4	30	00a3e760
CSoundManagerLH	0129d2c4	31	00a3e780
CSoundManagerLH	0129d2c4	32	00a3e7a0
CSoundManagerLH	0129d2c4	33	00a3e7c0
CSoundManagerLH	0129d2c4	34	00a3e7e0
CSoundManagerLH	0129d2c4	51	00a3e800
CSoundManagerLH	0129d2c4	35	00a3e830
CSoundManagerLH	0129d2c4	36	00a3e850
CSoundManagerLH	0129d2c4	42	00a3e920
CSoundManagerLH	0129d2c4	45	00a3e980
CSoundManagerLH	0129d2c4	46	00a3e9d0
CSoundManagerLH	0129d2c4	47	00a3ea20
CSoundManagerLH	0129d2c4	48	00a3ea80
CSoundManagerLH	0129d2c4	43	00a3eae0
CSoundManagerLH	0129d2c4	3	00a3eb20
CSoundManagerLH	0129d2c4	5	00a3eb60
CSoundManagerLH	0129d2c4	16	00a3ebc0
CSoundManagerLH	0129d2c4	14	00a3ebf0
CSoundManagerLH	0129d2c4	15	00a3ec30
CSoundManagerLH	0129d2c4	6	00a3ec70
CSoundManagerLH	0129d2c4	10	00a3ec90
CSoundManagerLH	0129d2c4	4	00a3ecb0
CSoundManagerLH	0129d2c4	38	00a3ed90
CSoundManagerLH	0129d2c4	40	00a3eed0
CSoundManagerLH	0129d2c4	37	00a3f140
CSoundManagerLH	0129d2c4	39	00a3f250
CSoundManagerLH	0129d2c4	41	00a3f340
CGameMapInterface	0129d288	0	00a3f8b0
CGameMapInterface	0129d288	1	00a3f900
CBBBSoundAllocator	0129d294	1	00a3f960
CBBBSoundAllocator	0129d294	2	00a3f970
CBBBSoundPhysicalAllocator	0129d2a4	1	00a3f990
CBBBSoundPhysicalAllocator	0129d2a4	2	00a3f9a0
CBBBSoundAllocator	0129d294	0	00a3f9c0
CBBBSoundPhysicalAllocator	0129d2a4	0	00a3f9e0
CSoundManagerLH	0129d2c4	52	00a41800
CSoundManagerLH	0129d2c4	0	00a41a50
CLipSyncDataBank	0129d3d4	8	00a42790
CLipSyncDataBank	0129d3d4	7	00a427a0
CLipSyncDataBank	0129d3d4	17	00a427c0
CLipSyncDataBank	0129d3d4	19	00a427e0
CLipSyncDataBankEntry::CData	0129d3a4	4	00a42810
CLipSyncDataBank	0129d3d4	16	00a42940
CLipSyncDataBankEntry::CData	0129d3a4	2	00a42a80
CLipSyncDataBank	0129d3d4	5	00a42da0
CLipSyncDataBank	0129d3d4	12	00a42df0
CLipSyncDataBank	0129d3d4	10	00a42e70
CLipSyncDataBankEntry::CData	0129d3a4	5	00a42fb0
CLipSyncDataBankEntry::CData	0129d3a4	0	00a437b0
CLipSyncDataBank	0129d3d4	0	00a43fd0
CASuspendableProcess	0129d428	4	00a44600
CLevelLoader	0125d9b0	3	00a447d0
CLevelLoader	0125d9b0	2	00a44840
CLevelLoader	0125d9b0	1	00a44880
CASuspendableProcess	0129d428	0	00a44a20
CSuspendableProcessMicrothread	0129d440	0	00a44a40
C3DSkeletalMorphParameter	0129d490	0	00a46420
C3DSkeletalMorph	0129d498	0	00a47020
CNavigatorFlyer	0129cb54	16	00a472f0
CNavigatorBase	0129d4a4	0	00a47e80
C3DAnimation2	0129d548	4	00a4c1a0
C3DAnimation2	0129d548	2	00a4e100
C3DAnimation2	0129d548	3	00a4e150
C3DAnimation2	0129d548	5	00a4e250
C3DAnimation2	0129d548	6	00a4e300
C3DAnimation2	0129d534	1	00a4e960
CIntelligentPointer	0129d50c	0	00a51d90
C3DAnimation2	0129d534	2	00a553f0
C3DAnimation2	0129d534	0	00a55400
C3DAnimationStats	0129d514	0	00a555a0
C3DAnimation2	0129d548	0	00a555c0
CCachedFile	012724d4	2	00a5afa0
CCachedFile	012724d4	4	00a5afb0
CCachedFile	012724d4	5	00a5b020
CCachedFile	012724d4	6	00a5b0a0
CCachedFile	012724d4	8	00a5b190
CCachedFile	012724d4	9	00a5b200
CCachedFile	012724d4	1	00a5b260
CCachedFile	012724d4	3	00a5b370
CCachedFile	012724d4	14	00a5b710
CSimpleMemoryPool::CMemoryBlock	0129d568	0	00a5c9b0
CVertexStreamFormat	0129d578	0	00a5e670
CShaderResource	0129d580	0	00a5ebe0
CPixelShaderData	0129d58c	0	00a5ed00
CStreamingFontBankStateBlock	0129d594	1	00a5ee20
CStreamingFontBankStateBlock	0129d594	3	00a5ee40
CStreamingFontBankStateBlock	0129d594	0	00a5ee70
CStreamingFontDataBank	0129d5cc	8	00a5ee90
CStreamingFontDataBank	0129d5cc	9	00a5eea0
CStreamingFontDataBank	0129d5cc	19	00a5ef10
CStreamingFontDataBank	0129d5cc	14	00a5f0b0
CStreamingFontDataBank	0129d5cc	16	00a5f0f0
CStreamingFontDataBankEntry	0129d5b4	1	00a5f220
CStreamingFontDataBankEntry	0129d5b4	2	00a5f230
CStreamingFontDataBankEntry	0129d5b4	3	00a5f250
CStreamingFontDataBank	0129d5cc	5	00a5f420
CStreamingFontDataBank	0129d5cc	12	00a5f430
CStreamingFontBankStateBlock	0129d594	2	00a5f6a0
CStreamingFontDataBankEntry	0129d5b4	0	00a5f800
CStreamingFontDataBank	0129d5cc	17	00a5f9c0
CStreamingFontDataBank	0129d5cc	18	00a5f9d0
CStreamingFontDataBank	0129d5cc	0	00a5fa30
CInputManagerDX	0129d620	0	00a601e0
CShaderBankStateBlock	0129d630	1	00a61f20
CShaderBankStateBlock	0129d630	3	00a61f40
CShaderBankStateBlock	0129d630	0	00a61f70
CShaderDataBank	0129d644	8	00a61f90
CShaderDataBank	0129d644	14	00a61fc0
CShaderDataBank	0129d644	16	00a62000
CShaderDataBank	0129d644	5	00a62110
CShaderDataBank	0129d644	12	00a623d0
CShaderBankStateBlock	0129d630	2	00a62580
CShaderDataBank	0129d644	0	00a62860
CShaderBankEntry	0129d698	0	00a628b0
CMovableResourceMemoryPool	0129d6a0	3	00a62ec0
CMovableResourceMemoryPool	0129d6a0	1	00a62f30
CMovableResourceMemoryPool	0129d6a0	2	00a62f70
CMovableResourceMemoryPool	0129d6a0	0	00a62f90
CVertexShaderData	0129da50	0	00a630d0
CVertexBufferWin32	0129ba20	2	00a63120
CVertexBufferWin32	0129ba20	3	00a63130
CVertexBufferWin32	0129ba20	4	00a63140
CVertexBufferWin32	0129ba20	1	00a63240
CFontBankStateBlock	0129da5c	1	00a632d0
CFontBankStateBlock	0129da5c	3	00a632f0
CFontBankStateBlock	0129da5c	0	00a63320
CFontDataBank	0129da84	8	00a63340
CFontDataBank	0129da84	19	00a63380
CFontDataBank	0129da84	16	00a63420
CFontDataBankEntry	0129da70	1	00a63550
CFontDataBankEntry	0129da70	2	00a63560
CFontDataBankEntry	0129da70	3	00a63580
CFontDataBank	0129da84	5	00a635c0
CFontDataBank	0129da84	14	00a635f0
CFontDataBank	0129da84	12	00a636c0
CFontBankStateBlock	0129da5c	2	00a63890
CFontDataBankEntry	0129da70	0	00a63970
CFontDataBank	0129da84	17	00a63ac0
CFontDataBank	0129da84	18	00a63ad0
CFontDataBank	0129da84	0	00a63b30
CMemoryAllocatorVariableSize	0129db1c	5	00a64500
CMemoryAllocatorVariableSize	0129db1c	8	00a64530
CMemoryAllocatorVariableSize	0129db1c	9	00a64560
CMemoryAllocatorVariableSize	0129db1c	10	00a64590
CMemoryAllocatorVariableSize	0129db1c	7	00a64db0
CMemoryAllocatorVariableSize	0129db1c	12	00a64e20
CMemoryAllocatorVariableSize	0129db1c	3	00a651b0
CMemoryAllocatorVariableSize	0129db1c	4	00a651e0
CMemoryAllocatorVariableSize	0129db1c	6	00a65210
CMemoryAllocatorVariableSize	0129db1c	2	00a65260
CMemoryAllocatorVariableSize	0129db1c	11	00a652d0
CMemoryAllocatorVariableSize	0129db1c	14	00a65330
CMemoryAllocatorVariableSize	0129db1c	0	00a659c0
CMemoryAllocatorVariableSize	0129db1c	1	00a65a50
CMemoryAllocatorBase	0129dadc	13	00a65b50
CMemoryAllocatorVariableSize	0129db1c	15	00a65c60
CMemoryAllocatorFixedSize	0129db64	13	00a65d30
CMemoryAllocatorFixedSize	0129db64	3	00a65d40
CMemoryAllocatorFixedSize	0129db64	6	00a65d50
CMemoryAllocatorFixedSize	0129db64	12	00a65d70
CMemoryAllocatorFixedSize	0129db64	7	00a65da0
CMemoryAllocatorFixedSize	0129db64	4	00a65de0
CMemoryAllocatorFixedSize	0129db64	5	00a65df0
CMemoryAllocatorFixedSize	0129db64	8	00a65e20
CMemoryAllocatorFixedSize	0129db64	9	00a65e50
CMemoryAllocatorFixedSize	0129db64	2	00a660a0
CMemoryAllocatorFixedSize	0129db64	11	00a66100
CMemoryAllocatorFixedSize	0129db64	1	00a662a0
CMemoryAllocatorFixedSize	0129db64	14	00a663a0
CMemoryAllocatorFixedSize	0129db64	0	00a66450
CMemoryAllocatorFixedSize	0129db64	10	00a66550
CMemoryAllocatorFixedSize	0129db64	15	00a66600
CKeyboard	0129dba8	3	00a66ac0
CKeyboard	0129dba8	4	00a66ad0
CKeyboard	0129dba8	0	00a66ae0
CMouse	0129dbc4	14	00a673a0
CMouse	0129dbc4	0	00a673b0
CVolumeTexture	0129dc18	0	00a69590
CManagedTextureData	0129dc24	0	00a6b590
CPreallocTexturePool	0129dc50	0	00a6bfc0
CTextureManager	0129dc5c	0	00a6c000
CPhysicsMesh	0129dc68	0	00a73cc0
CContainmentVolume	0129dc94	1	00a755a0
CContainmentVolume	0129dc94	0	00a758e0
CNavNavigableLeafNode	0129dda4	5	00a75a70
CNavNavigableLeafNode	0129dda4	7	00a75a80
CNavNavigableLeafNode	0129dda4	8	00a75a90
CNavNavigableLeafNode	0129dda4	11	00a75b40
CNavNavigableLeafNode	0129dda4	14	00a75b50
CNavNavigableLeafNode	0129dda4	17	00a75b70
CNavSwitchableLeafNode	0129de04	5	00a75be0
CNavSwitchableLeafNode	0129de04	7	00a75c00
CNavSwitchableLeafNode	0129de04	8	00a75c10
CNavQuadTreeNode	0129dcd4	18	00a75da0
CNavQuadTreeNode	0129dcd4	19	00a75e00
CNavQuadTreeNode	0129dcd4	17	00a75e30
CNavQuadTreeNode	0129dcd4	16	00a75f10
CNavQuadTreeNode	0129dcd4	12	00a75fc0
CNavQuadTreeNode	0129dcd4	13	00a76010
CNavQuadTreeNode	0129dcd4	14	00a76060
CNavQuadTreeNode	0129dcd4	15	00a761c0
CNavBlockedQuadTreeNode	0129dd3c	11	00a76270
CNavBlockedQuadTreeNode	0129dd3c	20	00a76280
CNavBlockedQuadTreeNode	0129dd3c	15	00a76290
CNavNavigableLeafNode	0129dda4	13	00a76490
CNavNavigableLeafNode	0129dda4	15	00a76500
CNavNavigableLeafNode	0129dda4	3	00a76520
CNavSwitchableLeafNode	0129de04	3	00a76530
CNavSwitchableLeafNode	0129de04	15	00a76550
CNavQuadTreeNode	0129dcd4	11	00a76770
CNavBlockedQuadTreeNode	0129dd3c	21	00a76950
CNavNavigableLeafNode	0129dda4	16	00a76b90
CNavNavigableLeafNode	0129dda4	19	00a76c10
CNavNavigableLeafNode	0129dda4	4	00a76c30
CNavSwitchableLeafNode	0129de04	4	00a76c70
CNavNavigableLeafNode	0129dda4	22	00a779b0
CNavNavigableLeafNode	0129dda4	21	00a77a10
CNavNavigableLeafNode	0129dda4	12	00a77b00
CNavSwitchableLeafNode	0129de04	12	00a77b80
CNavSwitchableLeafNode	0129de04	21	00a77c30
CNavQuadTreeNode	0129dcd4	22	00a77ca0
CNavQuadTreeNode	0129dcd4	21	00a77d60
CNavNavigableLeafNode	0129dda4	20	00a787d0
CNavQuadTreeNode	0129dcd4	20	00a789f0
CNavQuadTreeNode	0129dcd4	3	00a7b930
CNavQuadTreeNode	0129dcd4	5	00a7b940
CNavQuadTreeNode	0129dcd4	6	00a7b950
CNavQuadTreeNode	0129dcd4	0	00a7d900
CNavBlockedQuadTreeNode	0129dd3c	3	00a7d920
CNavBlockedQuadTreeNode	0129dd3c	5	00a7d930
CNavBlockedQuadTreeNode	0129dd3c	6	00a7d940
CNavBlockedQuadTreeNode	0129dd3c	12	00a7d950
CNavBlockedQuadTreeNode	0129dd3c	13	00a7d960
CNavBlockedQuadTreeNode	0129dd3c	14	00a7d970
CNavBlockedQuadTreeNode	0129dd3c	22	00a7d980
CNavBlockedQuadTreeNode	0129dd3c	0	00a7d990
CNavNavigableLeafNode	0129dda4	2	00a7f290
CNavNavigableLeafNode	0129dda4	1	00a7f2a0
CNavNavigableLeafNode	0129dda4	6	00a7f2b0
CNavNavigableLeafNode	0129dda4	0	00a80340
CNavSwitchableLeafNode	0129de04	6	00a84e00
CNavSwitchableLeafNode	0129de04	9	00a84e10
CNavSwitchableLeafNode	0129de04	13	00a84e20
CNavSwitchableLeafNode	0129de04	14	00a84e30
CNavSwitchableLeafNode	0129de04	10	00a84e40
CNavSwitchableLeafNode	0129de04	0	00a84ee0
CNavQuadTree	0129de64	0	00a85e20
CIPhysicsFacesSegmentBase	0129de70	3	00a85f90
CPhysicsFacesSegmentBranch	0129de88	1	00a85fb0
CPhysicsFacesSegmentBranch	0129de88	2	00a85fd0
CPhysicsFacesSegmentBranch	0129de88	4	00a86030
CPhysicsFacesSegmentLeaf	0129dea4	2	00a860f0
CPhysicsFacesSegmentLeaf	0129dea4	1	00a86100
CPhysicsFacesSegmentLeaf	0129dea4	4	00a86e20
CPhysicsFacesSegmentBranch	0129de88	0	00a86f10
CPhysicsFacesSegmentBranch	0129de88	3	00a86f60
CPhysicsFacesSegmentLeaf	0129dea4	0	00a87110
CPhysicsFacesSegmentLeaf	0129dea4	3	00a87120
CSBAgents	0129debc	1	00a873e0
CSBGoal	0129cc34	1	00a87580
CSBCAgents	0129cc7c	1	00a87700
CSBIAgents	0129cc94	1	00a87960
CSBCCorridor	0129ccb0	4	00a88080
CSBCCorridor	0129ccb0	1	00a880c0
CSBCCorridor	0129ccb0	3	00a887b0
CSBAgents	0129debc	2	00a88910
CSBAgents	0129debc	0	00a88920
C3DMesh2	0129def0	5	00a89740
C3DMesh2	0129def0	4	00a898d0
C3DMesh2	0129def0	7	00a89a70
C3DMesh2	0129def0	6	00a89e40
C3DMesh2	0129def0	9	00a8a220
C3DMesh2	0129def0	8	00a8a5f0
C3DMesh2	0129def0	1	00a8b4c0
C3DMesh2	0129def0	2	00a8ca00
C3DMesh2	0129def0	0	00a8d700
C3DMeshStripifier	0129df20	0	00a8e040
C3DPrimitive2	0129df94	1	00a8e870
C3DClothPrimitive	0129df74	0	00a96000
N3DPrimitive::CTriangleList	0129df7c	0	00a97830
N3DPrimitive::CAnimatedBlock::CDeviceIndependent	0129df88	0	00a978a0
C3DPrimitive2	0129df94	0	00a98430
N3DPrimitive::CDeviceIndependent	0129dfa8	0	00a98450
N3DPrimitive::CVertexShaderInputStatic	0129dfb8	0	00a98760
N3DPrimitive::CVertexShaderInputAnimated	0129dfb0	0	00a987b0
CTemporaryBuffer	0129dfd8	0	00a98980
C3DAnimFileRootChunk	0129dff0	8	00a98a70
C3DAnimFileRootChunk	0129dff0	9	00a98ab0
C3DAnimFileRootChunk	0129dff0	7	00a98af0
C3DAnimFileRootChunk	0129dff0	1	00a99e30
C3DAnimFileSaver	0129dfe0	0	00a9a2c0
C3DAnimFileRootChunk	0129dff0	0	00a9a2e0
C3DAnimFile	0129e034	0	00a9a730
C3DAnimFileLoader	0129e060	0	00a9a7a0
C3DMeshFileRootChunk	0129e090	9	00a9a8c0
C3DMeshFileRootChunk	0129e090	1	00a9c9c0
C3DMeshFileSaver	0129e080	0	00a9ce00
C3DMeshFileRootChunk	0129e090	0	00a9ce20
C3DMeshFile	0129e0d8	0	00a9d2a0
C3DMeshFileLoader	0129e0d0	0	00a9d2c0
CMirroredTextureHighlightsChunk	0129e0e0	1	00a9d310
CMirroredTextureHighlightsChunk	0129e0e0	0	00a9d360
C3DAnimationManager	0129e134	0	00aa4150
C3DQuadricBasedMeshOptimiser	0129e13c	0	00aa43c0
C3DAnimFileXAllocationSizeChunk	0129e144	8	00aa4500
C3DAnimFileXAllocationSizeChunk	0129e144	9	00aa4530
C3DAnimFileXAllocationSizeChunk	0129e144	7	00aa4570
C3DAnimFileXSequenceChunk	0129e194	8	00aa4650
C3DAnimFileXSequenceChunk	0129e194	9	00aa46b0
C3DAnimFileXSequenceChunk	0129e194	7	00aa48d0
C3DAnimFileXAllocationSizeChunk	0129e144	1	00aa4970
C3DAnimFileXAllocationSizeChunk	0129e144	0	00aa4990
C3DAnimFileXSequenceChunk	0129e194	1	00aa49d0
C3DAnimFileXSequenceChunk	0129e194	0	00aa49f0
C3DAnimFileXLoader	0129e1e4	0	00aa4a20
C3DMeshFileXTextureIndexChunk	0129e1f8	8	00aa4af0
C3DMeshFileXTextureIndexChunk	0129e1f8	9	00aa4b00
C3DMeshFileXBoundingSphereChunk	0129e2bc	8	00aa4b50
C3DMeshFileXBoundingBoxChunk	0129e2fc	8	00aa4b90
C3DMeshFileXMappingInfoChunk	0129e238	8	00aa4c00
C3DMeshFileXMappingInfoChunk	0129e238	9	00aa4c30
C3DMeshFileXAnimatedPrimitiveChunk	0129e278	8	00aa4ca0
C3DMeshFileXAnimatedPrimitiveChunk	0129e278	9	00aa4cd0
C3DMeshFileXTextureIndexChunk	0129e1f8	7	00aa4d80
C3DMeshFileXBoundingSphereChunk	0129e2bc	7	00aa4e40
C3DMeshFileXBoundingSphereChunk	0129e2bc	9	00aa4fb0
C3DMeshFileXBoundingBoxChunk	0129e2fc	7	00aa5030
C3DMeshFileXBoundingBoxChunk	0129e2fc	9	00aa5250
C3DMeshFileXMappingInfoChunk	0129e238	7	00aa52b0
C3DMeshFileXAnimatedPrimitiveChunk	0129e278	7	00aa5370
C3DMeshFileXAnimatedPrimitiveBlockChunk	0129e404	8	00aa5720
C3DMeshFileXUVTangentChunk	0129e3c0	8	00aa57f0
C3DMeshFileXVertexDataChunk	0129e33c	8	00aa58c0
C3DMeshFileXTriangleStripChunk	0129e380	8	00aa5930
C3DMeshFileXVertexDataChunk	0129e33c	9	00aa59c0
C3DMeshFileXTriangleStripChunk	0129e380	9	00aa5a60
C3DMeshFileXUVTangentChunk	0129e3c0	9	00aa5b30
C3DMeshFileXAnimatedPrimitiveBlockChunk	0129e404	9	00aa5c20
C3DMeshFileXVertexDataChunk	0129e33c	7	00aa66b0
C3DMeshFileXTriangleStripChunk	0129e380	7	00aa6960
C3DMeshFileXUVTangentChunk	0129e3c0	7	00aa6a60
C3DMeshFileXAnimatedPrimitiveBlockChunk	0129e404	7	00aa6c70
C3DMeshFileXTextureIndexChunk	0129e1f8	1	00aa7010
C3DMeshFileXTextureIndexChunk	0129e1f8	0	00aa7030
C3DMeshFileXMappingInfoChunk	0129e238	1	00aa7050
C3DMeshFileXMappingInfoChunk	0129e238	0	00aa7070
C3DMeshFileXAnimatedPrimitiveChunk	0129e278	1	00aa7090
C3DMeshFileXAnimatedPrimitiveChunk	0129e278	0	00aa70b0
C3DMeshFileXBoundingSphereChunk	0129e2bc	1	00aa7100
C3DMeshFileXBoundingSphereChunk	0129e2bc	0	00aa7120
C3DMeshFileXBoundingBoxChunk	0129e2fc	1	00aa7140
C3DMeshFileXBoundingBoxChunk	0129e2fc	0	00aa7160
C3DMeshFileXVertexDataChunk	0129e33c	1	00aa7230
C3DMeshFileXVertexDataChunk	0129e33c	0	00aa7250
C3DMeshFileXTriangleStripChunk	0129e380	1	00aa7280
C3DMeshFileXTriangleStripChunk	0129e380	0	00aa72a0
C3DMeshFileXUVTangentChunk	0129e3c0	1	00aa7350
C3DMeshFileXUVTangentChunk	0129e3c0	0	00aa7370
C3DMeshFileXAnimatedPrimitiveBlockChunk	0129e404	1	00aa73b0
C3DMeshFileXLoader	0129e450	0	00aa7440
C3DMeshFileXAnimatedPrimitiveBlockChunk	0129e404	0	00aa7460
CChunkedFileChunk	0129e474	1	00aa75d0
C3DAnimFileRootChunk	0129dff0	2	00aa75f0
C3DAnimFileRootChunk	0129dff0	4	00aa7610
CMirroredTextureHighlightsChunk	0129e0e0	3	00aa7620
CMirroredTextureHighlightsChunk	0129e0e0	6	00aa7630
CMirroredTextureHighlightsChunk	0129e0e0	5	00aa7640
CMirroredTextureHighlightsChunk	0129e0e0	10	00aa7690
C3DAnimFileRootChunk	0129dff0	3	00aa76a0
C3DAnimFileRootChunk	0129dff0	6	00aa76b0
C3DAnimFileRootChunk	0129dff0	5	00aa76c0
CChunkedFileRawDataChunk	0129e4b8	4	00aa7740
CChunkedFileRawDataChunk	0129e4b8	7	00aa77a0
CChunkedFileRawDataChunk	0129e4b8	8	00aa7830
CChunkedFileRawDataChunk	0129e4b8	9	00aa7850
C3DMeshFileRootChunk	0129e090	8	00aa78c0
C3DAnimFileRootChunk	0129dff0	10	00aa8460
C3DMeshFileRootChunk	0129e090	7	00aa8830
CChunkedFileLoader	0129e464	0	00aa8d10
CChunkedFileSaver	0129e46c	0	00aa8d30
CChunkedFileChunk	0129e474	0	00aa8d50
CChunkedFileRawDataChunk	0129e4b8	0	00aa8d80
CChunkedFile	0129e4e8	0	00aa9190
CChunkedFileSuperChunk	0129e4f0	0	00aa9600
C3DMeshFileHelpersChunk	0129e538	9	00aa9670
C3DMeshFileHelperPointChunk	0129e5b4	2	00aa96b0
C3DMeshFileHelperPointChunk	0129e5b4	8	00aa98b0
C3DMeshFileDummyObjectChunk	0129e5f4	2	00aa9910
C3DMeshFileDummyObjectChunk	0129e5f4	8	00aa9a70
C3DMeshFileConvexVolumeChunk	0129e634	2	00aa9ad0
C3DMeshFileHelperPointChunk	0129e5b4	7	00aa9ba0
C3DMeshFileHelperPointChunk	0129e5b4	9	00aa9da0
C3DMeshFileDummyObjectChunk	0129e5f4	7	00aa9e60
C3DMeshFileDummyObjectChunk	0129e5f4	9	00aaa0c0
C3DMeshFileConvexVolumeChunk	0129e634	8	00aaa9a0
C3DMeshFileConvexVolumeChunk	0129e634	9	00aaaa60
C3DMeshFileConvexVolumeChunk	0129e634	7	00aaab10
C3DMeshFileHelpersChunk	0129e538	1	00aaacd0
C3DMeshFileHelpersChunk	0129e538	0	00aab110
C3DMeshFileHelperPointChunk	0129e5b4	1	00aab130
C3DMeshFileHelperPointChunk	0129e5b4	0	00aab150
C3DMeshFileDummyObjectChunk	0129e5f4	1	00aab180
C3DMeshFileDummyObjectChunk	0129e5f4	0	00aab1a0
C3DMeshFileConvexVolumeChunk	0129e634	1	00aab6b0
C3DMeshFileConvexVolumeChunk	0129e634	0	00aab6e0
CLHFileManager	0129d2b4	1	00aab7a0
CLHFileManager	0129d2b4	0	00aab7d0
CASoundEmitter	0129e684	0	00aab9a0
CSoundEmitterLH	0129e6ec	16	00aab9c0
CSoundEmitterLH	0129e6ec	18	00aab9d0
CSoundEmitterLH	0129e6ec	19	00aab9e0
CSoundEmitterLH	0129e6ec	20	00aab9f0
CSoundEmitterLH	0129e6ec	1	00aaba00
CSoundEmitterLH	0129e6ec	2	00aaba10
CSoundEmitterLH	0129e6ec	6	00aaba20
CSoundEmitterLH	0129e6ec	7	00aaba40
CSoundEmitterLH	0129e6ec	17	00aaba60
CSoundEmitterLH	0129e6ec	11	00aaba80
CSoundEmitterLH	0129e6ec	22	00aabac0
CSoundEmitterLH	0129e6ec	21	00aabb00
CSoundEmitterLH	0129e6ec	13	00aabb60
CSoundEmitterLH	0129e6ec	15	00aabbb0
CSoundEmitterLH	0129e6ec	23	00aabc50
CSoundEmitterLH	0129e6ec	14	00aabd40
CSoundEmitterLH	0129e6ec	4	00aabd50
CSoundEmitterLH	0129e6ec	3	00aabf60
CSoundEmitterLH	0129e6ec	5	00aac1d0
CSoundEmitterLH	0129e6ec	10	00aac2e0
CSoundEmitterLH	0129e6ec	8	00aac340
CSoundEmitterLH	0129e6ec	9	00aac400
CSoundEmitterLH	0129e6ec	12	00aac460
CSoundEmitterLH	0129e6ec	24	00aac5e0
CActiveSoundInfo	0129e674	0	00aac7d0
CSoundEmitterLH::CActiveSound	0129e67c	0	00aac7f0
CSoundEmitterLH	0129e6ec	0	00aacea0
CASoundReceiver	0129e754	0	00aacf70
CSoundReceiverLH	0129e76c	2	00aacf90
CSoundReceiverLH	0129e76c	4	00aacfa0
CSoundReceiverLH	0129e76c	1	00aad060
CSoundReceiverLH	0129e76c	3	00aad090
CSoundReceiverLH	0129e76c	0	00aad0d0
C3DAnimFileHelpersChunk	0129e7c0	9	00aae0b0
C3DAnimFileMovementVectorChunk	0129e83c	2	00aae0f0
C3DAnimFileMovementVectorChunk	0129e83c	8	00aae130
C3DAnimFileTimingEventChunk	0129e7f0	2	00aae190
C3DAnimFileTimingEventChunk	0129e7f0	8	00aae220
C3DAnimFileTimingEventChunk	0129e7f0	9	00aae250
C3DAnimFileMovementVectorChunk	0129e83c	7	00aae2c0
C3DAnimFileMovementVectorChunk	0129e83c	9	00aae400
C3DAnimFileTimingEventChunk	0129e7f0	7	00aae440
C3DAnimFileHelpersChunk	0129e7c0	1	00aaea90
C3DAnimFileTimingEventChunk	0129e7f0	1	00aaeab0
C3DAnimFileHelpersChunk	0129e7c0	0	00aaee70
C3DAnimFileMovementVectorChunk	0129e83c	1	00aaee90
C3DAnimFileMovementVectorChunk	0129e83c	0	00aaeeb0
C3DAnimFileTimingEventChunk	0129e7f0	0	00aaeed0
C3DAnimFileSequenceChunk	0129e8b8	2	00aaf5b0
C3DAnimFileSequenceChunk	0129e8b8	8	00aaf650
C3DAnimFileSequenceChunk	0129e8b8	9	00aaf7a0
C3DAnimFileSequenceChunk	0129e8b8	7	00aaf850
C3DAnimFileSequenceChunk	0129e8b8	1	00aaff90
C3DAnimFileSequenceChunk	0129e8b8	0	00aafff0
C3DAnimFileObjectChunk	0129e904	8	00ab0090
C3DAnimFileObjectChunk	0129e904	9	00ab00c0
C3DAnimFileBoneMaskChunk	0129e980	2	00ab0110
C3DAnimFileObjectChunk	0129e904	7	00ab0130
C3DAnimFileObjectChunk	0129e904	2	00ab01e0
C3DAnimFileBoneMaskChunk	0129e980	8	00ab06b0
C3DAnimFileBoneMaskChunk	0129e980	9	00ab0730
C3DAnimFileBoneMaskChunk	0129e980	7	00ab0790
C3DAnimFileObjectChunk	0129e904	1	00ab0870
C3DAnimFileObjectChunk	0129e904	0	00ab0a10
C3DAnimFileBoneMaskChunk	0129e980	1	00ab0b30
C3DAnimFileBoneMaskChunk	0129e980	0	00ab0b50
C3DAnimationBuilder	0129e9c8	0	00ab3550
CVertexShaderInput	0129ea08	0	00ab4690
CMouseDX	0129ea14	1	00ab46e0
CMouseDX	0129ea14	4	00ab4700
CMouseDX	0129ea14	14	00ab47d0
CMouseDX	0129ea14	3	00ab4870
CMouseDX	0129ea14	13	00ab5390
CMouseDX	0129ea14	6	00ab5710
CMouseDX	0129ea14	5	00ab58e0
CMouseDX	0129ea14	2	00ab5f00
CMouseDX	0129ea14	7	00ab5f10
CMouseDX	0129ea14	8	00ab5f20
CMouseDX	0129ea14	9	00ab5f30
CMouseDX	0129ea14	10	00ab5f40
CMouseDX	0129ea14	11	00ab5f50
CMouseDX	0129ea14	12	00ab5f60
CMouseDX	0129ea14	15	00ab5f70
CMouseDX	0129ea14	16	00ab5f80
CMouseDX	0129ea14	17	00ab5f90
CMouseDX	0129ea14	0	00ab5fa0
CKeyboardDX	0129ea60	3	00ab6060
CKeyboardDX	0129ea60	4	00ab6180
CKeyboardDX	0129ea60	5	00ab6220
CKeyboardDX	0129ea60	2	00ab6450
CKeyboardDX	0129ea60	1	00ab69f0
CKeyboardDX	0129ea60	0	00ab6a50
CJoystickDX	0129ea7c	3	00ab6ad0
CJoystickDX	0129ea7c	4	00ab6ae0
CJoystickDX	0129ea7c	5	00ab6af0
CJoystickDX	0129ea7c	6	00ab6b00
CJoystickDX	0129ea7c	16	00ab6d10
CJoystickDX	0129ea7c	12	00ab6de0
CJoystickDX	0129ea7c	10	00ab78d0
CJoystickDX	0129ea7c	7	00ab78e0
CJoystickDX	0129ea7c	8	00ab7900
CJoystickDX	0129ea7c	13	00ab7910
CJoystickDX	0129ea7c	14	00ab7920
CJoystickDX	0129ea7c	17	00ab7930
CJoystickDX	0129ea7c	18	00ab7940
CJoystickDX	0129ea7c	9	00ab7950
CStaticFontBank	0129ead4	2	00ab7a50
CStaticFontBank	0129ead4	1	00ab7b00
CStaticFontBank	0129ead4	5	00ab7c20
CStaticFontBank	0129ead4	3	00ab83a0
CStaticFontBank	0129ead4	0	00ab9990
C3DMeshFileSubMeshChunk	0129eb18	8	00ab9af0
C3DMeshFileSubMeshChunk	0129eb18	9	00ab9b50
C3DMeshFileTransformationChunk	0129eb54	2	00ab9c30
C3DMeshFileTransformationChunk	0129eb54	7	00ab9c50
C3DMeshFileTransformationChunk	0129eb54	8	00ab9cb0
C3DMeshFileTransformationChunk	0129eb54	9	00ab9ce0
C3DMeshFileBoneChunk	0129eb9c	8	00ab9ea0
C3DMeshFileBoneChunk	0129eb9c	9	00ab9f00
C3DMeshFileSmoothingGroupsChunk	0129ec28	2	00ab9f80
C3DMeshFileUniqueVerticesChunk	0129ec6c	2	00ab9fa0
C3DMeshFileSubMeshChunk	0129eb18	7	00ab9fc0
C3DMeshFileBoneChunk	0129eb9c	7	00aba170
C3DMeshFileSubMeshChunk	0129eb18	2	00aba390
C3DMeshFileBoneChunk	0129eb9c	2	00abadd0
C3DMeshFileGroupChunk	0129ecb8	2	00abae50
C3DMeshFileGroupChunk	0129ecb8	8	00abaee0
C3DMeshFileVerticesChunk	0129ecf8	2	00abbd70
C3DMeshFileVerticesChunk	0129ecf8	8	00abbdf0
C3DMeshFileTrianglesChunk	0129ed34	2	00abbe90
C3DMeshFileTrianglesChunk	0129ed34	8	00abbf30
C3DMeshFileSmoothingGroupsChunk	0129ec28	8	00abbfc0
C3DMeshFileUniqueVerticesChunk	0129ec6c	8	00abc040
C3DMeshFilePrimitiveChunk	0129ed74	8	00abc390
C3DMeshFileSmoothingGroupsChunk	0129ec28	9	00abc500
C3DMeshFileUniqueVerticesChunk	0129ec6c	9	00abc5f0
C3DMeshFileGroupChunk	0129ecb8	9	00abc6e0
C3DMeshFileVerticesChunk	0129ecf8	9	00abc800
C3DMeshFileTrianglesChunk	0129ed34	9	00abc8e0
C3DMeshFileSmoothingGroupsChunk	0129ec28	7	00abc980
C3DMeshFileUniqueVerticesChunk	0129ec6c	7	00abcaf0
C3DMeshFileGroupChunk	0129ecb8	7	00abcc80
C3DMeshFilePrimitiveChunk	0129ed74	7	00abcf40
C3DMeshFilePrimitiveChunk	0129ed74	9	00abd0d0
C3DMeshFileVerticesChunk	0129ecf8	7	00abd150
C3DMeshFileTrianglesChunk	0129ed34	7	00abd280
C3DMeshFileSubMeshChunk	0129eb18	1	00abd3c0
C3DMeshFileTransformationChunk	0129eb54	1	00abd3e0
C3DMeshFileBoneChunk	0129eb9c	1	00abd400
C3DMeshFileSubMeshChunk	0129eb18	0	00abe080
C3DMeshFileTransformationChunk	0129eb54	0	00abe0b0
C3DMeshFileBoneChunk	0129eb9c	0	00abe0d0
C3DMeshFileSmoothingGroupsChunk	0129ec28	1	00abea90
C3DMeshFileUniqueVerticesChunk	0129ec6c	1	00abeab0
C3DMeshFileGroupChunk	0129ecb8	1	00abec50
C3DMeshFileVerticesChunk	0129ecf8	1	00abec70
C3DMeshFileTrianglesChunk	0129ed34	1	00abec90
C3DMeshFileSmoothingGroupsChunk	0129ec28	0	00abecb0
C3DMeshFileUniqueVerticesChunk	0129ec6c	0	00abecf0
C3DMeshFileGroupChunk	0129ecb8	0	00abedd0
C3DMeshFileVerticesChunk	0129ecf8	0	00abee10
C3DMeshFileTrianglesChunk	0129ed34	0	00abee50
C3DMeshFilePrimitiveChunk	0129ed74	1	00abee90
C3DMeshFilePrimitiveChunk	0129ed74	0	00abeeb0
C3DMeshMaterial::CFilenames	0129edb4	0	00abf0c0
C3DMeshMaterial	0129edc0	0	00abfaa0
C3DMeshFileMaterialListChunk	0129ede0	9	00abfbb0
C3DMeshFileMaterialChunk	0129eee0	2	00abfbf0
C3DMeshFileMaterialChunk	0129eee0	8	00abfcf0
C3DMeshFileMaterialExtChunk	0129ee90	2	00abfd70
C3DMeshFileMaterialExtChunk	0129ee90	8	00abfde0
C3DMeshFileMapChunk	0129ee34	2	00abfe80
C3DMeshFileMapChunk	0129ee34	8	00abff70
C3DMeshFileMapChunk	0129ee34	9	00abffb0
C3DMeshFileMaterialChunk	0129eee0	7	00ac0010
C3DMeshFileMaterialExtChunk	0129ee90	7	00ac02d0
C3DMeshFileMaterialExtChunk	0129ee90	9	00ac03b0
C3DMeshFileMapChunk	0129ee34	7	00ac03f0
C3DMeshFileMaterialChunk	0129eee0	9	00ac0fc0
C3DMeshFileMaterialListChunk	0129ede0	1	00ac1270
C3DMeshFileMapChunk	0129ee34	1	00ac1290
C3DMeshFileMaterialListChunk	0129ede0	0	00ac1900
C3DMeshFileMaterialExtChunk	0129ee90	1	00ac1920
C3DMeshFileMaterialExtChunk	0129ee90	0	00ac1940
C3DMeshFileMapChunk	0129ee34	0	00ac1960
C3DMeshFileMaterialChunk	0129eee0	1	00ac1e70
C3DMeshFileMaterialChunk	0129eee0	0	00ac1e90
CIndexBuffer	0129ef2c	1	00ac1f50
CIndexBuffer	0129ef2c	0	00ac2070
C3DMeshFilePartitionChunk	0129ef4c	8	00ac2920
C3DMeshFilePartitionChunk	0129ef4c	7	00ac2970
C3DMeshFilePartitionChunk	0129ef4c	9	00ac29c0
C3DMeshFilePartitionChunk	0129ef4c	0	00ac3960
CMirroredTextureHighlightsChunk	0129e0e0	2	00ac4ec0
CMirroredTextureHighlightsChunk	0129e0e0	8	00ac4f50
CMirroredTextureHighlightsChunk	0129e0e0	9	00ac4fe0
CMirroredTextureHighlightsChunk	0129e0e0	7	00ac5080
C3DMeshFileEngineMaterialChunk	0129efc8	2	00ac51d0
C3DMeshFileEngineMaterialChunk	0129efc8	8	00ac52f0
C3DMeshFileEngineMaterialChunk	0129efc8	7	00ac5770
C3DMeshFileEngineMaterialChunk	0129efc8	9	00ac6180
C3DMeshFileEngineMaterialChunk::CMapFilenames	0129efbc	0	00ac61f0
C3DMeshFileEngineMaterialChunk	0129efc8	1	00ac6270
C3DMeshFileEngineMaterialChunk	0129efc8	0	00ac6290
C3DMeshFileClothChunk	0129f008	2	00ac62b0
C3DMeshFileClothChunk	0129f008	8	00ac6600
C3DMeshFileClothChunk	0129f008	9	00ac66e0
C3DMeshFileClothChunk	0129f008	7	00ac6750
C3DMeshFileClothChunk	0129f008	1	00ac69b0
C3DMeshFileClothChunk	0129f008	0	00ac69d0
C3DOptimisedMeshBase	0129f048	0	00ac6ae0
QuadricOptimiserInternals::COptimisedMesh	0129f05c	1	00aca0c0
QuadricOptimiserInternals::COptimisedMesh	0129f05c	2	00acd5a0
QuadricOptimiserInternals::COptimisedMesh	0129f05c	0	00ad88c0
LHA::CFile	0129f06c	4	00add0e0
CLHFileCompletionCallback	0129f084	2	00add130
CLHFile	0129f094	0	00add160
CLHFile	0129f094	2	00add190
CLHFile	0129f094	1	00add240
CLHFile	0129f094	3	00add330
CLHFileCompletionCallback	0129f084	0	00add5d0
CLHFile	0129f094	4	00add5f0
CParticleSimulation	0129f0c4	1	00adfc60
CParticleProgram	0129f0d8	1	00ae04c0
CParticleSimulation	0129f0c4	0	00ae6070
CParticleProgram	0129f0d8	0	00ae8520
NParticleEngine::CParticleEmitter	0129f348	0	00af10c0
NParticleEngine::CParticleDataBank	0129f38c	8	00af11e0
NParticleEngine::CParticleDataBank	0129f38c	17	00af11f0
NParticleEngine::CParticleDataBank	0129f38c	20	00af1200
NParticleEngine::CParticleEmitterInfo::CEmitterData	0129f354	2	00af1440
NParticleEngine::CParticleDataBank	0129f38c	5	00af15b0
NParticleEngine::CParticleDataBank	0129f38c	10	00af16e0
NParticleEngine::CParticleEmitterInfo::CEmitterData	0129f354	0	00af1bd0
NParticleEngine::CParticleDataBank	0129f380	0	00af2160
NParticleEngine::CParticleDataBank	0129f38c	0	00af21e0
CParticleUpdateParamCallback	0129f3e4	0	00af2360
CParticleUpdateParamCallback	0129f3e4	1	00af2380
NParticleEngine::CPSCBase	0129f3f4	7	00af29b0
NParticleEngine::CPSCBase	0129f3f4	8	00af29c0
NParticleEngine::CPSCBase	0129f3f4	9	00af29d0
NParticleEngine::CPSCBase	0129f3f4	10	00af29e0
NParticleEngine::CPSCBase	0129f3f4	11	00af29f0
NParticleEngine::CPSCBase	0129f3f4	12	00af2a00
NParticleEngine::CPSCBase	0129f3f4	13	00af2a10
NParticleEngine::CPSCBase	0129f3f4	17	00af2a20
NParticleEngine::CPSCBase	0129f3f4	19	00af2a30
NParticleEngine::CPSCBase	0129f3f4	21	00af2a40
NParticleEngine::CPSCBase	0129f3f4	22	00af2a50
NParticleEngine::CPSCBase	0129f3f4	23	00af2a60
NParticleEngine::CPSCBase	0129f3f4	24	00af2a70
NParticleEngine::CPSCBase	0129f3f4	25	00af2a80
NParticleEngine::CPSCBase	0129f3f4	26	00af2a90
NParticleEngine::CPSCBase	0129f3f4	27	00af2aa0
NParticleEngine::CPSCBase	0129f3f4	28	00af2ab0
NParticleEngine::CPSCBase	0129f3f4	29	00af2ac0
NParticleEngine::CPSCBase	0129f3f4	30	00af2ad0
NParticleEngine::CPSCBase	0129f3f4	31	00af2ae0
NParticleEngine::CPSCBase	0129f3f4	0	00af2af0
NParticleEngine::CComponentInstance	0129f478	0	00af6b90
NParticleEngine::CParticle	0129f4f0	1	00af7af0
NParticleEngine::CParticle	0129f4f0	0	00af7b40
NParticleEngine::CDecal	0129f4fc	0	00af7ca0
NParticleEngine::CParticleSystem	0129f4e8	0	00af7cc0
CDynamicObjectHeap	0129f638	1	00af8780
CDynamicObjectHeap	0129f644	1	00af8860
CDynamicObjectHeap	0129f638	0	00af8a40
CDynamicObjectHeap	0129f644	0	00af8a70
CDynamicObjectHeap	0129f650	1	00af8bc0
CDynamicObjectHeap	0129f650	0	00af8ca0
NParticleEngine::CPSCRenderSprite	0129f67c	20	00af90c0
NParticleEngine::CPSCRenderSprite	0129f67c	28	00af9310
NParticleEngine::CPSCRenderSprite	0129f67c	18	00af9410
NParticleEngine::CPSCRenderSprite	0129f67c	16	00af9620
NParticleEngine::CPSCRenderSprite	0129f67c	14	00af9840
NParticleEngine::CPSCRenderSprite	0129f67c	15	00afa2b0
NParticleEngine::CPSCRenderSprite	0129f67c	29	00afadc0
NParticleEngine::CPSCRenderSprite	0129f67c	19	00afae50
NParticleEngine::CPSCRenderSprite	0129f67c	17	00afbce0
NParticleEngine::CPSCRenderSprite	0129f67c	13	00afcc30
NParticleEngine::CPSCRenderSprite	0129f67c	3	00afe440
NParticleEngine::CPSCRenderSprite	0129f67c	4	00afe460
NParticleEngine::CPSCRenderSprite	0129f67c	5	00afe470
NParticleEngine::CPSCRenderSprite	0129f67c	6	00afe480
NParticleEngine::CPSCRenderSprite	0129f67c	2	00afe580
NParticleEngine::CPSCRenderSprite	0129f67c	0	00afe5a0
NParticleEngine::CPSCRenderMesh	0129f96c	18	00afeb90
NParticleEngine::CPSCRenderMesh	0129f96c	16	00afee00
NParticleEngine::CPSCRenderMesh	0129f96c	28	00aff0a0
NParticleEngine::CPSCRenderMesh	0129f96c	14	00aff1b0
NParticleEngine::CPSCRenderMesh	0129f96c	15	00afffe0
NParticleEngine::CPSCRenderMesh	0129f96c	20	00b00db0
NParticleEngine::CPSCRenderMesh	0129f96c	29	00b01250
NParticleEngine::CPSCRenderMesh	0129f96c	19	00b01900
NParticleEngine::CPSCRenderMesh	0129f96c	17	00b027d0
NParticleEngine::CPSCRenderMesh	0129f96c	13	00b03ca0
NParticleEngine::CPSCRenderMesh	0129f96c	3	00b05a50
NParticleEngine::CPSCRenderMesh	0129f96c	4	00b05a70
NParticleEngine::CPSCRenderMesh	0129f96c	5	00b05a80
NParticleEngine::CPSCRenderMesh	0129f96c	6	00b05a90
NParticleEngine::CPSCRenderMesh	0129f96c	2	00b05ab0
NParticleEngine::CPSCRenderMesh	0129f96c	0	00b05ad0
NParticleEngine::CPSCSingleSprite	0129fb84	20	00b05c60
NParticleEngine::CPSCSingleSprite	0129fb84	18	00b05ea0
NParticleEngine::CPSCSingleSprite	0129fb84	16	00b06060
NParticleEngine::CPSCSingleSprite	0129fb84	14	00b062a0
NParticleEngine::CPSCSingleSprite	0129fb84	15	00b068f0
NParticleEngine::CPSCSingleSprite	0129fb84	29	00b07570
NParticleEngine::CPSCSingleSprite	0129fb84	19	00b075d0
NParticleEngine::CPSCSingleSprite	0129fb84	17	00b079b0
NParticleEngine::CPSCSingleSprite	0129fb84	9	00b08530
NParticleEngine::CPSCSingleSprite	0129fb84	13	00b087c0
NParticleEngine::CPSCSingleSprite	0129fb84	28	00b094b0
NParticleEngine::CPSCSingleSprite	0129fb84	3	00b0a0d0
NParticleEngine::CPSCSingleSprite	0129fb84	4	00b0a0f0
NParticleEngine::CPSCSingleSprite	0129fb84	5	00b0a100
NParticleEngine::CPSCSingleSprite	0129fb84	6	00b0a110
NParticleEngine::CPSCSingleSprite	0129fb84	25	00b0a130
NParticleEngine::CPSCSingleSprite	0129fb84	0	00b0a140
NParticleEngine::CPSCSingleSprite	0129fb84	2	00b0a190
NParticleEngine::CRandomAcceleration	0129fc08	1	00b0a300
NParticleEngine::CPSCUpdateNormal	0129fc1c	1	00b0a6d0
NParticleEngine::CPSCUpdateNormal	0129fc1c	28	00b0a710
NParticleEngine::CPSCUpdateNormal	0129fc1c	14	00b0a920
NParticleEngine::CPSCUpdateNormal	0129fc1c	18	00b0b370
NParticleEngine::CPSCUpdateNormal	0129fc1c	16	00b0b5c0
NParticleEngine::CPSCUpdateNormal	0129fc1c	15	00b0b860
NParticleEngine::CPSCUpdateNormal	0129fc1c	20	00b0c7b0
NParticleEngine::CPSCUpdateNormal	0129fc1c	26	00b0c830
NParticleEngine::CPSCUpdateNormal	0129fc1c	27	00b0c8a0
NParticleEngine::CPSCUpdateNormal	0129fc1c	13	00b0c910
NParticleEngine::CPSCUpdateNormal	0129fc1c	12	00b0cad0
NParticleEngine::CPSCUpdateNormal	0129fc1c	17	00b0d360
NParticleEngine::CPSCUpdateNormal	0129fc1c	9	00b0dc20
NParticleEngine::CPSCUpdateNormal	0129fc1c	10	00b0f210
NParticleEngine::CRandomAcceleration	0129fc08	0	00b0f3a0
NParticleEngine::CPSCUpdateNormal	0129fc1c	3	00b0f880
NParticleEngine::CPSCUpdateNormal	0129fc1c	4	00b0f8a0
NParticleEngine::CPSCUpdateNormal	0129fc1c	5	00b0f8b0
NParticleEngine::CPSCUpdateNormal	0129fc1c	6	00b0f8c0
NParticleEngine::CPSCUpdateNormal	0129fc1c	21	00b0f8e0
NParticleEngine::CPSCUpdateNormal	0129fc1c	2	00b0f970
NParticleEngine::CPSCUpdateNormal	0129fc1c	0	00b0f990
NParticleEngine::CPSCEmitterGeneric	012a002c	20	00b0fbe0
NParticleEngine::CPSCEmitterGeneric	012a002c	22	00b0fbf0
NParticleEngine::CPSCEmitterGeneric	012a002c	24	00b0ffc0
NParticleEngine::CPSCEmitterGeneric	012a002c	31	00b109b0
NParticleEngine::CPSCEmitterGeneric	012a002c	1	00b11bd0
NParticleEngine::CPSCEmitterGeneric	012a002c	9	00b11c70
NParticleEngine::CPSCEmitterGeneric	012a002c	14	00b122c0
NParticleEngine::CPSCEmitterGeneric	012a002c	16	00b12ef0
NParticleEngine::CPSCEmitterGeneric	012a002c	18	00b131e0
NParticleEngine::CPSCEmitterGeneric	012a002c	17	00b13530
NParticleEngine::CPSCEmitterGeneric	012a002c	15	00b149d0
NParticleEngine::CPSCEmitterGeneric	012a002c	10	00b158a0
NParticleEngine::CPSCEmitterGeneric	012a002c	3	00b15a90
NParticleEngine::CPSCEmitterGeneric	012a002c	4	00b15ab0
NParticleEngine::CPSCEmitterGeneric	012a002c	5	00b15ac0
NParticleEngine::CPSCEmitterGeneric	012a002c	6	00b15ad0
NParticleEngine::CPSCEmitterGeneric	012a002c	25	00b15af0
NParticleEngine::CPSCEmitterGeneric	012a002c	2	00b15b00
NParticleEngine::CPSCEmitterGeneric	012a002c	0	00b15b20
NParticleEngine::CPSCOrbit	012a0374	20	00b16210
NParticleEngine::CPSCOrbit	012a0374	14	00b16220
NParticleEngine::CPSCOrbit	012a0374	18	00b163a0
NParticleEngine::CPSCOrbit	012a0374	16	00b163e0
NParticleEngine::CPSCOrbit	012a0374	1	00b16aa0
NParticleEngine::CPSCOrbit	012a0374	8	00b16d50
NParticleEngine::CPSCOrbit	012a0374	15	00b16f60
NParticleEngine::CPSCOrbit	012a0374	17	00b17030
NParticleEngine::CPSCOrbit	012a0374	10	00b17410
NParticleEngine::CPSCOrbit	012a0374	3	00b178d0
NParticleEngine::CPSCOrbit	012a0374	4	00b178f0
NParticleEngine::CPSCOrbit	012a0374	5	00b17900
NParticleEngine::CPSCOrbit	012a0374	6	00b17910
NParticleEngine::CPSCOrbit	012a0374	0	00b17930
NParticleEngine::CPSCOrbit	012a0374	2	00b17950
NParticleEngine::CPSCAttractor	012a04ac	20	00b17990
NParticleEngine::CPSCAttractor	012a04ac	9	00b179a0
NParticleEngine::CPSCAttractor	012a04ac	14	00b17bd0
NParticleEngine::CPSCAttractor	012a04ac	16	00b17f70
NParticleEngine::CPSCAttractor	012a04ac	18	00b18060
NParticleEngine::CPSCAttractor	012a04ac	17	00b18110
NParticleEngine::CPSCAttractor	012a04ac	15	00b18390
NParticleEngine::CPSCAttractor	012a04ac	3	00b186e0
NParticleEngine::CPSCAttractor	012a04ac	4	00b18700
NParticleEngine::CPSCAttractor	012a04ac	5	00b18710
NParticleEngine::CPSCAttractor	012a04ac	6	00b18720
NParticleEngine::CPSCAttractor	012a04ac	2	00b18740
NParticleEngine::CPSCAttractor	012a04ac	0	00b18760
NParticleEngine::CPSCLight	012a0624	20	00b187d0
NParticleEngine::CPSCLight	012a0624	9	00b18820
NParticleEngine::CPSCLight	012a0624	16	00b18950
NParticleEngine::CPSCLight	012a0624	19	00b18af0
NParticleEngine::CPSCLight	012a0624	14	00b18c60
NParticleEngine::CPSCLight	012a0624	15	00b193d0
NParticleEngine::CPSCLight	012a0624	32	00b19c20
NParticleEngine::CPSCLight	012a0624	13	00b19c60
NParticleEngine::CPSCLight	012a0624	18	00b1a700
NParticleEngine::CPSCLight	012a0624	17	00b1a870
NParticleEngine::CPSCLight	012a0624	3	00b1ae00
NParticleEngine::CPSCLight	012a0624	4	00b1ae20
NParticleEngine::CPSCLight	012a0624	5	00b1ae30
NParticleEngine::CPSCLight	012a0624	6	00b1ae40
NParticleEngine::CPSCLight	012a0624	25	00b1ae60
NParticleEngine::CPSCLight	012a0624	2	00b1ae70
NParticleEngine::CPSCLight	012a0624	0	00b1ae90
NParticleEngine::CPSCSpline	012a0934	20	00b1af40
NParticleEngine::CPSCSpline	012a0934	14	00b1af50
NParticleEngine::CPSCSpline	012a0934	18	00b1afc0
NParticleEngine::CPSCSpline	012a0934	16	00b1aff0
NParticleEngine::CPSCSpline	012a0934	1	00b1b030
NParticleEngine::CPSCSpline	012a0934	8	00b1b0c0
NParticleEngine::CPSCSpline	012a0934	15	00b1b1b0
NParticleEngine::CPSCSpline	012a0934	17	00b1b2e0
NParticleEngine::CPSCSpline	012a0934	10	00b1b380
NParticleEngine::CPSCSpline	012a0934	3	00b1b430
NParticleEngine::CPSCSpline	012a0934	4	00b1b450
NParticleEngine::CPSCSpline	012a0934	5	00b1b460
NParticleEngine::CPSCSpline	012a0934	6	00b1b470
NParticleEngine::CPSCSpline	012a0934	0	00b1b490
NParticleEngine::CPSCSpline	012a0934	2	00b1b4b0
NParticleEngine::CPSCDecalRenderer	012a09bc	28	00b1b710
NParticleEngine::CPSCDecalRenderer	012a09bc	18	00b1b810
NParticleEngine::CPSCDecalRenderer	012a09bc	16	00b1ba10
NParticleEngine::CPSCDecalRenderer	012a09bc	20	00b1bc80
NParticleEngine::CPSCDecalRenderer	012a09bc	14	00b1bda0
NParticleEngine::CPSCDecalRenderer	012a09bc	15	00b1c880
NParticleEngine::CPSCDecalRenderer	012a09bc	9	00b1db00
NParticleEngine::CPSCDecalRenderer	012a09bc	29	00b1dbe0
NParticleEngine::CPSCDecalRenderer	012a09bc	19	00b1dc70
NParticleEngine::CPSCDecalRenderer	012a09bc	17	00b1e380
NParticleEngine::CPSCDecalRenderer	012a09bc	13	00b1f200
NParticleEngine::CPSCDecalRenderer	012a09bc	3	00b1ff10
NParticleEngine::CPSCDecalRenderer	012a09bc	4	00b1ff30
NParticleEngine::CPSCDecalRenderer	012a09bc	5	00b1ff40
NParticleEngine::CPSCDecalRenderer	012a09bc	6	00b1ff50
NParticleEngine::CPSCDecalRenderer	012a09bc	23	00b1ff70
NParticleEngine::CPSCDecalRenderer	012a09bc	2	00b1ff80
NParticleEngine::CPSCDecalRenderer	012a09bc	0	00b1ffa0
NParticleEngine::CPSCSplineBase	012a0b14	20	00b202c0
NParticleEngine::CPSCSingleSprite	0129fb84	31	00b209c0
NParticleEngine::CPSCSpline	012a0934	28	00b215a0
NParticleEngine::CPSCSingleSprite	0129fb84	8	00b215e0
NParticleEngine::CPSCSplineBase	012a0b14	16	00b21630
NParticleEngine::CPSCSplineBase	012a0b14	14	00b22310
NParticleEngine::CPSCSplineBase	012a0b14	18	00b22530
NParticleEngine::CPSCSplineBase	012a0b14	17	00b22670
NParticleEngine::CPSCSplineBase	012a0b14	15	00b22b40
NParticleEngine::CPSCSplineBase	012a0b14	0	00b230c0
CIEngine	012a0d24	2	00b232d0
CIEngine	012a0d24	3	00b232e0
CIEngine	012a0d24	6	00b232f0
CIEngine	012a0d24	7	00b23300
CIEngine	012a0d24	9	00b23310
CIEngine	012a0d24	10	00b23320
CIEngine	012a0d24	14	00b23330
CIEngine	012a0d24	17	00b23340
CIEngine	012a0d24	18	00b23350
CIEngine	012a0d24	19	00b23360
CIEngine	012a0d24	20	00b23370
CIEngine	012a0d24	21	00b23380
CIEngine	012a0d24	22	00b23390
CIEngine	012a0d24	24	00b233a0
CIEngine	012a0d24	25	00b233b0
CIEngine	012a0d24	26	00b233c0
CIEngine	012a0d24	28	00b233d0
CIEngine	012a0d24	27	00b233e0
CIEngine	012a0d24	29	00b233f0
CIEngine	012a0d24	30	00b23400
CIEngine	012a0d24	31	00b23410
CIEngine	012a0d24	32	00b23420
CIEngine	012a0d24	33	00b23430
CIEngine	012a0d24	34	00b23440
CIEngine	012a0d24	35	00b23450
CIEngine	012a0d24	36	00b23460
CIEngine	012a0d24	37	00b23470
CIEngine	012a0d24	38	00b23480
CIEngine	012a0d24	39	00b23490
CIEngine	012a0d24	40	00b234a0
CIEngine	012a0d24	41	00b234b0
CIEngine	012a0d24	42	00b234c0
CIEngine	012a0d24	43	00b234d0
CIEngine	012a0d24	44	00b234e0
CIEngine	012a0d24	45	00b234f0
CIEngine	012a0d24	46	00b23500
CIEngine	012a0d24	47	00b23510
CIEngine	012a0d24	48	00b23520
CIEngine	012a0d24	49	00b23530
CIEngine	012a0d24	50	00b23540
CIEngine	012a0d24	51	00b23550
CIEngine	012a0d24	52	00b23560
CIEngine	012a0d24	53	00b23570
CIEngine	012a0d24	54	00b23580
CIEngine	012a0d24	55	00b23590
CIEngine	012a0d24	56	00b235a0
CIEngine	012a0d24	57	00b235b0
CIEngine	012a0d24	58	00b235c0
CIEngine	012a0d24	59	00b235d0
CIEngine	012a0d24	60	00b235e0
CIEngine	012a0d24	61	00b235f0
CIEngine	012a0d24	62	00b23600
CIEngine	012a0d24	63	00b23610
CIEngine	012a0d24	64	00b23620
CIEngine	012a0d24	65	00b23630
CIEngine	012a0d24	66	00b23640
CIEngine	012a0d24	67	00b23650
CIEngine	012a0d24	68	00b23660
CIEngine	012a0d24	69	00b23670
CIEngine	012a0d24	70	00b23680
CIEngine	012a0d24	71	00b23690
CIEngine	012a0d24	72	00b236a0
CIEngine	012a0d24	73	00b236b0
CIEngine	012a0d24	74	00b236c0
CIEngine	012a0d24	75	00b236d0
CIEngine	012a0d24	76	00b236e0
CIEngine	012a0d24	77	00b236f0
CIEngine	012a0d24	78	00b23700
CIEngine	012a0d24	79	00b23710
CIEngine	012a0d24	80	00b23720
CIEngine	012a0d24	81	00b23730
CIEngine	012a0d24	82	00b23740
CIEngine	012a0d24	0	00b23770
CEngine	012a0f3c	3	00b23990
CEngine	012a0f3c	55	00b239a0
CEngine	012a0f3c	60	00b239c0
CEngine	012a0f3c	56	00b23a10
CEngine	012a0f3c	58	00b23a50
CEngine	012a0f3c	59	00b23a70
CEngine	012a0f3c	4	00b23b50
CEngine	012a0f3c	5	00b23b80
CEngine	012a0f3c	6	00b23b90
CEngine	012a0f3c	20	00b23bb0
CEngine	012a0f3c	23	00b23bc0
CEngine	012a0f3c	24	00b23be0
CEngine	012a0f3c	25	00b23bf0
CEngine	012a0f3c	62	00b23c00
CEngine	012a0f3c	26	00b23c20
CEngine	012a0f3c	27	00b23c30
CEngine	012a0f3c	29	00b23c40
CEngine	012a0f3c	28	00b23c50
CEngine	012a0f3c	30	00b23c60
CEngine	012a0f3c	31	00b23c70
CEngine	012a0f3c	32	00b23c80
CEngine	012a0f3c	33	00b23c90
CEngine	012a0f3c	34	00b23ca0
CEngine	012a0f3c	35	00b23cb0
CEngine	012a0f3c	36	00b23ce0
CEngine	012a0f3c	11	00b23cf0
CEngine	012a0f3c	19	00b23d00
CEngine	012a0f3c	38	00b23d80
CEngine	012a0f3c	39	00b23d90
CEngine	012a0f3c	40	00b23da0
CEngine	012a0f3c	41	00b23db0
CEngine	012a0f3c	52	00b23dc0
CEngine	012a0f3c	48	00b23dd0
CEngine	012a0f3c	49	00b23de0
CEngine	012a0f3c	53	00b23df0
CEngine	012a0f3c	7	00b23e00
CEngine	012a0f3c	42	00b23e10
CEngine	012a0f3c	43	00b23e20
CEngine	012a0f3c	44	00b23e30
CEngine	012a0f3c	47	00b23e40
CEngine	012a0f3c	46	00b23e50
CEngine	012a0f3c	45	00b23e60
CEngine	012a0f3c	54	00b23e70
CEngine	012a0f3c	64	00b23e80
CEngine	012a0f3c	65	00b23e90
CEngine	012a0f3c	66	00b23ea0
CEngine	012a0f3c	67	00b23eb0
CEngine	012a0f3c	61	00b23ec0
CEngine	012a0f3c	68	00b23ef0
CEngine	012a0f3c	63	00b23f00
CEngine	012a0f3c	69	00b23f40
CEngine	012a0f3c	70	00b23f50
CEngine	012a0f3c	73	00b23f60
CEngine	012a0f3c	74	00b23f70
CEngine	012a0f3c	75	00b23f80
CEngine	012a0f3c	76	00b23f90
CEngine	012a0f3c	77	00b23fc0
CEngine	012a0f3c	78	00b23fd0
CEngine	012a0f3c	79	00b24000
CEngine	012a0f3c	80	00b24010
CEngine	012a0f3c	81	00b24020
CEngine	012a0f3c	9	00b24030
CEngine	012a0f3c	10	00b240c0
CEngine	012a0f3c	21	00b24150
CEngine	012a0f3c	22	00b242a0
CEngine	012a0f3c	13	00b242d0
CEngine	012a0f3c	12	00b24400
CEngine	012a0f3c	14	00b24690
CEngine	012a0f3c	82	00b25c00
CEngine	012a0f3c	71	00b25c80
CEngine	012a0f3c	72	00b25cc0
CEngine	012a0f30	1	00b25d00
CEngine	012a0f3c	83	00b25d20
CEngine	012a0f3c	84	00b25d50
CEngine	012a0f3c	85	00b25d80
CEngine	012a0f30	0	00b26010
CEngine	012a0f3c	2	00b26360
CEngine	012a0f3c	57	00b27d50
CEngine	012a0f3c	8	00b27d90
CIEngine	012a0d24	83	00b28b40
CIEngine	012a0d24	84	00b28b60
CEngineStateBlocks	012a0ecc	1	00b28c20
CEngineStateBlocks	012a0ecc	2	00b28c30
CEngineStateBlocks	012a0ecc	3	00b28c40
CEngineStateBlocks	012a0ecc	4	00b28c50
CEngineStateBlocks	012a0ecc	5	00b28c60
CEngineStateBlocks	012a0ecc	6	00b28c70
CEngineStateBlocks	012a0ecc	7	00b28c80
CEngineStateBlocks	012a0ecc	8	00b28c90
CEngineStateBlocks	012a0ecc	9	00b28ca0
CEngineStateBlocks	012a0ecc	11	00b28cc0
CEngineStateBlocks	012a0ecc	12	00b28cd0
CEngineStateBlocks	012a0ecc	10	00b28ce0
CEngineStateBlocks	012a0ecc	0	00b28cf0
CEngineLayerRenderer	012a0f04	0	00b29760
CEngine	012a0f3c	15	00b2aa20
CEngine	012a0f3c	16	00b2aa30
CEngine	012a0f3c	37	00b2aa40
CEngine	012a0f3c	0	00b2ab10
CEngineLayerRenderer	012a0f04	1	00b2ab80
CEngineSurfaceCompositionManager	012a1200	11	00b2ad60
CEngineSurfaceCompositionManager	012a1200	3	00b2aee0
CCompositeSurfaceCache	012a116c	10	00b2b120
CEngineSurfaceCompositionManager	012a1200	2	00b2b820
CCompositeSurfaceCache	012a116c	0	00b2ee00
CEngineSurfaceCompositionManager	012a1200	10	00b2f5c0
CEngineSurfaceCompositionManager	012a1200	0	00b2f5d0
CEngineSurfaceCompositionManager	012a1238	0	00b2f6e0
CEnginePrimitiveOcclusionManager	012a124c	2	00b2f730
CEnginePrimitiveOcclusionManager	012a124c	1	00b2f7c0
CEnginePrimitiveOcclusionManager	012a124c	10	00b2fae0
CEnginePrimitiveOcclusionManager	012a124c	0	00b2faf0
CEnginePrimitiveOcclusionInfo	012a1284	0	00b2fb10
CEngineCamera	012a12a4	10	00b31c00
CEngineCamera	012a12a4	0	00b31c70
CEngineSceneEnumerator	012a12e8	0	00b31dc0
CEnginePrimitiveRenderer	012a1348	1	00b32660
CEnginePrimitiveRenderer	012a1348	2	00b32820
CEnginePrimitiveRenderer	012a1348	3	00b328c0
CEnginePrimitiveRenderer	012a1348	4	00b33010
CEngineSceneEnumeratorResetVisibilityRatio	012a12f4	0	00b36c20
CEnginePrimitiveRendererSharedData	012a1300	0	00b37410
CEnginePrimitiveOcclusionGroupManager	012a1308	8	00b38810
CEnginePrimitiveOcclusionGroupManager	012a1308	9	00b38820
CEnginePrimitiveOcclusionGroupManager	012a1308	10	00b38830
CEnginePrimitiveOcclusionGroupManager	012a1308	11	00b38840
CEnginePrimitiveOcclusionGroupManager	012a1308	12	00b38850
CEnginePrimitiveOcclusionGroupManager	012a1308	5	00b38860
CEnginePrimitiveOcclusionGroupManager	012a1308	0	00b38870
CEnginePrimitiveRenderer	012a1348	9	00b38c90
CEnginePrimitiveRenderer	012a1348	10	00b38cb0
CEnginePrimitiveRenderer	012a1348	0	00b38cc0
CEnginePrimitiveRenderer	012a1380	0	00b38d10
CEnginePrimitiveAttachmentManager	012a1a78	1	00b3a110
CEngineInternalAttachedPrimitive	012a1a04	12	00b3a980
CEngineInternalAttachedPrimitive	012a1a04	13	00b3a990
CEngineInternalAttachedPrimitive	012a1a04	14	00b3a9b0
CEngineInternalAttachedPrimitive	012a1a04	15	00b3a9c0
CEngineInternalAttachedPrimitive	012a1a04	16	00b3a9d0
CEngineInternalAttachedPrimitive	012a1a04	17	00b3a9e0
CEngineInternalAttachedPrimitive	012a1a04	18	00b3a9f0
CEngineInternalAttachedPrimitive	012a1a04	19	00b3aa00
CEngineInternalAttachedPrimitive	012a1a04	20	00b3aa10
CEngineInternalAttachedPrimitive	012a1a04	21	00b3aa20
CEngineInternalAttachedPrimitive	012a1a04	22	00b3aa30
CEngineInternalAttachedPrimitive	012a1a04	23	00b3aa40
CEngineInternalAttachedPrimitive	012a1a04	24	00b3aa50
CEngineInternalAttachedPrimitive	012a1a04	25	00b3aa60
CEngineInternalAttachedPrimitive	012a1a04	26	00b3aa70
CEngineInternalAttachedPrimitive	012a1a04	27	00b3aa80
CEngineInternalAttachedPrimitive	012a1a04	2	00b3aa90
CEngineInternalAttachedPrimitive	012a1a04	4	00b3aaa0
CEnginePrimitiveAttachmentManager	012a1a78	10	00b3aac0
CEnginePrimitiveAttachmentManager	012a1a78	0	00b3aad0
CEngineInternalAttachedPrimitiveInfo	012a1ab8	0	00b3ab80
CEngineInternalAttachedPrimitive	012a1a04	0	00b3acd0
CEnginePrimitiveAttachmentManager	012a1ab0	0	00b3adc0
CEngineResourceManager	012a1b3c	11	00b3afe0
CEngineResourceManager	012a1b3c	12	00b3aff0
CEngineResourceManager	012a1b3c	7	00b3b180
CEngineResourceManager	012a1b3c	4	00b3b7c0
CEngineResourceManager	012a1b34	0	00b3b8c0
CEngineResourceManager	012a1b3c	10	00b3ec80
CEngineResourceManager	012a1b3c	2	00b3ec90
CEngineResourceManager	012a1b3c	0	00b3eca0
CStaticMapBankFile	012a1ee4	8	00b3edb0
CEngineWorldMap	012a1f50	1	00b424d0
CStaticMapBankFile	012a1ee4	0	00b43320
CStaticMapBankStateBlock	012a1f3c	1	00b43390
CStaticMapBankStateBlock	012a1f3c	2	00b433a0
CStaticMapBankStateBlock	012a1f3c	3	00b433b0
CStaticMapBankStateBlock	012a1f3c	0	00b43b30
CEngineWorldMap	012a1f50	10	00b44160
CEngineWorldMap	012a1f50	0	00b44440
CEngineInternalPrimitiveLight	012a212c	28	00b444d0
CEngineInternalPrimitiveShadowedSpotLight	012a21a4	28	00b444e0
CEngineLightingManager	012a2274	1	00b44eb0
CEngineInternalPrimitiveLight	012a212c	5	00b453d0
CEngineInternalPrimitiveShadowedSpotLight	012a21a4	5	00b45460
CEngineLightingManager	012a223c	2	00b47980
CEngineLightingManager	012a2274	7	00b481e0
CEngineLightingManager	012a2274	2	00b48220
CEngineLightingManager	012a223c	1	00b484b0
CDynamicObjectHeap	012a20e4	1	00b48c70
CDynamicObjectHeap	012a20f0	1	00b48d40
CDynamicObjectHeap	012a20fc	1	00b48e10
CShaderLight	012a2108	0	00b49300
CDynamicObjectHeap	012a20e4	0	00b496b0
CDynamicObjectHeap	012a20f0	0	00b496e0
CDynamicObjectHeap	012a20fc	0	00b49710
CShaderDirectionalLight	012a221c	0	00b499c0
CShaderPointLight	012a2114	0	00b499e0
CEngineLightingManager::CManagerLocalLight	012a2228	0	00b49a40
CEngineLightingManager::CManagerShadowedSpotLight	012a2120	0	00b49a70
CEngineLightingManager::CLocalLightElementLink	012a20dc	0	00b49aa0
CEngineInternalPrimitiveLight	012a212c	0	00b49ad0
CEngineInternalPrimitiveShadowedSpotLight	012a21a4	0	00b49af0
CEngineLightingManager	012a2274	5	00b4a450
CEngineLightingManager	012a2274	6	00b4a460
CEngineLightingManager	012a223c	10	00b4a470
CEngineLightingManager	012a223c	0	00b4a480
CEngineLightingManager	012a2274	0	00b4a4a0
CEnginePrimitiveRenderer2D	012a2308	1	00b4a5d0
CEnginePrimitiveRenderer2D	012a2308	2	00b4a5e0
CEnginePrimitiveRenderer2D	012a2308	4	00b4a700
CEnginePrimitiveManager2DParticleGroup	012a22d0	7	00b4b6b0
CEnginePrimitiveManager2DParticleGroup	012a22d0	0	00b4b6c0
CEnginePrimitiveRenderer2D	012a2308	9	00b4b6f0
CEnginePrimitiveRenderer2D	012a2308	10	00b4b710
CEnginePrimitiveRenderer2D	012a2308	0	00b4b720
CEngineShadowRenderer	012a2374	11	00b4b880
CEngineShadowRenderer	012a2374	6	00b4d2c0
CEngineShadowRenderer	012a2374	5	00b4f510
CEngineShadowRenderer	012a2374	9	00b50b50
CEngineShadowRenderer	012a2374	10	00b50b70
CEngineShadowRenderer	012a2374	0	00b50b80
CEngineWeatherSettings	012a2424	0	00b50be0
CEngineWeatherRenderer	012a2434	7	00b52b30
CEngineWeatherRenderer	012a2434	1	00b53f60
CEngineWeatherRenderer	012a2434	4	00b555a0
CEngineWeatherRenderer	012a2434	9	00b56650
CEngineWeatherRenderer	012a2434	10	00b56670
CEngineWeatherRenderer	012a2434	0	00b56690
CEngineStateBlockSolid	012a0e7c	0	00b56b00
CEngineStateBlockSolid2X	012a0e84	0	00b56f50
CEngineStateBlockAlpha	012a0e8c	0	00b573a0
CEngineStateBlockAlpha2X	012a0e94	0	00b57860
CEngineStateBlockAdditiveAlpha	012a0e9c	0	00b57d20
CEngineStateBlockAddSmoothAlpha	012a0ea4	0	00b581e0
CEngineStateBlockAlpha2XTFactor	012a0eac	0	00b586a0
CEngineStateBlockDiffuseOnly	012a0eb4	0	00b58de0
CEngineStateBlockDiffuse2X	012a0ebc	0	00b58fb0
CEngineStateBlockDiffuseEnv2X	012a0ec4	0	00b592c0
CEngineComponent	012a2544	0	00b59780
CEngineLocalDetailGenerator	012a2588	3	00b599c0
CEngineLocalDetailGenerator	012a2588	1	00b59a30
CEngineLocalDetailGenerator	012a2588	10	00b5a040
CEngineLocalDetailGenerator	012a2588	0	00b5a090
CEngineScreenEffectColourFilter	012a25cc	4	00b5af60
CEngineScreenEffectColourFilter	012a25cc	9	00b5bad0
CEngineScreenEffectColourFilter	012a25cc	10	00b5baf0
CEngineScreenEffectColourFilter	012a25cc	0	00b5bb00
CEngineScreenEffectRadialBlurRenderer	012a2658	11	00b5bd00
CEngineScreenEffectRadialBlurRenderer	012a2658	13	00b5bfd0
CEngineScreenEffectRadialBlurRenderer	012a2658	4	00b5ea30
CEngineScreenEffectRadialBlurRenderer	012a2658	9	00b5ead0
CEngineScreenEffectRadialBlurRenderer	012a2658	10	00b5eaf0
CEngineScreenEffectRadialBlurRenderer	012a2658	0	00b5eb00
CEngineScreenEffectGlowRenderer	012a27cc	11	00b5ec60
CEngineScreenEffectGlowRenderer	012a27cc	13	00b5ee00
CEngineScreenEffectGlowRenderer	012a27cc	4	00b619b0
CEngineScreenEffectGlowRenderer	012a27cc	9	00b619f0
CEngineScreenEffectGlowRenderer	012a27cc	10	00b61a10
CEngineScreenEffectGlowRenderer	012a27cc	0	00b61a20
CEngineSkyRenderer	012a293c	1	00b61db0
CEngineSkyRenderer	012a293c	7	00b62440
CEngineSkyRenderer	012a293c	3	00b63800
CEngineSkyRenderer	012a293c	4	00b662f0
CEngineSkyRenderer	012a293c	9	00b66dc0
CEngineSkyRenderer	012a293c	10	00b66de0
CEngineSkyRenderer	012a293c	0	00b66e70
CLandscapeGPUUpdateQueue	012a2b1c	0	00b67070
CEngineLandscapeRenderer	012a2b54	11	00b676a0
CEngineLandscapeRenderer	012a2b54	3	00b684f0
CEngineLandscapeRenderer	012a2b54	1	00b68610
CEngineLandscapeRenderer	012a2b54	4	00b6b0b0
CLandscapePatchTesselator	012a2b3c	3	00b6c980
CLandscapePatchTesselator	012a2b3c	1	00b6c990
CLandscapePatchTesselator	012a2b3c	2	00b6c9b0
CEngineLandscapeRenderer	012a2b54	10	00b6ca10
CEngineLandscapeRenderer	012a2b54	9	00b6ca20
CEngineLandscapeRenderer	012a2b54	0	00b6cab0
CLandscapePatchTesselator	012a2b3c	4	00b6ccf0
CEngineWaterRenderer	012a3364	2	00b6d500
CEngineWaterRenderer	012a3364	13	00b6d6a0
CEngineWaterRenderer	012a3364	7	00b6d6d0
CEngineWaterRenderer	012a3364	1	00b71fb0
CEngineWaterRenderer	012a3364	4	00b783f0
CTriangleStripifierBase	012a3310	0	00b7a8b0
CTriangleStripifier2	012a331c	0	00b7ae00
CWaterPatchTesselatorBase	012a3334	3	00b7ec30
CWaterPatchTesselatorBase	012a3334	1	00b7ec40
CWaterPatchTesselatorBase	012a3334	2	00b7ec60
CWaterPatchTesselatorBase	012a334c	3	00b7ece0
CWaterPatchTesselatorBase	012a334c	1	00b7ecf0
CWaterPatchTesselatorBase	012a334c	2	00b7ed10
CEngineWaterRenderer	012a3364	10	00b7ed70
CEngineWaterRenderer	012a3364	9	00b7ed80
CEngineWaterRenderer	012a3364	0	00b7ee60
CWaterPatchTesselatorBase	012a3334	4	00b7fce0
CWaterPatchTesselatorBase	012a334c	4	00b80100
CParticleContext	012a38e0	0	00b806a0
CEngineSimulationBase	012a38fc	4	00b806c0
CEngineSimulationBase	012a38fc	5	00b806d0
CEngineClothSimulation2DAnimatedMesh	012a39ec	8	00b80780
CEngineSimulationManager	012a394c	7	00b80790
CEngineSimulationManager	012a394c	8	00b80840
CEngineClothSimulationMeshBase	012a3924	7	00b80930
CEngineClothSimulationMeshBase	012a3924	3	00b80ce0
CEngineClothSimulationMeshBase	012a3924	1	00b80f90
CEngineClothSimulationMeshBase	012a3924	2	00b80fe0
CEngineClothSimulationStaticMesh	012a3998	8	00b81180
CEngineClothSimulationAnimatedMesh	012a39c0	8	00b81230
CEngineClothSimulationAnimatedMesh	012a39c0	9	00b814b0
CEngineClothSimulation2DAnimatedMesh	012a39ec	9	00b81640
CEngineSimulationManager	012a394c	1	00b81820
CEngineSimulationManager	012a394c	2	00b819e0
CEngineClothSimulationStaticMesh	012a3998	6	00b81f30
CEngineClothSimulationAnimatedMesh	012a39c0	6	00b82100
CEngineSimulationBase	012a38fc	0	00b829d0
CEngineSimulationManager	012a394c	10	00b83d10
CEngineSimulationManager	012a394c	0	00b83d20
CEngineSimulationManager	012a3984	0	00b83fa0
CEnginePrimitiveSimulationInfo	012a398c	0	00b84070
CEngineClothSimulationMeshBase	012a3924	0	00b84120
CEngineClothSimulationStaticMesh	012a3998	0	00b84170
CEngineClothSimulationAnimatedMesh	012a39c0	0	00b84190
CEngineClothSimulation2DAnimatedMesh	012a39ec	0	00b841e0
CEngineSubPrimitiveRenderer	012a3a28	10	00b86500
CEngineSubPrimitiveRenderer	012a3a28	0	00b86510
CEngineSubPrimitiveRenderer	012a3a60	0	00b866a0
CEngineScreenEffectDisplacementRenderer	012a3a94	11	00b86970
CEngineScreenEffectDisplacementRenderer	012a3a94	13	00b86b00
CEngineScreenEffectDisplacementRenderer	012a3a94	4	00b88ed0
CEngineScreenEffectDisplacementRenderer	012a3a94	9	00b88f80
CEngineScreenEffectDisplacementRenderer	012a3a94	10	00b88fa0
CEngineScreenEffectDisplacementRenderer	012a3a94	0	00b89050
CEngineScreenEffectOutlineGlow	012a3b6c	4	00b8b550
CEngineScreenEffectOutlineGlow	012a3b6c	9	00b8b580
CEngineScreenEffectOutlineGlow	012a3b6c	10	00b8b5a0
CEngineScreenEffectOutlineGlow	012a3b6c	0	00b8b5b0
CEnginePrimitiveRenderUtil	012a3bd0	0	00b8b600
CEngineBillboardGenerator	012a3bfc	10	00b8c780
CEngineBillboardGenerator	012a3bfc	0	00b8c790
CEngineBillboardGenerator	012a3bf4	0	00b8c7a0
CEngineEnvironment	012a3c68	1	00b8c830
CEngineEnvironment	012a3c68	7	00b8ccf0
CEngineEnvironment	012a3c68	10	00b8cfc0
CEngineEnvironment	012a3c68	0	00b8cfd0
CEngineOcclusionManager	012a3cd0	1	00b8dbe0
CEngineOcclusionManager	012a3cd0	2	00b8df50
CEngineOcclusionManager	012a3cd0	10	00b8f810
CEngineOcclusionManager	012a3cd0	0	00b8f930
CEnginePrimitiveTypeInfo	012a3d14	10	00b8fb40
CEnginePrimitiveTypeInfo	012a3d4c	0	00b8fb50
CEnginePrimitiveTypeInfo	012a3d14	0	00b8fb60
CEngineInternalAttachedPrimitive	012a1a04	5	00b8fd80
CEngineInternalAttachedPrimitive	012a1a04	6	00b8fd90
CEngineInternalAttachedPrimitive	012a1a04	8	00b8fda0
CEngineInternalAttachedPrimitive	012a1a04	7	00b8fdb0
CEngineInternalAttachedPrimitive	012a1a04	9	00b8fdc0
CEngineInternalAttachedPrimitive	012a1a04	10	00b8fdd0
CEngineInternalAttachedPrimitive	012a1a04	11	00b8fde0
CEngineInternalAttachedPrimitive	012a1a04	3	00b8ff70
CEnginePersistentPrimitiveBase	012a3d60	3	00b8ffc0
CEnginePersistentPrimitiveBase	012a3d60	4	00b8ffd0
CEnginePersistentPrimitiveBase	012a3d60	0	00b8ffe0
CEngineInternalPrimitiveBase	012a3d7c	0	00b90000
CEngineSceneEnumeratorResetVisibilityRatio	012a12f4	1	00b900a0
CEngineInternalPrimitiveOcclusionBase	012a3ed4	28	00b90390
CEnginePrimitiveOcclusionGroupManager	012a1308	6	00b91340
CEnginePrimitiveManagerOcclusionBase	012a3e14	0	00b91460
CEngineSceneGrid	012a3e58	0	00b97a60
CEngineSceneMap	012a3e60	0	00b98560
CEngineScene	012a3e68	0	00b98a10
CEngineInternalPrimitiveRepeatedStaticMesh	012a3f4c	16	00b98d50
CEngineInternalPrimitiveRepeatedStaticMesh	012a3f4c	17	00b98d70
CEngineInternalPrimitiveRepeatedStaticMesh	012a3f4c	13	00b98da0
CEngineInternalPrimitiveRepeatedStaticMesh	012a3f4c	2	00b98de0
CEnginePrimitiveManagerRepeatedStaticMeshes	012a3e9c	1	00b98e00
CEnginePrimitiveManagerRepeatedStaticMeshes	012a3e9c	3	00b99b50
CEngineInternalPrimitiveRepeatedStaticMesh	012a3f4c	20	00b99bb0
CEnginePrimitiveManagerRepeatedStaticMeshes	012a3e9c	7	00b9a4a0
CEnginePrimitiveManagerRepeatedStaticMeshes	012a3e9c	5	00b9ac30
CEnginePrimitiveManagerRepeatedStaticMeshes	012a3e9c	9	00b9bcc0
CEnginePrimitiveManagerRepeatedStaticMeshes	012a3e9c	2	00b9bfa0
CEngineSubPrimitiveBase	012a3e7c	0	00b9c110
CEngineSubPrimitiveBoundingBox	012a3e84	0	00b9c130
CEngineSubPrimitiveMeshBase	012a3e8c	0	00b9c150
CEngineSubPrimitiveRepeatedStaticMesh	012a3e94	0	00b9c170
CEngineInternalPrimitiveOcclusionBase	012a3ed4	27	00b9c650
CEnginePrimitiveManagerRepeatedStaticMeshes	012a3e9c	0	00b9c6d0
CEngineInternalPrimitiveOcclusionBase	012a3ed4	0	00b9c6f0
CEngineInternalPrimitiveRepeatedStaticMesh	012a3f4c	0	00b9c710
CEngineInternalPrimitiveStaticMesh	012a425c	24	00b9cfa0
CEngineInternalPrimitiveStaticMesh	012a425c	21	00b9cfc0
CEngineInternalPrimitiveStaticMesh	012a425c	22	00b9cfe0
CEngineInternalPrimitiveStaticMesh	012a425c	30	00b9d000
CEngineInternalPrimitiveStaticMesh	012a425c	31	00b9d020
CEngineInternalPrimitive2DStaticMesh	012a42e4	15	00b9d040
CEngineInternalPrimitive2DStaticMesh	012a42e4	20	00b9d060
CEngineInternalPrimitive2DStaticMesh	012a42e4	21	00b9d070
CEngineInternalPrimitive2DStaticMesh	012a42e4	22	00b9d090
CEngineInternalPrimitive2DStaticMesh	012a42e4	30	00b9d0b0
CEngineInternalPrimitive2DStaticMesh	012a42e4	31	00b9d0d0
CEngineInternalPrimitiveStaticMeshFromFile	012a4374	5	00b9d0f0
CEnginePrimitiveManagerStaticMeshesBase	012a50dc	3	00b9d100
CEnginePrimitiveManagerStaticMeshesBase	012a50dc	12	00b9d1d0
CEngineInternalPrimitiveStaticMesh	012a425c	15	00b9d1e0
CEngineInternalPrimitive2DStaticMesh	012a42e4	33	00b9d220
CEngineInternalPrimitiveStaticMesh	012a425c	5	00b9d8e0
CEngineInternalPrimitiveStaticMesh	012a425c	16	00b9d980
CEngineInternalPrimitiveStaticMesh	012a425c	17	00b9db80
CEngineInternalPrimitiveStaticMesh	012a425c	18	00b9dbd0
CEngineInternalPrimitiveStaticMesh	012a425c	20	00b9dc60
CEngineInternalPrimitive2DStaticMesh	012a42e4	5	00b9dfc0
CEngineInternalPrimitive2DStaticMesh	012a42e4	16	00b9e290
CEngineInternalPrimitive2DStaticMesh	012a42e4	17	00b9e490
CEngineInternalPrimitive2DStaticMesh	012a42e4	18	00b9e4e0
CEngineInternalPrimitiveMorphedStaticMesh	012a51b4	5	00b9e570
CEnginePrimitiveManager2DStaticMeshes	012a5160	1	00b9e8c0
CEnginePrimitiveManager2DStaticMeshes	012a5160	10	00b9e950
CEnginePrimitiveManagerStaticMeshesBase	012a50dc	7	00ba1140
CEnginePrimitiveManagerStaticMeshesBase	012a50dc	9	00ba4c10
CEnginePrimitiveManagerStaticMeshesBase	012a50dc	8	00ba6240
CEnginePrimitiveManagerStaticMeshesBase	012a50dc	2	00ba6ef0
CEnginePrimitiveManagerStaticMeshesBase	012a50dc	5	00ba6fa0
CEnginePrimitiveManager2DStaticMeshes	012a5160	2	00ba7770
CEnginePrimitiveManager2DStaticMeshes	012a5160	5	00ba77b0
CEnginePrimitiveManagerStaticMeshesBase	012a50dc	1	00ba7820
CEngineSubPrimitiveStaticMesh	012a41c8	0	00ba7be0
CEngineInternalPrimitiveMeshBase	012a41d4	30	00ba7fc0
CEngineInternalPrimitiveMeshBase	012a41d4	31	00ba7fd0
CEngineInternalPrimitiveMeshBase	012a41d4	32	00ba7fe0
CEngineInternalPrimitiveMeshBase	012a41d4	0	00ba7ff0
CEngineInternalPrimitiveMeshBase	012a41d4	19	00ba8010
CEngineInternalPrimitiveMeshBase	012a41d4	25	00ba8030
CEngineInternalPrimitiveMeshBase	012a41d4	26	00ba8070
CEngineInternalPrimitiveStaticMesh	012a425c	29	00ba80e0
CEngineInternalPrimitiveStaticMesh	012a425c	0	00ba80f0
CEngineInternalPrimitive2DStaticMesh	012a42e4	0	00ba81b0
CEngineInternalPrimitiveStaticMeshFromFile	012a4374	0	00ba8210
CEnginePrimitiveManagerStaticMeshesBase	012a50dc	0	00ba9270
CEnginePrimitiveManagerStaticMeshes	012a5114	0	00ba9290
CEnginePrimitiveManager2DStaticMeshes	012a5160	0	00ba92b0
CEngineInternalPrimitiveMorphedStaticMesh	012a51b4	32	00baa370
CEngineInternalPrimitiveMorphedStaticMesh	012a51b4	0	00baa380
CEngineInternalPrimitiveRepeatedZSprite	012a524c	16	00baa410
CEngineInternalPrimitiveRepeatedZSprite	012a524c	17	00baa430
CEnginePrimitiveManagerRepeatedZSprites	012a5314	5	00baa4d0
CEngineInternalPrimitiveRepeatedZSprite	012a524c	20	00baa4e0
CEnginePrimitiveManagerRepeatedZSprites	012a5314	1	00baa820
CEnginePrimitiveManagerRepeatedZSprites	012a5314	2	00babf30
CEnginePrimitiveManagerRepeatedZSprites	012a5314	7	00babf70
CEnginePrimitiveManagerRepeatedZSprites	012a5314	11	00bac0f0
CEnginePrimitiveManagerRepeatedZSprites	012a5314	4	00bac320
CEngineInternalPrimitiveRepeatedZSprite	012a524c	0	00bac6e0
CEnginePrimitiveManagerRepeatedZSprites	012a5314	0	00bac970
CEngineScenePrimitiveStatsEnumerator	012a534c	1	00baca70
CEngineScenePrimitiveStatsEnumerator	012a534c	0	00bacb80
CEngineInternalPrimitiveOcclusionGroup	012a5364	17	00bacba0
CEnginePrimitiveOcclusionGroupManager	012a1308	1	00bacbc0
CEngineInternalPrimitiveOcclusionGroup	012a5364	16	00bacbd0
CEnginePrimitiveOcclusionGroupManager	012a1308	7	00bacc50
CEnginePrimitiveOcclusionGroupManager	012a1308	2	00bacd10
CEngineInternalPrimitiveOcclusionGroup	012a5364	0	00bacd50
CEnginePrimitiveOcclusionGroupManager	012a1308	3	00bacd90
CEnginePrimitiveOcclusionGroupManager	012a1308	4	00bacda0
CEnginePrimitiveManager	012a53e8	0	00bacde0
CEngineInternalPrimitive2DSprite	012a54bc	28	00baceb0
CEngineInternalPrimitive2DClockSprite	012a5534	28	00bacec0
CEnginePrimitiveManager2DSprites	012a5664	10	00baced0
CEngineInternalPrimitiveSprite	012a5444	18	00bacf00
CEnginePrimitiveManagerSprites	012a55b4	1	00bacf90
CEnginePrimitiveManager2DSprites	012a5664	1	00bacfd0
CEnginePrimitiveManagerSprites	012a55b4	5	00bad2e0
CEngineInternalPrimitiveSprite	012a5444	5	00bad670
CEngineInternalPrimitive2DSprite	012a54bc	5	00bad8a0
CEngineInternalPrimitive2DClockSprite	012a5534	5	00badb40
CEnginePrimitiveManager2DSprites	012a5664	5	00bae2d0
CEnginePrimitiveManagerSprites	012a55b4	7	00baf9e0
CEnginePrimitiveManager2DSprites	012a5664	13	00bafa00
CEnginePrimitiveManager2DSprites	012a5664	14	00bb0970
CEnginePrimitiveManagerSprites	012a55b4	2	00bb1600
CEnginePrimitiveManager2DSprites	012a5664	2	00bb1640
CEngineInternalPrimitiveSprite	012a5444	15	00bb16e0
CEngineSubPrimitiveSprite	012a5430	0	00bb1740
CEngineSubPrimitive2DSprite	012a5438	0	00bb1760
CEngineSubPrimitive2DClockSprite	012a55ac	0	00bb17b0
CEngineInternalPrimitiveSprite	012a5444	0	00bb1850
CEngineInternalPrimitive2DSprite	012a54bc	0	00bb1870
CEngineInternalPrimitive2DClockSprite	012a5534	0	00bb1890
CEnginePrimitiveManagerSprites	012a55b4	0	00bb18b0
CEnginePrimitiveManager2DSprites	012a5664	7	00bb18d0
CEnginePrimitiveManager2DSprites	012a5664	0	00bb18e0
CParticleSimulationRenderData	012a56b0	1	00bb1dd0
CParticleSimulationRenderData	012a56b0	0	00bb1df0
CEngineClothRenderer	012a56ec	1	00bb1ef0
CEngineParticleSimulationRenderData	012a56bc	1	00bb6420
CEngineParticleSimulationRenderData	012a56bc	0	00bb6520
CEngineClothRenderer	012a56ec	0	00bb6710
CEngineInternalPrimitiveWeatherMask	012a570c	5	00bb6980
CEnginePrimitiveManagerWeatherMask	012a5780	1	00bb6a50
CEnginePrimitiveManagerWeatherMask	012a5780	7	00bb6ab0
CEnginePrimitiveManagerWeatherMask	012a5780	5	00bb6b50
CEnginePrimitiveManagerWeatherMask	012a5780	2	00bb6be0
CEngineSubPrimitiveWeatherMask	012a5704	0	00bb6c20
CEngineInternalPrimitiveWeatherMask	012a570c	0	00bb6ca0
CEnginePrimitiveManagerWeatherMask	012a5780	0	00bb6cc0
CEngineInternalPrimitiveParticleDecal	012a57c4	5	00bb6ce0
CEngineInternalPrimitiveParticleDecal	012a57c4	15	00bb6d50
CEngineInternalPrimitiveParticleDecalGroup	012a5a54	5	00bb6d70
CEngineInternalPrimitiveParticleDecalGroup	012a5a54	29	00bb6dc0
CEnginePrimitiveManagerParticleDecalGroup	012a5998	7	00bb6de0
CEnginePrimitiveManagerParticleDecalGroup	012a5998	2	00bb8610
CEnginePrimitiveManagerParticleDecalGroup	012a5998	1	00bb8690
CEnginePrimitiveManagerParticleDecalGroup	012a5998	5	00bb8ef0
CEngineInternalPrimitiveParticleDecal	012a57c4	0	00bb9960
CEnginePrimitiveManagerParticleDecalGroup	012a5998	0	00bb9980
CEngineInternalPrimitiveParticleGroup	012a59d4	0	00bba1e0
CEngineInternalPrimitiveParticleDecalGroup	012a5a54	0	00bba240
CEngineInternalPrimitiveDecal	012a5ae4	5	00bba290
CEngineInternalPrimitiveDecal	012a5ae4	28	00bba330
CEnginePrimitiveManagerDecal	012a5b6c	7	00bba340
CEngineInternalPrimitiveDecal	012a5ae4	18	00bba3e0
CEnginePrimitiveManagerDecal	012a5b6c	1	00bba440
CEnginePrimitiveManagerDecal	012a5b6c	2	00bbac20
CEnginePrimitiveManagerDecal	012a5b6c	5	00bbbb00
CEngineInternalPrimitiveDecal	012a5ae4	15	00bbbb40
CEngineSubPrimitiveDecal	012a5adc	0	00bbbb60
CEngineInternalPrimitiveDecal	012a5ae4	0	00bbbb80
CEnginePrimitiveManagerDecal	012a5b6c	0	00bbbba0
CEngineInternalPrimitiveParticleGroup	012a59d4	28	00bbbdf0
CEngineInternalPrimitiveParticleGroup	012a59d4	18	00bbbe10
CEngineInternalPrimitiveParticleGroup	012a59d4	15	00bbbe40
CEngineInternalPrimitiveParticleGroup	012a59d4	5	00bbbe60
CEngineInternalPrimitiveParticleGroup	012a59d4	29	00bbbf00
CEnginePrimitiveManagerParticleGroup	012a5bb8	7	00bbbf70
CEngineInternalPrimitiveParticleGroup	012a59d4	7	00bbc310
CEngineInternalPrimitiveParticleGroup	012a59d4	9	00bbc3a0
CEngineInternalPrimitiveParticleGroup	012a59d4	12	00bbc430
CEnginePrimitiveManagerParticleGroup	012a5bb8	5	00bbc460
CEngineInternalPrimitiveParticleGroup	012a59d4	10	00bbce10
CEnginePrimitiveManagerParticleGroup	012a5bb8	1	00bbceb0
CEnginePrimitiveManagerParticleGroup	012a5bb8	2	00bbcf30
CEngineInternalPrimitiveParticleGroup	012a59d4	8	00bbcf70
CEngineInternalPrimitiveParticleGroup	012a59d4	6	00bbd1a0
CEngineInternalPrimitiveParticleGroup	012a59d4	11	00bbd200
CEngineSubPrimitiveParticleGroup	012a5bb0	0	00bbd480
CEnginePrimitiveManagerParticleGroup	012a5bb8	0	00bbd660
CEngineInternalPrimitiveParticleSpriteTrailGroup	012a5bfc	5	00bbdd90
CEngineInternalPrimitiveParticleSpriteTrailGroup	012a5bfc	29	00bbddb0
CEnginePrimitiveManagerParticleSpriteTrailGroup	012a5d94	5	00bbddc0
CEnginePrimitiveManagerParticleSpriteTrailGroup	012a5d94	7	00bbddd0
CEnginePrimitiveManagerParticleSpriteTrailGroup	012a5d94	2	00bbea30
CEnginePrimitiveManagerParticleSpriteTrailGroup	012a5d94	1	00bbea70
CEngineInternalPrimitiveParticleSpriteTrailGroup	012a5bfc	0	00bbf180
CEnginePrimitiveManagerParticleSpriteTrailGroup	012a5d94	0	00bbf1a0
CEngineInternalPrimitiveParticleSprite	012a5ddc	5	00bbf2b0
CEngineInternalPrimitiveParticleSprite	012a5ddc	15	00bbf300
CEngineInternalPrimitiveParticleSpriteGroup	012a5e54	5	00bbf320
CEngineInternalPrimitiveParticleSpriteGroup	012a5e54	29	00bbf360
CEnginePrimitiveManagerParticleSpriteGroup	012a6140	7	00bbf370
CEnginePrimitiveManagerParticleSpriteGroup	012a6140	5	00bbf4a0
CEnginePrimitiveManagerParticleSpriteGroup	012a6140	2	00bc13a0
CEnginePrimitiveManagerParticleSpriteGroup	012a6140	1	00bc1420
CEngineInternalPrimitiveParticleSprite	012a5ddc	0	00bc2100
CEngineInternalPrimitiveParticleSpriteGroup	012a5e54	0	00bc2240
CEnginePrimitiveManagerParticleSpriteGroup	012a6140	0	00bc2260
CEngineInternalPrimitiveParticleMeshGroup	012a61fc	5	00bc2400
CEngineInternalPrimitiveParticleMeshGroup	012a61fc	29	00bc2460
CEnginePrimitiveManagerParticleMeshGroup	012a63b8	7	00bc2470
CEngineInternalPrimitiveParticleMesh	012a6184	5	00bc2480
CEngineInternalPrimitiveParticleMesh	012a6184	15	00bc25b0
CEnginePrimitiveManagerParticleMeshGroup	012a63b8	5	00bc25f0
CEnginePrimitiveManagerParticleMeshGroup	012a63b8	2	00bc3390
CEnginePrimitiveManagerParticleMeshGroup	012a63b8	1	00bc3410
CEngineInternalPrimitiveParticleMesh	012a6184	28	00bc3af0
CEngineInternalPrimitiveParticleMesh	012a6184	0	00bc3b20
CEngineInternalPrimitiveParticleMeshGroup	012a61fc	0	00bc3be0
CEnginePrimitiveManagerParticleMeshGroup	012a63b8	0	00bc3c00
CEngineInternalPrimitiveParticleLine	012a63fc	5	00bc3d00
CEngineInternalPrimitiveParticleLine	012a63fc	15	00bc3d50
CEngineInternalPrimitiveParticleLineGroup	012a6474	5	00bc3db0
CEngineInternalPrimitiveParticleLineGroup	012a6474	29	00bc3df0
CEnginePrimitiveManagerParticleLineGroup	012a6590	7	00bc3e00
CEnginePrimitiveManagerParticleLineGroup	012a6590	5	00bc3f30
CEnginePrimitiveManagerParticleLineGroup	012a6590	2	00bc4c50
CEnginePrimitiveManagerParticleLineGroup	012a6590	1	00bc4cd0
CEngineInternalPrimitiveParticleLine	012a63fc	0	00bc5320
CEngineInternalPrimitiveParticleLineGroup	012a6474	0	00bc53e0
CEnginePrimitiveManagerParticleLineGroup	012a6590	0	00bc5400
CEngineInternalPrimitiveChanger	012a662c	12	00bc55b0
CEngineInternalPrimitiveChanger	012a662c	23	00bc5620
CEngineInternalPrimitiveChanger	012a662c	24	00bc5660
CEngineInternalPrimitiveChanger	012a662c	15	00bc56a0
CEngineInternalPrimitiveChanger	012a662c	16	00bc56d0
CEngineInternalPrimitiveChanger	012a662c	17	00bc5700
CEngineInternalPrimitiveChanger	012a662c	18	00bc5730
CEngineInternalPrimitiveChanger	012a662c	19	00bc5760
CEngineInternalPrimitiveChanger	012a662c	20	00bc5790
CEngineInternalPrimitiveChanger	012a662c	14	00bc57c0
CEngineInternalPrimitiveChanger	012a662c	27	00bc57f0
CEnginePrimitiveChangerManager	012a65d4	9	00bc5820
CEngineInternalPrimitiveChanger	012a662c	10	00bc58e0
CEnginePrimitiveChangerManager	012a65d4	7	00bc5970
CEnginePrimitiveChangerManager	012a65d4	8	00bc5a20
CEngineInternalPrimitiveChanger	012a662c	5	00bc5ae0
CEnginePrimitiveChangerManager	012a65d4	1	00bc5b70
CEnginePrimitiveChangerManager	012a65d4	2	00bc5bc0
CEngineInternalPrimitiveChanger	012a662c	11	00bc5c00
CEngineInternalPrimitiveChanger	012a662c	8	00bc5c50
CEnginePrimitiveChangerManager	012a65d4	0	00bc5e10
CEngineInternalPrimitiveChanger	012a662c	0	00bc5f30
CEngineInternalPrimitiveGroup	012a66e4	15	00bc5fa0
CEngineInternalPrimitiveGroup	012a66e4	27	00bc5fb0
CEngineInternalPrimitiveGroup	012a66e4	16	00bc5fc0
CEngineInternalPrimitiveGroup	012a66e4	17	00bc5ff0
CEngineInternalPrimitiveGroup	012a66e4	14	00bc6100
CEngineInternalPrimitiveGroup	012a66e4	28	00bc6130
CEngineInternalPrimitiveGroup	012a66e4	12	00bc61c0
CEnginePrimitiveGroupManager	012a66ac	8	00bc6210
CEnginePrimitiveGroupManager	012a66ac	9	00bc6270
CEngineInternalPrimitiveGroup	012a66e4	10	00bc62d0
CEnginePrimitiveGroupManager	012a66ac	7	00bc6340
CEngineInternalPrimitiveGroup	012a66e4	5	00bc64d0
CEnginePrimitiveGroupManager	012a66ac	1	00bc64f0
CEnginePrimitiveGroupManager	012a66ac	2	00bc6540
CEngineInternalPrimitiveGroup	012a66e4	11	00bc6580
CEngineInternalPrimitiveGroup	012a66e4	8	00bc65d0
CEnginePrimitiveGroupManager	012a66ac	0	00bc67b0
CEngineInternalPrimitiveGroup	012a66e4	0	00bc67d0
CEngineInternalPrimitiveText	012a676c	5	00bc6810
CEngineInternalPrimitive2DText	012a67e4	5	00bc6860
CEnginePrimitiveManagerText	012a68b0	1	00bc68b0
CEnginePrimitiveManagerText	012a68b0	7	00bc6930
CEnginePrimitiveManagerText	012a68b0	5	00bc6db0
CEnginePrimitiveManagerText	012a68b0	10	00bc7660
CEnginePrimitiveManagerText	012a68b0	2	00bc7920
CEngineSubPrimitiveText	012a6858	0	00bc7a80
CEngineInternalPrimitiveText	012a676c	0	00bc7ab0
CEngineInternalPrimitive2DText	012a67e4	0	00bc7ae0
CEnginePrimitiveManagerText	012a68b0	0	00bc7b00
CEngineInternalPrimitiveLine	012a68f4	15	00bc7d40
CEngineInternalPrimitiveLine	012a68f4	18	00bc7db0
CEnginePrimitiveManagerLines	012a6990	1	00bc7e50
CEngineInternalPrimitiveLine	012a68f4	5	00bc7f70
CEnginePrimitiveManagerLines	012a6990	2	00bc97c0
CEnginePrimitiveManagerLines	012a6990	7	00bc9800
CEngineInternalPrimitiveLine	012a68f4	0	00bc99c0
CEnginePrimitiveManagerLines	012a6990	0	00bc99e0
CEngineSubPrimitiveSpriteTrail	012a69d4	0	00bca060
CEngineDynamic3DResourceManager	012a69dc	0	00bca100
CEngineDynamic3DResourceManager	012a69dc	1	00bca110
CEngineDynamic3DResourceManager	012a69dc	2	00bca120
CEnginePrimitiveManagerSpriteTrails	012a6a10	7	00bca6b0
CEnginePrimitiveManagerSpriteTrails	012a6a10	1	00bca8b0
CEnginePrimitiveManagerSpriteTrails	012a6a10	2	00bca910
CEnginePrimitiveManagerSpriteTrails	012a6a10	5	00bcb800
CEngineInternalPrimitiveSpriteTrail	012a6a4c	5	00bcbc00
CEnginePrimitiveManagerSpriteTrails	012a6a10	0	00bcbe80
CEngineInternalPrimitiveSpriteTrail	012a6a4c	15	00bcc1c0
CEngineInternalPrimitiveSpriteTrail	012a6a4c	0	00bcc320
CEngineSubPrimitiveWeaponTrail	012a6ad0	0	00bcc4f0
CEnginePrimitiveManagerWeaponTrails	012a6aec	7	00bcc700
CEnginePrimitiveManagerWeaponTrails	012a6aec	2	00bcc7c0
CEnginePrimitiveManagerWeaponTrails	012a6aec	5	00bcd490
CEnginePrimitiveManagerWeaponTrails	012a6aec	1	00bcd600
CEngineInternalPrimitiveWeaponTrail	012a6b24	5	00bcd660
CEnginePrimitiveManagerWeaponTrails	012a6aec	0	00bcd7a0
CEngineInternalPrimitiveWeaponTrail	012a6b24	0	00bcde20
CEnginePrimitiveManagerFlareSprites	012a6c18	7	00bcdf10
CEnginePrimitiveManagerFlareSprites	012a6c18	1	00bcdf50
CEngineInternalPrimitiveFlareSprite	012a6ba4	5	00bcdfb0
CEnginePrimitiveManagerFlareSprites	012a6c18	2	00bce030
CEngineInternalPrimitiveFlareSprite	012a6ba4	0	00bce340
CEnginePrimitiveManagerFlareSprites	012a6c18	0	00bce630
CEngineInternalPrimitiveAnimatedMesh	012a79b4	30	00bce9f0
CEngineInternalPrimitiveAnimatedMesh	012a79b4	31	00bcea10
CEngineInternalPrimitive2DAnimatedMesh	012a7a44	35	00bcea30
CEngineInternalPrimitive2DAnimatedMesh	012a7a44	20	00bcea40
CEngineInternalPrimitiveAnimatedMeshFromFile	012a7b74	5	00bcea50
CEnginePrimitiveManagerAnimatedMeshesBase	012a78dc	3	00bcea60
CEngineInternalPrimitiveAnimatedMesh	012a79b4	15	00bceb40
CEngineInternalPrimitiveAnimatedMesh	012a79b4	16	00bcebe0
CEngineInternalPrimitiveAnimatedMesh	012a79b4	17	00bcee20
CEngineInternalPrimitiveAnimatedMesh	012a79b4	33	00bcef80
CEngineInternalPrimitiveAnimatedMesh	012a79b4	20	00bcf040
CEngineInternalPrimitive2DAnimatedMesh	012a7a44	33	00bcf670
CEngineInternalPrimitive2DAnimatedMesh	012a7a44	30	00bcf760
CEngineInternalPrimitive2DAnimatedMesh	012a7a44	31	00bcf930
CEngineInternalPrimitiveAnimatedMesh	012a79b4	23	00bcfc50
CEngineInternalPrimitiveAnimatedMesh	012a79b4	34	00bcfcb0
CEngineInternalPrimitive2DAnimatedMesh	012a7a44	34	00bcfde0
CEnginePrimitiveManager2DAnimatedMeshes	012a7964	10	00bd1f70
CEnginePrimitiveManagerAnimatedMeshesBase	012a78dc	9	00bd2360
CEnginePrimitiveManagerAnimatedMeshesBase	012a78dc	2	00bd27f0
CEnginePrimitiveManager2DAnimatedMeshes	012a7964	2	00bd28a0
CEngineInternalPrimitiveAnimatedMesh	012a79b4	5	00bd2920
CEngineInternalPrimitiveMorphedAnimatedMesh	012a7c04	5	00bd2b70
CEngineInternalPrimitive2DAnimatedMesh	012a7a44	5	00bd2bc0
CEngineInternalPrimitive2DMorphedAnimatedMesh	012a7adc	5	00bd2d50
CEnginePrimitiveManagerAnimatedMeshesBase	012a78dc	8	00bd5c90
CEnginePrimitiveManager2DAnimatedMeshes	012a7964	1	00bd6b90
CEnginePrimitiveManagerAnimatedMeshesBase	012a78dc	1	00bd6df0
CEnginePrimitiveManagerAnimatedMeshesBase	012a78dc	5	00bd7110
CEnginePrimitiveManagerAnimatedMeshesBase	012a78dc	7	00bd71b0
CEnginePrimitiveManager2DAnimatedMeshes	012a7964	5	00bd7a00
CEngineSubPrimitiveAnimatedMesh	012a6c5c	0	00bd7cb0
CEnginePrimitiveManagerAnimatedMeshesBase	012a78dc	0	00bd8660
CEnginePrimitiveManagerAnimatedMeshes	012a7914	0	00bd8680
CEnginePrimitiveManager2DAnimatedMeshes	012a7964	0	00bd86a0
CEngineInternalPrimitiveAnimatedMesh	012a79b4	29	00bd93c0
CEngineInternalPrimitiveAnimatedMesh	012a79b4	0	00bd94c0
CEngineInternalPrimitive2DAnimatedMesh	012a7a44	0	00bd96f0
CEngineInternalPrimitive2DMorphedAnimatedMesh	012a7adc	32	00bd9820
CEngineInternalPrimitiveAnimatedMeshFromFile	012a7b74	0	00bd9920
CEngineInternalPrimitiveMorphedAnimatedMesh	012a7c04	32	00bd9a30
CEngineInternalPrimitiveMorphedAnimatedMesh	012a7c04	0	00bd9a40
CEngineInternalPrimitive2DMorphedAnimatedMesh	012a7adc	0	00bd9a70
CEngineLandscapeMemoryManager	012a7cbc	1	00bd9b30
CEngineLandscapeMemoryManager	012a7ca8	1	00bd9b70
CEngineLandscapeMemoryManager	012a7ca8	2	00bd9b80
CEngineLandscapeMemoryManager	012a7ca8	0	00bdaec0
CEngineLandscapeMemoryManager	012a7cbc	0	00bdaf60
CEngineVSConstantLayoutParticles	012a7cc8	1	00bdb040
CEngineVSConstantLayoutParticles	012a7cc8	0	00bdb060
CEngineVSConstantLayoutRepeatedMesh	012a7ce4	1	00bdb200
CEngineVSConstantLayoutRepeatedMesh	012a7ce4	0	00bdb220
CEngineVSConstantLayoutLightsBones	012a7d04	1	00bdb2f0
CEngineVSConstantLayoutLightsBones	012a7d04	0	00bdb310
CEngineVSConstantLayoutLights	012a7d24	1	00bdb580
CEngineVSConstantLayoutLights	012a7d24	0	00bdb5a0
CEngineVSConstantLayoutBasic	012a7d40	1	00bdbf00
CEngineVSConstantLayoutBasic	012a7d40	0	00bdbf20
CEngineLandscapeMap	012a7d6c	1	00bdc130
CEngineLandscapeMap	012a7d6c	2	00bdc140
CEngineLandscapePatch	012a8200	0	00bdd3e0
CEngineLandscapeMap	012a7d6c	0	00bdd640
CLocalDetailCacheMap::CObjectTypeCollection	012a7d9c	2	00bdd910
CLocalDetailCacheMap::CObjectCacheGroupCollection	012a7ddc	2	00bdda10
CLocalDetailCacheMap::CQuadTreeElement	012a7df0	2	00bddd10
CLocalDetailCacheMap::CObjectTypeCollection	012a7d9c	1	00bddde0
CLocalDetailCacheMap::CObjectCacheGroupCollection	012a7ddc	1	00bddee0
CLocalDetailCacheMap::CQuadTreeElement	012a7df0	1	00bde0c0
CLocalDetailPrimitiveBase	012a7db0	4	00bdf6d0
CLocalDetailPrimitiveBase	012a7db0	6	00bdf6e0
CLocalDetailPrimitiveBase	012a7db0	7	00bdf6f0
CLocalDetailPrimitiveBase	012a7db0	1	00bdf700
CLocalDetailPrimitiveBase	012a7db0	0	00bdf720
CLocalDetailObjectCollectionType	012a7d94	0	00bdf740
CLocalDetailCacheMap::CObjectTypeCollection	012a7d9c	0	00bdf9b0
CLocalDetailCacheMap::CObjectCacheGroupCollection	012a7ddc	0	00bdf9e0
CLocalDetailCacheMap::CQuadTreeElement	012a7df0	0	00bdfa10
CLocalDetailPrimitiveMesh	012a7e04	9	00bdfba0
CLocalDetailPrimitiveMesh	012a7e04	0	00bdfd60
CEnginePrimitiveManager2DParticleGroup	012a22d0	10	00be0cd0
CEngineInternalPrimitive2DParticleGroup	012a7e3c	5	00be0de0
CEnginePrimitiveManager2DParticleGroup	012a22d0	5	00be0eb0
CEnginePrimitiveManager2DParticleGroup	012a22d0	1	00be1a00
CEnginePrimitiveManager2DParticleGroup	012a22d0	2	00be1a80
CEngineInternalPrimitive2DParticleGroup	012a7e3c	0	00be1b30
CEngineInternalPrimitive2DViewport	012a7f14	28	00be1b80
CEnginePrimitive2DViewportManager	012a7ed8	7	00be1b90
CEnginePrimitive2DViewportManager	012a7ed8	10	00be1ba0
CEngineInternalPrimitive2DViewport	012a7f14	5	00be1c10
CEngineInternalPrimitive2DViewport	012a7f14	14	00be1db0
CEngineInternalPrimitive2DViewport	012a7f14	12	00be1df0
CEngineInternalPrimitive2DViewport	012a7f14	10	00be2120
CEnginePrimitive2DViewportManager	012a7ed8	5	00be2190
CEnginePrimitive2DViewportManager	012a7ed8	1	00be2260
CEnginePrimitive2DViewportManager	012a7ed8	2	00be2280
CEngineInternalPrimitive2DViewport	012a7f14	11	00be22c0
CEngineInternalPrimitive2DViewport	012a7f14	6	00be2310
CEngineInternalPrimitive2DViewport	012a7f14	8	00be23f0
CEngineSubPrimitive2DViewport	012a7ed0	0	00be2520
CEnginePrimitive2DViewportManager	012a7ed8	0	00be25d0
CEngineInternalPrimitive2DViewport	012a7f14	0	00be25f0
CEngineLandscapeMeshBuilder	012a7fb8	0	00be32d0
CLandscapePatchTesselator	012a2b3c	0	00be3970
CWaterPatchTesselatorBase	012a3334	0	00be4660
CWaterPatchTesselatorBase	012a334c	0	00be4fe0
CLandscapeBackgroundPatch	012a803c	7	00be5d80
CLandscapeBackgroundPatch	012a803c	2	00be5e50
CLandscapeBackgroundPatch	012a803c	5	00be61b0
CLandscapeBackgroundPatch	012a803c	6	00be63f0
CLandscapeBackgroundPatch	012a803c	1	00be65a0
CTesselationData	012a800c	0	00be8d20
CLandscapeBackgroundSubNodeBase	012a8014	5	00be8d50
CLandscapeBackgroundSubNodeBase	012a8014	6	00be8d60
CLandscapeBackgroundSubNodeBase	012a8014	7	00be8d70
CLandscapeBackgroundSubNodeBase	012a8014	8	00be8d80
CLandscapeBackgroundSubNodeBase	012a8014	0	00be8d90
CLandscapeBackgroundPatch	012a803c	8	00be8db0
CLandscapeBackgroundPatch	012a803c	4	00be8dc0
CLandscapeBackgroundPatch	012a803c	0	00be8e60
CEngineWaterSettings	012a8114	0	00bea760
CWaterPatchMesh	012a8134	2	00beaa50
CWaterPatchMesh	012a8134	1	00beab20
CWaterPatchMesh	012a8134	0	00beb4d0
CEngineInternalPrimitiveMeshBase	012a41d4	13	00beb5c0
CEngineInternalPrimitiveMeshBase	012a41d4	2	00bec8b0
CCompositeSurfaceInfo	012a8154	0	00beda30
CEnginePrimitiveManagerMeshBase	012a815c	0	00beda90
CEngineDynamic3DResource	012a81a0	0	00bf3490
CEngineDynamic3DResource	012a81b8	0	00bf34b0
CEngineLandscapePatch	012a8200	2	00bf3840
CEngineLandscapePatch	012a8200	1	00bf3980
CLandscapeBackgroundTreeNode	012a8240	1	00bf6b40
CLandscapeBackgroundTreeNode	012a8240	2	00bf6b50
CLandscapeBackgroundSubNodeSplitBranch	012a8258	5	00bf6c80
CLandscapeBackgroundSubNodeSplitBranch	012a8258	6	00bf6cd0
CLandscapeBackgroundSubNodeSplitBranch	012a8258	7	00bf6d10
CLandscapeBackgroundSubNodeSplitBranch	012a8258	8	00bf6d30
CLandscapeBackgroundTreeNode	012a8240	4	00bf7f70
CEngineLandscapeFreeableResource	012a8228	0	00bf8c60
CLandscapeBackgroundSubNodeSplitBranch	012a8258	4	00bf8cc0
CLandscapeBackgroundSubNodeSplitBranch	012a8258	1	00bf8cd0
CLandscapeBackgroundTreeNode	012a8240	0	00bf8ce0
CLandscapeBackgroundSubNodeSplitBranch	012a8258	0	00bf8d10
CLocalDetailPrimitiveBase	012a7db0	2	00bf9a80
CLocalDetailPrimitiveRepeatedMesh	012a82ac	7	00bf9b40
CLocalDetailPrimitiveMeshZSpriteBatch	012a82d8	7	00bf9b90
CLocalDetailPrimitiveRepeatedMesh	012a82ac	1	00bf9cc0
CLocalDetailPrimitiveMesh	012a7e04	8	00bfa0f0
CLocalDetailPrimitiveRepeatedMesh	012a82ac	8	00bfa2a0
CLocalDetailPrimitiveMeshZSpriteBatch	012a82d8	1	00bfa8a0
CLocalDetailPrimitiveMesh	012a7e04	5	00bfa920
CLocalDetailPrimitiveRepeatedMesh	012a82ac	5	00bfaba0
CLocalDetailPrimitiveMeshZSpriteBatch	012a82d8	5	00bfacc0
CLocalDetailPrimitiveMeshZSpriteBatch	012a82d8	4	00bfad90
CLocalDetailPrimitiveMeshZSpriteBatch	012a82d8	8	00bfb210
CLocalDetailPrimitiveRepeatedMesh	012a82ac	9	00bfbb90
CLocalDetailPrimitiveMeshZSpriteBatch	012a82d8	6	00bfbba0
CLocalDetailPrimitiveMeshZSpriteBatch	012a82d8	9	00bfbbb0
CLocalDetailPrimitiveRepeatedMesh	012a82ac	0	00bfbc50
CLocalDetailPrimitiveMeshZSpriteBatch	012a82d8	0	00bfbd80
CPatchTesselationEdgeStrip	012a8318	0	00bfc860
CEngineWaterBackgroundSubPatch	012a8334	2	00bfd390
CEngineWaterBackgroundSubPatch	012a8334	1	00bfd5d0
CEngineWaterBackgroundSubPatch	012a8334	0	00bfdc90
CLandscapeLayerMesh	012a835c	2	00bfddb0
CLandscapeLayerMesh	012a835c	1	00bfde80
CLandscapeLayerMesh	012a835c	0	00bfe900
type_info	012a8370	0	00bfe96b
CPersistContext_TransferableComponentGenericType	0122d644	0	00bfea08
CTextureRenderer	0129d08c	6	00ca48f0
CTextureRenderer	0129d04c	11	00ca4910
CTextureRenderer	0129d08c	34	00ca4990
CTextureRenderer	0129d08c	29	00ca49b0
CTextureRenderer	0129d08c	30	00ca49c0
CTextureRenderer	0129d08c	22	00ca49f0
CTextureRenderer	0129d08c	27	00ca4a70
CTextureRenderer	0129d08c	42	00ca4b20
CTextureRenderer	0129d08c	40	00ca4b60
CTextureRenderer	0129d08c	41	00ca4b90
CTextureRenderer	0129d08c	28	00ca4bf0
CTextureRenderer	0129d08c	31	00ca4d80
CTextureRenderer	0129d08c	32	00ca4e30
CTextureRenderer	0129d08c	47	00ca52a0
CTextureRenderer	0129d08c	16	00ca5360
CTextureRenderer	0129d08c	17	00ca5380
CTextureRenderer	0129d08c	18	00ca53a0
CTextureRenderer	0129d08c	19	00ca53b0
CTextureRenderer	0129d08c	45	00ca5400
CTextureRenderer	0129d08c	46	00ca5570
CTextureRenderer	0129d08c	14	00ca55e0
CTextureRenderer	0129d08c	15	00ca5610
CTextureRenderer	0129cff0	4	00ca5690
CTextureRenderer	0129cff0	3	00ca56a0
CTextureRenderer	0129d08c	48	00ca56e0
CTextureRenderer	0129d08c	23	00ca5850
CTextureRenderer	0129d08c	21	00ca5cf0
CTextureRenderer	0129d008	3	00ca5d50
CTextureRenderer	0129d008	4	00ca5da0
CTextureRenderer	0129d008	5	00ca5df0
CTextureRenderer	0129d008	7	00ca5e70
CTextureRenderer	0129d008	8	00ca6020
CTextureRenderer	0129d008	6	00ca6050
CTextureRenderer	0129d08c	0	00ca6080
CTextureRenderer	0129d04c	13	00ca6110
CTextureRenderer	0129d08c	9	00ca6450
CTextureRenderer	0129d08c	10	00ca6580
CTextureRenderer	0129d08c	11	00ca65b0
CTextureRenderer	0129d04c	7	00ca6620
CTextureRenderer	0129d08c	12	00ca6670
CTextureRenderer	0129d04c	4	00ca66d0
CTextureRenderer	0129d04c	5	00ca67b0
CTextureRenderer	0129d04c	6	00ca68f0
CTextureRenderer	0129d08c	7	00ca6a30
CTextureRenderer	0129d08c	26	00ca6b00
CTextureRenderer	0129d08c	33	00ca6b40
CTextureRenderer	0129d08c	37	00ca6b80
CTextureRenderer	0129d08c	35	00ca6bc0
CTextureRenderer	0129d08c	38	00ca6c40
CTextureRenderer	0129d08c	39	00ca6e10
CTextureRenderer	0129d08c	24	00ca6f90
CTextureRenderer	0129d08c	25	00ca7030
CTextureRenderer	0129d04c	3	00ca7620
CTextureRenderer	0129d04c	8	00ca7680
CTextureRenderer	0129d04c	9	00ca76f0
CTextureRenderer	0129d08c	4	00ca77a0
CTextureRenderer	0129d04c	12	00ca77f0
CTextureRenderer	0129d04c	14	00ca7920
CTextureRenderer	0129d08c	5	00ca79f0
CTextureRenderer	0129d030	3	00caaea0
CTextureRenderer	0129d030	4	00caaf10
CTextureRenderer	0129d04c	10	00cac890
CTextureRenderer	0129d08c	1	00cacd00
CTextureRenderer	0129d08c	2	00cacd20
CDynamicObjectHeapBase	01301cd4	0	00f36cf0
CGPUScratchBufferTextureManager	01301ce4	0	00f388d0
CSurfaceCompositor	01301cf0	0	00f39d10
CShaderDirectionalLight	012a221c	1	00f39d40
CShaderPointLight	012a2114	1	00f39d90
CTriangleStripifier2	012a331c	1	00f3f3a0
