x,y,height,theme,strength
0,0,51.0525,GROUND_SPOOKYGROUND,255
1,0,48,GROUND_SPOOKYGROUND,255
2,0,48,GROUND_SPOOKYGROUND,255
3,0,48,GROUND_SPOOKYGROUND,255
4,0,48,GROUND_SPOOKYGROUND,255
5,0,48,GROUND_SPOOKYGROUND,255
6,0,48,GROUND_SPOOKYGROUND,255
7,0,48,GROUND_SPOOKYGROUND,255
8,0,48,GROUND_SPOOKYGROUND,255
9,0,48,GROUND_SPOOKYGROUND,255
10,0,48,GROUND_SPOOKYGROUND,255
11,0,48,GROUND_SPOOKYGROUND,255
12,0,48,GROUND_SPOOKYGROUND,255
13,0,48,GROUND_SPOOKYGROUND,255
14,0,48,GROUND_SPOOKYGROUND,255
15,0,48,GROUND_SPOOKYGROUND,255
16,0,48,GROUND_SPOOKYGROUND,255
17,0,48,GROUND_SPOOKYGROUND,255
18,0,48,GROUND_SPOOKYGROUND,255
19,0,48,GROUND_SPOOKYGROUND,255
20,0,48,GROUND_SPOOKYGROUND,255
21,0,48,GROUND_SPOOKYGROUND,255
22,0,48,GROUND_SPOOKYGROUND,255
23,0,48,GROUND_SPOOKYGROUND,255
24,0,48,GROUND_SPOOKYGROUND,255
25,0,48,GROUND_SPOOKYGROUND,255
26,0,48,GROUND_SPOOKYGROUND,255
27,0,48,GROUND_SPOOKYGROUND,255
28,0,48,GROUND_SPOOKYGROUND,255
29,0,48,GROUND_SPOOKYGROUND,255
30,0,48,GROUND_SPOOKYGROUND,255
31,0,48,GROUND_SPOOKYGROUND,255
32,0,48,GROUND_SPOOKYGROUND,255
33,0,48,GROUND_SPOOKYGROUND,255
34,0,48,GROUND_SPOOKYGROUND,255
35,0,48,GROUND_SPOOKYGROUND,255
36,0,48,GROUND_SPOOKYGROUND,255
37,0,48,GROUND_SPOOKYGROUND,255
38,0,48,GROUND_SPOOKYGROUND,255
39,0,48,GROUND_SPOOKYGROUND,255
40,0,48,GROUND_SPOOKYGROUND,255
41,0,48,GROUND_SPOOKYGROUND,255
42,0,48,GROUND_SPOOKYGROUND,255
43,0,48,GROUND_SPOOKYGROUND,255
44,0,48,GROUND_SPOOKYGROUND,255
45,0,48,GROUND_SPOOKYGROUND,255
46,0,48,GROUND_SPOOKYGROUND,255
47,0,48,GROUND_SPOOKYGROUND,255
48,0,48,GROUND_SPOOKYGROUND,255
49,0,48,GROUND_SPOOKYGROUND,255
50,0,48,GROUND_SPOOKYGROUND,255
51,0,48,GROUND_SPOOKYGROUND,255
52,0,48,GROUND_SPOOKYGROUND,255
53,0,48,GROUND_SPOOKYGROUND,255
54,0,48,GROUND_SPOOKYGROUND,255
55,0,48,GROUND_SPOOKYGROUND,255
56,0,48,GROUND_SPOOKYGROUND,255
57,0,48,GROUND_SPOOKYGROUND,255
58,0,48,GROUND_SPOOKYGROUND,255
59,0,48,GROUND_SPOOKYGROUND,255
60,0,48,GROUND_SPOOKYGROUND,255
61,0,48,GROUND_SPOOKYGROUND,255
62,0,48,GROUND_SPOOKYGROUND,255
63,0,49.847,GROUND_SPOOKYGROUND,255
64,0,52.5842,GROUND_SPOOKYTREES,255
0,1,51.2256,GROUND_SPOOKYGROUND,255
1,1,49.1969,GROUND_SPOOKYGROUND,255
2,1,49.1969,GROUND_SPOOKYGROUND,255
3,1,49.1969,GROUND_SPOOKYGROUND,255
4,1,49.1969,GROUND_SPOOKYGROUND,255
5,1,49.1969,GROUND_SPOOKYGROUND,255
6,1,48.71,GROUND_SPOOKYGROUND,255
7,1,48.6108,GROUND_SPOOKYGROUND,255
8,1,48.6079,GROUND_SPOOKYGROUND,255
9,1,48.6859,GROUND_SPOOKYGROUND,255
10,1,48.6833,GROUND_SPOOKYGROUND,255
11,1,49.0237,GROUND_SPOOKYGROUND,255
12,1,49.2976,GROUND_SPOOKYGROUND,255
13,1,49.3506,GROUND_SPOOKYGROUND,255
14,1,49.4241,GROUND_SPOOKYGROUND,255
15,1,49.426,GROUND_SPOOKYGROUND,255
16,1,49.4111,GROUND_SPOOKYGROUND,255
17,1,49.391,GROUND_SPOOKYGROUND,255
18,1,49.3703,GROUND_SPOOKYGROUND,255
19,1,49.3518,GROUND_SPOOKYGROUND,255
20,1,49.3382,GROUND_SPOOKYGROUND,255
21,1,49.3306,GROUND_SPOOKYGROUND,255
22,1,49.3257,GROUND_SPOOKYGROUND,255
23,1,49.3247,GROUND_SPOOKYGROUND,255
24,1,49.3366,GROUND_SPOOKYGROUND,255
25,1,49.3011,GROUND_SPOOKYGROUND,255
26,1,49.2632,GROUND_SPOOKYGROUND,255
27,1,49.2174,GROUND_SPOOKYGROUND,255
28,1,49.328,GROUND_SPOOKYGROUND,255
29,1,49.3515,GROUND_SPOOKYGROUND,255
30,1,49.6784,GROUND_SPOOKYGROUND,255
31,1,49.9123,GROUND_SPOOKYGROUND,255
32,1,49.8783,GROUND_SPOOKYGROUND,255
33,1,49.9865,GROUND_SPOOKYGROUND,255
34,1,49.7289,GROUND_SPOOKYGROUND,255
35,1,49.8252,GROUND_SPOOKYGROUND,255
36,1,49.6912,GROUND_SPOOKYGROUND,255
37,1,49.6137,GROUND_SPOOKYGROUND,255
38,1,49.7186,GROUND_SPOOKYGROUND,255
39,1,49.6314,GROUND_SPOOKYGROUND,255
40,1,49.3991,GROUND_SPOOKYGROUND,255
41,1,49.4187,GROUND_SPOOKYGROUND,255
42,1,49.7268,GROUND_SPOOKYGROUND,255
43,1,49.6396,GROUND_SPOOKYGROUND,255
44,1,49.7218,GROUND_SPOOKYGROUND,255
45,1,49.7127,GROUND_SPOOKYGROUND,255
46,1,49.5983,GROUND_SPOOKYGROUND,255
47,1,49.6707,GROUND_SPOOKYGROUND,255
48,1,49.6551,GROUND_SPOOKYGROUND,255
49,1,49.6429,GROUND_SPOOKYGROUND,255
50,1,50.379,GROUND_SPOOKYGROUND,255
51,1,50.3689,GROUND_SPOOKYGROUND,255
52,1,50.3643,GROUND_SPOOKYGROUND,255
53,1,50.3654,GROUND_SPOOKYGROUND,255
54,1,50.3719,GROUND_SPOOKYGROUND,255
55,1,50.3836,GROUND_SPOOKYGROUND,255
56,1,50.4347,GROUND_SPOOKYGROUND,255
57,1,50.4927,GROUND_SPOOKYGROUND,255
58,1,50.5252,GROUND_SPOOKYGROUND,255
59,1,50.567,GROUND_SPOOKYGROUND,255
60,1,50.6181,GROUND_SPOOKYGROUND,255
61,1,50.687,GROUND_SPOOKYGROUND,255
62,1,51.1141,GROUND_SPOOKYGROUND,255
63,1,51.9305,GROUND_SPOOKYGROUND,255
64,1,52.5973,GROUND_SPOOKYTREES,255
0,2,51.201,GROUND_SPOOKYGROUND,255
1,2,49.1969,GROUND_SPOOKYGROUND,255
2,2,49.1969,GROUND_SPOOKYGROUND,255
3,2,49.1969,GROUND_SPOOKYGROUND,255
4,2,49.1969,GROUND_SPOOKYGROUND,255
5,2,49.1983,GROUND_SPOOKYGROUND,255
6,2,49.1969,GROUND_SPOOKYGROUND,255
7,2,49.1008,GROUND_SPOOKYGROUND,255
8,2,49.0758,GROUND_SPOOKYGROUND,255
9,2,49.1969,GROUND_SPOOKYGROUND,255
10,2,49.4434,GROUND_SPOOKYGROUND,255
11,2,49.9463,GROUND_SPOOKYGROUND,255
12,2,50.1994,GROUND_SPOOKYGROUND,255
13,2,50.2883,GROUND_SPOOKYGROUND,255
14,2,50.3746,GROUND_SPOOKYGROUND,255
15,2,50.3873,GROUND_SPOOKYGROUND,255
16,2,50.3565,GROUND_SPOOKYGROUND,255
17,2,50.3,GROUND_SPOOKYGROUND,255
18,2,50.2568,GROUND_SPOOKYGROUND,255
19,2,50.2202,GROUND_SPOOKYGROUND,255
20,2,50.196,GROUND_SPOOKYGROUND,255
21,2,50.1825,GROUND_SPOOKYGROUND,255
22,2,50.1778,GROUND_SPOOKYGROUND,255
23,2,50.1808,GROUND_SPOOKYGROUND,255
24,2,50.1375,GROUND_SPOOKYGROUND,255
25,2,50.2939,GROUND_SPOOKYGROUND,255
26,2,50.2505,GROUND_SPOOKYGROUND,255
27,2,50.153,GROUND_SPOOKYGROUND,255
28,2,50.4239,GROUND_SPOOKYGROUND,255
29,2,50.4982,GROUND_SPOOKYGROUND,255
30,2,50.7979,GROUND_SPOOKYGROUND,255
31,2,51.0899,GROUND_SPOOKYGROUND,255
32,2,51.3459,GROUND_SPOOKYGROUND,255
33,2,51.3059,GROUND_SPOOKYGROUND,255
34,2,51.2813,GROUND_SPOOKYGROUND,255
35,2,51.2994,GROUND_SPOOKYGROUND,255
36,2,50.7983,GROUND_SPOOKYGROUND,255
37,2,50.8573,GROUND_SPOOKYGROUND,255
38,2,50.6175,GROUND_SPOOKYGROUND,255
39,2,50.5952,GROUND_SPOOKYGROUND,255
40,2,50.579,GROUND_SPOOKYGROUND,255
41,2,50.576,GROUND_SPOOKYGROUND,255
42,2,50.4368,GROUND_SPOOKYGROUND,255
43,2,50.5271,GROUND_SPOOKYGROUND,255
44,2,50.5374,GROUND_SPOOKYGROUND,255
45,2,50.614,GROUND_SPOOKYGROUND,255
46,2,50.4519,GROUND_SPOOKYGROUND,255
47,2,50.4483,GROUND_SPOOKYGROUND,255
48,2,50.4308,GROUND_SPOOKYGROUND,255
49,2,50.5004,GROUND_SPOOKYGROUND,255
50,2,50.7044,GROUND_SPOOKYGROUND,255
51,2,50.6845,GROUND_SPOOKYGROUND,255
52,2,50.6756,GROUND_SPOOKYGROUND,255
53,2,50.6782,GROUND_SPOOKYGROUND,255
54,2,50.6725,GROUND_SPOOKYGROUND,255
55,2,50.6912,GROUND_SPOOKYGROUND,255
56,2,50.725,GROUND_SPOOKYGROUND,255
57,2,50.7934,GROUND_SPOOKYGROUND,255
58,2,50.9115,GROUND_SPOOKYGROUND,255
59,2,50.9789,GROUND_SPOOKYGROUND,255
60,2,51.0564,GROUND_SPOOKYGROUND,255
61,2,51.1573,GROUND_SPOOKYGROUND,255
62,2,51.4811,GROUND_SPOOKYGROUND,255
63,2,52,GROUND_SPOOKYGROUND,255
64,2,52.6082,GROUND_SPOOKYTREES,255
0,3,50.1972,GROUND_SPOOKYGROUND,255
1,3,49.1969,GROUND_SPOOKYGROUND,255
2,3,49.1969,GROUND_SPOOKYGROUND,255
3,3,49.1969,GROUND_SPOOKYGROUND,255
4,3,49.2342,GROUND_SPOOKYGROUND,255
5,3,49.2578,GROUND_SPOOKYGROUND,255
6,3,49.2683,GROUND_SPOOKYGROUND,255
7,3,49.2815,GROUND_SPOOKYGROUND,255
8,3,49.3893,GROUND_SPOOKYGROUND,255
9,3,49.5109,GROUND_SPOOKYGROUND,255
10,3,50.0133,GROUND_SPOOKYGROUND,255
11,3,50.5848,GROUND_SPOOKYGROUND,255
12,3,51.0312,GROUND_SPOOKYGROUND,255
13,3,51.1226,GROUND_SPOOKYGROUND,255
14,3,51.1735,GROUND_SPOOKYGROUND,255
15,3,51.1237,GROUND_SPOOKYGROUND,255
16,3,51.0993,GROUND_SPOOKYGROUND,255
17,3,51.0253,GROUND_SPOOKYGROUND,255
18,3,50.9499,GROUND_SPOOKYGROUND,255
19,3,50.7589,GROUND_SPOOKYGROUND,255
20,3,50.7412,GROUND_SPOOKYGROUND,255
21,3,50.728,GROUND_SPOOKYGROUND,255
22,3,50.7275,GROUND_SPOOKYGROUND,255
23,3,50.7144,GROUND_SPOOKYGROUND,255
24,3,50.7321,GROUND_SPOOKYGROUND,255
25,3,50.8688,GROUND_SPOOKYGROUND,255
26,3,50.8363,GROUND_SPOOKYGROUND,255
27,3,50.8769,GROUND_SPOOKYGROUND,255
28,3,50.9665,GROUND_SPOOKYGROUND,255
29,3,51.2179,GROUND_SPOOKYGROUND,255
30,3,51.4412,GROUND_SPOOKYGROUND,255
31,3,51.9908,GROUND_SPOOKYGROUND,255
32,3,52.1639,GROUND_SPOOKYGROUND,255
33,3,52.1931,GROUND_SPOOKYGROUND,255
34,3,52.369,GROUND_SPOOKYGROUND,255
35,3,52.0128,GROUND_SPOOKYGROUND,255
36,3,51.8485,GROUND_SPOOKYGROUND,255
37,3,51.5108,GROUND_SPOOKYGROUND,255
38,3,51.3618,GROUND_SPOOKYGROUND,255
39,3,51.2871,GROUND_SPOOKYGROUND,255
40,3,51.2218,GROUND_SPOOKYGROUND,255
41,3,51.2002,GROUND_SPOOKYGROUND,255
42,3,51.0359,GROUND_SPOOKYGROUND,255
43,3,51.0464,GROUND_SPOOKYGROUND,255
44,3,51.0096,GROUND_SPOOKYGROUND,255
45,3,50.9547,GROUND_SPOOKYGROUND,255
46,3,50.9272,GROUND_SPOOKYGROUND,255
47,3,50.8718,GROUND_SPOOKYGROUND,255
48,3,50.8482,GROUND_SPOOKYGROUND,255
49,3,50.8445,GROUND_SPOOKYGROUND,255
50,3,50.9238,GROUND_SPOOKYGROUND,255
51,3,50.9084,GROUND_SPOOKYGROUND,255
52,3,50.8958,GROUND_SPOOKYGROUND,255
53,3,50.901,GROUND_SPOOKYGROUND,255
54,3,50.9013,GROUND_SPOOKYGROUND,255
55,3,50.9224,GROUND_SPOOKYGROUND,255
56,3,50.9602,GROUND_SPOOKYGROUND,255
57,3,51.0157,GROUND_SPOOKYGROUND,255
58,3,51.0865,GROUND_SPOOKYGROUND,255
59,3,51.2215,GROUND_SPOOKYGROUND,255
60,3,51.3053,GROUND_SPOOKYGROUND,255
61,3,51.4092,GROUND_SPOOKYGROUND,255
62,3,51.6524,GROUND_SPOOKYGROUND,255
63,3,52,GROUND_SPOOKYGROUND,255
64,3,52.1939,GROUND_SPOOKYTREES,255
0,4,49.924,GROUND_SPOOKYGROUND,255
1,4,49.1969,GROUND_SPOOKYGROUND,255
2,4,49.1969,GROUND_SPOOKYGROUND,255
3,4,49.1969,GROUND_SPOOKYGROUND,255
4,4,49.3404,GROUND_SPOOKYGROUND,255
5,4,49.3597,GROUND_SPOOKYGROUND,255
6,4,49.4525,GROUND_SPOOKYGROUND,255
7,4,49.5695,GROUND_SPOOKYGROUND,255
8,4,49.6887,GROUND_SPOOKYGROUND,255
9,4,49.9827,GROUND_SPOOKYGROUND,255
10,4,50.5851,GROUND_SPOOKYGROUND,255
11,4,51.1921,GROUND_SPOOKYGROUND,255
12,4,51.4512,GROUND_SPOOKYGROUND,255
13,4,51.6517,GROUND_SPOOKYGROUND,255
14,4,51.6531,GROUND_SPOOKYGROUND,255
15,4,51.6414,GROUND_SPOOKYGROUND,255
16,4,51.5348,GROUND_SPOOKYGROUND,255
17,4,51.3934,GROUND_SPOOKYGROUND,255
18,4,51.2847,GROUND_SPOOKYGROUND,255
19,4,51.2104,GROUND_SPOOKYGROUND,255
20,4,51.0999,GROUND_SPOOKYGROUND,255
21,4,51.0765,GROUND_SPOOKYGROUND,255
22,4,51.1006,GROUND_SPOOKYGROUND,255
23,4,51.1969,GROUND_SPOOKYGROUND,255
24,4,51.2063,GROUND_SPOOKYGROUND,255
25,4,51.2214,GROUND_SPOOKYGROUND,255
26,4,51.2116,GROUND_SPOOKYGROUND,255
27,4,51.319,GROUND_SPOOKYGROUND,255
28,4,51.3278,GROUND_SPOOKYGROUND,255
29,4,51.5517,GROUND_SPOOKYGROUND,255
30,4,52.2387,GROUND_SPOOKYGROUND,255
31,4,52.6966,GROUND_SPOOKYGROUND,255
32,4,52.9534,GROUND_SPOOKYGROUND,255
33,4,53.0345,GROUND_SPOOKYGROUND,255
34,4,53.026,GROUND_SPOOKYGROUND,255
35,4,52.9134,GROUND_SPOOKYGROUND,255
36,4,52.488,GROUND_SPOOKYGROUND,255
37,4,52.1154,GROUND_SPOOKYGROUND,255
38,4,51.815,GROUND_SPOOKYGROUND,255
39,4,51.798,GROUND_SPOOKYGROUND,255
40,4,51.6401,GROUND_SPOOKYGROUND,255
41,4,51.5525,GROUND_SPOOKYGROUND,255
42,4,51.4877,GROUND_SPOOKYGROUND,255
43,4,51.4208,GROUND_SPOOKYGROUND,255
44,4,51.3667,GROUND_SPOOKYGROUND,255
45,4,51.3207,GROUND_SPOOKYGROUND,255
46,4,51.2479,GROUND_SPOOKYGROUND,255
47,4,51.1976,GROUND_SPOOKYGROUND,255
48,4,51.137,GROUND_SPOOKYGROUND,255
49,4,51.0935,GROUND_SPOOKYGROUND,255
50,4,51.0946,GROUND_SPOOKYGROUND,255
51,4,51.1152,GROUND_SPOOKYGROUND,255
52,4,51.1461,GROUND_SPOOKYGROUND,255
53,4,51.1406,GROUND_SPOOKYGROUND,255
54,4,51.119,GROUND_SPOOKYGROUND,255
55,4,51.1118,GROUND_SPOOKYGROUND,255
56,4,51.1302,GROUND_SPOOKYGROUND,255
57,4,51.1566,GROUND_SPOOKYGROUND,255
58,4,51.2183,GROUND_SPOOKYGROUND,255
59,4,51.3004,GROUND_SPOOKYGROUND,255
60,4,51.3828,GROUND_SPOOKYGROUND,255
61,4,51.5209,GROUND_SPOOKYGROUND,255
62,4,51.7221,GROUND_SPOOKYGROUND,255
63,4,51.8186,GROUND_SPOOKYGROUND,255
64,4,50,GROUND_SPOOKYTREES,255
0,5,49.8276,GROUND_SPOOKYGROUND,255
1,5,49.4501,GROUND_SPOOKYGROUND,255
2,5,49.4975,GROUND_SPOOKYGROUND,255
3,5,49.5449,GROUND_SPOOKYGROUND,255
4,5,49.5924,GROUND_SPOOKYGROUND,255
5,5,49.6398,GROUND_SPOOKYGROUND,255
6,5,49.6872,GROUND_SPOOKYGROUND,255
7,5,49.9096,GROUND_SPOOKYGROUND,255
8,5,50.1657,GROUND_SPOOKYGROUND,255
9,5,50.6972,GROUND_SPOOKYGROUND,255
10,5,51.3145,GROUND_SPOOKYGROUND,255
11,5,51.7423,GROUND_SPOOKYGROUND,255
12,5,52.0035,GROUND_SPOOKYGROUND,255
13,5,52.0192,GROUND_SPOOKYGROUND,255
14,5,52.0666,GROUND_SPOOKYGROUND,255
15,5,51.9818,GROUND_SPOOKYGROUND,255
16,5,51.8073,GROUND_SPOOKYGROUND,255
17,5,51.597,GROUND_SPOOKYGROUND,255
18,5,51.4742,GROUND_SPOOKYGROUND,255
19,5,51.3636,GROUND_SPOOKYGROUND,255
20,5,51.3345,GROUND_SPOOKYGROUND,255
21,5,51.3361,GROUND_SPOOKYGROUND,255
22,5,51.3615,GROUND_SPOOKYGROUND,255
23,5,51.4119,GROUND_SPOOKYGROUND,255
24,5,51.477,GROUND_SPOOKYGROUND,255
25,5,51.5091,GROUND_SPOOKYGROUND,255
26,5,51.6348,GROUND_SPOOKYGROUND,255
27,5,51.6799,GROUND_SPOOKYGROUND,255
28,5,51.9107,GROUND_SPOOKYGROUND,255
29,5,52.1824,GROUND_SPOOKYGROUND,255
30,5,52.7493,GROUND_SPOOKYGROUND,255
31,5,53.2152,GROUND_SPOOKYGROUND,255
32,5,53.4596,GROUND_SPOOKYGROUND,255
33,5,53.4707,GROUND_SPOOKYGROUND,255
34,5,53.4841,GROUND_SPOOKYGROUND,255
35,5,53.5632,GROUND_SPOOKYGROUND,255
36,5,53.3674,GROUND_SPOOKYGROUND,255
37,5,53.0233,GROUND_SPOOKYGROUND,255
38,5,52.5136,GROUND_SPOOKYGROUND,255
39,5,52.3086,GROUND_SPOOKYGROUND,255
40,5,52.1507,GROUND_SPOOKYGROUND,255
41,5,51.9928,GROUND_SPOOKYGROUND,255
42,5,51.8771,GROUND_SPOOKYGROUND,255
43,5,51.777,GROUND_SPOOKYGROUND,255
44,5,51.6888,GROUND_SPOOKYGROUND,255
45,5,51.5841,GROUND_SPOOKYGROUND,255
46,5,51.4913,GROUND_SPOOKYGROUND,255
47,5,51.4244,GROUND_SPOOKYGROUND,255
48,5,51.3863,GROUND_SPOOKYGROUND,255
49,5,51.3319,GROUND_SPOOKYGROUND,255
50,5,51.308,GROUND_SPOOKYGROUND,255
51,5,51.4001,GROUND_SPOOKYGROUND,255
52,5,51.4871,GROUND_SPOOKYGROUND,255
53,5,51.4375,GROUND_SPOOKYGROUND,255
54,5,51.4076,GROUND_SPOOKYGROUND,255
55,5,51.3669,GROUND_SPOOKYGROUND,255
56,5,51.3567,GROUND_SPOOKYGROUND,255
57,5,51.3626,GROUND_SPOOKYGROUND,255
58,5,51.3788,GROUND_SPOOKYGROUND,255
59,5,51.4245,GROUND_SPOOKYGROUND,255
60,5,51.4741,GROUND_SPOOKYGROUND,255
61,5,51.5107,GROUND_SPOOKYGROUND,255
62,5,51.6881,GROUND_SPOOKYGROUND,255
63,5,51.7635,GROUND_SPOOKYGROUND,255
64,5,50,GROUND_SPOOKYTREES,255
0,6,49.7525,GROUND_SPOOKYGROUND,255
1,6,49.9227,GROUND_SPOOKYGROUND,255
2,6,49.9701,GROUND_SPOOKYGROUND,255
3,6,50.0175,GROUND_SPOOKYGROUND,255
4,6,50.065,GROUND_SPOOKYGROUND,255
5,6,50.1124,GROUND_SPOOKYGROUND,255
6,6,50.1598,GROUND_SPOOKYGROUND,255
7,6,50.4163,GROUND_SPOOKYGROUND,255
8,6,50.6215,GROUND_SPOOKYGROUND,255
9,6,51.3343,GROUND_SPOOKYGROUND,255
10,6,51.9067,GROUND_SPOOKYGROUND,255
11,6,52.3969,GROUND_SPOOKYGROUND,255
12,6,52.4444,GROUND_SPOOKYGROUND,255
13,6,52.4918,GROUND_SPOOKYGROUND,255
14,6,52.4632,GROUND_SPOOKYGROUND,255
15,6,52.3413,GROUND_SPOOKYGROUND,255
16,6,52.0906,GROUND_SPOOKYGROUND,255
17,6,51.8447,GROUND_SPOOKYGROUND,255
18,6,51.6707,GROUND_SPOOKYGROUND,255
19,6,51.6305,GROUND_SPOOKYGROUND,255
20,6,51.5507,GROUND_SPOOKYGROUND,255
21,6,51.6217,GROUND_SPOOKYGROUND,255
22,6,51.7001,GROUND_SPOOKYGROUND,255
23,6,51.6899,GROUND_SPOOKYGROUND,255
24,6,51.7868,GROUND_SPOOKYGROUND,255
25,6,52.0135,GROUND_SPOOKYGROUND,255
26,6,52.0846,GROUND_SPOOKYGROUND,255
27,6,52.235,GROUND_SPOOKYGROUND,255
28,6,52.4002,GROUND_SPOOKYGROUND,255
29,6,52.9449,GROUND_SPOOKYGROUND,255
30,6,53.5889,GROUND_SPOOKYGROUND,255
31,6,53.8786,GROUND_SPOOKYGROUND,255
32,6,53.8922,GROUND_SPOOKYGROUND,255
33,6,53.9013,GROUND_SPOOKYGROUND,255
34,6,53.9679,GROUND_SPOOKYGROUND,255
35,6,54.075,GROUND_SPOOKYGROUND,255
36,6,53.9436,GROUND_SPOOKYGROUND,255
37,6,53.5863,GROUND_SPOOKYGROUND,255
38,6,53.1084,GROUND_SPOOKYGROUND,255
39,6,52.777,GROUND_SPOOKYGROUND,255
40,6,52.6613,GROUND_SPOOKYGROUND,255
41,6,52.5034,GROUND_SPOOKYGROUND,255
42,6,52.3455,GROUND_SPOOKYGROUND,255
43,6,52.1876,GROUND_SPOOKYGROUND,255
44,6,52.07,GROUND_SPOOKYGROUND,255
45,6,51.958,GROUND_SPOOKYGROUND,255
46,6,51.8166,GROUND_SPOOKYGROUND,255
47,6,51.7219,GROUND_SPOOKYGROUND,255
48,6,51.6789,GROUND_SPOOKYGROUND,255
49,6,51.6292,GROUND_SPOOKYGROUND,255
50,6,51.6187,GROUND_SPOOKYGROUND,255
51,6,51.7806,GROUND_SPOOKYGROUND,255
52,6,51.8974,GROUND_SPOOKYGROUND,255
53,6,51.8865,GROUND_SPOOKYGROUND,255
54,6,51.8042,GROUND_SPOOKYGROUND,255
55,6,51.7375,GROUND_SPOOKYGROUND,255
56,6,51.6887,GROUND_SPOOKYGROUND,255
57,6,51.6485,GROUND_SPOOKYGROUND,255
58,6,51.6132,GROUND_SPOOKYGROUND,255
59,6,51.6306,GROUND_SPOOKYGROUND,255
60,6,51.6153,GROUND_SPOOKYGROUND,255
61,6,51.6459,GROUND_SPOOKYGROUND,255
62,6,51.7183,GROUND_SPOOKYGROUND,255
63,6,51.6738,GROUND_SPOOKYGROUND,255
64,6,49.752,GROUND_SPOOKYTREES,255
0,7,49.7783,GROUND_SPOOKYGROUND,255
1,7,50.3953,GROUND_SPOOKYGROUND,255
2,7,50.4427,GROUND_SPOOKYGROUND,255
3,7,50.4902,GROUND_SPOOKYGROUND,255
4,7,50.5376,GROUND_SPOOKYGROUND,255
5,7,50.585,GROUND_SPOOKYGROUND,255
6,7,50.6324,GROUND_SPOOKYGROUND,255
7,7,50.9317,GROUND_SPOOKYGROUND,255
8,7,51.4531,GROUND_SPOOKYGROUND,255
9,7,52.0489,GROUND_SPOOKYGROUND,255
10,7,52.5294,GROUND_SPOOKYGROUND,255
11,7,52.8695,GROUND_SPOOKYGROUND,255
12,7,52.917,GROUND_SPOOKYGROUND,255
13,7,52.9308,GROUND_SPOOKYGROUND,255
14,7,52.8773,GROUND_SPOOKYGROUND,255
15,7,52.7178,GROUND_SPOOKYGROUND,255
16,7,52.4053,GROUND_SPOOKYGROUND,255
17,7,52.1533,GROUND_SPOOKYGROUND,255
18,7,51.9324,GROUND_SPOOKYGROUND,255
19,7,51.8788,GROUND_SPOOKYGROUND,255
20,7,51.8618,GROUND_SPOOKYGROUND,255
21,7,51.92,GROUND_SPOOKYGROUND,255
22,7,52.0471,GROUND_SPOOKYGROUND,255
23,7,52.2424,GROUND_SPOOKYGROUND,255
24,7,52.4617,GROUND_SPOOKYGROUND,255
25,7,52.5462,GROUND_SPOOKYGROUND,255
26,7,52.6512,GROUND_SPOOKYGROUND,255
27,7,52.9198,GROUND_SPOOKYGROUND,255
28,7,53.3735,GROUND_SPOOKYGROUND,255
29,7,53.9286,GROUND_SPOOKYGROUND,255
30,7,54.3988,GROUND_SPOOKYGROUND,255
31,7,54.4108,GROUND_SPOOKYGROUND,255
32,7,54.4228,GROUND_SPOOKYGROUND,255
33,7,54.4348,GROUND_SPOOKYGROUND,255
34,7,54.4986,GROUND_SPOOKYGROUND,255
35,7,54.6351,GROUND_SPOOKYGROUND,255
36,7,54.5274,GROUND_SPOOKYGROUND,255
37,7,54.3839,GROUND_SPOOKYGROUND,255
38,7,53.6776,GROUND_SPOOKYGROUND,255
39,7,53.3298,GROUND_SPOOKYGROUND,255
40,7,53.1719,GROUND_SPOOKYGROUND,255
41,7,53.014,GROUND_SPOOKYGROUND,255
42,7,52.8561,GROUND_SPOOKYGROUND,255
43,7,52.6982,GROUND_SPOOKYGROUND,255
44,7,52.5403,GROUND_SPOOKYGROUND,255
45,7,52.3824,GROUND_SPOOKYGROUND,255
46,7,52.2245,GROUND_SPOOKYGROUND,255
47,7,52.1188,GROUND_SPOOKYGROUND,255
48,7,52.0894,GROUND_SPOOKYGROUND,255
49,7,52.0607,GROUND_SPOOKYGROUND,255
50,7,52.0564,GROUND_SPOOKYGROUND,255
51,7,52.233,GROUND_SPOOKYGROUND,255
52,7,52.3865,GROUND_SPOOKYGROUND,255
53,7,52.3753,GROUND_SPOOKYGROUND,255
54,7,52.2859,GROUND_SPOOKYGROUND,255
55,7,52.1966,GROUND_SPOOKYGROUND,255
56,7,52.1072,GROUND_SPOOKYGROUND,255
57,7,52.0178,GROUND_SPOOKYGROUND,255
58,7,51.9689,GROUND_SPOOKYGROUND,255
59,7,51.939,GROUND_SPOOKYGROUND,255
60,7,51.8701,GROUND_SPOOKYGROUND,255
61,7,51.8498,GROUND_SPOOKYGROUND,255
62,7,51.8586,GROUND_SPOOKYGROUND,255
63,7,51.8818,GROUND_SPOOKYGROUND,255
64,7,49.737,GROUND_SPOOKYTREES,255
0,8,50.1317,GROUND_SPOOKYGROUND,255
1,8,50.8679,GROUND_SPOOKYGROUND,255
2,8,50.9153,GROUND_SPOOKYGROUND,255
3,8,50.9628,GROUND_SPOOKYGROUND,255
4,8,51.0102,GROUND_SPOOKYGROUND,255
5,8,51.0576,GROUND_SPOOKYGROUND,255
6,8,51.105,GROUND_SPOOKYGROUND,255
7,8,51.4159,GROUND_SPOOKYGROUND,255
8,8,51.9257,GROUND_SPOOKYGROUND,255
9,8,52.5215,GROUND_SPOOKYGROUND,255
10,8,53.0313,GROUND_SPOOKYGROUND,255
11,8,53.3421,GROUND_SPOOKYGROUND,255
12,8,53.3896,GROUND_SPOOKYGROUND,255
13,8,53.3958,GROUND_SPOOKYGROUND,255
14,8,53.3011,GROUND_SPOOKYGROUND,255
15,8,53.1417,GROUND_SPOOKYGROUND,255
16,8,52.7954,GROUND_SPOOKYGROUND,255
17,8,52.4525,GROUND_SPOOKYGROUND,255
18,8,52.3426,GROUND_SPOOKYGROUND,255
19,8,52.295,GROUND_SPOOKYGROUND,255
20,8,52.3218,GROUND_SPOOKYGROUND,255
21,8,52.3431,GROUND_SPOOKYGROUND,255
22,8,52.5831,GROUND_SPOOKYGROUND,255
23,8,52.8738,GROUND_SPOOKYGROUND,255
24,8,53.1889,GROUND_SPOOKYGROUND,255
25,8,53.5772,GROUND_SPOOKYGROUND,255
26,8,53.5449,GROUND_SPOOKYGROUND,255
27,8,53.8138,GROUND_SPOOKYGROUND,255
28,8,54.2214,GROUND_SPOOKYGROUND,255
29,8,54.6948,GROUND_SPOOKYGROUND,255
30,8,54.9712,GROUND_SPOOKYGROUND,255
31,8,54.9832,GROUND_SPOOKYGROUND,255
32,8,54.9951,GROUND_SPOOKYGROUND,255
33,8,55.0071,GROUND_SPOOKYGROUND,255
34,8,55.0789,GROUND_SPOOKYGROUND,255
35,8,55.2786,GROUND_SPOOKYGROUND,255
36,8,55.2458,GROUND_SPOOKYGROUND,255
37,8,54.9919,GROUND_SPOOKYGROUND,255
38,8,54.269,GROUND_SPOOKYGROUND,255
39,8,53.8404,GROUND_SPOOKYGROUND,255
40,8,53.6825,GROUND_SPOOKYGROUND,255
41,8,53.5246,GROUND_SPOOKYGROUND,255
42,8,53.3667,GROUND_SPOOKYGROUND,255
43,8,53.2088,GROUND_SPOOKYGROUND,255
44,8,53.0509,GROUND_SPOOKYGROUND,255
45,8,52.893,GROUND_SPOOKYGROUND,255
46,8,52.7351,GROUND_SPOOKYGROUND,255
47,8,52.5773,GROUND_SPOOKYGROUND,255
48,8,52.4773,GROUND_SPOOKYGROUND,255
49,8,52.4817,GROUND_SPOOKYGROUND,255
50,8,52.5971,GROUND_SPOOKYGROUND,255
51,8,52.7874,GROUND_SPOOKYGROUND,255
52,8,52.8932,GROUND_SPOOKYGROUND,255
53,8,52.8641,GROUND_SPOOKYGROUND,255
54,8,52.7747,GROUND_SPOOKYGROUND,255
55,8,52.6854,GROUND_SPOOKYGROUND,255
56,8,52.596,GROUND_SPOOKYGROUND,255
57,8,52.5066,GROUND_SPOOKYGROUND,255
58,8,52.4172,GROUND_SPOOKYGROUND,255
59,8,52.3278,GROUND_SPOOKYGROUND,255
60,8,52.2384,GROUND_SPOOKYGROUND,255
61,8,52.149,GROUND_SPOOKYGROUND,255
62,8,52.1599,GROUND_SPOOKYGROUND,255
63,8,52.1174,GROUND_SPOOKYGROUND,255
64,8,49.7693,GROUND_SPOOKYTREES,255
0,9,50.2022,GROUND_SPOOKYGROUND,255
1,9,51.3405,GROUND_SPOOKYGROUND,255
2,9,51.3879,GROUND_SPOOKYGROUND,255
3,9,51.4354,GROUND_SPOOKYGROUND,255
4,9,51.4828,GROUND_SPOOKYGROUND,255
5,9,51.5302,GROUND_SPOOKYGROUND,255
6,9,51.5776,GROUND_SPOOKYGROUND,255
7,9,51.8885,GROUND_SPOOKYGROUND,255
8,9,52.3983,GROUND_SPOOKYGROUND,255
9,9,52.9941,GROUND_SPOOKYGROUND,255
10,9,53.5039,GROUND_SPOOKYGROUND,255
11,9,53.8148,GROUND_SPOOKYGROUND,255
12,9,53.8622,GROUND_SPOOKYGROUND,255
13,9,53.8391,GROUND_SPOOKYGROUND,255
14,9,53.7846,GROUND_SPOOKYGROUND,255
15,9,53.5764,GROUND_SPOOKYGROUND,255
16,9,53.2207,GROUND_SPOOKYGROUND,255
17,9,52.8546,GROUND_SPOOKYGROUND,255
18,9,52.7211,GROUND_SPOOKYGROUND,255
19,9,52.7447,GROUND_SPOOKYGROUND,255
20,9,52.707,GROUND_SPOOKYGROUND,255
21,9,52.8566,GROUND_SPOOKYGROUND,255
22,9,53.2398,GROUND_SPOOKYGROUND,255
23,9,53.9857,GROUND_SPOOKYGROUND,255
24,9,54.2827,GROUND_SPOOKYGROUND,255
25,9,54.6936,GROUND_SPOOKYGROUND,255
26,9,54.7586,GROUND_SPOOKYGROUND,255
27,9,54.9346,GROUND_SPOOKYGROUND,255
28,9,55.2268,GROUND_SPOOKYGROUND,255
29,9,55.5315,GROUND_SPOOKYGROUND,255
30,9,55.5435,GROUND_SPOOKYGROUND,255
31,9,55.5555,GROUND_SPOOKYGROUND,255
32,9,55.5675,GROUND_SPOOKYGROUND,255
33,9,55.5794,GROUND_SPOOKYGROUND,255
34,9,55.7374,GROUND_SPOOKYGROUND,255
35,9,55.9549,GROUND_SPOOKYGROUND,255
36,9,55.8933,GROUND_SPOOKYGROUND,255
37,9,55.6077,GROUND_SPOOKYGROUND,255
38,9,54.823,GROUND_SPOOKYGROUND,255
39,9,54.351,GROUND_SPOOKYGROUND,255
40,9,54.1931,GROUND_SPOOKYGROUND,255
41,9,54.0352,GROUND_SPOOKYGROUND,255
42,9,53.8773,GROUND_SPOOKYGROUND,255
43,9,53.7195,GROUND_SPOOKYGROUND,255
44,9,53.5616,GROUND_SPOOKYGROUND,255
45,9,53.4037,GROUND_SPOOKYGROUND,255
46,9,53.2458,GROUND_SPOOKYGROUND,255
47,9,53.0879,GROUND_SPOOKYGROUND,255
48,9,53.1717,GROUND_SPOOKYGROUND,255
49,9,53.2374,GROUND_SPOOKYGROUND,255
50,9,53.1926,GROUND_SPOOKYGROUND,255
51,9,53.3686,GROUND_SPOOKYGROUND,255
52,9,53.3866,GROUND_SPOOKYGROUND,255
53,9,53.3529,GROUND_SPOOKYGROUND,255
54,9,53.2635,GROUND_SPOOKYGROUND,255
55,9,53.1742,GROUND_SPOOKYGROUND,255
56,9,53.0848,GROUND_SPOOKYGROUND,255
57,9,52.9954,GROUND_SPOOKYGROUND,255
58,9,52.906,GROUND_SPOOKYGROUND,255
59,9,52.8166,GROUND_SPOOKYGROUND,255
60,9,52.7272,GROUND_SPOOKYGROUND,255
61,9,52.6379,GROUND_SPOOKYGROUND,255
62,9,52.5485,GROUND_SPOOKYGROUND,255
63,9,52.4591,GROUND_SPOOKYGROUND,255
64,9,49.8703,GROUND_SPOOKYTREES,255
0,10,50.7665,GROUND_SPOOKYGROUND,255
1,10,51.4673,GROUND_SPOOKYGROUND,255
2,10,51.8606,GROUND_SPOOKYGROUND,255
3,10,51.908,GROUND_SPOOKYGROUND,255
4,10,51.9554,GROUND_SPOOKYGROUND,255
5,10,52.0028,GROUND_SPOOKYGROUND,255
6,10,52.0503,GROUND_SPOOKYGROUND,255
7,10,52.3611,GROUND_SPOOKYGROUND,255
8,10,52.8709,GROUND_SPOOKYGROUND,255
9,10,53.4667,GROUND_SPOOKYGROUND,255
10,10,53.9766,GROUND_SPOOKYGROUND,255
11,10,54.2874,GROUND_SPOOKYGROUND,255
12,10,54.3348,GROUND_SPOOKYGROUND,255
13,10,54.3374,GROUND_SPOOKYGROUND,255
14,10,54.2245,GROUND_SPOOKYGROUND,255
15,10,54.0141,GROUND_SPOOKYGROUND,255
16,10,53.6775,GROUND_SPOOKYGROUND,255
17,10,53.4658,GROUND_SPOOKYGROUND,255
18,10,53.4068,GROUND_SPOOKYGROUND,255
19,10,53.3561,GROUND_SPOOKYGROUND,255
20,10,53.3861,GROUND_SPOOKYGROUND,255
21,10,53.7809,GROUND_SPOOKYGROUND,255
22,10,54.3284,GROUND_SPOOKYGROUND,255
23,10,55.1133,GROUND_SPOOKYGROUND,255
24,10,55.4606,GROUND_SPOOKYGROUND,255
25,10,55.7003,GROUND_SPOOKYGROUND,255
26,10,55.7709,GROUND_SPOOKYGROUND,255
27,10,55.8501,GROUND_SPOOKYGROUND,255
28,10,56.0919,GROUND_SPOOKYGROUND,255
29,10,56.1039,GROUND_SPOOKYGROUND,255
30,10,56.1159,GROUND_SPOOKYGROUND,255
31,10,56.1278,GROUND_SPOOKYGROUND,255
32,10,56.1398,GROUND_SPOOKYGROUND,255
33,10,56.2093,GROUND_SPOOKYGROUND,255
34,10,56.3614,GROUND_SPOOKYGROUND,255
35,10,56.6309,GROUND_SPOOKYGROUND,255
36,10,56.5323,GROUND_SPOOKYGROUND,255
37,10,56.2041,GROUND_SPOOKYGROUND,255
38,10,55.3824,GROUND_SPOOKYGROUND,255
39,10,54.8616,GROUND_SPOOKYGROUND,255
40,10,54.7038,GROUND_SPOOKYGROUND,255
41,10,54.5459,GROUND_SPOOKYGROUND,255
42,10,54.388,GROUND_SPOOKYGROUND,255
43,10,54.2301,GROUND_SPOOKYGROUND,255
44,10,54.0722,GROUND_SPOOKYGROUND,255
45,10,53.9143,GROUND_SPOOKYGROUND,255
46,10,53.7564,GROUND_SPOOKYGROUND,255
47,10,53.8632,GROUND_SPOOKYGROUND,255
48,10,53.8686,GROUND_SPOOKYGROUND,255
49,10,54.0944,GROUND_SPOOKYGROUND,255
50,10,54.2582,GROUND_SPOOKYGROUND,255
51,10,54.3645,GROUND_SPOOKYGROUND,255
52,10,54.3349,GROUND_SPOOKYGROUND,255
53,10,54.2373,GROUND_SPOOKYGROUND,255
54,10,54.0217,GROUND_SPOOKYGROUND,255
55,10,53.663,GROUND_SPOOKYGROUND,255
56,10,53.5736,GROUND_SPOOKYGROUND,255
57,10,53.4842,GROUND_SPOOKYGROUND,255
58,10,53.3948,GROUND_SPOOKYGROUND,255
59,10,53.3054,GROUND_SPOOKYGROUND,255
60,10,53.216,GROUND_SPOOKYGROUND,255
61,10,53.1267,GROUND_SPOOKYGROUND,255
62,10,53.0373,GROUND_SPOOKYGROUND,255
63,10,52.9479,GROUND_SPOOKYGROUND,255
64,10,50.3335,GROUND_SPOOKYTREES,255
0,11,50.7584,GROUND_SPOOKYGROUND,255
1,11,51.8484,GROUND_SPOOKYGROUND,255
2,11,52.3332,GROUND_SPOOKYGROUND,255
3,11,52.3806,GROUND_SPOOKYGROUND,255
4,11,52.428,GROUND_SPOOKYGROUND,255
5,11,52.4754,GROUND_SPOOKYGROUND,255
6,11,52.5229,GROUND_SPOOKYGROUND,255
7,11,52.8337,GROUND_SPOOKYGROUND,255
8,11,53.3435,GROUND_SPOOKYGROUND,255
9,11,53.9393,GROUND_SPOOKYGROUND,255
10,11,54.4492,GROUND_SPOOKYGROUND,255
11,11,54.76,GROUND_SPOOKYGROUND,255
12,11,54.8074,GROUND_SPOOKYGROUND,255
13,11,54.8119,GROUND_SPOOKYGROUND,255
14,11,54.7128,GROUND_SPOOKYGROUND,255
15,11,54.5404,GROUND_SPOOKYGROUND,255
16,11,54.1625,GROUND_SPOOKYGROUND,255
17,11,54.0375,GROUND_SPOOKYGROUND,255
18,11,54.1263,GROUND_SPOOKYGROUND,255
19,11,54.244,GROUND_SPOOKYGROUND,255
20,11,54.4559,GROUND_SPOOKYGROUND,255
21,11,54.9326,GROUND_SPOOKYGROUND,255
22,11,55.8723,GROUND_SPOOKYGROUND,255
23,11,56.2839,GROUND_SPOOKYGROUND,255
24,11,56.5196,GROUND_SPOOKYGROUND,255
25,11,56.6283,GROUND_SPOOKYGROUND,255
26,11,56.6403,GROUND_SPOOKYGROUND,255
27,11,56.6523,GROUND_SPOOKYGROUND,255
28,11,56.6642,GROUND_SPOOKYGROUND,255
29,11,56.6762,GROUND_SPOOKYGROUND,255
30,11,56.6882,GROUND_SPOOKYGROUND,255
31,11,56.7002,GROUND_SPOOKYGROUND,255
32,11,56.7121,GROUND_SPOOKYGROUND,255
33,11,56.7925,GROUND_SPOOKYGROUND,255
34,11,57.0337,GROUND_SPOOKYGROUND,255
35,11,57.1065,GROUND_SPOOKYGROUND,255
36,11,57.1622,GROUND_SPOOKYGROUND,255
37,11,56.7884,GROUND_SPOOKYGROUND,255
38,11,55.9213,GROUND_SPOOKYGROUND,255
39,11,55.3723,GROUND_SPOOKYGROUND,255
40,11,55.2144,GROUND_SPOOKYGROUND,255
41,11,55.0565,GROUND_SPOOKYGROUND,255
42,11,54.8986,GROUND_SPOOKYGROUND,255
43,11,54.7407,GROUND_SPOOKYGROUND,255
44,11,54.5828,GROUND_SPOOKYGROUND,255
45,11,54.4249,GROUND_SPOOKYGROUND,255
46,11,54.6013,GROUND_SPOOKYGROUND,255
47,11,54.7023,GROUND_SPOOKYGROUND,255
48,11,55.0624,GROUND_SPOOKYGROUND,255
49,11,55.6069,GROUND_SPOOKYGROUND,255
50,11,55.7235,GROUND_SPOOKYGROUND,255
51,11,55.8235,GROUND_SPOOKYGROUND,255
52,11,55.8321,GROUND_SPOOKYGROUND,255
53,11,55.2983,GROUND_SPOOKYGROUND,255
54,11,54.7836,GROUND_SPOOKYGROUND,255
55,11,54.4728,GROUND_SPOOKYGROUND,255
56,11,54.0624,GROUND_SPOOKYGROUND,255
57,11,53.973,GROUND_SPOOKYGROUND,255
58,11,53.8836,GROUND_SPOOKYGROUND,255
59,11,53.7942,GROUND_SPOOKYGROUND,255
60,11,53.7048,GROUND_SPOOKYGROUND,255
61,11,53.6155,GROUND_SPOOKYGROUND,255
62,11,53.5261,GROUND_SPOOKYGROUND,255
63,11,53.4367,GROUND_SPOOKYGROUND,255
64,11,50.7236,GROUND_SPOOKYTREES,255
0,12,50.6755,GROUND_SPOOKYGROUND,255
1,12,52.2286,GROUND_SPOOKYGROUND,255
2,12,52.8058,GROUND_SPOOKYGROUND,255
3,12,52.8532,GROUND_SPOOKYGROUND,255
4,12,52.9006,GROUND_SPOOKYGROUND,255
5,12,52.9481,GROUND_SPOOKYGROUND,255
6,12,52.9955,GROUND_SPOOKYGROUND,255
7,12,53.3063,GROUND_SPOOKYGROUND,255
8,12,53.8161,GROUND_SPOOKYGROUND,255
9,12,54.4119,GROUND_SPOOKYGROUND,255
10,12,54.9218,GROUND_SPOOKYGROUND,255
11,12,55.2326,GROUND_SPOOKYGROUND,255
12,12,55.28,GROUND_SPOOKYGROUND,255
13,12,55.2874,GROUND_SPOOKYGROUND,255
14,12,55.237,GROUND_SPOOKYGROUND,255
15,12,55.0445,GROUND_SPOOKYGROUND,255
16,12,54.7633,GROUND_SPOOKYGROUND,255
17,12,54.7195,GROUND_SPOOKYGROUND,255
18,12,54.8974,GROUND_SPOOKYGROUND,255
19,12,55.1361,GROUND_SPOOKYGROUND,255
20,12,55.6985,GROUND_SPOOKYGROUND,255
21,12,56.256,GROUND_SPOOKYGROUND,255
22,12,56.5893,GROUND_SPOOKYGROUND,255
23,12,56.976,GROUND_SPOOKYGROUND,255
24,12,57.1288,GROUND_SPOOKYGROUND,255
25,12,57.2007,GROUND_SPOOKYGROUND,255
26,12,57.2126,GROUND_SPOOKYGROUND,255
27,12,57.2246,GROUND_SPOOKYGROUND,255
28,12,57.2366,GROUND_SPOOKYGROUND,255
29,12,57.2486,GROUND_SPOOKYGROUND,255
30,12,57.2605,GROUND_SPOOKYGROUND,255
31,12,57.2725,GROUND_SPOOKYGROUND,255
32,12,57.2845,GROUND_SPOOKYGROUND,255
33,12,57.4082,GROUND_SPOOKYGROUND,255
34,12,57.6554,GROUND_SPOOKYGROUND,255
35,12,57.7829,GROUND_SPOOKYGROUND,255
36,12,57.6413,GROUND_SPOOKYGROUND,255
37,12,57.3539,GROUND_SPOOKYGROUND,255
38,12,56.5489,GROUND_SPOOKYGROUND,255
39,12,55.8829,GROUND_SPOOKYGROUND,255
40,12,55.725,GROUND_SPOOKYGROUND,255
41,12,55.5671,GROUND_SPOOKYGROUND,255
42,12,55.4092,GROUND_SPOOKYGROUND,255
43,12,55.2513,GROUND_SPOOKYGROUND,255
44,12,55.0934,GROUND_SPOOKYGROUND,255
45,12,55.274,GROUND_SPOOKYGROUND,255
46,12,55.4505,GROUND_SPOOKYGROUND,255
47,12,56.117,GROUND_SPOOKYGROUND,255
48,12,56.684,GROUND_SPOOKYGROUND,255
49,12,57.2276,GROUND_SPOOKYGROUND,255
50,12,57.3347,GROUND_SPOOKYGROUND,255
51,12,57.4235,GROUND_SPOOKYGROUND,255
52,12,57.4265,GROUND_SPOOKYGROUND,255
53,12,56.8839,GROUND_SPOOKYGROUND,255
54,12,56.1816,GROUND_SPOOKYGROUND,255
55,12,55.3,GROUND_SPOOKYGROUND,255
56,12,54.8863,GROUND_SPOOKYGROUND,255
57,12,54.4618,GROUND_SPOOKYGROUND,255
58,12,54.3724,GROUND_SPOOKYGROUND,255
59,12,54.283,GROUND_SPOOKYGROUND,255
60,12,54.1937,GROUND_SPOOKYGROUND,255
61,12,54.1043,GROUND_SPOOKYGROUND,255
62,12,54.0149,GROUND_SPOOKYGROUND,255
63,12,53.9255,GROUND_SPOOKYGROUND,255
64,12,50.7236,GROUND_SPOOKYTREES,255
0,13,51.2303,GROUND_SPOOKYGROUND,255
1,13,52.5984,GROUND_SPOOKYGROUND,255
2,13,53.2217,GROUND_SPOOKYGROUND,255
3,13,53.3258,GROUND_SPOOKYGROUND,255
4,13,53.3732,GROUND_SPOOKYGROUND,255
5,13,53.4207,GROUND_SPOOKYGROUND,255
6,13,53.4681,GROUND_SPOOKYGROUND,255
7,13,53.7789,GROUND_SPOOKYGROUND,255
8,13,54.2887,GROUND_SPOOKYGROUND,255
9,13,54.8846,GROUND_SPOOKYGROUND,255
10,13,55.3944,GROUND_SPOOKYGROUND,255
11,13,55.7052,GROUND_SPOOKYGROUND,255
12,13,55.7526,GROUND_SPOOKYGROUND,255
13,13,55.8,GROUND_SPOOKYGROUND,255
14,13,55.7597,GROUND_SPOOKYGROUND,255
15,13,55.639,GROUND_SPOOKYGROUND,255
16,13,55.6175,GROUND_SPOOKYGROUND,255
17,13,55.5489,GROUND_SPOOKYGROUND,255
18,13,55.899,GROUND_SPOOKYGROUND,255
19,13,56.3837,GROUND_SPOOKYGROUND,255
20,13,56.8752,GROUND_SPOOKYGROUND,255
21,13,57.1307,GROUND_SPOOKYGROUND,255
22,13,57.4587,GROUND_SPOOKYGROUND,255
23,13,57.6469,GROUND_SPOOKYGROUND,255
24,13,57.761,GROUND_SPOOKYGROUND,255
25,13,57.773,GROUND_SPOOKYGROUND,255
26,13,57.785,GROUND_SPOOKYGROUND,255
27,13,57.7969,GROUND_SPOOKYGROUND,255
28,13,57.8089,GROUND_SPOOKYGROUND,255
29,13,57.8209,GROUND_SPOOKYGROUND,255
30,13,57.8329,GROUND_SPOOKYGROUND,255
31,13,57.8448,GROUND_SPOOKYGROUND,255
32,13,57.9158,GROUND_SPOOKYGROUND,255
33,13,58.0639,GROUND_SPOOKYGROUND,255
34,13,58.33,GROUND_SPOOKYGROUND,255
35,13,58.3376,GROUND_SPOOKYGROUND,255
36,13,58.3159,GROUND_SPOOKYGROUND,255
37,13,57.8132,GROUND_SPOOKYGROUND,255
38,13,57.1684,GROUND_SPOOKYGROUND,255
39,13,56.6453,GROUND_SPOOKYGROUND,255
40,13,56.2356,GROUND_SPOOKYGROUND,255
41,13,56.0777,GROUND_SPOOKYGROUND,255
42,13,55.9198,GROUND_SPOOKYGROUND,255
43,13,55.7619,GROUND_SPOOKYGROUND,255
44,13,55.9324,GROUND_SPOOKYGROUND,255
45,13,56.1088,GROUND_SPOOKYGROUND,255
46,13,56.7506,GROUND_SPOOKYGROUND,255
47,13,57.7335,GROUND_SPOOKYGROUND,255
48,13,58.2718,GROUND_SPOOKYGROUND,255
49,13,58.6289,GROUND_SPOOKYGROUND,255
50,13,58.7771,GROUND_SPOOKYGROUND,255
51,13,58.8419,GROUND_SPOOKYGROUND,255
52,13,58.7801,GROUND_SPOOKYGROUND,255
53,13,58.4109,GROUND_SPOOKYGROUND,255
54,13,57.7672,GROUND_SPOOKYGROUND,255
55,13,56.581,GROUND_SPOOKYGROUND,255
56,13,55.6995,GROUND_SPOOKYGROUND,255
57,13,55.2716,GROUND_SPOOKYGROUND,255
58,13,54.8612,GROUND_SPOOKYGROUND,255
59,13,54.7718,GROUND_SPOOKYGROUND,255
60,13,54.6825,GROUND_SPOOKYGROUND,255
61,13,54.5931,GROUND_SPOOKYGROUND,255
62,13,54.5037,GROUND_SPOOKYGROUND,255
63,13,54.4143,GROUND_SPOOKYGROUND,255
64,13,50.7236,GROUND_SPOOKYTREES,255
0,14,51.6995,GROUND_SPOOKYGROUND,255
1,14,52.9272,GROUND_SPOOKYGROUND,255
2,14,53.6344,GROUND_SPOOKYGROUND,255
3,14,53.7984,GROUND_SPOOKYGROUND,255
4,14,53.8458,GROUND_SPOOKYGROUND,255
5,14,53.8933,GROUND_SPOOKYGROUND,255
6,14,53.9407,GROUND_SPOOKYGROUND,255
7,14,54.2515,GROUND_SPOOKYGROUND,255
8,14,54.7613,GROUND_SPOOKYGROUND,255
9,14,55.3572,GROUND_SPOOKYGROUND,255
10,14,55.867,GROUND_SPOOKYGROUND,255
11,14,56.1778,GROUND_SPOOKYGROUND,255
12,14,56.2252,GROUND_SPOOKYGROUND,255
13,14,56.2727,GROUND_SPOOKYGROUND,255
14,14,56.2711,GROUND_SPOOKYGROUND,255
15,14,56.1678,GROUND_SPOOKYGROUND,255
16,14,56.395,GROUND_SPOOKYGROUND,255
17,14,56.7317,GROUND_SPOOKYGROUND,255
18,14,57.1439,GROUND_SPOOKYGROUND,255
19,14,57.569,GROUND_SPOOKYGROUND,255
20,14,57.7538,GROUND_SPOOKYGROUND,255
21,14,57.9711,GROUND_SPOOKYGROUND,255
22,14,58.1606,GROUND_SPOOKYGROUND,255
23,14,58.2701,GROUND_SPOOKYGROUND,255
24,14,58.3334,GROUND_SPOOKYGROUND,255
25,14,58.3453,GROUND_SPOOKYGROUND,255
26,14,58.3573,GROUND_SPOOKYGROUND,255
27,14,58.3693,GROUND_SPOOKYGROUND,255
28,14,58.3813,GROUND_SPOOKYGROUND,255
29,14,58.3932,GROUND_SPOOKYGROUND,255
30,14,58.4052,GROUND_SPOOKYGROUND,255
31,14,58.4172,GROUND_SPOOKYGROUND,255
32,14,58.4967,GROUND_SPOOKYGROUND,255
33,14,58.7388,GROUND_SPOOKYGROUND,255
34,14,59,GROUND_SPOOKYGROUND,255
35,14,59.002,GROUND_SPOOKYGROUND,255
36,14,58.9148,GROUND_SPOOKYGROUND,255
37,14,58.4379,GROUND_SPOOKYGROUND,255
38,14,57.7812,GROUND_SPOOKYGROUND,255
39,14,57.1415,GROUND_SPOOKYGROUND,255
40,14,56.7462,GROUND_SPOOKYGROUND,255
41,14,56.5883,GROUND_SPOOKYGROUND,255
42,14,56.4304,GROUND_SPOOKYGROUND,255
43,14,56.5586,GROUND_SPOOKYGROUND,255
44,14,56.7155,GROUND_SPOOKYGROUND,255
45,14,57.4083,GROUND_SPOOKYGROUND,255
46,14,58.3634,GROUND_SPOOKYGROUND,255
47,14,59.056,GROUND_SPOOKYGROUND,255
48,14,59.282,GROUND_SPOOKYGROUND,255
49,14,59.456,GROUND_SPOOKYGROUND,255
50,14,59.6455,GROUND_SPOOKYGROUND,255
51,14,59.6789,GROUND_SPOOKYGROUND,255
52,14,59.6147,GROUND_SPOOKYGROUND,255
53,14,59.3584,GROUND_SPOOKYGROUND,255
54,14,58.6292,GROUND_SPOOKYGROUND,255
55,14,58.1666,GROUND_SPOOKYGROUND,255
56,14,56.9804,GROUND_SPOOKYGROUND,255
57,14,55.9818,GROUND_SPOOKYGROUND,255
58,14,55.6217,GROUND_SPOOKYGROUND,255
59,14,55.2606,GROUND_SPOOKYGROUND,255
60,14,55.1713,GROUND_SPOOKYGROUND,255
61,14,55.0819,GROUND_SPOOKYGROUND,255
62,14,54.9925,GROUND_SPOOKYGROUND,255
63,14,54.9031,GROUND_SPOOKYGROUND,255
64,14,50.7236,GROUND_SPOOKYTREES,255
0,15,52.0006,GROUND_SPOOKYGROUND,255
1,15,53.2969,GROUND_SPOOKYGROUND,255
2,15,54.0417,GROUND_SPOOKYGROUND,255
3,15,54.271,GROUND_SPOOKYGROUND,255
4,15,54.3185,GROUND_SPOOKYGROUND,255
5,15,54.3659,GROUND_SPOOKYGROUND,255
6,15,54.4133,GROUND_SPOOKYGROUND,255
7,15,54.7241,GROUND_SPOOKYGROUND,255
8,15,55.234,GROUND_SPOOKYGROUND,255
9,15,55.8298,GROUND_SPOOKYGROUND,255
10,15,56.3396,GROUND_SPOOKYGROUND,255
11,15,56.6504,GROUND_SPOOKYGROUND,255
12,15,56.6978,GROUND_SPOOKYGROUND,255
13,15,56.7453,GROUND_SPOOKYGROUND,255
14,15,56.7927,GROUND_SPOOKYGROUND,255
15,15,57.0187,GROUND_SPOOKYGROUND,255
16,15,57.329,GROUND_SPOOKYGROUND,255
17,15,57.7709,GROUND_SPOOKYGROUND,255
18,15,58.3761,GROUND_SPOOKYGROUND,255
19,15,58.4213,GROUND_SPOOKYGROUND,255
20,15,58.5909,GROUND_SPOOKYGROUND,255
21,15,58.7558,GROUND_SPOOKYGROUND,255
22,15,58.8247,GROUND_SPOOKYGROUND,255
23,15,58.8937,GROUND_SPOOKYGROUND,255
24,15,58.9057,GROUND_SPOOKYGROUND,255
25,15,58.9177,GROUND_SPOOKYGROUND,255
26,15,58.9296,GROUND_SPOOKYGROUND,255
27,15,58.9416,GROUND_SPOOKYGROUND,255
28,15,58.9536,GROUND_SPOOKYGROUND,255
29,15,58.9656,GROUND_SPOOKYGROUND,255
30,15,58.9775,GROUND_SPOOKYGROUND,255
31,15,58.9895,GROUND_SPOOKYGROUND,255
32,15,59.1313,GROUND_SPOOKYGROUND,255
33,15,59.356,GROUND_SPOOKYGROUND,255
34,15,59.6127,GROUND_SPOOKYGROUND,255
35,15,59.6107,GROUND_SPOOKYGROUND,255
36,15,59.4416,GROUND_SPOOKYGROUND,255
37,15,58.971,GROUND_SPOOKYGROUND,255
38,15,58.1989,GROUND_SPOOKYGROUND,255
39,15,57.6541,GROUND_SPOOKYGROUND,255
40,15,57.2568,GROUND_SPOOKYGROUND,255
41,15,57.0989,GROUND_SPOOKYGROUND,255
42,15,57.2056,GROUND_SPOOKYGROUND,255
43,15,57.3379,GROUND_SPOOKYGROUND,255
44,15,57.8349,GROUND_SPOOKYGROUND,255
45,15,58.7738,GROUND_SPOOKYGROUND,255
46,15,59.5293,GROUND_SPOOKYGROUND,255
47,15,59.8451,GROUND_SPOOKYGROUND,255
48,15,60.1965,GROUND_SPOOKYGROUND,255
49,15,60.3482,GROUND_SPOOKYGROUND,255
50,15,60.4238,GROUND_SPOOKYGROUND,255
51,15,60.4261,GROUND_SPOOKYGROUND,255
52,15,60.3751,GROUND_SPOOKYGROUND,255
53,15,60.0382,GROUND_SPOOKYGROUND,255
54,15,59.448,GROUND_SPOOKYGROUND,255
55,15,58.8381,GROUND_SPOOKYGROUND,255
56,15,58.0821,GROUND_SPOOKYGROUND,255
57,15,56.896,GROUND_SPOOKYGROUND,255
58,15,56.2538,GROUND_SPOOKYGROUND,255
59,15,55.7495,GROUND_SPOOKYGROUND,255
60,15,55.6601,GROUND_SPOOKYGROUND,255
61,15,55.3758,GROUND_SPOOKYGROUND,255
62,15,55.2214,GROUND_SPOOKYGROUND,255
63,15,55.0926,GROUND_SPOOKYGROUND,255
64,15,50.7236,GROUND_SPOOKYTREES,255
0,16,52.305,GROUND_SPOOKYGROUND,255
1,16,53.6878,GROUND_SPOOKYGROUND,255
2,16,54.4959,GROUND_SPOOKYGROUND,255
3,16,54.7436,GROUND_SPOOKYGROUND,255
4,16,54.7911,GROUND_SPOOKYGROUND,255
5,16,54.8385,GROUND_SPOOKYGROUND,255
6,16,54.8859,GROUND_SPOOKYGROUND,255
7,16,55.1967,GROUND_SPOOKYGROUND,255
8,16,55.7066,GROUND_SPOOKYGROUND,255
9,16,56.3024,GROUND_SPOOKYGROUND,255
10,16,56.8122,GROUND_SPOOKYGROUND,255
11,16,57.123,GROUND_SPOOKYGROUND,255
12,16,57.1705,GROUND_SPOOKYGROUND,255
13,16,57.2179,GROUND_SPOOKYGROUND,255
14,16,57.4958,GROUND_SPOOKYGROUND,255
15,16,57.7404,GROUND_SPOOKYGROUND,255
16,16,58.2651,GROUND_SPOOKYGROUND,255
17,16,58.7731,GROUND_SPOOKYGROUND,255
18,16,59.2097,GROUND_SPOOKYGROUND,255
19,16,59.2585,GROUND_SPOOKYGROUND,255
20,16,59.3507,GROUND_SPOOKYGROUND,255
21,16,59.392,GROUND_SPOOKYGROUND,255
22,16,59.4541,GROUND_SPOOKYGROUND,255
23,16,59.4661,GROUND_SPOOKYGROUND,255
24,16,59.478,GROUND_SPOOKYGROUND,255
25,16,59.49,GROUND_SPOOKYGROUND,255
26,16,59.502,GROUND_SPOOKYGROUND,255
27,16,59.514,GROUND_SPOOKYGROUND,255
28,16,59.5259,GROUND_SPOOKYGROUND,255
29,16,59.5379,GROUND_SPOOKYGROUND,255
30,16,59.5499,GROUND_SPOOKYGROUND,255
31,16,59.6183,GROUND_SPOOKYGROUND,255
32,16,59.788,GROUND_SPOOKYGROUND,255
33,16,59.9996,GROUND_SPOOKYGROUND,255
34,16,60.2662,GROUND_SPOOKYGROUND,255
35,16,60.1997,GROUND_SPOOKYGROUND,255
36,16,60.0383,GROUND_SPOOKYGROUND,255
37,16,59.405,GROUND_SPOOKYGROUND,255
38,16,58.7171,GROUND_SPOOKYGROUND,255
39,16,58.2057,GROUND_SPOOKYGROUND,255
40,16,58.0047,GROUND_SPOOKYGROUND,255
41,16,57.8652,GROUND_SPOOKYGROUND,255
42,16,57.8682,GROUND_SPOOKYGROUND,255
43,16,58.2536,GROUND_SPOOKYGROUND,255
44,16,59.1358,GROUND_SPOOKYGROUND,255
45,16,60.0687,GROUND_SPOOKYGROUND,255
46,16,60.4576,GROUND_SPOOKYGROUND,255
47,16,60.7082,GROUND_SPOOKYGROUND,255
48,16,60.7326,GROUND_SPOOKYGROUND,255
49,16,60.8718,GROUND_SPOOKYGROUND,255
50,16,60.9862,GROUND_SPOOKYGROUND,255
51,16,60.9533,GROUND_SPOOKYGROUND,255
52,16,60.864,GROUND_SPOOKYGROUND,255
53,16,60.589,GROUND_SPOOKYGROUND,255
54,16,60.2033,GROUND_SPOOKYGROUND,255
55,16,59.3923,GROUND_SPOOKYGROUND,255
56,16,58.6844,GROUND_SPOOKYGROUND,255
57,16,57.8686,GROUND_SPOOKYGROUND,255
58,16,56.7959,GROUND_SPOOKYGROUND,255
59,16,56.2383,GROUND_SPOOKYGROUND,255
60,16,55.944,GROUND_SPOOKYGROUND,255
61,16,55.6393,GROUND_SPOOKYGROUND,255
62,16,55.3217,GROUND_SPOOKYGROUND,255
63,16,55.1764,GROUND_SPOOKYGROUND,255
64,16,50.3618,GROUND_SPOOKYTREES,255
0,17,52.538,GROUND_SPOOKYGROUND,255
1,17,54.0169,GROUND_SPOOKYGROUND,255
2,17,54.9389,GROUND_SPOOKYGROUND,255
3,17,55.2163,GROUND_SPOOKYGROUND,255
4,17,55.2637,GROUND_SPOOKYGROUND,255
5,17,55.3111,GROUND_SPOOKYGROUND,255
6,17,55.3585,GROUND_SPOOKYGROUND,255
7,17,55.6986,GROUND_SPOOKYGROUND,255
8,17,56.1792,GROUND_SPOOKYGROUND,255
9,17,56.775,GROUND_SPOOKYGROUND,255
10,17,57.3141,GROUND_SPOOKYGROUND,255
11,17,57.5956,GROUND_SPOOKYGROUND,255
12,17,57.6431,GROUND_SPOOKYGROUND,255
13,17,57.6905,GROUND_SPOOKYGROUND,255
14,17,58.0879,GROUND_SPOOKYGROUND,255
15,17,58.7347,GROUND_SPOOKYGROUND,255
16,17,59.3153,GROUND_SPOOKYGROUND,255
17,17,59.5476,GROUND_SPOOKYGROUND,255
18,17,59.9146,GROUND_SPOOKYGROUND,255
19,17,59.9369,GROUND_SPOOKYGROUND,255
20,17,60.0025,GROUND_SPOOKYGROUND,255
21,17,60.0144,GROUND_SPOOKYGROUND,255
22,17,60.0264,GROUND_SPOOKYGROUND,255
23,17,60.0384,GROUND_SPOOKYGROUND,255
24,17,60.0504,GROUND_SPOOKYGROUND,255
25,17,60.0623,GROUND_SPOOKYGROUND,255
26,17,60.0743,GROUND_SPOOKYGROUND,255
27,17,60.0863,GROUND_SPOOKYGROUND,255
28,17,60.0983,GROUND_SPOOKYGROUND,255
29,17,60.1102,GROUND_SPOOKYGROUND,255
30,17,60.1222,GROUND_SPOOKYGROUND,255
31,17,60.2041,GROUND_SPOOKYGROUND,255
32,17,60.3776,GROUND_SPOOKYGROUND,255
33,17,60.7205,GROUND_SPOOKYGROUND,255
34,17,60.8642,GROUND_SPOOKYGROUND,255
35,17,60.9297,GROUND_SPOOKYGROUND,255
36,17,60.5997,GROUND_SPOOKYGROUND,255
37,17,60.0472,GROUND_SPOOKYGROUND,255
38,17,59.3979,GROUND_SPOOKYGROUND,255
39,17,58.8927,GROUND_SPOOKYGROUND,255
40,17,58.8017,GROUND_SPOOKYGROUND,255
41,17,58.9671,GROUND_SPOOKYGROUND,255
42,17,58.93,GROUND_SPOOKYGROUND,255
43,17,59.8043,GROUND_SPOOKYGROUND,255
44,17,60.6142,GROUND_SPOOKYGROUND,255
45,17,61.0047,GROUND_SPOOKYGROUND,255
46,17,61.0946,GROUND_SPOOKYGROUND,255
47,17,61.1727,GROUND_SPOOKYGROUND,255
48,17,61.3313,GROUND_SPOOKYGROUND,255
49,17,61.3954,GROUND_SPOOKYGROUND,255
50,17,61.5315,GROUND_SPOOKYGROUND,255
51,17,61.4421,GROUND_SPOOKYGROUND,255
52,17,61.3528,GROUND_SPOOKYGROUND,255
53,17,60.9274,GROUND_SPOOKYGROUND,255
54,17,60.5246,GROUND_SPOOKYGROUND,255
55,17,60.03,GROUND_SPOOKYGROUND,255
56,17,59.2517,GROUND_SPOOKYGROUND,255
57,17,58.3574,GROUND_SPOOKYGROUND,255
58,17,57.3432,GROUND_SPOOKYGROUND,255
59,17,56.7271,GROUND_SPOOKYGROUND,255
60,17,56.1538,GROUND_SPOOKYGROUND,255
61,17,55.6391,GROUND_SPOOKYGROUND,255
62,17,55.3437,GROUND_SPOOKYGROUND,255
63,17,55.1996,GROUND_SPOOKYGROUND,255
64,17,50.3618,GROUND_SPOOKYTREES,255
0,18,52.3763,GROUND_SPOOKYGROUND,255
1,18,54.2459,GROUND_SPOOKYGROUND,255
2,18,55.3352,GROUND_SPOOKYGROUND,255
3,18,55.6889,GROUND_SPOOKYGROUND,255
4,18,55.7363,GROUND_SPOOKYGROUND,255
5,18,55.7837,GROUND_SPOOKYGROUND,255
6,18,55.8311,GROUND_SPOOKYGROUND,255
7,18,56.2668,GROUND_SPOOKYGROUND,255
8,18,56.8937,GROUND_SPOOKYGROUND,255
9,18,57.4895,GROUND_SPOOKYGROUND,255
10,18,57.7992,GROUND_SPOOKYGROUND,255
11,18,58.0683,GROUND_SPOOKYGROUND,255
12,18,58.1157,GROUND_SPOOKYGROUND,255
13,18,58.3811,GROUND_SPOOKYGROUND,255
14,18,58.6944,GROUND_SPOOKYGROUND,255
15,18,59.2902,GROUND_SPOOKYGROUND,255
16,18,59.9208,GROUND_SPOOKYGROUND,255
17,18,60.2026,GROUND_SPOOKYGROUND,255
18,18,60.4968,GROUND_SPOOKYGROUND,255
19,18,60.5628,GROUND_SPOOKYGROUND,255
20,18,60.5748,GROUND_SPOOKYGROUND,255
21,18,60.5868,GROUND_SPOOKYGROUND,255
22,18,60.5988,GROUND_SPOOKYGROUND,255
23,18,60.6107,GROUND_SPOOKYGROUND,255
24,18,60.6227,GROUND_SPOOKYGROUND,255
25,18,60.6347,GROUND_SPOOKYGROUND,255
26,18,60.6467,GROUND_SPOOKYGROUND,255
27,18,60.6586,GROUND_SPOOKYGROUND,255
28,18,60.6706,GROUND_SPOOKYGROUND,255
29,18,60.6826,GROUND_SPOOKYGROUND,255
30,18,60.6946,GROUND_SPOOKYGROUND,255
31,18,60.8154,GROUND_SPOOKYGROUND,255
32,18,61.0566,GROUND_SPOOKYGROUND,255
33,18,61.3547,GROUND_SPOOKYGROUND,255
34,18,61.4881,GROUND_SPOOKYGROUND,255
35,18,61.5318,GROUND_SPOOKYGROUND,255
36,18,61.1865,GROUND_SPOOKYGROUND,255
37,18,60.6457,GROUND_SPOOKYGROUND,255
38,18,60.1122,GROUND_SPOOKYGROUND,255
39,18,59.9475,GROUND_SPOOKYGROUND,255
40,18,59.8642,GROUND_SPOOKYGROUND,255
41,18,60.0292,GROUND_SPOOKYGROUND,255
42,18,60.4728,GROUND_SPOOKYGROUND,255
43,18,61.1052,GROUND_SPOOKYGROUND,255
44,18,61.6732,GROUND_SPOOKYGROUND,255
45,18,61.7572,GROUND_SPOOKYGROUND,255
46,18,61.8412,GROUND_SPOOKYGROUND,255
47,18,61.6833,GROUND_SPOOKYGROUND,255
48,18,61.8356,GROUND_SPOOKYGROUND,255
49,18,61.9546,GROUND_SPOOKYGROUND,255
50,18,62.0203,GROUND_SPOOKYGROUND,255
51,18,61.931,GROUND_SPOOKYGROUND,255
52,18,61.6647,GROUND_SPOOKYGROUND,255
53,18,61.2284,GROUND_SPOOKYGROUND,255
54,18,60.7658,GROUND_SPOOKYGROUND,255
55,18,60.1901,GROUND_SPOOKYGROUND,255
56,18,59.4454,GROUND_SPOOKYGROUND,255
57,18,58.572,GROUND_SPOOKYGROUND,255
58,18,57.5069,GROUND_SPOOKYGROUND,255
59,18,56.6529,GROUND_SPOOKYGROUND,255
60,18,56.0942,GROUND_SPOOKYGROUND,255
61,18,55.7038,GROUND_SPOOKYGROUND,255
62,18,55.4129,GROUND_SPOOKYGROUND,255
63,18,55.2799,GROUND_SPOOKYGROUND,255
64,18,50.3618,GROUND_SPOOKYTREES,255
0,19,52.1925,GROUND_SPOOKYGROUND,255
1,19,54.3517,GROUND_SPOOKYGROUND,255
2,19,55.6312,GROUND_SPOOKYGROUND,255
3,19,56.095,GROUND_SPOOKYGROUND,255
4,19,56.2089,GROUND_SPOOKYGROUND,255
5,19,56.2563,GROUND_SPOOKYGROUND,255
6,19,56.5254,GROUND_SPOOKYGROUND,255
7,19,56.835,GROUND_SPOOKYGROUND,255
8,19,57.4309,GROUND_SPOOKYGROUND,255
9,19,58.0578,GROUND_SPOOKYGROUND,255
10,19,58.4934,GROUND_SPOOKYGROUND,255
11,19,58.5409,GROUND_SPOOKYGROUND,255
12,19,58.5883,GROUND_SPOOKYGROUND,255
13,19,58.8784,GROUND_SPOOKYGROUND,255
14,19,59.4089,GROUND_SPOOKYGROUND,255
15,19,60.0048,GROUND_SPOOKYGROUND,255
16,19,60.5039,GROUND_SPOOKYGROUND,255
17,19,60.8643,GROUND_SPOOKYGROUND,255
18,19,61.0062,GROUND_SPOOKYGROUND,255
19,19,61.0847,GROUND_SPOOKYGROUND,255
20,19,61.1471,GROUND_SPOOKYGROUND,255
21,19,61.1591,GROUND_SPOOKYGROUND,255
22,19,61.1711,GROUND_SPOOKYGROUND,255
23,19,61.1831,GROUND_SPOOKYGROUND,255
24,19,61.195,GROUND_SPOOKYGROUND,255
25,19,61.207,GROUND_SPOOKYGROUND,255
26,19,61.219,GROUND_SPOOKYGROUND,255
27,19,61.231,GROUND_SPOOKYGROUND,255
28,19,61.2429,GROUND_SPOOKYGROUND,255
29,19,61.2549,GROUND_SPOOKYGROUND,255
30,19,61.326,GROUND_SPOOKYGROUND,255
31,19,61.4976,GROUND_SPOOKYGROUND,255
32,19,61.8088,GROUND_SPOOKYGROUND,255
33,19,61.9876,GROUND_SPOOKYGROUND,255
34,19,62.1139,GROUND_SPOOKYGROUND,255
35,19,62.0887,GROUND_SPOOKYGROUND,255
36,19,61.9308,GROUND_SPOOKYGROUND,255
37,19,61.3459,GROUND_SPOOKYGROUND,255
38,19,60.9652,GROUND_SPOOKYGROUND,255
39,19,61.0466,GROUND_SPOOKYGROUND,255
40,19,60.9928,GROUND_SPOOKYGROUND,255
41,19,61.6728,GROUND_SPOOKYGROUND,255
42,19,62.244,GROUND_SPOOKYGROUND,255
43,19,62.8255,GROUND_SPOOKYGROUND,255
44,19,62.6676,GROUND_SPOOKYGROUND,255
45,19,62.5097,GROUND_SPOOKYGROUND,255
46,19,62.3518,GROUND_SPOOKYGROUND,255
47,19,62.3336,GROUND_SPOOKYGROUND,255
48,19,62.3737,GROUND_SPOOKYGROUND,255
49,19,62.4667,GROUND_SPOOKYGROUND,255
50,19,62.3926,GROUND_SPOOKYGROUND,255
51,19,62.2862,GROUND_SPOOKYGROUND,255
52,19,62.011,GROUND_SPOOKYGROUND,255
53,19,61.5886,GROUND_SPOOKYGROUND,255
54,19,60.9438,GROUND_SPOOKYGROUND,255
55,19,60.2956,GROUND_SPOOKYGROUND,255
56,19,59.3409,GROUND_SPOOKYGROUND,255
57,19,58.4814,GROUND_SPOOKYGROUND,255
58,19,57.519,GROUND_SPOOKYGROUND,255
59,19,56.7362,GROUND_SPOOKYGROUND,255
60,19,56.2044,GROUND_SPOOKYGROUND,255
61,19,55.8079,GROUND_SPOOKYGROUND,255
62,19,55.6291,GROUND_SPOOKYGROUND,255
63,19,55.5409,GROUND_SPOOKYGROUND,255
64,19,51.1151,GROUND_SPOOKYTREES,255
0,20,52.1565,GROUND_SPOOKYGROUND,255
1,20,54.4021,GROUND_SPOOKYGROUND,255
2,20,55.8415,GROUND_SPOOKYGROUND,255
3,20,56.2961,GROUND_SPOOKYGROUND,255
4,20,56.6815,GROUND_SPOOKYGROUND,255
5,20,56.7289,GROUND_SPOOKYGROUND,255
6,20,57.0105,GROUND_SPOOKYGROUND,255
7,20,57.5496,GROUND_SPOOKYGROUND,255
8,20,58.1454,GROUND_SPOOKYGROUND,255
9,20,58.626,GROUND_SPOOKYGROUND,255
10,20,58.9661,GROUND_SPOOKYGROUND,255
11,20,59.0135,GROUND_SPOOKYGROUND,255
12,20,59.0609,GROUND_SPOOKYGROUND,255
13,20,59.4617,GROUND_SPOOKYGROUND,255
14,20,59.9524,GROUND_SPOOKYGROUND,255
15,20,60.5482,GROUND_SPOOKYGROUND,255
16,20,61.0342,GROUND_SPOOKYGROUND,255
17,20,61.298,GROUND_SPOOKYGROUND,255
18,20,61.4536,GROUND_SPOOKYGROUND,255
19,20,61.6187,GROUND_SPOOKYGROUND,255
20,20,61.7195,GROUND_SPOOKYGROUND,255
21,20,61.7315,GROUND_SPOOKYGROUND,255
22,20,61.7434,GROUND_SPOOKYGROUND,255
23,20,61.7554,GROUND_SPOOKYGROUND,255
24,20,61.7674,GROUND_SPOOKYGROUND,255
25,20,61.7794,GROUND_SPOOKYGROUND,255
26,20,61.7913,GROUND_SPOOKYGROUND,255
27,20,61.8033,GROUND_SPOOKYGROUND,255
28,20,61.8153,GROUND_SPOOKYGROUND,255
29,20,61.8273,GROUND_SPOOKYGROUND,255
30,20,61.9437,GROUND_SPOOKYGROUND,255
31,20,62.1334,GROUND_SPOOKYGROUND,255
32,20,62.4269,GROUND_SPOOKYGROUND,255
33,20,62.6619,GROUND_SPOOKYGROUND,255
34,20,62.6949,GROUND_SPOOKYGROUND,255
35,20,62.5993,GROUND_SPOOKYGROUND,255
36,20,62.6931,GROUND_SPOOKYGROUND,255
37,20,62.1268,GROUND_SPOOKYGROUND,255
38,20,62.053,GROUND_SPOOKYGROUND,255
39,20,62.3736,GROUND_SPOOKYGROUND,255
40,20,62.8421,GROUND_SPOOKYGROUND,255
41,20,63.1929,GROUND_SPOOKYGROUND,255
42,20,63.7868,GROUND_SPOOKYGROUND,255
43,20,63.999,GROUND_SPOOKYGROUND,255
44,20,63.904,GROUND_SPOOKYGROUND,255
45,20,63.3501,GROUND_SPOOKYGROUND,255
46,20,63.1028,GROUND_SPOOKYGROUND,255
47,20,62.864,GROUND_SPOOKYGROUND,255
48,20,62.8941,GROUND_SPOOKYGROUND,255
49,20,62.9579,GROUND_SPOOKYGROUND,255
50,20,62.8781,GROUND_SPOOKYGROUND,255
51,20,62.6149,GROUND_SPOOKYGROUND,255
52,20,62.2547,GROUND_SPOOKYGROUND,255
53,20,61.637,GROUND_SPOOKYGROUND,255
54,20,60.9713,GROUND_SPOOKYGROUND,255
55,20,60.2716,GROUND_SPOOKYGROUND,255
56,20,59.2296,GROUND_SPOOKYGROUND,255
57,20,58.1688,GROUND_SPOOKYGROUND,255
58,20,57.3613,GROUND_SPOOKYGROUND,255
59,20,56.8707,GROUND_SPOOKYGROUND,255
60,20,56.3817,GROUND_SPOOKYGROUND,255
61,20,56.0147,GROUND_SPOOKYGROUND,255
62,20,55.9253,GROUND_SPOOKYGROUND,255
63,20,55.8775,GROUND_SPOOKYGROUND,255
64,20,50.6271,GROUND_SPOOKYTREES,255
0,21,52.3732,GROUND_SPOOKYGROUND,255
1,21,54.5335,GROUND_SPOOKYGROUND,255
2,21,56.0016,GROUND_SPOOKYGROUND,255
3,21,56.7796,GROUND_SPOOKYGROUND,255
4,21,57.0853,GROUND_SPOOKYGROUND,255
5,21,57.2015,GROUND_SPOOKYGROUND,255
6,21,57.249,GROUND_SPOOKYGROUND,255
7,21,58.0222,GROUND_SPOOKYGROUND,255
8,21,58.618,GROUND_SPOOKYGROUND,255
9,21,59.1278,GROUND_SPOOKYGROUND,255
10,21,59.4387,GROUND_SPOOKYGROUND,255
11,21,59.4861,GROUND_SPOOKYGROUND,255
12,21,59.7335,GROUND_SPOOKYGROUND,255
13,21,59.9477,GROUND_SPOOKYGROUND,255
14,21,60.6606,GROUND_SPOOKYGROUND,255
15,21,61.229,GROUND_SPOOKYGROUND,255
16,21,61.7232,GROUND_SPOOKYGROUND,255
17,21,61.7706,GROUND_SPOOKYGROUND,255
18,21,61.9385,GROUND_SPOOKYGROUND,255
19,21,62.1491,GROUND_SPOOKYGROUND,255
20,21,62.2918,GROUND_SPOOKYGROUND,255
21,21,62.3038,GROUND_SPOOKYGROUND,255
22,21,62.3158,GROUND_SPOOKYGROUND,255
23,21,62.3277,GROUND_SPOOKYGROUND,255
24,21,62.3397,GROUND_SPOOKYGROUND,255
25,21,62.3517,GROUND_SPOOKYGROUND,255
26,21,62.3637,GROUND_SPOOKYGROUND,255
27,21,62.3756,GROUND_SPOOKYGROUND,255
28,21,62.3876,GROUND_SPOOKYGROUND,255
29,21,62.3996,GROUND_SPOOKYGROUND,255
30,21,62.5045,GROUND_SPOOKYGROUND,255
31,21,62.7366,GROUND_SPOOKYGROUND,255
32,21,63.0824,GROUND_SPOOKYGROUND,255
33,21,63.2053,GROUND_SPOOKYGROUND,255
34,21,63.2138,GROUND_SPOOKYGROUND,255
35,21,63.34,GROUND_SPOOKYGROUND,255
36,21,63.311,GROUND_SPOOKYGROUND,255
37,21,63.7619,GROUND_SPOOKYGROUND,255
38,21,63.4213,GROUND_SPOOKYGROUND,255
39,21,63.4813,GROUND_SPOOKYGROUND,255
40,21,64.295,GROUND_SPOOKYGROUND,255
41,21,64.5868,GROUND_SPOOKYGROUND,255
42,21,65.0636,GROUND_SPOOKYGROUND,255
43,21,65.0485,GROUND_SPOOKYGROUND,255
44,21,64.963,GROUND_SPOOKYGROUND,255
45,21,64.2568,GROUND_SPOOKYGROUND,255
46,21,63.7845,GROUND_SPOOKYGROUND,255
47,21,63.4359,GROUND_SPOOKYGROUND,255
48,21,63.4696,GROUND_SPOOKYGROUND,255
49,21,63.4396,GROUND_SPOOKYGROUND,255
50,21,63.1998,GROUND_SPOOKYGROUND,255
51,21,62.8419,GROUND_SPOOKYGROUND,255
52,21,62.3752,GROUND_SPOOKYGROUND,255
53,21,61.5701,GROUND_SPOOKYGROUND,255
54,21,60.9081,GROUND_SPOOKYGROUND,255
55,21,59.7233,GROUND_SPOOKYGROUND,255
56,21,58.7428,GROUND_SPOOKYGROUND,255
57,21,58.1246,GROUND_SPOOKYGROUND,255
58,21,57.4414,GROUND_SPOOKYGROUND,255
59,21,56.9853,GROUND_SPOOKYGROUND,255
60,21,56.5929,GROUND_SPOOKYGROUND,255
61,21,56.5035,GROUND_SPOOKYGROUND,255
62,21,56.4141,GROUND_SPOOKYGROUND,255
63,21,56.3663,GROUND_SPOOKYGROUND,255
64,21,50.725,GROUND_SPOOKYTREES,255
0,22,52.9985,GROUND_SPOOKYGROUND,255
1,22,54.6621,GROUND_SPOOKYGROUND,255
2,22,56.162,GROUND_SPOOKYGROUND,255
3,22,57.0607,GROUND_SPOOKYGROUND,255
4,22,57.482,GROUND_SPOOKYGROUND,255
5,22,57.6742,GROUND_SPOOKYGROUND,255
6,22,57.7216,GROUND_SPOOKYGROUND,255
7,22,58.4948,GROUND_SPOOKYGROUND,255
8,22,59.0906,GROUND_SPOOKYGROUND,255
9,22,59.6005,GROUND_SPOOKYGROUND,255
10,22,59.9113,GROUND_SPOOKYGROUND,255
11,22,59.9587,GROUND_SPOOKYGROUND,255
12,22,60.2136,GROUND_SPOOKYGROUND,255
13,22,60.7794,GROUND_SPOOKYGROUND,255
14,22,61.3752,GROUND_SPOOKYGROUND,255
15,22,61.8557,GROUND_SPOOKYGROUND,255
16,22,62.1958,GROUND_SPOOKYGROUND,255
17,22,62.2867,GROUND_SPOOKYGROUND,255
18,22,62.4401,GROUND_SPOOKYGROUND,255
19,22,62.6925,GROUND_SPOOKYGROUND,255
20,22,62.8177,GROUND_SPOOKYGROUND,255
21,22,62.8761,GROUND_SPOOKYGROUND,255
22,22,62.8881,GROUND_SPOOKYGROUND,255
23,22,62.9001,GROUND_SPOOKYGROUND,255
24,22,62.9121,GROUND_SPOOKYGROUND,255
25,22,62.924,GROUND_SPOOKYGROUND,255
26,22,62.936,GROUND_SPOOKYGROUND,255
27,22,62.948,GROUND_SPOOKYGROUND,255
28,22,62.96,GROUND_SPOOKYGROUND,255
29,22,62.9719,GROUND_SPOOKYGROUND,255
30,22,63.1201,GROUND_SPOOKYGROUND,255
31,22,63.3116,GROUND_SPOOKYGROUND,255
32,22,63.6622,GROUND_SPOOKYGROUND,255
33,22,63.7886,GROUND_SPOOKYGROUND,255
34,22,63.7784,GROUND_SPOOKYGROUND,255
35,22,64.0608,GROUND_SPOOKYGROUND,255
36,22,64.4304,GROUND_SPOOKYGROUND,255
37,22,65.3047,GROUND_SPOOKYGROUND,255
38,22,65.1752,GROUND_SPOOKYGROUND,255
39,22,64.9889,GROUND_SPOOKYGROUND,255
40,22,65.5569,GROUND_SPOOKYGROUND,255
41,22,65.7761,GROUND_SPOOKYGROUND,255
42,22,66.0605,GROUND_SPOOKYGROUND,255
43,22,66.0736,GROUND_SPOOKYGROUND,255
44,22,65.8697,GROUND_SPOOKYGROUND,255
45,22,65.3158,GROUND_SPOOKYGROUND,255
46,22,64.6095,GROUND_SPOOKYGROUND,255
47,22,64.1805,GROUND_SPOOKYGROUND,255
48,22,63.9664,GROUND_SPOOKYGROUND,255
49,22,63.9032,GROUND_SPOOKYGROUND,255
50,22,63.5076,GROUND_SPOOKYGROUND,255
51,22,63.0188,GROUND_SPOOKYGROUND,255
52,22,62.3146,GROUND_SPOOKYGROUND,255
53,22,61.4865,GROUND_SPOOKYGROUND,255
54,22,60.5548,GROUND_SPOOKYGROUND,255
55,22,59.4953,GROUND_SPOOKYGROUND,255
56,22,58.6775,GROUND_SPOOKYGROUND,255
57,22,58.1148,GROUND_SPOOKYGROUND,255
58,22,57.6863,GROUND_SPOOKYGROUND,255
59,22,57.1711,GROUND_SPOOKYGROUND,255
60,22,57.0817,GROUND_SPOOKYGROUND,255
61,22,56.9923,GROUND_SPOOKYGROUND,255
62,22,56.9029,GROUND_SPOOKYGROUND,255
63,22,56.8615,GROUND_SPOOKYGROUND,255
64,22,51.9456,GROUND_SPOOKYTREES,255
0,23,52.7953,GROUND_SPOOKYGROUND,255
1,23,54.8912,GROUND_SPOOKYGROUND,255
2,23,56.3227,GROUND_SPOOKYGROUND,255
3,23,57.336,GROUND_SPOOKYGROUND,255
4,23,57.8626,GROUND_SPOOKYGROUND,255
5,23,58.0948,GROUND_SPOOKYGROUND,255
6,23,58.1942,GROUND_SPOOKYGROUND,255
7,23,58.9674,GROUND_SPOOKYGROUND,255
8,23,59.5632,GROUND_SPOOKYGROUND,255
9,23,60.0723,GROUND_SPOOKYGROUND,255
10,23,60.3839,GROUND_SPOOKYGROUND,255
11,23,60.4313,GROUND_SPOOKYGROUND,255
12,23,60.7421,GROUND_SPOOKYGROUND,255
13,23,61.252,GROUND_SPOOKYGROUND,255
14,23,61.8478,GROUND_SPOOKYGROUND,255
15,23,62.3576,GROUND_SPOOKYGROUND,255
16,23,62.6684,GROUND_SPOOKYGROUND,255
17,23,62.7718,GROUND_SPOOKYGROUND,255
18,23,62.9417,GROUND_SPOOKYGROUND,255
19,23,63.2358,GROUND_SPOOKYGROUND,255
20,23,63.4365,GROUND_SPOOKYGROUND,255
21,23,63.4485,GROUND_SPOOKYGROUND,255
22,23,63.4604,GROUND_SPOOKYGROUND,255
23,23,63.4724,GROUND_SPOOKYGROUND,255
24,23,63.4844,GROUND_SPOOKYGROUND,255
25,23,63.4964,GROUND_SPOOKYGROUND,255
26,23,63.5083,GROUND_SPOOKYGROUND,255
27,23,63.5203,GROUND_SPOOKYGROUND,255
28,23,63.5323,GROUND_SPOOKYGROUND,255
29,23,63.5443,GROUND_SPOOKYGROUND,255
30,23,63.6966,GROUND_SPOOKYGROUND,255
31,23,63.971,GROUND_SPOOKYGROUND,255
32,23,64.2737,GROUND_SPOOKYGROUND,255
33,23,64.3625,GROUND_SPOOKYGROUND,255
34,23,64.6481,GROUND_SPOOKYGROUND,255
35,23,64.8569,GROUND_SPOOKYGROUND,255
36,23,65.9733,GROUND_SPOOKYGROUND,255
37,23,66.8261,GROUND_SPOOKYGROUND,255
38,23,66.7711,GROUND_SPOOKYGROUND,255
39,23,66.8046,GROUND_SPOOKYGROUND,255
40,23,66.5513,GROUND_SPOOKYGROUND,255
41,23,66.6999,GROUND_SPOOKYGROUND,255
42,23,66.8506,GROUND_SPOOKYGROUND,255
43,23,66.868,GROUND_SPOOKYGROUND,255
44,23,66.7101,GROUND_SPOOKYGROUND,255
45,23,66.2224,GROUND_SPOOKYGROUND,255
46,23,65.6685,GROUND_SPOOKYGROUND,255
47,23,65.1671,GROUND_SPOOKYGROUND,255
48,23,64.6431,GROUND_SPOOKYGROUND,255
49,23,64.3847,GROUND_SPOOKYGROUND,255
50,23,63.7594,GROUND_SPOOKYGROUND,255
51,23,63.1008,GROUND_SPOOKYGROUND,255
52,23,62.2137,GROUND_SPOOKYGROUND,255
53,23,60.9317,GROUND_SPOOKYGROUND,255
54,23,60.1157,GROUND_SPOOKYGROUND,255
55,23,59.3687,GROUND_SPOOKYGROUND,255
56,23,58.8399,GROUND_SPOOKYGROUND,255
57,23,58.3322,GROUND_SPOOKYGROUND,255
58,23,57.8878,GROUND_SPOOKYGROUND,255
59,23,57.6599,GROUND_SPOOKYGROUND,255
60,23,57.5705,GROUND_SPOOKYGROUND,255
61,23,57.4811,GROUND_SPOOKYGROUND,255
62,23,57.3917,GROUND_SPOOKYGROUND,255
63,23,57.3439,GROUND_SPOOKYGROUND,255
64,23,52.2413,GROUND_SPOOKYTREES,255
0,24,52.6725,GROUND_SPOOKYGROUND,255
1,24,54.9217,GROUND_SPOOKYGROUND,255
2,24,56.5002,GROUND_SPOOKYGROUND,255
3,24,57.6048,GROUND_SPOOKYGROUND,255
4,24,58.2219,GROUND_SPOOKYGROUND,255
5,24,58.5101,GROUND_SPOOKYGROUND,255
6,24,58.6668,GROUND_SPOOKYGROUND,255
7,24,59.4206,GROUND_SPOOKYGROUND,255
8,24,60.0296,GROUND_SPOOKYGROUND,255
9,24,60.8091,GROUND_SPOOKYGROUND,255
10,24,60.8565,GROUND_SPOOKYGROUND,255
11,24,60.9039,GROUND_SPOOKYGROUND,255
12,24,61.2147,GROUND_SPOOKYGROUND,255
13,24,61.7246,GROUND_SPOOKYGROUND,255
14,24,62.3204,GROUND_SPOOKYGROUND,255
15,24,62.8302,GROUND_SPOOKYGROUND,255
16,24,63.141,GROUND_SPOOKYGROUND,255
17,24,63.2486,GROUND_SPOOKYGROUND,255
18,24,63.4423,GROUND_SPOOKYGROUND,255
19,24,63.7782,GROUND_SPOOKYGROUND,255
20,24,63.9455,GROUND_SPOOKYGROUND,255
21,24,64.0208,GROUND_SPOOKYGROUND,255
22,24,64.0328,GROUND_SPOOKYGROUND,255
23,24,64.0448,GROUND_SPOOKYGROUND,255
24,24,64.0567,GROUND_SPOOKYGROUND,255
25,24,64.0687,GROUND_SPOOKYGROUND,255
26,24,64.0807,GROUND_SPOOKYGROUND,255
27,24,64.0927,GROUND_SPOOKYGROUND,255
28,24,64.1046,GROUND_SPOOKYGROUND,255
29,24,64.181,GROUND_SPOOKYGROUND,255
30,24,64.3421,GROUND_SPOOKYGROUND,255
31,24,64.7017,GROUND_SPOOKYGROUND,255
32,24,64.9064,GROUND_SPOOKYGROUND,255
33,24,64.9576,GROUND_SPOOKYGROUND,255
34,24,65.3826,GROUND_SPOOKYGROUND,255
35,24,66.0934,GROUND_SPOOKYGROUND,255
36,24,67.2742,GROUND_SPOOKYGROUND,255
37,24,68.326,GROUND_SPOOKYGROUND,255
38,24,68.3317,GROUND_SPOOKYGROUND,255
39,24,68.4238,GROUND_SPOOKYGROUND,255
40,24,68.3261,GROUND_SPOOKYGROUND,255
41,24,67.9128,GROUND_SPOOKYGROUND,255
42,24,67.5365,GROUND_SPOOKYGROUND,255
43,24,67.3786,GROUND_SPOOKYGROUND,255
44,24,67.2207,GROUND_SPOOKYGROUND,255
45,24,66.8283,GROUND_SPOOKYGROUND,255
46,24,66.5359,GROUND_SPOOKYGROUND,255
47,24,65.9762,GROUND_SPOOKYGROUND,255
48,24,65.21,GROUND_SPOOKYGROUND,255
49,24,64.7396,GROUND_SPOOKYGROUND,255
50,24,63.9487,GROUND_SPOOKYGROUND,255
51,24,63.0701,GROUND_SPOOKYGROUND,255
52,24,62.0104,GROUND_SPOOKYGROUND,255
53,24,60.8476,GROUND_SPOOKYGROUND,255
54,24,60.0117,GROUND_SPOOKYGROUND,255
55,24,59.353,GROUND_SPOOKYGROUND,255
56,24,58.9255,GROUND_SPOOKYGROUND,255
57,24,58.4952,GROUND_SPOOKYGROUND,255
58,24,58.2381,GROUND_SPOOKYGROUND,255
59,24,58.1487,GROUND_SPOOKYGROUND,255
60,24,58.0593,GROUND_SPOOKYGROUND,255
61,24,57.9699,GROUND_SPOOKYGROUND,255
62,24,57.8805,GROUND_SPOOKYGROUND,255
63,24,57.8327,GROUND_SPOOKYGROUND,255
64,24,51.5726,GROUND_SPOOKYTREES,255
0,25,52.6165,GROUND_SPOOKYGROUND,255
1,25,54.8746,GROUND_SPOOKYGROUND,255
2,25,56.6303,GROUND_SPOOKYGROUND,255
3,25,57.8153,GROUND_SPOOKYGROUND,255
4,25,58.3325,GROUND_SPOOKYGROUND,255
5,25,58.8515,GROUND_SPOOKYGROUND,255
6,25,59.0305,GROUND_SPOOKYGROUND,255
7,25,59.8214,GROUND_SPOOKYGROUND,255
8,25,60.4582,GROUND_SPOOKYGROUND,255
9,25,61.2817,GROUND_SPOOKYGROUND,255
10,25,61.3291,GROUND_SPOOKYGROUND,255
11,25,61.3765,GROUND_SPOOKYGROUND,255
12,25,61.6874,GROUND_SPOOKYGROUND,255
13,25,62.1972,GROUND_SPOOKYGROUND,255
14,25,62.793,GROUND_SPOOKYGROUND,255
15,25,63.3028,GROUND_SPOOKYGROUND,255
16,25,63.6136,GROUND_SPOOKYGROUND,255
17,25,63.7297,GROUND_SPOOKYGROUND,255
18,25,63.9448,GROUND_SPOOKYGROUND,255
19,25,64.3225,GROUND_SPOOKYGROUND,255
20,25,64.5094,GROUND_SPOOKYGROUND,255
21,25,64.5931,GROUND_SPOOKYGROUND,255
22,25,64.6051,GROUND_SPOOKYGROUND,255
23,25,64.6171,GROUND_SPOOKYGROUND,255
24,25,64.6291,GROUND_SPOOKYGROUND,255
25,25,64.641,GROUND_SPOOKYGROUND,255
26,25,64.653,GROUND_SPOOKYGROUND,255
27,25,64.665,GROUND_SPOOKYGROUND,255
28,25,64.677,GROUND_SPOOKYGROUND,255
29,25,64.7398,GROUND_SPOOKYGROUND,255
30,25,65.0122,GROUND_SPOOKYGROUND,255
31,25,65.3339,GROUND_SPOOKYGROUND,255
32,25,65.532,GROUND_SPOOKYGROUND,255
33,25,66.0367,GROUND_SPOOKYGROUND,255
34,25,66.6142,GROUND_SPOOKYGROUND,255
35,25,67.7103,GROUND_SPOOKYGROUND,255
36,25,68.9945,GROUND_SPOOKYGROUND,255
37,25,69.5554,GROUND_SPOOKYGROUND,255
38,25,69.7881,GROUND_SPOOKYGROUND,255
39,25,69.5731,GROUND_SPOOKYGROUND,255
40,25,69.4116,GROUND_SPOOKYGROUND,255
41,25,69.2963,GROUND_SPOOKYGROUND,255
42,25,68.7993,GROUND_SPOOKYGROUND,255
43,25,67.8892,GROUND_SPOOKYGROUND,255
44,25,67.7313,GROUND_SPOOKYGROUND,255
45,25,67.3777,GROUND_SPOOKYGROUND,255
46,25,66.8937,GROUND_SPOOKYGROUND,255
47,25,66.2629,GROUND_SPOOKYGROUND,255
48,25,65.6483,GROUND_SPOOKYGROUND,255
49,25,64.786,GROUND_SPOOKYGROUND,255
50,25,63.9174,GROUND_SPOOKYGROUND,255
51,25,63.1022,GROUND_SPOOKYGROUND,255
52,25,61.7361,GROUND_SPOOKYGROUND,255
53,25,60.6749,GROUND_SPOOKYGROUND,255
54,25,60.0183,GROUND_SPOOKYGROUND,255
55,25,59.5178,GROUND_SPOOKYGROUND,255
56,25,59.0657,GROUND_SPOOKYGROUND,255
57,25,58.8163,GROUND_SPOOKYGROUND,255
58,25,58.7269,GROUND_SPOOKYGROUND,255
59,25,58.6375,GROUND_SPOOKYGROUND,255
60,25,58.5481,GROUND_SPOOKYGROUND,255
61,25,58.4587,GROUND_SPOOKYGROUND,255
62,25,58.3693,GROUND_SPOOKYGROUND,255
63,25,58.328,GROUND_SPOOKYGROUND,255
64,25,51.8431,GROUND_SPOOKYTREES,255
0,26,52.7095,GROUND_SPOOKYGROUND,255
1,26,55.0126,GROUND_SPOOKYGROUND,255
2,26,56.7185,GROUND_SPOOKYGROUND,255
3,26,57.9141,GROUND_SPOOKYGROUND,255
4,26,58.6398,GROUND_SPOOKYGROUND,255
5,26,58.9377,GROUND_SPOOKYGROUND,255
6,26,59.3031,GROUND_SPOOKYGROUND,255
7,26,60.127,GROUND_SPOOKYGROUND,255
8,26,60.7986,GROUND_SPOOKYGROUND,255
9,26,61.7133,GROUND_SPOOKYGROUND,255
10,26,61.8017,GROUND_SPOOKYGROUND,255
11,26,61.8491,GROUND_SPOOKYGROUND,255
12,26,62.16,GROUND_SPOOKYGROUND,255
13,26,62.6698,GROUND_SPOOKYGROUND,255
14,26,63.2656,GROUND_SPOOKYGROUND,255
15,26,63.7754,GROUND_SPOOKYGROUND,255
16,26,64.0863,GROUND_SPOOKYGROUND,255
17,26,64.2108,GROUND_SPOOKYGROUND,255
18,26,64.4464,GROUND_SPOOKYGROUND,255
19,26,64.8659,GROUND_SPOOKYGROUND,255
20,26,65.0734,GROUND_SPOOKYGROUND,255
21,26,65.1655,GROUND_SPOOKYGROUND,255
22,26,65.1774,GROUND_SPOOKYGROUND,255
23,26,65.1894,GROUND_SPOOKYGROUND,255
24,26,65.2014,GROUND_SPOOKYGROUND,255
25,26,65.2134,GROUND_SPOOKYGROUND,255
26,26,65.2253,GROUND_SPOOKYGROUND,255
27,26,65.2373,GROUND_SPOOKYGROUND,255
28,26,65.2493,GROUND_SPOOKYGROUND,255
29,26,65.3997,GROUND_SPOOKYGROUND,255
30,26,65.6701,GROUND_SPOOKYGROUND,255
31,26,66.4015,GROUND_SPOOKYGROUND,255
32,26,66.9736,GROUND_SPOOKYGROUND,255
33,26,67.419,GROUND_SPOOKYGROUND,255
34,26,68.3847,GROUND_SPOOKYGROUND,255
35,26,69.3565,GROUND_SPOOKYGROUND,255
36,26,70.2954,GROUND_SPOOKYGROUND,255
37,26,70.5335,GROUND_SPOOKYGROUND,255
38,26,70.7046,GROUND_SPOOKYGROUND,255
39,26,70.6933,GROUND_SPOOKYGROUND,255
40,26,70.5109,GROUND_SPOOKYGROUND,255
41,26,70.1924,GROUND_SPOOKYGROUND,255
42,26,69.5728,GROUND_SPOOKYGROUND,255
43,26,68.8065,GROUND_SPOOKYGROUND,255
44,26,68.1005,GROUND_SPOOKYGROUND,255
45,26,67.7147,GROUND_SPOOKYGROUND,255
46,26,67.1547,GROUND_SPOOKYGROUND,255
47,26,66.5651,GROUND_SPOOKYGROUND,255
48,26,65.7827,GROUND_SPOOKYGROUND,255
49,26,64.7812,GROUND_SPOOKYGROUND,255
50,26,63.9308,GROUND_SPOOKYGROUND,255
51,26,63.0298,GROUND_SPOOKYGROUND,255
52,26,61.6019,GROUND_SPOOKYGROUND,255
53,26,60.823,GROUND_SPOOKYGROUND,255
54,26,60.1271,GROUND_SPOOKYGROUND,255
55,26,59.6567,GROUND_SPOOKYGROUND,255
56,26,59.3945,GROUND_SPOOKYGROUND,255
57,26,59.3051,GROUND_SPOOKYGROUND,255
58,26,59.2157,GROUND_SPOOKYGROUND,255
59,26,59.1263,GROUND_SPOOKYGROUND,255
60,26,59.0369,GROUND_SPOOKYGROUND,255
61,26,58.9475,GROUND_SPOOKYGROUND,255
62,26,58.8582,GROUND_SPOOKYGROUND,255
63,26,58.8103,GROUND_SPOOKYGROUND,255
64,26,52.8451,GROUND_SPOOKYTREES,255
0,27,52.4829,GROUND_SPOOKYGROUND,255
1,27,54.9826,GROUND_SPOOKYGROUND,255
2,27,56.7909,GROUND_SPOOKYGROUND,255
3,27,57.9044,GROUND_SPOOKYGROUND,255
4,27,58.6295,GROUND_SPOOKYGROUND,255
5,27,59.1,GROUND_SPOOKYGROUND,255
6,27,59.3351,GROUND_SPOOKYGROUND,255
7,27,60.2192,GROUND_SPOOKYGROUND,255
8,27,60.9277,GROUND_SPOOKYGROUND,255
9,27,61.8617,GROUND_SPOOKYGROUND,255
10,27,62.0767,GROUND_SPOOKYGROUND,255
11,27,62.3217,GROUND_SPOOKYGROUND,255
12,27,62.6169,GROUND_SPOOKYGROUND,255
13,27,63.1424,GROUND_SPOOKYGROUND,255
14,27,63.7382,GROUND_SPOOKYGROUND,255
15,27,64.2481,GROUND_SPOOKYGROUND,255
16,27,64.5589,GROUND_SPOOKYGROUND,255
17,27,64.6918,GROUND_SPOOKYGROUND,255
18,27,64.948,GROUND_SPOOKYGROUND,255
19,27,65.3311,GROUND_SPOOKYGROUND,255
20,27,65.6373,GROUND_SPOOKYGROUND,255
21,27,65.7378,GROUND_SPOOKYGROUND,255
22,27,65.7498,GROUND_SPOOKYGROUND,255
23,27,65.7618,GROUND_SPOOKYGROUND,255
24,27,65.7737,GROUND_SPOOKYGROUND,255
25,27,65.7857,GROUND_SPOOKYGROUND,255
26,27,65.7977,GROUND_SPOOKYGROUND,255
27,27,65.8097,GROUND_SPOOKYGROUND,255
28,27,65.8852,GROUND_SPOOKYGROUND,255
29,27,66.4217,GROUND_SPOOKYGROUND,255
30,27,67.0573,GROUND_SPOOKYGROUND,255
31,27,67.8039,GROUND_SPOOKYGROUND,255
32,27,68.6473,GROUND_SPOOKYGROUND,255
33,27,69.0378,GROUND_SPOOKYGROUND,255
34,27,70.3315,GROUND_SPOOKYGROUND,255
35,27,70.722,GROUND_SPOOKYGROUND,255
36,27,71.327,GROUND_SPOOKYGROUND,255
37,27,71.5706,GROUND_SPOOKYGROUND,255
38,27,71.4672,GROUND_SPOOKYGROUND,255
39,27,71.3447,GROUND_SPOOKYGROUND,255
40,27,71.1714,GROUND_SPOOKYGROUND,255
41,27,70.9604,GROUND_SPOOKYGROUND,255
42,27,70.5149,GROUND_SPOOKYGROUND,255
43,27,69.672,GROUND_SPOOKYGROUND,255
44,27,68.6878,GROUND_SPOOKYGROUND,255
45,27,67.8204,GROUND_SPOOKYGROUND,255
46,27,67.2583,GROUND_SPOOKYGROUND,255
47,27,66.4351,GROUND_SPOOKYGROUND,255
48,27,65.7262,GROUND_SPOOKYGROUND,255
49,27,64.509,GROUND_SPOOKYGROUND,255
50,27,63.6508,GROUND_SPOOKYGROUND,255
51,27,62.7179,GROUND_SPOOKYGROUND,255
52,27,61.6874,GROUND_SPOOKYGROUND,255
53,27,60.9903,GROUND_SPOOKYGROUND,255
54,27,60.378,GROUND_SPOOKYGROUND,255
55,27,59.9727,GROUND_SPOOKYGROUND,255
56,27,59.8833,GROUND_SPOOKYGROUND,255
57,27,59.7939,GROUND_SPOOKYGROUND,255
58,27,59.7045,GROUND_SPOOKYGROUND,255
59,27,59.6151,GROUND_SPOOKYGROUND,255
60,27,59.5257,GROUND_SPOOKYGROUND,255
61,27,59.3949,GROUND_SPOOKYGROUND,255
62,27,59.3084,GROUND_SPOOKYGROUND,255
63,27,59.2612,GROUND_SPOOKYGROUND,255
64,27,52.2416,GROUND_SPOOKYTREES,255
0,28,52.5062,GROUND_SPOOKYGROUND,255
1,28,55.7858,GROUND_SPOOKYGROUND,255
2,28,56.9782,GROUND_SPOOKYGROUND,255
3,28,57.8541,GROUND_SPOOKYGROUND,255
4,28,58.5175,GROUND_SPOOKYGROUND,255
5,28,59.0058,GROUND_SPOOKYGROUND,255
6,28,59.3837,GROUND_SPOOKYGROUND,255
7,28,60.1554,GROUND_SPOOKYGROUND,255
8,28,61.2169,GROUND_SPOOKYGROUND,255
9,28,61.9945,GROUND_SPOOKYGROUND,255
10,28,62.3618,GROUND_SPOOKYGROUND,255
11,28,62.677,GROUND_SPOOKYGROUND,255
12,28,63.0398,GROUND_SPOOKYGROUND,255
13,28,63.6029,GROUND_SPOOKYGROUND,255
14,28,64.2108,GROUND_SPOOKYGROUND,255
15,28,64.719,GROUND_SPOOKYGROUND,255
16,28,65.0315,GROUND_SPOOKYGROUND,255
17,28,65.1605,GROUND_SPOOKYGROUND,255
18,28,65.4496,GROUND_SPOOKYGROUND,255
19,28,65.8699,GROUND_SPOOKYGROUND,255
20,28,66.1176,GROUND_SPOOKYGROUND,255
21,28,66.2505,GROUND_SPOOKYGROUND,255
22,28,66.3221,GROUND_SPOOKYGROUND,255
23,28,66.3341,GROUND_SPOOKYGROUND,255
24,28,66.3461,GROUND_SPOOKYGROUND,255
25,28,66.358,GROUND_SPOOKYGROUND,255
26,28,66.37,GROUND_SPOOKYGROUND,255
27,28,66.382,GROUND_SPOOKYGROUND,255
28,28,66.8713,GROUND_SPOOKYGROUND,255
29,28,67.4732,GROUND_SPOOKYGROUND,255
30,28,68.247,GROUND_SPOOKYGROUND,255
31,28,69.2005,GROUND_SPOOKYGROUND,255
32,28,70.143,GROUND_SPOOKYGROUND,255
33,28,71,GROUND_SPOOKYGROUND,255
34,28,71.5679,GROUND_SPOOKYGROUND,255
35,28,71.9584,GROUND_SPOOKYGROUND,255
36,28,72.1796,GROUND_SPOOKYGROUND,255
37,28,72.3684,GROUND_SPOOKYGROUND,255
38,28,72.2105,GROUND_SPOOKYGROUND,255
39,28,72.0526,GROUND_SPOOKYGROUND,255
40,28,71.8947,GROUND_SPOOKYGROUND,255
41,28,71.4683,GROUND_SPOOKYGROUND,255
42,28,70.8099,GROUND_SPOOKYGROUND,255
43,28,70.2546,GROUND_SPOOKYGROUND,255
44,28,69.2082,GROUND_SPOOKYGROUND,255
45,28,68.0032,GROUND_SPOOKYGROUND,255
46,28,67.173,GROUND_SPOOKYGROUND,255
47,28,66.3996,GROUND_SPOOKYGROUND,255
48,28,65.3596,GROUND_SPOOKYGROUND,255
49,28,64.3293,GROUND_SPOOKYGROUND,255
50,28,63.4091,GROUND_SPOOKYGROUND,255
51,28,62.3516,GROUND_SPOOKYGROUND,255
52,28,61.7,GROUND_SPOOKYGROUND,255
53,28,61.1112,GROUND_SPOOKYGROUND,255
54,28,60.7405,GROUND_SPOOKYGROUND,255
55,28,60.4615,GROUND_SPOOKYGROUND,255
56,28,60.3721,GROUND_SPOOKYGROUND,255
57,28,60.2827,GROUND_SPOOKYGROUND,255
58,28,60.1933,GROUND_SPOOKYGROUND,255
59,28,60.1039,GROUND_SPOOKYGROUND,255
60,28,59.9209,GROUND_SPOOKYGROUND,255
61,28,59.7478,GROUND_SPOOKYGROUND,255
62,28,59.595,GROUND_SPOOKYGROUND,255
63,28,59.5174,GROUND_SPOOKYGROUND,255
64,28,52.4827,GROUND_SPOOKYTREES,255
0,29,57,GROUND_SPOOKYGROUND,255
1,29,56.4289,GROUND_SPOOKYGROUND,255
2,29,57.1848,GROUND_SPOOKYTREES,255
3,29,57.7724,GROUND_SPOOKYTREES,255
4,29,58.3167,GROUND_SPOOKYTREES,255
5,29,58.7924,GROUND_SPOOKYTREES,255
6,29,59.2195,GROUND_SPOOKYTREES,255
7,29,59.6249,GROUND_SPOOKYGROUND,255
8,29,61.0113,GROUND_SPOOKYGROUND,255
9,29,61.9331,GROUND_SPOOKYGROUND,255
10,29,62.4889,GROUND_SPOOKYGROUND,255
11,29,63.0121,GROUND_SPOOKYGROUND,255
12,29,63.4113,GROUND_SPOOKYGROUND,255
13,29,64.0317,GROUND_SPOOKYGROUND,255
14,29,64.6698,GROUND_SPOOKYGROUND,255
15,29,65.1853,GROUND_SPOOKYGROUND,255
16,29,65.5041,GROUND_SPOOKYGROUND,255
17,29,65.6589,GROUND_SPOOKYGROUND,255
18,29,65.8851,GROUND_SPOOKYGROUND,255
19,29,66.3003,GROUND_SPOOKYGROUND,255
20,29,66.5963,GROUND_SPOOKYGROUND,255
21,29,66.8099,GROUND_SPOOKYGROUND,255
22,29,66.8945,GROUND_SPOOKYGROUND,255
23,29,66.9064,GROUND_SPOOKYGROUND,255
24,29,66.9184,GROUND_SPOOKYGROUND,255
25,29,66.9304,GROUND_SPOOKYGROUND,255
26,29,66.9424,GROUND_SPOOKYGROUND,255
27,29,67.292,GROUND_SPOOKYGROUND,255
28,29,67.8349,GROUND_SPOOKYGROUND,255
29,29,68.6882,GROUND_SPOOKYGROUND,255
30,29,69.6766,GROUND_SPOOKYGROUND,255
31,29,70.9871,GROUND_SPOOKYGROUND,255
32,29,71.6685,GROUND_SPOOKYGROUND,255
33,29,72.6626,GROUND_SPOOKYGROUND,255
34,29,72.8698,GROUND_SPOOKYGROUND,255
35,29,73.1948,GROUND_SPOOKYGROUND,255
36,29,73.0369,GROUND_SPOOKYGROUND,255
37,29,72.879,GROUND_SPOOKYGROUND,255
38,29,72.7211,GROUND_SPOOKYGROUND,255
39,29,72.5632,GROUND_SPOOKYGROUND,255
40,29,72.2613,GROUND_SPOOKYGROUND,255
41,29,71.8555,GROUND_SPOOKYGROUND,255
42,29,71.2115,GROUND_SPOOKYGROUND,255
43,29,70.4719,GROUND_SPOOKYGROUND,255
44,29,69.5414,GROUND_SPOOKYGROUND,255
45,29,68.3495,GROUND_SPOOKYGROUND,255
46,29,67.0421,GROUND_SPOOKYGROUND,255
47,29,65.8869,GROUND_SPOOKYGROUND,255
48,29,65.0553,GROUND_SPOOKYGROUND,255
49,29,64.3768,GROUND_SPOOKYGROUND,255
50,29,63.1021,GROUND_SPOOKYGROUND,255
51,29,62.4485,GROUND_SPOOKYGROUND,255
52,29,61.8435,GROUND_SPOOKYGROUND,255
53,29,61.4529,GROUND_SPOOKYGROUND,255
54,29,61.0396,GROUND_SPOOKYGROUND,255
55,29,60.9503,GROUND_SPOOKYGROUND,255
56,29,60.8609,GROUND_SPOOKYGROUND,255
57,29,60.7715,GROUND_SPOOKYGROUND,255
58,29,60.6821,GROUND_SPOOKYGROUND,255
59,29,60.5039,GROUND_SPOOKYGROUND,255
60,29,60.2828,GROUND_SPOOKYGROUND,255
61,29,59.9645,GROUND_SPOOKYGROUND,255
62,29,59.7006,GROUND_SPOOKYGROUND,255
63,29,59.4966,GROUND_SPOOKYGROUND,255
64,29,52.5731,GROUND_SPOOKYTREES,255
0,30,57,GROUND_SPOOKYGROUND,255
1,30,57.0481,GROUND_SPOOKYTREES,255
2,30,57.2966,GROUND_SPOOKYTREES,255
3,30,57.6399,GROUND_SPOOKYTREES,255
4,30,58.0576,GROUND_SPOOKYTREES,255
5,30,58.4497,GROUND_SPOOKYTREES,255
6,30,58.9754,GROUND_SPOOKYTREES,255
7,30,59.4653,GROUND_SPOOKYTREES,255
8,30,60.8734,GROUND_SPOOKYGROUND,255
9,30,61.8987,GROUND_SPOOKYGROUND,255
10,30,62.6154,GROUND_SPOOKYGROUND,255
11,30,63.2206,GROUND_SPOOKYGROUND,255
12,30,63.7151,GROUND_SPOOKYGROUND,255
13,30,64.4196,GROUND_SPOOKYGROUND,255
14,30,65.104,GROUND_SPOOKYGROUND,255
15,30,65.5804,GROUND_SPOOKYGROUND,255
16,30,65.9767,GROUND_SPOOKYGROUND,255
17,30,66.133,GROUND_SPOOKYGROUND,255
18,30,66.3391,GROUND_SPOOKYGROUND,255
19,30,66.6739,GROUND_SPOOKYGROUND,255
20,30,67.1062,GROUND_SPOOKYGROUND,255
21,30,67.3181,GROUND_SPOOKYGROUND,255
22,30,67.4668,GROUND_SPOOKYGROUND,255
23,30,67.4788,GROUND_SPOOKYGROUND,255
24,30,67.4908,GROUND_SPOOKYGROUND,255
25,30,67.5027,GROUND_SPOOKYGROUND,255
26,30,67.7798,GROUND_SPOOKYGROUND,255
27,30,68.0797,GROUND_SPOOKYGROUND,255
28,30,68.8094,GROUND_SPOOKYGROUND,255
29,30,70.0771,GROUND_SPOOKYGROUND,255
30,30,71.4364,GROUND_SPOOKYGROUND,255
31,30,72.337,GROUND_SPOOKYGROUND,255
32,30,73.2151,GROUND_SPOOKYGROUND,255
33,30,74.0583,GROUND_SPOOKYGROUND,255
34,30,74.226,GROUND_SPOOKYGROUND,255
35,30,74.1785,GROUND_SPOOKYGROUND,255
36,30,73.9796,GROUND_SPOOKYGROUND,255
37,30,73.7193,GROUND_SPOOKYGROUND,255
38,30,73.2317,GROUND_SPOOKYGROUND,255
39,30,72.8611,GROUND_SPOOKYGROUND,255
40,30,72.4747,GROUND_SPOOKYGROUND,255
41,30,72.0103,GROUND_SPOOKYGROUND,255
42,30,71.4563,GROUND_SPOOKYGROUND,255
43,30,70.5065,GROUND_SPOOKYGROUND,255
44,30,69.5636,GROUND_SPOOKYGROUND,255
45,30,68.5155,GROUND_SPOOKYGROUND,255
46,30,66.8897,GROUND_SPOOKYGROUND,255
47,30,65.747,GROUND_SPOOKYGROUND,255
48,30,65.0045,GROUND_SPOOKYGROUND,255
49,30,64.069,GROUND_SPOOKYGROUND,255
50,30,63.1187,GROUND_SPOOKYGROUND,255
51,30,62.5369,GROUND_SPOOKYGROUND,255
52,30,62.0863,GROUND_SPOOKYGROUND,255
53,30,61.7799,GROUND_SPOOKYGROUND,255
54,30,61.5285,GROUND_SPOOKYGROUND,255
55,30,61.4391,GROUND_SPOOKYGROUND,255
56,30,61.3497,GROUND_SPOOKYGROUND,255
57,30,61.2603,GROUND_SPOOKYGROUND,255
58,30,61.1277,GROUND_SPOOKYGROUND,255
59,30,60.8601,GROUND_SPOOKYGROUND,255
60,30,60.5091,GROUND_SPOOKYGROUND,255
61,30,60.0925,GROUND_SPOOKYGROUND,255
62,30,59.4859,GROUND_SPOOKYGROUND,255
63,30,59.1728,GROUND_SPOOKYGROUND,255
64,30,52.2221,GROUND_SPOOKYTREES,255
0,31,57,GROUND_SPOOKYGROUND,255
1,31,57.1917,GROUND_SPOOKYTREES,255
2,31,57.3439,GROUND_SPOOKYTREES,255
3,31,57.5477,GROUND_SPOOKYTREES,255
4,31,57.8144,GROUND_SPOOKYTREES,255
5,31,58.169,GROUND_SPOOKYTREES,255
6,31,58.5828,GROUND_SPOOKYTREES,255
7,31,59.1291,GROUND_SPOOKYTREES,255
8,31,60.2239,GROUND_SPOOKYTREES,255
9,31,61.3556,GROUND_SPOOKYGROUND,255
10,31,62.4749,GROUND_SPOOKYGROUND,255
11,31,63.1768,GROUND_SPOOKYGROUND,255
12,31,63.794,GROUND_SPOOKYGROUND,255
13,31,64.5131,GROUND_SPOOKYGROUND,255
14,31,65.2631,GROUND_SPOOKYGROUND,255
15,31,65.8809,GROUND_SPOOKYGROUND,255
16,31,66.2646,GROUND_SPOOKYGROUND,255
17,31,66.6017,GROUND_SPOOKYGROUND,255
18,31,66.8022,GROUND_SPOOKYGROUND,255
19,31,67.1396,GROUND_SPOOKYGROUND,255
20,31,67.6049,GROUND_SPOOKYGROUND,255
21,31,67.8899,GROUND_SPOOKYGROUND,255
22,31,68.0391,GROUND_SPOOKYGROUND,255
23,31,68.0511,GROUND_SPOOKYGROUND,255
24,31,68.0631,GROUND_SPOOKYGROUND,255
25,31,68.3162,GROUND_SPOOKYGROUND,255
26,31,68.5455,GROUND_SPOOKYGROUND,255
27,31,69.4688,GROUND_SPOOKYGROUND,255
28,31,70.3666,GROUND_SPOOKYGROUND,255
29,31,71.9062,GROUND_SPOOKYGROUND,255
30,31,72.9478,GROUND_SPOOKYGROUND,255
31,31,73.8658,GROUND_SPOOKYGROUND,255
32,31,74.8453,GROUND_SPOOKYTREES,255
33,31,75.1664,GROUND_SPOOKYTREES,255
34,31,74.987,GROUND_SPOOKYTREES,255
35,31,74.9121,GROUND_SPOOKYTREES,255
36,31,74.709,GROUND_SPOOKYTREES,255
37,31,74.2988,GROUND_SPOOKYTREES,255
38,31,73.7423,GROUND_SPOOKYGROUND,255
39,31,73.036,GROUND_SPOOKYGROUND,255
40,31,72.5955,GROUND_SPOOKYGROUND,255
41,31,72.0687,GROUND_SPOOKYGROUND,255
42,31,71.4042,GROUND_SPOOKYGROUND,255
43,31,70.681,GROUND_SPOOKYGROUND,255
44,31,69.6565,GROUND_SPOOKYGROUND,255
45,31,68.4483,GROUND_SPOOKYGROUND,255
46,31,67.0374,GROUND_SPOOKYGROUND,255
47,31,65.5592,GROUND_SPOOKYGROUND,255
48,31,64.762,GROUND_SPOOKYGROUND,255
49,31,63.7926,GROUND_SPOOKYGROUND,255
50,31,63.1888,GROUND_SPOOKYGROUND,255
51,31,62.7067,GROUND_SPOOKYGROUND,255
52,31,62.3754,GROUND_SPOOKYGROUND,255
53,31,62.1066,GROUND_SPOOKYGROUND,255
54,31,62.0173,GROUND_SPOOKYGROUND,255
55,31,61.9279,GROUND_SPOOKYGROUND,255
56,31,61.8385,GROUND_SPOOKYGROUND,255
57,31,61.7491,GROUND_SPOOKYGROUND,255
58,31,61.526,GROUND_SPOOKYGROUND,255
59,31,61.2444,GROUND_SPOOKYGROUND,255
60,31,60.7785,GROUND_SPOOKYGROUND,255
61,31,60.047,GROUND_SPOOKYGROUND,255
62,31,59.1221,GROUND_SPOOKYGROUND,255
63,31,57.3534,GROUND_SPOOKYGROUND,255
64,31,51.4795,GROUND_SPOOKYTREES,255
0,32,57.3003,GROUND_SPOOKYGROUND,255
1,32,57.3217,GROUND_SPOOKYTREES,255
2,32,57.3917,GROUND_SPOOKYTREES,255
3,32,57.4775,GROUND_SPOOKYTREES,255
4,32,57.6377,GROUND_SPOOKYTREES,255
5,32,57.9151,GROUND_SPOOKYTREES,255
6,32,58.3259,GROUND_SPOOKYTREES,255
7,32,58.8218,GROUND_SPOOKYTREES,255
8,32,59.9024,GROUND_SPOOKYTREES,255
9,32,61.1663,GROUND_SPOOKYTREES,255
10,32,62.3643,GROUND_SPOOKYGROUND,255
11,32,63.1847,GROUND_SPOOKYGROUND,255
12,32,63.9948,GROUND_SPOOKYGROUND,255
13,32,64.6489,GROUND_SPOOKYGROUND,255
14,32,65.343,GROUND_SPOOKYGROUND,255
15,32,66.1019,GROUND_SPOOKYGROUND,255
16,32,66.7232,GROUND_SPOOKYGROUND,255
17,32,67.0699,GROUND_SPOOKYGROUND,255
18,32,67.276,GROUND_SPOOKYGROUND,255
19,32,67.6313,GROUND_SPOOKYGROUND,255
20,32,68.0645,GROUND_SPOOKYGROUND,255
21,32,68.3922,GROUND_SPOOKYGROUND,255
22,32,68.5664,GROUND_SPOOKYGROUND,255
23,32,68.6235,GROUND_SPOOKYGROUND,255
24,32,68.6354,GROUND_SPOOKYGROUND,255
25,32,68.9613,GROUND_SPOOKYGROUND,255
26,32,69.6156,GROUND_SPOOKYGROUND,255
27,32,70.5449,GROUND_SPOOKYGROUND,255
28,32,72.1492,GROUND_SPOOKYGROUND,255
29,32,73.4455,GROUND_SPOOKYGROUND,255
30,32,74.4797,GROUND_SPOOKYGROUND,255
31,32,75.3513,GROUND_SPOOKYTREES,255
32,32,75.6946,GROUND_SPOOKYTREES,255
33,32,75.7681,GROUND_SPOOKYTREES,255
34,32,75.7005,GROUND_SPOOKYTREES,255
35,32,75.6252,GROUND_SPOOKYTREES,255
36,32,75.4128,GROUND_SPOOKYTREES,255
37,32,74.9808,GROUND_SPOOKYTREES,255
38,32,74.2529,GROUND_SPOOKYTREES,255
39,32,73.3047,GROUND_SPOOKYGROUND,255
40,32,72.421,GROUND_SPOOKYGROUND,255
41,32,72.0153,GROUND_SPOOKYGROUND,255
42,32,71.3316,GROUND_SPOOKYGROUND,255
43,32,70.6302,GROUND_SPOOKYGROUND,255
44,32,69.721,GROUND_SPOOKYGROUND,255
45,32,68.269,GROUND_SPOOKYGROUND,255
46,32,66.67,GROUND_SPOOKYGROUND,255
47,32,65.5444,GROUND_SPOOKYGROUND,255
48,32,64.5609,GROUND_SPOOKYGROUND,255
49,32,63.9428,GROUND_SPOOKYGROUND,255
50,32,63.3243,GROUND_SPOOKYGROUND,255
51,32,62.9087,GROUND_SPOOKYGROUND,255
52,32,62.6848,GROUND_SPOOKYGROUND,255
53,32,62.5954,GROUND_SPOOKYGROUND,255
54,32,62.5061,GROUND_SPOOKYGROUND,255
55,32,62.4167,GROUND_SPOOKYGROUND,255
56,32,62.3273,GROUND_SPOOKYGROUND,255
57,32,62.1937,GROUND_SPOOKYGROUND,255
58,32,61.9713,GROUND_SPOOKYGROUND,255
59,32,61.5581,GROUND_SPOOKYGROUND,255
60,32,61.0036,GROUND_SPOOKYGROUND,255
61,32,60.1311,GROUND_SPOOKYGROUND,255
62,32,58.8609,GROUND_SPOOKYGROUND,255
63,32,56.7118,GROUND_SPOOKYGROUND,255
64,32,50,GROUND_SPOOKYGROUND,255
0,33,57.5721,GROUND_SPOOKYGROUND,255
1,33,57.5574,GROUND_SPOOKYTREES,255
2,33,57.5159,GROUND_SPOOKYTREES,255
3,33,57.5017,GROUND_SPOOKYTREES,255
4,33,57.5674,GROUND_SPOOKYTREES,255
5,33,57.766,GROUND_SPOOKYTREES,255
6,33,58.1239,GROUND_SPOOKYTREES,255
7,33,58.6387,GROUND_SPOOKYTREES,255
8,33,59.6522,GROUND_SPOOKYTREES,255
9,33,60.7844,GROUND_SPOOKYTREES,255
10,33,62.072,GROUND_SPOOKYGROUND,255
11,33,63.2393,GROUND_SPOOKYGROUND,255
12,33,64.1007,GROUND_SPOOKYGROUND,255
13,33,64.7903,GROUND_SPOOKYGROUND,255
14,33,65.4227,GROUND_SPOOKYGROUND,255
15,33,66.2408,GROUND_SPOOKYGROUND,255
16,33,66.9629,GROUND_SPOOKYGROUND,255
17,33,67.5358,GROUND_SPOOKYGROUND,255
18,33,67.7525,GROUND_SPOOKYGROUND,255
19,33,68.0989,GROUND_SPOOKYGROUND,255
20,33,68.5954,GROUND_SPOOKYGROUND,255
21,33,68.978,GROUND_SPOOKYGROUND,255
22,33,69.1322,GROUND_SPOOKYGROUND,255
23,33,69.1958,GROUND_SPOOKYGROUND,255
24,33,69.6253,GROUND_SPOOKYGROUND,255
25,33,69.9455,GROUND_SPOOKYGROUND,255
26,33,71.2404,GROUND_SPOOKYGROUND,255
27,33,72.4925,GROUND_SPOOKYGROUND,255
28,33,73.6546,GROUND_SPOOKYGROUND,255
29,33,75.0753,GROUND_SPOOKYGROUND,255
30,33,75.5332,GROUND_SPOOKYTREES,255
31,33,76.0466,GROUND_SPOOKYTREES,255
32,33,76.1945,GROUND_SPOOKYTREES,255
33,33,76.3701,GROUND_SPOOKYTREES,255
34,33,76.3107,GROUND_SPOOKYTREES,255
35,33,76.0083,GROUND_SPOOKYTREES,255
36,33,75.7098,GROUND_SPOOKYTREES,255
37,33,75.3388,GROUND_SPOOKYTREES,255
38,33,74.6853,GROUND_SPOOKYTREES,255
39,33,73.5323,GROUND_SPOOKYGROUND,255
40,33,72.4477,GROUND_SPOOKYGROUND,255
41,33,71.564,GROUND_SPOOKYGROUND,255
42,33,70.8577,GROUND_SPOOKYGROUND,255
43,33,70.2139,GROUND_SPOOKYGROUND,255
44,33,69.3751,GROUND_SPOOKYGROUND,255
45,33,67.8761,GROUND_SPOOKYGROUND,255
46,33,66.2241,GROUND_SPOOKYGROUND,255
47,33,65.2279,GROUND_SPOOKYGROUND,255
48,33,64.6266,GROUND_SPOOKYGROUND,255
49,33,64.0135,GROUND_SPOOKYGROUND,255
50,33,63.5459,GROUND_SPOOKYGROUND,255
51,33,63.263,GROUND_SPOOKYGROUND,255
52,33,63.1736,GROUND_SPOOKYGROUND,255
53,33,63.0843,GROUND_SPOOKYGROUND,255
54,33,62.9949,GROUND_SPOOKYGROUND,255
55,33,62.9055,GROUND_SPOOKYGROUND,255
56,33,62.8161,GROUND_SPOOKYGROUND,255
57,33,62.6768,GROUND_SPOOKYGROUND,255
58,33,62.3695,GROUND_SPOOKYGROUND,255
59,33,61.9168,GROUND_SPOOKYGROUND,255
60,33,61.2732,GROUND_SPOOKYGROUND,255
61,33,60.231,GROUND_SPOOKYGROUND,255
62,33,58.9125,GROUND_SPOOKYGROUND,255
63,33,56.6226,GROUND_SPOOKYGROUND,255
64,33,54.1107,GROUND_SPOOKYGROUND,255
0,34,57.9429,GROUND_SPOOKYGROUND,255
1,34,57.8816,GROUND_SPOOKYTREES,255
2,34,57.7824,GROUND_SPOOKYTREES,255
3,34,57.7442,GROUND_SPOOKYTREES,255
4,34,57.7515,GROUND_SPOOKYTREES,255
5,34,57.8781,GROUND_SPOOKYTREES,255
6,34,58.1576,GROUND_SPOOKYTREES,255
7,34,58.5989,GROUND_SPOOKYTREES,255
8,34,59.5319,GROUND_SPOOKYTREES,255
9,34,60.6861,GROUND_SPOOKYTREES,255
10,34,62.0171,GROUND_SPOOKYGROUND,255
11,34,63.2527,GROUND_SPOOKYGROUND,255
12,34,64.257,GROUND_SPOOKYGROUND,255
13,34,64.8357,GROUND_SPOOKYGROUND,255
14,34,65.5396,GROUND_SPOOKYGROUND,255
15,34,66.3297,GROUND_SPOOKYGROUND,255
16,34,67.1226,GROUND_SPOOKYGROUND,255
17,34,67.7834,GROUND_SPOOKYGROUND,255
18,34,68.2855,GROUND_SPOOKYGROUND,255
19,34,68.5972,GROUND_SPOOKYGROUND,255
20,34,69.1263,GROUND_SPOOKYGROUND,255
21,34,69.4589,GROUND_SPOOKYGROUND,255
22,34,69.6965,GROUND_SPOOKYGROUND,255
23,34,70.0721,GROUND_SPOOKYGROUND,255
24,34,70.5059,GROUND_SPOOKYGROUND,255
25,34,71.7921,GROUND_SPOOKYGROUND,255
26,34,72.6334,GROUND_SPOOKYGROUND,255
27,34,74.114,GROUND_SPOOKYGROUND,255
28,34,75.2209,GROUND_SPOOKYGROUND,255
29,34,76.0174,GROUND_SPOOKYTREES,255
30,34,76.3318,GROUND_SPOOKYTREES,255
31,34,76.6093,GROUND_SPOOKYTREES,255
32,34,76.8067,GROUND_SPOOKYTREES,255
33,34,76.7291,GROUND_SPOOKYTREES,255
34,34,76.6453,GROUND_SPOOKYTREES,255
35,34,76.3164,GROUND_SPOOKYTREES,255
36,34,75.9505,GROUND_SPOOKYTREES,255
37,34,75.5159,GROUND_SPOOKYTREES,255
38,34,74.804,GROUND_SPOOKYTREES,255
39,34,73.7412,GROUND_SPOOKYGROUND,255
40,34,72.5259,GROUND_SPOOKYGROUND,255
41,34,71.5263,GROUND_SPOOKYGROUND,255
42,34,70.6426,GROUND_SPOOKYGROUND,255
43,34,69.645,GROUND_SPOOKYGROUND,255
44,34,68.6491,GROUND_SPOOKYGROUND,255
45,34,67.1725,GROUND_SPOOKYGROUND,255
46,34,66.256,GROUND_SPOOKYGROUND,255
47,34,65.2444,GROUND_SPOOKYGROUND,255
48,34,64.7729,GROUND_SPOOKYGROUND,255
49,34,64.2815,GROUND_SPOOKYGROUND,255
50,34,63.9966,GROUND_SPOOKYGROUND,255
51,34,63.7518,GROUND_SPOOKYGROUND,255
52,34,63.6624,GROUND_SPOOKYGROUND,255
53,34,63.5731,GROUND_SPOOKYGROUND,255
54,34,63.4837,GROUND_SPOOKYGROUND,255
55,34,63.3943,GROUND_SPOOKYGROUND,255
56,34,63.3049,GROUND_SPOOKYGROUND,255
57,34,63.1094,GROUND_SPOOKYGROUND,255
58,34,62.8397,GROUND_SPOOKYGROUND,255
59,34,62.2921,GROUND_SPOOKYGROUND,255
60,34,61.6025,GROUND_SPOOKYGROUND,255
61,34,60.5338,GROUND_SPOOKYGROUND,255
62,34,59.2078,GROUND_SPOOKYGROUND,255
63,34,57.4642,GROUND_SPOOKYGROUND,255
64,34,55.5762,GROUND_SPOOKYGROUND,255
0,35,58.3077,GROUND_SPOOKYGROUND,255
1,35,58.2898,GROUND_SPOOKYGROUND,255
2,35,58.1248,GROUND_SPOOKYTREES,255
3,35,58.0348,GROUND_SPOOKYTREES,255
4,35,57.9743,GROUND_SPOOKYTREES,255
5,35,58.0252,GROUND_SPOOKYTREES,255
6,35,58.2332,GROUND_SPOOKYTREES,255
7,35,58.6201,GROUND_SPOOKYTREES,255
8,35,59.5407,GROUND_SPOOKYTREES,255
9,35,60.6479,GROUND_SPOOKYTREES,255
10,35,61.9949,GROUND_SPOOKYGROUND,255
11,35,63.292,GROUND_SPOOKYGROUND,255
12,35,64.375,GROUND_SPOOKYGROUND,255
13,35,64.9943,GROUND_SPOOKYGROUND,255
14,35,65.5793,GROUND_SPOOKYGROUND,255
15,35,66.3623,GROUND_SPOOKYGROUND,255
16,35,67.2582,GROUND_SPOOKYGROUND,255
17,35,68.0666,GROUND_SPOOKYGROUND,255
18,35,68.5461,GROUND_SPOOKYGROUND,255
19,35,69.1046,GROUND_SPOOKYGROUND,255
20,35,69.5942,GROUND_SPOOKYGROUND,255
21,35,69.9697,GROUND_SPOOKYGROUND,255
22,35,70.2595,GROUND_SPOOKYGROUND,255
23,35,71.0339,GROUND_SPOOKYGROUND,255
24,35,71.6266,GROUND_SPOOKYGROUND,255
25,35,72.3644,GROUND_SPOOKYGROUND,255
26,35,73.8723,GROUND_SPOOKYGROUND,255
27,35,75.1783,GROUND_SPOOKYGROUND,255
28,35,76.0476,GROUND_SPOOKYGROUND,255
29,35,76.6348,GROUND_SPOOKYTREES,255
30,35,76.9835,GROUND_SPOOKYTREES,255
31,35,77.0575,GROUND_SPOOKYTREES,255
32,35,77.2014,GROUND_SPOOKYTREES,255
33,35,77.1048,GROUND_SPOOKYTREES,255
34,35,76.9333,GROUND_SPOOKYTREES,255
35,35,76.5085,GROUND_SPOOKYTREES,255
36,35,76.1074,GROUND_SPOOKYTREES,255
37,35,75.5977,GROUND_SPOOKYTREES,255
38,35,74.6922,GROUND_SPOOKYTREES,255
39,35,73.6269,GROUND_SPOOKYGROUND,255
40,35,72.2074,GROUND_SPOOKYGROUND,255
41,35,70.8787,GROUND_SPOOKYGROUND,255
42,35,69.8972,GROUND_SPOOKYGROUND,255
43,35,69.005,GROUND_SPOOKYGROUND,255
44,35,68.1316,GROUND_SPOOKYGROUND,255
45,35,67.0005,GROUND_SPOOKYGROUND,255
46,35,66.0605,GROUND_SPOOKYGROUND,255
47,35,65.3268,GROUND_SPOOKYGROUND,255
48,35,64.9219,GROUND_SPOOKYGROUND,255
49,35,64.5879,GROUND_SPOOKYGROUND,255
50,35,64.33,GROUND_SPOOKYGROUND,255
51,35,64.2406,GROUND_SPOOKYGROUND,255
52,35,64.1512,GROUND_SPOOKYGROUND,255
53,35,64.0619,GROUND_SPOOKYGROUND,255
54,35,63.9725,GROUND_SPOOKYGROUND,255
55,35,63.8831,GROUND_SPOOKYGROUND,255
56,35,63.7937,GROUND_SPOOKYGROUND,255
57,35,63.5987,GROUND_SPOOKYGROUND,255
58,35,63.2323,GROUND_SPOOKYGROUND,255
59,35,62.6956,GROUND_SPOOKYGROUND,255
60,35,61.986,GROUND_SPOOKYGROUND,255
61,35,61.0288,GROUND_SPOOKYGROUND,255
62,35,59.6913,GROUND_SPOOKYGROUND,255
63,35,58.0282,GROUND_SPOOKYGROUND,255
64,35,56.7211,GROUND_SPOOKYGROUND,255
0,36,58.7646,GROUND_SPOOKYGROUND,255
1,36,58.7403,GROUND_SPOOKYGROUND,255
2,36,58.5658,GROUND_SPOOKYGROUND,255
3,36,58.4511,GROUND_SPOOKYTREES,255
4,36,58.3306,GROUND_SPOOKYTREES,255
5,36,58.3166,GROUND_SPOOKYTREES,255
6,36,58.4516,GROUND_SPOOKYTREES,255
7,36,58.7661,GROUND_SPOOKYTREES,255
8,36,59.6422,GROUND_SPOOKYTREES,255
9,36,60.698,GROUND_SPOOKYTREES,255
10,36,62.0077,GROUND_SPOOKYGROUND,255
11,36,63.5701,GROUND_SPOOKYGROUND,255
12,36,64.4581,GROUND_SPOOKYGROUND,255
13,36,65.1811,GROUND_SPOOKYGROUND,255
14,36,65.8234,GROUND_SPOOKYGROUND,255
15,36,66.3749,GROUND_SPOOKYGROUND,255
16,36,67.1836,GROUND_SPOOKYGROUND,255
17,36,68.0487,GROUND_SPOOKYGROUND,255
18,36,68.808,GROUND_SPOOKYGROUND,255
19,36,69.4188,GROUND_SPOOKYGROUND,255
20,36,70.1315,GROUND_SPOOKYGROUND,255
21,36,70.528,GROUND_SPOOKYGROUND,255
22,36,71.2228,GROUND_SPOOKYGROUND,255
23,36,71.9035,GROUND_SPOOKYGROUND,255
24,36,72.9248,GROUND_SPOOKYGROUND,255
25,36,73.7111,GROUND_SPOOKYGROUND,255
26,36,75.1056,GROUND_SPOOKYGROUND,255
27,36,75.9449,GROUND_SPOOKYGROUND,255
28,36,76.7208,GROUND_SPOOKYGROUND,255
29,36,77.1009,GROUND_SPOOKYTREES,255
30,36,77.3818,GROUND_SPOOKYTREES,255
31,36,77.4442,GROUND_SPOOKYTREES,255
32,36,77.4963,GROUND_SPOOKYTREES,255
33,36,77.3071,GROUND_SPOOKYTREES,255
34,36,77.0615,GROUND_SPOOKYTREES,255
35,36,76.624,GROUND_SPOOKYTREES,255
36,36,76.0558,GROUND_SPOOKYTREES,255
37,36,75.4845,GROUND_SPOOKYTREES,255
38,36,74.5612,GROUND_SPOOKYTREES,255
39,36,73.3497,GROUND_SPOOKYGROUND,255
40,36,71.7366,GROUND_SPOOKYGROUND,255
41,36,70.3185,GROUND_SPOOKYGROUND,255
42,36,69.3607,GROUND_SPOOKYGROUND,255
43,36,68.5563,GROUND_SPOOKYGROUND,255
44,36,67.9064,GROUND_SPOOKYGROUND,255
45,36,67.0358,GROUND_SPOOKYGROUND,255
46,36,66.1915,GROUND_SPOOKYGROUND,255
47,36,65.5942,GROUND_SPOOKYGROUND,255
48,36,65.2089,GROUND_SPOOKYGROUND,255
49,36,64.9082,GROUND_SPOOKYGROUND,255
50,36,64.8188,GROUND_SPOOKYGROUND,255
51,36,64.7294,GROUND_SPOOKYGROUND,255
52,36,64.6401,GROUND_SPOOKYGROUND,255
53,36,64.5507,GROUND_SPOOKYGROUND,255
54,36,64.4613,GROUND_SPOOKYGROUND,255
55,36,64.3719,GROUND_SPOOKYGROUND,255
56,36,64.2365,GROUND_SPOOKYGROUND,255
57,36,64.0318,GROUND_SPOOKYGROUND,255
58,36,63.7052,GROUND_SPOOKYGROUND,255
59,36,63.1811,GROUND_SPOOKYGROUND,255
60,36,62.4527,GROUND_SPOOKYGROUND,255
61,36,61.3952,GROUND_SPOOKYGROUND,255
62,36,60.2463,GROUND_SPOOKYGROUND,255
63,36,58.8066,GROUND_SPOOKYGROUND,255
64,36,57.7532,GROUND_SPOOKYGROUND,255
0,37,59.2053,GROUND_SPOOKYGROUND,255
1,37,59.2504,GROUND_SPOOKYGROUND,255
2,37,59.1896,GROUND_SPOOKYGROUND,255
3,37,58.9968,GROUND_SPOOKYTREES,255
4,37,58.8415,GROUND_SPOOKYTREES,255
5,37,58.7636,GROUND_SPOOKYTREES,255
6,37,58.8229,GROUND_SPOOKYTREES,255
7,37,59.0521,GROUND_SPOOKYTREES,255
8,37,59.8489,GROUND_SPOOKYTREES,255
9,37,60.8283,GROUND_SPOOKYTREES,255
10,37,62.0664,GROUND_SPOOKYGROUND,255
11,37,63.5659,GROUND_SPOOKYGROUND,255
12,37,64.4946,GROUND_SPOOKYGROUND,255
13,37,65.323,GROUND_SPOOKYGROUND,255
14,37,65.9903,GROUND_SPOOKYGROUND,255
15,37,66.6277,GROUND_SPOOKYGROUND,255
16,37,67.3575,GROUND_SPOOKYGROUND,255
17,37,68.1912,GROUND_SPOOKYGROUND,255
18,37,68.8307,GROUND_SPOOKYGROUND,255
19,37,69.7083,GROUND_SPOOKYGROUND,255
20,37,70.3414,GROUND_SPOOKYGROUND,255
21,37,71.072,GROUND_SPOOKYGROUND,255
22,37,72,GROUND_SPOOKYGROUND,255
23,37,72.697,GROUND_SPOOKYGROUND,255
24,37,73.4971,GROUND_SPOOKYGROUND,255
25,37,74.8065,GROUND_SPOOKYGROUND,255
26,37,75.8606,GROUND_SPOOKYGROUND,255
27,37,76.7989,GROUND_SPOOKYGROUND,255
28,37,77.1503,GROUND_SPOOKYGROUND,255
29,37,77.5807,GROUND_SPOOKYTREES,255
30,37,77.7363,GROUND_SPOOKYTREES,255
31,37,77.7165,GROUND_SPOOKYTREES,255
32,37,77.6685,GROUND_SPOOKYTREES,255
33,37,77.4148,GROUND_SPOOKYTREES,255
34,37,77.1579,GROUND_SPOOKYTREES,255
35,37,76.6635,GROUND_SPOOKYTREES,255
36,37,75.9143,GROUND_SPOOKYTREES,255
37,37,75.1408,GROUND_SPOOKYTREES,255
38,37,74.0226,GROUND_SPOOKYGROUND,255
39,37,72.4046,GROUND_SPOOKYGROUND,255
40,37,71.1302,GROUND_SPOOKYGROUND,255
41,37,70.0879,GROUND_SPOOKYGROUND,255
42,37,69.2668,GROUND_SPOOKYGROUND,255
43,37,68.5076,GROUND_SPOOKYGROUND,255
44,37,67.8586,GROUND_SPOOKYGROUND,255
45,37,67.0664,GROUND_SPOOKYGROUND,255
46,37,66.3999,GROUND_SPOOKYGROUND,255
47,37,65.8446,GROUND_SPOOKYGROUND,255
48,37,65.4864,GROUND_SPOOKYGROUND,255
49,37,65.397,GROUND_SPOOKYGROUND,255
50,37,65.3076,GROUND_SPOOKYGROUND,255
51,37,65.2182,GROUND_SPOOKYGROUND,255
52,37,65.1289,GROUND_SPOOKYGROUND,255
53,37,65.0395,GROUND_SPOOKYGROUND,255
54,37,64.9501,GROUND_SPOOKYGROUND,255
55,37,64.8607,GROUND_SPOOKYGROUND,255
56,37,64.7266,GROUND_SPOOKYGROUND,255
57,37,64.5183,GROUND_SPOOKYGROUND,255
58,37,64.1764,GROUND_SPOOKYGROUND,255
59,37,63.6421,GROUND_SPOOKYGROUND,255
60,37,62.8834,GROUND_SPOOKYGROUND,255
61,37,61.879,GROUND_SPOOKYGROUND,255
62,37,60.735,GROUND_SPOOKYGROUND,255
63,37,59.5644,GROUND_SPOOKYGROUND,255
64,37,58.7775,GROUND_SPOOKYGROUND,255
0,38,59.7188,GROUND_SPOOKYGROUND,255
1,38,59.8315,GROUND_SPOOKYGROUND,255
2,38,59.8278,GROUND_SPOOKYGROUND,255
3,38,59.6614,GROUND_SPOOKYGROUND,255
4,38,59.4251,GROUND_SPOOKYTREES,255
5,38,59.3322,GROUND_SPOOKYTREES,255
6,38,59.3193,GROUND_SPOOKYTREES,255
7,38,59.464,GROUND_SPOOKYTREES,255
8,38,60.1655,GROUND_SPOOKYTREES,255
9,38,61.0587,GROUND_SPOOKYGROUND,255
10,38,62.2172,GROUND_SPOOKYGROUND,255
11,38,63.5719,GROUND_SPOOKYGROUND,255
12,38,64.4758,GROUND_SPOOKYGROUND,255
13,38,65.372,GROUND_SPOOKYGROUND,255
14,38,66.146,GROUND_SPOOKYGROUND,255
15,38,66.8617,GROUND_SPOOKYGROUND,255
16,38,67.5023,GROUND_SPOOKYGROUND,255
17,38,68.1292,GROUND_SPOOKYGROUND,255
18,38,68.7481,GROUND_SPOOKYGROUND,255
19,38,69.653,GROUND_SPOOKYGROUND,255
20,38,70.3818,GROUND_SPOOKYGROUND,255
21,38,71.555,GROUND_SPOOKYGROUND,255
22,38,72.5404,GROUND_SPOOKYGROUND,255
23,38,73.2579,GROUND_SPOOKYGROUND,255
24,38,74.8201,GROUND_SPOOKYGROUND,255
25,38,75.7111,GROUND_SPOOKYGROUND,255
26,38,76.6397,GROUND_SPOOKYTREES,255
27,38,77.3568,GROUND_SPOOKYTREES,255
28,38,77.7494,GROUND_SPOOKYTREES,255
29,38,77.8901,GROUND_SPOOKYTREES,255
30,38,77.9489,GROUND_SPOOKYTREES,255
31,38,77.9828,GROUND_SPOOKYTREES,255
32,38,77.7976,GROUND_SPOOKYTREES,255
33,38,77.5135,GROUND_SPOOKYTREES,255
34,38,77.1876,GROUND_SPOOKYTREES,255
35,38,76.6372,GROUND_SPOOKYTREES,255
36,38,75.6705,GROUND_SPOOKYGROUND,255
37,38,74.7816,GROUND_SPOOKYGROUND,255
38,38,73.2205,GROUND_SPOOKYGROUND,255
39,38,71.7191,GROUND_SPOOKYGROUND,255
40,38,70.8081,GROUND_SPOOKYGROUND,255
41,38,70.0446,GROUND_SPOOKYGROUND,255
42,38,69.3717,GROUND_SPOOKYGROUND,255
43,38,68.6903,GROUND_SPOOKYGROUND,255
44,38,68.3692,GROUND_SPOOKYGROUND,255
45,38,67.5308,GROUND_SPOOKYGROUND,255
46,38,66.8798,GROUND_SPOOKYGROUND,255
47,38,66.3291,GROUND_SPOOKYGROUND,255
48,38,65.9752,GROUND_SPOOKYGROUND,255
49,38,65.8858,GROUND_SPOOKYGROUND,255
50,38,65.7964,GROUND_SPOOKYGROUND,255
51,38,65.707,GROUND_SPOOKYGROUND,255
52,38,65.6177,GROUND_SPOOKYGROUND,255
53,38,65.5283,GROUND_SPOOKYGROUND,255
54,38,65.4389,GROUND_SPOOKYGROUND,255
55,38,65.3495,GROUND_SPOOKYGROUND,255
56,38,65.2058,GROUND_SPOOKYGROUND,255
57,38,64.9848,GROUND_SPOOKYGROUND,255
58,38,64.6266,GROUND_SPOOKYGROUND,255
59,38,64.0973,GROUND_SPOOKYGROUND,255
60,38,63.3508,GROUND_SPOOKYGROUND,255
61,38,62.3642,GROUND_SPOOKYGROUND,255
62,38,61.2397,GROUND_SPOOKYGROUND,255
63,38,60.3627,GROUND_SPOOKYGROUND,255
64,38,59.7151,GROUND_SPOOKYGROUND,255
0,39,60.1838,GROUND_SPOOKYGROUND,255
1,39,60.3718,GROUND_SPOOKYGROUND,255
2,39,60.4002,GROUND_SPOOKYGROUND,255
3,39,60.3753,GROUND_SPOOKYGROUND,255
4,39,60.1362,GROUND_SPOOKYGROUND,255
5,39,59.9928,GROUND_SPOOKYGROUND,255
6,39,59.9238,GROUND_SPOOKYGROUND,255
7,39,59.9855,GROUND_SPOOKYGROUND,255
8,39,60.1973,GROUND_SPOOKYGROUND,255
9,39,61.3841,GROUND_SPOOKYGROUND,255
10,39,62.4457,GROUND_SPOOKYGROUND,255
11,39,63.7545,GROUND_SPOOKYGROUND,255
12,39,64.4716,GROUND_SPOOKYGROUND,255
13,39,65.3897,GROUND_SPOOKYGROUND,255
14,39,66.2347,GROUND_SPOOKYGROUND,255
15,39,67.0323,GROUND_SPOOKYGROUND,255
16,39,67.7108,GROUND_SPOOKYGROUND,255
17,39,68.2516,GROUND_SPOOKYGROUND,255
18,39,68.924,GROUND_SPOOKYGROUND,255
19,39,69.5331,GROUND_SPOOKYGROUND,255
20,39,70.2987,GROUND_SPOOKYGROUND,255
21,39,71.2767,GROUND_SPOOKYGROUND,255
22,39,72.6006,GROUND_SPOOKYGROUND,255
23,39,73.8638,GROUND_SPOOKYGROUND,255
24,39,75.3316,GROUND_SPOOKYGROUND,255
25,39,76.3239,GROUND_SPOOKYTREES,255
26,39,77.1549,GROUND_SPOOKYTREES,255
27,39,77.5851,GROUND_SPOOKYTREES,255
28,39,78.0384,GROUND_SPOOKYTREES,255
29,39,78.1926,GROUND_SPOOKYTREES,255
30,39,78.2497,GROUND_SPOOKYTREES,255
31,39,78.1348,GROUND_SPOOKYTREES,255
32,39,77.951,GROUND_SPOOKYTREES,255
33,39,77.5935,GROUND_SPOOKYTREES,255
34,39,77.1967,GROUND_SPOOKYTREES,255
35,39,76.4093,GROUND_SPOOKYTREES,255
36,39,75.2607,GROUND_SPOOKYGROUND,255
37,39,74.0433,GROUND_SPOOKYGROUND,255
38,39,72.5131,GROUND_SPOOKYGROUND,255
39,39,71.3426,GROUND_SPOOKYGROUND,255
40,39,70.5838,GROUND_SPOOKYGROUND,255
41,39,69.991,GROUND_SPOOKYGROUND,255
42,39,69.4078,GROUND_SPOOKYGROUND,255
43,39,69.0377,GROUND_SPOOKYGROUND,255
44,39,68.6278,GROUND_SPOOKYGROUND,255
45,39,68.0275,GROUND_SPOOKYGROUND,255
46,39,67.3686,GROUND_SPOOKYGROUND,255
47,39,66.8168,GROUND_SPOOKYGROUND,255
48,39,66.464,GROUND_SPOOKYGROUND,255
49,39,66.3746,GROUND_SPOOKYGROUND,255
50,39,66.2852,GROUND_SPOOKYGROUND,255
51,39,66.1959,GROUND_SPOOKYGROUND,255
52,39,66.1065,GROUND_SPOOKYGROUND,255
53,39,66.0171,GROUND_SPOOKYGROUND,255
54,39,65.9277,GROUND_SPOOKYGROUND,255
55,39,65.8383,GROUND_SPOOKYGROUND,255
56,39,65.7018,GROUND_SPOOKYGROUND,255
57,39,65.4335,GROUND_SPOOKYGROUND,255
58,39,65.0686,GROUND_SPOOKYGROUND,255
59,39,64.449,GROUND_SPOOKYGROUND,255
60,39,63.7536,GROUND_SPOOKYGROUND,255
61,39,62.8024,GROUND_SPOOKYGROUND,255
62,39,61.8482,GROUND_SPOOKYGROUND,255
63,39,61.0804,GROUND_SPOOKYGROUND,255
64,39,60.6273,GROUND_SPOOKYGROUND,255
0,40,60.5891,GROUND_SPOOKYGROUND,255
1,40,60.8716,GROUND_SPOOKYGROUND,255
2,40,61.0007,GROUND_SPOOKYGROUND,255
3,40,61.0362,GROUND_SPOOKYGROUND,255
4,40,60.8976,GROUND_SPOOKYGROUND,255
5,40,60.7074,GROUND_SPOOKYGROUND,255
6,40,60.5739,GROUND_SPOOKYGROUND,255
7,40,60.5912,GROUND_SPOOKYGROUND,255
8,40,60.7124,GROUND_SPOOKYGROUND,255
9,40,61.578,GROUND_SPOOKYGROUND,255
10,40,62.5361,GROUND_SPOOKYGROUND,255
11,40,63.6791,GROUND_SPOOKYGROUND,255
12,40,64.6481,GROUND_SPOOKYGROUND,255
13,40,65.3862,GROUND_SPOOKYGROUND,255
14,40,66.3028,GROUND_SPOOKYGROUND,255
15,40,67.1181,GROUND_SPOOKYGROUND,255
16,40,67.8532,GROUND_SPOOKYGROUND,255
17,40,68.5455,GROUND_SPOOKYGROUND,255
18,40,69.0585,GROUND_SPOOKYGROUND,255
19,40,69.7308,GROUND_SPOOKYGROUND,255
20,40,70.3309,GROUND_SPOOKYGROUND,255
21,40,71.1685,GROUND_SPOOKYGROUND,255
22,40,72.5689,GROUND_SPOOKYGROUND,255
23,40,73.9888,GROUND_SPOOKYGROUND,255
24,40,75.3067,GROUND_SPOOKYGROUND,255
25,40,76.4309,GROUND_SPOOKYTREES,255
26,40,77.3575,GROUND_SPOOKYTREES,255
27,40,77.9695,GROUND_SPOOKYTREES,255
28,40,78.3603,GROUND_SPOOKYTREES,255
29,40,78.4786,GROUND_SPOOKYTREES,255
30,40,78.4646,GROUND_SPOOKYTREES,255
31,40,78.2722,GROUND_SPOOKYTREES,255
32,40,78.0468,GROUND_SPOOKYTREES,255
33,40,77.6107,GROUND_SPOOKYTREES,255
34,40,77.0466,GROUND_SPOOKYTREES,255
35,40,75.7587,GROUND_SPOOKYTREES,255
36,40,74.6536,GROUND_SPOOKYGROUND,255
37,40,73.3844,GROUND_SPOOKYGROUND,255
38,40,72.1713,GROUND_SPOOKYGROUND,255
39,40,71.3992,GROUND_SPOOKYGROUND,255
40,40,70.6352,GROUND_SPOOKYGROUND,255
41,40,70.0914,GROUND_SPOOKYGROUND,255
42,40,69.7062,GROUND_SPOOKYGROUND,255
43,40,69.5483,GROUND_SPOOKYGROUND,255
44,40,69.0697,GROUND_SPOOKYGROUND,255
45,40,68.5242,GROUND_SPOOKYGROUND,255
46,40,67.8574,GROUND_SPOOKYGROUND,255
47,40,67.2763,GROUND_SPOOKYGROUND,255
48,40,66.9528,GROUND_SPOOKYGROUND,255
49,40,66.8634,GROUND_SPOOKYGROUND,255
50,40,66.774,GROUND_SPOOKYGROUND,255
51,40,66.6847,GROUND_SPOOKYGROUND,255
52,40,66.5953,GROUND_SPOOKYGROUND,255
53,40,66.5059,GROUND_SPOOKYGROUND,255
54,40,66.4165,GROUND_SPOOKYGROUND,255
55,40,66.3271,GROUND_SPOOKYGROUND,255
56,40,66.1932,GROUND_SPOOKYGROUND,255
57,40,65.9267,GROUND_SPOOKYGROUND,255
58,40,65.4776,GROUND_SPOOKYGROUND,255
59,40,64.8856,GROUND_SPOOKYGROUND,255
60,40,64.1244,GROUND_SPOOKYGROUND,255
61,40,63.2279,GROUND_SPOOKYGROUND,255
62,40,62.3873,GROUND_SPOOKYGROUND,255
63,40,61.8214,GROUND_SPOOKYGROUND,255
64,40,61.3448,GROUND_SPOOKYGROUND,255
0,41,61.0235,GROUND_SPOOKYGROUND,255
1,41,61.4143,GROUND_SPOOKYGROUND,255
2,41,61.619,GROUND_SPOOKYGROUND,255
3,41,61.6934,GROUND_SPOOKYGROUND,255
4,41,61.6726,GROUND_SPOOKYGROUND,255
5,41,61.5199,GROUND_SPOOKYGROUND,255
6,41,61.3157,GROUND_SPOOKYGROUND,255
7,41,61.2796,GROUND_SPOOKYGROUND,255
8,41,61.3695,GROUND_SPOOKYGROUND,255
9,41,61.54,GROUND_SPOOKYGROUND,255
10,41,62.8651,GROUND_SPOOKYGROUND,255
11,41,63.8425,GROUND_SPOOKYGROUND,255
12,41,64.7876,GROUND_SPOOKYGROUND,255
13,41,65.4642,GROUND_SPOOKYGROUND,255
14,41,66.2568,GROUND_SPOOKYGROUND,255
15,41,67.1889,GROUND_SPOOKYGROUND,255
16,41,68.0059,GROUND_SPOOKYGROUND,255
17,41,68.787,GROUND_SPOOKYGROUND,255
18,41,69.4013,GROUND_SPOOKYGROUND,255
19,41,69.9549,GROUND_SPOOKYGROUND,255
20,41,70.6379,GROUND_SPOOKYGROUND,255
21,41,71.3089,GROUND_SPOOKYGROUND,255
22,41,72.4436,GROUND_SPOOKYGROUND,255
23,41,73.846,GROUND_SPOOKYGROUND,255
24,41,75.1044,GROUND_SPOOKYGROUND,255
25,41,76.7508,GROUND_SPOOKYTREES,255
26,41,77.7581,GROUND_SPOOKYTREES,255
27,41,78.4275,GROUND_SPOOKYTREES,255
28,41,78.664,GROUND_SPOOKYTREES,255
29,41,78.7553,GROUND_SPOOKYTREES,255
30,41,78.6759,GROUND_SPOOKYTREES,255
31,41,78.45,GROUND_SPOOKYTREES,255
32,41,78.1813,GROUND_SPOOKYTREES,255
33,41,77.7121,GROUND_SPOOKYTREES,255
34,41,76.7869,GROUND_SPOOKYTREES,255
35,41,75.74,GROUND_SPOOKYGROUND,255
36,41,74.4514,GROUND_SPOOKYGROUND,255
37,41,73.1361,GROUND_SPOOKYGROUND,255
38,41,72.2192,GROUND_SPOOKYGROUND,255
39,41,71.537,GROUND_SPOOKYGROUND,255
40,41,70.9179,GROUND_SPOOKYGROUND,255
41,41,70.3747,GROUND_SPOOKYGROUND,255
42,41,70.2168,GROUND_SPOOKYGROUND,255
43,41,69.8679,GROUND_SPOOKYGROUND,255
44,41,69.4247,GROUND_SPOOKYGROUND,255
45,41,68.764,GROUND_SPOOKYGROUND,255
46,41,68.1043,GROUND_SPOOKYGROUND,255
47,41,67.6773,GROUND_SPOOKYGROUND,255
48,41,67.4416,GROUND_SPOOKYGROUND,255
49,41,67.3522,GROUND_SPOOKYGROUND,255
50,41,67.2628,GROUND_SPOOKYGROUND,255
51,41,67.1735,GROUND_SPOOKYGROUND,255
52,41,67.0841,GROUND_SPOOKYGROUND,255
53,41,66.9947,GROUND_SPOOKYGROUND,255
54,41,66.9053,GROUND_SPOOKYGROUND,255
55,41,66.8159,GROUND_SPOOKYGROUND,255
56,41,66.7265,GROUND_SPOOKYGROUND,255
57,41,66.3894,GROUND_SPOOKYGROUND,255
58,41,65.9429,GROUND_SPOOKYGROUND,255
59,41,65.2989,GROUND_SPOOKYGROUND,255
60,41,64.5292,GROUND_SPOOKYGROUND,255
61,41,63.681,GROUND_SPOOKYGROUND,255
62,41,62.8953,GROUND_SPOOKYGROUND,255
63,41,62.4131,GROUND_SPOOKYGROUND,255
64,41,61.9309,GROUND_SPOOKYGROUND,255
0,42,61.4673,GROUND_SPOOKYGROUND,255
1,42,61.8731,GROUND_SPOOKYGROUND,255
2,42,62.1574,GROUND_SPOOKYGROUND,255
3,42,62.312,GROUND_SPOOKYGROUND,255
4,42,62.3755,GROUND_SPOOKYGROUND,255
5,42,62.2852,GROUND_SPOOKYGROUND,255
6,42,62.1778,GROUND_SPOOKYGROUND,255
7,42,62.0337,GROUND_SPOOKYGROUND,255
8,42,62.0003,GROUND_SPOOKYGROUND,255
9,42,62.0938,GROUND_SPOOKYGROUND,255
10,42,62.2701,GROUND_SPOOKYGROUND,255
11,42,63.7059,GROUND_SPOOKYGROUND,255
12,42,64.6405,GROUND_SPOOKYGROUND,255
13,42,65.628,GROUND_SPOOKYGROUND,255
14,42,66.3016,GROUND_SPOOKYGROUND,255
15,42,67.1247,GROUND_SPOOKYGROUND,255
16,42,68.0865,GROUND_SPOOKYGROUND,255
17,42,68.9366,GROUND_SPOOKYGROUND,255
18,42,69.6522,GROUND_SPOOKYGROUND,255
19,42,70.3107,GROUND_SPOOKYGROUND,255
20,42,70.8816,GROUND_SPOOKYGROUND,255
21,42,71.766,GROUND_SPOOKYGROUND,255
22,42,72.6431,GROUND_SPOOKYGROUND,255
23,42,73.8931,GROUND_SPOOKYGROUND,255
24,42,75.139,GROUND_SPOOKYGROUND,255
25,42,77.0562,GROUND_SPOOKYTREES,255
26,42,78.3253,GROUND_SPOOKYTREES,255
27,42,78.7393,GROUND_SPOOKYTREES,255
28,42,79.025,GROUND_SPOOKYTREES,255
29,42,79.0017,GROUND_SPOOKYTREES,255
30,42,78.8694,GROUND_SPOOKYTREES,255
31,42,78.6403,GROUND_SPOOKYTREES,255
32,42,78.1495,GROUND_SPOOKYTREES,255
33,42,77.6322,GROUND_SPOOKYTREES,255
34,42,76.9829,GROUND_SPOOKYTREES,255
35,42,75.7389,GROUND_SPOOKYGROUND,255
36,42,74.2172,GROUND_SPOOKYGROUND,255
37,42,73.0674,GROUND_SPOOKYGROUND,255
38,42,72.365,GROUND_SPOOKYGROUND,255
39,42,71.6223,GROUND_SPOOKYGROUND,255
40,42,71.2184,GROUND_SPOOKYGROUND,255
41,42,70.8853,GROUND_SPOOKYGROUND,255
42,42,70.7274,GROUND_SPOOKYGROUND,255
43,42,70.3125,GROUND_SPOOKYGROUND,255
44,42,69.6746,GROUND_SPOOKYGROUND,255
45,42,69.1786,GROUND_SPOOKYGROUND,255
46,42,68.4723,GROUND_SPOOKYGROUND,255
47,42,68.0198,GROUND_SPOOKYGROUND,255
48,42,67.9304,GROUND_SPOOKYGROUND,255
49,42,67.841,GROUND_SPOOKYGROUND,255
50,42,67.7517,GROUND_SPOOKYGROUND,255
51,42,67.6623,GROUND_SPOOKYGROUND,255
52,42,67.5729,GROUND_SPOOKYGROUND,255
53,42,67.4835,GROUND_SPOOKYGROUND,255
54,42,67.3941,GROUND_SPOOKYGROUND,255
55,42,67.3047,GROUND_SPOOKYGROUND,255
56,42,67.1671,GROUND_SPOOKYGROUND,255
57,42,66.9035,GROUND_SPOOKYGROUND,255
58,42,66.2998,GROUND_SPOOKYGROUND,255
59,42,65.6012,GROUND_SPOOKYGROUND,255
60,42,64.813,GROUND_SPOOKYGROUND,255
61,42,64.0649,GROUND_SPOOKYGROUND,255
62,42,63.4033,GROUND_SPOOKYGROUND,255
63,42,62.9211,GROUND_SPOOKYGROUND,255
64,42,62.4389,GROUND_SPOOKYGROUND,255
0,43,61.8831,GROUND_SPOOKYGROUND,255
1,43,62.3702,GROUND_SPOOKYGROUND,255
2,43,62.7311,GROUND_SPOOKYGROUND,255
3,43,62.8999,GROUND_SPOOKYGROUND,255
4,43,63.0433,GROUND_SPOOKYGROUND,255
5,43,63.0467,GROUND_SPOOKYGROUND,255
6,43,62.9686,GROUND_SPOOKYGROUND,255
7,43,62.8149,GROUND_SPOOKYGROUND,255
8,43,62.6745,GROUND_SPOOKYGROUND,255
9,43,62.7159,GROUND_SPOOKYGROUND,255
10,43,62.8151,GROUND_SPOOKYGROUND,255
11,43,63.0398,GROUND_SPOOKYGROUND,255
12,43,64.6985,GROUND_SPOOKYGROUND,255
13,43,65.5123,GROUND_SPOOKYGROUND,255
14,43,66.4031,GROUND_SPOOKYGROUND,255
15,43,67.1816,GROUND_SPOOKYGROUND,255
16,43,68.0393,GROUND_SPOOKYGROUND,255
17,43,69.0339,GROUND_SPOOKYGROUND,255
18,43,69.8792,GROUND_SPOOKYGROUND,255
19,43,70.6927,GROUND_SPOOKYGROUND,255
20,43,71.4007,GROUND_SPOOKYGROUND,255
21,43,72.0068,GROUND_SPOOKYGROUND,255
22,43,72.8812,GROUND_SPOOKYGROUND,255
23,43,74.4082,GROUND_SPOOKYGROUND,255
24,43,75.7916,GROUND_SPOOKYGROUND,255
25,43,77.6692,GROUND_SPOOKYTREES,255
26,43,78.8465,GROUND_SPOOKYTREES,255
27,43,79.3213,GROUND_SPOOKYTREES,255
28,43,79.4486,GROUND_SPOOKYTREES,255
29,43,79.2907,GROUND_SPOOKYTREES,255
30,43,79.1328,GROUND_SPOOKYTREES,255
31,43,78.7972,GROUND_SPOOKYTREES,255
32,43,78.3762,GROUND_SPOOKYTREES,255
33,43,77.9044,GROUND_SPOOKYTREES,255
34,43,77.0564,GROUND_SPOOKYGROUND,255
35,43,75.7794,GROUND_SPOOKYGROUND,255
36,43,74.1854,GROUND_SPOOKYGROUND,255
37,43,73.1431,GROUND_SPOOKYGROUND,255
38,43,72.3546,GROUND_SPOOKYGROUND,255
39,43,71.8942,GROUND_SPOOKYGROUND,255
40,43,71.5538,GROUND_SPOOKYGROUND,255
41,43,71.3959,GROUND_SPOOKYGROUND,255
42,43,71.0373,GROUND_SPOOKYGROUND,255
43,43,70.5527,GROUND_SPOOKYGROUND,255
44,43,69.8867,GROUND_SPOOKYGROUND,255
45,43,69.3528,GROUND_SPOOKYGROUND,255
46,43,68.7751,GROUND_SPOOKYGROUND,255
47,43,68.5086,GROUND_SPOOKYGROUND,255
48,43,68.4192,GROUND_SPOOKYGROUND,255
49,43,68.3298,GROUND_SPOOKYGROUND,255
50,43,68.2405,GROUND_SPOOKYGROUND,255
51,43,68.1511,GROUND_SPOOKYGROUND,255
52,43,68.0617,GROUND_SPOOKYGROUND,255
53,43,67.9723,GROUND_SPOOKYGROUND,255
54,43,67.8829,GROUND_SPOOKYGROUND,255
55,43,67.7517,GROUND_SPOOKYGROUND,255
56,43,67.5343,GROUND_SPOOKYGROUND,255
57,43,67.1531,GROUND_SPOOKYGROUND,255
58,43,66.6715,GROUND_SPOOKYGROUND,255
59,43,65.872,GROUND_SPOOKYGROUND,255
60,43,65.1633,GROUND_SPOOKYGROUND,255
61,43,64.4665,GROUND_SPOOKYGROUND,255
62,43,63.9113,GROUND_SPOOKYGROUND,255
63,43,63.4291,GROUND_SPOOKYGROUND,255
64,43,62.9469,GROUND_SPOOKYGROUND,255
0,44,62.2677,GROUND_SPOOKYGROUND,255
1,44,62.8396,GROUND_SPOOKYGROUND,255
2,44,63.2117,GROUND_SPOOKYGROUND,255
3,44,63.5115,GROUND_SPOOKYGROUND,255
4,44,63.6618,GROUND_SPOOKYGROUND,255
5,44,63.7159,GROUND_SPOOKYGROUND,255
6,44,63.7131,GROUND_SPOOKYGROUND,255
7,44,63.6422,GROUND_SPOOKYGROUND,255
8,44,63.4444,GROUND_SPOOKYGROUND,255
9,44,63.354,GROUND_SPOOKYGROUND,255
10,44,63.3546,GROUND_SPOOKYGROUND,255
11,44,63.4697,GROUND_SPOOKYGROUND,255
12,44,63.6972,GROUND_SPOOKYGROUND,255
13,44,65.6623,GROUND_SPOOKYGROUND,255
14,44,66.5718,GROUND_SPOOKYGROUND,255
15,44,67.2188,GROUND_SPOOKYGROUND,255
16,44,67.9936,GROUND_SPOOKYGROUND,255
17,44,69.0273,GROUND_SPOOKYGROUND,255
18,44,70.0499,GROUND_SPOOKYGROUND,255
19,44,70.9602,GROUND_SPOOKYGROUND,255
20,44,71.7668,GROUND_SPOOKYGROUND,255
21,44,72.3944,GROUND_SPOOKYGROUND,255
22,44,73.4283,GROUND_SPOOKYGROUND,255
23,44,75.0527,GROUND_SPOOKYGROUND,255
24,44,76.5883,GROUND_SPOOKYGROUND,255
25,44,78.2345,GROUND_SPOOKYGROUND,255
26,44,79.3469,GROUND_SPOOKYTREES,255
27,44,79.8689,GROUND_SPOOKYTREES,255
28,44,79.9592,GROUND_SPOOKYTREES,255
29,44,79.8013,GROUND_SPOOKYTREES,255
30,44,79.6434,GROUND_SPOOKYTREES,255
31,44,79.3153,GROUND_SPOOKYTREES,255
32,44,78.6269,GROUND_SPOOKYTREES,255
33,44,77.8859,GROUND_SPOOKYTREES,255
34,44,77.0118,GROUND_SPOOKYGROUND,255
35,44,75.5797,GROUND_SPOOKYGROUND,255
36,44,74.3858,GROUND_SPOOKYGROUND,255
37,44,73.3211,GROUND_SPOOKYGROUND,255
38,44,72.6134,GROUND_SPOOKYGROUND,255
39,44,72.2223,GROUND_SPOOKYGROUND,255
40,44,72.0644,GROUND_SPOOKYGROUND,255
41,44,71.9065,GROUND_SPOOKYGROUND,255
42,44,71.4277,GROUND_SPOOKYGROUND,255
43,44,70.8042,GROUND_SPOOKYGROUND,255
44,44,70.077,GROUND_SPOOKYGROUND,255
45,44,69.5085,GROUND_SPOOKYGROUND,255
46,44,69.0868,GROUND_SPOOKYGROUND,255
47,44,68.9974,GROUND_SPOOKYGROUND,255
48,44,68.908,GROUND_SPOOKYGROUND,255
49,44,68.8186,GROUND_SPOOKYGROUND,255
50,44,68.7293,GROUND_SPOOKYGROUND,255
51,44,68.6399,GROUND_SPOOKYGROUND,255
52,44,68.5505,GROUND_SPOOKYGROUND,255
53,44,68.4611,GROUND_SPOOKYGROUND,255
54,44,68.3717,GROUND_SPOOKYGROUND,255
55,44,68.1377,GROUND_SPOOKYGROUND,255
56,44,67.8288,GROUND_SPOOKYGROUND,255
57,44,67.4284,GROUND_SPOOKYGROUND,255
58,44,66.7884,GROUND_SPOOKYGROUND,255
59,44,66.081,GROUND_SPOOKYGROUND,255
60,44,65.4823,GROUND_SPOOKYGROUND,255
61,44,64.9016,GROUND_SPOOKYGROUND,255
62,44,64.4194,GROUND_SPOOKYGROUND,255
63,44,63.9372,GROUND_SPOOKYGROUND,255
64,44,63.455,GROUND_SPOOKYGROUND,255
0,45,62.6326,GROUND_SPOOKYGROUND,255
1,45,63.201,GROUND_SPOOKYGROUND,255
2,45,63.7229,GROUND_SPOOKYGROUND,255
3,45,64.0844,GROUND_SPOOKYGROUND,255
4,45,64.2973,GROUND_SPOOKYGROUND,255
5,45,64.3802,GROUND_SPOOKYGROUND,255
6,45,64.4414,GROUND_SPOOKYGROUND,255
7,45,64.3975,GROUND_SPOOKYGROUND,255
8,45,64.2657,GROUND_SPOOKYGROUND,255
9,45,64.0919,GROUND_SPOOKYGROUND,255
10,45,64.0114,GROUND_SPOOKYGROUND,255
11,45,64.0341,GROUND_SPOOKYGROUND,255
12,45,64.1675,GROUND_SPOOKYGROUND,255
13,45,66.3995,GROUND_SPOOKYGROUND,255
14,45,66.7568,GROUND_SPOOKYGROUND,255
15,45,67.2991,GROUND_SPOOKYGROUND,255
16,45,68.0483,GROUND_SPOOKYGROUND,255
17,45,68.9222,GROUND_SPOOKYGROUND,255
18,45,70.0591,GROUND_SPOOKYGROUND,255
19,45,71.1327,GROUND_SPOOKYGROUND,255
20,45,71.9937,GROUND_SPOOKYGROUND,255
21,45,72.7896,GROUND_SPOOKYGROUND,255
22,45,74.3171,GROUND_SPOOKYGROUND,255
23,45,75.8894,GROUND_SPOOKYGROUND,255
24,45,78.2571,GROUND_SPOOKYGROUND,255
25,45,79.437,GROUND_SPOOKYGROUND,255
26,45,80.1114,GROUND_SPOOKYTREES,255
27,45,80.439,GROUND_SPOOKYTREES,255
28,45,80.4698,GROUND_SPOOKYTREES,255
29,45,80.3119,GROUND_SPOOKYTREES,255
30,45,80.154,GROUND_SPOOKYTREES,255
31,45,79.762,GROUND_SPOOKYTREES,255
32,45,78.8359,GROUND_SPOOKYTREES,255
33,45,77.6803,GROUND_SPOOKYTREES,255
34,45,76.4902,GROUND_SPOOKYGROUND,255
35,45,75.3645,GROUND_SPOOKYGROUND,255
36,45,74.4163,GROUND_SPOOKYGROUND,255
37,45,73.782,GROUND_SPOOKYGROUND,255
38,45,73.1308,GROUND_SPOOKYGROUND,255
39,45,72.7329,GROUND_SPOOKYGROUND,255
40,45,72.575,GROUND_SPOOKYGROUND,255
41,45,72.2167,GROUND_SPOOKYGROUND,255
42,45,71.7819,GROUND_SPOOKYGROUND,255
43,45,71.007,GROUND_SPOOKYGROUND,255
44,45,70.3799,GROUND_SPOOKYGROUND,255
45,45,69.8045,GROUND_SPOOKYGROUND,255
46,45,69.5756,GROUND_SPOOKYGROUND,255
47,45,69.4862,GROUND_SPOOKYGROUND,255
48,45,69.3968,GROUND_SPOOKYGROUND,255
49,45,69.3075,GROUND_SPOOKYGROUND,255
50,45,69.2181,GROUND_SPOOKYGROUND,255
51,45,69.1287,GROUND_SPOOKYGROUND,255
52,45,69.0393,GROUND_SPOOKYGROUND,255
53,45,68.9499,GROUND_SPOOKYGROUND,255
54,45,68.8081,GROUND_SPOOKYGROUND,255
55,45,68.5702,GROUND_SPOOKYGROUND,255
56,45,68.1925,GROUND_SPOOKYGROUND,255
57,45,67.6828,GROUND_SPOOKYGROUND,255
58,45,67.062,GROUND_SPOOKYGROUND,255
59,45,66.4603,GROUND_SPOOKYGROUND,255
60,45,65.8918,GROUND_SPOOKYGROUND,255
61,45,65.4096,GROUND_SPOOKYGROUND,255
62,45,64.9274,GROUND_SPOOKYGROUND,255
63,45,64.4452,GROUND_SPOOKYGROUND,255
64,45,63.963,GROUND_SPOOKYGROUND,255
0,46,62.9589,GROUND_SPOOKYGROUND,255
1,46,63.6457,GROUND_SPOOKYGROUND,255
2,46,64.167,GROUND_SPOOKYGROUND,255
3,46,64.5489,GROUND_SPOOKYGROUND,255
4,46,64.8602,GROUND_SPOOKYGROUND,255
5,46,65.0361,GROUND_SPOOKYGROUND,255
6,46,65.0874,GROUND_SPOOKYGROUND,255
7,46,65.1042,GROUND_SPOOKYGROUND,255
8,46,64.9966,GROUND_SPOOKYGROUND,255
9,46,64.8441,GROUND_SPOOKYGROUND,255
10,46,64.6458,GROUND_SPOOKYGROUND,255
11,46,64.6033,GROUND_SPOOKYGROUND,255
12,46,64.6622,GROUND_SPOOKYGROUND,255
13,46,64.7797,GROUND_SPOOKYGROUND,255
14,46,67.0212,GROUND_SPOOKYGROUND,255
15,46,67.4438,GROUND_SPOOKYGROUND,255
16,46,68.1004,GROUND_SPOOKYGROUND,255
17,46,68.9979,GROUND_SPOOKYGROUND,255
18,46,70.0667,GROUND_SPOOKYGROUND,255
19,46,71.2221,GROUND_SPOOKYGROUND,255
20,46,72.2321,GROUND_SPOOKYGROUND,255
21,46,73.8294,GROUND_SPOOKYGROUND,255
22,46,75.8341,GROUND_SPOOKYGROUND,255
23,46,77.3961,GROUND_SPOOKYGROUND,255
24,46,78.7913,GROUND_SPOOKYGROUND,255
25,46,80.2424,GROUND_SPOOKYGROUND,255
26,46,80.6369,GROUND_SPOOKYTREES,255
27,46,80.9343,GROUND_SPOOKYTREES,255
28,46,80.9804,GROUND_SPOOKYTREES,255
29,46,80.8225,GROUND_SPOOKYTREES,255
30,46,80.6646,GROUND_SPOOKYTREES,255
31,46,80.0655,GROUND_SPOOKYTREES,255
32,46,79.1391,GROUND_SPOOKYTREES,255
33,46,77.8845,GROUND_SPOOKYGROUND,255
34,46,76.7776,GROUND_SPOOKYGROUND,255
35,46,75.8751,GROUND_SPOOKYGROUND,255
36,46,74.7495,GROUND_SPOOKYGROUND,255
37,46,74.0432,GROUND_SPOOKYGROUND,255
38,46,73.6624,GROUND_SPOOKYGROUND,255
39,46,73.2435,GROUND_SPOOKYGROUND,255
40,46,73.0856,GROUND_SPOOKYGROUND,255
41,46,72.7051,GROUND_SPOOKYGROUND,255
42,46,72.1338,GROUND_SPOOKYGROUND,255
43,46,71.2265,GROUND_SPOOKYGROUND,255
44,46,70.5334,GROUND_SPOOKYGROUND,255
45,46,70.1538,GROUND_SPOOKYGROUND,255
46,46,70.0644,GROUND_SPOOKYGROUND,255
47,46,69.975,GROUND_SPOOKYGROUND,255
48,46,69.8856,GROUND_SPOOKYGROUND,255
49,46,69.7963,GROUND_SPOOKYGROUND,255
50,46,69.7069,GROUND_SPOOKYGROUND,255
51,46,69.6175,GROUND_SPOOKYGROUND,255
52,46,69.5281,GROUND_SPOOKYGROUND,255
53,46,69.4387,GROUND_SPOOKYGROUND,255
54,46,69.2313,GROUND_SPOOKYGROUND,255
55,46,68.924,GROUND_SPOOKYGROUND,255
56,46,68.5009,GROUND_SPOOKYGROUND,255
57,46,67.9298,GROUND_SPOOKYGROUND,255
58,46,67.4339,GROUND_SPOOKYGROUND,255
59,46,66.882,GROUND_SPOOKYGROUND,255
60,46,66.3998,GROUND_SPOOKYGROUND,255
61,46,65.9176,GROUND_SPOOKYGROUND,255
62,46,65.4354,GROUND_SPOOKYGROUND,255
63,46,64.9532,GROUND_SPOOKYGROUND,255
64,46,64.471,GROUND_SPOOKYGROUND,255
0,47,63.2591,GROUND_SPOOKYGROUND,255
1,47,63.9843,GROUND_SPOOKYGROUND,255
2,47,64.5467,GROUND_SPOOKYGROUND,255
3,47,65.0128,GROUND_SPOOKYGROUND,255
4,47,65.34,GROUND_SPOOKYGROUND,255
5,47,65.579,GROUND_SPOOKYGROUND,255
6,47,65.7094,GROUND_SPOOKYGROUND,255
7,47,65.7776,GROUND_SPOOKYGROUND,255
8,47,65.762,GROUND_SPOOKYGROUND,255
9,47,65.6629,GROUND_SPOOKYGROUND,255
10,47,65.4458,GROUND_SPOOKYGROUND,255
11,47,65.2664,GROUND_SPOOKYGROUND,255
12,47,65.1939,GROUND_SPOOKYGROUND,255
13,47,65.243,GROUND_SPOOKYGROUND,255
14,47,67.3679,GROUND_SPOOKYGROUND,255
15,47,67.6805,GROUND_SPOOKYGROUND,255
16,47,68.2369,GROUND_SPOOKYGROUND,255
17,47,69.0655,GROUND_SPOOKYGROUND,255
18,47,70.0825,GROUND_SPOOKYGROUND,255
19,47,71.3718,GROUND_SPOOKYGROUND,255
20,47,72.4843,GROUND_SPOOKYGROUND,255
21,47,74.5312,GROUND_SPOOKYGROUND,255
22,47,76.6487,GROUND_SPOOKYGROUND,255
23,47,78.7811,GROUND_SPOOKYGROUND,255
24,47,79.9084,GROUND_SPOOKYGROUND,255
25,47,80.9772,GROUND_SPOOKYGROUND,255
26,47,81.409,GROUND_SPOOKYTREES,255
27,47,81.4825,GROUND_SPOOKYTREES,255
28,47,81.491,GROUND_SPOOKYTREES,255
29,47,81.3331,GROUND_SPOOKYTREES,255
30,47,80.9733,GROUND_SPOOKYTREES,255
31,47,80.4651,GROUND_SPOOKYTREES,255
32,47,79.3653,GROUND_SPOOKYTREES,255
33,47,78.1956,GROUND_SPOOKYGROUND,255
34,47,77.1473,GROUND_SPOOKYGROUND,255
35,47,76.3857,GROUND_SPOOKYGROUND,255
36,47,75.502,GROUND_SPOOKYGROUND,255
37,47,74.7958,GROUND_SPOOKYGROUND,255
38,47,74.1356,GROUND_SPOOKYGROUND,255
39,47,73.7542,GROUND_SPOOKYGROUND,255
40,47,73.5963,GROUND_SPOOKYGROUND,255
41,47,73.1457,GROUND_SPOOKYGROUND,255
42,47,72.5535,GROUND_SPOOKYGROUND,255
43,47,71.7895,GROUND_SPOOKYGROUND,255
44,47,71.0715,GROUND_SPOOKYGROUND,255
45,47,70.6426,GROUND_SPOOKYGROUND,255
46,47,70.5532,GROUND_SPOOKYGROUND,255
47,47,70.4638,GROUND_SPOOKYGROUND,255
48,47,70.3745,GROUND_SPOOKYGROUND,255
49,47,70.2851,GROUND_SPOOKYGROUND,255
50,47,70.1957,GROUND_SPOOKYGROUND,255
51,47,70.1063,GROUND_SPOOKYGROUND,255
52,47,70.0169,GROUND_SPOOKYGROUND,255
53,47,69.9275,GROUND_SPOOKYGROUND,255
54,47,69.7353,GROUND_SPOOKYGROUND,255
55,47,69.3188,GROUND_SPOOKYGROUND,255
56,47,68.8366,GROUND_SPOOKYGROUND,255
57,47,68.3544,GROUND_SPOOKYGROUND,255
58,47,67.8722,GROUND_SPOOKYGROUND,255
59,47,67.39,GROUND_SPOOKYGROUND,255
60,47,66.9078,GROUND_SPOOKYGROUND,255
61,47,66.4256,GROUND_SPOOKYGROUND,255
62,47,65.9434,GROUND_SPOOKYGROUND,255
63,47,65.4612,GROUND_SPOOKYGROUND,255
64,47,64.979,GROUND_SPOOKYGROUND,255
0,48,63.505,GROUND_SPOOKYGROUND,255
1,48,64.3048,GROUND_SPOOKYGROUND,255
2,48,64.9296,GROUND_SPOOKYGROUND,255
3,48,65.4861,GROUND_SPOOKYGROUND,255
4,48,65.8553,GROUND_SPOOKYGROUND,255
5,48,66.1441,GROUND_SPOOKYGROUND,255
6,48,66.3144,GROUND_SPOOKYGROUND,255
7,48,66.4146,GROUND_SPOOKYGROUND,255
8,48,66.4608,GROUND_SPOOKYGROUND,255
9,48,66.4281,GROUND_SPOOKYGROUND,255
10,48,66.2478,GROUND_SPOOKYGROUND,255
11,48,66.0344,GROUND_SPOOKYGROUND,255
12,48,65.8395,GROUND_SPOOKYGROUND,255
13,48,65.7912,GROUND_SPOOKYGROUND,255
14,48,67.8111,GROUND_SPOOKYGROUND,255
15,48,68.0164,GROUND_SPOOKYGROUND,255
16,48,68.4676,GROUND_SPOOKYGROUND,255
17,48,69.2082,GROUND_SPOOKYGROUND,255
18,48,70.1436,GROUND_SPOOKYGROUND,255
19,48,71.3567,GROUND_SPOOKYGROUND,255
20,48,73.1091,GROUND_SPOOKYGROUND,255
21,48,75.2749,GROUND_SPOOKYGROUND,255
22,48,77.6165,GROUND_SPOOKYGROUND,255
23,48,79.3797,GROUND_SPOOKYGROUND,255
24,48,80.7907,GROUND_SPOOKYGROUND,255
25,48,81.3866,GROUND_SPOOKYGROUND,255
26,48,81.9696,GROUND_SPOOKYGROUND,255
27,48,82.007,GROUND_SPOOKYTREES,255
28,48,82.0016,GROUND_SPOOKYTREES,255
29,48,81.8437,GROUND_SPOOKYTREES,255
30,48,81.4712,GROUND_SPOOKYTREES,255
31,48,80.8518,GROUND_SPOOKYTREES,255
32,48,79.9184,GROUND_SPOOKYGROUND,255
33,48,78.6638,GROUND_SPOOKYGROUND,255
34,48,77.4054,GROUND_SPOOKYGROUND,255
35,48,76.8963,GROUND_SPOOKYGROUND,255
36,48,75.9001,GROUND_SPOOKYGROUND,255
37,48,75.2186,GROUND_SPOOKYGROUND,255
38,48,74.6577,GROUND_SPOOKYGROUND,255
39,48,74.2648,GROUND_SPOOKYGROUND,255
40,48,74.1069,GROUND_SPOOKYGROUND,255
41,48,73.5204,GROUND_SPOOKYGROUND,255
42,48,72.7347,GROUND_SPOOKYGROUND,255
43,48,71.9647,GROUND_SPOOKYGROUND,255
44,48,71.4457,GROUND_SPOOKYGROUND,255
45,48,71.1314,GROUND_SPOOKYGROUND,255
46,48,71.042,GROUND_SPOOKYGROUND,255
47,48,70.9526,GROUND_SPOOKYGROUND,255
48,48,70.8633,GROUND_SPOOKYGROUND,255
49,48,70.7739,GROUND_SPOOKYGROUND,255
50,48,70.6845,GROUND_SPOOKYGROUND,255
51,48,70.5951,GROUND_SPOOKYGROUND,255
52,48,70.5057,GROUND_SPOOKYGROUND,255
53,48,70.4163,GROUND_SPOOKYGROUND,255
54,48,70.2037,GROUND_SPOOKYGROUND,255
55,48,69.8268,GROUND_SPOOKYGROUND,255
56,48,69.3446,GROUND_SPOOKYGROUND,255
57,48,68.8624,GROUND_SPOOKYGROUND,255
58,48,68.3802,GROUND_SPOOKYGROUND,255
59,48,67.898,GROUND_SPOOKYGROUND,255
60,48,67.4158,GROUND_SPOOKYGROUND,255
61,48,66.9336,GROUND_SPOOKYGROUND,255
62,48,66.4514,GROUND_SPOOKYGROUND,255
63,48,65.9692,GROUND_SPOOKYGROUND,255
64,48,65.4871,GROUND_SPOOKYGROUND,255
0,49,63.7435,GROUND_SPOOKYGROUND,255
1,49,64.5964,GROUND_SPOOKYGROUND,255
2,49,65.308,GROUND_SPOOKYGROUND,255
3,49,65.8738,GROUND_SPOOKYGROUND,255
4,49,66.2641,GROUND_SPOOKYGROUND,255
5,49,66.6403,GROUND_SPOOKYGROUND,255
6,49,66.8545,GROUND_SPOOKYGROUND,255
7,49,67.0242,GROUND_SPOOKYGROUND,255
8,49,67.0978,GROUND_SPOOKYGROUND,255
9,49,67.0756,GROUND_SPOOKYGROUND,255
10,49,67.0514,GROUND_SPOOKYGROUND,255
11,49,66.8622,GROUND_SPOOKYGROUND,255
12,49,66.5946,GROUND_SPOOKYGROUND,255
13,49,66.9931,GROUND_SPOOKYGROUND,255
14,49,67.4361,GROUND_SPOOKYGROUND,255
15,49,68.1178,GROUND_SPOOKYGROUND,255
16,49,68.8102,GROUND_SPOOKYGROUND,255
17,49,69.4464,GROUND_SPOOKYGROUND,255
18,49,70.3574,GROUND_SPOOKYGROUND,255
19,49,71.8318,GROUND_SPOOKYGROUND,255
20,49,73.4636,GROUND_SPOOKYGROUND,255
21,49,75.8803,GROUND_SPOOKYGROUND,255
22,49,78.1203,GROUND_SPOOKYGROUND,255
23,49,80.1771,GROUND_SPOOKYGROUND,255
24,49,81.1443,GROUND_SPOOKYGROUND,255
25,49,81.9615,GROUND_SPOOKYGROUND,255
26,49,82.3161,GROUND_SPOOKYGROUND,255
27,49,82.5235,GROUND_SPOOKYGROUND,255
28,49,82.5122,GROUND_SPOOKYGROUND,255
29,49,82.3543,GROUND_SPOOKYGROUND,255
30,49,81.956,GROUND_SPOOKYGROUND,255
31,49,81.4927,GROUND_SPOOKYGROUND,255
32,49,80.429,GROUND_SPOOKYGROUND,255
33,49,79.1744,GROUND_SPOOKYGROUND,255
34,49,78.0668,GROUND_SPOOKYGROUND,255
35,49,77.2021,GROUND_SPOOKYGROUND,255
36,49,76.5233,GROUND_SPOOKYGROUND,255
37,49,75.6706,GROUND_SPOOKYGROUND,255
38,49,75.1391,GROUND_SPOOKYGROUND,255
39,49,74.7754,GROUND_SPOOKYGROUND,255
40,49,74.4632,GROUND_SPOOKYGROUND,255
41,49,74.0231,GROUND_SPOOKYGROUND,255
42,49,73.2718,GROUND_SPOOKYGROUND,255
43,49,72.4037,GROUND_SPOOKYGROUND,255
44,49,71.9519,GROUND_SPOOKYGROUND,255
45,49,71.6202,GROUND_SPOOKYGROUND,255
46,49,71.5308,GROUND_SPOOKYGROUND,255
47,49,71.4414,GROUND_SPOOKYGROUND,255
48,49,71.3521,GROUND_SPOOKYGROUND,255
49,49,71.2627,GROUND_SPOOKYGROUND,255
50,49,71.1733,GROUND_SPOOKYGROUND,255
51,49,71.0839,GROUND_SPOOKYGROUND,255
52,49,71.0393,GROUND_SPOOKYGROUND,255
53,49,70.9051,GROUND_SPOOKYGROUND,255
54,49,70.683,GROUND_SPOOKYGROUND,255
55,49,70.3348,GROUND_SPOOKYGROUND,255
56,49,69.8526,GROUND_SPOOKYGROUND,255
57,49,69.3704,GROUND_SPOOKYGROUND,255
58,49,68.8883,GROUND_SPOOKYGROUND,255
59,49,68.4061,GROUND_SPOOKYGROUND,255
60,49,67.9239,GROUND_SPOOKYGROUND,255
61,49,67.4417,GROUND_SPOOKYGROUND,255
62,49,66.9595,GROUND_SPOOKYGROUND,255
63,49,66.4773,GROUND_SPOOKYGROUND,255
64,49,65.9951,GROUND_SPOOKYGROUND,255
0,50,63.9322,GROUND_SPOOKYGROUND,255
1,50,64.8373,GROUND_SPOOKYGROUND,255
2,50,65.6178,GROUND_SPOOKYGROUND,255
3,50,66.1895,GROUND_SPOOKYGROUND,255
4,50,66.6879,GROUND_SPOOKYGROUND,255
5,50,67.0869,GROUND_SPOOKYGROUND,255
6,50,67.3802,GROUND_SPOOKYGROUND,255
7,50,67.5407,GROUND_SPOOKYGROUND,255
8,50,67.681,GROUND_SPOOKYGROUND,255
9,50,67.7563,GROUND_SPOOKYGROUND,255
10,50,67.7542,GROUND_SPOOKYGROUND,255
11,50,67.6607,GROUND_SPOOKYGROUND,255
12,50,67.4155,GROUND_SPOOKYGROUND,255
13,50,67.5109,GROUND_SPOOKYGROUND,255
14,50,67.8319,GROUND_SPOOKYGROUND,255
15,50,68.4527,GROUND_SPOOKYGROUND,255
16,50,69.2845,GROUND_SPOOKYGROUND,255
17,50,69.8037,GROUND_SPOOKYGROUND,255
18,50,70.6091,GROUND_SPOOKYGROUND,255
19,50,72.0135,GROUND_SPOOKYGROUND,255
20,50,73.7198,GROUND_SPOOKYGROUND,255
21,50,76.1171,GROUND_SPOOKYGROUND,255
22,50,78.5121,GROUND_SPOOKYGROUND,255
23,50,80.7027,GROUND_SPOOKYGROUND,255
24,50,81.8456,GROUND_SPOOKYGROUND,255
25,50,82.5039,GROUND_SPOOKYGROUND,255
26,50,82.8228,GROUND_SPOOKYTREES,255
27,50,83.002,GROUND_SPOOKYTREES,255
28,50,83.0229,GROUND_SPOOKYTREES,255
29,50,82.865,GROUND_SPOOKYTREES,255
30,50,82.4557,GROUND_SPOOKYTREES,255
31,50,81.9981,GROUND_SPOOKYGROUND,255
32,50,80.782,GROUND_SPOOKYGROUND,255
33,50,79.4794,GROUND_SPOOKYGROUND,255
34,50,78.4567,GROUND_SPOOKYGROUND,255
35,50,77.5293,GROUND_SPOOKYGROUND,255
36,50,76.7919,GROUND_SPOOKYGROUND,255
37,50,76.0856,GROUND_SPOOKYGROUND,255
38,50,75.6444,GROUND_SPOOKYGROUND,255
39,50,75.286,GROUND_SPOOKYGROUND,255
40,50,74.7768,GROUND_SPOOKYGROUND,255
41,50,74.1314,GROUND_SPOOKYGROUND,255
42,50,73.421,GROUND_SPOOKYGROUND,255
43,50,72.7132,GROUND_SPOOKYGROUND,255
44,50,72.2919,GROUND_SPOOKYGROUND,255
45,50,72.109,GROUND_SPOOKYGROUND,255
46,50,72.0196,GROUND_SPOOKYGROUND,255
47,50,71.9303,GROUND_SPOOKYGROUND,255
48,50,71.8409,GROUND_SPOOKYGROUND,255
49,50,71.7515,GROUND_SPOOKYGROUND,255
50,50,71.7087,GROUND_SPOOKYGROUND,255
51,50,71.6527,GROUND_SPOOKYGROUND,255
52,50,71.6452,GROUND_SPOOKYGROUND,255
53,50,71.5421,GROUND_SPOOKYGROUND,255
54,50,71.2534,GROUND_SPOOKYGROUND,255
55,50,70.8429,GROUND_SPOOKYGROUND,255
56,50,70.3607,GROUND_SPOOKYGROUND,255
57,50,69.8785,GROUND_SPOOKYGROUND,255
58,50,69.3963,GROUND_SPOOKYGROUND,255
59,50,68.9141,GROUND_SPOOKYGROUND,255
60,50,68.4319,GROUND_SPOOKYGROUND,255
61,50,67.9497,GROUND_SPOOKYGROUND,255
62,50,67.4675,GROUND_SPOOKYGROUND,255
63,50,66.9853,GROUND_SPOOKYGROUND,255
64,50,66.5031,GROUND_SPOOKYGROUND,255
0,51,64.2686,GROUND_SPOOKYGROUND,255
1,51,65.0368,GROUND_SPOOKYGROUND,255
2,51,65.8389,GROUND_SPOOKYGROUND,255
3,51,66.5407,GROUND_SPOOKYGROUND,255
4,51,67.0406,GROUND_SPOOKYGROUND,255
5,51,67.4706,GROUND_SPOOKYGROUND,255
6,51,67.8153,GROUND_SPOOKYGROUND,255
7,51,68.0481,GROUND_SPOOKYGROUND,255
8,51,68.232,GROUND_SPOOKYGROUND,255
9,51,68.346,GROUND_SPOOKYGROUND,255
10,51,68.4184,GROUND_SPOOKYGROUND,255
11,51,68.376,GROUND_SPOOKYGROUND,255
12,51,68.2555,GROUND_SPOOKYGROUND,255
13,51,68.2002,GROUND_SPOOKYGROUND,255
14,51,68.3432,GROUND_SPOOKYGROUND,255
15,51,68.8191,GROUND_SPOOKYGROUND,255
16,51,69.2897,GROUND_SPOOKYGROUND,255
17,51,70.2952,GROUND_SPOOKYGROUND,255
18,51,71.3193,GROUND_SPOOKYGROUND,255
19,51,72.3632,GROUND_SPOOKYGROUND,255
20,51,74.0799,GROUND_SPOOKYGROUND,255
21,51,76.3509,GROUND_SPOOKYGROUND,255
22,51,78.8622,GROUND_SPOOKYGROUND,255
23,51,81.0929,GROUND_SPOOKYGROUND,255
24,51,82.1946,GROUND_SPOOKYGROUND,255
25,51,82.9485,GROUND_SPOOKYTREES,255
26,51,83.3137,GROUND_SPOOKYTREES,255
27,51,83.3806,GROUND_SPOOKYTREES,255
28,51,83.4405,GROUND_SPOOKYTREES,255
29,51,83.3958,GROUND_SPOOKYTREES,255
30,51,83.0789,GROUND_SPOOKYTREES,255
31,51,82.4382,GROUND_SPOOKYTREES,255
32,51,81.2023,GROUND_SPOOKYGROUND,255
33,51,79.6817,GROUND_SPOOKYGROUND,255
34,51,78.5861,GROUND_SPOOKYGROUND,255
35,51,77.9443,GROUND_SPOOKYGROUND,255
36,51,77.238,GROUND_SPOOKYGROUND,255
37,51,76.5006,GROUND_SPOOKYGROUND,255
38,51,75.9545,GROUND_SPOOKYGROUND,255
39,51,75.571,GROUND_SPOOKYGROUND,255
40,51,75.06,GROUND_SPOOKYGROUND,255
41,51,74.4308,GROUND_SPOOKYGROUND,255
42,51,73.6798,GROUND_SPOOKYGROUND,255
43,51,73.3161,GROUND_SPOOKYGROUND,255
44,51,72.8382,GROUND_SPOOKYGROUND,255
45,51,72.5978,GROUND_SPOOKYGROUND,255
46,51,72.5084,GROUND_SPOOKYGROUND,255
47,51,72.4191,GROUND_SPOOKYGROUND,255
48,51,72.3297,GROUND_SPOOKYTREES,255
49,51,72.2403,GROUND_SPOOKYTREES,255
50,51,72.2708,GROUND_SPOOKYTREES,255
51,51,72.2924,GROUND_SPOOKYTREES,255
52,51,72.2627,GROUND_SPOOKYTREES,255
53,51,72.0952,GROUND_SPOOKYGROUND,255
54,51,71.8331,GROUND_SPOOKYGROUND,255
55,51,71.3509,GROUND_SPOOKYGROUND,255
56,51,70.8687,GROUND_SPOOKYGROUND,255
57,51,70.3865,GROUND_SPOOKYGROUND,255
58,51,69.9043,GROUND_SPOOKYGROUND,255
59,51,69.4221,GROUND_SPOOKYGROUND,255
60,51,68.9399,GROUND_SPOOKYGROUND,255
61,51,68.4577,GROUND_SPOOKYGROUND,255
62,51,67.9755,GROUND_SPOOKYGROUND,255
63,51,67.4933,GROUND_SPOOKYGROUND,255
64,51,67.0111,GROUND_SPOOKYGROUND,255
0,52,64.5312,GROUND_SPOOKYTREES,255
1,52,65.2697,GROUND_SPOOKYTREES,255
2,52,66.1275,GROUND_SPOOKYGROUND,255
3,52,66.8359,GROUND_SPOOKYGROUND,255
4,52,67.4278,GROUND_SPOOKYGROUND,255
5,52,67.8629,GROUND_SPOOKYGROUND,255
6,52,68.2519,GROUND_SPOOKYGROUND,255
7,52,68.5362,GROUND_SPOOKYGROUND,255
8,52,68.7197,GROUND_SPOOKYGROUND,255
9,52,68.9035,GROUND_SPOOKYGROUND,255
10,52,69.0034,GROUND_SPOOKYGROUND,255
11,52,69.013,GROUND_SPOOKYGROUND,255
12,52,68.9792,GROUND_SPOOKYGROUND,255
13,52,68.8998,GROUND_SPOOKYGROUND,255
14,52,69.0508,GROUND_SPOOKYGROUND,255
15,52,69.1321,GROUND_SPOOKYGROUND,255
16,52,69.9601,GROUND_SPOOKYGROUND,255
17,52,70.898,GROUND_SPOOKYGROUND,255
18,52,71.8231,GROUND_SPOOKYGROUND,255
19,52,72.8401,GROUND_SPOOKYGROUND,255
20,52,74.6119,GROUND_SPOOKYGROUND,255
21,52,76.849,GROUND_SPOOKYGROUND,255
22,52,79.7022,GROUND_SPOOKYGROUND,255
23,52,81.406,GROUND_SPOOKYGROUND,255
24,52,82.5297,GROUND_SPOOKYGROUND,255
25,52,83.0633,GROUND_SPOOKYTREES,255
26,52,83.6273,GROUND_SPOOKYTREES,255
27,52,83.7455,GROUND_SPOOKYTREES,255
28,52,83.894,GROUND_SPOOKYTREES,255
29,52,83.7676,GROUND_SPOOKYTREES,255
30,52,83.5339,GROUND_SPOOKYTREES,255
31,52,82.9809,GROUND_SPOOKYTREES,255
32,52,81.8789,GROUND_SPOOKYGROUND,255
33,52,80.4429,GROUND_SPOOKYGROUND,255
34,52,79.0967,GROUND_SPOOKYGROUND,255
35,52,78.2715,GROUND_SPOOKYGROUND,255
36,52,77.5067,GROUND_SPOOKYGROUND,255
37,52,76.8916,GROUND_SPOOKYGROUND,255
38,52,76.4651,GROUND_SPOOKYGROUND,255
39,52,75.9694,GROUND_SPOOKYGROUND,255
40,52,75.3518,GROUND_SPOOKYGROUND,255
41,52,74.6502,GROUND_SPOOKYGROUND,255
42,52,74.1234,GROUND_SPOOKYGROUND,255
43,52,73.7925,GROUND_SPOOKYGROUND,255
44,52,73.3374,GROUND_SPOOKYGROUND,255
45,52,73.1301,GROUND_SPOOKYGROUND,255
46,52,72.9972,GROUND_SPOOKYGROUND,255
47,52,72.9079,GROUND_SPOOKYTREES,255
48,52,72.8185,GROUND_SPOOKYTREES,255
49,52,72.7291,GROUND_SPOOKYTREES,255
50,52,72.7596,GROUND_SPOOKYTREES,255
51,52,72.8412,GROUND_SPOOKYTREES,255
52,52,72.8195,GROUND_SPOOKYTREES,255
53,52,72.6428,GROUND_SPOOKYTREES,255
54,52,72.3411,GROUND_SPOOKYGROUND,255
55,52,71.8589,GROUND_SPOOKYGROUND,255
56,52,71.3767,GROUND_SPOOKYGROUND,255
57,52,70.8945,GROUND_SPOOKYGROUND,255
58,52,70.4123,GROUND_SPOOKYGROUND,255
59,52,69.9301,GROUND_SPOOKYGROUND,255
60,52,69.4479,GROUND_SPOOKYGROUND,255
61,52,68.9657,GROUND_SPOOKYGROUND,255
62,52,68.4835,GROUND_SPOOKYGROUND,255
63,52,68.0013,GROUND_SPOOKYGROUND,255
64,52,67.5191,GROUND_SPOOKYGROUND,255
0,53,64.79,GROUND_SPOOKYTREES,255
1,53,65.5152,GROUND_SPOOKYTREES,255
2,53,66.3609,GROUND_SPOOKYTREES,255
3,53,67.1257,GROUND_SPOOKYGROUND,255
4,53,67.7116,GROUND_SPOOKYGROUND,255
5,53,68.2422,GROUND_SPOOKYGROUND,255
6,53,68.6373,GROUND_SPOOKYGROUND,255
7,53,68.9215,GROUND_SPOOKYGROUND,255
8,53,69.2057,GROUND_SPOOKYGROUND,255
9,53,69.3925,GROUND_SPOOKYGROUND,255
10,53,69.5613,GROUND_SPOOKYGROUND,255
11,53,69.6656,GROUND_SPOOKYGROUND,255
12,53,69.6688,GROUND_SPOOKYGROUND,255
13,53,69.6182,GROUND_SPOOKYGROUND,255
14,53,69.7157,GROUND_SPOOKYGROUND,255
15,53,69.9842,GROUND_SPOOKYGROUND,255
16,53,70.3686,GROUND_SPOOKYGROUND,255
17,53,71.2271,GROUND_SPOOKYGROUND,255
18,53,72.3902,GROUND_SPOOKYGROUND,255
19,53,73.3407,GROUND_SPOOKYGROUND,255
20,53,75.233,GROUND_SPOOKYGROUND,255
21,53,77.5247,GROUND_SPOOKYGROUND,255
22,53,79.9107,GROUND_SPOOKYGROUND,255
23,53,81.3767,GROUND_SPOOKYGROUND,255
24,53,82.5537,GROUND_SPOOKYGROUND,255
25,53,83.4351,GROUND_SPOOKYTREES,255
26,53,83.8526,GROUND_SPOOKYTREES,255
27,53,84.0546,GROUND_SPOOKYTREES,255
28,53,84.1225,GROUND_SPOOKYTREES,255
29,53,84.1001,GROUND_SPOOKYTREES,255
30,53,83.848,GROUND_SPOOKYTREES,255
31,53,83.1628,GROUND_SPOOKYTREES,255
32,53,82.2418,GROUND_SPOOKYTREES,255
33,53,81.0383,GROUND_SPOOKYGROUND,255
34,53,79.6276,GROUND_SPOOKYGROUND,255
35,53,78.7007,GROUND_SPOOKYGROUND,255
36,53,77.8188,GROUND_SPOOKYGROUND,255
37,53,77.3371,GROUND_SPOOKYGROUND,255
38,53,76.6769,GROUND_SPOOKYGROUND,255
39,53,76.166,GROUND_SPOOKYGROUND,255
40,53,75.5885,GROUND_SPOOKYGROUND,255
41,53,74.9336,GROUND_SPOOKYGROUND,255
42,53,74.6457,GROUND_SPOOKYGROUND,255
43,53,74.2203,GROUND_SPOOKYGROUND,255
44,53,73.8017,GROUND_SPOOKYGROUND,255
45,53,73.6236,GROUND_SPOOKYGROUND,255
46,53,73.486,GROUND_SPOOKYGROUND,255
47,53,73.3967,GROUND_SPOOKYTREES,255
48,53,73.3073,GROUND_SPOOKYTREES,255
49,53,73.2179,GROUND_SPOOKYTREES,255
50,53,73.2484,GROUND_SPOOKYTREES,255
51,53,73.2787,GROUND_SPOOKYTREES,255
52,53,73.2573,GROUND_SPOOKYTREES,255
53,53,73.096,GROUND_SPOOKYTREES,255
54,53,72.7867,GROUND_SPOOKYGROUND,255
55,53,72.3669,GROUND_SPOOKYGROUND,255
56,53,71.8847,GROUND_SPOOKYGROUND,255
57,53,71.4025,GROUND_SPOOKYGROUND,255
58,53,70.9203,GROUND_SPOOKYGROUND,255
59,53,70.4381,GROUND_SPOOKYGROUND,255
60,53,69.9559,GROUND_SPOOKYGROUND,255
61,53,69.4737,GROUND_SPOOKYGROUND,255
62,53,68.9915,GROUND_SPOOKYGROUND,255
63,53,68.5093,GROUND_SPOOKYGROUND,255
64,53,68.0272,GROUND_SPOOKYGROUND,255
0,54,65.0866,GROUND_SPOOKYTREES,255
1,54,65.7035,GROUND_SPOOKYTREES,255
2,54,66.5713,GROUND_SPOOKYTREES,255
3,54,67.3411,GROUND_SPOOKYGROUND,255
4,54,67.9999,GROUND_SPOOKYGROUND,255
5,54,68.5643,GROUND_SPOOKYGROUND,255
6,54,68.9661,GROUND_SPOOKYGROUND,255
7,54,69.3068,GROUND_SPOOKYGROUND,255
8,54,69.591,GROUND_SPOOKYGROUND,255
9,54,69.8753,GROUND_SPOOKYGROUND,255
10,54,70.0636,GROUND_SPOOKYGROUND,255
11,54,70.2217,GROUND_SPOOKYGROUND,255
12,54,70.3433,GROUND_SPOOKYGROUND,255
13,54,70.6139,GROUND_SPOOKYGROUND,255
14,54,70.5985,GROUND_SPOOKYGROUND,255
15,54,70.8849,GROUND_SPOOKYGROUND,255
16,54,71.0209,GROUND_SPOOKYGROUND,255
17,54,71.838,GROUND_SPOOKYGROUND,255
18,54,72.7271,GROUND_SPOOKYGROUND,255
19,54,73.9309,GROUND_SPOOKYGROUND,255
20,54,75.5222,GROUND_SPOOKYGROUND,255
21,54,77.7801,GROUND_SPOOKYGROUND,255
22,54,79.8999,GROUND_SPOOKYGROUND,255
23,54,81.7357,GROUND_SPOOKYGROUND,255
24,54,82.8769,GROUND_SPOOKYGROUND,255
25,54,83.5648,GROUND_SPOOKYTREES,255
26,54,84.0129,GROUND_SPOOKYTREES,255
27,54,84.3468,GROUND_SPOOKYTREES,255
28,54,84.4057,GROUND_SPOOKYTREES,255
29,54,84.2605,GROUND_SPOOKYTREES,255
30,54,83.9543,GROUND_SPOOKYTREES,255
31,54,83.577,GROUND_SPOOKYTREES,255
32,54,82.531,GROUND_SPOOKYTREES,255
33,54,81.2964,GROUND_SPOOKYGROUND,255
34,54,80.1814,GROUND_SPOOKYGROUND,255
35,54,79.0564,GROUND_SPOOKYGROUND,255
36,54,78.3852,GROUND_SPOOKYGROUND,255
37,54,77.4217,GROUND_SPOOKYGROUND,255
38,54,76.8691,GROUND_SPOOKYGROUND,255
39,54,76.3605,GROUND_SPOOKYGROUND,255
40,54,75.9493,GROUND_SPOOKYGROUND,255
41,54,75.5518,GROUND_SPOOKYGROUND,255
42,54,75.2321,GROUND_SPOOKYGROUND,255
43,54,74.6399,GROUND_SPOOKYGROUND,255
44,54,74.3091,GROUND_SPOOKYGROUND,255
45,54,74.1115,GROUND_SPOOKYGROUND,255
46,54,73.9749,GROUND_SPOOKYGROUND,255
47,54,73.8855,GROUND_SPOOKYTREES,255
48,54,73.7961,GROUND_SPOOKYTREES,255
49,54,73.7067,GROUND_SPOOKYTREES,255
50,54,73.6647,GROUND_SPOOKYTREES,255
51,54,73.6594,GROUND_SPOOKYTREES,255
52,54,73.6153,GROUND_SPOOKYTREES,255
53,54,73.4979,GROUND_SPOOKYTREES,255
54,54,73.2736,GROUND_SPOOKYGROUND,255
55,54,72.8749,GROUND_SPOOKYGROUND,255
56,54,72.3927,GROUND_SPOOKYGROUND,255
57,54,71.9106,GROUND_SPOOKYGROUND,255
58,54,71.4284,GROUND_SPOOKYGROUND,255
59,54,70.9462,GROUND_SPOOKYGROUND,255
60,54,70.464,GROUND_SPOOKYGROUND,255
61,54,69.9818,GROUND_SPOOKYGROUND,255
62,54,69.4996,GROUND_SPOOKYGROUND,255
63,54,69.0174,GROUND_SPOOKYGROUND,255
64,54,68.5352,GROUND_SPOOKYGROUND,255
0,55,65.3218,GROUND_SPOOKYTREES,255
1,55,65.9396,GROUND_SPOOKYTREES,255
2,55,66.7356,GROUND_SPOOKYTREES,255
3,55,67.5777,GROUND_SPOOKYGROUND,255
4,55,68.2453,GROUND_SPOOKYGROUND,255
5,55,68.8066,GROUND_SPOOKYGROUND,255
6,55,69.285,GROUND_SPOOKYGROUND,255
7,55,69.6922,GROUND_SPOOKYGROUND,255
8,55,69.9764,GROUND_SPOOKYGROUND,255
9,55,70.2606,GROUND_SPOOKYGROUND,255
10,55,70.9064,GROUND_SPOOKYGROUND,255
11,55,71.1403,GROUND_SPOOKYGROUND,255
12,55,71.5556,GROUND_SPOOKYGROUND,255
13,55,71.7485,GROUND_SPOOKYGROUND,255
14,55,71.7291,GROUND_SPOOKYGROUND,255
15,55,72.0344,GROUND_SPOOKYGROUND,255
16,55,71.9654,GROUND_SPOOKYGROUND,255
17,55,72.5114,GROUND_SPOOKYGROUND,255
18,55,73.036,GROUND_SPOOKYGROUND,255
19,55,74.0471,GROUND_SPOOKYGROUND,255
20,55,75.9229,GROUND_SPOOKYGROUND,255
21,55,77.8487,GROUND_SPOOKYGROUND,255
22,55,80.0082,GROUND_SPOOKYGROUND,255
23,55,81.6556,GROUND_SPOOKYGROUND,255
24,55,82.957,GROUND_SPOOKYGROUND,255
25,55,83.6509,GROUND_SPOOKYTREES,255
26,55,84.1546,GROUND_SPOOKYTREES,255
27,55,84.4349,GROUND_SPOOKYTREES,255
28,55,84.5195,GROUND_SPOOKYTREES,255
29,55,84.4284,GROUND_SPOOKYTREES,255
30,55,84.1905,GROUND_SPOOKYTREES,255
31,55,83.7777,GROUND_SPOOKYTREES,255
32,55,82.7845,GROUND_SPOOKYTREES,255
33,55,81.9553,GROUND_SPOOKYGROUND,255
34,55,80.4071,GROUND_SPOOKYGROUND,255
35,55,79.3752,GROUND_SPOOKYGROUND,255
36,55,78.4144,GROUND_SPOOKYGROUND,255
37,55,77.641,GROUND_SPOOKYGROUND,255
38,55,77.0935,GROUND_SPOOKYGROUND,255
39,55,76.7036,GROUND_SPOOKYGROUND,255
40,55,76.3621,GROUND_SPOOKYGROUND,255
41,55,76.18,GROUND_SPOOKYGROUND,255
42,55,75.7623,GROUND_SPOOKYGROUND,255
43,55,75.1903,GROUND_SPOOKYGROUND,255
44,55,74.7899,GROUND_SPOOKYGROUND,255
45,55,74.553,GROUND_SPOOKYGROUND,255
46,55,74.4637,GROUND_SPOOKYGROUND,255
47,55,74.3743,GROUND_SPOOKYTREES,255
48,55,74.2849,GROUND_SPOOKYTREES,255
49,55,74.1955,GROUND_SPOOKYTREES,255
50,55,74.1061,GROUND_SPOOKYTREES,255
51,55,74.0558,GROUND_SPOOKYTREES,255
52,55,73.9748,GROUND_SPOOKYTREES,255
53,55,73.9062,GROUND_SPOOKYTREES,255
54,55,73.6908,GROUND_SPOOKYGROUND,255
55,55,73.383,GROUND_SPOOKYGROUND,255
56,55,72.9008,GROUND_SPOOKYGROUND,255
57,55,72.4186,GROUND_SPOOKYGROUND,255
58,55,71.9364,GROUND_SPOOKYGROUND,255
59,55,71.4542,GROUND_SPOOKYGROUND,255
60,55,70.972,GROUND_SPOOKYGROUND,255
61,55,70.4898,GROUND_SPOOKYGROUND,255
62,55,70.0076,GROUND_SPOOKYGROUND,255
63,55,69.5254,GROUND_SPOOKYGROUND,255
64,55,69.0432,GROUND_SPOOKYGROUND,255
0,56,65.5342,GROUND_SPOOKYTREES,255
1,56,66.0681,GROUND_SPOOKYTREES,255
2,56,66.8423,GROUND_SPOOKYTREES,255
3,56,67.6859,GROUND_SPOOKYGROUND,255
4,56,68.4503,GROUND_SPOOKYGROUND,255
5,56,69.0888,GROUND_SPOOKYGROUND,255
6,56,69.6079,GROUND_SPOOKYGROUND,255
7,56,70.0218,GROUND_SPOOKYGROUND,255
8,56,70.3617,GROUND_SPOOKYGROUND,255
9,56,71.172,GROUND_SPOOKYGROUND,255
10,56,71.9884,GROUND_SPOOKYGROUND,255
11,56,72.6257,GROUND_SPOOKYGROUND,255
12,56,73.5685,GROUND_SPOOKYGROUND,255
13,56,73.7362,GROUND_SPOOKYGROUND,255
14,56,73.8391,GROUND_SPOOKYGROUND,255
15,56,73.417,GROUND_SPOOKYGROUND,255
16,56,73.2502,GROUND_SPOOKYGROUND,255
17,56,73.5011,GROUND_SPOOKYGROUND,255
18,56,74.0667,GROUND_SPOOKYGROUND,255
19,56,74.7887,GROUND_SPOOKYGROUND,255
20,56,76.1001,GROUND_SPOOKYGROUND,255
21,56,77.7224,GROUND_SPOOKYGROUND,255
22,56,80.026,GROUND_SPOOKYGROUND,255
23,56,81.9011,GROUND_SPOOKYGROUND,255
24,56,83.1642,GROUND_SPOOKYGROUND,255
25,56,83.7926,GROUND_SPOOKYTREES,255
26,56,84.3344,GROUND_SPOOKYTREES,255
27,56,84.6145,GROUND_SPOOKYTREES,255
28,56,84.6515,GROUND_SPOOKYTREES,255
29,56,84.6175,GROUND_SPOOKYTREES,255
30,56,84.3865,GROUND_SPOOKYTREES,255
31,56,83.8356,GROUND_SPOOKYTREES,255
32,56,83.2305,GROUND_SPOOKYTREES,255
33,56,81.9863,GROUND_SPOOKYGROUND,255
34,56,80.9703,GROUND_SPOOKYGROUND,255
35,56,79.4276,GROUND_SPOOKYGROUND,255
36,56,78.6238,GROUND_SPOOKYGROUND,255
37,56,77.8722,GROUND_SPOOKYGROUND,255
38,56,77.3371,GROUND_SPOOKYGROUND,255
39,56,77.1746,GROUND_SPOOKYGROUND,255
40,56,77.0203,GROUND_SPOOKYGROUND,255
41,56,76.7771,GROUND_SPOOKYGROUND,255
42,56,76.2743,GROUND_SPOOKYGROUND,255
43,56,75.6761,GROUND_SPOOKYGROUND,255
44,56,75.2742,GROUND_SPOOKYGROUND,255
45,56,75.0418,GROUND_SPOOKYGROUND,255
46,56,74.9525,GROUND_SPOOKYGROUND,255
47,56,74.8631,GROUND_SPOOKYTREES,255
48,56,74.7737,GROUND_SPOOKYTREES,255
49,56,74.6843,GROUND_SPOOKYTREES,255
50,56,74.5949,GROUND_SPOOKYTREES,255
51,56,74.5055,GROUND_SPOOKYTREES,255
52,56,74.4162,GROUND_SPOOKYTREES,255
53,56,74.3268,GROUND_SPOOKYTREES,255
54,56,74.1859,GROUND_SPOOKYGROUND,255
55,56,73.891,GROUND_SPOOKYGROUND,255
56,56,73.4088,GROUND_SPOOKYGROUND,255
57,56,72.9266,GROUND_SPOOKYGROUND,255
58,56,72.4444,GROUND_SPOOKYGROUND,255
59,56,71.9622,GROUND_SPOOKYGROUND,255
60,56,71.48,GROUND_SPOOKYGROUND,255
61,56,70.9978,GROUND_SPOOKYGROUND,255
62,56,70.5156,GROUND_SPOOKYGROUND,255
63,56,70.0334,GROUND_SPOOKYGROUND,255
64,56,69.5512,GROUND_SPOOKYGROUND,255
0,57,65.7034,GROUND_SPOOKYTREES,255
1,57,66.1993,GROUND_SPOOKYTREES,255
2,57,66.8852,GROUND_SPOOKYTREES,255
3,57,67.8054,GROUND_SPOOKYTREES,255
4,57,68.6126,GROUND_SPOOKYGROUND,255
5,57,69.3242,GROUND_SPOOKYGROUND,255
6,57,69.8389,GROUND_SPOOKYGROUND,255
7,57,70.3564,GROUND_SPOOKYGROUND,255
8,57,71.4939,GROUND_SPOOKYGROUND,255
9,57,72.4768,GROUND_SPOOKYGROUND,255
10,57,73.6365,GROUND_SPOOKYGROUND,255
11,57,74.6902,GROUND_SPOOKYGROUND,255
12,57,75.1086,GROUND_SPOOKYGROUND,255
13,57,75.4468,GROUND_SPOOKYGROUND,255
14,57,75.1996,GROUND_SPOOKYGROUND,255
15,57,75.2612,GROUND_SPOOKYGROUND,255
16,57,74.9063,GROUND_SPOOKYGROUND,255
17,57,74.4843,GROUND_SPOOKYGROUND,255
18,57,75.0213,GROUND_SPOOKYGROUND,255
19,57,75.5796,GROUND_SPOOKYGROUND,255
20,57,76.2982,GROUND_SPOOKYGROUND,255
21,57,77.6815,GROUND_SPOOKYGROUND,255
22,57,80.0486,GROUND_SPOOKYGROUND,255
23,57,81.5874,GROUND_SPOOKYGROUND,255
24,57,83.0758,GROUND_SPOOKYTREES,255
25,57,83.9793,GROUND_SPOOKYTREES,255
26,57,84.5012,GROUND_SPOOKYTREES,255
27,57,84.7539,GROUND_SPOOKYTREES,255
28,57,84.8153,GROUND_SPOOKYTREES,255
29,57,84.7272,GROUND_SPOOKYTREES,255
30,57,84.5302,GROUND_SPOOKYTREES,255
31,57,83.9809,GROUND_SPOOKYTREES,255
32,57,83.297,GROUND_SPOOKYTREES,255
33,57,82.099,GROUND_SPOOKYGROUND,255
34,57,80.7218,GROUND_SPOOKYGROUND,255
35,57,79.4541,GROUND_SPOOKYGROUND,255
36,57,78.7663,GROUND_SPOOKYGROUND,255
37,57,78.0972,GROUND_SPOOKYGROUND,255
38,57,77.7155,GROUND_SPOOKYGROUND,255
39,57,77.5897,GROUND_SPOOKYGROUND,255
40,57,77.6188,GROUND_SPOOKYGROUND,255
41,57,77.3146,GROUND_SPOOKYGROUND,255
42,57,76.7139,GROUND_SPOOKYGROUND,255
43,57,76.17,GROUND_SPOOKYGROUND,255
44,57,75.7712,GROUND_SPOOKYGROUND,255
45,57,75.5307,GROUND_SPOOKYGROUND,255
46,57,75.4413,GROUND_SPOOKYGROUND,255
47,57,75.3519,GROUND_SPOOKYGROUND,255
48,57,75.2625,GROUND_SPOOKYTREES,255
49,57,75.1731,GROUND_SPOOKYTREES,255
50,57,75.0837,GROUND_SPOOKYTREES,255
51,57,74.9943,GROUND_SPOOKYTREES,255
52,57,74.905,GROUND_SPOOKYTREES,255
53,57,74.8156,GROUND_SPOOKYTREES,255
54,57,74.6141,GROUND_SPOOKYTREES,255
55,57,74.3135,GROUND_SPOOKYGROUND,255
56,57,73.9168,GROUND_SPOOKYGROUND,255
57,57,73.4346,GROUND_SPOOKYGROUND,255
58,57,72.9524,GROUND_SPOOKYGROUND,255
59,57,72.4702,GROUND_SPOOKYGROUND,255
60,57,71.988,GROUND_SPOOKYGROUND,255
61,57,71.5058,GROUND_SPOOKYGROUND,255
62,57,71.0236,GROUND_SPOOKYGROUND,255
63,57,70.5414,GROUND_SPOOKYGROUND,255
64,57,70.0592,GROUND_SPOOKYGROUND,255
0,58,65.919,GROUND_SPOOKYTREES,255
1,58,66.3954,GROUND_SPOOKYTREES,255
2,58,66.9178,GROUND_SPOOKYTREES,255
3,58,67.8016,GROUND_SPOOKYTREES,255
4,58,68.6295,GROUND_SPOOKYGROUND,255
5,58,69.4498,GROUND_SPOOKYGROUND,255
6,58,70.1046,GROUND_SPOOKYGROUND,255
7,58,71.5366,GROUND_SPOOKYGROUND,255
8,58,73.1929,GROUND_SPOOKYGROUND,255
9,58,74.48,GROUND_SPOOKYGROUND,255
10,58,75.0608,GROUND_SPOOKYGROUND,255
11,58,75.9141,GROUND_SPOOKYGROUND,255
12,58,76.422,GROUND_SPOOKYGROUND,255
13,58,76.6309,GROUND_SPOOKYGROUND,255
14,58,76.5218,GROUND_SPOOKYGROUND,255
15,58,76.3228,GROUND_SPOOKYGROUND,255
16,58,76.3306,GROUND_SPOOKYGROUND,255
17,58,75.9964,GROUND_SPOOKYGROUND,255
18,58,75.9502,GROUND_SPOOKYGROUND,255
19,58,76.2699,GROUND_SPOOKYGROUND,255
20,58,76.9621,GROUND_SPOOKYGROUND,255
21,58,78.1164,GROUND_SPOOKYGROUND,255
22,58,79.7847,GROUND_SPOOKYGROUND,255
23,58,81.454,GROUND_SPOOKYGROUND,255
24,58,83.1377,GROUND_SPOOKYTREES,255
25,58,84.1787,GROUND_SPOOKYTREES,255
26,58,84.6314,GROUND_SPOOKY_TEST06,255
27,58,84.8983,GROUND_SPOOKY_TEST06,255
28,58,85.0008,GROUND_SPOOKY_TEST06,255
29,58,84.9026,GROUND_SPOOKY_TEST06,255
30,58,84.6655,GROUND_SPOOKY_TEST06,255
31,58,84.2109,GROUND_SPOOKYTREES,255
32,58,83.3269,GROUND_SPOOKYTREES,255
33,58,82.0256,GROUND_SPOOKYGROUND,255
34,58,80.6405,GROUND_SPOOKYGROUND,255
35,58,79.5119,GROUND_SPOOKYGROUND,255
36,58,78.9642,GROUND_SPOOKYGROUND,255
37,58,78.4452,GROUND_SPOOKYGROUND,255
38,58,78.1751,GROUND_SPOOKYGROUND,255
39,58,78.1921,GROUND_SPOOKYGROUND,255
40,58,78.1665,GROUND_SPOOKYGROUND,255
41,58,77.8893,GROUND_SPOOKYGROUND,255
42,58,77.2132,GROUND_SPOOKYGROUND,255
43,58,76.7164,GROUND_SPOOKYGROUND,255
44,58,76.3309,GROUND_SPOOKYGROUND,255
45,58,76.1039,GROUND_SPOOKYGROUND,255
46,58,75.9301,GROUND_SPOOKYGROUND,255
47,58,75.8407,GROUND_SPOOKYGROUND,255
48,58,75.7513,GROUND_SPOOKYGROUND,255
49,58,75.6619,GROUND_SPOOKYTREES,255
50,58,75.5725,GROUND_SPOOKYTREES,255
51,58,75.4831,GROUND_SPOOKYTREES,255
52,58,75.3938,GROUND_SPOOKYTREES,255
53,58,75.2568,GROUND_SPOOKYTREES,255
54,58,75.089,GROUND_SPOOKYTREES,255
55,58,74.7931,GROUND_SPOOKYTREES,255
56,58,74.3797,GROUND_SPOOKYGROUND,255
57,58,73.8801,GROUND_SPOOKYGROUND,255
58,58,73.3936,GROUND_SPOOKYGROUND,255
59,58,72.9782,GROUND_SPOOKYGROUND,255
60,58,72.496,GROUND_SPOOKYGROUND,255
61,58,72.0138,GROUND_SPOOKYGROUND,255
62,58,71.5316,GROUND_SPOOKYGROUND,255
63,58,71.0495,GROUND_SPOOKYGROUND,255
64,58,70.5673,GROUND_SPOOKYGROUND,255
0,59,66.1932,GROUND_SPOOKYTREES,255
1,59,66.5022,GROUND_SPOOKYTREES,255
2,59,66.9857,GROUND_SPOOKYTREES,255
3,59,67.6999,GROUND_SPOOKYTREES,255
4,59,68.581,GROUND_SPOOKYGROUND,255
5,59,69.4732,GROUND_SPOOKYGROUND,255
6,59,70.942,GROUND_SPOOKYGROUND,255
7,59,72.9637,GROUND_SPOOKYGROUND,255
8,59,73.9541,GROUND_SPOOKYGROUND,255
9,59,75.3035,GROUND_SPOOKYGROUND,255
10,59,76.0182,GROUND_SPOOKYGROUND,255
11,59,76.8338,GROUND_SPOOKYGROUND,255
12,59,77.0179,GROUND_SPOOKYGROUND,255
13,59,77.2492,GROUND_SPOOKYGROUND,255
14,59,77.2828,GROUND_SPOOKYGROUND,255
15,59,77.3554,GROUND_SPOOKYGROUND,255
16,59,77.4332,GROUND_SPOOKYGROUND,255
17,59,77.2328,GROUND_SPOOKYGROUND,255
18,59,77.2638,GROUND_SPOOKYGROUND,255
19,59,77.279,GROUND_SPOOKYGROUND,255
20,59,77.6833,GROUND_SPOOKYGROUND,255
21,59,78.3182,GROUND_SPOOKYGROUND,255
22,59,79.5985,GROUND_SPOOKYGROUND,255
23,59,81.7885,GROUND_SPOOKYGROUND,255
24,59,83.3257,GROUND_SPOOKYTREES,255
25,59,84.1094,GROUND_SPOOKY_TEST06,255
26,59,84.6349,GROUND_SPOOKY_TEST06,255
27,59,84.8208,GROUND_SPOOKY_TEST06,255
28,59,84.9468,GROUND_SPOOKY_TEST06,255
29,59,84.8467,GROUND_SPOOKY_TEST06,255
30,59,84.5914,GROUND_SPOOKY_TEST06,255
31,59,84.182,GROUND_SPOOKY_TEST06,255
32,59,83.2915,GROUND_SPOOKYTREES,255
33,59,82.4406,GROUND_SPOOKYGROUND,255
34,59,80.877,GROUND_SPOOKYGROUND,255
35,59,79.7617,GROUND_SPOOKYGROUND,255
36,59,79.1204,GROUND_SPOOKYGROUND,255
37,59,78.8141,GROUND_SPOOKYGROUND,255
38,59,78.7857,GROUND_SPOOKYGROUND,255
39,59,78.7911,GROUND_SPOOKYGROUND,255
40,59,78.752,GROUND_SPOOKYGROUND,255
41,59,78.3532,GROUND_SPOOKYGROUND,255
42,59,77.8273,GROUND_SPOOKYGROUND,255
43,59,77.3757,GROUND_SPOOKYGROUND,255
44,59,77.001,GROUND_SPOOKYGROUND,255
45,59,76.707,GROUND_SPOOKYGROUND,255
46,59,76.5518,GROUND_SPOOKYGROUND,255
47,59,76.3835,GROUND_SPOOKYGROUND,255
48,59,76.2401,GROUND_SPOOKYTREES,255
49,59,76.1507,GROUND_SPOOKYTREES,255
50,59,76.0613,GROUND_SPOOKYTREES,255
51,59,75.972,GROUND_SPOOKYTREES,255
52,59,75.8441,GROUND_SPOOKYTREES,255
53,59,75.665,GROUND_SPOOKYTREES,255
54,59,75.4511,GROUND_SPOOKYTREES,255
55,59,75.1364,GROUND_SPOOKYTREES,255
56,59,74.7268,GROUND_SPOOKYTREES,255
57,59,74.2071,GROUND_SPOOKYTREES,255
58,59,73.7439,GROUND_SPOOKYTREES,255
59,59,73.2786,GROUND_SPOOKYTREES,255
60,59,72.884,GROUND_SPOOKYTREES,255
61,59,72.5219,GROUND_SPOOKYGROUND,255
62,59,72.0397,GROUND_SPOOKYGROUND,255
63,59,71.5575,GROUND_SPOOKYGROUND,255
64,59,71.0753,GROUND_SPOOKYGROUND,255
0,60,66.3529,GROUND_SPOOKYTREES,255
1,60,66.7172,GROUND_SPOOKYTREES,255
2,60,67.0507,GROUND_SPOOKYTREES,255
3,60,67.6673,GROUND_SPOOKYTREES,255
4,60,68.7585,GROUND_SPOOKYGROUND,255
5,60,70.0817,GROUND_SPOOKYGROUND,255
6,60,71.6606,GROUND_SPOOKYGROUND,255
7,60,73.4698,GROUND_SPOOKYGROUND,255
8,60,74.7701,GROUND_SPOOKYGROUND,255
9,60,75.7786,GROUND_SPOOKYGROUND,255
10,60,76.6453,GROUND_SPOOKYGROUND,255
11,60,77.1643,GROUND_SPOOKYGROUND,255
12,60,77.5836,GROUND_SPOOKYGROUND,255
13,60,77.9112,GROUND_SPOOKYGROUND,255
14,60,77.9394,GROUND_SPOOKYGROUND,255
15,60,78.0902,GROUND_SPOOKYGROUND,255
16,60,78.1326,GROUND_SPOOKYGROUND,255
17,60,78.1346,GROUND_SPOOKYGROUND,255
18,60,77.9692,GROUND_SPOOKYGROUND,255
19,60,78.0504,GROUND_SPOOKYGROUND,255
20,60,78.1501,GROUND_SPOOKYGROUND,255
21,60,79.0978,GROUND_SPOOKYGROUND,255
22,60,80.0558,GROUND_SPOOKYGROUND,255
23,60,82.0782,GROUND_SPOOKYGROUND,255
24,60,83.254,GROUND_SPOOKYTREES,255
25,60,84.1287,GROUND_SPOOKY_TEST06,255
26,60,84.5493,GROUND_SPOOKY_TEST06,255
27,60,84.8278,GROUND_SPOOKY_TEST06,255
28,60,84.9021,GROUND_SPOOKY_TEST06,255
29,60,84.834,GROUND_SPOOKY_TEST06,255
30,60,84.6161,GROUND_SPOOKY_TEST06,255
31,60,84.2201,GROUND_SPOOKY_TEST06,255
32,60,83.6686,GROUND_SPOOKYTREES,255
33,60,82.6538,GROUND_SPOOKYTREES,255
34,60,81.2564,GROUND_SPOOKYTREES,255
35,60,80.1575,GROUND_SPOOKYGROUND,255
36,60,79.5279,GROUND_SPOOKYGROUND,255
37,60,79.3194,GROUND_SPOOKYGROUND,255
38,60,79.3378,GROUND_SPOOKYGROUND,255
39,60,79.3993,GROUND_SPOOKYGROUND,255
40,60,79.3833,GROUND_SPOOKYGROUND,255
41,60,79.1629,GROUND_SPOOKYGROUND,255
42,60,78.5654,GROUND_SPOOKYGROUND,255
43,60,78.1376,GROUND_SPOOKYGROUND,255
44,60,77.81,GROUND_SPOOKYGROUND,255
45,60,77.4813,GROUND_SPOOKYGROUND,255
46,60,77.254,GROUND_SPOOKYGROUND,255
47,60,77.0267,GROUND_SPOOKYGROUND,255
48,60,76.8043,GROUND_SPOOKYTREES,255
49,60,76.6395,GROUND_SPOOKYTREES,255
50,60,76.5501,GROUND_SPOOKYTREES,255
51,60,76.3771,GROUND_SPOOKYTREES,255
52,60,76.2154,GROUND_SPOOKYTREES,255
53,60,76.0366,GROUND_SPOOKYTREES,255
54,60,75.7737,GROUND_SPOOKYTREES,255
55,60,75.4477,GROUND_SPOOKYTREES,255
56,60,75.0383,GROUND_SPOOKYTREES,255
57,60,74.4117,GROUND_SPOOKYTREES,255
58,60,73.8085,GROUND_SPOOKYTREES,255
59,60,73.4333,GROUND_SPOOKYTREES,255
60,60,73.1212,GROUND_SPOOKYTREES,255
61,60,72.8249,GROUND_SPOOKYTREES,255
62,60,72.401,GROUND_SPOOKYGROUND,255
63,60,71.9602,GROUND_SPOOKYGROUND,255
64,60,71.3873,GROUND_SPOOKYGROUND,255
0,61,66.6187,GROUND_SPOOKYTREES,255
1,61,66.8693,GROUND_SPOOKYTREES,255
2,61,67.1977,GROUND_SPOOKYTREES,255
3,61,67.8871,GROUND_SPOOKYTREES,255
4,61,69.0394,GROUND_SPOOKYGROUND,255
5,61,70.3406,GROUND_SPOOKYGROUND,255
6,61,72.4884,GROUND_SPOOKYGROUND,255
7,61,73.755,GROUND_SPOOKYGROUND,255
8,61,75.2685,GROUND_SPOOKYGROUND,255
9,61,76.2422,GROUND_SPOOKYGROUND,255
10,61,77.0101,GROUND_SPOOKYGROUND,255
11,61,77.4623,GROUND_SPOOKYGROUND,255
12,61,78.0306,GROUND_SPOOKYGROUND,255
13,61,78.1539,GROUND_SPOOKYGROUND,255
14,61,78.3973,GROUND_SPOOKYGROUND,255
15,61,78.4893,GROUND_SPOOKYGROUND,255
16,61,78.5771,GROUND_SPOOKYGROUND,255
17,61,78.6176,GROUND_SPOOKYGROUND,255
18,61,78.6454,GROUND_SPOOKYGROUND,255
19,61,78.7248,GROUND_SPOOKYGROUND,255
20,61,78.9041,GROUND_SPOOKYGROUND,255
21,61,79.3787,GROUND_SPOOKYGROUND,255
22,61,80.8065,GROUND_SPOOKYGROUND,255
23,61,82.4984,GROUND_SPOOKYGROUND,255
24,61,83.7305,GROUND_SPOOKYTREES,255
25,61,84.2809,GROUND_SPOOKY_TEST06,255
26,61,84.6308,GROUND_SPOOKY_TEST06,255
27,61,84.8438,GROUND_SPOOKY_TEST06,255
28,61,84.9186,GROUND_SPOOKY_TEST06,255
29,61,84.9095,GROUND_SPOOKY_TEST06,255
30,61,84.7255,GROUND_SPOOKY_TEST06,255
31,61,84.3683,GROUND_SPOOKY_TEST06,255
32,61,83.9619,GROUND_SPOOKYTREES,255
33,61,83.1242,GROUND_SPOOKYTREES,255
34,61,81.64,GROUND_SPOOKYTREES,255
35,61,80.6252,GROUND_SPOOKYTREES,255
36,61,80.086,GROUND_SPOOKYGROUND,255
37,61,79.873,GROUND_SPOOKYGROUND,255
38,61,79.7813,GROUND_SPOOKYGROUND,255
39,61,79.9775,GROUND_SPOOKYGROUND,255
40,61,80.0132,GROUND_SPOOKYGROUND,255
41,61,79.8112,GROUND_SPOOKYGROUND,255
42,61,79.4529,GROUND_SPOOKYGROUND,255
43,61,79.0561,GROUND_SPOOKYGROUND,255
44,61,78.7094,GROUND_SPOOKYGROUND,255
45,61,78.4145,GROUND_SPOOKYGROUND,255
46,61,78.0918,GROUND_SPOOKYGROUND,255
47,61,77.7676,GROUND_SPOOKYGROUND,255
48,61,77.3959,GROUND_SPOOKYTREES,255
49,61,77.1283,GROUND_SPOOKYTREES,255
50,61,76.966,GROUND_SPOOKYTREES,255
51,61,76.7491,GROUND_SPOOKYTREES,255
52,61,76.529,GROUND_SPOOKYTREES,255
53,61,76.2539,GROUND_SPOOKYTREES,255
54,61,75.9841,GROUND_SPOOKYTREES,255
55,61,75.6321,GROUND_SPOOKYTREES,255
56,61,75.16,GROUND_SPOOKYTREES,255
57,61,74.5031,GROUND_SPOOKYTREES,255
58,61,73.857,GROUND_SPOOKYTREES,255
59,61,73.3864,GROUND_SPOOKYTREES,255
60,61,73.1166,GROUND_SPOOKYTREES,255
61,61,72.7921,GROUND_SPOOKYTREES,255
62,61,72.4857,GROUND_SPOOKYGROUND,255
63,61,72.0271,GROUND_SPOOKYGROUND,255
64,61,71.5757,GROUND_SPOOKYGROUND,255
0,62,66.8875,GROUND_SPOOKYTREES,255
1,62,67.1285,GROUND_SPOOKYTREES,255
2,62,67.4284,GROUND_SPOOKYTREES,255
3,62,68.0222,GROUND_SPOOKYTREES,255
4,62,69.0045,GROUND_SPOOKYTREES,255
5,62,70.6467,GROUND_SPOOKYGROUND,255
6,62,72.6637,GROUND_SPOOKYGROUND,255
7,62,74.0158,GROUND_SPOOKYGROUND,255
8,62,75.244,GROUND_SPOOKYGROUND,255
9,62,76.31,GROUND_SPOOKYGROUND,255
10,62,77.0877,GROUND_SPOOKYGROUND,255
11,62,77.6217,GROUND_SPOOKYGROUND,255
12,62,78.1374,GROUND_SPOOKYTREES,255
13,62,78.3349,GROUND_SPOOKYTREES,255
14,62,78.5818,GROUND_SPOOKYTREES,255
15,62,78.7149,GROUND_SPOOKYTREES,255
16,62,78.7959,GROUND_SPOOKYTREES,255
17,62,78.9675,GROUND_SPOOKYTREES,255
18,62,79.0663,GROUND_SPOOKYGROUND,255
19,62,79.1631,GROUND_SPOOKYGROUND,255
20,62,79.5134,GROUND_SPOOKYGROUND,255
21,62,80.4944,GROUND_SPOOKYGROUND,255
22,62,81.4238,GROUND_SPOOKYGROUND,255
23,62,82.842,GROUND_SPOOKYGROUND,255
24,62,83.7036,GROUND_SPOOKYTREES,255
25,62,84.4386,GROUND_SPOOKY_TEST06,255
26,62,84.8436,GROUND_SPOOKY_TEST06,255
27,62,84.9505,GROUND_SPOOKY_TEST06,255
28,62,85.0085,GROUND_SPOOKY_TEST06,255
29,62,85.021,GROUND_SPOOKY_TEST06,255
30,62,84.8825,GROUND_SPOOKY_TEST06,255
31,62,84.5518,GROUND_SPOOKY_TEST06,255
32,62,84.0696,GROUND_SPOOKYTREES,255
33,62,83.4034,GROUND_SPOOKYTREES,255
34,62,82.0868,GROUND_SPOOKYTREES,255
35,62,81.1033,GROUND_SPOOKYTREES,255
36,62,80.54,GROUND_SPOOKYTREES,255
37,62,80.246,GROUND_SPOOKYTREES,255
38,62,80.3407,GROUND_SPOOKYTREES,255
39,62,80.4985,GROUND_SPOOKYTREES,255
40,62,80.4147,GROUND_SPOOKYTREES,255
41,62,80.4203,GROUND_SPOOKYTREES,255
42,62,80.1412,GROUND_SPOOKYTREES,255
43,62,79.8639,GROUND_SPOOKYTREES,255
44,62,79.5108,GROUND_SPOOKYGROUND,255
45,62,79.1312,GROUND_SPOOKYGROUND,255
46,62,78.8122,GROUND_SPOOKYGROUND,255
47,62,78.4493,GROUND_SPOOKYGROUND,255
48,62,78.0828,GROUND_SPOOKYTREES,255
49,62,77.6706,GROUND_SPOOKYTREES,255
50,62,77.287,GROUND_SPOOKYTREES,255
51,62,76.955,GROUND_SPOOKYTREES,255
52,62,76.6858,GROUND_SPOOKYTREES,255
53,62,76.3706,GROUND_SPOOKYTREES,255
54,62,76.0592,GROUND_SPOOKYTREES,255
55,62,75.6888,GROUND_SPOOKYTREES,255
56,62,75.2032,GROUND_SPOOKYTREES,255
57,62,74.5114,GROUND_SPOOKYTREES,255
58,62,73.786,GROUND_SPOOKYTREES,255
59,62,73.2349,GROUND_SPOOKYTREES,255
60,62,72.8848,GROUND_SPOOKYTREES,255
61,62,72.6797,GROUND_SPOOKYTREES,255
62,62,72.4159,GROUND_SPOOKYGROUND,255
63,62,71.9837,GROUND_SPOOKYGROUND,255
64,62,71.5035,GROUND_SPOOKYGROUND,255
0,63,67.3256,GROUND_SPOOKYTREES,255
1,63,67.4857,GROUND_SPOOKYTREES,255
2,63,67.762,GROUND_SPOOKYTREES,255
3,63,68.3233,GROUND_SPOOKYTREES,255
4,63,69.3312,GROUND_SPOOKYTREES,255
5,63,70.5954,GROUND_SPOOKYGROUND,255
6,63,72.4751,GROUND_SPOOKYGROUND,255
7,63,73.9591,GROUND_SPOOKYGROUND,255
8,63,75.3462,GROUND_SPOOKYGROUND,255
9,63,76.472,GROUND_SPOOKYGROUND,255
10,63,77.18,GROUND_SPOOKYGROUND,255
11,63,77.7,GROUND_SPOOKYTREES,255
12,63,78.0982,GROUND_SPOOKYTREES,255
13,63,78.441,GROUND_SPOOKYTREES,255
14,63,78.6711,GROUND_SPOOKYTREES,255
15,63,78.8029,GROUND_SPOOKYTREES,255
16,63,78.9993,GROUND_SPOOKYTREES,255
17,63,79.1009,GROUND_SPOOKYTREES,255
18,63,79.2588,GROUND_SPOOKYTREES,255
19,63,79.553,GROUND_SPOOKYGROUND,255
20,63,80.0338,GROUND_SPOOKYGROUND,255
21,63,80.9706,GROUND_SPOOKYGROUND,255
22,63,81.937,GROUND_SPOOKYGROUND,255
23,63,83.0373,GROUND_SPOOKYGROUND,255
24,63,83.7665,GROUND_SPOOKYGROUND,255
25,63,84.396,GROUND_SPOOKY_TEST06,255
26,63,84.8077,GROUND_SPOOKY_TEST06,255
27,63,84.9921,GROUND_SPOOKY_TEST06,255
28,63,85.1157,GROUND_SPOOKY_TEST06,255
29,63,85.1289,GROUND_SPOOKY_TEST06,255
30,63,84.9735,GROUND_SPOOKY_TEST06,255
31,63,84.7412,GROUND_SPOOKY_TEST06,255
32,63,84.2723,GROUND_SPOOKYTREES,255
33,63,83.5823,GROUND_SPOOKYTREES,255
34,63,82.7131,GROUND_SPOOKYTREES,255
35,63,81.5403,GROUND_SPOOKYTREES,255
36,63,80.961,GROUND_SPOOKYTREES,255
37,63,80.7294,GROUND_SPOOKYTREES,255
38,63,80.7963,GROUND_SPOOKYTREES,255
39,63,80.8377,GROUND_SPOOKYTREES,255
40,63,80.8604,GROUND_SPOOKYTREES,255
41,63,80.735,GROUND_SPOOKYTREES,255
42,63,80.6475,GROUND_SPOOKYTREES,255
43,63,80.3573,GROUND_SPOOKYTREES,255
44,63,80.094,GROUND_SPOOKYTREES,255
45,63,79.6724,GROUND_SPOOKYGROUND,255
46,63,79.334,GROUND_SPOOKYGROUND,255
47,63,78.9177,GROUND_SPOOKYTREES,255
48,63,78.5393,GROUND_SPOOKYTREES,255
49,63,78.1068,GROUND_SPOOKYTREES,255
50,63,77.6329,GROUND_SPOOKYTREES,255
51,63,77.1836,GROUND_SPOOKYTREES,255
52,63,76.7366,GROUND_SPOOKYTREES,255
53,63,76.3812,GROUND_SPOOKYTREES,255
54,63,76.0402,GROUND_SPOOKYTREES,255
55,63,75.6596,GROUND_SPOOKYTREES,255
56,63,75.1552,GROUND_SPOOKYTREES,255
57,63,74.5176,GROUND_SPOOKYTREES,255
58,63,73.7886,GROUND_SPOOKYTREES,255
59,63,73.1078,GROUND_SPOOKYTREES,255
60,63,72.7614,GROUND_SPOOKYTREES,255
61,63,72.4182,GROUND_SPOOKYTREES,255
62,63,72.2653,GROUND_SPOOKYGROUND,255
63,63,71.8865,GROUND_SPOOKYGROUND,255
64,63,71.2238,GROUND_SPOOKYGROUND,255
0,64,67.6894,GROUND_SPOOKYTREES,255
1,64,67.7473,GROUND_SPOOKYTREES,255
2,64,68.0739,GROUND_SPOOKYTREES,255
3,64,68.685,GROUND_SPOOKYTREES,255
4,64,69.326,GROUND_SPOOKYTREES,255
5,64,70.3529,GROUND_SPOOKYGROUND,255
6,64,72.1137,GROUND_SPOOKYGROUND,255
7,64,73.8425,GROUND_SPOOKYGROUND,255
8,64,75.1437,GROUND_SPOOKYGROUND,255
9,64,76.3062,GROUND_SPOOKYGROUND,255
10,64,77.0189,GROUND_SPOOKYGROUND,255
11,64,77.5886,GROUND_SPOOKYTREES,255
12,64,77.9633,GROUND_SPOOKYTREES,255
13,64,78.316,GROUND_SPOOKYTREES,255
14,64,78.6657,GROUND_SPOOKYTREES,255
15,64,78.8165,GROUND_SPOOKYTREES,255
16,64,79.0146,GROUND_SPOOKYTREES,255
17,64,79.1679,GROUND_SPOOKYTREES,255
18,64,79.3544,GROUND_SPOOKYTREES,255
19,64,79.6927,GROUND_SPOOKYGROUND,255
20,64,80.3816,GROUND_SPOOKYGROUND,255
21,64,81.3295,GROUND_SPOOKYGROUND,255
22,64,82.2331,GROUND_SPOOKYGROUND,255
23,64,83.0777,GROUND_SPOOKYGROUND,255
24,64,83.7358,GROUND_SPOOKYGROUND,255
25,64,84.249,GROUND_SPOOKYGROUND,255
26,64,84.5479,GROUND_SPOOKY_TEST06,255
27,64,84.8965,GROUND_SPOOKY_TEST06,255
28,64,84.9398,GROUND_SPOOKY_TEST06,255
29,64,84.9871,GROUND_SPOOKY_TEST06,255
30,64,84.8482,GROUND_SPOOKY_TEST06,255
31,64,84.6732,GROUND_SPOOKYTREES,255
32,64,84.1541,GROUND_SPOOKYTREES,255
33,64,83.7433,GROUND_SPOOKYTREES,255
34,64,82.8788,GROUND_SPOOKYTREES,255
35,64,82.0798,GROUND_SPOOKYTREES,255
36,64,81.3739,GROUND_SPOOKYTREES,255
37,64,81.2388,GROUND_SPOOKYTREES,255
38,64,81.2188,GROUND_SPOOKYTREES,255
39,64,81.2086,GROUND_SPOOKYTREES,255
40,64,81.2034,GROUND_SPOOKYTREES,255
41,64,81.0683,GROUND_SPOOKYTREES,255
42,64,80.8741,GROUND_SPOOKYTREES,255
43,64,80.7335,GROUND_SPOOKYTREES,255
44,64,80.4099,GROUND_SPOOKYTREES,255
45,64,80.1012,GROUND_SPOOKYGROUND,255
46,64,79.7474,GROUND_SPOOKYGROUND,255
47,64,79.3425,GROUND_SPOOKYTREES,255
48,64,78.8925,GROUND_SPOOKYTREES,255
49,64,78.4062,GROUND_SPOOKYTREES,255
50,64,77.9535,GROUND_SPOOKYTREES,255
51,64,77.4701,GROUND_SPOOKYTREES,255
52,64,76.8763,GROUND_SPOOKYTREES,255
53,64,76.4688,GROUND_SPOOKYTREES,255
54,64,76.0233,GROUND_SPOOKYTREES,255
55,64,75.5657,GROUND_SPOOKYTREES,255
56,64,75.0736,GROUND_SPOOKYTREES,255
57,64,74.5495,GROUND_SPOOKYTREES,255
58,64,73.8644,GROUND_SPOOKYTREES,255
59,64,73.1044,GROUND_SPOOKYTREES,255
60,64,72.6575,GROUND_SPOOKYTREES,255
61,64,72.237,GROUND_SPOOKYTREES,255
62,64,71.8422,GROUND_SPOOKYGROUND,255
63,64,71.5514,GROUND_SPOOKYGROUND,255
64,64,70.8268,GROUND_SPOOKYGROUND,255
0,65,68.2284,GROUND_SPOOKYTREES,255
1,65,68.2146,GROUND_SPOOKYTREES,255
2,65,68.5028,GROUND_SPOOKYTREES,255
3,65,69.0182,GROUND_SPOOKYTREES,255
4,65,69.489,GROUND_SPOOKYTREES,255
5,65,70.6454,GROUND_SPOOKYTREES,255
6,65,71.6736,GROUND_SPOOKYGROUND,255
7,65,72.9935,GROUND_SPOOKYGROUND,255
8,65,74.8376,GROUND_SPOOKYGROUND,255
9,65,75.8503,GROUND_SPOOKYGROUND,255
10,65,76.6685,GROUND_SPOOKYGROUND,255
11,65,77.3704,GROUND_SPOOKYTREES,255
12,65,77.7989,GROUND_SPOOKYTREES,255
13,65,78.2369,GROUND_SPOOKYTREES,255
14,65,78.4665,GROUND_SPOOKYTREES,255
15,65,78.815,GROUND_SPOOKYTREES,255
16,65,79.0034,GROUND_SPOOKYTREES,255
17,65,79.1597,GROUND_SPOOKYTREES,255
18,65,79.3362,GROUND_SPOOKYTREES,255
19,65,79.6915,GROUND_SPOOKYGROUND,255
20,65,80.3255,GROUND_SPOOKYGROUND,255
21,65,81.337,GROUND_SPOOKYGROUND,255
22,65,82.122,GROUND_SPOOKYGROUND,255
23,65,82.8112,GROUND_SPOOKYGROUND,255
24,65,83.4004,GROUND_SPOOKYGROUND,255
25,65,83.7967,GROUND_SPOOKYGROUND,255
26,65,84.3715,GROUND_SPOOKYGROUND,255
27,65,84.5075,GROUND_SPOOKYTREES,255
28,65,84.6074,GROUND_SPOOKYTREES,255
29,65,84.7489,GROUND_SPOOKYTREES,255
30,65,84.5951,GROUND_SPOOKYTREES,255
31,65,84.473,GROUND_SPOOKYTREES,255
32,65,84.1171,GROUND_SPOOKYTREES,255
33,65,83.5953,GROUND_SPOOKYTREES,255
34,65,83.1413,GROUND_SPOOKYTREES,255
35,65,82.3741,GROUND_SPOOKYTREES,255
36,65,81.8316,GROUND_SPOOKYTREES,255
37,65,81.6031,GROUND_SPOOKYTREES,255
38,65,81.5514,GROUND_SPOOKYTREES,255
39,65,81.5164,GROUND_SPOOKYTREES,255
40,65,81.4537,GROUND_SPOOKYTREES,255
41,65,81.321,GROUND_SPOOKYTREES,255
42,65,81.1404,GROUND_SPOOKYTREES,255
43,65,80.9602,GROUND_SPOOKYTREES,255
44,65,80.6819,GROUND_SPOOKYTREES,255
45,65,80.3774,GROUND_SPOOKYGROUND,255
46,65,80.025,GROUND_SPOOKYGROUND,255
47,65,79.6288,GROUND_SPOOKYTREES,255
48,65,79.1474,GROUND_SPOOKYTREES,255
49,65,78.683,GROUND_SPOOKYTREES,255
50,65,78.2527,GROUND_SPOOKYTREES,255
51,65,77.7914,GROUND_SPOOKYTREES,255
52,65,77.219,GROUND_SPOOKYTREES,255
53,65,76.6429,GROUND_SPOOKYTREES,255
54,65,76.0817,GROUND_SPOOKYGROUND,255
55,65,75.6267,GROUND_SPOOKYGROUND,255
56,65,75.1262,GROUND_SPOOKYTREES,255
57,65,74.5535,GROUND_SPOOKYTREES,255
58,65,73.9404,GROUND_SPOOKYTREES,255
59,65,73.2714,GROUND_SPOOKYTREES,255
60,65,72.6115,GROUND_SPOOKYTREES,255
61,65,72.0642,GROUND_SPOOKYGROUND,255
62,65,71.6287,GROUND_SPOOKYGROUND,255
63,65,71.1786,GROUND_SPOOKYGROUND,255
64,65,70.7579,GROUND_SPOOKYGROUND,255
0,66,68.8779,GROUND_SPOOKYTREES,255
1,66,68.7297,GROUND_SPOOKYTREES,255
2,66,68.9115,GROUND_SPOOKYTREES,255
3,66,69.4393,GROUND_SPOOKYTREES,255
4,66,70.0194,GROUND_SPOOKYTREES,255
5,66,70.5935,GROUND_SPOOKYTREES,255
6,66,71.6822,GROUND_SPOOKYGROUND,255
7,66,72.6735,GROUND_SPOOKYGROUND,255
8,66,73.9518,GROUND_SPOOKYGROUND,255
9,66,75.3379,GROUND_SPOOKYGROUND,255
10,66,76.1083,GROUND_SPOOKYGROUND,255
11,66,76.8697,GROUND_SPOOKYTREES,255
12,66,77.3642,GROUND_SPOOKYTREES,255
13,66,77.8188,GROUND_SPOOKYTREES,255
14,66,78.1811,GROUND_SPOOKYTREES,255
15,66,78.5416,GROUND_SPOOKYTREES,255
16,66,78.9218,GROUND_SPOOKYTREES,255
17,66,79.0998,GROUND_SPOOKYTREES,255
18,66,79.2779,GROUND_SPOOKYTREES,255
19,66,79.5885,GROUND_SPOOKYGROUND,255
20,66,79.9869,GROUND_SPOOKYGROUND,255
21,66,80.8397,GROUND_SPOOKYGROUND,255
22,66,81.6536,GROUND_SPOOKYGROUND,255
23,66,82.228,GROUND_SPOOKYGROUND,255
24,66,82.8872,GROUND_SPOOKYGROUND,255
25,66,83.2529,GROUND_SPOOKYGROUND,255
26,66,83.6944,GROUND_SPOOKYGROUND,255
27,66,84.0821,GROUND_SPOOKYTREES,255
28,66,84.1943,GROUND_SPOOKYTREES,255
29,66,84.2627,GROUND_SPOOKYTREES,255
30,66,84.1871,GROUND_SPOOKYTREES,255
31,66,84.0913,GROUND_SPOOKYTREES,255
32,66,83.8527,GROUND_SPOOKYTREES,255
33,66,83.4554,GROUND_SPOOKYTREES,255
34,66,82.9175,GROUND_SPOOKYTREES,255
35,66,82.4046,GROUND_SPOOKYTREES,255
36,66,82.0279,GROUND_SPOOKYTREES,255
37,66,81.8559,GROUND_SPOOKYTREES,255
38,66,81.7574,GROUND_SPOOKYTREES,255
39,66,81.722,GROUND_SPOOKYTREES,255
40,66,81.6451,GROUND_SPOOKYTREES,255
41,66,81.5058,GROUND_SPOOKYTREES,255
42,66,81.38,GROUND_SPOOKYTREES,255
43,66,81.1445,GROUND_SPOOKYTREES,255
44,66,80.8894,GROUND_SPOOKYTREES,255
45,66,80.6063,GROUND_SPOOKYGROUND,255
46,66,80.2281,GROUND_SPOOKYGROUND,255
47,66,79.8431,GROUND_SPOOKYTREES,255
48,66,79.3832,GROUND_SPOOKYTREES,255
49,66,78.9416,GROUND_SPOOKYTREES,255
50,66,78.5346,GROUND_SPOOKYTREES,255
51,66,78.0964,GROUND_SPOOKYTREES,255
52,66,77.5463,GROUND_SPOOKYTREES,255
53,66,76.9209,GROUND_SPOOKYTREES,255
54,66,76.3438,GROUND_SPOOKYGROUND,255
55,66,75.7822,GROUND_SPOOKYGROUND,255
56,66,75.2831,GROUND_SPOOKYGROUND,255
57,66,74.7377,GROUND_SPOOKYGROUND,255
58,66,74.1457,GROUND_SPOOKYGROUND,255
59,66,73.5849,GROUND_SPOOKYGROUND,255
60,66,72.996,GROUND_SPOOKYGROUND,255
61,66,72.2442,GROUND_SPOOKYGROUND,255
62,66,71.7121,GROUND_SPOOKYGROUND,255
63,66,71.2102,GROUND_SPOOKYGROUND,255
64,66,70.964,GROUND_SPOOKYGROUND,255
0,67,69.3816,GROUND_SPOOKYTREES,255
1,67,69.2652,GROUND_SPOOKYTREES,255
2,67,69.3706,GROUND_SPOOKYTREES,255
3,67,69.6236,GROUND_SPOOKYTREES,255
4,67,70.3046,GROUND_SPOOKYTREES,255
5,67,70.9681,GROUND_SPOOKYTREES,255
6,67,71.7163,GROUND_SPOOKYGROUND,255
7,67,72.6199,GROUND_SPOOKYGROUND,255
8,67,73.7585,GROUND_SPOOKYGROUND,255
9,67,74.7856,GROUND_SPOOKYGROUND,255
10,67,75.6345,GROUND_SPOOKYGROUND,255
11,67,76.4841,GROUND_SPOOKYTREES,255
12,67,77.1185,GROUND_SPOOKYTREES,255
13,67,77.5993,GROUND_SPOOKYTREES,255
14,67,77.9358,GROUND_SPOOKYTREES,255
15,67,78.3192,GROUND_SPOOKYTREES,255
16,67,78.6572,GROUND_SPOOKYTREES,255
17,67,78.8907,GROUND_SPOOKYTREES,255
18,67,79.1526,GROUND_SPOOKYTREES,255
19,67,79.4445,GROUND_SPOOKYGROUND,255
20,67,79.9462,GROUND_SPOOKYGROUND,255
21,67,80.3989,GROUND_SPOOKYGROUND,255
22,67,81.0233,GROUND_SPOOKYGROUND,255
23,67,81.603,GROUND_SPOOKYGROUND,255
24,67,82.0217,GROUND_SPOOKYGROUND,255
25,67,82.4717,GROUND_SPOOKYGROUND,255
26,67,82.8256,GROUND_SPOOKYGROUND,255
27,67,83.167,GROUND_SPOOKYTREES,255
28,67,83.464,GROUND_SPOOKYTREES,255
29,67,83.6901,GROUND_SPOOKYTREES,255
30,67,83.6326,GROUND_SPOOKYTREES,255
31,67,83.5868,GROUND_SPOOKYTREES,255
32,67,83.3492,GROUND_SPOOKYTREES,255
33,67,83.1782,GROUND_SPOOKYTREES,255
34,67,82.7305,GROUND_SPOOKYTREES,255
35,67,82.4214,GROUND_SPOOKYTREES,255
36,67,82.1873,GROUND_SPOOKYTREES,255
37,67,82.0718,GROUND_SPOOKYTREES,255
38,67,81.9237,GROUND_SPOOKYTREES,255
39,67,81.8924,GROUND_SPOOKYTREES,255
40,67,81.7799,GROUND_SPOOKYTREES,255
41,67,81.6958,GROUND_SPOOKYTREES,255
42,67,81.5146,GROUND_SPOOKYTREES,255
43,67,81.3064,GROUND_SPOOKYTREES,255
44,67,81.035,GROUND_SPOOKYTREES,255
45,67,80.7677,GROUND_SPOOKYGROUND,255
46,67,80.4457,GROUND_SPOOKYGROUND,255
47,67,80.0423,GROUND_SPOOKYTREES,255
48,67,79.6048,GROUND_SPOOKYTREES,255
49,67,79.1869,GROUND_SPOOKYTREES,255
50,67,78.804,GROUND_SPOOKYTREES,255
51,67,78.3897,GROUND_SPOOKYTREES,255
52,67,77.8625,GROUND_SPOOKYTREES,255
53,67,77.2592,GROUND_SPOOKYTREES,255
54,67,76.6357,GROUND_SPOOKYGROUND,255
55,67,76.0732,GROUND_SPOOKYGROUND,255
56,67,75.5779,GROUND_SPOOKYGROUND,255
57,67,75.1029,GROUND_SPOOKYGROUND,255
58,67,74.6011,GROUND_SPOOKYGROUND,255
59,67,74.0658,GROUND_SPOOKYGROUND,255
60,67,73.488,GROUND_SPOOKYGROUND,255
61,67,72.7178,GROUND_SPOOKYGROUND,255
62,67,72.0814,GROUND_SPOOKYGROUND,255
63,67,71.5116,GROUND_SPOOKYGROUND,255
64,67,71.2233,GROUND_SPOOKYGROUND,255
0,68,69.9698,GROUND_SPOOKYTREES,255
1,68,69.8057,GROUND_SPOOKYTREES,255
2,68,69.7649,GROUND_SPOOKYTREES,255
3,68,69.9704,GROUND_SPOOKYTREES,255
4,68,70.67,GROUND_SPOOKYTREES,255
5,68,71.3013,GROUND_SPOOKYTREES,255
6,68,72.1164,GROUND_SPOOKYGROUND,255
7,68,73.0806,GROUND_SPOOKYGROUND,255
8,68,73.9962,GROUND_SPOOKYGROUND,255
9,68,74.988,GROUND_SPOOKYGROUND,255
10,68,75.8838,GROUND_SPOOKYGROUND,255
11,68,76.5483,GROUND_SPOOKYTREES,255
12,68,77.0914,GROUND_SPOOKYTREES,255
13,68,77.4736,GROUND_SPOOKYTREES,255
14,68,77.8471,GROUND_SPOOKYTREES,255
15,68,78.1941,GROUND_SPOOKYTREES,255
16,68,78.5128,GROUND_SPOOKYTREES,255
17,68,78.7899,GROUND_SPOOKYTREES,255
18,68,79.0653,GROUND_SPOOKYGROUND,255
19,68,79.3704,GROUND_SPOOKYGROUND,255
20,68,79.781,GROUND_SPOOKYGROUND,255
21,68,80.2057,GROUND_SPOOKYGROUND,255
22,68,80.7384,GROUND_SPOOKYGROUND,255
23,68,81.0867,GROUND_SPOOKYGROUND,255
24,68,81.4957,GROUND_SPOOKYGROUND,255
25,68,81.8969,GROUND_SPOOKYGROUND,255
26,68,82.2346,GROUND_SPOOKYGROUND,255
27,68,82.5303,GROUND_SPOOKYGROUND,255
28,68,82.7831,GROUND_SPOOKYTREES,255
29,68,82.978,GROUND_SPOOKYTREES,255
30,68,83.0953,GROUND_SPOOKY_TEST06,255
31,68,82.9291,GROUND_SPOOKY_TEST06,255
32,68,82.8775,GROUND_SPOOKY_TEST06,255
33,68,82.6909,GROUND_SPOOKY_TEST06,255
34,68,82.5986,GROUND_SPOOKY_TEST06,255
35,68,82.4036,GROUND_SPOOKY_TEST06,255
36,68,82.2911,GROUND_SPOOKY_TEST06,255
37,68,82.193,GROUND_SPOOKY_TEST06,255
38,68,82.0829,GROUND_SPOOKY_TEST06,255
39,68,81.9788,GROUND_SPOOKY_TEST06,255
40,68,81.9039,GROUND_SPOOKY_TEST06,255
41,68,81.8131,GROUND_SPOOKY_TEST06,255
42,68,81.6423,GROUND_SPOOKYTREES,255
43,68,81.4257,GROUND_SPOOKYTREES,255
44,68,81.169,GROUND_SPOOKYGROUND,255
45,68,80.9182,GROUND_SPOOKYGROUND,255
46,68,80.6147,GROUND_SPOOKYGROUND,255
47,68,80.2321,GROUND_SPOOKYGROUND,255
48,68,79.8176,GROUND_SPOOKYTREES,255
49,68,79.4241,GROUND_SPOOKYTREES,255
50,68,79.066,GROUND_SPOOKYTREES,255
51,68,78.6762,GROUND_SPOOKYTREES,255
52,68,78.1721,GROUND_SPOOKYTREES,255
53,68,77.5911,GROUND_SPOOKYGROUND,255
54,68,76.9895,GROUND_SPOOKYGROUND,255
55,68,76.4498,GROUND_SPOOKYGROUND,255
56,68,75.9784,GROUND_SPOOKYGROUND,255
57,68,75.5284,GROUND_SPOOKYGROUND,255
58,68,75.052,GROUND_SPOOKYGROUND,255
59,68,74.5429,GROUND_SPOOKYGROUND,255
60,68,74.0131,GROUND_SPOOKYGROUND,255
61,68,73.2361,GROUND_SPOOKYGROUND,255
62,68,72.5922,GROUND_SPOOKYGROUND,255
63,68,72.0242,GROUND_SPOOKYGROUND,255
64,68,71.7326,GROUND_SPOOKYGROUND,255
0,69,70.4862,GROUND_SPOOKYTREES,255
1,69,70.3165,GROUND_SPOOKYTREES,255
2,69,70.2102,GROUND_SPOOKYTREES,255
3,69,70.4854,GROUND_SPOOKYTREES,255
4,69,70.8094,GROUND_SPOOKYTREES,255
5,69,71.5248,GROUND_SPOOKYTREES,255
6,69,72.4288,GROUND_SPOOKYGROUND,255
7,69,73.3232,GROUND_SPOOKYGROUND,255
8,69,74.4244,GROUND_SPOOKYGROUND,255
9,69,75.4141,GROUND_SPOOKYGROUND,255
10,69,76.2762,GROUND_SPOOKYGROUND,255
11,69,76.8138,GROUND_SPOOKYTREES,255
12,69,77.3296,GROUND_SPOOKYTREES,255
13,69,77.6837,GROUND_SPOOKYTREES,255
14,69,78.0002,GROUND_SPOOKYTREES,255
15,69,78.3182,GROUND_SPOOKYTREES,255
16,69,78.5449,GROUND_SPOOKYTREES,255
17,69,78.8704,GROUND_SPOOKYTREES,255
18,69,79.1094,GROUND_SPOOKYGROUND,255
19,69,79.4537,GROUND_SPOOKYGROUND,255
20,69,79.7487,GROUND_SPOOKYGROUND,255
21,69,80.1609,GROUND_SPOOKYGROUND,255
22,69,80.5789,GROUND_SPOOKYGROUND,255
23,69,80.8942,GROUND_SPOOKYGROUND,255
24,69,81.2336,GROUND_SPOOKYGROUND,255
25,69,81.5578,GROUND_SPOOKYGROUND,255
26,69,81.8523,GROUND_SPOOKY_TEST06,255
27,69,82.1055,GROUND_SPOOKY_TEST06,255
28,69,82.3173,GROUND_SPOOKY_TEST06,255
29,69,82.487,GROUND_SPOOKY_TEST06,255
30,69,82.6055,GROUND_SPOOKY_TEST06,255
31,69,82.6135,GROUND_SPOOKY_TEST06,255
32,69,82.6084,GROUND_SPOOKY_TEST06,255
33,69,82.5522,GROUND_SPOOKY_TEST06,255
34,69,82.4575,GROUND_SPOOKY_TEST06,255
35,69,82.3806,GROUND_SPOOKY_TEST06,255
36,69,82.3235,GROUND_SPOOKY_TEST06,255
37,69,82.2649,GROUND_SPOOKY_TEST06,255
38,69,82.1636,GROUND_SPOOKY_TEST06,255
39,69,82.0802,GROUND_SPOOKY_TEST06,255
40,69,82.0269,GROUND_SPOOKY_TEST06,255
41,69,81.9048,GROUND_SPOOKY_TEST06,255
42,69,81.7426,GROUND_SPOOKY_TEST06,255
43,69,81.5391,GROUND_SPOOKYGROUND,255
44,69,81.2976,GROUND_SPOOKYGROUND,255
45,69,81.064,GROUND_SPOOKYGROUND,255
46,69,80.7796,GROUND_SPOOKYGROUND,255
47,69,80.4184,GROUND_SPOOKYTREES,255
48,69,80.0274,GROUND_SPOOKYTREES,255
49,69,79.6588,GROUND_SPOOKYTREES,255
50,69,79.3262,GROUND_SPOOKYTREES,255
51,69,78.9612,GROUND_SPOOKYTREES,255
52,69,78.4804,GROUND_SPOOKYTREES,255
53,69,77.9213,GROUND_SPOOKYTREES,255
54,69,77.3413,GROUND_SPOOKYGROUND,255
55,69,76.8241,GROUND_SPOOKYGROUND,255
56,69,76.3768,GROUND_SPOOKYGROUND,255
57,69,75.9518,GROUND_SPOOKYGROUND,255
58,69,75.5011,GROUND_SPOOKYGROUND,255
59,69,75.0185,GROUND_SPOOKYGROUND,255
60,69,74.5196,GROUND_SPOOKYGROUND,255
61,69,73.7873,GROUND_SPOOKYGROUND,255
62,69,73.09,GROUND_SPOOKYGROUND,255
63,69,72.5921,GROUND_SPOOKYGROUND,255
64,69,72.2945,GROUND_SPOOKYGROUND,255
0,70,70.9949,GROUND_SPOOKYTREES,255
1,70,70.6967,GROUND_SPOOKYTREES,255
2,70,70.6429,GROUND_SPOOKYTREES,255
3,70,70.7286,GROUND_SPOOKYTREES,255
4,70,71.129,GROUND_SPOOKYTREES,255
5,70,71.6622,GROUND_SPOOKYTREES,255
6,70,72.3868,GROUND_SPOOKYGROUND,255
7,70,73.4605,GROUND_SPOOKYGROUND,255
8,70,74.6475,GROUND_SPOOKYGROUND,255
9,70,75.6815,GROUND_SPOOKYGROUND,255
10,70,76.5008,GROUND_SPOOKYGROUND,255
11,70,77.0735,GROUND_SPOOKYTREES,255
12,70,77.633,GROUND_SPOOKYTREES,255
13,70,77.9439,GROUND_SPOOKYTREES,255
14,70,78.3077,GROUND_SPOOKYTREES,255
15,70,78.5098,GROUND_SPOOKYTREES,255
16,70,78.7694,GROUND_SPOOKYTREES,255
17,70,78.9986,GROUND_SPOOKYTREES,255
18,70,79.3188,GROUND_SPOOKYGROUND,255
19,70,79.6086,GROUND_SPOOKYGROUND,255
20,70,79.8674,GROUND_SPOOKYGROUND,255
21,70,80.1796,GROUND_SPOOKY_TEST06,255
22,70,80.6312,GROUND_SPOOKY_TEST06,255
23,70,80.9283,GROUND_SPOOKY_TEST06,255
24,70,81.2574,GROUND_SPOOKY_TEST06,255
25,70,81.5392,GROUND_SPOOKY_TEST06,255
26,70,81.7807,GROUND_SPOOKY_TEST06,255
27,70,81.9617,GROUND_SPOOKY_TEST06,255
28,70,82.1379,GROUND_SPOOKY_TEST06,255
29,70,82.2782,GROUND_SPOOKY_TEST06,255
30,70,82.393,GROUND_SPOOKY_TEST06,255
31,70,82.4474,GROUND_SPOOKY_TEST06,255
32,70,82.4663,GROUND_SPOOKY_TEST06,255
33,70,82.4415,GROUND_SPOOKY_TEST06,255
34,70,82.4214,GROUND_SPOOKY_TEST06,255
35,70,82.4025,GROUND_SPOOKY_TEST06,255
36,70,82.3632,GROUND_SPOOKY_TEST06,255
37,70,82.318,GROUND_SPOOKY_TEST06,255
38,70,82.2289,GROUND_SPOOKY_TEST06,255
39,70,82.1473,GROUND_SPOOKY_TEST06,255
40,70,82.0959,GROUND_SPOOKY_TEST06,255
41,70,82.0108,GROUND_SPOOKY_TEST06,255
42,70,81.8439,GROUND_SPOOKY_TEST06,255
43,70,81.6534,GROUND_SPOOKY_TEST06,255
44,70,81.4275,GROUND_SPOOKYGROUND,255
45,70,81.2116,GROUND_SPOOKYGROUND,255
46,70,80.947,GROUND_SPOOKYGROUND,255
47,70,80.6075,GROUND_SPOOKYTREES,255
48,70,80.2405,GROUND_SPOOKYTREES,255
49,70,79.8972,GROUND_SPOOKYTREES,255
50,70,79.5905,GROUND_SPOOKYTREES,255
51,70,79.2507,GROUND_SPOOKYTREES,255
52,70,78.7929,GROUND_SPOOKYTREES,255
53,70,78.2551,GROUND_SPOOKYTREES,255
54,70,77.6957,GROUND_SPOOKYGROUND,255
55,70,77.2005,GROUND_SPOOKYGROUND,255
56,70,76.7768,GROUND_SPOOKYGROUND,255
57,70,76.3767,GROUND_SPOOKYGROUND,255
58,70,75.9516,GROUND_SPOOKYGROUND,255
59,70,75.4953,GROUND_SPOOKYGROUND,255
60,70,74.9624,GROUND_SPOOKYGROUND,255
61,70,74.3339,GROUND_SPOOKYGROUND,255
62,70,73.647,GROUND_SPOOKYGROUND,255
63,70,73.1743,GROUND_SPOOKYGROUND,255
64,70,72.8926,GROUND_SPOOKYGROUND,255
0,71,71.3445,GROUND_SPOOKYTREES,255
1,71,71.0369,GROUND_SPOOKYTREES,255
2,71,70.9448,GROUND_SPOOKYTREES,255
3,71,71.0617,GROUND_SPOOKYTREES,255
4,71,71.4091,GROUND_SPOOKYTREES,255
5,71,71.832,GROUND_SPOOKYTREES,255
6,71,72.5214,GROUND_SPOOKY_TEST06,255
7,71,73.3425,GROUND_SPOOKY_TEST06,255
8,71,74.5392,GROUND_SPOOKYGROUND,255
9,71,75.8276,GROUND_SPOOKYGROUND,255
10,71,76.6751,GROUND_SPOOKYGROUND,255
11,71,77.2966,GROUND_SPOOKYTREES,255
12,71,77.782,GROUND_SPOOKYTREES,255
13,71,78.1908,GROUND_SPOOKYTREES,255
14,71,78.5341,GROUND_SPOOKYTREES,255
15,71,78.8384,GROUND_SPOOKYTREES,255
16,71,79.0166,GROUND_SPOOKYTREES,255
17,71,79.3194,GROUND_SPOOKYTREES,255
18,71,79.6658,GROUND_SPOOKYGROUND,255
19,71,79.9624,GROUND_SPOOKYGROUND,255
20,71,80.0685,GROUND_SPOOKY_TEST06,255
21,71,80.5197,GROUND_SPOOKY_TEST06,255
22,71,80.868,GROUND_SPOOKY_TEST06,255
23,71,81.1842,GROUND_SPOOKY_TEST06,255
24,71,81.4054,GROUND_SPOOKY_TEST06,255
25,71,81.5422,GROUND_SPOOKY_TEST06,255
26,71,81.7711,GROUND_SPOOKY_TEST06,255
27,71,81.9335,GROUND_SPOOKY_TEST06,255
28,71,82.0624,GROUND_SPOOKY_TEST06,255
29,71,82.1879,GROUND_SPOOKY_TEST06,255
30,71,82.2862,GROUND_SPOOKY_TEST06,255
31,71,82.3655,GROUND_SPOOKY_TEST06,255
32,71,82.3979,GROUND_SPOOKY_TEST06,255
33,71,82.4117,GROUND_SPOOKY_TEST06,255
34,71,82.4226,GROUND_SPOOKY_TEST06,255
35,71,82.4223,GROUND_SPOOKY_TEST06,255
36,71,82.4065,GROUND_SPOOKY_TEST06,255
37,71,82.3693,GROUND_SPOOKY_TEST06,255
38,71,82.2919,GROUND_SPOOKY_TEST06,255
39,71,82.2186,GROUND_SPOOKY_TEST06,255
40,71,82.1798,GROUND_SPOOKY_TEST06,255
41,71,82.106,GROUND_SPOOKY_TEST06,255
42,71,81.9719,GROUND_SPOOKY_TEST06,255
43,71,81.7753,GROUND_SPOOKY_TEST06,255
44,71,81.5653,GROUND_SPOOKY_TEST06,255
45,71,81.3678,GROUND_SPOOKYGROUND,255
46,71,81.1234,GROUND_SPOOKYGROUND,255
47,71,80.806,GROUND_SPOOKYTREES,255
48,71,80.4632,GROUND_SPOOKYTREES,255
49,71,80.1456,GROUND_SPOOKYTREES,255
50,71,79.8653,GROUND_SPOOKYTREES,255
51,71,79.5507,GROUND_SPOOKYTREES,255
52,71,79.1152,GROUND_SPOOKYTREES,255
53,71,78.5975,GROUND_SPOOKYTREES,255
54,71,78.0576,GROUND_SPOOKYTREES,255
55,71,77.5832,GROUND_SPOOKYGROUND,255
56,71,77.1825,GROUND_SPOOKYGROUND,255
57,71,76.8068,GROUND_SPOOKYGROUND,255
58,71,76.4067,GROUND_SPOOKYGROUND,255
59,71,75.9762,GROUND_SPOOKYGROUND,255
60,71,75.5213,GROUND_SPOOKYGROUND,255
61,71,74.8545,GROUND_SPOOKYGROUND,255
62,71,74.1367,GROUND_SPOOKYGROUND,255
63,71,73.6902,GROUND_SPOOKYGROUND,255
64,71,73.3798,GROUND_SPOOKYGROUND,255
0,72,71.7634,GROUND_SPOOKYTREES,255
1,72,71.4452,GROUND_SPOOKYTREES,255
2,72,71.3135,GROUND_SPOOKYTREES,255
3,72,71.3884,GROUND_SPOOKYTREES,255
4,72,71.7011,GROUND_SPOOKYTREES,255
5,72,72.0789,GROUND_SPOOKYTREES,255
6,72,72.6974,GROUND_SPOOKYTREES,255
7,72,73.6391,GROUND_SPOOKY_TEST06,255
8,72,74.6207,GROUND_SPOOKY_TEST06,255
9,72,75.7673,GROUND_SPOOKY_TEST06,255
10,72,76.7332,GROUND_SPOOKY_TEST06,255
11,72,77.3247,GROUND_SPOOKYTREES,255
12,72,77.8638,GROUND_SPOOKYTREES,255
13,72,78.3422,GROUND_SPOOKYTREES,255
14,72,78.6838,GROUND_SPOOKYTREES,255
15,72,79.035,GROUND_SPOOKYTREES,255
16,72,79.2915,GROUND_SPOOKYTREES,255
17,72,79.5899,GROUND_SPOOKYTREES,255
18,72,79.9408,GROUND_SPOOKYGROUND,255
19,72,80.139,GROUND_SPOOKYGROUND,255
20,72,80.5351,GROUND_SPOOKY_TEST06,255
21,72,80.8482,GROUND_SPOOKY_TEST06,255
22,72,81.158,GROUND_SPOOKY_TEST06,255
23,72,81.4144,GROUND_SPOOKY_TEST06,255
24,72,81.5783,GROUND_SPOOKY_TEST06,255
25,72,81.6831,GROUND_SPOOKY_TEST06,255
26,72,81.8673,GROUND_SPOOKY_TEST06,255
27,72,81.9929,GROUND_SPOOKY_TEST06,255
28,72,82.0642,GROUND_SPOOKY_TEST06,255
29,72,82.1786,GROUND_SPOOKY_TEST06,255
30,72,82.2665,GROUND_SPOOKY_TEST06,255
31,72,82.326,GROUND_SPOOKY_TEST06,255
32,72,82.3662,GROUND_SPOOKY_TEST06,255
33,72,82.3994,GROUND_SPOOKY_TEST06,255
34,72,82.4257,GROUND_SPOOKY_TEST06,255
35,72,82.4362,GROUND_SPOOKY_TEST06,255
36,72,82.4358,GROUND_SPOOKY_TEST06,255
37,72,82.422,GROUND_SPOOKY_TEST06,255
38,72,82.3568,GROUND_SPOOKY_TEST06,255
39,72,82.2954,GROUND_SPOOKY_TEST06,255
40,72,82.2696,GROUND_SPOOKY_TEST06,255
41,72,82.2101,GROUND_SPOOKY_TEST06,255
42,72,82.0709,GROUND_SPOOKY_TEST06,255
43,72,81.908,GROUND_SPOOKY_TEST06,255
44,72,81.7141,GROUND_SPOOKY_TEST06,255
45,72,81.5353,GROUND_SPOOKYGROUND,255
46,72,81.3116,GROUND_SPOOKYGROUND,255
47,72,81.0165,GROUND_SPOOKYTREES,255
48,72,80.6983,GROUND_SPOOKYTREES,255
49,72,80.4066,GROUND_SPOOKYTREES,255
50,72,80.1528,GROUND_SPOOKYTREES,255
51,72,79.8635,GROUND_SPOOKYTREES,255
52,72,79.4496,GROUND_SPOOKYTREES,255
53,72,78.9508,GROUND_SPOOKYTREES,255
54,72,78.4289,GROUND_SPOOKYTREES,255
55,72,77.9741,GROUND_SPOOKYGROUND,255
56,72,77.5955,GROUND_SPOOKYGROUND,255
57,72,77.2435,GROUND_SPOOKYGROUND,255
58,72,76.8676,GROUND_SPOOKYGROUND,255
59,72,76.4621,GROUND_SPOOKYGROUND,255
60,72,75.9767,GROUND_SPOOKYGROUND,255
61,72,75.4098,GROUND_SPOOKYGROUND,255
62,72,74.7196,GROUND_SPOOKYGROUND,255
63,72,74.2433,GROUND_SPOOKYGROUND,255
64,72,74.0185,GROUND_SPOOKYGROUND,255
0,73,72.1169,GROUND_SPOOKYTREES,255
1,73,71.8063,GROUND_SPOOKYTREES,255
2,73,71.5824,GROUND_SPOOKYTREES,255
3,73,71.6336,GROUND_SPOOKYTREES,255
4,73,71.8894,GROUND_SPOOKYTREES,255
5,73,72.3552,GROUND_SPOOKYTREES,255
6,73,72.8945,GROUND_SPOOKYTREES,255
7,73,73.5732,GROUND_SPOOKY_TEST06,255
8,73,74.6229,GROUND_SPOOKY_TEST06,255
9,73,75.3707,GROUND_SPOOKY_TEST06,255
10,73,76.5209,GROUND_SPOOKY_TEST06,255
11,73,77.293,GROUND_SPOOKY_TEST06,255
12,73,77.7825,GROUND_SPOOKYTREES,255
13,73,78.2886,GROUND_SPOOKYTREES,255
14,73,78.7826,GROUND_SPOOKYTREES,255
15,73,79.1701,GROUND_SPOOKYTREES,255
16,73,79.4816,GROUND_SPOOKYTREES,255
17,73,79.7733,GROUND_SPOOKYTREES,255
18,73,80.115,GROUND_SPOOKYTREES,255
19,73,80.4329,GROUND_SPOOKYGROUND,255
20,73,80.7032,GROUND_SPOOKY_TEST06,255
21,73,80.9918,GROUND_SPOOKY_TEST06,255
22,73,81.3179,GROUND_SPOOKY_TEST06,255
23,73,81.5002,GROUND_SPOOKY_TEST06,255
24,73,81.6522,GROUND_SPOOKY_TEST06,255
25,73,81.782,GROUND_SPOOKY_TEST06,255
26,73,81.9348,GROUND_SPOOKY_TEST06,255
27,73,82.0377,GROUND_SPOOKY_TEST06,255
28,73,82.1389,GROUND_SPOOKY_TEST06,255
29,73,82.198,GROUND_SPOOKY_TEST06,255
30,73,82.2727,GROUND_SPOOKY_TEST06,255
31,73,82.3104,GROUND_SPOOKY_TEST06,255
32,73,82.3561,GROUND_SPOOKY_TEST06,255
33,73,82.3895,GROUND_SPOOKY_TEST06,255
34,73,82.4211,GROUND_SPOOKY_TEST06,255
35,73,82.4517,GROUND_SPOOKY_TEST06,255
36,73,82.4649,GROUND_SPOOKY_TEST06,255
37,73,82.4809,GROUND_SPOOKY_TEST06,255
38,73,82.4277,GROUND_SPOOKY_TEST06,255
39,73,82.3774,GROUND_SPOOKY_TEST06,255
40,73,82.3647,GROUND_SPOOKY_TEST06,255
41,73,82.3053,GROUND_SPOOKY_TEST06,255
42,73,82.197,GROUND_SPOOKY_TEST06,255
43,73,82.0485,GROUND_SPOOKY_TEST06,255
44,73,81.8708,GROUND_SPOOKY_TEST06,255
45,73,81.7112,GROUND_SPOOKY_TEST06,255
46,73,81.5085,GROUND_SPOOKYGROUND,255
47,73,81.236,GROUND_SPOOKYTREES,255
48,73,80.9424,GROUND_SPOOKYTREES,255
49,73,80.6769,GROUND_SPOOKYTREES,255
50,73,80.45,GROUND_SPOOKYTREES,255
51,73,80.1858,GROUND_SPOOKYTREES,255
52,73,79.7929,GROUND_SPOOKYTREES,255
53,73,79.3122,GROUND_SPOOKYTREES,255
54,73,78.807,GROUND_SPOOKYTREES,255
55,73,78.371,GROUND_SPOOKYGROUND,255
56,73,78.0138,GROUND_SPOOKYGROUND,255
57,73,77.6849,GROUND_SPOOKYGROUND,255
58,73,77.3327,GROUND_SPOOKYGROUND,255
59,73,76.9517,GROUND_SPOOKYGROUND,255
60,73,76.4998,GROUND_SPOOKYGROUND,255
61,73,75.9616,GROUND_SPOOKYGROUND,255
62,73,75.2942,GROUND_SPOOKYGROUND,255
63,73,74.8605,GROUND_SPOOKYGROUND,255
64,73,74.6082,GROUND_SPOOKYGROUND,255
0,74,72.4909,GROUND_SPOOKYTREES,255
1,74,72.0947,GROUND_SPOOKYTREES,255
2,74,72.0061,GROUND_SPOOKYTREES,255
3,74,71.998,GROUND_SPOOKYTREES,255
4,74,72.2044,GROUND_SPOOKYTREES,255
5,74,72.6307,GROUND_SPOOKYTREES,255
6,74,73.1502,GROUND_SPOOKYTREES,255
7,74,73.9039,GROUND_SPOOKY_TEST06,255
8,74,74.5979,GROUND_SPOOKY_TEST06,255
9,74,75.5955,GROUND_SPOOKY_TEST06,255
10,74,76.3511,GROUND_SPOOKY_TEST06,255
11,74,77.1861,GROUND_SPOOKY_TEST06,255
12,74,77.7473,GROUND_SPOOKYTREES,255
13,74,78.1793,GROUND_SPOOKYTREES,255
14,74,78.7617,GROUND_SPOOKYTREES,255
15,74,79.079,GROUND_SPOOKYTREES,255
16,74,79.5585,GROUND_SPOOKYTREES,255
17,74,79.9865,GROUND_SPOOKYTREES,255
18,74,80.4088,GROUND_SPOOKYTREES,255
19,74,80.6951,GROUND_SPOOKYTREES,255
20,74,80.907,GROUND_SPOOKY_TEST06,255
21,74,81.148,GROUND_SPOOKY_TEST06,255
22,74,81.4252,GROUND_SPOOKY_TEST06,255
23,74,81.627,GROUND_SPOOKY_TEST06,255
24,74,81.7527,GROUND_SPOOKY_TEST06,255
25,74,81.865,GROUND_SPOOKY_TEST06,255
26,74,81.9963,GROUND_SPOOKY_TEST06,255
27,74,82.0844,GROUND_SPOOKY_TEST06,255
28,74,82.1754,GROUND_SPOOKY_TEST06,255
29,74,82.2211,GROUND_SPOOKY_TEST06,255
30,74,82.26,GROUND_SPOOKY_TEST06,255
31,74,82.2896,GROUND_SPOOKY_TEST06,255
32,74,82.3165,GROUND_SPOOKY_TEST06,255
33,74,82.3663,GROUND_SPOOKY_TEST06,255
34,74,82.4096,GROUND_SPOOKY_TEST06,255
35,74,82.4859,GROUND_SPOOKY_TEST06,255
36,74,82.4958,GROUND_SPOOKY_TEST06,255
37,74,82.4873,GROUND_SPOOKY_TEST06,255
38,74,82.4789,GROUND_SPOOKY_TEST06,255
39,74,82.4572,GROUND_SPOOKY_TEST06,255
40,74,82.4351,GROUND_SPOOKY_TEST06,255
41,74,82.4149,GROUND_SPOOKY_TEST06,255
42,74,82.3262,GROUND_SPOOKY_TEST06,255
43,74,82.1915,GROUND_SPOOKY_TEST06,255
44,74,82.0304,GROUND_SPOOKY_TEST06,255
45,74,81.8902,GROUND_SPOOKY_TEST06,255
46,74,81.7088,GROUND_SPOOKYGROUND,255
47,74,81.4592,GROUND_SPOOKYTREES,255
48,74,81.1904,GROUND_SPOOKYTREES,255
49,74,80.9514,GROUND_SPOOKYTREES,255
50,74,80.7514,GROUND_SPOOKYTREES,255
51,74,80.5125,GROUND_SPOOKYTREES,255
52,74,80.1404,GROUND_SPOOKYTREES,255
53,74,79.677,GROUND_SPOOKYTREES,255
54,74,79.188,GROUND_SPOOKYTREES,255
55,74,78.7702,GROUND_SPOOKYTREES,255
56,74,78.4341,GROUND_SPOOKYGROUND,255
57,74,78.128,GROUND_SPOOKYGROUND,255
58,74,77.7992,GROUND_SPOOKYGROUND,255
59,74,77.4427,GROUND_SPOOKYGROUND,255
60,74,77.0262,GROUND_SPOOKYGROUND,255
61,74,76.5206,GROUND_SPOOKYGROUND,255
62,74,75.8721,GROUND_SPOOKYGROUND,255
63,74,75.4296,GROUND_SPOOKYGROUND,255
64,74,75.1904,GROUND_SPOOKYGROUND,255
0,75,72.8657,GROUND_SPOOKYTREES,255
1,75,72.4624,GROUND_SPOOKYTREES,255
2,75,72.3434,GROUND_SPOOKYTREES,255
3,75,72.3613,GROUND_SPOOKYTREES,255
4,75,72.4282,GROUND_SPOOKYTREES,255
5,75,72.773,GROUND_SPOOKYTREES,255
6,75,73.3962,GROUND_SPOOKYTREES,255
7,75,74.1042,GROUND_SPOOKY_TEST06,255
8,75,74.8,GROUND_SPOOKY_TEST06,255
9,75,75.7265,GROUND_SPOOKY_TEST06,255
10,75,76.4102,GROUND_SPOOKY_TEST06,255
11,75,76.8973,GROUND_SPOOKY_TEST06,255
12,75,77.4066,GROUND_SPOOKY_TEST06,255
13,75,77.9681,GROUND_SPOOKY_TEST06,255
14,75,78.4548,GROUND_SPOOKY_TEST06,255
15,75,79.0573,GROUND_SPOOKY_TEST06,255
16,75,79.679,GROUND_SPOOKYTREES,255
17,75,80.0892,GROUND_SPOOKYTREES,255
18,75,80.5766,GROUND_SPOOKYTREES,255
19,75,80.86,GROUND_SPOOKYTREES,255
20,75,81.1084,GROUND_SPOOKY_TEST06,255
21,75,81.3787,GROUND_SPOOKY_TEST06,255
22,75,81.6582,GROUND_SPOOKY_TEST06,255
23,75,81.7565,GROUND_SPOOKY_TEST06,255
24,75,81.8841,GROUND_SPOOKY_TEST06,255
25,75,81.9437,GROUND_SPOOKY_TEST06,255
26,75,82.0602,GROUND_SPOOKY_TEST06,255
27,75,82.1374,GROUND_SPOOKY_TEST06,255
28,75,82.198,GROUND_SPOOKY_TEST06,255
29,75,82.2333,GROUND_SPOOKY_TEST06,255
30,75,82.2509,GROUND_SPOOKY_TEST06,255
31,75,82.2638,GROUND_SPOOKY_TEST06,255
32,75,82.2702,GROUND_SPOOKY_TEST06,255
33,75,82.3078,GROUND_SPOOKY_TEST06,255
34,75,82.3793,GROUND_SPOOKY_TEST06,255
35,75,82.4202,GROUND_SPOOKY_TEST06,255
36,75,82.4589,GROUND_SPOOKY_TEST06,255
37,75,82.4688,GROUND_SPOOKY_TEST06,255
38,75,82.4906,GROUND_SPOOKY_TEST06,255
39,75,82.5079,GROUND_SPOOKY_TEST06,255
40,75,82.5072,GROUND_SPOOKY_TEST06,255
41,75,82.4978,GROUND_SPOOKY_TEST06,255
42,75,82.4526,GROUND_SPOOKY_TEST06,255
43,75,82.3332,GROUND_SPOOKY_TEST06,255
44,75,82.1887,GROUND_SPOOKY_TEST06,255
45,75,82.0684,GROUND_SPOOKY_TEST06,255
46,75,81.9087,GROUND_SPOOKYGROUND,255
47,75,81.6822,GROUND_SPOOKYGROUND,255
48,75,81.4386,GROUND_SPOOKYTREES,255
49,75,81.2262,GROUND_SPOOKYTREES,255
50,75,81.0536,GROUND_SPOOKYTREES,255
51,75,80.8401,GROUND_SPOOKYTREES,255
52,75,80.4886,GROUND_SPOOKYTREES,255
53,75,80.0424,GROUND_SPOOKYTREES,255
54,75,79.5691,GROUND_SPOOKYTREES,255
55,75,79.169,GROUND_SPOOKYTREES,255
56,75,78.8539,GROUND_SPOOKYTREES,255
57,75,78.5707,GROUND_SPOOKYGROUND,255
58,75,78.2653,GROUND_SPOOKYGROUND,255
59,75,77.9332,GROUND_SPOOKYGROUND,255
60,75,77.5973,GROUND_SPOOKYGROUND,255
61,75,77.0712,GROUND_SPOOKYGROUND,255
62,75,76.3609,GROUND_SPOOKYGROUND,255
63,75,75.9544,GROUND_SPOOKYGROUND,255
64,75,75.7116,GROUND_SPOOKYGROUND,255
0,76,73.2424,GROUND_SPOOKYTREES,255
1,76,72.8417,GROUND_SPOOKYTREES,255
2,76,72.6247,GROUND_SPOOKYTREES,255
3,76,72.6245,GROUND_SPOOKYTREES,255
4,76,72.786,GROUND_SPOOKYTREES,255
5,76,73.2666,GROUND_SPOOKYTREES,255
6,76,73.6415,GROUND_SPOOKYTREES,255
7,76,74.2878,GROUND_SPOOKY_TEST06,255
8,76,74.894,GROUND_SPOOKY_TEST06,255
9,76,75.7456,GROUND_SPOOKY_TEST06,255
10,76,76.379,GROUND_SPOOKY_TEST06,255
11,76,76.8256,GROUND_SPOOKY_TEST06,255
12,76,77.292,GROUND_SPOOKY_TEST06,255
13,76,77.8173,GROUND_SPOOKY_TEST06,255
14,76,78.3439,GROUND_SPOOKY_TEST06,255
15,76,78.9651,GROUND_SPOOKY_TEST06,255
16,76,79.5736,GROUND_SPOOKY_TEST06,255
17,76,80.1384,GROUND_SPOOKYTREES,255
18,76,80.6098,GROUND_SPOOKYTREES,255
19,76,81.0132,GROUND_SPOOKYTREES,255
20,76,81.3632,GROUND_SPOOKYGROUND,255
21,76,81.6413,GROUND_SPOOKY_TEST06,255
22,76,81.8668,GROUND_SPOOKY_TEST06,255
23,76,81.9877,GROUND_SPOOKY_TEST06,255
24,76,82.046,GROUND_SPOOKY_TEST06,255
25,76,82.1108,GROUND_SPOOKY_TEST06,255
26,76,82.1286,GROUND_SPOOKY_TEST06,255
27,76,82.1967,GROUND_SPOOKY_TEST06,255
28,76,82.2292,GROUND_SPOOKY_TEST06,255
29,76,82.237,GROUND_SPOOKY_TEST06,255
30,76,82.2267,GROUND_SPOOKY_TEST06,255
31,76,82.2014,GROUND_SPOOKY_TEST06,255
32,76,82.1963,GROUND_SPOOKY_TEST06,255
33,76,82.2404,GROUND_SPOOKY_TEST06,255
34,76,82.278,GROUND_SPOOKY_TEST06,255
35,76,82.3506,GROUND_SPOOKY_TEST06,255
36,76,82.404,GROUND_SPOOKY_TEST06,255
37,76,82.443,GROUND_SPOOKY_TEST06,255
38,76,82.4877,GROUND_SPOOKY_TEST06,255
39,76,82.5418,GROUND_SPOOKY_TEST06,255
40,76,82.5667,GROUND_SPOOKY_TEST06,255
41,76,82.5525,GROUND_SPOOKY_TEST06,255
42,76,82.5251,GROUND_SPOOKY_TEST06,255
43,76,82.4709,GROUND_SPOOKY_TEST06,255
44,76,82.3434,GROUND_SPOOKY_TEST06,255
45,76,82.2433,GROUND_SPOOKY_TEST06,255
46,76,82.1057,GROUND_SPOOKYGROUND,255
47,76,81.9027,GROUND_SPOOKYGROUND,255
48,76,81.6845,GROUND_SPOOKYGROUND,255
49,76,81.4992,GROUND_SPOOKYTREES,255
50,76,81.3543,GROUND_SPOOKYTREES,255
51,76,81.1241,GROUND_SPOOKYTREES,255
52,76,80.8357,GROUND_SPOOKYTREES,255
53,76,80.4063,GROUND_SPOOKYTREES,255
54,76,79.9483,GROUND_SPOOKYTREES,255
55,76,79.5658,GROUND_SPOOKYTREES,255
56,76,79.2716,GROUND_SPOOKYTREES,255
57,76,79.0113,GROUND_SPOOKYGROUND,255
58,76,78.7296,GROUND_SPOOKYGROUND,255
59,76,78.4223,GROUND_SPOOKYGROUND,255
60,76,78.1355,GROUND_SPOOKYGROUND,255
61,76,77.6234,GROUND_SPOOKYGROUND,255
62,76,76.9413,GROUND_SPOOKYGROUND,255
63,76,76.4482,GROUND_SPOOKYGROUND,255
64,76,76.2426,GROUND_SPOOKYGROUND,255
0,77,73.4168,GROUND_SPOOKYTREES,255
1,77,73.1017,GROUND_SPOOKYTREES,255
2,77,73.014,GROUND_SPOOKYTREES,255
3,77,72.9858,GROUND_SPOOKYTREES,255
4,77,73.1324,GROUND_SPOOKYTREES,255
5,77,73.568,GROUND_SPOOKYTREES,255
6,77,73.8731,GROUND_SPOOKYTREES,255
7,77,74.4421,GROUND_SPOOKY_TEST06,255
8,77,74.9426,GROUND_SPOOKY_TEST06,255
9,77,75.7077,GROUND_SPOOKY_TEST06,255
10,77,76.2803,GROUND_SPOOKY_TEST06,255
11,77,76.6505,GROUND_SPOOKY_TEST06,255
12,77,77.1502,GROUND_SPOOKY_TEST06,255
13,77,77.6656,GROUND_SPOOKY_TEST06,255
14,77,78.1379,GROUND_SPOOKY_TEST06,255
15,77,78.8358,GROUND_SPOOKY_TEST06,255
16,77,79.254,GROUND_SPOOKY_TEST06,255
17,77,80.0203,GROUND_SPOOKYTREES,255
18,77,80.6506,GROUND_SPOOKYTREES,255
19,77,81.0601,GROUND_SPOOKYTREES,255
20,77,81.462,GROUND_SPOOKYGROUND,255
21,77,81.808,GROUND_SPOOKY_TEST06,255
22,77,82.0987,GROUND_SPOOKY_TEST06,255
23,77,82.2113,GROUND_SPOOKY_TEST06,255
24,77,82.2795,GROUND_SPOOKY_TEST06,255
25,77,82.3664,GROUND_SPOOKY_TEST06,255
26,77,82.3087,GROUND_SPOOKY_TEST06,255
27,77,82.2592,GROUND_SPOOKY_TEST06,255
28,77,82.2681,GROUND_SPOOKY_TEST06,255
29,77,82.2472,GROUND_SPOOKY_TEST06,255
30,77,82.1834,GROUND_SPOOKY_TEST06,255
31,77,82.1347,GROUND_SPOOKY_TEST06,255
32,77,82.1148,GROUND_SPOOKY_TEST06,255
33,77,82.1168,GROUND_SPOOKY_TEST06,255
34,77,82.1674,GROUND_SPOOKY_TEST06,255
35,77,82.2314,GROUND_SPOOKY_TEST06,255
36,77,82.3089,GROUND_SPOOKY_TEST06,255
37,77,82.3701,GROUND_SPOOKY_TEST06,255
38,77,82.4778,GROUND_SPOOKY_TEST06,255
39,77,82.542,GROUND_SPOOKY_TEST06,255
40,77,82.5904,GROUND_SPOOKY_TEST06,255
41,77,82.6064,GROUND_SPOOKY_TEST06,255
42,77,82.5935,GROUND_SPOOKY_TEST06,255
43,77,82.5581,GROUND_SPOOKY_TEST06,255
44,77,82.4921,GROUND_SPOOKY_TEST06,255
45,77,82.4127,GROUND_SPOOKY_TEST06,255
46,77,82.2748,GROUND_SPOOKYGROUND,255
47,77,82.1185,GROUND_SPOOKYGROUND,255
48,77,81.9263,GROUND_SPOOKYGROUND,255
49,77,81.7684,GROUND_SPOOKYTREES,255
50,77,81.6518,GROUND_SPOOKYTREES,255
51,77,81.4456,GROUND_SPOOKYTREES,255
52,77,81.18,GROUND_SPOOKYTREES,255
53,77,80.7672,GROUND_SPOOKYTREES,255
54,77,80.3242,GROUND_SPOOKYTREES,255
55,77,79.9591,GROUND_SPOOKYTREES,255
56,77,79.6858,GROUND_SPOOKYTREES,255
57,77,79.4487,GROUND_SPOOKYGROUND,255
58,77,79.191,GROUND_SPOOKYGROUND,255
59,77,78.9088,GROUND_SPOOKYGROUND,255
60,77,78.6117,GROUND_SPOOKYGROUND,255
61,77,78.157,GROUND_SPOOKYGROUND,255
62,77,77.5217,GROUND_SPOOKYGROUND,255
63,77,77.0725,GROUND_SPOOKYGROUND,255
64,77,76.8195,GROUND_SPOOKYGROUND,255
0,78,73.7804,GROUND_SPOOKYTREES,255
1,78,73.4238,GROUND_SPOOKYTREES,255
2,78,73.3355,GROUND_SPOOKYTREES,255
3,78,73.3446,GROUND_SPOOKYTREES,255
4,78,73.4891,GROUND_SPOOKYTREES,255
5,78,73.8704,GROUND_SPOOKYTREES,255
6,78,74.1211,GROUND_SPOOKYTREES,255
7,78,74.6084,GROUND_SPOOKYTREES,255
8,78,74.9889,GROUND_SPOOKYTREES,255
9,78,75.6586,GROUND_SPOOKYTREES,255
10,78,76.1584,GROUND_SPOOKY_TEST06,255
11,78,76.4705,GROUND_SPOOKY_TEST06,255
12,78,77.0034,GROUND_SPOOKY_TEST06,255
13,78,77.4545,GROUND_SPOOKY_TEST06,255
14,78,78.0673,GROUND_SPOOKY_TEST06,255
15,78,78.5101,GROUND_SPOOKY_TEST06,255
16,78,79.1694,GROUND_SPOOKY_TEST06,255
17,78,79.65,GROUND_SPOOKYTREES,255
18,78,80.4342,GROUND_SPOOKYTREES,255
19,78,81.0143,GROUND_SPOOKYTREES,255
20,78,81.6019,GROUND_SPOOKYGROUND,255
21,78,81.9153,GROUND_SPOOKY_TEST06,255
22,78,82.247,GROUND_SPOOKY_TEST06,255
23,78,82.4113,GROUND_SPOOKY_TEST06,255
24,78,82.5128,GROUND_SPOOKY_TEST06,255
25,78,82.5724,GROUND_SPOOKY_TEST06,255
26,78,82.5428,GROUND_SPOOKY_TEST06,255
27,78,82.4038,GROUND_SPOOKY_TEST06,255
28,78,82.3269,GROUND_SPOOKY_TEST06,255
29,78,82.2381,GROUND_SPOOKY_TEST06,255
30,78,82.1267,GROUND_SPOOKY_TEST06,255
31,78,82.0266,GROUND_SPOOKY_TEST06,255
32,78,82.0038,GROUND_SPOOKY_TEST06,255
33,78,82.0084,GROUND_SPOOKY_TEST06,255
34,78,82.0675,GROUND_SPOOKY_TEST06,255
35,78,82.131,GROUND_SPOOKY_TEST06,255
36,78,82.214,GROUND_SPOOKY_TEST06,255
37,78,82.3372,GROUND_SPOOKY_TEST06,255
38,78,82.4663,GROUND_SPOOKY_TEST06,255
39,78,82.5572,GROUND_SPOOKY_TEST06,255
40,78,82.5981,GROUND_SPOOKY_TEST06,255
41,78,82.6311,GROUND_SPOOKY_TEST06,255
42,78,82.6315,GROUND_SPOOKY_TEST06,255
43,78,82.6223,GROUND_SPOOKY_TEST06,255
44,78,82.5908,GROUND_SPOOKY_TEST06,255
45,78,82.5248,GROUND_SPOOKYGROUND,255
46,78,82.4611,GROUND_SPOOKYGROUND,255
47,78,82.3276,GROUND_SPOOKYGROUND,255
48,78,82.1617,GROUND_SPOOKYGROUND,255
49,78,82.0319,GROUND_SPOOKYTREES,255
50,78,81.9441,GROUND_SPOOKYTREES,255
51,78,81.7622,GROUND_SPOOKYTREES,255
52,78,81.5196,GROUND_SPOOKYTREES,255
53,78,81.1233,GROUND_SPOOKYTREES,255
54,78,80.6949,GROUND_SPOOKYTREES,255
55,78,80.3472,GROUND_SPOOKYTREES,255
56,78,80.0949,GROUND_SPOOKYTREES,255
57,78,79.8814,GROUND_SPOOKYTREES,255
58,78,79.648,GROUND_SPOOKYTREES,255
59,78,79.3916,GROUND_SPOOKYGROUND,255
60,78,79.2066,GROUND_SPOOKYGROUND,255
61,78,78.7983,GROUND_SPOOKYGROUND,255
62,78,78.1017,GROUND_SPOOKYGROUND,255
63,78,77.5361,GROUND_SPOOKYGROUND,255
64,78,77.3526,GROUND_SPOOKYGROUND,255
0,79,74.1217,GROUND_SPOOKYTREES,255
1,79,73.7587,GROUND_SPOOKYTREES,255
2,79,73.6638,GROUND_SPOOKYTREES,255
3,79,73.6006,GROUND_SPOOKYTREES,255
4,79,73.8467,GROUND_SPOOKYTREES,255
5,79,74.1714,GROUND_SPOOKYTREES,255
6,79,74.359,GROUND_SPOOKYTREES,255
7,79,74.763,GROUND_SPOOKYTREES,255
8,79,75.181,GROUND_SPOOKYTREES,255
9,79,75.6322,GROUND_SPOOKYTREES,255
10,79,76.0535,GROUND_SPOOKYTREES,255
11,79,76.4585,GROUND_SPOOKY_TEST06,255
12,79,76.9458,GROUND_SPOOKY_TEST06,255
13,79,77.4403,GROUND_SPOOKY_TEST06,255
14,79,77.8474,GROUND_SPOOKY_TEST06,255
15,79,78.4429,GROUND_SPOOKY_TEST06,255
16,79,78.9532,GROUND_SPOOKY_TEST06,255
17,79,79.5326,GROUND_SPOOKY_TEST06,255
18,79,80.3514,GROUND_SPOOKYTREES,255
19,79,80.9445,GROUND_SPOOKYGROUND,255
20,79,81.5473,GROUND_SPOOKYGROUND,255
21,79,81.98,GROUND_SPOOKYGROUND,255
22,79,82.3311,GROUND_SPOOKY_TEST06,255
23,79,82.4899,GROUND_SPOOKY_TEST06,255
24,79,82.5943,GROUND_SPOOKY_TEST06,255
25,79,82.6546,GROUND_SPOOKY_TEST06,255
26,79,82.6141,GROUND_SPOOKY_TEST06,255
27,79,82.5493,GROUND_SPOOKY_TEST06,255
28,79,82.3728,GROUND_SPOOKY_TEST06,255
29,79,82.2079,GROUND_SPOOKY_TEST06,255
30,79,82.0539,GROUND_SPOOKY_TEST06,255
31,79,81.9324,GROUND_SPOOKY_TEST06,255
32,79,81.9116,GROUND_SPOOKY_TEST06,255
33,79,81.904,GROUND_SPOOKY_TEST06,255
34,79,81.9778,GROUND_SPOOKY_TEST06,255
35,79,82.0645,GROUND_SPOOKY_TEST06,255
36,79,82.1883,GROUND_SPOOKY_TEST06,255
37,79,82.3168,GROUND_SPOOKY_TEST06,255
38,79,82.4578,GROUND_SPOOKY_TEST06,255
39,79,82.5498,GROUND_SPOOKY_TEST06,255
40,79,82.6221,GROUND_SPOOKY_TEST06,255
41,79,82.6625,GROUND_SPOOKYGROUND,255
42,79,82.6675,GROUND_SPOOKYGROUND,255
43,79,82.6721,GROUND_SPOOKY_TEST06,255
44,79,82.6524,GROUND_SPOOKY_TEST06,255
45,79,82.6012,GROUND_SPOOKY_TEST06,255
46,79,82.5334,GROUND_SPOOKY_TEST06,255
47,79,82.4653,GROUND_SPOOKY_TEST06,255
48,79,82.3885,GROUND_SPOOKYGROUND,255
49,79,82.2873,GROUND_SPOOKYGROUND,255
50,79,82.229,GROUND_SPOOKYTREES,255
51,79,82.1211,GROUND_SPOOKYTREES,255
52,79,81.8526,GROUND_SPOOKYTREES,255
53,79,81.4726,GROUND_SPOOKYTREES,255
54,79,81.0587,GROUND_SPOOKYTREES,255
55,79,80.7282,GROUND_SPOOKYTREES,255
56,79,80.4973,GROUND_SPOOKYTREES,255
57,79,80.3078,GROUND_SPOOKYTREES,255
58,79,80.0993,GROUND_SPOOKYTREES,255
59,79,79.8693,GROUND_SPOOKYTREES,255
60,79,79.7801,GROUND_SPOOKYGROUND,255
61,79,79.3634,GROUND_SPOOKYGROUND,255
62,79,78.6809,GROUND_SPOOKYGROUND,255
63,79,78.1105,GROUND_SPOOKYGROUND,255
64,79,77.859,GROUND_SPOOKYGROUND,255
0,80,74.4202,GROUND_SPOOKYTREES,255
1,80,74.0556,GROUND_SPOOKYTREES,255
2,80,73.8762,GROUND_SPOOKYTREES,255
3,80,73.9373,GROUND_SPOOKYTREES,255
4,80,74.1714,GROUND_SPOOKYTREES,255
5,80,74.3519,GROUND_SPOOKYTREES,255
6,80,74.5928,GROUND_SPOOKYTREES,255
7,80,74.9466,GROUND_SPOOKYTREES,255
8,80,75.2259,GROUND_SPOOKYTREES,255
9,80,75.6563,GROUND_SPOOKYTREES,255
10,80,76.0116,GROUND_SPOOKYTREES,255
11,80,76.3767,GROUND_SPOOKY_TEST06,255
12,80,76.8348,GROUND_SPOOKY_TEST06,255
13,80,77.3041,GROUND_SPOOKY_TEST06,255
14,80,77.8201,GROUND_SPOOKY_TEST06,255
15,80,78.4287,GROUND_SPOOKY_TEST06,255
16,80,78.9229,GROUND_SPOOKY_TEST06,255
17,80,79.6247,GROUND_SPOOKY_TEST06,255
18,80,80.291,GROUND_SPOOKY_TEST06,255
19,80,80.9237,GROUND_SPOOKYGROUND,255
20,80,81.6608,GROUND_SPOOKYGROUND,255
21,80,82.0702,GROUND_SPOOKYGROUND,255
22,80,82.3599,GROUND_SPOOKY_TEST06,255
23,80,82.5876,GROUND_SPOOKY_TEST06,255
24,80,82.6572,GROUND_SPOOKY_TEST06,255
25,80,82.7117,GROUND_SPOOKY_TEST06,255
26,80,82.7168,GROUND_SPOOKY_TEST06,255
27,80,82.5689,GROUND_SPOOKY_TEST06,255
28,80,82.3954,GROUND_SPOOKY_TEST06,255
29,80,82.1663,GROUND_SPOOKY_TEST06,255
30,80,81.9674,GROUND_SPOOKY_TEST06,255
31,80,81.82,GROUND_SPOOKY_TEST06,255
32,80,81.8136,GROUND_SPOOKYGROUND,255
33,80,81.8129,GROUND_SPOOKY_TEST06,255
34,80,81.8577,GROUND_SPOOKY_TEST06,255
35,80,81.9878,GROUND_SPOOKY_TEST06,255
36,80,82.1364,GROUND_SPOOKY_TEST06,255
37,80,82.3315,GROUND_SPOOKY_TEST06,255
38,80,82.4485,GROUND_SPOOKY_TEST06,255
39,80,82.5348,GROUND_SPOOKY_TEST06,255
40,80,82.6083,GROUND_SPOOKY_TEST06,255
41,80,82.6657,GROUND_SPOOKYGROUND,255
42,80,82.6825,GROUND_SPOOKY_TEST06,255
43,80,82.7015,GROUND_SPOOKY_TEST06,255
44,80,82.6821,GROUND_SPOOKY_TEST06,255
45,80,82.6732,GROUND_SPOOKY_TEST06,255
46,80,82.6252,GROUND_SPOOKY_TEST06,255
47,80,82.5781,GROUND_SPOOKY_TEST06,255
48,80,82.4922,GROUND_SPOOKY_TEST06,255
49,80,82.4521,GROUND_SPOOKYGROUND,255
50,80,82.4039,GROUND_SPOOKYGROUND,255
51,80,82.3092,GROUND_SPOOKYTREES,255
52,80,82.1767,GROUND_SPOOKYTREES,255
53,80,81.813,GROUND_SPOOKYTREES,255
54,80,81.4133,GROUND_SPOOKYTREES,255
55,80,81.1,GROUND_SPOOKYTREES,255
56,80,80.8907,GROUND_SPOOKYTREES,255
57,80,80.7258,GROUND_SPOOKYTREES,255
58,80,80.543,GROUND_SPOOKYTREES,255
59,80,80.3405,GROUND_SPOOKYTREES,255
60,80,80.2465,GROUND_SPOOKYGROUND,255
61,80,79.8207,GROUND_SPOOKYGROUND,255
62,80,79.2589,GROUND_SPOOKYGROUND,255
63,80,78.6674,GROUND_SPOOKYGROUND,255
64,80,78.4372,GROUND_SPOOKYGROUND,255
0,81,74.6882,GROUND_SPOOKYTREES,255
1,81,74.2763,GROUND_SPOOKYTREES,255
2,81,74.1196,GROUND_SPOOKYTREES,255
3,81,74.1892,GROUND_SPOOKYTREES,255
4,81,74.3334,GROUND_SPOOKYTREES,255
5,81,74.5457,GROUND_SPOOKYTREES,255
6,81,74.7478,GROUND_SPOOKYTREES,255
7,81,75.0424,GROUND_SPOOKYTREES,255
8,81,75.3389,GROUND_SPOOKYTREES,255
9,81,75.6656,GROUND_SPOOKYTREES,255
10,81,75.9907,GROUND_SPOOKYTREES,255
11,81,76.3424,GROUND_SPOOKY_TEST06,255
12,81,76.7439,GROUND_SPOOKY_TEST06,255
13,81,77.197,GROUND_SPOOKY_TEST06,255
14,81,77.7549,GROUND_SPOOKY_TEST06,255
15,81,78.3898,GROUND_SPOOKY_TEST06,255
16,81,78.9495,GROUND_SPOOKY_TEST06,255
17,81,79.6387,GROUND_SPOOKY_TEST06,255
18,81,80.4214,GROUND_SPOOKY_TEST06,255
19,81,81.0265,GROUND_SPOOKYGROUND,255
20,81,81.628,GROUND_SPOOKYGROUND,255
21,81,82.1288,GROUND_SPOOKY_TEST06,255
22,81,82.3784,GROUND_SPOOKY_TEST06,255
23,81,82.5695,GROUND_SPOOKY_TEST06,255
24,81,82.6634,GROUND_SPOOKY_TEST06,255
25,81,82.7242,GROUND_SPOOKY_TEST06,255
26,81,82.7011,GROUND_SPOOKY_TEST06,255
27,81,82.5695,GROUND_SPOOKY_TEST06,255
28,81,82.418,GROUND_SPOOKY_TEST06,255
29,81,82.1385,GROUND_SPOOKY_TEST06,255
30,81,81.8788,GROUND_SPOOKY_TEST06,255
31,81,81.7139,GROUND_SPOOKY_TEST06,255
32,81,81.6458,GROUND_SPOOKY_TEST06,255
33,81,81.6881,GROUND_SPOOKY_TEST06,255
34,81,81.7911,GROUND_SPOOKY_TEST06,255
35,81,81.9774,GROUND_SPOOKY_TEST06,255
36,81,82.1048,GROUND_SPOOKY_TEST06,255
37,81,82.2628,GROUND_SPOOKY_TEST06,255
38,81,82.4304,GROUND_SPOOKY_TEST06,255
39,81,82.5065,GROUND_SPOOKY_TEST06,255
40,81,82.6043,GROUND_SPOOKY_TEST06,255
41,81,82.6606,GROUND_SPOOKYGROUND,255
42,81,82.6954,GROUND_SPOOKY_TEST06,255
43,81,82.7159,GROUND_SPOOKY_TEST06,255
44,81,82.7143,GROUND_SPOOKY_TEST06,255
45,81,82.709,GROUND_SPOOKY_TEST06,255
46,81,82.6839,GROUND_SPOOKY_TEST06,255
47,81,82.636,GROUND_SPOOKY_TEST06,255
48,81,82.6095,GROUND_SPOOKY_TEST06,255
49,81,82.5863,GROUND_SPOOKYGROUND,255
50,81,82.545,GROUND_SPOOKYGROUND,255
51,81,82.5255,GROUND_SPOOKYGROUND,255
52,81,82.3563,GROUND_SPOOKYGROUND,255
53,81,82.1417,GROUND_SPOOKYTREES,255
54,81,81.756,GROUND_SPOOKYTREES,255
55,81,81.46,GROUND_SPOOKYTREES,255
56,81,81.2729,GROUND_SPOOKYTREES,255
57,81,81.1333,GROUND_SPOOKYTREES,255
58,81,80.977,GROUND_SPOOKYTREES,255
59,81,80.8031,GROUND_SPOOKYTREES,255
60,81,80.6752,GROUND_SPOOKYTREES,255
61,81,80.3562,GROUND_SPOOKYGROUND,255
62,81,79.8352,GROUND_SPOOKYGROUND,255
63,81,79.2335,GROUND_SPOOKYGROUND,255
64,81,79.0174,GROUND_SPOOKYGROUND,255
0,82,74.822,GROUND_SPOOKY_TEST06,255
1,82,74.5657,GROUND_SPOOKY_TEST06,255
2,82,74.3304,GROUND_SPOOKY_TEST06,255
3,82,74.3771,GROUND_SPOOKY_TEST06,255
4,82,74.441,GROUND_SPOOKYTREES,255
5,82,74.6054,GROUND_SPOOKYTREES,255
6,82,74.8517,GROUND_SPOOKYTREES,255
7,82,75.1199,GROUND_SPOOKYTREES,255
8,82,75.402,GROUND_SPOOKYTREES,255
9,82,75.6925,GROUND_SPOOKYTREES,255
10,82,75.9896,GROUND_SPOOKYTREES,255
11,82,76.3181,GROUND_SPOOKY_TEST06,255
12,82,76.7107,GROUND_SPOOKY_TEST06,255
13,82,77.1696,GROUND_SPOOKY_TEST06,255
14,82,77.7465,GROUND_SPOOKY_TEST06,255
15,82,78.3926,GROUND_SPOOKY_TEST06,255
16,82,79.2124,GROUND_SPOOKY_TEST06,255
17,82,79.8934,GROUND_SPOOKY_TEST06,255
18,82,80.6,GROUND_SPOOKY_TEST06,255
19,82,81.2987,GROUND_SPOOKYGROUND,255
20,82,81.7915,GROUND_SPOOKYGROUND,255
21,82,82.1654,GROUND_SPOOKY_TEST06,255
22,82,82.401,GROUND_SPOOKY_TEST06,255
23,82,82.5555,GROUND_SPOOKY_TEST06,255
24,82,82.6455,GROUND_SPOOKY_TEST06,255
25,82,82.6914,GROUND_SPOOKY_TEST06,255
26,82,82.6832,GROUND_SPOOKY_TEST06,255
27,82,82.5612,GROUND_SPOOKY_TEST06,255
28,82,82.4031,GROUND_SPOOKY_TEST06,255
29,82,82.0912,GROUND_SPOOKY_TEST06,255
30,82,81.7631,GROUND_SPOOKY_TEST06,255
31,82,81.5715,GROUND_SPOOKY_TEST06,255
32,82,81.5023,GROUND_SPOOKY_TEST06,255
33,82,81.5306,GROUND_SPOOKY_TEST06,255
34,82,81.6946,GROUND_SPOOKY_TEST06,255
35,82,81.8835,GROUND_SPOOKY_TEST06,255
36,82,82.0471,GROUND_SPOOKY_TEST06,255
37,82,82.2432,GROUND_SPOOKY_TEST06,255
38,82,82.3561,GROUND_SPOOKY_TEST06,255
39,82,82.4603,GROUND_SPOOKY_TEST06,255
40,82,82.5553,GROUND_SPOOKYGROUND,255
41,82,82.6316,GROUND_SPOOKYGROUND,255
42,82,82.6742,GROUND_SPOOKY_TEST06,255
43,82,82.7207,GROUND_SPOOKY_TEST06,255
44,82,82.733,GROUND_SPOOKY_TEST06,255
45,82,82.746,GROUND_SPOOKY_TEST06,255
46,82,82.7314,GROUND_SPOOKY_TEST06,255
47,82,82.7179,GROUND_SPOOKY_TEST06,255
48,82,82.6798,GROUND_SPOOKY_TEST06,255
49,82,82.6631,GROUND_SPOOKYGROUND,255
50,82,82.6673,GROUND_SPOOKYGROUND,255
51,82,82.6721,GROUND_SPOOKYGROUND,255
52,82,82.6456,GROUND_SPOOKYGROUND,255
53,82,82.456,GROUND_SPOOKYTREES,255
54,82,82.0841,GROUND_SPOOKYTREES,255
55,82,81.8053,GROUND_SPOOKYTREES,255
56,82,81.6408,GROUND_SPOOKYTREES,255
57,82,81.5274,GROUND_SPOOKYTREES,255
58,82,81.3988,GROUND_SPOOKYTREES,255
59,82,81.255,GROUND_SPOOKYTREES,255
60,82,81.1688,GROUND_SPOOKYTREES,255
61,82,80.8907,GROUND_SPOOKYTREES,255
62,82,80.4091,GROUND_SPOOKYGROUND,255
63,82,79.9319,GROUND_SPOOKYGROUND,255
64,82,79.7291,GROUND_SPOOKYGROUND,255
0,83,75.0714,GROUND_SPOOKY_TEST06,255
1,83,74.6977,GROUND_SPOOKY_TEST06,255
2,83,74.549,GROUND_SPOOKY_TEST06,255
3,83,74.5136,GROUND_SPOOKY_TEST06,255
4,83,74.5722,GROUND_SPOOKYTREES,255
5,83,74.7287,GROUND_SPOOKYTREES,255
6,83,74.9261,GROUND_SPOOKYTREES,255
7,83,75.1743,GROUND_SPOOKYTREES,255
8,83,75.4392,GROUND_SPOOKYTREES,255
9,83,75.7146,GROUND_SPOOKYTREES,255
10,83,75.9979,GROUND_SPOOKYTREES,255
11,83,76.3233,GROUND_SPOOKY_TEST06,255
12,83,76.7179,GROUND_SPOOKY_TEST06,255
13,83,77.1921,GROUND_SPOOKY_TEST06,255
14,83,77.8162,GROUND_SPOOKY_TEST06,255
15,83,78.5421,GROUND_SPOOKY_TEST06,255
16,83,79.1804,GROUND_SPOOKY_TEST06,255
17,83,79.9476,GROUND_SPOOKY_TEST06,255
18,83,80.7423,GROUND_SPOOKY_TEST06,255
19,83,81.3528,GROUND_SPOOKYGROUND,255
20,83,81.8338,GROUND_SPOOKYGROUND,255
21,83,82.2179,GROUND_SPOOKY_TEST06,255
22,83,82.4205,GROUND_SPOOKY_TEST06,255
23,83,82.5449,GROUND_SPOOKY_TEST06,255
24,83,82.617,GROUND_SPOOKY_TEST06,255
25,83,82.648,GROUND_SPOOKY_TEST06,255
26,83,82.6107,GROUND_SPOOKY_TEST06,255
27,83,82.4891,GROUND_SPOOKY_TEST06,255
28,83,82.3061,GROUND_SPOOKY_TEST06,255
29,83,82.0099,GROUND_SPOOKY_TEST06,255
30,83,81.6731,GROUND_SPOOKY_TEST06,255
31,83,81.4278,GROUND_SPOOKY_TEST06,255
32,83,81.3532,GROUND_SPOOKY_TEST06,255
33,83,81.3918,GROUND_SPOOKY_TEST06,255
34,83,81.5462,GROUND_SPOOKY_TEST06,255
35,83,81.7217,GROUND_SPOOKY_TEST06,255
36,83,81.9122,GROUND_SPOOKY_TEST06,255
37,83,82.1138,GROUND_SPOOKY_TEST06,255
38,83,82.2108,GROUND_SPOOKY_TEST06,255
39,83,82.3434,GROUND_SPOOKY_TEST06,255
40,83,82.4585,GROUND_SPOOKYTREES,255
41,83,82.5499,GROUND_SPOOKYTREES,255
42,83,82.6321,GROUND_SPOOKY_TEST06,255
43,83,82.6988,GROUND_SPOOKY_TEST06,255
44,83,82.7359,GROUND_SPOOKY_TEST06,255
45,83,82.7703,GROUND_SPOOKY_TEST06,255
46,83,82.7772,GROUND_SPOOKY_TEST06,255
47,83,82.7861,GROUND_SPOOKY_TEST06,255
48,83,82.7652,GROUND_SPOOKY_TEST06,255
49,83,82.7911,GROUND_SPOOKYGROUND,255
50,83,82.8222,GROUND_SPOOKYGROUND,255
51,83,82.8778,GROUND_SPOOKYGROUND,255
52,83,82.8257,GROUND_SPOOKYGROUND,255
53,83,82.6311,GROUND_SPOOKYTREES,255
54,83,82.3938,GROUND_SPOOKYTREES,255
55,83,82.1324,GROUND_SPOOKYTREES,255
56,83,81.9911,GROUND_SPOOKYTREES,255
57,83,81.9049,GROUND_SPOOKYTREES,255
58,83,81.8052,GROUND_SPOOKYTREES,255
59,83,81.6931,GROUND_SPOOKYTREES,255
60,83,81.652,GROUND_SPOOKYTREES,255
61,83,81.4185,GROUND_SPOOKYTREES,255
62,83,80.9798,GROUND_SPOOKYGROUND,255
63,83,80.52,GROUND_SPOOKYGROUND,255
64,83,80.3337,GROUND_SPOOKYGROUND,255
0,84,75.1527,GROUND_SPOOKY_TEST06,255
1,84,74.8346,GROUND_SPOOKY_TEST06,255
2,84,74.6571,GROUND_SPOOKY_TEST06,255
3,84,74.6365,GROUND_SPOOKY_TEST06,255
4,84,74.6654,GROUND_SPOOKY_TEST06,255
5,84,74.7978,GROUND_SPOOKYTREES,255
6,84,74.9947,GROUND_SPOOKYTREES,255
7,84,75.2184,GROUND_SPOOKYTREES,255
8,84,75.4667,GROUND_SPOOKYTREES,255
9,84,75.7349,GROUND_SPOOKYTREES,255
10,84,76.0196,GROUND_SPOOKY_TEST06,255
11,84,76.3508,GROUND_SPOOKY_TEST06,255
12,84,76.756,GROUND_SPOOKY_TEST06,255
13,84,77.2538,GROUND_SPOOKY_TEST06,255
14,84,77.9362,GROUND_SPOOKY_TEST06,255
15,84,78.5633,GROUND_SPOOKY_TEST06,255
16,84,79.2638,GROUND_SPOOKY_TEST06,255
17,84,79.9847,GROUND_SPOOKY_TEST06,255
18,84,80.964,GROUND_SPOOKY_TEST06,255
19,84,81.589,GROUND_SPOOKYGROUND,255
20,84,81.9703,GROUND_SPOOKYGROUND,255
21,84,82.2548,GROUND_SPOOKY_TEST06,255
22,84,82.4126,GROUND_SPOOKY_TEST06,255
23,84,82.5093,GROUND_SPOOKY_TEST06,255
24,84,82.5764,GROUND_SPOOKY_TEST06,255
25,84,82.6156,GROUND_SPOOKY_TEST06,255
26,84,82.5828,GROUND_SPOOKY_TEST06,255
27,84,82.4406,GROUND_SPOOKY_TEST06,255
28,84,82.2331,GROUND_SPOOKY_TEST06,255
29,84,81.9367,GROUND_SPOOKY_TEST06,255
30,84,81.5391,GROUND_SPOOKY_TEST06,255
31,84,81.3142,GROUND_SPOOKY_TEST06,255
32,84,81.2093,GROUND_SPOOKY_TEST06,255
33,84,81.1602,GROUND_SPOOKY_TEST06,255
34,84,81.3029,GROUND_SPOOKY_TEST06,255
35,84,81.5171,GROUND_SPOOKY_TEST06,255
36,84,81.6105,GROUND_SPOOKY_TEST06,255
37,84,81.8334,GROUND_SPOOKY_TEST06,255
38,84,81.9614,GROUND_SPOOKY_TEST06,255
39,84,82.1414,GROUND_SPOOKYTREES,255
40,84,82.2929,GROUND_SPOOKYTREES,255
41,84,82.4257,GROUND_SPOOKYTREES,255
42,84,82.5387,GROUND_SPOOKY_TEST06,255
43,84,82.6567,GROUND_SPOOKY_TEST06,255
44,84,82.7276,GROUND_SPOOKY_TEST06,255
45,84,82.7761,GROUND_SPOOKY_TEST06,255
46,84,82.8093,GROUND_SPOOKY_TEST06,255
47,84,82.842,GROUND_SPOOKY_TEST06,255
48,84,82.8547,GROUND_SPOOKY_TEST06,255
49,84,82.908,GROUND_SPOOKYGROUND,255
50,84,83.0082,GROUND_SPOOKYGROUND,255
51,84,83.0452,GROUND_SPOOKYGROUND,255
52,84,83.0245,GROUND_SPOOKYGROUND,255
53,84,82.9059,GROUND_SPOOKYGROUND,255
54,84,82.681,GROUND_SPOOKYTREES,255
55,84,82.437,GROUND_SPOOKYTREES,255
56,84,82.3196,GROUND_SPOOKYTREES,255
57,84,82.2618,GROUND_SPOOKYTREES,255
58,84,82.1925,GROUND_SPOOKYTREES,255
59,84,82.1142,GROUND_SPOOKYTREES,255
60,84,82.1271,GROUND_SPOOKYTREES,255
61,84,81.8697,GROUND_SPOOKYTREES,255
62,84,81.5462,GROUND_SPOOKYGROUND,255
63,84,81.0977,GROUND_SPOOKYGROUND,255
64,84,80.9381,GROUND_SPOOKYGROUND,255
0,85,75.1769,GROUND_SPOOKY_TEST06,255
1,85,74.9287,GROUND_SPOOKY_TEST06,255
2,85,74.7459,GROUND_SPOOKY_TEST06,255
3,85,74.7004,GROUND_SPOOKY_TEST06,255
4,85,74.7452,GROUND_SPOOKY_TEST06,255
5,85,74.8829,GROUND_SPOOKY_TEST06,255
6,85,75.0509,GROUND_SPOOKY_TEST06,255
7,85,75.2596,GROUND_SPOOKY_TEST06,255
8,85,75.4925,GROUND_SPOOKY_TEST06,255
9,85,75.7605,GROUND_SPOOKY_TEST06,255
10,85,76.0535,GROUND_SPOOKY_TEST06,255
11,85,76.4001,GROUND_SPOOKY_TEST06,255
12,85,76.8209,GROUND_SPOOKY_TEST06,255
13,85,77.3568,GROUND_SPOOKY_TEST06,255
14,85,78.0915,GROUND_SPOOKY_TEST06,255
15,85,78.7267,GROUND_SPOOKY_TEST06,255
16,85,79.5966,GROUND_SPOOKY_TEST06,255
17,85,80.4399,GROUND_SPOOKY_TEST06,255
18,85,81.138,GROUND_SPOOKYGROUND,255
19,85,81.6716,GROUND_SPOOKYGROUND,255
20,85,82.0211,GROUND_SPOOKYGROUND,255
21,85,82.2726,GROUND_SPOOKY_TEST06,255
22,85,82.3982,GROUND_SPOOKY_TEST06,255
23,85,82.5063,GROUND_SPOOKY_TEST06,255
24,85,82.5436,GROUND_SPOOKY_TEST06,255
25,85,82.5629,GROUND_SPOOKY_TEST06,255
26,85,82.5113,GROUND_SPOOKY_TEST06,255
27,85,82.3413,GROUND_SPOOKY_TEST06,255
28,85,81.9603,GROUND_SPOOKY_TEST06,255
29,85,81.5968,GROUND_SPOOKY_TEST06,255
30,85,81.3605,GROUND_SPOOKY_TEST06,255
31,85,81.1732,GROUND_SPOOKY_TEST06,255
32,85,81.02,GROUND_SPOOKY_TEST06,255
33,85,80.9376,GROUND_SPOOKY_TEST06,255
34,85,80.9634,GROUND_SPOOKY_TEST06,255
35,85,81.1378,GROUND_SPOOKY_TEST06,255
36,85,81.2095,GROUND_SPOOKY_TEST06,255
37,85,81.3996,GROUND_SPOOKYTREES,255
38,85,81.6,GROUND_SPOOKYTREES,255
39,85,81.8385,GROUND_SPOOKYTREES,255
40,85,82.0516,GROUND_SPOOKYTREES,255
41,85,82.2355,GROUND_SPOOKYTREES,255
42,85,82.4022,GROUND_SPOOKY_TEST06,255
43,85,82.5667,GROUND_SPOOKY_TEST06,255
44,85,82.6891,GROUND_SPOOKY_TEST06,255
45,85,82.7801,GROUND_SPOOKY_TEST06,255
46,85,82.8268,GROUND_SPOOKY_TEST06,255
47,85,82.8927,GROUND_SPOOKY_TEST06,255
48,85,82.9407,GROUND_SPOOKY_TEST06,255
49,85,83.0273,GROUND_SPOOKYGROUND,255
50,85,83.1297,GROUND_SPOOKYGROUND,255
51,85,83.1575,GROUND_SPOOKYGROUND,255
52,85,83.138,GROUND_SPOOKYGROUND,255
53,85,83.064,GROUND_SPOOKYGROUND,255
54,85,82.9408,GROUND_SPOOKYGROUND,255
55,85,82.7142,GROUND_SPOOKYTREES,255
56,85,82.6213,GROUND_SPOOKYTREES,255
57,85,82.5932,GROUND_SPOOKYTREES,255
58,85,82.556,GROUND_SPOOKYTREES,255
59,85,82.5137,GROUND_SPOOKYTREES,255
60,85,82.5353,GROUND_SPOOKYTREES,255
61,85,82.3816,GROUND_SPOOKYTREES,255
62,85,82.0159,GROUND_SPOOKYTREES,255
63,85,81.6724,GROUND_SPOOKYGROUND,255
64,85,81.6155,GROUND_SPOOKYGROUND,255
0,86,75.2586,GROUND_SPOOKYGROUND,255
1,86,74.938,GROUND_SPOOKY_TEST06,255
2,86,74.7889,GROUND_SPOOKY_TEST06,255
3,86,74.7387,GROUND_SPOOKY_TEST06,255
4,86,74.7792,GROUND_SPOOKY_TEST06,255
5,86,74.9097,GROUND_SPOOKY_TEST06,255
6,86,75.11,GROUND_SPOOKY_TEST06,255
7,86,75.2815,GROUND_SPOOKY_TEST06,255
8,86,75.508,GROUND_SPOOKY_TEST06,255
9,86,75.7904,GROUND_SPOOKY_TEST06,255
10,86,76.0917,GROUND_SPOOKY_TEST06,255
11,86,76.451,GROUND_SPOOKY_TEST06,255
12,86,76.9156,GROUND_SPOOKY_TEST06,255
13,86,77.4884,GROUND_SPOOKY_TEST06,255
14,86,78.0461,GROUND_SPOOKY_TEST06,255
15,86,78.8921,GROUND_SPOOKY_TEST06,255
16,86,79.5899,GROUND_SPOOKYTREES,255
17,86,80.6548,GROUND_SPOOKYTREES,255
18,86,81.1762,GROUND_SPOOKYTREES,255
19,86,81.7265,GROUND_SPOOKYTREES,255
20,86,82.0663,GROUND_SPOOKYTREES,255
21,86,82.2319,GROUND_SPOOKY_TEST06,255
22,86,82.3676,GROUND_SPOOKY_TEST06,255
23,86,82.4418,GROUND_SPOOKY_TEST06,255
24,86,82.48,GROUND_SPOOKY_TEST06,255
25,86,82.4672,GROUND_SPOOKY_TEST06,255
26,86,82.432,GROUND_SPOOKY_TEST06,255
27,86,82.187,GROUND_SPOOKY_TEST06,255
28,86,81.9272,GROUND_SPOOKY_TEST06,255
29,86,81.5358,GROUND_SPOOKY_TEST06,255
30,86,81.1712,GROUND_SPOOKY_TEST06,255
31,86,81.0103,GROUND_SPOOKY_TEST06,255
32,86,80.8486,GROUND_SPOOKY_TEST06,255
33,86,80.7175,GROUND_SPOOKY_TEST06,255
34,86,80.6467,GROUND_SPOOKY_TEST06,255
35,86,80.6466,GROUND_SPOOKY_TEST06,255
36,86,80.7017,GROUND_SPOOKY_TEST06,255
37,86,80.8293,GROUND_SPOOKYTREES,255
38,86,81.1254,GROUND_SPOOKYTREES,255
39,86,81.4292,GROUND_SPOOKYTREES,255
40,86,81.7069,GROUND_SPOOKYTREES,255
41,86,81.9598,GROUND_SPOOKYTREES,255
42,86,82.1797,GROUND_SPOOKY_TEST06,255
43,86,82.4123,GROUND_SPOOKY_TEST06,255
44,86,82.5728,GROUND_SPOOKY_TEST06,255
45,86,82.7231,GROUND_SPOOKY_TEST06,255
46,86,82.8299,GROUND_SPOOKY_TEST06,255
47,86,82.8988,GROUND_SPOOKY_TEST06,255
48,86,82.9915,GROUND_SPOOKY_TEST06,255
49,86,83.1126,GROUND_SPOOKYTREES,255
50,86,83.2204,GROUND_SPOOKYTREES,255
51,86,83.2594,GROUND_SPOOKYTREES,255
52,86,83.291,GROUND_SPOOKYTREES,255
53,86,83.2305,GROUND_SPOOKYTREES,255
54,86,83.0717,GROUND_SPOOKYTREES,255
55,86,82.9578,GROUND_SPOOKYTREES,255
56,86,82.8901,GROUND_SPOOKYTREES,255
57,86,82.893,GROUND_SPOOKYTREES,255
58,86,82.8897,GROUND_SPOOKYTREES,255
59,86,82.9306,GROUND_SPOOKYTREES,255
60,86,82.9865,GROUND_SPOOKYTREES,255
61,86,82.8969,GROUND_SPOOKYTREES,255
62,86,82.5695,GROUND_SPOOKYTREES,255
63,86,82.3095,GROUND_SPOOKYGROUND,255
64,86,82.2024,GROUND_SPOOKYGROUND,255
0,87,75.2428,GROUND_SPOOKYGROUND,255
1,87,74.9202,GROUND_SPOOKYGROUND,255
2,87,74.7648,GROUND_SPOOKY_TEST06,255
3,87,74.7206,GROUND_SPOOKY_TEST06,255
4,87,74.7781,GROUND_SPOOKY_TEST06,255
5,87,74.9212,GROUND_SPOOKY_TEST06,255
6,87,75.1302,GROUND_SPOOKY_TEST06,255
7,87,75.32,GROUND_SPOOKY_TEST06,255
8,87,75.5558,GROUND_SPOOKY_TEST06,255
9,87,75.8516,GROUND_SPOOKY_TEST06,255
10,87,76.1618,GROUND_SPOOKY_TEST06,255
11,87,76.5435,GROUND_SPOOKY_TEST06,255
12,87,77.0303,GROUND_SPOOKY_TEST06,255
13,87,77.6403,GROUND_SPOOKY_TEST06,255
14,87,78.2141,GROUND_SPOOKY_TEST06,255
15,87,79.0757,GROUND_SPOOKYTREES,255
16,87,79.9425,GROUND_SPOOKYTREES,255
17,87,80.628,GROUND_SPOOKYTREES,255
18,87,81.3442,GROUND_SPOOKYTREES,255
19,87,81.7658,GROUND_SPOOKYTREES,255
20,87,82.0957,GROUND_SPOOKYTREES,255
21,87,82.239,GROUND_SPOOKY_TEST06,255
22,87,82.3411,GROUND_SPOOKY_TEST06,255
23,87,82.4025,GROUND_SPOOKY_TEST06,255
24,87,82.4197,GROUND_SPOOKY_TEST06,255
25,87,82.3946,GROUND_SPOOKY_TEST06,255
26,87,82.3243,GROUND_SPOOKY_TEST06,255
27,87,82.115,GROUND_SPOOKY_TEST06,255
28,87,81.8222,GROUND_SPOOKY_TEST06,255
29,87,81.4437,GROUND_SPOOKY_TEST06,255
30,87,81.1227,GROUND_SPOOKY_TEST06,255
31,87,80.8748,GROUND_SPOOKY_TEST06,255
32,87,80.6687,GROUND_SPOOKY_TEST06,255
33,87,80.4835,GROUND_SPOOKY_TEST06,255
34,87,80.3474,GROUND_SPOOKY_TEST06,255
35,87,80.2706,GROUND_SPOOKY_TEST06,255
36,87,80.2655,GROUND_SPOOKYTREES,255
37,87,80.3081,GROUND_SPOOKYTREES,255
38,87,80.5912,GROUND_SPOOKYTREES,255
39,87,80.9105,GROUND_SPOOKYTREES,255
40,87,81.2901,GROUND_SPOOKYTREES,255
41,87,81.5869,GROUND_SPOOKYTREES,255
42,87,81.8659,GROUND_SPOOKY_TEST06,255
43,87,82.1442,GROUND_SPOOKY_TEST06,255
44,87,82.3774,GROUND_SPOOKY_TEST06,255
45,87,82.5936,GROUND_SPOOKY_TEST06,255
46,87,82.7662,GROUND_SPOOKY_TEST06,255
47,87,82.8983,GROUND_SPOOKY_TEST06,255
48,87,82.9957,GROUND_SPOOKY_TEST06,255
49,87,83.1514,GROUND_SPOOKYTREES,255
50,87,83.27,GROUND_SPOOKYTREES,255
51,87,83.3105,GROUND_SPOOKYTREES,255
52,87,83.325,GROUND_SPOOKYTREES,255
53,87,83.275,GROUND_SPOOKYTREES,255
54,87,83.2212,GROUND_SPOOKYTREES,255
55,87,83.1603,GROUND_SPOOKYTREES,255
56,87,83.1184,GROUND_SPOOKYTREES,255
57,87,83.1537,GROUND_SPOOKYTREES,255
58,87,83.1861,GROUND_SPOOKYTREES,255
59,87,83.278,GROUND_SPOOKYTREES,255
60,87,83.4063,GROUND_SPOOKYTREES,255
61,87,83.3958,GROUND_SPOOKYTREES,255
62,87,83.1357,GROUND_SPOOKYTREES,255
63,87,82.8752,GROUND_SPOOKYGROUND,255
64,87,82.7868,GROUND_SPOOKYGROUND,255
0,88,75.1613,GROUND_SPOOKYGROUND,255
1,88,74.8536,GROUND_SPOOKYGROUND,255
2,88,74.6909,GROUND_SPOOKYGROUND,255
3,88,74.6693,GROUND_SPOOKYTREES,255
4,88,74.7681,GROUND_SPOOKYTREES,255
5,88,74.9209,GROUND_SPOOKY_TEST06,255
6,88,75.1653,GROUND_SPOOKY_TEST06,255
7,88,75.3981,GROUND_SPOOKY_TEST06,255
8,88,75.6313,GROUND_SPOOKY_TEST06,255
9,88,75.9417,GROUND_SPOOKY_TEST06,255
10,88,76.2599,GROUND_SPOOKY_TEST06,255
11,88,76.6706,GROUND_SPOOKY_TEST06,255
12,88,77.1657,GROUND_SPOOKYTREES,255
13,88,77.8296,GROUND_SPOOKYTREES,255
14,88,78.4378,GROUND_SPOOKYTREES,255
15,88,79.2612,GROUND_SPOOKYTREES,255
16,88,80.1208,GROUND_SPOOKYTREES,255
17,88,80.8588,GROUND_SPOOKYTREES,255
18,88,81.5083,GROUND_SPOOKYTREES,255
19,88,81.879,GROUND_SPOOKYTREES,255
20,88,82.1006,GROUND_SPOOKYTREES,255
21,88,82.2329,GROUND_SPOOKYTREES,255
22,88,82.3156,GROUND_SPOOKY_TEST06,255
23,88,82.3512,GROUND_SPOOKY_TEST06,255
24,88,82.3598,GROUND_SPOOKY_TEST06,255
25,88,82.2926,GROUND_SPOOKY_TEST06,255
26,88,82.1894,GROUND_SPOOKY_TEST06,255
27,88,81.9969,GROUND_SPOOKY_TEST06,255
28,88,81.6922,GROUND_SPOOKY_TEST06,255
29,88,81.3113,GROUND_SPOOKY_TEST06,255
30,88,81.0188,GROUND_SPOOKY_TEST06,255
31,88,80.7422,GROUND_SPOOKY_TEST06,255
32,88,80.4927,GROUND_SPOOKY_TEST06,255
33,88,80.2763,GROUND_SPOOKY_TEST06,255
34,88,80.0987,GROUND_SPOOKY_TEST06,255
35,88,79.9709,GROUND_SPOOKYTREES,255
36,88,79.9086,GROUND_SPOOKYTREES,255
37,88,79.914,GROUND_SPOOKYTREES,255
38,88,80.0589,GROUND_SPOOKYTREES,255
39,88,80.3733,GROUND_SPOOKYTREES,255
40,88,80.7439,GROUND_SPOOKYTREES,255
41,88,81.0913,GROUND_SPOOKYTREES,255
42,88,81.4395,GROUND_SPOOKYTREES,255
43,88,81.7815,GROUND_SPOOKY_TEST06,255
44,88,82.1,GROUND_SPOOKY_TEST06,255
45,88,82.4073,GROUND_SPOOKY_TEST06,255
46,88,82.6827,GROUND_SPOOKY_TEST06,255
47,88,82.8492,GROUND_SPOOKY_TEST06,255
48,88,82.9501,GROUND_SPOOKYTREES,255
49,88,83.141,GROUND_SPOOKYTREES,255
50,88,83.2383,GROUND_SPOOKYTREES,255
51,88,83.3207,GROUND_SPOOKYTREES,255
52,88,83.349,GROUND_SPOOKYTREES,255
53,88,83.3237,GROUND_SPOOKYTREES,255
54,88,83.2855,GROUND_SPOOKYTREES,255
55,88,83.2395,GROUND_SPOOKYTREES,255
56,88,83.2965,GROUND_SPOOKYTREES,255
57,88,83.3654,GROUND_SPOOKYTREES,255
58,88,83.4355,GROUND_SPOOKYTREES,255
59,88,83.5795,GROUND_SPOOKYTREES,255
60,88,83.6794,GROUND_SPOOKYTREES,255
61,88,83.7611,GROUND_SPOOKYTREES,255
62,88,83.6497,GROUND_SPOOKYTREES,255
63,88,83.4248,GROUND_SPOOKYGROUND,255
64,88,83.3609,GROUND_SPOOKYGROUND,255
0,89,75.0111,GROUND_SPOOKYTREES,255
1,89,74.699,GROUND_SPOOKYTREES,255
2,89,74.5632,GROUND_SPOOKYTREES,255
3,89,74.5979,GROUND_SPOOKYTREES,255
4,89,74.7534,GROUND_SPOOKYTREES,255
5,89,74.9698,GROUND_SPOOKYTREES,255
6,89,75.2312,GROUND_SPOOKYTREES,255
7,89,75.4924,GROUND_SPOOKYTREES,255
8,89,75.749,GROUND_SPOOKYTREES,255
9,89,76.0736,GROUND_SPOOKYTREES,255
10,89,76.4161,GROUND_SPOOKYTREES,255
11,89,76.8359,GROUND_SPOOKYTREES,255
12,89,77.3542,GROUND_SPOOKYTREES,255
13,89,78.0401,GROUND_SPOOKYTREES,255
14,89,78.6745,GROUND_SPOOKYTREES,255
15,89,79.7865,GROUND_SPOOKYTREES,255
16,89,80.4305,GROUND_SPOOKYTREES,255
17,89,81.124,GROUND_SPOOKYTREES,255
18,89,81.6274,GROUND_SPOOKYTREES,255
19,89,81.9608,GROUND_SPOOKYTREES,255
20,89,82.1347,GROUND_SPOOKYTREES,255
21,89,82.236,GROUND_SPOOKYTREES,255
22,89,82.2885,GROUND_SPOOKYTREES,255
23,89,82.2976,GROUND_SPOOKY_TEST06,255
24,89,82.2656,GROUND_SPOOKY_TEST06,255
25,89,82.1691,GROUND_SPOOKY_TEST06,255
26,89,82.0434,GROUND_SPOOKY_TEST06,255
27,89,81.8195,GROUND_SPOOKY_TEST06,255
28,89,81.5135,GROUND_SPOOKY_TEST06,255
29,89,81.1534,GROUND_SPOOKY_TEST06,255
30,89,80.8564,GROUND_SPOOKY_TEST06,255
31,89,80.5686,GROUND_SPOOKY_TEST06,255
32,89,80.3065,GROUND_SPOOKY_TEST06,255
33,89,80.0796,GROUND_SPOOKY_TEST06,255
34,89,79.8866,GROUND_SPOOKYTREES,255
35,89,79.7326,GROUND_SPOOKYTREES,255
36,89,79.6099,GROUND_SPOOKYTREES,255
37,89,79.5197,GROUND_SPOOKYTREES,255
38,89,79.6596,GROUND_SPOOKYTREES,255
39,89,79.858,GROUND_SPOOKYTREES,255
40,89,80.0884,GROUND_SPOOKYTREES,255
41,89,80.4988,GROUND_SPOOKYTREES,255
42,89,80.9121,GROUND_SPOOKYTREES,255
43,89,81.343,GROUND_SPOOKYTREES,255
44,89,81.7593,GROUND_SPOOKYTREES,255
45,89,82.1384,GROUND_SPOOKYTREES,255
46,89,82.4883,GROUND_SPOOKYTREES,255
47,89,82.7109,GROUND_SPOOKYTREES,255
48,89,82.858,GROUND_SPOOKYTREES,255
49,89,83.0702,GROUND_SPOOKYTREES,255
50,89,83.2124,GROUND_SPOOKYTREES,255
51,89,83.2825,GROUND_SPOOKYTREES,255
52,89,83.3262,GROUND_SPOOKYTREES,255
53,89,83.3163,GROUND_SPOOKYTREES,255
54,89,83.3124,GROUND_SPOOKYTREES,255
55,89,83.3096,GROUND_SPOOKYTREES,255
56,89,83.3752,GROUND_SPOOKYTREES,255
57,89,83.4634,GROUND_SPOOKYTREES,255
58,89,83.6243,GROUND_SPOOKYTREES,255
59,89,83.8273,GROUND_SPOOKYTREES,255
60,89,83.8972,GROUND_SPOOKYTREES,255
61,89,84.0528,GROUND_SPOOKYTREES,255
62,89,84.0867,GROUND_SPOOKYTREES,255
63,89,83.9396,GROUND_SPOOKYGROUND,255
64,89,83.9162,GROUND_SPOOKYGROUND,255
0,90,74.7927,GROUND_SPOOKYTREES,255
1,90,74.4856,GROUND_SPOOKYTREES,255
2,90,74.3805,GROUND_SPOOKYTREES,255
3,90,74.4756,GROUND_SPOOKYTREES,255
4,90,74.7205,GROUND_SPOOKYTREES,255
5,90,75.0174,GROUND_SPOOKYTREES,255
6,90,75.3325,GROUND_SPOOKYTREES,255
7,90,75.6381,GROUND_SPOOKYTREES,255
8,90,75.9197,GROUND_SPOOKYTREES,255
9,90,76.2635,GROUND_SPOOKYTREES,255
10,90,76.6268,GROUND_SPOOKYTREES,255
11,90,77.0597,GROUND_SPOOKYTREES,255
12,90,77.5677,GROUND_SPOOKYTREES,255
13,90,78.2504,GROUND_SPOOKYTREES,255
14,90,78.9245,GROUND_SPOOKYTREES,255
15,90,80.0391,GROUND_SPOOKYTREES,255
16,90,80.6977,GROUND_SPOOKYTREES,255
17,90,81.2978,GROUND_SPOOKYTREES,255
18,90,81.7944,GROUND_SPOOKYTREES,255
19,90,82.0018,GROUND_SPOOKYTREES,255
20,90,82.1742,GROUND_SPOOKYTREES,255
21,90,82.2418,GROUND_SPOOKYTREES,255
22,90,82.2627,GROUND_SPOOKYTREES,255
23,90,82.2298,GROUND_SPOOKYTREES,255
24,90,82.1525,GROUND_SPOOKYTREES,255
25,90,82.0026,GROUND_SPOOKY_TEST06,255
26,90,81.8207,GROUND_SPOOKY_TEST06,255
27,90,81.5635,GROUND_SPOOKY_TEST06,255
28,90,81.2519,GROUND_SPOOKY_TEST06,255
29,90,80.9237,GROUND_SPOOKY_TEST06,255
30,90,80.6207,GROUND_SPOOKY_TEST06,255
31,90,80.3356,GROUND_SPOOKY_TEST06,255
32,90,80.0801,GROUND_SPOOKYTREES,255
33,90,79.8651,GROUND_SPOOKYTREES,255
34,90,79.6855,GROUND_SPOOKYTREES,255
35,90,79.5234,GROUND_SPOOKYTREES,255
36,90,79.4031,GROUND_SPOOKYTREES,255
37,90,79.3298,GROUND_SPOOKYTREES,255
38,90,79.3016,GROUND_SPOOKYTREES,255
39,90,79.3902,GROUND_SPOOKYTREES,255
40,90,79.5178,GROUND_SPOOKYTREES,255
41,90,79.9493,GROUND_SPOOKYTREES,255
42,90,80.3641,GROUND_SPOOKYTREES,255
43,90,80.8246,GROUND_SPOOKYTREES,255
44,90,81.3302,GROUND_SPOOKYTREES,255
45,90,81.782,GROUND_SPOOKYTREES,255
46,90,82.1491,GROUND_SPOOKYTREES,255
47,90,82.4341,GROUND_SPOOKYTREES,255
48,90,82.6831,GROUND_SPOOKYTREES,255
49,90,82.9199,GROUND_SPOOKYTREES,255
50,90,83.0906,GROUND_SPOOKYTREES,255
51,90,83.1927,GROUND_SPOOKYTREES,255
52,90,83.278,GROUND_SPOOKYTREES,255
53,90,83.2559,GROUND_SPOOKYTREES,255
54,90,83.2764,GROUND_SPOOKYTREES,255
55,90,83.3009,GROUND_SPOOKYTREES,255
56,90,83.3848,GROUND_SPOOKYTREES,255
57,90,83.5299,GROUND_SPOOKYTREES,255
58,90,83.6824,GROUND_SPOOKYTREES,255
59,90,83.8944,GROUND_SPOOKYTREES,255
60,90,84.0567,GROUND_SPOOKYTREES,255
61,90,84.2378,GROUND_SPOOKYTREES,255
62,90,84.3782,GROUND_SPOOKYTREES,255
63,90,84.4,GROUND_SPOOKYGROUND,255
64,90,84.3857,GROUND_SPOOKYGROUND,255
0,91,74.487,GROUND_SPOOKYTREES,255
1,91,74.1724,GROUND_SPOOKYTREES,255
2,91,74.1099,GROUND_SPOOKYTREES,255
3,91,74.3062,GROUND_SPOOKYTREES,255
4,91,74.656,GROUND_SPOOKYTREES,255
5,91,75.0212,GROUND_SPOOKYTREES,255
6,91,75.487,GROUND_SPOOKYTREES,255
7,91,75.837,GROUND_SPOOKYTREES,255
8,91,76.1544,GROUND_SPOOKYTREES,255
9,91,76.5176,GROUND_SPOOKYTREES,255
10,91,76.9296,GROUND_SPOOKYTREES,255
11,91,77.3773,GROUND_SPOOKYTREES,255
12,91,77.9155,GROUND_SPOOKYTREES,255
13,91,78.5528,GROUND_SPOOKYTREES,255
14,91,79.317,GROUND_SPOOKYTREES,255
15,91,80.287,GROUND_SPOOKYTREES,255
16,91,81.1278,GROUND_SPOOKYTREES,255
17,91,81.6385,GROUND_SPOOKYTREES,255
18,91,81.893,GROUND_SPOOKYTREES,255
19,91,82.109,GROUND_SPOOKYTREES,255
20,91,82.2144,GROUND_SPOOKYTREES,255
21,91,82.2576,GROUND_SPOOKYTREES,255
22,91,82.2379,GROUND_SPOOKYTREES,255
23,91,82.1566,GROUND_SPOOKYTREES,255
24,91,82.0228,GROUND_SPOOKYTREES,255
25,91,81.797,GROUND_SPOOKYTREES,255
26,91,81.5463,GROUND_SPOOKY_TEST06,255
27,91,81.265,GROUND_SPOOKY_TEST06,255
28,91,80.9738,GROUND_SPOOKY_TEST06,255
29,91,80.6416,GROUND_SPOOKY_TEST06,255
30,91,80.3236,GROUND_SPOOKY_TEST06,255
31,91,80.0353,GROUND_SPOOKYTREES,255
32,91,79.7916,GROUND_SPOOKYTREES,255
33,91,79.6164,GROUND_SPOOKYTREES,255
34,91,79.4541,GROUND_SPOOKYTREES,255
35,91,79.3531,GROUND_SPOOKYTREES,255
36,91,79.191,GROUND_SPOOKYTREES,255
37,91,79.1219,GROUND_SPOOKYTREES,255
38,91,79.04,GROUND_SPOOKYTREES,255
39,91,79.0954,GROUND_SPOOKYTREES,255
40,91,79.2394,GROUND_SPOOKYTREES,255
41,91,79.4773,GROUND_SPOOKYTREES,255
42,91,79.8549,GROUND_SPOOKYTREES,255
43,91,80.3188,GROUND_SPOOKYTREES,255
44,91,80.8617,GROUND_SPOOKYTREES,255
45,91,81.3715,GROUND_SPOOKYTREES,255
46,91,81.7735,GROUND_SPOOKYTREES,255
47,91,82.0908,GROUND_SPOOKYTREES,255
48,91,82.4072,GROUND_SPOOKYTREES,255
49,91,82.6805,GROUND_SPOOKYTREES,255
50,91,82.8626,GROUND_SPOOKYTREES,255
51,91,83.0446,GROUND_SPOOKYTREES,255
52,91,83.1477,GROUND_SPOOKYTREES,255
53,91,83.1669,GROUND_SPOOKYTREES,255
54,91,83.1536,GROUND_SPOOKYTREES,255
55,91,83.1797,GROUND_SPOOKYTREES,255
56,91,83.263,GROUND_SPOOKYTREES,255
57,91,83.4143,GROUND_SPOOKYTREES,255
58,91,83.6776,GROUND_SPOOKYTREES,255
59,91,83.8828,GROUND_SPOOKYTREES,255
60,91,84.0841,GROUND_SPOOKYTREES,255
61,91,84.367,GROUND_SPOOKYTREES,255
62,91,84.5218,GROUND_SPOOKYTREES,255
63,91,84.6516,GROUND_SPOOKYGROUND,255
64,91,84.7954,GROUND_SPOOKYGROUND,255
0,92,74.0286,GROUND_SPOOKYTREES,255
1,92,73.797,GROUND_SPOOKYTREES,255
2,92,73.8754,GROUND_SPOOKYTREES,255
3,92,74.1852,GROUND_SPOOKYTREES,255
4,92,74.6411,GROUND_SPOOKYTREES,255
5,92,75.1218,GROUND_SPOOKYTREES,255
6,92,75.589,GROUND_SPOOKYTREES,255
7,92,76.0126,GROUND_SPOOKYTREES,255
8,92,76.4036,GROUND_SPOOKYTREES,255
9,92,76.8093,GROUND_SPOOKYTREES,255
10,92,77.2435,GROUND_SPOOKYTREES,255
11,92,77.7128,GROUND_SPOOKYTREES,255
12,92,78.2483,GROUND_SPOOKYTREES,255
13,92,78.8864,GROUND_SPOOKYTREES,255
14,92,79.6517,GROUND_SPOOKYTREES,255
15,92,80.5249,GROUND_SPOOKYGROUND,255
16,92,81.2657,GROUND_SPOOKYTREES,255
17,92,81.7183,GROUND_SPOOKYTREES,255
18,92,81.9957,GROUND_SPOOKYTREES,255
19,92,82.1743,GROUND_SPOOKYTREES,255
20,92,82.252,GROUND_SPOOKYTREES,255
21,92,82.2717,GROUND_SPOOKYTREES,255
22,92,82.2112,GROUND_SPOOKYTREES,255
23,92,82.0728,GROUND_SPOOKYTREES,255
24,92,81.8666,GROUND_SPOOKYTREES,255
25,92,81.5706,GROUND_SPOOKYTREES,255
26,92,81.2533,GROUND_SPOOKYTREES,255
27,92,80.9451,GROUND_SPOOKYTREES,255
28,92,80.6418,GROUND_SPOOKYTREES,255
29,92,80.3506,GROUND_SPOOKYTREES,255
30,92,80.026,GROUND_SPOOKYTREES,255
31,92,79.6264,GROUND_SPOOKYTREES,255
32,92,79.3497,GROUND_SPOOKYTREES,255
33,92,79.2185,GROUND_SPOOKYTREES,255
34,92,79.1712,GROUND_SPOOKYTREES,255
35,92,79.0731,GROUND_SPOOKYTREES,255
36,92,79.0148,GROUND_SPOOKYTREES,255
37,92,78.9268,GROUND_SPOOKYTREES,255
38,92,78.7967,GROUND_SPOOKYTREES,255
39,92,78.8397,GROUND_SPOOKYTREES,255
40,92,78.9031,GROUND_SPOOKYTREES,255
41,92,79.1529,GROUND_SPOOKYTREES,255
42,92,79.3725,GROUND_SPOOKYTREES,255
43,92,79.8141,GROUND_SPOOKYTREES,255
44,92,80.3728,GROUND_SPOOKYTREES,255
45,92,80.9532,GROUND_SPOOKYTREES,255
46,92,81.2665,GROUND_SPOOKYTREES,255
47,92,81.7926,GROUND_SPOOKYTREES,255
48,92,82.1343,GROUND_SPOOKYTREES,255
49,92,82.2339,GROUND_SPOOKYTREES,255
50,92,82.5907,GROUND_SPOOKYTREES,255
51,92,82.834,GROUND_SPOOKYTREES,255
52,92,82.9034,GROUND_SPOOKYTREES,255
53,92,82.9282,GROUND_SPOOKYTREES,255
54,92,82.9563,GROUND_SPOOKYTREES,255
55,92,82.965,GROUND_SPOOKYTREES,255
56,92,83.0242,GROUND_SPOOKYTREES,255
57,92,83.207,GROUND_SPOOKYTREES,255
58,92,83.4104,GROUND_SPOOKYTREES,255
59,92,83.7673,GROUND_SPOOKYTREES,255
60,92,84.0222,GROUND_SPOOKYTREES,255
61,92,84.3583,GROUND_SPOOKYTREES,255
62,92,84.6483,GROUND_SPOOKYTREES,255
63,92,84.8143,GROUND_SPOOKYGROUND,255
64,92,84.977,GROUND_SPOOKYGROUND,255
0,93,73.382,GROUND_SPOOKYTREES,255
1,93,73.2956,GROUND_SPOOKYTREES,255
2,93,73.6022,GROUND_SPOOKYTREES,255
3,93,74.1406,GROUND_SPOOKYTREES,255
4,93,74.6405,GROUND_SPOOKYTREES,255
5,93,75.2683,GROUND_SPOOKYTREES,255
6,93,75.787,GROUND_SPOOKYTREES,255
7,93,76.297,GROUND_SPOOKYTREES,255
8,93,76.7304,GROUND_SPOOKYTREES,255
9,93,77.1407,GROUND_SPOOKYTREES,255
10,93,77.5955,GROUND_SPOOKYTREES,255
11,93,78.0513,GROUND_SPOOKYTREES,255
12,93,78.6275,GROUND_SPOOKYTREES,255
13,93,79.2583,GROUND_SPOOKYTREES,255
14,93,79.9607,GROUND_SPOOKYGROUND,255
15,93,80.6736,GROUND_SPOOKYGROUND,255
16,93,81.2873,GROUND_SPOOKYGROUND,255
17,93,81.7402,GROUND_SPOOKYGROUND,255
18,93,82.0341,GROUND_SPOOKYGROUND,255
19,93,82.2417,GROUND_SPOOKYGROUND,255
20,93,82.3109,GROUND_SPOOKYGROUND,255
21,93,82.2933,GROUND_SPOOKYGROUND,255
22,93,82.1918,GROUND_SPOOKYGROUND,255
23,93,81.9952,GROUND_SPOOKYTREES,255
24,93,81.7069,GROUND_SPOOKYTREES,255
25,93,81.3568,GROUND_SPOOKYTREES,255
26,93,80.9571,GROUND_SPOOKYTREES,255
27,93,80.5983,GROUND_SPOOKYTREES,255
28,93,80.1162,GROUND_SPOOKYTREES,255
29,93,79.9003,GROUND_SPOOKYTREES,255
30,93,79.607,GROUND_SPOOKYTREES,255
31,93,79.256,GROUND_SPOOKYTREES,255
32,93,78.9326,GROUND_SPOOKYTREES,255
33,93,78.8979,GROUND_SPOOKYTREES,255
34,93,78.7835,GROUND_SPOOKYTREES,255
35,93,78.7222,GROUND_SPOOKYTREES,255
36,93,78.6841,GROUND_SPOOKYTREES,255
37,93,78.6406,GROUND_SPOOKYTREES,255
38,93,78.6712,GROUND_SPOOKYTREES,255
39,93,78.6652,GROUND_SPOOKYTREES,255
40,93,78.7504,GROUND_SPOOKYTREES,255
41,93,78.9377,GROUND_SPOOKYTREES,255
42,93,79.1858,GROUND_SPOOKYTREES,255
43,93,79.5329,GROUND_SPOOKYTREES,255
44,93,79.9072,GROUND_SPOOKYTREES,255
45,93,80.4186,GROUND_SPOOKYTREES,255
46,93,80.8704,GROUND_SPOOKYTREES,255
47,93,81.196,GROUND_SPOOKYTREES,255
48,93,81.544,GROUND_SPOOKYTREES,255
49,93,81.9571,GROUND_SPOOKYTREES,255
50,93,82.271,GROUND_SPOOKYTREES,255
51,93,82.607,GROUND_SPOOKYTREES,255
52,93,82.6126,GROUND_SPOOKYTREES,255
53,93,82.6301,GROUND_SPOOKYTREES,255
54,93,82.6467,GROUND_SPOOKYTREES,255
55,93,82.5917,GROUND_SPOOKYTREES,255
56,93,82.6763,GROUND_SPOOKYTREES,255
57,93,82.7112,GROUND_SPOOKYTREES,255
58,93,82.9235,GROUND_SPOOKYTREES,255
59,93,83.1995,GROUND_SPOOKYTREES,255
60,93,83.7381,GROUND_SPOOKYTREES,255
61,93,84.336,GROUND_SPOOKYTREES,255
62,93,84.601,GROUND_SPOOKYTREES,255
63,93,84.8585,GROUND_SPOOKYGROUND,255
64,93,85.0182,GROUND_SPOOKYGROUND,255
0,94,73.1692,GROUND_SPOOKYTREES,255
1,94,73.3446,GROUND_SPOOKYTREES,255
2,94,73.8571,GROUND_SPOOKYTREES,255
3,94,74.4113,GROUND_SPOOKYTREES,255
4,94,74.9797,GROUND_SPOOKYTREES,255
5,94,75.6475,GROUND_SPOOKYTREES,255
6,94,76.2144,GROUND_SPOOKYTREES,255
7,94,76.7966,GROUND_SPOOKYTREES,255
8,94,77.2531,GROUND_SPOOKYTREES,255
9,94,77.665,GROUND_SPOOKYTREES,255
10,94,78.1155,GROUND_SPOOKYTREES,255
11,94,78.4837,GROUND_SPOOKYTREES,255
12,94,79.0151,GROUND_SPOOKYGROUND,255
13,94,79.6143,GROUND_SPOOKYGROUND,255
14,94,80.2579,GROUND_SPOOKYGROUND,255
15,94,80.8576,GROUND_SPOOKYGROUND,255
16,94,81.4095,GROUND_SPOOKYGROUND,255
17,94,81.8349,GROUND_SPOOKYGROUND,255
18,94,82.1307,GROUND_SPOOKYGROUND,255
19,94,82.2832,GROUND_SPOOKYGROUND,255
20,94,82.3393,GROUND_SPOOKYGROUND,255
21,94,82.2988,GROUND_SPOOKYGROUND,255
22,94,82.1507,GROUND_SPOOKYGROUND,255
23,94,81.8871,GROUND_SPOOKYGROUND,255
24,94,81.5249,GROUND_SPOOKYGROUND,255
25,94,81.1472,GROUND_SPOOKYGROUND,255
26,94,80.7456,GROUND_SPOOKYGROUND,255
27,94,80.2618,GROUND_SPOOKYGROUND,255
28,94,79.9246,GROUND_SPOOKYGROUND,255
29,94,79.6231,GROUND_SPOOKYTREES,255
30,94,79.2385,GROUND_SPOOKYTREES,255
31,94,79.0252,GROUND_SPOOKYTREES,255
32,94,78.7049,GROUND_SPOOKYTREES,255
33,94,78.6469,GROUND_SPOOKYTREES,255
34,94,78.5715,GROUND_SPOOKYTREES,255
35,94,78.5445,GROUND_SPOOKYTREES,255
36,94,78.5293,GROUND_SPOOKYTREES,255
37,94,78.4967,GROUND_SPOOKYTREES,255
38,94,78.5392,GROUND_SPOOKYTREES,255
39,94,78.5822,GROUND_SPOOKYTREES,255
40,94,78.6944,GROUND_SPOOKYTREES,255
41,94,78.8598,GROUND_SPOOKYTREES,255
42,94,79.0605,GROUND_SPOOKYTREES,255
43,94,79.2921,GROUND_SPOOKYTREES,255
44,94,79.7588,GROUND_SPOOKYTREES,255
45,94,80.0445,GROUND_SPOOKYTREES,255
46,94,80.4264,GROUND_SPOOKYTREES,255
47,94,80.9221,GROUND_SPOOKYTREES,255
48,94,81.3396,GROUND_SPOOKYTREES,255
49,94,81.6651,GROUND_SPOOKYTREES,255
50,94,81.9359,GROUND_SPOOKYTREES,255
51,94,82.2381,GROUND_SPOOKYTREES,255
52,94,82.3228,GROUND_SPOOKYTREES,255
53,94,82.3539,GROUND_SPOOKYTREES,255
54,94,82.3861,GROUND_SPOOKYGROUND,255
55,94,82.3603,GROUND_SPOOKYGROUND,255
56,94,82.387,GROUND_SPOOKYTREES,255
57,94,82.3484,GROUND_SPOOKYTREES,255
58,94,82.6742,GROUND_SPOOKYTREES,255
59,94,82.9742,GROUND_SPOOKYTREES,255
60,94,83.4049,GROUND_SPOOKYTREES,255
61,94,84.2162,GROUND_SPOOKYTREES,255
62,94,84.5584,GROUND_SPOOKYTREES,255
63,94,84.8042,GROUND_SPOOKYGROUND,255
64,94,84.9778,GROUND_SPOOKYGROUND,255
0,95,73.0809,GROUND_SPOOKYTREES,255
1,95,73.5563,GROUND_SPOOKYTREES,255
2,95,74.261,GROUND_SPOOKYTREES,255
3,95,74.9915,GROUND_SPOOKYTREES,255
4,95,75.7386,GROUND_SPOOKYTREES,255
5,95,76.433,GROUND_SPOOKYTREES,255
6,95,77.0621,GROUND_SPOOKYTREES,255
7,95,77.638,GROUND_SPOOKYTREES,255
8,95,78.153,GROUND_SPOOKYTREES,255
9,95,78.6196,GROUND_SPOOKYTREES,255
10,95,79.0739,GROUND_SPOOKYTREES,255
11,95,79.3081,GROUND_SPOOKYGROUND,255
12,95,79.5807,GROUND_SPOOKYGROUND,255
13,95,80.1366,GROUND_SPOOKYGROUND,255
14,95,80.6865,GROUND_SPOOKYGROUND,255
15,95,81.1709,GROUND_SPOOKYGROUND,255
16,95,81.6585,GROUND_SPOOKYGROUND,255
17,95,82.1256,GROUND_SPOOKYGROUND,255
18,95,82.3826,GROUND_SPOOKYGROUND,255
19,95,82.4108,GROUND_SPOOKYGROUND,255
20,95,82.4099,GROUND_SPOOKYGROUND,255
21,95,82.2672,GROUND_SPOOKYGROUND,255
22,95,82.0083,GROUND_SPOOKYGROUND,255
23,95,81.5928,GROUND_SPOOKYGROUND,255
24,95,81.1807,GROUND_SPOOKYGROUND,255
25,95,80.7794,GROUND_SPOOKYGROUND,255
26,95,80.4474,GROUND_SPOOKYGROUND,255
27,95,80.2029,GROUND_SPOOKYGROUND,255
28,95,79.745,GROUND_SPOOKYGROUND,255
29,95,79.4979,GROUND_SPOOKYGROUND,255
30,95,79.0985,GROUND_SPOOKYTREES,255
31,95,78.8997,GROUND_SPOOKYTREES,255
32,95,78.6727,GROUND_SPOOKYTREES,255
33,95,78.5564,GROUND_SPOOKYTREES,255
34,95,78.483,GROUND_SPOOKYTREES,255
35,95,78.4543,GROUND_SPOOKYTREES,255
36,95,78.4512,GROUND_SPOOKYTREES,255
37,95,78.4526,GROUND_SPOOKYTREES,255
38,95,78.4896,GROUND_SPOOKYTREES,255
39,95,78.5368,GROUND_SPOOKYTREES,255
40,95,78.6438,GROUND_SPOOKYTREES,255
41,95,78.775,GROUND_SPOOKYTREES,255
42,95,79.0382,GROUND_SPOOKYTREES,255
43,95,79.2899,GROUND_SPOOKYTREES,255
44,95,79.6109,GROUND_SPOOKYTREES,255
45,95,80.0104,GROUND_SPOOKYTREES,255
46,95,80.3659,GROUND_SPOOKYTREES,255
47,95,80.8155,GROUND_SPOOKYTREES,255
48,95,81.1884,GROUND_SPOOKYTREES,255
49,95,81.5916,GROUND_SPOOKYTREES,255
50,95,81.8475,GROUND_SPOOKYTREES,255
51,95,82.0335,GROUND_SPOOKYTREES,255
52,95,82.2015,GROUND_SPOOKYTREES,255
53,95,82.2708,GROUND_SPOOKYTREES,255
54,95,82.2649,GROUND_SPOOKYGROUND,255
55,95,82.2505,GROUND_SPOOKYGROUND,255
56,95,82.2792,GROUND_SPOOKYGROUND,255
57,95,82.2988,GROUND_SPOOKYTREES,255
58,95,82.4161,GROUND_SPOOKYTREES,255
59,95,82.7087,GROUND_SPOOKYTREES,255
60,95,83.2142,GROUND_SPOOKYTREES,255
61,95,83.9808,GROUND_SPOOKYTREES,255
62,95,84.5841,GROUND_SPOOKYGROUND,255
63,95,84.7835,GROUND_SPOOKYGROUND,255
64,95,84.8981,GROUND_SPOOKYTREES,255
0,96,73.2836,GROUND_SPOOKY_TEST03,255
1,96,74.0082,GROUND_SPOOKY_TEST03,255
2,96,74.793,GROUND_SPOOKY_TEST03,255
3,96,75.7013,GROUND_SPOOKY_TEST03,255
4,96,76.6874,GROUND_SPOOKY_TEST03,255
5,96,77.4711,GROUND_SPOOKY_TEST03,255
6,96,78.1274,GROUND_SPOOKYTREES,255
7,96,78.7041,GROUND_SPOOKYTREES,255
8,96,79.3801,GROUND_SPOOKYTREES,255
9,96,80.0064,GROUND_SPOOKYTREES,255
10,96,80.5055,GROUND_SPOOKYTREES,255
11,96,80.7955,GROUND_SPOOKYTREES,255
12,96,80.805,GROUND_SPOOKYTREES,255
13,96,81.0142,GROUND_SPOOKYTREES,255
14,96,81.4217,GROUND_SPOOKYTREES,255
15,96,81.7034,GROUND_SPOOKYTREES,255
16,96,82.0822,GROUND_SPOOKYTREES,255
17,96,82.5533,GROUND_SPOOKYTREES,255
18,96,82.987,GROUND_SPOOKYTREES,255
19,96,82.8874,GROUND_SPOOKYTREES,255
20,96,82.6641,GROUND_SPOOKYTREES,255
21,96,82.4186,GROUND_SPOOKYTREES,255
22,96,81.7291,GROUND_SPOOKYTREES,255
23,96,81.1675,GROUND_SPOOKYTREES,255
24,96,80.6531,GROUND_SPOOKYTREES,255
25,96,80.1452,GROUND_SPOOKYTREES,255
26,96,79.5792,GROUND_SPOOKYTREES,255
27,96,79.0528,GROUND_SPOOKYTREES,255
28,96,79.087,GROUND_SPOOKYTREES,255
29,96,78.5943,GROUND_SPOOKYTREES,255
30,96,78.28,GROUND_SPOOKYTREES,255
31,96,77.6095,GROUND_SPOOKYTREES,255
32,96,77.1974,GROUND_SPOOKYTREES,255
33,96,76.9268,GROUND_SPOOKYTREES,255
34,96,76.7448,GROUND_SPOOKYTREES,255
35,96,76.5811,GROUND_SPOOKYTREES,255
36,96,76.5824,GROUND_SPOOKYTREES,255
37,96,76.8082,GROUND_SPOOKYTREES,255
38,96,76.9666,GROUND_SPOOKYTREES,255
39,96,77.2437,GROUND_SPOOKYTREES,255
40,96,77.3659,GROUND_SPOOKYTREES,255
41,96,77.4705,GROUND_SPOOKYTREES,255
42,96,77.8261,GROUND_SPOOKYTREES,255
43,96,77.8895,GROUND_SPOOKYTREES,255
44,96,78.2018,GROUND_SPOOKYTREES,255
45,96,78.5604,GROUND_SPOOKYTREES,255
46,96,79.2011,GROUND_SPOOKYTREES,255
47,96,79.5297,GROUND_SPOOKYTREES,255
48,96,79.9113,GROUND_SPOOKYTREES,255
49,96,80.3708,GROUND_SPOOKYTREES,255
50,96,80.9788,GROUND_SPOOKYTREES,255
51,96,81.6128,GROUND_SPOOKYTREES,255
52,96,81.7908,GROUND_SPOOKY_TEST03,255
53,96,81.2951,GROUND_SPOOKY_TEST03,255
54,96,80.7915,GROUND_SPOOKYTREES,255
55,96,80.1887,GROUND_SPOOKYTREES,255
56,96,80.2875,GROUND_SPOOKYTREES,255
57,96,80.4494,GROUND_SPOOKYTREES,255
58,96,80.7282,GROUND_SPOOKYTREES,255
59,96,80.7832,GROUND_SPOOKY_TEST03,255
60,96,81.2169,GROUND_SPOOKY_TEST03,255
61,96,81.4595,GROUND_SPOOKY_TEST03,255
62,96,82.3104,GROUND_SPOOKY_TEST03,255
63,96,82.8541,GROUND_SPOOKYTREES,255
64,96,84.7835,GROUND_SPOOKYGROUND,255
