frame	layer	mapping	vertex	x	y	z	packed_normal	blend	cliff_u	cliff_v
0	0	0	0	3104	2464	51.0547	0x1214bafe	255	219	196
0	0	0	1	3105	2464	48	0x14d76aa4	255	157	225
0	0	0	2	3105	2465	49.1953	0x48709aad	255	150	113
0	0	0	3	3104	2465	51.2266	0x313da3ae	255	245	125
0	0	0	4	3104	2466	51.2031	0x294d8362	255	243	135
0	0	0	5	3105	2466	49.1953	0x5a4002d5	255	146	127
0	0	0	6	3105	2467	49.1953	0x724001c9	255	136	128
0	0	0	7	3104	2467	50.1953	0x320fab1d	255	232	160
0	0	0	8	3104	2468	49.9219	0x75c5c15d	255	153	155
0	0	0	9	3105	2468	49.1953	0x773be95d	255	138	120
0	0	0	10	3105	2469	49.4531	0x767518a5	255	137	95
0	0	0	11	3104	2469	49.8281	0x7d02c0bd	255	135	138
0	0	0	12	3104	2470	49.75	0x7f40c7a8	255	125	126
0	0	0	13	3105	2470	49.9219	0x72f25f91	255	117	73
0	0	0	14	3105	2471	50.3984	0x6cf27ec1	255	103	81
0	0	0	15	3104	2471	49.7812	0x77fa06d3	255	116	114
0	0	0	16	3104	2472	50.1328	0x75396ea0	255	116	106
0	0	0	17	3105	2472	50.8672	0x6a728690	255	106	73
0	0	0	18	3105	2473	51.3438	0x6836e5fb	255	86	87
0	0	0	19	3104	2473	50.2031	0x68f67e0b	255	110	104
0	0	0	20	3104	2474	50.7656	0x73f786ae	255	116	116
0	0	0	21	3105	2474	51.4688	0x6c383619	255	69	103
0	0	0	22	3105	2475	51.8516	0x5bb4f595	255	45	107
0	0	0	23	3104	2475	50.7578	0x70018615	255	112	131
0	0	0	24	3104	2476	50.6719	0x6178cd92	255	110	116
0	0	0	25	3105	2476	52.2266	0x4f75252d	255	39	94
0	0	0	26	3105	2477	52.6016	0x5375b541	255	42	92
0	0	0	27	3104	2477	51.2266	0x5ab1d5cf	255	108	69
0	0	0	28	3104	2478	51.7031	0x63f4adf2	255	108	83
0	0	0	29	3105	2478	52.9297	0x54f5c54b	255	42	96
0	0	0	30	3105	2479	53.2969	0x51350d3c	255	39	95
0	0	0	31	3104	2479	52	0x65b6edda	255	108	91
0	0	0	32	3104	2480	52.3047	0x6477cdc0	255	108	94
0	0	0	33	3105	2480	53.6875	0x4ef58524	255	36	97
0	0	0	34	3106	2464	48	0x305da000	255	128	222
0	0	0	35	3106	2465	49.1953	0x6def9800	255	127	113
0	0	0	36	3106	2466	49.1953	0x7fc00000	255	127	127
0	0	0	37	3106	2467	49.1953	0x7fc00000	255	127	127
0	0	0	38	3106	2468	49.1953	0x7e7b3000	255	127	121
0	0	0	39	3106	2469	49.5	0x77347fd0	255	121	82
0	0	0	40	3106	2470	49.9688	0x73725fd0	255	122	73
0	0	0	41	3106	2471	50.4453	0x73725fd0	255	122	73
0	0	0	42	3106	2472	50.9141	0x73725fd0	255	122	73
0	0	0	43	3106	2473	51.3906	0x73725fd0	255	122	73
0	0	0	44	3106	2474	51.8594	0x70726f26	255	112	77
0	0	0	45	3106	2475	52.3359	0x6f326efb	255	110	73
0	0	0	46	3106	2476	52.8047	0x6ef336d1	255	106	76
0	0	0	47	3106	2477	53.2188	0x6e33e6a6	255	98	80
0	0	0	48	3106	2478	53.6328	0x6b74066e	255	89	80
0	0	0	49	3106	2479	54.0391	0x68339646	255	81	80
0	0	0	50	3106	2480	54.4922	0x6573262b	255	77	80
0	0	0	51	3107	2464	48	0x315d8000	255	127	225
0	0	0	52	3107	2465	49.1953	0x6def9800	255	127	113
0	0	0	53	3107	2466	49.1953	0x7fc00000	255	127	127
0	0	0	54	3107	2467	49.1953	0x7fc007ec	255	125	126
0	0	0	55	3107	2468	49.1953	0x7dba7fb4	255	122	119
0	0	0	56	3107	2469	49.5469	0x7633e7d0	255	122	82
0	0	0	57	3107	2470	50.0156	0x73725fd0	255	122	73
0	0	0	58	3107	2471	50.4922	0x73725fd0	255	122	73
0	0	0	59	3107	2472	50.9609	0x73725fd0	255	122	73
0	0	0	60	3107	2473	51.4375	0x73725fd0	255	122	73
0	0	0	61	3107	2474	51.9062	0x73725fd0	255	122	73
0	0	0	62	3107	2475	52.3828	0x73725fd0	255	122	73
0	0	0	63	3107	2476	52.8516	0x73725fd0	255	122	73
0	0	0	64	3107	2477	53.3281	0x73325fb0	255	119	74
0	0	0	65	3107	2478	53.7969	0x72f25f95	255	117	73
0	0	0	66	3107	2479	54.2734	0x72726772	255	115	73
0	0	0	67	3107	2480	54.7422	0x7232676a	255	115	73
0	0	0	68	3108	2464	48	0x325d6000	255	127	217
0	0	0	69	3108	2465	49.1953	0x6def9800	255	127	113
0	0	0	70	3108	2466	49.1953	0x7fff6000	255	126	126
0	0	0	71	3108	2467	49.2344	0x7f7da7e0	255	123	119
0	0	0	72	3108	2468	49.3438	0x7d7a5fac	255	120	110
0	0	0	73	3108	2469	49.5938	0x783537d0	255	121	86
0	0	0	74	3108	2470	50.0625	0x73725fd0	255	122	73
0	0	0	75	3108	2471	50.5391	0x73725fd0	255	122	73
0	0	0	76	3108	2472	51.0078	0x73725fd0	255	122	73
0	0	0	77	3108	2473	51.4844	0x73725fd0	255	122	73
0	0	0	78	3108	2474	51.9531	0x73725fd0	255	122	73
0	0	0	79	3108	2475	52.4297	0x73725fd0	255	122	73
0	0	0	80	3108	2476	52.8984	0x73725fd0	255	122	73
0	0	0	81	3108	2477	53.375	0x73725fd0	255	122	73
0	0	0	82	3108	2478	53.8438	0x73725fd0	255	122	73
0	0	0	83	3108	2479	54.3203	0x73725fd0	255	122	73
0	0	0	84	3108	2480	54.7891	0x73725fd0	255	122	73
0	0	0	85	3109	2464	48	0x315d8000	255	127	225
0	0	0	86	3109	2465	49.1953	0x69efb8ef	255	128	111
0	0	0	87	3109	2466	49.1953	0x7fff0000	255	127	124
0	0	0	88	3109	2467	49.2578	0x7f7d67f0	255	125	117
0	0	0	89	3109	2468	49.3594	0x7d7a07c8	255	122	106
0	0	0	90	3109	2469	49.6406	0x77b4cfd0	255	121	85
0	0	0	91	3109	2470	50.1094	0x73725fd0	255	122	73
0	0	0	92	3109	2471	50.5859	0x73725fd0	255	122	73
0	0	0	93	3109	2472	51.0547	0x73725fd0	255	122	73
0	0	0	94	3109	2473	51.5312	0x73725fd0	255	122	73
0	0	0	95	3109	2474	52	0x73725fd0	255	122	73
0	0	0	96	3109	2475	52.4766	0x73725fd0	255	122	73
0	0	0	97	3109	2476	52.9453	0x73725fd0	255	122	73
0	0	0	98	3109	2477	53.4219	0x73725fd0	255	122	73
0	0	0	99	3109	2478	53.8906	0x73725fd0	255	122	73
0	0	0	100	3109	2479	54.3672	0x73725fd0	255	122	73
0	0	0	101	3109	2480	54.8359	0x73725fd0	255	122	73
0	0	0	102	3110	2464	48	0x2d5de800	255	129	238
0	0	0	103	3110	2465	48.7109	0x686fc91d	255	150	63
0	0	0	104	3110	2466	49.1953	0x7b377830	255	129	117
0	0	0	105	3110	2467	49.2656	0x7efbeff4	255	126	113
0	0	0	106	3110	2468	49.4531	0x7c796f95	255	119	101
0	0	0	107	3110	2469	49.6875	0x77756f79	255	115	87
0	0	0	108	3110	2470	50.1562	0x72326766	255	115	72
0	0	0	109	3110	2471	50.6328	0x71b26753	255	114	73
0	0	0	110	3110	2472	51.1016	0x7172674c	255	113	73
0	0	0	111	3110	2473	51.5781	0x7172674c	255	113	73
0	0	0	112	3110	2474	52.0469	0x7172674c	255	113	73
0	0	0	113	3110	2475	52.5234	0x7172674c	255	113	73
0	0	0	114	3110	2476	52.9922	0x7172674c	255	113	73
0	0	0	115	3110	2477	53.4688	0x7172674c	255	113	73
0	0	0	116	3110	2478	53.9375	0x7172674c	255	113	73
0	0	0	117	3110	2479	54.4141	0x7172674c	255	113	73
0	0	0	118	3110	2480	54.8828	0x7172674c	255	113	73
0	0	0	119	3111	2464	48	0x2c9df800	255	127	222
0	0	0	120	3111	2465	48.6094	0x6ff09834	255	130	65
0	0	0	121	3111	2466	49.1016	0x78f5d03c	255	133	91
0	0	0	122	3111	2467	49.2812	0x7c38bfc0	255	124	104
0	0	0	123	3111	2468	49.5703	0x79367f89	255	113	89
0	0	0	124	3111	2469	49.9062	0x7233a714	255	104	81
0	0	0	125	3111	2470	50.4141	0x6e718718	255	101	70
0	0	0	126	3111	2471	50.9297	0x6871ee81	255	90	71
0	0	0	127	3111	2472	51.4141	0x69325e81	255	84	75
0	0	0	128	3111	2473	51.8906	0x69b28681	255	84	76
0	0	0	129	3111	2474	52.3594	0x69b28681	255	84	76
0	0	0	130	3111	2475	52.8359	0x69b28681	255	84	76
0	0	0	131	3111	2476	53.3047	0x69b28681	255	84	76
0	0	0	132	3111	2477	53.7812	0x69b28681	255	84	76
0	0	0	133	3111	2478	54.25	0x69b28681	255	84	76
0	0	0	134	3111	2479	54.7266	0x69b28681	255	84	76
0	0	0	135	3111	2480	55.1953	0x69324681	255	84	75
0	0	0	136	3112	2464	48	0x2c1e0000	255	126	225
0	0	0	137	3112	2465	48.6094	0x7070dfd8	255	124	67
0	0	0	138	3112	2466	49.0781	0x76f467d0	255	122	84
0	0	0	139	3112	2467	49.3906	0x7976b78d	255	113	90
0	0	0	140	3112	2468	49.6875	0x74748731	255	106	83
0	0	0	141	3112	2469	50.1641	0x6a729e8d	255	87	76
0	0	0	142	3112	2470	50.625	0x5f2f265e	255	85	66
0	0	0	143	3112	2471	51.4531	0x5aaf361e	255	73	66
0	0	0	144	3112	2472	51.9219	0x6332a61a	255	70	78
0	0	0	145	3112	2473	52.3984	0x6332a61d	255	70	78
0	0	0	146	3112	2474	52.8672	0x6332a61a	255	70	78
0	0	0	147	3112	2475	53.3438	0x6332a61d	255	70	78
0	0	0	148	3112	2476	53.8125	0x6332a61a	255	70	78
0	0	0	149	3112	2477	54.2891	0x6332a61d	255	70	78
0	0	0	150	3112	2478	54.7578	0x6332a61a	255	70	78
0	0	0	151	3112	2479	55.2344	0x6332a61d	255	70	78
0	0	0	152	3112	2480	55.7031	0x6332a61a	255	70	78
0	0	0	153	3113	2464	48	0x2d1de800	255	127	223
0	0	0	154	3113	2465	48.6875	0x6daf9fdc	255	123	58
0	0	0	155	3113	2466	49.1953	0x7433ef48	255	107	80
0	0	0	156	3113	2467	49.5078	0x70f45ed1	255	100	84
0	0	0	157	3113	2468	49.9844	0x62300e66	255	83	67
0	0	0	158	3113	2469	50.6953	0x58aec615	255	73	66
0	0	0	159	3113	2470	51.3359	0x556ee5f0	255	67	64
0	0	0	160	3113	2471	52.0469	0x5e302628	255	71	69
0	0	0	161	3113	2472	52.5234	0x6332a61a	255	70	78
0	0	0	162	3113	2473	52.9922	0x6332a61a	255	70	78
0	0	0	163	3113	2474	53.4688	0x6332a61a	255	70	78
0	0	0	164	3113	2475	53.9375	0x6332a61d	255	70	78
0	0	0	165	3113	2476	54.4141	0x6332a61a	255	70	78
0	0	0	166	3113	2477	54.8828	0x6332a61d	255	70	78
0	0	0	167	3113	2478	55.3594	0x6332a61a	255	70	78
0	0	0	168	3113	2479	55.8281	0x6332a61d	255	70	78
0	0	0	169	3113	2480	56.3047	0x6332a61a	255	70	78
0	0	0	170	3114	2464	48	0x301da000	255	126	223
0	0	0	171	3114	2465	48.6797	0x65ed6757	255	120	53
0	0	0	172	3114	2466	49.4453	0x61ee969f	255	100	60
0	0	0	173	3114	2467	50.0156	0x5f309e27	255	73	70
0	0	0	174	3114	2468	50.5859	0x586f4602	255	72	67
0	0	0	175	3114	2469	51.3125	0x5baef634	255	77	63
0	0	0	176	3114	2470	51.9062	0x5dafde2e	255	78	66
0	0	0	177	3114	2471	52.5312	0x65709e82	255	85	68
0	0	0	178	3114	2472	53.0312	0x68f22e81	255	84	75
0	0	0	179	3114	2473	53.5078	0x69b28681	255	84	76
0	0	0	180	3114	2474	53.9766	0x69f29e81	255	84	76
0	0	0	181	3114	2475	54.4453	0x69b28681	255	84	76
0	0	0	182	3114	2476	54.9219	0x69b28681	255	84	76
0	0	0	183	3114	2477	55.3906	0x69b28681	255	84	76
0	0	0	184	3114	2478	55.8672	0x69b28681	255	84	76
0	0	0	185	3114	2479	56.3359	0x69b28681	255	84	76
0	0	0	186	3114	2480	56.8125	0x68f22e81	255	84	75
0	0	0	187	3115	2464	48	0x30dd8800	255	127	224
0	0	0	188	3115	2465	49.0234	0x55ea2ed9	255	114	39
0	0	0	189	3115	2466	49.9453	0x5c2cce9e	255	92	52
0	0	0	190	3115	2467	50.5859	0x5e2f8e3e	255	82	65
0	0	0	191	3115	2468	51.1953	0x63b05671	255	86	67
0	0	0	192	3115	2469	51.7422	0x662fc6b8	255	97	64
0	0	0	193	3115	2470	52.3984	0x6af076f8	255	110	66
0	0	0	194	3115	2471	52.8672	0x71326740	255	112	72
0	0	0	195	3115	2472	53.3438	0x7172674c	255	113	73
0	0	0	196	3115	2473	53.8125	0x71b2674f	255	113	73
0	0	0	197	3115	2474	54.2891	0x7172674c	255	113	73
0	0	0	198	3115	2475	54.7578	0x7172674c	255	113	73
0	0	0	199	3115	2476	55.2344	0x7172674c	255	113	73
0	0	0	200	3115	2477	55.7031	0x7172674c	255	113	73
0	0	0	201	3115	2478	56.1797	0x7172674c	255	113	73
0	0	0	202	3115	2479	56.6484	0x7172674c	255	113	73
0	0	0	203	3115	2480	57.125	0x7172674c	255	113	73
0	0	0	204	3116	2464	48	0x359d0800	255	126	232
0	0	0	205	3116	2465	49.2969	0x5468875c	255	116	33
0	0	0	206	3116	2466	50.2031	0x5eab3754	255	112	45
0	0	0	207	3116	2467	51.0312	0x67af3ef8	255	105	63
0	0	0	208	3116	2468	51.4531	0x6fb2271f	255	108	71
0	0	0	209	3116	2469	52	0x7171d776	255	118	71
0	0	0	210	3116	2470	52.4453	0x7432bfd0	255	122	72
0	0	0	211	3116	2471	52.9141	0x73b25fe0	255	124	73
0	0	0	212	3116	2472	53.3906	0x73b25fe4	255	125	73
0	0	0	213	3116	2473	53.8594	0x73b25ff4	255	126	73
0	0	0	214	3116	2474	54.3359	0x73b25fe8	255	125	72
0	0	0	215	3116	2475	54.8047	0x73b25fe4	255	124	73
0	0	0	216	3116	2476	55.2812	0x73b25fe4	255	124	72
0	0	0	217	3116	2477	55.75	0x73725fd0	255	122	73
0	0	0	218	3116	2478	56.2266	0x73725fd0	255	122	73
0	0	0	219	3116	2479	56.6953	0x73725fd0	255	122	73
0	0	0	220	3116	2480	57.1719	0x73725fd0	255	122	73
0	0	0	221	3117	2465	49.3516	0x53e7f7c0	255	123	30
0	0	0	222	3117	2466	50.2891	0x5f2ad7a9	255	119	43
0	0	0	223	3117	2467	51.125	0x696e0fb8	255	120	59
0	0	0	224	3117	2468	51.6484	0x74330799	255	121	76
0	0	0	225	3117	2469	52.0156	0x75b397dc	255	123	76
0	0	0	226	3117	2470	52.4922	0x7472bff8	255	126	74
0	0	0	227	3117	2471	52.9297	0x7472d014	255	128	74
0	0	0	228	3117	2472	53.3984	0x7472d02c	255	130	74
0	0	0	229	3117	2473	53.8359	0x73b27028	255	131	73
0	0	0	230	3117	2474	54.3359	0x72b1f838	255	131	71
0	0	0	231	3117	2475	54.8125	0x73724030	255	130	72
0	0	0	232	3117	2476	55.2891	0x72b1e018	255	129	71
0	0	0	233	3117	2477	55.7969	0x72b1e7fc	255	127	71
0	0	0	234	3117	2478	56.2734	0x73b25fe8	255	125	73
0	0	0	235	3117	2479	56.7422	0x73725fd0	255	121	70
0	0	0	236	3117	2480	57.2188	0x71f2675f	255	114	73
0	0	0	237	3117	2464	48	0x365cf800	255	127	222
0	0	0	238	3118	2464	48	0x3c1c3800	255	126	205
0	0	0	239	3118	2465	49.4219	0x526797d8	255	124	30
0	0	0	240	3118	2466	50.375	0x602affcc	255	124	43
0	0	0	241	3118	2467	51.1719	0x6baec000	255	127	60
0	0	0	242	3118	2468	51.6562	0x74b2e804	255	127	76
0	0	0	243	3118	2469	52.0703	0x76b41010	255	128	79
0	0	0	244	3118	2470	52.4609	0x7674104c	255	134	79
0	0	0	245	3118	2471	52.875	0x7533986b	255	138	78
0	0	0	246	3118	2472	53.3047	0x7372d083	255	140	75
0	0	0	247	3118	2473	53.7812	0x7332a083	255	139	74
0	0	0	248	3118	2474	54.2266	0x727290a1	255	142	73
0	0	0	249	3118	2475	54.7109	0x70f1a08a	255	142	70
0	0	0	250	3118	2476	55.2344	0x7071307b	255	138	69
0	0	0	251	3118	2477	55.7578	0x71314850	255	135	68
0	0	0	252	3118	2478	56.2734	0x71715838	255	129	68
0	0	0	253	3118	2479	56.7891	0x6bef6f76	255	116	61
0	0	0	254	3118	2480	57.4922	0x66eeceff	255	101	58
0	0	0	255	3119	2464	48	0x37dcc800	255	127	221
0	0	0	256	3119	2465	49.4297	0x52277804	255	127	30
0	0	0	257	3119	2466	50.3906	0x61ab5808	255	128	45
0	0	0	258	3119	2467	51.125	0x6c6f1024	255	130	61
0	0	0	259	3119	2468	51.6406	0x75336040	255	133	78
0	0	0	260	3119	2469	51.9844	0x77756887	255	140	85
0	0	0	261	3119	2470	52.3438	0x75f500b8	255	147	84
0	0	0	262	3119	2471	52.7188	0x737438e9	255	152	81
0	0	0	263	3119	2472	53.1406	0x717370fb	255	154	78
0	0	0	264	3119	2473	53.5781	0x70334113	255	156	77
0	0	0	265	3119	2474	54.0156	0x6e72410c	255	157	73
0	0	0	266	3119	2475	54.5391	0x6cf1790c	255	154	70
0	0	0	267	3119	2476	55.0469	0x6c70a8e8	255	152	67
0	0	0	268	3119	2477	55.6406	0x6f706848	255	134	58
0	0	0	269	3119	2478	56.1641	0x692defc0	255	124	56
0	0	0	270	3119	2479	57.0156	0x5fac76f9	255	106	50
0	0	0	271	3119	2480	57.7422	0x582bbe99	255	93	47
0	0	0	272	3120	2464	48	0x381cb800	255	129	216
0	0	0	273	3120	2465	49.4141	0x52a7a014	255	129	30
0	0	0	274	3120	2466	50.3594	0x61ab6830	255	131	45
0	0	0	275	3120	2467	51.1016	0x6e2fd834	255	132	64
0	0	0	276	3120	2468	51.5312	0x77b5687f	255	141	84
0	0	0	277	3120	2469	51.8047	0x78b758c4	255	150	93
0	0	0	278	3120	2470	52.0938	0x76b6d0f8	255	156	90
0	0	0	279	3120	2471	52.4062	0x73b57114	255	160	86
0	0	0	280	3120	2472	52.7969	0x6f34114a	255	164	82
0	0	0	281	3120	2473	53.2188	0x6cf3395a	255	167	78
0	0	0	282	3120	2474	53.6797	0x6ef2710c	255	157	71
0	0	0	283	3120	2475	54.1641	0x6c70d8f6	255	150	67
0	0	0	284	3120	2476	54.7656	0x65ad48a5	255	139	52
0	0	0	285	3120	2477	55.6172	0x62ebc830	255	131	46
0	0	0	286	3120	2478	56.3984	0x5c2b8eec	255	113	46
0	0	0	287	3120	2479	57.3281	0x54eacea0	255	94	43
0	0	0	288	3120	2480	58.2656	0x4cea9642	255	88	44
0	1	1	0	3105	2469	49.4531	0x767518a5	255	137	95
0	1	1	1	3104	2470	49.75	0x7f40c7a8	255	125	126
0	1	1	2	3105	2470	49.9219	0x72f25f91	255	117	73
0	1	1	3	3105	2471	50.3984	0x6cf27ec1	255	103	81
0	1	1	4	3104	2471	49.7812	0x77fa06d3	255	116	114
0	1	1	5	3104	2472	50.1328	0x75396ea0	255	116	106
0	1	1	6	3105	2472	50.8672	0x6a728690	255	106	73
0	1	1	7	3105	2473	51.3438	0x6836e5fb	255	86	87
0	1	1	8	3104	2473	50.2031	0x68f67e0b	255	110	104
0	1	1	9	3104	2474	50.7656	0x73f786ae	255	116	116
0	1	1	10	3105	2474	51.4688	0x6c383619	255	69	103
0	1	1	11	3104	2476	50.6719	0x6178cd92	255	110	116
0	1	1	12	3105	2476	52.2266	0x4f75252d	255	39	94
0	1	1	13	3105	2477	52.6016	0x5375b541	255	42	92
0	1	1	14	3104	2477	51.2266	0x5ab1d5cf	255	108	69
0	1	1	15	3104	2478	51.7031	0x63f4adf2	255	108	83
0	1	1	16	3105	2478	52.9297	0x54f5c54b	255	42	96
0	1	1	17	3106	2469	49.5	0x77347fd0	255	121	82
0	1	1	18	3106	2470	49.9688	0x73725fd0	255	122	73
0	1	1	19	3106	2471	50.4453	0x73725fd0	255	122	73
0	1	1	20	3106	2472	50.9141	0x73725fd0	255	122	73
0	1	1	21	3106	2473	51.3906	0x73725fd0	255	122	73
0	1	1	22	3106	2474	51.8594	0x70726f26	255	112	77
0	1	1	23	3105	2475	51.8516	0x5bb4f595	255	45	107
0	1	1	24	3106	2475	52.3359	0x6f326efb	255	110	73
0	1	1	25	3106	2476	52.8047	0x6ef336d1	255	106	76
0	1	1	26	3106	2477	53.2188	0x6e33e6a6	255	98	80
0	1	1	27	3106	2478	53.6328	0x6b74066e	255	89	80
0	1	1	28	3105	2479	53.2969	0x51350d3c	255	39	95
0	1	1	29	3106	2479	54.0391	0x68339646	255	81	80
0	1	1	30	3106	2480	54.4922	0x6573262b	255	77	80
0	1	1	31	3105	2480	53.6875	0x4ef58524	255	36	97
0	1	1	32	3107	2469	49.5469	0x7633e7d0	255	122	82
0	1	1	33	3107	2470	50.0156	0x73725fd0	255	122	73
0	1	1	34	3107	2471	50.4922	0x73725fd0	255	122	73
0	1	1	35	3107	2472	50.9609	0x73725fd0	255	122	73
0	1	1	36	3107	2473	51.4375	0x73725fd0	255	122	73
0	1	1	37	3107	2474	51.9062	0x73725fd0	255	122	73
0	1	1	38	3107	2475	52.3828	0x73725fd0	255	122	73
0	1	1	39	3107	2476	52.8516	0x73725fd0	255	122	73
0	1	1	40	3107	2477	53.3281	0x73325fb0	255	119	74
0	1	1	41	3107	2478	53.7969	0x72f25f95	255	117	73
0	1	1	42	3107	2479	54.2734	0x72726772	255	115	73
0	1	1	43	3107	2480	54.7422	0x7232676a	255	115	73
0	1	1	44	3108	2469	49.5938	0x783537d0	255	121	86
0	1	1	45	3108	2470	50.0625	0x73725fd0	255	122	73
0	1	1	46	3108	2471	50.5391	0x73725fd0	255	122	73
0	1	1	47	3108	2472	51.0078	0x73725fd0	255	122	73
0	1	1	48	3108	2473	51.4844	0x73725fd0	255	122	73
0	1	1	49	3108	2474	51.9531	0x73725fd0	255	122	73
0	1	1	50	3108	2475	52.4297	0x73725fd0	255	122	73
0	1	1	51	3108	2476	52.8984	0x73725fd0	255	122	73
0	1	1	52	3108	2477	53.375	0x73725fd0	255	122	73
0	1	1	53	3108	2478	53.8438	0x73725fd0	255	122	73
0	1	1	54	3108	2479	54.3203	0x73725fd0	255	122	73
0	1	1	55	3108	2480	54.7891	0x73725fd0	255	122	73
0	1	1	56	3109	2469	49.6406	0x77b4cfd0	255	121	85
0	1	1	57	3109	2470	50.1094	0x73725fd0	255	122	73
0	1	1	58	3109	2471	50.5859	0x73725fd0	255	122	73
0	1	1	59	3109	2472	51.0547	0x73725fd0	255	122	73
0	1	1	60	3109	2473	51.5312	0x73725fd0	255	122	73
0	1	1	61	3109	2474	52	0x73725fd0	255	122	73
0	1	1	62	3109	2475	52.4766	0x73725fd0	255	122	73
0	1	1	63	3109	2476	52.9453	0x73725fd0	255	122	73
0	1	1	64	3109	2477	53.4219	0x73725fd0	255	122	73
0	1	1	65	3109	2478	53.8906	0x73725fd0	255	122	73
0	1	1	66	3109	2479	54.3672	0x73725fd0	255	122	73
0	1	1	67	3109	2480	54.8359	0x73725fd0	255	122	73
0	1	1	68	3110	2464	48	0x2d5de800	255	129	238
0	1	1	69	3109	2465	49.1953	0x69efb8ef	255	128	111
0	1	1	70	3110	2465	48.7109	0x686fc91d	255	150	63
0	1	1	71	3110	2466	49.1953	0x7b377830	255	129	117
0	1	1	72	3110	2469	49.6875	0x77756f79	255	115	87
0	1	1	73	3110	2470	50.1562	0x72326766	255	115	72
0	1	1	74	3110	2471	50.6328	0x71b26753	255	114	73
0	1	1	75	3110	2472	51.1016	0x7172674c	255	113	73
0	1	1	76	3110	2473	51.5781	0x7172674c	255	113	73
0	1	1	77	3110	2474	52.0469	0x7172674c	255	113	73
0	1	1	78	3110	2475	52.5234	0x7172674c	255	113	73
0	1	1	79	3110	2476	52.9922	0x7172674c	255	113	73
0	1	1	80	3110	2477	53.4688	0x7172674c	255	113	73
0	1	1	81	3110	2478	53.9375	0x7172674c	255	113	73
0	1	1	82	3110	2479	54.4141	0x7172674c	255	113	73
0	1	1	83	3110	2480	54.8828	0x7172674c	255	113	73
0	1	1	84	3111	2464	48	0x2c9df800	255	127	222
0	1	1	85	3111	2465	48.6094	0x6ff09834	255	130	65
0	1	1	86	3111	2466	49.1016	0x78f5d03c	255	133	91
0	1	1	87	3110	2468	49.4531	0x7c796f95	255	119	101
0	1	1	88	3111	2468	49.5703	0x79367f89	255	113	89
0	1	1	89	3111	2469	49.9062	0x7233a714	255	104	81
0	1	1	90	3111	2470	50.4141	0x6e718718	255	101	70
0	1	1	91	3111	2471	50.9297	0x6871ee81	255	90	71
0	1	1	92	3111	2472	51.4141	0x69325e81	255	84	75
0	1	1	93	3111	2473	51.8906	0x69b28681	255	84	76
0	1	1	94	3111	2474	52.3594	0x69b28681	255	84	76
0	1	1	95	3111	2475	52.8359	0x69b28681	255	84	76
0	1	1	96	3111	2476	53.3047	0x69b28681	255	84	76
0	1	1	97	3111	2477	53.7812	0x69b28681	255	84	76
0	1	1	98	3111	2478	54.25	0x69b28681	255	84	76
0	1	1	99	3111	2479	54.7266	0x69b28681	255	84	76
0	1	1	100	3111	2480	55.1953	0x69324681	255	84	75
0	1	1	101	3112	2464	48	0x2c1e0000	255	126	225
0	1	1	102	3112	2465	48.6094	0x7070dfd8	255	124	67
0	1	1	103	3112	2466	49.0781	0x76f467d0	255	122	84
0	1	1	104	3112	2468	49.6875	0x74748731	255	106	83
0	1	1	105	3112	2469	50.1641	0x6a729e8d	255	87	76
0	1	1	106	3112	2470	50.625	0x5f2f265e	255	85	66
0	1	1	107	3112	2471	51.4531	0x5aaf361e	255	73	66
0	1	1	108	3112	2472	51.9219	0x6332a61a	255	70	78
0	1	1	109	3112	2473	52.3984	0x6332a61d	255	70	78
0	1	1	110	3112	2474	52.8672	0x6332a61a	255	70	78
0	1	1	111	3112	2475	53.3438	0x6332a61d	255	70	78
0	1	1	112	3112	2476	53.8125	0x6332a61a	255	70	78
0	1	1	113	3112	2477	54.2891	0x6332a61d	255	70	78
0	1	1	114	3112	2478	54.7578	0x6332a61a	255	70	78
0	1	1	115	3112	2479	55.2344	0x6332a61d	255	70	78
0	1	1	116	3112	2480	55.7031	0x6332a61a	255	70	78
0	1	1	117	3113	2464	48	0x2d1de800	255	127	223
0	1	1	118	3113	2465	48.6875	0x6daf9fdc	255	123	58
0	1	1	119	3113	2466	49.1953	0x7433ef48	255	107	80
0	1	1	120	3113	2467	49.5078	0x70f45ed1	255	100	84
0	1	1	121	3112	2467	49.3906	0x7976b78d	255	113	90
0	1	1	122	3113	2468	49.9844	0x62300e66	255	83	67
0	1	1	123	3113	2469	50.6953	0x58aec615	255	73	66
0	1	1	124	3113	2470	51.3359	0x556ee5f0	255	67	64
0	1	1	125	3113	2471	52.0469	0x5e302628	255	71	69
0	1	1	126	3113	2472	52.5234	0x6332a61a	255	70	78
0	1	1	127	3113	2473	52.9922	0x6332a61a	255	70	78
0	1	1	128	3113	2474	53.4688	0x6332a61a	255	70	78
0	1	1	129	3113	2475	53.9375	0x6332a61d	255	70	78
0	1	1	130	3113	2476	54.4141	0x6332a61a	255	70	78
0	1	1	131	3113	2477	54.8828	0x6332a61d	255	70	78
0	1	1	132	3113	2478	55.3594	0x6332a61a	255	70	78
0	1	1	133	3113	2479	55.8281	0x6332a61d	255	70	78
0	1	1	134	3113	2480	56.3047	0x6332a61a	255	70	78
0	1	1	135	3114	2464	48	0x301da000	255	126	223
0	1	1	136	3114	2465	48.6797	0x65ed6757	255	120	53
0	1	1	137	3114	2466	49.4453	0x61ee969f	255	100	60
0	1	1	138	3114	2467	50.0156	0x5f309e27	255	73	70
0	1	1	139	3114	2468	50.5859	0x586f4602	255	72	67
0	1	1	140	3114	2469	51.3125	0x5baef634	255	77	63
0	1	1	141	3114	2470	51.9062	0x5dafde2e	255	78	66
0	1	1	142	3114	2471	52.5312	0x65709e82	255	85	68
0	1	1	143	3114	2472	53.0312	0x68f22e81	255	84	75
0	1	1	144	3114	2473	53.5078	0x69b28681	255	84	76
0	1	1	145	3114	2474	53.9766	0x69f29e81	255	84	76
0	1	1	146	3114	2475	54.4453	0x69b28681	255	84	76
0	1	1	147	3114	2476	54.9219	0x69b28681	255	84	76
0	1	1	148	3114	2477	55.3906	0x69b28681	255	84	76
0	1	1	149	3114	2478	55.8672	0x69b28681	255	84	76
0	1	1	150	3114	2479	56.3359	0x69b28681	255	84	76
0	1	1	151	3114	2480	56.8125	0x68f22e81	255	84	75
0	1	1	152	3115	2464	48	0x30dd8800	255	127	224
0	1	1	153	3115	2465	49.0234	0x55ea2ed9	255	114	39
0	1	1	154	3115	2466	49.9453	0x5c2cce9e	255	92	52
0	1	1	155	3115	2467	50.5859	0x5e2f8e3e	255	82	65
0	1	1	156	3115	2468	51.1953	0x63b05671	255	86	67
0	1	1	157	3115	2469	51.7422	0x662fc6b8	255	97	64
0	1	1	158	3115	2470	52.3984	0x6af076f8	255	110	66
0	1	1	159	3115	2471	52.8672	0x71326740	255	112	72
0	1	1	160	3115	2472	53.3438	0x7172674c	255	113	73
0	1	1	161	3115	2473	53.8125	0x71b2674f	255	113	73
0	1	1	162	3115	2474	54.2891	0x7172674c	255	113	73
0	1	1	163	3115	2475	54.7578	0x7172674c	255	113	73
0	1	1	164	3115	2476	55.2344	0x7172674c	255	113	73
0	1	1	165	3115	2477	55.7031	0x7172674c	255	113	73
0	1	1	166	3115	2478	56.1797	0x7172674c	255	113	73
0	1	1	167	3115	2479	56.6484	0x7172674c	255	113	73
0	1	1	168	3115	2480	57.125	0x7172674c	255	113	73
0	1	1	169	3116	2464	48	0x359d0800	255	126	232
0	1	1	170	3116	2465	49.2969	0x5468875c	255	116	33
0	1	1	171	3116	2466	50.2031	0x5eab3754	255	112	45
0	1	1	172	3116	2467	51.0312	0x67af3ef8	255	105	63
0	1	1	173	3116	2468	51.4531	0x6fb2271f	255	108	71
0	1	1	174	3116	2469	52	0x7171d776	255	118	71
0	1	1	175	3116	2470	52.4453	0x7432bfd0	255	122	72
0	1	1	176	3116	2471	52.9141	0x73b25fe0	255	124	73
0	1	1	177	3116	2472	53.3906	0x73b25fe4	255	125	73
0	1	1	178	3116	2473	53.8594	0x73b25ff4	255	126	73
0	1	1	179	3116	2474	54.3359	0x73b25fe8	255	125	72
0	1	1	180	3116	2475	54.8047	0x73b25fe4	255	124	73
0	1	1	181	3116	2476	55.2812	0x73b25fe4	255	124	72
0	1	1	182	3116	2477	55.75	0x73725fd0	255	122	73
0	1	1	183	3116	2478	56.2266	0x73725fd0	255	122	73
0	1	1	184	3116	2479	56.6953	0x73725fd0	255	122	73
0	1	1	185	3116	2480	57.1719	0x73725fd0	255	122	73
0	1	1	186	3117	2464	48	0x365cf800	255	127	222
0	1	1	187	3117	2465	49.3516	0x53e7f7c0	255	123	30
0	1	1	188	3117	2466	50.2891	0x5f2ad7a9	255	119	43
0	1	1	189	3117	2467	51.125	0x696e0fb8	255	120	59
0	1	1	190	3117	2468	51.6484	0x74330799	255	121	76
0	1	1	191	3117	2469	52.0156	0x75b397dc	255	123	76
0	1	1	192	3117	2470	52.4922	0x7472bff8	255	126	74
0	1	1	193	3117	2471	52.9297	0x7472d014	255	128	74
0	1	1	194	3117	2472	53.3984	0x7472d02c	255	130	74
0	1	1	195	3117	2473	53.8359	0x73b27028	255	131	73
0	1	1	196	3117	2474	54.3359	0x72b1f838	255	131	71
0	1	1	197	3117	2475	54.8125	0x73724030	255	130	72
0	1	1	198	3117	2476	55.2891	0x72b1e018	255	129	71
0	1	1	199	3117	2477	55.7969	0x72b1e7fc	255	127	71
0	1	1	200	3117	2478	56.2734	0x73b25fe8	255	125	73
0	1	1	201	3117	2479	56.7422	0x73725fd0	255	121	70
0	1	1	202	3117	2480	57.2188	0x71f2675f	255	114	73
0	1	1	203	3118	2464	48	0x3c1c3800	255	126	205
0	1	1	204	3118	2465	49.4219	0x526797d8	255	124	30
0	1	1	205	3118	2466	50.375	0x602affcc	255	124	43
0	1	1	206	3118	2467	51.1719	0x6baec000	255	127	60
0	1	1	207	3118	2468	51.6562	0x74b2e804	255	127	76
0	1	1	208	3118	2469	52.0703	0x76b41010	255	128	79
0	1	1	209	3118	2470	52.4609	0x7674104c	255	134	79
0	1	1	210	3118	2471	52.875	0x7533986b	255	138	78
0	1	1	211	3118	2472	53.3047	0x7372d083	255	140	75
0	1	1	212	3118	2473	53.7812	0x7332a083	255	139	74
0	1	1	213	3118	2474	54.2266	0x727290a1	255	142	73
0	1	1	214	3118	2475	54.7109	0x70f1a08a	255	142	70
0	1	1	215	3118	2476	55.2344	0x7071307b	255	138	69
0	1	1	216	3118	2477	55.7578	0x71314850	255	135	68
0	1	1	217	3118	2478	56.2734	0x71715838	255	129	68
0	1	1	218	3118	2479	56.7891	0x6bef6f76	255	116	61
0	1	1	219	3118	2480	57.4922	0x66eeceff	255	101	58
0	1	1	220	3119	2464	48	0x37dcc800	255	127	221
0	1	1	221	3119	2465	49.4297	0x52277804	255	127	30
0	1	1	222	3119	2466	50.3906	0x61ab5808	255	128	45
0	1	1	223	3119	2467	51.125	0x6c6f1024	255	130	61
0	1	1	224	3119	2468	51.6406	0x75336040	255	133	78
0	1	1	225	3119	2469	51.9844	0x77756887	255	140	85
0	1	1	226	3119	2470	52.3438	0x75f500b8	255	147	84
0	1	1	227	3119	2471	52.7188	0x737438e9	255	152	81
0	1	1	228	3119	2472	53.1406	0x717370fb	255	154	78
0	1	1	229	3119	2473	53.5781	0x70334113	255	156	77
0	1	1	230	3119	2474	54.0156	0x6e72410c	255	157	73
0	1	1	231	3119	2475	54.5391	0x6cf1790c	255	154	70
0	1	1	232	3119	2476	55.0469	0x6c70a8e8	255	152	67
0	1	1	233	3119	2477	55.6406	0x6f706848	255	134	58
0	1	1	234	3119	2478	56.1641	0x692defc0	255	124	56
0	1	1	235	3119	2479	57.0156	0x5fac76f9	255	106	50
0	1	1	236	3119	2480	57.7422	0x582bbe99	255	93	47
0	1	1	237	3120	2464	48	0x381cb800	255	129	216
0	1	1	238	3120	2465	49.4141	0x52a7a014	255	129	30
0	1	1	239	3120	2466	50.3594	0x61ab6830	255	131	45
0	1	1	240	3120	2467	51.1016	0x6e2fd834	255	132	64
0	1	1	241	3120	2468	51.5312	0x77b5687f	255	141	84
0	1	1	242	3120	2470	52.0938	0x76b6d0f8	255	156	90
0	1	1	243	3120	2471	52.4062	0x73b57114	255	160	86
0	1	1	244	3120	2472	52.7969	0x6f34114a	255	164	82
0	1	1	245	3120	2473	53.2188	0x6cf3395a	255	167	78
0	1	1	246	3120	2474	53.6797	0x6ef2710c	255	157	71
0	1	1	247	3120	2475	54.1641	0x6c70d8f6	255	150	67
0	1	1	248	3120	2476	54.7656	0x65ad48a5	255	139	52
0	1	1	249	3120	2477	55.6172	0x62ebc830	255	131	46
0	1	1	250	3120	2478	56.3984	0x5c2b8eec	255	113	46
0	1	1	251	3120	2479	57.3281	0x54eacea0	255	94	43
0	1	1	252	3120	2480	58.2656	0x4cea9642	255	88	44
0	2	2	0	3104	2464	51.0547	0x1214bafe	255	219	196
0	2	2	1	3105	2464	48	0x14d76aa4	255	157	225
0	2	2	2	3105	2465	49.1953	0x48709aad	255	150	113
0	2	2	3	3104	2465	51.2266	0x313da3ae	255	245	125
0	2	2	4	3106	2464	48	0x305da000	255	128	222
0	2	2	5	3106	2465	49.1953	0x6def9800	255	127	113
0	2	2	6	3107	2464	48	0x315d8000	255	127	225
0	2	2	7	3107	2465	49.1953	0x6def9800	255	127	113
0	2	2	8	3108	2464	48	0x325d6000	255	127	217
0	2	2	9	3108	2465	49.1953	0x6def9800	255	127	113
0	2	2	10	3109	2464	48	0x315d8000	255	127	225
0	2	2	11	3109	2465	49.1953	0x69efb8ef	255	128	111
0	2	2	12	3110	2464	48	0x2d5de800	255	129	238
0	2	2	13	3110	2465	48.7109	0x686fc91d	255	150	63
0	2	2	14	3111	2464	48	0x2c9df800	255	127	222
0	2	2	15	3111	2465	48.6094	0x6ff09834	255	130	65
0	2	2	16	3112	2464	48	0x2c1e0000	255	126	225
0	2	2	17	3112	2465	48.6094	0x7070dfd8	255	124	67
0	2	2	18	3113	2464	48	0x2d1de800	255	127	223
0	2	2	19	3113	2465	48.6875	0x6daf9fdc	255	123	58
0	2	2	20	3114	2464	48	0x301da000	255	126	223
0	2	2	21	3114	2465	48.6797	0x65ed6757	255	120	53
0	2	2	22	3115	2464	48	0x30dd8800	255	127	224
0	2	2	23	3115	2465	49.0234	0x55ea2ed9	255	114	39
0	2	2	24	3116	2464	48	0x359d0800	255	126	232
0	2	2	25	3116	2465	49.2969	0x5468875c	255	116	33
0	2	2	26	3117	2464	48	0x365cf800	255	127	222
0	2	2	27	3117	2465	49.3516	0x53e7f7c0	255	123	30
0	2	2	28	3118	2464	48	0x3c1c3800	255	126	205
0	2	2	29	3118	2465	49.4219	0x526797d8	255	124	30
0	2	2	30	3119	2464	48	0x37dcc800	255	127	221
0	2	2	31	3119	2465	49.4297	0x52277804	255	127	30
0	2	2	32	3120	2464	48	0x381cb800	255	129	216
0	2	2	33	3120	2465	49.4141	0x52a7a014	255	129	30
0	3	3	0	3104	2470	49.75	0x7f40c7a8	255	125	126
0	3	3	1	3105	2470	49.9219	0x72f25f91	255	117	73
0	3	3	2	3105	2471	50.3984	0x6cf27ec1	255	103	81
0	3	3	3	3104	2471	49.7812	0x77fa06d3	255	116	114
0	3	3	4	3104	2472	50.1328	0x75396ea0	255	116	106
0	3	3	5	3105	2472	50.8672	0x6a728690	255	106	73
0	3	3	6	3105	2473	51.3438	0x6836e5fb	255	86	87
0	3	3	7	3104	2473	50.2031	0x68f67e0b	255	110	104
0	3	3	8	3104	2474	50.7656	0x73f786ae	255	116	116
0	3	3	9	3105	2474	51.4688	0x6c383619	255	69	103
0	3	3	10	3105	2475	51.8516	0x5bb4f595	255	45	107
0	3	3	11	3104	2475	50.7578	0x70018615	255	112	131
0	3	3	12	3104	2476	50.6719	0x6178cd92	255	110	116
0	3	3	13	3105	2476	52.2266	0x4f75252d	255	39	94
0	3	3	14	3105	2477	52.6016	0x5375b541	255	42	92
0	3	3	15	3104	2477	51.2266	0x5ab1d5cf	255	108	69
0	3	3	16	3104	2478	51.7031	0x63f4adf2	255	108	83
0	3	3	17	3105	2478	52.9297	0x54f5c54b	255	42	96
0	3	3	18	3105	2479	53.2969	0x51350d3c	255	39	95
0	3	3	19	3104	2479	52	0x65b6edda	255	108	91
0	3	3	20	3104	2480	52.3047	0x6477cdc0	255	108	94
0	3	3	21	3105	2480	53.6875	0x4ef58524	255	36	97
0	3	3	22	3106	2470	49.9688	0x73725fd0	255	122	73
0	3	3	23	3106	2471	50.4453	0x73725fd0	255	122	73
0	3	3	24	3106	2472	50.9141	0x73725fd0	255	122	73
0	3	3	25	3106	2473	51.3906	0x73725fd0	255	122	73
0	3	3	26	3106	2474	51.8594	0x70726f26	255	112	77
0	3	3	27	3106	2475	52.3359	0x6f326efb	255	110	73
0	3	3	28	3106	2476	52.8047	0x6ef336d1	255	106	76
0	3	3	29	3106	2477	53.2188	0x6e33e6a6	255	98	80
0	3	3	30	3106	2478	53.6328	0x6b74066e	255	89	80
0	3	3	31	3106	2479	54.0391	0x68339646	255	81	80
0	3	3	32	3106	2480	54.4922	0x6573262b	255	77	80
0	3	3	33	3107	2477	53.3281	0x73325fb0	255	119	74
0	3	3	34	3107	2478	53.7969	0x72f25f95	255	117	73
0	3	3	35	3107	2479	54.2734	0x72726772	255	115	73
0	3	3	36	3107	2480	54.7422	0x7232676a	255	115	73
0	3	3	37	3110	2468	49.4531	0x7c796f95	255	119	101
0	3	3	38	3111	2468	49.5703	0x79367f89	255	113	89
0	3	3	39	3111	2469	49.9062	0x7233a714	255	104	81
0	3	3	40	3110	2469	49.6875	0x77756f79	255	115	87
0	3	3	41	3110	2470	50.1562	0x72326766	255	115	72
0	3	3	42	3111	2470	50.4141	0x6e718718	255	101	70
0	3	3	43	3111	2471	50.9297	0x6871ee81	255	90	71
0	3	3	44	3110	2471	50.6328	0x71b26753	255	114	73
0	3	3	45	3110	2472	51.1016	0x7172674c	255	113	73
0	3	3	46	3111	2472	51.4141	0x69325e81	255	84	75
0	3	3	47	3111	2473	51.8906	0x69b28681	255	84	76
0	3	3	48	3110	2473	51.5781	0x7172674c	255	113	73
0	3	3	49	3110	2474	52.0469	0x7172674c	255	113	73
0	3	3	50	3111	2474	52.3594	0x69b28681	255	84	76
0	3	3	51	3111	2475	52.8359	0x69b28681	255	84	76
0	3	3	52	3110	2475	52.5234	0x7172674c	255	113	73
0	3	3	53	3110	2476	52.9922	0x7172674c	255	113	73
0	3	3	54	3111	2476	53.3047	0x69b28681	255	84	76
0	3	3	55	3111	2477	53.7812	0x69b28681	255	84	76
0	3	3	56	3110	2477	53.4688	0x7172674c	255	113	73
0	3	3	57	3110	2478	53.9375	0x7172674c	255	113	73
0	3	3	58	3111	2478	54.25	0x69b28681	255	84	76
0	3	3	59	3111	2479	54.7266	0x69b28681	255	84	76
0	3	3	60	3110	2479	54.4141	0x7172674c	255	113	73
0	3	3	61	3110	2480	54.8828	0x7172674c	255	113	73
0	3	3	62	3111	2480	55.1953	0x69324681	255	84	75
0	3	3	63	3112	2468	49.6875	0x74748731	255	106	83
0	3	3	64	3112	2469	50.1641	0x6a729e8d	255	87	76
0	3	3	65	3112	2470	50.625	0x5f2f265e	255	85	66
0	3	3	66	3112	2471	51.4531	0x5aaf361e	255	73	66
0	3	3	67	3112	2472	51.9219	0x6332a61a	255	70	78
0	3	3	68	3112	2473	52.3984	0x6332a61d	255	70	78
0	3	3	69	3112	2474	52.8672	0x6332a61a	255	70	78
0	3	3	70	3112	2475	53.3438	0x6332a61d	255	70	78
0	3	3	71	3112	2476	53.8125	0x6332a61a	255	70	78
0	3	3	72	3112	2477	54.2891	0x6332a61d	255	70	78
0	3	3	73	3112	2478	54.7578	0x6332a61a	255	70	78
0	3	3	74	3112	2479	55.2344	0x6332a61d	255	70	78
0	3	3	75	3112	2480	55.7031	0x6332a61a	255	70	78
0	3	3	76	3113	2465	48.6875	0x6daf9fdc	255	123	58
0	3	3	77	3112	2466	49.0781	0x76f467d0	255	122	84
0	3	3	78	3113	2466	49.1953	0x7433ef48	255	107	80
0	3	3	79	3113	2467	49.5078	0x70f45ed1	255	100	84
0	3	3	80	3112	2467	49.3906	0x7976b78d	255	113	90
0	3	3	81	3113	2468	49.9844	0x62300e66	255	83	67
0	3	3	82	3113	2469	50.6953	0x58aec615	255	73	66
0	3	3	83	3113	2470	51.3359	0x556ee5f0	255	67	64
0	3	3	84	3113	2471	52.0469	0x5e302628	255	71	69
0	3	3	85	3113	2472	52.5234	0x6332a61a	255	70	78
0	3	3	86	3113	2473	52.9922	0x6332a61a	255	70	78
0	3	3	87	3113	2474	53.4688	0x6332a61a	255	70	78
0	3	3	88	3113	2475	53.9375	0x6332a61d	255	70	78
0	3	3	89	3113	2476	54.4141	0x6332a61a	255	70	78
0	3	3	90	3113	2477	54.8828	0x6332a61d	255	70	78
0	3	3	91	3113	2478	55.3594	0x6332a61a	255	70	78
0	3	3	92	3113	2479	55.8281	0x6332a61d	255	70	78
0	3	3	93	3113	2480	56.3047	0x6332a61a	255	70	78
0	3	3	94	3114	2466	49.4453	0x61ee969f	255	100	60
0	3	3	95	3114	2467	50.0156	0x5f309e27	255	73	70
0	3	3	96	3114	2468	50.5859	0x586f4602	255	72	67
0	3	3	97	3114	2469	51.3125	0x5baef634	255	77	63
0	3	3	98	3114	2470	51.9062	0x5dafde2e	255	78	66
0	3	3	99	3114	2471	52.5312	0x65709e82	255	85	68
0	3	3	100	3114	2472	53.0312	0x68f22e81	255	84	75
0	3	3	101	3114	2473	53.5078	0x69b28681	255	84	76
0	3	3	102	3114	2474	53.9766	0x69f29e81	255	84	76
0	3	3	103	3114	2475	54.4453	0x69b28681	255	84	76
0	3	3	104	3114	2476	54.9219	0x69b28681	255	84	76
0	3	3	105	3114	2477	55.3906	0x69b28681	255	84	76
0	3	3	106	3114	2478	55.8672	0x69b28681	255	84	76
0	3	3	107	3114	2479	56.3359	0x69b28681	255	84	76
0	3	3	108	3114	2480	56.8125	0x68f22e81	255	84	75
0	3	3	109	3115	2465	49.0234	0x55ea2ed9	255	114	39
0	3	3	110	3115	2466	49.9453	0x5c2cce9e	255	92	52
0	3	3	111	3115	2467	50.5859	0x5e2f8e3e	255	82	65
0	3	3	112	3115	2468	51.1953	0x63b05671	255	86	67
0	3	3	113	3115	2469	51.7422	0x662fc6b8	255	97	64
0	3	3	114	3115	2470	52.3984	0x6af076f8	255	110	66
0	3	3	115	3115	2471	52.8672	0x71326740	255	112	72
0	3	3	116	3115	2472	53.3438	0x7172674c	255	113	73
0	3	3	117	3115	2473	53.8125	0x71b2674f	255	113	73
0	3	3	118	3115	2474	54.2891	0x7172674c	255	113	73
0	3	3	119	3115	2475	54.7578	0x7172674c	255	113	73
0	3	3	120	3115	2476	55.2344	0x7172674c	255	113	73
0	3	3	121	3115	2477	55.7031	0x7172674c	255	113	73
0	3	3	122	3115	2478	56.1797	0x7172674c	255	113	73
0	3	3	123	3115	2479	56.6484	0x7172674c	255	113	73
0	3	3	124	3115	2480	57.125	0x7172674c	255	113	73
0	3	3	125	3116	2466	50.2031	0x5eab3754	255	112	45
0	3	3	126	3116	2467	51.0312	0x67af3ef8	255	105	63
0	3	3	127	3116	2468	51.4531	0x6fb2271f	255	108	71
0	3	3	128	3116	2469	52	0x7171d776	255	118	71
0	3	3	129	3116	2470	52.4453	0x7432bfd0	255	122	72
0	3	3	130	3119	2479	57.0156	0x5fac76f9	255	106	50
0	3	3	131	3118	2480	57.4922	0x66eeceff	255	101	58
0	3	3	132	3119	2480	57.7422	0x582bbe99	255	93	47
0	3	3	133	3120	2479	57.3281	0x54eacea0	255	94	43
0	3	3	134	3120	2480	58.2656	0x4cea9642	255	88	44
0	4	4	0	3104	2464	51.0547	0x1214bafe	255	219	196
0	4	4	1	3105	2464	48	0x14d76aa4	255	157	225
0	4	4	2	3105	2465	49.1953	0x48709aad	255	150	113
0	4	4	3	3104	2465	51.2266	0x313da3ae	255	245	125
0	4	4	4	3104	2466	51.2031	0x294d8362	255	243	135
0	4	4	5	3105	2466	49.1953	0x5a4002d5	255	146	127
0	4	4	6	3105	2467	49.1953	0x724001c9	255	136	128
0	4	4	7	3104	2467	50.1953	0x320fab1d	255	232	160
0	4	4	8	3104	2468	49.9219	0x75c5c15d	255	153	155
0	4	4	9	3118	2470	52.4609	0x7674104c	255	134	79
0	4	4	10	3119	2470	52.3438	0x75f500b8	255	147	84
0	4	4	11	3119	2471	52.7188	0x737438e9	255	152	81
0	4	4	12	3118	2471	52.875	0x7533986b	255	138	78
0	4	4	13	3118	2472	53.3047	0x7372d083	255	140	75
0	4	4	14	3119	2472	53.1406	0x717370fb	255	154	78
0	4	4	15	3119	2473	53.5781	0x70334113	255	156	77
0	4	4	16	3118	2473	53.7812	0x7332a083	255	139	74
0	4	4	17	3118	2474	54.2266	0x727290a1	255	142	73
0	4	4	18	3119	2474	54.0156	0x6e72410c	255	157	73
0	4	4	19	3119	2475	54.5391	0x6cf1790c	255	154	70
0	4	4	20	3118	2475	54.7109	0x70f1a08a	255	142	70
0	4	4	21	3118	2476	55.2344	0x7071307b	255	138	69
0	4	4	22	3119	2476	55.0469	0x6c70a8e8	255	152	67
0	4	4	23	3119	2477	55.6406	0x6f706848	255	134	58
0	4	4	24	3120	2470	52.0938	0x76b6d0f8	255	156	90
0	4	4	25	3120	2471	52.4062	0x73b57114	255	160	86
0	4	4	26	3120	2472	52.7969	0x6f34114a	255	164	82
0	4	4	27	3120	2473	53.2188	0x6cf3395a	255	167	78
0	4	4	28	3120	2474	53.6797	0x6ef2710c	255	157	71
0	4	4	29	3120	2475	54.1641	0x6c70d8f6	255	150	67
0	4	4	30	3120	2476	54.7656	0x65ad48a5	255	139	52
1	0	0	0	3120	2464	48	0x381cb800	255	129	216
1	0	0	1	3121	2464	48	0x3adc6800	255	127	218
1	0	0	2	3121	2465	49.3906	0x53e7e818	255	129	31
1	0	0	3	3120	2465	49.4141	0x52a7a014	255	129	30
1	0	0	4	3120	2466	50.3594	0x61ab6830	255	131	45
1	0	0	5	3121	2466	50.2969	0x62ebc834	255	132	47
1	0	0	6	3121	2467	51.0234	0x6ff0a84c	255	136	67
1	0	0	7	3120	2467	51.1016	0x6e2fd834	255	132	64
1	0	0	8	3120	2468	51.5312	0x77b5687f	255	141	84
1	0	0	9	3121	2468	51.3906	0x79f7407f	255	142	94
1	0	0	10	3121	2469	51.5938	0x7af8f0a6	255	146	99
1	0	0	11	3120	2469	51.8047	0x78b758c4	255	150	93
1	0	0	12	3120	2470	52.0938	0x76b6d0f8	255	156	90
1	0	0	13	3121	2470	51.8438	0x787758d3	255	152	93
1	0	0	14	3121	2471	52.1562	0x76b6b8ed	255	153	89
1	0	0	15	3120	2471	52.4062	0x73b57114	255	160	86
1	0	0	16	3120	2472	52.7969	0x6f34114a	255	164	82
1	0	0	17	3121	2472	52.4531	0x757588e1	255	150	86
1	0	0	18	3121	2473	52.8516	0x6df1a0f7	255	148	71
1	0	0	19	3120	2473	53.2188	0x6cf3395a	255	167	78
1	0	0	20	3120	2474	53.6797	0x6ef2710c	255	157	71
1	0	0	21	3121	2474	53.4688	0x6cafb88a	255	139	62
1	0	0	22	3121	2475	54.0391	0x6c6f1014	255	130	59
1	0	0	23	3120	2475	54.1641	0x6c70d8f6	255	150	67
1	0	0	24	3120	2476	54.7656	0x65ad48a5	255	139	52
1	0	0	25	3121	2476	54.7188	0x65eccfbc	255	124	50
1	0	0	26	3121	2477	55.5469	0x58e96f72	255	119	41
1	0	0	27	3120	2477	55.6172	0x62ebc830	255	131	46
1	0	0	28	3120	2478	56.3984	0x5c2b8eec	255	113	46
1	0	0	29	3121	2478	56.7344	0x4da8fea7	255	96	35
1	0	0	30	3121	2479	57.7734	0x4b6a5e3e	255	87	41
1	0	0	31	3120	2479	57.3281	0x54eacea0	255	94	43
1	0	0	32	3122	2464	48	0x3d9c0800	255	130	208
1	0	0	33	3122	2465	49.3672	0x54e81014	255	129	32
1	0	0	34	3122	2466	50.2578	0x642c2828	255	132	49
1	0	0	35	3122	2467	50.9531	0x70b17886	255	140	72
1	0	0	36	3122	2468	51.2812	0x7b37e85c	255	139	95
1	0	0	37	3122	2469	51.4766	0x7cb9e073	255	141	103
1	0	0	38	3122	2470	51.6719	0x7bf8f06b	255	139	97
1	0	0	39	3122	2471	51.9297	0x77f5d88e	255	140	88
1	0	0	40	3122	2472	52.3438	0x76b44850	255	135	80
1	0	0	41	3122	2473	52.7188	0x70b10038	255	130	69
1	0	0	42	3122	2474	53.4062	0x686da038	255	129	55
1	0	0	43	3122	2475	54.125	0x65ecef99	255	117	51
1	0	0	44	3122	2476	54.8984	0x5ceaff32	255	108	45
1	0	0	45	3122	2477	55.8984	0x4ba91685	255	93	35
1	0	0	46	3122	2478	57.1406	0x47283686	255	101	32
1	0	0	47	3122	2479	58.375	0x52a996cc	255	112	36
1	0	0	48	3122	2480	59.2109	0x61acb712	255	113	50
1	0	0	49	3121	2480	58.7734	0x536b9e5b	255	85	47
1	0	0	50	3123	2464	48	0x3edbe000	255	127	214
1	0	0	51	3123	2465	49.3516	0x55a84010	255	128	32
1	0	0	52	3123	2466	50.2188	0x68ada020	255	130	55
1	0	0	53	3123	2467	50.7578	0x71f1d06b	255	134	72
1	0	0	54	3123	2468	51.2109	0x79f6b05c	255	138	95
1	0	0	55	3123	2469	51.3672	0x7cf96848	255	135	101
1	0	0	56	3123	2470	51.6328	0x7bb82040	255	134	96
1	0	0	57	3123	2471	51.875	0x7975f024	255	131	86
1	0	0	58	3123	2472	52.2969	0x7573480c	255	128	76
1	0	0	59	3123	2473	52.7422	0x70f10008	255	128	69
1	0	0	60	3123	2474	53.3594	0x666cd00c	255	128	51
1	0	0	61	3123	2475	54.2422	0x5deaef5b	255	116	42
1	0	0	62	3123	2476	55.1328	0x4e697692	255	97	37
1	0	0	63	3123	2477	56.3828	0x45289e57	255	95	34
1	0	0	64	3123	2478	57.5703	0x53e9aedc	255	103	38
1	0	0	65	3123	2479	58.4219	0x60eb7791	255	116	42
1	0	0	66	3123	2480	59.2578	0x65acbfb8	255	120	50
1	0	0	67	3124	2464	48	0x3e1bf000	255	126	212
1	0	0	68	3124	2465	49.3359	0x5628600c	255	128	34
1	0	0	69	3124	2466	50.1953	0x68ada014	255	129	55
1	0	0	70	3124	2467	50.7422	0x7472d010	255	129	75
1	0	0	71	3124	2468	51.1016	0x7a76e844	255	131	92
1	0	0	72	3124	2469	51.3359	0x7cf91010	255	129	99
1	0	0	73	3124	2470	51.5469	0x7bb7e804	255	127	95
1	0	0	74	3124	2471	51.8594	0x77347fe8	255	125	82
1	0	0	75	3124	2472	52.3203	0x75f397e8	255	124	76
1	0	0	76	3124	2473	52.7031	0x70b107c4	255	124	69
1	0	0	77	3124	2474	53.3828	0x5d6b272f	255	116	48
1	0	0	78	3124	2475	54.4531	0x4ce88ebd	255	101	33
1	0	0	79	3124	2476	55.6953	0x4268f62b	255	92	34
1	0	0	80	3124	2477	56.875	0x5129cea4	255	96	39
1	0	0	81	3124	2478	57.75	0x5e6b5f3a	255	106	44
1	0	0	82	3124	2479	58.5938	0x61ec2757	255	110	48
1	0	0	83	3124	2480	59.3516	0x686da7bc	255	120	55
1	0	0	84	3125	2464	48	0x3c9c2800	255	127	216
1	0	0	85	3125	2465	49.3281	0x56687004	255	127	34
1	0	0	86	3125	2466	50.1797	0x68edb008	255	128	55
1	0	0	87	3125	2467	50.7266	0x74b2e808	255	128	75
1	0	0	88	3125	2468	51.0781	0x7a76b000	255	127	90
1	0	0	89	3125	2469	51.3359	0x7b7797f4	255	125	95
1	0	0	90	3125	2470	51.625	0x7a7707b0	255	117	91
1	0	0	91	3125	2471	51.9219	0x77f537a1	255	117	82
1	0	0	92	3125	2472	52.3438	0x72b2777a	255	118	73
1	0	0	93	3125	2473	52.8594	0x632d96f9	255	106	61
1	0	0	94	3125	2474	53.7812	0x4cea0e5e	255	88	40
1	0	0	95	3125	2475	54.9297	0x3be955e4	255	84	35
1	0	0	96	3125	2476	56.2578	0x4b295e72	255	92	37
1	0	0	97	3125	2477	57.1328	0x5beb96e5	255	100	45
1	0	0	98	3125	2478	57.9688	0x606c0732	255	107	48
1	0	0	99	3125	2479	58.7578	0x676d8f89	255	116	55
1	0	0	100	3125	2480	59.3906	0x6c2f07cc	255	122	59
1	0	0	101	3126	2464	48	0x3c1c3800	255	127	214
1	0	0	102	3126	2465	49.3281	0x56687000	255	127	34
1	0	0	103	3126	2466	50.1797	0x68edb000	255	127	55
1	0	0	104	3126	2467	50.7266	0x7432a008	255	128	74
1	0	0	105	3126	2468	51.1016	0x79b65fc4	255	123	89
1	0	0	106	3126	2469	51.3594	0x7a76cfd8	255	122	91
1	0	0	107	3126	2470	51.7031	0x78f59fe0	255	121	85
1	0	0	108	3126	2471	52.0469	0x7373275f	255	109	77
1	0	0	109	3126	2472	52.5859	0x692fc6fc	255	98	63
1	0	0	110	3126	2473	53.2422	0x502c0623	255	79	50
1	0	0	111	3126	2474	54.3281	0x3b28bdfa	255	80	36
1	0	0	112	3126	2475	55.875	0x40e9f5f0	255	78	40
1	0	0	113	3126	2476	56.5859	0x5c6c96ad	255	91	48
1	0	0	114	3126	2477	57.4609	0x602c7704	255	103	50
1	0	0	115	3126	2478	58.1641	0x682e0f66	255	113	55
1	0	0	116	3126	2479	58.8281	0x6b2eb7bc	255	120	58
1	0	0	117	3126	2480	59.4531	0x6daf9fd8	255	123	62
1	0	0	118	3127	2464	48	0x3c1c3800	255	127	217
1	0	0	119	3127	2465	49.3281	0x566877fc	255	127	34
1	0	0	120	3127	2466	50.1797	0x692dd014	255	129	56
1	0	0	121	3127	2467	50.7109	0x72318ffc	255	126	70
1	0	0	122	3127	2468	51.1953	0x78756fcc	255	123	88
1	0	0	123	3127	2469	51.4141	0x7bf867c4	255	122	94
1	0	0	124	3127	2470	51.6875	0x7633cfd4	255	124	81
1	0	0	125	3127	2471	52.2422	0x6b2fc732	255	111	65
1	0	0	126	3127	2472	52.875	0x5aeb66de	255	99	46
1	0	0	127	3127	2473	53.9844	0x47a97e42	255	91	38
1	0	0	128	3127	2474	55.1094	0x44a96e27	255	86	36
1	0	0	129	3127	2475	56.2812	0x572aaecb	255	97	44
1	0	0	130	3127	2476	56.9766	0x64ee2ef9	255	102	56
1	0	0	131	3127	2477	57.6484	0x69eeaf6a	255	112	57
1	0	0	132	3127	2478	58.2734	0x6c2f2fa8	255	118	60
1	0	0	133	3127	2479	58.8906	0x6daf9fd8	255	123	62
1	0	0	134	3127	2480	59.4688	0x6ef01ff4	255	126	64
1	0	0	135	3128	2464	48	0x3e1bf000	255	130	205
1	0	0	136	3128	2465	49.3359	0x5768a80c	255	128	35
1	0	0	137	3128	2466	50.1406	0x68adb7c4	255	124	53
1	0	0	138	3128	2467	50.7344	0x70b107b0	255	120	68
1	0	0	139	3128	2468	51.2031	0x77f4e7f4	255	124	87
1	0	0	140	3128	2469	51.4766	0x7ab707d0	255	122	91
1	0	0	141	3128	2470	51.7891	0x70f1ef5b	255	115	77
1	0	0	142	3128	2471	52.4609	0x672dc767	255	113	54
1	0	0	143	3128	2472	53.1875	0x572b06b5	255	102	44
1	0	0	144	3128	2473	54.2812	0x4d28beb4	255	98	34
1	0	0	145	3128	2474	55.4609	0x4fe8aee3	255	105	35
1	0	0	146	3128	2475	56.5234	0x606baf54	255	112	47
1	0	0	147	3128	2476	57.125	0x6bef478d	255	117	60
1	0	0	148	3128	2477	57.7578	0x6d2f77c0	255	122	61
1	0	0	149	3128	2478	58.3359	0x6ef01fdc	255	124	63
1	0	0	150	3128	2479	58.9062	0x6f302ff4	255	126	64
1	0	0	151	3128	2480	59.4766	0x6f302ff4	255	126	64
1	0	0	152	3129	2464	48	0x411b8800	255	127	212
1	0	0	153	3129	2465	49.3047	0x53e7e824	255	128	31
1	0	0	154	3129	2466	50.2969	0x64ac5fc8	255	124	50
1	0	0	155	3129	2467	50.8672	0x73f2a7cc	255	125	75
1	0	0	156	3129	2468	51.2188	0x79f647fc	255	127	88
1	0	0	157	3129	2469	51.5078	0x767437b0	255	121	86
1	0	0	158	3129	2470	52.0156	0x70314f6a	255	113	69
1	0	0	159	3129	2471	52.5469	0x642c5fa1	255	117	52
1	0	0	160	3129	2472	53.5781	0x5528cf4d	255	121	34
1	0	0	161	3129	2473	54.6953	0x54290f16	255	116	33
1	0	0	162	3129	2474	55.7031	0x5a69f763	255	115	39
1	0	0	163	3129	2475	56.625	0x662cdfc4	255	121	53
1	0	0	164	3129	2476	57.2031	0x6ef01fd4	255	123	64
1	0	0	165	3129	2477	57.7734	0x6f302ff4	255	125	63
1	0	0	166	3129	2478	58.3438	0x6f302ff4	255	126	64
1	0	0	167	3129	2479	58.9141	0x6ef01ff4	255	126	64
1	0	0	168	3129	2480	59.4922	0x6ef01ff4	255	126	64
1	0	0	169	3130	2464	48	0x459ad000	255	133	192
1	0	0	170	3130	2465	49.2656	0x54e8202c	255	131	32
1	0	0	171	3130	2466	50.25	0x646c4848	255	131	49
1	0	0	172	3130	2467	50.8359	0x73722ffc	255	127	73
1	0	0	173	3130	2468	51.2109	0x76b42fcc	255	123	83
1	0	0	174	3130	2469	51.6328	0x74b337a8	255	118	76
1	0	0	175	3130	2470	52.0859	0x71318f91	255	115	68
1	0	0	176	3130	2471	52.6484	0x64ed4745	255	110	53
1	0	0	177	3130	2472	53.5469	0x5728e789	255	119	34
1	0	0	178	3130	2473	54.7578	0x54a85786	255	118	32
1	0	0	179	3130	2474	55.7734	0x5cea27b4	255	122	41
1	0	0	180	3130	2475	56.6406	0x67ed5ff4	255	126	54
1	0	0	181	3130	2476	57.2109	0x6f302ff4	255	126	64
1	0	0	182	3130	2477	57.7812	0x6ef01ff4	255	126	64
1	0	0	183	3130	2478	58.3594	0x6ef01ff4	255	126	64
1	0	0	184	3130	2479	58.9297	0x6f302ff0	255	125	64
1	0	0	185	3130	2480	59.5	0x6ef01ff4	255	126	64
1	0	0	186	3131	2464	48	0x4c99a000	255	127	201
1	0	0	187	3131	2465	49.2188	0x56e897e0	255	126	31
1	0	0	188	3131	2466	50.1562	0x622ba7a9	255	123	46
1	0	0	189	3131	2467	50.875	0x6e2ff7bc	255	121	71
1	0	0	190	3131	2468	51.3203	0x767417c4	255	122	80
1	0	0	191	3131	2469	51.6797	0x72f2bf72	255	117	76
1	0	0	192	3131	2470	52.2344	0x6aef3763	255	110	61
1	0	0	193	3131	2471	52.9219	0x5c6ca6aa	255	100	50
1	0	0	194	3131	2472	53.8125	0x5369e6c2	255	98	39
1	0	0	195	3131	2473	54.9375	0x56297f1a	255	108	37
1	0	0	196	3131	2474	55.8516	0x5f6b575f	255	114	45
1	0	0	197	3131	2475	56.6484	0x696de7f4	255	124	58
1	0	0	198	3131	2476	57.2266	0x6ef01ff4	255	126	64
1	0	0	199	3131	2477	57.7969	0x6f302ff0	255	126	64
1	0	0	200	3131	2478	58.3672	0x6ef01ff4	255	126	64
1	0	0	201	3131	2479	58.9453	0x6ef01ff4	255	126	64
1	0	0	202	3131	2480	59.5156	0x6f302ff4	255	126	64
1	0	0	203	3132	2464	48	0x5916f000	255	131	166
1	0	0	204	3132	2465	49.3281	0x512767bc	255	122	29
1	0	0	205	3132	2466	50.4219	0x60ebdf54	255	116	44
1	0	0	206	3132	2467	50.9688	0x72b2df53	255	110	76
1	0	0	207	3132	2468	51.3281	0x72b25f89	255	115	77
1	0	0	208	3132	2469	51.9141	0x6cb1070a	255	100	68
1	0	0	209	3132	2470	52.3984	0x5f6d86b0	255	95	58
1	0	0	210	3132	2471	53.375	0x50eb6e47	255	83	47
1	0	0	211	3132	2472	54.2188	0x52eb1672	255	90	44
1	0	0	212	3132	2473	55.2266	0x57ea8ee2	255	100	42
1	0	0	213	3132	2474	56.0938	0x66ed6781	255	120	59
1	0	0	214	3132	2475	56.6641	0x6f302ff0	255	125	64
1	0	0	215	3132	2476	57.2344	0x6ef01ff4	255	126	64
1	0	0	216	3132	2477	57.8125	0x6ef01ff4	255	126	64
1	0	0	217	3132	2478	58.3828	0x6f302ff4	255	126	64
1	0	0	218	3132	2479	58.9531	0x6f302ff4	255	126	64
1	0	0	219	3132	2480	59.5234	0x6ef01ff4	255	126	64
1	0	0	220	3133	2464	48	0x65538000	255	127	176
1	0	0	221	3133	2465	49.3516	0x4e274750	255	121	27
1	0	0	222	3133	2466	50.5	0x5b2a5f45	255	113	41
1	0	0	223	3133	2467	51.2188	0x6db12f18	255	100	66
1	0	0	224	3133	2468	51.5547	0x6732665d	255	84	77
1	0	0	225	3133	2469	52.1797	0x5eae367f	255	84	63
1	0	0	226	3133	2470	52.9453	0x4e6c0e11	255	75	51
1	0	0	227	3133	2471	53.9297	0x522bde42	255	83	51
1	0	0	228	3133	2472	54.6953	0x5b6c7ea1	255	93	50
1	0	0	229	3133	2473	55.5312	0x66edb75f	255	119	59
1	0	0	230	3133	2474	56.1016	0x6ef01ff4	255	126	64
1	0	0	231	3133	2475	56.6797	0x6ef01ff4	255	126	64
1	0	0	232	3133	2476	57.25	0x6f302ff4	255	126	64
1	0	0	233	3133	2477	57.8203	0x6f302ff4	255	126	64
1	0	0	234	3133	2478	58.3906	0x6ef01ff4	255	126	64
1	0	0	235	3133	2479	58.9688	0x6ef01ff4	255	126	64
1	0	0	236	3133	2480	59.5391	0x6f302ff4	255	126	64
1	0	0	237	3134	2464	48	0x75cc7000	255	127	163
1	0	0	238	3134	2465	49.6797	0x45e69ef2	255	107	25
1	0	0	239	3134	2466	50.7969	0x5aab46e2	255	99	43
1	0	0	240	3134	2467	51.4375	0x5eadb697	255	93	55
1	0	0	241	3134	2468	52.2422	0x59af1617	255	77	67
1	0	0	242	3134	2469	52.75	0x5b6ebe37	255	76	63
1	0	0	243	3134	2470	53.5859	0x566c665f	255	98	51
1	0	0	244	3134	2471	54.3984	0x656dff11	255	116	55
1	0	0	245	3134	2472	54.9688	0x6d70276e	255	121	62
1	0	0	246	3134	2473	55.5469	0x6ef01ff4	255	126	64
1	0	0	247	3134	2474	56.1172	0x6f302ff4	255	126	64
1	0	0	248	3134	2475	56.6875	0x6f302ff4	255	126	64
1	0	0	249	3134	2476	57.2578	0x6ef01ff4	255	126	64
1	0	0	250	3134	2477	57.8359	0x6ef01ff4	255	126	64
1	0	0	251	3134	2478	58.4062	0x6f302ff4	255	126	64
1	0	0	252	3134	2479	58.9766	0x6f302ff4	255	126	64
1	0	0	253	3134	2480	59.5469	0x6ef01fd8	255	124	63
1	0	0	254	3135	2464	48	0x7dc5c800	255	127	140
1	0	0	255	3135	2465	49.9141	0x44e5479d	255	123	18
1	0	0	256	3135	2466	51.0938	0x542966f7	255	103	37
1	0	0	257	3135	2467	51.9922	0x5bec7eaa	255	97	50
1	0	0	258	3135	2468	52.6953	0x652f8eaf	255	91	63
1	0	0	259	3135	2469	53.2188	0x667006ae	255	102	64
1	0	0	260	3135	2470	53.875	0x6c2faf66	255	118	62
1	0	0	261	3135	2471	54.4141	0x6ff087f4	255	124	63
1	0	0	262	3135	2472	54.9844	0x6f302ff4	255	126	64
1	0	0	263	3135	2473	55.5547	0x6f302ff4	255	126	64
1	0	0	264	3135	2474	56.125	0x6ef01ff4	255	126	64
1	0	0	265	3135	2475	56.7031	0x6ef01ff4	255	126	64
1	0	0	266	3135	2476	57.2734	0x6f302ff4	255	126	64
1	0	0	267	3135	2477	57.8438	0x6ef02fd8	255	124	63
1	0	0	268	3135	2478	58.4141	0x6ef01fd0	255	123	64
1	0	0	269	3135	2479	58.9922	0x6d2f8fb0	255	121	62
1	0	0	270	3135	2480	59.6172	0x6c6f7f85	255	115	61
1	0	0	271	3136	2464	48	0x7e847000	255	128	137
1	0	0	272	3136	2465	49.875	0x41a497dc	255	125	18
1	0	0	273	3136	2466	51.3438	0x53680795	255	123	33
1	0	0	274	3136	2467	52.1641	0x62ec0799	255	119	47
1	0	0	275	3136	2468	52.9531	0x696eb757	255	116	60
1	0	0	276	3136	2469	53.4609	0x72b27781	255	120	73
1	0	0	277	3136	2470	53.8906	0x73722ff4	255	125	69
1	0	0	278	3136	2471	54.4219	0x703097f4	255	126	66
1	0	0	279	3136	2472	54.9922	0x6ef01ff4	255	126	64
1	0	0	280	3136	2473	55.5703	0x6ef01ff4	255	126	64
1	0	0	281	3136	2474	56.1406	0x6ef02fd4	255	124	63
1	0	0	282	3136	2475	56.7109	0x6ef02fd4	255	123	64
1	0	0	283	3136	2476	57.2812	0x6d6f8fbc	255	121	62
1	0	0	284	3136	2477	57.9141	0x6c6f6f91	255	116	61
1	0	0	285	3136	2478	58.5	0x6b6f775b	255	112	62
1	0	0	286	3136	2479	59.1328	0x692ec748	255	108	59
1	0	0	287	3136	2480	59.7891	0x6a2f3f41	255	106	60
1	1	1	0	3120	2464	48	0x381cb800	255	129	216
1	1	1	1	3121	2464	48	0x3adc6800	255	127	218
1	1	1	2	3121	2465	49.3906	0x53e7e818	255	129	31
1	1	1	3	3120	2465	49.4141	0x52a7a014	255	129	30
1	1	1	4	3120	2466	50.3594	0x61ab6830	255	131	45
1	1	1	5	3121	2466	50.2969	0x62ebc834	255	132	47
1	1	1	6	3121	2467	51.0234	0x6ff0a84c	255	136	67
1	1	1	7	3120	2467	51.1016	0x6e2fd834	255	132	64
1	1	1	8	3120	2468	51.5312	0x77b5687f	255	141	84
1	1	1	9	3121	2468	51.3906	0x79f7407f	255	142	94
1	1	1	10	3120	2470	52.0938	0x76b6d0f8	255	156	90
1	1	1	11	3120	2471	52.4062	0x73b57114	255	160	86
1	1	1	12	3121	2471	52.1562	0x76b6b8ed	255	153	89
1	1	1	13	3120	2472	52.7969	0x6f34114a	255	164	82
1	1	1	14	3121	2472	52.4531	0x757588e1	255	150	86
1	1	1	15	3121	2473	52.8516	0x6df1a0f7	255	148	71
1	1	1	16	3120	2473	53.2188	0x6cf3395a	255	167	78
1	1	1	17	3120	2474	53.6797	0x6ef2710c	255	157	71
1	1	1	18	3121	2474	53.4688	0x6cafb88a	255	139	62
1	1	1	19	3121	2475	54.0391	0x6c6f1014	255	130	59
1	1	1	20	3120	2475	54.1641	0x6c70d8f6	255	150	67
1	1	1	21	3120	2476	54.7656	0x65ad48a5	255	139	52
1	1	1	22	3121	2476	54.7188	0x65eccfbc	255	124	50
1	1	1	23	3121	2477	55.5469	0x58e96f72	255	119	41
1	1	1	24	3120	2477	55.6172	0x62ebc830	255	131	46
1	1	1	25	3120	2478	56.3984	0x5c2b8eec	255	113	46
1	1	1	26	3121	2478	56.7344	0x4da8fea7	255	96	35
1	1	1	27	3121	2479	57.7734	0x4b6a5e3e	255	87	41
1	1	1	28	3120	2479	57.3281	0x54eacea0	255	94	43
1	1	1	29	3120	2480	58.2656	0x4cea9642	255	88	44
1	1	1	30	3121	2480	58.7734	0x536b9e5b	255	85	47
1	1	1	31	3122	2464	48	0x3d9c0800	255	130	208
1	1	1	32	3122	2465	49.3672	0x54e81014	255	129	32
1	1	1	33	3122	2466	50.2578	0x642c2828	255	132	49
1	1	1	34	3122	2467	50.9531	0x70b17886	255	140	72
1	1	1	35	3122	2468	51.2812	0x7b37e85c	255	139	95
1	1	1	36	3122	2472	52.3438	0x76b44850	255	135	80
1	1	1	37	3122	2473	52.7188	0x70b10038	255	130	69
1	1	1	38	3122	2474	53.4062	0x686da038	255	129	55
1	1	1	39	3122	2475	54.125	0x65ecef99	255	117	51
1	1	1	40	3122	2476	54.8984	0x5ceaff32	255	108	45
1	1	1	41	3122	2477	55.8984	0x4ba91685	255	93	35
1	1	1	42	3122	2478	57.1406	0x47283686	255	101	32
1	1	1	43	3122	2479	58.375	0x52a996cc	255	112	36
1	1	1	44	3122	2480	59.2109	0x61acb712	255	113	50
1	1	1	45	3123	2464	48	0x3edbe000	255	127	214
1	1	1	46	3123	2465	49.3516	0x55a84010	255	128	32
1	1	1	47	3123	2466	50.2188	0x68ada020	255	130	55
1	1	1	48	3123	2467	50.7578	0x71f1d06b	255	134	72
1	1	1	49	3123	2468	51.2109	0x79f6b05c	255	138	95
1	1	1	50	3123	2471	51.875	0x7975f024	255	131	86
1	1	1	51	3123	2472	52.2969	0x7573480c	255	128	76
1	1	1	52	3123	2473	52.7422	0x70f10008	255	128	69
1	1	1	53	3123	2474	53.3594	0x666cd00c	255	128	51
1	1	1	54	3123	2475	54.2422	0x5deaef5b	255	116	42
1	1	1	55	3123	2476	55.1328	0x4e697692	255	97	37
1	1	1	56	3123	2477	56.3828	0x45289e57	255	95	34
1	1	1	57	3123	2478	57.5703	0x53e9aedc	255	103	38
1	1	1	58	3123	2479	58.4219	0x60eb7791	255	116	42
1	1	1	59	3123	2480	59.2578	0x65acbfb8	255	120	50
1	1	1	60	3124	2464	48	0x3e1bf000	255	126	212
1	1	1	61	3124	2465	49.3359	0x5628600c	255	128	34
1	1	1	62	3124	2466	50.1953	0x68ada014	255	129	55
1	1	1	63	3124	2467	50.7422	0x7472d010	255	129	75
1	1	1	64	3124	2468	51.1016	0x7a76e844	255	131	92
1	1	1	65	3124	2471	51.8594	0x77347fe8	255	125	82
1	1	1	66	3124	2472	52.3203	0x75f397e8	255	124	76
1	1	1	67	3124	2473	52.7031	0x70b107c4	255	124	69
1	1	1	68	3124	2474	53.3828	0x5d6b272f	255	116	48
1	1	1	69	3124	2475	54.4531	0x4ce88ebd	255	101	33
1	1	1	70	3124	2476	55.6953	0x4268f62b	255	92	34
1	1	1	71	3124	2477	56.875	0x5129cea4	255	96	39
1	1	1	72	3124	2478	57.75	0x5e6b5f3a	255	106	44
1	1	1	73	3124	2479	58.5938	0x61ec2757	255	110	48
1	1	1	74	3124	2480	59.3516	0x686da7bc	255	120	55
1	1	1	75	3125	2464	48	0x3c9c2800	255	127	216
1	1	1	76	3125	2465	49.3281	0x56687004	255	127	34
1	1	1	77	3125	2466	50.1797	0x68edb008	255	128	55
1	1	1	78	3125	2467	50.7266	0x74b2e808	255	128	75
1	1	1	79	3125	2468	51.0781	0x7a76b000	255	127	90
1	1	1	80	3125	2471	51.9219	0x77f537a1	255	117	82
1	1	1	81	3125	2472	52.3438	0x72b2777a	255	118	73
1	1	1	82	3125	2473	52.8594	0x632d96f9	255	106	61
1	1	1	83	3125	2474	53.7812	0x4cea0e5e	255	88	40
1	1	1	84	3125	2475	54.9297	0x3be955e4	255	84	35
1	1	1	85	3125	2476	56.2578	0x4b295e72	255	92	37
1	1	1	86	3125	2477	57.1328	0x5beb96e5	255	100	45
1	1	1	87	3125	2478	57.9688	0x606c0732	255	107	48
1	1	1	88	3125	2479	58.7578	0x676d8f89	255	116	55
1	1	1	89	3125	2480	59.3906	0x6c2f07cc	255	122	59
1	1	1	90	3126	2464	48	0x3c1c3800	255	127	214
1	1	1	91	3126	2465	49.3281	0x56687000	255	127	34
1	1	1	92	3126	2466	50.1797	0x68edb000	255	127	55
1	1	1	93	3126	2467	50.7266	0x7432a008	255	128	74
1	1	1	94	3126	2468	51.1016	0x79b65fc4	255	123	89
1	1	1	95	3126	2470	51.7031	0x78f59fe0	255	121	85
1	1	1	96	3126	2471	52.0469	0x7373275f	255	109	77
1	1	1	97	3126	2472	52.5859	0x692fc6fc	255	98	63
1	1	1	98	3126	2473	53.2422	0x502c0623	255	79	50
1	1	1	99	3126	2474	54.3281	0x3b28bdfa	255	80	36
1	1	1	100	3126	2475	55.875	0x40e9f5f0	255	78	40
1	1	1	101	3126	2476	56.5859	0x5c6c96ad	255	91	48
1	1	1	102	3126	2477	57.4609	0x602c7704	255	103	50
1	1	1	103	3126	2478	58.1641	0x682e0f66	255	113	55
1	1	1	104	3126	2479	58.8281	0x6b2eb7bc	255	120	58
1	1	1	105	3126	2480	59.4531	0x6daf9fd8	255	123	62
1	1	1	106	3127	2464	48	0x3c1c3800	255	127	217
1	1	1	107	3127	2465	49.3281	0x566877fc	255	127	34
1	1	1	108	3127	2466	50.1797	0x692dd014	255	129	56
1	1	1	109	3127	2467	50.7109	0x72318ffc	255	126	70
1	1	1	110	3127	2468	51.1953	0x78756fcc	255	123	88
1	1	1	111	3127	2470	51.6875	0x7633cfd4	255	124	81
1	1	1	112	3127	2471	52.2422	0x6b2fc732	255	111	65
1	1	1	113	3127	2472	52.875	0x5aeb66de	255	99	46
1	1	1	114	3127	2473	53.9844	0x47a97e42	255	91	38
1	1	1	115	3127	2474	55.1094	0x44a96e27	255	86	36
1	1	1	116	3127	2475	56.2812	0x572aaecb	255	97	44
1	1	1	117	3127	2476	56.9766	0x64ee2ef9	255	102	56
1	1	1	118	3127	2477	57.6484	0x69eeaf6a	255	112	57
1	1	1	119	3127	2478	58.2734	0x6c2f2fa8	255	118	60
1	1	1	120	3127	2479	58.8906	0x6daf9fd8	255	123	62
1	1	1	121	3127	2480	59.4688	0x6ef01ff4	255	126	64
1	1	1	122	3128	2464	48	0x3e1bf000	255	130	205
1	1	1	123	3128	2465	49.3359	0x5768a80c	255	128	35
1	1	1	124	3128	2466	50.1406	0x68adb7c4	255	124	53
1	1	1	125	3128	2467	50.7344	0x70b107b0	255	120	68
1	1	1	126	3128	2468	51.2031	0x77f4e7f4	255	124	87
1	1	1	127	3127	2469	51.4141	0x7bf867c4	255	122	94
1	1	1	128	3128	2469	51.4766	0x7ab707d0	255	122	91
1	1	1	129	3128	2470	51.7891	0x70f1ef5b	255	115	77
1	1	1	130	3128	2471	52.4609	0x672dc767	255	113	54
1	1	1	131	3128	2472	53.1875	0x572b06b5	255	102	44
1	1	1	132	3128	2473	54.2812	0x4d28beb4	255	98	34
1	1	1	133	3128	2474	55.4609	0x4fe8aee3	255	105	35
1	1	1	134	3128	2475	56.5234	0x606baf54	255	112	47
1	1	1	135	3128	2476	57.125	0x6bef478d	255	117	60
1	1	1	136	3128	2477	57.7578	0x6d2f77c0	255	122	61
1	1	1	137	3128	2478	58.3359	0x6ef01fdc	255	124	63
1	1	1	138	3128	2479	58.9062	0x6f302ff4	255	126	64
1	1	1	139	3128	2480	59.4766	0x6f302ff4	255	126	64
1	1	1	140	3129	2464	48	0x411b8800	255	127	212
1	1	1	141	3129	2465	49.3047	0x53e7e824	255	128	31
1	1	1	142	3129	2466	50.2969	0x64ac5fc8	255	124	50
1	1	1	143	3129	2467	50.8672	0x73f2a7cc	255	125	75
1	1	1	144	3129	2468	51.2188	0x79f647fc	255	127	88
1	1	1	145	3129	2469	51.5078	0x767437b0	255	121	86
1	1	1	146	3129	2470	52.0156	0x70314f6a	255	113	69
1	1	1	147	3129	2471	52.5469	0x642c5fa1	255	117	52
1	1	1	148	3129	2472	53.5781	0x5528cf4d	255	121	34
1	1	1	149	3129	2473	54.6953	0x54290f16	255	116	33
1	1	1	150	3129	2474	55.7031	0x5a69f763	255	115	39
1	1	1	151	3129	2475	56.625	0x662cdfc4	255	121	53
1	1	1	152	3129	2476	57.2031	0x6ef01fd4	255	123	64
1	1	1	153	3129	2477	57.7734	0x6f302ff4	255	125	63
1	1	1	154	3129	2478	58.3438	0x6f302ff4	255	126	64
1	1	1	155	3129	2479	58.9141	0x6ef01ff4	255	126	64
1	1	1	156	3129	2480	59.4922	0x6ef01ff4	255	126	64
1	1	1	157	3130	2464	48	0x459ad000	255	133	192
1	1	1	158	3130	2465	49.2656	0x54e8202c	255	131	32
1	1	1	159	3130	2466	50.25	0x646c4848	255	131	49
1	1	1	160	3130	2467	50.8359	0x73722ffc	255	127	73
1	1	1	161	3130	2468	51.2109	0x76b42fcc	255	123	83
1	1	1	162	3130	2469	51.6328	0x74b337a8	255	118	76
1	1	1	163	3130	2470	52.0859	0x71318f91	255	115	68
1	1	1	164	3130	2471	52.6484	0x64ed4745	255	110	53
1	1	1	165	3130	2472	53.5469	0x5728e789	255	119	34
1	1	1	166	3130	2473	54.7578	0x54a85786	255	118	32
1	1	1	167	3130	2474	55.7734	0x5cea27b4	255	122	41
1	1	1	168	3130	2475	56.6406	0x67ed5ff4	255	126	54
1	1	1	169	3130	2476	57.2109	0x6f302ff4	255	126	64
1	1	1	170	3130	2477	57.7812	0x6ef01ff4	255	126	64
1	1	1	171	3130	2478	58.3594	0x6ef01ff4	255	126	64
1	1	1	172	3130	2479	58.9297	0x6f302ff0	255	125	64
1	1	1	173	3130	2480	59.5	0x6ef01ff4	255	126	64
1	1	1	174	3131	2464	48	0x4c99a000	255	127	201
1	1	1	175	3131	2465	49.2188	0x56e897e0	255	126	31
1	1	1	176	3131	2466	50.1562	0x622ba7a9	255	123	46
1	1	1	177	3131	2467	50.875	0x6e2ff7bc	255	121	71
1	1	1	178	3131	2468	51.3203	0x767417c4	255	122	80
1	1	1	179	3131	2469	51.6797	0x72f2bf72	255	117	76
1	1	1	180	3131	2470	52.2344	0x6aef3763	255	110	61
1	1	1	181	3131	2471	52.9219	0x5c6ca6aa	255	100	50
1	1	1	182	3131	2472	53.8125	0x5369e6c2	255	98	39
1	1	1	183	3131	2473	54.9375	0x56297f1a	255	108	37
1	1	1	184	3131	2474	55.8516	0x5f6b575f	255	114	45
1	1	1	185	3131	2475	56.6484	0x696de7f4	255	124	58
1	1	1	186	3131	2476	57.2266	0x6ef01ff4	255	126	64
1	1	1	187	3131	2477	57.7969	0x6f302ff0	255	126	64
1	1	1	188	3131	2478	58.3672	0x6ef01ff4	255	126	64
1	1	1	189	3131	2479	58.9453	0x6ef01ff4	255	126	64
1	1	1	190	3131	2480	59.5156	0x6f302ff4	255	126	64
1	1	1	191	3132	2464	48	0x5916f000	255	131	166
1	1	1	192	3132	2465	49.3281	0x512767bc	255	122	29
1	1	1	193	3132	2466	50.4219	0x60ebdf54	255	116	44
1	1	1	194	3132	2467	50.9688	0x72b2df53	255	110	76
1	1	1	195	3132	2468	51.3281	0x72b25f89	255	115	77
1	1	1	196	3132	2469	51.9141	0x6cb1070a	255	100	68
1	1	1	197	3132	2470	52.3984	0x5f6d86b0	255	95	58
1	1	1	198	3132	2471	53.375	0x50eb6e47	255	83	47
1	1	1	199	3132	2472	54.2188	0x52eb1672	255	90	44
1	1	1	200	3132	2473	55.2266	0x57ea8ee2	255	100	42
1	1	1	201	3132	2474	56.0938	0x66ed6781	255	120	59
1	1	1	202	3132	2475	56.6641	0x6f302ff0	255	125	64
1	1	1	203	3132	2476	57.2344	0x6ef01ff4	255	126	64
1	1	1	204	3132	2477	57.8125	0x6ef01ff4	255	126	64
1	1	1	205	3132	2478	58.3828	0x6f302ff4	255	126	64
1	1	1	206	3132	2479	58.9531	0x6f302ff4	255	126	64
1	1	1	207	3132	2480	59.5234	0x6ef01ff4	255	126	64
1	1	1	208	3133	2464	48	0x65538000	255	127	176
1	1	1	209	3133	2465	49.3516	0x4e274750	255	121	27
1	1	1	210	3133	2466	50.5	0x5b2a5f45	255	113	41
1	1	1	211	3133	2467	51.2188	0x6db12f18	255	100	66
1	1	1	212	3133	2468	51.5547	0x6732665d	255	84	77
1	1	1	213	3133	2469	52.1797	0x5eae367f	255	84	63
1	1	1	214	3133	2470	52.9453	0x4e6c0e11	255	75	51
1	1	1	215	3133	2471	53.9297	0x522bde42	255	83	51
1	1	1	216	3133	2472	54.6953	0x5b6c7ea1	255	93	50
1	1	1	217	3133	2473	55.5312	0x66edb75f	255	119	59
1	1	1	218	3133	2474	56.1016	0x6ef01ff4	255	126	64
1	1	1	219	3133	2475	56.6797	0x6ef01ff4	255	126	64
1	1	1	220	3133	2476	57.25	0x6f302ff4	255	126	64
1	1	1	221	3133	2477	57.8203	0x6f302ff4	255	126	64
1	1	1	222	3133	2478	58.3906	0x6ef01ff4	255	126	64
1	1	1	223	3133	2479	58.9688	0x6ef01ff4	255	126	64
1	1	1	224	3133	2480	59.5391	0x6f302ff4	255	126	64
1	1	1	225	3134	2464	48	0x75cc7000	255	127	163
1	1	1	226	3134	2465	49.6797	0x45e69ef2	255	107	25
1	1	1	227	3134	2466	50.7969	0x5aab46e2	255	99	43
1	1	1	228	3134	2467	51.4375	0x5eadb697	255	93	55
1	1	1	229	3134	2468	52.2422	0x59af1617	255	77	67
1	1	1	230	3134	2469	52.75	0x5b6ebe37	255	76	63
1	1	1	231	3134	2470	53.5859	0x566c665f	255	98	51
1	1	1	232	3134	2471	54.3984	0x656dff11	255	116	55
1	1	1	233	3134	2472	54.9688	0x6d70276e	255	121	62
1	1	1	234	3134	2473	55.5469	0x6ef01ff4	255	126	64
1	1	1	235	3134	2474	56.1172	0x6f302ff4	255	126	64
1	1	1	236	3134	2475	56.6875	0x6f302ff4	255	126	64
1	1	1	237	3134	2476	57.2578	0x6ef01ff4	255	126	64
1	1	1	238	3134	2477	57.8359	0x6ef01ff4	255	126	64
1	1	1	239	3134	2478	58.4062	0x6f302ff4	255	126	64
1	1	1	240	3134	2479	58.9766	0x6f302ff4	255	126	64
1	1	1	241	3134	2480	59.5469	0x6ef01fd8	255	124	63
1	1	1	242	3135	2464	48	0x7dc5c800	255	127	140
1	1	1	243	3135	2465	49.9141	0x44e5479d	255	123	18
1	1	1	244	3135	2466	51.0938	0x542966f7	255	103	37
1	1	1	245	3135	2467	51.9922	0x5bec7eaa	255	97	50
1	1	1	246	3135	2468	52.6953	0x652f8eaf	255	91	63
1	1	1	247	3135	2469	53.2188	0x667006ae	255	102	64
1	1	1	248	3135	2470	53.875	0x6c2faf66	255	118	62
1	1	1	249	3135	2471	54.4141	0x6ff087f4	255	124	63
1	1	1	250	3135	2472	54.9844	0x6f302ff4	255	126	64
1	1	1	251	3135	2473	55.5547	0x6f302ff4	255	126	64
1	1	1	252	3135	2474	56.125	0x6ef01ff4	255	126	64
1	1	1	253	3135	2475	56.7031	0x6ef01ff4	255	126	64
1	1	1	254	3135	2476	57.2734	0x6f302ff4	255	126	64
1	1	1	255	3135	2477	57.8438	0x6ef02fd8	255	124	63
1	1	1	256	3135	2478	58.4141	0x6ef01fd0	255	123	64
1	1	1	257	3135	2479	58.9922	0x6d2f8fb0	255	121	62
1	1	1	258	3135	2480	59.6172	0x6c6f7f85	255	115	61
1	1	1	259	3136	2464	48	0x7e847000	255	128	137
1	1	1	260	3136	2465	49.875	0x41a497dc	255	125	18
1	1	1	261	3136	2466	51.3438	0x53680795	255	123	33
1	1	1	262	3136	2467	52.1641	0x62ec0799	255	119	47
1	1	1	263	3136	2468	52.9531	0x696eb757	255	116	60
1	1	1	264	3136	2469	53.4609	0x72b27781	255	120	73
1	1	1	265	3136	2470	53.8906	0x73722ff4	255	125	69
1	1	1	266	3136	2471	54.4219	0x703097f4	255	126	66
1	1	1	267	3136	2472	54.9922	0x6ef01ff4	255	126	64
1	1	1	268	3136	2473	55.5703	0x6ef01ff4	255	126	64
1	1	1	269	3136	2474	56.1406	0x6ef02fd4	255	124	63
1	1	1	270	3136	2475	56.7109	0x6ef02fd4	255	123	64
1	1	1	271	3136	2476	57.2812	0x6d6f8fbc	255	121	62
1	1	1	272	3136	2477	57.9141	0x6c6f6f91	255	116	61
1	1	1	273	3136	2478	58.5	0x6b6f775b	255	112	62
1	1	1	274	3136	2479	59.1328	0x692ec748	255	108	59
1	1	1	275	3136	2480	59.7891	0x6a2f3f41	255	106	60
1	2	2	0	3120	2464	48	0x381cb800	255	129	216
1	2	2	1	3121	2464	48	0x3adc6800	255	127	218
1	2	2	2	3121	2465	49.3906	0x53e7e818	255	129	31
1	2	2	3	3120	2465	49.4141	0x52a7a014	255	129	30
1	2	2	4	3122	2464	48	0x3d9c0800	255	130	208
1	2	2	5	3122	2465	49.3672	0x54e81014	255	129	32
1	2	2	6	3123	2464	48	0x3edbe000	255	127	214
1	2	2	7	3123	2465	49.3516	0x55a84010	255	128	32
1	2	2	8	3124	2464	48	0x3e1bf000	255	126	212
1	2	2	9	3124	2465	49.3359	0x5628600c	255	128	34
1	2	2	10	3125	2464	48	0x3c9c2800	255	127	216
1	2	2	11	3125	2465	49.3281	0x56687004	255	127	34
1	2	2	12	3126	2464	48	0x3c1c3800	255	127	214
1	2	2	13	3126	2465	49.3281	0x56687000	255	127	34
1	2	2	14	3127	2464	48	0x3c1c3800	255	127	217
1	2	2	15	3127	2465	49.3281	0x566877fc	255	127	34
1	2	2	16	3128	2464	48	0x3e1bf000	255	130	205
1	2	2	17	3128	2465	49.3359	0x5768a80c	255	128	35
1	2	2	18	3129	2464	48	0x411b8800	255	127	212
1	2	2	19	3129	2465	49.3047	0x53e7e824	255	128	31
1	2	2	20	3130	2464	48	0x459ad000	255	133	192
1	2	2	21	3130	2465	49.2656	0x54e8202c	255	131	32
1	2	2	22	3131	2464	48	0x4c99a000	255	127	201
1	2	2	23	3131	2465	49.2188	0x56e897e0	255	126	31
1	2	2	24	3132	2464	48	0x5916f000	255	131	166
1	2	2	25	3133	2464	48	0x65538000	255	127	176
1	2	2	26	3133	2465	49.3516	0x4e274750	255	121	27
1	2	2	27	3134	2464	48	0x75cc7000	255	127	163
1	3	3	0	3120	2478	56.3984	0x5c2b8eec	255	113	46
1	3	3	1	3121	2478	56.7344	0x4da8fea7	255	96	35
1	3	3	2	3121	2479	57.7734	0x4b6a5e3e	255	87	41
1	3	3	3	3120	2479	57.3281	0x54eacea0	255	94	43
1	3	3	4	3120	2480	58.2656	0x4cea9642	255	88	44
1	3	3	5	3121	2480	58.7734	0x536b9e5b	255	85	47
1	3	3	6	3122	2478	57.1406	0x47283686	255	101	32
1	3	3	7	3122	2479	58.375	0x52a996cc	255	112	36
1	3	3	8	3122	2480	59.2109	0x61acb712	255	113	50
1	3	3	9	3125	2473	52.8594	0x632d96f9	255	106	61
1	3	3	10	3124	2474	53.3828	0x5d6b272f	255	116	48
1	3	3	11	3125	2474	53.7812	0x4cea0e5e	255	88	40
1	3	3	12	3125	2475	54.9297	0x3be955e4	255	84	35
1	3	3	13	3124	2475	54.4531	0x4ce88ebd	255	101	33
1	3	3	14	3124	2476	55.6953	0x4268f62b	255	92	34
1	3	3	15	3125	2476	56.2578	0x4b295e72	255	92	37
1	3	3	16	3125	2471	51.9219	0x77f537a1	255	117	82
1	3	3	17	3126	2471	52.0469	0x7373275f	255	109	77
1	3	3	18	3126	2472	52.5859	0x692fc6fc	255	98	63
1	3	3	19	3125	2472	52.3438	0x72b2777a	255	118	73
1	3	3	20	3126	2473	53.2422	0x502c0623	255	79	50
1	3	3	21	3126	2474	54.3281	0x3b28bdfa	255	80	36
1	3	3	22	3126	2475	55.875	0x40e9f5f0	255	78	40
1	3	3	23	3126	2476	56.5859	0x5c6c96ad	255	91	48
1	3	3	24	3125	2477	57.1328	0x5beb96e5	255	100	45
1	3	3	25	3126	2477	57.4609	0x602c7704	255	103	50
1	3	3	26	3127	2471	52.2422	0x6b2fc732	255	111	65
1	3	3	27	3127	2472	52.875	0x5aeb66de	255	99	46
1	3	3	28	3127	2473	53.9844	0x47a97e42	255	91	38
1	3	3	29	3127	2474	55.1094	0x44a96e27	255	86	36
1	3	3	30	3127	2475	56.2812	0x572aaecb	255	97	44
1	3	3	31	3127	2476	56.9766	0x64ee2ef9	255	102	56
1	3	3	32	3127	2477	57.6484	0x69eeaf6a	255	112	57
1	3	3	33	3128	2474	55.4609	0x4fe8aee3	255	105	35
1	3	3	34	3132	2468	51.3281	0x72b25f89	255	115	77
1	3	3	35	3131	2469	51.6797	0x72f2bf72	255	117	76
1	3	3	36	3132	2469	51.9141	0x6cb1070a	255	100	68
1	3	3	37	3132	2470	52.3984	0x5f6d86b0	255	95	58
1	3	3	38	3131	2470	52.2344	0x6aef3763	255	110	61
1	3	3	39	3131	2471	52.9219	0x5c6ca6aa	255	100	50
1	3	3	40	3132	2471	53.375	0x50eb6e47	255	83	47
1	3	3	41	3132	2472	54.2188	0x52eb1672	255	90	44
1	3	3	42	3131	2472	53.8125	0x5369e6c2	255	98	39
1	3	3	43	3131	2473	54.9375	0x56297f1a	255	108	37
1	3	3	44	3132	2473	55.2266	0x57ea8ee2	255	100	42
1	3	3	45	3132	2466	50.4219	0x60ebdf54	255	116	44
1	3	3	46	3133	2466	50.5	0x5b2a5f45	255	113	41
1	3	3	47	3133	2467	51.2188	0x6db12f18	255	100	66
1	3	3	48	3132	2467	50.9688	0x72b2df53	255	110	76
1	3	3	49	3133	2468	51.5547	0x6732665d	255	84	77
1	3	3	50	3133	2469	52.1797	0x5eae367f	255	84	63
1	3	3	51	3133	2470	52.9453	0x4e6c0e11	255	75	51
1	3	3	52	3133	2471	53.9297	0x522bde42	255	83	51
1	3	3	53	3133	2472	54.6953	0x5b6c7ea1	255	93	50
1	3	3	54	3133	2473	55.5312	0x66edb75f	255	119	59
1	3	3	55	3134	2466	50.7969	0x5aab46e2	255	99	43
1	3	3	56	3134	2467	51.4375	0x5eadb697	255	93	55
1	3	3	57	3134	2468	52.2422	0x59af1617	255	77	67
1	3	3	58	3134	2469	52.75	0x5b6ebe37	255	76	63
1	3	3	59	3134	2470	53.5859	0x566c665f	255	98	51
1	3	3	60	3134	2471	54.3984	0x656dff11	255	116	55
1	3	3	61	3134	2472	54.9688	0x6d70276e	255	121	62
1	3	3	62	3135	2467	51.9922	0x5bec7eaa	255	97	50
1	3	3	63	3135	2468	52.6953	0x652f8eaf	255	91	63
1	3	3	64	3135	2469	53.2188	0x667006ae	255	102	64
1	3	3	65	3136	2468	52.9531	0x696eb757	255	116	60
1	4	4	0	3120	2470	52.0938	0x76b6d0f8	255	156	90
1	4	4	1	3120	2471	52.4062	0x73b57114	255	160	86
1	4	4	2	3121	2471	52.1562	0x76b6b8ed	255	153	89
1	4	4	3	3120	2472	52.7969	0x6f34114a	255	164	82
1	4	4	4	3121	2472	52.4531	0x757588e1	255	150	86
1	4	4	5	3121	2473	52.8516	0x6df1a0f7	255	148	71
1	4	4	6	3120	2473	53.2188	0x6cf3395a	255	167	78
1	4	4	7	3120	2474	53.6797	0x6ef2710c	255	157	71
1	4	4	8	3121	2474	53.4688	0x6cafb88a	255	139	62
1	4	4	9	3121	2475	54.0391	0x6c6f1014	255	130	59
1	4	4	10	3120	2475	54.1641	0x6c70d8f6	255	150	67
2	0	0	0	3136	2464	48	0x7e847000	255	128	137
2	0	0	1	3137	2464	48	0x7f822000	255	127	132
2	0	0	2	3137	2465	49.9844	0x41e4b84c	255	128	18
2	0	0	3	3136	2465	49.875	0x41a497dc	255	125	18
2	0	0	4	3136	2466	51.3438	0x53680795	255	123	33
2	0	0	5	3137	2466	51.3047	0x55e85020	255	130	33
2	0	0	6	3137	2467	52.1953	0x602b2f99	255	124	45
2	0	0	7	3136	2467	52.1641	0x62ec0799	255	119	47
2	0	0	8	3136	2468	52.9531	0x696eb757	255	116	60
2	0	0	9	3137	2468	53.0312	0x6beedfdc	255	124	61
2	0	0	10	3137	2469	53.4688	0x75734ff4	255	125	74
2	0	0	11	3136	2469	53.4609	0x72b27781	255	120	73
2	0	0	12	3136	2470	53.8906	0x73722ff4	255	125	69
2	0	0	13	3137	2470	53.8984	0x72f217d8	255	123	72
2	0	0	14	3137	2471	54.4375	0x6fb087d8	255	123	65
2	0	0	15	3136	2471	54.4219	0x703097f4	255	126	66
2	0	0	16	3136	2472	54.9922	0x6ef01ff4	255	126	64
2	0	0	17	3137	2472	55.0078	0x6ef02fd4	255	123	64
2	0	0	18	3137	2473	55.5781	0x6d2f8fac	255	121	62
2	0	0	19	3136	2473	55.5703	0x6ef01ff4	255	126	64
2	0	0	20	3136	2474	56.1406	0x6ef02fd4	255	124	63
2	0	0	21	3137	2474	56.2109	0x6caf7f91	255	116	61
2	0	0	22	3137	2475	56.7891	0x6c2faf5f	255	112	62
2	0	0	23	3136	2475	56.7109	0x6ef02fd4	255	123	64
2	0	0	24	3136	2476	57.2812	0x6d6f8fbc	255	121	62
2	0	0	25	3137	2476	57.4062	0x69aeef44	255	108	59
2	0	0	26	3137	2477	58.0625	0x676e5f32	255	106	58
2	0	0	27	3136	2477	57.9141	0x6c6f6f91	255	116	61
2	0	0	28	3136	2478	58.5	0x6b6f775b	255	112	62
2	0	0	29	3137	2478	58.7422	0x672ec70a	255	101	59
2	0	0	30	3137	2479	59.3594	0x68af1f15	255	102	60
2	0	0	31	3136	2479	59.1328	0x692ec748	255	108	59
2	0	0	32	3136	2480	59.7891	0x6a2f3f41	255	106	60
2	0	0	33	3137	2480	60	0x662e3715	255	103	57
2	0	0	34	3138	2464	48	0x7d862000	255	128	171
2	0	0	35	3138	2465	49.7266	0x4264c050	255	130	18
2	0	0	36	3138	2466	51.2812	0x4d668804	255	128	31
2	0	0	37	3138	2467	52.3672	0x5feb085b	255	131	44
2	0	0	38	3138	2468	53.0234	0x6f70683c	255	128	62
2	0	0	39	3138	2469	53.4844	0x73725fd0	255	122	73
2	0	0	40	3138	2470	53.9688	0x71718fa5	255	119	70
2	0	0	41	3138	2471	54.5	0x6f30879d	255	117	65
2	0	0	42	3138	2472	55.0781	0x6baf4776	255	114	61
2	0	0	43	3138	2473	55.7344	0x696edf44	255	107	59
2	0	0	44	3138	2474	56.3594	0x686ebf2e	255	108	60
2	0	0	45	3138	2475	57.0312	0x69aeaf5f	255	113	58
2	0	0	46	3138	2476	57.6562	0x68eeb744	255	113	59
2	0	0	47	3138	2477	58.3281	0x68ee3f76	255	120	56
2	0	0	48	3138	2478	59	0x6aaecf7e	255	121	58
2	0	0	49	3138	2479	59.6094	0x6b2ef781	255	121	59
2	0	0	50	3138	2480	60.2656	0x6baf0799	255	121	58
2	0	0	51	3139	2464	48	0x7e44b000	255	127	138
2	0	0	52	3139	2465	49.8281	0x4264a814	255	129	18
2	0	0	53	3139	2466	51.2969	0x52a8c0ed	255	135	35
2	0	0	54	3139	2467	52.0156	0x5f2c28fc	255	144	48
2	0	0	55	3139	2468	52.9141	0x606cb107	255	148	51
2	0	0	56	3139	2469	53.5625	0x6e6ff03c	255	133	64
2	0	0	57	3139	2470	54.0781	0x70b0e80c	255	128	67
2	0	0	58	3139	2471	54.6328	0x6daf8ff0	255	125	61
2	0	0	59	3139	2472	55.2812	0x6a6e6fac	255	123	57
2	0	0	60	3139	2473	55.9531	0x69ae27b0	255	123	57
2	0	0	61	3139	2474	56.6328	0x6e3007a8	255	123	64
2	0	0	62	3139	2475	57.1094	0x6eb01fbc	255	122	63
2	0	0	63	3139	2476	57.7812	0x6d2f4808	255	127	61
2	0	0	64	3139	2477	58.3359	0x6d2f6008	255	128	58
2	0	0	65	3139	2478	59	0x6beed82c	255	130	59
2	0	0	66	3139	2479	59.6094	0x6d2f8854	255	132	61
2	0	0	67	3139	2480	60.2031	0x69ee6873	255	138	57
2	0	0	68	3140	2464	48	0x7cc6f000	255	129	166
2	0	0	69	3140	2465	49.6875	0x49e6186b	255	134	24
2	0	0	70	3140	2466	50.7969	0x53e8d0d8	255	137	36
2	0	0	71	3140	2467	51.8516	0x5daba0f9	255	150	47
2	0	0	72	3140	2468	52.4844	0x5c6d2972	255	158	53
2	0	0	73	3140	2469	53.3672	0x62ad6107	255	153	54
2	0	0	74	3140	2470	53.9453	0x6ab008f3	255	148	64
2	0	0	75	3140	2471	54.5312	0x6a2ea87f	255	140	58
2	0	0	76	3140	2472	55.2422	0x686e1892	255	139	57
2	0	0	77	3140	2473	55.8906	0x69aec0ad	255	141	58
2	0	0	78	3140	2474	56.5312	0x68eef0d6	255	142	61
2	0	0	79	3140	2475	57.1641	0x6e3088a1	255	134	66
2	0	0	80	3140	2476	57.6406	0x6bf028d6	255	142	64
2	0	0	81	3140	2477	58.3125	0x676f0101	255	140	59
2	0	0	82	3140	2478	58.9141	0x6a306113	255	147	63
2	0	0	83	3140	2479	59.4453	0x68f08135	255	157	66
2	0	0	84	3140	2480	60.0391	0x65304974	255	162	64
2	0	0	85	3141	2464	48	0x7b881800	255	127	145
2	0	0	86	3141	2465	49.6172	0x4965d7f0	255	127	23
2	0	0	87	3141	2466	50.8594	0x5c6a185b	255	131	41
2	0	0	88	3141	2467	51.5078	0x686f20f3	255	146	58
2	0	0	89	3141	2468	52.1172	0x5eed0940	255	160	53
2	0	0	90	3141	2469	53.0234	0x5c6d9186	255	166	57
2	0	0	91	3141	2470	53.5859	0x5f6e7182	255	168	60
2	0	0	92	3141	2471	54.3828	0x5dee1187	255	164	60
2	0	0	93	3141	2472	54.9922	0x5fafb9b5	255	171	64
2	0	0	94	3141	2473	55.6094	0x5dafe9d5	255	175	66
2	0	0	95	3141	2474	56.2031	0x5cb041ee	255	179	68
2	0	0	96	3141	2475	56.7891	0x5b309a0a	255	181	70
2	0	0	97	3141	2476	57.3516	0x61b1c9e0	255	178	74
2	0	0	98	3141	2477	57.8125	0x5f3129ed	255	181	69
2	0	0	99	3141	2478	58.4375	0x5db079e9	255	183	70
2	0	0	100	3141	2479	58.9688	0x5f326a10	255	188	77
2	0	0	101	3141	2480	59.4062	0x5af15221	255	191	75
2	0	0	102	3142	2464	48	0x7d069800	255	127	166
2	0	0	103	3142	2465	49.7188	0x4da69ff8	255	127	27
2	0	0	104	3142	2466	50.6172	0x61abc886	255	134	45
2	0	0	105	3142	2467	51.3594	0x6cefa06f	255	138	63
2	0	0	106	3142	2468	51.8125	0x6cf010a1	255	140	66
2	0	0	107	3142	2469	52.5156	0x636ee151	255	160	60
2	0	0	108	3142	2470	53.1094	0x64b0317a	255	168	66
2	0	0	109	3142	2471	53.6797	0x5f7069d1	255	178	68
2	0	0	110	3142	2472	54.2656	0x5db0a1ef	255	182	71
2	0	0	111	3142	2473	54.8203	0x5bb0ea0f	255	187	72
2	0	0	112	3142	2474	55.3828	0x59f11a27	255	190	74
2	0	0	113	3142	2475	55.9219	0x56b09237	255	193	72
2	0	0	114	3142	2476	56.5469	0x536fda42	255	192	71
2	0	0	115	3142	2477	57.1719	0x5aefc9f2	255	183	67
2	0	0	116	3142	2478	57.7812	0x5cb1e21c	255	189	76
2	0	0	117	3142	2479	58.1953	0x5e72ca23	255	192	81
2	0	0	118	3142	2480	58.7188	0x5af011fe	255	186	70
2	0	0	119	3143	2464	48	0x7c07a000	255	127	144
2	0	0	120	3143	2465	49.6328	0x4ca6e0a1	255	131	26
2	0	0	121	3143	2466	50.5938	0x626ba014	255	129	46
2	0	0	122	3143	2467	51.2891	0x6d6f8848	255	133	63
2	0	0	123	3143	2468	51.7969	0x71717058	255	134	69
2	0	0	124	3143	2469	52.3125	0x70b208b8	255	142	68
2	0	0	125	3143	2470	52.7734	0x6ef198dd	255	148	70
2	0	0	126	3143	2471	53.3281	0x6cb108fa	255	152	68
2	0	0	127	3143	2472	53.8438	0x6c71911d	255	156	70
2	0	0	128	3143	2473	54.3516	0x6bf1a92e	255	156	70
2	0	0	129	3143	2474	54.8594	0x6ab19946	255	158	71
2	0	0	130	3143	2475	55.375	0x6a319953	255	159	70
2	0	0	131	3143	2476	55.8828	0x61ef317c	255	160	62
2	0	0	132	3143	2477	56.6484	0x5faf69a8	255	171	65
2	0	0	133	3143	2478	57.1406	0x6371e9cb	255	179	75
2	0	0	134	3143	2479	57.6562	0x647149aa	255	172	71
2	0	0	135	3143	2480	58.2031	0x652f7951	255	160	63
2	0	0	136	3144	2464	48	0x784ab800	255	129	165
2	0	0	137	3144	2465	49.3984	0x4da6d06b	255	131	26
2	0	0	138	3144	2466	50.5781	0x5eaa7808	255	129	45
2	0	0	139	3144	2467	51.2188	0x70f1002c	255	131	68
2	0	0	140	3144	2468	51.6406	0x72f2887b	255	138	75
2	0	0	141	3144	2469	52.1484	0x703178a1	255	145	70
2	0	0	142	3144	2470	52.6641	0x70b1788a	255	143	70
2	0	0	143	3144	2471	53.1719	0x7071909e	255	145	70
2	0	0	144	3144	2472	53.6797	0x703178a1	255	145	69
2	0	0	145	3144	2473	54.1953	0x7031789e	255	145	69
2	0	0	146	3144	2474	54.7031	0x7071909e	255	145	70
2	0	0	147	3144	2475	55.2109	0x703178a1	255	145	70
2	0	0	148	3144	2476	55.7266	0x7031789e	255	147	67
2	0	0	149	3144	2477	56.2344	0x6cb19116	255	155	70
2	0	0	150	3144	2478	56.75	0x6cf1890f	255	155	70
2	0	0	151	3144	2479	57.2578	0x676f290f	255	153	61
2	0	0	152	3144	2480	58.0078	0x636c88a9	255	140	49
2	0	0	153	3145	2464	48	0x7989f800	255	127	149
2	0	0	154	3145	2465	49.4219	0x4ce6f75c	255	125	26
2	0	0	155	3145	2466	50.5781	0x5f2ac048	255	131	44
2	0	0	156	3145	2467	51.2031	0x7271f85b	255	134	70
2	0	0	157	3145	2468	51.5547	0x76b44850	255	136	81
2	0	0	158	3145	2469	51.9922	0x7272608a	255	141	74
2	0	0	159	3145	2470	52.5	0x703178a1	255	145	70
2	0	0	160	3145	2471	53.0156	0x7031789e	255	145	70
2	0	0	161	3145	2472	53.5234	0x7031789e	255	145	69
2	0	0	162	3145	2473	54.0391	0x703178a1	255	145	69
2	0	0	163	3145	2474	54.5469	0x7071909e	255	145	70
2	0	0	164	3145	2475	55.0547	0x7031789e	255	145	70
2	0	0	165	3145	2476	55.5703	0x703178a1	255	145	70
2	0	0	166	3145	2477	56.0781	0x7071909e	255	145	70
2	0	0	167	3145	2478	56.5859	0x703178a1	255	145	70
2	0	0	168	3145	2479	57.1016	0x6baec01c	255	133	56
2	0	0	169	3145	2480	57.8672	0x5d2a3848	255	131	41
2	0	0	170	3146	2464	48	0x7e053000	255	126	172
2	0	0	171	3146	2465	49.7266	0x50676791	255	123	30
2	0	0	172	3146	2466	50.4375	0x6aee781c	255	128	54
2	0	0	173	3146	2467	51.0391	0x70f13050	255	131	68
2	0	0	174	3146	2468	51.4844	0x75b3b044	255	135	80
2	0	0	175	3146	2469	51.875	0x74b3606f	255	140	77
2	0	0	176	3146	2470	52.3438	0x7131e89e	255	143	72
2	0	0	177	3146	2471	52.8594	0x703178a1	255	145	70
2	0	0	178	3146	2472	53.3672	0x7071909e	255	145	70
2	0	0	179	3146	2473	53.875	0x703178a1	255	145	70
2	0	0	180	3146	2474	54.3906	0x703178a1	255	145	70
2	0	0	181	3146	2475	54.8984	0x7071909e	255	145	70
2	0	0	182	3146	2476	55.4062	0x703178a1	255	145	69
2	0	0	183	3146	2477	55.9219	0x7031789e	255	145	69
2	0	0	184	3146	2478	56.4297	0x6baec00c	255	129	58
2	0	0	185	3146	2479	57.2031	0x66ed6789	255	115	53
2	0	0	186	3146	2480	57.8672	0x5e6b4f41	255	118	41
2	0	0	187	3147	2464	48	0x7d067800	255	127	142
2	0	0	188	3147	2465	49.6406	0x4f66f004	255	126	28
2	0	0	189	3147	2466	50.5234	0x686da7cc	255	123	55
2	0	0	190	3147	2467	51.0469	0x74b2e810	255	128	74
2	0	0	191	3147	2468	51.4219	0x77f5183c	255	134	84
2	0	0	192	3147	2469	51.7734	0x76f4905f	255	138	82
2	0	0	193	3147	2470	52.1875	0x72f2a08a	255	143	74
2	0	0	194	3147	2471	52.6953	0x703178a1	255	144	70
2	0	0	195	3147	2472	53.2109	0x7031789e	255	145	69
2	0	0	196	3147	2473	53.7188	0x7071909e	255	145	70
2	0	0	197	3147	2474	54.2266	0x703178a1	255	145	70
2	0	0	198	3147	2475	54.7422	0x7031789e	255	145	70
2	0	0	199	3147	2476	55.25	0x7031789e	255	145	69
2	0	0	200	3147	2477	55.7656	0x6aee7ffc	255	128	58
2	0	0	201	3147	2478	56.5625	0x632c5f6e	255	113	49
2	0	0	202	3147	2479	57.3359	0x5babc6d1	255	102	47
2	0	0	203	3147	2480	58.25	0x3ee91607	255	83	35
2	0	0	204	3148	2464	48	0x7d466000	255	123	126
2	0	0	205	3148	2465	49.7188	0x4f26efdc	255	125	29
2	0	0	206	3148	2466	50.5391	0x6b6eb7d0	255	125	59
2	0	0	207	3148	2467	51.0078	0x7633c830	255	132	79
2	0	0	208	3148	2468	51.3672	0x78f5b834	255	134	86
2	0	0	209	3148	2469	51.6875	0x7835685f	255	138	85
2	0	0	210	3148	2470	52.0703	0x74f38073	255	141	78
2	0	0	211	3148	2471	52.5391	0x7131e89e	255	145	71
2	0	0	212	3148	2472	53.0547	0x703178a1	255	145	69
2	0	0	213	3148	2473	53.5625	0x7071909e	255	145	70
2	0	0	214	3148	2474	54.0703	0x7031789e	255	145	70
2	0	0	215	3148	2475	54.5859	0x703178a1	255	145	70
2	0	0	216	3148	2476	55.0938	0x6a2e37f4	255	128	57
2	0	0	217	3148	2477	55.9297	0x616bff54	255	110	47
2	0	0	218	3148	2478	56.7188	0x526ab680	255	98	43
2	0	0	219	3148	2479	57.8359	0x3c6995df	255	76	37
2	0	0	220	3148	2480	59.1328	0x30a93da4	255	73	36
2	0	0	221	3149	2464	48	0x78ca8000	255	127	151
2	0	0	222	3149	2465	49.7109	0x4d66a03c	255	129	26
2	0	0	223	3149	2466	50.6172	0x6caf202c	255	129	65
2	0	0	224	3149	2467	50.9531	0x78b56828	255	132	82
2	0	0	225	3149	2468	51.3203	0x79b6583c	255	134	89
2	0	0	226	3149	2469	51.5859	0x79364063	255	138	89
2	0	0	227	3149	2470	51.9609	0x75f4307f	255	142	80
2	0	0	228	3149	2471	52.3828	0x7272909e	255	144	74
2	0	0	229	3149	2472	52.8906	0x703178a1	255	145	70
2	0	0	230	3149	2473	53.4062	0x703178a1	255	145	70
2	0	0	231	3149	2474	53.9141	0x7071909e	255	145	70
2	0	0	232	3149	2475	54.4219	0x69ee0ff8	255	128	57
2	0	0	233	3149	2476	55.2734	0x5fab8f4c	255	110	46
2	0	0	234	3149	2477	56.1094	0x4e298e8a	255	97	40
2	0	0	235	3149	2478	57.4062	0x34e93dbc	255	71	35
2	0	0	236	3149	2479	58.7734	0x34294db4	255	71	38
2	0	0	237	3150	2464	48	0x6d10b800	255	121	144
2	0	0	238	3150	2465	49.6016	0x50e73814	255	128	29
2	0	0	239	3150	2466	50.4531	0x6a2e5857	255	132	62
2	0	0	240	3150	2467	50.9297	0x76b42828	255	131	81
2	0	0	241	3150	2468	51.25	0x7af75840	255	134	92
2	0	0	242	3150	2469	51.4922	0x7ab74054	255	137	93
2	0	0	243	3150	2470	51.8203	0x7735007b	255	140	84
2	0	0	244	3150	2471	52.2266	0x7332b886	255	142	75
2	0	0	245	3150	2472	52.7344	0x7071909e	255	144	70
2	0	0	246	3150	2473	53.2422	0x703178a1	255	145	70
2	0	0	247	3150	2474	53.7578	0x69ae081c	255	129	56
2	0	0	248	3150	2475	54.6016	0x602b6f72	255	114	45
2	0	0	249	3150	2476	55.4531	0x4d698682	255	99	39
2	0	0	250	3150	2479	59.5312	0x49ea2637	255	86	40
2	0	0	251	3150	2480	60.4609	0x5e6caecd	255	103	51
2	0	0	252	3149	2480	60.0703	0x41a9fdf5	255	79	39
2	0	0	253	3151	2464	48	0x5f954000	255	127	184
2	0	0	254	3151	2465	49.6719	0x50e747e4	255	127	30
2	0	0	255	3151	2466	50.4453	0x6daf880c	255	128	63
2	0	0	256	3151	2467	50.875	0x77b4c828	255	131	82
2	0	0	257	3151	2468	51.1953	0x7b379038	255	134	94
2	0	0	258	3151	2469	51.4219	0x7bb7e838	255	134	94
2	0	0	259	3151	2470	51.7188	0x78758048	255	135	86
2	0	0	260	3151	2471	52.1172	0x75336048	255	136	78
2	0	0	261	3151	2472	52.5781	0x71f21883	255	141	72
2	0	0	262	3151	2473	53.0859	0x6baec024	255	130	58
2	0	0	263	3151	2474	53.8594	0x636befc8	255	123	47
2	0	0	264	3151	2475	54.7031	0x51a86f1d	255	112	38
2	0	0	265	3151	2476	56.1172	0x36e79614	255	86	26
2	0	0	266	3150	2478	58.3672	0x3368f5be	255	76	35
2	0	0	267	3151	2478	59.0547	0x4ca9ce69	255	94	38
2	0	0	268	3151	2479	59.8438	0x5bac06c4	255	104	46
2	0	0	269	3151	2480	60.7109	0x696e6776	255	118	59
2	0	0	270	3152	2464	48	0x5497f800	255	123	163
2	0	0	271	3152	2465	49.6562	0x51675010	255	128	31
2	0	0	272	3152	2466	50.4297	0x6daf9fe4	255	127	64
2	0	0	273	3152	2467	50.8516	0x78754810	255	129	85
2	0	0	274	3152	2468	51.1406	0x7b77c834	255	132	95
2	0	0	275	3152	2469	51.3828	0x7b77b030	255	133	94
2	0	0	276	3152	2470	51.6797	0x78b5682c	255	132	85
2	0	0	277	3152	2471	52.0859	0x76f4281c	255	130	80
2	0	0	278	3152	2472	52.4766	0x7030c030	255	128	69
2	0	0	279	3152	2473	53.1719	0x68adcfb4	255	119	54
2	0	0	280	3152	2474	53.8672	0x5c2a1f89	255	117	44
2	0	0	281	3152	2475	55.0625	0x3fe74e70	255	95	26
2	0	0	282	3152	2476	56.6875	0x36a6ee35	255	94	23
2	0	0	283	3151	2477	57.7344	0x336865d6	255	86	29
2	0	0	284	3152	2477	58.2734	0x43e7ee74	255	94	30
2	0	0	285	3152	2478	59.2812	0x59aa173a	255	104	41
2	0	0	286	3152	2479	60.1953	0x636d6f07	255	103	55
2	0	0	287	3152	2480	60.7344	0x6ef047ac	255	116	63
2	1	1	0	3136	2464	48	0x7e847000	255	128	137
2	1	1	1	3137	2464	48	0x7f822000	255	127	132
2	1	1	2	3137	2465	49.9844	0x41e4b84c	255	128	18
2	1	1	3	3136	2465	49.875	0x41a497dc	255	125	18
2	1	1	4	3136	2466	51.3438	0x53680795	255	123	33
2	1	1	5	3137	2466	51.3047	0x55e85020	255	130	33
2	1	1	6	3137	2467	52.1953	0x602b2f99	255	124	45
2	1	1	7	3136	2467	52.1641	0x62ec0799	255	119	47
2	1	1	8	3136	2468	52.9531	0x696eb757	255	116	60
2	1	1	9	3137	2468	53.0312	0x6beedfdc	255	124	61
2	1	1	10	3137	2469	53.4688	0x75734ff4	255	125	74
2	1	1	11	3136	2469	53.4609	0x72b27781	255	120	73
2	1	1	12	3136	2470	53.8906	0x73722ff4	255	125	69
2	1	1	13	3137	2470	53.8984	0x72f217d8	255	123	72
2	1	1	14	3137	2471	54.4375	0x6fb087d8	255	123	65
2	1	1	15	3136	2471	54.4219	0x703097f4	255	126	66
2	1	1	16	3136	2472	54.9922	0x6ef01ff4	255	126	64
2	1	1	17	3137	2472	55.0078	0x6ef02fd4	255	123	64
2	1	1	18	3137	2473	55.5781	0x6d2f8fac	255	121	62
2	1	1	19	3136	2473	55.5703	0x6ef01ff4	255	126	64
2	1	1	20	3136	2474	56.1406	0x6ef02fd4	255	124	63
2	1	1	21	3137	2474	56.2109	0x6caf7f91	255	116	61
2	1	1	22	3137	2475	56.7891	0x6c2faf5f	255	112	62
2	1	1	23	3136	2475	56.7109	0x6ef02fd4	255	123	64
2	1	1	24	3136	2476	57.2812	0x6d6f8fbc	255	121	62
2	1	1	25	3137	2476	57.4062	0x69aeef44	255	108	59
2	1	1	26	3137	2477	58.0625	0x676e5f32	255	106	58
2	1	1	27	3136	2477	57.9141	0x6c6f6f91	255	116	61
2	1	1	28	3136	2478	58.5	0x6b6f775b	255	112	62
2	1	1	29	3137	2478	58.7422	0x672ec70a	255	101	59
2	1	1	30	3137	2479	59.3594	0x68af1f15	255	102	60
2	1	1	31	3136	2479	59.1328	0x692ec748	255	108	59
2	1	1	32	3136	2480	59.7891	0x6a2f3f41	255	106	60
2	1	1	33	3137	2480	60	0x662e3715	255	103	57
2	1	1	34	3138	2464	48	0x7d862000	255	128	171
2	1	1	35	3138	2465	49.7266	0x4264c050	255	130	18
2	1	1	36	3138	2466	51.2812	0x4d668804	255	128	31
2	1	1	37	3138	2467	52.3672	0x5feb085b	255	131	44
2	1	1	38	3138	2468	53.0234	0x6f70683c	255	128	62
2	1	1	39	3138	2469	53.4844	0x73725fd0	255	122	73
2	1	1	40	3138	2470	53.9688	0x71718fa5	255	119	70
2	1	1	41	3138	2471	54.5	0x6f30879d	255	117	65
2	1	1	42	3138	2472	55.0781	0x6baf4776	255	114	61
2	1	1	43	3138	2473	55.7344	0x696edf44	255	107	59
2	1	1	44	3138	2474	56.3594	0x686ebf2e	255	108	60
2	1	1	45	3138	2475	57.0312	0x69aeaf5f	255	113	58
2	1	1	46	3138	2476	57.6562	0x68eeb744	255	113	59
2	1	1	47	3138	2477	58.3281	0x68ee3f76	255	120	56
2	1	1	48	3138	2478	59	0x6aaecf7e	255	121	58
2	1	1	49	3138	2479	59.6094	0x6b2ef781	255	121	59
2	1	1	50	3138	2480	60.2656	0x6baf0799	255	121	58
2	1	1	51	3139	2464	48	0x7e44b000	255	127	138
2	1	1	52	3139	2465	49.8281	0x4264a814	255	129	18
2	1	1	53	3139	2466	51.2969	0x52a8c0ed	255	135	35
2	1	1	54	3139	2467	52.0156	0x5f2c28fc	255	144	48
2	1	1	55	3139	2468	52.9141	0x606cb107	255	148	51
2	1	1	56	3139	2469	53.5625	0x6e6ff03c	255	133	64
2	1	1	57	3139	2470	54.0781	0x70b0e80c	255	128	67
2	1	1	58	3139	2471	54.6328	0x6daf8ff0	255	125	61
2	1	1	59	3139	2472	55.2812	0x6a6e6fac	255	123	57
2	1	1	60	3139	2473	55.9531	0x69ae27b0	255	123	57
2	1	1	61	3139	2474	56.6328	0x6e3007a8	255	123	64
2	1	1	62	3139	2475	57.1094	0x6eb01fbc	255	122	63
2	1	1	63	3139	2476	57.7812	0x6d2f4808	255	127	61
2	1	1	64	3139	2477	58.3359	0x6d2f6008	255	128	58
2	1	1	65	3139	2478	59	0x6beed82c	255	130	59
2	1	1	66	3139	2479	59.6094	0x6d2f8854	255	132	61
2	1	1	67	3139	2480	60.2031	0x69ee6873	255	138	57
2	1	1	68	3140	2464	48	0x7cc6f000	255	129	166
2	1	1	69	3140	2465	49.6875	0x49e6186b	255	134	24
2	1	1	70	3140	2466	50.7969	0x53e8d0d8	255	137	36
2	1	1	71	3140	2467	51.8516	0x5daba0f9	255	150	47
2	1	1	72	3140	2468	52.4844	0x5c6d2972	255	158	53
2	1	1	73	3140	2469	53.3672	0x62ad6107	255	153	54
2	1	1	74	3140	2470	53.9453	0x6ab008f3	255	148	64
2	1	1	75	3140	2471	54.5312	0x6a2ea87f	255	140	58
2	1	1	76	3140	2472	55.2422	0x686e1892	255	139	57
2	1	1	77	3140	2473	55.8906	0x69aec0ad	255	141	58
2	1	1	78	3140	2474	56.5312	0x68eef0d6	255	142	61
2	1	1	79	3140	2475	57.1641	0x6e3088a1	255	134	66
2	1	1	80	3140	2476	57.6406	0x6bf028d6	255	142	64
2	1	1	81	3140	2477	58.3125	0x676f0101	255	140	59
2	1	1	82	3140	2478	58.9141	0x6a306113	255	147	63
2	1	1	83	3140	2479	59.4453	0x68f08135	255	157	66
2	1	1	84	3140	2480	60.0391	0x65304974	255	162	64
2	1	1	85	3141	2464	48	0x7b881800	255	127	145
2	1	1	86	3141	2465	49.6172	0x4965d7f0	255	127	23
2	1	1	87	3141	2466	50.8594	0x5c6a185b	255	131	41
2	1	1	88	3141	2467	51.5078	0x686f20f3	255	146	58
2	1	1	89	3141	2468	52.1172	0x5eed0940	255	160	53
2	1	1	90	3141	2469	53.0234	0x5c6d9186	255	166	57
2	1	1	91	3141	2470	53.5859	0x5f6e7182	255	168	60
2	1	1	92	3141	2471	54.3828	0x5dee1187	255	164	60
2	1	1	93	3141	2472	54.9922	0x5fafb9b5	255	171	64
2	1	1	94	3141	2473	55.6094	0x5dafe9d5	255	175	66
2	1	1	95	3141	2474	56.2031	0x5cb041ee	255	179	68
2	1	1	96	3141	2475	56.7891	0x5b309a0a	255	181	70
2	1	1	97	3141	2476	57.3516	0x61b1c9e0	255	178	74
2	1	1	98	3141	2477	57.8125	0x5f3129ed	255	181	69
2	1	1	99	3141	2478	58.4375	0x5db079e9	255	183	70
2	1	1	100	3141	2479	58.9688	0x5f326a10	255	188	77
2	1	1	101	3141	2480	59.4062	0x5af15221	255	191	75
2	1	1	102	3142	2464	48	0x7d069800	255	127	166
2	1	1	103	3142	2465	49.7188	0x4da69ff8	255	127	27
2	1	1	104	3142	2466	50.6172	0x61abc886	255	134	45
2	1	1	105	3142	2467	51.3594	0x6cefa06f	255	138	63
2	1	1	106	3142	2468	51.8125	0x6cf010a1	255	140	66
2	1	1	107	3142	2469	52.5156	0x636ee151	255	160	60
2	1	1	108	3142	2470	53.1094	0x64b0317a	255	168	66
2	1	1	109	3142	2471	53.6797	0x5f7069d1	255	178	68
2	1	1	110	3142	2472	54.2656	0x5db0a1ef	255	182	71
2	1	1	111	3142	2473	54.8203	0x5bb0ea0f	255	187	72
2	1	1	112	3142	2474	55.3828	0x59f11a27	255	190	74
2	1	1	113	3142	2475	55.9219	0x56b09237	255	193	72
2	1	1	114	3142	2476	56.5469	0x536fda42	255	192	71
2	1	1	115	3142	2477	57.1719	0x5aefc9f2	255	183	67
2	1	1	116	3142	2478	57.7812	0x5cb1e21c	255	189	76
2	1	1	117	3142	2479	58.1953	0x5e72ca23	255	192	81
2	1	1	118	3142	2480	58.7188	0x5af011fe	255	186	70
2	1	1	119	3143	2464	48	0x7c07a000	255	127	144
2	1	1	120	3143	2465	49.6328	0x4ca6e0a1	255	131	26
2	1	1	121	3143	2466	50.5938	0x626ba014	255	129	46
2	1	1	122	3143	2467	51.2891	0x6d6f8848	255	133	63
2	1	1	123	3143	2468	51.7969	0x71717058	255	134	69
2	1	1	124	3143	2469	52.3125	0x70b208b8	255	142	68
2	1	1	125	3143	2470	52.7734	0x6ef198dd	255	148	70
2	1	1	126	3143	2471	53.3281	0x6cb108fa	255	152	68
2	1	1	127	3143	2472	53.8438	0x6c71911d	255	156	70
2	1	1	128	3143	2473	54.3516	0x6bf1a92e	255	156	70
2	1	1	129	3143	2474	54.8594	0x6ab19946	255	158	71
2	1	1	130	3143	2475	55.375	0x6a319953	255	159	70
2	1	1	131	3143	2476	55.8828	0x61ef317c	255	160	62
2	1	1	132	3143	2477	56.6484	0x5faf69a8	255	171	65
2	1	1	133	3143	2478	57.1406	0x6371e9cb	255	179	75
2	1	1	134	3143	2479	57.6562	0x647149aa	255	172	71
2	1	1	135	3143	2480	58.2031	0x652f7951	255	160	63
2	1	1	136	3144	2464	48	0x784ab800	255	129	165
2	1	1	137	3144	2465	49.3984	0x4da6d06b	255	131	26
2	1	1	138	3144	2466	50.5781	0x5eaa7808	255	129	45
2	1	1	139	3144	2467	51.2188	0x70f1002c	255	131	68
2	1	1	140	3144	2468	51.6406	0x72f2887b	255	138	75
2	1	1	141	3144	2469	52.1484	0x703178a1	255	145	70
2	1	1	142	3144	2470	52.6641	0x70b1788a	255	143	70
2	1	1	143	3144	2471	53.1719	0x7071909e	255	145	70
2	1	1	144	3144	2472	53.6797	0x703178a1	255	145	69
2	1	1	145	3144	2473	54.1953	0x7031789e	255	145	69
2	1	1	146	3144	2474	54.7031	0x7071909e	255	145	70
2	1	1	147	3144	2475	55.2109	0x703178a1	255	145	70
2	1	1	148	3144	2476	55.7266	0x7031789e	255	147	67
2	1	1	149	3144	2477	56.2344	0x6cb19116	255	155	70
2	1	1	150	3144	2478	56.75	0x6cf1890f	255	155	70
2	1	1	151	3144	2479	57.2578	0x676f290f	255	153	61
2	1	1	152	3144	2480	58.0078	0x636c88a9	255	140	49
2	1	1	153	3145	2464	48	0x7989f800	255	127	149
2	1	1	154	3145	2465	49.4219	0x4ce6f75c	255	125	26
2	1	1	155	3145	2466	50.5781	0x5f2ac048	255	131	44
2	1	1	156	3145	2467	51.2031	0x7271f85b	255	134	70
2	1	1	157	3145	2468	51.5547	0x76b44850	255	136	81
2	1	1	158	3145	2469	51.9922	0x7272608a	255	141	74
2	1	1	159	3145	2470	52.5	0x703178a1	255	145	70
2	1	1	160	3145	2471	53.0156	0x7031789e	255	145	70
2	1	1	161	3145	2472	53.5234	0x7031789e	255	145	69
2	1	1	162	3145	2473	54.0391	0x703178a1	255	145	69
2	1	1	163	3145	2474	54.5469	0x7071909e	255	145	70
2	1	1	164	3145	2475	55.0547	0x7031789e	255	145	70
2	1	1	165	3145	2476	55.5703	0x703178a1	255	145	70
2	1	1	166	3145	2477	56.0781	0x7071909e	255	145	70
2	1	1	167	3145	2478	56.5859	0x703178a1	255	145	70
2	1	1	168	3145	2479	57.1016	0x6baec01c	255	133	56
2	1	1	169	3145	2480	57.8672	0x5d2a3848	255	131	41
2	1	1	170	3146	2464	48	0x7e053000	255	126	172
2	1	1	171	3146	2465	49.7266	0x50676791	255	123	30
2	1	1	172	3146	2466	50.4375	0x6aee781c	255	128	54
2	1	1	173	3146	2467	51.0391	0x70f13050	255	131	68
2	1	1	174	3146	2468	51.4844	0x75b3b044	255	135	80
2	1	1	175	3146	2469	51.875	0x74b3606f	255	140	77
2	1	1	176	3146	2470	52.3438	0x7131e89e	255	143	72
2	1	1	177	3146	2471	52.8594	0x703178a1	255	145	70
2	1	1	178	3146	2472	53.3672	0x7071909e	255	145	70
2	1	1	179	3146	2473	53.875	0x703178a1	255	145	70
2	1	1	180	3146	2474	54.3906	0x703178a1	255	145	70
2	1	1	181	3146	2475	54.8984	0x7071909e	255	145	70
2	1	1	182	3146	2476	55.4062	0x703178a1	255	145	69
2	1	1	183	3146	2477	55.9219	0x7031789e	255	145	69
2	1	1	184	3146	2478	56.4297	0x6baec00c	255	129	58
2	1	1	185	3146	2479	57.2031	0x66ed6789	255	115	53
2	1	1	186	3146	2480	57.8672	0x5e6b4f41	255	118	41
2	1	1	187	3147	2464	48	0x7d067800	255	127	142
2	1	1	188	3147	2465	49.6406	0x4f66f004	255	126	28
2	1	1	189	3147	2466	50.5234	0x686da7cc	255	123	55
2	1	1	190	3147	2467	51.0469	0x74b2e810	255	128	74
2	1	1	191	3147	2468	51.4219	0x77f5183c	255	134	84
2	1	1	192	3147	2469	51.7734	0x76f4905f	255	138	82
2	1	1	193	3147	2470	52.1875	0x72f2a08a	255	143	74
2	1	1	194	3147	2471	52.6953	0x703178a1	255	144	70
2	1	1	195	3147	2472	53.2109	0x7031789e	255	145	69
2	1	1	196	3147	2473	53.7188	0x7071909e	255	145	70
2	1	1	197	3147	2474	54.2266	0x703178a1	255	145	70
2	1	1	198	3147	2475	54.7422	0x7031789e	255	145	70
2	1	1	199	3147	2476	55.25	0x7031789e	255	145	69
2	1	1	200	3147	2477	55.7656	0x6aee7ffc	255	128	58
2	1	1	201	3147	2478	56.5625	0x632c5f6e	255	113	49
2	1	1	202	3147	2479	57.3359	0x5babc6d1	255	102	47
2	1	1	203	3147	2480	58.25	0x3ee91607	255	83	35
2	1	1	204	3148	2464	48	0x7d466000	255	123	126
2	1	1	205	3148	2465	49.7188	0x4f26efdc	255	125	29
2	1	1	206	3148	2466	50.5391	0x6b6eb7d0	255	125	59
2	1	1	207	3148	2467	51.0078	0x7633c830	255	132	79
2	1	1	208	3148	2468	51.3672	0x78f5b834	255	134	86
2	1	1	209	3148	2469	51.6875	0x7835685f	255	138	85
2	1	1	210	3148	2470	52.0703	0x74f38073	255	141	78
2	1	1	211	3148	2471	52.5391	0x7131e89e	255	145	71
2	1	1	212	3148	2472	53.0547	0x703178a1	255	145	69
2	1	1	213	3148	2473	53.5625	0x7071909e	255	145	70
2	1	1	214	3148	2474	54.0703	0x7031789e	255	145	70
2	1	1	215	3148	2475	54.5859	0x703178a1	255	145	70
2	1	1	216	3148	2476	55.0938	0x6a2e37f4	255	128	57
2	1	1	217	3148	2477	55.9297	0x616bff54	255	110	47
2	1	1	218	3148	2478	56.7188	0x526ab680	255	98	43
2	1	1	219	3148	2479	57.8359	0x3c6995df	255	76	37
2	1	1	220	3148	2480	59.1328	0x30a93da4	255	73	36
2	1	1	221	3149	2464	48	0x78ca8000	255	127	151
2	1	1	222	3149	2465	49.7109	0x4d66a03c	255	129	26
2	1	1	223	3149	2466	50.6172	0x6caf202c	255	129	65
2	1	1	224	3149	2467	50.9531	0x78b56828	255	132	82
2	1	1	225	3149	2469	51.5859	0x79364063	255	138	89
2	1	1	226	3149	2470	51.9609	0x75f4307f	255	142	80
2	1	1	227	3149	2471	52.3828	0x7272909e	255	144	74
2	1	1	228	3149	2472	52.8906	0x703178a1	255	145	70
2	1	1	229	3149	2473	53.4062	0x703178a1	255	145	70
2	1	1	230	3149	2474	53.9141	0x7071909e	255	145	70
2	1	1	231	3149	2475	54.4219	0x69ee0ff8	255	128	57
2	1	1	232	3149	2476	55.2734	0x5fab8f4c	255	110	46
2	1	1	233	3149	2477	56.1094	0x4e298e8a	255	97	40
2	1	1	234	3149	2478	57.4062	0x34e93dbc	255	71	35
2	1	1	235	3149	2479	58.7734	0x34294db4	255	71	38
2	1	1	236	3149	2480	60.0703	0x41a9fdf5	255	79	39
2	1	1	237	3150	2464	48	0x6d10b800	255	121	144
2	1	1	238	3150	2465	49.6016	0x50e73814	255	128	29
2	1	1	239	3150	2466	50.4531	0x6a2e5857	255	132	62
2	1	1	240	3150	2467	50.9297	0x76b42828	255	131	81
2	1	1	241	3150	2470	51.8203	0x7735007b	255	140	84
2	1	1	242	3150	2471	52.2266	0x7332b886	255	142	75
2	1	1	243	3150	2472	52.7344	0x7071909e	255	144	70
2	1	1	244	3150	2473	53.2422	0x703178a1	255	145	70
2	1	1	245	3150	2474	53.7578	0x69ae081c	255	129	56
2	1	1	246	3150	2475	54.6016	0x602b6f72	255	114	45
2	1	1	247	3150	2476	55.4531	0x4d698682	255	99	39
2	1	1	248	3150	2477	56.75	0x31e8a5c4	255	75	31
2	1	1	249	3150	2478	58.3672	0x3368f5be	255	76	35
2	1	1	250	3150	2479	59.5312	0x49ea2637	255	86	40
2	1	1	251	3150	2480	60.4609	0x5e6caecd	255	103	51
2	1	1	252	3151	2464	48	0x5f954000	255	127	184
2	1	1	253	3151	2465	49.6719	0x50e747e4	255	127	30
2	1	1	254	3151	2466	50.4453	0x6daf880c	255	128	63
2	1	1	255	3151	2467	50.875	0x77b4c828	255	131	82
2	1	1	256	3151	2470	51.7188	0x78758048	255	135	86
2	1	1	257	3151	2471	52.1172	0x75336048	255	136	78
2	1	1	258	3151	2472	52.5781	0x71f21883	255	141	72
2	1	1	259	3151	2473	53.0859	0x6baec024	255	130	58
2	1	1	260	3151	2474	53.8594	0x636befc8	255	123	47
2	1	1	261	3151	2475	54.7031	0x51a86f1d	255	112	38
2	1	1	262	3151	2476	56.1172	0x36e79614	255	86	26
2	1	1	263	3151	2477	57.7344	0x336865d6	255	86	29
2	1	1	264	3151	2478	59.0547	0x4ca9ce69	255	94	38
2	1	1	265	3151	2479	59.8438	0x5bac06c4	255	104	46
2	1	1	266	3151	2480	60.7109	0x696e6776	255	118	59
2	1	1	267	3152	2464	48	0x5497f800	255	123	163
2	1	1	268	3152	2465	49.6562	0x51675010	255	128	31
2	1	1	269	3152	2466	50.4297	0x6daf9fe4	255	127	64
2	1	1	270	3152	2467	50.8516	0x78754810	255	129	85
2	1	1	271	3152	2470	51.6797	0x78b5682c	255	132	85
2	1	1	272	3152	2471	52.0859	0x76f4281c	255	130	80
2	1	1	273	3152	2472	52.4766	0x7030c030	255	128	69
2	1	1	274	3152	2473	53.1719	0x68adcfb4	255	119	54
2	1	1	275	3152	2474	53.8672	0x5c2a1f89	255	117	44
2	1	1	276	3152	2475	55.0625	0x3fe74e70	255	95	26
2	1	1	277	3152	2476	56.6875	0x36a6ee35	255	94	23
2	1	1	278	3152	2477	58.2734	0x43e7ee74	255	94	30
2	1	1	279	3152	2478	59.2812	0x59aa173a	255	104	41
2	1	1	280	3152	2479	60.1953	0x636d6f07	255	103	55
2	1	1	281	3152	2480	60.7344	0x6ef047ac	255	116	63
2	2	2	0	3150	2464	48	0x6d10b800	255	121	144
2	2	2	1	3151	2464	48	0x5f954000	255	127	184
2	2	2	2	3151	2465	49.6719	0x50e747e4	255	127	30
2	2	2	3	3152	2464	48	0x5497f800	255	123	163
2	3	3	0	3147	2479	57.3359	0x5babc6d1	255	102	47
2	3	3	1	3146	2480	57.8672	0x5e6b4f41	255	118	41
2	3	3	2	3147	2480	58.25	0x3ee91607	255	83	35
2	3	3	3	3148	2478	56.7188	0x526ab680	255	98	43
2	3	3	4	3148	2479	57.8359	0x3c6995df	255	76	37
2	3	3	5	3148	2480	59.1328	0x30a93da4	255	73	36
2	3	3	6	3149	2477	56.1094	0x4e298e8a	255	97	40
2	3	3	7	3149	2478	57.4062	0x34e93dbc	255	71	35
2	3	3	8	3149	2479	58.7734	0x34294db4	255	71	38
2	3	3	9	3149	2480	60.0703	0x41a9fdf5	255	79	39
2	3	3	10	3150	2476	55.4531	0x4d698682	255	99	39
2	3	3	11	3150	2477	56.75	0x31e8a5c4	255	75	31
2	3	3	12	3150	2478	58.3672	0x3368f5be	255	76	35
2	3	3	13	3150	2479	59.5312	0x49ea2637	255	86	40
2	3	3	14	3150	2480	60.4609	0x5e6caecd	255	103	51
2	3	3	15	3151	2476	56.1172	0x36e79614	255	86	26
2	3	3	16	3151	2477	57.7344	0x336865d6	255	86	29
2	3	3	17	3151	2478	59.0547	0x4ca9ce69	255	94	38
2	3	3	18	3151	2479	59.8438	0x5bac06c4	255	104	46
2	3	3	19	3152	2476	56.6875	0x36a6ee35	255	94	23
2	3	3	20	3152	2477	58.2734	0x43e7ee74	255	94	30
2	3	3	21	3152	2478	59.2812	0x59aa173a	255	104	41
2	4	4	0	3140	2478	58.9141	0x6a306113	255	147	63
2	4	4	1	3139	2479	59.6094	0x6d2f8854	255	132	61
2	4	4	2	3140	2479	59.4453	0x68f08135	255	157	66
2	4	4	3	3140	2480	60.0391	0x65304974	255	162	64
2	4	4	4	3139	2480	60.2031	0x69ee6873	255	138	57
2	4	4	5	3141	2467	51.5078	0x686f20f3	255	146	58
2	4	4	6	3140	2468	52.4844	0x5c6d2972	255	158	53
2	4	4	7	3141	2468	52.1172	0x5eed0940	255	160	53
2	4	4	8	3141	2469	53.0234	0x5c6d9186	255	166	57
2	4	4	9	3140	2469	53.3672	0x62ad6107	255	153	54
2	4	4	10	3140	2470	53.9453	0x6ab008f3	255	148	64
2	4	4	11	3141	2470	53.5859	0x5f6e7182	255	168	60
2	4	4	12	3141	2471	54.3828	0x5dee1187	255	164	60
2	4	4	13	3140	2471	54.5312	0x6a2ea87f	255	140	58
2	4	4	14	3140	2472	55.2422	0x686e1892	255	139	57
2	4	4	15	3141	2472	54.9922	0x5fafb9b5	255	171	64
2	4	4	16	3141	2473	55.6094	0x5dafe9d5	255	175	66
2	4	4	17	3140	2473	55.8906	0x69aec0ad	255	141	58
2	4	4	18	3140	2474	56.5312	0x68eef0d6	255	142	61
2	4	4	19	3141	2474	56.2031	0x5cb041ee	255	179	68
2	4	4	20	3141	2475	56.7891	0x5b309a0a	255	181	70
2	4	4	21	3140	2475	57.1641	0x6e3088a1	255	134	66
2	4	4	22	3140	2476	57.6406	0x6bf028d6	255	142	64
2	4	4	23	3141	2476	57.3516	0x61b1c9e0	255	178	74
2	4	4	24	3141	2477	57.8125	0x5f3129ed	255	181	69
2	4	4	25	3140	2477	58.3125	0x676f0101	255	140	59
2	4	4	26	3141	2478	58.4375	0x5db079e9	255	183	70
2	4	4	27	3141	2479	58.9688	0x5f326a10	255	188	77
2	4	4	28	3141	2480	59.4062	0x5af15221	255	191	75
2	4	4	29	3142	2468	51.8125	0x6cf010a1	255	140	66
2	4	4	30	3142	2469	52.5156	0x636ee151	255	160	60
2	4	4	31	3142	2470	53.1094	0x64b0317a	255	168	66
2	4	4	32	3142	2471	53.6797	0x5f7069d1	255	178	68
2	4	4	33	3142	2472	54.2656	0x5db0a1ef	255	182	71
2	4	4	34	3142	2473	54.8203	0x5bb0ea0f	255	187	72
2	4	4	35	3142	2474	55.3828	0x59f11a27	255	190	74
2	4	4	36	3142	2475	55.9219	0x56b09237	255	193	72
2	4	4	37	3142	2476	56.5469	0x536fda42	255	192	71
2	4	4	38	3142	2477	57.1719	0x5aefc9f2	255	183	67
2	4	4	39	3142	2478	57.7812	0x5cb1e21c	255	189	76
2	4	4	40	3142	2479	58.1953	0x5e72ca23	255	192	81
2	4	4	41	3142	2480	58.7188	0x5af011fe	255	186	70
2	4	4	42	3143	2469	52.3125	0x70b208b8	255	142	68
2	4	4	43	3143	2470	52.7734	0x6ef198dd	255	148	70
2	4	4	44	3143	2471	53.3281	0x6cb108fa	255	152	68
2	4	4	45	3143	2472	53.8438	0x6c71911d	255	156	70
2	4	4	46	3143	2473	54.3516	0x6bf1a92e	255	156	70
2	4	4	47	3143	2474	54.8594	0x6ab19946	255	158	71
2	4	4	48	3143	2475	55.375	0x6a319953	255	159	70
2	4	4	49	3143	2476	55.8828	0x61ef317c	255	160	62
2	4	4	50	3143	2477	56.6484	0x5faf69a8	255	171	65
2	4	4	51	3143	2478	57.1406	0x6371e9cb	255	179	75
2	4	4	52	3143	2479	57.6562	0x647149aa	255	172	71
2	4	4	53	3143	2480	58.2031	0x652f7951	255	160	63
2	4	4	54	3144	2470	52.6641	0x70b1788a	255	143	70
2	4	4	55	3144	2471	53.1719	0x7071909e	255	145	70
2	4	4	56	3144	2472	53.6797	0x703178a1	255	145	69
2	4	4	57	3144	2473	54.1953	0x7031789e	255	145	69
2	4	4	58	3144	2474	54.7031	0x7071909e	255	145	70
2	4	4	59	3144	2475	55.2109	0x703178a1	255	145	70
2	4	4	60	3144	2476	55.7266	0x7031789e	255	147	67
2	4	4	61	3144	2477	56.2344	0x6cb19116	255	155	70
2	4	4	62	3144	2478	56.75	0x6cf1890f	255	155	70
2	4	4	63	3144	2479	57.2578	0x676f290f	255	153	61
2	4	4	64	3144	2480	58.0078	0x636c88a9	255	140	49
2	4	4	65	3145	2477	56.0781	0x7071909e	255	145	70
2	4	4	66	3145	2478	56.5859	0x703178a1	255	145	70
2	4	4	67	3145	2479	57.1016	0x6baec01c	255	133	56
3	0	0	0	3152	2464	48	0x5497f800	255	123	163
3	0	0	1	3153	2464	48	0x5058e000	255	127	199
3	0	0	2	3153	2465	49.6406	0x48a7e6ae	255	120	28
3	0	0	3	3152	2465	49.6562	0x51675010	255	128	31
3	0	0	4	3152	2466	50.4297	0x6daf9fe4	255	127	64
3	0	0	5	3153	2466	50.5	0x6c6f9776	255	114	66
3	0	0	6	3153	2467	50.8438	0x7ab6efdc	255	124	93
3	0	0	7	3152	2467	50.8516	0x78754810	255	129	85
3	0	0	8	3152	2468	51.1406	0x7b77c834	255	132	95
3	0	0	9	3153	2468	51.0938	0x7c387818	255	129	97
3	0	0	10	3153	2469	51.3281	0x7b77b028	255	131	95
3	0	0	11	3152	2469	51.3828	0x7b77b030	255	133	94
3	0	0	12	3152	2470	51.6797	0x78b5682c	255	132	85
3	0	0	13	3153	2470	51.6328	0x77f4f820	255	130	84
3	0	0	14	3153	2471	52.0625	0x75b37810	255	128	76
3	0	0	15	3152	2471	52.0859	0x76f4281c	255	130	80
3	0	0	16	3152	2472	52.4766	0x7030c030	255	128	69
3	0	0	17	3153	2472	52.4844	0x6e2fdfc4	255	122	65
3	0	0	18	3153	2473	53.2344	0x63abfff4	255	123	49
3	0	0	19	3152	2473	53.1719	0x68adcfb4	255	119	54
3	0	0	20	3152	2474	53.8672	0x5c2a1f89	255	117	44
3	0	0	21	3153	2474	54.0938	0x5027d73e	255	111	31
3	0	0	22	3153	2475	55.6094	0x3f25fec8	255	111	21
3	0	0	23	3152	2475	55.0625	0x3fe74e70	255	95	26
3	0	0	24	3152	2477	58.2734	0x43e7ee74	255	94	30
3	0	0	25	3153	2477	58.625	0x51a89f0c	255	109	32
3	0	0	26	3152	2478	59.2812	0x59aa173a	255	104	41
3	0	0	27	3153	2478	59.4531	0x5eab4749	255	109	44
3	0	0	28	3153	2479	60.3516	0x676d878d	255	114	56
3	0	0	29	3152	2479	60.1953	0x636d6f07	255	103	55
3	0	0	30	3152	2480	60.7344	0x6ef047ac	255	116	63
3	0	0	31	3153	2480	60.875	0x70313781	255	113	68
3	0	0	32	3154	2464	48	0x62946000	255	129	174
3	0	0	33	3154	2465	50.3828	0x44e73eaf	255	116	40
3	0	0	34	3154	2466	50.7031	0x7af7b7a1	255	122	92
3	0	0	35	3154	2467	50.9219	0x7d79e7e0	255	125	103
3	0	0	36	3154	2468	51.0938	0x7dba07f4	255	125	100
3	0	0	37	3154	2469	51.3047	0x7bb7efdc	255	125	95
3	0	0	38	3154	2470	51.6172	0x7774cfb4	255	123	82
3	0	0	39	3154	2471	52.0547	0x7271ffa8	255	122	71
3	0	0	40	3154	2472	52.5938	0x6db03f66	255	118	64
3	0	0	41	3154	2473	53.1953	0x622b97bc	255	124	47
3	0	0	42	3154	2474	54.2578	0x4e271776	255	119	28
3	0	0	43	3154	2477	58.7734	0x52e7ef91	255	118	31
3	0	0	44	3154	2478	59.6484	0x61ebbf8d	255	120	47
3	0	0	45	3154	2479	60.4219	0x6a2e47d8	255	124	57
3	0	0	46	3154	2480	60.9844	0x6fb087d8	255	124	67
3	0	0	47	3155	2464	48	0x7a493800	255	127	149
3	0	0	48	3155	2465	50.3672	0x4c665808	255	128	41
3	0	0	49	3155	2466	50.6875	0x7b77b010	255	129	94
3	0	0	50	3155	2467	50.9062	0x7d39480c	255	127	100
3	0	0	51	3155	2468	51.1172	0x7c3867e4	255	124	97
3	0	0	52	3155	2469	51.3984	0x78f5f7a4	255	118	89
3	0	0	53	3155	2470	51.7812	0x74b3b772	255	111	78
3	0	0	54	3155	2471	52.2344	0x7071af5b	255	110	71
3	0	0	55	3155	2472	52.7891	0x6df04f6a	255	112	65
3	0	0	56	3155	2473	53.3672	0x63ec3fa1	255	120	50
3	0	0	57	3155	2474	54.3672	0x50e73fd8	255	125	29
3	0	0	58	3155	2477	58.8438	0x54e817fc	255	126	32
3	0	0	59	3155	2478	59.6797	0x642c2010	255	128	48
3	0	0	60	3155	2479	60.4297	0x6beed818	255	130	59
3	0	0	61	3155	2480	60.9531	0x71f1883c	255	133	69
3	0	0	62	3156	2464	48	0x58572000	255	122	142
3	0	0	63	3156	2465	50.3672	0x4ca66800	255	127	45
3	0	0	64	3156	2466	50.6719	0x7bb7c804	255	127	95
3	0	0	65	3156	2467	50.8984	0x7c789804	255	127	97
3	0	0	66	3156	2468	51.1484	0x7ab707f4	255	126	94
3	0	0	67	3156	2469	51.4844	0x77b4cfec	255	126	82
3	0	0	68	3156	2470	51.8984	0x7472efcc	255	124	75
3	0	0	69	3156	2471	52.3828	0x7231d7b8	255	123	70
3	0	0	70	3156	2472	52.8906	0x7271bfd8	255	125	69
3	0	0	71	3156	2473	53.3828	0x67ad4808	255	128	55
3	0	0	72	3156	2474	54.3359	0x50a74044	255	131	32
3	0	0	73	3156	2477	58.7812	0x5368b0d4	255	140	34
3	0	0	74	3156	2478	59.6172	0x626c30a1	255	140	48
3	0	0	75	3156	2479	60.375	0x69ef28c3	255	141	61
3	0	0	76	3156	2480	60.8672	0x70b208b8	255	145	72
3	0	0	77	3157	2464	48	0x58971000	255	127	193
3	0	0	78	3157	2465	50.3672	0x4ca667fc	255	127	43
3	0	0	79	3157	2466	50.6797	0x7bb7c800	255	127	95
3	0	0	80	3157	2467	50.8984	0x7cb8d000	255	127	98
3	0	0	81	3157	2468	51.1406	0x7b77b010	255	129	94
3	0	0	82	3157	2469	51.4375	0x77f4e028	255	131	84
3	0	0	83	3157	2470	51.8828	0x73b27030	255	132	73
3	0	0	84	3157	2471	52.375	0x72b1e030	255	132	71
3	0	0	85	3157	2472	52.8672	0x72b1f83c	255	133	71
3	0	0	86	3157	2473	53.3516	0x696df83c	255	134	59
3	0	0	87	3157	2474	54.2344	0x5a29d89d	255	140	39
3	0	0	88	3157	2475	55.2969	0x3fe819bf	255	157	30
3	0	0	89	3157	2477	58.4141	0x43a889b5	255	166	35
3	0	0	90	3157	2478	59.3594	0x55ec99b3	255	168	51
3	0	0	91	3157	2479	60.0391	0x60afb1a5	255	168	62
3	0	0	92	3157	2480	60.5859	0x6df31940	255	164	78
3	0	0	93	3158	2464	48	0x4fd8f800	255	124	179
3	0	0	94	3158	2465	50.375	0x4ca66ff8	255	126	44
3	0	0	95	3158	2466	50.6719	0x7bb7effc	255	126	95
3	0	0	96	3158	2467	50.8984	0x7cf917f4	255	126	99
3	0	0	97	3158	2468	51.1172	0x7bf82010	255	128	97
3	0	0	98	3158	2469	51.4062	0x78f59824	255	131	86
3	0	0	99	3158	2470	51.8047	0x74b3184c	255	135	76
3	0	0	100	3158	2471	52.2891	0x72b2105b	255	137	72
3	0	0	101	3158	2472	52.7734	0x7271f85b	255	137	71
3	0	0	102	3158	2473	53.2656	0x6bef105b	255	137	61
3	0	0	103	3158	2474	54.0234	0x60acf115	255	149	50
3	0	0	104	3158	2475	54.7812	0x4da96976	255	160	38
3	0	0	105	3158	2478	58.6328	0x4fec79f2	255	183	50
3	0	0	106	3158	2479	59.4453	0x522d31f6	255	182	56
3	0	0	107	3158	2480	60.2031	0x5df141fe	255	181	76
3	0	0	108	3159	2464	48	0x5058e000	255	127	201
3	0	0	109	3159	2465	50.3828	0x4c6667e0	255	125	40
3	0	0	110	3159	2466	50.6875	0x7b77b7e4	255	124	94
3	0	0	111	3159	2467	50.9219	0x7d396fe0	255	124	101
3	0	0	112	3159	2468	51.1094	0x7cf917f8	255	126	100
3	0	0	113	3159	2469	51.3672	0x7a367818	255	129	91
3	0	0	114	3159	2470	51.7344	0x75f3c83c	255	134	79
3	0	0	115	3159	2471	52.1953	0x72f2405b	255	136	73
3	0	0	116	3159	2472	52.6875	0x7271f85b	255	137	71
3	0	0	117	3159	2473	53.1719	0x7271f85b	255	139	69
3	0	0	118	3159	2474	53.6641	0x67aea8e0	255	146	59
3	0	0	119	3159	2475	54.4766	0x5b2c3952	255	159	48
3	0	0	120	3158	2476	56.1797	0x31a86a35	255	174	31
3	0	0	121	3159	2476	55.2969	0x44ea7a06	255	176	42
3	0	0	122	3159	2479	58.8359	0x56affa28	255	192	64
3	0	0	123	3159	2480	59.3906	0x53b05a4e	255	196	72
3	0	0	124	3160	2464	48	0x5158a800	255	126	214
3	0	0	125	3160	2465	50.4375	0x4b6647c8	255	122	39
3	0	0	126	3160	2466	50.7266	0x7bb7efc8	255	121	95
3	0	0	127	3160	2467	50.9609	0x7d39a7d0	255	121	102
3	0	0	128	3160	2468	51.1328	0x7d79c7e8	255	124	102
3	0	0	129	3160	2469	51.3594	0x7b377804	255	127	94
3	0	0	130	3160	2470	51.6875	0x77b4c82c	255	131	84
3	0	0	131	3160	2471	52.1094	0x73f2d05b	255	137	75
3	0	0	132	3160	2472	52.5938	0x7271f85b	255	137	71
3	0	0	133	3160	2473	53.0859	0x7271f85b	255	137	71
3	0	0	134	3160	2474	53.5703	0x7271f85b	255	139	68
3	0	0	135	3160	2475	54.0625	0x66eea0f6	255	147	59
3	0	0	136	3160	2476	54.8828	0x58ac517f	255	162	49
3	0	0	137	3159	2477	56.5781	0x2be96a79	255	185	38
3	0	0	138	3160	2477	55.7031	0x44ea8208	255	177	43
3	0	0	139	3160	2480	58.6875	0x5430a251	255	200	73
3	0	0	140	3161	2464	48	0x52986800	255	127	199
3	0	0	141	3161	2465	50.4922	0x4a6607d4	255	123	32
3	0	0	142	3161	2466	50.7969	0x7b37efa1	255	116	95
3	0	0	143	3161	2467	51.0156	0x7dba5fc0	255	119	105
3	0	0	144	3161	2468	51.1562	0x7dfa9fd4	255	122	106
3	0	0	145	3161	2469	51.3594	0x7c3867f8	255	126	98
3	0	0	146	3161	2470	51.6484	0x79760828	255	132	88
3	0	0	147	3161	2471	52.0156	0x75336048	255	134	78
3	0	0	148	3161	2472	52.5078	0x7271f85b	255	137	71
3	0	0	149	3161	2473	52.9922	0x7271f85b	255	137	71
3	0	0	150	3161	2474	53.4844	0x7231e858	255	137	71
3	0	0	151	3161	2475	53.9766	0x7271f85b	255	139	68
3	0	0	152	3161	2476	54.4609	0x672ec0fa	255	147	60
3	0	0	153	3161	2477	55.2734	0x5b6d2983	255	163	51
3	0	0	154	3160	2478	56.9766	0x306ab290	255	195	48
3	0	0	155	3161	2478	55.9844	0x4dad021c	255	181	54
3	0	0	156	3162	2464	48	0x5118c000	255	127	183
3	0	0	157	3162	2465	50.5234	0x4865afd8	255	124	33
3	0	0	158	3162	2466	50.9141	0x7ab75fa4	255	118	92
3	0	0	159	3162	2467	51.0859	0x7dfb3799	255	115	108
3	0	0	160	3162	2468	51.2188	0x7e3b77b8	255	119	110
3	0	0	161	3162	2469	51.375	0x7d79e7e0	255	123	103
3	0	0	162	3162	2470	51.6094	0x7ab6e808	255	127	92
3	0	0	163	3162	2471	51.9688	0x76b41028	255	132	80
3	0	0	164	3162	2472	52.4141	0x7332705b	255	135	74
3	0	0	165	3162	2473	52.9062	0x7231e858	255	137	71
3	0	0	166	3162	2474	53.3984	0x7271f85b	255	137	71
3	0	0	167	3162	2475	53.8828	0x7271f85b	255	137	71
3	0	0	168	3162	2476	54.375	0x7271f85b	255	139	68
3	0	0	169	3162	2477	54.8594	0x686f30f6	255	147	61
3	0	0	170	3162	2478	55.625	0x60ee1957	255	162	58
3	0	0	171	3161	2479	56.8984	0x3e6c2274	255	195	59
3	0	0	172	3162	2479	56.25	0x5cf051ee	255	183	69
3	0	0	173	3162	2480	56.7969	0x5331526b	255	195	74
3	0	0	174	3161	2480	57.8672	0x45ae8a8b	255	205	69
3	0	0	175	3163	2464	48	0x58572000	255	127	194
3	0	0	176	3163	2465	50.5703	0x472587d0	255	124	28
3	0	0	177	3163	2466	50.9766	0x79762fb8	255	119	89
3	0	0	178	3163	2467	51.2188	0x7dbaf791	255	116	109
3	0	0	179	3163	2468	51.2969	0x7efccfac	255	117	115
3	0	0	180	3163	2469	51.4219	0x7dfabfcc	255	121	107
3	0	0	181	3163	2470	51.6328	0x7bf80ffc	255	127	96
3	0	0	182	3163	2471	51.9375	0x78b58034	255	132	85
3	0	0	183	3163	2472	52.3281	0x74731858	255	137	76
3	0	0	184	3163	2473	52.8203	0x7271f85b	255	137	71
3	0	0	185	3163	2474	53.3047	0x7271f85b	255	137	71
3	0	0	186	3163	2475	53.7969	0x7271f85b	255	137	71
3	0	0	187	3163	2476	54.2812	0x7271f85b	255	137	71
3	0	0	188	3163	2477	54.7734	0x7271f85b	255	139	68
3	0	0	189	3163	2478	55.2578	0x6fb208e1	255	147	72
3	0	0	190	3163	2479	55.75	0x6d721921	255	152	75
3	0	0	191	3163	2480	56.2344	0x6832318b	255	170	74
3	0	0	192	3164	2464	48	0x5956e000	255	128	188
3	0	0	193	3164	2465	50.6172	0x45e54fc4	255	122	29
3	0	0	194	3164	2466	51.0547	0x7875a7a4	255	117	87
3	0	0	195	3164	2467	51.3047	0x7dbad7a1	255	115	110
3	0	0	196	3164	2468	51.3828	0x7ebd478d	255	116	117
3	0	0	197	3164	2469	51.4766	0x7efc4fd4	255	122	112
3	0	0	198	3164	2470	51.6172	0x7d79e7f8	255	126	102
3	0	0	199	3164	2471	51.8672	0x79f6782c	255	131	90
3	0	0	200	3164	2472	52.2422	0x74f3605b	255	135	78
3	0	0	201	3164	2473	52.7266	0x7271f85b	255	137	71
3	0	0	202	3164	2474	53.2188	0x7271f85b	255	137	71
3	0	0	203	3164	2475	53.7031	0x7271f85b	255	137	71
3	0	0	204	3164	2476	54.1953	0x7271f85b	255	137	71
3	0	0	205	3164	2477	54.6797	0x7271f85b	255	137	71
3	0	0	206	3164	2478	55.1719	0x7271f85b	255	139	74
3	0	0	207	3164	2479	55.6562	0x74f480bc	255	146	83
3	0	0	208	3164	2480	55.9453	0x76b84122	255	163	103
3	0	0	209	3165	2464	48	0x63940800	255	127	182
3	0	0	210	3165	2465	50.6875	0x41258f0d	255	118	21
3	0	0	211	3165	2466	51.1562	0x75753f2a	255	106	86
3	0	0	212	3165	2467	51.4062	0x7bfa3f4f	255	106	109
3	0	0	213	3165	2468	51.5234	0x7dfe6757	255	106	124
3	0	0	214	3165	2469	51.5078	0x7efe0795	255	114	119
3	0	0	215	3165	2470	51.6484	0x7dfa9fcc	255	121	106
3	0	0	216	3165	2471	51.8516	0x7c384004	255	126	97
3	0	0	217	3165	2472	52.1484	0x76f4482c	255	130	82
3	0	0	218	3165	2473	52.6406	0x7271f85b	255	135	72
3	0	0	219	3165	2474	53.125	0x7271f85b	255	137	71
3	0	0	220	3165	2475	53.6172	0x7271f85b	255	137	71
3	0	0	221	3165	2476	54.1016	0x7271f85b	255	137	71
3	0	0	222	3165	2477	54.5938	0x7271f85b	255	137	71
3	0	0	223	3165	2478	55.0781	0x76b4605b	255	138	82
3	0	0	224	3165	2479	55.375	0x783758da	255	149	96
3	0	0	225	3165	2480	55.6406	0x78fbc931	255	165	120
3	0	0	226	3166	2464	48	0x44d2157f	255	100	203
3	0	0	227	3166	2465	51.1172	0x3126ce15	255	86	28
3	0	0	228	3166	2466	51.4844	0x7137be74	255	77	109
3	0	0	229	3166	2467	51.6562	0x79bc4edd	255	91	114
3	0	0	230	3166	2468	51.7188	0x7e7f876a	255	107	129
3	0	0	231	3166	2469	51.6875	0x7ec0077d	255	112	127
3	0	0	232	3166	2470	51.7188	0x7f7d47f4	255	122	116
3	0	0	233	3166	2471	51.8594	0x7cf92ff0	255	125	102
3	0	0	234	3166	2472	52.1562	0x78f59810	255	129	87
3	0	0	235	3166	2473	52.5469	0x7473185b	255	137	76
3	0	0	236	3166	2474	53.0391	0x7271f85b	255	137	71
3	0	0	237	3166	2475	53.5234	0x7271f85b	255	137	71
3	0	0	238	3166	2476	54.0156	0x7271f85b	255	137	71
3	0	0	239	3166	2477	54.5	0x7271f85b	255	137	71
3	0	0	240	3166	2478	54.9922	0x77f53058	255	139	86
3	0	0	241	3166	2479	55.2188	0x7cfad08e	255	144	108
3	0	0	242	3166	2480	55.3203	0x7c7e00e6	255	151	120
3	0	0	243	3167	2464	49.8438	0x3185b463	255	10	134
3	0	0	244	3167	2465	51.9297	0x402a85d3	255	54	100
3	0	0	245	3167	2466	52	0x6f7ee60b	255	65	124
3	0	0	246	3167	2467	52	0x7ac2e6f6	255	95	146
3	0	0	247	3167	2468	51.8203	0x6003ba99	255	166	139
3	0	0	248	3167	2469	51.7656	0x61426293	255	159	132
3	0	0	249	3167	2470	51.6719	0x5afe22cd	255	171	124
3	0	0	250	3167	2471	51.8828	0x54b922e0	255	180	106
3	0	0	251	3167	2472	52.1172	0x4d3752ff	255	176	95
3	0	0	252	3167	2473	52.4609	0x43b45310	255	195	88
3	0	0	253	3167	2474	52.9453	0x40b2cb07	255	193	79
3	0	0	254	3167	2475	53.4375	0x3f32cb10	255	210	91
3	0	0	255	3167	2476	53.9219	0x37f2e332	255	202	82
3	0	0	256	3167	2477	54.4141	0x3232db4a	255	228	100
3	0	0	257	3167	2478	54.9062	0x31762379	255	215	100
3	0	0	258	3167	2479	55.0938	0x333bb39f	255	223	118
3	0	0	259	3167	2480	55.1797	0x2ffe43b4	255	219	123
3	0	0	260	3168	2464	52.5859	0x4affc4c3	255	108	127
3	0	0	261	3168	2465	52.5938	0x783fa69f	255	102	126
3	0	0	262	3168	2466	52.6094	0x76c63ebe	255	103	134
3	0	0	263	3168	2467	52.1953	0x4c59376b	255	115	221
3	0	0	264	3168	2468	50	0x53d768bb	255	133	179
3	0	0	265	3168	2469	50	0x7d43f8a2	255	140	135
3	0	0	266	3168	2470	49.75	0x7984391f	255	141	135
3	0	0	267	3168	2471	49.7344	0x76ffc17b	255	159	126
3	0	0	268	3168	2472	49.7656	0x7e3de09a	255	173	115
3	0	0	269	3168	2473	49.8672	0x6cf751cc	255	179	102
3	0	0	270	3168	2474	50.3359	0x6473a1ef	255	180	82
3	0	0	271	3168	2475	50.7266	0x69b9ea20	255	176	116
3	0	0	272	3168	2476	50.7266	0x604002a2	255	168	125
3	0	0	273	3168	2477	50.7266	0x47400350	255	200	127
3	0	0	274	3168	2478	50.7266	0x3740039b	255	169	133
3	0	0	275	3168	2479	50.7266	0x3385b397	255	176	135
3	0	0	276	3168	2480	50.3594	0x3245b39a	255	207	134
3	1	1	0	3152	2464	48	0x5497f800	255	123	163
3	1	1	1	3153	2464	48	0x5058e000	255	127	199
3	1	1	2	3153	2465	49.6406	0x48a7e6ae	255	120	28
3	1	1	3	3152	2465	49.6562	0x51675010	255	128	31
3	1	1	4	3152	2466	50.4297	0x6daf9fe4	255	127	64
3	1	1	5	3153	2466	50.5	0x6c6f9776	255	114	66
3	1	1	6	3153	2467	50.8438	0x7ab6efdc	255	124	93
3	1	1	7	3152	2467	50.8516	0x78754810	255	129	85
3	1	1	8	3152	2470	51.6797	0x78b5682c	255	132	85
3	1	1	9	3153	2470	51.6328	0x77f4f820	255	130	84
3	1	1	10	3153	2471	52.0625	0x75b37810	255	128	76
3	1	1	11	3152	2471	52.0859	0x76f4281c	255	130	80
3	1	1	12	3152	2472	52.4766	0x7030c030	255	128	69
3	1	1	13	3153	2472	52.4844	0x6e2fdfc4	255	122	65
3	1	1	14	3153	2473	53.2344	0x63abfff4	255	123	49
3	1	1	15	3152	2473	53.1719	0x68adcfb4	255	119	54
3	1	1	16	3152	2474	53.8672	0x5c2a1f89	255	117	44
3	1	1	17	3153	2474	54.0938	0x5027d73e	255	111	31
3	1	1	18	3153	2475	55.6094	0x3f25fec8	255	111	21
3	1	1	19	3152	2475	55.0625	0x3fe74e70	255	95	26
3	1	1	20	3152	2476	56.6875	0x36a6ee35	255	94	23
3	1	1	21	3153	2476	57.2266	0x412636ce	255	110	22
3	1	1	22	3153	2477	58.625	0x51a89f0c	255	109	32
3	1	1	23	3152	2477	58.2734	0x43e7ee74	255	94	30
3	1	1	24	3152	2478	59.2812	0x59aa173a	255	104	41
3	1	1	25	3153	2478	59.4531	0x5eab4749	255	109	44
3	1	1	26	3153	2479	60.3516	0x676d878d	255	114	56
3	1	1	27	3152	2479	60.1953	0x636d6f07	255	103	55
3	1	1	28	3152	2480	60.7344	0x6ef047ac	255	116	63
3	1	1	29	3153	2480	60.875	0x70313781	255	113	68
3	1	1	30	3154	2464	48	0x62946000	255	129	174
3	1	1	31	3154	2465	50.3828	0x44e73eaf	255	116	40
3	1	1	32	3154	2466	50.7031	0x7af7b7a1	255	122	92
3	1	1	33	3154	2470	51.6172	0x7774cfb4	255	123	82
3	1	1	34	3154	2471	52.0547	0x7271ffa8	255	122	71
3	1	1	35	3154	2472	52.5938	0x6db03f66	255	118	64
3	1	1	36	3154	2473	53.1953	0x622b97bc	255	124	47
3	1	1	37	3154	2474	54.2578	0x4e271776	255	119	28
3	1	1	38	3154	2475	55.7266	0x45254f95	255	120	20
3	1	1	39	3154	2476	57.3359	0x45a5679d	255	120	21
3	1	1	40	3154	2477	58.7734	0x52e7ef91	255	118	31
3	1	1	41	3154	2478	59.6484	0x61ebbf8d	255	120	47
3	1	1	42	3154	2479	60.4219	0x6a2e47d8	255	124	57
3	1	1	43	3154	2480	60.9844	0x6fb087d8	255	124	67
3	1	1	44	3155	2464	48	0x7a493800	255	127	149
3	1	1	45	3155	2465	50.3672	0x4c665808	255	128	41
3	1	1	46	3155	2466	50.6875	0x7b77b010	255	129	94
3	1	1	47	3155	2469	51.3984	0x78f5f7a4	255	118	89
3	1	1	48	3155	2470	51.7812	0x74b3b772	255	111	78
3	1	1	49	3155	2471	52.2344	0x7071af5b	255	110	71
3	1	1	50	3155	2472	52.7891	0x6df04f6a	255	112	65
3	1	1	51	3155	2473	53.3672	0x63ec3fa1	255	120	50
3	1	1	52	3155	2474	54.3672	0x50e73fd8	255	125	29
3	1	1	53	3155	2475	55.8203	0x45e54fc8	255	124	20
3	1	1	54	3155	2476	57.4219	0x46655fd0	255	124	21
3	1	1	55	3155	2477	58.8438	0x54e817fc	255	126	32
3	1	1	56	3155	2478	59.6797	0x642c2010	255	128	48
3	1	1	57	3155	2479	60.4297	0x6beed818	255	130	59
3	1	1	58	3155	2480	60.9531	0x71f1883c	255	133	69
3	1	1	59	3156	2464	48	0x58572000	255	122	142
3	1	1	60	3156	2465	50.3672	0x4ca66800	255	127	45
3	1	1	61	3156	2466	50.6719	0x7bb7c804	255	127	95
3	1	1	62	3156	2469	51.4844	0x77b4cfec	255	126	82
3	1	1	63	3156	2470	51.8984	0x7472efcc	255	124	75
3	1	1	64	3156	2471	52.3828	0x7231d7b8	255	123	70
3	1	1	65	3156	2472	52.8906	0x7271bfd8	255	125	69
3	1	1	66	3156	2473	53.3828	0x67ad4808	255	128	55
3	1	1	67	3156	2474	54.3359	0x50a74044	255	131	32
3	1	1	68	3156	2475	55.8359	0x41a5c0fd	255	134	20
3	1	1	69	3156	2476	57.4297	0x43e62904	255	135	21
3	1	1	70	3156	2477	58.7812	0x5368b0d4	255	140	34
3	1	1	71	3156	2478	59.6172	0x626c30a1	255	140	48
3	1	1	72	3156	2479	60.375	0x69ef28c3	255	141	61
3	1	1	73	3156	2480	60.8672	0x70b208b8	255	145	72
3	1	1	74	3157	2464	48	0x58971000	255	127	193
3	1	1	75	3157	2465	50.3672	0x4ca667fc	255	127	43
3	1	1	76	3157	2466	50.6797	0x7bb7c800	255	127	95
3	1	1	77	3157	2469	51.4375	0x77f4e028	255	131	84
3	1	1	78	3157	2470	51.8828	0x73b27030	255	132	73
3	1	1	79	3157	2471	52.375	0x72b1e030	255	132	71
3	1	1	80	3157	2472	52.8672	0x72b1f83c	255	133	71
3	1	1	81	3157	2473	53.3516	0x696df83c	255	134	59
3	1	1	82	3157	2474	54.2344	0x5a29d89d	255	140	39
3	1	1	83	3157	2475	55.2969	0x3fe819bf	255	157	30
3	1	1	84	3157	2476	56.8828	0x35a771ef	255	167	25
3	1	1	85	3157	2477	58.4141	0x43a889b5	255	166	35
3	1	1	86	3157	2478	59.3594	0x55ec99b3	255	168	51
3	1	1	87	3157	2479	60.0391	0x60afb1a5	255	168	62
3	1	1	88	3157	2480	60.5859	0x6df31940	255	164	78
3	1	1	89	3158	2464	48	0x4fd8f800	255	124	179
3	1	1	90	3158	2465	50.375	0x4ca66ff8	255	126	44
3	1	1	91	3158	2466	50.6719	0x7bb7effc	255	126	95
3	1	1	92	3158	2469	51.4062	0x78f59824	255	131	86
3	1	1	93	3158	2470	51.8047	0x74b3184c	255	135	76
3	1	1	94	3158	2471	52.2891	0x72b2105b	255	137	72
3	1	1	95	3158	2472	52.7734	0x7271f85b	255	137	71
3	1	1	96	3158	2473	53.2656	0x6bef105b	255	137	61
3	1	1	97	3158	2474	54.0234	0x60acf115	255	149	50
3	1	1	98	3158	2475	54.7812	0x4da96976	255	160	38
3	1	1	99	3158	2476	56.1797	0x31a86a35	255	174	31
3	1	1	100	3158	2477	57.7656	0x34ea1265	255	190	42
3	1	1	101	3158	2478	58.6328	0x4fec79f2	255	183	50
3	1	1	102	3158	2479	59.4453	0x522d31f6	255	182	56
3	1	1	103	3158	2480	60.2031	0x5df141fe	255	181	76
3	1	1	104	3159	2464	48	0x5058e000	255	127	201
3	1	1	105	3159	2465	50.3828	0x4c6667e0	255	125	40
3	1	1	106	3159	2466	50.6875	0x7b77b7e4	255	124	94
3	1	1	107	3159	2469	51.3672	0x7a367818	255	129	91
3	1	1	108	3159	2470	51.7344	0x75f3c83c	255	134	79
3	1	1	109	3159	2471	52.1953	0x72f2405b	255	136	73
3	1	1	110	3159	2472	52.6875	0x7271f85b	255	137	71
3	1	1	111	3159	2473	53.1719	0x7271f85b	255	139	69
3	1	1	112	3159	2474	53.6641	0x67aea8e0	255	146	59
3	1	1	113	3159	2475	54.4766	0x5b2c3952	255	159	48
3	1	1	114	3159	2476	55.2969	0x44ea7a06	255	176	42
3	1	1	115	3159	2477	56.5781	0x2be96a79	255	185	38
3	1	1	116	3159	2478	58.1641	0x3aea6a4d	255	185	44
3	1	1	117	3159	2479	58.8359	0x56affa28	255	192	64
3	1	1	118	3159	2480	59.3906	0x53b05a4e	255	196	72
3	1	1	119	3160	2464	48	0x5158a800	255	126	214
3	1	1	120	3160	2465	50.4375	0x4b6647c8	255	122	39
3	1	1	121	3160	2466	50.7266	0x7bb7efc8	255	121	95
3	1	1	122	3160	2470	51.6875	0x77b4c82c	255	131	84
3	1	1	123	3160	2471	52.1094	0x73f2d05b	255	137	75
3	1	1	124	3160	2472	52.5938	0x7271f85b	255	137	71
3	1	1	125	3160	2473	53.0859	0x7271f85b	255	137	71
3	1	1	126	3160	2474	53.5703	0x7271f85b	255	139	68
3	1	1	127	3160	2475	54.0625	0x66eea0f6	255	147	59
3	1	1	128	3160	2476	54.8828	0x58ac517f	255	162	49
3	1	1	129	3160	2477	55.7031	0x44ea8208	255	177	43
3	1	1	130	3160	2478	56.9766	0x306ab290	255	195	48
3	1	1	131	3160	2479	58.0859	0x3fad1289	255	202	62
3	1	1	132	3160	2480	58.6875	0x5430a251	255	200	73
3	1	1	133	3161	2464	48	0x52986800	255	127	199
3	1	1	134	3161	2465	50.4922	0x4a6607d4	255	123	32
3	1	1	135	3161	2466	50.7969	0x7b37efa1	255	116	95
3	1	1	136	3161	2470	51.6484	0x79760828	255	132	88
3	1	1	137	3161	2471	52.0156	0x75336048	255	134	78
3	1	1	138	3161	2472	52.5078	0x7271f85b	255	137	71
3	1	1	139	3161	2473	52.9922	0x7271f85b	255	137	71
3	1	1	140	3161	2474	53.4844	0x7231e858	255	137	71
3	1	1	141	3161	2475	53.9766	0x7271f85b	255	139	68
3	1	1	142	3161	2476	54.4609	0x672ec0fa	255	147	60
3	1	1	143	3161	2477	55.2734	0x5b6d2983	255	163	51
3	1	1	144	3161	2478	55.9844	0x4dad021c	255	181	54
3	1	1	145	3161	2479	56.8984	0x3e6c2274	255	195	59
3	1	1	146	3161	2480	57.8672	0x45ae8a8b	255	205	69
3	1	1	147	3162	2464	48	0x5118c000	255	127	183
3	1	1	148	3162	2465	50.5234	0x4865afd8	255	124	33
3	1	1	149	3162	2466	50.9141	0x7ab75fa4	255	118	92
3	1	1	150	3162	2470	51.6094	0x7ab6e808	255	127	92
3	1	1	151	3162	2471	51.9688	0x76b41028	255	132	80
3	1	1	152	3162	2472	52.4141	0x7332705b	255	135	74
3	1	1	153	3162	2473	52.9062	0x7231e858	255	137	71
3	1	1	154	3162	2474	53.3984	0x7271f85b	255	137	71
3	1	1	155	3162	2475	53.8828	0x7271f85b	255	137	71
3	1	1	156	3162	2476	54.375	0x7271f85b	255	139	68
3	1	1	157	3162	2477	54.8594	0x686f30f6	255	147	61
3	1	1	158	3162	2478	55.625	0x60ee1957	255	162	58
3	1	1	159	3162	2479	56.25	0x5cf051ee	255	183	69
3	1	1	160	3162	2480	56.7969	0x5331526b	255	195	74
3	1	1	161	3163	2464	48	0x58572000	255	127	194
3	1	1	162	3163	2465	50.5703	0x472587d0	255	124	28
3	1	1	163	3163	2466	50.9766	0x79762fb8	255	119	89
3	1	1	164	3163	2471	51.9375	0x78b58034	255	132	85
3	1	1	165	3163	2472	52.3281	0x74731858	255	137	76
3	1	1	166	3163	2473	52.8203	0x7271f85b	255	137	71
3	1	1	167	3163	2474	53.3047	0x7271f85b	255	137	71
3	1	1	168	3163	2475	53.7969	0x7271f85b	255	137	71
3	1	1	169	3163	2476	54.2812	0x7271f85b	255	137	71
3	1	1	170	3163	2477	54.7734	0x7271f85b	255	139	68
3	1	1	171	3163	2478	55.2578	0x6fb208e1	255	147	72
3	1	1	172	3163	2479	55.75	0x6d721921	255	152	75
3	1	1	173	3163	2480	56.2344	0x6832318b	255	170	74
3	1	1	174	3164	2464	48	0x5956e000	255	128	188
3	1	1	175	3164	2465	50.6172	0x45e54fc4	255	122	29
3	1	1	176	3164	2466	51.0547	0x7875a7a4	255	117	87
3	1	1	177	3164	2471	51.8672	0x79f6782c	255	131	90
3	1	1	178	3164	2472	52.2422	0x74f3605b	255	135	78
3	1	1	179	3164	2473	52.7266	0x7271f85b	255	137	71
3	1	1	180	3164	2474	53.2188	0x7271f85b	255	137	71
3	1	1	181	3164	2475	53.7031	0x7271f85b	255	137	71
3	1	1	182	3164	2476	54.1953	0x7271f85b	255	137	71
3	1	1	183	3164	2477	54.6797	0x7271f85b	255	137	71
3	1	1	184	3164	2478	55.1719	0x7271f85b	255	139	74
3	1	1	185	3164	2479	55.6562	0x74f480bc	255	146	83
3	1	1	186	3164	2480	55.9453	0x76b84122	255	163	103
3	1	1	187	3165	2464	48	0x63940800	255	127	182
3	1	1	188	3165	2465	50.6875	0x41258f0d	255	118	21
3	1	1	189	3165	2466	51.1562	0x75753f2a	255	106	86
3	1	1	190	3165	2471	51.8516	0x7c384004	255	126	97
3	1	1	191	3165	2472	52.1484	0x76f4482c	255	130	82
3	1	1	192	3165	2473	52.6406	0x7271f85b	255	135	72
3	1	1	193	3165	2474	53.125	0x7271f85b	255	137	71
3	1	1	194	3165	2475	53.6172	0x7271f85b	255	137	71
3	1	1	195	3165	2476	54.1016	0x7271f85b	255	137	71
3	1	1	196	3165	2477	54.5938	0x7271f85b	255	137	71
3	1	1	197	3165	2478	55.0781	0x76b4605b	255	138	82
3	1	1	198	3165	2479	55.375	0x783758da	255	149	96
3	1	1	199	3166	2464	48	0x44d2157f	255	100	203
3	1	1	200	3166	2465	51.1172	0x3126ce15	255	86	28
3	1	1	201	3166	2466	51.4844	0x7137be74	255	77	109
3	1	1	202	3166	2472	52.1562	0x78f59810	255	129	87
3	1	1	203	3166	2473	52.5469	0x7473185b	255	137	76
3	1	1	204	3166	2474	53.0391	0x7271f85b	255	137	71
3	1	1	205	3166	2475	53.5234	0x7271f85b	255	137	71
3	1	1	206	3166	2476	54.0156	0x7271f85b	255	137	71
3	1	1	207	3166	2477	54.5	0x7271f85b	255	137	71
3	1	1	208	3166	2478	54.9922	0x77f53058	255	139	86
3	1	1	209	3167	2465	51.9297	0x402a85d3	255	54	100
3	1	1	210	3167	2471	51.8828	0x54b922e0	255	180	106
3	1	1	211	3167	2472	52.1172	0x4d3752ff	255	176	95
3	1	1	212	3167	2473	52.4609	0x43b45310	255	195	88
3	1	1	213	3167	2474	52.9453	0x40b2cb07	255	193	79
3	1	1	214	3167	2475	53.4375	0x3f32cb10	255	210	91
3	1	1	215	3167	2476	53.9219	0x37f2e332	255	202	82
3	1	1	216	3167	2477	54.4141	0x3232db4a	255	228	100
3	1	1	217	3168	2472	49.7656	0x7e3de09a	255	173	115
3	1	1	218	3168	2473	49.8672	0x6cf751cc	255	179	102
3	1	1	219	3168	2474	50.3359	0x6473a1ef	255	180	82
3	1	1	220	3168	2475	50.7266	0x69b9ea20	255	176	116
3	1	1	221	3168	2476	50.7266	0x604002a2	255	168	125
3	2	2	0	3152	2464	48	0x5497f800	255	123	163
3	2	2	1	3153	2464	48	0x5058e000	255	127	199
3	2	2	2	3153	2465	49.6406	0x48a7e6ae	255	120	28
3	2	2	3	3154	2464	48	0x62946000	255	129	174
3	2	2	4	3156	2464	48	0x58572000	255	122	142
3	2	2	5	3157	2464	48	0x58971000	255	127	193
3	2	2	6	3157	2465	50.3672	0x4ca667fc	255	127	43
3	2	2	7	3158	2464	48	0x4fd8f800	255	124	179
3	2	2	8	3158	2465	50.375	0x4ca66ff8	255	126	44
3	2	2	9	3159	2464	48	0x5058e000	255	127	201
3	2	2	10	3159	2465	50.3828	0x4c6667e0	255	125	40
3	2	2	11	3160	2464	48	0x5158a800	255	126	214
3	2	2	12	3160	2465	50.4375	0x4b6647c8	255	122	39
3	2	2	13	3161	2464	48	0x52986800	255	127	199
3	2	2	14	3161	2465	50.4922	0x4a6607d4	255	123	32
3	2	2	15	3162	2464	48	0x5118c000	255	127	183
3	2	2	16	3162	2465	50.5234	0x4865afd8	255	124	33
3	2	2	17	3163	2464	48	0x58572000	255	127	194
3	2	2	18	3163	2465	50.5703	0x472587d0	255	124	28
3	2	2	19	3164	2464	48	0x5956e000	255	128	188
3	2	2	20	3164	2465	50.6172	0x45e54fc4	255	122	29
3	2	2	21	3165	2464	48	0x63940800	255	127	182
3	2	2	22	3165	2465	50.6875	0x41258f0d	255	118	21
3	2	2	23	3166	2464	48	0x44d2157f	255	100	203
3	2	2	24	3166	2465	51.1172	0x3126ce15	255	86	28
3	2	2	25	3167	2464	49.8438	0x3185b463	255	10	134
3	2	2	26	3167	2465	51.9297	0x402a85d3	255	54	100
3	2	2	27	3168	2466	52.6094	0x76c63ebe	255	103	134
3	2	2	28	3167	2467	52	0x7ac2e6f6	255	95	146
3	2	2	29	3168	2467	52.1953	0x4c59376b	255	115	221
3	2	2	30	3168	2468	50	0x53d768bb	255	133	179
3	2	2	31	3167	2468	51.8203	0x6003ba99	255	166	139
3	2	2	32	3167	2469	51.7656	0x61426293	255	159	132
3	2	2	33	3168	2469	50	0x7d43f8a2	255	140	135
3	3	3	0	3166	2464	48	0x44d2157f	255	100	203
3	3	3	1	3165	2465	50.6875	0x41258f0d	255	118	21
3	3	3	2	3166	2465	51.1172	0x3126ce15	255	86	28
3	3	3	3	3166	2466	51.4844	0x7137be74	255	77	109
3	3	3	4	3165	2466	51.1562	0x75753f2a	255	106	86
3	3	3	5	3165	2467	51.4062	0x7bfa3f4f	255	106	109
3	3	3	6	3166	2467	51.6562	0x79bc4edd	255	91	114
3	3	3	7	3167	2464	49.8438	0x3185b463	255	10	134
3	3	3	8	3167	2465	51.9297	0x402a85d3	255	54	100
3	3	3	9	3167	2466	52	0x6f7ee60b	255	65	124
3	3	3	10	3167	2467	52	0x7ac2e6f6	255	95	146
3	3	3	11	3168	2464	52.5859	0x4affc4c3	255	108	127
3	3	3	12	3168	2465	52.5938	0x783fa69f	255	102	126
3	3	3	13	3168	2466	52.6094	0x76c63ebe	255	103	134
3	4	4	0	3156	2476	57.4297	0x43e62904	255	135	21
3	4	4	1	3157	2476	56.8828	0x35a771ef	255	167	25
3	4	4	2	3157	2477	58.4141	0x43a889b5	255	166	35
3	4	4	3	3156	2477	58.7812	0x5368b0d4	255	140	34
3	4	4	4	3156	2478	59.6172	0x626c30a1	255	140	48
3	4	4	5	3157	2478	59.3594	0x55ec99b3	255	168	51
3	4	4	6	3157	2479	60.0391	0x60afb1a5	255	168	62
3	4	4	7	3156	2479	60.375	0x69ef28c3	255	141	61
3	4	4	8	3156	2480	60.8672	0x70b208b8	255	145	72
3	4	4	9	3157	2480	60.5859	0x6df31940	255	164	78
3	4	4	10	3157	2475	55.2969	0x3fe819bf	255	157	30
3	4	4	11	3158	2475	54.7812	0x4da96976	255	160	38
3	4	4	12	3158	2476	56.1797	0x31a86a35	255	174	31
3	4	4	13	3158	2477	57.7656	0x34ea1265	255	190	42
3	4	4	14	3158	2478	58.6328	0x4fec79f2	255	183	50
3	4	4	15	3158	2479	59.4453	0x522d31f6	255	182	56
3	4	4	16	3158	2480	60.2031	0x5df141fe	255	181	76
3	4	4	17	3159	2475	54.4766	0x5b2c3952	255	159	48
3	4	4	18	3159	2476	55.2969	0x44ea7a06	255	176	42
3	4	4	19	3159	2477	56.5781	0x2be96a79	255	185	38
3	4	4	20	3159	2478	58.1641	0x3aea6a4d	255	185	44
3	4	4	21	3159	2479	58.8359	0x56affa28	255	192	64
3	4	4	22	3159	2480	59.3906	0x53b05a4e	255	196	72
3	4	4	23	3160	2475	54.0625	0x66eea0f6	255	147	59
3	4	4	24	3160	2476	54.8828	0x58ac517f	255	162	49
3	4	4	25	3160	2477	55.7031	0x44ea8208	255	177	43
3	4	4	26	3160	2478	56.9766	0x306ab290	255	195	48
3	4	4	27	3160	2479	58.0859	0x3fad1289	255	202	62
3	4	4	28	3160	2480	58.6875	0x5430a251	255	200	73
3	4	4	29	3161	2475	53.9766	0x7271f85b	255	139	68
3	4	4	30	3161	2476	54.4609	0x672ec0fa	255	147	60
3	4	4	31	3161	2477	55.2734	0x5b6d2983	255	163	51
3	4	4	32	3161	2478	55.9844	0x4dad021c	255	181	54
3	4	4	33	3161	2479	56.8984	0x3e6c2274	255	195	59
3	4	4	34	3161	2480	57.8672	0x45ae8a8b	255	205	69
3	4	4	35	3162	2476	54.375	0x7271f85b	255	139	68
3	4	4	36	3162	2477	54.8594	0x686f30f6	255	147	61
3	4	4	37	3162	2478	55.625	0x60ee1957	255	162	58
3	4	4	38	3162	2479	56.25	0x5cf051ee	255	183	69
3	4	4	39	3162	2480	56.7969	0x5331526b	255	195	74
3	4	4	40	3163	2477	54.7734	0x7271f85b	255	139	68
3	4	4	41	3163	2478	55.2578	0x6fb208e1	255	147	72
3	4	4	42	3163	2479	55.75	0x6d721921	255	152	75
3	4	4	43	3163	2480	56.2344	0x6832318b	255	170	74
3	4	4	44	3164	2478	55.1719	0x7271f85b	255	139	74
3	4	4	45	3164	2479	55.6562	0x74f480bc	255	146	83
3	4	4	46	3164	2480	55.9453	0x76b84122	255	163	103
3	4	4	47	3166	2470	51.7188	0x7f7d47f4	255	122	116
3	4	4	48	3167	2470	51.6719	0x5afe22cd	255	171	124
3	4	4	49	3167	2471	51.8828	0x54b922e0	255	180	106
3	4	4	50	3166	2471	51.8594	0x7cf92ff0	255	125	102
3	4	4	51	3166	2472	52.1562	0x78f59810	255	129	87
3	4	4	52	3167	2472	52.1172	0x4d3752ff	255	176	95
3	4	4	53	3167	2473	52.4609	0x43b45310	255	195	88
3	4	4	54	3166	2473	52.5469	0x7473185b	255	137	76
3	4	4	55	3166	2474	53.0391	0x7271f85b	255	137	71
3	4	4	56	3167	2474	52.9453	0x40b2cb07	255	193	79
3	4	4	57	3167	2475	53.4375	0x3f32cb10	255	210	91
3	4	4	58	3166	2475	53.5234	0x7271f85b	255	137	71
3	4	4	59	3166	2476	54.0156	0x7271f85b	255	137	71
3	4	4	60	3167	2476	53.9219	0x37f2e332	255	202	82
3	4	4	61	3167	2477	54.4141	0x3232db4a	255	228	100
3	4	4	62	3166	2477	54.5	0x7271f85b	255	137	71
3	4	4	63	3166	2478	54.9922	0x77f53058	255	139	86
3	4	4	64	3167	2478	54.9062	0x31762379	255	215	100
3	4	4	65	3167	2479	55.0938	0x333bb39f	255	223	118
3	4	4	66	3166	2479	55.2188	0x7cfad08e	255	144	108
3	4	4	67	3166	2480	55.3203	0x7c7e00e6	255	151	120
3	4	4	68	3167	2480	55.1797	0x2ffe43b4	255	219	123
3	4	4	69	3168	2470	49.75	0x7984391f	255	141	135
3	4	4	70	3168	2471	49.7344	0x76ffc17b	255	159	126
3	4	4	71	3168	2472	49.7656	0x7e3de09a	255	173	115
3	4	4	72	3168	2473	49.8672	0x6cf751cc	255	179	102
3	4	4	73	3168	2474	50.3359	0x6473a1ef	255	180	82
3	4	4	74	3168	2475	50.7266	0x69b9ea20	255	176	116
3	4	4	75	3168	2476	50.7266	0x604002a2	255	168	125
3	4	4	76	3168	2477	50.7266	0x47400350	255	200	127
3	4	4	77	3168	2478	50.7266	0x3740039b	255	169	133
3	4	4	78	3168	2479	50.7266	0x3385b397	255	176	135
3	4	4	79	3168	2480	50.3594	0x3245b39a	255	207	134
4	0	0	0	3104	2480	52.3047	0x6477cdc0	255	108	94
4	0	0	1	3105	2480	53.6875	0x4ef58524	255	36	97
4	0	0	2	3105	2481	54.0156	0x4d77a4fe	255	28	109
4	0	0	3	3104	2481	52.5391	0x66fee5a1	255	105	125
4	0	0	4	3104	2482	52.375	0x5b85654a	255	100	146
4	0	0	5	3105	2482	54.2422	0x45fac4b8	255	22	116
4	0	0	6	3105	2483	54.3516	0x403d8c8e	255	17	123
4	0	0	7	3104	2483	52.1953	0x56037d14	255	100	138
4	0	0	8	3104	2484	52.1562	0x54bd2d06	255	99	122
4	0	0	9	3105	2484	54.3984	0x3cbd2c80	255	15	122
4	0	0	10	3105	2485	54.5312	0x3cfbd486	255	17	116
4	0	0	11	3104	2485	52.375	0x4d34152f	255	97	85
4	0	0	12	3104	2486	53	0x5f797d77	255	95	116
4	0	0	13	3105	2486	54.6641	0x42ba6ca9	255	20	115
4	0	0	14	3105	2487	54.8906	0x3e7bf48c	255	16	123
4	0	0	15	3104	2487	52.7969	0x56852521	255	98	146
4	0	0	16	3104	2488	52.6719	0x5442dd05	255	97	137
4	0	0	17	3105	2488	54.9219	0x3b404475	255	14	127
4	0	0	18	3105	2489	54.875	0x38fe846d	255	13	124
4	0	0	19	3104	2489	52.6172	0x54ff6502	255	99	126
4	0	0	20	3104	2490	52.7109	0x538224fc	255	92	130
4	0	0	21	3105	2490	55.0156	0x393e446e	255	13	125
4	0	0	22	3105	2491	54.9844	0x2ff50c8e	255	12	123
4	0	0	23	3104	2491	52.4844	0x4f433ce4	255	98	132
4	0	0	24	3104	2492	52.5078	0x1568fd4f	255	105	118
4	0	0	25	3105	2492	55.7891	0x256f84c9	255	15	91
4	0	0	26	3105	2493	56.4297	0x6baf07a1	255	107	71
4	0	0	27	3104	2493	57	0x11697d37	255	49	77
4	0	0	28	3104	2494	57	0x2e800447	255	39	120
4	0	0	29	3105	2494	57.0469	0x75f49f6a	255	114	91
4	0	0	30	3105	2495	57.1953	0x7cfbaf53	255	112	115
4	0	0	31	3104	2495	57	0x2afb5c47	255	29	122
4	0	0	32	3104	2496	57.2969	0x7977475e	255	101	81
4	0	0	33	3105	2496	57.3203	0x7dba5fd0	255	122	106
4	0	0	34	3106	2480	54.4922	0x6573262b	255	77	80
4	0	0	35	3106	2481	54.9375	0x6333d5fb	255	72	82
4	0	0	36	3106	2482	55.3359	0x6035b5b4	255	56	95
4	0	0	37	3106	2483	55.6328	0x5c783d69	255	48	103
4	0	0	38	3106	2484	55.8438	0x5aba4d45	255	38	111
4	0	0	39	3106	2491	56.7891	0x477bf4b8	255	22	119
4	0	0	40	3106	2492	56.9766	0x5679d529	255	38	114
4	0	0	41	3106	2493	57.1875	0x687afdc8	255	57	111
4	0	0	42	3106	2494	57.2969	0x7a3d86dd	255	90	119
4	0	0	43	3106	2495	57.3438	0x7dfe874f	255	105	121
4	0	0	44	3106	2496	57.3906	0x7f3d47b0	255	118	118
4	0	0	45	3107	2480	54.7422	0x7232676a	255	115	73
4	0	0	46	3107	2481	55.2188	0x71f2675b	255	113	74
4	0	0	47	3107	2482	55.6875	0x72b33f39	255	112	76
4	0	0	48	3107	2483	56.0938	0x7536bee5	255	98	86
4	0	0	49	3107	2484	56.2969	0x6eb5b679	255	80	92
4	0	0	50	3107	2485	56.7812	0x6774be1f	255	68	92
4	0	0	51	3106	2485	56	0x537afd09	255	33	113
4	0	0	52	3106	2486	56.1641	0x507afcf4	255	30	112
4	0	0	53	3107	2486	57.0625	0x65f795d2	255	61	98
4	0	0	54	3107	2487	57.3359	0x60b7cd98	255	51	101
4	0	0	55	3106	2487	56.3203	0x4f3ac4ef	255	29	114
4	0	0	56	3106	2488	56.5	0x4b3b1cd2	255	24	119
4	0	0	57	3107	2488	57.6016	0x5d78b56d	255	46	104
4	0	0	58	3107	2489	57.8125	0x5fbb1d6c	255	43	113
4	0	0	59	3106	2489	56.6328	0x477c8cb6	255	22	119
4	0	0	60	3106	2490	56.7188	0x487d84b8	255	23	123
4	0	0	61	3107	2490	57.9141	0x5c3e853c	255	40	124
4	0	0	62	3107	2491	57.9062	0x5dc1054b	255	44	128
4	0	0	63	3107	2492	57.8516	0x65022591	255	50	134
4	0	0	64	3107	2493	57.7734	0x6e835e08	255	64	135
4	0	0	65	3107	2494	57.6406	0x76839e96	255	82	140
4	0	0	66	3107	2495	57.5469	0x7c02a717	255	101	134
4	0	0	67	3107	2496	57.4766	0x7ec0c781	255	112	129
4	0	0	68	3108	2480	54.7891	0x73725fd0	255	122	73
4	0	0	69	3108	2481	55.2656	0x73725fd0	255	122	73
4	0	0	70	3108	2482	55.7344	0x73725fd0	255	121	74
4	0	0	71	3108	2483	56.2109	0x73325fac	255	118	73
4	0	0	72	3108	2484	56.6797	0x72333f2a	255	111	77
4	0	0	73	3108	2485	57.0859	0x73b41f2d	255	105	80
4	0	0	74	3108	2486	57.4844	0x71748ed7	255	95	83
4	0	0	75	3108	2487	57.8594	0x6f751698	255	87	85
4	0	0	76	3108	2488	58.2188	0x70f8a65c	255	76	98
4	0	0	77	3108	2489	58.3359	0x6eb9762a	255	69	106
4	0	0	78	3108	2490	58.6406	0x707b562f	255	66	119
4	0	0	79	3108	2491	58.6328	0x6d8205f3	255	63	132
4	0	0	80	3108	2492	58.5156	0x6d04ee01	255	64	141
4	0	0	81	3108	2493	58.3203	0x6e872e33	255	71	152
4	0	0	82	3108	2494	58.0547	0x7247de81	255	80	152
4	0	0	83	3108	2495	57.8125	0x77467ecf	255	90	151
4	0	0	84	3108	2496	57.6406	0x7bc3df25	255	105	137
4	0	0	85	3109	2480	54.8359	0x73725fd0	255	122	73
4	0	0	86	3109	2481	55.3125	0x73725fd0	255	122	73
4	0	0	87	3109	2482	55.7812	0x73725fd0	255	122	73
4	0	0	88	3109	2483	56.2578	0x71f26762	255	117	71
4	0	0	89	3109	2484	56.7266	0x71f2675b	255	114	73
4	0	0	90	3109	2485	57.2031	0x73325fac	255	117	79
4	0	0	91	3109	2486	57.6719	0x73f30789	255	116	75
4	0	0	92	3109	2487	58.0938	0x7433b757	255	110	78
4	0	0	93	3109	2488	58.5078	0x7474bf22	255	102	83
4	0	0	94	3109	2489	58.8516	0x75f956b1	255	91	101
4	0	0	95	3109	2490	58.9375	0x787c0ebe	255	87	113
4	0	0	96	3109	2491	59.1016	0x78bee6ad	255	85	125
4	0	0	97	3109	2492	59.0078	0x7384f66a	255	77	144
4	0	0	98	3109	2493	58.7891	0x6f88865f	255	76	154
4	0	0	99	3109	2494	58.4531	0x6e095e57	255	76	161
4	0	0	100	3109	2495	58.1719	0x72884e91	255	82	157
4	0	0	101	3109	2496	57.9141	0x76465eb4	255	87	150
4	0	0	102	3110	2480	54.8828	0x7172674c	255	113	73
4	0	0	103	3110	2481	55.3594	0x71326740	255	113	73
4	0	0	104	3110	2482	55.8281	0x6ab00f11	255	110	69
4	0	0	105	3110	2483	56.5234	0x68efeee7	255	96	65
4	0	0	106	3110	2484	57.0078	0x6e75367f	255	95	83
4	0	0	107	3110	2485	57.25	0x6eb5667f	255	104	87
4	0	0	108	3110	2486	57.7188	0x69b28681	255	103	75
4	0	0	109	3110	2487	58.1953	0x68728e6c	255	96	74
4	0	0	110	3110	2488	58.6641	0x69f3d65c	255	90	81
4	0	0	111	3110	2489	59.0312	0x6cb65e46	255	84	91
4	0	0	112	3110	2490	59.3047	0x6c7b35f7	255	73	114
4	0	0	113	3110	2491	59.3359	0x6fbec60d	255	74	123
4	0	0	114	3110	2492	59.3828	0x6e81e603	255	72	136
4	0	0	115	3110	2493	59.2188	0x73465e77	255	79	150
4	0	0	116	3110	2494	58.9766	0x6b899635	255	74	159
4	0	0	117	3110	2495	58.5859	0x6c89ce49	255	74	162
4	0	0	118	3110	2496	58.3281	0x71072e5c	255	76	152
4	0	0	119	3111	2480	55.1953	0x69324681	255	84	75
4	0	0	120	3111	2481	55.6953	0x66b12e82	255	82	71
4	0	0	121	3111	2482	56.2656	0x5fb0962d	255	74	70
4	0	0	122	3111	2483	56.8359	0x5fef2e64	255	79	65
4	0	0	123	3111	2484	57.5469	0x5cb03615	255	71	69
4	0	0	124	3111	2485	58.0234	0x5cf2bdcf	255	61	83
4	0	0	125	3111	2486	58.4922	0x5cb2bdcd	255	60	81
4	0	0	126	3111	2487	58.9688	0x5d32e5ce	255	60	81
4	0	0	127	3111	2488	59.4219	0x5ef3cdcc	255	59	85
4	0	0	128	3111	2489	59.8203	0x60759db8	255	56	92
4	0	0	129	3111	2490	60.125	0x63f9cda0	255	52	110
4	0	0	130	3111	2491	60.2188	0x643f8582	255	46	122
4	0	0	131	3111	2492	60.1562	0x5888f559	255	42	144
4	0	0	132	3111	2493	59.625	0x580a2d65	255	46	149
4	0	0	133	3111	2494	59.4688	0x58c78d49	255	44	148
4	0	0	134	3111	2495	59.1328	0x5c49b583	255	51	160
4	0	0	135	3111	2496	58.8203	0x6047958d	255	52	151
4	0	0	136	3112	2480	55.7031	0x6332a61a	255	70	78
4	0	0	137	3112	2481	56.1797	0x5e302628	255	73	69
4	0	0	138	3112	2482	56.8906	0x592fb5fd	255	69	68
4	0	0	139	3112	2483	57.4297	0x592f9dff	255	68	67
4	0	0	140	3112	2484	58.1484	0x5e302628	255	72	70
4	0	0	141	3112	2485	58.6172	0x6332a61d	255	70	78
4	0	0	142	3112	2486	59.0938	0x6332a61a	255	70	78
4	0	0	143	3112	2487	59.5625	0x6372be1d	255	70	79
4	0	0	144	3112	2488	60.0312	0x5d7345c7	255	62	80
4	0	0	145	3112	2489	60.4609	0x5e74d5b2	255	55	90
4	0	0	146	3112	2490	60.7969	0x60b8cd8b	255	50	107
4	0	0	147	3112	2491	60.9297	0x5ff97d7d	255	47	108
4	0	0	148	3112	2492	61.2188	0x5e3ec54c	255	40	130
4	0	0	149	3112	2493	61.0078	0x51c56502	255	32	141
4	0	0	150	3112	2494	60.875	0x48cb3508	255	32	145
4	0	0	151	3112	2495	60.2266	0x490d452c	255	36	164
4	0	0	152	3112	2496	59.9062	0x4e08b507	255	33	149
4	0	0	153	3113	2480	56.3047	0x6332a61a	255	70	78
4	0	0	154	3113	2481	56.7734	0x5cf03617	255	74	70
4	0	0	155	3113	2482	57.4922	0x5fef2e64	255	84	63
4	0	0	156	3113	2483	58.0547	0x5ff0ae2c	255	79	68
4	0	0	157	3113	2484	58.625	0x66b12e82	255	84	70
4	0	0	158	3113	2485	59.125	0x68f22e81	255	84	75
4	0	0	159	3113	2486	59.6016	0x69b28681	255	84	76
4	0	0	160	3113	2487	60.0703	0x636fc683	255	92	67
4	0	0	161	3113	2488	60.8125	0x632fc680	255	106	63
4	0	0	162	3113	2489	61.2812	0x69b3166e	255	101	76
4	0	0	163	3113	2490	61.7109	0x6cf73637	255	92	97
4	0	0	164	3113	2491	61.8594	0x6dbb9604	255	77	106
4	0	0	165	3113	2492	61.9922	0x6f3ee605	255	67	125
4	0	0	166	3113	2493	61.9297	0x6681859f	255	54	130
4	0	0	167	3113	2494	61.8984	0x5b48a56b	255	44	140
4	0	0	168	3113	2495	61.3594	0x4d4aad1c	255	34	150
4	0	0	169	3114	2480	56.8125	0x68f22e81	255	84	75
4	0	0	170	3114	2481	57.3125	0x68b21681	255	85	74
4	0	0	171	3114	2482	57.7969	0x68efeee7	255	99	64
4	0	0	172	3114	2483	58.4922	0x6a6ff711	255	111	64
4	0	0	173	3114	2484	58.9688	0x7132673d	255	113	72
4	0	0	174	3114	2485	59.4375	0x7172674c	255	113	73
4	0	0	175	3114	2486	59.9141	0x7172674c	255	113	73
4	0	0	176	3114	2487	60.3828	0x7172674c	255	113	73
4	0	0	177	3114	2488	60.8594	0x73725fd0	255	120	70
4	0	0	178	3114	2489	61.3281	0x73725fd0	255	122	73
4	0	0	179	3114	2490	61.8047	0x7774cfb8	255	116	82
4	0	0	180	3114	2491	62.0781	0x77f77f1b	255	99	94
4	0	0	181	3114	2492	62.3594	0x76398eb4	255	84	107
4	0	0	182	3114	2493	62.4922	0x6f7bee19	255	67	113
4	0	0	183	3114	2494	62.6172	0x6a8045cc	255	56	129
4	0	0	184	3114	2495	62.4766	0x5d83f552	255	42	139
4	0	0	185	3114	2496	62.3672	0x57465530	255	39	136
4	0	0	186	3113	2496	61.1641	0x4bc8b4f8	255	29	149
4	0	0	187	3115	2480	57.125	0x7172674c	255	113	73
4	0	0	188	3115	2481	57.5938	0x71f2675b	255	114	73
4	0	0	189	3115	2482	58.0703	0x71f2675f	255	114	73
4	0	0	190	3115	2483	58.5391	0x73725fd0	255	120	70
4	0	0	191	3115	2484	59.0156	0x73725fd0	255	122	73
4	0	0	192	3115	2485	59.4844	0x7232676a	255	117	72
4	0	0	193	3115	2486	59.9609	0x7232676a	255	115	73
4	0	0	194	3115	2487	60.4297	0x7172674c	255	114	72
4	0	0	195	3115	2488	60.9062	0x71b2674f	255	113	73
4	0	0	196	3115	2489	61.375	0x7172674c	255	113	73
4	0	0	197	3115	2490	61.8516	0x71b2674f	255	113	73
4	0	0	198	3115	2491	62.3203	0x71b3def7	255	100	82
4	0	0	199	3115	2492	62.6797	0x71b596b9	255	88	87
4	0	0	200	3115	2493	63.0156	0x6f77be56	255	75	100
4	0	0	201	3115	2494	63.2188	0x6fbd6613	255	66	123
4	0	0	202	3115	2495	63.1797	0x6a8085cc	255	55	128
4	0	0	203	3115	2496	63.1875	0x633f057b	255	47	124
4	0	0	204	3116	2480	57.1719	0x73725fd0	255	122	73
4	0	0	205	3116	2481	57.6406	0x73725fd0	255	122	73
4	0	0	206	3116	2482	58.1172	0x71f26762	255	117	71
4	0	0	207	3116	2483	58.5859	0x71b26757	255	114	73
4	0	0	208	3116	2484	59.0625	0x6bb03723	255	111	69
4	0	0	209	3116	2485	59.7344	0x6b70371c	255	102	65
4	0	0	210	3116	2486	60.2109	0x6831d681	255	91	71
4	0	0	211	3116	2487	60.7422	0x6871ee81	255	84	73
4	0	0	212	3116	2488	61.2109	0x69b28681	255	84	76
4	0	0	213	3116	2489	61.6875	0x69b28681	255	84	76
4	0	0	214	3116	2490	62.1562	0x69f2b681	255	84	76
4	0	0	215	3116	2491	62.6172	0x6b334680	255	84	79
4	0	0	216	3116	2492	63.0391	0x6ab45659	255	78	84
4	0	0	217	3116	2493	63.4141	0x6af5d636	255	73	90
4	0	0	218	3116	2494	63.7188	0x6b3a0df3	255	63	113
4	0	0	219	3116	2495	63.7969	0x693bb5c9	255	57	114
4	0	0	220	3116	2496	63.9922	0x65bb3da7	255	51	117
4	0	0	221	3117	2480	57.2188	0x71f2675f	255	114	73
4	0	0	222	3117	2481	57.6875	0x6b700723	255	111	69
4	0	0	223	3117	2482	58.3828	0x68afdee7	255	96	64
4	0	0	224	3117	2483	58.875	0x66b11682	255	88	70
4	0	0	225	3117	2484	59.4609	0x65313667	255	81	71
4	0	0	226	3117	2485	59.9453	0x5e6ede5c	255	83	64
4	0	0	227	3117	2486	60.7812	0x596f2e10	255	71	66
4	0	0	228	3117	2487	61.25	0x6332a61a	255	69	78
4	0	0	229	3117	2488	61.7266	0x6332a61a	255	70	78
4	0	0	230	3117	2489	62.1953	0x6332a61a	255	70	78
4	0	0	231	3117	2490	62.6719	0x6332a61a	255	70	78
4	0	0	232	3117	2491	63.1406	0x6332d617	255	69	80
4	0	0	233	3117	2492	63.6016	0x62b34605	255	67	81
4	0	0	234	3117	2493	64.0312	0x62341dea	255	62	86
4	0	0	235	3117	2494	64.4219	0x65788dbf	255	55	108
4	0	0	236	3117	2495	64.5156	0x663c6da4	255	54	115
4	0	0	237	3117	2496	64.6484	0x68bbb5c5	255	56	113
4	0	0	238	3118	2480	57.4922	0x66eeceff	255	101	58
4	0	0	239	3118	2481	58.0859	0x5e6ffe33	255	76	67
4	0	0	240	3118	2482	58.6953	0x5eeed664	255	79	64
4	0	0	241	3118	2483	59.4062	0x5b2f8e18	255	72	66
4	0	0	242	3118	2484	59.9531	0x5c2f8627	255	71	69
4	0	0	243	3118	2485	60.6641	0x53ee55f1	255	68	61
4	0	0	244	3118	2486	61.375	0x5e302628	255	71	69
4	0	0	245	3118	2487	61.8516	0x6332a61a	255	70	78
4	0	0	246	3118	2488	62.3203	0x6332a61d	255	70	78
4	0	0	247	3118	2489	62.7969	0x6332a61a	255	70	78
4	0	0	248	3118	2490	63.2656	0x6372be1d	255	70	78
4	0	0	249	3118	2491	63.7344	0x6332a61a	255	70	78
4	0	0	250	3118	2492	64.2109	0x6332be17	255	69	79
4	0	0	251	3118	2493	64.6719	0x6333460a	255	68	81
4	0	0	252	3118	2494	65.1016	0x69370605	255	62	99
4	0	0	253	3118	2495	65.2656	0x68bc2dc0	255	56	115
4	0	0	254	3118	2496	65.3438	0x673d85a7	255	53	116
4	0	0	255	3119	2480	57.7422	0x582bbe99	255	93	47
4	0	0	256	3119	2481	58.7344	0x522d6603	255	76	57
4	0	0	257	3119	2482	59.2891	0x58af7dfd	255	68	67
4	0	0	258	3119	2483	60.0078	0x5c2f8624	255	72	68
4	0	0	259	3119	2484	60.5469	0x5d6fde29	255	74	67
4	0	0	260	3119	2485	61.2266	0x5b6f062f	255	78	63
4	0	0	261	3119	2486	61.8594	0x65308682	255	85	68
4	0	0	262	3119	2487	62.3594	0x69324681	255	84	75
4	0	0	263	3119	2488	62.8281	0x69b28681	255	84	76
4	0	0	264	3119	2489	63.3047	0x69b28681	255	84	76
4	0	0	265	3119	2490	63.7734	0x69b28681	255	84	76
4	0	0	266	3119	2491	64.25	0x69728e7e	255	84	76
4	0	0	267	3119	2492	64.7188	0x69f29e81	255	84	76
4	0	0	268	3119	2493	65.1875	0x6b338e7a	255	82	79
4	0	0	269	3119	2494	65.5781	0x6db59e69	255	78	89
4	0	0	270	3119	2495	65.8828	0x6df7fe39	255	68	101
4	0	0	271	3119	2496	66.1016	0x673a65bd	255	55	109
4	0	0	272	3120	2480	58.2656	0x4cea9642	255	88	44
4	0	0	273	3120	2481	59.3125	0x58ec368a	255	92	50
4	0	0	274	3120	2482	59.9219	0x61f00e60	255	85	63
4	0	0	275	3120	2483	60.5	0x64f0ce73	255	83	69
4	0	0	276	3120	2484	61.0312	0x646f969f	255	95	65
4	0	0	277	3120	2485	61.7266	0x69b016f5	255	110	64
4	0	0	278	3120	2486	62.1953	0x70b26f2a	255	108	71
4	0	0	279	3120	2487	62.6719	0x70f26731	255	107	73
4	0	0	280	3120	2488	63.1406	0x70b26f2e	255	106	73
4	0	0	281	3120	2489	63.6172	0x70b26f2e	255	106	73
4	0	0	282	3120	2490	64.0859	0x70726f26	255	105	73
4	0	0	283	3120	2491	64.5625	0x70726f23	255	104	73
4	0	0	284	3120	2492	65.0312	0x70726f23	255	104	73
4	0	0	285	3120	2493	65.5078	0x70326f18	255	103	74
4	0	0	286	3120	2494	65.9766	0x72b4bef0	255	96	81
4	0	0	287	3120	2495	66.2656	0x6ff4dea8	255	86	86
4	0	0	288	3120	2496	66.7266	0x6bb59e47	255	72	92
4	1	1	0	3104	2484	52.1562	0x54bd2d06	255	99	122
4	1	1	1	3104	2485	52.375	0x4d34152f	255	97	85
4	1	1	2	3105	2485	54.5312	0x3cfbd486	255	17	116
4	1	1	3	3104	2486	53	0x5f797d77	255	95	116
4	1	1	4	3104	2492	52.5078	0x1568fd4f	255	105	118
4	1	1	5	3105	2492	55.7891	0x256f84c9	255	15	91
4	1	1	6	3105	2493	56.4297	0x6baf07a1	255	107	71
4	1	1	7	3104	2493	57	0x11697d37	255	49	77
4	1	1	8	3104	2494	57	0x2e800447	255	39	120
4	1	1	9	3105	2494	57.0469	0x75f49f6a	255	114	91
4	1	1	10	3104	2495	57	0x2afb5c47	255	29	122
4	1	1	11	3105	2495	57.1953	0x7cfbaf53	255	112	115
4	1	1	12	3104	2496	57.2969	0x7977475e	255	101	81
4	1	1	13	3105	2496	57.3203	0x7dba5fd0	255	122	106
4	1	1	14	3105	2480	53.6875	0x4ef58524	255	36	97
4	1	1	15	3106	2480	54.4922	0x6573262b	255	77	80
4	1	1	16	3105	2481	54.0156	0x4d77a4fe	255	28	109
4	1	1	17	3106	2481	54.9375	0x6333d5fb	255	72	82
4	1	1	18	3106	2482	55.3359	0x6035b5b4	255	56	95
4	1	1	19	3105	2482	54.2422	0x45fac4b8	255	22	116
4	1	1	20	3105	2483	54.3516	0x403d8c8e	255	17	123
4	1	1	21	3106	2483	55.6328	0x5c783d69	255	48	103
4	1	1	22	3106	2492	56.9766	0x5679d529	255	38	114
4	1	1	23	3106	2493	57.1875	0x687afdc8	255	57	111
4	1	1	24	3106	2494	57.2969	0x7a3d86dd	255	90	119
4	1	1	25	3107	2480	54.7422	0x7232676a	255	115	73
4	1	1	26	3107	2481	55.2188	0x71f2675b	255	113	74
4	1	1	27	3107	2482	55.6875	0x72b33f39	255	112	76
4	1	1	28	3107	2483	56.0938	0x7536bee5	255	98	86
4	1	1	29	3106	2484	55.8438	0x5aba4d45	255	38	111
4	1	1	30	3107	2484	56.2969	0x6eb5b679	255	80	92
4	1	1	31	3107	2485	56.7812	0x6774be1f	255	68	92
4	1	1	32	3106	2485	56	0x537afd09	255	33	113
4	1	1	33	3106	2486	56.1641	0x507afcf4	255	30	112
4	1	1	34	3107	2486	57.0625	0x65f795d2	255	61	98
4	1	1	35	3107	2487	57.3359	0x60b7cd98	255	51	101
4	1	1	36	3108	2480	54.7891	0x73725fd0	255	122	73
4	1	1	37	3108	2481	55.2656	0x73725fd0	255	122	73
4	1	1	38	3108	2482	55.7344	0x73725fd0	255	121	74
4	1	1	39	3108	2483	56.2109	0x73325fac	255	118	73
4	1	1	40	3108	2484	56.6797	0x72333f2a	255	111	77
4	1	1	41	3108	2485	57.0859	0x73b41f2d	255	105	80
4	1	1	42	3108	2486	57.4844	0x71748ed7	255	95	83
4	1	1	43	3108	2487	57.8594	0x6f751698	255	87	85
4	1	1	44	3108	2488	58.2188	0x70f8a65c	255	76	98
4	1	1	45	3107	2488	57.6016	0x5d78b56d	255	46	104
4	1	1	46	3107	2489	57.8125	0x5fbb1d6c	255	43	113
4	1	1	47	3108	2489	58.3359	0x6eb9762a	255	69	106
4	1	1	48	3109	2480	54.8359	0x73725fd0	255	122	73
4	1	1	49	3109	2481	55.3125	0x73725fd0	255	122	73
4	1	1	50	3109	2482	55.7812	0x73725fd0	255	122	73
4	1	1	51	3109	2483	56.2578	0x71f26762	255	117	71
4	1	1	52	3109	2484	56.7266	0x71f2675b	255	114	73
4	1	1	53	3109	2485	57.2031	0x73325fac	255	117	79
4	1	1	54	3109	2486	57.6719	0x73f30789	255	116	75
4	1	1	55	3109	2487	58.0938	0x7433b757	255	110	78
4	1	1	56	3109	2488	58.5078	0x7474bf22	255	102	83
4	1	1	57	3109	2489	58.8516	0x75f956b1	255	91	101
4	1	1	58	3110	2480	54.8828	0x7172674c	255	113	73
4	1	1	59	3110	2481	55.3594	0x71326740	255	113	73
4	1	1	60	3110	2482	55.8281	0x6ab00f11	255	110	69
4	1	1	61	3110	2483	56.5234	0x68efeee7	255	96	65
4	1	1	62	3110	2484	57.0078	0x6e75367f	255	95	83
4	1	1	63	3110	2485	57.25	0x6eb5667f	255	104	87
4	1	1	64	3110	2486	57.7188	0x69b28681	255	103	75
4	1	1	65	3110	2487	58.1953	0x68728e6c	255	96	74
4	1	1	66	3110	2488	58.6641	0x69f3d65c	255	90	81
4	1	1	67	3110	2489	59.0312	0x6cb65e46	255	84	91
4	1	1	68	3110	2490	59.3047	0x6c7b35f7	255	73	114
4	1	1	69	3111	2480	55.1953	0x69324681	255	84	75
4	1	1	70	3111	2481	55.6953	0x66b12e82	255	82	71
4	1	1	71	3111	2482	56.2656	0x5fb0962d	255	74	70
4	1	1	72	3111	2483	56.8359	0x5fef2e64	255	79	65
4	1	1	73	3111	2484	57.5469	0x5cb03615	255	71	69
4	1	1	74	3111	2485	58.0234	0x5cf2bdcf	255	61	83
4	1	1	75	3111	2486	58.4922	0x5cb2bdcd	255	60	81
4	1	1	76	3111	2487	58.9688	0x5d32e5ce	255	60	81
4	1	1	77	3111	2488	59.4219	0x5ef3cdcc	255	59	85
4	1	1	78	3111	2489	59.8203	0x60759db8	255	56	92
4	1	1	79	3111	2490	60.125	0x63f9cda0	255	52	110
4	1	1	80	3112	2480	55.7031	0x6332a61a	255	70	78
4	1	1	81	3112	2481	56.1797	0x5e302628	255	73	69
4	1	1	82	3112	2482	56.8906	0x592fb5fd	255	69	68
4	1	1	83	3112	2483	57.4297	0x592f9dff	255	68	67
4	1	1	84	3112	2484	58.1484	0x5e302628	255	72	70
4	1	1	85	3112	2485	58.6172	0x6332a61d	255	70	78
4	1	1	86	3112	2486	59.0938	0x6332a61a	255	70	78
4	1	1	87	3112	2487	59.5625	0x6372be1d	255	70	79
4	1	1	88	3112	2488	60.0312	0x5d7345c7	255	62	80
4	1	1	89	3112	2489	60.4609	0x5e74d5b2	255	55	90
4	1	1	90	3112	2490	60.7969	0x60b8cd8b	255	50	107
4	1	1	91	3113	2480	56.3047	0x6332a61a	255	70	78
4	1	1	92	3113	2481	56.7734	0x5cf03617	255	74	70
4	1	1	93	3113	2482	57.4922	0x5fef2e64	255	84	63
4	1	1	94	3113	2483	58.0547	0x5ff0ae2c	255	79	68
4	1	1	95	3113	2484	58.625	0x66b12e82	255	84	70
4	1	1	96	3113	2485	59.125	0x68f22e81	255	84	75
4	1	1	97	3113	2486	59.6016	0x69b28681	255	84	76
4	1	1	98	3113	2487	60.0703	0x636fc683	255	92	67
4	1	1	99	3113	2488	60.8125	0x632fc680	255	106	63
4	1	1	100	3113	2489	61.2812	0x69b3166e	255	101	76
4	1	1	101	3113	2490	61.7109	0x6cf73637	255	92	97
4	1	1	102	3113	2491	61.8594	0x6dbb9604	255	77	106
4	1	1	103	3112	2491	60.9297	0x5ff97d7d	255	47	108
4	1	1	104	3112	2492	61.2188	0x5e3ec54c	255	40	130
4	1	1	105	3113	2492	61.9922	0x6f3ee605	255	67	125
4	1	1	106	3114	2480	56.8125	0x68f22e81	255	84	75
4	1	1	107	3114	2481	57.3125	0x68b21681	255	85	74
4	1	1	108	3114	2482	57.7969	0x68efeee7	255	99	64
4	1	1	109	3114	2483	58.4922	0x6a6ff711	255	111	64
4	1	1	110	3114	2484	58.9688	0x7132673d	255	113	72
4	1	1	111	3114	2485	59.4375	0x7172674c	255	113	73
4	1	1	112	3114	2486	59.9141	0x7172674c	255	113	73
4	1	1	113	3114	2487	60.3828	0x7172674c	255	113	73
4	1	1	114	3114	2488	60.8594	0x73725fd0	255	120	70
4	1	1	115	3114	2489	61.3281	0x73725fd0	255	122	73
4	1	1	116	3114	2490	61.8047	0x7774cfb8	255	116	82
4	1	1	117	3114	2491	62.0781	0x77f77f1b	255	99	94
4	1	1	118	3114	2492	62.3594	0x76398eb4	255	84	107
4	1	1	119	3115	2480	57.125	0x7172674c	255	113	73
4	1	1	120	3115	2481	57.5938	0x71f2675b	255	114	73
4	1	1	121	3115	2482	58.0703	0x71f2675f	255	114	73
4	1	1	122	3115	2483	58.5391	0x73725fd0	255	120	70
4	1	1	123	3115	2484	59.0156	0x73725fd0	255	122	73
4	1	1	124	3115	2485	59.4844	0x7232676a	255	117	72
4	1	1	125	3115	2486	59.9609	0x7232676a	255	115	73
4	1	1	126	3115	2487	60.4297	0x7172674c	255	114	72
4	1	1	127	3115	2488	60.9062	0x71b2674f	255	113	73
4	1	1	128	3115	2489	61.375	0x7172674c	255	113	73
4	1	1	129	3115	2490	61.8516	0x71b2674f	255	113	73
4	1	1	130	3115	2491	62.3203	0x71b3def7	255	100	82
4	1	1	131	3115	2492	62.6797	0x71b596b9	255	88	87
4	1	1	132	3115	2493	63.0156	0x6f77be56	255	75	100
4	1	1	133	3114	2493	62.4922	0x6f7bee19	255	67	113
4	1	1	134	3114	2494	62.6172	0x6a8045cc	255	56	129
4	1	1	135	3115	2494	63.2188	0x6fbd6613	255	66	123
4	1	1	136	3116	2480	57.1719	0x73725fd0	255	122	73
4	1	1	137	3116	2481	57.6406	0x73725fd0	255	122	73
4	1	1	138	3116	2482	58.1172	0x71f26762	255	117	71
4	1	1	139	3116	2483	58.5859	0x71b26757	255	114	73
4	1	1	140	3116	2484	59.0625	0x6bb03723	255	111	69
4	1	1	141	3116	2485	59.7344	0x6b70371c	255	102	65
4	1	1	142	3116	2486	60.2109	0x6831d681	255	91	71
4	1	1	143	3116	2487	60.7422	0x6871ee81	255	84	73
4	1	1	144	3116	2488	61.2109	0x69b28681	255	84	76
4	1	1	145	3116	2489	61.6875	0x69b28681	255	84	76
4	1	1	146	3116	2490	62.1562	0x69f2b681	255	84	76
4	1	1	147	3116	2491	62.6172	0x6b334680	255	84	79
4	1	1	148	3116	2492	63.0391	0x6ab45659	255	78	84
4	1	1	149	3116	2493	63.4141	0x6af5d636	255	73	90
4	1	1	150	3116	2494	63.7188	0x6b3a0df3	255	63	113
4	1	1	151	3117	2480	57.2188	0x71f2675f	255	114	73
4	1	1	152	3117	2481	57.6875	0x6b700723	255	111	69
4	1	1	153	3117	2482	58.3828	0x68afdee7	255	96	64
4	1	1	154	3117	2483	58.875	0x66b11682	255	88	70
4	1	1	155	3117	2484	59.4609	0x65313667	255	81	71
4	1	1	156	3117	2485	59.9453	0x5e6ede5c	255	83	64
4	1	1	157	3117	2486	60.7812	0x596f2e10	255	71	66
4	1	1	158	3117	2487	61.25	0x6332a61a	255	69	78
4	1	1	159	3117	2488	61.7266	0x6332a61a	255	70	78
4	1	1	160	3117	2489	62.1953	0x6332a61a	255	70	78
4	1	1	161	3117	2490	62.6719	0x6332a61a	255	70	78
4	1	1	162	3117	2491	63.1406	0x6332d617	255	69	80
4	1	1	163	3117	2492	63.6016	0x62b34605	255	67	81
4	1	1	164	3117	2493	64.0312	0x62341dea	255	62	86
4	1	1	165	3117	2494	64.4219	0x65788dbf	255	55	108
4	1	1	166	3118	2480	57.4922	0x66eeceff	255	101	58
4	1	1	167	3118	2481	58.0859	0x5e6ffe33	255	76	67
4	1	1	168	3118	2482	58.6953	0x5eeed664	255	79	64
4	1	1	169	3118	2483	59.4062	0x5b2f8e18	255	72	66
4	1	1	170	3118	2484	59.9531	0x5c2f8627	255	71	69
4	1	1	171	3118	2485	60.6641	0x53ee55f1	255	68	61
4	1	1	172	3118	2486	61.375	0x5e302628	255	71	69
4	1	1	173	3118	2487	61.8516	0x6332a61a	255	70	78
4	1	1	174	3118	2488	62.3203	0x6332a61d	255	70	78
4	1	1	175	3118	2489	62.7969	0x6332a61a	255	70	78
4	1	1	176	3118	2490	63.2656	0x6372be1d	255	70	78
4	1	1	177	3118	2491	63.7344	0x6332a61a	255	70	78
4	1	1	178	3118	2492	64.2109	0x6332be17	255	69	79
4	1	1	179	3118	2493	64.6719	0x6333460a	255	68	81
4	1	1	180	3118	2494	65.1016	0x69370605	255	62	99
4	1	1	181	3117	2495	64.5156	0x663c6da4	255	54	115
4	1	1	182	3118	2495	65.2656	0x68bc2dc0	255	56	115
4	1	1	183	3119	2480	57.7422	0x582bbe99	255	93	47
4	1	1	184	3119	2481	58.7344	0x522d6603	255	76	57
4	1	1	185	3119	2482	59.2891	0x58af7dfd	255	68	67
4	1	1	186	3119	2483	60.0078	0x5c2f8624	255	72	68
4	1	1	187	3119	2484	60.5469	0x5d6fde29	255	74	67
4	1	1	188	3119	2485	61.2266	0x5b6f062f	255	78	63
4	1	1	189	3119	2486	61.8594	0x65308682	255	85	68
4	1	1	190	3119	2487	62.3594	0x69324681	255	84	75
4	1	1	191	3119	2488	62.8281	0x69b28681	255	84	76
4	1	1	192	3119	2489	63.3047	0x69b28681	255	84	76
4	1	1	193	3119	2490	63.7734	0x69b28681	255	84	76
4	1	1	194	3119	2491	64.25	0x69728e7e	255	84	76
4	1	1	195	3119	2492	64.7188	0x69f29e81	255	84	76
4	1	1	196	3119	2493	65.1875	0x6b338e7a	255	82	79
4	1	1	197	3119	2494	65.5781	0x6db59e69	255	78	89
4	1	1	198	3119	2495	65.8828	0x6df7fe39	255	68	101
4	1	1	199	3118	2496	65.3438	0x673d85a7	255	53	116
4	1	1	200	3119	2496	66.1016	0x673a65bd	255	55	109
4	1	1	201	3120	2480	58.2656	0x4cea9642	255	88	44
4	1	1	202	3120	2481	59.3125	0x58ec368a	255	92	50
4	1	1	203	3120	2482	59.9219	0x61f00e60	255	85	63
4	1	1	204	3120	2483	60.5	0x64f0ce73	255	83	69
4	1	1	205	3120	2484	61.0312	0x646f969f	255	95	65
4	1	1	206	3120	2485	61.7266	0x69b016f5	255	110	64
4	1	1	207	3120	2486	62.1953	0x70b26f2a	255	108	71
4	1	1	208	3120	2487	62.6719	0x70f26731	255	107	73
4	1	1	209	3120	2488	63.1406	0x70b26f2e	255	106	73
4	1	1	210	3120	2489	63.6172	0x70b26f2e	255	106	73
4	1	1	211	3120	2490	64.0859	0x70726f26	255	105	73
4	1	1	212	3120	2491	64.5625	0x70726f23	255	104	73
4	1	1	213	3120	2492	65.0312	0x70726f23	255	104	73
4	1	1	214	3120	2493	65.5078	0x70326f18	255	103	74
4	1	1	215	3120	2494	65.9766	0x72b4bef0	255	96	81
4	1	1	216	3120	2495	66.2656	0x6ff4dea8	255	86	86
4	1	1	217	3120	2496	66.7266	0x6bb59e47	255	72	92
4	2	2	0	3108	2492	58.5156	0x6d04ee01	255	64	141
4	2	2	1	3107	2493	57.7734	0x6e835e08	255	64	135
4	2	2	2	3108	2493	58.3203	0x6e872e33	255	71	152
4	2	2	3	3108	2494	58.0547	0x7247de81	255	80	152
4	2	2	4	3107	2494	57.6406	0x76839e96	255	82	140
4	2	2	5	3107	2495	57.5469	0x7c02a717	255	101	134
4	2	2	6	3108	2495	57.8125	0x77467ecf	255	90	151
4	2	2	7	3109	2492	59.0078	0x7384f66a	255	77	144
4	2	2	8	3109	2493	58.7891	0x6f88865f	255	76	154
4	2	2	9	3109	2494	58.4531	0x6e095e57	255	76	161
4	2	2	10	3109	2495	58.1719	0x72884e91	255	82	157
4	2	2	11	3108	2496	57.6406	0x7bc3df25	255	105	137
4	2	2	12	3109	2496	57.9141	0x76465eb4	255	87	150
4	2	2	13	3110	2492	59.3828	0x6e81e603	255	72	136
4	2	2	14	3110	2493	59.2188	0x73465e77	255	79	150
4	2	2	15	3110	2494	58.9766	0x6b899635	255	74	159
4	2	2	16	3110	2495	58.5859	0x6c89ce49	255	74	162
4	2	2	17	3110	2496	58.3281	0x71072e5c	255	76	152
4	2	2	18	3111	2493	59.625	0x580a2d65	255	46	149
4	2	2	19	3111	2494	59.4688	0x58c78d49	255	44	148
4	2	2	20	3111	2495	59.1328	0x5c49b583	255	51	160
4	2	2	21	3111	2496	58.8203	0x6047958d	255	52	151
4	2	2	22	3112	2494	60.875	0x48cb3508	255	32	145
4	2	2	23	3112	2495	60.2266	0x490d452c	255	36	164
4	2	2	24	3112	2496	59.9062	0x4e08b507	255	33	149
4	3	3	0	3104	2480	52.3047	0x6477cdc0	255	108	94
4	3	3	1	3105	2480	53.6875	0x4ef58524	255	36	97
4	3	3	2	3105	2481	54.0156	0x4d77a4fe	255	28	109
4	3	3	3	3104	2481	52.5391	0x66fee5a1	255	105	125
4	3	3	4	3104	2482	52.375	0x5b85654a	255	100	146
4	3	3	5	3105	2482	54.2422	0x45fac4b8	255	22	116
4	3	3	6	3105	2483	54.3516	0x403d8c8e	255	17	123
4	3	3	7	3104	2483	52.1953	0x56037d14	255	100	138
4	3	3	8	3104	2484	52.1562	0x54bd2d06	255	99	122
4	3	3	9	3105	2484	54.3984	0x3cbd2c80	255	15	122
4	3	3	10	3105	2485	54.5312	0x3cfbd486	255	17	116
4	3	3	11	3104	2485	52.375	0x4d34152f	255	97	85
4	3	3	12	3104	2486	53	0x5f797d77	255	95	116
4	3	3	13	3105	2486	54.6641	0x42ba6ca9	255	20	115
4	3	3	14	3105	2487	54.8906	0x3e7bf48c	255	16	123
4	3	3	15	3104	2487	52.7969	0x56852521	255	98	146
4	3	3	16	3104	2488	52.6719	0x5442dd05	255	97	137
4	3	3	17	3105	2488	54.9219	0x3b404475	255	14	127
4	3	3	18	3105	2489	54.875	0x38fe846d	255	13	124
4	3	3	19	3104	2489	52.6172	0x54ff6502	255	99	126
4	3	3	20	3104	2490	52.7109	0x538224fc	255	92	130
4	3	3	21	3105	2490	55.0156	0x393e446e	255	13	125
4	3	3	22	3105	2491	54.9844	0x2ff50c8e	255	12	123
4	3	3	23	3104	2491	52.4844	0x4f433ce4	255	98	132
4	3	3	24	3104	2492	52.5078	0x1568fd4f	255	105	118
4	3	3	25	3105	2492	55.7891	0x256f84c9	255	15	91
4	3	3	26	3105	2493	56.4297	0x6baf07a1	255	107	71
4	3	3	27	3104	2493	57	0x11697d37	255	49	77
4	3	3	28	3104	2494	57	0x2e800447	255	39	120
4	3	3	29	3105	2494	57.0469	0x75f49f6a	255	114	91
4	3	3	30	3105	2495	57.1953	0x7cfbaf53	255	112	115
4	3	3	31	3104	2495	57	0x2afb5c47	255	29	122
4	3	3	32	3104	2496	57.2969	0x7977475e	255	101	81
4	3	3	33	3105	2496	57.3203	0x7dba5fd0	255	122	106
4	3	3	34	3106	2480	54.4922	0x6573262b	255	77	80
4	3	3	35	3106	2481	54.9375	0x6333d5fb	255	72	82
4	3	3	36	3106	2482	55.3359	0x6035b5b4	255	56	95
4	3	3	37	3106	2483	55.6328	0x5c783d69	255	48	103
4	3	3	38	3106	2484	55.8438	0x5aba4d45	255	38	111
4	3	3	39	3106	2485	56	0x537afd09	255	33	113
4	3	3	40	3106	2486	56.1641	0x507afcf4	255	30	112
4	3	3	41	3106	2487	56.3203	0x4f3ac4ef	255	29	114
4	3	3	42	3106	2488	56.5	0x4b3b1cd2	255	24	119
4	3	3	43	3106	2489	56.6328	0x477c8cb6	255	22	119
4	3	3	44	3106	2490	56.7188	0x487d84b8	255	23	123
4	3	3	45	3106	2491	56.7891	0x477bf4b8	255	22	119
4	3	3	46	3106	2492	56.9766	0x5679d529	255	38	114
4	3	3	47	3106	2493	57.1875	0x687afdc8	255	57	111
4	3	3	48	3106	2494	57.2969	0x7a3d86dd	255	90	119
4	3	3	49	3107	2480	54.7422	0x7232676a	255	115	73
4	3	3	50	3107	2481	55.2188	0x71f2675b	255	113	74
4	3	3	51	3107	2482	55.6875	0x72b33f39	255	112	76
4	3	3	52	3107	2483	56.0938	0x7536bee5	255	98	86
4	3	3	53	3107	2484	56.2969	0x6eb5b679	255	80	92
4	3	3	54	3107	2485	56.7812	0x6774be1f	255	68	92
4	3	3	55	3107	2486	57.0625	0x65f795d2	255	61	98
4	3	3	56	3107	2487	57.3359	0x60b7cd98	255	51	101
4	3	3	57	3107	2488	57.6016	0x5d78b56d	255	46	104
4	3	3	58	3107	2489	57.8125	0x5fbb1d6c	255	43	113
4	3	3	59	3107	2490	57.9141	0x5c3e853c	255	40	124
4	3	3	60	3107	2491	57.9062	0x5dc1054b	255	44	128
4	3	3	61	3107	2492	57.8516	0x65022591	255	50	134
4	3	3	62	3107	2493	57.7734	0x6e835e08	255	64	135
4	3	3	63	3107	2494	57.6406	0x76839e96	255	82	140
4	3	3	64	3108	2482	55.7344	0x73725fd0	255	121	74
4	3	3	65	3108	2483	56.2109	0x73325fac	255	118	73
4	3	3	66	3108	2484	56.6797	0x72333f2a	255	111	77
4	3	3	67	3108	2485	57.0859	0x73b41f2d	255	105	80
4	3	3	68	3108	2486	57.4844	0x71748ed7	255	95	83
4	3	3	69	3108	2487	57.8594	0x6f751698	255	87	85
4	3	3	70	3108	2488	58.2188	0x70f8a65c	255	76	98
4	3	3	71	3108	2489	58.3359	0x6eb9762a	255	69	106
4	3	3	72	3108	2490	58.6406	0x707b562f	255	66	119
4	3	3	73	3108	2491	58.6328	0x6d8205f3	255	63	132
4	3	3	74	3108	2492	58.5156	0x6d04ee01	255	64	141
4	3	3	75	3108	2493	58.3203	0x6e872e33	255	71	152
4	3	3	76	3108	2494	58.0547	0x7247de81	255	80	152
4	3	3	77	3107	2495	57.5469	0x7c02a717	255	101	134
4	3	3	78	3108	2495	57.8125	0x77467ecf	255	90	151
4	3	3	79	3109	2485	57.2031	0x73325fac	255	117	79
4	3	3	80	3109	2486	57.6719	0x73f30789	255	116	75
4	3	3	81	3109	2487	58.0938	0x7433b757	255	110	78
4	3	3	82	3109	2488	58.5078	0x7474bf22	255	102	83
4	3	3	83	3109	2489	58.8516	0x75f956b1	255	91	101
4	3	3	84	3109	2490	58.9375	0x787c0ebe	255	87	113
4	3	3	85	3109	2491	59.1016	0x78bee6ad	255	85	125
4	3	3	86	3109	2492	59.0078	0x7384f66a	255	77	144
4	3	3	87	3109	2493	58.7891	0x6f88865f	255	76	154
4	3	3	88	3109	2494	58.4531	0x6e095e57	255	76	161
4	3	3	89	3109	2495	58.1719	0x72884e91	255	82	157
4	3	3	90	3108	2496	57.6406	0x7bc3df25	255	105	137
4	3	3	91	3109	2496	57.9141	0x76465eb4	255	87	150
4	3	3	92	3110	2482	55.8281	0x6ab00f11	255	110	69
4	3	3	93	3109	2483	56.2578	0x71f26762	255	117	71
4	3	3	94	3110	2483	56.5234	0x68efeee7	255	96	65
4	3	3	95	3110	2484	57.0078	0x6e75367f	255	95	83
4	3	3	96	3109	2484	56.7266	0x71f2675b	255	114	73
4	3	3	97	3110	2485	57.25	0x6eb5667f	255	104	87
4	3	3	98	3110	2486	57.7188	0x69b28681	255	103	75
4	3	3	99	3110	2487	58.1953	0x68728e6c	255	96	74
4	3	3	100	3110	2488	58.6641	0x69f3d65c	255	90	81
4	3	3	101	3110	2489	59.0312	0x6cb65e46	255	84	91
4	3	3	102	3110	2490	59.3047	0x6c7b35f7	255	73	114
4	3	3	103	3110	2491	59.3359	0x6fbec60d	255	74	123
4	3	3	104	3110	2492	59.3828	0x6e81e603	255	72	136
4	3	3	105	3110	2493	59.2188	0x73465e77	255	79	150
4	3	3	106	3110	2494	58.9766	0x6b899635	255	74	159
4	3	3	107	3110	2495	58.5859	0x6c89ce49	255	74	162
4	3	3	108	3110	2496	58.3281	0x71072e5c	255	76	152
4	3	3	109	3110	2480	54.8828	0x7172674c	255	113	73
4	3	3	110	3111	2480	55.1953	0x69324681	255	84	75
4	3	3	111	3111	2481	55.6953	0x66b12e82	255	82	71
4	3	3	112	3110	2481	55.3594	0x71326740	255	113	73
4	3	3	113	3111	2482	56.2656	0x5fb0962d	255	74	70
4	3	3	114	3111	2483	56.8359	0x5fef2e64	255	79	65
4	3	3	115	3111	2484	57.5469	0x5cb03615	255	71	69
4	3	3	116	3111	2485	58.0234	0x5cf2bdcf	255	61	83
4	3	3	117	3111	2486	58.4922	0x5cb2bdcd	255	60	81
4	3	3	118	3111	2487	58.9688	0x5d32e5ce	255	60	81
4	3	3	119	3111	2488	59.4219	0x5ef3cdcc	255	59	85
4	3	3	120	3111	2489	59.8203	0x60759db8	255	56	92
4	3	3	121	3111	2490	60.125	0x63f9cda0	255	52	110
4	3	3	122	3111	2491	60.2188	0x643f8582	255	46	122
4	3	3	123	3111	2492	60.1562	0x5888f559	255	42	144
4	3	3	124	3111	2493	59.625	0x580a2d65	255	46	149
4	3	3	125	3111	2494	59.4688	0x58c78d49	255	44	148
4	3	3	126	3111	2495	59.1328	0x5c49b583	255	51	160
4	3	3	127	3111	2496	58.8203	0x6047958d	255	52	151
4	3	3	128	3112	2480	55.7031	0x6332a61a	255	70	78
4	3	3	129	3112	2481	56.1797	0x5e302628	255	73	69
4	3	3	130	3112	2482	56.8906	0x592fb5fd	255	69	68
4	3	3	131	3112	2483	57.4297	0x592f9dff	255	68	67
4	3	3	132	3112	2484	58.1484	0x5e302628	255	72	70
4	3	3	133	3112	2485	58.6172	0x6332a61d	255	70	78
4	3	3	134	3112	2486	59.0938	0x6332a61a	255	70	78
4	3	3	135	3112	2487	59.5625	0x6372be1d	255	70	79
4	3	3	136	3112	2488	60.0312	0x5d7345c7	255	62	80
4	3	3	137	3112	2489	60.4609	0x5e74d5b2	255	55	90
4	3	3	138	3112	2490	60.7969	0x60b8cd8b	255	50	107
4	3	3	139	3112	2491	60.9297	0x5ff97d7d	255	47	108
4	3	3	140	3112	2492	61.2188	0x5e3ec54c	255	40	130
4	3	3	141	3112	2493	61.0078	0x51c56502	255	32	141
4	3	3	142	3112	2494	60.875	0x48cb3508	255	32	145
4	3	3	143	3112	2495	60.2266	0x490d452c	255	36	164
4	3	3	144	3112	2496	59.9062	0x4e08b507	255	33	149
4	3	3	145	3113	2480	56.3047	0x6332a61a	255	70	78
4	3	3	146	3113	2481	56.7734	0x5cf03617	255	74	70
4	3	3	147	3113	2482	57.4922	0x5fef2e64	255	84	63
4	3	3	148	3113	2483	58.0547	0x5ff0ae2c	255	79	68
4	3	3	149	3113	2484	58.625	0x66b12e82	255	84	70
4	3	3	150	3113	2485	59.125	0x68f22e81	255	84	75
4	3	3	151	3113	2486	59.6016	0x69b28681	255	84	76
4	3	3	152	3113	2487	60.0703	0x636fc683	255	92	67
4	3	3	153	3113	2488	60.8125	0x632fc680	255	106	63
4	3	3	154	3113	2489	61.2812	0x69b3166e	255	101	76
4	3	3	155	3113	2490	61.7109	0x6cf73637	255	92	97
4	3	3	156	3113	2491	61.8594	0x6dbb9604	255	77	106
4	3	3	157	3113	2492	61.9922	0x6f3ee605	255	67	125
4	3	3	158	3113	2493	61.9297	0x6681859f	255	54	130
4	3	3	159	3113	2494	61.8984	0x5b48a56b	255	44	140
4	3	3	160	3113	2495	61.3594	0x4d4aad1c	255	34	150
4	3	3	161	3113	2496	61.1641	0x4bc8b4f8	255	29	149
4	3	3	162	3114	2480	56.8125	0x68f22e81	255	84	75
4	3	3	163	3114	2481	57.3125	0x68b21681	255	85	74
4	3	3	164	3114	2482	57.7969	0x68efeee7	255	99	64
4	3	3	165	3114	2483	58.4922	0x6a6ff711	255	111	64
4	3	3	166	3114	2484	58.9688	0x7132673d	255	113	72
4	3	3	167	3114	2485	59.4375	0x7172674c	255	113	73
4	3	3	168	3114	2486	59.9141	0x7172674c	255	113	73
4	3	3	169	3114	2487	60.3828	0x7172674c	255	113	73
4	3	3	170	3114	2488	60.8594	0x73725fd0	255	120	70
4	3	3	171	3114	2489	61.3281	0x73725fd0	255	122	73
4	3	3	172	3114	2490	61.8047	0x7774cfb8	255	116	82
4	3	3	173	3114	2491	62.0781	0x77f77f1b	255	99	94
4	3	3	174	3114	2492	62.3594	0x76398eb4	255	84	107
4	3	3	175	3114	2493	62.4922	0x6f7bee19	255	67	113
4	3	3	176	3114	2494	62.6172	0x6a8045cc	255	56	129
4	3	3	177	3114	2495	62.4766	0x5d83f552	255	42	139
4	3	3	178	3114	2496	62.3672	0x57465530	255	39	136
4	3	3	179	3115	2480	57.125	0x7172674c	255	113	73
4	3	3	180	3115	2481	57.5938	0x71f2675b	255	114	73
4	3	3	181	3115	2482	58.0703	0x71f2675f	255	114	73
4	3	3	182	3115	2483	58.5391	0x73725fd0	255	120	70
4	3	3	183	3115	2490	61.8516	0x71b2674f	255	113	73
4	3	3	184	3115	2491	62.3203	0x71b3def7	255	100	82
4	3	3	185	3115	2492	62.6797	0x71b596b9	255	88	87
4	3	3	186	3115	2493	63.0156	0x6f77be56	255	75	100
4	3	3	187	3115	2494	63.2188	0x6fbd6613	255	66	123
4	3	3	188	3115	2495	63.1797	0x6a8085cc	255	55	128
4	3	3	189	3115	2496	63.1875	0x633f057b	255	47	124
4	3	3	190	3115	2485	59.4844	0x7232676a	255	117	72
4	3	3	191	3116	2485	59.7344	0x6b70371c	255	102	65
4	3	3	192	3116	2486	60.2109	0x6831d681	255	91	71
4	3	3	193	3115	2486	59.9609	0x7232676a	255	115	73
4	3	3	194	3115	2487	60.4297	0x7172674c	255	114	72
4	3	3	195	3116	2487	60.7422	0x6871ee81	255	84	73
4	3	3	196	3116	2488	61.2109	0x69b28681	255	84	76
4	3	3	197	3115	2488	60.9062	0x71b2674f	255	113	73
4	3	3	198	3115	2489	61.375	0x7172674c	255	113	73
4	3	3	199	3116	2489	61.6875	0x69b28681	255	84	76
4	3	3	200	3116	2490	62.1562	0x69f2b681	255	84	76
4	3	3	201	3116	2491	62.6172	0x6b334680	255	84	79
4	3	3	202	3116	2492	63.0391	0x6ab45659	255	78	84
4	3	3	203	3116	2493	63.4141	0x6af5d636	255	73	90
4	3	3	204	3116	2494	63.7188	0x6b3a0df3	255	63	113
4	3	3	205	3116	2495	63.7969	0x693bb5c9	255	57	114
4	3	3	206	3116	2496	63.9922	0x65bb3da7	255	51	117
4	3	3	207	3117	2481	57.6875	0x6b700723	255	111	69
4	3	3	208	3116	2482	58.1172	0x71f26762	255	117	71
4	3	3	209	3117	2482	58.3828	0x68afdee7	255	96	64
4	3	3	210	3117	2483	58.875	0x66b11682	255	88	70
4	3	3	211	3116	2483	58.5859	0x71b26757	255	114	73
4	3	3	212	3116	2484	59.0625	0x6bb03723	255	111	69
4	3	3	213	3117	2484	59.4609	0x65313667	255	81	71
4	3	3	214	3117	2485	59.9453	0x5e6ede5c	255	83	64
4	3	3	215	3117	2486	60.7812	0x596f2e10	255	71	66
4	3	3	216	3117	2487	61.25	0x6332a61a	255	69	78
4	3	3	217	3117	2488	61.7266	0x6332a61a	255	70	78
4	3	3	218	3117	2489	62.1953	0x6332a61a	255	70	78
4	3	3	219	3117	2490	62.6719	0x6332a61a	255	70	78
4	3	3	220	3117	2491	63.1406	0x6332d617	255	69	80
4	3	3	221	3117	2492	63.6016	0x62b34605	255	67	81
4	3	3	222	3117	2493	64.0312	0x62341dea	255	62	86
4	3	3	223	3117	2494	64.4219	0x65788dbf	255	55	108
4	3	3	224	3117	2495	64.5156	0x663c6da4	255	54	115
4	3	3	225	3117	2496	64.6484	0x68bbb5c5	255	56	113
4	3	3	226	3118	2480	57.4922	0x66eeceff	255	101	58
4	3	3	227	3118	2481	58.0859	0x5e6ffe33	255	76	67
4	3	3	228	3118	2482	58.6953	0x5eeed664	255	79	64
4	3	3	229	3118	2483	59.4062	0x5b2f8e18	255	72	66
4	3	3	230	3118	2484	59.9531	0x5c2f8627	255	71	69
4	3	3	231	3118	2485	60.6641	0x53ee55f1	255	68	61
4	3	3	232	3118	2486	61.375	0x5e302628	255	71	69
4	3	3	233	3118	2487	61.8516	0x6332a61a	255	70	78
4	3	3	234	3118	2488	62.3203	0x6332a61d	255	70	78
4	3	3	235	3118	2489	62.7969	0x6332a61a	255	70	78
4	3	3	236	3118	2490	63.2656	0x6372be1d	255	70	78
4	3	3	237	3118	2491	63.7344	0x6332a61a	255	70	78
4	3	3	238	3118	2492	64.2109	0x6332be17	255	69	79
4	3	3	239	3118	2493	64.6719	0x6333460a	255	68	81
4	3	3	240	3118	2494	65.1016	0x69370605	255	62	99
4	3	3	241	3118	2495	65.2656	0x68bc2dc0	255	56	115
4	3	3	242	3118	2496	65.3438	0x673d85a7	255	53	116
4	3	3	243	3119	2480	57.7422	0x582bbe99	255	93	47
4	3	3	244	3119	2481	58.7344	0x522d6603	255	76	57
4	3	3	245	3119	2482	59.2891	0x58af7dfd	255	68	67
4	3	3	246	3119	2483	60.0078	0x5c2f8624	255	72	68
4	3	3	247	3119	2484	60.5469	0x5d6fde29	255	74	67
4	3	3	248	3119	2485	61.2266	0x5b6f062f	255	78	63
4	3	3	249	3119	2486	61.8594	0x65308682	255	85	68
4	3	3	250	3119	2487	62.3594	0x69324681	255	84	75
4	3	3	251	3119	2488	62.8281	0x69b28681	255	84	76
4	3	3	252	3119	2489	63.3047	0x69b28681	255	84	76
4	3	3	253	3119	2490	63.7734	0x69b28681	255	84	76
4	3	3	254	3119	2491	64.25	0x69728e7e	255	84	76
4	3	3	255	3119	2492	64.7188	0x69f29e81	255	84	76
4	3	3	256	3119	2493	65.1875	0x6b338e7a	255	82	79
4	3	3	257	3119	2494	65.5781	0x6db59e69	255	78	89
4	3	3	258	3119	2495	65.8828	0x6df7fe39	255	68	101
4	3	3	259	3119	2496	66.1016	0x673a65bd	255	55	109
4	3	3	260	3120	2480	58.2656	0x4cea9642	255	88	44
4	3	3	261	3120	2481	59.3125	0x58ec368a	255	92	50
4	3	3	262	3120	2482	59.9219	0x61f00e60	255	85	63
4	3	3	263	3120	2483	60.5	0x64f0ce73	255	83	69
4	3	3	264	3120	2484	61.0312	0x646f969f	255	95	65
4	3	3	265	3120	2485	61.7266	0x69b016f5	255	110	64
4	3	3	266	3120	2486	62.1953	0x70b26f2a	255	108	71
4	3	3	267	3120	2487	62.6719	0x70f26731	255	107	73
4	3	3	268	3120	2488	63.1406	0x70b26f2e	255	106	73
4	3	3	269	3120	2489	63.6172	0x70b26f2e	255	106	73
4	3	3	270	3120	2490	64.0859	0x70726f26	255	105	73
4	3	3	271	3120	2491	64.5625	0x70726f23	255	104	73
4	3	3	272	3120	2492	65.0312	0x70726f23	255	104	73
4	3	3	273	3120	2493	65.5078	0x70326f18	255	103	74
4	3	3	274	3120	2494	65.9766	0x72b4bef0	255	96	81
4	3	3	275	3120	2495	66.2656	0x6ff4dea8	255	86	86
4	3	3	276	3120	2496	66.7266	0x6bb59e47	255	72	92
5	0	1	0	3120	2480	58.2656	0x4cea9642	255	88	44
5	0	1	1	3121	2480	58.7734	0x536b9e5b	255	85	47
5	0	1	2	3121	2481	59.5469	0x626daedd	255	94	55
5	0	1	3	3120	2481	59.3125	0x58ec368a	255	92	50
5	0	1	4	3120	2482	59.9219	0x61f00e60	255	85	63
5	0	1	5	3121	2482	60.2031	0x656e9ee7	255	97	59
5	0	1	6	3121	2483	60.8672	0x6c30cf06	255	102	70
5	0	1	7	3120	2483	60.5	0x64f0ce73	255	83	69
5	0	1	8	3120	2484	61.0312	0x646f969f	255	95	65
5	0	1	9	3121	2484	61.2969	0x71b2df2e	255	104	75
5	0	1	10	3121	2485	61.7734	0x71f1d795	255	114	68
5	0	1	11	3120	2485	61.7266	0x69b016f5	255	110	64
5	0	1	12	3120	2486	62.1953	0x70b26f2a	255	108	71
5	0	1	13	3121	2486	62.2891	0x7171bf85	255	114	70
5	0	1	14	3121	2487	62.7734	0x72323776	255	112	72
5	0	1	15	3120	2487	62.6719	0x70f26731	255	107	73
5	0	1	16	3120	2488	63.1406	0x70b26f2e	255	106	73
5	0	1	17	3121	2488	63.25	0x71f24f66	255	110	73
5	0	1	18	3121	2489	63.7266	0x7172375b	255	109	72
5	0	1	19	3120	2489	63.6172	0x70b26f2e	255	106	73
5	0	1	20	3120	2490	64.0859	0x70726f26	255	105	73
5	0	1	21	3121	2490	64.2109	0x70f21f4c	255	108	72
5	0	1	22	3121	2491	64.6953	0x71324f40	255	106	72
5	0	1	23	3120	2491	64.5625	0x70726f23	255	104	73
5	0	1	24	3120	2492	65.0312	0x70726f23	255	104	73
5	0	1	25	3121	2492	65.1641	0x70723f2e	255	105	73
5	0	1	26	3121	2493	65.6562	0x70f21f44	255	106	73
5	0	1	27	3120	2493	65.5078	0x70326f18	255	103	74
5	0	1	28	3120	2494	65.9766	0x72b4bef0	255	96	81
5	0	1	29	3121	2494	66.1328	0x7172674c	255	107	73
5	0	1	30	3121	2495	66.6016	0x6f3286f7	255	100	76
5	0	1	31	3120	2495	66.2656	0x6ff4dea8	255	86	86
5	0	1	32	3120	2496	66.7266	0x6bb59e47	255	72	92
5	0	1	33	3121	2496	67.0703	0x6f328ef4	255	97	74
5	0	1	34	3122	2480	59.2109	0x61acb712	255	113	50
5	0	1	35	3122	2481	59.9141	0x68eecf3d	255	116	58
5	0	1	36	3122	2482	60.5	0x6e30bf4c	255	114	64
5	0	1	37	3122	2483	61.0078	0x72b24791	255	115	72
5	0	1	38	3122	2484	61.4531	0x7272975f	255	110	73
5	0	1	39	3122	2485	61.9375	0x7071f744	255	106	71
5	0	1	40	3122	2486	62.4375	0x6f71af35	255	105	70
5	0	1	41	3122	2487	62.9453	0x6eb1b71b	255	102	71
5	0	1	42	3122	2488	63.4453	0x6df1cefb	255	99	71
5	0	1	43	3122	2489	63.9453	0x6cf1d6df	255	95	72
5	0	1	44	3122	2490	64.4453	0x6bb1dec4	255	93	72
5	0	1	45	3122	2491	64.9453	0x6bf1c6ce	255	93	72
5	0	1	46	3122	2492	65.4531	0x6c3296b0	255	91	75
5	0	1	47	3122	2493	65.8828	0x6eb336ca	255	93	77
5	0	1	48	3122	2494	66.3359	0x6f72b6f7	255	96	76
5	0	1	49	3122	2495	66.8047	0x6f3286f7	255	98	74
5	0	1	50	3122	2496	67.2734	0x6eb276ed	255	97	74
5	0	1	51	3123	2480	59.2578	0x65acbfb8	255	120	50
5	0	1	52	3123	2481	59.9375	0x6aee8fd4	255	122	58
5	0	1	53	3123	2482	60.5625	0x6ef01fd8	255	123	64
5	0	1	54	3123	2483	61.0859	0x70f11fb8	255	119	68
5	0	1	55	3123	2484	61.6172	0x6fb10f7a	255	113	68
5	0	1	56	3123	2485	62.1484	0x6eb0e74f	255	109	68
5	0	1	57	3123	2486	62.6953	0x6df0d740	255	107	67
5	0	1	58	3123	2487	63.2344	0x6c70df0d	255	103	68
5	0	1	59	3123	2488	63.7812	0x6c70df0a	255	101	67
5	0	1	60	3123	2489	64.3203	0x6b70e6ed	255	98	68
5	0	1	61	3123	2490	64.8672	0x6c31c6d2	255	95	72
5	0	1	62	3123	2491	65.3281	0x6af1deb4	255	92	72
5	0	1	63	3123	2492	65.8672	0x6c3236c1	255	92	74
5	0	1	64	3123	2493	66.2969	0x6ef42eac	255	88	79
5	0	1	65	3123	2494	66.6719	0x6cf3b693	255	85	81
5	0	1	66	3123	2495	67.1406	0x69b25e8a	255	85	75
5	0	1	67	3123	2496	67.6328	0x69f2568d	255	84	75
5	0	1	68	3124	2480	59.3516	0x686da7bc	255	120	55
5	0	1	69	3124	2481	60	0x6cef4fd8	255	123	60
5	0	1	70	3124	2482	60.5781	0x6ef01ff4	255	125	64
5	0	1	71	3124	2483	61.1484	0x6f302fdc	255	124	64
5	0	1	72	3124	2484	61.7188	0x6ef02fc4	255	122	64
5	0	1	73	3124	2485	62.2891	0x6fb09fb0	255	121	66
5	0	1	74	3124	2486	62.8203	0x6e701fa5	255	119	64
5	0	1	75	3124	2487	63.4375	0x6eb05f95	255	121	65
5	0	1	76	3124	2488	63.9453	0x6ff0f785	255	116	66
5	0	1	77	3124	2489	64.5078	0x6e306776	255	113	65
5	0	1	78	3124	2490	65.0703	0x6df04f6a	255	111	66
5	0	1	79	3124	2491	65.6406	0x6eb14735	255	108	69
5	0	1	80	3124	2492	66.1172	0x71324f40	255	105	71
5	0	1	81	3124	2493	66.5938	0x6e71e702	255	99	72
5	0	1	82	3124	2494	67.1094	0x6bb1c6c7	255	93	72
5	0	1	83	3124	2495	67.6016	0x6af26e9d	255	87	75
5	0	1	84	3124	2496	68.0625	0x69f1fe9a	255	85	73
5	0	1	85	3125	2480	59.3906	0x6c2f07cc	255	122	59
5	0	1	86	3125	2481	60.0156	0x6def9ff4	255	125	62
5	0	1	87	3125	2482	60.5859	0x6f302ff4	255	126	64
5	0	1	88	3125	2483	61.1562	0x6ef01ff4	255	126	64
5	0	1	89	3125	2484	61.7344	0x6ef01ff4	255	126	64
5	0	1	90	3125	2485	62.3047	0x6f302ff4	255	125	64
5	0	1	91	3125	2486	62.875	0x6f302fdc	255	123	64
5	0	1	92	3125	2487	63.4453	0x6ef01ff4	255	125	64
5	0	1	93	3125	2488	64.0234	0x6ef01fd4	255	123	64
5	0	1	94	3125	2489	64.5938	0x6ef02fd0	255	123	64
5	0	1	95	3125	2490	65.1641	0x6ef02fc8	255	122	64
5	0	1	96	3125	2491	65.7344	0x7030c7c8	255	121	66
5	0	1	97	3125	2492	66.25	0x6ff0df99	255	116	67
5	0	1	98	3125	2493	66.8125	0x6f70f76a	255	112	67
5	0	1	99	3125	2494	67.3203	0x6e70e74c	255	107	67
5	0	1	100	3125	2495	67.8906	0x6db10726	255	104	68
5	0	1	101	3125	2496	68.3906	0x6c30df06	255	101	68
5	0	1	102	3126	2480	59.4531	0x6daf9fd8	255	123	62
5	0	1	103	3126	2481	60.0234	0x6ef01ff4	255	126	64
5	0	1	104	3126	2482	60.6016	0x6ef01ff4	255	126	64
5	0	1	105	3126	2483	61.1719	0x6f302ff4	255	126	64
5	0	1	106	3126	2484	61.7422	0x6f302ff4	255	126	64
5	0	1	107	3126	2485	62.3125	0x6ef01ff4	255	126	64
5	0	1	108	3126	2486	62.8906	0x6ef01ff4	255	126	64
5	0	1	109	3126	2487	63.4609	0x6f302ff4	255	126	64
5	0	1	110	3126	2488	64.0312	0x6f302ff4	255	126	64
5	0	1	111	3126	2489	64.6016	0x6ef01ff4	255	126	64
5	0	1	112	3126	2490	65.1797	0x6ef01ff4	255	126	64
5	0	1	113	3126	2491	65.75	0x6f302ff0	255	125	64
5	0	1	114	3126	2492	66.3203	0x6ef02fd4	255	123	64
5	0	1	115	3126	2493	66.8906	0x6ef01fd0	255	123	64
5	0	1	116	3126	2494	67.4688	0x6e701fb0	255	122	64
5	0	1	117	3126	2495	68.0391	0x6fb09fac	255	121	66
5	0	1	118	3126	2496	68.5703	0x6f70b789	255	117	66
5	0	1	119	3127	2480	59.4688	0x6ef01ff4	255	126	64
5	0	1	120	3127	2481	60.0391	0x6f302ff4	255	126	64
5	0	1	121	3127	2482	60.6094	0x6f302ff4	255	126	64
5	0	1	122	3127	2483	61.1797	0x6ef01ff4	255	126	64
5	0	1	123	3127	2484	61.7578	0x6ef01ff4	255	126	64
5	0	1	124	3127	2485	62.3281	0x6f302ff4	255	126	64
5	0	1	125	3127	2486	62.8984	0x6f302ff4	255	126	64
5	0	1	126	3127	2487	63.4688	0x6ef01ff4	255	126	64
5	0	1	127	3127	2488	64.0469	0x6ef01ff4	255	126	64
5	0	1	128	3127	2489	64.6172	0x6f302ff0	255	126	64
5	0	1	129	3127	2490	65.1875	0x6ef01ff4	255	126	64
5	0	1	130	3127	2491	65.7656	0x6ef01ff4	255	126	64
5	0	1	131	3127	2492	66.3359	0x6f302ff4	255	126	64
5	0	1	132	3127	2493	66.9062	0x6f302ff0	255	126	64
5	0	1	133	3127	2494	67.4766	0x6ef01ff4	255	126	64
5	0	1	134	3127	2495	68.0547	0x6ef01ff4	255	125	64
5	0	1	135	3127	2496	68.625	0x6f302fe0	255	124	64
5	0	1	136	3128	2480	59.4766	0x6f302ff4	255	126	64
5	0	1	137	3128	2481	60.0469	0x6ef01ff4	255	126	64
5	0	1	138	3128	2482	60.625	0x6ef01ff4	255	126	64
5	0	1	139	3128	2483	61.1953	0x6f302ff4	255	126	64
5	0	1	140	3128	2484	61.7656	0x6f302ff4	255	126	64
5	0	1	141	3128	2485	62.3359	0x6ef01ff4	255	126	64
5	0	1	142	3128	2486	62.9141	0x6ef01ff4	255	126	64
5	0	1	143	3128	2487	63.4844	0x6f302ff0	255	125	64
5	0	1	144	3128	2488	64.0547	0x6ef01ff4	255	126	64
5	0	1	145	3128	2489	64.6328	0x6ef01ff4	255	126	64
5	0	1	146	3128	2490	65.2031	0x6f302ff4	255	126	64
5	0	1	147	3128	2491	65.7734	0x6f302ff4	255	126	64
5	0	1	148	3128	2492	66.3438	0x6ef01ff4	255	126	64
5	0	1	149	3128	2493	66.9219	0x6ef01ff4	255	126	64
5	0	1	150	3128	2494	67.4922	0x6f302ff4	255	125	61
5	0	1	151	3128	2495	68.0625	0x6df0377d	255	120	64
5	0	1	152	3128	2496	68.6328	0x62ec6f57	255	117	59
5	0	1	153	3129	2480	59.4922	0x6ef01ff4	255	126	64
5	0	1	154	3129	2481	60.0625	0x6f302ff0	255	126	64
5	0	1	155	3129	2482	60.6328	0x6f302ff4	255	126	64
5	0	1	156	3129	2483	61.2031	0x6ef01ff4	255	126	64
5	0	1	157	3129	2484	61.7812	0x6ef01ff4	255	126	64
5	0	1	158	3129	2485	62.3516	0x6f302ff0	255	126	64
5	0	1	159	3129	2486	62.9219	0x6ef01ff4	255	126	64
5	0	1	160	3129	2487	63.5	0x6ef01ff4	255	126	64
5	0	1	161	3129	2488	64.0703	0x6f302ff4	255	126	64
5	0	1	162	3129	2489	64.6406	0x6f302ff4	255	126	64
5	0	1	163	3129	2490	65.2109	0x6ef01ff4	255	126	64
5	0	1	164	3129	2491	65.7891	0x6ef01ff4	255	126	64
5	0	1	165	3129	2492	66.3594	0x6f302ff4	255	126	64
5	0	1	166	3129	2493	66.9297	0x6f302ff4	255	125	61
5	0	1	167	3129	2494	67.5	0x67ede76e	255	120	55
5	0	1	168	3129	2495	68.3125	0x636d5711	255	106	51
5	0	1	169	3129	2496	68.9609	0x55ac8e4d	255	84	52
5	0	1	170	3130	2480	59.5	0x6ef01ff4	255	126	64
5	0	1	171	3130	2481	60.0781	0x6ef01ff4	255	126	64
5	0	1	172	3130	2482	60.6484	0x6f302ff4	255	126	64
5	0	1	173	3130	2483	61.2188	0x6f302ff0	255	125	64
5	0	1	174	3130	2484	61.7891	0x6ef01ff4	255	126	64
5	0	1	175	3130	2485	62.3672	0x6ef01ff4	255	126	64
5	0	1	176	3130	2486	62.9375	0x6f302ff4	255	126	64
5	0	1	177	3130	2487	63.5078	0x6f302ff4	255	126	64
5	0	1	178	3130	2488	64.0781	0x6ef01ff4	255	126	64
5	0	1	179	3130	2489	64.6562	0x6ef01ff4	255	126	64
5	0	1	180	3130	2490	65.2266	0x6f302ff4	255	126	64
5	0	1	181	3130	2491	65.7969	0x6f302ff4	255	126	64
5	0	1	182	3130	2492	66.3672	0x6ef01ff4	255	124	61
5	0	1	183	3130	2493	66.9453	0x666da74c	255	118	54
5	0	1	184	3130	2494	67.7812	0x5eac56e8	255	104	47
5	0	1	185	3130	2495	68.5469	0x4d6b8e1b	255	86	46
5	0	1	186	3130	2496	69.6172	0x35690dc7	255	71	40
5	0	1	187	3131	2480	59.5156	0x6f302ff4	255	126	64
5	0	1	188	3131	2481	60.0859	0x6f302ff4	255	126	64
5	0	1	189	3131	2482	60.6562	0x6ef01ff4	255	126	64
5	0	1	190	3131	2483	61.2344	0x6ef01ff4	255	126	64
5	0	1	191	3131	2484	61.8047	0x6f302ff4	255	126	64
5	0	1	192	3131	2485	62.375	0x6f302ff4	255	126	64
5	0	1	193	3131	2486	62.9453	0x6ef01ff4	255	126	64
5	0	1	194	3131	2487	63.5234	0x6ef01ff4	255	126	64
5	0	1	195	3131	2488	64.0938	0x6f302ff4	255	126	64
5	0	1	196	3131	2489	64.6641	0x6f302ff4	255	126	64
5	0	1	197	3131	2490	65.2344	0x6ef01ff4	255	126	64
5	0	1	198	3131	2491	65.8125	0x6ef01fd4	255	123	60
5	0	1	199	3131	2492	66.3828	0x62ad3f07	255	116	53
5	0	1	200	3131	2493	67.2891	0x562c066e	255	99	47
5	0	1	201	3131	2494	68.0781	0x48e9b644	255	88	38
5	0	1	202	3131	2495	69.4688	0x34ea059e	255	68	38
5	0	1	203	3131	2496	70.5469	0x24a9b560	255	55	40
5	0	1	204	3132	2480	59.5234	0x6ef01ff4	255	126	64
5	0	1	205	3132	2481	60.1016	0x6ef01ff4	255	126	64
5	0	1	206	3132	2482	60.6719	0x6f302ff4	255	126	64
5	0	1	207	3132	2483	61.2422	0x6f302ff4	255	126	64
5	0	1	208	3132	2484	61.8125	0x6ef01ff4	255	126	64
5	0	1	209	3132	2485	62.3906	0x6ef01ff4	255	126	64
5	0	1	210	3132	2486	62.9609	0x6f302ff4	255	126	64
5	0	1	211	3132	2487	63.5312	0x6f302ff4	255	126	64
5	0	1	212	3132	2488	64.1016	0x6ef01fd4	255	124	63
5	0	1	213	3132	2489	64.6797	0x6ef01fd8	255	123	64
5	0	1	214	3132	2490	65.25	0x6d2f8fac	255	120	60
5	0	1	215	3132	2491	65.8828	0x5d6c36db	255	108	48
5	0	1	216	3132	2492	66.875	0x4c2ad62f	255	89	43
5	0	1	217	3132	2493	67.8359	0x45eb5ddf	255	71	47
5	0	1	218	3132	2494	68.8125	0x312a1587	255	63	41
5	0	1	219	3132	2495	70.3672	0x22e92d6d	255	61	34
5	0	1	220	3132	2496	72.1484	0x1ee9ad4f	255	53	39
5	0	1	221	3133	2480	59.5391	0x6f302ff4	255	126	64
5	0	1	222	3133	2481	60.1094	0x6f302ff4	255	126	64
5	0	1	223	3133	2482	60.6797	0x6ef01ff4	255	126	64
5	0	1	224	3133	2483	61.2578	0x6ef01fd4	255	123	63
5	0	1	225	3133	2484	61.8281	0x6ef02fbc	255	122	64
5	0	1	226	3133	2485	62.3984	0x6ef02fc4	255	122	64
5	0	1	227	3133	2486	62.9688	0x6e701fb0	255	122	64
5	0	1	228	3133	2487	63.5469	0x6cef7fac	255	120	62
5	0	1	229	3133	2488	64.1797	0x6cefa785	255	115	62
5	0	1	230	3133	2489	64.7422	0x6b6f7757	255	112	62
5	0	1	231	3133	2490	65.3984	0x5f2ba72f	255	108	47
5	0	1	232	3133	2491	66.4219	0x47ea5e1a	255	88	40
5	0	1	233	3133	2492	67.4766	0x4029f5eb	255	74	40
5	0	1	234	3133	2493	68.6875	0x32a9b59d	255	63	40
5	0	1	235	3133	2494	70.0781	0x21e9855e	255	54	38
5	0	1	236	3133	2495	71.9062	0x21294563	255	57	36
5	0	1	237	3133	2496	73.4453	0x25694573	255	60	35
5	0	1	238	3134	2480	59.5469	0x6ef01fd8	255	124	63
5	0	1	239	3134	2481	60.125	0x6ef01fd0	255	123	64
5	0	1	240	3134	2482	60.6953	0x6d6f8fbc	255	121	62
5	0	1	241	3134	2483	61.3281	0x6b6f1f85	255	115	60
5	0	1	242	3134	2484	61.9453	0x6cafd766	255	112	63
5	0	1	243	3134	2485	62.5078	0x6c6fef57	255	110	63
5	0	1	244	3134	2486	63.1172	0x6befc753	255	108	63
5	0	1	245	3134	2487	63.6953	0x6a2f672e	255	106	61
5	0	1	246	3134	2488	64.3438	0x666e96ff	255	102	59
5	0	1	247	3134	2489	65.0156	0x64ee8ee0	255	96	59
5	0	1	248	3134	2490	65.6719	0x4c6a464c	255	89	44
5	0	1	249	3134	2491	67.0547	0x3ae8fded	255	77	34
5	0	1	250	3134	2492	68.25	0x342975af	255	68	37
5	0	1	251	3134	2493	69.6797	0x25a93576	255	61	35
5	0	1	252	3134	2494	71.4375	0x25690d7b	255	63	34
5	0	1	253	3134	2495	72.9453	0x2b68f596	255	67	33
5	0	1	254	3134	2496	74.4766	0x31e9d594	255	70	37
5	0	1	255	3135	2480	59.6172	0x6c6f7f85	255	115	61
5	0	1	256	3135	2481	60.2031	0x6cafa781	255	113	62
5	0	1	257	3135	2482	60.8125	0x692eb74c	255	109	58
5	0	1	258	3135	2483	61.5	0x66ee8f11	255	105	58
5	0	1	259	3135	2484	62.1328	0x68ef5f11	255	102	61
5	0	1	260	3135	2485	62.7344	0x68efeee7	255	99	63
5	0	1	261	3135	2486	63.3125	0x67ef66f5	255	99	62
5	0	1	262	3135	2487	63.9688	0x63adfee7	255	98	59
5	0	1	263	3135	2488	64.7031	0x646e2eee	255	99	57
5	0	1	264	3135	2489	65.3359	0x5d6b9f04	255	97	49
5	0	1	265	3135	2490	66.3984	0x3e2925fe	255	79	35
5	0	1	266	3135	2491	67.8047	0x33e8cdc7	255	74	32
5	0	1	267	3135	2492	69.2031	0x2ae89da0	255	70	31
5	0	1	268	3135	2493	70.9844	0x29e8dd94	255	70	31
5	0	1	269	3135	2494	72.3359	0x2fe8f5ab	255	69	34
5	0	1	270	3135	2495	73.8672	0x2ca8ed9d	255	73	32
5	0	1	271	3135	2496	75.3516	0x44ea060f	255	82	41
5	0	1	272	3136	2480	59.7891	0x6a2f3f41	255	106	60
5	0	1	273	3136	2481	60.375	0x67af1703	255	102	60
5	0	1	274	3136	2482	61.0547	0x632d96f9	255	101	57
5	0	1	275	3136	2483	61.8125	0x65ae1711	255	103	56
5	0	1	276	3136	2484	62.4297	0x676f06fc	255	102	61
5	0	1	277	3136	2485	63.0859	0x692f5f18	255	106	61
5	0	1	278	3136	2486	63.6641	0x6a2fcf15	255	106	63
5	0	1	279	3136	2487	64.2734	0x6a2f3f3d	255	110	60
5	0	1	280	3136	2488	64.9062	0x6b2f0f7e	255	111	54
5	0	1	281	3136	2489	65.5312	0x51a9a6b6	255	100	39
5	0	1	282	3136	2490	66.9766	0x3966e64d	255	95	25
5	0	1	283	3136	2491	68.6484	0x35275615	255	90	24
5	0	1	284	3136	2492	70.1406	0x2de8bdab	255	78	27
5	0	1	285	3136	2493	71.6719	0x2f286dbd	255	75	30
5	0	1	286	3136	2494	73.2188	0x2d6855b8	255	77	30
5	0	1	287	3136	2495	74.8438	0x3e291dff	255	84	34
5	0	1	288	3136	2496	75.6953	0x672e3f32	255	106	57
5	1	0	0	3120	2480	58.2656	0x4cea9642	255	88	44
5	1	0	1	3121	2480	58.7734	0x536b9e5b	255	85	47
5	1	0	2	3121	2481	59.5469	0x626daedd	255	94	55
5	1	0	3	3120	2481	59.3125	0x58ec368a	255	92	50
5	1	0	4	3120	2482	59.9219	0x61f00e60	255	85	63
5	1	0	5	3121	2482	60.2031	0x656e9ee7	255	97	59
5	1	0	6	3121	2483	60.8672	0x6c30cf06	255	102	70
5	1	0	7	3120	2483	60.5	0x64f0ce73	255	83	69
5	1	0	8	3120	2484	61.0312	0x646f969f	255	95	65
5	1	0	9	3121	2484	61.2969	0x71b2df2e	255	104	75
5	1	0	10	3121	2485	61.7734	0x71f1d795	255	114	68
5	1	0	11	3120	2485	61.7266	0x69b016f5	255	110	64
5	1	0	12	3120	2486	62.1953	0x70b26f2a	255	108	71
5	1	0	13	3121	2486	62.2891	0x7171bf85	255	114	70
5	1	0	14	3121	2487	62.7734	0x72323776	255	112	72
5	1	0	15	3120	2487	62.6719	0x70f26731	255	107	73
5	1	0	16	3120	2488	63.1406	0x70b26f2e	255	106	73
5	1	0	17	3121	2488	63.25	0x71f24f66	255	110	73
5	1	0	18	3121	2489	63.7266	0x7172375b	255	109	72
5	1	0	19	3120	2489	63.6172	0x70b26f2e	255	106	73
5	1	0	20	3120	2490	64.0859	0x70726f26	255	105	73
5	1	0	21	3121	2490	64.2109	0x70f21f4c	255	108	72
5	1	0	22	3121	2491	64.6953	0x71324f40	255	106	72
5	1	0	23	3120	2491	64.5625	0x70726f23	255	104	73
5	1	0	24	3120	2492	65.0312	0x70726f23	255	104	73
5	1	0	25	3121	2492	65.1641	0x70723f2e	255	105	73
5	1	0	26	3121	2493	65.6562	0x70f21f44	255	106	73
5	1	0	27	3120	2493	65.5078	0x70326f18	255	103	74
5	1	0	28	3120	2494	65.9766	0x72b4bef0	255	96	81
5	1	0	29	3121	2494	66.1328	0x7172674c	255	107	73
5	1	0	30	3121	2495	66.6016	0x6f3286f7	255	100	76
5	1	0	31	3120	2495	66.2656	0x6ff4dea8	255	86	86
5	1	0	32	3120	2496	66.7266	0x6bb59e47	255	72	92
5	1	0	33	3121	2496	67.0703	0x6f328ef4	255	97	74
5	1	0	34	3122	2480	59.2109	0x61acb712	255	113	50
5	1	0	35	3122	2481	59.9141	0x68eecf3d	255	116	58
5	1	0	36	3122	2482	60.5	0x6e30bf4c	255	114	64
5	1	0	37	3122	2483	61.0078	0x72b24791	255	115	72
5	1	0	38	3122	2484	61.4531	0x7272975f	255	110	73
5	1	0	39	3122	2485	61.9375	0x7071f744	255	106	71
5	1	0	40	3122	2486	62.4375	0x6f71af35	255	105	70
5	1	0	41	3122	2487	62.9453	0x6eb1b71b	255	102	71
5	1	0	42	3122	2488	63.4453	0x6df1cefb	255	99	71
5	1	0	43	3122	2489	63.9453	0x6cf1d6df	255	95	72
5	1	0	44	3122	2490	64.4453	0x6bb1dec4	255	93	72
5	1	0	45	3122	2491	64.9453	0x6bf1c6ce	255	93	72
5	1	0	46	3122	2492	65.4531	0x6c3296b0	255	91	75
5	1	0	47	3122	2493	65.8828	0x6eb336ca	255	93	77
5	1	0	48	3122	2494	66.3359	0x6f72b6f7	255	96	76
5	1	0	49	3122	2495	66.8047	0x6f3286f7	255	98	74
5	1	0	50	3122	2496	67.2734	0x6eb276ed	255	97	74
5	1	0	51	3123	2480	59.2578	0x65acbfb8	255	120	50
5	1	0	52	3123	2481	59.9375	0x6aee8fd4	255	122	58
5	1	0	53	3123	2482	60.5625	0x6ef01fd8	255	123	64
5	1	0	54	3123	2483	61.0859	0x70f11fb8	255	119	68
5	1	0	55	3123	2484	61.6172	0x6fb10f7a	255	113	68
5	1	0	56	3123	2485	62.1484	0x6eb0e74f	255	109	68
5	1	0	57	3123	2486	62.6953	0x6df0d740	255	107	67
5	1	0	58	3123	2487	63.2344	0x6c70df0d	255	103	68
5	1	0	59	3123	2488	63.7812	0x6c70df0a	255	101	67
5	1	0	60	3123	2489	64.3203	0x6b70e6ed	255	98	68
5	1	0	61	3123	2490	64.8672	0x6c31c6d2	255	95	72
5	1	0	62	3123	2491	65.3281	0x6af1deb4	255	92	72
5	1	0	63	3123	2492	65.8672	0x6c3236c1	255	92	74
5	1	0	64	3123	2493	66.2969	0x6ef42eac	255	88	79
5	1	0	65	3123	2494	66.6719	0x6cf3b693	255	85	81
5	1	0	66	3123	2495	67.1406	0x69b25e8a	255	85	75
5	1	0	67	3123	2496	67.6328	0x69f2568d	255	84	75
5	1	0	68	3124	2480	59.3516	0x686da7bc	255	120	55
5	1	0	69	3124	2481	60	0x6cef4fd8	255	123	60
5	1	0	70	3124	2482	60.5781	0x6ef01ff4	255	125	64
5	1	0	71	3124	2483	61.1484	0x6f302fdc	255	124	64
5	1	0	72	3124	2484	61.7188	0x6ef02fc4	255	122	64
5	1	0	73	3124	2485	62.2891	0x6fb09fb0	255	121	66
5	1	0	74	3124	2486	62.8203	0x6e701fa5	255	119	64
5	1	0	75	3124	2487	63.4375	0x6eb05f95	255	121	65
5	1	0	76	3124	2488	63.9453	0x6ff0f785	255	116	66
5	1	0	77	3124	2489	64.5078	0x6e306776	255	113	65
5	1	0	78	3124	2490	65.0703	0x6df04f6a	255	111	66
5	1	0	79	3124	2491	65.6406	0x6eb14735	255	108	69
5	1	0	80	3124	2492	66.1172	0x71324f40	255	105	71
5	1	0	81	3124	2493	66.5938	0x6e71e702	255	99	72
5	1	0	82	3124	2494	67.1094	0x6bb1c6c7	255	93	72
5	1	0	83	3124	2495	67.6016	0x6af26e9d	255	87	75
5	1	0	84	3124	2496	68.0625	0x69f1fe9a	255	85	73
5	1	0	85	3125	2480	59.3906	0x6c2f07cc	255	122	59
5	1	0	86	3125	2481	60.0156	0x6def9ff4	255	125	62
5	1	0	87	3125	2482	60.5859	0x6f302ff4	255	126	64
5	1	0	88	3125	2483	61.1562	0x6ef01ff4	255	126	64
5	1	0	89	3125	2484	61.7344	0x6ef01ff4	255	126	64
5	1	0	90	3125	2485	62.3047	0x6f302ff4	255	125	64
5	1	0	91	3125	2486	62.875	0x6f302fdc	255	123	64
5	1	0	92	3125	2487	63.4453	0x6ef01ff4	255	125	64
5	1	0	93	3125	2488	64.0234	0x6ef01fd4	255	123	64
5	1	0	94	3125	2489	64.5938	0x6ef02fd0	255	123	64
5	1	0	95	3125	2490	65.1641	0x6ef02fc8	255	122	64
5	1	0	96	3125	2491	65.7344	0x7030c7c8	255	121	66
5	1	0	97	3125	2492	66.25	0x6ff0df99	255	116	67
5	1	0	98	3125	2493	66.8125	0x6f70f76a	255	112	67
5	1	0	99	3125	2494	67.3203	0x6e70e74c	255	107	67
5	1	0	100	3125	2495	67.8906	0x6db10726	255	104	68
5	1	0	101	3125	2496	68.3906	0x6c30df06	255	101	68
5	1	0	102	3126	2480	59.4531	0x6daf9fd8	255	123	62
5	1	0	103	3126	2481	60.0234	0x6ef01ff4	255	126	64
5	1	0	104	3126	2482	60.6016	0x6ef01ff4	255	126	64
5	1	0	105	3126	2483	61.1719	0x6f302ff4	255	126	64
5	1	0	106	3126	2484	61.7422	0x6f302ff4	255	126	64
5	1	0	107	3126	2485	62.3125	0x6ef01ff4	255	126	64
5	1	0	108	3126	2486	62.8906	0x6ef01ff4	255	126	64
5	1	0	109	3126	2487	63.4609	0x6f302ff4	255	126	64
5	1	0	110	3126	2488	64.0312	0x6f302ff4	255	126	64
5	1	0	111	3126	2489	64.6016	0x6ef01ff4	255	126	64
5	1	0	112	3126	2490	65.1797	0x6ef01ff4	255	126	64
5	1	0	113	3126	2491	65.75	0x6f302ff0	255	125	64
5	1	0	114	3126	2492	66.3203	0x6ef02fd4	255	123	64
5	1	0	115	3126	2493	66.8906	0x6ef01fd0	255	123	64
5	1	0	116	3126	2494	67.4688	0x6e701fb0	255	122	64
5	1	0	117	3126	2495	68.0391	0x6fb09fac	255	121	66
5	1	0	118	3126	2496	68.5703	0x6f70b789	255	117	66
5	1	0	119	3127	2480	59.4688	0x6ef01ff4	255	126	64
5	1	0	120	3127	2481	60.0391	0x6f302ff4	255	126	64
5	1	0	121	3127	2482	60.6094	0x6f302ff4	255	126	64
5	1	0	122	3127	2483	61.1797	0x6ef01ff4	255	126	64
5	1	0	123	3127	2484	61.7578	0x6ef01ff4	255	126	64
5	1	0	124	3127	2485	62.3281	0x6f302ff4	255	126	64
5	1	0	125	3127	2486	62.8984	0x6f302ff4	255	126	64
5	1	0	126	3127	2487	63.4688	0x6ef01ff4	255	126	64
5	1	0	127	3127	2488	64.0469	0x6ef01ff4	255	126	64
5	1	0	128	3127	2489	64.6172	0x6f302ff0	255	126	64
5	1	0	129	3127	2490	65.1875	0x6ef01ff4	255	126	64
5	1	0	130	3127	2491	65.7656	0x6ef01ff4	255	126	64
5	1	0	131	3127	2492	66.3359	0x6f302ff4	255	126	64
5	1	0	132	3127	2493	66.9062	0x6f302ff0	255	126	64
5	1	0	133	3127	2494	67.4766	0x6ef01ff4	255	126	64
5	1	0	134	3127	2495	68.0547	0x6ef01ff4	255	125	64
5	1	0	135	3127	2496	68.625	0x6f302fe0	255	124	64
5	1	0	136	3128	2480	59.4766	0x6f302ff4	255	126	64
5	1	0	137	3128	2481	60.0469	0x6ef01ff4	255	126	64
5	1	0	138	3128	2482	60.625	0x6ef01ff4	255	126	64
5	1	0	139	3128	2483	61.1953	0x6f302ff4	255	126	64
5	1	0	140	3128	2484	61.7656	0x6f302ff4	255	126	64
5	1	0	141	3128	2485	62.3359	0x6ef01ff4	255	126	64
5	1	0	142	3128	2486	62.9141	0x6ef01ff4	255	126	64
5	1	0	143	3128	2487	63.4844	0x6f302ff0	255	125	64
5	1	0	144	3128	2488	64.0547	0x6ef01ff4	255	126	64
5	1	0	145	3128	2489	64.6328	0x6ef01ff4	255	126	64
5	1	0	146	3128	2490	65.2031	0x6f302ff4	255	126	64
5	1	0	147	3128	2491	65.7734	0x6f302ff4	255	126	64
5	1	0	148	3128	2492	66.3438	0x6ef01ff4	255	126	64
5	1	0	149	3128	2493	66.9219	0x6ef01ff4	255	126	64
5	1	0	150	3128	2494	67.4922	0x6f302ff4	255	125	61
5	1	0	151	3128	2495	68.0625	0x6df0377d	255	120	64
5	1	0	152	3128	2496	68.6328	0x62ec6f57	255	117	59
5	1	0	153	3129	2480	59.4922	0x6ef01ff4	255	126	64
5	1	0	154	3129	2481	60.0625	0x6f302ff0	255	126	64
5	1	0	155	3129	2482	60.6328	0x6f302ff4	255	126	64
5	1	0	156	3129	2483	61.2031	0x6ef01ff4	255	126	64
5	1	0	157	3129	2484	61.7812	0x6ef01ff4	255	126	64
5	1	0	158	3129	2485	62.3516	0x6f302ff0	255	126	64
5	1	0	159	3129	2486	62.9219	0x6ef01ff4	255	126	64
5	1	0	160	3129	2487	63.5	0x6ef01ff4	255	126	64
5	1	0	161	3129	2488	64.0703	0x6f302ff4	255	126	64
5	1	0	162	3129	2489	64.6406	0x6f302ff4	255	126	64
5	1	0	163	3129	2490	65.2109	0x6ef01ff4	255	126	64
5	1	0	164	3129	2491	65.7891	0x6ef01ff4	255	126	64
5	1	0	165	3129	2492	66.3594	0x6f302ff4	255	126	64
5	1	0	166	3129	2493	66.9297	0x6f302ff4	255	125	61
5	1	0	167	3129	2494	67.5	0x67ede76e	255	120	55
5	1	0	168	3129	2495	68.3125	0x636d5711	255	106	51
5	1	0	169	3129	2496	68.9609	0x55ac8e4d	255	84	52
5	1	0	170	3130	2480	59.5	0x6ef01ff4	255	126	64
5	1	0	171	3130	2481	60.0781	0x6ef01ff4	255	126	64
5	1	0	172	3130	2482	60.6484	0x6f302ff4	255	126	64
5	1	0	173	3130	2483	61.2188	0x6f302ff0	255	125	64
5	1	0	174	3130	2484	61.7891	0x6ef01ff4	255	126	64
5	1	0	175	3130	2485	62.3672	0x6ef01ff4	255	126	64
5	1	0	176	3130	2486	62.9375	0x6f302ff4	255	126	64
5	1	0	177	3130	2487	63.5078	0x6f302ff4	255	126	64
5	1	0	178	3130	2488	64.0781	0x6ef01ff4	255	126	64
5	1	0	179	3130	2489	64.6562	0x6ef01ff4	255	126	64
5	1	0	180	3130	2490	65.2266	0x6f302ff4	255	126	64
5	1	0	181	3130	2491	65.7969	0x6f302ff4	255	126	64
5	1	0	182	3130	2492	66.3672	0x6ef01ff4	255	124	61
5	1	0	183	3130	2493	66.9453	0x666da74c	255	118	54
5	1	0	184	3130	2494	67.7812	0x5eac56e8	255	104	47
5	1	0	185	3130	2495	68.5469	0x4d6b8e1b	255	86	46
5	1	0	186	3130	2496	69.6172	0x35690dc7	255	71	40
5	1	0	187	3131	2480	59.5156	0x6f302ff4	255	126	64
5	1	0	188	3131	2481	60.0859	0x6f302ff4	255	126	64
5	1	0	189	3131	2482	60.6562	0x6ef01ff4	255	126	64
5	1	0	190	3131	2483	61.2344	0x6ef01ff4	255	126	64
5	1	0	191	3131	2484	61.8047	0x6f302ff4	255	126	64
5	1	0	192	3131	2485	62.375	0x6f302ff4	255	126	64
5	1	0	193	3131	2486	62.9453	0x6ef01ff4	255	126	64
5	1	0	194	3131	2487	63.5234	0x6ef01ff4	255	126	64
5	1	0	195	3131	2488	64.0938	0x6f302ff4	255	126	64
5	1	0	196	3131	2489	64.6641	0x6f302ff4	255	126	64
5	1	0	197	3131	2490	65.2344	0x6ef01ff4	255	126	64
5	1	0	198	3131	2491	65.8125	0x6ef01fd4	255	123	60
5	1	0	199	3131	2492	66.3828	0x62ad3f07	255	116	53
5	1	0	200	3131	2493	67.2891	0x562c066e	255	99	47
5	1	0	201	3131	2494	68.0781	0x48e9b644	255	88	38
5	1	0	202	3131	2495	69.4688	0x34ea059e	255	68	38
5	1	0	203	3132	2480	59.5234	0x6ef01ff4	255	126	64
5	1	0	204	3132	2481	60.1016	0x6ef01ff4	255	126	64
5	1	0	205	3132	2482	60.6719	0x6f302ff4	255	126	64
5	1	0	206	3132	2483	61.2422	0x6f302ff4	255	126	64
5	1	0	207	3132	2484	61.8125	0x6ef01ff4	255	126	64
5	1	0	208	3132	2485	62.3906	0x6ef01ff4	255	126	64
5	1	0	209	3132	2486	62.9609	0x6f302ff4	255	126	64
5	1	0	210	3132	2487	63.5312	0x6f302ff4	255	126	64
5	1	0	211	3132	2488	64.1016	0x6ef01fd4	255	124	63
5	1	0	212	3132	2489	64.6797	0x6ef01fd8	255	123	64
5	1	0	213	3132	2490	65.25	0x6d2f8fac	255	120	60
5	1	0	214	3132	2491	65.8828	0x5d6c36db	255	108	48
5	1	0	215	3132	2492	66.875	0x4c2ad62f	255	89	43
5	1	0	216	3132	2493	67.8359	0x45eb5ddf	255	71	47
5	1	0	217	3132	2494	68.8125	0x312a1587	255	63	41
5	1	0	218	3133	2480	59.5391	0x6f302ff4	255	126	64
5	1	0	219	3133	2481	60.1094	0x6f302ff4	255	126	64
5	1	0	220	3133	2482	60.6797	0x6ef01ff4	255	126	64
5	1	0	221	3133	2483	61.2578	0x6ef01fd4	255	123	63
5	1	0	222	3133	2484	61.8281	0x6ef02fbc	255	122	64
5	1	0	223	3133	2485	62.3984	0x6ef02fc4	255	122	64
5	1	0	224	3133	2486	62.9688	0x6e701fb0	255	122	64
5	1	0	225	3133	2487	63.5469	0x6cef7fac	255	120	62
5	1	0	226	3133	2488	64.1797	0x6cefa785	255	115	62
5	1	0	227	3133	2489	64.7422	0x6b6f7757	255	112	62
5	1	0	228	3133	2490	65.3984	0x5f2ba72f	255	108	47
5	1	0	229	3133	2491	66.4219	0x47ea5e1a	255	88	40
5	1	0	230	3134	2480	59.5469	0x6ef01fd8	255	124	63
5	1	0	231	3134	2481	60.125	0x6ef01fd0	255	123	64
5	1	0	232	3134	2482	60.6953	0x6d6f8fbc	255	121	62
5	1	0	233	3134	2483	61.3281	0x6b6f1f85	255	115	60
5	1	0	234	3134	2484	61.9453	0x6cafd766	255	112	63
5	1	0	235	3134	2485	62.5078	0x6c6fef57	255	110	63
5	1	0	236	3134	2486	63.1172	0x6befc753	255	108	63
5	1	0	237	3134	2487	63.6953	0x6a2f672e	255	106	61
5	1	0	238	3134	2488	64.3438	0x666e96ff	255	102	59
5	1	0	239	3134	2489	65.0156	0x64ee8ee0	255	96	59
5	1	0	240	3134	2490	65.6719	0x4c6a464c	255	89	44
5	1	0	241	3135	2480	59.6172	0x6c6f7f85	255	115	61
5	1	0	242	3135	2481	60.2031	0x6cafa781	255	113	62
5	1	0	243	3135	2482	60.8125	0x692eb74c	255	109	58
5	1	0	244	3135	2483	61.5	0x66ee8f11	255	105	58
5	1	0	245	3135	2484	62.1328	0x68ef5f11	255	102	61
5	1	0	246	3135	2485	62.7344	0x68efeee7	255	99	63
5	1	0	247	3135	2486	63.3125	0x67ef66f5	255	99	62
5	1	0	248	3135	2487	63.9688	0x63adfee7	255	98	59
5	1	0	249	3135	2488	64.7031	0x646e2eee	255	99	57
5	1	0	250	3135	2489	65.3359	0x5d6b9f04	255	97	49
5	1	0	251	3135	2490	66.3984	0x3e2925fe	255	79	35
5	1	0	252	3136	2480	59.7891	0x6a2f3f41	255	106	60
5	1	0	253	3136	2481	60.375	0x67af1703	255	102	60
5	1	0	254	3136	2482	61.0547	0x632d96f9	255	101	57
5	1	0	255	3136	2483	61.8125	0x65ae1711	255	103	56
5	1	0	256	3136	2484	62.4297	0x676f06fc	255	102	61
5	1	0	257	3136	2485	63.0859	0x692f5f18	255	106	61
5	1	0	258	3136	2486	63.6641	0x6a2fcf15	255	106	63
5	1	0	259	3136	2487	64.2734	0x6a2f3f3d	255	110	60
5	1	0	260	3136	2488	64.9062	0x6b2f0f7e	255	111	54
5	1	0	261	3136	2489	65.5312	0x51a9a6b6	255	100	39
5	1	0	262	3136	2490	66.9766	0x3966e64d	255	95	25
5	1	0	263	3135	2495	73.8672	0x2ca8ed9d	255	73	32
5	1	0	264	3136	2495	74.8438	0x3e291dff	255	84	34
5	1	0	265	3136	2496	75.6953	0x672e3f32	255	106	57
5	1	0	266	3135	2496	75.3516	0x44ea060f	255	82	41
5	2	3	0	3120	2480	58.2656	0x4cea9642	255	88	44
5	2	3	1	3121	2480	58.7734	0x536b9e5b	255	85	47
5	2	3	2	3121	2481	59.5469	0x626daedd	255	94	55
5	2	3	3	3120	2481	59.3125	0x58ec368a	255	92	50
5	2	3	4	3120	2482	59.9219	0x61f00e60	255	85	63
5	2	3	5	3121	2482	60.2031	0x656e9ee7	255	97	59
5	2	3	6	3121	2483	60.8672	0x6c30cf06	255	102	70
5	2	3	7	3120	2483	60.5	0x64f0ce73	255	83	69
5	2	3	8	3120	2484	61.0312	0x646f969f	255	95	65
5	2	3	9	3121	2484	61.2969	0x71b2df2e	255	104	75
5	2	3	10	3121	2485	61.7734	0x71f1d795	255	114	68
5	2	3	11	3120	2485	61.7266	0x69b016f5	255	110	64
5	2	3	12	3120	2490	64.0859	0x70726f26	255	105	73
5	2	3	13	3120	2491	64.5625	0x70726f23	255	104	73
5	2	3	14	3121	2491	64.6953	0x71324f40	255	106	72
5	2	3	15	3120	2492	65.0312	0x70726f23	255	104	73
5	2	3	16	3121	2492	65.1641	0x70723f2e	255	105	73
5	2	3	17	3121	2493	65.6562	0x70f21f44	255	106	73
5	2	3	18	3120	2493	65.5078	0x70326f18	255	103	74
5	2	3	19	3120	2494	65.9766	0x72b4bef0	255	96	81
5	2	3	20	3121	2494	66.1328	0x7172674c	255	107	73
5	2	3	21	3121	2495	66.6016	0x6f3286f7	255	100	76
5	2	3	22	3120	2495	66.2656	0x6ff4dea8	255	86	86
5	2	3	23	3120	2496	66.7266	0x6bb59e47	255	72	92
5	2	3	24	3121	2496	67.0703	0x6f328ef4	255	97	74
5	2	3	25	3122	2480	59.2109	0x61acb712	255	113	50
5	2	3	26	3122	2481	59.9141	0x68eecf3d	255	116	58
5	2	3	27	3122	2482	60.5	0x6e30bf4c	255	114	64
5	2	3	28	3122	2483	61.0078	0x72b24791	255	115	72
5	2	3	29	3122	2484	61.4531	0x7272975f	255	110	73
5	2	3	30	3122	2486	62.4375	0x6f71af35	255	105	70
5	2	3	31	3121	2487	62.7734	0x72323776	255	112	72
5	2	3	32	3122	2487	62.9453	0x6eb1b71b	255	102	71
5	2	3	33	3122	2488	63.4453	0x6df1cefb	255	99	71
5	2	3	34	3121	2488	63.25	0x71f24f66	255	110	73
5	2	3	35	3121	2489	63.7266	0x7172375b	255	109	72
5	2	3	36	3122	2489	63.9453	0x6cf1d6df	255	95	72
5	2	3	37	3122	2490	64.4453	0x6bb1dec4	255	93	72
5	2	3	38	3121	2490	64.2109	0x70f21f4c	255	108	72
5	2	3	39	3122	2491	64.9453	0x6bf1c6ce	255	93	72
5	2	3	40	3122	2492	65.4531	0x6c3296b0	255	91	75
5	2	3	41	3122	2493	65.8828	0x6eb336ca	255	93	77
5	2	3	42	3122	2494	66.3359	0x6f72b6f7	255	96	76
5	2	3	43	3122	2495	66.8047	0x6f3286f7	255	98	74
5	2	3	44	3122	2496	67.2734	0x6eb276ed	255	97	74
5	2	3	45	3123	2487	63.2344	0x6c70df0d	255	103	68
5	2	3	46	3123	2488	63.7812	0x6c70df0a	255	101	67
5	2	3	47	3123	2489	64.3203	0x6b70e6ed	255	98	68
5	2	3	48	3123	2490	64.8672	0x6c31c6d2	255	95	72
5	2	3	49	3123	2491	65.3281	0x6af1deb4	255	92	72
5	2	3	50	3123	2492	65.8672	0x6c3236c1	255	92	74
5	2	3	51	3123	2493	66.2969	0x6ef42eac	255	88	79
5	2	3	52	3123	2494	66.6719	0x6cf3b693	255	85	81
5	2	3	53	3123	2495	67.1406	0x69b25e8a	255	85	75
5	2	3	54	3123	2496	67.6328	0x69f2568d	255	84	75
5	2	3	55	3124	2488	63.9453	0x6ff0f785	255	116	66
5	2	3	56	3124	2489	64.5078	0x6e306776	255	113	65
5	2	3	57	3124	2490	65.0703	0x6df04f6a	255	111	66
5	2	3	58	3124	2491	65.6406	0x6eb14735	255	108	69
5	2	3	59	3124	2492	66.1172	0x71324f40	255	105	71
5	2	3	60	3124	2493	66.5938	0x6e71e702	255	99	72
5	2	3	61	3124	2494	67.1094	0x6bb1c6c7	255	93	72
5	2	3	62	3124	2495	67.6016	0x6af26e9d	255	87	75
5	2	3	63	3124	2496	68.0625	0x69f1fe9a	255	85	73
5	2	3	64	3125	2493	66.8125	0x6f70f76a	255	112	67
5	2	3	65	3125	2494	67.3203	0x6e70e74c	255	107	67
5	2	3	66	3125	2495	67.8906	0x6db10726	255	104	68
5	2	3	67	3125	2496	68.3906	0x6c30df06	255	101	68
5	2	3	68	3126	2496	68.5703	0x6f70b789	255	117	66
5	2	3	69	3129	2495	68.3125	0x636d5711	255	106	51
5	2	3	70	3128	2496	68.6328	0x62ec6f57	255	117	59
5	2	3	71	3129	2496	68.9609	0x55ac8e4d	255	84	52
5	2	3	72	3130	2494	67.7812	0x5eac56e8	255	104	47
5	2	3	73	3130	2495	68.5469	0x4d6b8e1b	255	86	46
5	2	3	74	3130	2496	69.6172	0x35690dc7	255	71	40
5	2	3	75	3131	2493	67.2891	0x562c066e	255	99	47
5	2	3	76	3131	2494	68.0781	0x48e9b644	255	88	38
5	2	3	77	3131	2495	69.4688	0x34ea059e	255	68	38
5	2	3	78	3131	2496	70.5469	0x24a9b560	255	55	40
5	2	3	79	3131	2491	65.8125	0x6ef01fd4	255	123	60
5	2	3	80	3132	2491	65.8828	0x5d6c36db	255	108	48
5	2	3	81	3132	2492	66.875	0x4c2ad62f	255	89	43
5	2	3	82	3131	2492	66.3828	0x62ad3f07	255	116	53
5	2	3	83	3132	2493	67.8359	0x45eb5ddf	255	71	47
5	2	3	84	3132	2494	68.8125	0x312a1587	255	63	41
5	2	3	85	3132	2495	70.3672	0x22e92d6d	255	61	34
5	2	3	86	3132	2496	72.1484	0x1ee9ad4f	255	53	39
5	2	3	87	3132	2490	65.25	0x6d2f8fac	255	120	60
5	2	3	88	3133	2490	65.3984	0x5f2ba72f	255	108	47
5	2	3	89	3133	2491	66.4219	0x47ea5e1a	255	88	40
5	2	3	90	3133	2492	67.4766	0x4029f5eb	255	74	40
5	2	3	91	3133	2493	68.6875	0x32a9b59d	255	63	40
5	2	3	92	3133	2494	70.0781	0x21e9855e	255	54	38
5	2	3	93	3133	2495	71.9062	0x21294563	255	57	36
5	2	3	94	3133	2496	73.4453	0x25694573	255	60	35
5	2	3	95	3134	2488	64.3438	0x666e96ff	255	102	59
5	2	3	96	3133	2489	64.7422	0x6b6f7757	255	112	62
5	2	3	97	3134	2489	65.0156	0x64ee8ee0	255	96	59
5	2	3	98	3134	2490	65.6719	0x4c6a464c	255	89	44
5	2	3	99	3134	2491	67.0547	0x3ae8fded	255	77	34
5	2	3	100	3134	2492	68.25	0x342975af	255	68	37
5	2	3	101	3134	2493	69.6797	0x25a93576	255	61	35
5	2	3	102	3134	2494	71.4375	0x25690d7b	255	63	34
5	2	3	103	3134	2495	72.9453	0x2b68f596	255	67	33
5	2	3	104	3134	2496	74.4766	0x31e9d594	255	70	37
5	2	3	105	3134	2484	61.9453	0x6cafd766	255	112	63
5	2	3	106	3135	2484	62.1328	0x68ef5f11	255	102	61
5	2	3	107	3135	2485	62.7344	0x68efeee7	255	99	63
5	2	3	108	3134	2485	62.5078	0x6c6fef57	255	110	63
5	2	3	109	3134	2486	63.1172	0x6befc753	255	108	63
5	2	3	110	3135	2486	63.3125	0x67ef66f5	255	99	62
5	2	3	111	3135	2487	63.9688	0x63adfee7	255	98	59
5	2	3	112	3134	2487	63.6953	0x6a2f672e	255	106	61
5	2	3	113	3135	2488	64.7031	0x646e2eee	255	99	57
5	2	3	114	3135	2489	65.3359	0x5d6b9f04	255	97	49
5	2	3	115	3135	2490	66.3984	0x3e2925fe	255	79	35
5	2	3	116	3135	2491	67.8047	0x33e8cdc7	255	74	32
5	2	3	117	3135	2492	69.2031	0x2ae89da0	255	70	31
5	2	3	118	3135	2493	70.9844	0x29e8dd94	255	70	31
5	2	3	119	3135	2494	72.3359	0x2fe8f5ab	255	69	34
5	2	3	120	3135	2495	73.8672	0x2ca8ed9d	255	73	32
5	2	3	121	3135	2496	75.3516	0x44ea060f	255	82	41
5	2	3	122	3136	2484	62.4297	0x676f06fc	255	102	61
5	2	3	123	3136	2485	63.0859	0x692f5f18	255	106	61
5	2	3	124	3136	2486	63.6641	0x6a2fcf15	255	106	63
5	2	3	125	3136	2487	64.2734	0x6a2f3f3d	255	110	60
5	2	3	126	3136	2488	64.9062	0x6b2f0f7e	255	111	54
5	2	3	127	3136	2490	66.9766	0x3966e64d	255	95	25
5	2	3	128	3136	2491	68.6484	0x35275615	255	90	24
5	2	3	129	3136	2492	70.1406	0x2de8bdab	255	78	27
5	2	3	130	3136	2493	71.6719	0x2f286dbd	255	75	30
5	2	3	131	3136	2494	73.2188	0x2d6855b8	255	77	30
5	2	3	132	3136	2495	74.8438	0x3e291dff	255	84	34
5	2	3	133	3136	2496	75.6953	0x672e3f32	255	106	57
6	0	1	0	3136	2480	59.7891	0x6a2f3f41	255	106	60
6	0	1	1	3137	2480	60	0x662e3715	255	103	57
6	0	1	2	3137	2481	60.7188	0x65ee470e	255	104	59
6	0	1	3	3136	2481	60.375	0x67af1703	255	102	60
6	0	1	4	3136	2482	61.0547	0x632d96f9	255	101	57
6	0	1	5	3137	2482	61.3516	0x692f072a	255	106	60
6	0	1	6	3137	2483	61.9844	0x696e8f66	255	112	58
6	0	1	7	3136	2483	61.8125	0x65ae1711	255	103	56
6	0	1	8	3136	2484	62.4297	0x676f06fc	255	102	61
6	0	1	9	3137	2484	62.6641	0x6c2f6f7a	255	117	61
6	0	1	10	3137	2485	63.2031	0x6f305fc0	255	122	64
6	0	1	11	3136	2485	63.0859	0x692f5f18	255	106	61
6	0	1	12	3136	2486	63.6641	0x6a2fcf15	255	106	63
6	0	1	13	3137	2486	63.7891	0x6e7007c4	255	123	63
6	0	1	14	3137	2487	64.3594	0x6befef44	255	116	60
6	0	1	15	3136	2487	64.2734	0x6a2f3f3d	255	110	60
6	0	1	16	3136	2488	64.9062	0x6b2f0f7e	255	111	54
6	0	1	17	3137	2488	64.9609	0x5e2baf15	255	112	47
6	0	1	18	3137	2489	66.0391	0x42a8c636	255	95	32
6	0	1	19	3136	2489	65.5312	0x51a9a6b6	255	100	39
6	0	1	20	3136	2490	66.9766	0x3966e64d	255	95	25
6	0	1	21	3137	2490	67.4219	0x346805ed	255	84	27
6	0	1	22	3137	2491	69.0391	0x29a7adc2	255	84	24
6	0	1	23	3136	2491	68.6484	0x35275615	255	90	24
6	0	1	24	3136	2492	70.1406	0x2de8bdab	255	78	27
6	0	1	25	3137	2492	71	0x2ce715ee	255	86	21
6	0	1	26	3137	2493	72.6641	0x3767761e	255	94	26
6	0	1	27	3136	2493	71.6719	0x2f286dbd	255	75	30
6	0	1	28	3136	2494	73.2188	0x2d6855b8	255	77	30
6	0	1	29	3137	2494	74.0547	0x4368764e	255	98	30
6	0	1	30	3137	2495	75.1641	0x60eb47b8	255	120	47
6	0	1	31	3136	2495	74.8438	0x3e291dff	255	84	34
6	0	1	32	3136	2496	75.6953	0x672e3f32	255	106	57
6	0	1	33	3137	2496	75.7656	0x6daf8ffc	255	127	61
6	0	1	34	3138	2480	60.2656	0x6baf0799	255	121	58
6	0	1	35	3138	2481	60.8672	0x6c6f6795	255	117	61
6	0	1	36	3138	2482	61.4844	0x6bef17a5	255	119	61
6	0	1	37	3138	2483	62.1172	0x6d2f77cc	255	124	61
6	0	1	38	3138	2484	62.6953	0x7030a820	255	126	63
6	0	1	39	3138	2485	63.2109	0x7030c7b8	255	122	66
6	0	1	40	3138	2486	63.7812	0x66ad6f76	255	119	59
6	0	1	41	3138	2487	64.6484	0x5fec470b	255	103	49
6	0	1	42	3138	2488	65.3828	0x4aead624	255	86	43
6	0	1	43	3138	2489	66.6172	0x30288dbd	255	75	30
6	0	1	44	3138	2490	68.3828	0x252805a1	255	76	26
6	0	1	45	3138	2491	70.3281	0x2de83dbe	255	82	26
6	0	1	46	3138	2492	71.5703	0x43a83e5d	255	94	27
6	0	1	47	3138	2493	72.8672	0x48e6feff	255	108	26
6	0	1	48	3138	2494	74.2266	0x57a8cfc0	255	125	38
6	0	1	49	3138	2495	74.9844	0x65ed107f	255	138	52
6	0	1	50	3138	2496	75.7031	0x6a2e5848	255	137	61
6	0	1	51	3139	2480	60.2031	0x69ee6873	255	138	57
6	0	1	52	3139	2481	60.9297	0x696e6086	255	134	59
6	0	1	53	3139	2482	61.5312	0x6d300896	255	133	63
6	0	1	54	3139	2483	62.0859	0x7030f05f	255	132	62
6	0	1	55	3139	2484	62.6016	0x6c6ef800	255	127	60
6	0	1	56	3139	2485	63.3438	0x672d2fcc	255	120	52
6	0	1	57	3139	2486	64.0625	0x5f6d0eca	255	95	52
6	0	1	58	3139	2487	64.8594	0x45aad5f2	255	84	44
6	0	1	59	3139	2488	66.0938	0x2ea9359b	255	67	35
6	0	1	60	3139	2489	67.7109	0x24292d71	255	64	34
6	0	1	61	3139	2490	69.3594	0x2c68f59b	255	67	33
6	0	1	62	3139	2491	70.7188	0x41e82651	255	89	31
6	0	1	63	3139	2492	71.9609	0x4ae7c6dd	255	104	29
6	0	1	64	3139	2493	73.1953	0x552857a9	255	124	34
6	0	1	65	3139	2494	74.1797	0x5feb387e	255	137	44
6	0	1	66	3139	2495	74.9141	0x666d588a	255	139	52
6	0	1	67	3139	2496	75.625	0x6ef0b092	255	141	68
6	0	1	68	3140	2480	60.0391	0x65304974	255	162	64
6	0	1	69	3140	2481	60.6016	0x63706995	255	171	67
6	0	1	70	3140	2482	61.1875	0x5f2ec193	255	167	62
6	0	1	71	3140	2483	61.9297	0x5dad295c	255	156	52
6	0	1	72	3140	2484	62.6953	0x656df8eb	255	133	53
6	0	1	73	3140	2485	63.3125	0x5dab472f	255	119	45
6	0	1	74	3140	2486	64.4297	0x3c28760f	255	95	34
6	0	1	75	3140	2487	65.9766	0x2da95592	255	64	36
6	0	1	76	3140	2488	67.2734	0x28296578	255	64	36
6	0	1	77	3140	2489	68.9922	0x2d28cda4	255	72	31
6	0	1	78	3140	2490	70.2969	0x43295e1d	255	87	36
6	0	1	79	3140	2491	71.3281	0x52eade7d	255	93	43
6	0	1	80	3140	2492	72.1797	0x5e6b6736	255	115	43
6	0	1	81	3140	2493	73.0391	0x5daac09d	255	142	42
6	0	1	82	3140	2494	73.9766	0x5eabb8e3	255	149	48
6	0	1	83	3140	2495	74.7109	0x61eda129	255	156	55
6	0	1	84	3140	2496	75.4141	0x6bf1d935	255	161	73
6	0	1	85	3141	2480	59.4062	0x5af15221	255	191	75
6	0	1	86	3141	2481	60.0469	0x59efb9fd	255	185	67
6	0	1	87	3141	2482	60.6484	0x5b6f29d6	255	180	64
6	0	1	88	3141	2483	61.3438	0x59eda1ad	255	163	51
6	0	1	89	3141	2484	62.125	0x4ba80130	255	143	31
6	0	1	90	3141	2485	63.7656	0x43e4ffc8	255	128	23
6	0	1	91	3141	2486	65.3047	0x3ee656aa	255	117	21
6	0	1	92	3141	2487	66.8281	0x3ea68e96	255	117	21
6	0	1	93	3141	2488	68.3281	0x3ea7e641	255	116	25
6	0	1	94	3141	2489	69.5547	0x4d293693	255	108	31
6	0	1	95	3141	2490	70.5312	0x57698f36	255	109	37
6	0	1	96	3141	2491	71.5703	0x5dea6fb8	255	121	44
6	0	1	97	3141	2492	72.3672	0x6aee7ff0	255	126	58
6	0	1	98	3141	2493	72.8828	0x682e28a1	255	142	57
6	0	1	99	3141	2494	73.7188	0x602de95d	255	162	57
6	0	1	100	3141	2495	74.2969	0x5eaf59b2	255	174	65
6	0	1	101	3141	2496	74.9844	0x5fb1a9f5	255	185	77
6	0	1	102	3142	2480	58.7188	0x5af011fe	255	186	70
6	0	1	103	3142	2481	59.3984	0x576e71ec	255	181	61
6	0	1	104	3142	2482	60.1094	0x5ceca94c	255	153	45
6	0	1	105	3142	2483	60.9688	0x5a29d095	255	132	38
6	0	1	106	3142	2484	62.0547	0x4fe75f82	255	127	29
6	0	1	107	3142	2485	63.4219	0x43e5488d	255	131	20
6	0	1	108	3142	2486	65.1719	0x4024c89d	255	133	18
6	0	1	109	3142	2487	66.7734	0x4465000c	255	128	19
6	0	1	110	3142	2488	68.3281	0x46a567d0	255	126	23
6	0	1	111	3142	2489	69.7891	0x526797f8	255	127	30
6	0	1	112	3142	2490	70.7031	0x616b7fac	255	127	43
6	0	1	113	3142	2491	71.4688	0x656cd073	255	138	51
6	0	1	114	3142	2492	72.2109	0x6aef209d	255	143	60
6	0	1	115	3142	2493	72.7188	0x703178a1	255	145	70
6	0	1	116	3142	2494	73.2344	0x66f1a98d	255	167	77
6	0	1	117	3142	2495	73.7422	0x5df1f211	255	189	77
6	0	1	118	3142	2496	74.25	0x5572d27a	255	203	88
6	0	1	119	3143	2480	58.2031	0x652f7951	255	160	63
6	0	1	120	3143	2481	58.8906	0x5aeb591e	255	146	44
6	0	1	121	3143	2482	59.9453	0x5628a87b	255	137	34
6	0	1	122	3143	2483	61.0469	0x516757f4	255	125	29
6	0	1	123	3143	2484	62.375	0x48a83e97	255	97	31
6	0	1	124	3143	2485	63.4844	0x43e7d679	255	111	23
6	0	1	125	3143	2486	64.9922	0x4024ff42	255	122	18
6	0	1	126	3143	2487	66.8047	0x3fe4806f	255	128	19
6	0	1	127	3143	2488	68.4219	0x4ae61800	255	127	24
6	0	1	128	3143	2489	69.5703	0x526838bb	255	135	32
6	0	1	129	3143	2490	70.6953	0x5f2ad863	255	133	44
6	0	1	130	3143	2491	71.3438	0x686e1896	255	139	55
6	0	1	131	3143	2492	72.0547	0x6baf689d	255	144	62
6	0	1	132	3143	2493	72.5625	0x733418e5	255	155	80
6	0	1	133	3143	2494	72.8594	0x73f8a169	255	171	100
6	0	1	134	3143	2495	73.0391	0x6bb919fa	255	187	108
6	0	1	135	3143	2496	73.3047	0x5ab87aa9	255	212	104
6	0	1	136	3144	2480	58.0078	0x636c88a9	255	140	49
6	0	1	137	3144	2481	58.8047	0x5daa47d8	255	125	40
6	0	1	138	3144	2482	59.8672	0x56286fd4	255	124	31
6	0	1	139	3144	2483	60.9922	0x422646d8	255	119	22
6	0	1	140	3144	2484	62.8438	0x3a66068f	255	105	22
6	0	1	141	3144	2485	64.2969	0x3e280e34	255	92	28
6	0	1	142	3144	2486	65.5547	0x4c68ee99	255	107	31
6	0	1	143	3144	2487	66.5547	0x4aa61834	255	129	24
6	0	1	144	3144	2488	68.3281	0x45a650f7	255	137	24
6	0	1	145	3144	2489	69.4141	0x5568908a	255	139	33
6	0	1	146	3144	2490	70.5078	0x5c2b28f5	255	146	44
6	0	1	147	3144	2491	71.1719	0x66add8bf	255	147	55
6	0	1	148	3144	2492	71.8984	0x6af0e11d	255	156	68
6	0	1	149	3144	2493	72.2578	0x73772952	255	168	94
6	0	1	150	3144	2494	72.4766	0x73fab990	255	177	109
6	0	1	151	3145	2480	57.8672	0x5d2a3848	255	131	41
6	0	1	152	3145	2481	58.9688	0x56a897c0	255	123	32
6	0	1	153	3145	2482	60.0312	0x46e6fede	255	107	26
6	0	1	154	3145	2483	61.6719	0x34e75e11	255	96	22
6	0	1	155	3145	2484	63.1953	0x3de72e64	255	95	25
6	0	1	156	3145	2485	64.5859	0x4667b6a0	255	100	29
6	0	1	157	3145	2486	65.7734	0x53e92708	255	105	36
6	0	1	158	3145	2487	66.7031	0x55e8cf6b	255	120	35
6	0	1	159	3145	2488	67.9141	0x45e7b169	255	157	29
6	0	1	160	3145	2489	69.2969	0x4ea88927	255	153	35
6	0	1	161	3145	2490	70.1953	0x55ec49a3	255	168	50
6	0	1	162	3145	2491	70.9609	0x652f113b	255	167	62
6	0	1	163	3145	2492	71.4688	0x64b329df	255	183	80
6	0	1	164	3145	2493	71.8594	0x6cb7c1d7	255	184	98
6	0	1	165	3145	2494	72.0078	0x713ca9d1	255	185	116
6	0	1	166	3146	2480	57.8672	0x5e6b4f41	255	118	41
6	0	1	167	3146	2481	58.9297	0x44a7c687	255	117	27
6	0	1	168	3146	2482	60.4766	0x3626a640	255	101	22
6	0	1	169	3146	2483	62.2422	0x34a6de29	255	90	22
6	0	1	170	3146	2484	63.7891	0x41a71693	255	106	27
6	0	1	171	3146	2485	65.0625	0x51285f1d	255	120	32
6	0	1	172	3146	2486	66.0625	0x5deacf6b	255	120	41
6	0	1	173	3146	2487	66.8516	0x666d0fac	255	121	51
6	0	1	174	3146	2488	67.5391	0x572a1106	255	142	49
6	0	1	175	3146	2489	68.7969	0x43eaf220	255	182	46
6	0	1	176	3146	2490	69.5703	0x4aac7a23	255	185	53
6	0	1	177	3146	2491	70.5156	0x57efca15	255	188	74
6	0	1	178	3146	2492	70.8125	0x65f5aa0a	255	192	89
6	0	1	179	3146	2493	71.2109	0x62b66a3f	255	197	96
6	0	1	180	3146	2494	71.4531	0x65bcea65	255	201	120
6	0	1	181	3147	2480	58.25	0x3ee91607	255	83	35
6	0	1	182	3147	2481	59.8047	0x31a8ddb9	255	78	32
6	0	1	183	3147	2482	61.1016	0x37a7861e	255	87	26
6	0	1	184	3147	2483	62.8281	0x46261730	255	116	26
6	0	1	185	3147	2484	64	0x55684fc4	255	125	32
6	0	1	186	3147	2485	65.0469	0x58a90834	255	130	35
6	0	1	187	3147	2486	66.0703	0x5dea8863	255	132	42
6	0	1	188	3147	2487	66.8672	0x6aee8848	255	134	54
6	0	1	189	3147	2488	67.375	0x703178a1	255	145	70
6	0	1	190	3147	2489	67.8906	0x58ae11cf	255	161	64
6	0	1	191	3147	2490	68.8047	0x47ac3a33	255	188	53
6	0	1	192	3147	2491	69.6719	0x472e8a82	255	201	72
6	0	1	193	3147	2492	70.2578	0x5a747a6f	255	202	93
6	0	1	194	3147	2493	70.4688	0x613c128e	255	211	115
6	0	1	195	3148	2480	59.1328	0x30a93da4	255	73	36
6	0	1	196	3148	2481	60.6172	0x3ee8be17	255	85	33
6	0	1	197	3148	2482	61.6719	0x52e9b6c9	255	113	39
6	0	1	198	3148	2483	62.6641	0x53a858a1	255	141	33
6	0	1	199	3148	2484	63.9062	0x4de88933	255	145	34
6	0	1	200	3148	2485	64.9609	0x526a516c	255	149	39
6	0	1	201	3148	2486	65.8672	0x57ab8161	255	154	43
6	0	1	202	3148	2487	66.7109	0x636e6137	255	155	59
6	0	1	203	3148	2488	67.2188	0x6d31890c	255	154	69
6	0	1	204	3148	2489	67.7344	0x70b328fe	255	154	77
6	0	1	205	3148	2490	68.1016	0x633289e1	255	176	84
6	0	1	206	3148	2491	68.6875	0x4df14a94	255	207	79
6	0	1	207	3148	2492	69.2109	0x4af3fadf	255	218	97
6	0	1	208	3149	2480	60.0703	0x41a9fdf5	255	79	39
6	0	1	209	3149	2481	61.0078	0x5e2ba715	255	108	47
6	0	1	210	3149	2482	61.7578	0x65ecdfa9	255	118	51
6	0	1	211	3149	2483	62.5078	0x626c289d	255	137	47
6	0	1	212	3149	2484	63.3516	0x56ab9173	255	161	46
6	0	1	213	3149	2485	64.2578	0x4a2ae9ea	255	173	47
6	0	1	214	3149	2486	65.3125	0x486b09fe	255	179	46
6	0	1	215	3149	2487	66.2188	0x572d69c6	255	173	55
6	0	1	216	3149	2488	66.8281	0x67b03945	255	163	66
6	0	1	217	3149	2489	67.375	0x6a734189	255	173	83
6	0	1	218	3149	2490	67.7109	0x707919b3	255	180	106
6	0	1	219	3149	2491	67.8203	0x66bb7251	255	196	112
6	0	1	220	3150	2480	60.4609	0x5e6caecd	255	103	51
6	0	1	221	3150	2481	61.0938	0x68addfac	255	118	55
6	0	1	222	3150	2482	61.8438	0x6c2ef828	255	128	59
6	0	1	223	3150	2483	62.3516	0x6bef0058	255	133	60
6	0	1	224	3150	2484	63.1016	0x642d98ef	255	147	54
6	0	1	225	3150	2485	63.7812	0x5c2d417a	255	166	54
6	0	1	226	3150	2486	64.6094	0x4cab31de	255	171	46
6	0	1	227	3150	2487	65.6719	0x4d6ae1c6	255	172	44
6	0	1	228	3150	2488	66.5391	0x626fb189	255	176	70
6	0	1	229	3150	2489	66.8906	0x69f6a9eb	255	186	94
6	0	1	230	3150	2490	67.1562	0x6cba41fb	255	192	112
6	0	1	231	3151	2480	60.7109	0x696e6776	255	118	59
6	0	1	232	3151	2481	61.1719	0x72321f89	255	118	66
6	0	1	233	3151	2482	61.6797	0x6eafe804	255	127	63
6	0	1	234	3151	2483	62.3359	0x6defb7f4	255	128	63
6	0	1	235	3151	2484	62.8672	0x6f70986b	255	132	66
6	0	1	236	3151	2485	63.4375	0x696e889d	255	136	61
6	0	1	237	3151	2486	64.1797	0x5a6b8132	255	155	46
6	0	1	238	3151	2487	65.1641	0x50eb91c0	255	171	49
6	0	1	239	3151	2488	65.9766	0x5a311a23	255	192	79
6	0	1	240	3151	2489	66.2656	0x67371a16	255	194	98
6	0	1	241	3151	2490	66.5625	0x68fd4a43	255	199	123
6	0	1	242	3152	2480	60.7344	0x6ef047ac	255	116	63
6	0	1	243	3152	2481	61.3281	0x6f309f8d	255	115	66
6	0	1	244	3152	2482	61.8359	0x70313f76	255	115	67
6	0	1	245	3152	2483	62.375	0x70f11fbc	255	120	68
6	0	1	246	3152	2484	62.8906	0x7030afd0	255	123	67
6	0	1	247	3152	2485	63.4688	0x70b0d800	255	127	67
6	0	1	248	3152	2486	63.9688	0x6d2fe08a	255	137	65
6	0	1	249	3152	2487	64.6406	0x636f716e	255	165	63
6	0	1	250	3152	2488	65.2109	0x5eb2020b	255	185	91
6	0	1	251	3152	2489	65.6484	0x61b75a58	255	201	103
6	0	1	252	3152	2490	65.7812	0x5f7ec2a8	255	211	127
6	1	0	0	3136	2480	59.7891	0x6a2f3f41	255	106	60
6	1	0	1	3137	2480	60	0x662e3715	255	103	57
6	1	0	2	3137	2481	60.7188	0x65ee470e	255	104	59
6	1	0	3	3136	2481	60.375	0x67af1703	255	102	60
6	1	0	4	3136	2482	61.0547	0x632d96f9	255	101	57
6	1	0	5	3137	2482	61.3516	0x692f072a	255	106	60
6	1	0	6	3137	2483	61.9844	0x696e8f66	255	112	58
6	1	0	7	3136	2483	61.8125	0x65ae1711	255	103	56
6	1	0	8	3136	2484	62.4297	0x676f06fc	255	102	61
6	1	0	9	3137	2484	62.6641	0x6c2f6f7a	255	117	61
6	1	0	10	3137	2485	63.2031	0x6f305fc0	255	122	64
6	1	0	11	3136	2485	63.0859	0x692f5f18	255	106	61
6	1	0	12	3136	2486	63.6641	0x6a2fcf15	255	106	63
6	1	0	13	3137	2486	63.7891	0x6e7007c4	255	123	63
6	1	0	14	3137	2487	64.3594	0x6befef44	255	116	60
6	1	0	15	3136	2487	64.2734	0x6a2f3f3d	255	110	60
6	1	0	16	3136	2488	64.9062	0x6b2f0f7e	255	111	54
6	1	0	17	3137	2488	64.9609	0x5e2baf15	255	112	47
6	1	0	18	3137	2489	66.0391	0x42a8c636	255	95	32
6	1	0	19	3136	2489	65.5312	0x51a9a6b6	255	100	39
6	1	0	20	3136	2494	73.2188	0x2d6855b8	255	77	30
6	1	0	21	3137	2494	74.0547	0x4368764e	255	98	30
6	1	0	22	3137	2495	75.1641	0x60eb47b8	255	120	47
6	1	0	23	3136	2495	74.8438	0x3e291dff	255	84	34
6	1	0	24	3136	2496	75.6953	0x672e3f32	255	106	57
6	1	0	25	3137	2496	75.7656	0x6daf8ffc	255	127	61
6	1	0	26	3138	2480	60.2656	0x6baf0799	255	121	58
6	1	0	27	3138	2481	60.8672	0x6c6f6795	255	117	61
6	1	0	28	3138	2482	61.4844	0x6bef17a5	255	119	61
6	1	0	29	3138	2483	62.1172	0x6d2f77cc	255	124	61
6	1	0	30	3138	2484	62.6953	0x7030a820	255	126	63
6	1	0	31	3138	2485	63.2109	0x7030c7b8	255	122	66
6	1	0	32	3138	2486	63.7812	0x66ad6f76	255	119	59
6	1	0	33	3138	2487	64.6484	0x5fec470b	255	103	49
6	1	0	34	3138	2488	65.3828	0x4aead624	255	86	43
6	1	0	35	3137	2493	72.6641	0x3767761e	255	94	26
6	1	0	36	3138	2493	72.8672	0x48e6feff	255	108	26
6	1	0	37	3138	2494	74.2266	0x57a8cfc0	255	125	38
6	1	0	38	3138	2495	74.9844	0x65ed107f	255	138	52
6	1	0	39	3138	2496	75.7031	0x6a2e5848	255	137	61
6	1	0	40	3139	2480	60.2031	0x69ee6873	255	138	57
6	1	0	41	3139	2481	60.9297	0x696e6086	255	134	59
6	1	0	42	3139	2482	61.5312	0x6d300896	255	133	63
6	1	0	43	3139	2483	62.0859	0x7030f05f	255	132	62
6	1	0	44	3139	2484	62.6016	0x6c6ef800	255	127	60
6	1	0	45	3139	2485	63.3438	0x672d2fcc	255	120	52
6	1	0	46	3139	2486	64.0625	0x5f6d0eca	255	95	52
6	1	0	47	3139	2487	64.8594	0x45aad5f2	255	84	44
6	1	0	48	3139	2493	73.1953	0x552857a9	255	124	34
6	1	0	49	3139	2494	74.1797	0x5feb387e	255	137	44
6	1	0	50	3139	2495	74.9141	0x666d588a	255	139	52
6	1	0	51	3139	2496	75.625	0x6ef0b092	255	141	68
6	1	0	52	3140	2480	60.0391	0x65304974	255	162	64
6	1	0	53	3140	2481	60.6016	0x63706995	255	171	67
6	1	0	54	3140	2482	61.1875	0x5f2ec193	255	167	62
6	1	0	55	3140	2483	61.9297	0x5dad295c	255	156	52
6	1	0	56	3140	2484	62.6953	0x656df8eb	255	133	53
6	1	0	57	3140	2485	63.3125	0x5dab472f	255	119	45
6	1	0	58	3140	2486	64.4297	0x3c28760f	255	95	34
6	1	0	59	3139	2491	70.7188	0x41e82651	255	89	31
6	1	0	60	3140	2491	71.3281	0x52eade7d	255	93	43
6	1	0	61	3140	2492	72.1797	0x5e6b6736	255	115	43
6	1	0	62	3139	2492	71.9609	0x4ae7c6dd	255	104	29
6	1	0	63	3140	2493	73.0391	0x5daac09d	255	142	42
6	1	0	64	3140	2494	73.9766	0x5eabb8e3	255	149	48
6	1	0	65	3140	2495	74.7109	0x61eda129	255	156	55
6	1	0	66	3140	2496	75.4141	0x6bf1d935	255	161	73
6	1	0	67	3141	2480	59.4062	0x5af15221	255	191	75
6	1	0	68	3141	2481	60.0469	0x59efb9fd	255	185	67
6	1	0	69	3141	2482	60.6484	0x5b6f29d6	255	180	64
6	1	0	70	3141	2483	61.3438	0x59eda1ad	255	163	51
6	1	0	71	3141	2484	62.125	0x4ba80130	255	143	31
6	1	0	72	3141	2485	63.7656	0x43e4ffc8	255	128	23
6	1	0	73	3140	2490	70.2969	0x43295e1d	255	87	36
6	1	0	74	3141	2490	70.5312	0x57698f36	255	109	37
6	1	0	75	3141	2491	71.5703	0x5dea6fb8	255	121	44
6	1	0	76	3141	2492	72.3672	0x6aee7ff0	255	126	58
6	1	0	77	3141	2493	72.8828	0x682e28a1	255	142	57
6	1	0	78	3141	2494	73.7188	0x602de95d	255	162	57
6	1	0	79	3141	2495	74.2969	0x5eaf59b2	255	174	65
6	1	0	80	3141	2496	74.9844	0x5fb1a9f5	255	185	77
6	1	0	81	3142	2480	58.7188	0x5af011fe	255	186	70
6	1	0	82	3142	2481	59.3984	0x576e71ec	255	181	61
6	1	0	83	3142	2482	60.1094	0x5ceca94c	255	153	45
6	1	0	84	3142	2483	60.9688	0x5a29d095	255	132	38
6	1	0	85	3142	2484	62.0547	0x4fe75f82	255	127	29
6	1	0	86	3141	2489	69.5547	0x4d293693	255	108	31
6	1	0	87	3142	2489	69.7891	0x526797f8	255	127	30
6	1	0	88	3142	2490	70.7031	0x616b7fac	255	127	43
6	1	0	89	3142	2491	71.4688	0x656cd073	255	138	51
6	1	0	90	3142	2492	72.2109	0x6aef209d	255	143	60
6	1	0	91	3142	2493	72.7188	0x703178a1	255	145	70
6	1	0	92	3142	2494	73.2344	0x66f1a98d	255	167	77
6	1	0	93	3142	2495	73.7422	0x5df1f211	255	189	77
6	1	0	94	3142	2496	74.25	0x5572d27a	255	203	88
6	1	0	95	3143	2480	58.2031	0x652f7951	255	160	63
6	1	0	96	3143	2481	58.8906	0x5aeb591e	255	146	44
6	1	0	97	3143	2482	59.9453	0x5628a87b	255	137	34
6	1	0	98	3143	2483	61.0469	0x516757f4	255	125	29
6	1	0	99	3143	2489	69.5703	0x526838bb	255	135	32
6	1	0	100	3143	2490	70.6953	0x5f2ad863	255	133	44
6	1	0	101	3143	2491	71.3438	0x686e1896	255	139	55
6	1	0	102	3143	2492	72.0547	0x6baf689d	255	144	62
6	1	0	103	3143	2493	72.5625	0x733418e5	255	155	80
6	1	0	104	3143	2494	72.8594	0x73f8a169	255	171	100
6	1	0	105	3143	2495	73.0391	0x6bb919fa	255	187	108
6	1	0	106	3143	2496	73.3047	0x5ab87aa9	255	212	104
6	1	0	107	3144	2480	58.0078	0x636c88a9	255	140	49
6	1	0	108	3144	2481	58.8047	0x5daa47d8	255	125	40
6	1	0	109	3144	2482	59.8672	0x56286fd4	255	124	31
6	1	0	110	3144	2489	69.4141	0x5568908a	255	139	33
6	1	0	111	3144	2490	70.5078	0x5c2b28f5	255	146	44
6	1	0	112	3144	2491	71.1719	0x66add8bf	255	147	55
6	1	0	113	3144	2492	71.8984	0x6af0e11d	255	156	68
6	1	0	114	3144	2493	72.2578	0x73772952	255	168	94
6	1	0	115	3144	2494	72.4766	0x73fab990	255	177	109
6	1	0	116	3144	2495	72.5938	0x7300e1be	255	182	128
6	1	0	117	3144	2496	72.4219	0x6b02622a	255	200	131
6	1	0	118	3145	2480	57.8672	0x5d2a3848	255	131	41
6	1	0	119	3145	2481	58.9688	0x56a897c0	255	123	32
6	1	0	120	3145	2489	69.2969	0x4ea88927	255	153	35
6	1	0	121	3145	2490	70.1953	0x55ec49a3	255	168	50
6	1	0	122	3145	2491	70.9609	0x652f113b	255	167	62
6	1	0	123	3145	2492	71.4688	0x64b329df	255	183	80
6	1	0	124	3145	2493	71.8594	0x6cb7c1d7	255	184	98
6	1	0	125	3145	2494	72.0078	0x713ca9d1	255	185	116
6	1	0	126	3145	2495	72.0703	0x6dffe20a	255	189	129
6	1	0	127	3145	2496	72.0156	0x6c07d1e7	255	186	144
6	1	0	128	3146	2480	57.8672	0x5e6b4f41	255	118	41
6	1	0	129	3146	2481	58.9297	0x44a7c687	255	117	27
6	1	0	130	3145	2485	64.5859	0x4667b6a0	255	100	29
6	1	0	131	3146	2485	65.0625	0x51285f1d	255	120	32
6	1	0	132	3146	2486	66.0625	0x5deacf6b	255	120	41
6	1	0	133	3145	2486	65.7734	0x53e92708	255	105	36
6	1	0	134	3145	2487	66.7031	0x55e8cf6b	255	120	35
6	1	0	135	3146	2487	66.8516	0x666d0fac	255	121	51
6	1	0	136	3146	2488	67.5391	0x572a1106	255	142	49
6	1	0	137	3145	2488	67.9141	0x45e7b169	255	157	29
6	1	0	138	3146	2489	68.7969	0x43eaf220	255	182	46
6	1	0	139	3146	2490	69.5703	0x4aac7a23	255	185	53
6	1	0	140	3146	2491	70.5156	0x57efca15	255	188	74
6	1	0	141	3146	2492	70.8125	0x65f5aa0a	255	192	89
6	1	0	142	3146	2493	71.2109	0x62b66a3f	255	197	96
6	1	0	143	3146	2494	71.4531	0x65bcea65	255	201	120
6	1	0	144	3146	2495	71.4062	0x68820248	255	200	133
6	1	0	145	3146	2496	71.3281	0x64485a3f	255	199	144
6	1	0	146	3147	2480	58.25	0x3ee91607	255	83	35
6	1	0	147	3147	2481	59.8047	0x31a8ddb9	255	78	32
6	1	0	148	3147	2485	65.0469	0x58a90834	255	130	35
6	1	0	149	3147	2486	66.0703	0x5dea8863	255	132	42
6	1	0	150	3147	2487	66.8672	0x6aee8848	255	134	54
6	1	0	151	3147	2488	67.375	0x703178a1	255	145	70
6	1	0	152	3147	2489	67.8906	0x58ae11cf	255	161	64
6	1	0	153	3147	2490	68.8047	0x47ac3a33	255	188	53
6	1	0	154	3147	2491	69.6719	0x472e8a82	255	201	72
6	1	0	155	3147	2492	70.2578	0x5a747a6f	255	202	93
6	1	0	156	3147	2493	70.4688	0x613c128e	255	211	115
6	1	0	157	3147	2494	70.5078	0x5c3caabd	255	214	119
6	1	0	158	3147	2495	70.6797	0x5ffe02a1	255	210	126
6	1	0	159	3147	2496	70.6328	0x60073a7b	255	206	141
6	1	0	160	3148	2481	60.6172	0x3ee8be17	255	85	33
6	1	0	161	3148	2482	61.6719	0x52e9b6c9	255	113	39
6	1	0	162	3147	2482	61.1016	0x37a7861e	255	87	26
6	1	0	163	3147	2483	62.8281	0x46261730	255	116	26
6	1	0	164	3148	2483	62.6641	0x53a858a1	255	141	33
6	1	0	165	3148	2485	64.9609	0x526a516c	255	149	39
6	1	0	166	3148	2486	65.8672	0x57ab8161	255	154	43
6	1	0	167	3148	2487	66.7109	0x636e6137	255	155	59
6	1	0	168	3148	2488	67.2188	0x6d31890c	255	154	69
6	1	0	169	3148	2489	67.7344	0x70b328fe	255	154	77
6	1	0	170	3148	2490	68.1016	0x633289e1	255	176	84
6	1	0	171	3148	2491	68.6875	0x4df14a94	255	207	79
6	1	0	172	3148	2492	69.2109	0x4af3fadf	255	218	97
6	1	0	173	3148	2493	69.5391	0x55fa82e2	255	219	118
6	1	0	174	3148	2494	69.5625	0x5a7e22d1	255	219	122
6	1	0	175	3148	2495	69.6562	0x54fd82f9	255	222	120
6	1	0	176	3148	2496	69.7188	0x51447309	255	222	137
6	1	0	177	3148	2480	59.1328	0x30a93da4	255	73	36
6	1	0	178	3149	2480	60.0703	0x41a9fdf5	255	79	39
6	1	0	179	3149	2481	61.0078	0x5e2ba715	255	108	47
6	1	0	180	3149	2482	61.7578	0x65ecdfa9	255	118	51
6	1	0	181	3149	2483	62.5078	0x626c289d	255	137	47
6	1	0	182	3148	2484	63.9062	0x4de88933	255	145	34
6	1	0	183	3149	2484	63.3516	0x56ab9173	255	161	46
6	1	0	184	3149	2485	64.2578	0x4a2ae9ea	255	173	47
6	1	0	185	3149	2486	65.3125	0x486b09fe	255	179	46
6	1	0	186	3149	2487	66.2188	0x572d69c6	255	173	55
6	1	0	187	3149	2488	66.8281	0x67b03945	255	163	66
6	1	0	188	3149	2489	67.375	0x6a734189	255	173	83
6	1	0	189	3149	2490	67.7109	0x707919b3	255	180	106
6	1	0	190	3149	2491	67.8203	0x66bb7251	255	196	112
6	1	0	191	3149	2492	68	0x5537f2ce	255	216	105
6	1	0	192	3150	2480	60.4609	0x5e6caecd	255	103	51
6	1	0	193	3150	2481	61.0938	0x68addfac	255	118	55
6	1	0	194	3150	2482	61.8438	0x6c2ef828	255	128	59
6	1	0	195	3150	2483	62.3516	0x6bef0058	255	133	60
6	1	0	196	3150	2484	63.1016	0x642d98ef	255	147	54
6	1	0	197	3150	2485	63.7812	0x5c2d417a	255	166	54
6	1	0	198	3150	2486	64.6094	0x4cab31de	255	171	46
6	1	0	199	3150	2487	65.6719	0x4d6ae1c6	255	172	44
6	1	0	200	3150	2488	66.5391	0x626fb189	255	176	70
6	1	0	201	3150	2489	66.8906	0x69f6a9eb	255	186	94
6	1	0	202	3150	2490	67.1562	0x6cba41fb	255	192	112
6	1	0	203	3150	2491	67.2578	0x693fc246	255	199	127
6	1	0	204	3150	2492	67.1719	0x63037a7e	255	210	132
6	1	0	205	3149	2493	68.3516	0x4bf82b10	255	226	119
6	1	0	206	3150	2493	67.0391	0x4f447315	255	226	138
6	1	0	207	3151	2480	60.7109	0x696e6776	255	118	59
6	1	0	208	3151	2481	61.1719	0x72321f89	255	118	66
6	1	0	209	3151	2482	61.6797	0x6eafe804	255	127	63
6	1	0	210	3151	2483	62.3359	0x6defb7f4	255	128	63
6	1	0	211	3151	2484	62.8672	0x6f70986b	255	132	66
6	1	0	212	3151	2485	63.4375	0x696e889d	255	136	61
6	1	0	213	3151	2486	64.1797	0x5a6b8132	255	155	46
6	1	0	214	3151	2487	65.1641	0x50eb91c0	255	171	49
6	1	0	215	3151	2488	65.9766	0x5a311a23	255	192	79
6	1	0	216	3151	2489	66.2656	0x67371a16	255	194	98
6	1	0	217	3151	2490	66.5625	0x68fd4a43	255	199	123
6	1	0	218	3151	2491	66.4375	0x6502a26d	255	206	134
6	1	0	219	3151	2492	66.3984	0x5a0852a4	255	212	141
6	1	0	220	3151	2493	65.8906	0x5449a2c0	255	214	144
6	1	0	221	3150	2494	66.8906	0x4ac0033d	255	230	129
6	1	0	222	3151	2494	65.75	0x5b452ab9	255	213	142
6	1	0	223	3151	2495	65.5625	0x53c33afe	255	219	135
6	1	0	224	3152	2480	60.7344	0x6ef047ac	255	116	63
6	1	0	225	3152	2481	61.3281	0x6f309f8d	255	115	66
6	1	0	226	3152	2482	61.8359	0x70313f76	255	115	67
6	1	0	227	3152	2483	62.375	0x70f11fbc	255	120	68
6	1	0	228	3152	2484	62.8906	0x7030afd0	255	123	67
6	1	0	229	3152	2485	63.4688	0x70b0d800	255	127	67
6	1	0	230	3152	2486	63.9688	0x6d2fe08a	255	137	65
6	1	0	231	3152	2487	64.6406	0x636f716e	255	165	63
6	1	0	232	3152	2488	65.2109	0x5eb2020b	255	185	91
6	1	0	233	3152	2489	65.6484	0x61b75a58	255	201	103
6	1	0	234	3152	2490	65.7812	0x5f7ec2a8	255	211	127
6	1	0	235	3152	2491	65.7266	0x59068abf	255	214	140
6	1	0	236	3152	2492	65.3594	0x5209f2cd	255	215	143
6	1	0	237	3152	2493	65.0547	0x63c58267	255	203	139
6	1	0	238	3152	2494	65.0078	0x6084928f	255	206	142
6	1	0	239	3152	2495	64.7656	0x5c46e2a0	255	210	148
6	1	0	240	3152	2496	64.5625	0x6382427f	255	203	128
6	1	0	241	3151	2496	65.5469	0x560542e1	255	219	135
6	2	3	0	3137	2489	66.0391	0x42a8c636	255	95	32
6	2	3	1	3136	2490	66.9766	0x3966e64d	255	95	25
6	2	3	2	3137	2490	67.4219	0x346805ed	255	84	27
6	2	3	3	3137	2491	69.0391	0x29a7adc2	255	84	24
6	2	3	4	3136	2491	68.6484	0x35275615	255	90	24
6	2	3	5	3136	2492	70.1406	0x2de8bdab	255	78	27
6	2	3	6	3137	2492	71	0x2ce715ee	255	86	21
6	2	3	7	3137	2493	72.6641	0x3767761e	255	94	26
6	2	3	8	3136	2493	71.6719	0x2f286dbd	255	75	30
6	2	3	9	3136	2494	73.2188	0x2d6855b8	255	77	30
6	2	3	10	3137	2494	74.0547	0x4368764e	255	98	30
6	2	3	11	3137	2495	75.1641	0x60eb47b8	255	120	47
6	2	3	12	3136	2495	74.8438	0x3e291dff	255	84	34
6	2	3	13	3136	2496	75.6953	0x672e3f32	255	106	57
6	2	3	14	3137	2487	64.3594	0x6befef44	255	116	60
6	2	3	15	3138	2487	64.6484	0x5fec470b	255	103	49
6	2	3	16	3138	2488	65.3828	0x4aead624	255	86	43
6	2	3	17	3137	2488	64.9609	0x5e2baf15	255	112	47
6	2	3	18	3138	2489	66.6172	0x30288dbd	255	75	30
6	2	3	19	3138	2490	68.3828	0x252805a1	255	76	26
6	2	3	20	3138	2491	70.3281	0x2de83dbe	255	82	26
6	2	3	21	3138	2492	71.5703	0x43a83e5d	255	94	27
6	2	3	22	3139	2485	63.3438	0x672d2fcc	255	120	52
6	2	3	23	3138	2486	63.7812	0x66ad6f76	255	119	59
6	2	3	24	3139	2486	64.0625	0x5f6d0eca	255	95	52
6	2	3	25	3139	2487	64.8594	0x45aad5f2	255	84	44
6	2	3	26	3139	2488	66.0938	0x2ea9359b	255	67	35
6	2	3	27	3139	2489	67.7109	0x24292d71	255	64	34
6	2	3	28	3139	2490	69.3594	0x2c68f59b	255	67	33
6	2	3	29	3139	2491	70.7188	0x41e82651	255	89	31
6	2	3	30	3140	2486	64.4297	0x3c28760f	255	95	34
6	2	3	31	3140	2487	65.9766	0x2da95592	255	64	36
6	2	3	32	3140	2488	67.2734	0x28296578	255	64	36
6	2	3	33	3140	2489	68.9922	0x2d28cda4	255	72	31
6	2	3	34	3140	2490	70.2969	0x43295e1d	255	87	36
6	2	3	35	3140	2491	71.3281	0x52eade7d	255	93	43
6	2	3	36	3141	2487	66.8281	0x3ea68e96	255	117	21
6	2	3	37	3141	2488	68.3281	0x3ea7e641	255	116	25
6	2	3	38	3141	2489	69.5547	0x4d293693	255	108	31
6	2	3	39	3141	2490	70.5312	0x57698f36	255	109	37
6	2	3	40	3141	2491	71.5703	0x5dea6fb8	255	121	44
6	2	3	41	3146	2480	57.8672	0x5e6b4f41	255	118	41
6	2	3	42	3147	2480	58.25	0x3ee91607	255	83	35
6	2	3	43	3147	2481	59.8047	0x31a8ddb9	255	78	32
6	2	3	44	3146	2481	58.9297	0x44a7c687	255	117	27
6	2	3	45	3146	2482	60.4766	0x3626a640	255	101	22
6	2	3	46	3147	2482	61.1016	0x37a7861e	255	87	26
6	2	3	47	3148	2480	59.1328	0x30a93da4	255	73	36
6	2	3	48	3148	2481	60.6172	0x3ee8be17	255	85	33
6	2	3	49	3148	2482	61.6719	0x52e9b6c9	255	113	39
6	2	3	50	3149	2480	60.0703	0x41a9fdf5	255	79	39
6	2	3	51	3149	2481	61.0078	0x5e2ba715	255	108	47
6	2	3	52	3150	2480	60.4609	0x5e6caecd	255	103	51
6	3	4	0	3139	2480	60.2031	0x69ee6873	255	138	57
6	3	4	1	3140	2480	60.0391	0x65304974	255	162	64
6	3	4	2	3139	2481	60.9297	0x696e6086	255	134	59
6	3	4	3	3140	2481	60.6016	0x63706995	255	171	67
6	3	4	4	3140	2482	61.1875	0x5f2ec193	255	167	62
6	3	4	5	3139	2482	61.5312	0x6d300896	255	133	63
6	3	4	6	3139	2483	62.0859	0x7030f05f	255	132	62
6	3	4	7	3140	2483	61.9297	0x5dad295c	255	156	52
6	3	4	8	3139	2495	74.9141	0x666d588a	255	139	52
6	3	4	9	3140	2495	74.7109	0x61eda129	255	156	55
6	3	4	10	3140	2496	75.4141	0x6bf1d935	255	161	73
6	3	4	11	3139	2496	75.625	0x6ef0b092	255	141	68
6	3	4	12	3141	2480	59.4062	0x5af15221	255	191	75
6	3	4	13	3141	2481	60.0469	0x59efb9fd	255	185	67
6	3	4	14	3141	2482	60.6484	0x5b6f29d6	255	180	64
6	3	4	15	3141	2483	61.3438	0x59eda1ad	255	163	51
6	3	4	16	3140	2484	62.6953	0x656df8eb	255	133	53
6	3	4	17	3141	2484	62.125	0x4ba80130	255	143	31
6	3	4	18	3141	2493	72.8828	0x682e28a1	255	142	57
6	3	4	19	3140	2494	73.9766	0x5eabb8e3	255	149	48
6	3	4	20	3141	2494	73.7188	0x602de95d	255	162	57
6	3	4	21	3141	2495	74.2969	0x5eaf59b2	255	174	65
6	3	4	22	3141	2496	74.9844	0x5fb1a9f5	255	185	77
6	3	4	23	3142	2480	58.7188	0x5af011fe	255	186	70
6	3	4	24	3142	2481	59.3984	0x576e71ec	255	181	61
6	3	4	25	3142	2482	60.1094	0x5ceca94c	255	153	45
6	3	4	26	3142	2483	60.9688	0x5a29d095	255	132	38
6	3	4	27	3142	2484	62.0547	0x4fe75f82	255	127	29
6	3	4	28	3142	2493	72.7188	0x703178a1	255	145	70
6	3	4	29	3142	2494	73.2344	0x66f1a98d	255	167	77
6	3	4	30	3142	2495	73.7422	0x5df1f211	255	189	77
6	3	4	31	3142	2496	74.25	0x5572d27a	255	203	88
6	3	4	32	3143	2480	58.2031	0x652f7951	255	160	63
6	3	4	33	3143	2481	58.8906	0x5aeb591e	255	146	44
6	3	4	34	3142	2492	72.2109	0x6aef209d	255	143	60
6	3	4	35	3143	2492	72.0547	0x6baf689d	255	144	62
6	3	4	36	3143	2493	72.5625	0x733418e5	255	155	80
6	3	4	37	3143	2494	72.8594	0x73f8a169	255	171	100
6	3	4	38	3143	2495	73.0391	0x6bb919fa	255	187	108
6	3	4	39	3143	2496	73.3047	0x5ab87aa9	255	212	104
6	3	4	40	3144	2480	58.0078	0x636c88a9	255	140	49
6	3	4	41	3143	2491	71.3438	0x686e1896	255	139	55
6	3	4	42	3144	2491	71.1719	0x66add8bf	255	147	55
6	3	4	43	3144	2492	71.8984	0x6af0e11d	255	156	68
6	3	4	44	3144	2493	72.2578	0x73772952	255	168	94
6	3	4	45	3144	2494	72.4766	0x73fab990	255	177	109
6	3	4	46	3144	2495	72.5938	0x7300e1be	255	182	128
6	3	4	47	3144	2496	72.4219	0x6b02622a	255	200	131
6	3	4	48	3145	2489	69.2969	0x4ea88927	255	153	35
6	3	4	49	3144	2490	70.5078	0x5c2b28f5	255	146	44
6	3	4	50	3145	2490	70.1953	0x55ec49a3	255	168	50
6	3	4	51	3145	2491	70.9609	0x652f113b	255	167	62
6	3	4	52	3145	2492	71.4688	0x64b329df	255	183	80
6	3	4	53	3145	2493	71.8594	0x6cb7c1d7	255	184	98
6	3	4	54	3145	2494	72.0078	0x713ca9d1	255	185	116
6	3	4	55	3145	2495	72.0703	0x6dffe20a	255	189	129
6	3	4	56	3145	2496	72.0156	0x6c07d1e7	255	186	144
6	3	4	57	3146	2488	67.5391	0x572a1106	255	142	49
6	3	4	58	3146	2489	68.7969	0x43eaf220	255	182	46
6	3	4	59	3146	2490	69.5703	0x4aac7a23	255	185	53
6	3	4	60	3146	2491	70.5156	0x57efca15	255	188	74
6	3	4	61	3146	2492	70.8125	0x65f5aa0a	255	192	89
6	3	4	62	3146	2493	71.2109	0x62b66a3f	255	197	96
6	3	4	63	3146	2494	71.4531	0x65bcea65	255	201	120
6	3	4	64	3146	2495	71.4062	0x68820248	255	200	133
6	3	4	65	3146	2496	71.3281	0x64485a3f	255	199	144
6	3	4	66	3147	2488	67.375	0x703178a1	255	145	70
6	3	4	67	3147	2489	67.8906	0x58ae11cf	255	161	64
6	3	4	68	3147	2490	68.8047	0x47ac3a33	255	188	53
6	3	4	69	3147	2491	69.6719	0x472e8a82	255	201	72
6	3	4	70	3147	2492	70.2578	0x5a747a6f	255	202	93
6	3	4	71	3147	2493	70.4688	0x613c128e	255	211	115
6	3	4	72	3147	2494	70.5078	0x5c3caabd	255	214	119
6	3	4	73	3147	2495	70.6797	0x5ffe02a1	255	210	126
6	3	4	74	3147	2496	70.6328	0x60073a7b	255	206	141
6	3	4	75	3147	2487	66.8672	0x6aee8848	255	134	54
6	3	4	76	3148	2487	66.7109	0x636e6137	255	155	59
6	3	4	77	3148	2488	67.2188	0x6d31890c	255	154	69
6	3	4	78	3148	2489	67.7344	0x70b328fe	255	154	77
6	3	4	79	3148	2490	68.1016	0x633289e1	255	176	84
6	3	4	80	3148	2491	68.6875	0x4df14a94	255	207	79
6	3	4	81	3148	2492	69.2109	0x4af3fadf	255	218	97
6	3	4	82	3148	2493	69.5391	0x55fa82e2	255	219	118
6	3	4	83	3148	2494	69.5625	0x5a7e22d1	255	219	122
6	3	4	84	3148	2495	69.6562	0x54fd82f9	255	222	120
6	3	4	85	3148	2496	69.7188	0x51447309	255	222	137
6	3	4	86	3149	2483	62.5078	0x626c289d	255	137	47
6	3	4	87	3148	2484	63.9062	0x4de88933	255	145	34
6	3	4	88	3149	2484	63.3516	0x56ab9173	255	161	46
6	3	4	89	3149	2485	64.2578	0x4a2ae9ea	255	173	47
6	3	4	90	3148	2485	64.9609	0x526a516c	255	149	39
6	3	4	91	3148	2486	65.8672	0x57ab8161	255	154	43
6	3	4	92	3149	2486	65.3125	0x486b09fe	255	179	46
6	3	4	93	3149	2487	66.2188	0x572d69c6	255	173	55
6	3	4	94	3149	2488	66.8281	0x67b03945	255	163	66
6	3	4	95	3149	2489	67.375	0x6a734189	255	173	83
6	3	4	96	3149	2490	67.7109	0x707919b3	255	180	106
6	3	4	97	3149	2491	67.8203	0x66bb7251	255	196	112
6	3	4	98	3149	2492	68	0x5537f2ce	255	216	105
6	3	4	99	3149	2493	68.3516	0x4bf82b10	255	226	119
6	3	4	100	3149	2494	68.5156	0x4cbe8332	255	229	125
6	3	4	101	3149	2495	68.4453	0x4c83f329	255	229	130
6	3	4	102	3149	2496	68.2656	0x41c88b42	255	232	145
6	3	4	103	3150	2484	63.1016	0x642d98ef	255	147	54
6	3	4	104	3150	2485	63.7812	0x5c2d417a	255	166	54
6	3	4	105	3150	2486	64.6094	0x4cab31de	255	171	46
6	3	4	106	3150	2487	65.6719	0x4d6ae1c6	255	172	44
6	3	4	107	3150	2488	66.5391	0x626fb189	255	176	70
6	3	4	108	3150	2489	66.8906	0x69f6a9eb	255	186	94
6	3	4	109	3150	2490	67.1562	0x6cba41fb	255	192	112
6	3	4	110	3150	2491	67.2578	0x693fc246	255	199	127
6	3	4	111	3150	2492	67.1719	0x63037a7e	255	210	132
6	3	4	112	3150	2493	67.0391	0x4f447315	255	226	138
6	3	4	113	3150	2494	66.8906	0x4ac0033d	255	230	129
6	3	4	114	3150	2495	67.0391	0x48037b45	255	232	130
6	3	4	115	3150	2496	66.6719	0x430b8315	255	228	145
6	3	4	116	3151	2485	63.4375	0x696e889d	255	136	61
6	3	4	117	3151	2486	64.1797	0x5a6b8132	255	155	46
6	3	4	118	3151	2487	65.1641	0x50eb91c0	255	171	49
6	3	4	119	3151	2488	65.9766	0x5a311a23	255	192	79
6	3	4	120	3151	2489	66.2656	0x67371a16	255	194	98
6	3	4	121	3151	2490	66.5625	0x68fd4a43	255	199	123
6	3	4	122	3151	2491	66.4375	0x6502a26d	255	206	134
6	3	4	123	3151	2492	66.3984	0x5a0852a4	255	212	141
6	3	4	124	3151	2493	65.8906	0x5449a2c0	255	214	144
6	3	4	125	3151	2494	65.75	0x5b452ab9	255	213	142
6	3	4	126	3151	2495	65.5625	0x53c33afe	255	219	135
6	3	4	127	3151	2496	65.5469	0x560542e1	255	219	135
6	3	4	128	3152	2486	63.9688	0x6d2fe08a	255	137	65
6	3	4	129	3152	2487	64.6406	0x636f716e	255	165	63
6	3	4	130	3152	2488	65.2109	0x5eb2020b	255	185	91
6	3	4	131	3152	2489	65.6484	0x61b75a58	255	201	103
6	3	4	132	3152	2490	65.7812	0x5f7ec2a8	255	211	127
6	3	4	133	3152	2491	65.7266	0x59068abf	255	214	140
6	3	4	134	3152	2492	65.3594	0x5209f2cd	255	215	143
6	3	4	135	3152	2493	65.0547	0x63c58267	255	203	139
6	3	4	136	3152	2494	65.0078	0x6084928f	255	206	142
6	3	4	137	3152	2495	64.7656	0x5c46e2a0	255	210	148
6	3	4	138	3152	2496	64.5625	0x6382427f	255	203	128
7	0	0	0	3152	2480	60.7344	0x6ef047ac	255	116	63
7	0	0	1	3153	2480	60.875	0x70313781	255	113	68
7	0	0	2	3153	2481	61.3984	0x6ff0df99	255	116	67
7	0	0	3	3152	2481	61.3281	0x6f309f8d	255	115	66
7	0	0	4	3152	2482	61.8359	0x70313f76	255	115	67
7	0	0	5	3153	2482	61.9531	0x7030f7a1	255	117	67
7	0	0	6	3153	2483	62.4688	0x7231a7f8	255	125	71
7	0	0	7	3152	2483	62.375	0x70f11fbc	255	120	68
7	0	0	8	3152	2484	62.8906	0x7030afd0	255	123	67
7	0	0	9	3153	2484	62.9609	0x73321008	255	127	71
7	0	0	10	3153	2485	63.4375	0x72726086	255	137	73
7	0	0	11	3152	2485	63.4688	0x70b0d800	255	127	67
7	0	0	12	3152	2486	63.9688	0x6d2fe08a	255	137	65
7	0	0	13	3153	2486	63.9062	0x703268e5	255	145	73
7	0	0	14	3153	2487	64.3828	0x6ab3d198	255	169	80
7	0	0	15	3152	2487	64.6406	0x636f716e	255	165	63
7	0	0	16	3152	2488	65.2109	0x5eb2020b	255	185	91
7	0	0	17	3153	2488	64.7422	0x6979b220	255	193	113
7	0	0	18	3153	2489	64.7891	0x60bf629e	255	208	123
7	0	0	19	3152	2489	65.6484	0x61b75a58	255	201	103
7	0	0	20	3152	2490	65.7812	0x5f7ec2a8	255	211	127
7	0	0	21	3153	2490	64.7812	0x5c8472b4	255	213	134
7	0	0	22	3153	2491	64.5078	0x5546fad8	255	217	145
7	0	0	23	3152	2491	65.7266	0x59068abf	255	214	140
7	0	0	24	3152	2492	65.3594	0x5209f2cd	255	215	143
7	0	0	25	3153	2492	64.3281	0x5b0222ca	255	216	130
7	0	0	26	3153	2493	64.375	0x5a4412c8	255	216	134
7	0	0	27	3152	2493	65.0547	0x63c58267	255	203	139
7	0	0	28	3152	2494	65.0078	0x6084928f	255	206	142
7	0	0	29	3153	2494	64.0703	0x5788d2b2	255	213	154
7	0	0	30	3153	2495	63.7891	0x64020279	255	203	128
7	0	0	31	3152	2495	64.7656	0x5c46e2a0	255	210	148
7	0	0	32	3152	2496	64.5625	0x6382427f	255	203	128
7	0	0	33	3153	2496	63.9453	0x6bfc6a18	255	194	116
7	0	0	34	3154	2480	60.9844	0x6fb087d8	255	124	67
7	0	0	35	3154	2481	61.5312	0x717147e8	255	126	68
7	0	0	36	3154	2482	62.0234	0x7573600c	255	130	75
7	0	0	37	3154	2483	62.3906	0x7533785b	255	137	78
7	0	0	38	3154	2484	62.875	0x74b400ad	255	146	79
7	0	0	39	3154	2485	63.2031	0x74766922	255	161	90
7	0	0	40	3154	2486	63.5078	0x6ff7819e	255	178	98
7	0	0	41	3154	2487	63.7578	0x68b93a24	255	195	104
7	0	0	42	3154	2488	63.9453	0x61bd828f	255	207	122
7	0	0	43	3154	2489	63.9141	0x61c04294	255	209	128
7	0	0	44	3154	2490	63.9297	0x5f04329f	255	210	134
7	0	0	45	3154	2491	63.6484	0x5ac7faa0	255	210	151
7	0	0	46	3154	2492	63.4062	0x56484ac3	255	215	139
7	0	0	47	3154	2493	63.1016	0x5a8492c3	255	213	133
7	0	0	48	3154	2494	63.1172	0x657ea26e	255	203	125
7	0	0	49	3154	2495	63.1875	0x6fbca9e8	255	187	116
7	0	0	50	3154	2496	63.3281	0x6f7a61d6	255	183	107
7	0	0	51	3155	2480	60.9531	0x71f1883c	255	133	69
7	0	0	52	3155	2481	61.4453	0x7271f85b	255	137	73
7	0	0	53	3155	2482	61.9297	0x73b398b4	255	145	78
7	0	0	54	3155	2483	62.2891	0x76b5a0c0	255	150	85
7	0	0	55	3155	2484	62.6172	0x7577792d	255	163	95
7	0	0	56	3155	2485	62.8438	0x73b9c986	255	177	109
7	0	0	57	3155	2486	63.0156	0x6cbbea0c	255	191	114
7	0	0	58	3155	2487	63.1016	0x653f2272	255	206	125
7	0	0	59	3155	2488	63.0703	0x5bc002c8	255	216	127
7	0	0	60	3155	2489	63.1016	0x5640a2f2	255	217	130
7	0	0	61	3155	2490	63.0312	0x5105f300	255	223	139
7	0	0	62	3155	2491	62.7188	0x544a0abb	255	217	141
7	0	0	63	3155	2492	62.3516	0x60045295	255	209	132
7	0	0	64	3155	2493	62.4453	0x6bbd0a20	255	196	120
7	0	0	65	3155	2494	62.5391	0x70bbe9d4	255	185	113
7	0	0	66	3155	2495	62.7031	0x747a4180	255	175	106
7	0	0	67	3155	2496	62.9062	0x74f76137	255	163	95
7	0	0	68	3156	2480	60.8672	0x70b208b8	255	145	72
7	0	0	69	3156	2481	61.3516	0x72b438fe	255	150	82
7	0	0	70	3156	2482	61.6641	0x72361951	255	161	87
7	0	0	71	3156	2483	62.0078	0x7336f152	255	167	93
7	0	0	72	3156	2484	62.2578	0x70ba41bf	255	184	112
7	0	0	73	3156	2485	62.375	0x6bff2225	255	194	125
7	0	0	74	3156	2486	62.3125	0x6502a26d	255	205	132
7	0	0	75	3156	2487	62.2109	0x5504caec	255	220	139
7	0	0	76	3156	2488	62.0078	0x51c752ee	255	222	136
7	0	0	77	3156	2490	61.6016	0x55c0c2f7	255	219	127
7	0	0	78	3156	2491	61.6875	0x60be629c	255	210	123
7	0	0	79	3156	2492	61.7031	0x6c3d821b	255	199	120
7	0	0	80	3156	2493	61.8438	0x703a01c5	255	182	106
7	0	0	81	3156	2494	62.0859	0x7337d169	255	172	100
7	0	0	82	3156	2495	62.375	0x7536d122	255	162	92
7	0	0	83	3156	2496	62.6875	0x7534309e	255	146	80
7	0	0	84	3157	2480	60.5859	0x6df31940	255	164	78
7	0	0	85	3157	2481	60.9297	0x6ff65185	255	172	90
7	0	0	86	3157	2482	61.2266	0x6df621a0	255	177	91
7	0	0	87	3157	2483	61.5859	0x6e3991de	255	190	111
7	0	0	88	3157	2484	61.6406	0x6b40422a	255	196	127
7	0	0	89	3157	2485	61.5703	0x6682825d	255	203	134
7	0	0	90	3157	2486	61.4844	0x59899296	255	210	147
7	0	0	91	3157	2487	60.9297	0x52098ad2	255	217	144
7	0	0	92	3157	2488	60.8438	0x598412cf	255	216	138
7	0	0	93	3157	2489	60.6719	0x6100629b	255	207	129
7	0	0	94	3156	2489	61.7344	0x4ec64b0d	255	225	142
7	0	0	95	3157	2490	60.8203	0x653afa5d	255	202	111
7	0	0	96	3157	2491	60.9922	0x69bb7230	255	194	113
7	0	0	97	3157	2492	61.1094	0x6ff8d9b9	255	180	105
7	0	0	98	3157	2493	61.4531	0x6fb5e97b	255	171	93
7	0	0	99	3157	2494	61.7812	0x74b61110	255	159	89
7	0	0	100	3157	2495	62.1094	0x747400b5	255	146	79
7	0	0	101	3157	2496	62.5938	0x7271f85b	255	137	71
7	0	0	102	3158	2480	60.2031	0x5df141fe	255	181	76
7	0	0	103	3158	2481	60.5234	0x6fb769a1	255	177	96
7	0	0	104	3158	2482	60.7656	0x6eb971d6	255	186	104
7	0	0	105	3158	2483	60.9453	0x6afcca29	255	196	119
7	0	0	106	3158	2484	60.9688	0x6980a241	255	201	130
7	0	0	107	3158	2485	60.9062	0x5b066aaf	255	212	141
7	0	0	108	3158	2486	60.5547	0x518b5abb	255	212	152
7	0	0	109	3158	2487	60.1172	0x60083a6e	255	204	147
7	0	0	110	3158	2488	60.0156	0x6641a263	255	198	130
7	0	0	111	3158	2489	60.0156	0x6ebe4200	255	190	123
7	0	0	112	3158	2490	60.125	0x6c7a6201	255	189	108
7	0	0	113	3158	2491	60.375	0x6bf6a9ce	255	182	94
7	0	0	114	3158	2492	60.7422	0x72f5f93a	255	163	90
7	0	0	115	3158	2493	61.0391	0x72f450f7	255	149	82
7	0	0	116	3158	2494	61.5312	0x70f200ad	255	144	75
7	0	0	117	3158	2495	62.0156	0x7271f85b	255	137	71
7	0	0	118	3158	2496	62.5078	0x7271f85b	255	137	71
7	0	0	119	3159	2480	59.3906	0x53b05a4e	255	196	72
7	0	0	120	3159	2481	60.0312	0x62746a1b	255	195	96
7	0	0	121	3159	2482	60.1875	0x69bbd232	255	197	113
7	0	0	122	3159	2483	60.2969	0x63bea27f	255	205	126
7	0	0	123	3159	2484	60.2734	0x5b48a295	255	210	139
7	0	0	124	3159	2485	59.7266	0x4e0b42d6	255	216	148
7	0	0	125	3159	2486	59.4922	0x5b05a2b7	255	213	143
7	0	0	126	3159	2487	59.3672	0x6b824225	255	195	131
7	0	0	127	3159	2488	59.3516	0x6ffda1eb	255	187	123
7	0	0	128	3159	2489	59.5156	0x71fb31b7	255	180	114
7	0	0	129	3159	2490	59.6562	0x74b8f960	255	169	103
7	0	0	130	3159	2491	59.9688	0x72f420f3	255	152	79
7	0	0	131	3159	2492	60.4609	0x70b1f0b8	255	144	71
7	0	0	132	3159	2493	60.9531	0x7271f85b	255	139	74
7	0	0	133	3159	2494	61.4375	0x7271f85b	255	137	71
7	0	0	134	3159	2495	61.9297	0x7271f85b	255	137	71
7	0	0	135	3159	2496	62.4141	0x7271f85b	255	137	71
7	0	0	136	3160	2480	58.6875	0x5430a251	255	200	73
7	0	0	137	3160	2481	59.25	0x59b4fa80	255	206	96
7	0	0	138	3160	2482	59.4453	0x637e8283	255	209	122
7	0	0	139	3160	2483	59.3438	0x5dc37aad	255	212	137
7	0	0	140	3160	2484	59.2266	0x528902d5	255	215	143
7	0	0	141	3160	2485	58.7422	0x5f085277	255	205	144
7	0	0	142	3160	2486	58.6797	0x693e6243	255	197	127
7	0	0	143	3160	2487	58.8438	0x70bc29d4	255	185	114
7	0	0	144	3160	2488	58.9219	0x74bc8994	255	177	115
7	0	0	145	3160	2489	59.0625	0x7538b952	255	167	102
7	0	0	146	3160	2490	59.3906	0x7473e8b1	255	147	81
7	0	0	147	3160	2491	59.8828	0x7231e858	255	137	71
7	0	0	148	3160	2492	60.375	0x7271f85b	255	137	71
7	0	0	149	3160	2493	60.8594	0x7271f85b	255	137	71
7	0	0	150	3160	2494	61.3516	0x7271f85b	255	137	71
7	0	0	151	3160	2495	61.8359	0x7271f85b	255	137	71
7	0	0	152	3160	2496	62.3281	0x7232006f	255	139	72
7	0	0	153	3161	2481	58.3594	0x5535aab0	255	213	99
7	0	0	154	3161	2482	58.5703	0x5bbe02c7	255	216	124
7	0	0	155	3161	2483	58.4844	0x5bc632ac	255	214	137
7	0	0	156	3161	2484	58.1719	0x5b45a2b5	255	213	138
7	0	0	157	3161	2485	58.125	0x6b40e22d	255	196	129
7	0	0	158	3161	2486	58.1172	0x71fca9c6	255	183	122
7	0	0	159	3161	2487	58.3359	0x713a21b7	255	178	107
7	0	0	160	3161	2488	58.4922	0x7578a14c	255	166	101
7	0	0	161	3161	2489	58.8125	0x74b400a9	255	147	81
7	0	0	162	3161	2490	59.3047	0x7231e858	255	137	71
7	0	0	163	3161	2491	59.7969	0x7271f85b	255	137	71
7	0	0	164	3161	2492	60.2812	0x7271f85b	255	137	71
7	0	0	165	3161	2493	60.7734	0x7271f85b	255	138	72
7	0	0	166	3161	2494	61.2578	0x72320073	255	140	71
7	0	0	167	3161	2495	61.75	0x7232789e	255	143	74
7	0	0	168	3161	2496	62.1953	0x71f290b4	255	147	74
7	0	0	169	3161	2480	57.8672	0x45ae8a8b	255	205	69
7	0	0	170	3162	2480	56.7969	0x5331526b	255	195	74
7	0	0	171	3162	2481	57.3438	0x5b758a79	255	205	98
7	0	0	172	3162	2482	57.5078	0x5bfd4ac2	255	212	123
7	0	0	173	3162	2483	57.5156	0x5fc262a1	255	211	131
7	0	0	174	3162	2484	57.3594	0x6b01222f	255	197	127
7	0	0	175	3162	2485	57.4453	0x6d7ad9f9	255	189	111
7	0	0	176	3162	2486	57.6875	0x707919b3	255	178	109
7	0	0	177	3162	2487	57.8906	0x74779948	255	165	96
7	0	0	178	3162	2488	58.2344	0x7433b0ad	255	147	80
7	0	0	179	3162	2489	58.7266	0x7231e858	255	137	71
7	0	0	180	3162	2490	59.2188	0x7271f85b	255	137	71
7	0	0	181	3162	2491	59.7031	0x7271f85b	255	137	71
7	0	0	182	3162	2492	60.1953	0x7271f85b	255	138	72
7	0	0	183	3162	2493	60.6797	0x72b2888a	255	142	74
7	0	0	184	3162	2494	61.125	0x733398c7	255	148	77
7	0	0	185	3162	2495	61.5234	0x71b3a0fb	255	156	79
7	0	0	186	3162	2496	61.9688	0x6f73a936	255	162	80
7	0	0	187	3163	2480	56.2344	0x6832318b	255	170	74
7	0	0	188	3163	2481	56.7266	0x6b397207	255	192	114
7	0	0	189	3163	2482	56.6562	0x687fe24f	255	200	127
7	0	0	190	3163	2483	56.7344	0x6a3caa30	255	195	120
7	0	0	191	3163	2484	56.8672	0x71fc09c0	255	183	113
7	0	0	192	3163	2485	56.9844	0x743b3190	255	171	106
7	0	0	193	3163	2486	57.1719	0x7375e129	255	153	91
7	0	0	194	3163	2487	57.6562	0x713200a1	255	144	76
7	0	0	195	3163	2488	58.1484	0x7231e858	255	137	71
7	0	0	196	3163	2489	58.6406	0x7271f85b	255	137	71
7	0	0	197	3163	2490	59.125	0x7271f85b	255	137	71
7	0	0	198	3163	2491	59.6172	0x7271f85b	255	138	72
7	0	0	199	3163	2492	60.1016	0x73b3208a	255	142	76
7	0	0	200	3163	2493	60.5	0x7534b0c7	255	150	83
7	0	0	201	3163	2494	60.8594	0x71f4f12c	255	162	84
7	0	0	202	3163	2495	61.2422	0x70b59162	255	170	88
7	0	0	203	3163	2496	61.5547	0x6c35e9ba	255	180	90
7	0	0	204	3164	2480	55.9453	0x76b84122	255	163	103
7	0	0	205	3164	2481	56.1562	0x703da1e8	255	188	123
7	0	0	206	3164	2482	56.0938	0x737f41b8	255	183	124
7	0	0	207	3164	2483	56.2031	0x72bb71ae	255	180	111
7	0	0	208	3164	2484	56.3828	0x7339e190	255	169	103
7	0	0	209	3164	2485	56.5938	0x753588f0	255	149	89
7	0	0	210	3164	2486	57.0781	0x7271f85b	255	139	77
7	0	0	211	3164	2487	57.5703	0x7231e858	255	137	71
7	0	0	212	3164	2488	58.0625	0x7271f85b	255	137	71
7	0	0	213	3164	2489	58.5469	0x7271f85b	255	137	71
7	0	0	214	3164	2490	59.0391	0x7271f85b	255	138	72
7	0	0	215	3164	2491	59.5234	0x7433186f	255	140	76
7	0	0	216	3164	2492	59.9219	0x75b4b0b1	255	147	84
7	0	0	217	3164	2493	60.2812	0x7637090a	255	158	93
7	0	0	218	3164	2494	60.5078	0x7378496c	255	173	106
7	0	0	219	3164	2495	60.7812	0x69f86a09	255	190	101
7	0	0	220	3164	2496	61	0x6478724b	255	201	106
7	0	0	221	3165	2480	55.6406	0x78fbc931	255	165	120
7	0	0	222	3165	2481	55.6406	0x767f0181	255	168	124
7	0	0	223	3165	2482	55.7031	0x78bd6149	255	167	117
7	0	0	224	3165	2483	55.8047	0x797b1118	255	159	106
7	0	0	225	3165	2484	56.0156	0x757588e5	255	149	89
7	0	0	226	3165	2485	56.5	0x7271f85b	255	139	76
7	0	0	227	3165	2486	56.9922	0x7231e858	255	137	71
7	0	0	228	3165	2487	57.4844	0x7271f85b	255	137	71
7	0	0	229	3165	2488	57.9688	0x7271f85b	255	137	71
7	0	0	230	3165	2489	58.4609	0x7271f85b	255	137	71
7	0	0	231	3165	2490	58.9453	0x7332705b	255	137	73
7	0	0	232	3165	2491	59.3984	0x75f4106f	255	141	80
7	0	0	233	3165	2492	59.75	0x797758a5	255	147	94
7	0	0	234	3165	2493	59.9609	0x78fa991c	255	163	110
7	0	0	235	3165	2494	60.0938	0x71bea1d2	255	184	124
7	0	0	236	3165	2495	60.0469	0x627f628c	255	203	127
7	0	0	237	3165	2496	60.1328	0x56fd0aea	255	220	119
7	0	0	238	3166	2480	55.3203	0x7c7e00e6	255	151	120
7	0	0	239	3166	2481	55.3438	0x7cfe80db	255	152	122
7	0	0	240	3166	2482	55.4141	0x7bfb70d3	255	150	112
7	0	0	241	3166	2483	55.6328	0x7af82087	255	143	96
7	0	0	242	3166	2484	55.9219	0x76f46048	255	137	82
7	0	0	243	3166	2485	56.4141	0x7271e044	255	134	71
7	0	0	244	3166	2486	56.9062	0x72b1f844	255	134	71
7	0	0	245	3166	2487	57.3906	0x72b1f848	255	135	71
7	0	0	246	3166	2488	57.8828	0x72b1f844	255	134	71
7	0	0	247	3166	2489	58.3672	0x72b1f844	255	134	71
7	0	0	248	3166	2490	58.8594	0x73727044	255	134	73
7	0	0	249	3166	2491	59.3047	0x77b4f848	255	135	84
7	0	0	250	3166	2492	59.5938	0x7cb9c077	255	142	109
7	0	0	251	3166	2493	59.7031	0x7c41c0e6	255	155	130
7	0	0	252	3166	2494	59.4844	0x6ec8d1a9	255	184	157
7	0	0	253	3166	2495	59.125	0x46c94b1f	255	227	150
7	0	0	254	3166	2496	58.8594	0x3fc35b70	255	235	130
7	0	0	255	3167	2480	55.1797	0x2ffe43b4	255	219	123
7	0	0	256	3167	2481	55.2031	0x2fbe63b4	255	220	124
7	0	0	257	3167	2482	55.2812	0x2dfacbac	255	226	116
7	0	0	258	3167	2483	55.5391	0x30373389	255	216	104
7	0	0	259	3167	2484	55.875	0x27748385	255	215	92
7	0	0	260	3167	2485	56.3672	0x2332fb7b	255	218	88
7	0	0	261	3167	2486	56.8594	0x27f3036f	255	211	85
7	0	0	262	3167	2487	57.3438	0x26b30b73	255	217	91
7	0	0	263	3167	2488	57.8359	0x20330383	255	222	89
7	0	0	264	3167	2489	58.3281	0x1f331386	255	221	89
7	0	0	265	3167	2490	58.8125	0x22338385	255	220	90
7	0	0	266	3167	2491	59.2578	0x1f75ebaa	255	228	104
7	0	0	267	3167	2492	59.5156	0x223c33d2	255	218	122
7	0	0	268	3167	2493	59.5	0x21855bcc	255	232	131
7	0	0	269	3167	2494	59.1719	0x12d32326	255	241	164
7	0	0	270	3167	2495	57.3516	0x1053db17	255	245	158
7	0	0	271	3168	2480	50.3594	0x3245b39a	255	207	134
7	0	0	272	3168	2481	50.3594	0x33c003a7	255	206	127
7	0	0	273	3168	2482	50.3594	0x2df53b7b	255	220	115
7	0	0	274	3168	2483	51.1172	0x377bd391	255	232	122
7	0	0	275	3168	2484	50.625	0x2f860ba1	255	212	126
7	0	0	276	3168	2485	50.7266	0x1fb06358	255	187	92
7	0	0	277	3168	2486	51.9453	0x2beef317	255	203	72
7	1	1	0	3152	2480	60.7344	0x6ef047ac	255	116	63
7	1	1	1	3153	2480	60.875	0x70313781	255	113	68
7	1	1	2	3153	2481	61.3984	0x6ff0df99	255	116	67
7	1	1	3	3152	2481	61.3281	0x6f309f8d	255	115	66
7	1	1	4	3152	2482	61.8359	0x70313f76	255	115	67
7	1	1	5	3153	2482	61.9531	0x7030f7a1	255	117	67
7	1	1	6	3153	2483	62.4688	0x7231a7f8	255	125	71
7	1	1	7	3152	2483	62.375	0x70f11fbc	255	120	68
7	1	1	8	3152	2484	62.8906	0x7030afd0	255	123	67
7	1	1	9	3153	2484	62.9609	0x73321008	255	127	71
7	1	1	10	3153	2485	63.4375	0x72726086	255	137	73
7	1	1	11	3152	2485	63.4688	0x70b0d800	255	127	67
7	1	1	12	3152	2486	63.9688	0x6d2fe08a	255	137	65
7	1	1	13	3153	2486	63.9062	0x703268e5	255	145	73
7	1	1	14	3153	2487	64.3828	0x6ab3d198	255	169	80
7	1	1	15	3152	2487	64.6406	0x636f716e	255	165	63
7	1	1	16	3152	2488	65.2109	0x5eb2020b	255	185	91
7	1	1	17	3153	2488	64.7422	0x6979b220	255	193	113
7	1	1	18	3153	2489	64.7891	0x60bf629e	255	208	123
7	1	1	19	3152	2489	65.6484	0x61b75a58	255	201	103
7	1	1	20	3154	2480	60.9844	0x6fb087d8	255	124	67
7	1	1	21	3154	2481	61.5312	0x717147e8	255	126	68
7	1	1	22	3154	2482	62.0234	0x7573600c	255	130	75
7	1	1	23	3154	2483	62.3906	0x7533785b	255	137	78
7	1	1	24	3154	2484	62.875	0x74b400ad	255	146	79
7	1	1	25	3154	2485	63.2031	0x74766922	255	161	90
7	1	1	26	3154	2486	63.5078	0x6ff7819e	255	178	98
7	1	1	27	3154	2487	63.7578	0x68b93a24	255	195	104
7	1	1	28	3154	2488	63.9453	0x61bd828f	255	207	122
7	1	1	29	3155	2480	60.9531	0x71f1883c	255	133	69
7	1	1	30	3155	2481	61.4453	0x7271f85b	255	137	73
7	1	1	31	3155	2482	61.9297	0x73b398b4	255	145	78
7	1	1	32	3155	2483	62.2891	0x76b5a0c0	255	150	85
7	1	1	33	3155	2484	62.6172	0x7577792d	255	163	95
7	1	1	34	3155	2485	62.8438	0x73b9c986	255	177	109
7	1	1	35	3155	2486	63.0156	0x6cbbea0c	255	191	114
7	1	1	36	3155	2487	63.1016	0x653f2272	255	206	125
7	1	1	37	3154	2494	63.1172	0x657ea26e	255	203	125
7	1	1	38	3155	2494	62.5391	0x70bbe9d4	255	185	113
7	1	1	39	3155	2495	62.7031	0x747a4180	255	175	106
7	1	1	40	3154	2495	63.1875	0x6fbca9e8	255	187	116
7	1	1	41	3154	2496	63.3281	0x6f7a61d6	255	183	107
7	1	1	42	3155	2496	62.9062	0x74f76137	255	163	95
7	1	1	43	3156	2480	60.8672	0x70b208b8	255	145	72
7	1	1	44	3156	2481	61.3516	0x72b438fe	255	150	82
7	1	1	45	3156	2482	61.6641	0x72361951	255	161	87
7	1	1	46	3156	2483	62.0078	0x7336f152	255	167	93
7	1	1	47	3156	2484	62.2578	0x70ba41bf	255	184	112
7	1	1	48	3155	2493	62.4453	0x6bbd0a20	255	196	120
7	1	1	49	3156	2493	61.8438	0x703a01c5	255	182	106
7	1	1	50	3156	2494	62.0859	0x7337d169	255	172	100
7	1	1	51	3156	2495	62.375	0x7536d122	255	162	92
7	1	1	52	3156	2496	62.6875	0x7534309e	255	146	80
7	1	1	53	3157	2480	60.5859	0x6df31940	255	164	78
7	1	1	54	3157	2481	60.9297	0x6ff65185	255	172	90
7	1	1	55	3157	2482	61.2266	0x6df621a0	255	177	91
7	1	1	56	3157	2483	61.5859	0x6e3991de	255	190	111
7	1	1	57	3157	2491	60.9922	0x69bb7230	255	194	113
7	1	1	58	3156	2492	61.7031	0x6c3d821b	255	199	120
7	1	1	59	3157	2492	61.1094	0x6ff8d9b9	255	180	105
7	1	1	60	3157	2493	61.4531	0x6fb5e97b	255	171	93
7	1	1	61	3157	2494	61.7812	0x74b61110	255	159	89
7	1	1	62	3157	2495	62.1094	0x747400b5	255	146	79
7	1	1	63	3157	2496	62.5938	0x7271f85b	255	137	71
7	1	1	64	3158	2480	60.2031	0x5df141fe	255	181	76
7	1	1	65	3158	2481	60.5234	0x6fb769a1	255	177	96
7	1	1	66	3158	2482	60.7656	0x6eb971d6	255	186	104
7	1	1	67	3158	2490	60.125	0x6c7a6201	255	189	108
7	1	1	68	3158	2491	60.375	0x6bf6a9ce	255	182	94
7	1	1	69	3158	2492	60.7422	0x72f5f93a	255	163	90
7	1	1	70	3158	2493	61.0391	0x72f450f7	255	149	82
7	1	1	71	3158	2494	61.5312	0x70f200ad	255	144	75
7	1	1	72	3158	2495	62.0156	0x7271f85b	255	137	71
7	1	1	73	3158	2496	62.5078	0x7271f85b	255	137	71
7	1	1	74	3159	2480	59.3906	0x53b05a4e	255	196	72
7	1	1	75	3159	2481	60.0312	0x62746a1b	255	195	96
7	1	1	76	3159	2482	60.1875	0x69bbd232	255	197	113
7	1	1	77	3159	2490	59.6562	0x74b8f960	255	169	103
7	1	1	78	3159	2491	59.9688	0x72f420f3	255	152	79
7	1	1	79	3159	2492	60.4609	0x70b1f0b8	255	144	71
7	1	1	80	3159	2493	60.9531	0x7271f85b	255	139	74
7	1	1	81	3159	2494	61.4375	0x7271f85b	255	137	71
7	1	1	82	3159	2495	61.9297	0x7271f85b	255	137	71
7	1	1	83	3159	2496	62.4141	0x7271f85b	255	137	71
7	1	1	84	3160	2480	58.6875	0x5430a251	255	200	73
7	1	1	85	3160	2481	59.25	0x59b4fa80	255	206	96
7	1	1	86	3160	2482	59.4453	0x637e8283	255	209	122
7	1	1	87	3159	2489	59.5156	0x71fb31b7	255	180	114
7	1	1	88	3160	2489	59.0625	0x7538b952	255	167	102
7	1	1	89	3160	2490	59.3906	0x7473e8b1	255	147	81
7	1	1	90	3160	2491	59.8828	0x7231e858	255	137	71
7	1	1	91	3160	2492	60.375	0x7271f85b	255	137	71
7	1	1	92	3160	2493	60.8594	0x7271f85b	255	137	71
7	1	1	93	3160	2494	61.3516	0x7271f85b	255	137	71
7	1	1	94	3160	2495	61.8359	0x7271f85b	255	137	71
7	1	1	95	3160	2496	62.3281	0x7232006f	255	139	72
7	1	1	96	3161	2480	57.8672	0x45ae8a8b	255	205	69
7	1	1	97	3161	2481	58.3594	0x5535aab0	255	213	99
7	1	1	98	3160	2488	58.9219	0x74bc8994	255	177	115
7	1	1	99	3161	2488	58.4922	0x7578a14c	255	166	101
7	1	1	100	3161	2489	58.8125	0x74b400a9	255	147	81
7	1	1	101	3161	2490	59.3047	0x7231e858	255	137	71
7	1	1	102	3161	2491	59.7969	0x7271f85b	255	137	71
7	1	1	103	3161	2492	60.2812	0x7271f85b	255	137	71
7	1	1	104	3161	2493	60.7734	0x7271f85b	255	138	72
7	1	1	105	3161	2494	61.2578	0x72320073	255	140	71
7	1	1	106	3161	2495	61.75	0x7232789e	255	143	74
7	1	1	107	3161	2496	62.1953	0x71f290b4	255	147	74
7	1	1	108	3162	2480	56.7969	0x5331526b	255	195	74
7	1	1	109	3162	2481	57.3438	0x5b758a79	255	205	98
7	1	1	110	3162	2486	57.6875	0x707919b3	255	178	109
7	1	1	111	3161	2487	58.3359	0x713a21b7	255	178	107
7	1	1	112	3162	2487	57.8906	0x74779948	255	165	96
7	1	1	113	3162	2488	58.2344	0x7433b0ad	255	147	80
7	1	1	114	3162	2489	58.7266	0x7231e858	255	137	71
7	1	1	115	3162	2490	59.2188	0x7271f85b	255	137	71
7	1	1	116	3162	2491	59.7031	0x7271f85b	255	137	71
7	1	1	117	3162	2492	60.1953	0x7271f85b	255	138	72
7	1	1	118	3162	2493	60.6797	0x72b2888a	255	142	74
7	1	1	119	3162	2494	61.125	0x733398c7	255	148	77
7	1	1	120	3162	2495	61.5234	0x71b3a0fb	255	156	79
7	1	1	121	3162	2496	61.9688	0x6f73a936	255	162	80
7	1	1	122	3163	2480	56.2344	0x6832318b	255	170	74
7	1	1	123	3163	2481	56.7266	0x6b397207	255	192	114
7	1	1	124	3162	2484	57.3594	0x6b01222f	255	197	127
7	1	1	125	3163	2484	56.8672	0x71fc09c0	255	183	113
7	1	1	126	3163	2485	56.9844	0x743b3190	255	171	106
7	1	1	127	3162	2485	57.4453	0x6d7ad9f9	255	189	111
7	1	1	128	3163	2486	57.1719	0x7375e129	255	153	91
7	1	1	129	3163	2487	57.6562	0x713200a1	255	144	76
7	1	1	130	3163	2488	58.1484	0x7231e858	255	137	71
7	1	1	131	3163	2489	58.6406	0x7271f85b	255	137	71
7	1	1	132	3163	2490	59.125	0x7271f85b	255	137	71
7	1	1	133	3163	2491	59.6172	0x7271f85b	255	138	72
7	1	1	134	3163	2492	60.1016	0x73b3208a	255	142	76
7	1	1	135	3163	2493	60.5	0x7534b0c7	255	150	83
7	1	1	136	3163	2494	60.8594	0x71f4f12c	255	162	84
7	1	1	137	3163	2495	61.2422	0x70b59162	255	170	88
7	1	1	138	3163	2496	61.5547	0x6c35e9ba	255	180	90
7	1	1	139	3164	2480	55.9453	0x76b84122	255	163	103
7	1	1	140	3164	2484	56.3828	0x7339e190	255	169	103
7	1	1	141	3164	2485	56.5938	0x753588f0	255	149	89
7	1	1	142	3164	2486	57.0781	0x7271f85b	255	139	77
7	1	1	143	3164	2487	57.5703	0x7231e858	255	137	71
7	1	1	144	3164	2488	58.0625	0x7271f85b	255	137	71
7	1	1	145	3164	2489	58.5469	0x7271f85b	255	137	71
7	1	1	146	3164	2490	59.0391	0x7271f85b	255	138	72
7	1	1	147	3164	2491	59.5234	0x7433186f	255	140	76
7	1	1	148	3164	2492	59.9219	0x75b4b0b1	255	147	84
7	1	1	149	3164	2493	60.2812	0x7637090a	255	158	93
7	1	1	150	3164	2494	60.5078	0x7378496c	255	173	106
7	1	1	151	3164	2495	60.7812	0x69f86a09	255	190	101
7	1	1	152	3164	2496	61	0x6478724b	255	201	106
7	1	1	153	3165	2484	56.0156	0x757588e5	255	149	89
7	1	1	154	3165	2485	56.5	0x7271f85b	255	139	76
7	1	1	155	3165	2486	56.9922	0x7231e858	255	137	71
7	1	1	156	3165	2487	57.4844	0x7271f85b	255	137	71
7	1	1	157	3165	2488	57.9688	0x7271f85b	255	137	71
7	1	1	158	3165	2489	58.4609	0x7271f85b	255	137	71
7	1	1	159	3165	2490	58.9453	0x7332705b	255	137	73
7	1	1	160	3165	2491	59.3984	0x75f4106f	255	141	80
7	1	1	161	3165	2492	59.75	0x797758a5	255	147	94
7	1	1	162	3165	2493	59.9609	0x78fa991c	255	163	110
7	1	1	163	3165	2494	60.0938	0x71bea1d2	255	184	124
7	1	1	164	3165	2495	60.0469	0x627f628c	255	203	127
7	1	1	165	3166	2484	55.9219	0x76f46048	255	137	82
7	1	1	166	3166	2485	56.4141	0x7271e044	255	134	71
7	1	1	167	3166	2486	56.9062	0x72b1f844	255	134	71
7	1	1	168	3166	2487	57.3906	0x72b1f848	255	135	71
7	1	1	169	3166	2488	57.8828	0x72b1f844	255	134	71
7	1	1	170	3166	2489	58.3672	0x72b1f844	255	134	71
7	1	1	171	3166	2490	58.8594	0x73727044	255	134	73
7	1	1	172	3166	2491	59.3047	0x77b4f848	255	135	84
7	1	1	173	3166	2492	59.5938	0x7cb9c077	255	142	109
7	1	1	174	3167	2484	55.875	0x27748385	255	215	92
7	1	1	175	3167	2485	56.3672	0x2332fb7b	255	218	88
7	1	1	176	3167	2486	56.8594	0x27f3036f	255	211	85
7	1	1	177	3167	2487	57.3438	0x26b30b73	255	217	91
7	1	1	178	3167	2488	57.8359	0x20330383	255	222	89
7	1	1	179	3167	2489	58.3281	0x1f331386	255	221	89
7	1	1	180	3167	2490	58.8125	0x22338385	255	220	90
7	1	1	181	3167	2491	59.2578	0x1f75ebaa	255	228	104
7	1	1	182	3168	2484	50.625	0x2f860ba1	255	212	126
7	1	1	183	3168	2485	50.7266	0x1fb06358	255	187	92
7	1	1	184	3168	2486	51.9453	0x2beef317	255	203	72
7	1	1	185	3168	2487	52.2422	0x3685d38a	255	241	132
7	2	2	0	3165	2493	59.9609	0x78fa991c	255	163	110
7	2	2	1	3166	2493	59.7031	0x7c41c0e6	255	155	130
7	2	2	2	3166	2494	59.4844	0x6ec8d1a9	255	184	157
7	2	2	3	3165	2494	60.0938	0x71bea1d2	255	184	124
7	2	2	4	3165	2495	60.0469	0x627f628c	255	203	127
7	2	2	5	3166	2495	59.125	0x46c94b1f	255	227	150
7	2	2	6	3167	2493	59.5	0x21855bcc	255	232	131
7	2	2	7	3167	2494	59.1719	0x12d32326	255	241	164
7	2	2	8	3167	2495	57.3516	0x1053db17	255	245	158
7	3	4	0	3152	2486	63.9688	0x6d2fe08a	255	137	65
7	3	4	1	3153	2486	63.9062	0x703268e5	255	145	73
7	3	4	2	3153	2487	64.3828	0x6ab3d198	255	169	80
7	3	4	3	3152	2487	64.6406	0x636f716e	255	165	63
7	3	4	4	3152	2488	65.2109	0x5eb2020b	255	185	91
7	3	4	5	3153	2488	64.7422	0x6979b220	255	193	113
7	3	4	6	3153	2489	64.7891	0x60bf629e	255	208	123
7	3	4	7	3152	2489	65.6484	0x61b75a58	255	201	103
7	3	4	8	3152	2490	65.7812	0x5f7ec2a8	255	211	127
7	3	4	9	3153	2490	64.7812	0x5c8472b4	255	213	134
7	3	4	10	3153	2491	64.5078	0x5546fad8	255	217	145
7	3	4	11	3152	2491	65.7266	0x59068abf	255	214	140
7	3	4	12	3152	2492	65.3594	0x5209f2cd	255	215	143
7	3	4	13	3153	2492	64.3281	0x5b0222ca	255	216	130
7	3	4	14	3153	2493	64.375	0x5a4412c8	255	216	134
7	3	4	15	3152	2493	65.0547	0x63c58267	255	203	139
7	3	4	16	3152	2494	65.0078	0x6084928f	255	206	142
7	3	4	17	3153	2494	64.0703	0x5788d2b2	255	213	154
7	3	4	18	3153	2495	63.7891	0x64020279	255	203	128
7	3	4	19	3152	2495	64.7656	0x5c46e2a0	255	210	148
7	3	4	20	3152	2496	64.5625	0x6382427f	255	203	128
7	3	4	21	3153	2496	63.9453	0x6bfc6a18	255	194	116
7	3	4	22	3154	2484	62.875	0x74b400ad	255	146	79
7	3	4	23	3153	2485	63.4375	0x72726086	255	137	73
7	3	4	24	3154	2485	63.2031	0x74766922	255	161	90
7	3	4	25	3154	2486	63.5078	0x6ff7819e	255	178	98
7	3	4	26	3154	2487	63.7578	0x68b93a24	255	195	104
7	3	4	27	3154	2488	63.9453	0x61bd828f	255	207	122
7	3	4	28	3154	2489	63.9141	0x61c04294	255	209	128
7	3	4	29	3154	2490	63.9297	0x5f04329f	255	210	134
7	3	4	30	3154	2491	63.6484	0x5ac7faa0	255	210	151
7	3	4	31	3154	2492	63.4062	0x56484ac3	255	215	139
7	3	4	32	3154	2493	63.1016	0x5a8492c3	255	213	133
7	3	4	33	3154	2494	63.1172	0x657ea26e	255	203	125
7	3	4	34	3154	2495	63.1875	0x6fbca9e8	255	187	116
7	3	4	35	3154	2496	63.3281	0x6f7a61d6	255	183	107
7	3	4	36	3155	2484	62.6172	0x7577792d	255	163	95
7	3	4	37	3155	2485	62.8438	0x73b9c986	255	177	109
7	3	4	38	3155	2486	63.0156	0x6cbbea0c	255	191	114
7	3	4	39	3155	2487	63.1016	0x653f2272	255	206	125
7	3	4	40	3155	2488	63.0703	0x5bc002c8	255	216	127
7	3	4	41	3155	2489	63.1016	0x5640a2f2	255	217	130
7	3	4	42	3155	2490	63.0312	0x5105f300	255	223	139
7	3	4	43	3155	2491	62.7188	0x544a0abb	255	217	141
7	3	4	44	3155	2492	62.3516	0x60045295	255	209	132
7	3	4	45	3155	2493	62.4453	0x6bbd0a20	255	196	120
7	3	4	46	3155	2494	62.5391	0x70bbe9d4	255	185	113
7	3	4	47	3155	2495	62.7031	0x747a4180	255	175	106
7	3	4	48	3155	2496	62.9062	0x74f76137	255	163	95
7	3	4	49	3156	2480	60.8672	0x70b208b8	255	145	72
7	3	4	50	3155	2481	61.4453	0x7271f85b	255	137	73
7	3	4	51	3156	2481	61.3516	0x72b438fe	255	150	82
7	3	4	52	3156	2482	61.6641	0x72361951	255	161	87
7	3	4	53	3155	2482	61.9297	0x73b398b4	255	145	78
7	3	4	54	3155	2483	62.2891	0x76b5a0c0	255	150	85
7	3	4	55	3156	2483	62.0078	0x7336f152	255	167	93
7	3	4	56	3156	2484	62.2578	0x70ba41bf	255	184	112
7	3	4	57	3156	2485	62.375	0x6bff2225	255	194	125
7	3	4	58	3156	2486	62.3125	0x6502a26d	255	205	132
7	3	4	59	3156	2487	62.2109	0x5504caec	255	220	139
7	3	4	60	3156	2488	62.0078	0x51c752ee	255	222	136
7	3	4	61	3156	2489	61.7344	0x4ec64b0d	255	225	142
7	3	4	62	3156	2490	61.6016	0x55c0c2f7	255	219	127
7	3	4	63	3156	2491	61.6875	0x60be629c	255	210	123
7	3	4	64	3156	2492	61.7031	0x6c3d821b	255	199	120
7	3	4	65	3156	2493	61.8438	0x703a01c5	255	182	106
7	3	4	66	3156	2494	62.0859	0x7337d169	255	172	100
7	3	4	67	3156	2495	62.375	0x7536d122	255	162	92
7	3	4	68	3156	2496	62.6875	0x7534309e	255	146	80
7	3	4	69	3157	2480	60.5859	0x6df31940	255	164	78
7	3	4	70	3157	2481	60.9297	0x6ff65185	255	172	90
7	3	4	71	3157	2482	61.2266	0x6df621a0	255	177	91
7	3	4	72	3157	2483	61.5859	0x6e3991de	255	190	111
7	3	4	73	3157	2484	61.6406	0x6b40422a	255	196	127
7	3	4	74	3157	2485	61.5703	0x6682825d	255	203	134
7	3	4	75	3157	2486	61.4844	0x59899296	255	210	147
7	3	4	76	3157	2487	60.9297	0x52098ad2	255	217	144
7	3	4	77	3157	2488	60.8438	0x598412cf	255	216	138
7	3	4	78	3157	2489	60.6719	0x6100629b	255	207	129
7	3	4	79	3157	2490	60.8203	0x653afa5d	255	202	111
7	3	4	80	3157	2491	60.9922	0x69bb7230	255	194	113
7	3	4	81	3157	2492	61.1094	0x6ff8d9b9	255	180	105
7	3	4	82	3157	2493	61.4531	0x6fb5e97b	255	171	93
7	3	4	83	3157	2494	61.7812	0x74b61110	255	159	89
7	3	4	84	3157	2495	62.1094	0x747400b5	255	146	79
7	3	4	85	3158	2480	60.2031	0x5df141fe	255	181	76
7	3	4	86	3158	2481	60.5234	0x6fb769a1	255	177	96
7	3	4	87	3158	2482	60.7656	0x6eb971d6	255	186	104
7	3	4	88	3158	2483	60.9453	0x6afcca29	255	196	119
7	3	4	89	3158	2484	60.9688	0x6980a241	255	201	130
7	3	4	90	3158	2485	60.9062	0x5b066aaf	255	212	141
7	3	4	91	3158	2486	60.5547	0x518b5abb	255	212	152
7	3	4	92	3158	2487	60.1172	0x60083a6e	255	204	147
7	3	4	93	3158	2488	60.0156	0x6641a263	255	198	130
7	3	4	94	3158	2489	60.0156	0x6ebe4200	255	190	123
7	3	4	95	3158	2490	60.125	0x6c7a6201	255	189	108
7	3	4	96	3158	2491	60.375	0x6bf6a9ce	255	182	94
7	3	4	97	3158	2492	60.7422	0x72f5f93a	255	163	90
7	3	4	98	3158	2493	61.0391	0x72f450f7	255	149	82
7	3	4	99	3158	2494	61.5312	0x70f200ad	255	144	75
7	3	4	100	3159	2480	59.3906	0x53b05a4e	255	196	72
7	3	4	101	3159	2481	60.0312	0x62746a1b	255	195	96
7	3	4	102	3159	2482	60.1875	0x69bbd232	255	197	113
7	3	4	103	3159	2483	60.2969	0x63bea27f	255	205	126
7	3	4	104	3159	2484	60.2734	0x5b48a295	255	210	139
7	3	4	105	3159	2485	59.7266	0x4e0b42d6	255	216	148
7	3	4	106	3159	2486	59.4922	0x5b05a2b7	255	213	143
7	3	4	107	3159	2487	59.3672	0x6b824225	255	195	131
7	3	4	108	3159	2488	59.3516	0x6ffda1eb	255	187	123
7	3	4	109	3159	2489	59.5156	0x71fb31b7	255	180	114
7	3	4	110	3159	2490	59.6562	0x74b8f960	255	169	103
7	3	4	111	3159	2491	59.9688	0x72f420f3	255	152	79
7	3	4	112	3159	2492	60.4609	0x70b1f0b8	255	144	71
7	3	4	113	3159	2493	60.9531	0x7271f85b	255	139	74
7	3	4	114	3160	2480	58.6875	0x5430a251	255	200	73
7	3	4	115	3160	2481	59.25	0x59b4fa80	255	206	96
7	3	4	116	3160	2482	59.4453	0x637e8283	255	209	122
7	3	4	117	3160	2483	59.3438	0x5dc37aad	255	212	137
7	3	4	118	3160	2484	59.2266	0x528902d5	255	215	143
7	3	4	119	3160	2485	58.7422	0x5f085277	255	205	144
7	3	4	120	3160	2486	58.6797	0x693e6243	255	197	127
7	3	4	121	3160	2487	58.8438	0x70bc29d4	255	185	114
7	3	4	122	3160	2488	58.9219	0x74bc8994	255	177	115
7	3	4	123	3160	2489	59.0625	0x7538b952	255	167	102
7	3	4	124	3160	2490	59.3906	0x7473e8b1	255	147	81
7	3	4	125	3160	2491	59.8828	0x7231e858	255	137	71
7	3	4	126	3160	2492	60.375	0x7271f85b	255	137	71
7	3	4	127	3161	2480	57.8672	0x45ae8a8b	255	205	69
7	3	4	128	3161	2481	58.3594	0x5535aab0	255	213	99
7	3	4	129	3161	2482	58.5703	0x5bbe02c7	255	216	124
7	3	4	130	3161	2483	58.4844	0x5bc632ac	255	214	137
7	3	4	131	3161	2484	58.1719	0x5b45a2b5	255	213	138
7	3	4	132	3161	2485	58.125	0x6b40e22d	255	196	129
7	3	4	133	3161	2486	58.1172	0x71fca9c6	255	183	122
7	3	4	134	3161	2487	58.3359	0x713a21b7	255	178	107
7	3	4	135	3161	2488	58.4922	0x7578a14c	255	166	101
7	3	4	136	3161	2489	58.8125	0x74b400a9	255	147	81
7	3	4	137	3161	2490	59.3047	0x7231e858	255	137	71
7	3	4	138	3161	2491	59.7969	0x7271f85b	255	137	71
7	3	4	139	3162	2480	56.7969	0x5331526b	255	195	74
7	3	4	140	3162	2481	57.3438	0x5b758a79	255	205	98
7	3	4	141	3162	2482	57.5078	0x5bfd4ac2	255	212	123
7	3	4	142	3162	2483	57.5156	0x5fc262a1	255	211	131
7	3	4	143	3162	2484	57.3594	0x6b01222f	255	197	127
7	3	4	144	3162	2485	57.4453	0x6d7ad9f9	255	189	111
7	3	4	145	3162	2486	57.6875	0x707919b3	255	178	109
7	3	4	146	3162	2487	57.8906	0x74779948	255	165	96
7	3	4	147	3162	2488	58.2344	0x7433b0ad	255	147	80
7	3	4	148	3162	2489	58.7266	0x7231e858	255	137	71
7	3	4	149	3162	2490	59.2188	0x7271f85b	255	137	71
7	3	4	150	3161	2493	60.7734	0x7271f85b	255	138	72
7	3	4	151	3162	2493	60.6797	0x72b2888a	255	142	74
7	3	4	152	3162	2494	61.125	0x733398c7	255	148	77
7	3	4	153	3161	2494	61.2578	0x72320073	255	140	71
7	3	4	154	3161	2495	61.75	0x7232789e	255	143	74
7	3	4	155	3162	2495	61.5234	0x71b3a0fb	255	156	79
7	3	4	156	3162	2496	61.9688	0x6f73a936	255	162	80
7	3	4	157	3161	2496	62.1953	0x71f290b4	255	147	74
7	3	4	158	3163	2480	56.2344	0x6832318b	255	170	74
7	3	4	159	3163	2481	56.7266	0x6b397207	255	192	114
7	3	4	160	3163	2482	56.6562	0x687fe24f	255	200	127
7	3	4	161	3163	2483	56.7344	0x6a3caa30	255	195	120
7	3	4	162	3163	2484	56.8672	0x71fc09c0	255	183	113
7	3	4	163	3163	2485	56.9844	0x743b3190	255	171	106
7	3	4	164	3163	2486	57.1719	0x7375e129	255	153	91
7	3	4	165	3163	2487	57.6562	0x713200a1	255	144	76
7	3	4	166	3163	2488	58.1484	0x7231e858	255	137	71
7	3	4	167	3163	2489	58.6406	0x7271f85b	255	137	71
7	3	4	168	3162	2492	60.1953	0x7271f85b	255	138	72
7	3	4	169	3163	2492	60.1016	0x73b3208a	255	142	76
7	3	4	170	3163	2493	60.5	0x7534b0c7	255	150	83
7	3	4	171	3163	2494	60.8594	0x71f4f12c	255	162	84
7	3	4	172	3163	2495	61.2422	0x70b59162	255	170	88
7	3	4	173	3163	2496	61.5547	0x6c35e9ba	255	180	90
7	3	4	174	3164	2480	55.9453	0x76b84122	255	163	103
7	3	4	175	3164	2481	56.1562	0x703da1e8	255	188	123
7	3	4	176	3164	2482	56.0938	0x737f41b8	255	183	124
7	3	4	177	3164	2483	56.2031	0x72bb71ae	255	180	111
7	3	4	178	3164	2484	56.3828	0x7339e190	255	169	103
7	3	4	179	3164	2485	56.5938	0x753588f0	255	149	89
7	3	4	180	3164	2486	57.0781	0x7271f85b	255	139	77
7	3	4	181	3164	2492	59.9219	0x75b4b0b1	255	147	84
7	3	4	182	3164	2493	60.2812	0x7637090a	255	158	93
7	3	4	183	3164	2494	60.5078	0x7378496c	255	173	106
7	3	4	184	3164	2495	60.7812	0x69f86a09	255	190	101
7	3	4	185	3164	2496	61	0x6478724b	255	201	106
7	3	4	186	3165	2481	55.6406	0x767f0181	255	168	124
7	3	4	187	3165	2482	55.7031	0x78bd6149	255	167	117
7	3	4	188	3165	2483	55.8047	0x797b1118	255	159	106
7	3	4	189	3165	2493	59.9609	0x78fa991c	255	163	110
7	3	4	190	3165	2494	60.0938	0x71bea1d2	255	184	124
7	3	4	191	3165	2495	60.0469	0x627f628c	255	203	127
7	3	4	192	3165	2496	60.1328	0x56fd0aea	255	220	119
7	3	4	193	3166	2493	59.7031	0x7c41c0e6	255	155	130
7	3	4	194	3166	2494	59.4844	0x6ec8d1a9	255	184	157
7	3	4	195	3166	2495	59.125	0x46c94b1f	255	227	150
7	3	4	196	3166	2496	58.8594	0x3fc35b70	255	235	130
7	3	4	197	3166	2480	55.3203	0x7c7e00e6	255	151	120
7	3	4	198	3167	2480	55.1797	0x2ffe43b4	255	219	123
7	3	4	199	3167	2481	55.2031	0x2fbe63b4	255	220	124
7	3	4	200	3166	2481	55.3438	0x7cfe80db	255	152	122
7	3	4	201	3166	2482	55.4141	0x7bfb70d3	255	150	112
7	3	4	202	3167	2482	55.2812	0x2dfacbac	255	226	116
7	3	4	203	3167	2483	55.5391	0x30373389	255	216	104
7	3	4	204	3166	2483	55.6328	0x7af82087	255	143	96
7	3	4	205	3166	2484	55.9219	0x76f46048	255	137	82
7	3	4	206	3167	2484	55.875	0x27748385	255	215	92
7	3	4	207	3167	2485	56.3672	0x2332fb7b	255	218	88
7	3	4	208	3166	2485	56.4141	0x7271e044	255	134	71
7	3	4	209	3166	2486	56.9062	0x72b1f844	255	134	71
7	3	4	210	3167	2486	56.8594	0x27f3036f	255	211	85
7	3	4	211	3167	2487	57.3438	0x26b30b73	255	217	91
7	3	4	212	3166	2487	57.3906	0x72b1f848	255	135	71
7	3	4	213	3166	2488	57.8828	0x72b1f844	255	134	71
7	3	4	214	3167	2488	57.8359	0x20330383	255	222	89
7	3	4	215	3167	2489	58.3281	0x1f331386	255	221	89
7	3	4	216	3166	2489	58.3672	0x72b1f844	255	134	71
7	3	4	217	3166	2490	58.8594	0x73727044	255	134	73
7	3	4	218	3167	2490	58.8125	0x22338385	255	220	90
7	3	4	219	3167	2491	59.2578	0x1f75ebaa	255	228	104
7	3	4	220	3166	2491	59.3047	0x77b4f848	255	135	84
7	3	4	221	3166	2492	59.5938	0x7cb9c077	255	142	109
7	3	4	222	3167	2492	59.5156	0x223c33d2	255	218	122
7	3	4	223	3167	2493	59.5	0x21855bcc	255	232	131
7	3	4	224	3167	2494	59.1719	0x12d32326	255	241	164
7	3	4	225	3167	2495	57.3516	0x1053db17	255	245	158
7	3	4	226	3167	2496	56.7109	0x190a5bb3	255	251	134
7	3	4	227	3168	2480	50.3594	0x3245b39a	255	207	134
7	3	4	228	3168	2481	50.3594	0x33c003a7	255	206	127
7	3	4	229	3168	2482	50.3594	0x2df53b7b	255	220	115
7	3	4	230	3168	2483	51.1172	0x377bd391	255	232	122
7	3	4	231	3168	2484	50.625	0x2f860ba1	255	212	126
7	3	4	232	3168	2485	50.7266	0x1fb06358	255	187	92
7	3	4	233	3168	2486	51.9453	0x2beef317	255	203	72
7	3	4	234	3168	2487	52.2422	0x3685d38a	255	241	132
7	3	4	235	3168	2488	51.5703	0x2b862bae	255	246	125
7	3	4	236	3168	2489	51.8438	0x2170ab59	255	244	104
7	3	4	237	3168	2490	52.8438	0x2c79dbab	255	249	125
7	3	4	238	3168	2491	52.2422	0x1ec593d1	255	250	130
7	3	4	239	3168	2492	52.4844	0x1fbae3d2	255	249	121
7	3	4	240	3168	2493	52.5703	0x204433d5	255	248	130
7	3	4	241	3168	2494	52.2188	0x1a4deb81	255	247	148
7	3	4	242	3168	2495	51.4766	0x14d3631d	255	240	170
7	3	4	243	3168	2496	50	0x11abc30b	255	237	111
8	0	0	0	3104	2496	57.2969	0x7977475e	255	101	81
8	0	0	1	3105	2496	57.3203	0x7dba5fd0	255	122	106
8	0	0	2	3105	2497	57.5547	0x7b37581c	255	129	95
8	0	0	3	3104	2497	57.5703	0x79b62fe0	255	125	88
8	0	0	4	3104	2498	57.9453	0x7834f800	255	126	83
8	0	0	5	3105	2498	57.8828	0x77b50054	255	137	83
8	0	0	6	3105	2499	58.2891	0x74f3605b	255	135	78
8	0	0	7	3104	2499	58.3047	0x7673e7e4	255	125	79
8	0	0	8	3104	2500	58.7656	0x74b2efd0	255	122	75
8	0	0	9	3105	2500	58.7422	0x72b22867	255	135	72
8	0	0	10	3105	2501	59.25	0x7070c008	255	128	66
8	0	0	11	3104	2501	59.2031	0x72b24789	255	116	72
8	0	0	12	3104	2502	59.7188	0x7071f740	255	108	71
8	0	0	13	3105	2502	59.8281	0x6f705fc8	255	123	65
8	0	0	14	3105	2503	60.375	0x70b13795	255	118	67
8	0	0	15	3104	2503	60.1875	0x6ff366e2	255	96	78
8	0	0	16	3104	2504	60.5859	0x6eb3ceb6	255	89	79
8	0	0	17	3105	2504	60.875	0x6eb15732	255	106	69
8	0	0	18	3105	2505	61.4141	0x6cf1d6df	255	97	71
8	0	0	19	3104	2505	61.0234	0x69b34668	255	80	79
8	0	0	20	3104	2506	61.4688	0x67f39643	255	74	82
8	0	0	21	3105	2506	61.875	0x6c3266b7	255	90	75
8	0	0	22	3105	2507	62.3672	0x68b25e75	255	83	76
8	0	0	23	3104	2507	61.8828	0x64f46606	255	67	85
8	0	0	24	3104	2508	62.2656	0x6274fdd9	255	61	89
8	0	0	25	3105	2508	62.8359	0x6973de51	255	77	82
8	0	0	26	3105	2509	63.2031	0x66742e1d	255	70	84
8	0	0	27	3104	2509	62.6328	0x6235b5c8	255	58	92
8	0	0	28	3104	2510	62.9609	0x5f76a59c	255	52	96
8	0	0	29	3105	2510	63.6484	0x647495fa	255	65	87
8	0	0	30	3105	2511	63.9844	0x64b635de	255	60	93
8	0	0	31	3104	2511	63.2578	0x5e37b580	255	48	101
8	0	0	32	3104	2512	63.5078	0x5db89570	255	47	101
8	0	0	33	3105	2512	64.3047	0x6276d5b8	255	56	96
8	0	0	34	3106	2496	57.3906	0x7f3d47b0	255	118	118
8	0	0	35	3106	2497	57.5156	0x7d79e01c	255	130	104
8	0	0	36	3106	2498	57.7812	0x7a36b048	255	134	91
8	0	0	37	3106	2499	58.125	0x76346083	255	142	81
8	0	0	38	3106	2500	58.5625	0x6fb10892	255	141	70
8	0	0	39	3106	2501	59.1875	0x6b2ef07f	255	139	59
8	0	0	40	3106	2502	59.8281	0x6cef7854	255	131	62
8	0	0	41	3106	2503	60.3984	0x6e6fd800	255	127	63
8	0	0	42	3106	2504	61	0x6cef67ac	255	121	61
8	0	0	43	3106	2505	61.6172	0x6d700f72	255	113	64
8	0	0	44	3106	2506	62.1562	0x6c708727	255	106	66
8	0	0	45	3106	2507	62.7344	0x6cb136fb	255	100	69
8	0	0	46	3106	2508	63.2109	0x6bb1f6bd	255	91	73
8	0	0	47	3106	2509	63.7266	0x68327669	255	80	76
8	0	0	48	3106	2510	64.1641	0x6ab40662	255	77	82
8	0	0	49	3106	2511	64.5469	0x68f4be31	255	72	86
8	0	0	50	3106	2512	64.9297	0x6574de00	255	66	88
8	0	0	51	3107	2496	57.4766	0x7ec0c781	255	112	129
8	0	0	52	3107	2497	57.5	0x7ebbcfe4	255	121	113
8	0	0	53	3107	2498	57.7422	0x7bb7c810	255	128	94
8	0	0	54	3107	2499	58.0312	0x7835484c	255	134	88
8	0	0	55	3107	2500	58.4531	0x72321877	255	140	72
8	0	0	56	3107	2501	59	0x6b6f80ad	255	144	63
8	0	0	57	3107	2502	59.6641	0x66ae00ca	255	148	56
8	0	0	58	3107	2503	60.375	0x682df086	255	136	58
8	0	0	59	3107	2504	61.0391	0x6aae6834	255	130	57
8	0	0	60	3107	2505	61.6953	0x6beedfe4	255	124	57
8	0	0	61	3107	2506	62.3125	0x6cef8f91	255	116	62
8	0	0	62	3107	2507	62.8984	0x6c2faf63	255	111	63
8	0	0	63	3107	2508	63.5078	0x6aafcf1f	255	104	63
8	0	0	64	3107	2509	64.0859	0x6c7166ea	255	97	69
8	0	0	65	3107	2510	64.5469	0x6cb2aeb3	255	89	76
8	0	0	66	3107	2511	65.0156	0x6a729e8a	255	84	77
8	0	0	67	3107	2512	65.4844	0x6973965a	255	78	81
8	0	0	68	3108	2496	57.6406	0x7bc3df25	255	105	137
8	0	0	69	3108	2497	57.5703	0x7ebe4779	255	112	124
8	0	0	70	3108	2498	57.75	0x7d39a7bc	255	121	101
8	0	0	71	3108	2499	57.9766	0x7af72004	255	127	92
8	0	0	72	3108	2500	58.3281	0x75334844	255	132	79
8	0	0	73	3108	2501	58.8438	0x6f70b077	255	139	66
8	0	0	74	3108	2502	59.4219	0x69aec0a5	255	142	59
8	0	0	75	3108	2503	60.1328	0x646d20bf	255	146	52
8	0	0	76	3108	2504	60.8984	0x63ac98a5	255	141	51
8	0	0	77	3108	2505	61.6719	0x666d0857	255	134	51
8	0	0	78	3108	2506	62.375	0x696de00c	255	128	55
8	0	0	79	3108	2507	63.0469	0x6b2eb7b4	255	123	58
8	0	0	80	3108	2508	63.6641	0x6baf1f95	255	118	59
8	0	0	81	3108	2509	64.2969	0x6c6faf6a	255	112	62
8	0	0	82	3108	2510	64.8594	0x6d71470d	255	103	68
8	0	0	83	3108	2511	65.3438	0x6d71eeed	255	96	72
8	0	0	84	3108	2512	65.8516	0x6d72bec4	255	91	75
8	0	0	85	3109	2496	57.9141	0x76465eb4	255	87	150
8	0	0	86	3109	2497	57.7656	0x7b00a6ef	255	95	127
8	0	0	87	3109	2498	57.875	0x7c7bef34	255	104	111
8	0	0	88	3109	2499	58.0234	0x7bb9177d	255	114	99
8	0	0	89	3109	2500	58.3203	0x77b4e7c0	255	123	84
8	0	0	90	3109	2501	58.7656	0x7231880c	255	127	71
8	0	0	91	3109	2502	59.3359	0x6cef4834	255	132	60
8	0	0	92	3109	2503	59.9922	0x68ade86b	255	137	56
8	0	0	93	3109	2504	60.7109	0x63aca8a5	255	143	50
8	0	0	94	3109	2505	61.5234	0x622c50b4	255	142	49
8	0	0	95	3109	2506	62.2891	0x652ca863	255	137	50
8	0	0	96	3109	2507	63.0469	0x67ed6828	255	130	54
8	0	0	97	3109	2508	63.7188	0x6a6e47e8	255	125	56
8	0	0	98	3109	2509	64.3828	0x6a6e6fb4	255	121	57
8	0	0	99	3109	2510	65.0391	0x6cefa78d	255	117	62
8	0	0	100	3109	2511	65.5781	0x6df0a748	255	110	66
8	0	0	101	3109	2512	66.1406	0x6d711f1c	255	102	68
8	0	0	102	3110	2496	58.3281	0x71072e5c	255	76	152
8	0	0	103	3110	2497	58.125	0x7482c666	255	77	132
8	0	0	104	3110	2498	58.1562	0x77fe46a3	255	83	121
8	0	0	105	3110	2499	58.2344	0x793b56dd	255	93	111
8	0	0	106	3110	2500	58.4531	0x77b70f22	255	103	91
8	0	0	107	3110	2501	58.8203	0x73f3576e	255	114	77
8	0	0	108	3110	2502	59.3203	0x6ff09fc0	255	122	65
8	0	0	109	3110	2503	59.9219	0x6c6f1004	255	127	59
8	0	0	110	3110	2504	60.5703	0x68edc03c	255	131	55
8	0	0	111	3110	2505	61.3125	0x62ac007b	255	136	47
8	0	0	112	3110	2506	62.1797	0x616bb082	255	138	48
8	0	0	113	3110	2507	62.9688	0x64aca077	255	138	50
8	0	0	114	3110	2508	63.7109	0x66ed0828	255	131	52
8	0	0	115	3110	2509	64.4453	0x696de7f8	255	126	55
8	0	0	116	3110	2510	65.0859	0x6c2eefe0	255	123	58
8	0	0	117	3110	2511	65.7109	0x6c6f5799	255	117	61
8	0	0	118	3110	2512	66.3125	0x6df03776	255	112	64
8	0	0	119	3111	2496	58.8203	0x6047958d	255	52	151
8	0	0	120	3111	2497	58.6406	0x64c37d95	255	55	136
8	0	0	121	3111	2498	58.6016	0x694065bc	255	58	128
8	0	0	122	3111	2499	58.6172	0x6abd65d2	255	59	119
8	0	0	123	3111	2500	58.7656	0x6af93df9	255	68	104
8	0	0	124	3111	2501	59.0547	0x6a35a630	255	78	88
8	0	0	125	3111	2502	59.4609	0x6972b678	255	92	76
8	0	0	126	3111	2503	59.9844	0x6e304f76	255	110	77
8	0	0	127	3111	2504	60.5938	0x6aeea7b8	255	121	58
8	0	0	128	3111	2505	61.2812	0x67ed5fe4	255	126	52
8	0	0	129	3111	2506	62.0312	0x652c985b	255	134	50
8	0	0	130	3111	2507	62.8125	0x622c0896	255	139	49
8	0	0	131	3111	2508	63.6406	0x632c3086	255	139	48
8	0	0	132	3111	2509	64.3984	0x66ad285b	255	134	52
8	0	0	133	3111	2510	65.1016	0x692dd02c	255	130	55
8	0	0	134	3111	2511	65.7812	0x6aee7fe4	255	125	56
8	0	0	135	3111	2512	66.4141	0x6c6f2fb4	255	119	60
8	0	0	136	3112	2496	59.9062	0x4e08b507	255	33	149
8	0	0	137	3112	2497	59.6484	0x5505dd1b	255	35	142
8	0	0	138	3112	2498	59.5312	0x5841c51e	255	36	130
8	0	0	139	3112	2499	59.5391	0x59be4528	255	36	123
8	0	0	140	3112	2500	59.6406	0x5a7b1d3e	255	39	114
8	0	0	141	3112	2501	59.8516	0x5b780d63	255	44	103
8	0	0	142	3112	2502	60.1641	0x61faa584	255	59	110
8	0	0	143	3112	2503	60.1953	0x63f7adbc	255	70	112
8	0	0	144	3112	2504	60.7109	0x60b03e47	255	83	78
8	0	0	145	3112	2505	61.3672	0x6a6ebf7e	255	114	58
8	0	0	146	3112	2506	62	0x6b2e8fe0	255	124	56
8	0	0	147	3112	2507	62.6719	0x67ad4830	255	130	52
8	0	0	148	3112	2508	63.4453	0x62ac2892	255	138	50
8	0	0	149	3112	2509	64.2656	0x636c7899	255	142	49
8	0	0	150	3112	2510	65	0x652ce082	255	138	51
8	0	0	151	3112	2511	65.7656	0x672d283c	255	132	52
8	0	0	152	3112	2512	66.4609	0x6a6e47f8	255	127	56
8	0	0	153	3113	2499	60.6484	0x50ffe4e7	255	28	126
8	0	0	154	3113	2500	60.6953	0x523d2cf4	255	30	120
8	0	0	155	3113	2501	60.8281	0x53ba4d0f	255	32	113
8	0	0	156	3113	2502	61.0625	0x54779d30	255	37	103
8	0	0	157	3113	2503	61.3828	0x50f82d10	255	35	111
8	0	0	158	3113	2504	61.5781	0x5e3d854f	255	41	123
8	0	0	159	3113	2505	61.5391	0x61f81da1	255	65	97
8	0	0	160	3113	2506	62.0938	0x6cefcf76	255	113	63
8	0	0	161	3113	2507	62.7188	0x6bef07b8	255	122	59
8	0	0	162	3113	2508	63.3516	0x692de830	255	130	55
8	0	0	163	3113	2509	64.0938	0x656cf082	255	137	52
8	0	0	164	3113	2510	64.8438	0x62ac60b0	255	144	49
8	0	0	165	3113	2511	65.6641	0x626c38a1	255	140	49
8	0	0	166	3113	2512	66.4297	0x67ad906b	255	135	54
8	0	0	167	3113	2496	61.1641	0x4bc8b4f8	255	29	149
8	0	0	168	3114	2496	62.3672	0x57465530	255	39	136
8	0	0	169	3113	2497	60.7812	0x4e074cf7	255	29	140
8	0	0	170	3114	2497	62.0703	0x4ec584ed	255	28	137
8	0	0	171	3114	2504	62.5391	0x55797d23	255	33	119
8	0	0	172	3114	2505	62.8672	0x528434ff	255	31	132
8	0	0	173	3114	2506	62.2734	0x6380e57f	255	68	101
8	0	0	174	3114	2507	62.8125	0x6ef0e75f	255	111	67
8	0	0	175	3114	2508	63.3516	0x6daf9fc4	255	122	60
8	0	0	176	3114	2509	64.0078	0x6b2ea020	255	129	58
8	0	0	177	3114	2510	64.6484	0x66ed607b	255	136	56
8	0	0	178	3114	2511	65.4453	0x612c28c6	255	146	48
8	0	0	179	3114	2512	66.25	0x612c18c6	255	142	49
8	0	0	180	3115	2496	63.1875	0x633f057b	255	47	124
8	0	0	181	3115	2497	63.2422	0x59bf0527	255	37	125
8	0	0	182	3114	2498	62.0156	0x4e8144da	255	27	129
8	0	0	183	3115	2498	63.25	0x553f4505	255	32	125
8	0	0	184	3114	2502	62.2188	0x4dba2ce8	255	27	115
8	0	0	185	3115	2502	63.5703	0x543ced04	255	32	122
8	0	0	186	3115	2503	63.7578	0x59be4529	255	37	122
8	0	0	187	3114	2503	62.4453	0x50fafcf7	255	30	115
8	0	0	188	3115	2504	63.6797	0x57fea51a	255	35	125
8	0	0	189	3115	2505	63.8438	0x5c3fa53b	255	35	128
8	0	0	190	3115	2506	63.7031	0x498b7d11	255	32	151
8	0	0	191	3115	2507	63.0391	0x5c03bd45	255	58	107
8	0	0	192	3115	2508	63.4688	0x70b1df53	255	109	71
8	0	0	193	3115	2509	64.0312	0x6ef047b0	255	120	63
8	0	0	194	3115	2510	64.6016	0x6cef3ff8	255	126	60
8	0	0	195	3115	2511	65.2656	0x66ed787f	255	136	56
8	0	0	196	3115	2512	66.0312	0x612c38ce	255	147	49
8	0	0	197	3116	2496	63.9922	0x65bb3da7	255	51	117
8	0	0	198	3116	2497	64.1016	0x63fbd590	255	50	114
8	0	0	199	3116	2498	64.2578	0x62fbb587	255	47	119
8	0	0	200	3115	2499	63.2891	0x50bafcf6	255	30	121
8	0	0	201	3116	2499	64.375	0x60bccd6a	255	46	117
8	0	0	202	3116	2500	64.4609	0x637e257f	255	45	120
8	0	0	203	3115	2500	63.5703	0x4fbbb4eb	255	29	122
8	0	0	204	3115	2501	63.5625	0x514004eb	255	31	126
8	0	0	205	3116	2501	64.4922	0x603fc55d	255	43	126
8	0	0	206	3116	2502	64.4766	0x5ec06553	255	43	126
8	0	0	207	3116	2503	64.4688	0x62bd4d7a	255	47	123
8	0	0	208	3116	2504	64.6484	0x5fbafd6c	255	47	119
8	0	0	209	3116	2505	64.7891	0x6340257d	255	47	127
8	0	0	210	3116	2506	64.6406	0x5c01853c	255	37	133
8	0	0	211	3116	2507	64.6953	0x44ccfd0d	255	30	139
8	0	0	212	3116	2508	63.6953	0x51c81519	255	45	102
8	0	0	213	3116	2509	64.1641	0x46b2cd1b	255	60	80
8	0	0	214	3116	2510	64.6641	0x713167a5	255	110	85
8	0	0	215	3116	2511	65.1953	0x6e6fd80c	255	128	63
8	0	0	216	3116	2512	65.8359	0x67edb87b	255	132	51
8	0	0	217	3117	2496	64.6484	0x68bbb5c5	255	56	113
8	0	0	218	3117	2497	64.7891	0x6a3d0dcd	255	57	117
8	0	0	219	3117	2498	64.8359	0x6afccdd9	255	59	118
8	0	0	220	3117	2499	64.9922	0x6bba9df3	255	60	113
8	0	0	221	3117	2500	65.1797	0x67faddc3	255	56	110
8	0	0	222	3117	2501	65.3203	0x65bced9b	255	49	120
8	0	0	223	3117	2502	65.375	0x623ee570	255	45	124
8	0	0	224	3117	2503	65.3906	0x5fffe55b	255	44	124
8	0	0	225	3117	2504	65.3828	0x627ee574	255	46	125
8	0	0	226	3117	2505	65.4609	0x663c2da4	255	48	122
8	0	0	227	3117	2506	65.625	0x627f2572	255	46	126
8	0	0	228	3117	2507	65.5156	0x613f6567	255	38	127
8	0	0	229	3117	2508	65.6641	0x3f73c4e3	255	25	104
8	0	0	230	3117	2509	66.3984	0x440c4cfc	255	42	135
8	0	0	231	3117	2510	64.7812	0x42cef527	255	63	164
8	0	0	232	3117	2511	65.2422	0x49725d36	255	77	72
8	0	0	233	3117	2512	65.7891	0x3e2ced73	255	97	48
8	0	0	234	3118	2496	65.3438	0x673d85a7	255	53	116
8	0	0	235	3118	2497	65.4219	0x66fceda8	255	53	117
8	0	0	236	3118	2498	65.5391	0x663d859d	255	53	120
8	0	0	237	3118	2499	65.5781	0x683b95c0	255	56	117
8	0	0	238	3118	2500	65.8203	0x6af995f6	255	61	111
8	0	0	239	3118	2501	65.9922	0x697addd3	255	58	110
8	0	0	240	3118	2502	66.1484	0x65bc2da0	255	51	117
8	0	0	241	3118	2503	66.2344	0x627d8578	255	46	119
8	0	0	242	3118	2504	66.3047	0x60bfa562	255	44	124
8	0	0	243	3118	2505	66.2578	0x60c00564	255	44	127
8	0	0	244	3118	2506	66.3047	0x65fda59b	255	47	123
8	0	0	245	3118	2507	66.4062	0x613bd574	255	46	114
8	0	0	246	3118	2508	66.5703	0x62fa8590	255	56	111
8	0	0	247	3118	2509	66.7578	0x7178fe5f	255	77	102
8	0	0	248	3118	2510	67.0234	0x47b6f4e3	255	50	107
8	0	0	249	3118	2511	67.3672	0x48b4bd07	255	41	93
8	0	0	250	3118	2512	67.8125	0x557ee507	255	62	107
8	0	0	251	3119	2496	66.1016	0x673a65bd	255	55	109
8	0	0	252	3119	2497	66.2422	0x647c6d92	255	50	115
8	0	0	253	3119	2498	66.3281	0x63fe2585	255	48	122
8	0	0	254	3119	2499	66.3594	0x61ff456e	255	50	123
8	0	0	255	3119	2500	66.375	0x68bbd5c3	255	56	119
8	0	0	256	3119	2501	66.625	0x65b88dc4	255	56	106
8	0	0	257	3119	2502	66.8594	0x6739b5c7	255	57	106
8	0	0	258	3119	2503	67.0312	0x65fbf5a2	255	52	115
8	0	0	259	3119	2504	67.1172	0x64fd858f	255	49	119
8	0	0	260	3119	2505	67.1875	0x607fe55e	255	44	125
8	0	0	261	3119	2506	67.125	0x5f802558	255	42	127
8	0	0	262	3119	2507	67.1797	0x62fe8579	255	47	123
8	0	0	263	3119	2508	67.2188	0x683e25b0	255	53	121
8	0	0	264	3119	2509	67.2969	0x6abc6dd7	255	58	115
8	0	0	265	3119	2510	67.4453	0x6e3a061c	255	68	106
8	0	0	266	3119	2511	67.6797	0x70374e6b	255	79	95
8	0	0	267	3119	2512	68.0156	0x767936c2	255	91	105
8	0	0	268	3120	2496	66.7266	0x6bb59e47	255	72	92
8	0	0	269	3120	2497	66.9609	0x68b9cdd7	255	59	106
8	0	0	270	3120	2498	67.125	0x65fb55a9	255	51	113
8	0	0	271	3120	2499	67.2578	0x613f2567	255	44	126
8	0	0	272	3120	2500	67.1797	0x61fe6570	255	46	123
8	0	0	273	3120	2501	67.3594	0x633afd8d	255	49	111
8	0	0	274	3120	2502	67.5	0x69fa85dd	255	57	114
8	0	0	275	3120	2503	67.7109	0x6b3a85ee	255	62	108
8	0	0	276	3120	2504	67.8516	0x66bb55af	255	54	112
8	0	0	277	3120	2505	68.0078	0x62fc4d82	255	48	116
8	0	0	278	3120	2506	68.0859	0x5eff8551	255	42	124
8	0	0	279	3120	2507	68.0391	0x5d818549	255	41	131
8	0	0	280	3120	2508	67.9922	0x5effe553	255	42	126
8	0	0	281	3120	2509	68.0469	0x633e457b	255	47	122
8	0	0	282	3120	2510	68.1016	0x647d0d8d	255	49	117
8	0	0	283	3120	2511	68.2344	0x66fa45bd	255	56	109
8	0	0	284	3120	2512	68.4688	0x68773df8	255	61	103
8	1	1	0	3104	2496	57.2969	0x7977475e	255	101	81
8	1	1	1	3105	2496	57.3203	0x7dba5fd0	255	122	106
8	1	1	2	3105	2497	57.5547	0x7b37581c	255	129	95
8	1	1	3	3104	2497	57.5703	0x79b62fe0	255	125	88
8	1	1	4	3104	2498	57.9453	0x7834f800	255	126	83
8	1	1	5	3105	2498	57.8828	0x77b50054	255	137	83
8	1	1	6	3105	2499	58.2891	0x74f3605b	255	135	78
8	1	1	7	3104	2499	58.3047	0x7673e7e4	255	125	79
8	1	1	8	3104	2500	58.7656	0x74b2efd0	255	122	75
8	1	1	9	3105	2500	58.7422	0x72b22867	255	135	72
8	1	1	10	3105	2501	59.25	0x7070c008	255	128	66
8	1	1	11	3104	2501	59.2031	0x72b24789	255	116	72
8	1	1	12	3104	2502	59.7188	0x7071f740	255	108	71
8	1	1	13	3105	2502	59.8281	0x6f705fc8	255	123	65
8	1	1	14	3105	2503	60.375	0x70b13795	255	118	67
8	1	1	15	3104	2503	60.1875	0x6ff366e2	255	96	78
8	1	1	16	3104	2504	60.5859	0x6eb3ceb6	255	89	79
8	1	1	17	3105	2504	60.875	0x6eb15732	255	106	69
8	1	1	18	3105	2505	61.4141	0x6cf1d6df	255	97	71
8	1	1	19	3104	2505	61.0234	0x69b34668	255	80	79
8	1	1	20	3104	2506	61.4688	0x67f39643	255	74	82
8	1	1	21	3105	2506	61.875	0x6c3266b7	255	90	75
8	1	1	22	3105	2507	62.3672	0x68b25e75	255	83	76
8	1	1	23	3104	2507	61.8828	0x64f46606	255	67	85
8	1	1	24	3104	2508	62.2656	0x6274fdd9	255	61	89
8	1	1	25	3105	2508	62.8359	0x6973de51	255	77	82
8	1	1	26	3105	2509	63.2031	0x66742e1d	255	70	84
8	1	1	27	3104	2509	62.6328	0x6235b5c8	255	58	92
8	1	1	28	3104	2510	62.9609	0x5f76a59c	255	52	96
8	1	1	29	3105	2510	63.6484	0x647495fa	255	65	87
8	1	1	30	3105	2511	63.9844	0x64b635de	255	60	93
8	1	1	31	3104	2511	63.2578	0x5e37b580	255	48	101
8	1	1	32	3104	2512	63.5078	0x5db89570	255	47	101
8	1	1	33	3105	2512	64.3047	0x6276d5b8	255	56	96
8	1	1	34	3106	2498	57.7812	0x7a36b048	255	134	91
8	1	1	35	3106	2499	58.125	0x76346083	255	142	81
8	1	1	36	3106	2500	58.5625	0x6fb10892	255	141	70
8	1	1	37	3106	2501	59.1875	0x6b2ef07f	255	139	59
8	1	1	38	3106	2502	59.8281	0x6cef7854	255	131	62
8	1	1	39	3106	2503	60.3984	0x6e6fd800	255	127	63
8	1	1	40	3106	2504	61	0x6cef67ac	255	121	61
8	1	1	41	3106	2505	61.6172	0x6d700f72	255	113	64
8	1	1	42	3106	2506	62.1562	0x6c708727	255	106	66
8	1	1	43	3106	2507	62.7344	0x6cb136fb	255	100	69
8	1	1	44	3106	2508	63.2109	0x6bb1f6bd	255	91	73
8	1	1	45	3106	2509	63.7266	0x68327669	255	80	76
8	1	1	46	3106	2510	64.1641	0x6ab40662	255	77	82
8	1	1	47	3106	2511	64.5469	0x68f4be31	255	72	86
8	1	1	48	3106	2512	64.9297	0x6574de00	255	66	88
8	1	1	49	3107	2499	58.0312	0x7835484c	255	134	88
8	1	1	50	3107	2500	58.4531	0x72321877	255	140	72
8	1	1	51	3107	2501	59	0x6b6f80ad	255	144	63
8	1	1	52	3107	2502	59.6641	0x66ae00ca	255	148	56
8	1	1	53	3107	2503	60.375	0x682df086	255	136	58
8	1	1	54	3107	2504	61.0391	0x6aae6834	255	130	57
8	1	1	55	3107	2505	61.6953	0x6beedfe4	255	124	57
8	1	1	56	3107	2506	62.3125	0x6cef8f91	255	116	62
8	1	1	57	3107	2507	62.8984	0x6c2faf63	255	111	63
8	1	1	58	3107	2508	63.5078	0x6aafcf1f	255	104	63
8	1	1	59	3107	2509	64.0859	0x6c7166ea	255	97	69
8	1	1	60	3107	2510	64.5469	0x6cb2aeb3	255	89	76
8	1	1	61	3107	2511	65.0156	0x6a729e8a	255	84	77
8	1	1	62	3107	2512	65.4844	0x6973965a	255	78	81
8	1	1	63	3108	2500	58.3281	0x75334844	255	132	79
8	1	1	64	3108	2501	58.8438	0x6f70b077	255	139	66
8	1	1	65	3108	2502	59.4219	0x69aec0a5	255	142	59
8	1	1	66	3108	2503	60.1328	0x646d20bf	255	146	52
8	1	1	67	3108	2504	60.8984	0x63ac98a5	255	141	51
8	1	1	68	3108	2505	61.6719	0x666d0857	255	134	51
8	1	1	69	3108	2506	62.375	0x696de00c	255	128	55
8	1	1	70	3108	2507	63.0469	0x6b2eb7b4	255	123	58
8	1	1	71	3108	2508	63.6641	0x6baf1f95	255	118	59
8	1	1	72	3108	2509	64.2969	0x6c6faf6a	255	112	62
8	1	1	73	3108	2510	64.8594	0x6d71470d	255	103	68
8	1	1	74	3108	2511	65.3438	0x6d71eeed	255	96	72
8	1	1	75	3108	2512	65.8516	0x6d72bec4	255	91	75
8	1	1	76	3109	2500	58.3203	0x77b4e7c0	255	123	84
8	1	1	77	3109	2501	58.7656	0x7231880c	255	127	71
8	1	1	78	3109	2502	59.3359	0x6cef4834	255	132	60
8	1	1	79	3109	2503	59.9922	0x68ade86b	255	137	56
8	1	1	80	3109	2504	60.7109	0x63aca8a5	255	143	50
8	1	1	81	3109	2505	61.5234	0x622c50b4	255	142	49
8	1	1	82	3109	2506	62.2891	0x652ca863	255	137	50
8	1	1	83	3109	2507	63.0469	0x67ed6828	255	130	54
8	1	1	84	3109	2508	63.7188	0x6a6e47e8	255	125	56
8	1	1	85	3109	2509	64.3828	0x6a6e6fb4	255	121	57
8	1	1	86	3109	2510	65.0391	0x6cefa78d	255	117	62
8	1	1	87	3109	2511	65.5781	0x6df0a748	255	110	66
8	1	1	88	3109	2512	66.1406	0x6d711f1c	255	102	68
8	1	1	89	3110	2500	58.4531	0x77b70f22	255	103	91
8	1	1	90	3110	2501	58.8203	0x73f3576e	255	114	77
8	1	1	91	3110	2502	59.3203	0x6ff09fc0	255	122	65
8	1	1	92	3110	2503	59.9219	0x6c6f1004	255	127	59
8	1	1	93	3110	2504	60.5703	0x68edc03c	255	131	55
8	1	1	94	3110	2505	61.3125	0x62ac007b	255	136	47
8	1	1	95	3110	2506	62.1797	0x616bb082	255	138	48
8	1	1	96	3110	2507	62.9688	0x64aca077	255	138	50
8	1	1	97	3110	2508	63.7109	0x66ed0828	255	131	52
8	1	1	98	3110	2509	64.4453	0x696de7f8	255	126	55
8	1	1	99	3110	2510	65.0859	0x6c2eefe0	255	123	58
8	1	1	100	3110	2511	65.7109	0x6c6f5799	255	117	61
8	1	1	101	3110	2512	66.3125	0x6df03776	255	112	64
8	1	1	102	3111	2500	58.7656	0x6af93df9	255	68	104
8	1	1	103	3111	2501	59.0547	0x6a35a630	255	78	88
8	1	1	104	3111	2502	59.4609	0x6972b678	255	92	76
8	1	1	105	3111	2503	59.9844	0x6e304f76	255	110	77
8	1	1	106	3111	2504	60.5938	0x6aeea7b8	255	121	58
8	1	1	107	3111	2505	61.2812	0x67ed5fe4	255	126	52
8	1	1	108	3111	2506	62.0312	0x652c985b	255	134	50
8	1	1	109	3111	2507	62.8125	0x622c0896	255	139	49
8	1	1	110	3111	2508	63.6406	0x632c3086	255	139	48
8	1	1	111	3111	2509	64.3984	0x66ad285b	255	134	52
8	1	1	112	3111	2510	65.1016	0x692dd02c	255	130	55
8	1	1	113	3111	2511	65.7812	0x6aee7fe4	255	125	56
8	1	1	114	3111	2512	66.4141	0x6c6f2fb4	255	119	60
8	1	1	115	3112	2500	59.6406	0x5a7b1d3e	255	39	114
8	1	1	116	3112	2501	59.8516	0x5b780d63	255	44	103
8	1	1	117	3112	2502	60.1641	0x61faa584	255	59	110
8	1	1	118	3112	2503	60.1953	0x63f7adbc	255	70	112
8	1	1	119	3112	2504	60.7109	0x60b03e47	255	83	78
8	1	1	120	3112	2505	61.3672	0x6a6ebf7e	255	114	58
8	1	1	121	3112	2506	62	0x6b2e8fe0	255	124	56
8	1	1	122	3112	2507	62.6719	0x67ad4830	255	130	52
8	1	1	123	3112	2508	63.4453	0x62ac2892	255	138	50
8	1	1	124	3112	2509	64.2656	0x636c7899	255	142	49
8	1	1	125	3112	2510	65	0x652ce082	255	138	51
8	1	1	126	3112	2511	65.7656	0x672d283c	255	132	52
8	1	1	127	3112	2512	66.4609	0x6a6e47f8	255	127	56
8	1	1	128	3113	2503	61.3828	0x50f82d10	255	35	111
8	1	1	129	3113	2504	61.5781	0x5e3d854f	255	41	123
8	1	1	130	3113	2505	61.5391	0x61f81da1	255	65	97
8	1	1	131	3113	2506	62.0938	0x6cefcf76	255	113	63
8	1	1	132	3113	2507	62.7188	0x6bef07b8	255	122	59
8	1	1	133	3113	2508	63.3516	0x692de830	255	130	55
8	1	1	134	3113	2509	64.0938	0x656cf082	255	137	52
8	1	1	135	3113	2510	64.8438	0x62ac60b0	255	144	49
8	1	1	136	3113	2511	65.6641	0x626c38a1	255	140	49
8	1	1	137	3113	2512	66.4297	0x67ad906b	255	135	54
8	1	1	138	3114	2504	62.5391	0x55797d23	255	33	119
8	1	1	139	3114	2505	62.8672	0x528434ff	255	31	132
8	1	1	140	3114	2506	62.2734	0x6380e57f	255	68	101
8	1	1	141	3114	2507	62.8125	0x6ef0e75f	255	111	67
8	1	1	142	3114	2508	63.3516	0x6daf9fc4	255	122	60
8	1	1	143	3114	2509	64.0078	0x6b2ea020	255	129	58
8	1	1	144	3114	2510	64.6484	0x66ed607b	255	136	56
8	1	1	145	3114	2511	65.4453	0x612c28c6	255	146	48
8	1	1	146	3114	2512	66.25	0x612c18c6	255	142	49
8	1	1	147	3115	2505	63.8438	0x5c3fa53b	255	35	128
8	1	1	148	3115	2506	63.7031	0x498b7d11	255	32	151
8	1	1	149	3115	2507	63.0391	0x5c03bd45	255	58	107
8	1	1	150	3115	2508	63.4688	0x70b1df53	255	109	71
8	1	1	151	3115	2509	64.0312	0x6ef047b0	255	120	63
8	1	1	152	3115	2510	64.6016	0x6cef3ff8	255	126	60
8	1	1	153	3115	2511	65.2656	0x66ed787f	255	136	56
8	1	1	154	3115	2512	66.0312	0x612c38ce	255	147	49
8	1	1	155	3116	2508	63.6953	0x51c81519	255	45	102
8	1	1	156	3116	2509	64.1641	0x46b2cd1b	255	60	80
8	1	1	157	3116	2510	64.6641	0x713167a5	255	110	85
8	1	1	158	3116	2511	65.1953	0x6e6fd80c	255	128	63
8	1	1	159	3116	2512	65.8359	0x67edb87b	255	132	51
8	1	1	160	3117	2509	66.3984	0x440c4cfc	255	42	135
8	1	1	161	3117	2510	64.7812	0x42cef527	255	63	164
8	1	1	162	3117	2511	65.2422	0x49725d36	255	77	72
8	1	1	163	3117	2512	65.7891	0x3e2ced73	255	97	48
8	1	1	164	3118	2508	66.5703	0x62fa8590	255	56	111
8	1	1	165	3118	2509	66.7578	0x7178fe5f	255	77	102
8	1	1	166	3118	2510	67.0234	0x47b6f4e3	255	50	107
8	1	1	167	3118	2511	67.3672	0x48b4bd07	255	41	93
8	1	1	168	3118	2512	67.8125	0x557ee507	255	62	107
8	1	1	169	3119	2509	67.2969	0x6abc6dd7	255	58	115
8	1	1	170	3119	2510	67.4453	0x6e3a061c	255	68	106
8	1	1	171	3119	2511	67.6797	0x70374e6b	255	79	95
8	1	1	172	3119	2512	68.0156	0x767936c2	255	91	105
8	1	1	173	3119	2496	66.1016	0x673a65bd	255	55	109
8	1	1	174	3120	2496	66.7266	0x6bb59e47	255	72	92
8	1	1	175	3119	2497	66.2422	0x647c6d92	255	50	115
8	1	1	176	3120	2497	66.9609	0x68b9cdd7	255	59	106
8	1	1	177	3120	2510	68.1016	0x647d0d8d	255	49	117
8	1	1	178	3120	2511	68.2344	0x66fa45bd	255	56	109
8	1	1	179	3120	2512	68.4688	0x68773df8	255	61	103
8	2	2	0	3109	2496	57.9141	0x76465eb4	255	87	150
8	2	2	1	3110	2496	58.3281	0x71072e5c	255	76	152
8	2	2	2	3109	2497	57.7656	0x7b00a6ef	255	95	127
8	2	2	3	3110	2497	58.125	0x7482c666	255	77	132
8	2	2	4	3111	2496	58.8203	0x6047958d	255	52	151
8	2	2	5	3111	2497	58.6406	0x64c37d95	255	55	136
8	2	2	6	3117	2509	66.3984	0x440c4cfc	255	42	135
8	2	2	7	3116	2510	64.6641	0x713167a5	255	110	85
8	2	2	8	3117	2510	64.7812	0x42cef527	255	63	164
8	2	2	9	3117	2511	65.2422	0x49725d36	255	77	72
8	2	2	10	3118	2510	67.0234	0x47b6f4e3	255	50	107
8	3	3	0	3104	2496	57.2969	0x7977475e	255	101	81
8	3	3	1	3105	2496	57.3203	0x7dba5fd0	255	122	106
8	3	3	2	3105	2497	57.5547	0x7b37581c	255	129	95
8	3	3	3	3104	2497	57.5703	0x79b62fe0	255	125	88
8	3	3	4	3104	2502	59.7188	0x7071f740	255	108	71
8	3	3	5	3104	2503	60.1875	0x6ff366e2	255	96	78
8	3	3	6	3105	2503	60.375	0x70b13795	255	118	67
8	3	3	7	3104	2504	60.5859	0x6eb3ceb6	255	89	79
8	3	3	8	3105	2504	60.875	0x6eb15732	255	106	69
8	3	3	9	3105	2505	61.4141	0x6cf1d6df	255	97	71
8	3	3	10	3104	2505	61.0234	0x69b34668	255	80	79
8	3	3	11	3104	2506	61.4688	0x67f39643	255	74	82
8	3	3	12	3105	2506	61.875	0x6c3266b7	255	90	75
8	3	3	13	3105	2507	62.3672	0x68b25e75	255	83	76
8	3	3	14	3104	2507	61.8828	0x64f46606	255	67	85
8	3	3	15	3104	2508	62.2656	0x6274fdd9	255	61	89
8	3	3	16	3105	2508	62.8359	0x6973de51	255	77	82
8	3	3	17	3105	2509	63.2031	0x66742e1d	255	70	84
8	3	3	18	3104	2509	62.6328	0x6235b5c8	255	58	92
8	3	3	19	3104	2510	62.9609	0x5f76a59c	255	52	96
8	3	3	20	3105	2510	63.6484	0x647495fa	255	65	87
8	3	3	21	3105	2511	63.9844	0x64b635de	255	60	93
8	3	3	22	3104	2511	63.2578	0x5e37b580	255	48	101
8	3	3	23	3104	2512	63.5078	0x5db89570	255	47	101
8	3	3	24	3105	2512	64.3047	0x6276d5b8	255	56	96
8	3	3	25	3106	2504	61	0x6cef67ac	255	121	61
8	3	3	26	3106	2505	61.6172	0x6d700f72	255	113	64
8	3	3	27	3106	2506	62.1562	0x6c708727	255	106	66
8	3	3	28	3106	2507	62.7344	0x6cb136fb	255	100	69
8	3	3	29	3106	2508	63.2109	0x6bb1f6bd	255	91	73
8	3	3	30	3106	2509	63.7266	0x68327669	255	80	76
8	3	3	31	3106	2510	64.1641	0x6ab40662	255	77	82
8	3	3	32	3106	2511	64.5469	0x68f4be31	255	72	86
8	3	3	33	3106	2512	64.9297	0x6574de00	255	66	88
8	3	3	34	3107	2507	62.8984	0x6c2faf63	255	111	63
8	3	3	35	3107	2508	63.5078	0x6aafcf1f	255	104	63
8	3	3	36	3107	2509	64.0859	0x6c7166ea	255	97	69
8	3	3	37	3107	2510	64.5469	0x6cb2aeb3	255	89	76
8	3	3	38	3107	2511	65.0156	0x6a729e8a	255	84	77
8	3	3	39	3107	2512	65.4844	0x6973965a	255	78	81
8	3	3	40	3108	2508	63.6641	0x6baf1f95	255	118	59
8	3	3	41	3108	2509	64.2969	0x6c6faf6a	255	112	62
8	3	3	42	3108	2510	64.8594	0x6d71470d	255	103	68
8	3	3	43	3108	2511	65.3438	0x6d71eeed	255	96	72
8	3	3	44	3108	2512	65.8516	0x6d72bec4	255	91	75
8	3	3	45	3109	2511	65.5781	0x6df0a748	255	110	66
8	3	3	46	3109	2512	66.1406	0x6d711f1c	255	102	68
8	3	3	47	3109	2496	57.9141	0x76465eb4	255	87	150
8	3	3	48	3110	2496	58.3281	0x71072e5c	255	76	152
8	3	3	49	3109	2497	57.7656	0x7b00a6ef	255	95	127
8	3	3	50	3110	2497	58.125	0x7482c666	255	77	132
8	3	3	51	3110	2498	58.1562	0x77fe46a3	255	83	121
8	3	3	52	3110	2512	66.3125	0x6df03776	255	112	64
8	3	3	53	3111	2496	58.8203	0x6047958d	255	52	151
8	3	3	54	3111	2497	58.6406	0x64c37d95	255	55	136
8	3	3	55	3111	2498	58.6016	0x694065bc	255	58	128
8	3	3	56	3111	2499	58.6172	0x6abd65d2	255	59	119
8	3	3	57	3110	2499	58.2344	0x793b56dd	255	93	111
8	3	3	58	3110	2500	58.4531	0x77b70f22	255	103	91
8	3	3	59	3111	2500	58.7656	0x6af93df9	255	68	104
8	3	3	60	3111	2501	59.0547	0x6a35a630	255	78	88
8	3	3	61	3110	2501	58.8203	0x73f3576e	255	114	77
8	3	3	62	3110	2502	59.3203	0x6ff09fc0	255	122	65
8	3	3	63	3111	2502	59.4609	0x6972b678	255	92	76
8	3	3	64	3111	2503	59.9844	0x6e304f76	255	110	77
8	3	3	65	3112	2496	59.9062	0x4e08b507	255	33	149
8	3	3	66	3112	2497	59.6484	0x5505dd1b	255	35	142
8	3	3	67	3112	2498	59.5312	0x5841c51e	255	36	130
8	3	3	68	3112	2499	59.5391	0x59be4528	255	36	123
8	3	3	69	3112	2500	59.6406	0x5a7b1d3e	255	39	114
8	3	3	70	3112	2501	59.8516	0x5b780d63	255	44	103
8	3	3	71	3112	2502	60.1641	0x61faa584	255	59	110
8	3	3	72	3112	2503	60.1953	0x63f7adbc	255	70	112
8	3	3	73	3112	2504	60.7109	0x60b03e47	255	83	78
8	3	3	74	3111	2504	60.5938	0x6aeea7b8	255	121	58
8	3	3	75	3111	2505	61.2812	0x67ed5fe4	255	126	52
8	3	3	76	3112	2505	61.3672	0x6a6ebf7e	255	114	58
8	3	3	77	3113	2496	61.1641	0x4bc8b4f8	255	29	149
8	3	3	78	3113	2497	60.7812	0x4e074cf7	255	29	140
8	3	3	79	3113	2498	60.6875	0x4fc224e4	255	28	132
8	3	3	80	3113	2499	60.6484	0x50ffe4e7	255	28	126
8	3	3	81	3113	2500	60.6953	0x523d2cf4	255	30	120
8	3	3	82	3113	2501	60.8281	0x53ba4d0f	255	32	113
8	3	3	83	3113	2502	61.0625	0x54779d30	255	37	103
8	3	3	84	3113	2503	61.3828	0x50f82d10	255	35	111
8	3	3	85	3113	2504	61.5781	0x5e3d854f	255	41	123
8	3	3	86	3113	2505	61.5391	0x61f81da1	255	65	97
8	3	3	87	3112	2506	62	0x6b2e8fe0	255	124	56
8	3	3	88	3113	2506	62.0938	0x6cefcf76	255	113	63
8	3	3	89	3114	2496	62.3672	0x57465530	255	39	136
8	3	3	90	3114	2497	62.0703	0x4ec584ed	255	28	137
8	3	3	91	3114	2498	62.0156	0x4e8144da	255	27	129
8	3	3	92	3114	2499	61.9922	0x4d4024d1	255	25	127
8	3	3	93	3114	2500	62.0078	0x48fec4b9	255	24	123
8	3	3	94	3114	2501	62.0703	0x4afcacc9	255	24	120
8	3	3	95	3114	2502	62.2188	0x4dba2ce8	255	27	115
8	3	3	96	3114	2503	62.4453	0x50fafcf7	255	30	115
8	3	3	97	3114	2504	62.5391	0x55797d23	255	33	119
8	3	3	98	3114	2505	62.8672	0x528434ff	255	31	132
8	3	3	99	3114	2506	62.2734	0x6380e57f	255	68	101
8	3	3	100	3113	2507	62.7188	0x6bef07b8	255	122	59
8	3	3	101	3114	2507	62.8125	0x6ef0e75f	255	111	67
8	3	3	102	3115	2496	63.1875	0x633f057b	255	47	124
8	3	3	103	3115	2497	63.2422	0x59bf0527	255	37	125
8	3	3	104	3115	2498	63.25	0x553f4505	255	32	125
8	3	3	105	3115	2499	63.2891	0x50bafcf6	255	30	121
8	3	3	106	3115	2500	63.5703	0x4fbbb4eb	255	29	122
8	3	3	107	3115	2501	63.5625	0x514004eb	255	31	126
8	3	3	108	3115	2502	63.5703	0x543ced04	255	32	122
8	3	3	109	3115	2503	63.7578	0x59be4529	255	37	122
8	3	3	110	3115	2504	63.6797	0x57fea51a	255	35	125
8	3	3	111	3115	2505	63.8438	0x5c3fa53b	255	35	128
8	3	3	112	3115	2506	63.7031	0x498b7d11	255	32	151
8	3	3	113	3115	2507	63.0391	0x5c03bd45	255	58	107
8	3	3	114	3114	2508	63.3516	0x6daf9fc4	255	122	60
8	3	3	115	3115	2508	63.4688	0x70b1df53	255	109	71
8	3	3	116	3116	2496	63.9922	0x65bb3da7	255	51	117
8	3	3	117	3116	2497	64.1016	0x63fbd590	255	50	114
8	3	3	118	3116	2498	64.2578	0x62fbb587	255	47	119
8	3	3	119	3116	2499	64.375	0x60bccd6a	255	46	117
8	3	3	120	3116	2500	64.4609	0x637e257f	255	45	120
8	3	3	121	3116	2501	64.4922	0x603fc55d	255	43	126
8	3	3	122	3116	2502	64.4766	0x5ec06553	255	43	126
8	3	3	123	3116	2503	64.4688	0x62bd4d7a	255	47	123
8	3	3	124	3116	2504	64.6484	0x5fbafd6c	255	47	119
8	3	3	125	3116	2505	64.7891	0x6340257d	255	47	127
8	3	3	126	3116	2506	64.6406	0x5c01853c	255	37	133
8	3	3	127	3116	2507	64.6953	0x44ccfd0d	255	30	139
8	3	3	128	3116	2508	63.6953	0x51c81519	255	45	102
8	3	3	129	3115	2509	64.0312	0x6ef047b0	255	120	63
8	3	3	130	3116	2509	64.1641	0x46b2cd1b	255	60	80
8	3	3	131	3116	2510	64.6641	0x713167a5	255	110	85
8	3	3	132	3117	2496	64.6484	0x68bbb5c5	255	56	113
8	3	3	133	3117	2497	64.7891	0x6a3d0dcd	255	57	117
8	3	3	134	3117	2498	64.8359	0x6afccdd9	255	59	118
8	3	3	135	3117	2499	64.9922	0x6bba9df3	255	60	113
8	3	3	136	3117	2500	65.1797	0x67faddc3	255	56	110
8	3	3	137	3117	2501	65.3203	0x65bced9b	255	49	120
8	3	3	138	3117	2502	65.375	0x623ee570	255	45	124
8	3	3	139	3117	2503	65.3906	0x5fffe55b	255	44	124
8	3	3	140	3117	2504	65.3828	0x627ee574	255	46	125
8	3	3	141	3117	2505	65.4609	0x663c2da4	255	48	122
8	3	3	142	3117	2506	65.625	0x627f2572	255	46	126
8	3	3	143	3117	2507	65.5156	0x613f6567	255	38	127
8	3	3	144	3117	2508	65.6641	0x3f73c4e3	255	25	104
8	3	3	145	3117	2509	66.3984	0x440c4cfc	255	42	135
8	3	3	146	3117	2510	64.7812	0x42cef527	255	63	164
8	3	3	147	3117	2511	65.2422	0x49725d36	255	77	72
8	3	3	148	3116	2511	65.1953	0x6e6fd80c	255	128	63
8	3	3	149	3116	2512	65.8359	0x67edb87b	255	132	51
8	3	3	150	3117	2512	65.7891	0x3e2ced73	255	97	48
8	3	3	151	3118	2496	65.3438	0x673d85a7	255	53	116
8	3	3	152	3118	2497	65.4219	0x66fceda8	255	53	117
8	3	3	153	3118	2498	65.5391	0x663d859d	255	53	120
8	3	3	154	3118	2499	65.5781	0x683b95c0	255	56	117
8	3	3	155	3118	2500	65.8203	0x6af995f6	255	61	111
8	3	3	156	3118	2501	65.9922	0x697addd3	255	58	110
8	3	3	157	3118	2502	66.1484	0x65bc2da0	255	51	117
8	3	3	158	3118	2503	66.2344	0x627d8578	255	46	119
8	3	3	159	3118	2504	66.3047	0x60bfa562	255	44	124
8	3	3	160	3118	2505	66.2578	0x60c00564	255	44	127
8	3	3	161	3118	2506	66.3047	0x65fda59b	255	47	123
8	3	3	162	3118	2507	66.4062	0x613bd574	255	46	114
8	3	3	163	3118	2508	66.5703	0x62fa8590	255	56	111
8	3	3	164	3118	2509	66.7578	0x7178fe5f	255	77	102
8	3	3	165	3118	2510	67.0234	0x47b6f4e3	255	50	107
8	3	3	166	3118	2511	67.3672	0x48b4bd07	255	41	93
8	3	3	167	3118	2512	67.8125	0x557ee507	255	62	107
8	3	3	168	3119	2496	66.1016	0x673a65bd	255	55	109
8	3	3	169	3119	2497	66.2422	0x647c6d92	255	50	115
8	3	3	170	3119	2498	66.3281	0x63fe2585	255	48	122
8	3	3	171	3119	2499	66.3594	0x61ff456e	255	50	123
8	3	3	172	3119	2500	66.375	0x68bbd5c3	255	56	119
8	3	3	173	3119	2501	66.625	0x65b88dc4	255	56	106
8	3	3	174	3119	2502	66.8594	0x6739b5c7	255	57	106
8	3	3	175	3119	2503	67.0312	0x65fbf5a2	255	52	115
8	3	3	176	3119	2504	67.1172	0x64fd858f	255	49	119
8	3	3	177	3119	2505	67.1875	0x607fe55e	255	44	125
8	3	3	178	3119	2506	67.125	0x5f802558	255	42	127
8	3	3	179	3119	2507	67.1797	0x62fe8579	255	47	123
8	3	3	180	3119	2508	67.2188	0x683e25b0	255	53	121
8	3	3	181	3119	2509	67.2969	0x6abc6dd7	255	58	115
8	3	3	182	3119	2510	67.4453	0x6e3a061c	255	68	106
8	3	3	183	3119	2511	67.6797	0x70374e6b	255	79	95
8	3	3	184	3119	2512	68.0156	0x767936c2	255	91	105
8	3	3	185	3120	2496	66.7266	0x6bb59e47	255	72	92
8	3	3	186	3120	2497	66.9609	0x68b9cdd7	255	59	106
8	3	3	187	3120	2498	67.125	0x65fb55a9	255	51	113
8	3	3	188	3120	2499	67.2578	0x613f2567	255	44	126
8	3	3	189	3120	2500	67.1797	0x61fe6570	255	46	123
8	3	3	190	3120	2501	67.3594	0x633afd8d	255	49	111
8	3	3	191	3120	2502	67.5	0x69fa85dd	255	57	114
8	3	3	192	3120	2503	67.7109	0x6b3a85ee	255	62	108
8	3	3	193	3120	2504	67.8516	0x66bb55af	255	54	112
8	3	3	194	3120	2505	68.0078	0x62fc4d82	255	48	116
8	3	3	195	3120	2506	68.0859	0x5eff8551	255	42	124
8	3	3	196	3120	2507	68.0391	0x5d818549	255	41	131
8	3	3	197	3120	2508	67.9922	0x5effe553	255	42	126
8	3	3	198	3120	2509	68.0469	0x633e457b	255	47	122
8	3	3	199	3120	2510	68.1016	0x647d0d8d	255	49	117
8	3	3	200	3120	2511	68.2344	0x66fa45bd	255	56	109
8	3	3	201	3120	2512	68.4688	0x68773df8	255	61	103
9	0	3	0	3120	2496	66.7266	0x6bb59e47	255	72	92
9	0	3	1	3121	2496	67.0703	0x6f328ef4	255	97	74
9	0	3	2	3121	2497	67.5391	0x6f75668b	255	82	87
9	0	3	3	3120	2497	66.9609	0x68b9cdd7	255	59	106
9	0	3	4	3120	2498	67.125	0x65fb55a9	255	51	113
9	0	3	5	3121	2498	67.7812	0x69f7e602	255	65	99
9	0	3	6	3121	2499	68.0703	0x6a7bd5d7	255	53	118
9	0	3	7	3120	2499	67.2578	0x613f2567	255	44	126
9	0	3	8	3120	2500	67.1797	0x61fe6570	255	46	123
9	0	3	9	3121	2500	68.0469	0x633e257b	255	47	124
9	0	3	10	3121	2501	68.1875	0x66fea5a3	255	54	124
9	0	3	11	3120	2501	67.3594	0x633afd8d	255	49	111
9	0	3	12	3120	2502	67.5	0x69fa85dd	255	57	114
9	0	3	13	3121	2502	68.1328	0x6c7f05e2	255	59	125
9	0	3	14	3121	2503	68.25	0x6ab995f1	255	61	108
9	0	3	15	3120	2503	67.7109	0x6b3a85ee	255	62	108
9	0	3	16	3120	2504	67.8516	0x66bb55af	255	54	112
9	0	3	17	3121	2504	68.5469	0x68f7c5f5	255	63	98
9	0	3	18	3121	2505	68.7891	0x6679edbb	255	54	108
9	0	3	19	3120	2505	68.0078	0x62fc4d82	255	48	116
9	0	3	20	3120	2506	68.0859	0x5eff8551	255	42	124
9	0	3	21	3121	2506	68.9375	0x63fc2d8c	255	49	115
9	0	3	22	3121	2507	69.0312	0x5dfea54b	255	40	124
9	0	3	23	3120	2507	68.0391	0x5d818549	255	41	131
9	0	3	24	3120	2508	67.9922	0x5effe553	255	42	126
9	0	3	25	3121	2508	69.0234	0x5901c524	255	36	131
9	0	3	26	3121	2509	68.9219	0x5a00652a	255	36	126
9	0	3	27	3120	2509	68.0469	0x633e457b	255	47	122
9	0	3	28	3120	2510	68.1016	0x647d0d8d	255	49	117
9	0	3	29	3121	2510	69	0x5afdc533	255	38	121
9	0	3	30	3121	2511	69.0625	0x5d3cad4b	255	40	119
9	0	3	31	3120	2511	68.2344	0x66fa45bd	255	56	109
9	0	3	32	3120	2512	68.4688	0x68773df8	255	61	103
9	0	3	33	3121	2512	69.2109	0x5fba0d75	255	46	109
9	0	3	34	3122	2496	67.2734	0x6eb276ed	255	97	74
9	0	3	35	3122	2497	67.75	0x6cf1a6ed	255	97	71
9	0	3	36	3122	2498	68.2891	0x6d344e83	255	82	84
9	0	3	37	3122	2499	68.5469	0x6d78162e	255	70	99
9	0	3	38	3122	2500	68.8047	0x683b95be	255	54	116
9	0	3	39	3122	2501	68.8281	0x6580e594	255	50	129
9	0	3	40	3122	2502	68.75	0x65be8594	255	52	127
9	0	3	41	3122	2503	68.9219	0x6a3b35da	255	59	111
9	0	3	42	3122	2504	69.0547	0x6a38adf9	255	62	103
9	0	3	43	3122	2505	69.3984	0x68f70603	255	65	96
9	0	3	44	3122	2506	69.6484	0x65b88dc2	255	55	104
9	0	3	45	3122	2507	69.8828	0x5fb9d577	255	46	108
9	0	3	46	3122	2508	70.0469	0x5b7d2d3a	255	37	122
9	0	3	47	3122	2509	70.0625	0x55ffa509	255	32	126
9	0	3	48	3122	2510	70.0703	0x55bfa508	255	32	123
9	0	3	49	3122	2511	70.0859	0x53bee4fb	255	31	124
9	0	3	50	3122	2512	70.1406	0x55fbb517	255	32	117
9	0	3	51	3123	2496	67.6328	0x69f2568d	255	84	75
9	0	3	52	3123	2497	68.1016	0x68b25e78	255	83	74
9	0	3	53	3123	2498	68.5938	0x6831ee7b	255	84	73
9	0	3	54	3123	2499	69.1016	0x6733fe2d	255	71	86
9	0	3	55	3123	2500	69.4219	0x64b6d5d1	255	59	96
9	0	3	56	3123	2501	69.7109	0x64fc4d98	255	50	123
9	0	3	57	3123	2502	69.6562	0x6282dd7a	255	47	135
9	0	3	58	3123	2503	69.5312	0x697ec5bd	255	53	123
9	0	3	59	3123	2504	69.7344	0x68f975de	255	60	105
9	0	3	60	3123	2505	69.9531	0x67773dea	255	61	97
9	0	3	61	3123	2506	70.3125	0x647515ef	255	63	89
9	0	3	62	3123	2507	70.6953	0x5f7655a1	255	52	97
9	0	3	63	3123	2508	70.9609	0x5df93d6c	255	45	107
9	0	3	64	3123	2509	71.1328	0x5afbf53c	255	37	118
9	0	3	65	3123	2510	71.2188	0x55fc2d14	255	34	117
9	0	3	66	3123	2511	71.375	0x51bdc4ef	255	26	121
9	0	3	67	3123	2512	71.3594	0x44b914bd	255	22	121
9	0	3	68	3124	2496	68.0625	0x69f1fe9a	255	85	73
9	0	3	69	3124	2497	68.5938	0x65b1466d	255	81	71
9	0	3	70	3124	2498	69.125	0x6771f66f	255	81	74
9	0	3	71	3124	2499	69.5938	0x6731de6f	255	81	74
9	0	3	72	3124	2500	70.1328	0x6734f617	255	67	86
9	0	3	73	3124	2501	70.3438	0x68bc0dc2	255	56	117
9	0	3	74	3124	2502	70.3828	0x5c80c540	255	48	129
9	0	3	75	3124	2503	70.2969	0x6040e560	255	44	129
9	0	3	76	3124	2504	70.3281	0x65faa5ae	255	49	116
9	0	3	77	3124	2505	70.6406	0x64f795c7	255	57	99
9	0	3	78	3124	2506	70.8828	0x5eb4edb3	255	57	92
9	0	3	79	3124	2507	71.3984	0x5fb36ddc	255	61	83
9	0	3	80	3124	2508	71.7656	0x62770db5	255	53	98
9	0	3	81	3124	2509	71.9922	0x5ef8cd7a	255	47	104
9	0	3	82	3124	2510	72.2344	0x4a7884e2	255	32	105
9	0	3	83	3124	2511	72.4844	0x3b73e4ce	255	22	101
9	0	3	84	3124	2512	73.1094	0x30f2f4b0	255	16	107
9	0	3	85	3125	2496	68.3906	0x6c30df06	255	101	68
9	0	3	86	3125	2497	68.9766	0x6c310ef8	255	99	68
9	0	3	87	3125	2498	69.4609	0x6d71eeea	255	96	72
9	0	3	88	3125	2499	69.9688	0x69f11ec1	255	89	66
9	0	3	89	3125	2500	70.5312	0x5ff0fe22	255	73	71
9	0	3	90	3125	2501	71.0703	0x5432058d	255	52	94
9	0	3	91	3125	2502	71.5547	0x567ccd14	255	34	123
9	0	3	92	3125	2503	71.2734	0x5185f503	255	32	133
9	0	3	93	3125	2504	71.1719	0x553f6505	255	32	126
9	0	3	94	3125	2505	71.3125	0x5977155f	255	39	110
9	0	3	95	3125	2506	71.7656	0x58b5c56c	255	45	96
9	0	3	96	3125	2507	72.0078	0x60b6a5a8	255	50	93
9	0	3	97	3125	2508	72.3906	0x5934ad83	255	50	90
9	0	3	98	3125	2509	72.7891	0x3deef53a	255	40	82
9	0	3	99	3125	2510	73.8281	0x28adccf8	255	24	78
9	0	3	100	3125	2511	74.5312	0x27ef74d1	255	17	92
9	0	3	101	3125	2512	75.2734	0x267014c0	255	15	93
9	0	3	102	3126	2496	68.5703	0x6f70b789	255	117	66
9	0	3	103	3126	2497	69.1328	0x6eb05f91	255	116	65
9	0	3	104	3126	2498	69.6953	0x69b07ed9	255	101	63
9	0	3	105	3126	2499	70.2578	0x566d5632	255	82	56
9	0	3	106	3126	2500	71.2266	0x4aac55e1	255	69	57
9	0	3	107	3126	2501	72	0x4e6f759e	255	56	70
9	0	3	108	3126	2502	72.5391	0x5bb6f574	255	36	107
9	0	3	109	3126	2503	72.6016	0x4e3f84d6	255	26	126
9	0	3	110	3126	2504	72.5703	0x498284bf	255	25	130
9	0	3	111	3126	2505	72.4453	0x4f3ee4de	255	27	126
9	0	3	112	3126	2506	72.6406	0x54b94520	255	31	109
9	0	3	113	3126	2507	72.8828	0x4974bd0c	255	32	98
9	0	3	114	3126	2508	73.4297	0x38af1d1b	255	32	83
9	0	3	115	3126	2509	74.3203	0x256b5d2e	255	37	59
9	0	3	116	3126	2510	75.8359	0x222bcd18	255	28	67
9	0	3	117	3126	2511	76.6484	0x22edcce7	255	19	82
9	0	3	118	3126	2512	77.6172	0x27ef4cd4	255	17	91
9	0	3	119	3127	2497	69.1953	0x63ad7f0e	255	114	59
9	0	3	120	3127	2498	70.0703	0x54ab168b	255	91	44
9	0	3	121	3127	2499	71.0312	0x48abd5e5	255	74	47
9	0	3	122	3127	2500	71.9062	0x456d1d9d	255	58	58
9	0	3	123	3127	2501	72.6953	0x506f0dba	255	54	66
9	0	3	124	3127	2502	73.2578	0x4430ed31	255	39	80
9	0	3	125	3127	2503	73.8672	0x447564e5	255	26	117
9	0	3	126	3127	2504	73.9922	0x4b8064c6	255	24	127
9	0	3	127	3127	2505	73.8438	0x4cc1a4cf	255	26	129
9	0	3	128	3127	2506	73.8906	0x4b778cf2	255	28	114
9	0	3	129	3127	2507	74.4062	0x39f12cf6	255	27	89
9	0	3	130	3127	2508	75.0547	0x312efcfc	255	27	80
9	0	3	131	3127	2509	75.8906	0x1f2be50d	255	29	67
9	0	3	132	3127	2510	77.3984	0x21ea4d44	255	45	47
9	0	3	133	3127	2511	78.7812	0x28ecb515	255	31	70
9	0	3	134	3127	2512	79.3828	0x326f84f5	255	26	83
9	0	3	135	3128	2497	69.625	0x54eac6a3	255	94	43
9	0	3	136	3128	2498	70.5078	0x3e6b7da2	255	75	45
9	0	3	137	3128	2499	71.625	0x3e6965f6	255	77	37
9	0	3	138	3128	2500	72.9219	0x3f2c2591	255	59	52
9	0	3	139	3128	2501	73.5	0x392c5568	255	49	60
9	0	3	140	3128	2502	74.8203	0x34ece541	255	39	71
9	0	3	141	3128	2503	75.3281	0x4d789cf4	255	29	120
9	0	3	142	3128	2504	75.3047	0x50439cec	255	27	128
9	0	3	143	3128	2505	75.1016	0x48029cb7	255	22	130
9	0	3	144	3128	2506	75.1406	0x3e75fcbe	255	22	112
9	0	3	145	3128	2507	75.7891	0x30af44f4	255	25	82
9	0	3	146	3128	2508	76.5859	0x23eb452d	255	30	70
9	0	3	147	3128	2509	78.2578	0x23ac1d13	255	27	72
9	0	3	148	3128	2510	78.7891	0x326dfd1a	255	34	68
9	0	3	149	3128	2511	79.9062	0x362bfd62	255	49	56
9	0	3	150	3128	2512	80.7891	0x4830455a	255	46	79
9	0	3	151	3128	2496	68.6328	0x62ec6f57	255	117	59
9	0	3	152	3129	2496	68.9609	0x55ac8e4d	255	84	52
9	0	3	153	3129	2497	69.9453	0x3328cdc4	255	78	36
9	0	3	154	3129	2498	71.7891	0x30aa8576	255	53	50
9	0	3	155	3129	2499	72.3672	0x366c5d59	255	52	53
9	0	3	156	3129	2500	73.7109	0x2faa8d70	255	56	45
9	0	3	157	3129	2501	74.8047	0x33ac1d51	255	47	60
9	0	3	158	3129	2502	75.7109	0x45ee2582	255	52	65
9	0	3	159	3129	2503	76.3203	0x56b57d5f	255	40	108
9	0	3	160	3129	2504	76.4297	0x5679652b	255	36	111
9	0	3	161	3129	2505	76.75	0x4776bce5	255	24	112
9	0	3	162	3129	2506	77.0547	0x3a3364cf	255	22	99
9	0	3	163	3129	2507	77.6719	0x37b114ec	255	27	87
9	0	3	164	3129	2508	78.2344	0x31ad5d26	255	35	71
9	0	3	165	3129	2509	79.4375	0x3bab9d8e	255	53	59
9	0	3	166	3129	2510	80.2422	0x44ee057e	255	59	61
9	0	3	167	3129	2511	80.9766	0x5530d5b4	255	64	66
9	0	3	168	3129	2512	81.3828	0x60723e05	255	67	78
9	0	3	169	3130	2496	69.6172	0x35690dc7	255	71	40
9	0	3	170	3130	2497	71.2422	0x24a9bd5f	255	54	40
9	0	3	171	3130	2498	72.6328	0x2b2a3d68	255	50	48
9	0	3	172	3130	2499	73.875	0x276b0540	255	43	53
9	0	3	173	3130	2500	75.1094	0x35ac155d	255	47	58
9	0	3	174	3130	2501	75.8594	0x422e2d69	255	48	66
9	0	3	175	3130	2502	76.6406	0x4e6f9599	255	55	76
9	0	3	176	3130	2503	77.1562	0x643565e6	255	63	93
9	0	3	177	3130	2504	77.3594	0x5fb6f59a	255	53	99
9	0	3	178	3130	2505	77.7578	0x54f29d87	255	51	83
9	0	3	179	3130	2506	78.3281	0x52316d89	255	54	82
9	0	3	180	3130	2507	78.8438	0x54b21d8f	255	55	79
9	0	3	181	3130	2508	79.3438	0x4f6fd59b	255	64	67
9	0	3	182	3130	2509	80.1094	0x5d6f1e43	255	80	63
9	0	3	183	3130	2510	80.6406	0x63eee6b5	255	94	60
9	0	3	184	3130	2511	81.4062	0x666e7f07	255	108	58
9	0	3	185	3130	2512	81.9688	0x6e72eed1	255	106	72
9	0	3	186	3131	2496	70.5469	0x24a9b560	255	55	40
9	0	3	187	3131	2497	72.4922	0x2128dd72	255	58	35
9	0	3	188	3131	2498	74.1172	0x27aa5d55	255	49	46
9	0	3	189	3131	2499	75.1797	0x396cb55e	255	50	58
9	0	3	190	3131	2500	75.9453	0x482d55ab	255	59	59
9	0	3	191	3131	2501	76.7969	0x53ee65ef	255	70	66
9	0	3	192	3131	2502	77.3594	0x66747617	255	70	89
9	0	3	193	3131	2503	77.5859	0x6f36c666	255	74	93
9	0	3	194	3131	2504	77.9688	0x67f3c63d	255	75	82
9	0	3	195	3131	2505	78.4297	0x6b749e5e	255	83	85
9	0	3	196	3131	2506	78.7422	0x6d731eb3	255	89	79
9	0	3	197	3131	2507	79.3203	0x69b07edc	255	99	70
9	0	3	198	3131	2508	79.8672	0x69b096d5	255	103	66
9	0	3	199	3131	2509	80.4375	0x6eb0ff4c	255	113	67
9	0	3	200	3131	2510	80.9375	0x6f713f57	255	115	68
9	0	3	201	3131	2511	81.4844	0x70b0efd4	255	123	66
9	0	3	202	3132	2496	72.1484	0x1ee9ad4f	255	53	39
9	0	3	203	3132	2497	73.6562	0x23a9b55d	255	54	40
9	0	3	204	3132	2498	75.2188	0x34aa5591	255	58	49
9	0	3	205	3132	2499	76.0469	0x4e2dedc9	255	64	61
9	0	3	206	3132	2500	76.7188	0x5e71060e	255	74	70
9	0	3	207	3132	2501	77.1484	0x68719691	255	85	72
9	0	3	208	3132	2502	77.75	0x707316fb	255	96	85
9	0	3	209	3132	2503	78.0391	0x74b6bed7	255	96	91
9	0	3	210	3132	2504	78.3594	0x75f68705	255	104	89
9	0	3	211	3132	2505	78.6641	0x77b5f75b	255	109	87
9	0	3	212	3132	2506	79.0234	0x7634677d	255	121	87
9	0	3	213	3132	2507	79.4453	0x73f27010	255	128	73
9	0	3	214	3132	2508	79.9609	0x71f17020	255	129	68
9	0	3	215	3133	2496	73.4453	0x25694573	255	60	35
9	0	3	216	3133	2497	75.0781	0x3269d598	255	70	40
9	0	3	217	3133	2498	76.0156	0x54ad3624	255	80	55
9	0	3	218	3133	2499	76.6328	0x63f11656	255	83	68
9	0	3	219	3133	2500	77.1016	0x6cf27ec1	255	91	75
9	0	3	220	3133	2501	77.5781	0x71b45ee2	255	104	85
9	0	3	221	3133	2502	77.8906	0x79b6979d	255	116	90
9	0	3	222	3133	2503	78.1953	0x79f70f95	255	118	93
9	0	3	223	3134	2496	74.4766	0x31e9d594	255	70	37
9	0	3	224	3134	2497	75.5312	0x512b3654	255	84	46
9	0	3	225	3134	2498	76.3281	0x61ed7ee1	255	98	58
9	0	3	226	3134	2499	76.9844	0x6e312f2e	255	110	69
9	0	3	227	3134	2500	77.3828	0x75f4cf53	255	115	83
9	0	3	228	3135	2496	75.3516	0x44ea060f	255	82	41
9	0	3	229	3135	2497	76.0469	0x656f3ec2	255	95	60
9	0	3	230	3135	2498	76.6094	0x6eb1b714	255	101	71
9	0	3	231	3135	2499	77.0547	0x7533b791	255	114	78
9	0	3	232	3136	2496	75.6953	0x672e3f32	255	106	57
9	0	3	233	3136	2497	76.1953	0x6e308f5f	255	109	66
9	0	3	234	3136	2498	76.8047	0x71f1a7c4	255	122	75
9	1	0	0	3120	2496	66.7266	0x6bb59e47	255	72	92
9	1	0	1	3121	2496	67.0703	0x6f328ef4	255	97	74
9	1	0	2	3121	2497	67.5391	0x6f75668b	255	82	87
9	1	0	3	3120	2497	66.9609	0x68b9cdd7	255	59	106
9	1	0	4	3120	2498	67.125	0x65fb55a9	255	51	113
9	1	0	5	3121	2498	67.7812	0x69f7e602	255	65	99
9	1	0	6	3121	2499	68.0703	0x6a7bd5d7	255	53	118
9	1	0	7	3120	2499	67.2578	0x613f2567	255	44	126
9	1	0	8	3120	2500	67.1797	0x61fe6570	255	46	123
9	1	0	9	3121	2500	68.0469	0x633e257b	255	47	124
9	1	0	10	3121	2501	68.1875	0x66fea5a3	255	54	124
9	1	0	11	3120	2501	67.3594	0x633afd8d	255	49	111
9	1	0	12	3120	2502	67.5	0x69fa85dd	255	57	114
9	1	0	13	3121	2502	68.1328	0x6c7f05e2	255	59	125
9	1	0	14	3121	2503	68.25	0x6ab995f1	255	61	108
9	1	0	15	3120	2503	67.7109	0x6b3a85ee	255	62	108
9	1	0	16	3120	2504	67.8516	0x66bb55af	255	54	112
9	1	0	17	3121	2504	68.5469	0x68f7c5f5	255	63	98
9	1	0	18	3121	2505	68.7891	0x6679edbb	255	54	108
9	1	0	19	3120	2505	68.0078	0x62fc4d82	255	48	116
9	1	0	20	3120	2506	68.0859	0x5eff8551	255	42	124
9	1	0	21	3121	2506	68.9375	0x63fc2d8c	255	49	115
9	1	0	22	3121	2507	69.0312	0x5dfea54b	255	40	124
9	1	0	23	3120	2507	68.0391	0x5d818549	255	41	131
9	1	0	24	3120	2508	67.9922	0x5effe553	255	42	126
9	1	0	25	3121	2508	69.0234	0x5901c524	255	36	131
9	1	0	26	3121	2509	68.9219	0x5a00652a	255	36	126
9	1	0	27	3120	2509	68.0469	0x633e457b	255	47	122
9	1	0	28	3120	2510	68.1016	0x647d0d8d	255	49	117
9	1	0	29	3121	2510	69	0x5afdc533	255	38	121
9	1	0	30	3121	2511	69.0625	0x5d3cad4b	255	40	119
9	1	0	31	3120	2511	68.2344	0x66fa45bd	255	56	109
9	1	0	32	3120	2512	68.4688	0x68773df8	255	61	103
9	1	0	33	3121	2512	69.2109	0x5fba0d75	255	46	109
9	1	0	34	3122	2496	67.2734	0x6eb276ed	255	97	74
9	1	0	35	3122	2497	67.75	0x6cf1a6ed	255	97	71
9	1	0	36	3122	2498	68.2891	0x6d344e83	255	82	84
9	1	0	37	3122	2499	68.5469	0x6d78162e	255	70	99
9	1	0	38	3122	2500	68.8047	0x683b95be	255	54	116
9	1	0	39	3122	2501	68.8281	0x6580e594	255	50	129
9	1	0	40	3122	2502	68.75	0x65be8594	255	52	127
9	1	0	41	3122	2503	68.9219	0x6a3b35da	255	59	111
9	1	0	42	3122	2504	69.0547	0x6a38adf9	255	62	103
9	1	0	43	3122	2505	69.3984	0x68f70603	255	65	96
9	1	0	44	3122	2506	69.6484	0x65b88dc2	255	55	104
9	1	0	45	3122	2507	69.8828	0x5fb9d577	255	46	108
9	1	0	46	3122	2508	70.0469	0x5b7d2d3a	255	37	122
9	1	0	47	3122	2510	70.0703	0x55bfa508	255	32	123
9	1	0	48	3122	2511	70.0859	0x53bee4fb	255	31	124
9	1	0	49	3122	2512	70.1406	0x55fbb517	255	32	117
9	1	0	50	3123	2496	67.6328	0x69f2568d	255	84	75
9	1	0	51	3123	2497	68.1016	0x68b25e78	255	83	74
9	1	0	52	3123	2498	68.5938	0x6831ee7b	255	84	73
9	1	0	53	3123	2499	69.1016	0x6733fe2d	255	71	86
9	1	0	54	3123	2500	69.4219	0x64b6d5d1	255	59	96
9	1	0	55	3123	2501	69.7109	0x64fc4d98	255	50	123
9	1	0	56	3123	2502	69.6562	0x6282dd7a	255	47	135
9	1	0	57	3123	2503	69.5312	0x697ec5bd	255	53	123
9	1	0	58	3123	2504	69.7344	0x68f975de	255	60	105
9	1	0	59	3123	2505	69.9531	0x67773dea	255	61	97
9	1	0	60	3123	2506	70.3125	0x647515ef	255	63	89
9	1	0	61	3123	2507	70.6953	0x5f7655a1	255	52	97
9	1	0	62	3123	2508	70.9609	0x5df93d6c	255	45	107
9	1	0	63	3123	2509	71.1328	0x5afbf53c	255	37	118
9	1	0	64	3124	2496	68.0625	0x69f1fe9a	255	85	73
9	1	0	65	3124	2497	68.5938	0x65b1466d	255	81	71
9	1	0	66	3124	2498	69.125	0x6771f66f	255	81	74
9	1	0	67	3124	2499	69.5938	0x6731de6f	255	81	74
9	1	0	68	3124	2500	70.1328	0x6734f617	255	67	86
9	1	0	69	3124	2501	70.3438	0x68bc0dc2	255	56	117
9	1	0	70	3124	2502	70.3828	0x5c80c540	255	48	129
9	1	0	71	3124	2503	70.2969	0x6040e560	255	44	129
9	1	0	72	3124	2504	70.3281	0x65faa5ae	255	49	116
9	1	0	73	3124	2505	70.6406	0x64f795c7	255	57	99
9	1	0	74	3124	2506	70.8828	0x5eb4edb3	255	57	92
9	1	0	75	3124	2507	71.3984	0x5fb36ddc	255	61	83
9	1	0	76	3124	2508	71.7656	0x62770db5	255	53	98
9	1	0	77	3124	2509	71.9922	0x5ef8cd7a	255	47	104
9	1	0	78	3124	2510	72.2344	0x4a7884e2	255	32	105
9	1	0	79	3125	2496	68.3906	0x6c30df06	255	101	68
9	1	0	80	3125	2497	68.9766	0x6c310ef8	255	99	68
9	1	0	81	3125	2498	69.4609	0x6d71eeea	255	96	72
9	1	0	82	3125	2499	69.9688	0x69f11ec1	255	89	66
9	1	0	83	3125	2500	70.5312	0x5ff0fe22	255	73	71
9	1	0	84	3125	2501	71.0703	0x5432058d	255	52	94
9	1	0	85	3125	2502	71.5547	0x567ccd14	255	34	123
9	1	0	86	3125	2503	71.2734	0x5185f503	255	32	133
9	1	0	87	3125	2504	71.1719	0x553f6505	255	32	126
9	1	0	88	3125	2505	71.3125	0x5977155f	255	39	110
9	1	0	89	3125	2506	71.7656	0x58b5c56c	255	45	96
9	1	0	90	3125	2507	72.0078	0x60b6a5a8	255	50	93
9	1	0	91	3125	2508	72.3906	0x5934ad83	255	50	90
9	1	0	92	3125	2509	72.7891	0x3deef53a	255	40	82
9	1	0	93	3126	2496	68.5703	0x6f70b789	255	117	66
9	1	0	94	3126	2497	69.1328	0x6eb05f91	255	116	65
9	1	0	95	3126	2498	69.6953	0x69b07ed9	255	101	63
9	1	0	96	3126	2499	70.2578	0x566d5632	255	82	56
9	1	0	97	3126	2500	71.2266	0x4aac55e1	255	69	57
9	1	0	98	3126	2501	72	0x4e6f759e	255	56	70
9	1	0	99	3126	2502	72.5391	0x5bb6f574	255	36	107
9	1	0	100	3126	2504	72.5703	0x498284bf	255	25	130
9	1	0	101	3126	2505	72.4453	0x4f3ee4de	255	27	126
9	1	0	102	3126	2506	72.6406	0x54b94520	255	31	109
9	1	0	103	3126	2507	72.8828	0x4974bd0c	255	32	98
9	1	0	104	3126	2508	73.4297	0x38af1d1b	255	32	83
9	1	0	105	3127	2496	68.625	0x6f302fe0	255	124	64
9	1	0	106	3127	2497	69.1953	0x63ad7f0e	255	114	59
9	1	0	107	3127	2498	70.0703	0x54ab168b	255	91	44
9	1	0	108	3127	2499	71.0312	0x48abd5e5	255	74	47
9	1	0	109	3128	2496	68.6328	0x62ec6f57	255	117	59
9	1	0	110	3128	2497	69.625	0x54eac6a3	255	94	43
9	1	0	111	3128	2498	70.5078	0x3e6b7da2	255	75	45
9	1	0	112	3129	2496	68.9609	0x55ac8e4d	255	84	52
9	1	0	113	3129	2497	69.9453	0x3328cdc4	255	78	36
9	1	0	114	3128	2502	74.8203	0x34ece541	255	39	71
9	1	0	115	3129	2502	75.7109	0x45ee2582	255	52	65
9	1	0	116	3129	2503	76.3203	0x56b57d5f	255	40	108
9	1	0	117	3128	2503	75.3281	0x4d789cf4	255	29	120
9	1	0	118	3128	2504	75.3047	0x50439cec	255	27	128
9	1	0	119	3129	2504	76.4297	0x5679652b	255	36	111
9	1	0	120	3128	2510	78.7891	0x326dfd1a	255	34	68
9	1	0	121	3129	2510	80.2422	0x44ee057e	255	59	61
9	1	0	122	3129	2511	80.9766	0x5530d5b4	255	64	66
9	1	0	123	3128	2511	79.9062	0x362bfd62	255	49	56
9	1	0	124	3128	2512	80.7891	0x4830455a	255	46	79
9	1	0	125	3129	2512	81.3828	0x60723e05	255	67	78
9	1	0	126	3130	2496	69.6172	0x35690dc7	255	71	40
9	1	0	127	3129	2501	74.8047	0x33ac1d51	255	47	60
9	1	0	128	3130	2501	75.8594	0x422e2d69	255	48	66
9	1	0	129	3130	2502	76.6406	0x4e6f9599	255	55	76
9	1	0	130	3130	2503	77.1562	0x643565e6	255	63	93
9	1	0	131	3130	2504	77.3594	0x5fb6f59a	255	53	99
9	1	0	132	3129	2505	76.75	0x4776bce5	255	24	112
9	1	0	133	3130	2505	77.7578	0x54f29d87	255	51	83
9	1	0	134	3130	2506	78.3281	0x52316d89	255	54	82
9	1	0	135	3129	2506	77.0547	0x3a3364cf	255	22	99
9	1	0	136	3129	2507	77.6719	0x37b114ec	255	27	87
9	1	0	137	3130	2507	78.8438	0x54b21d8f	255	55	79
9	1	0	138	3130	2508	79.3438	0x4f6fd59b	255	64	67
9	1	0	139	3129	2508	78.2344	0x31ad5d26	255	35	71
9	1	0	140	3129	2509	79.4375	0x3bab9d8e	255	53	59
9	1	0	141	3130	2509	80.1094	0x5d6f1e43	255	80	63
9	1	0	142	3130	2510	80.6406	0x63eee6b5	255	94	60
9	1	0	143	3130	2511	81.4062	0x666e7f07	255	108	58
9	1	0	144	3130	2512	81.9688	0x6e72eed1	255	106	72
9	1	0	145	3130	2500	75.1094	0x35ac155d	255	47	58
9	1	0	146	3131	2500	75.9453	0x482d55ab	255	59	59
9	1	0	147	3131	2501	76.7969	0x53ee65ef	255	70	66
9	1	0	148	3131	2502	77.3594	0x66747617	255	70	89
9	1	0	149	3131	2503	77.5859	0x6f36c666	255	74	93
9	1	0	150	3131	2504	77.9688	0x67f3c63d	255	75	82
9	1	0	151	3131	2505	78.4297	0x6b749e5e	255	83	85
9	1	0	152	3131	2506	78.7422	0x6d731eb3	255	89	79
9	1	0	153	3131	2507	79.3203	0x69b07edc	255	99	70
9	1	0	154	3131	2508	79.8672	0x69b096d5	255	103	66
9	1	0	155	3131	2509	80.4375	0x6eb0ff4c	255	113	67
9	1	0	156	3131	2510	80.9375	0x6f713f57	255	115	68
9	1	0	157	3131	2511	81.4844	0x70b0efd4	255	123	66
9	1	0	158	3131	2512	82.0078	0x717147f0	255	126	68
9	1	0	159	3131	2499	75.1797	0x396cb55e	255	50	58
9	1	0	160	3132	2499	76.0469	0x4e2dedc9	255	64	61
9	1	0	161	3132	2500	76.7188	0x5e71060e	255	74	70
9	1	0	162	3132	2501	77.1484	0x68719691	255	85	72
9	1	0	163	3132	2502	77.75	0x707316fb	255	96	85
9	1	0	164	3132	2503	78.0391	0x74b6bed7	255	96	91
9	1	0	165	3132	2504	78.3594	0x75f68705	255	104	89
9	1	0	166	3132	2505	78.6641	0x77b5f75b	255	109	87
9	1	0	167	3132	2506	79.0234	0x7634677d	255	121	87
9	1	0	168	3132	2507	79.4453	0x73f27010	255	128	73
9	1	0	169	3132	2508	79.9609	0x71f17020	255	129	68
9	1	0	170	3132	2509	80.4688	0x71f18840	255	131	69
9	1	0	171	3132	2510	80.9766	0x71b1703c	255	131	69
9	1	0	172	3132	2511	81.4922	0x7171704c	255	131	69
9	1	0	173	3132	2512	82	0x71717054	255	132	69
9	1	0	174	3133	2497	75.0781	0x3269d598	255	70	40
9	1	0	175	3132	2498	75.2188	0x34aa5591	255	58	49
9	1	0	176	3133	2498	76.0156	0x54ad3624	255	80	55
9	1	0	177	3133	2499	76.6328	0x63f11656	255	83	68
9	1	0	178	3133	2500	77.1016	0x6cf27ec1	255	91	75
9	1	0	179	3133	2501	77.5781	0x71b45ee2	255	104	85
9	1	0	180	3133	2502	77.8906	0x79b6979d	255	116	90
9	1	0	181	3133	2503	78.1953	0x79f70f95	255	118	93
9	1	0	182	3133	2504	78.4766	0x7af75fcc	255	124	92
9	1	0	183	3133	2505	78.7578	0x7bb7eff8	255	129	95
9	1	0	184	3133	2506	79	0x7b37c850	255	134	94
9	1	0	185	3133	2507	79.2891	0x7534189e	255	141	82
9	1	0	186	3133	2508	79.8047	0x703178a1	255	145	70
9	1	0	187	3133	2509	80.3125	0x7071909e	255	145	70
9	1	0	188	3133	2510	80.8203	0x7031789e	255	145	69
9	1	0	189	3133	2511	81.3359	0x6db188fe	255	151	72
9	1	0	190	3133	2512	81.8438	0x6d71a105	255	154	71
9	1	0	191	3134	2497	75.5312	0x512b3654	255	84	46
9	1	0	192	3134	2498	76.3281	0x61ed7ee1	255	98	58
9	1	0	193	3134	2499	76.9844	0x6e312f2e	255	110	69
9	1	0	194	3134	2500	77.3828	0x75f4cf53	255	115	83
9	1	0	195	3134	2501	77.7344	0x7af75fb8	255	123	94
9	1	0	196	3134	2502	77.9453	0x7bb80fd0	255	123	97
9	1	0	197	3134	2503	78.25	0x7bf80820	255	129	96
9	1	0	198	3134	2504	78.4609	0x7c794867	255	136	99
9	1	0	199	3134	2505	78.6797	0x7bf9a09a	255	143	102
9	1	0	200	3134	2506	78.8672	0x7ab8f0b5	255	148	100
9	1	0	201	3134	2507	79.1328	0x737480f4	255	154	84
9	1	0	202	3134	2508	79.6406	0x6df188f3	255	153	71
9	1	0	203	3134	2509	80.1562	0x6d31890c	255	154	70
9	1	0	204	3134	2510	80.6641	0x6db3f967	255	164	79
9	1	0	205	3134	2511	80.9766	0x6bb43193	255	174	84
9	1	0	206	3134	2512	81.4688	0x653239be	255	175	75
9	1	0	207	3134	2496	74.4766	0x31e9d594	255	70	37
9	1	0	208	3135	2496	75.3516	0x44ea060f	255	82	41
9	1	0	209	3135	2497	76.0469	0x656f3ec2	255	95	60
9	1	0	210	3135	2498	76.6094	0x6eb1b714	255	101	71
9	1	0	211	3135	2499	77.0547	0x7533b791	255	114	78
9	1	0	212	3135	2500	77.4453	0x7935f7c4	255	120	88
9	1	0	213	3135	2501	77.7188	0x7b77b020	255	129	98
9	1	0	214	3135	2502	77.9844	0x7cf9884c	255	131	102
9	1	0	215	3135	2503	78.1328	0x7d3b7096	255	142	107
9	1	0	216	3135	2504	78.2734	0x7bbaf0cf	255	152	107
9	1	0	217	3135	2505	78.4531	0x79fa38f8	255	159	111
9	1	0	218	3135	2506	78.6406	0x767a9959	255	167	107
9	1	0	219	3135	2507	78.7969	0x70b5e168	255	171	95
9	1	0	220	3135	2508	79.3125	0x64b251c6	255	177	76
9	1	0	221	3135	2509	79.7656	0x6234fa29	255	193	88
9	1	0	222	3135	2510	80.0625	0x5e359a60	255	201	93
9	1	0	223	3135	2511	80.4688	0x5a749271	255	201	90
9	1	0	224	3135	2512	80.8516	0x56f1fa5b	255	199	80
9	1	0	225	3136	2496	75.6953	0x672e3f32	255	106	57
9	1	0	226	3136	2497	76.1953	0x6e308f5f	255	109	66
9	1	0	227	3136	2498	76.8047	0x71f1a7c4	255	122	75
9	1	0	228	3136	2499	77.2031	0x78f587e8	255	126	86
9	1	0	229	3136	2500	77.5	0x7c38b848	255	134	98
9	1	0	230	3136	2501	77.6719	0x7d3b509a	255	141	109
9	1	0	231	3136	2502	77.7969	0x7b3b90e9	255	151	110
9	1	0	232	3136	2503	77.9531	0x7a7c090a	255	158	112
9	1	0	233	3136	2504	78.0469	0x78bc6942	255	166	115
9	1	0	234	3136	2505	78.1797	0x77be6164	255	170	124
9	1	0	235	3136	2506	78.1484	0x71bce9cc	255	177	120
9	1	0	236	3136	2507	78.375	0x7138a19e	255	178	100
9	1	0	237	3136	2508	78.625	0x64b8e24e	255	201	112
9	1	0	238	3136	2509	78.8359	0x54782ad7	255	218	105
9	1	0	239	3136	2510	79.1406	0x5237f2e5	255	220	103
9	1	0	240	3136	2511	79.3672	0x4bf4cae5	255	220	98
9	1	0	241	3136	2512	79.9219	0x4831d2c9	255	217	86
9	2	1	0	3120	2496	66.7266	0x6bb59e47	255	72	92
9	2	1	1	3121	2496	67.0703	0x6f328ef4	255	97	74
9	2	1	2	3121	2497	67.5391	0x6f75668b	255	82	87
9	2	1	3	3120	2497	66.9609	0x68b9cdd7	255	59	106
9	2	1	4	3120	2498	67.125	0x65fb55a9	255	51	113
9	2	1	5	3121	2498	67.7812	0x69f7e602	255	65	99
9	2	1	6	3121	2499	68.0703	0x6a7bd5d7	255	53	118
9	2	1	7	3121	2503	68.25	0x6ab995f1	255	61	108
9	2	1	8	3120	2504	67.8516	0x66bb55af	255	54	112
9	2	1	9	3121	2504	68.5469	0x68f7c5f5	255	63	98
9	2	1	10	3121	2505	68.7891	0x6679edbb	255	54	108
9	2	1	11	3122	2496	67.2734	0x6eb276ed	255	97	74
9	2	1	12	3122	2497	67.75	0x6cf1a6ed	255	97	71
9	2	1	13	3122	2498	68.2891	0x6d344e83	255	82	84
9	2	1	14	3122	2499	68.5469	0x6d78162e	255	70	99
9	2	1	15	3122	2500	68.8047	0x683b95be	255	54	116
9	2	1	16	3122	2504	69.0547	0x6a38adf9	255	62	103
9	2	1	17	3122	2505	69.3984	0x68f70603	255	65	96
9	2	1	18	3122	2506	69.6484	0x65b88dc2	255	55	104
9	2	1	19	3123	2496	67.6328	0x69f2568d	255	84	75
9	2	1	20	3123	2497	68.1016	0x68b25e78	255	83	74
9	2	1	21	3123	2498	68.5938	0x6831ee7b	255	84	73
9	2	1	22	3123	2499	69.1016	0x6733fe2d	255	71	86
9	2	1	23	3123	2500	69.4219	0x64b6d5d1	255	59	96
9	2	1	24	3123	2501	69.7109	0x64fc4d98	255	50	123
9	2	1	25	3123	2504	69.7344	0x68f975de	255	60	105
9	2	1	26	3123	2505	69.9531	0x67773dea	255	61	97
9	2	1	27	3123	2506	70.3125	0x647515ef	255	63	89
9	2	1	28	3123	2507	70.6953	0x5f7655a1	255	52	97
9	2	1	29	3124	2496	68.0625	0x69f1fe9a	255	85	73
9	2	1	30	3124	2497	68.5938	0x65b1466d	255	81	71
9	2	1	31	3124	2498	69.125	0x6771f66f	255	81	74
9	2	1	32	3124	2499	69.5938	0x6731de6f	255	81	74
9	2	1	33	3124	2500	70.1328	0x6734f617	255	67	86
9	2	1	34	3124	2501	70.3438	0x68bc0dc2	255	56	117
9	2	1	35	3124	2504	70.3281	0x65faa5ae	255	49	116
9	2	1	36	3124	2505	70.6406	0x64f795c7	255	57	99
9	2	1	37	3124	2506	70.8828	0x5eb4edb3	255	57	92
9	2	1	38	3124	2507	71.3984	0x5fb36ddc	255	61	83
9	2	1	39	3124	2508	71.7656	0x62770db5	255	53	98
9	2	1	40	3125	2496	68.3906	0x6c30df06	255	101	68
9	2	1	41	3125	2497	68.9766	0x6c310ef8	255	99	68
9	2	1	42	3125	2498	69.4609	0x6d71eeea	255	96	72
9	2	1	43	3125	2499	69.9688	0x69f11ec1	255	89	66
9	2	1	44	3125	2500	70.5312	0x5ff0fe22	255	73	71
9	2	1	45	3125	2501	71.0703	0x5432058d	255	52	94
9	2	1	46	3124	2502	70.3828	0x5c80c540	255	48	129
9	2	1	47	3125	2502	71.5547	0x567ccd14	255	34	123
9	2	1	48	3125	2505	71.3125	0x5977155f	255	39	110
9	2	1	49	3125	2506	71.7656	0x58b5c56c	255	45	96
9	2	1	50	3125	2507	72.0078	0x60b6a5a8	255	50	93
9	2	1	51	3125	2508	72.3906	0x5934ad83	255	50	90
9	2	1	52	3125	2509	72.7891	0x3deef53a	255	40	82
9	2	1	53	3124	2509	71.9922	0x5ef8cd7a	255	47	104
9	2	1	54	3124	2510	72.2344	0x4a7884e2	255	32	105
9	2	1	55	3125	2510	73.8281	0x28adccf8	255	24	78
9	2	1	56	3125	2511	74.5312	0x27ef74d1	255	17	92
9	2	1	57	3126	2496	68.5703	0x6f70b789	255	117	66
9	2	1	58	3126	2497	69.1328	0x6eb05f91	255	116	65
9	2	1	59	3126	2498	69.6953	0x69b07ed9	255	101	63
9	2	1	60	3126	2499	70.2578	0x566d5632	255	82	56
9	2	1	61	3126	2500	71.2266	0x4aac55e1	255	69	57
9	2	1	62	3126	2501	72	0x4e6f759e	255	56	70
9	2	1	63	3126	2502	72.5391	0x5bb6f574	255	36	107
9	2	1	64	3126	2506	72.6406	0x54b94520	255	31	109
9	2	1	65	3126	2507	72.8828	0x4974bd0c	255	32	98
9	2	1	66	3126	2508	73.4297	0x38af1d1b	255	32	83
9	2	1	67	3126	2509	74.3203	0x256b5d2e	255	37	59
9	2	1	68	3126	2510	75.8359	0x222bcd18	255	28	67
9	2	1	69	3126	2511	76.6484	0x22edcce7	255	19	82
9	2	1	70	3126	2512	77.6172	0x27ef4cd4	255	17	91
9	2	1	71	3127	2496	68.625	0x6f302fe0	255	124	64
9	2	1	72	3127	2497	69.1953	0x63ad7f0e	255	114	59
9	2	1	73	3127	2498	70.0703	0x54ab168b	255	91	44
9	2	1	74	3127	2499	71.0312	0x48abd5e5	255	74	47
9	2	1	75	3127	2500	71.9062	0x456d1d9d	255	58	58
9	2	1	76	3127	2501	72.6953	0x506f0dba	255	54	66
9	2	1	77	3127	2502	73.2578	0x4430ed31	255	39	80
9	2	1	78	3127	2503	73.8672	0x447564e5	255	26	117
9	2	1	79	3127	2507	74.4062	0x39f12cf6	255	27	89
9	2	1	80	3127	2508	75.0547	0x312efcfc	255	27	80
9	2	1	81	3127	2509	75.8906	0x1f2be50d	255	29	67
9	2	1	82	3127	2510	77.3984	0x21ea4d44	255	45	47
9	2	1	83	3127	2511	78.7812	0x28ecb515	255	31	70
9	2	1	84	3127	2512	79.3828	0x326f84f5	255	26	83
9	2	1	85	3128	2496	68.6328	0x62ec6f57	255	117	59
9	2	1	86	3128	2497	69.625	0x54eac6a3	255	94	43
9	2	1	87	3128	2498	70.5078	0x3e6b7da2	255	75	45
9	2	1	88	3128	2499	71.625	0x3e6965f6	255	77	37
9	2	1	89	3128	2500	72.9219	0x3f2c2591	255	59	52
9	2	1	90	3128	2501	73.5	0x392c5568	255	49	60
9	2	1	91	3128	2502	74.8203	0x34ece541	255	39	71
9	2	1	92	3128	2503	75.3281	0x4d789cf4	255	29	120
9	2	1	93	3128	2506	75.1406	0x3e75fcbe	255	22	112
9	2	1	94	3128	2507	75.7891	0x30af44f4	255	25	82
9	2	1	95	3128	2508	76.5859	0x23eb452d	255	30	70
9	2	1	96	3128	2509	78.2578	0x23ac1d13	255	27	72
9	2	1	97	3128	2510	78.7891	0x326dfd1a	255	34	68
9	2	1	98	3128	2511	79.9062	0x362bfd62	255	49	56
9	2	1	99	3128	2512	80.7891	0x4830455a	255	46	79
9	2	1	100	3129	2496	68.9609	0x55ac8e4d	255	84	52
9	2	1	101	3129	2497	69.9453	0x3328cdc4	255	78	36
9	2	1	102	3129	2498	71.7891	0x30aa8576	255	53	50
9	2	1	103	3129	2499	72.3672	0x366c5d59	255	52	53
9	2	1	104	3129	2500	73.7109	0x2faa8d70	255	56	45
9	2	1	105	3129	2501	74.8047	0x33ac1d51	255	47	60
9	2	1	106	3129	2502	75.7109	0x45ee2582	255	52	65
9	2	1	107	3129	2503	76.3203	0x56b57d5f	255	40	108
9	2	1	108	3129	2507	77.6719	0x37b114ec	255	27	87
9	2	1	109	3129	2508	78.2344	0x31ad5d26	255	35	71
9	2	1	110	3129	2509	79.4375	0x3bab9d8e	255	53	59
9	2	1	111	3129	2510	80.2422	0x44ee057e	255	59	61
9	2	1	112	3129	2511	80.9766	0x5530d5b4	255	64	66
9	2	1	113	3129	2512	81.3828	0x60723e05	255	67	78
9	2	1	114	3130	2496	69.6172	0x35690dc7	255	71	40
9	2	1	115	3130	2497	71.2422	0x24a9bd5f	255	54	40
9	2	1	116	3130	2498	72.6328	0x2b2a3d68	255	50	48
9	2	1	117	3130	2499	73.875	0x276b0540	255	43	53
9	2	1	118	3130	2500	75.1094	0x35ac155d	255	47	58
9	2	1	119	3130	2501	75.8594	0x422e2d69	255	48	66
9	2	1	120	3130	2502	76.6406	0x4e6f9599	255	55	76
9	2	1	121	3130	2503	77.1562	0x643565e6	255	63	93
9	2	1	122	3130	2504	77.3594	0x5fb6f59a	255	53	99
9	2	1	123	3129	2505	76.75	0x4776bce5	255	24	112
9	2	1	124	3130	2505	77.7578	0x54f29d87	255	51	83
9	2	1	125	3130	2506	78.3281	0x52316d89	255	54	82
9	2	1	126	3129	2506	77.0547	0x3a3364cf	255	22	99
9	2	1	127	3130	2507	78.8438	0x54b21d8f	255	55	79
9	2	1	128	3130	2508	79.3438	0x4f6fd59b	255	64	67
9	2	1	129	3130	2509	80.1094	0x5d6f1e43	255	80	63
9	2	1	130	3130	2510	80.6406	0x63eee6b5	255	94	60
9	2	1	131	3130	2511	81.4062	0x666e7f07	255	108	58
9	2	1	132	3130	2512	81.9688	0x6e72eed1	255	106	72
9	2	1	133	3131	2496	70.5469	0x24a9b560	255	55	40
9	2	1	134	3131	2497	72.4922	0x2128dd72	255	58	35
9	2	1	135	3131	2498	74.1172	0x27aa5d55	255	49	46
9	2	1	136	3131	2499	75.1797	0x396cb55e	255	50	58
9	2	1	137	3131	2500	75.9453	0x482d55ab	255	59	59
9	2	1	138	3131	2501	76.7969	0x53ee65ef	255	70	66
9	2	1	139	3131	2502	77.3594	0x66747617	255	70	89
9	2	1	140	3131	2503	77.5859	0x6f36c666	255	74	93
9	2	1	141	3131	2504	77.9688	0x67f3c63d	255	75	82
9	2	1	142	3131	2505	78.4297	0x6b749e5e	255	83	85
9	2	1	143	3131	2506	78.7422	0x6d731eb3	255	89	79
9	2	1	144	3131	2507	79.3203	0x69b07edc	255	99	70
9	2	1	145	3131	2508	79.8672	0x69b096d5	255	103	66
9	2	1	146	3131	2509	80.4375	0x6eb0ff4c	255	113	67
9	2	1	147	3131	2510	80.9375	0x6f713f57	255	115	68
9	2	1	148	3131	2511	81.4844	0x70b0efd4	255	123	66
9	2	1	149	3131	2512	82.0078	0x717147f0	255	126	68
9	2	1	150	3132	2496	72.1484	0x1ee9ad4f	255	53	39
9	2	1	151	3132	2497	73.6562	0x23a9b55d	255	54	40
9	2	1	152	3132	2498	75.2188	0x34aa5591	255	58	49
9	2	1	153	3132	2499	76.0469	0x4e2dedc9	255	64	61
9	2	1	154	3132	2500	76.7188	0x5e71060e	255	74	70
9	2	1	155	3132	2501	77.1484	0x68719691	255	85	72
9	2	1	156	3132	2502	77.75	0x707316fb	255	96	85
9	2	1	157	3132	2503	78.0391	0x74b6bed7	255	96	91
9	2	1	158	3132	2504	78.3594	0x75f68705	255	104	89
9	2	1	159	3132	2505	78.6641	0x77b5f75b	255	109	87
9	2	1	160	3132	2506	79.0234	0x7634677d	255	121	87
9	2	1	161	3132	2507	79.4453	0x73f27010	255	128	73
9	2	1	162	3132	2508	79.9609	0x71f17020	255	129	68
9	2	1	163	3132	2509	80.4688	0x71f18840	255	131	69
9	2	1	164	3132	2510	80.9766	0x71b1703c	255	131	69
9	2	1	165	3132	2511	81.4922	0x7171704c	255	131	69
9	2	1	166	3132	2512	82	0x71717054	255	132	69
9	2	1	167	3133	2496	73.4453	0x25694573	255	60	35
9	2	1	168	3133	2497	75.0781	0x3269d598	255	70	40
9	2	1	169	3133	2498	76.0156	0x54ad3624	255	80	55
9	2	1	170	3133	2499	76.6328	0x63f11656	255	83	68
9	2	1	171	3133	2500	77.1016	0x6cf27ec1	255	91	75
9	2	1	172	3133	2501	77.5781	0x71b45ee2	255	104	85
9	2	1	173	3133	2502	77.8906	0x79b6979d	255	116	90
9	2	1	174	3133	2503	78.1953	0x79f70f95	255	118	93
9	2	1	175	3133	2507	79.2891	0x7534189e	255	141	82
9	2	1	176	3133	2508	79.8047	0x703178a1	255	145	70
9	2	1	177	3133	2509	80.3125	0x7071909e	255	145	70
9	2	1	178	3133	2510	80.8203	0x7031789e	255	145	69
9	2	1	179	3133	2511	81.3359	0x6db188fe	255	151	72
9	2	1	180	3133	2512	81.8438	0x6d71a105	255	154	71
9	2	1	181	3134	2496	74.4766	0x31e9d594	255	70	37
9	2	1	182	3134	2497	75.5312	0x512b3654	255	84	46
9	2	1	183	3134	2498	76.3281	0x61ed7ee1	255	98	58
9	2	1	184	3134	2499	76.9844	0x6e312f2e	255	110	69
9	2	1	185	3134	2500	77.3828	0x75f4cf53	255	115	83
9	2	1	186	3134	2506	78.8672	0x7ab8f0b5	255	148	100
9	2	1	187	3134	2507	79.1328	0x737480f4	255	154	84
9	2	1	188	3134	2508	79.6406	0x6df188f3	255	153	71
9	2	1	189	3134	2509	80.1562	0x6d31890c	255	154	70
9	2	1	190	3134	2510	80.6641	0x6db3f967	255	164	79
9	2	1	191	3134	2511	80.9766	0x6bb43193	255	174	84
9	2	1	192	3134	2512	81.4688	0x653239be	255	175	75
9	2	1	193	3135	2496	75.3516	0x44ea060f	255	82	41
9	2	1	194	3135	2497	76.0469	0x656f3ec2	255	95	60
9	2	1	195	3135	2498	76.6094	0x6eb1b714	255	101	71
9	2	1	196	3135	2499	77.0547	0x7533b791	255	114	78
9	2	1	197	3135	2500	77.4453	0x7935f7c4	255	120	88
9	2	1	198	3135	2506	78.6406	0x767a9959	255	167	107
9	2	1	199	3135	2507	78.7969	0x70b5e168	255	171	95
9	2	1	200	3135	2508	79.3125	0x64b251c6	255	177	76
9	2	1	201	3135	2509	79.7656	0x6234fa29	255	193	88
9	2	1	202	3135	2510	80.0625	0x5e359a60	255	201	93
9	2	1	203	3135	2511	80.4688	0x5a749271	255	201	90
9	2	1	204	3135	2512	80.8516	0x56f1fa5b	255	199	80
9	2	1	205	3136	2496	75.6953	0x672e3f32	255	106	57
9	2	1	206	3136	2497	76.1953	0x6e308f5f	255	109	66
9	2	1	207	3136	2498	76.8047	0x71f1a7c4	255	122	75
9	2	1	208	3136	2499	77.2031	0x78f587e8	255	126	86
9	2	1	209	3136	2500	77.5	0x7c38b848	255	134	98
9	2	1	210	3136	2506	78.1484	0x71bce9cc	255	177	120
9	2	1	211	3136	2507	78.375	0x7138a19e	255	178	100
9	2	1	212	3136	2508	78.625	0x64b8e24e	255	201	112
9	2	1	213	3136	2509	78.8359	0x54782ad7	255	218	105
9	2	1	214	3136	2510	79.1406	0x5237f2e5	255	220	103
9	2	1	215	3136	2511	79.3672	0x4bf4cae5	255	220	98
9	2	1	216	3136	2512	79.9219	0x4831d2c9	255	217	86
9	3	4	0	3132	2510	80.9766	0x71b1703c	255	131	69
9	3	4	1	3133	2510	80.8203	0x7031789e	255	145	69
9	3	4	2	3133	2511	81.3359	0x6db188fe	255	151	72
9	3	4	3	3132	2511	81.4922	0x7171704c	255	131	69
9	3	4	4	3132	2512	82	0x71717054	255	132	69
9	3	4	5	3133	2512	81.8438	0x6d71a105	255	154	71
9	3	4	6	3134	2506	78.8672	0x7ab8f0b5	255	148	100
9	3	4	7	3133	2507	79.2891	0x7534189e	255	141	82
9	3	4	8	3134	2507	79.1328	0x737480f4	255	154	84
9	3	4	9	3134	2508	79.6406	0x6df188f3	255	153	71
9	3	4	10	3133	2508	79.8047	0x703178a1	255	145	70
9	3	4	11	3133	2509	80.3125	0x7071909e	255	145	70
9	3	4	12	3134	2509	80.1562	0x6d31890c	255	154	70
9	3	4	13	3134	2510	80.6641	0x6db3f967	255	164	79
9	3	4	14	3134	2511	80.9766	0x6bb43193	255	174	84
9	3	4	15	3134	2512	81.4688	0x653239be	255	175	75
9	3	4	16	3135	2506	78.6406	0x767a9959	255	167	107
9	3	4	17	3135	2507	78.7969	0x70b5e168	255	171	95
9	3	4	18	3135	2508	79.3125	0x64b251c6	255	177	76
9	3	4	19	3135	2509	79.7656	0x6234fa29	255	193	88
9	3	4	20	3135	2510	80.0625	0x5e359a60	255	201	93
9	3	4	21	3135	2511	80.4688	0x5a749271	255	201	90
9	3	4	22	3135	2512	80.8516	0x56f1fa5b	255	199	80
9	3	4	23	3135	2505	78.4531	0x79fa38f8	255	159	111
9	3	4	24	3136	2505	78.1797	0x77be6164	255	170	124
9	3	4	25	3136	2506	78.1484	0x71bce9cc	255	177	120
9	3	4	26	3136	2507	78.375	0x7138a19e	255	178	100
9	3	4	27	3136	2508	78.625	0x64b8e24e	255	201	112
9	3	4	28	3136	2509	78.8359	0x54782ad7	255	218	105
9	3	4	29	3136	2510	79.1406	0x5237f2e5	255	220	103
9	3	4	30	3136	2511	79.3672	0x4bf4cae5	255	220	98
9	3	4	31	3136	2512	79.9219	0x4831d2c9	255	217	86
10	0	4	0	3137	2503	77.5938	0x777e816a	255	174	123
10	0	4	1	3136	2504	78.0469	0x78bc6942	255	166	115
10	0	4	2	3137	2504	77.6094	0x723e21c9	255	184	122
10	0	4	3	3137	2505	77.7109	0x693fa248	255	190	126
10	0	4	4	3136	2505	78.1797	0x77be6164	255	170	124
10	0	4	5	3136	2506	78.1484	0x71bce9cc	255	177	120
10	0	4	6	3137	2506	77.6328	0x6dfcea02	255	191	122
10	0	4	7	3137	2507	77.9062	0x69bc0a32	255	202	119
10	0	4	8	3136	2507	78.375	0x7138a19e	255	178	100
10	0	4	9	3136	2508	78.625	0x64b8e24e	255	201	112
10	0	4	10	3137	2508	77.8828	0x62c39a80	255	207	135
10	0	4	11	3137	2509	77.6797	0x5300030a	255	220	123
10	0	4	12	3136	2509	78.8359	0x54782ad7	255	218	105
10	0	4	13	3136	2510	79.1406	0x5237f2e5	255	220	103
10	0	4	14	3137	2510	77.8828	0x4eb82aff	255	223	107
10	0	4	15	3137	2511	78.1953	0x4d34cade	255	221	98
10	0	4	16	3136	2511	79.3672	0x4bf4cae5	255	220	98
10	0	4	17	3136	2512	79.9219	0x4831d2c9	255	217	86
10	0	4	18	3137	2512	78.6641	0x43b2baf5	255	222	90
10	0	4	19	3137	2501	77.4141	0x7b3ca8ff	255	159	115
10	0	4	20	3138	2501	77.1562	0x777e0167	255	170	120
10	0	4	21	3138	2502	77.1875	0x753f619a	255	179	125
10	0	4	22	3137	2502	77.5156	0x79fd212a	255	164	116
10	0	4	23	3138	2503	77.1953	0x6d82420a	255	189	131
10	0	4	24	3138	2504	77.0469	0x5b0652b1	255	205	135
10	0	4	25	3138	2505	76.7891	0x5b0102cd	255	216	128
10	0	4	26	3138	2506	76.9844	0x5bfbd2bc	255	218	121
10	0	4	27	3138	2507	77.0547	0x57bf82e9	255	219	126
10	0	4	28	3138	2508	77.0156	0x4f087af5	255	220	139
10	0	4	29	3138	2509	76.4922	0x52c3bb03	255	223	131
10	0	4	30	3138	2510	76.7812	0x53f64ac4	255	216	97
10	0	4	31	3138	2511	77.1484	0x58b6aaa2	255	210	99
10	0	4	32	3138	2512	77.4062	0x53f31a8c	255	207	88
10	0	4	33	3138	2496	75.7031	0x6a2e5848	255	137	61
10	0	4	34	3139	2496	75.625	0x6ef0b092	255	141	68
10	0	4	35	3139	2497	76.0078	0x73359125	255	156	86
10	0	4	36	3138	2497	76.3125	0x717260b4	255	142	75
10	0	4	37	3138	2498	76.6484	0x77b698cb	255	148	89
10	0	4	38	3139	2498	76.3203	0x74f8494f	255	168	99
10	0	4	39	3139	2499	76.5078	0x74fb3184	255	176	113
10	0	4	40	3138	2499	76.9297	0x77f98923	255	159	104
10	0	4	41	3138	2500	77.0625	0x783c6949	255	166	114
10	0	4	42	3139	2500	76.625	0x71fd81cc	255	184	119
10	0	4	43	3139	2501	76.6641	0x6cbfc21c	255	192	127
10	0	4	44	3139	2502	76.6406	0x64c41268	255	202	135
10	0	4	45	3139	2503	76.4062	0x50cc72ad	255	210	148
10	0	4	46	3139	2504	75.7578	0x4b89cafb	255	224	138
10	0	4	47	3139	2505	75.7422	0x53004309	255	227	130
10	0	4	48	3139	2506	75.7422	0x4aff633d	255	230	126
10	0	4	49	3139	2507	75.7812	0x48c29b45	255	230	127
10	0	4	50	3139	2508	75.5781	0x4ac66b24	255	228	143
10	0	4	51	3139	2509	75.3672	0x577b5add	255	221	122
10	0	4	52	3139	2510	75.875	0x4c323ab6	255	212	84
10	0	4	53	3139	2511	76.3828	0x54720271	255	204	85
10	0	4	54	3139	2512	76.8984	0x5c343258	255	198	88
10	0	4	55	3140	2496	75.4141	0x6bf1d935	255	161	73
10	0	4	56	3140	2497	75.7109	0x74b7b945	255	166	96
10	0	4	57	3140	2498	75.9531	0x7439c97d	255	174	105
10	0	4	58	3140	2499	76.1094	0x747e61a6	255	179	124
10	0	4	59	3140	2500	76.0547	0x6e4319fa	255	189	134
10	0	4	60	3140	2501	75.9141	0x6345fa68	255	203	145
10	0	4	61	3140	2502	75.6719	0x5709c2a9	255	213	150
10	0	4	62	3140	2503	75.2578	0x458db2e2	255	220	166
10	0	4	63	3140	2504	74.6562	0x498b7af0	255	223	149
10	0	4	64	3140	2505	74.4531	0x4ac6c320	255	227	144
10	0	4	65	3140	2506	74.2188	0x4b84332e	255	229	130
10	0	4	66	3140	2507	74.1875	0x4cfd6b2e	255	228	124
10	0	4	67	3140	2508	74.3828	0x53fc6afb	255	217	122
10	0	4	68	3140	2509	74.4141	0x61fa4278	255	205	116
10	0	4	69	3140	2510	74.75	0x4f317a91	255	204	82
10	0	4	70	3140	2511	75.5	0x5330ca5f	255	200	77
10	0	4	71	3140	2512	75.8984	0x53b20a77	255	202	84
10	0	4	72	3141	2496	74.9844	0x5fb1a9f5	255	185	77
10	0	4	73	3141	2497	75.3359	0x6d77d9cf	255	186	100
10	0	4	74	3141	2498	75.5156	0x6dbbd1fc	255	189	113
10	0	4	75	3141	2499	75.6016	0x6840824f	255	197	129
10	0	4	76	3141	2500	75.4844	0x6307225e	255	201	147
10	0	4	77	3141	2501	75.1406	0x558a5aad	255	211	158
10	0	4	78	3141	2502	74.7812	0x428e62e7	255	220	167
10	0	4	79	3141	2503	74.0469	0x3810a2ee	255	222	170
10	0	4	80	3141	2504	73.3828	0x454caaf6	255	223	158
10	0	4	81	3141	2505	73.1328	0x53c4eaf5	255	219	134
10	0	4	82	3141	2506	73.0703	0x5dffe2b7	255	213	127
10	0	4	83	3141	2507	73.1406	0x5d3c12b1	255	212	120
10	0	4	84	3141	2508	73.3203	0x59b67298	255	209	100
10	0	4	85	3141	2509	73.7812	0x63b5421f	255	194	99
10	0	4	86	3141	2510	74.0469	0x61f1d9dd	255	182	80
10	0	4	87	3141	2511	74.7969	0x57b07a2b	255	188	73
10	0	4	88	3141	2512	75.2188	0x61737a10	255	190	83
10	0	4	89	3142	2496	74.25	0x5572d27a	255	203	88
10	0	4	90	3142	2497	74.6875	0x5a379aa3	255	210	106
10	0	4	91	3142	2498	74.8047	0x5fbfe2a7	255	212	123
10	0	4	92	3142	2499	74.6953	0x5a03dacd	255	216	138
10	0	4	93	3142	2500	74.5625	0x50c9ead7	255	218	151
10	0	4	94	3142	2501	74.0234	0x391042f1	255	223	173
10	0	4	95	3142	2502	73.2188	0x31d132fd	255	226	169
10	0	4	96	3142	2503	72.5156	0x3f0deb03	255	225	163
10	0	4	97	3142	2504	72.1719	0x5944aacd	255	213	132
10	0	4	98	3142	2505	72.2188	0x637cea7c	255	206	119
10	0	4	99	3142	2506	72.3672	0x677de257	255	199	122
10	0	4	100	3142	2507	72.3516	0x6b7c0a1d	255	193	121
10	0	4	101	3142	2508	72.6172	0x66f489e6	255	186	89
10	0	4	102	3142	2509	73.1328	0x623181d0	255	179	73
10	0	4	103	3142	2510	73.6641	0x68b1e979	255	175	75
10	0	4	104	3142	2511	74.1328	0x63b219ce	255	179	75
10	0	4	105	3142	2512	74.6562	0x6531e1b0	255	177	75
10	0	4	106	3143	2496	73.3047	0x5ab87aa9	255	212	104
10	0	4	107	3143	2497	73.5312	0x523942f2	255	220	114
10	0	4	108	3143	2498	73.7422	0x543e8301	255	223	125
10	0	4	109	3143	2499	73.625	0x4dc61314	255	225	143
10	0	4	110	3143	2500	73.3516	0x3a0f5301	255	227	163
10	0	4	111	3143	2501	72.4062	0x3211f2ea	255	223	173
10	0	4	112	3143	2502	71.7188	0x43ce1ae5	255	220	166
10	0	4	113	3143	2503	71.3438	0x5a450ac2	255	211	137
10	0	4	114	3143	2504	71.3984	0x64bcea6f	255	205	118
10	0	4	115	3143	2505	71.5391	0x6a3c6a2e	255	196	113
10	0	4	116	3143	2506	71.625	0x6cfa81fc	255	188	110
10	0	4	117	3143	2507	71.8906	0x7176f179	255	174	101
10	0	4	118	3143	2508	72.2188	0x70f3a110	255	155	80
10	0	4	119	3143	2509	72.7344	0x6cf1890f	255	154	70
10	0	4	120	3143	2510	73.2422	0x6cb1911a	255	155	70
10	0	4	121	3143	2511	73.7578	0x6d318908	255	154	71
10	0	4	122	3143	2512	74.2656	0x6d31a10c	255	154	71
10	0	4	123	3144	2496	72.4219	0x6b02622a	255	200	131
10	0	4	124	3144	2497	72.4453	0x5afe62cd	255	216	123
10	0	4	125	3144	2498	72.5234	0x54c3baf5	255	221	132
10	0	4	126	3144	2499	72.2109	0x430b4319	255	228	155
10	0	4	127	3144	2500	71.7344	0x398e1b1a	255	227	161
10	0	4	128	3144	2501	71.1328	0x480cdae2	255	220	162
10	0	4	129	3144	2502	70.8047	0x5d485287	255	207	146
10	0	4	130	3144	2503	70.5859	0x6942ba3c	255	198	131
10	0	4	131	3144	2504	70.6328	0x697ada2d	255	196	114
10	0	4	132	3144	2505	70.9141	0x693719fe	255	189	96
10	0	4	133	3144	2506	71.2188	0x71b65162	255	170	93
10	0	4	134	3144	2507	71.5547	0x71f3a0f3	255	153	79
10	0	4	135	3144	2508	72.0625	0x7031789e	255	148	75
10	0	4	136	3144	2509	72.5781	0x6db188fe	255	153	70
10	0	4	137	3144	2510	73.0859	0x6d71a108	255	155	71
10	0	4	138	3144	2511	73.5938	0x6bf19128	255	156	70
10	0	4	139	3144	2512	74.1094	0x6cf36961	255	162	76
10	0	4	140	3145	2496	72.0156	0x6c07d1e7	255	186	144
10	0	4	141	3145	2497	71.5625	0x60479275	255	208	138
10	0	4	142	3145	2498	71.5234	0x55ca2aac	255	214	142
10	0	4	143	3145	2499	70.875	0x42cf5ad1	255	216	171
10	0	4	144	3145	2500	70.3203	0x49cb4af1	255	222	156
10	0	4	145	3145	2501	70.0859	0x5c4452b7	255	210	137
10	0	4	146	3145	2502	70.0469	0x67c18253	255	201	132
10	0	4	147	3145	2503	69.9922	0x6e3f4208	255	192	124
10	0	4	148	3145	2504	70.0938	0x71ba01ae	255	180	108
10	0	4	149	3145	2505	70.375	0x6fb4594e	255	164	81
10	0	4	150	3145	2506	70.8828	0x6df188f3	255	152	70
10	0	4	151	3145	2507	71.3984	0x6db188fe	255	155	76
10	0	4	152	3145	2508	71.9062	0x7033f133	255	158	81
10	0	4	153	3145	2509	72.2188	0x6d744977	255	168	82
10	0	4	154	3145	2510	72.7031	0x6732c1b1	255	177	78
10	0	4	155	3145	2511	73.1484	0x677411d1	255	185	85
10	0	4	156	3145	2512	73.5234	0x5e338235	255	195	84
10	0	4	157	3146	2496	71.3281	0x64485a3f	255	199	144
10	0	4	158	3146	2497	70.8594	0x628a3a34	255	196	159
10	0	4	159	3146	2498	70.6406	0x508d4a9f	255	207	159
10	0	4	160	3146	2499	69.8984	0x49d0328f	255	206	181
10	0	4	161	3146	2500	69.3594	0x59897a98	255	208	148
10	0	4	162	3146	2501	69.2656	0x647fc27a	255	206	127
10	0	4	163	3146	2502	69.375	0x697dc23f	255	194	121
10	0	4	164	3146	2503	69.4062	0x71bad9b7	255	180	116
10	0	4	165	3146	2504	69.7031	0x71b4090d	255	162	88
10	0	4	166	3146	2505	70.2188	0x6db188fa	255	153	70
10	0	4	167	3146	2506	70.7266	0x7133f117	255	160	79
10	0	4	168	3146	2507	71.0391	0x6e75798a	255	174	88
10	0	4	169	3146	2508	71.4297	0x67b509e7	255	184	91
10	0	4	170	3146	2509	71.7812	0x65b5920a	255	189	90
10	0	4	171	3146	2510	72.1328	0x5df4ba52	255	195	88
10	0	4	172	3146	2511	72.5547	0x63f6ea38	255	197	99
10	0	4	173	3146	2512	72.7344	0x5cf56a69	255	201	95
10	0	4	174	3147	2496	70.6328	0x60073a7b	255	206	141
10	0	4	175	3147	2497	70.2109	0x590daa4e	255	202	168
10	0	4	176	3147	2498	69.6484	0x490f82a6	255	210	177
10	0	4	177	3147	2499	69.0078	0x500ea285	255	205	172
10	0	4	178	3147	2500	68.5547	0x6347b253	255	201	142
10	0	4	179	3147	2501	68.5078	0x687de24c	255	197	122
10	0	4	180	3147	2502	68.6875	0x6db7d9c9	255	180	99
10	0	4	181	3147	2503	69.0391	0x6c738170	255	170	95
10	0	4	182	3147	2504	69.5469	0x6ff3d933	255	158	81
10	0	4	183	3147	2505	69.8672	0x6e34a977	255	170	84
10	0	4	184	3147	2506	70.3125	0x69f5b9d8	255	183	91
10	0	4	185	3147	2507	70.5547	0x6af869fc	255	190	99
10	0	4	186	3147	2508	70.8047	0x66b90238	255	197	104
10	0	4	187	3147	2509	71.0078	0x65f97246	255	199	103
10	0	4	188	3147	2510	71.2266	0x5ab4aa70	255	204	94
10	0	4	189	3147	2511	71.7891	0x5e753a55	255	199	95
10	0	4	190	3147	2512	71.9609	0x6576b223	255	194	98
10	0	4	191	3148	2496	69.7188	0x51447309	255	222	137
10	0	4	192	3148	2497	69.375	0x450e32dc	255	218	167
10	0	4	193	3148	2498	68.6484	0x3f0f9ae0	255	219	168
10	0	4	194	3148	2499	68.1328	0x520ad2c0	255	215	157
10	0	4	195	3148	2500	67.9062	0x64845268	255	206	134
10	0	4	196	3148	2501	67.8594	0x6478e250	255	201	119
10	0	4	197	3148	2502	68.3672	0x65f4c1f8	255	184	91
10	0	4	198	3148	2503	68.625	0x6ab581c7	255	181	90
10	0	4	199	3148	2504	69.0703	0x687459cc	255	182	86
10	0	4	200	3148	2505	69.4219	0x6a76e1e9	255	186	95
10	0	4	201	3148	2506	69.6719	0x6bf8e1f5	255	188	99
10	0	4	202	3148	2507	69.8828	0x6af9aa0d	255	191	105
10	0	4	203	3148	2508	70.0781	0x67385228	255	193	102
10	0	4	204	3148	2509	70.3828	0x6a38fa0c	255	192	104
10	0	4	205	3148	2510	70.5312	0x6975b9dd	255	187	92
10	0	4	206	3148	2511	71.0703	0x62f301f3	255	185	80
10	0	4	207	3148	2512	71.4453	0x6af34183	255	175	83
10	0	4	208	3149	2496	68.2656	0x41c88b42	255	232	145
10	0	4	209	3149	2497	67.875	0x37ce3b20	255	232	150
10	0	4	210	3149	2498	67.1719	0x47cc42ee	255	222	154
10	0	4	211	3149	2499	67	0x588222df	255	216	134
10	0	4	212	3149	2500	67.0391	0x613ee299	255	210	124
10	0	4	213	3149	2501	67.0703	0x63787256	255	206	112
10	0	4	214	3149	2502	67.5312	0x59b29a4e	255	198	81
10	0	4	215	3149	2503	68.0312	0x5e723212	255	192	82
10	0	4	216	3149	2504	68.5234	0x65352a0a	255	190	91
10	0	4	217	3149	2505	68.7656	0x63f6322b	255	193	95
10	0	4	218	3149	2506	69.1797	0x68371a0a	255	190	99
10	0	4	219	3149	2507	69.3516	0x6e3ad9ef	255	187	105
10	0	4	220	3149	2508	69.5078	0x6f38f9c4	255	182	103
10	0	4	221	3149	2509	69.8047	0x7036397b	255	167	88
10	0	4	222	3149	2510	70.1562	0x7273b8e9	255	148	79
10	0	4	223	3149	2511	70.6406	0x6eb210fe	255	148	72
10	0	4	224	3149	2512	71.1328	0x703208cb	255	146	72
10	0	4	225	3150	2496	66.6719	0x430b8315	255	228	145
10	0	4	226	3150	2497	66.2266	0x4a866b26	255	228	133
10	0	4	227	3150	2498	66.2578	0x5b82a2c5	255	220	132
10	0	4	228	3150	2499	66.0625	0x62010290	255	209	128
10	0	4	229	3150	2500	66.1953	0x65faba54	255	203	114
10	0	4	230	3150	2501	66.3984	0x65b5c20f	255	191	94
10	0	4	231	3150	2502	66.8828	0x60326a03	255	188	78
10	0	4	232	3150	2503	67.3672	0x5ff25205	255	188	78
10	0	4	233	3150	2504	67.8594	0x64352a15	255	189	89
10	0	4	234	3150	2505	68.1016	0x6a76c9e4	255	185	95
10	0	4	235	3150	2506	68.4688	0x67b5f1fa	255	183	91
10	0	4	236	3150	2507	68.7734	0x6ff6a18b	255	172	92
10	0	4	237	3150	2508	69.0859	0x72b420fb	255	154	81
10	0	4	238	3150	2509	69.5781	0x713200a1	255	143	72
10	0	4	239	3150	2510	70.0625	0x7271f85b	255	139	73
10	0	4	240	3151	2496	65.5469	0x560542e1	255	219	135
10	0	4	241	3151	2497	65.2266	0x6244ca7d	255	205	129
10	0	4	242	3151	2498	65.2422	0x66be6261	255	200	123
10	0	4	243	3151	2499	65.3281	0x6d3a81f9	255	191	113
10	0	4	244	3151	2500	65.5938	0x6e7811c1	255	181	98
10	0	4	245	3151	2501	65.8438	0x6c3519a5	255	178	89
10	0	4	246	3151	2502	66.3281	0x6732319f	255	174	75
10	0	4	247	3151	2503	66.8203	0x67b291a0	255	174	76
10	0	4	248	3151	2504	67.2734	0x69b389a1	255	174	80
10	0	4	249	3151	2505	67.6797	0x7134d93d	255	162	83
10	0	4	250	3151	2506	68.0234	0x71b3d909	255	150	80
10	0	4	251	3151	2507	68.5078	0x70f200b1	255	144	75
10	0	4	252	3151	2508	69	0x7271f85b	255	137	71
10	0	4	253	3151	2509	69.4844	0x7271f85b	255	137	71
10	0	4	254	3152	2496	64.5625	0x6382427f	255	203	128
10	0	4	255	3152	2497	64.625	0x6cbcaa11	255	193	117
10	0	4	256	3152	2498	64.7734	0x71fb51ba	255	181	113
10	0	4	257	3152	2499	64.9219	0x74f93163	255	170	103
10	0	4	258	3152	2500	65.2109	0x73f7614b	255	161	92
10	0	4	259	3152	2501	65.4844	0x743498de	255	147	84
10	0	4	260	3152	2502	65.9766	0x6fb208dd	255	147	72
10	0	4	261	3152	2503	66.4609	0x6fb208dd	255	146	72
10	0	4	262	3152	2504	66.9531	0x7031f0cb	255	145	72
10	0	4	263	3152	2505	67.4453	0x713200a5	255	144	72
10	0	4	264	3152	2506	67.9297	0x7271f85b	255	139	73
10	1	0	0	3136	2496	75.6953	0x672e3f32	255	106	57
10	1	0	1	3137	2496	75.7656	0x6daf8ffc	255	127	61
10	1	0	2	3137	2497	76.3672	0x73322fc4	255	128	72
10	1	0	3	3136	2497	76.1953	0x6e308f5f	255	109	66
10	1	0	4	3136	2498	76.8047	0x71f1a7c4	255	122	75
10	1	0	5	3137	2498	76.7266	0x77b50050	255	136	83
10	1	0	6	3137	2499	77.1016	0x79b7208a	255	144	93
10	1	0	7	3136	2499	77.2031	0x78f587e8	255	126	86
10	1	0	8	3136	2500	77.5	0x7c38b848	255	134	98
10	1	0	9	3137	2500	77.3047	0x7b7b10da	255	154	109
10	1	0	10	3137	2501	77.4141	0x7b3ca8ff	255	159	115
10	1	0	11	3136	2501	77.6719	0x7d3b509a	255	141	109
10	1	0	12	3136	2502	77.7969	0x7b3b90e9	255	151	110
10	1	0	13	3137	2502	77.5156	0x79fd212a	255	164	116
10	1	0	14	3137	2503	77.5938	0x777e816a	255	174	123
10	1	0	15	3136	2503	77.9531	0x7a7c090a	255	158	112
10	1	0	16	3136	2504	78.0469	0x78bc6942	255	166	115
10	1	0	17	3137	2504	77.6094	0x723e21c9	255	184	122
10	1	0	18	3137	2505	77.7109	0x693fa248	255	190	126
10	1	0	19	3136	2505	78.1797	0x77be6164	255	170	124
10	1	0	20	3136	2506	78.1484	0x71bce9cc	255	177	120
10	1	0	21	3137	2506	77.6328	0x6dfcea02	255	191	122
10	1	0	22	3137	2507	77.9062	0x69bc0a32	255	202	119
10	1	0	23	3136	2507	78.375	0x7138a19e	255	178	100
10	1	0	24	3136	2508	78.625	0x64b8e24e	255	201	112
10	1	0	25	3137	2508	77.8828	0x62c39a80	255	207	135
10	1	0	26	3137	2509	77.6797	0x5300030a	255	220	123
10	1	0	27	3136	2509	78.8359	0x54782ad7	255	218	105
10	1	0	28	3138	2496	75.7031	0x6a2e5848	255	137	61
10	1	0	29	3138	2497	76.3125	0x717260b4	255	142	75
10	1	0	30	3138	2498	76.6484	0x77b698cb	255	148	89
10	1	0	31	3138	2499	76.9297	0x77f98923	255	159	104
10	1	0	32	3138	2500	77.0625	0x783c6949	255	166	114
10	1	0	33	3138	2501	77.1562	0x777e0167	255	170	120
10	1	0	34	3138	2502	77.1875	0x753f619a	255	179	125
10	1	0	35	3138	2503	77.1953	0x6d82420a	255	189	131
10	1	0	36	3138	2504	77.0469	0x5b0652b1	255	205	135
10	1	0	37	3138	2505	76.7891	0x5b0102cd	255	216	128
10	1	0	38	3138	2506	76.9844	0x5bfbd2bc	255	218	121
10	1	0	39	3138	2507	77.0547	0x57bf82e9	255	219	126
10	1	0	40	3138	2508	77.0156	0x4f087af5	255	220	139
10	1	0	41	3138	2510	76.7812	0x53f64ac4	255	216	97
10	1	0	42	3137	2511	78.1953	0x4d34cade	255	221	98
10	1	0	43	3138	2511	77.1484	0x58b6aaa2	255	210	99
10	1	0	44	3138	2512	77.4062	0x53f31a8c	255	207	88
10	1	0	45	3137	2512	78.6641	0x43b2baf5	255	222	90
10	1	0	46	3139	2496	75.625	0x6ef0b092	255	141	68
10	1	0	47	3139	2497	76.0078	0x73359125	255	156	86
10	1	0	48	3139	2498	76.3203	0x74f8494f	255	168	99
10	1	0	49	3139	2499	76.5078	0x74fb3184	255	176	113
10	1	0	50	3139	2500	76.625	0x71fd81cc	255	184	119
10	1	0	51	3139	2501	76.6641	0x6cbfc21c	255	192	127
10	1	0	52	3139	2502	76.6406	0x64c41268	255	202	135
10	1	0	53	3139	2503	76.4062	0x50cc72ad	255	210	148
10	1	0	54	3139	2504	75.7578	0x4b89cafb	255	224	138
10	1	0	55	3139	2505	75.7422	0x53004309	255	227	130
10	1	0	56	3139	2510	75.875	0x4c323ab6	255	212	84
10	1	0	57	3139	2511	76.3828	0x54720271	255	204	85
10	1	0	58	3139	2512	76.8984	0x5c343258	255	198	88
10	1	0	59	3140	2496	75.4141	0x6bf1d935	255	161	73
10	1	0	60	3140	2497	75.7109	0x74b7b945	255	166	96
10	1	0	61	3140	2498	75.9531	0x7439c97d	255	174	105
10	1	0	62	3140	2499	76.1094	0x747e61a6	255	179	124
10	1	0	63	3140	2500	76.0547	0x6e4319fa	255	189	134
10	1	0	64	3140	2501	75.9141	0x6345fa68	255	203	145
10	1	0	65	3140	2502	75.6719	0x5709c2a9	255	213	150
10	1	0	66	3140	2503	75.2578	0x458db2e2	255	220	166
10	1	0	67	3140	2504	74.6562	0x498b7af0	255	223	149
10	1	0	68	3140	2508	74.3828	0x53fc6afb	255	217	122
10	1	0	69	3139	2509	75.3672	0x577b5add	255	221	122
10	1	0	70	3140	2509	74.4141	0x61fa4278	255	205	116
10	1	0	71	3140	2510	74.75	0x4f317a91	255	204	82
10	1	0	72	3140	2511	75.5	0x5330ca5f	255	200	77
10	1	0	73	3140	2512	75.8984	0x53b20a77	255	202	84
10	1	0	74	3141	2496	74.9844	0x5fb1a9f5	255	185	77
10	1	0	75	3141	2497	75.3359	0x6d77d9cf	255	186	100
10	1	0	76	3141	2498	75.5156	0x6dbbd1fc	255	189	113
10	1	0	77	3141	2499	75.6016	0x6840824f	255	197	129
10	1	0	78	3141	2500	75.4844	0x6307225e	255	201	147
10	1	0	79	3141	2501	75.1406	0x558a5aad	255	211	158
10	1	0	80	3141	2502	74.7812	0x428e62e7	255	220	167
10	1	0	81	3141	2503	74.0469	0x3810a2ee	255	222	170
10	1	0	82	3141	2505	73.1328	0x53c4eaf5	255	219	134
10	1	0	83	3140	2506	74.2188	0x4b84332e	255	229	130
10	1	0	84	3141	2506	73.0703	0x5dffe2b7	255	213	127
10	1	0	85	3141	2507	73.1406	0x5d3c12b1	255	212	120
10	1	0	86	3140	2507	74.1875	0x4cfd6b2e	255	228	124
10	1	0	87	3141	2508	73.3203	0x59b67298	255	209	100
10	1	0	88	3141	2509	73.7812	0x63b5421f	255	194	99
10	1	0	89	3141	2510	74.0469	0x61f1d9dd	255	182	80
10	1	0	90	3141	2511	74.7969	0x57b07a2b	255	188	73
10	1	0	91	3141	2512	75.2188	0x61737a10	255	190	83
10	1	0	92	3142	2496	74.25	0x5572d27a	255	203	88
10	1	0	93	3142	2497	74.6875	0x5a379aa3	255	210	106
10	1	0	94	3142	2498	74.8047	0x5fbfe2a7	255	212	123
10	1	0	95	3142	2499	74.6953	0x5a03dacd	255	216	138
10	1	0	96	3142	2500	74.5625	0x50c9ead7	255	218	151
10	1	0	97	3142	2501	74.0234	0x391042f1	255	223	173
10	1	0	98	3142	2502	73.2188	0x31d132fd	255	226	169
10	1	0	99	3142	2503	72.5156	0x3f0deb03	255	225	163
10	1	0	100	3142	2504	72.1719	0x5944aacd	255	213	132
10	1	0	101	3141	2504	73.3828	0x454caaf6	255	223	158
10	1	0	102	3142	2505	72.2188	0x637cea7c	255	206	119
10	1	0	103	3142	2506	72.3672	0x677de257	255	199	122
10	1	0	104	3142	2507	72.3516	0x6b7c0a1d	255	193	121
10	1	0	105	3142	2508	72.6172	0x66f489e6	255	186	89
10	1	0	106	3142	2509	73.1328	0x623181d0	255	179	73
10	1	0	107	3142	2510	73.6641	0x68b1e979	255	175	75
10	1	0	108	3142	2511	74.1328	0x63b219ce	255	179	75
10	1	0	109	3142	2512	74.6562	0x6531e1b0	255	177	75
10	1	0	110	3143	2496	73.3047	0x5ab87aa9	255	212	104
10	1	0	111	3143	2497	73.5312	0x523942f2	255	220	114
10	1	0	112	3143	2498	73.7422	0x543e8301	255	223	125
10	1	0	113	3143	2499	73.625	0x4dc61314	255	225	143
10	1	0	114	3143	2502	71.7188	0x43ce1ae5	255	220	166
10	1	0	115	3143	2503	71.3438	0x5a450ac2	255	211	137
10	1	0	116	3143	2504	71.3984	0x64bcea6f	255	205	118
10	1	0	117	3143	2505	71.5391	0x6a3c6a2e	255	196	113
10	1	0	118	3143	2506	71.625	0x6cfa81fc	255	188	110
10	1	0	119	3143	2507	71.8906	0x7176f179	255	174	101
10	1	0	120	3143	2508	72.2188	0x70f3a110	255	155	80
10	1	0	121	3143	2509	72.7344	0x6cf1890f	255	154	70
10	1	0	122	3143	2510	73.2422	0x6cb1911a	255	155	70
10	1	0	123	3143	2511	73.7578	0x6d318908	255	154	71
10	1	0	124	3143	2512	74.2656	0x6d31a10c	255	154	71
10	1	0	125	3144	2496	72.4219	0x6b02622a	255	200	131
10	1	0	126	3144	2497	72.4453	0x5afe62cd	255	216	123
10	1	0	127	3144	2498	72.5234	0x54c3baf5	255	221	132
10	1	0	128	3143	2501	72.4062	0x3211f2ea	255	223	173
10	1	0	129	3144	2501	71.1328	0x480cdae2	255	220	162
10	1	0	130	3144	2502	70.8047	0x5d485287	255	207	146
10	1	0	131	3144	2503	70.5859	0x6942ba3c	255	198	131
10	1	0	132	3144	2504	70.6328	0x697ada2d	255	196	114
10	1	0	133	3144	2505	70.9141	0x693719fe	255	189	96
10	1	0	134	3144	2506	71.2188	0x71b65162	255	170	93
10	1	0	135	3144	2507	71.5547	0x71f3a0f3	255	153	79
10	1	0	136	3144	2508	72.0625	0x7031789e	255	148	75
10	1	0	137	3144	2509	72.5781	0x6db188fe	255	153	70
10	1	0	138	3144	2510	73.0859	0x6d71a108	255	155	71
10	1	0	139	3144	2511	73.5938	0x6bf19128	255	156	70
10	1	0	140	3144	2512	74.1094	0x6cf36961	255	162	76
10	1	0	141	3145	2496	72.0156	0x6c07d1e7	255	186	144
10	1	0	142	3145	2497	71.5625	0x60479275	255	208	138
10	1	0	143	3145	2498	71.5234	0x55ca2aac	255	214	142
10	1	0	144	3145	2499	70.875	0x42cf5ad1	255	216	171
10	1	0	145	3144	2500	71.7344	0x398e1b1a	255	227	161
10	1	0	146	3145	2500	70.3203	0x49cb4af1	255	222	156
10	1	0	147	3145	2501	70.0859	0x5c4452b7	255	210	137
10	1	0	148	3145	2502	70.0469	0x67c18253	255	201	132
10	1	0	149	3145	2503	69.9922	0x6e3f4208	255	192	124
10	1	0	150	3145	2504	70.0938	0x71ba01ae	255	180	108
10	1	0	151	3145	2505	70.375	0x6fb4594e	255	164	81
10	1	0	152	3145	2506	70.8828	0x6df188f3	255	152	70
10	1	0	153	3145	2507	71.3984	0x6db188fe	255	155	76
10	1	0	154	3145	2508	71.9062	0x7033f133	255	158	81
10	1	0	155	3145	2509	72.2188	0x6d744977	255	168	82
10	1	0	156	3145	2510	72.7031	0x6732c1b1	255	177	78
10	1	0	157	3145	2511	73.1484	0x677411d1	255	185	85
10	1	0	158	3145	2512	73.5234	0x5e338235	255	195	84
10	1	0	159	3146	2496	71.3281	0x64485a3f	255	199	144
10	1	0	160	3146	2497	70.8594	0x628a3a34	255	196	159
10	1	0	161	3146	2498	70.6406	0x508d4a9f	255	207	159
10	1	0	162	3146	2499	69.8984	0x49d0328f	255	206	181
10	1	0	163	3146	2500	69.3594	0x59897a98	255	208	148
10	1	0	164	3146	2501	69.2656	0x647fc27a	255	206	127
10	1	0	165	3146	2502	69.375	0x697dc23f	255	194	121
10	1	0	166	3146	2503	69.4062	0x71bad9b7	255	180	116
10	1	0	167	3146	2504	69.7031	0x71b4090d	255	162	88
10	1	0	168	3146	2505	70.2188	0x6db188fa	255	153	70
10	1	0	169	3146	2506	70.7266	0x7133f117	255	160	79
10	1	0	170	3146	2507	71.0391	0x6e75798a	255	174	88
10	1	0	171	3146	2508	71.4297	0x67b509e7	255	184	91
10	1	0	172	3146	2509	71.7812	0x65b5920a	255	189	90
10	1	0	173	3146	2510	72.1328	0x5df4ba52	255	195	88
10	1	0	174	3146	2511	72.5547	0x63f6ea38	255	197	99
10	1	0	175	3146	2512	72.7344	0x5cf56a69	255	201	95
10	1	0	176	3147	2496	70.6328	0x60073a7b	255	206	141
10	1	0	177	3147	2497	70.2109	0x590daa4e	255	202	168
10	1	0	178	3147	2498	69.6484	0x490f82a6	255	210	177
10	1	0	179	3147	2499	69.0078	0x500ea285	255	205	172
10	1	0	180	3147	2500	68.5547	0x6347b253	255	201	142
10	1	0	181	3147	2501	68.5078	0x687de24c	255	197	122
10	1	0	182	3147	2502	68.6875	0x6db7d9c9	255	180	99
10	1	0	183	3147	2503	69.0391	0x6c738170	255	170	95
10	1	0	184	3147	2504	69.5469	0x6ff3d933	255	158	81
10	1	0	185	3147	2505	69.8672	0x6e34a977	255	170	84
10	1	0	186	3147	2506	70.3125	0x69f5b9d8	255	183	91
10	1	0	187	3147	2507	70.5547	0x6af869fc	255	190	99
10	1	0	188	3147	2508	70.8047	0x66b90238	255	197	104
10	1	0	189	3147	2509	71.0078	0x65f97246	255	199	103
10	1	0	190	3147	2510	71.2266	0x5ab4aa70	255	204	94
10	1	0	191	3147	2511	71.7891	0x5e753a55	255	199	95
10	1	0	192	3147	2512	71.9609	0x6576b223	255	194	98
10	1	0	193	3148	2496	69.7188	0x51447309	255	222	137
10	1	0	194	3148	2497	69.375	0x450e32dc	255	218	167
10	1	0	195	3148	2498	68.6484	0x3f0f9ae0	255	219	168
10	1	0	196	3148	2499	68.1328	0x520ad2c0	255	215	157
10	1	0	197	3148	2500	67.9062	0x64845268	255	206	134
10	1	0	198	3148	2501	67.8594	0x6478e250	255	201	119
10	1	0	199	3148	2502	68.3672	0x65f4c1f8	255	184	91
10	1	0	200	3148	2503	68.625	0x6ab581c7	255	181	90
10	1	0	201	3148	2504	69.0703	0x687459cc	255	182	86
10	1	0	202	3148	2505	69.4219	0x6a76e1e9	255	186	95
10	1	0	203	3148	2506	69.6719	0x6bf8e1f5	255	188	99
10	1	0	204	3148	2507	69.8828	0x6af9aa0d	255	191	105
10	1	0	205	3148	2508	70.0781	0x67385228	255	193	102
10	1	0	206	3148	2509	70.3828	0x6a38fa0c	255	192	104
10	1	0	207	3148	2510	70.5312	0x6975b9dd	255	187	92
10	1	0	208	3148	2511	71.0703	0x62f301f3	255	185	80
10	1	0	209	3148	2512	71.4453	0x6af34183	255	175	83
10	1	0	210	3149	2498	67.1719	0x47cc42ee	255	222	154
10	1	0	211	3149	2499	67	0x588222df	255	216	134
10	1	0	212	3149	2500	67.0391	0x613ee299	255	210	124
10	1	0	213	3149	2501	67.0703	0x63787256	255	206	112
10	1	0	214	3149	2502	67.5312	0x59b29a4e	255	198	81
10	1	0	215	3149	2503	68.0312	0x5e723212	255	192	82
10	1	0	216	3149	2504	68.5234	0x65352a0a	255	190	91
10	1	0	217	3149	2505	68.7656	0x63f6322b	255	193	95
10	1	0	218	3149	2506	69.1797	0x68371a0a	255	190	99
10	1	0	219	3149	2507	69.3516	0x6e3ad9ef	255	187	105
10	1	0	220	3149	2508	69.5078	0x6f38f9c4	255	182	103
10	1	0	221	3149	2509	69.8047	0x7036397b	255	167	88
10	1	0	222	3149	2510	70.1562	0x7273b8e9	255	148	79
10	1	0	223	3149	2511	70.6406	0x6eb210fe	255	148	72
10	1	0	224	3149	2512	71.1328	0x703208cb	255	146	72
10	1	0	225	3150	2498	66.2578	0x5b82a2c5	255	220	132
10	1	0	226	3150	2499	66.0625	0x62010290	255	209	128
10	1	0	227	3150	2500	66.1953	0x65faba54	255	203	114
10	1	0	228	3150	2501	66.3984	0x65b5c20f	255	191	94
10	1	0	229	3150	2502	66.8828	0x60326a03	255	188	78
10	1	0	230	3150	2503	67.3672	0x5ff25205	255	188	78
10	1	0	231	3150	2504	67.8594	0x64352a15	255	189	89
10	1	0	232	3150	2505	68.1016	0x6a76c9e4	255	185	95
10	1	0	233	3150	2506	68.4688	0x67b5f1fa	255	183	91
10	1	0	234	3150	2507	68.7734	0x6ff6a18b	255	172	92
10	1	0	235	3150	2508	69.0859	0x72b420fb	255	154	81
10	1	0	236	3150	2509	69.5781	0x713200a1	255	143	72
10	1	0	237	3150	2510	70.0625	0x7271f85b	255	139	73
10	1	0	238	3150	2511	70.5547	0x7271f85b	255	137	71
10	1	0	239	3150	2512	71.0391	0x7271f85b	255	137	71
10	1	0	240	3150	2496	66.6719	0x430b8315	255	228	145
10	1	0	241	3151	2496	65.5469	0x560542e1	255	219	135
10	1	0	242	3151	2497	65.2266	0x6244ca7d	255	205	129
10	1	0	243	3150	2497	66.2266	0x4a866b26	255	228	133
10	1	0	244	3151	2498	65.2422	0x66be6261	255	200	123
10	1	0	245	3151	2499	65.3281	0x6d3a81f9	255	191	113
10	1	0	246	3151	2500	65.5938	0x6e7811c1	255	181	98
10	1	0	247	3151	2501	65.8438	0x6c3519a5	255	178	89
10	1	0	248	3151	2502	66.3281	0x6732319f	255	174	75
10	1	0	249	3151	2503	66.8203	0x67b291a0	255	174	76
10	1	0	250	3151	2504	67.2734	0x69b389a1	255	174	80
10	1	0	251	3151	2505	67.6797	0x7134d93d	255	162	83
10	1	0	252	3151	2506	68.0234	0x71b3d909	255	150	80
10	1	0	253	3151	2507	68.5078	0x70f200b1	255	144	75
10	1	0	254	3151	2508	69	0x7271f85b	255	137	71
10	1	0	255	3151	2509	69.4844	0x7271f85b	255	137	71
10	1	0	256	3151	2510	69.9766	0x7271f85b	255	137	71
10	1	0	257	3151	2511	70.4609	0x7271f85b	255	137	71
10	1	0	258	3151	2512	70.9531	0x7231e85b	255	137	71
10	1	0	259	3152	2496	64.5625	0x6382427f	255	203	128
10	1	0	260	3152	2497	64.625	0x6cbcaa11	255	193	117
10	1	0	261	3152	2498	64.7734	0x71fb51ba	255	181	113
10	1	0	262	3152	2499	64.9219	0x74f93163	255	170	103
10	1	0	263	3152	2500	65.2109	0x73f7614b	255	161	92
10	1	0	264	3152	2501	65.4844	0x743498de	255	147	84
10	1	0	265	3152	2502	65.9766	0x6fb208dd	255	147	72
10	1	0	266	3152	2503	66.4609	0x6fb208dd	255	146	72
10	1	0	267	3152	2504	66.9531	0x7031f0cb	255	145	72
10	1	0	268	3152	2505	67.4453	0x713200a5	255	144	72
10	1	0	269	3152	2506	67.9297	0x7271f85b	255	139	73
10	1	0	270	3152	2507	68.4219	0x7271f85b	255	137	71
10	1	0	271	3152	2508	68.9062	0x7271f85b	255	137	71
10	1	0	272	3152	2509	69.3984	0x7271f85b	255	137	71
10	1	0	273	3152	2510	69.8828	0x7271f85b	255	137	71
10	1	0	274	3152	2511	70.375	0x7271f85b	255	137	71
10	1	0	275	3152	2512	70.8594	0x7271f85b	255	137	71
10	2	1	0	3136	2496	75.6953	0x672e3f32	255	106	57
10	2	1	1	3137	2496	75.7656	0x6daf8ffc	255	127	61
10	2	1	2	3137	2497	76.3672	0x73322fc4	255	128	72
10	2	1	3	3136	2497	76.1953	0x6e308f5f	255	109	66
10	2	1	4	3136	2498	76.8047	0x71f1a7c4	255	122	75
10	2	1	5	3137	2498	76.7266	0x77b50050	255	136	83
10	2	1	6	3137	2499	77.1016	0x79b7208a	255	144	93
10	2	1	7	3136	2499	77.2031	0x78f587e8	255	126	86
10	2	1	8	3136	2506	78.1484	0x71bce9cc	255	177	120
10	2	1	9	3136	2507	78.375	0x7138a19e	255	178	100
10	2	1	10	3137	2507	77.9062	0x69bc0a32	255	202	119
10	2	1	11	3136	2508	78.625	0x64b8e24e	255	201	112
10	2	1	12	3136	2511	79.3672	0x4bf4cae5	255	220	98
10	2	1	13	3137	2511	78.1953	0x4d34cade	255	221	98
10	2	1	14	3136	2512	79.9219	0x4831d2c9	255	217	86
10	2	1	15	3137	2512	78.6641	0x43b2baf5	255	222	90
10	2	1	16	3138	2496	75.7031	0x6a2e5848	255	137	61
10	2	1	17	3138	2497	76.3125	0x717260b4	255	142	75
10	2	1	18	3138	2498	76.6484	0x77b698cb	255	148	89
10	2	1	19	3138	2511	77.1484	0x58b6aaa2	255	210	99
10	2	1	20	3138	2512	77.4062	0x53f31a8c	255	207	88
10	2	1	21	3139	2496	75.625	0x6ef0b092	255	141	68
10	2	1	22	3139	2497	76.0078	0x73359125	255	156	86
10	2	1	23	3139	2498	76.3203	0x74f8494f	255	168	99
10	2	1	24	3139	2499	76.5078	0x74fb3184	255	176	113
10	2	1	25	3139	2509	75.3672	0x577b5add	255	221	122
10	2	1	26	3138	2510	76.7812	0x53f64ac4	255	216	97
10	2	1	27	3139	2510	75.875	0x4c323ab6	255	212	84
10	2	1	28	3139	2511	76.3828	0x54720271	255	204	85
10	2	1	29	3139	2512	76.8984	0x5c343258	255	198	88
10	2	1	30	3140	2496	75.4141	0x6bf1d935	255	161	73
10	2	1	31	3140	2497	75.7109	0x74b7b945	255	166	96
10	2	1	32	3140	2498	75.9531	0x7439c97d	255	174	105
10	2	1	33	3140	2499	76.1094	0x747e61a6	255	179	124
10	2	1	34	3140	2509	74.4141	0x61fa4278	255	205	116
10	2	1	35	3140	2510	74.75	0x4f317a91	255	204	82
10	2	1	36	3140	2511	75.5	0x5330ca5f	255	200	77
10	2	1	37	3140	2512	75.8984	0x53b20a77	255	202	84
10	2	1	38	3141	2496	74.9844	0x5fb1a9f5	255	185	77
10	2	1	39	3141	2497	75.3359	0x6d77d9cf	255	186	100
10	2	1	40	3141	2498	75.5156	0x6dbbd1fc	255	189	113
10	2	1	41	3141	2499	75.6016	0x6840824f	255	197	129
10	2	1	42	3140	2508	74.3828	0x53fc6afb	255	217	122
10	2	1	43	3141	2508	73.3203	0x59b67298	255	209	100
10	2	1	44	3141	2509	73.7812	0x63b5421f	255	194	99
10	2	1	45	3141	2510	74.0469	0x61f1d9dd	255	182	80
10	2	1	46	3141	2511	74.7969	0x57b07a2b	255	188	73
10	2	1	47	3141	2512	75.2188	0x61737a10	255	190	83
10	2	1	48	3142	2496	74.25	0x5572d27a	255	203	88
10	2	1	49	3142	2497	74.6875	0x5a379aa3	255	210	106
10	2	1	50	3142	2498	74.8047	0x5fbfe2a7	255	212	123
10	2	1	51	3141	2507	73.1406	0x5d3c12b1	255	212	120
10	2	1	52	3142	2507	72.3516	0x6b7c0a1d	255	193	121
10	2	1	53	3142	2508	72.6172	0x66f489e6	255	186	89
10	2	1	54	3142	2509	73.1328	0x623181d0	255	179	73
10	2	1	55	3142	2510	73.6641	0x68b1e979	255	175	75
10	2	1	56	3142	2511	74.1328	0x63b219ce	255	179	75
10	2	1	57	3142	2512	74.6562	0x6531e1b0	255	177	75
10	2	1	58	3143	2496	73.3047	0x5ab87aa9	255	212	104
10	2	1	59	3143	2497	73.5312	0x523942f2	255	220	114
10	2	1	60	3142	2506	72.3672	0x677de257	255	199	122
10	2	1	61	3143	2506	71.625	0x6cfa81fc	255	188	110
10	2	1	62	3143	2507	71.8906	0x7176f179	255	174	101
10	2	1	63	3143	2508	72.2188	0x70f3a110	255	155	80
10	2	1	64	3143	2509	72.7344	0x6cf1890f	255	154	70
10	2	1	65	3143	2510	73.2422	0x6cb1911a	255	155	70
10	2	1	66	3143	2511	73.7578	0x6d318908	255	154	71
10	2	1	67	3143	2512	74.2656	0x6d31a10c	255	154	71
10	2	1	68	3144	2504	70.6328	0x697ada2d	255	196	114
10	2	1	69	3143	2505	71.5391	0x6a3c6a2e	255	196	113
10	2	1	70	3144	2505	70.9141	0x693719fe	255	189	96
10	2	1	71	3144	2506	71.2188	0x71b65162	255	170	93
10	2	1	72	3144	2507	71.5547	0x71f3a0f3	255	153	79
10	2	1	73	3144	2508	72.0625	0x7031789e	255	148	75
10	2	1	74	3144	2509	72.5781	0x6db188fe	255	153	70
10	2	1	75	3144	2510	73.0859	0x6d71a108	255	155	71
10	2	1	76	3144	2511	73.5938	0x6bf19128	255	156	70
10	2	1	77	3144	2512	74.1094	0x6cf36961	255	162	76
10	2	1	78	3145	2504	70.0938	0x71ba01ae	255	180	108
10	2	1	79	3145	2505	70.375	0x6fb4594e	255	164	81
10	2	1	80	3145	2506	70.8828	0x6df188f3	255	152	70
10	2	1	81	3145	2507	71.3984	0x6db188fe	255	155	76
10	2	1	82	3145	2508	71.9062	0x7033f133	255	158	81
10	2	1	83	3145	2509	72.2188	0x6d744977	255	168	82
10	2	1	84	3145	2510	72.7031	0x6732c1b1	255	177	78
10	2	1	85	3145	2511	73.1484	0x677411d1	255	185	85
10	2	1	86	3145	2512	73.5234	0x5e338235	255	195	84
10	2	1	87	3145	2503	69.9922	0x6e3f4208	255	192	124
10	2	1	88	3146	2503	69.4062	0x71bad9b7	255	180	116
10	2	1	89	3146	2504	69.7031	0x71b4090d	255	162	88
10	2	1	90	3146	2505	70.2188	0x6db188fa	255	153	70
10	2	1	91	3146	2506	70.7266	0x7133f117	255	160	79
10	2	1	92	3146	2507	71.0391	0x6e75798a	255	174	88
10	2	1	93	3146	2508	71.4297	0x67b509e7	255	184	91
10	2	1	94	3146	2509	71.7812	0x65b5920a	255	189	90
10	2	1	95	3146	2510	72.1328	0x5df4ba52	255	195	88
10	2	1	96	3146	2511	72.5547	0x63f6ea38	255	197	99
10	2	1	97	3146	2512	72.7344	0x5cf56a69	255	201	95
10	2	1	98	3147	2501	68.5078	0x687de24c	255	197	122
10	2	1	99	3146	2502	69.375	0x697dc23f	255	194	121
10	2	1	100	3147	2502	68.6875	0x6db7d9c9	255	180	99
10	2	1	101	3147	2503	69.0391	0x6c738170	255	170	95
10	2	1	102	3147	2504	69.5469	0x6ff3d933	255	158	81
10	2	1	103	3147	2505	69.8672	0x6e34a977	255	170	84
10	2	1	104	3147	2506	70.3125	0x69f5b9d8	255	183	91
10	2	1	105	3147	2507	70.5547	0x6af869fc	255	190	99
10	2	1	106	3147	2508	70.8047	0x66b90238	255	197	104
10	2	1	107	3147	2509	71.0078	0x65f97246	255	199	103
10	2	1	108	3147	2510	71.2266	0x5ab4aa70	255	204	94
10	2	1	109	3147	2511	71.7891	0x5e753a55	255	199	95
10	2	1	110	3147	2512	71.9609	0x6576b223	255	194	98
10	2	1	111	3148	2501	67.8594	0x6478e250	255	201	119
10	2	1	112	3148	2502	68.3672	0x65f4c1f8	255	184	91
10	2	1	113	3148	2503	68.625	0x6ab581c7	255	181	90
10	2	1	114	3148	2504	69.0703	0x687459cc	255	182	86
10	2	1	115	3148	2505	69.4219	0x6a76e1e9	255	186	95
10	2	1	116	3148	2506	69.6719	0x6bf8e1f5	255	188	99
10	2	1	117	3148	2507	69.8828	0x6af9aa0d	255	191	105
10	2	1	118	3148	2508	70.0781	0x67385228	255	193	102
10	2	1	119	3148	2509	70.3828	0x6a38fa0c	255	192	104
10	2	1	120	3148	2510	70.5312	0x6975b9dd	255	187	92
10	2	1	121	3148	2511	71.0703	0x62f301f3	255	185	80
10	2	1	122	3148	2512	71.4453	0x6af34183	255	175	83
10	2	1	123	3149	2501	67.0703	0x63787256	255	206	112
10	2	1	124	3149	2502	67.5312	0x59b29a4e	255	198	81
10	2	1	125	3149	2503	68.0312	0x5e723212	255	192	82
10	2	1	126	3149	2504	68.5234	0x65352a0a	255	190	91
10	2	1	127	3149	2505	68.7656	0x63f6322b	255	193	95
10	2	1	128	3149	2506	69.1797	0x68371a0a	255	190	99
10	2	1	129	3149	2507	69.3516	0x6e3ad9ef	255	187	105
10	2	1	130	3149	2508	69.5078	0x6f38f9c4	255	182	103
10	2	1	131	3149	2509	69.8047	0x7036397b	255	167	88
10	2	1	132	3149	2510	70.1562	0x7273b8e9	255	148	79
10	2	1	133	3149	2511	70.6406	0x6eb210fe	255	148	72
10	2	1	134	3149	2512	71.1328	0x703208cb	255	146	72
10	2	1	135	3150	2500	66.1953	0x65faba54	255	203	114
10	2	1	136	3150	2501	66.3984	0x65b5c20f	255	191	94
10	2	1	137	3150	2502	66.8828	0x60326a03	255	188	78
10	2	1	138	3150	2503	67.3672	0x5ff25205	255	188	78
10	2	1	139	3150	2504	67.8594	0x64352a15	255	189	89
10	2	1	140	3150	2505	68.1016	0x6a76c9e4	255	185	95
10	2	1	141	3150	2506	68.4688	0x67b5f1fa	255	183	91
10	2	1	142	3150	2507	68.7734	0x6ff6a18b	255	172	92
10	2	1	143	3150	2508	69.0859	0x72b420fb	255	154	81
10	2	1	144	3150	2509	69.5781	0x713200a1	255	143	72
10	2	1	145	3150	2510	70.0625	0x7271f85b	255	139	73
10	2	1	146	3150	2511	70.5547	0x7271f85b	255	137	71
10	2	1	147	3150	2512	71.0391	0x7271f85b	255	137	71
10	2	1	148	3151	2499	65.3281	0x6d3a81f9	255	191	113
10	2	1	149	3151	2500	65.5938	0x6e7811c1	255	181	98
10	2	1	150	3151	2501	65.8438	0x6c3519a5	255	178	89
10	2	1	151	3151	2502	66.3281	0x6732319f	255	174	75
10	2	1	152	3151	2503	66.8203	0x67b291a0	255	174	76
10	2	1	153	3151	2504	67.2734	0x69b389a1	255	174	80
10	2	1	154	3151	2505	67.6797	0x7134d93d	255	162	83
10	2	1	155	3151	2506	68.0234	0x71b3d909	255	150	80
10	2	1	156	3151	2507	68.5078	0x70f200b1	255	144	75
10	2	1	157	3151	2508	69	0x7271f85b	255	137	71
10	2	1	158	3151	2509	69.4844	0x7271f85b	255	137	71
10	2	1	159	3151	2510	69.9766	0x7271f85b	255	137	71
10	2	1	160	3151	2511	70.4609	0x7271f85b	255	137	71
10	2	1	161	3151	2512	70.9531	0x7231e85b	255	137	71
10	2	1	162	3152	2498	64.7734	0x71fb51ba	255	181	113
10	2	1	163	3152	2499	64.9219	0x74f93163	255	170	103
10	2	1	164	3152	2500	65.2109	0x73f7614b	255	161	92
10	2	1	165	3152	2501	65.4844	0x743498de	255	147	84
10	2	1	166	3152	2502	65.9766	0x6fb208dd	255	147	72
10	2	1	167	3152	2503	66.4609	0x6fb208dd	255	146	72
10	2	1	168	3152	2504	66.9531	0x7031f0cb	255	145	72
10	2	1	169	3152	2505	67.4453	0x713200a5	255	144	72
10	2	1	170	3152	2506	67.9297	0x7271f85b	255	139	73
10	2	1	171	3152	2507	68.4219	0x7271f85b	255	137	71
10	2	1	172	3152	2508	68.9062	0x7271f85b	255	137	71
10	2	1	173	3152	2509	69.3984	0x7271f85b	255	137	71
10	2	1	174	3152	2510	69.8828	0x7271f85b	255	137	71
10	2	1	175	3152	2511	70.375	0x7271f85b	255	137	71
10	2	1	176	3152	2512	70.8594	0x7271f85b	255	137	71
10	3	2	0	3140	2502	75.6719	0x5709c2a9	255	213	150
10	3	2	1	3139	2503	76.4062	0x50cc72ad	255	210	148
10	3	2	2	3140	2503	75.2578	0x458db2e2	255	220	166
10	3	2	3	3140	2504	74.6562	0x498b7af0	255	223	149
10	3	2	4	3141	2501	75.1406	0x558a5aad	255	211	158
10	3	2	5	3141	2502	74.7812	0x428e62e7	255	220	167
10	3	2	6	3141	2503	74.0469	0x3810a2ee	255	222	170
10	3	2	7	3141	2504	73.3828	0x454caaf6	255	223	158
10	3	2	8	3142	2500	74.5625	0x50c9ead7	255	218	151
10	3	2	9	3142	2501	74.0234	0x391042f1	255	223	173
10	3	2	10	3142	2502	73.2188	0x31d132fd	255	226	169
10	3	2	11	3142	2503	72.5156	0x3f0deb03	255	225	163
10	3	2	12	3142	2504	72.1719	0x5944aacd	255	213	132
10	3	2	13	3143	2500	73.3516	0x3a0f5301	255	227	163
10	3	2	14	3143	2501	72.4062	0x3211f2ea	255	223	173
10	3	2	15	3143	2502	71.7188	0x43ce1ae5	255	220	166
10	3	2	16	3143	2503	71.3438	0x5a450ac2	255	211	137
10	3	2	17	3144	2500	71.7344	0x398e1b1a	255	227	161
10	3	2	18	3144	2501	71.1328	0x480cdae2	255	220	162
10	3	2	19	3144	2502	70.8047	0x5d485287	255	207	146
10	3	2	20	3144	2498	72.5234	0x54c3baf5	255	221	132
10	3	2	21	3145	2498	71.5234	0x55ca2aac	255	214	142
10	3	2	22	3145	2499	70.875	0x42cf5ad1	255	216	171
10	3	2	23	3144	2499	72.2109	0x430b4319	255	228	155
10	3	2	24	3145	2500	70.3203	0x49cb4af1	255	222	156
10	3	2	25	3146	2496	71.3281	0x64485a3f	255	199	144
10	3	2	26	3145	2497	71.5625	0x60479275	255	208	138
10	3	2	27	3146	2497	70.8594	0x628a3a34	255	196	159
10	3	2	28	3146	2498	70.6406	0x508d4a9f	255	207	159
10	3	2	29	3146	2499	69.8984	0x49d0328f	255	206	181
10	3	2	30	3146	2500	69.3594	0x59897a98	255	208	148
10	3	2	31	3147	2496	70.6328	0x60073a7b	255	206	141
10	3	2	32	3147	2497	70.2109	0x590daa4e	255	202	168
10	3	2	33	3147	2498	69.6484	0x490f82a6	255	210	177
10	3	2	34	3147	2499	69.0078	0x500ea285	255	205	172
10	3	2	35	3147	2500	68.5547	0x6347b253	255	201	142
10	3	2	36	3148	2496	69.7188	0x51447309	255	222	137
10	3	2	37	3148	2497	69.375	0x450e32dc	255	218	167
10	3	2	38	3148	2498	68.6484	0x3f0f9ae0	255	219	168
10	3	2	39	3148	2499	68.1328	0x520ad2c0	255	215	157
10	3	2	40	3148	2500	67.9062	0x64845268	255	206	134
10	3	2	41	3149	2497	67.875	0x37ce3b20	255	232	150
10	3	2	42	3149	2498	67.1719	0x47cc42ee	255	222	154
10	3	2	43	3149	2499	67	0x588222df	255	216	134
11	0	1	0	3153	2497	64.0156	0x6ebab9e4	255	187	109
11	0	1	1	3152	2498	64.7734	0x71fb51ba	255	181	113
11	0	1	2	3153	2498	64.2812	0x7237496f	255	170	94
11	0	1	3	3153	2499	64.5859	0x74b68122	255	159	91
11	0	1	4	3152	2499	64.9219	0x74f93163	255	170	103
11	0	1	5	3152	2500	65.2109	0x73f7614b	255	161	92
11	0	1	6	3153	2500	64.9062	0x73f400c4	255	146	80
11	0	1	7	3153	2501	65.3984	0x7271f85b	255	139	75
11	0	1	8	3152	2501	65.4844	0x743498de	255	147	84
11	0	1	9	3152	2502	65.9766	0x6fb208dd	255	147	72
11	0	1	10	3153	2502	65.8828	0x7271f85b	255	137	71
11	0	1	11	3153	2503	66.375	0x7231e858	255	137	71
11	0	1	12	3152	2503	66.4609	0x6fb208dd	255	146	72
11	0	1	13	3152	2504	66.9531	0x7031f0cb	255	145	72
11	0	1	14	3153	2504	66.8672	0x7271f85b	255	137	71
11	0	1	15	3153	2505	67.3516	0x7271f85b	255	137	71
11	0	1	16	3152	2505	67.4453	0x713200a5	255	144	72
11	0	1	17	3152	2506	67.9297	0x7271f85b	255	139	73
11	0	1	18	3153	2506	67.8438	0x7271f85b	255	137	71
11	0	1	19	3153	2507	68.3281	0x7271f85b	255	137	71
11	0	1	20	3152	2507	68.4219	0x7271f85b	255	137	71
11	0	1	21	3152	2508	68.9062	0x7271f85b	255	137	71
11	0	1	22	3153	2508	68.8203	0x7271f85b	255	137	71
11	0	1	23	3153	2509	69.3047	0x7271f85b	255	137	71
11	0	1	24	3152	2509	69.3984	0x7271f85b	255	137	71
11	0	1	25	3152	2510	69.8828	0x7271f85b	255	137	71
11	0	1	26	3153	2510	69.7969	0x7271f85b	255	137	71
11	0	1	27	3153	2511	70.2812	0x7271f85b	255	137	71
11	0	1	28	3152	2511	70.375	0x7271f85b	255	137	71
11	0	1	29	3152	2512	70.8594	0x7271f85b	255	137	71
11	0	1	30	3153	2512	70.7734	0x7231e858	255	137	71
11	0	1	31	3154	2496	63.3281	0x6f7a61d6	255	183	107
11	0	1	32	3154	2497	63.5469	0x70f5e165	255	169	91
11	0	1	33	3154	2498	64	0x72b46905	255	155	84
11	0	1	34	3154	2499	64.3281	0x7473e8ad	255	144	80
11	0	1	35	3154	2500	64.8203	0x7271f85b	255	139	74
11	0	1	36	3154	2501	65.3047	0x7271f85b	255	137	71
11	0	1	37	3154	2502	65.7969	0x7231e858	255	137	71
11	0	1	38	3154	2503	66.2891	0x7271f85b	255	137	71
11	0	1	39	3154	2504	66.7734	0x7271f85b	255	137	71
11	0	1	40	3154	2505	67.2656	0x7271f85b	255	137	71
11	0	1	41	3154	2506	67.75	0x7271f85b	255	137	71
11	0	1	42	3154	2507	68.2422	0x7271f85b	255	137	71
11	0	1	43	3154	2508	68.7266	0x7271f85b	255	137	71
11	0	1	44	3154	2509	69.2188	0x7271f85b	255	137	71
11	0	1	45	3154	2510	69.7031	0x7271f85b	255	137	71
11	0	1	46	3154	2511	70.1953	0x7231e858	255	137	71
11	0	1	47	3154	2512	70.6875	0x7271f85b	255	137	71
11	0	1	48	3155	2496	62.9062	0x74f76137	255	163	95
11	0	1	49	3155	2497	63.2656	0x73b398bc	255	149	78
11	0	1	50	3155	2498	63.75	0x713200a9	255	143	72
11	0	1	51	3155	2499	64.2422	0x7271f85b	255	139	74
11	0	1	52	3155	2500	64.7266	0x7271f85b	255	137	71
11	0	1	53	3155	2501	65.2188	0x7231e85b	255	137	71
11	0	1	54	3155	2502	65.7109	0x7271f85b	255	137	71
11	0	1	55	3155	2503	66.1953	0x7271f85b	255	137	71
11	0	1	56	3155	2504	66.6875	0x7271f85b	255	137	71
11	0	1	57	3155	2505	67.1719	0x7271f85b	255	137	71
11	0	1	58	3155	2506	67.6641	0x7271f85b	255	137	71
11	0	1	59	3155	2507	68.1484	0x7271f85b	255	137	71
11	0	1	60	3155	2508	68.6406	0x7271f85b	255	137	71
11	0	1	61	3155	2509	69.125	0x7271f85b	255	137	71
11	0	1	62	3155	2510	69.6172	0x7231e858	255	137	71
11	0	1	63	3155	2511	70.1094	0x7271f85b	255	137	71
11	0	1	64	3155	2512	70.5938	0x7271f85b	255	137	71
11	0	1	65	3156	2496	62.6875	0x7534309e	255	146	80
11	0	1	66	3156	2497	63.1719	0x7271f85b	255	137	71
11	0	1	67	3156	2498	63.6641	0x7271f85b	255	137	71
11	0	1	68	3156	2499	64.1484	0x7271f85b	255	137	71
11	0	1	69	3156	2500	64.6406	0x7271f85b	255	137	71
11	0	1	70	3156	2501	65.125	0x7271f85b	255	137	71
11	0	1	71	3156	2502	65.6172	0x7231e85b	255	137	71
11	0	1	72	3156	2503	66.1094	0x7271f85b	255	137	71
11	0	1	73	3156	2504	66.5938	0x7271f85b	255	137	71
11	0	1	74	3156	2505	67.0859	0x7271f85b	255	137	71
11	0	1	75	3156	2506	67.5703	0x7271f85b	255	137	71
11	0	1	76	3156	2507	68.0625	0x7271f85b	255	137	71
11	0	1	77	3156	2508	68.5469	0x7271f85b	255	137	71
11	0	1	78	3156	2509	69.0391	0x7231e858	255	137	71
11	0	1	79	3156	2510	69.5312	0x7271f85b	255	137	71
11	0	1	80	3156	2511	70.0156	0x7271f85b	255	137	71
11	0	1	81	3156	2512	70.5078	0x7171705b	255	137	70
11	0	1	82	3157	2496	62.5938	0x7271f85b	255	137	71
11	0	1	83	3157	2497	63.0859	0x7271f85b	255	137	71
11	0	1	84	3157	2498	63.5703	0x7271f85b	255	137	71
11	0	1	85	3157	2499	64.0625	0x7271f85b	255	137	71
11	0	1	86	3157	2500	64.5469	0x7271f85b	255	137	71
11	0	1	87	3157	2501	65.0391	0x7231e858	255	137	71
11	0	1	88	3157	2502	65.5312	0x7271f85b	255	137	71
11	0	1	89	3157	2503	66.0156	0x7271f85b	255	137	71
11	0	1	90	3157	2504	66.5078	0x7271f85b	255	137	71
11	0	1	91	3157	2505	66.9922	0x7271f85b	255	137	71
11	0	1	92	3157	2506	67.4844	0x7271f85b	255	137	71
11	0	1	93	3157	2507	67.9688	0x7271f85b	255	137	71
11	0	1	94	3157	2508	68.4609	0x7231e858	255	137	71
11	0	1	95	3157	2509	68.9531	0x71f20077	255	140	72
11	0	1	96	3157	2510	69.4375	0x71720096	255	143	71
11	0	1	97	3157	2511	69.9297	0x71b2008e	255	142	72
11	0	1	98	3157	2512	70.4141	0x7172009a	255	143	71
11	0	1	99	3158	2496	62.5078	0x7271f85b	255	137	71
11	0	1	100	3158	2497	62.9922	0x7271f85b	255	137	71
11	0	1	101	3158	2498	63.4844	0x7271f85b	255	137	71
11	0	1	102	3158	2499	63.9688	0x7271f85b	255	137	71
11	0	1	103	3158	2500	64.4609	0x7231e858	255	137	71
11	0	1	104	3158	2501	64.9531	0x7271f85b	255	137	71
11	0	1	105	3158	2502	65.4375	0x7271f85b	255	137	71
11	0	1	106	3158	2503	65.9297	0x7271f85b	255	137	71
11	0	1	107	3158	2504	66.4141	0x7271f85b	255	137	71
11	0	1	108	3158	2505	66.9062	0x7271f85b	255	137	71
11	0	1	109	3158	2506	67.3906	0x7271f85b	255	138	72
11	0	1	110	3158	2507	67.8828	0x71f1e86f	255	139	71
11	0	1	111	3158	2508	68.375	0x7272a8a1	255	143	74
11	0	1	112	3158	2509	68.8047	0x733368c0	255	148	77
11	0	1	113	3158	2510	69.2344	0x6fb298fe	255	154	76
11	0	1	114	3158	2511	69.7344	0x6d323128	255	158	73
11	0	1	115	3158	2512	70.2031	0x6e32711e	255	158	73
11	0	1	116	3159	2496	62.4141	0x7271f85b	255	137	71
11	0	1	117	3159	2497	62.9062	0x7271f85b	255	137	71
11	0	1	118	3159	2498	63.3906	0x7271f85b	255	137	71
11	0	1	119	3159	2499	63.8828	0x7231e858	255	138	72
11	0	1	120	3159	2500	64.375	0x72320073	255	140	71
11	0	1	121	3159	2501	64.8594	0x72320073	255	140	71
11	0	1	122	3159	2502	65.3516	0x71f20077	255	140	71
11	0	1	123	3159	2503	65.8359	0x72320073	255	140	71
11	0	1	124	3159	2504	66.3281	0x7232006f	255	139	71
11	0	1	125	3159	2505	66.8125	0x7271f85b	255	138	71
11	0	1	126	3159	2506	67.3047	0x72f27073	255	140	73
11	0	1	127	3159	2507	67.75	0x73f3b0b1	255	147	78
11	0	1	128	3159	2508	68.1406	0x71b3f10c	255	158	80
11	0	1	129	3159	2509	68.5703	0x71747128	255	162	83
11	0	1	130	3159	2510	68.9219	0x6fb4d95e	255	168	85
11	0	1	131	3159	2511	69.3203	0x68f3019d	255	173	78
11	0	1	132	3159	2512	69.8281	0x6731c18e	255	172	73
11	0	1	133	3160	2496	62.3281	0x7232006f	255	139	72
11	0	1	134	3160	2497	62.8125	0x72320073	255	140	71
11	0	1	135	3160	2498	63.3047	0x7171e88e	255	141	72
11	0	1	136	3160	2499	63.7969	0x72b2908e	255	142	74
11	0	1	137	3160	2500	64.2344	0x723290ad	255	145	74
11	0	1	138	3160	2501	64.7266	0x713218ad	255	146	72
11	0	1	139	3160	2502	65.2031	0x70b208b8	255	147	72
11	0	1	140	3160	2503	65.7031	0x6ff1d8cb	255	148	71
11	0	1	141	3160	2504	66.1953	0x6f3180c7	255	147	71
11	0	1	142	3160	2505	66.7266	0x703220d2	255	146	72
11	0	1	143	3160	2506	67.1641	0x743418c7	255	151	79
11	0	1	144	3160	2507	67.5312	0x73f5f922	255	160	88
11	0	1	145	3160	2508	67.8281	0x71b5f955	255	168	89
11	0	1	146	3160	2509	68.1953	0x6df5e99d	255	176	90
11	0	1	147	3160	2510	68.5	0x6c3659c3	255	180	90
11	0	1	148	3160	2511	68.8359	0x68b3c1b8	255	179	83
11	0	1	149	3160	2512	69.3438	0x64b1d1b6	255	178	74
11	0	1	150	3161	2496	62.1953	0x71f290b4	255	147	74
11	0	1	151	3161	2497	62.6797	0x7132c0dd	255	150	74
11	0	1	152	3161	2498	63.1094	0x70b2b0e8	255	153	75
11	0	1	153	3161	2499	63.6016	0x6f32b913	255	156	75
11	0	1	154	3161	2500	64.0312	0x6ff2c905	255	156	75
11	0	1	155	3161	2501	64.5156	0x6eb2590c	255	157	74
11	0	1	156	3161	2502	64.9844	0x6f32d11a	255	158	76
11	0	1	157	3161	2503	65.4297	0x6d727132	255	162	75
11	0	1	158	3161	2504	65.9297	0x6b725156	255	165	74
11	0	1	159	3161	2505	66.3906	0x69b22970	255	168	76
11	0	1	160	3161	2506	66.9062	0x6c74b193	255	172	87
11	0	1	161	3161	2507	67.1562	0x7137f192	255	177	97
11	0	1	162	3161	2508	67.4297	0x6d37f9d4	255	183	98
11	0	1	163	3161	2509	67.6797	0x6b3851f5	255	186	96
11	0	1	164	3161	2510	67.9297	0x69f5f1db	255	184	92
11	0	1	165	3161	2511	68.3516	0x66f2c1b4	255	179	79
11	0	1	166	3161	2512	68.8594	0x64f1c9b3	255	177	74
11	0	1	167	3162	2496	61.9688	0x6f73a936	255	162	80
11	0	1	168	3162	2497	62.3672	0x6c73696a	255	169	79
11	0	1	169	3162	2498	62.8359	0x6b737180	255	171	80
11	0	1	170	3162	2499	63.2344	0x697371a1	255	175	80
11	0	1	171	3162	2500	63.7031	0x68f2898b	255	173	77
11	0	1	172	3162	2501	64.1797	0x68f2d194	255	173	77
11	0	1	173	3162	2502	64.625	0x6973299b	255	175	80
11	0	1	174	3162	2503	65.0703	0x6833a9bd	255	178	81
11	0	1	175	3162	2504	65.4766	0x663369d2	255	181	80
11	0	1	176	3162	2505	65.9453	0x663411e3	255	184	84
11	0	1	177	3162	2506	66.2969	0x62f54a25	255	191	91
11	0	1	178	3162	2507	66.6719	0x67b87223	255	194	105
11	0	1	179	3162	2508	66.7891	0x6779ea3a	255	195	104
11	0	1	180	3162	2509	67.0625	0x66b6420e	255	191	93
11	0	1	181	3162	2510	67.4375	0x677429d3	255	183	85
11	0	1	182	3162	2511	67.875	0x667291b4	255	178	77
11	0	1	183	3162	2512	68.3828	0x64f1c9b3	255	177	74
11	0	1	184	3163	2496	61.5547	0x6c35e9ba	255	180	90
11	0	1	185	3163	2497	61.9141	0x67f521e4	255	185	88
11	0	1	186	3163	2498	62.2891	0x63b49210	255	190	87
11	0	1	187	3163	2499	62.6953	0x60f34a12	255	190	83
11	0	1	188	3163	2500	63.1797	0x5fb2b211	255	189	79
11	0	1	189	3163	2501	63.6406	0x5f330a1f	255	191	81
11	0	1	190	3163	2502	64.0938	0x6234521b	255	191	86
11	0	1	191	3163	2503	64.4453	0x61748228	255	193	87
11	0	1	192	3163	2504	64.8828	0x5f33ca30	255	194	85
11	0	1	193	3163	2505	65.2969	0x60756244	255	198	91
11	0	1	194	3163	2506	65.6016	0x61774259	255	201	98
11	0	1	195	3163	2507	65.875	0x6278aa62	255	200	102
11	0	1	196	3163	2508	66.0781	0x65b72228	255	195	98
11	0	1	197	3163	2509	66.4609	0x64b449fc	255	188	86
11	0	1	198	3163	2510	66.8828	0x6532c9cf	255	181	79
11	0	1	199	3163	2511	67.3906	0x64b1d1b6	255	178	75
11	0	1	200	3163	2512	67.8984	0x64b1d1b6	255	178	74
11	0	1	201	3164	2496	61	0x6478724b	255	201	106
11	0	1	202	3164	2497	61.2734	0x5c36f287	255	206	98
11	0	1	203	3164	2498	61.6016	0x58758a93	255	206	92
11	0	1	204	3164	2499	61.9844	0x57f3da7b	255	204	87
11	0	1	205	3164	2500	62.4531	0x54336290	255	206	86
11	0	1	206	3164	2501	62.8828	0x54b35a8c	255	206	86
11	0	1	207	3164	2502	63.3516	0x55f3b287	255	205	87
11	0	1	208	3164	2503	63.75	0x59f4c278	255	204	90
11	0	1	209	3164	2504	64.125	0x5974aa7c	255	204	88
11	0	1	210	3164	2505	64.5312	0x5c35d276	255	205	95
11	0	1	211	3164	2506	64.8125	0x5f368266	255	202	95
11	0	1	212	3164	2507	65.1641	0x61b60243	255	198	93
11	0	1	213	3164	2508	65.4844	0x66354200	255	190	89
11	0	1	214	3164	2509	65.8906	0x6532f9d4	255	182	79
11	0	1	215	3164	2510	66.3984	0x64b1d1b6	255	179	75
11	0	1	216	3164	2511	66.9062	0x64b1d1b6	255	178	74
11	0	1	217	3164	2512	67.4141	0x64f1c9b3	255	177	74
11	0	1	218	3165	2497	60.2344	0x5079d304	255	223	112
11	0	1	219	3165	2498	60.5312	0x4974a2f3	255	222	96
11	0	1	220	3165	2499	61.0312	0x49f3d2e3	255	219	91
11	0	1	221	3165	2500	61.3984	0x4bf3fad7	255	218	92
11	0	1	222	3165	2501	61.8828	0x4af2bac9	255	216	88
11	0	1	223	3165	2502	62.3672	0x4c7332c6	255	215	88
11	0	1	224	3165	2503	62.8047	0x5273d2a8	255	211	88
11	0	1	225	3165	2504	63.2266	0x55b39a88	255	206	87
11	0	1	226	3165	2505	63.6797	0x58f40a75	255	203	88
11	0	1	227	3165	2506	64.0625	0x5f348a40	255	197	88
11	0	1	228	3165	2507	64.4688	0x6233ea13	255	190	84
11	0	1	229	3165	2508	64.8984	0x6472b1d7	255	182	78
11	0	1	230	3165	2509	65.4062	0x64f1c9b3	255	178	75
11	0	1	231	3165	2510	65.9141	0x64f1c9b3	255	177	74
11	0	1	232	3165	2511	66.4219	0x64b1b9b3	255	177	74
11	0	1	233	3165	2512	66.9375	0x64b1b9b3	255	177	74
11	0	1	234	3166	2499	59.6875	0x3af2431b	255	229	92
11	0	1	235	3166	2500	60.25	0x40f21af8	255	223	87
11	0	1	236	3166	2501	60.7344	0x46f28ade	255	219	88
11	0	1	237	3166	2502	61.2422	0x4ab142ad	255	211	79
11	0	1	238	3166	2503	61.8516	0x4ff0e27c	255	203	76
11	0	1	239	3166	2504	62.3906	0x59b1b239	255	195	76
11	0	1	240	3166	2505	62.8984	0x5db1f214	255	189	76
11	0	1	241	3166	2506	63.4062	0x60b1e1ef	255	185	78
11	0	1	242	3166	2507	63.9141	0x6331d9ce	255	180	75
11	0	1	243	3166	2508	64.4219	0x64f1c9b3	255	178	75
11	0	1	244	3166	2509	64.9297	0x64f1c9b3	255	177	74
11	0	1	245	3166	2510	65.4375	0x64f1c9b3	255	177	74
11	0	1	246	3166	2511	65.9453	0x64f1c9b3	255	177	74
11	0	1	247	3166	2512	66.4531	0x64b1d1b6	255	177	74
11	0	1	248	3166	2498	59.2109	0x3e74fb34	255	232	98
11	0	1	249	3167	2498	57.4609	0x2d2f9b20	255	233	87
11	0	1	250	3167	2499	58.0312	0x35efd302	255	226	81
11	0	1	251	3167	2500	58.8047	0x396e72d2	255	217	72
11	0	1	252	3167	2501	59.5625	0x426dfa91	255	206	67
11	0	1	253	3167	2502	60.3594	0x4c2de246	255	193	61
11	0	1	254	3167	2503	61.0781	0x542df9ff	255	184	61
11	0	1	255	3167	2504	61.8203	0x5b6ed1cb	255	178	62
11	0	1	256	3167	2505	62.4141	0x62b0e9b4	255	178	72
11	0	1	257	3167	2506	62.9219	0x64b1d1b6	255	178	74
11	0	1	258	3167	2507	63.4297	0x64b1d1b6	255	178	74
11	0	1	259	3167	2508	63.9375	0x64b1d1b6	255	178	74
11	0	1	260	3167	2509	64.4453	0x64b1d1b6	255	178	74
11	0	1	261	3167	2510	64.9531	0x64b1d1b6	255	178	74
11	0	1	262	3167	2511	65.4609	0x64b1d1b6	255	178	74
11	0	1	263	3167	2512	65.9688	0x64b1d1b6	255	178	74
11	0	1	264	3168	2496	50	0x11abc30b	255	237	111
11	0	1	265	3167	2497	56.625	0x2bf55382	255	247	111
11	0	1	266	3168	2497	54.1094	0xda92ac3	255	205	33
11	0	1	267	3168	2498	55.5781	0x222afad1	255	218	58
11	0	1	268	3168	2499	56.7188	0x336b5a98	255	202	51
11	0	1	269	3168	2500	57.75	0x3e6b2a53	255	191	49
11	0	1	270	3168	2501	58.7812	0x472b120c	255	180	46
11	0	1	271	3168	2502	59.7188	0x4fab51c2	255	173	47
11	0	1	272	3168	2503	60.625	0x58ac7188	255	167	51
11	0	1	273	3168	2504	61.3438	0x5faef193	255	172	63
11	0	1	274	3168	2505	61.9297	0x62f101b4	255	177	71
11	0	1	275	3168	2506	62.4375	0x64b1d1b6	255	178	74
11	0	1	276	3168	2507	62.9453	0x64b1d1b6	255	178	74
11	0	1	277	3168	2508	63.4531	0x64f1c9b3	255	177	74
11	0	1	278	3168	2509	63.9609	0x64f1c9b3	255	177	74
11	0	1	279	3168	2510	64.4688	0x64f1c9b3	255	177	74
11	0	1	280	3168	2511	64.9766	0x64f1c9b3	255	177	74
11	0	1	281	3168	2512	65.4844	0x64f1c9b3	255	177	74
11	1	0	0	3152	2496	64.5625	0x6382427f	255	203	128
11	1	0	1	3153	2496	63.9453	0x6bfc6a18	255	194	116
11	1	0	2	3153	2497	64.0156	0x6ebab9e4	255	187	109
11	1	0	3	3152	2497	64.625	0x6cbcaa11	255	193	117
11	1	0	4	3152	2498	64.7734	0x71fb51ba	255	181	113
11	1	0	5	3153	2498	64.2812	0x7237496f	255	170	94
11	1	0	6	3153	2499	64.5859	0x74b68122	255	159	91
11	1	0	7	3152	2499	64.9219	0x74f93163	255	170	103
11	1	0	8	3152	2500	65.2109	0x73f7614b	255	161	92
11	1	0	9	3153	2500	64.9062	0x73f400c4	255	146	80
11	1	0	10	3153	2501	65.3984	0x7271f85b	255	139	75
11	1	0	11	3152	2501	65.4844	0x743498de	255	147	84
11	1	0	12	3152	2502	65.9766	0x6fb208dd	255	147	72
11	1	0	13	3153	2502	65.8828	0x7271f85b	255	137	71
11	1	0	14	3153	2503	66.375	0x7231e858	255	137	71
11	1	0	15	3152	2503	66.4609	0x6fb208dd	255	146	72
11	1	0	16	3152	2504	66.9531	0x7031f0cb	255	145	72
11	1	0	17	3153	2504	66.8672	0x7271f85b	255	137	71
11	1	0	18	3153	2505	67.3516	0x7271f85b	255	137	71
11	1	0	19	3152	2505	67.4453	0x713200a5	255	144	72
11	1	0	20	3152	2506	67.9297	0x7271f85b	255	139	73
11	1	0	21	3153	2506	67.8438	0x7271f85b	255	137	71
11	1	0	22	3153	2507	68.3281	0x7271f85b	255	137	71
11	1	0	23	3152	2507	68.4219	0x7271f85b	255	137	71
11	1	0	24	3152	2508	68.9062	0x7271f85b	255	137	71
11	1	0	25	3153	2508	68.8203	0x7271f85b	255	137	71
11	1	0	26	3153	2509	69.3047	0x7271f85b	255	137	71
11	1	0	27	3152	2509	69.3984	0x7271f85b	255	137	71
11	1	0	28	3152	2510	69.8828	0x7271f85b	255	137	71
11	1	0	29	3153	2510	69.7969	0x7271f85b	255	137	71
11	1	0	30	3153	2511	70.2812	0x7271f85b	255	137	71
11	1	0	31	3152	2511	70.375	0x7271f85b	255	137	71
11	1	0	32	3152	2512	70.8594	0x7271f85b	255	137	71
11	1	0	33	3153	2512	70.7734	0x7231e858	255	137	71
11	1	0	34	3154	2496	63.3281	0x6f7a61d6	255	183	107
11	1	0	35	3154	2497	63.5469	0x70f5e165	255	169	91
11	1	0	36	3154	2498	64	0x72b46905	255	155	84
11	1	0	37	3154	2499	64.3281	0x7473e8ad	255	144	80
11	1	0	38	3154	2500	64.8203	0x7271f85b	255	139	74
11	1	0	39	3154	2501	65.3047	0x7271f85b	255	137	71
11	1	0	40	3154	2502	65.7969	0x7231e858	255	137	71
11	1	0	41	3154	2503	66.2891	0x7271f85b	255	137	71
11	1	0	42	3154	2504	66.7734	0x7271f85b	255	137	71
11	1	0	43	3154	2505	67.2656	0x7271f85b	255	137	71
11	1	0	44	3154	2506	67.75	0x7271f85b	255	137	71
11	1	0	45	3154	2507	68.2422	0x7271f85b	255	137	71
11	1	0	46	3154	2508	68.7266	0x7271f85b	255	137	71
11	1	0	47	3154	2509	69.2188	0x7271f85b	255	137	71
11	1	0	48	3154	2510	69.7031	0x7271f85b	255	137	71
11	1	0	49	3154	2511	70.1953	0x7231e858	255	137	71
11	1	0	50	3154	2512	70.6875	0x7271f85b	255	137	71
11	1	0	51	3155	2496	62.9062	0x74f76137	255	163	95
11	1	0	52	3155	2497	63.2656	0x73b398bc	255	149	78
11	1	0	53	3155	2498	63.75	0x713200a9	255	143	72
11	1	0	54	3155	2499	64.2422	0x7271f85b	255	139	74
11	1	0	55	3155	2500	64.7266	0x7271f85b	255	137	71
11	1	0	56	3155	2501	65.2188	0x7231e85b	255	137	71
11	1	0	57	3155	2502	65.7109	0x7271f85b	255	137	71
11	1	0	58	3155	2503	66.1953	0x7271f85b	255	137	71
11	1	0	59	3155	2504	66.6875	0x7271f85b	255	137	71
11	1	0	60	3155	2505	67.1719	0x7271f85b	255	137	71
11	1	0	61	3155	2506	67.6641	0x7271f85b	255	137	71
11	1	0	62	3155	2507	68.1484	0x7271f85b	255	137	71
11	1	0	63	3155	2508	68.6406	0x7271f85b	255	137	71
11	1	0	64	3155	2509	69.125	0x7271f85b	255	137	71
11	1	0	65	3155	2510	69.6172	0x7231e858	255	137	71
11	1	0	66	3155	2511	70.1094	0x7271f85b	255	137	71
11	1	0	67	3155	2512	70.5938	0x7271f85b	255	137	71
11	1	0	68	3156	2496	62.6875	0x7534309e	255	146	80
11	1	0	69	3156	2497	63.1719	0x7271f85b	255	137	71
11	1	0	70	3156	2498	63.6641	0x7271f85b	255	137	71
11	1	0	71	3156	2499	64.1484	0x7271f85b	255	137	71
11	1	0	72	3156	2500	64.6406	0x7271f85b	255	137	71
11	1	0	73	3156	2501	65.125	0x7271f85b	255	137	71
11	1	0	74	3156	2502	65.6172	0x7231e85b	255	137	71
11	1	0	75	3156	2503	66.1094	0x7271f85b	255	137	71
11	1	0	76	3156	2504	66.5938	0x7271f85b	255	137	71
11	1	0	77	3156	2505	67.0859	0x7271f85b	255	137	71
11	1	0	78	3156	2506	67.5703	0x7271f85b	255	137	71
11	1	0	79	3156	2507	68.0625	0x7271f85b	255	137	71
11	1	0	80	3156	2508	68.5469	0x7271f85b	255	137	71
11	1	0	81	3156	2509	69.0391	0x7231e858	255	137	71
11	1	0	82	3156	2510	69.5312	0x7271f85b	255	137	71
11	1	0	83	3156	2511	70.0156	0x7271f85b	255	137	71
11	1	0	84	3156	2512	70.5078	0x7171705b	255	137	70
11	1	0	85	3157	2496	62.5938	0x7271f85b	255	137	71
11	1	0	86	3157	2497	63.0859	0x7271f85b	255	137	71
11	1	0	87	3157	2498	63.5703	0x7271f85b	255	137	71
11	1	0	88	3157	2499	64.0625	0x7271f85b	255	137	71
11	1	0	89	3157	2500	64.5469	0x7271f85b	255	137	71
11	1	0	90	3157	2501	65.0391	0x7231e858	255	137	71
11	1	0	91	3157	2502	65.5312	0x7271f85b	255	137	71
11	1	0	92	3157	2503	66.0156	0x7271f85b	255	137	71
11	1	0	93	3157	2504	66.5078	0x7271f85b	255	137	71
11	1	0	94	3157	2505	66.9922	0x7271f85b	255	137	71
11	1	0	95	3157	2506	67.4844	0x7271f85b	255	137	71
11	1	0	96	3157	2507	67.9688	0x7271f85b	255	137	71
11	1	0	97	3157	2508	68.4609	0x7231e858	255	137	71
11	1	0	98	3157	2509	68.9531	0x71f20077	255	140	72
11	1	0	99	3157	2510	69.4375	0x71720096	255	143	71
11	1	0	100	3157	2511	69.9297	0x71b2008e	255	142	72
11	1	0	101	3157	2512	70.4141	0x7172009a	255	143	71
11	1	0	102	3158	2496	62.5078	0x7271f85b	255	137	71
11	1	0	103	3158	2497	62.9922	0x7271f85b	255	137	71
11	1	0	104	3158	2498	63.4844	0x7271f85b	255	137	71
11	1	0	105	3158	2499	63.9688	0x7271f85b	255	137	71
11	1	0	106	3158	2500	64.4609	0x7231e858	255	137	71
11	1	0	107	3158	2501	64.9531	0x7271f85b	255	137	71
11	1	0	108	3158	2502	65.4375	0x7271f85b	255	137	71
11	1	0	109	3158	2503	65.9297	0x7271f85b	255	137	71
11	1	0	110	3158	2504	66.4141	0x7271f85b	255	137	71
11	1	0	111	3158	2505	66.9062	0x7271f85b	255	137	71
11	1	0	112	3158	2506	67.3906	0x7271f85b	255	138	72
11	1	0	113	3158	2507	67.8828	0x71f1e86f	255	139	71
11	1	0	114	3158	2508	68.375	0x7272a8a1	255	143	74
11	1	0	115	3158	2509	68.8047	0x733368c0	255	148	77
11	1	0	116	3158	2510	69.2344	0x6fb298fe	255	154	76
11	1	0	117	3158	2511	69.7344	0x6d323128	255	158	73
11	1	0	118	3158	2512	70.2031	0x6e32711e	255	158	73
11	1	0	119	3159	2496	62.4141	0x7271f85b	255	137	71
11	1	0	120	3159	2497	62.9062	0x7271f85b	255	137	71
11	1	0	121	3159	2498	63.3906	0x7271f85b	255	137	71
11	1	0	122	3159	2499	63.8828	0x7231e858	255	138	72
11	1	0	123	3159	2500	64.375	0x72320073	255	140	71
11	1	0	124	3159	2501	64.8594	0x72320073	255	140	71
11	1	0	125	3159	2502	65.3516	0x71f20077	255	140	71
11	1	0	126	3159	2503	65.8359	0x72320073	255	140	71
11	1	0	127	3159	2504	66.3281	0x7232006f	255	139	71
11	1	0	128	3159	2505	66.8125	0x7271f85b	255	138	71
11	1	0	129	3159	2506	67.3047	0x72f27073	255	140	73
11	1	0	130	3159	2507	67.75	0x73f3b0b1	255	147	78
11	1	0	131	3159	2508	68.1406	0x71b3f10c	255	158	80
11	1	0	132	3159	2509	68.5703	0x71747128	255	162	83
11	1	0	133	3159	2510	68.9219	0x6fb4d95e	255	168	85
11	1	0	134	3159	2511	69.3203	0x68f3019d	255	173	78
11	1	0	135	3159	2512	69.8281	0x6731c18e	255	172	73
11	1	0	136	3160	2496	62.3281	0x7232006f	255	139	72
11	1	0	137	3160	2497	62.8125	0x72320073	255	140	71
11	1	0	138	3160	2498	63.3047	0x7171e88e	255	141	72
11	1	0	139	3160	2499	63.7969	0x72b2908e	255	142	74
11	1	0	140	3160	2500	64.2344	0x723290ad	255	145	74
11	1	0	141	3160	2501	64.7266	0x713218ad	255	146	72
11	1	0	142	3160	2502	65.2031	0x70b208b8	255	147	72
11	1	0	143	3160	2503	65.7031	0x6ff1d8cb	255	148	71
11	1	0	144	3160	2504	66.1953	0x6f3180c7	255	147	71
11	1	0	145	3160	2505	66.7266	0x703220d2	255	146	72
11	1	0	146	3160	2506	67.1641	0x743418c7	255	151	79
11	1	0	147	3160	2507	67.5312	0x73f5f922	255	160	88
11	1	0	148	3160	2508	67.8281	0x71b5f955	255	168	89
11	1	0	149	3160	2509	68.1953	0x6df5e99d	255	176	90
11	1	0	150	3160	2510	68.5	0x6c3659c3	255	180	90
11	1	0	151	3160	2511	68.8359	0x68b3c1b8	255	179	83
11	1	0	152	3160	2512	69.3438	0x64b1d1b6	255	178	74
11	1	0	153	3161	2496	62.1953	0x71f290b4	255	147	74
11	1	0	154	3161	2497	62.6797	0x7132c0dd	255	150	74
11	1	0	155	3161	2498	63.1094	0x70b2b0e8	255	153	75
11	1	0	156	3161	2499	63.6016	0x6f32b913	255	156	75
11	1	0	157	3161	2500	64.0312	0x6ff2c905	255	156	75
11	1	0	158	3161	2501	64.5156	0x6eb2590c	255	157	74
11	1	0	159	3161	2502	64.9844	0x6f32d11a	255	158	76
11	1	0	160	3161	2503	65.4297	0x6d727132	255	162	75
11	1	0	161	3161	2504	65.9297	0x6b725156	255	165	74
11	1	0	162	3161	2505	66.3906	0x69b22970	255	168	76
11	1	0	163	3161	2506	66.9062	0x6c74b193	255	172	87
11	1	0	164	3161	2507	67.1562	0x7137f192	255	177	97
11	1	0	165	3161	2508	67.4297	0x6d37f9d4	255	183	98
11	1	0	166	3161	2509	67.6797	0x6b3851f5	255	186	96
11	1	0	167	3161	2510	67.9297	0x69f5f1db	255	184	92
11	1	0	168	3161	2511	68.3516	0x66f2c1b4	255	179	79
11	1	0	169	3161	2512	68.8594	0x64f1c9b3	255	177	74
11	1	0	170	3162	2496	61.9688	0x6f73a936	255	162	80
11	1	0	171	3162	2497	62.3672	0x6c73696a	255	169	79
11	1	0	172	3162	2498	62.8359	0x6b737180	255	171	80
11	1	0	173	3162	2499	63.2344	0x697371a1	255	175	80
11	1	0	174	3162	2500	63.7031	0x68f2898b	255	173	77
11	1	0	175	3162	2501	64.1797	0x68f2d194	255	173	77
11	1	0	176	3162	2502	64.625	0x6973299b	255	175	80
11	1	0	177	3162	2503	65.0703	0x6833a9bd	255	178	81
11	1	0	178	3162	2504	65.4766	0x663369d2	255	181	80
11	1	0	179	3162	2505	65.9453	0x663411e3	255	184	84
11	1	0	180	3162	2506	66.2969	0x62f54a25	255	191	91
11	1	0	181	3162	2507	66.6719	0x67b87223	255	194	105
11	1	0	182	3162	2508	66.7891	0x6779ea3a	255	195	104
11	1	0	183	3162	2509	67.0625	0x66b6420e	255	191	93
11	1	0	184	3162	2510	67.4375	0x677429d3	255	183	85
11	1	0	185	3162	2511	67.875	0x667291b4	255	178	77
11	1	0	186	3162	2512	68.3828	0x64f1c9b3	255	177	74
11	1	0	187	3163	2496	61.5547	0x6c35e9ba	255	180	90
11	1	0	188	3163	2497	61.9141	0x67f521e4	255	185	88
11	1	0	189	3163	2498	62.2891	0x63b49210	255	190	87
11	1	0	190	3163	2499	62.6953	0x60f34a12	255	190	83
11	1	0	191	3163	2500	63.1797	0x5fb2b211	255	189	79
11	1	0	192	3163	2501	63.6406	0x5f330a1f	255	191	81
11	1	0	193	3163	2502	64.0938	0x6234521b	255	191	86
11	1	0	194	3163	2503	64.4453	0x61748228	255	193	87
11	1	0	195	3163	2504	64.8828	0x5f33ca30	255	194	85
11	1	0	196	3163	2505	65.2969	0x60756244	255	198	91
11	1	0	197	3163	2506	65.6016	0x61774259	255	201	98
11	1	0	198	3163	2507	65.875	0x6278aa62	255	200	102
11	1	0	199	3163	2508	66.0781	0x65b72228	255	195	98
11	1	0	200	3163	2509	66.4609	0x64b449fc	255	188	86
11	1	0	201	3163	2510	66.8828	0x6532c9cf	255	181	79
11	1	0	202	3163	2511	67.3906	0x64b1d1b6	255	178	75
11	1	0	203	3163	2512	67.8984	0x64b1d1b6	255	178	74
11	1	0	204	3164	2496	61	0x6478724b	255	201	106
11	1	0	205	3164	2497	61.2734	0x5c36f287	255	206	98
11	1	0	206	3164	2498	61.6016	0x58758a93	255	206	92
11	1	0	207	3164	2499	61.9844	0x57f3da7b	255	204	87
11	1	0	208	3164	2500	62.4531	0x54336290	255	206	86
11	1	0	209	3164	2501	62.8828	0x54b35a8c	255	206	86
11	1	0	210	3164	2502	63.3516	0x55f3b287	255	205	87
11	1	0	211	3164	2503	63.75	0x59f4c278	255	204	90
11	1	0	212	3164	2504	64.125	0x5974aa7c	255	204	88
11	1	0	213	3164	2505	64.5312	0x5c35d276	255	205	95
11	1	0	214	3164	2506	64.8125	0x5f368266	255	202	95
11	1	0	215	3164	2507	65.1641	0x61b60243	255	198	93
11	1	0	216	3164	2508	65.4844	0x66354200	255	190	89
11	1	0	217	3164	2509	65.8906	0x6532f9d4	255	182	79
11	1	0	218	3164	2510	66.3984	0x64b1d1b6	255	179	75
11	1	0	219	3164	2511	66.9062	0x64b1d1b6	255	178	74
11	1	0	220	3164	2512	67.4141	0x64f1c9b3	255	177	74
11	1	0	221	3165	2496	60.1328	0x56fd0aea	255	220	119
11	1	0	222	3165	2497	60.2344	0x5079d304	255	223	112
11	1	0	223	3165	2498	60.5312	0x4974a2f3	255	222	96
11	1	0	224	3165	2499	61.0312	0x49f3d2e3	255	219	91
11	1	0	225	3165	2500	61.3984	0x4bf3fad7	255	218	92
11	1	0	226	3165	2501	61.8828	0x4af2bac9	255	216	88
11	1	0	227	3165	2502	62.3672	0x4c7332c6	255	215	88
11	1	0	228	3165	2503	62.8047	0x5273d2a8	255	211	88
11	1	0	229	3165	2504	63.2266	0x55b39a88	255	206	87
11	1	0	230	3165	2505	63.6797	0x58f40a75	255	203	88
11	1	0	231	3165	2506	64.0625	0x5f348a40	255	197	88
11	1	0	232	3165	2507	64.4688	0x6233ea13	255	190	84
11	1	0	233	3165	2508	64.8984	0x6472b1d7	255	182	78
11	1	0	234	3165	2509	65.4062	0x64f1c9b3	255	178	75
11	1	0	235	3165	2510	65.9141	0x64f1c9b3	255	177	74
11	1	0	236	3165	2511	66.4219	0x64b1b9b3	255	177	74
11	1	0	237	3165	2512	66.9375	0x64b1b9b3	255	177	74
11	1	0	238	3166	2503	61.8516	0x4ff0e27c	255	203	76
11	1	0	239	3166	2504	62.3906	0x59b1b239	255	195	76
11	1	0	240	3166	2505	62.8984	0x5db1f214	255	189	76
11	1	0	241	3166	2506	63.4062	0x60b1e1ef	255	185	78
11	1	0	242	3166	2507	63.9141	0x6331d9ce	255	180	75
11	1	0	243	3166	2508	64.4219	0x64f1c9b3	255	178	75
11	1	0	244	3166	2509	64.9297	0x64f1c9b3	255	177	74
11	1	0	245	3166	2510	65.4375	0x64f1c9b3	255	177	74
11	1	0	246	3166	2511	65.9453	0x64f1c9b3	255	177	74
11	1	0	247	3166	2512	66.4531	0x64b1d1b6	255	177	74
11	1	0	248	3166	2502	61.2422	0x4ab142ad	255	211	79
11	1	0	249	3167	2502	60.3594	0x4c2de246	255	193	61
11	1	0	250	3167	2503	61.0781	0x542df9ff	255	184	61
11	1	0	251	3167	2504	61.8203	0x5b6ed1cb	255	178	62
11	1	0	252	3167	2505	62.4141	0x62b0e9b4	255	178	72
11	1	0	253	3167	2506	62.9219	0x64b1d1b6	255	178	74
11	1	0	254	3167	2507	63.4297	0x64b1d1b6	255	178	74
11	1	0	255	3167	2508	63.9375	0x64b1d1b6	255	178	74
11	1	0	256	3167	2509	64.4453	0x64b1d1b6	255	178	74
11	1	0	257	3167	2510	64.9531	0x64b1d1b6	255	178	74
11	1	0	258	3167	2511	65.4609	0x64b1d1b6	255	178	74
11	1	0	259	3167	2512	65.9688	0x64b1d1b6	255	178	74
11	1	0	260	3168	2502	59.7188	0x4fab51c2	255	173	47
11	1	0	261	3168	2503	60.625	0x58ac7188	255	167	51
11	1	0	262	3168	2504	61.3438	0x5faef193	255	172	63
11	1	0	263	3168	2505	61.9297	0x62f101b4	255	177	71
11	1	0	264	3168	2506	62.4375	0x64b1d1b6	255	178	74
11	1	0	265	3168	2507	62.9453	0x64b1d1b6	255	178	74
11	1	0	266	3168	2508	63.4531	0x64f1c9b3	255	177	74
11	1	0	267	3168	2509	63.9609	0x64f1c9b3	255	177	74
11	1	0	268	3168	2510	64.4688	0x64f1c9b3	255	177	74
11	1	0	269	3168	2511	64.9766	0x64f1c9b3	255	177	74
11	1	0	270	3168	2512	65.4844	0x64f1c9b3	255	177	74
11	2	4	0	3152	2496	64.5625	0x6382427f	255	203	128
11	2	4	1	3153	2496	63.9453	0x6bfc6a18	255	194	116
11	2	4	2	3153	2497	64.0156	0x6ebab9e4	255	187	109
11	2	4	3	3152	2497	64.625	0x6cbcaa11	255	193	117
11	2	4	4	3152	2498	64.7734	0x71fb51ba	255	181	113
11	2	4	5	3153	2498	64.2812	0x7237496f	255	170	94
11	2	4	6	3153	2499	64.5859	0x74b68122	255	159	91
11	2	4	7	3152	2499	64.9219	0x74f93163	255	170	103
11	2	4	8	3152	2500	65.2109	0x73f7614b	255	161	92
11	2	4	9	3153	2500	64.9062	0x73f400c4	255	146	80
11	2	4	10	3153	2501	65.3984	0x7271f85b	255	139	75
11	2	4	11	3152	2501	65.4844	0x743498de	255	147	84
11	2	4	12	3154	2496	63.3281	0x6f7a61d6	255	183	107
11	2	4	13	3154	2497	63.5469	0x70f5e165	255	169	91
11	2	4	14	3154	2498	64	0x72b46905	255	155	84
11	2	4	15	3154	2499	64.3281	0x7473e8ad	255	144	80
11	2	4	16	3155	2496	62.9062	0x74f76137	255	163	95
11	2	4	17	3155	2497	63.2656	0x73b398bc	255	149	78
11	2	4	18	3155	2498	63.75	0x713200a9	255	143	72
11	2	4	19	3155	2499	64.2422	0x7271f85b	255	139	74
11	2	4	20	3156	2496	62.6875	0x7534309e	255	146	80
11	2	4	21	3156	2497	63.1719	0x7271f85b	255	137	71
11	2	4	22	3156	2498	63.6641	0x7271f85b	255	137	71
11	2	4	23	3158	2508	68.375	0x7272a8a1	255	143	74
11	2	4	24	3157	2509	68.9531	0x71f20077	255	140	72
11	2	4	25	3158	2509	68.8047	0x733368c0	255	148	77
11	2	4	26	3158	2510	69.2344	0x6fb298fe	255	154	76
11	2	4	27	3157	2510	69.4375	0x71720096	255	143	71
11	2	4	28	3157	2511	69.9297	0x71b2008e	255	142	72
11	2	4	29	3158	2511	69.7344	0x6d323128	255	158	73
11	2	4	30	3158	2512	70.2031	0x6e32711e	255	158	73
11	2	4	31	3157	2512	70.4141	0x7172009a	255	143	71
11	2	4	32	3159	2507	67.75	0x73f3b0b1	255	147	78
11	2	4	33	3159	2508	68.1406	0x71b3f10c	255	158	80
11	2	4	34	3159	2509	68.5703	0x71747128	255	162	83
11	2	4	35	3159	2510	68.9219	0x6fb4d95e	255	168	85
11	2	4	36	3159	2511	69.3203	0x68f3019d	255	173	78
11	2	4	37	3159	2512	69.8281	0x6731c18e	255	172	73
11	2	4	38	3159	2505	66.8125	0x7271f85b	255	138	71
11	2	4	39	3160	2505	66.7266	0x703220d2	255	146	72
11	2	4	40	3160	2506	67.1641	0x743418c7	255	151	79
11	2	4	41	3159	2506	67.3047	0x72f27073	255	140	73
11	2	4	42	3160	2507	67.5312	0x73f5f922	255	160	88
11	2	4	43	3160	2508	67.8281	0x71b5f955	255	168	89
11	2	4	44	3160	2509	68.1953	0x6df5e99d	255	176	90
11	2	4	45	3160	2510	68.5	0x6c3659c3	255	180	90
11	2	4	46	3160	2511	68.8359	0x68b3c1b8	255	179	83
11	2	4	47	3160	2512	69.3438	0x64b1d1b6	255	178	74
11	2	4	48	3160	2496	62.3281	0x7232006f	255	139	72
11	2	4	49	3161	2496	62.1953	0x71f290b4	255	147	74
11	2	4	50	3161	2497	62.6797	0x7132c0dd	255	150	74
11	2	4	51	3160	2497	62.8125	0x72320073	255	140	71
11	2	4	52	3160	2498	63.3047	0x7171e88e	255	141	72
11	2	4	53	3161	2498	63.1094	0x70b2b0e8	255	153	75
11	2	4	54	3161	2499	63.6016	0x6f32b913	255	156	75
11	2	4	55	3160	2499	63.7969	0x72b2908e	255	142	74
11	2	4	56	3160	2500	64.2344	0x723290ad	255	145	74
11	2	4	57	3161	2500	64.0312	0x6ff2c905	255	156	75
11	2	4	58	3161	2501	64.5156	0x6eb2590c	255	157	74
11	2	4	59	3160	2501	64.7266	0x713218ad	255	146	72
11	2	4	60	3160	2502	65.2031	0x70b208b8	255	147	72
11	2	4	61	3161	2502	64.9844	0x6f32d11a	255	158	76
11	2	4	62	3161	2503	65.4297	0x6d727132	255	162	75
11	2	4	63	3160	2503	65.7031	0x6ff1d8cb	255	148	71
11	2	4	64	3160	2504	66.1953	0x6f3180c7	255	147	71
11	2	4	65	3161	2504	65.9297	0x6b725156	255	165	74
11	2	4	66	3161	2505	66.3906	0x69b22970	255	168	76
11	2	4	67	3161	2506	66.9062	0x6c74b193	255	172	87
11	2	4	68	3161	2507	67.1562	0x7137f192	255	177	97
11	2	4	69	3161	2508	67.4297	0x6d37f9d4	255	183	98
11	2	4	70	3161	2509	67.6797	0x6b3851f5	255	186	96
11	2	4	71	3161	2510	67.9297	0x69f5f1db	255	184	92
11	2	4	72	3161	2511	68.3516	0x66f2c1b4	255	179	79
11	2	4	73	3161	2512	68.8594	0x64f1c9b3	255	177	74
11	2	4	74	3162	2496	61.9688	0x6f73a936	255	162	80
11	2	4	75	3162	2497	62.3672	0x6c73696a	255	169	79
11	2	4	76	3162	2498	62.8359	0x6b737180	255	171	80
11	2	4	77	3162	2499	63.2344	0x697371a1	255	175	80
11	2	4	78	3162	2500	63.7031	0x68f2898b	255	173	77
11	2	4	79	3162	2501	64.1797	0x68f2d194	255	173	77
11	2	4	80	3162	2502	64.625	0x6973299b	255	175	80
11	2	4	81	3162	2503	65.0703	0x6833a9bd	255	178	81
11	2	4	82	3162	2504	65.4766	0x663369d2	255	181	80
11	2	4	83	3162	2505	65.9453	0x663411e3	255	184	84
11	2	4	84	3162	2506	66.2969	0x62f54a25	255	191	91
11	2	4	85	3162	2507	66.6719	0x67b87223	255	194	105
11	2	4	86	3162	2508	66.7891	0x6779ea3a	255	195	104
11	2	4	87	3162	2509	67.0625	0x66b6420e	255	191	93
11	2	4	88	3162	2510	67.4375	0x677429d3	255	183	85
11	2	4	89	3162	2511	67.875	0x667291b4	255	178	77
11	2	4	90	3162	2512	68.3828	0x64f1c9b3	255	177	74
11	2	4	91	3163	2496	61.5547	0x6c35e9ba	255	180	90
11	2	4	92	3163	2497	61.9141	0x67f521e4	255	185	88
11	2	4	93	3163	2498	62.2891	0x63b49210	255	190	87
11	2	4	94	3163	2499	62.6953	0x60f34a12	255	190	83
11	2	4	95	3163	2500	63.1797	0x5fb2b211	255	189	79
11	2	4	96	3163	2501	63.6406	0x5f330a1f	255	191	81
11	2	4	97	3163	2502	64.0938	0x6234521b	255	191	86
11	2	4	98	3163	2503	64.4453	0x61748228	255	193	87
11	2	4	99	3163	2504	64.8828	0x5f33ca30	255	194	85
11	2	4	100	3163	2505	65.2969	0x60756244	255	198	91
11	2	4	101	3163	2506	65.6016	0x61774259	255	201	98
11	2	4	102	3163	2507	65.875	0x6278aa62	255	200	102
11	2	4	103	3163	2508	66.0781	0x65b72228	255	195	98
11	2	4	104	3163	2509	66.4609	0x64b449fc	255	188	86
11	2	4	105	3163	2510	66.8828	0x6532c9cf	255	181	79
11	2	4	106	3163	2511	67.3906	0x64b1d1b6	255	178	75
11	2	4	107	3163	2512	67.8984	0x64b1d1b6	255	178	74
11	2	4	108	3164	2496	61	0x6478724b	255	201	106
11	2	4	109	3164	2497	61.2734	0x5c36f287	255	206	98
11	2	4	110	3164	2498	61.6016	0x58758a93	255	206	92
11	2	4	111	3164	2499	61.9844	0x57f3da7b	255	204	87
11	2	4	112	3164	2500	62.4531	0x54336290	255	206	86
11	2	4	113	3164	2501	62.8828	0x54b35a8c	255	206	86
11	2	4	114	3164	2502	63.3516	0x55f3b287	255	205	87
11	2	4	115	3164	2503	63.75	0x59f4c278	255	204	90
11	2	4	116	3164	2504	64.125	0x5974aa7c	255	204	88
11	2	4	117	3164	2505	64.5312	0x5c35d276	255	205	95
11	2	4	118	3164	2506	64.8125	0x5f368266	255	202	95
11	2	4	119	3164	2507	65.1641	0x61b60243	255	198	93
11	2	4	120	3164	2508	65.4844	0x66354200	255	190	89
11	2	4	121	3164	2509	65.8906	0x6532f9d4	255	182	79
11	2	4	122	3164	2510	66.3984	0x64b1d1b6	255	179	75
11	2	4	123	3164	2511	66.9062	0x64b1d1b6	255	178	74
11	2	4	124	3164	2512	67.4141	0x64f1c9b3	255	177	74
11	2	4	125	3165	2496	60.1328	0x56fd0aea	255	220	119
11	2	4	126	3165	2497	60.2344	0x5079d304	255	223	112
11	2	4	127	3165	2498	60.5312	0x4974a2f3	255	222	96
11	2	4	128	3165	2499	61.0312	0x49f3d2e3	255	219	91
11	2	4	129	3165	2500	61.3984	0x4bf3fad7	255	218	92
11	2	4	130	3165	2501	61.8828	0x4af2bac9	255	216	88
11	2	4	131	3165	2502	62.3672	0x4c7332c6	255	215	88
11	2	4	132	3165	2503	62.8047	0x5273d2a8	255	211	88
11	2	4	133	3165	2504	63.2266	0x55b39a88	255	206	87
11	2	4	134	3165	2505	63.6797	0x58f40a75	255	203	88
11	2	4	135	3165	2506	64.0625	0x5f348a40	255	197	88
11	2	4	136	3165	2507	64.4688	0x6233ea13	255	190	84
11	2	4	137	3165	2508	64.8984	0x6472b1d7	255	182	78
11	2	4	138	3165	2509	65.4062	0x64f1c9b3	255	178	75
11	2	4	139	3165	2510	65.9141	0x64f1c9b3	255	177	74
11	2	4	140	3165	2511	66.4219	0x64b1b9b3	255	177	74
11	2	4	141	3165	2512	66.9375	0x64b1b9b3	255	177	74
11	2	4	142	3166	2496	58.8594	0x3fc35b70	255	235	130
11	2	4	143	3166	2497	58.9141	0x3c7a8b75	255	238	119
11	2	4	144	3166	2498	59.2109	0x3e74fb34	255	232	98
11	2	4	145	3166	2499	59.6875	0x3af2431b	255	229	92
11	2	4	146	3166	2500	60.25	0x40f21af8	255	223	87
11	2	4	147	3166	2501	60.7344	0x46f28ade	255	219	88
11	2	4	148	3166	2502	61.2422	0x4ab142ad	255	211	79
11	2	4	149	3166	2503	61.8516	0x4ff0e27c	255	203	76
11	2	4	150	3166	2504	62.3906	0x59b1b239	255	195	76
11	2	4	151	3166	2505	62.8984	0x5db1f214	255	189	76
11	2	4	152	3166	2506	63.4062	0x60b1e1ef	255	185	78
11	2	4	153	3166	2507	63.9141	0x6331d9ce	255	180	75
11	2	4	154	3166	2508	64.4219	0x64f1c9b3	255	178	75
11	2	4	155	3166	2509	64.9297	0x64f1c9b3	255	177	74
11	2	4	156	3166	2510	65.4375	0x64f1c9b3	255	177	74
11	2	4	157	3166	2511	65.9453	0x64f1c9b3	255	177	74
11	2	4	158	3166	2512	66.4531	0x64b1d1b6	255	177	74
11	2	4	159	3167	2496	56.7109	0x190a5bb3	255	251	134
11	2	4	160	3167	2497	56.625	0x2bf55382	255	247	111
11	2	4	161	3167	2498	57.4609	0x2d2f9b20	255	233	87
11	2	4	162	3167	2499	58.0312	0x35efd302	255	226	81
11	2	4	163	3167	2500	58.8047	0x396e72d2	255	217	72
11	2	4	164	3167	2501	59.5625	0x426dfa91	255	206	67
11	2	4	165	3167	2502	60.3594	0x4c2de246	255	193	61
11	2	4	166	3167	2503	61.0781	0x542df9ff	255	184	61
11	2	4	167	3167	2504	61.8203	0x5b6ed1cb	255	178	62
11	2	4	168	3167	2505	62.4141	0x62b0e9b4	255	178	72
11	2	4	169	3167	2506	62.9219	0x64b1d1b6	255	178	74
11	2	4	170	3167	2507	63.4297	0x64b1d1b6	255	178	74
11	2	4	171	3167	2508	63.9375	0x64b1d1b6	255	178	74
11	2	4	172	3167	2509	64.4453	0x64b1d1b6	255	178	74
11	2	4	173	3167	2510	64.9531	0x64b1d1b6	255	178	74
11	2	4	174	3167	2511	65.4609	0x64b1d1b6	255	178	74
11	2	4	175	3167	2512	65.9688	0x64b1d1b6	255	178	74
11	2	4	176	3168	2496	50	0x11abc30b	255	237	111
11	2	4	177	3168	2497	54.1094	0xda92ac3	255	205	33
11	2	4	178	3168	2498	55.5781	0x222afad1	255	218	58
11	2	4	179	3168	2499	56.7188	0x336b5a98	255	202	51
11	2	4	180	3168	2500	57.75	0x3e6b2a53	255	191	49
11	2	4	181	3168	2501	58.7812	0x472b120c	255	180	46
11	2	4	182	3168	2502	59.7188	0x4fab51c2	255	173	47
11	2	4	183	3168	2503	60.625	0x58ac7188	255	167	51
11	2	4	184	3168	2504	61.3438	0x5faef193	255	172	63
11	2	4	185	3168	2505	61.9297	0x62f101b4	255	177	71
11	2	4	186	3168	2506	62.4375	0x64b1d1b6	255	178	74
11	2	4	187	3168	2507	62.9453	0x64b1d1b6	255	178	74
11	2	4	188	3168	2508	63.4531	0x64f1c9b3	255	177	74
11	2	4	189	3168	2509	63.9609	0x64f1c9b3	255	177	74
11	2	4	190	3168	2510	64.4688	0x64f1c9b3	255	177	74
11	2	4	191	3168	2511	64.9766	0x64f1c9b3	255	177	74
11	2	4	192	3168	2512	65.4844	0x64f1c9b3	255	177	74
12	0	0	0	3104	2512	63.5078	0x5db89570	255	47	101
12	0	0	1	3105	2512	64.3047	0x6276d5b8	255	56	96
12	0	0	2	3105	2513	64.5938	0x6037ed92	255	50	101
12	0	0	3	3104	2513	63.7422	0x60397d7e	255	47	107
12	0	0	4	3104	2514	63.9297	0x60380590	255	50	101
12	0	0	5	3105	2514	64.8359	0x5eb92573	255	46	106
12	0	0	6	3105	2515	65.0391	0x61793d8e	255	49	103
12	0	0	7	3104	2515	64.2656	0x62b6edb9	255	56	97
12	0	0	8	3104	2516	64.5312	0x66f7fdd9	255	59	99
12	0	0	9	3105	2516	65.2734	0x6078ad89	255	49	104
12	0	0	10	3105	2517	65.5156	0x61b95d8d	255	50	104
12	0	0	11	3104	2517	64.7891	0x68378dee	255	63	98
12	0	0	12	3104	2518	65.0859	0x6c37de1e	255	68	99
12	0	0	13	3105	2518	65.7031	0x63b975a3	255	53	106
12	0	0	14	3105	2519	65.9375	0x663a45b5	255	55	109
12	0	0	15	3104	2519	65.3203	0x6ef91e33	255	71	102
12	0	0	16	3104	2520	65.5312	0x72fa0667	255	78	105
12	0	0	17	3105	2520	66.0703	0x69bbd5d0	255	58	113
12	0	0	18	3105	2521	66.2031	0x6c7addfa	255	62	114
12	0	0	19	3104	2521	65.7031	0x75b9e6a3	255	87	104
12	0	0	20	3104	2522	65.9219	0x74f866b1	255	88	101
12	0	0	21	3105	2522	66.3984	0x713b563a	255	71	111
12	0	0	22	3105	2523	66.5	0x757af689	255	78	111
12	0	0	23	3104	2523	66.1953	0x78794eef	255	94	102
12	0	0	24	3104	2524	66.3516	0x79b96f13	255	101	99
12	0	0	25	3105	2524	66.7188	0x76ba46b1	255	86	106
12	0	0	26	3105	2525	66.8672	0x7839aee4	255	91	102
12	0	0	27	3104	2525	66.6172	0x79b7b757	255	109	94
12	0	0	28	3104	2526	66.8906	0x76f55766	255	111	86
12	0	0	29	3105	2526	67.125	0x75b69ef7	255	95	91
12	0	0	30	3105	2527	67.4844	0x77367f26	255	104	88
12	0	0	31	3104	2527	67.3281	0x75f43785	255	113	80
12	0	0	32	3104	2528	67.6875	0x74b2e80c	255	126	74
12	0	0	33	3105	2528	67.75	0x75f51f40	255	110	85
12	0	0	34	3106	2512	64.9297	0x6574de00	255	66	88
12	0	0	35	3106	2513	65.3047	0x6475c5e0	255	61	92
12	0	0	36	3106	2514	65.6172	0x6577e5c9	255	56	100
12	0	0	37	3106	2515	65.8359	0x62383da1	255	52	102
12	0	0	38	3106	2516	66.125	0x60780592	255	50	101
12	0	0	39	3106	2517	66.3594	0x60792585	255	48	105
12	0	0	40	3106	2518	66.5703	0x60ba2d7c	255	47	107
12	0	0	41	3106	2519	66.7344	0x61bbb57a	255	47	114
12	0	0	42	3106	2520	66.8438	0x633da57d	255	47	118
12	0	0	43	3106	2521	66.8828	0x63fee581	255	48	124
12	0	0	44	3106	2522	66.9141	0x687e65b4	255	53	122
12	0	0	45	3106	2523	66.9844	0x6d7de5f1	255	62	120
12	0	0	46	3106	2524	67.0469	0x72fcae4b	255	69	115
12	0	0	47	3106	2525	67.1953	0x6f7a0630	255	73	106
12	0	0	48	3106	2526	67.4297	0x6f774e5f	255	77	97
12	0	0	49	3106	2527	67.7656	0x6fb65678	255	82	91
12	0	0	50	3106	2528	68.0703	0x6bb51e52	255	80	87
12	0	0	51	3107	2512	65.4844	0x6973965a	255	78	81
12	0	0	52	3107	2513	65.875	0x6bb58649	255	74	87
12	0	0	53	3107	2514	66.1875	0x69f60e23	255	69	91
12	0	0	54	3107	2515	66.5391	0x66f645f7	255	64	94
12	0	0	55	3107	2516	66.8359	0x65b725d8	255	59	97
12	0	0	56	3107	2517	67.125	0x65f83dc9	255	57	101
12	0	0	57	3107	2518	67.3438	0x64b905b2	255	54	104
12	0	0	58	3107	2519	67.5781	0x643aa59b	255	50	110
12	0	0	59	3107	2520	67.6875	0x62fc6d80	255	47	116
12	0	0	60	3107	2521	67.8047	0x60be2564	255	44	123
12	0	0	61	3107	2522	67.8047	0x60c1a566	255	44	130
12	0	0	62	3107	2523	67.7031	0x63824583	255	46	128
12	0	0	63	3107	2524	67.6641	0x60bd0d68	255	46	123
12	0	0	64	3107	2525	67.8906	0x5bfa6550	255	43	113
12	0	0	65	3107	2526	68.0234	0x61795d8c	255	50	107
12	0	0	66	3107	2527	68.3203	0x5df62596	255	49	105
12	0	0	67	3107	2528	68.6875	0x64b5ade8	255	62	91
12	0	0	68	3108	2512	65.8516	0x6d72bec4	255	91	75
12	0	0	69	3108	2513	66.2656	0x6d33ce96	255	85	81
12	0	0	70	3108	2514	66.6875	0x6bb49e61	255	79	85
12	0	0	71	3108	2515	67.0391	0x6bb50655	255	76	86
12	0	0	72	3108	2516	67.4297	0x6af5f633	255	71	90
12	0	0	73	3108	2517	67.7109	0x6a775612	255	67	96
12	0	0	74	3108	2518	68	0x68b7e5f0	255	63	99
12	0	0	75	3108	2519	68.2422	0x69b8fded	255	62	103
12	0	0	76	3108	2520	68.4531	0x66ba45b9	255	55	109
12	0	0	77	3108	2521	68.6094	0x653d2d95	255	50	120
12	0	0	78	3108	2522	68.6328	0x62808575	255	46	127
12	0	0	79	3108	2523	68.5781	0x5f7e055a	255	42	124
12	0	0	80	3108	2524	68.7578	0x4e78f4f8	255	33	111
12	0	0	81	3108	2525	69.0391	0x4ffc14eb	255	28	122
12	0	0	82	3108	2526	69.0078	0x4c7b7cd8	255	27	120
12	0	0	83	3108	2527	69.3281	0x52fafd05	255	32	121
12	0	0	84	3108	2528	69.3281	0x61fd6573	255	39	119
12	0	0	85	3109	2512	66.1406	0x6d711f1c	255	102	68
12	0	0	86	3109	2513	66.6406	0x6e3276e2	255	96	74
12	0	0	87	3109	2514	67.0859	0x6eb3e6b3	255	88	81
12	0	0	88	3109	2515	67.4688	0x6e749692	255	84	83
12	0	0	89	3109	2516	67.8594	0x6d74967f	255	81	84
12	0	0	90	3109	2517	68.2422	0x6c758655	255	77	90
12	0	0	91	3109	2518	68.5625	0x6e376e45	255	74	96
12	0	0	92	3109	2519	68.8047	0x6d37fe2c	255	70	98
12	0	0	93	3109	2520	69.0859	0x6a77fe04	255	65	99
12	0	0	94	3109	2521	69.3281	0x6afa45ec	255	58	111
12	0	0	95	3109	2522	69.4531	0x66bda5a3	255	52	121
12	0	0	96	3109	2523	69.4766	0x4cf6b506	255	41	113
12	0	0	97	3109	2524	70.0781	0x3f73ecdf	255	25	99
12	0	0	98	3109	2527	70.5938	0x4344aca7	255	20	132
12	0	0	99	3109	2528	70.3516	0x4abf24c1	255	24	126
12	0	0	100	3110	2512	66.3125	0x6df03776	255	112	64
12	0	0	101	3110	2513	66.8516	0x6e70ff40	255	106	68
12	0	0	102	3110	2514	67.3828	0x6ff23f1f	255	102	73
12	0	0	103	3110	2515	67.8125	0x703366e6	255	95	78
12	0	0	104	3110	2516	68.25	0x6f33e6b9	255	91	80
12	0	0	105	3110	2517	68.6406	0x717546b9	255	89	86
12	0	0	106	3110	2518	68.9688	0x71b6569e	255	84	90
12	0	0	107	3110	2519	69.2812	0x6e765663	255	77	91
12	0	0	108	3110	2520	69.6094	0x6ef78651	255	74	95
12	0	0	109	3110	2521	69.8359	0x6db86e2e	255	70	100
12	0	0	110	3110	2522	70.1016	0x49316547	255	49	97
12	0	0	111	3110	2523	70.9453	0x2c6ea4f1	255	24	81
12	0	0	112	3110	2524	71.6641	0x2daeb4f5	255	21	93
12	0	0	113	3111	2512	66.4141	0x6c6f2fb4	255	119	60
12	0	0	114	3111	2513	67.0234	0x6e705f81	255	115	64
12	0	0	115	3111	2514	67.5391	0x70717f6a	255	110	69
12	0	0	116	3111	2515	68.0469	0x6f71c72e	255	105	72
12	0	0	117	3111	2516	68.5391	0x71b34718	255	101	77
12	0	0	118	3111	2517	68.9219	0x7274a6ec	255	96	82
12	0	0	119	3111	2518	69.3047	0x71348ed1	255	91	83
12	0	0	120	3111	2519	69.6953	0x70f546b2	255	88	86
12	0	0	121	3111	2520	70.0234	0x70f6069b	255	84	89
12	0	0	122	3111	2521	70.3594	0x496dfd9f	255	62	74
12	0	0	123	3111	2522	71.5391	0x236aed35	255	40	54
12	0	0	124	3111	2523	72.9609	0x2c2ccd1f	255	30	74
12	0	0	125	3112	2512	66.4609	0x6a6e47f8	255	127	56
12	0	0	126	3112	2513	67.1016	0x6d2f67e4	255	125	61
12	0	0	127	3112	2514	67.6797	0x6e704f91	255	118	64
12	0	0	128	3112	2515	68.2344	0x70314f6a	255	111	69
12	0	0	129	3112	2516	68.7188	0x70f21f48	255	106	73
12	0	0	130	3112	2517	69.2031	0x71b34718	255	101	77
12	0	0	131	3112	2518	69.5938	0x72348ee9	255	96	81
12	0	0	132	3112	2519	69.9766	0x7274a6ec	255	95	83
12	0	0	133	3112	2520	70.3594	0x54ad8618	255	78	69
12	0	0	134	3112	2521	71.4922	0x2ba98d81	255	60	38
12	0	0	135	3112	2522	73.1953	0x266b2538	255	47	49
12	0	0	136	3113	2512	66.4297	0x67ad906b	255	135	54
12	0	0	137	3113	2513	67.0781	0x6aae5018	255	129	56
12	0	0	138	3113	2514	67.7578	0x6beeefd8	255	124	59
12	0	0	139	3113	2515	68.3438	0x6e701fa1	255	119	64
12	0	0	140	3113	2516	68.9062	0x6ff13f72	255	112	68
12	0	0	141	3113	2517	69.3906	0x70f21f4c	255	107	72
12	0	0	142	3113	2518	69.875	0x71f35f18	255	101	78
12	0	0	143	3113	2519	70.2578	0x5eef0e5c	255	86	69
12	0	0	144	3113	2520	71.1719	0x3c2a85b6	255	66	44
12	0	0	145	3113	2521	72.4766	0x2668d586	255	69	31
12	0	0	146	3112	2524	74.7734	0x40afd535	255	35	86
12	0	0	147	3113	2524	75.7812	0x5132fd60	255	45	86
12	0	0	148	3113	2525	76.2422	0x5bf7ed69	255	42	113
12	0	0	149	3112	2525	75.2656	0x4cf8d4ef	255	28	120
12	0	0	150	3112	2526	75.2422	0x53fec4fd	255	29	123
12	0	0	151	3113	2526	76.3125	0x5d3c6d4d	255	41	117
12	0	0	152	3113	2527	76.4688	0x5e00254c	255	41	128
12	0	0	153	3112	2527	75.3438	0x4f81a4e1	255	27	129
12	0	0	154	3112	2528	75.1406	0x4cc7bcf4	255	28	148
12	0	0	155	3113	2528	76.3047	0x57494552	255	42	152
12	0	0	156	3114	2512	66.25	0x612c18c6	255	142	49
12	0	0	157	3114	2513	67.0547	0x656cc86f	255	135	50
12	0	0	158	3114	2514	67.7578	0x696df830	255	130	56
12	0	0	159	3114	2515	68.4219	0x6caf27f0	255	126	60
12	0	0	160	3114	2516	69	0x6ef02fc8	255	121	63
12	0	0	161	3114	2517	69.5625	0x6fb10f76	255	112	68
12	0	0	162	3114	2518	70.0625	0x682e4753	255	106	63
12	0	0	163	3114	2519	70.9062	0x512aa672	255	93	42
12	0	0	164	3114	2520	71.9922	0x3768bde1	255	79	32
12	0	0	165	3113	2523	75.3047	0x456fc554	255	49	69
12	0	0	166	3114	2523	76.0156	0x4a6d6dba	255	61	60
12	0	0	167	3114	2524	76.6484	0x5b723dcc	255	61	85
12	0	0	168	3114	2525	77.0078	0x6a393def	255	63	109
12	0	0	169	3114	2526	77.0859	0x6a7d4dcf	255	60	117
12	0	0	170	3114	2527	77.1797	0x6cc125e7	255	61	129
12	0	0	171	3114	2528	77.0156	0x6747d5dd	255	59	150
12	0	0	172	3115	2512	66.0312	0x612c38ce	255	147	49
12	0	0	173	3115	2513	66.8594	0x5fabf8e3	255	147	49
12	0	0	174	3115	2514	67.6641	0x63ecc8ac	255	142	51
12	0	0	175	3115	2515	68.375	0x69ae2054	255	134	56
12	0	0	176	3115	2516	69.0156	0x6b6eb00c	255	128	58
12	0	0	177	3115	2517	69.6641	0x6d6f8fc8	255	122	60
12	0	0	178	3115	2518	70.2188	0x65ad1772	255	113	53
12	0	0	179	3115	2519	71.1406	0x4ba81ecd	255	102	33
12	0	0	180	3114	2522	75.0625	0x3d29addf	255	69	40
12	0	0	181	3115	2522	75.9141	0x42aa65ec	255	75	42
12	0	0	182	3115	2523	76.8359	0x5e6f8643	255	81	66
12	0	0	183	3115	2524	77.1641	0x6db68e51	255	75	92
12	0	0	184	3115	2525	77.4609	0x6e78de30	255	71	104
12	0	0	185	3115	2526	77.625	0x703c2e24	255	68	114
12	0	0	186	3115	2527	77.7031	0x7400a654	255	73	131
12	0	0	187	3115	2528	77.5859	0x71854e4c	255	74	145
12	0	0	188	3116	2512	65.8359	0x67edb87b	255	132	51
12	0	0	189	3116	2513	66.5938	0x642c3fbc	255	124	48
12	0	0	190	3116	2514	67.4141	0x61eb9850	255	131	51
12	0	0	191	3116	2515	68.2578	0x646c5857	255	135	49
12	0	0	192	3116	2516	68.9766	0x682d903c	255	132	55
12	0	0	193	3116	2517	69.6719	0x69adf818	255	129	55
12	0	0	194	3116	2518	70.3438	0x5aaa4f3a	255	117	47
12	0	0	195	3116	2519	71.5547	0x3ea5a6df	255	108	20
12	0	0	196	3115	2521	74.6875	0x2fa7ade2	255	82	27
12	0	0	197	3116	2521	75.1094	0x4226e6a4	255	100	25
12	0	0	198	3116	2522	76.4219	0x54ea8eaf	255	100	44
12	0	0	199	3116	2523	77.0156	0x6bb00732	255	105	64
12	0	0	200	3116	2524	77.5859	0x6971be9d	255	93	78
12	0	0	201	3116	2525	78.0312	0x73f786b1	255	95	101
12	0	0	202	3116	2526	78.1406	0x787ee6a9	255	88	119
12	0	0	203	3116	2527	78.1016	0x7782dea0	255	83	136
12	0	0	204	3116	2528	77.9609	0x7684d6a3	255	82	143
12	0	0	205	3117	2512	65.7891	0x3e2ced73	255	97	48
12	0	0	206	3117	2513	66.9922	0x56abd67f	255	95	61
12	0	0	207	3117	2514	67.5078	0x6aaf8f32	255	109	62
12	0	0	208	3117	2515	68.2031	0x68edc7d4	255	121	54
12	0	0	209	3117	2516	68.8984	0x686d97d8	255	125	53
12	0	0	210	3117	2517	69.6172	0x60eb2fe8	255	125	48
12	0	0	211	3117	2518	70.6172	0x5668cf7e	255	122	34
12	0	0	212	3117	2519	71.75	0x44a52fa9	255	122	20
12	0	0	213	3117	2521	75.4453	0x48a5bfd0	255	123	23
12	0	0	214	3117	2522	76.6328	0x5eea9fcc	255	125	43
12	0	0	215	3117	2523	77.25	0x6a6ed77a	255	119	57
12	0	0	216	3117	2524	77.9141	0x7272df4f	255	116	80
12	0	0	217	3117	2525	78.1562	0x7af96f47	255	108	99
12	0	0	218	3117	2526	78.3359	0x7bbb9725	255	100	110
12	0	0	219	3117	2527	78.4375	0x7ac066e7	255	93	127
12	0	0	220	3117	2528	78.3125	0x77c33ead	255	85	139
12	0	0	221	3118	2512	67.8125	0x557ee507	255	62	107
12	0	0	222	3118	2513	67.4375	0x6f7fc60a	255	65	127
12	0	0	223	3118	2514	67.8281	0x67b30652	255	82	76
12	0	0	224	3118	2515	68.3438	0x66ef7ed6	255	100	62
12	0	0	225	3118	2516	69.0547	0x686df789	255	111	60
12	0	0	226	3118	2517	69.7188	0x62ec9748	255	111	50
12	0	0	227	3118	2518	70.6016	0x5929777a	255	120	35
12	0	0	228	3118	2521	75.2031	0x4be6705f	255	130	25
12	0	0	229	3118	2522	76.5234	0x5729189d	255	132	39
12	0	0	230	3118	2523	77.2812	0x686d97cc	255	122	54
12	0	0	231	3118	2524	77.9375	0x6f3077a5	255	119	70
12	0	0	232	3118	2525	78.3984	0x77f64757	255	109	92
12	0	0	233	3118	2526	78.5781	0x7c7baf40	255	105	110
12	0	0	234	3118	2527	78.6719	0x7dbea747	255	105	124
12	0	0	235	3118	2528	78.6641	0x7b433f04	255	102	131
12	0	0	236	3119	2512	68.0156	0x767936c2	255	91	105
12	0	0	237	3119	2513	68.1172	0x66393dc1	255	71	107
12	0	0	238	3119	2514	68.4531	0x5ff59db2	255	55	92
12	0	0	239	3119	2515	68.8203	0x6c75d64f	255	77	96
12	0	0	240	3119	2516	69.1328	0x62b04663	255	99	70
12	0	0	241	3119	2517	69.9844	0x59ab66cb	255	100	51
12	0	0	242	3119	2518	70.8828	0x56a9672f	255	110	37
12	0	0	243	3119	2521	75.2578	0x4725d895	255	134	25
12	0	0	244	3119	2522	76.3203	0x57a8f063	255	131	35
12	0	0	245	3119	2523	77.3516	0x5f6ad7b4	255	123	45
12	0	0	246	3119	2524	78.0938	0x6e70379d	255	118	66
12	0	0	247	3119	2525	78.4922	0x79b67fa4	255	116	90
12	0	0	248	3119	2526	78.7188	0x7dbb1791	255	114	110
12	0	0	249	3119	2527	78.8047	0x7e3e675a	255	108	122
12	0	0	250	3119	2528	78.8203	0x7dffe74f	255	105	127
12	0	0	251	3120	2512	68.4688	0x68773df8	255	61	103
12	0	0	252	3120	2513	68.8125	0x60b43dd6	255	60	87
12	0	0	253	3120	2514	69.2812	0x6638adc8	255	56	109
12	0	0	254	3120	2515	69.2891	0x5fb5edab	255	55	115
12	0	0	255	3120	2516	69.9609	0x50b18d7a	255	56	80
12	0	0	256	3120	2517	70.3672	0x5d3175f4	255	69	75
12	0	0	257	3120	2518	71.0234	0x572cb657	255	98	46
12	0	0	258	3119	2519	72.0312	0x4e670f86	255	125	27
12	0	0	259	3120	2519	71.9688	0x51e89716	255	119	33
12	0	0	260	3120	2522	76.3281	0x4de720a1	255	135	31
12	0	0	261	3120	2523	77.4297	0x5eaa983c	255	130	42
12	0	0	262	3120	2524	78.1328	0x6ef01fec	255	125	63
12	0	0	263	3120	2525	78.5781	0x7935f7c0	255	120	89
12	0	0	264	3120	2526	78.7969	0x7c396f81	255	114	104
12	0	0	265	3120	2527	79	0x7dbc8f6a	255	109	119
12	0	0	266	3120	2528	79.0156	0x7e000753	255	107	126
12	1	1	0	3104	2512	63.5078	0x5db89570	255	47	101
12	1	1	1	3105	2512	64.3047	0x6276d5b8	255	56	96
12	1	1	2	3105	2513	64.5938	0x6037ed92	255	50	101
12	1	1	3	3104	2514	63.9297	0x60380590	255	50	101
12	1	1	4	3104	2515	64.2656	0x62b6edb9	255	56	97
12	1	1	5	3105	2515	65.0391	0x61793d8e	255	49	103
12	1	1	6	3104	2516	64.5312	0x66f7fdd9	255	59	99
12	1	1	7	3105	2516	65.2734	0x6078ad89	255	49	104
12	1	1	8	3105	2517	65.5156	0x61b95d8d	255	50	104
12	1	1	9	3104	2517	64.7891	0x68378dee	255	63	98
12	1	1	10	3104	2518	65.0859	0x6c37de1e	255	68	99
12	1	1	11	3105	2518	65.7031	0x63b975a3	255	53	106
12	1	1	12	3105	2519	65.9375	0x663a45b5	255	55	109
12	1	1	13	3104	2519	65.3203	0x6ef91e33	255	71	102
12	1	1	14	3104	2520	65.5312	0x72fa0667	255	78	105
12	1	1	15	3105	2520	66.0703	0x69bbd5d0	255	58	113
12	1	1	16	3105	2521	66.2031	0x6c7addfa	255	62	114
12	1	1	17	3104	2521	65.7031	0x75b9e6a3	255	87	104
12	1	1	18	3104	2527	67.3281	0x75f43785	255	113	80
12	1	1	19	3105	2527	67.4844	0x77367f26	255	104	88
12	1	1	20	3104	2528	67.6875	0x74b2e80c	255	126	74
12	1	1	21	3105	2528	67.75	0x75f51f40	255	110	85
12	1	1	22	3106	2512	64.9297	0x6574de00	255	66	88
12	1	1	23	3106	2513	65.3047	0x6475c5e0	255	61	92
12	1	1	24	3106	2514	65.6172	0x6577e5c9	255	56	100
12	1	1	25	3105	2525	66.8672	0x7839aee4	255	91	102
12	1	1	26	3106	2525	67.1953	0x6f7a0630	255	73	106
12	1	1	27	3106	2526	67.4297	0x6f774e5f	255	77	97
12	1	1	28	3105	2526	67.125	0x75b69ef7	255	95	91
12	1	1	29	3106	2527	67.7656	0x6fb65678	255	82	91
12	1	1	30	3106	2528	68.0703	0x6bb51e52	255	80	87
12	1	1	31	3107	2512	65.4844	0x6973965a	255	78	81
12	1	1	32	3107	2513	65.875	0x6bb58649	255	74	87
12	1	1	33	3107	2514	66.1875	0x69f60e23	255	69	91
12	1	1	34	3107	2515	66.5391	0x66f645f7	255	64	94
12	1	1	35	3106	2515	65.8359	0x62383da1	255	52	102
12	1	1	36	3106	2516	66.125	0x60780592	255	50	101
12	1	1	37	3107	2516	66.8359	0x65b725d8	255	59	97
12	1	1	38	3107	2517	67.125	0x65f83dc9	255	57	101
12	1	1	39	3107	2525	67.8906	0x5bfa6550	255	43	113
12	1	1	40	3107	2526	68.0234	0x61795d8c	255	50	107
12	1	1	41	3107	2527	68.3203	0x5df62596	255	49	105
12	1	1	42	3107	2528	68.6875	0x64b5ade8	255	62	91
12	1	1	43	3108	2512	65.8516	0x6d72bec4	255	91	75
12	1	1	44	3108	2513	66.2656	0x6d33ce96	255	85	81
12	1	1	45	3108	2514	66.6875	0x6bb49e61	255	79	85
12	1	1	46	3108	2515	67.0391	0x6bb50655	255	76	86
12	1	1	47	3108	2516	67.4297	0x6af5f633	255	71	90
12	1	1	48	3108	2517	67.7109	0x6a775612	255	67	96
12	1	1	49	3108	2518	68	0x68b7e5f0	255	63	99
12	1	1	50	3107	2518	67.3438	0x64b905b2	255	54	104
12	1	1	51	3107	2519	67.5781	0x643aa59b	255	50	110
12	1	1	52	3108	2519	68.2422	0x69b8fded	255	62	103
12	1	1	53	3108	2528	69.3281	0x61fd6573	255	39	119
12	1	1	54	3109	2512	66.1406	0x6d711f1c	255	102	68
12	1	1	55	3109	2513	66.6406	0x6e3276e2	255	96	74
12	1	1	56	3109	2514	67.0859	0x6eb3e6b3	255	88	81
12	1	1	57	3109	2515	67.4688	0x6e749692	255	84	83
12	1	1	58	3109	2516	67.8594	0x6d74967f	255	81	84
12	1	1	59	3109	2517	68.2422	0x6c758655	255	77	90
12	1	1	60	3109	2518	68.5625	0x6e376e45	255	74	96
12	1	1	61	3109	2519	68.8047	0x6d37fe2c	255	70	98
12	1	1	62	3108	2520	68.4531	0x66ba45b9	255	55	109
12	1	1	63	3109	2520	69.0859	0x6a77fe04	255	65	99
12	1	1	64	3109	2521	69.3281	0x6afa45ec	255	58	111
12	1	1	65	3110	2512	66.3125	0x6df03776	255	112	64
12	1	1	66	3110	2513	66.8516	0x6e70ff40	255	106	68
12	1	1	67	3110	2514	67.3828	0x6ff23f1f	255	102	73
12	1	1	68	3110	2515	67.8125	0x703366e6	255	95	78
12	1	1	69	3110	2516	68.25	0x6f33e6b9	255	91	80
12	1	1	70	3110	2517	68.6406	0x717546b9	255	89	86
12	1	1	71	3110	2518	68.9688	0x71b6569e	255	84	90
12	1	1	72	3110	2519	69.2812	0x6e765663	255	77	91
12	1	1	73	3110	2520	69.6094	0x6ef78651	255	74	95
12	1	1	74	3110	2521	69.8359	0x6db86e2e	255	70	100
12	1	1	75	3110	2522	70.1016	0x49316547	255	49	97
12	1	1	76	3109	2523	69.4766	0x4cf6b506	255	41	113
12	1	1	77	3110	2523	70.9453	0x2c6ea4f1	255	24	81
12	1	1	78	3110	2524	71.6641	0x2daeb4f5	255	21	93
12	1	1	79	3111	2512	66.4141	0x6c6f2fb4	255	119	60
12	1	1	80	3111	2513	67.0234	0x6e705f81	255	115	64
12	1	1	81	3111	2514	67.5391	0x70717f6a	255	110	69
12	1	1	82	3111	2515	68.0469	0x6f71c72e	255	105	72
12	1	1	83	3111	2516	68.5391	0x71b34718	255	101	77
12	1	1	84	3111	2517	68.9219	0x7274a6ec	255	96	82
12	1	1	85	3111	2518	69.3047	0x71348ed1	255	91	83
12	1	1	86	3111	2519	69.6953	0x70f546b2	255	88	86
12	1	1	87	3111	2520	70.0234	0x70f6069b	255	84	89
12	1	1	88	3111	2521	70.3594	0x496dfd9f	255	62	74
12	1	1	89	3111	2522	71.5391	0x236aed35	255	40	54
12	1	1	90	3111	2523	72.9609	0x2c2ccd1f	255	30	74
12	1	1	91	3111	2524	73.4688	0x3d74b4ca	255	22	101
12	1	1	92	3112	2512	66.4609	0x6a6e47f8	255	127	56
12	1	1	93	3112	2513	67.1016	0x6d2f67e4	255	125	61
12	1	1	94	3112	2514	67.6797	0x6e704f91	255	118	64
12	1	1	95	3112	2515	68.2344	0x70314f6a	255	111	69
12	1	1	96	3112	2516	68.7188	0x70f21f48	255	106	73
12	1	1	97	3112	2517	69.2031	0x71b34718	255	101	77
12	1	1	98	3112	2518	69.5938	0x72348ee9	255	96	81
12	1	1	99	3112	2519	69.9766	0x7274a6ec	255	95	83
12	1	1	100	3112	2520	70.3594	0x54ad8618	255	78	69
12	1	1	101	3112	2521	71.4922	0x2ba98d81	255	60	38
12	1	1	102	3112	2522	73.1953	0x266b2538	255	47	49
12	1	1	103	3112	2523	73.9531	0x3b2e1d40	255	41	69
12	1	1	104	3112	2524	74.7734	0x40afd535	255	35	86
12	1	1	105	3111	2525	73.7578	0x46b7c4d5	255	24	110
12	1	1	106	3112	2525	75.2656	0x4cf8d4ef	255	28	120
12	1	1	107	3113	2512	66.4297	0x67ad906b	255	135	54
12	1	1	108	3113	2513	67.0781	0x6aae5018	255	129	56
12	1	1	109	3113	2514	67.7578	0x6beeefd8	255	124	59
12	1	1	110	3113	2515	68.3438	0x6e701fa1	255	119	64
12	1	1	111	3113	2516	68.9062	0x6ff13f72	255	112	68
12	1	1	112	3113	2517	69.3906	0x70f21f4c	255	107	72
12	1	1	113	3113	2518	69.875	0x71f35f18	255	101	78
12	1	1	114	3113	2519	70.2578	0x5eef0e5c	255	86	69
12	1	1	115	3113	2520	71.1719	0x3c2a85b6	255	66	44
12	1	1	116	3113	2521	72.4766	0x2668d586	255	69	31
12	1	1	117	3113	2522	74.4766	0x2f29359e	255	68	36
12	1	1	118	3113	2523	75.3047	0x456fc554	255	49	69
12	1	1	119	3113	2524	75.7812	0x5132fd60	255	45	86
12	1	1	120	3113	2525	76.2422	0x5bf7ed69	255	42	113
12	1	1	121	3114	2512	66.25	0x612c18c6	255	142	49
12	1	1	122	3114	2513	67.0547	0x656cc86f	255	135	50
12	1	1	123	3114	2514	67.7578	0x696df830	255	130	56
12	1	1	124	3114	2515	68.4219	0x6caf27f0	255	126	60
12	1	1	125	3114	2516	69	0x6ef02fc8	255	121	63
12	1	1	126	3114	2517	69.5625	0x6fb10f76	255	112	68
12	1	1	127	3114	2518	70.0625	0x682e4753	255	106	63
12	1	1	128	3114	2519	70.9062	0x512aa672	255	93	42
12	1	1	129	3114	2520	71.9922	0x3768bde1	255	79	32
12	1	1	130	3114	2521	73.6328	0x27e9457c	255	61	36
12	1	1	131	3114	2522	75.0625	0x3d29addf	255	69	40
12	1	1	132	3114	2523	76.0156	0x4a6d6dba	255	61	60
12	1	1	133	3114	2524	76.6484	0x5b723dcc	255	61	85
12	1	1	134	3114	2525	77.0078	0x6a393def	255	63	109
12	1	1	135	3115	2512	66.0312	0x612c38ce	255	147	49
12	1	1	136	3115	2513	66.8594	0x5fabf8e3	255	147	49
12	1	1	137	3115	2514	67.6641	0x63ecc8ac	255	142	51
12	1	1	138	3115	2515	68.375	0x69ae2054	255	134	56
12	1	1	139	3115	2516	69.0156	0x6b6eb00c	255	128	58
12	1	1	140	3115	2517	69.6641	0x6d6f8fc8	255	122	60
12	1	1	141	3115	2518	70.2188	0x65ad1772	255	113	53
12	1	1	142	3115	2519	71.1406	0x4ba81ecd	255	102	33
12	1	1	143	3115	2520	72.625	0x2b6785d2	255	82	23
12	1	1	144	3115	2521	74.6875	0x2fa7ade2	255	82	27
12	1	1	145	3115	2522	75.9141	0x42aa65ec	255	75	42
12	1	1	146	3115	2523	76.8359	0x5e6f8643	255	81	66
12	1	1	147	3115	2524	77.1641	0x6db68e51	255	75	92
12	1	1	148	3115	2525	77.4609	0x6e78de30	255	71	104
12	1	1	149	3116	2512	65.8359	0x67edb87b	255	132	51
12	1	1	150	3116	2513	66.5938	0x642c3fbc	255	124	48
12	1	1	151	3116	2514	67.4141	0x61eb9850	255	131	51
12	1	1	152	3116	2515	68.2578	0x646c5857	255	135	49
12	1	1	153	3116	2516	68.9766	0x682d903c	255	132	55
12	1	1	154	3116	2517	69.6719	0x69adf818	255	129	55
12	1	1	155	3116	2518	70.3438	0x5aaa4f3a	255	117	47
12	1	1	156	3116	2519	71.5547	0x3ea5a6df	255	108	20
12	1	1	157	3116	2520	73.5703	0x32a65e37	255	105	17
12	1	1	158	3116	2521	75.1094	0x4226e6a4	255	100	25
12	1	1	159	3116	2522	76.4219	0x54ea8eaf	255	100	44
12	1	1	160	3116	2523	77.0156	0x6bb00732	255	105	64
12	1	1	161	3116	2524	77.5859	0x6971be9d	255	93	78
12	1	1	162	3116	2525	78.0312	0x73f786b1	255	95	101
12	1	1	163	3117	2512	65.7891	0x3e2ced73	255	97	48
12	1	1	164	3117	2513	66.9922	0x56abd67f	255	95	61
12	1	1	165	3117	2514	67.5078	0x6aaf8f32	255	109	62
12	1	1	166	3117	2515	68.2031	0x68edc7d4	255	121	54
12	1	1	167	3117	2516	68.8984	0x686d97d8	255	125	53
12	1	1	168	3117	2517	69.6172	0x60eb2fe8	255	125	48
12	1	1	169	3117	2518	70.6172	0x5668cf7e	255	122	34
12	1	1	170	3117	2519	71.75	0x44a52fa9	255	122	20
12	1	1	171	3117	2520	73.7344	0x3c24177a	255	119	15
12	1	1	172	3117	2521	75.4453	0x48a5bfd0	255	123	23
12	1	1	173	3117	2522	76.6328	0x5eea9fcc	255	125	43
12	1	1	174	3117	2523	77.25	0x6a6ed77a	255	119	57
12	1	1	175	3117	2524	77.9141	0x7272df4f	255	116	80
12	1	1	176	3117	2525	78.1562	0x7af96f47	255	108	99
12	1	1	177	3118	2512	67.8125	0x557ee507	255	62	107
12	1	1	178	3118	2513	67.4375	0x6f7fc60a	255	65	127
12	1	1	179	3118	2514	67.8281	0x67b30652	255	82	76
12	1	1	180	3118	2515	68.3438	0x66ef7ed6	255	100	62
12	1	1	181	3118	2516	69.0547	0x686df789	255	111	60
12	1	1	182	3118	2517	69.7188	0x62ec9748	255	111	50
12	1	1	183	3118	2518	70.6016	0x5929777a	255	120	35
12	1	1	184	3118	2519	71.7266	0x42250773	255	122	19
12	1	1	185	3118	2520	73.8359	0x3e6488a0	255	128	16
12	1	1	186	3118	2521	75.2031	0x4be6705f	255	130	25
12	1	1	187	3118	2522	76.5234	0x5729189d	255	132	39
12	1	1	188	3118	2523	77.2812	0x686d97cc	255	122	54
12	1	1	189	3118	2524	77.9375	0x6f3077a5	255	119	70
12	1	1	190	3118	2525	78.3984	0x77f64757	255	109	92
12	1	1	191	3119	2513	68.1172	0x66393dc1	255	71	107
12	1	1	192	3119	2514	68.4531	0x5ff59db2	255	55	92
12	1	1	193	3119	2515	68.8203	0x6c75d64f	255	77	96
12	1	1	194	3119	2516	69.1328	0x62b04663	255	99	70
12	1	1	195	3119	2517	69.9844	0x59ab66cb	255	100	51
12	1	1	196	3119	2518	70.8828	0x56a9672f	255	110	37
12	1	1	197	3119	2519	72.0312	0x4e670f86	255	125	27
12	1	1	198	3119	2520	73.4141	0x3ee59118	255	144	20
12	1	1	199	3119	2521	75.2578	0x4725d895	255	134	25
12	1	1	200	3119	2522	76.3203	0x57a8f063	255	131	35
12	1	1	201	3119	2523	77.3516	0x5f6ad7b4	255	123	45
12	1	1	202	3119	2524	78.0938	0x6e70379d	255	118	66
12	1	1	203	3119	2525	78.4922	0x79b67fa4	255	116	90
12	1	1	204	3120	2512	68.4688	0x68773df8	255	61	103
12	1	1	205	3120	2513	68.8125	0x60b43dd6	255	60	87
12	1	1	206	3120	2514	69.2812	0x6638adc8	255	56	109
12	1	1	207	3120	2515	69.2891	0x5fb5edab	255	55	115
12	1	1	208	3120	2516	69.9609	0x50b18d7a	255	56	80
12	1	1	209	3120	2517	70.3672	0x5d3175f4	255	69	75
12	1	1	210	3120	2518	71.0234	0x572cb657	255	98	46
12	1	1	211	3120	2519	71.9688	0x51e89716	255	119	33
12	1	1	212	3120	2520	73.25	0x47e59fd4	255	129	24
12	1	1	213	3120	2521	74.9062	0x3e665961	255	153	22
12	1	1	214	3120	2522	76.3281	0x4de720a1	255	135	31
12	1	1	215	3120	2523	77.4297	0x5eaa983c	255	130	42
12	1	1	216	3120	2524	78.1328	0x6ef01fec	255	125	63
12	1	1	217	3120	2525	78.5781	0x7935f7c0	255	120	89
12	2	3	0	3104	2512	63.5078	0x5db89570	255	47	101
12	2	3	1	3105	2512	64.3047	0x6276d5b8	255	56	96
12	2	3	2	3105	2513	64.5938	0x6037ed92	255	50	101
12	2	3	3	3104	2513	63.7422	0x60397d7e	255	47	107
12	2	3	4	3104	2514	63.9297	0x60380590	255	50	101
12	2	3	5	3105	2514	64.8359	0x5eb92573	255	46	106
12	2	3	6	3105	2515	65.0391	0x61793d8e	255	49	103
12	2	3	7	3104	2515	64.2656	0x62b6edb9	255	56	97
12	2	3	8	3104	2516	64.5312	0x66f7fdd9	255	59	99
12	2	3	9	3105	2516	65.2734	0x6078ad89	255	49	104
12	2	3	10	3105	2517	65.5156	0x61b95d8d	255	50	104
12	2	3	11	3104	2517	64.7891	0x68378dee	255	63	98
12	2	3	12	3104	2518	65.0859	0x6c37de1e	255	68	99
12	2	3	13	3105	2518	65.7031	0x63b975a3	255	53	106
12	2	3	14	3105	2519	65.9375	0x663a45b5	255	55	109
12	2	3	15	3104	2519	65.3203	0x6ef91e33	255	71	102
12	2	3	16	3104	2520	65.5312	0x72fa0667	255	78	105
12	2	3	17	3105	2520	66.0703	0x69bbd5d0	255	58	113
12	2	3	18	3105	2521	66.2031	0x6c7addfa	255	62	114
12	2	3	19	3104	2521	65.7031	0x75b9e6a3	255	87	104
12	2	3	20	3104	2522	65.9219	0x74f866b1	255	88	101
12	2	3	21	3105	2522	66.3984	0x713b563a	255	71	111
12	2	3	22	3105	2523	66.5	0x757af689	255	78	111
12	2	3	23	3104	2523	66.1953	0x78794eef	255	94	102
12	2	3	24	3104	2524	66.3516	0x79b96f13	255	101	99
12	2	3	25	3105	2524	66.7188	0x76ba46b1	255	86	106
12	2	3	26	3106	2512	64.9297	0x6574de00	255	66	88
12	2	3	27	3106	2513	65.3047	0x6475c5e0	255	61	92
12	2	3	28	3106	2514	65.6172	0x6577e5c9	255	56	100
12	2	3	29	3106	2515	65.8359	0x62383da1	255	52	102
12	2	3	30	3106	2516	66.125	0x60780592	255	50	101
12	2	3	31	3106	2517	66.3594	0x60792585	255	48	105
12	2	3	32	3106	2518	66.5703	0x60ba2d7c	255	47	107
12	2	3	33	3106	2519	66.7344	0x61bbb57a	255	47	114
12	2	3	34	3106	2520	66.8438	0x633da57d	255	47	118
12	2	3	35	3106	2521	66.8828	0x63fee581	255	48	124
12	2	3	36	3106	2522	66.9141	0x687e65b4	255	53	122
12	2	3	37	3106	2523	66.9844	0x6d7de5f1	255	62	120
12	2	3	38	3106	2524	67.0469	0x72fcae4b	255	69	115
12	2	3	39	3105	2525	66.8672	0x7839aee4	255	91	102
12	2	3	40	3106	2525	67.1953	0x6f7a0630	255	73	106
12	2	3	41	3106	2526	67.4297	0x6f774e5f	255	77	97
12	2	3	42	3105	2526	67.125	0x75b69ef7	255	95	91
12	2	3	43	3105	2527	67.4844	0x77367f26	255	104	88
12	2	3	44	3106	2527	67.7656	0x6fb65678	255	82	91
12	2	3	45	3106	2528	68.0703	0x6bb51e52	255	80	87
12	2	3	46	3105	2528	67.75	0x75f51f40	255	110	85
12	2	3	47	3107	2512	65.4844	0x6973965a	255	78	81
12	2	3	48	3107	2513	65.875	0x6bb58649	255	74	87
12	2	3	49	3107	2514	66.1875	0x69f60e23	255	69	91
12	2	3	50	3107	2515	66.5391	0x66f645f7	255	64	94
12	2	3	51	3107	2516	66.8359	0x65b725d8	255	59	97
12	2	3	52	3107	2517	67.125	0x65f83dc9	255	57	101
12	2	3	53	3107	2518	67.3438	0x64b905b2	255	54	104
12	2	3	54	3107	2519	67.5781	0x643aa59b	255	50	110
12	2	3	55	3107	2520	67.6875	0x62fc6d80	255	47	116
12	2	3	56	3107	2521	67.8047	0x60be2564	255	44	123
12	2	3	57	3107	2522	67.8047	0x60c1a566	255	44	130
12	2	3	58	3107	2523	67.7031	0x63824583	255	46	128
12	2	3	59	3107	2524	67.6641	0x60bd0d68	255	46	123
12	2	3	60	3107	2525	67.8906	0x5bfa6550	255	43	113
12	2	3	61	3107	2526	68.0234	0x61795d8c	255	50	107
12	2	3	62	3107	2527	68.3203	0x5df62596	255	49	105
12	2	3	63	3107	2528	68.6875	0x64b5ade8	255	62	91
12	2	3	64	3108	2512	65.8516	0x6d72bec4	255	91	75
12	2	3	65	3108	2513	66.2656	0x6d33ce96	255	85	81
12	2	3	66	3108	2514	66.6875	0x6bb49e61	255	79	85
12	2	3	67	3108	2515	67.0391	0x6bb50655	255	76	86
12	2	3	68	3108	2516	67.4297	0x6af5f633	255	71	90
12	2	3	69	3108	2517	67.7109	0x6a775612	255	67	96
12	2	3	70	3108	2518	68	0x68b7e5f0	255	63	99
12	2	3	71	3108	2519	68.2422	0x69b8fded	255	62	103
12	2	3	72	3108	2520	68.4531	0x66ba45b9	255	55	109
12	2	3	73	3108	2521	68.6094	0x653d2d95	255	50	120
12	2	3	74	3108	2522	68.6328	0x62808575	255	46	127
12	2	3	75	3108	2523	68.5781	0x5f7e055a	255	42	124
12	2	3	76	3108	2524	68.7578	0x4e78f4f8	255	33	111
12	2	3	77	3108	2525	69.0391	0x4ffc14eb	255	28	122
12	2	3	78	3108	2526	69.0078	0x4c7b7cd8	255	27	120
12	2	3	79	3108	2527	69.3281	0x52fafd05	255	32	121
12	2	3	80	3108	2528	69.3281	0x61fd6573	255	39	119
12	2	3	81	3109	2512	66.1406	0x6d711f1c	255	102	68
12	2	3	82	3109	2513	66.6406	0x6e3276e2	255	96	74
12	2	3	83	3109	2514	67.0859	0x6eb3e6b3	255	88	81
12	2	3	84	3109	2515	67.4688	0x6e749692	255	84	83
12	2	3	85	3109	2516	67.8594	0x6d74967f	255	81	84
12	2	3	86	3109	2517	68.2422	0x6c758655	255	77	90
12	2	3	87	3109	2518	68.5625	0x6e376e45	255	74	96
12	2	3	88	3109	2519	68.8047	0x6d37fe2c	255	70	98
12	2	3	89	3109	2520	69.0859	0x6a77fe04	255	65	99
12	2	3	90	3109	2521	69.3281	0x6afa45ec	255	58	111
12	2	3	91	3109	2522	69.4531	0x66bda5a3	255	52	121
12	2	3	92	3109	2523	69.4766	0x4cf6b506	255	41	113
12	2	3	93	3109	2524	70.0781	0x3f73ecdf	255	25	99
12	2	3	94	3109	2525	70.3438	0x3c377ca3	255	19	113
12	2	3	95	3109	2526	70.6484	0x3cbc1484	255	15	123
12	2	3	96	3109	2527	70.5938	0x4344aca7	255	20	132
12	2	3	97	3109	2528	70.3516	0x4abf24c1	255	24	126
12	2	3	98	3110	2512	66.3125	0x6df03776	255	112	64
12	2	3	99	3110	2513	66.8516	0x6e70ff40	255	106	68
12	2	3	100	3110	2514	67.3828	0x6ff23f1f	255	102	73
12	2	3	101	3110	2515	67.8125	0x703366e6	255	95	78
12	2	3	102	3110	2516	68.25	0x6f33e6b9	255	91	80
12	2	3	103	3110	2517	68.6406	0x717546b9	255	89	86
12	2	3	104	3110	2518	68.9688	0x71b6569e	255	84	90
12	2	3	105	3110	2519	69.2812	0x6e765663	255	77	91
12	2	3	106	3110	2520	69.6094	0x6ef78651	255	74	95
12	2	3	107	3110	2521	69.8359	0x6db86e2e	255	70	100
12	2	3	108	3110	2522	70.1016	0x49316547	255	49	97
12	2	3	109	3110	2523	70.9453	0x2c6ea4f1	255	24	81
12	2	3	110	3110	2524	71.6641	0x2daeb4f5	255	21	93
12	2	3	111	3110	2525	72.4922	0x3632acc9	255	19	104
12	2	3	112	3110	2526	72.6641	0x41404490	255	18	125
12	2	3	113	3110	2527	72.4766	0x3d483ca6	255	18	144
12	2	3	114	3110	2528	72.1172	0x380b5cb3	255	20	144
12	2	3	115	3111	2513	67.0234	0x6e705f81	255	115	64
12	2	3	116	3111	2514	67.5391	0x70717f6a	255	110	69
12	2	3	117	3111	2515	68.0469	0x6f71c72e	255	105	72
12	2	3	118	3111	2516	68.5391	0x71b34718	255	101	77
12	2	3	119	3111	2517	68.9219	0x7274a6ec	255	96	82
12	2	3	120	3111	2518	69.3047	0x71348ed1	255	91	83
12	2	3	121	3111	2519	69.6953	0x70f546b2	255	88	86
12	2	3	122	3111	2520	70.0234	0x70f6069b	255	84	89
12	2	3	123	3111	2521	70.3594	0x496dfd9f	255	62	74
12	2	3	124	3111	2522	71.5391	0x236aed35	255	40	54
12	2	3	125	3111	2523	72.9609	0x2c2ccd1f	255	30	74
12	2	3	126	3111	2524	73.4688	0x3d74b4ca	255	22	101
12	2	3	127	3111	2525	73.7578	0x46b7c4d5	255	24	110
12	2	3	128	3111	2526	74.0156	0x4dfcccda	255	26	123
12	2	3	129	3111	2527	73.9609	0x48c2bcbb	255	23	134
12	2	3	130	3111	2528	73.8438	0x3b8d1cde	255	22	148
12	2	3	131	3112	2516	68.7188	0x70f21f48	255	106	73
12	2	3	132	3112	2517	69.2031	0x71b34718	255	101	77
12	2	3	133	3112	2518	69.5938	0x72348ee9	255	96	81
12	2	3	134	3112	2519	69.9766	0x7274a6ec	255	95	83
12	2	3	135	3112	2520	70.3594	0x54ad8618	255	78	69
12	2	3	136	3112	2521	71.4922	0x2ba98d81	255	60	38
12	2	3	137	3112	2522	73.1953	0x266b2538	255	47	49
12	2	3	138	3112	2523	73.9531	0x3b2e1d40	255	41	69
12	2	3	139	3112	2524	74.7734	0x40afd535	255	35	86
12	2	3	140	3112	2525	75.2656	0x4cf8d4ef	255	28	120
12	2	3	141	3112	2526	75.2422	0x53fec4fd	255	29	123
12	2	3	142	3112	2527	75.3438	0x4f81a4e1	255	27	129
12	2	3	143	3112	2528	75.1406	0x4cc7bcf4	255	28	148
12	2	3	144	3113	2517	69.3906	0x70f21f4c	255	107	72
12	2	3	145	3113	2518	69.875	0x71f35f18	255	101	78
12	2	3	146	3113	2519	70.2578	0x5eef0e5c	255	86	69
12	2	3	147	3113	2520	71.1719	0x3c2a85b6	255	66	44
12	2	3	148	3113	2521	72.4766	0x2668d586	255	69	31
12	2	3	149	3113	2522	74.4766	0x2f29359e	255	68	36
12	2	3	150	3113	2523	75.3047	0x456fc554	255	49	69
12	2	3	151	3113	2524	75.7812	0x5132fd60	255	45	86
12	2	3	152	3113	2525	76.2422	0x5bf7ed69	255	42	113
12	2	3	153	3113	2526	76.3125	0x5d3c6d4d	255	41	117
12	2	3	154	3113	2527	76.4688	0x5e00254c	255	41	128
12	2	3	155	3113	2528	76.3047	0x57494552	255	42	152
12	2	3	156	3114	2518	70.0625	0x682e4753	255	106	63
12	2	3	157	3114	2519	70.9062	0x512aa672	255	93	42
12	2	3	158	3114	2520	71.9922	0x3768bde1	255	79	32
12	2	3	159	3114	2521	73.6328	0x27e9457c	255	61	36
12	2	3	160	3114	2522	75.0625	0x3d29addf	255	69	40
12	2	3	161	3114	2523	76.0156	0x4a6d6dba	255	61	60
12	2	3	162	3114	2524	76.6484	0x5b723dcc	255	61	85
12	2	3	163	3114	2525	77.0078	0x6a393def	255	63	109
12	2	3	164	3114	2526	77.0859	0x6a7d4dcf	255	60	117
12	2	3	165	3114	2527	77.1797	0x6cc125e7	255	61	129
12	2	3	166	3114	2528	77.0156	0x6747d5dd	255	59	150
12	2	3	167	3115	2519	71.1406	0x4ba81ecd	255	102	33
12	2	3	168	3115	2520	72.625	0x2b6785d2	255	82	23
12	2	3	169	3115	2521	74.6875	0x2fa7ade2	255	82	27
12	2	3	170	3115	2522	75.9141	0x42aa65ec	255	75	42
12	2	3	171	3115	2523	76.8359	0x5e6f8643	255	81	66
12	2	3	172	3115	2524	77.1641	0x6db68e51	255	75	92
12	2	3	173	3115	2525	77.4609	0x6e78de30	255	71	104
12	2	3	174	3115	2526	77.625	0x703c2e24	255	68	114
12	2	3	175	3115	2527	77.7031	0x7400a654	255	73	131
12	2	3	176	3115	2528	77.5859	0x71854e4c	255	74	145
12	2	3	177	3116	2520	73.5703	0x32a65e37	255	105	17
12	2	3	178	3116	2521	75.1094	0x4226e6a4	255	100	25
12	2	3	179	3116	2522	76.4219	0x54ea8eaf	255	100	44
12	2	3	180	3116	2523	77.0156	0x6bb00732	255	105	64
12	2	3	181	3116	2524	77.5859	0x6971be9d	255	93	78
12	2	3	182	3116	2525	78.0312	0x73f786b1	255	95	101
12	2	3	183	3116	2526	78.1406	0x787ee6a9	255	88	119
12	2	3	184	3116	2527	78.1016	0x7782dea0	255	83	136
12	2	3	185	3116	2528	77.9609	0x7684d6a3	255	82	143
12	2	3	186	3116	2512	65.8359	0x67edb87b	255	132	51
12	2	3	187	3117	2512	65.7891	0x3e2ced73	255	97	48
12	2	3	188	3117	2513	66.9922	0x56abd67f	255	95	61
12	2	3	189	3116	2513	66.5938	0x642c3fbc	255	124	48
12	2	3	190	3116	2514	67.4141	0x61eb9850	255	131	51
12	2	3	191	3117	2514	67.5078	0x6aaf8f32	255	109	62
12	2	3	192	3117	2523	77.25	0x6a6ed77a	255	119	57
12	2	3	193	3117	2524	77.9141	0x7272df4f	255	116	80
12	2	3	194	3117	2525	78.1562	0x7af96f47	255	108	99
12	2	3	195	3118	2512	67.8125	0x557ee507	255	62	107
12	2	3	196	3118	2513	67.4375	0x6f7fc60a	255	65	127
12	2	3	197	3118	2514	67.8281	0x67b30652	255	82	76
12	2	3	198	3117	2515	68.2031	0x68edc7d4	255	121	54
12	2	3	199	3118	2515	68.3438	0x66ef7ed6	255	100	62
12	2	3	200	3118	2516	69.0547	0x686df789	255	111	60
12	2	3	201	3119	2512	68.0156	0x767936c2	255	91	105
12	2	3	202	3119	2513	68.1172	0x66393dc1	255	71	107
12	2	3	203	3119	2514	68.4531	0x5ff59db2	255	55	92
12	2	3	204	3119	2515	68.8203	0x6c75d64f	255	77	96
12	2	3	205	3119	2516	69.1328	0x62b04663	255	99	70
12	2	3	206	3119	2517	69.9844	0x59ab66cb	255	100	51
12	2	3	207	3120	2512	68.4688	0x68773df8	255	61	103
12	2	3	208	3120	2513	68.8125	0x60b43dd6	255	60	87
12	2	3	209	3120	2514	69.2812	0x6638adc8	255	56	109
12	2	3	210	3120	2515	69.2891	0x5fb5edab	255	55	115
12	2	3	211	3120	2516	69.9609	0x50b18d7a	255	56	80
12	2	3	212	3120	2517	70.3672	0x5d3175f4	255	69	75
12	2	3	213	3120	2518	71.0234	0x572cb657	255	98	46
13	0	0	0	3120	2512	68.4688	0x68773df8	255	61	103
13	0	0	1	3121	2512	69.2109	0x5fba0d75	255	46	109
13	0	0	2	3121	2513	69.4453	0x5fb70d97	255	51	97
13	0	0	3	3120	2513	68.8125	0x60b43dd6	255	60	87
13	0	0	4	3120	2514	69.2812	0x6638adc8	255	56	109
13	0	0	5	3121	2514	69.8047	0x5ff3c5d7	255	61	85
13	0	0	6	3121	2515	70.2969	0x4ab1854e	255	43	95
13	0	0	7	3120	2515	69.2891	0x5fb5edab	255	55	115
13	0	0	8	3120	2516	69.9609	0x50b18d7a	255	56	80
13	0	0	9	3121	2516	70.8984	0x51b31562	255	44	88
13	0	0	10	3121	2517	71.2266	0x4df30548	255	44	87
13	0	0	11	3120	2517	70.3672	0x5d3175f4	255	69	75
13	0	0	12	3120	2518	71.0234	0x572cb657	255	98	46
13	0	0	13	3121	2518	71.8359	0x4d6fbd8e	255	53	71
13	0	0	14	3121	2519	72.5078	0x532c7632	255	77	52
13	0	0	15	3120	2519	71.9688	0x51e89716	255	119	33
13	0	0	16	3120	2520	73.25	0x47e59fd4	255	129	24
13	0	0	17	3121	2520	73.5	0x516a4e89	255	94	40
13	0	0	18	3120	2522	76.3281	0x4de720a1	255	135	31
13	0	0	19	3121	2522	76	0x492670ba	255	137	24
13	0	0	20	3121	2523	77.2344	0x5728b853	255	132	38
13	0	0	21	3120	2523	77.4297	0x5eaa983c	255	130	42
13	0	0	22	3120	2524	78.1328	0x6ef01fec	255	125	63
13	0	0	23	3121	2524	78.1328	0x68add854	255	132	57
13	0	0	24	3121	2525	78.6172	0x75f3b7dc	255	123	78
13	0	0	25	3120	2525	78.5781	0x7935f7c0	255	120	89
13	0	0	26	3120	2526	78.7969	0x7c396f81	255	114	104
13	0	0	27	3121	2526	78.9688	0x7b387f79	255	111	101
13	0	0	28	3121	2527	79.1016	0x7e3cef7d	255	110	116
13	0	0	29	3120	2527	79	0x7dbc8f6a	255	109	119
13	0	0	30	3120	2528	79.0156	0x7e000753	255	107	126
13	0	0	31	3121	2528	79.1641	0x7e3f2757	255	106	125
13	0	0	32	3122	2512	70.1406	0x55fbb517	255	32	117
13	0	0	33	3122	2513	70.3594	0x4ef8d4fc	255	31	108
13	0	0	34	3122	2514	70.6094	0x49b2d52e	255	34	97
13	0	0	35	3122	2515	71.3203	0x47707d50	255	42	78
13	0	0	36	3122	2516	71.8203	0x4cf1b55a	255	42	85
13	0	0	37	3122	2518	72.7266	0x5236652e	255	40	95
13	0	0	38	3122	2519	73.0391	0x4faf25b1	255	58	73
13	0	0	39	3122	2520	74.0703	0x476afdfa	255	73	48
13	0	0	40	3122	2522	75.9531	0x53e84776	255	119	29
13	0	0	41	3122	2523	77.2656	0x5a2957e8	255	125	38
13	0	0	42	3122	2524	77.9688	0x692dd02c	255	126	54
13	0	0	43	3122	2525	78.6484	0x7030afc8	255	121	67
13	0	0	44	3122	2526	79.0625	0x79b6b79d	255	114	90
13	0	0	45	3122	2527	79.2578	0x7b7b771e	255	101	110
13	0	0	46	3122	2528	79.3516	0x7b7ec6f9	255	97	124
13	0	0	47	3123	2519	74.0469	0x3ff404e0	255	26	102
13	0	0	48	3123	2520	74.7891	0x416e2d63	255	48	66
13	0	0	49	3123	2521	75.5781	0x52adddf5	255	65	66
13	0	0	50	3122	2521	75.0234	0x4dab362e	255	80	46
13	0	0	51	3123	2522	76.2734	0x53ac1e46	255	84	50
13	0	0	52	3123	2523	77.2812	0x5ceaff32	255	113	45
13	0	0	53	3123	2524	78.0469	0x672d57a5	255	118	53
13	0	0	54	3123	2525	78.7266	0x6eb0777d	255	113	64
13	0	0	55	3123	2526	79.1641	0x72f3d71f	255	105	79
13	0	0	56	3123	2527	79.5547	0x72f7d691	255	87	99
13	0	0	57	3123	2528	79.6953	0x717dc62b	255	71	123
13	0	0	58	3124	2520	76.1016	0x463a34bd	255	21	116
13	0	0	59	3124	2521	76.2969	0x4df3e537	255	38	96
13	0	0	60	3124	2522	76.9609	0x482f0d79	255	52	74
13	0	0	61	3124	2523	77.6797	0x5f302635	255	76	68
13	0	0	62	3124	2524	78.1484	0x5dafc630	255	89	62
13	0	0	63	3124	2525	78.9062	0x62ee3ec9	255	98	57
13	0	0	64	3124	2526	79.5156	0x59b0e5de	255	75	71
13	0	0	65	3124	2527	80.0312	0x5d739dc0	255	60	85
13	0	0	66	3124	2528	80.3828	0x61bb557c	255	48	121
13	0	0	67	3125	2523	78.3203	0x4f32855a	255	34	98
13	0	0	68	3125	2524	79.1016	0x4df1d560	255	44	87
13	0	0	69	3125	2525	79.375	0x46ef0571	255	49	74
13	0	0	70	3125	2526	80.4922	0x42adb578	255	49	67
13	0	0	71	3125	2527	80.9688	0x52b41d56	255	43	91
13	0	0	72	3125	2528	81.3281	0x5bba4d4e	255	41	119
13	0	0	73	3126	2527	81.9375	0x4f74653a	255	39	94
13	0	0	74	3126	2528	82.2344	0x5fbd0d60	255	44	125
13	0	0	75	3126	2526	81.4219	0x43b14526	255	32	89
13	0	0	76	3127	2526	82.8438	0x4ff7dd0d	255	33	106
13	0	0	77	3127	2527	83.0391	0x5d7c4d50	255	45	118
13	0	0	78	3127	2528	83.0781	0x65439d9c	255	51	132
13	0	0	79	3128	2514	81.8438	0x5031cd72	255	47	84
13	0	0	80	3127	2515	81.0938	0x3bb5d4b4	255	22	101
13	0	0	81	3128	2515	82.1953	0x56b5dd59	255	43	96
13	0	0	82	3128	2516	82.5312	0x607a6578	255	41	116
13	0	0	83	3127	2516	81.4062	0x48bb94c2	255	23	122
13	0	0	84	3127	2517	81.375	0x4bbae4d7	255	24	121
13	0	0	85	3128	2517	82.5547	0x573aa527	255	36	118
13	0	0	86	3128	2518	82.875	0x5bf9d554	255	41	116
13	0	0	87	3127	2518	81.7344	0x463b94b5	255	22	123
13	0	0	88	3127	2519	81.6562	0x477d6cb4	255	21	122
13	0	0	89	3128	2519	82.9531	0x593b7532	255	39	115
13	0	0	90	3128	2520	83.1641	0x5cbe0542	255	37	121
13	0	0	91	3127	2520	81.8984	0x448124a1	255	20	128
13	0	0	92	3127	2521	81.5859	0x4386dcb8	255	20	134
13	0	0	93	3128	2521	83.0781	0x520064ef	255	30	128
13	0	0	94	3128	2524	83.2578	0x56b9b52c	255	37	117
13	0	0	95	3127	2525	82.5	0x40b50cd6	255	26	104
13	0	0	96	3128	2525	83.7344	0x5c79255f	255	45	119
13	0	0	97	3128	2526	83.7031	0x643f8582	255	49	122
13	0	0	98	3128	2527	83.7656	0x69ff85c1	255	55	126
13	0	0	99	3128	2528	83.7344	0x6c05c5fd	255	61	140
13	0	0	100	3128	2512	80.7891	0x4830455a	255	46	79
13	0	0	101	3129	2512	81.3828	0x60723e05	255	67	78
13	0	0	102	3129	2513	81.9609	0x5d70ce0a	255	73	75
13	0	0	103	3128	2513	81.1406	0x50b1c576	255	48	83
13	0	0	104	3129	2514	82.5078	0x65322647	255	79	75
13	0	0	105	3129	2515	82.9453	0x6ab78e11	255	70	95
13	0	0	106	3129	2516	83.0625	0x6c386e18	255	67	104
13	0	0	107	3129	2517	83.4375	0x673855d8	255	61	108
13	0	0	108	3129	2518	83.5625	0x6e7cae06	255	65	116
13	0	0	109	3129	2519	83.6484	0x6cbc6df2	255	63	113
13	0	0	110	3129	2520	83.7891	0x6cbaddfd	255	63	109
13	0	0	111	3129	2521	83.9766	0x65b9edb3	255	55	114
13	0	0	112	3128	2522	83.1406	0x4abc14cb	255	28	121
13	0	0	113	3129	2522	84.1797	0x663de59d	255	54	124
13	0	0	114	3129	2523	84.1094	0x6b00e5d1	0	59	128
13	0	0	115	3128	2523	83.3281	0x537e24fa	255	32	125
13	0	0	116	3129	2524	84.125	0x6afd4dd6	0	61	121
13	0	0	117	3129	2525	84.2812	0x733b165e	0	70	113
13	0	0	118	3129	2526	84.4375	0x6efe2605	0	66	124
13	0	0	119	3129	2527	84.3984	0x70c2fe29	0	70	134
13	0	0	120	3129	2528	84.25	0x70c92e81	255	82	157
13	0	0	121	3130	2512	81.9688	0x6e72eed1	255	106	72
13	0	0	122	3130	2513	82.3125	0x70b38eed	255	96	79
13	0	0	123	3130	2514	82.8203	0x6e71cf0d	255	102	73
13	0	0	124	3130	2515	83.3125	0x73b41f26	255	109	81
13	0	0	125	3130	2516	83.625	0x74b7beb8	255	97	94
13	0	0	126	3130	2517	83.8516	0x77b9e6d3	255	92	104
13	0	0	127	3130	2518	84.0156	0x75bb368c	255	84	110
13	0	0	128	3130	2519	84.1562	0x757af689	255	82	108
13	0	0	129	3130	2520	84.3359	0x743a9e79	255	82	107
13	0	0	130	3130	2521	84.5	0x75bb568c	255	84	110
13	0	0	131	3130	2522	84.6328	0x783de6a6	0	87	124
13	0	0	132	3130	2528	84.5469	0x7686b6c5	0	91	153
13	0	0	133	3131	2512	82.0078	0x717147f0	255	126	68
13	0	0	134	3131	2513	82.5234	0x71f1d799	255	122	71
13	0	0	135	3131	2514	83	0x74f36799	255	119	77
13	0	0	136	3131	2515	83.3828	0x77b4e7c0	255	118	80
13	0	0	137	3131	2516	83.7422	0x7835df79	255	111	87
13	0	0	138	3131	2517	84.0547	0x7936d776	255	111	95
13	0	0	139	3131	2518	84.3438	0x7b3a073c	255	110	107
13	0	0	140	3131	2519	84.4375	0x7cbbaf47	255	110	110
13	0	0	141	3131	2520	84.6172	0x7cbaf762	255	115	107
13	0	0	142	3131	2521	84.7578	0x7d3b9762	255	112	108
13	0	0	143	3131	2522	84.8984	0x7dbf0747	0	107	125
13	0	0	144	3132	2512	82	0x71717054	255	132	69
13	0	0	145	3132	2513	82.5156	0x71717058	255	133	69
13	0	0	146	3132	2514	83.0234	0x73f2a044	255	130	74
13	0	0	147	3132	2515	83.4375	0x75734ff8	255	126	76
13	0	0	148	3132	2516	83.8906	0x78f59ff4	255	126	87
13	0	0	149	3132	2517	84.125	0x7bf80fe8	255	125	95
13	0	0	150	3132	2518	84.4062	0x7d79c02c	255	128	105
13	0	0	151	3132	2519	84.5234	0x7efc2804	255	127	112
13	0	0	152	3132	2520	84.6484	0x7ebb7000	255	127	108
13	0	0	153	3132	2521	84.8125	0x7dfa7810	255	128	105
13	0	0	154	3132	2522	85	0x7fbde7fc	0	127	123
13	0	0	155	3133	2512	81.8438	0x6d71a105	255	154	71
13	0	0	156	3133	2513	82.3516	0x6cf19113	255	155	71
13	0	0	157	3133	2514	82.8672	0x6c314916	255	155	69
13	0	0	158	3133	2515	83.3984	0x72b2f0b4	255	144	75
13	0	0	159	3133	2516	83.7656	0x76b568b5	255	147	85
13	0	0	160	3133	2517	84.1016	0x7af8608b	255	143	98
13	0	0	161	3133	2518	84.2578	0x7afad0e2	255	153	107
13	0	0	162	3133	2519	84.4297	0x7c3a58a9	255	144	106
13	0	0	163	3133	2520	84.6172	0x7d7b5087	255	138	109
13	0	0	164	3133	2521	84.7266	0x7d7b708e	255	142	109
13	0	0	165	3133	2522	84.9062	0x7dfe20a9	0	146	124
13	0	0	166	3134	2512	81.4688	0x653239be	255	175	75
13	0	0	167	3134	2513	81.9531	0x67f2198e	255	173	74
13	0	0	168	3134	2514	82.4531	0x6470a18f	255	173	71
13	0	0	169	3134	2515	83.0781	0x637129b2	255	174	71
13	0	0	170	3134	2516	83.5312	0x6e349171	255	172	87
13	0	0	171	3134	2517	83.8516	0x70f971b1	255	175	106
13	0	0	172	3134	2518	83.9531	0x773ab949	255	169	105
13	0	0	173	3134	2519	84.1875	0x76b9513b	255	164	102
13	0	0	174	3134	2520	84.3828	0x753a9974	255	169	110
13	0	0	175	3134	2521	84.5312	0x76bb9163	255	166	110
13	0	0	176	3134	2522	84.6641	0x78bf0150	0	167	124
13	0	0	177	3135	2512	80.8516	0x56f1fa5b	255	199	80
13	0	0	178	3135	2513	81.4922	0x5470c251	255	198	79
13	0	0	179	3135	2514	82	0x55b2d279	255	200	82
13	0	0	180	3135	2515	82.4375	0x5032829e	255	204	81
13	0	0	181	3135	2516	82.9844	0x5a755a7e	255	204	97
13	0	0	182	3135	2517	83.1641	0x5e370a77	255	202	102
13	0	0	183	3135	2518	83.5781	0x6236ba48	255	194	97
13	0	0	184	3135	2519	83.7812	0x677bf24b	255	193	109
13	0	0	185	3135	2520	83.8359	0x6e3cc9fd	255	190	117
13	0	0	186	3135	2521	83.9844	0x6a7a2217	255	194	114
13	0	0	187	3135	2522	84.2109	0x69bcea37	255	195	122
13	0	0	188	3135	2523	84.1797	0x6b3fe22f	0	189	126
13	0	0	189	3135	2527	84.7422	0x787e2153	0	167	126
13	0	0	190	3134	2528	84.8516	0x7c06009e	0	147	148
13	0	0	191	3135	2528	84.6719	0x77843950	255	164	141
13	0	0	192	3136	2512	79.9219	0x4831d2c9	255	217	86
13	0	0	193	3136	2513	80.4297	0x49b3eae6	255	220	93
13	0	0	194	3136	2514	80.7812	0x4774eb03	255	225	99
13	0	0	195	3136	2515	81.2031	0x3d71b304	255	225	89
13	0	0	196	3136	2516	81.875	0x42322af4	255	221	91
13	0	0	197	3136	2517	82.2422	0x51364ad6	255	217	99
13	0	0	198	3136	2518	82.5312	0x4ff7daf3	255	217	101
13	0	0	199	3136	2519	82.7812	0x56f5aaa2	255	210	96
13	0	0	200	3136	2520	83.2344	0x59b822ad	255	213	116
13	0	0	201	3136	2521	83.2969	0x5cfe82bd	255	213	123
13	0	0	202	3136	2522	83.3281	0x564022f3	255	215	125
13	0	0	203	3136	2523	83.2891	0x5e7aa29c	255	211	121
13	0	0	204	3136	2524	83.6719	0x5df6026a	255	198	105
13	0	0	205	3135	2524	84.2188	0x733d09b5	0	181	118
13	0	0	206	3135	2525	84.3672	0x75bab96d	0	174	108
13	0	0	207	3136	2525	83.9609	0x69f9ca19	255	191	108
13	0	0	208	3136	2526	84.0703	0x6d7b19fc	255	190	108
13	0	0	209	3135	2526	84.5547	0x743a2180	0	174	105
13	0	0	210	3136	2527	84.2734	0x6ebea200	255	190	125
13	0	0	211	3136	2528	84.1562	0x738281af	255	182	134
13	1	1	0	3120	2512	68.4688	0x68773df8	255	61	103
13	1	1	1	3120	2513	68.8125	0x60b43dd6	255	60	87
13	1	1	2	3121	2513	69.4453	0x5fb70d97	255	51	97
13	1	1	3	3120	2514	69.2812	0x6638adc8	255	56	109
13	1	1	4	3121	2514	69.8047	0x5ff3c5d7	255	61	85
13	1	1	5	3121	2515	70.2969	0x4ab1854e	255	43	95
13	1	1	6	3120	2515	69.2891	0x5fb5edab	255	55	115
13	1	1	7	3120	2516	69.9609	0x50b18d7a	255	56	80
13	1	1	8	3121	2516	70.8984	0x51b31562	255	44	88
13	1	1	9	3121	2517	71.2266	0x4df30548	255	44	87
13	1	1	10	3120	2517	70.3672	0x5d3175f4	255	69	75
13	1	1	11	3120	2518	71.0234	0x572cb657	255	98	46
13	1	1	12	3121	2518	71.8359	0x4d6fbd8e	255	53	71
13	1	1	13	3121	2519	72.5078	0x532c7632	255	77	52
13	1	1	14	3120	2519	71.9688	0x51e89716	255	119	33
13	1	1	15	3120	2520	73.25	0x47e59fd4	255	129	24
13	1	1	16	3121	2520	73.5	0x516a4e89	255	94	40
13	1	1	17	3121	2521	74.4844	0x4fa717c4	255	123	26
13	1	1	18	3120	2521	74.9062	0x3e665961	255	153	22
13	1	1	19	3120	2522	76.3281	0x4de720a1	255	135	31
13	1	1	20	3121	2522	76	0x492670ba	255	137	24
13	1	1	21	3121	2523	77.2344	0x5728b853	255	132	38
13	1	1	22	3120	2523	77.4297	0x5eaa983c	255	130	42
13	1	1	23	3120	2524	78.1328	0x6ef01fec	255	125	63
13	1	1	24	3121	2524	78.1328	0x68add854	255	132	57
13	1	1	25	3121	2525	78.6172	0x75f3b7dc	255	123	78
13	1	1	26	3120	2525	78.5781	0x7935f7c0	255	120	89
13	1	1	27	3120	2526	78.7969	0x7c396f81	255	114	104
13	1	1	28	3121	2526	78.9688	0x7b387f79	255	111	101
13	1	1	29	3122	2514	70.6094	0x49b2d52e	255	34	97
13	1	1	30	3122	2515	71.3203	0x47707d50	255	42	78
13	1	1	31	3122	2516	71.8203	0x4cf1b55a	255	42	85
13	1	1	32	3122	2517	72.3906	0x4cb36538	255	38	90
13	1	1	33	3122	2518	72.7266	0x5236652e	255	40	95
13	1	1	34	3122	2519	73.0391	0x4faf25b1	255	58	73
13	1	1	35	3122	2520	74.0703	0x476afdfa	255	73	48
13	1	1	36	3122	2521	75.0234	0x4dab362e	255	80	46
13	1	1	37	3122	2522	75.9531	0x53e84776	255	119	29
13	1	1	38	3122	2523	77.2656	0x5a2957e8	255	125	38
13	1	1	39	3122	2524	77.9688	0x692dd02c	255	126	54
13	1	1	40	3122	2525	78.6484	0x7030afc8	255	121	67
13	1	1	41	3122	2526	79.0625	0x79b6b79d	255	114	90
13	1	1	42	3123	2515	72.3594	0x427454e9	255	26	95
13	1	1	43	3123	2516	72.8438	0x3ef2bcf2	255	28	92
13	1	1	44	3123	2517	73.3438	0x3c71ccf5	255	27	93
13	1	1	45	3123	2519	74.0469	0x3ff404e0	255	26	102
13	1	1	46	3123	2520	74.7891	0x416e2d63	255	48	66
13	1	1	47	3123	2521	75.5781	0x52adddf5	255	65	66
13	1	1	48	3123	2522	76.2734	0x53ac1e46	255	84	50
13	1	1	49	3123	2523	77.2812	0x5ceaff32	255	113	45
13	1	1	50	3123	2524	78.0469	0x672d57a5	255	118	53
13	1	1	51	3123	2525	78.7266	0x6eb0777d	255	113	64
13	1	1	52	3123	2526	79.1641	0x72f3d71f	255	105	79
13	1	1	53	3123	2527	79.5547	0x72f7d691	255	87	99
13	1	1	54	3122	2527	79.2578	0x7b7b771e	255	101	110
13	1	1	55	3122	2528	79.3516	0x7b7ec6f9	255	97	124
13	1	1	56	3123	2528	79.6953	0x717dc62b	255	71	123
13	1	1	57	3124	2520	76.1016	0x463a34bd	255	21	116
13	1	1	58	3124	2521	76.2969	0x4df3e537	255	38	96
13	1	1	59	3124	2522	76.9609	0x482f0d79	255	52	74
13	1	1	60	3124	2523	77.6797	0x5f302635	255	76	68
13	1	1	61	3124	2524	78.1484	0x5dafc630	255	89	62
13	1	1	62	3124	2525	78.9062	0x62ee3ec9	255	98	57
13	1	1	63	3124	2526	79.5156	0x59b0e5de	255	75	71
13	1	1	64	3124	2527	80.0312	0x5d739dc0	255	60	85
13	1	1	65	3124	2528	80.3828	0x61bb557c	255	48	121
13	1	1	66	3125	2521	77.6797	0x3a39dc87	255	14	122
13	1	1	67	3125	2522	78.1172	0x44768cd6	255	25	105
13	1	1	68	3125	2523	78.3203	0x4f32855a	255	34	98
13	1	1	69	3125	2524	79.1016	0x4df1d560	255	44	87
13	1	1	70	3125	2525	79.375	0x46ef0571	255	49	74
13	1	1	71	3125	2526	80.4922	0x42adb578	255	49	67
13	1	1	72	3125	2527	80.9688	0x52b41d56	255	43	91
13	1	1	73	3125	2528	81.3281	0x5bba4d4e	255	41	119
13	1	1	74	3126	2524	80.0547	0x3870dcf3	255	23	95
13	1	1	75	3126	2525	80.8047	0x336fbcf6	255	26	83
13	1	1	76	3126	2526	81.4219	0x43b14526	255	32	89
13	1	1	77	3126	2527	81.9375	0x4f74653a	255	39	94
13	1	1	78	3126	2528	82.2344	0x5fbd0d60	255	44	125
13	1	1	79	3126	2512	77.6172	0x27ef4cd4	255	17	91
13	1	1	80	3127	2512	79.3828	0x326f84f5	255	26	83
13	1	1	81	3127	2513	80.1797	0x35b004f9	255	24	91
13	1	1	82	3127	2525	82.5	0x40b50cd6	255	26	104
13	1	1	83	3128	2512	80.7891	0x4830455a	255	46	79
13	1	1	84	3128	2513	81.1406	0x50b1c576	255	48	83
13	1	1	85	3128	2514	81.8438	0x5031cd72	255	47	84
13	1	1	86	3127	2514	80.7031	0x38b37cc6	255	21	98
13	1	1	87	3127	2515	81.0938	0x3bb5d4b4	255	22	101
13	1	1	88	3128	2515	82.1953	0x56b5dd59	255	43	96
13	1	1	89	3129	2512	81.3828	0x60723e05	255	67	78
13	1	1	90	3129	2513	81.9609	0x5d70ce0a	255	73	75
13	1	1	91	3129	2514	82.5078	0x65322647	255	79	75
13	1	1	92	3129	2515	82.9453	0x6ab78e11	255	70	95
13	1	1	93	3128	2516	82.5312	0x607a6578	255	41	116
13	1	1	94	3129	2516	83.0625	0x6c386e18	255	67	104
13	1	1	95	3130	2512	81.9688	0x6e72eed1	255	106	72
13	1	1	96	3130	2513	82.3125	0x70b38eed	255	96	79
13	1	1	97	3130	2514	82.8203	0x6e71cf0d	255	102	73
13	1	1	98	3130	2515	83.3125	0x73b41f26	255	109	81
13	1	1	99	3130	2516	83.625	0x74b7beb8	255	97	94
13	1	1	100	3129	2519	83.6484	0x6cbc6df2	255	63	113
13	1	1	101	3130	2519	84.1562	0x757af689	255	82	108
13	1	1	102	3130	2520	84.3359	0x743a9e79	255	82	107
13	1	1	103	3129	2520	83.7891	0x6cbaddfd	255	63	109
13	1	1	104	3129	2521	83.9766	0x65b9edb3	255	55	114
13	1	1	105	3130	2521	84.5	0x75bb568c	255	84	110
13	1	1	106	3131	2512	82.0078	0x717147f0	255	126	68
13	1	1	107	3131	2513	82.5234	0x71f1d799	255	122	71
13	1	1	108	3131	2514	83	0x74f36799	255	119	77
13	1	1	109	3131	2515	83.3828	0x77b4e7c0	255	118	80
13	1	1	110	3131	2519	84.4375	0x7cbbaf47	255	110	110
13	1	1	111	3131	2520	84.6172	0x7cbaf762	255	115	107
13	1	1	112	3131	2521	84.7578	0x7d3b9762	255	112	108
13	1	1	113	3132	2512	82	0x71717054	255	132	69
13	1	1	114	3132	2513	82.5156	0x71717058	255	133	69
13	1	1	115	3132	2514	83.0234	0x73f2a044	255	130	74
13	1	1	116	3132	2515	83.4375	0x75734ff8	255	126	76
13	1	1	117	3132	2516	83.8906	0x78f59ff4	255	126	87
13	1	1	118	3133	2512	81.8438	0x6d71a105	255	154	71
13	1	1	119	3133	2513	82.3516	0x6cf19113	255	155	71
13	1	1	120	3133	2514	82.8672	0x6c314916	255	155	69
13	1	1	121	3133	2515	83.3984	0x72b2f0b4	255	144	75
13	1	1	122	3133	2516	83.7656	0x76b568b5	255	147	85
13	1	1	123	3134	2512	81.4688	0x653239be	255	175	75
13	1	1	124	3134	2513	81.9531	0x67f2198e	255	173	74
13	1	1	125	3134	2514	82.4531	0x6470a18f	255	173	71
13	1	1	126	3134	2515	83.0781	0x637129b2	255	174	71
13	1	1	127	3134	2516	83.5312	0x6e349171	255	172	87
13	1	1	128	3133	2517	84.1016	0x7af8608b	255	143	98
13	1	1	129	3134	2517	83.8516	0x70f971b1	255	175	106
13	1	1	130	3134	2518	83.9531	0x773ab949	255	169	105
13	1	1	131	3135	2512	80.8516	0x56f1fa5b	255	199	80
13	1	1	132	3135	2513	81.4922	0x5470c251	255	198	79
13	1	1	133	3135	2514	82	0x55b2d279	255	200	82
13	1	1	134	3135	2515	82.4375	0x5032829e	255	204	81
13	1	1	135	3135	2516	82.9844	0x5a755a7e	255	204	97
13	1	1	136	3135	2517	83.1641	0x5e370a77	255	202	102
13	1	1	137	3135	2518	83.5781	0x6236ba48	255	194	97
13	1	1	138	3135	2519	83.7812	0x677bf24b	255	193	109
13	1	1	139	3135	2525	84.3672	0x75bab96d	255	174	108
13	1	1	140	3134	2526	84.8828	0x7b7c08e9	255	153	111
13	1	1	141	3135	2526	84.5547	0x743a2180	255	174	105
13	1	1	142	3135	2527	84.7422	0x787e2153	255	167	126
13	1	1	143	3136	2512	79.9219	0x4831d2c9	255	217	86
13	1	1	144	3136	2513	80.4297	0x49b3eae6	255	220	93
13	1	1	145	3136	2514	80.7812	0x4774eb03	255	225	99
13	1	1	146	3136	2515	81.2031	0x3d71b304	255	225	89
13	1	1	147	3136	2516	81.875	0x42322af4	255	221	91
13	1	1	148	3136	2518	82.5312	0x4ff7daf3	255	217	101
13	1	1	149	3136	2526	84.0703	0x6d7b19fc	255	190	108
13	2	2	0	3129	2527	84.3984	0x70c2fe29	255	70	134
13	2	2	1	3128	2528	83.7344	0x6c05c5fd	255	61	140
13	2	2	2	3129	2528	84.25	0x70c92e81	255	82	157
13	2	2	3	3130	2528	84.5469	0x7686b6c5	255	91	153
13	3	3	0	3120	2512	68.4688	0x68773df8	255	61	103
13	3	3	1	3121	2512	69.2109	0x5fba0d75	255	46	109
13	3	3	2	3121	2513	69.4453	0x5fb70d97	255	51	97
13	3	3	3	3120	2513	68.8125	0x60b43dd6	255	60	87
13	3	3	4	3120	2514	69.2812	0x6638adc8	255	56	109
13	3	3	5	3121	2514	69.8047	0x5ff3c5d7	255	61	85
13	3	3	6	3121	2515	70.2969	0x4ab1854e	255	43	95
13	3	3	7	3120	2515	69.2891	0x5fb5edab	255	55	115
13	3	3	8	3120	2516	69.9609	0x50b18d7a	255	56	80
13	3	3	9	3121	2516	70.8984	0x51b31562	255	44	88
13	3	3	10	3121	2517	71.2266	0x4df30548	255	44	87
13	3	3	11	3120	2517	70.3672	0x5d3175f4	255	69	75
13	3	3	12	3120	2518	71.0234	0x572cb657	255	98	46
13	3	3	13	3121	2518	71.8359	0x4d6fbd8e	255	53	71
13	3	3	14	3121	2519	72.5078	0x532c7632	255	77	52
13	3	3	15	3120	2519	71.9688	0x51e89716	255	119	33
13	3	3	16	3120	2520	73.25	0x47e59fd4	255	129	24
13	3	3	17	3121	2520	73.5	0x516a4e89	255	94	40
13	3	3	18	3122	2512	70.1406	0x55fbb517	255	32	117
13	3	3	19	3122	2513	70.3594	0x4ef8d4fc	255	31	108
13	3	3	20	3122	2514	70.6094	0x49b2d52e	255	34	97
13	3	3	21	3122	2515	71.3203	0x47707d50	255	42	78
13	3	3	22	3122	2516	71.8203	0x4cf1b55a	255	42	85
13	3	3	23	3122	2517	72.3906	0x4cb36538	255	38	90
13	3	3	24	3122	2518	72.7266	0x5236652e	255	40	95
13	3	3	25	3122	2519	73.0391	0x4faf25b1	255	58	73
13	3	3	26	3122	2520	74.0703	0x476afdfa	255	73	48
13	3	3	27	3121	2521	74.4844	0x4fa717c4	255	123	26
13	3	3	28	3122	2521	75.0234	0x4dab362e	255	80	46
13	3	3	29	3122	2522	75.9531	0x53e84776	255	119	29
13	3	3	30	3123	2512	71.3594	0x44b914bd	255	22	121
13	3	3	31	3123	2513	71.8281	0x3ff65cc0	255	21	108
13	3	3	32	3123	2514	72.0156	0x4177fcb7	255	21	110
13	3	3	33	3123	2515	72.3594	0x427454e9	255	26	95
13	3	3	34	3123	2516	72.8438	0x3ef2bcf2	255	28	92
13	3	3	35	3123	2517	73.3438	0x3c71ccf5	255	27	93
13	3	3	36	3123	2518	73.9297	0x43f5c4dd	255	25	108
13	3	3	37	3123	2519	74.0469	0x3ff404e0	255	26	102
13	3	3	38	3123	2520	74.7891	0x416e2d63	255	48	66
13	3	3	39	3123	2521	75.5781	0x52adddf5	255	65	66
13	3	3	40	3123	2522	76.2734	0x53ac1e46	255	84	50
13	3	3	41	3123	2523	77.2812	0x5ceaff32	255	113	45
13	3	3	42	3123	2525	78.7266	0x6eb0777d	255	113	64
13	3	3	43	3122	2526	79.0625	0x79b6b79d	255	114	90
13	3	3	44	3123	2526	79.1641	0x72f3d71f	255	105	79
13	3	3	45	3123	2527	79.5547	0x72f7d691	255	87	99
13	3	3	46	3122	2527	79.2578	0x7b7b771e	255	101	110
13	3	3	47	3122	2528	79.3516	0x7b7ec6f9	255	97	124
13	3	3	48	3123	2528	79.6953	0x717dc62b	255	71	123
13	3	3	49	3124	2512	73.1094	0x30f2f4b0	255	16	107
13	3	3	50	3124	2513	73.4609	0x34770488	255	14	110
13	3	3	51	3124	2514	73.7188	0x33f6e487	255	13	112
13	3	3	52	3124	2515	74.0781	0x3133cca4	255	15	103
13	3	3	53	3124	2516	74.6094	0x2d316cbd	255	16	97
13	3	3	54	3124	2517	75.2344	0x2f3394a0	255	14	104
13	3	3	55	3124	2518	75.5234	0x35b60498	255	14	113
13	3	3	56	3124	2519	75.9219	0x37b76491	255	15	111
13	3	3	57	3124	2520	76.1016	0x463a34bd	255	21	116
13	3	3	58	3124	2521	76.2969	0x4df3e537	255	38	96
13	3	3	59	3124	2522	76.9609	0x482f0d79	255	52	74
13	3	3	60	3124	2523	77.6797	0x5f302635	255	76	68
13	3	3	61	3124	2524	78.1484	0x5dafc630	255	89	62
13	3	3	62	3123	2524	78.0469	0x672d57a5	255	118	53
13	3	3	63	3124	2525	78.9062	0x62ee3ec9	255	98	57
13	3	3	64	3124	2526	79.5156	0x59b0e5de	255	75	71
13	3	3	65	3124	2527	80.0312	0x5d739dc0	255	60	85
13	3	3	66	3124	2528	80.3828	0x61bb557c	255	48	121
13	3	3	67	3125	2512	75.2734	0x267014c0	255	15	93
13	3	3	68	3125	2513	75.8828	0x2bf4548b	255	11	109
13	3	3	69	3125	2514	76.1172	0x2ef8e464	255	10	116
13	3	3	70	3125	2515	76.3516	0x2c35847d	255	10	108
13	3	3	71	3125	2516	76.8516	0x24b164a2	255	11	101
13	3	3	72	3125	2517	77.5234	0x2ab37493	255	10	114
13	3	3	73	3125	2518	77.7812	0x33fae468	255	11	120
13	3	3	74	3125	2519	77.8516	0x3801046a	255	12	124
13	3	3	75	3125	2520	77.7188	0x39c2bc73	255	14	131
13	3	3	76	3125	2521	77.6797	0x3a39dc87	255	14	122
13	3	3	77	3125	2522	78.1172	0x44768cd6	255	25	105
13	3	3	78	3125	2523	78.3203	0x4f32855a	255	34	98
13	3	3	79	3125	2524	79.1016	0x4df1d560	255	44	87
13	3	3	80	3125	2525	79.375	0x46ef0571	255	49	74
13	3	3	81	3125	2526	80.4922	0x42adb578	255	49	67
13	3	3	82	3125	2527	80.9688	0x52b41d56	255	43	91
13	3	3	83	3125	2528	81.3281	0x5bba4d4e	255	41	119
13	3	3	84	3126	2512	77.6172	0x27ef4cd4	255	17	91
13	3	3	85	3126	2513	78.1172	0x2e33bc9b	255	13	103
13	3	3	86	3126	2514	78.5156	0x2db56c83	255	11	110
13	3	3	87	3126	2515	78.8594	0x26f13cab	255	12	101
13	3	3	88	3126	2516	79.7031	0x29f24ca3	255	13	110
13	3	3	89	3126	2517	79.9141	0x3abcec77	255	14	124
13	3	3	90	3126	2518	79.8984	0x39be8470	255	14	123
13	3	3	91	3126	2519	80.0078	0x3b7e0478	255	14	124
13	3	3	92	3126	2520	80.0234	0x373f6465	255	13	127
13	3	3	93	3126	2521	80.0469	0x3983d477	255	14	131
13	3	3	94	3126	2522	79.7812	0x3f06dca1	255	16	129
13	3	3	95	3126	2523	79.6016	0x3efbb490	255	17	123
13	3	3	96	3126	2524	80.0547	0x3870dcf3	255	23	95
13	3	3	97	3126	2525	80.8047	0x336fbcf6	255	26	83
13	3	3	98	3126	2526	81.4219	0x43b14526	255	32	89
13	3	3	99	3126	2527	81.9375	0x4f74653a	255	39	94
13	3	3	100	3126	2528	82.2344	0x5fbd0d60	255	44	125
13	3	3	101	3127	2512	79.3828	0x326f84f5	255	26	83
13	3	3	102	3127	2513	80.1797	0x35b004f9	255	24	91
13	3	3	103	3127	2514	80.7031	0x38b37cc6	255	21	98
13	3	3	104	3127	2515	81.0938	0x3bb5d4b4	255	22	101
13	3	3	105	3127	2516	81.4062	0x48bb94c2	255	23	122
13	3	3	106	3127	2517	81.375	0x4bbae4d7	255	24	121
13	3	3	107	3127	2518	81.7344	0x463b94b5	255	22	123
13	3	3	108	3127	2519	81.6562	0x477d6cb4	255	21	122
13	3	3	109	3127	2520	81.8984	0x448124a1	255	20	128
13	3	3	110	3127	2521	81.5859	0x4386dcb8	255	20	134
13	3	3	111	3127	2522	81.4531	0x40fccc94	255	17	124
13	3	3	112	3127	2523	81.7891	0x37f6cc98	255	17	117
13	3	3	113	3127	2524	82.0781	0x3d75b4bd	255	21	104
13	3	3	114	3127	2525	82.5	0x40b50cd6	255	26	104
13	3	3	115	3127	2526	82.8438	0x4ff7dd0d	255	33	106
13	3	3	116	3127	2527	83.0391	0x5d7c4d50	255	45	118
13	3	3	117	3127	2528	83.0781	0x65439d9c	255	51	132
13	3	3	118	3128	2512	80.7891	0x4830455a	255	46	79
13	3	3	119	3128	2513	81.1406	0x50b1c576	255	48	83
13	3	3	120	3128	2514	81.8438	0x5031cd72	255	47	84
13	3	3	121	3128	2515	82.1953	0x56b5dd59	255	43	96
13	3	3	122	3128	2516	82.5312	0x607a6578	255	41	116
13	3	3	123	3128	2517	82.5547	0x573aa527	255	36	118
13	3	3	124	3128	2518	82.875	0x5bf9d554	255	41	116
13	3	3	125	3128	2519	82.9531	0x593b7532	255	39	115
13	3	3	126	3128	2520	83.1641	0x5cbe0542	255	37	121
13	3	3	127	3128	2521	83.0781	0x520064ef	255	30	128
13	3	3	128	3128	2522	83.1406	0x4abc14cb	255	28	121
13	3	3	129	3128	2523	83.3281	0x537e24fa	255	32	125
13	3	3	130	3128	2524	83.2578	0x56b9b52c	255	37	117
13	3	3	131	3128	2525	83.7344	0x5c79255f	255	45	119
13	3	3	132	3128	2526	83.7031	0x643f8582	255	49	122
13	3	3	133	3128	2527	83.7656	0x69ff85c1	255	55	126
13	3	3	134	3128	2528	83.7344	0x6c05c5fd	255	61	140
13	3	3	135	3129	2512	81.3828	0x60723e05	255	67	78
13	3	3	136	3129	2513	81.9609	0x5d70ce0a	255	73	75
13	3	3	137	3129	2514	82.5078	0x65322647	255	79	75
13	3	3	138	3129	2515	82.9453	0x6ab78e11	255	70	95
13	3	3	139	3129	2516	83.0625	0x6c386e18	255	67	104
13	3	3	140	3129	2517	83.4375	0x673855d8	255	61	108
13	3	3	141	3129	2518	83.5625	0x6e7cae06	255	65	116
13	3	3	142	3129	2519	83.6484	0x6cbc6df2	255	63	113
13	3	3	143	3129	2520	83.7891	0x6cbaddfd	255	63	109
13	3	3	144	3129	2521	83.9766	0x65b9edb3	255	55	114
13	3	3	145	3129	2522	84.1797	0x663de59d	255	54	124
13	3	3	146	3129	2523	84.1094	0x6b00e5d1	255	59	128
13	3	3	147	3129	2524	84.125	0x6afd4dd6	255	61	121
13	3	3	148	3129	2525	84.2812	0x733b165e	255	70	113
13	3	3	149	3129	2526	84.4375	0x6efe2605	255	66	124
13	3	3	150	3129	2527	84.3984	0x70c2fe29	255	70	134
13	3	3	151	3129	2528	84.25	0x70c92e81	255	82	157
13	3	3	152	3130	2512	81.9688	0x6e72eed1	255	106	72
13	3	3	153	3130	2513	82.3125	0x70b38eed	255	96	79
13	3	3	154	3130	2514	82.8203	0x6e71cf0d	255	102	73
13	3	3	155	3130	2515	83.3125	0x73b41f26	255	109	81
13	3	3	156	3130	2516	83.625	0x74b7beb8	255	97	94
13	3	3	157	3130	2517	83.8516	0x77b9e6d3	255	92	104
13	3	3	158	3130	2518	84.0156	0x75bb368c	255	84	110
13	3	3	159	3130	2519	84.1562	0x757af689	255	82	108
13	3	3	160	3130	2520	84.3359	0x743a9e79	255	82	107
13	3	3	161	3130	2521	84.5	0x75bb568c	255	84	110
13	3	3	162	3130	2522	84.6328	0x783de6a6	255	87	124
13	3	3	163	3130	2523	84.6328	0x784166a9	255	90	130
13	3	3	164	3130	2524	84.5469	0x788006ad	255	89	125
13	3	3	165	3130	2525	84.6328	0x79bb56eb	255	94	111
13	3	3	166	3130	2526	84.8438	0x7b7d4701	255	98	121
13	3	3	167	3130	2527	84.8047	0x7904b6dd	255	94	139
13	3	3	168	3130	2528	84.5469	0x7686b6c5	255	91	153
13	3	3	169	3131	2513	82.5234	0x71f1d799	255	122	71
13	3	3	170	3131	2514	83	0x74f36799	255	119	77
13	3	3	171	3131	2515	83.3828	0x77b4e7c0	255	118	80
13	3	3	172	3131	2519	84.4375	0x7cbbaf47	255	110	110
13	3	3	173	3131	2520	84.6172	0x7cbaf762	255	115	107
13	3	3	174	3131	2521	84.7578	0x7d3b9762	255	112	108
13	4	4	0	3132	2512	82	0x71717054	255	132	69
13	4	4	1	3133	2512	81.8438	0x6d71a105	255	154	71
13	4	4	2	3133	2513	82.3516	0x6cf19113	255	155	71
13	4	4	3	3132	2513	82.5156	0x71717058	255	133	69
13	4	4	4	3132	2514	83.0234	0x73f2a044	255	130	74
13	4	4	5	3133	2514	82.8672	0x6c314916	255	155	69
13	4	4	6	3133	2515	83.3984	0x72b2f0b4	255	144	75
13	4	4	7	3134	2512	81.4688	0x653239be	255	175	75
13	4	4	8	3134	2513	81.9531	0x67f2198e	255	173	74
13	4	4	9	3134	2514	82.4531	0x6470a18f	255	173	71
13	4	4	10	3134	2515	83.0781	0x637129b2	255	174	71
13	4	4	11	3134	2516	83.5312	0x6e349171	255	172	87
13	4	4	12	3133	2516	83.7656	0x76b568b5	255	147	85
13	4	4	13	3133	2517	84.1016	0x7af8608b	255	143	98
13	4	4	14	3134	2517	83.8516	0x70f971b1	255	175	106
13	4	4	15	3134	2518	83.9531	0x773ab949	255	169	105
13	4	4	16	3135	2512	80.8516	0x56f1fa5b	255	199	80
13	4	4	17	3135	2513	81.4922	0x5470c251	255	198	79
13	4	4	18	3135	2514	82	0x55b2d279	255	200	82
13	4	4	19	3135	2515	82.4375	0x5032829e	255	204	81
13	4	4	20	3135	2516	82.9844	0x5a755a7e	255	204	97
13	4	4	21	3135	2517	83.1641	0x5e370a77	255	202	102
13	4	4	22	3135	2518	83.5781	0x6236ba48	255	194	97
13	4	4	23	3135	2519	83.7812	0x677bf24b	255	193	109
13	4	4	24	3134	2519	84.1875	0x76b9513b	255	164	102
13	4	4	25	3134	2520	84.3828	0x753a9974	255	169	110
13	4	4	26	3135	2520	83.8359	0x6e3cc9fd	255	190	117
13	4	4	27	3135	2521	83.9844	0x6a7a2217	255	194	114
13	4	4	28	3134	2521	84.5312	0x76bb9163	255	166	110
13	4	4	29	3134	2522	84.6641	0x78bf0150	255	167	124
13	4	4	30	3135	2522	84.2109	0x69bcea37	255	195	122
13	4	4	31	3135	2523	84.1797	0x6b3fe22f	255	189	126
13	4	4	32	3134	2523	84.5938	0x7940c142	255	166	129
13	4	4	33	3134	2524	84.6172	0x79fde12e	255	162	121
13	4	4	34	3135	2524	84.2188	0x733d09b5	255	181	118
13	4	4	35	3135	2525	84.3672	0x75bab96d	255	174	108
13	4	4	36	3134	2525	84.7266	0x7a7bc90a	255	158	111
13	4	4	37	3134	2526	84.8828	0x7b7c08e9	255	153	111
13	4	4	38	3135	2526	84.5547	0x743a2180	255	174	105
13	4	4	39	3135	2527	84.7422	0x787e2153	255	167	126
13	4	4	40	3136	2512	79.9219	0x4831d2c9	255	217	86
13	4	4	41	3136	2513	80.4297	0x49b3eae6	255	220	93
13	4	4	42	3136	2514	80.7812	0x4774eb03	255	225	99
13	4	4	43	3136	2515	81.2031	0x3d71b304	255	225	89
13	4	4	44	3136	2516	81.875	0x42322af4	255	221	91
13	4	4	45	3136	2517	82.2422	0x51364ad6	255	217	99
13	4	4	46	3136	2518	82.5312	0x4ff7daf3	255	217	101
13	4	4	47	3136	2519	82.7812	0x56f5aaa2	255	210	96
13	4	4	48	3136	2520	83.2344	0x59b822ad	255	213	116
13	4	4	49	3136	2521	83.2969	0x5cfe82bd	255	213	123
13	4	4	50	3136	2522	83.3281	0x564022f3	255	215	125
13	4	4	51	3136	2523	83.2891	0x5e7aa29c	255	211	121
13	4	4	52	3136	2524	83.6719	0x5df6026a	255	198	105
13	4	4	53	3136	2525	83.9609	0x69f9ca19	255	191	108
13	4	4	54	3136	2526	84.0703	0x6d7b19fc	255	190	108
13	4	4	55	3136	2527	84.2734	0x6ebea200	255	190	125
13	4	4	56	3136	2528	84.1562	0x738281af	255	182	134
13	4	4	57	3135	2528	84.6719	0x77843950	255	164	141
13	5	0	0	3128	2522	83.1406	0x4abc14cb	0	28	121
13	5	0	1	3129	2522	84.1797	0x663de59d	0	54	124
13	5	0	2	3129	2523	84.1094	0x6b00e5d1	255	59	128
13	5	0	3	3128	2523	83.3281	0x537e24fa	0	32	125
13	5	0	4	3128	2524	83.2578	0x56b9b52c	0	37	117
13	5	0	5	3129	2524	84.125	0x6afd4dd6	255	61	121
13	5	0	6	3129	2525	84.2812	0x733b165e	255	70	113
13	5	0	7	3128	2525	83.7344	0x5c79255f	0	45	119
13	5	0	8	3128	2526	83.7031	0x643f8582	0	49	122
13	5	0	9	3129	2526	84.4375	0x6efe2605	255	66	124
13	5	0	10	3129	2527	84.3984	0x70c2fe29	255	70	134
13	5	0	11	3128	2527	83.7656	0x69ff85c1	0	55	126
13	5	0	12	3128	2528	83.7344	0x6c05c5fd	0	61	140
13	5	0	13	3129	2528	84.25	0x70c92e81	0	82	157
13	5	0	14	3129	2521	83.9766	0x65b9edb3	0	55	114
13	5	0	15	3130	2521	84.5	0x75bb568c	0	84	110
13	5	0	16	3130	2522	84.6328	0x783de6a6	255	87	124
13	5	0	17	3130	2523	84.6328	0x784166a9	255	90	130
13	5	0	18	3130	2524	84.5469	0x788006ad	255	89	125
13	5	0	19	3130	2525	84.6328	0x79bb56eb	255	94	111
13	5	0	20	3130	2526	84.8438	0x7b7d4701	255	98	121
13	5	0	21	3130	2527	84.8047	0x7904b6dd	255	94	139
13	5	0	22	3130	2528	84.5469	0x7686b6c5	255	91	153
13	5	0	23	3131	2521	84.7578	0x7d3b9762	0	112	108
13	5	0	24	3131	2522	84.8984	0x7dbf0747	255	107	125
13	5	0	25	3131	2523	84.8203	0x7e412762	255	108	131
13	5	0	26	3131	2524	84.8281	0x7dffa74f	255	110	126
13	5	0	27	3131	2525	84.8438	0x7e7e076e	255	113	119
13	5	0	28	3131	2526	84.9531	0x7f3da7ac	255	117	119
13	5	0	29	3131	2527	84.9922	0x7e40e762	255	112	130
13	5	0	30	3131	2528	84.8984	0x79c78f3c	255	112	150
13	5	0	31	3132	2521	84.8125	0x7dfa7810	0	128	105
13	5	0	32	3132	2522	85	0x7fbde7fc	255	127	123
13	5	0	33	3132	2523	84.9453	0x7f81a7f4	255	126	133
13	5	0	34	3132	2524	84.8984	0x7fc067fc	255	126	126
13	5	0	35	3132	2525	84.9219	0x7fbe47e0	255	125	121
13	5	0	36	3132	2526	85.0078	0x7f3cefdc	255	123	115
13	5	0	37	3132	2527	85.1172	0x7f4127b8	255	121	129
13	5	0	38	3132	2528	84.9375	0x7bc7e7d4	255	120	152
13	5	0	39	3133	2521	84.7266	0x7d7b708e	0	142	109
13	5	0	40	3133	2522	84.9062	0x7dfe20a9	255	146	124
13	5	0	41	3133	2523	84.8438	0x7dc120b1	255	145	131
13	5	0	42	3133	2524	84.8359	0x7ebf008e	255	142	124
13	5	0	43	3133	2525	84.9062	0x7ebd0863	255	134	117
13	5	0	44	3133	2526	85.0234	0x7efc6840	255	131	113
13	5	0	45	3133	2527	85.1328	0x7f80a048	255	131	128
13	5	0	46	3133	2528	84.9844	0x7d46002c	255	130	150
13	5	0	47	3134	2521	84.5312	0x76bb9163	0	166	110
13	5	0	48	3134	2522	84.6641	0x78bf0150	255	167	124
13	5	0	49	3134	2523	84.5938	0x7940c142	255	166	129
13	5	0	50	3134	2524	84.6172	0x79fde12e	255	162	121
13	5	0	51	3134	2525	84.7266	0x7a7bc90a	255	158	111
13	5	0	52	3134	2526	84.8828	0x7b7c08e9	255	153	111
13	5	0	53	3134	2527	84.9766	0x7d4080c4	255	151	128
13	5	0	54	3134	2528	84.8516	0x7c06009e	255	147	148
13	5	0	55	3135	2521	83.9844	0x6a7a2217	0	194	114
13	5	0	56	3135	2522	84.2109	0x69bcea37	0	195	122
13	5	0	57	3135	2523	84.1797	0x6b3fe22f	255	189	126
13	5	0	58	3135	2524	84.2188	0x733d09b5	255	181	118
13	5	0	59	3135	2525	84.3672	0x75bab96d	255	174	108
13	5	0	60	3135	2526	84.5547	0x743a2180	255	174	105
13	5	0	61	3135	2527	84.7422	0x787e2153	255	167	126
13	5	0	62	3135	2528	84.6719	0x77843950	0	164	141
13	5	0	63	3136	2522	83.3281	0x564022f3	0	215	125
13	5	0	64	3136	2523	83.2891	0x5e7aa29c	0	211	121
13	5	0	65	3136	2524	83.6719	0x5df6026a	0	198	105
13	5	0	66	3136	2525	83.9609	0x69f9ca19	0	191	108
13	5	0	67	3136	2526	84.0703	0x6d7b19fc	0	190	108
13	5	0	68	3136	2527	84.2734	0x6ebea200	0	190	125
13	5	0	69	3136	2528	84.1562	0x738281af	0	182	134
14	0	0	0	3136	2518	82.5312	0x4ff7daf3	255	217	101
14	0	0	1	3136	2519	82.7812	0x56f5aaa2	255	210	96
14	0	0	2	3137	2519	81.9531	0x4bb5eaf7	255	222	108
14	0	0	3	3136	2520	83.2344	0x59b822ad	255	213	116
14	0	0	4	3137	2520	81.9844	0x547da2fe	255	222	122
14	0	0	5	3137	2521	82.1016	0x4e7f6328	255	227	128
14	0	0	6	3136	2521	83.2969	0x5cfe82bd	255	213	123
14	0	0	7	3136	2522	83.3281	0x564022f3	255	215	125
14	0	0	8	3137	2522	82.0234	0x4abac32e	255	229	122
14	0	0	9	3137	2523	82.4375	0x4bf69aff	255	223	110
14	0	0	10	3136	2523	83.2891	0x5e7aa29c	255	211	121
14	0	0	11	3136	2524	83.6719	0x5df6026a	255	198	105
14	0	0	12	3137	2524	82.6562	0x4af5eafc	255	223	102
14	0	0	13	3137	2525	83.125	0x4bb52aed	255	218	101
14	0	0	14	3136	2525	83.9609	0x69f9ca19	255	191	108
14	0	0	15	3136	2526	84.0703	0x6d7b19fc	255	190	108
14	0	0	16	3137	2526	83.4062	0x5778eac8	255	214	107
14	0	0	17	3137	2527	83.5859	0x62faba73	255	204	112
14	0	0	18	3136	2527	84.2734	0x6ebea200	255	190	125
14	0	0	19	3136	2528	84.1562	0x738281af	255	182	134
14	0	0	20	3137	2528	83.7422	0x6bbfe228	255	193	127
14	0	0	21	3137	2512	78.6641	0x43b2baf5	255	222	90
14	0	0	22	3138	2512	77.4062	0x53f31a8c	255	207	88
14	0	0	23	3137	2513	79.1719	0x49b472ee	255	221	93
14	0	0	24	3138	2513	78.0703	0x4cf1eaaa	255	211	84
14	0	0	25	3138	2514	78.4531	0x577822bf	255	212	104
14	0	0	26	3137	2514	79.4766	0x4f784afb	255	222	107
14	0	0	27	3137	2515	79.6797	0x4232db00	255	224	98
14	0	0	28	3138	2515	78.5859	0x5a767291	255	208	103
14	0	0	29	3138	2516	79.0938	0x48f20ac9	255	213	84
14	0	0	30	3138	2526	82.0859	0x45b1cad8	255	220	94
14	0	0	31	3138	2527	82.7109	0x5074aac4	255	216	100
14	0	0	32	3138	2528	82.875	0x5f795a89	255	207	109
14	0	0	33	3139	2512	76.8984	0x5c343258	255	198	88
14	0	0	34	3139	2513	77.2031	0x5ef68a67	255	202	91
14	0	0	35	3139	2514	77.5312	0x59f52a7f	255	205	92
14	0	0	36	3139	2515	77.9453	0x61b51a32	255	200	94
14	0	0	37	3139	2516	78.2734	0x5bb4f26d	255	203	91
14	0	0	38	3139	2517	78.7031	0x55f4b29a	255	207	88
14	0	0	39	3138	2517	79.625	0x44f1aadb	255	218	84
14	0	0	40	3138	2518	80.1797	0x4cb4cae1	255	222	98
14	0	0	41	3139	2518	79.0547	0x58360a9d	255	209	96
14	0	0	42	3139	2519	79.375	0x587a2acc	255	218	113
14	0	0	43	3138	2520	80.9688	0x4d7b1b20	255	228	123
14	0	0	44	3139	2520	79.4297	0x52fec30a	255	222	124
14	0	0	45	3139	2521	79.4531	0x5b7ea2ca	255	216	124
14	0	0	46	3138	2521	80.7188	0x4b45232a	255	228	138
14	0	0	47	3138	2522	80.6406	0x4f7d831e	255	228	122
14	0	0	48	3139	2522	79.5156	0x607b3a8f	255	207	115
14	0	0	49	3139	2523	79.7578	0x59b67296	255	207	99
14	0	0	50	3138	2523	80.875	0x4736d31e	255	227	105
14	0	0	51	3138	2524	81.2578	0x47f50301	255	225	98
14	0	0	52	3139	2524	80.1562	0x55f3b287	255	205	87
14	0	0	53	3139	2525	80.625	0x5872ca5f	255	201	83
14	0	0	54	3138	2525	81.6406	0x46f44afd	255	223	95
14	0	0	55	3139	2526	81.1016	0x5933225f	255	199	83
14	0	0	56	3139	2527	81.5391	0x53328a87	255	204	88
14	0	0	57	3139	2528	82.0781	0x5bf40256	255	200	88
14	0	0	58	3140	2512	75.8984	0x53b20a77	255	202	84
14	0	0	59	3140	2513	76.5234	0x5a33625c	255	201	88
14	0	0	60	3140	2514	76.7891	0x5ff5824c	255	199	91
14	0	0	61	3140	2515	77.2344	0x5fb56a4c	255	199	92
14	0	0	62	3140	2516	77.5078	0x63b7223e	255	197	93
14	0	0	63	3140	2517	77.8203	0x5e738233	255	193	85
14	0	0	64	3140	2518	78.3828	0x5d770a7d	255	208	110
14	0	0	65	3140	2519	78.4141	0x5fbc2a9c	255	210	119
14	0	0	66	3140	2520	78.625	0x62fa8270	255	205	114
14	0	0	67	3140	2521	78.7656	0x67faba3d	255	198	110
14	0	0	68	3140	2522	78.9609	0x6eba79e1	255	187	106
14	0	0	69	3140	2523	79.1172	0x6e7749b2	255	177	98
14	0	0	70	3140	2524	79.5312	0x68b24185	255	168	74
14	0	0	71	3140	2525	80.0859	0x69b1c963	255	164	72
14	0	0	72	3140	2526	80.5391	0x6a73598f	255	169	79
14	0	0	73	3140	2527	80.9609	0x6c33d17d	255	168	80
14	0	0	74	3140	2528	81.375	0x6b337186	255	164	79
14	0	0	75	3141	2512	75.2188	0x61737a10	255	190	83
14	0	0	76	3141	2513	75.6719	0x5e339a37	255	191	83
14	0	0	77	3141	2514	76.0859	0x64b401f4	255	186	84
14	0	0	78	3141	2515	76.5	0x61f4521d	255	188	86
14	0	0	79	3141	2516	76.8906	0x6733e1d0	255	181	83
14	0	0	80	3141	2517	77.3359	0x6ab7d9f7	255	193	101
14	0	0	81	3141	2518	77.4219	0x647b3a67	255	202	113
14	0	0	82	3141	2519	77.6406	0x6779022f	255	198	108
14	0	0	83	3141	2520	77.875	0x68390226	255	194	103
14	0	0	84	3141	2521	78.0938	0x6c3751d7	255	184	96
14	0	0	85	3141	2522	78.4453	0x6f354975	255	169	86
14	0	0	86	3141	2523	78.8125	0x737338a5	255	142	73
14	0	0	87	3141	2524	79.3203	0x70710863	255	132	67
14	0	0	88	3141	2525	79.875	0x72b2a89a	255	137	71
14	0	0	89	3141	2526	80.2422	0x75338063	255	132	77
14	0	0	90	3141	2527	80.7266	0x71f1b854	255	132	73
14	0	0	91	3141	2528	81.2422	0x74f33050	255	134	77
14	0	0	92	3142	2512	74.6562	0x6531e1b0	255	177	75
14	0	0	93	3142	2513	75.1406	0x6732199c	255	174	75
14	0	0	94	3142	2514	75.6406	0x6d341977	255	174	83
14	0	0	95	3142	2515	75.9531	0x69f3f1aa	255	177	83
14	0	0	96	3142	2516	76.4688	0x6c3531a8	255	181	90
14	0	0	97	3142	2517	76.6797	0x6bb9ca03	255	190	105
14	0	0	98	3142	2518	76.8672	0x6e3991de	255	186	105
14	0	0	99	3142	2519	77.0938	0x7038c1b0	255	179	100
14	0	0	100	3142	2520	77.3359	0x72b68152	255	165	88
14	0	0	101	3142	2521	77.7188	0x71f3b8fb	255	152	79
14	0	0	102	3142	2522	78.1719	0x6fb0f07f	255	135	66
14	0	0	103	3142	2523	78.7891	0x6eafe80c	255	128	63
14	0	0	104	3142	2524	79.3359	0x7271cfd8	255	125	67
14	0	0	105	3142	2525	79.7812	0x7231a7cc	255	124	70
14	0	0	106	3142	2526	80.3438	0x70f1977d	255	118	74
14	0	0	107	3142	2527	80.7969	0x74f337c8	255	121	76
14	0	0	108	3142	2528	81.2188	0x77b4b010	255	128	82
14	0	0	109	3143	2512	74.2656	0x6d31a10c	255	154	71
14	0	0	110	3143	2513	74.7734	0x6ab19946	255	164	77
14	0	0	111	3143	2514	75.2891	0x6bf44993	255	174	85
14	0	0	112	3143	2515	75.5703	0x6db5d19d	255	178	90
14	0	0	113	3143	2516	75.9688	0x6a3701ee	255	187	97
14	0	0	114	3143	2517	76.1641	0x6db9e9e9	255	185	103
14	0	0	115	3143	2518	76.3594	0x6fb7b9a7	255	178	98
14	0	0	116	3143	2519	76.7031	0x6e74115e	255	163	83
14	0	0	117	3143	2520	77.1719	0x7373209e	255	145	76
14	0	0	118	3143	2521	77.5859	0x71b17034	255	132	68
14	0	0	119	3143	2522	78.1953	0x6daf8804	255	127	61
14	0	0	120	3143	2523	78.7891	0x6daf8814	255	128	62
14	0	0	121	3143	2524	79.3984	0x6defb7e8	255	125	62
14	0	0	122	3143	2525	79.9766	0x6f309f89	255	121	67
14	0	0	123	3143	2526	80.5	0x757367dc	255	125	78
14	0	0	124	3143	2527	80.8359	0x78754fe0	255	125	81
14	0	0	125	3143	2528	81.2109	0x7935b808	255	128	86
14	0	0	126	3144	2512	74.1094	0x6cf36961	255	162	76
14	0	0	127	3144	2513	74.4609	0x70f60165	255	169	89
14	0	0	128	3144	2514	74.7734	0x68f6e1fb	255	184	96
14	0	0	129	3144	2515	75.0625	0x69b739f6	255	188	96
14	0	0	130	3144	2516	75.3516	0x6677fa2e	255	193	99
14	0	0	131	3144	2517	75.5859	0x6736ea11	255	192	96
14	0	0	132	3144	2518	75.9531	0x6db4917a	255	171	83
14	0	0	133	3144	2519	76.3594	0x6c710901	255	154	69
14	0	0	134	3144	2520	77.0234	0x69af10c7	255	144	66
14	0	0	135	3144	2521	77.6172	0x6df0308a	255	133	64
14	0	0	136	3144	2522	78.1641	0x6db0489a	255	137	64
14	0	0	137	3144	2523	78.75	0x6a2f78d9	255	141	61
14	0	0	138	3144	2524	79.3828	0x6b2ef077	255	135	59
14	0	0	139	3144	2525	80.0156	0x71315854	255	131	70
14	0	0	140	3144	2526	80.4141	0x75b39028	255	130	77
14	0	0	141	3144	2527	80.8594	0x76f44834	255	130	81
14	0	0	142	3144	2528	81.2031	0x7a76e848	255	133	89
14	0	0	143	3145	2512	73.5234	0x5e338235	255	195	84
14	0	0	144	3145	2513	74.0234	0x6836ca05	255	194	99
14	0	0	145	3145	2514	74.1328	0x6739b239	255	198	108
14	0	0	146	3145	2515	74.4297	0x64f81a40	255	195	98
14	0	0	147	3145	2516	74.6484	0x68f83212	255	192	100
14	0	0	148	3145	2517	74.9375	0x67f301ac	255	178	80
14	0	0	149	3145	2518	75.5547	0x64af6955	255	164	63
14	0	0	150	3145	2519	76.1797	0x67af8920	255	160	67
14	0	0	151	3145	2520	76.7734	0x66b07962	255	164	67
14	0	0	152	3145	2521	77.3125	0x63b0b99e	255	170	70
14	0	0	153	3145	2522	77.8906	0x64b189b0	255	173	72
14	0	0	154	3145	2523	78.3516	0x5faf41a2	255	170	63
14	0	0	155	3145	2524	79.1641	0x5d6d997b	255	163	55
14	0	0	156	3145	2525	79.8125	0x672f2912	255	147	61
14	0	0	157	3145	2526	80.4219	0x72f2a08a	255	133	76
14	0	0	158	3145	2527	80.7344	0x78f6286b	255	139	86
14	0	0	159	3145	2528	81.0703	0x78f708a5	255	146	92
14	0	0	160	3146	2512	72.7344	0x5cf56a69	255	201	95
14	0	0	161	3146	2513	73.2734	0x5c35d276	255	205	100
14	0	0	162	3146	2514	73.4219	0x6579b24d	255	198	103
14	0	0	163	3146	2515	73.6797	0x67f589ec	255	184	91
14	0	0	164	3146	2516	74.125	0x6832498e	255	175	82
14	0	0	165	3146	2517	74.6484	0x67f0b155	255	165	68
14	0	0	166	3146	2518	75.2344	0x63b0b9a1	255	172	69
14	0	0	167	3146	2519	75.7656	0x63b191bd	255	178	73
14	0	0	168	3146	2520	76.2734	0x6372a1e1	255	182	76
14	0	0	169	3146	2521	76.7109	0x6272b9f0	255	185	79
14	0	0	170	3146	2522	77.2109	0x5db0e1f6	255	183	71
14	0	0	171	3146	2523	77.8281	0x5c6ea1b4	255	175	61
14	0	0	172	3146	2524	78.5625	0x54eca1c0	255	171	52
14	0	0	173	3146	2525	79.4531	0x5baca962	255	163	52
14	0	0	174	3146	2526	80.1406	0x68efc10f	255	155	67
14	0	0	175	3146	2527	80.6484	0x75f500bc	255	146	87
14	0	0	176	3146	2528	80.875	0x7a7860a9	255	147	95
14	0	0	177	3147	2512	71.9609	0x6576b223	255	194	98
14	0	0	178	3147	2513	72.4062	0x6234fa29	255	192	90
14	0	0	179	3147	2514	72.7109	0x637311ee	255	185	82
14	0	0	180	3147	2515	73.3125	0x66311987	255	174	77
14	0	0	181	3147	2516	73.7891	0x6b32f973	255	170	77
14	0	0	182	3147	2517	74.2188	0x6b33a189	255	172	76
14	0	0	183	3147	2518	74.6406	0x66f249a5	255	174	76
14	0	0	184	3147	2519	75.1875	0x63f191b8	255	176	74
14	0	0	185	3147	2520	75.6797	0x64b229c1	255	178	75
14	0	0	186	3147	2521	76.1719	0x64f189aa	255	176	74
14	0	0	187	3147	2522	76.7188	0x622fe194	255	172	66
14	0	0	188	3147	2523	77.375	0x5e2de97e	255	167	57
14	0	0	189	3147	2524	78.1406	0x596bf15e	255	162	48
14	0	0	190	3147	2525	79.0547	0x58aba15b	255	160	48
14	0	0	191	3147	2526	79.8672	0x64eec930	255	160	61
14	0	0	192	3147	2527	80.3594	0x70735910	255	158	81
14	0	0	193	3147	2528	80.7344	0x76f6d0e9	255	152	92
14	0	0	194	3148	2512	71.4453	0x6af34183	255	175	83
14	0	0	195	3148	2513	71.9531	0x6cb3b174	255	170	81
14	0	0	196	3148	2514	72.2891	0x6f733125	255	162	77
14	0	0	197	3148	2515	72.8359	0x69b15953	255	163	70
14	0	0	198	3148	2516	73.3359	0x6c72313c	255	160	73
14	0	0	199	3148	2517	73.8047	0x6d721921	255	157	73
14	0	0	200	3148	2518	74.3125	0x6e31f905	255	157	73
14	0	0	201	3148	2519	74.7891	0x6cf24932	255	161	74
14	0	0	202	3148	2520	75.2734	0x6c720135	255	161	73
14	0	0	203	3148	2521	75.7734	0x6ab14135	255	161	70
14	0	0	204	3148	2522	76.3281	0x66ef792a	255	160	64
14	0	0	205	3148	2523	77	0x5fad4940	255	160	54
14	0	0	206	3148	2524	77.8125	0x5aaba139	255	158	47
14	0	0	207	3148	2525	78.7109	0x5b2bb932	255	157	47
14	0	0	208	3148	2526	79.5078	0x60ee295a	255	162	60
14	0	0	209	3148	2527	80.0938	0x6d73014a	255	164	79
14	0	0	210	3148	2528	80.4062	0x74b70934	255	164	92
14	0	0	211	3149	2512	71.1328	0x703208cb	255	146	72
14	0	0	212	3149	2513	71.6172	0x6ff208d2	255	145	73
14	0	0	213	3149	2514	72.1094	0x71b1e886	255	141	71
14	0	0	214	3149	2515	72.6016	0x703178a5	255	143	70
14	0	0	215	3149	2516	73.1328	0x6ff178a9	255	145	70
14	0	0	216	3149	2517	73.625	0x713200a1	255	145	72
14	0	0	217	3149	2518	74.1094	0x723290a9	255	146	74
14	0	0	218	3149	2519	74.5547	0x723290a5	255	144	73
14	0	0	219	3149	2520	75.0391	0x713200a1	255	143	71
14	0	0	220	3149	2521	75.5312	0x6f3108a9	255	145	69
14	0	0	221	3149	2522	76.1016	0x6bafe8c7	255	148	63
14	0	0	222	3149	2523	76.7031	0x65edf8dd	255	150	56
14	0	0	223	3149	2524	77.4844	0x5c6b890d	255	153	46
14	0	0	224	3149	2525	78.4141	0x5cac0128	255	157	48
14	0	0	225	3149	2526	79.1328	0x64af414b	255	163	62
14	0	0	226	3149	2527	79.6719	0x6a723966	255	166	76
14	0	0	227	3149	2528	80.1016	0x7235793d	255	165	88
14	0	0	228	3150	2512	71.0391	0x7271f85b	255	137	71
14	0	0	229	3150	2513	71.5312	0x7231e858	255	137	71
14	0	0	230	3150	2514	72.0234	0x7271f85b	255	137	71
14	0	0	231	3150	2515	72.5078	0x7271f85b	255	137	71
14	0	0	232	3150	2516	73	0x72320073	255	139	71
14	0	0	233	3150	2517	73.4844	0x72320073	255	140	71
14	0	0	234	3150	2518	73.9766	0x72320073	255	139	72
14	0	0	235	3150	2519	74.4609	0x7271f85b	255	137	71
14	0	0	236	3150	2520	74.9531	0x7271f85b	255	137	71
14	0	0	237	3150	2521	75.4375	0x7271f85b	255	137	71
14	0	0	238	3150	2522	75.9297	0x6eb07083	255	140	66
14	0	0	239	3150	2523	76.5547	0x68ee60a1	255	144	57
14	0	0	240	3150	2524	77.2578	0x61ecb0e4	255	150	51
14	0	0	241	3150	2525	78.0938	0x5e6cb936	255	159	51
14	0	0	242	3150	2526	78.8125	0x656f6145	255	163	64
14	0	0	243	3150	2527	79.3359	0x6b329966	255	168	76
14	0	0	244	3150	2528	79.75	0x7075b168	255	170	88
14	0	0	245	3151	2512	70.9531	0x7231e85b	255	137	71
14	0	0	246	3151	2513	71.4453	0x7271f85b	255	137	71
14	0	0	247	3151	2514	71.9297	0x7271f85b	255	137	71
14	0	0	248	3151	2515	72.4219	0x7271f85b	255	137	71
14	0	0	249	3151	2516	72.9062	0x7271f85b	255	137	71
14	0	0	250	3151	2517	73.3984	0x7271f85b	255	137	71
14	0	0	251	3151	2518	73.8828	0x7271f85b	255	137	71
14	0	0	252	3151	2519	74.375	0x7271f85b	255	137	71
14	0	0	253	3151	2520	74.8594	0x7271f85b	255	137	71
14	0	0	254	3151	2521	75.3516	0x7231e858	255	137	71
14	0	0	255	3151	2522	75.8438	0x7131605b	255	137	69
14	0	0	256	3151	2523	76.3828	0x6cafd09d	255	143	63
14	0	0	257	3151	2524	77.0234	0x65edf8e0	255	150	56
14	0	0	258	3151	2525	77.7656	0x60adc14a	255	159	55
14	0	0	259	3151	2526	78.4531	0x66f05158	255	165	67
14	0	0	260	3151	2527	78.9141	0x6b732176	255	170	79
14	0	0	261	3151	2528	79.3438	0x6df56190	255	175	88
14	0	0	262	3152	2512	70.8594	0x7271f85b	255	137	71
14	0	0	263	3152	2513	71.3516	0x7231e85b	255	137	71
14	0	0	264	3152	2514	71.8438	0x7271f85b	255	137	71
14	0	0	265	3152	2515	72.3281	0x7271f85b	255	137	71
14	0	0	266	3152	2516	72.8203	0x7271f85b	255	137	71
14	0	0	267	3152	2517	73.3047	0x7271f85b	255	137	71
14	0	0	268	3152	2518	73.7969	0x7271f85b	255	137	71
14	0	0	269	3152	2519	74.2812	0x7271f85b	255	137	71
14	0	0	270	3152	2520	74.7734	0x7231e858	255	137	71
14	0	0	271	3152	2521	75.2656	0x7271f85b	255	137	71
14	0	0	272	3152	2522	75.75	0x7271f85b	255	138	71
14	0	0	273	3152	2523	76.2422	0x70312077	255	140	68
14	0	0	274	3152	2524	76.8047	0x6c7010bf	255	147	64
14	0	0	275	3152	2525	77.3984	0x652f0134	255	160	61
14	0	0	276	3152	2526	78.0859	0x65f0696e	255	167	69
14	0	0	277	3152	2527	78.5391	0x6d34317a	255	172	83
14	0	0	278	3152	2528	78.8906	0x6df6c1af	255	178	93
14	1	1	0	3136	2512	79.9219	0x4831d2c9	255	217	86
14	1	1	1	3137	2512	78.6641	0x43b2baf5	255	222	90
14	1	1	2	3137	2513	79.1719	0x49b472ee	255	221	93
14	1	1	3	3136	2513	80.4297	0x49b3eae6	255	220	93
14	1	1	4	3137	2515	79.6797	0x4232db00	255	224	98
14	1	1	5	3136	2516	81.875	0x42322af4	255	221	91
14	1	1	6	3137	2516	80.4453	0x382faaf4	255	223	80
14	1	1	7	3137	2517	81.0391	0x44740b08	255	224	96
14	1	1	8	3138	2512	77.4062	0x53f31a8c	255	207	88
14	1	1	9	3138	2513	78.0703	0x4cf1eaaa	255	211	84
14	1	1	10	3138	2514	78.4531	0x577822bf	255	212	104
14	1	1	11	3138	2515	78.5859	0x5a767291	255	208	103
14	1	1	12	3138	2516	79.0938	0x48f20ac9	255	213	84
14	1	1	13	3138	2517	79.625	0x44f1aadb	255	218	84
14	1	1	14	3138	2518	80.1797	0x4cb4cae1	255	222	98
14	1	1	15	3139	2512	76.8984	0x5c343258	255	198	88
14	1	1	16	3139	2513	77.2031	0x5ef68a67	255	202	91
14	1	1	17	3139	2514	77.5312	0x59f52a7f	255	205	92
14	1	1	18	3139	2515	77.9453	0x61b51a32	255	200	94
14	1	1	19	3139	2516	78.2734	0x5bb4f26d	255	203	91
14	1	1	20	3139	2517	78.7031	0x55f4b29a	255	207	88
14	1	1	21	3139	2518	79.0547	0x58360a9d	255	209	96
14	1	1	22	3139	2523	79.7578	0x59b67296	255	207	99
14	1	1	23	3138	2524	81.2578	0x47f50301	255	225	98
14	1	1	24	3139	2524	80.1562	0x55f3b287	255	205	87
14	1	1	25	3139	2525	80.625	0x5872ca5f	255	201	83
14	1	1	26	3138	2525	81.6406	0x46f44afd	255	223	95
14	1	1	27	3138	2526	82.0859	0x45b1cad8	255	220	94
14	1	1	28	3139	2526	81.1016	0x5933225f	255	199	83
14	1	1	29	3139	2527	81.5391	0x53328a87	255	204	88
14	1	1	30	3138	2527	82.7109	0x5074aac4	255	216	100
14	1	1	31	3138	2528	82.875	0x5f795a89	255	207	109
14	1	1	32	3139	2528	82.0781	0x5bf40256	255	200	88
14	1	1	33	3140	2512	75.8984	0x53b20a77	255	202	84
14	1	1	34	3140	2513	76.5234	0x5a33625c	255	201	88
14	1	1	35	3140	2514	76.7891	0x5ff5824c	255	199	91
14	1	1	36	3140	2515	77.2344	0x5fb56a4c	255	199	92
14	1	1	37	3140	2516	77.5078	0x63b7223e	255	197	93
14	1	1	38	3140	2517	77.8203	0x5e738233	255	193	85
14	1	1	39	3140	2518	78.3828	0x5d770a7d	255	208	110
14	1	1	40	3140	2522	78.9609	0x6eba79e1	255	187	106
14	1	1	41	3140	2523	79.1172	0x6e7749b2	255	177	98
14	1	1	42	3140	2524	79.5312	0x68b24185	255	168	74
14	1	1	43	3140	2525	80.0859	0x69b1c963	255	164	72
14	1	1	44	3140	2526	80.5391	0x6a73598f	255	169	79
14	1	1	45	3140	2527	80.9609	0x6c33d17d	255	168	80
14	1	1	46	3140	2528	81.375	0x6b337186	255	164	79
14	1	1	47	3141	2512	75.2188	0x61737a10	255	190	83
14	1	1	48	3141	2513	75.6719	0x5e339a37	255	191	83
14	1	1	49	3141	2514	76.0859	0x64b401f4	255	186	84
14	1	1	50	3141	2515	76.5	0x61f4521d	255	188	86
14	1	1	51	3141	2516	76.8906	0x6733e1d0	255	181	83
14	1	1	52	3141	2517	77.3359	0x6ab7d9f7	255	193	101
14	1	1	53	3140	2520	78.625	0x62fa8270	255	205	114
14	1	1	54	3141	2520	77.875	0x68390226	255	194	103
14	1	1	55	3141	2521	78.0938	0x6c3751d7	255	184	96
14	1	1	56	3140	2521	78.7656	0x67faba3d	255	198	110
14	1	1	57	3141	2522	78.4453	0x6f354975	255	169	86
14	1	1	58	3141	2523	78.8125	0x737338a5	255	142	73
14	1	1	59	3141	2524	79.3203	0x70710863	255	132	67
14	1	1	60	3141	2525	79.875	0x72b2a89a	255	137	71
14	1	1	61	3141	2526	80.2422	0x75338063	255	132	77
14	1	1	62	3141	2527	80.7266	0x71f1b854	255	132	73
14	1	1	63	3141	2528	81.2422	0x74f33050	255	134	77
14	1	1	64	3142	2512	74.6562	0x6531e1b0	255	177	75
14	1	1	65	3142	2513	75.1406	0x6732199c	255	174	75
14	1	1	66	3142	2514	75.6406	0x6d341977	255	174	83
14	1	1	67	3142	2515	75.9531	0x69f3f1aa	255	177	83
14	1	1	68	3142	2516	76.4688	0x6c3531a8	255	181	90
14	1	1	69	3142	2517	76.6797	0x6bb9ca03	255	190	105
14	1	1	70	3142	2518	76.8672	0x6e3991de	255	186	105
14	1	1	71	3141	2519	77.6406	0x6779022f	255	198	108
14	1	1	72	3142	2519	77.0938	0x7038c1b0	255	179	100
14	1	1	73	3142	2520	77.3359	0x72b68152	255	165	88
14	1	1	74	3142	2521	77.7188	0x71f3b8fb	255	152	79
14	1	1	75	3142	2522	78.1719	0x6fb0f07f	255	135	66
14	1	1	76	3142	2523	78.7891	0x6eafe80c	255	128	63
14	1	1	77	3142	2524	79.3359	0x7271cfd8	255	125	67
14	1	1	78	3142	2525	79.7812	0x7231a7cc	255	124	70
14	1	1	79	3142	2526	80.3438	0x70f1977d	255	118	74
14	1	1	80	3142	2527	80.7969	0x74f337c8	255	121	76
14	1	1	81	3142	2528	81.2188	0x77b4b010	255	128	82
14	1	1	82	3143	2512	74.2656	0x6d31a10c	255	154	71
14	1	1	83	3143	2513	74.7734	0x6ab19946	255	164	77
14	1	1	84	3143	2514	75.2891	0x6bf44993	255	174	85
14	1	1	85	3143	2515	75.5703	0x6db5d19d	255	178	90
14	1	1	86	3143	2516	75.9688	0x6a3701ee	255	187	97
14	1	1	87	3143	2517	76.1641	0x6db9e9e9	255	185	103
14	1	1	88	3143	2518	76.3594	0x6fb7b9a7	255	178	98
14	1	1	89	3143	2519	76.7031	0x6e74115e	255	163	83
14	1	1	90	3143	2520	77.1719	0x7373209e	255	145	76
14	1	1	91	3143	2521	77.5859	0x71b17034	255	132	68
14	1	1	92	3143	2522	78.1953	0x6daf8804	255	127	61
14	1	1	93	3143	2523	78.7891	0x6daf8814	255	128	62
14	1	1	94	3143	2524	79.3984	0x6defb7e8	255	125	62
14	1	1	95	3143	2525	79.9766	0x6f309f89	255	121	67
14	1	1	96	3143	2526	80.5	0x757367dc	255	125	78
14	1	1	97	3143	2527	80.8359	0x78754fe0	255	125	81
14	1	1	98	3144	2512	74.1094	0x6cf36961	255	162	76
14	1	1	99	3144	2513	74.4609	0x70f60165	255	169	89
14	1	1	100	3144	2514	74.7734	0x68f6e1fb	255	184	96
14	1	1	101	3144	2515	75.0625	0x69b739f6	255	188	96
14	1	1	102	3144	2516	75.3516	0x6677fa2e	255	193	99
14	1	1	103	3144	2517	75.5859	0x6736ea11	255	192	96
14	1	1	104	3144	2518	75.9531	0x6db4917a	255	171	83
14	1	1	105	3144	2519	76.3594	0x6c710901	255	154	69
14	1	1	106	3144	2520	77.0234	0x69af10c7	255	144	66
14	1	1	107	3144	2521	77.6172	0x6df0308a	255	133	64
14	1	1	108	3144	2522	78.1641	0x6db0489a	255	137	64
14	1	1	109	3144	2523	78.75	0x6a2f78d9	255	141	61
14	1	1	110	3144	2524	79.3828	0x6b2ef077	255	135	59
14	1	1	111	3144	2525	80.0156	0x71315854	255	131	70
14	1	1	112	3144	2526	80.4141	0x75b39028	255	130	77
14	1	1	113	3144	2527	80.8594	0x76f44834	255	130	81
14	1	1	114	3145	2512	73.5234	0x5e338235	255	195	84
14	1	1	115	3145	2513	74.0234	0x6836ca05	255	194	99
14	1	1	116	3145	2514	74.1328	0x6739b239	255	198	108
14	1	1	117	3145	2515	74.4297	0x64f81a40	255	195	98
14	1	1	118	3145	2516	74.6484	0x68f83212	255	192	100
14	1	1	119	3145	2517	74.9375	0x67f301ac	255	178	80
14	1	1	120	3145	2518	75.5547	0x64af6955	255	164	63
14	1	1	121	3145	2519	76.1797	0x67af8920	255	160	67
14	1	1	122	3145	2520	76.7734	0x66b07962	255	164	67
14	1	1	123	3145	2521	77.3125	0x63b0b99e	255	170	70
14	1	1	124	3145	2522	77.8906	0x64b189b0	255	173	72
14	1	1	125	3145	2523	78.3516	0x5faf41a2	255	170	63
14	1	1	126	3145	2524	79.1641	0x5d6d997b	255	163	55
14	1	1	127	3145	2525	79.8125	0x672f2912	255	147	61
14	1	1	128	3145	2526	80.4219	0x72f2a08a	255	133	76
14	1	1	129	3145	2527	80.7344	0x78f6286b	255	139	86
14	1	1	130	3146	2512	72.7344	0x5cf56a69	255	201	95
14	1	1	131	3146	2513	73.2734	0x5c35d276	255	205	100
14	1	1	132	3146	2514	73.4219	0x6579b24d	255	198	103
14	1	1	133	3146	2515	73.6797	0x67f589ec	255	184	91
14	1	1	134	3146	2516	74.125	0x6832498e	255	175	82
14	1	1	135	3146	2517	74.6484	0x67f0b155	255	165	68
14	1	1	136	3146	2518	75.2344	0x63b0b9a1	255	172	69
14	1	1	137	3146	2519	75.7656	0x63b191bd	255	178	73
14	1	1	138	3146	2520	76.2734	0x6372a1e1	255	182	76
14	1	1	139	3146	2521	76.7109	0x6272b9f0	255	185	79
14	1	1	140	3146	2522	77.2109	0x5db0e1f6	255	183	71
14	1	1	141	3146	2523	77.8281	0x5c6ea1b4	255	175	61
14	1	1	142	3146	2524	78.5625	0x54eca1c0	255	171	52
14	1	1	143	3146	2525	79.4531	0x5baca962	255	163	52
14	1	1	144	3146	2526	80.1406	0x68efc10f	255	155	67
14	1	1	145	3146	2527	80.6484	0x75f500bc	255	146	87
14	1	1	146	3147	2512	71.9609	0x6576b223	255	194	98
14	1	1	147	3147	2513	72.4062	0x6234fa29	255	192	90
14	1	1	148	3147	2514	72.7109	0x637311ee	255	185	82
14	1	1	149	3147	2515	73.3125	0x66311987	255	174	77
14	1	1	150	3147	2516	73.7891	0x6b32f973	255	170	77
14	1	1	151	3147	2517	74.2188	0x6b33a189	255	172	76
14	1	1	152	3147	2518	74.6406	0x66f249a5	255	174	76
14	1	1	153	3147	2519	75.1875	0x63f191b8	255	176	74
14	1	1	154	3147	2520	75.6797	0x64b229c1	255	178	75
14	1	1	155	3147	2521	76.1719	0x64f189aa	255	176	74
14	1	1	156	3147	2522	76.7188	0x622fe194	255	172	66
14	1	1	157	3147	2523	77.375	0x5e2de97e	255	167	57
14	1	1	158	3147	2524	78.1406	0x596bf15e	255	162	48
14	1	1	159	3147	2525	79.0547	0x58aba15b	255	160	48
14	1	1	160	3147	2526	79.8672	0x64eec930	255	160	61
14	1	1	161	3147	2527	80.3594	0x70735910	255	158	81
14	1	1	162	3146	2528	80.875	0x7a7860a9	255	147	95
14	1	1	163	3147	2528	80.7344	0x76f6d0e9	255	152	92
14	1	1	164	3148	2512	71.4453	0x6af34183	255	175	83
14	1	1	165	3148	2513	71.9531	0x6cb3b174	255	170	81
14	1	1	166	3148	2514	72.2891	0x6f733125	255	162	77
14	1	1	167	3148	2515	72.8359	0x69b15953	255	163	70
14	1	1	168	3148	2516	73.3359	0x6c72313c	255	160	73
14	1	1	169	3148	2517	73.8047	0x6d721921	255	157	73
14	1	1	170	3148	2518	74.3125	0x6e31f905	255	157	73
14	1	1	171	3148	2519	74.7891	0x6cf24932	255	161	74
14	1	1	172	3148	2520	75.2734	0x6c720135	255	161	73
14	1	1	173	3148	2521	75.7734	0x6ab14135	255	161	70
14	1	1	174	3148	2522	76.3281	0x66ef792a	255	160	64
14	1	1	175	3148	2523	77	0x5fad4940	255	160	54
14	1	1	176	3148	2524	77.8125	0x5aaba139	255	158	47
14	1	1	177	3148	2525	78.7109	0x5b2bb932	255	157	47
14	1	1	178	3148	2526	79.5078	0x60ee295a	255	162	60
14	1	1	179	3148	2527	80.0938	0x6d73014a	255	164	79
14	1	1	180	3148	2528	80.4062	0x74b70934	255	164	92
14	1	1	181	3149	2512	71.1328	0x703208cb	255	146	72
14	1	1	182	3149	2513	71.6172	0x6ff208d2	255	145	73
14	1	1	183	3149	2514	72.1094	0x71b1e886	255	141	71
14	1	1	184	3149	2515	72.6016	0x703178a5	255	143	70
14	1	1	185	3149	2516	73.1328	0x6ff178a9	255	145	70
14	1	1	186	3149	2517	73.625	0x713200a1	255	145	72
14	1	1	187	3149	2518	74.1094	0x723290a9	255	146	74
14	1	1	188	3149	2519	74.5547	0x723290a5	255	144	73
14	1	1	189	3149	2520	75.0391	0x713200a1	255	143	71
14	1	1	190	3149	2521	75.5312	0x6f3108a9	255	145	69
14	1	1	191	3149	2522	76.1016	0x6bafe8c7	255	148	63
14	1	1	192	3149	2523	76.7031	0x65edf8dd	255	150	56
14	1	1	193	3149	2524	77.4844	0x5c6b890d	255	153	46
14	1	1	194	3149	2525	78.4141	0x5cac0128	255	157	48
14	1	1	195	3149	2526	79.1328	0x64af414b	255	163	62
14	1	1	196	3149	2527	79.6719	0x6a723966	255	166	76
14	1	1	197	3149	2528	80.1016	0x7235793d	255	165	88
14	1	1	198	3150	2512	71.0391	0x7271f85b	255	137	71
14	1	1	199	3150	2513	71.5312	0x7231e858	255	137	71
14	1	1	200	3150	2514	72.0234	0x7271f85b	255	137	71
14	1	1	201	3150	2515	72.5078	0x7271f85b	255	137	71
14	1	1	202	3150	2516	73	0x72320073	255	139	71
14	1	1	203	3150	2517	73.4844	0x72320073	255	140	71
14	1	1	204	3150	2518	73.9766	0x72320073	255	139	72
14	1	1	205	3150	2519	74.4609	0x7271f85b	255	137	71
14	1	1	206	3150	2520	74.9531	0x7271f85b	255	137	71
14	1	1	207	3150	2521	75.4375	0x7271f85b	255	137	71
14	1	1	208	3150	2522	75.9297	0x6eb07083	255	140	66
14	1	1	209	3150	2523	76.5547	0x68ee60a1	255	144	57
14	1	1	210	3150	2524	77.2578	0x61ecb0e4	255	150	51
14	1	1	211	3150	2525	78.0938	0x5e6cb936	255	159	51
14	1	1	212	3150	2526	78.8125	0x656f6145	255	163	64
14	1	1	213	3150	2527	79.3359	0x6b329966	255	168	76
14	1	1	214	3150	2528	79.75	0x7075b168	255	170	88
14	1	1	215	3151	2512	70.9531	0x7231e85b	255	137	71
14	1	1	216	3151	2513	71.4453	0x7271f85b	255	137	71
14	1	1	217	3151	2514	71.9297	0x7271f85b	255	137	71
14	1	1	218	3151	2515	72.4219	0x7271f85b	255	137	71
14	1	1	219	3151	2516	72.9062	0x7271f85b	255	137	71
14	1	1	220	3151	2517	73.3984	0x7271f85b	255	137	71
14	1	1	221	3151	2518	73.8828	0x7271f85b	255	137	71
14	1	1	222	3151	2519	74.375	0x7271f85b	255	137	71
14	1	1	223	3151	2520	74.8594	0x7271f85b	255	137	71
14	1	1	224	3151	2521	75.3516	0x7231e858	255	137	71
14	1	1	225	3151	2522	75.8438	0x7131605b	255	137	69
14	1	1	226	3151	2523	76.3828	0x6cafd09d	255	143	63
14	1	1	227	3151	2524	77.0234	0x65edf8e0	255	150	56
14	1	1	228	3151	2525	77.7656	0x60adc14a	255	159	55
14	1	1	229	3151	2526	78.4531	0x66f05158	255	165	67
14	1	1	230	3151	2527	78.9141	0x6b732176	255	170	79
14	1	1	231	3151	2528	79.3438	0x6df56190	255	175	88
14	1	1	232	3152	2512	70.8594	0x7271f85b	255	137	71
14	1	1	233	3152	2513	71.3516	0x7231e85b	255	137	71
14	1	1	234	3152	2514	71.8438	0x7271f85b	255	137	71
14	1	1	235	3152	2515	72.3281	0x7271f85b	255	137	71
14	1	1	236	3152	2516	72.8203	0x7271f85b	255	137	71
14	1	1	237	3152	2517	73.3047	0x7271f85b	255	137	71
14	1	1	238	3152	2518	73.7969	0x7271f85b	255	137	71
14	1	1	239	3152	2519	74.2812	0x7271f85b	255	137	71
14	1	1	240	3152	2520	74.7734	0x7231e858	255	137	71
14	1	1	241	3152	2521	75.2656	0x7271f85b	255	137	71
14	1	1	242	3152	2522	75.75	0x7271f85b	255	138	71
14	1	1	243	3152	2523	76.2422	0x70312077	255	140	68
14	1	1	244	3152	2524	76.8047	0x6c7010bf	255	147	64
14	1	1	245	3152	2525	77.3984	0x652f0134	255	160	61
14	1	1	246	3152	2526	78.0859	0x65f0696e	255	167	69
14	1	1	247	3152	2527	78.5391	0x6d34317a	255	172	83
14	1	1	248	3152	2528	78.8906	0x6df6c1af	255	178	93
14	2	4	0	3136	2512	79.9219	0x4831d2c9	255	217	86
14	2	4	1	3137	2512	78.6641	0x43b2baf5	255	222	90
14	2	4	2	3137	2513	79.1719	0x49b472ee	255	221	93
14	2	4	3	3136	2513	80.4297	0x49b3eae6	255	220	93
14	2	4	4	3136	2514	80.7812	0x4774eb03	255	225	99
14	2	4	5	3137	2514	79.4766	0x4f784afb	255	222	107
14	2	4	6	3137	2515	79.6797	0x4232db00	255	224	98
14	2	4	7	3136	2515	81.2031	0x3d71b304	255	225	89
14	2	4	8	3136	2516	81.875	0x42322af4	255	221	91
14	2	4	9	3137	2516	80.4453	0x382faaf4	255	223	80
14	2	4	10	3137	2517	81.0391	0x44740b08	255	224	96
14	2	4	11	3136	2517	82.2422	0x51364ad6	255	217	99
14	2	4	12	3136	2518	82.5312	0x4ff7daf3	255	217	101
14	2	4	13	3137	2518	81.2969	0x47f35ae7	255	221	94
14	2	4	14	3137	2519	81.9531	0x4bb5eaf7	255	222	108
14	2	4	15	3136	2519	82.7812	0x56f5aaa2	255	210	96
14	2	4	16	3136	2520	83.2344	0x59b822ad	255	213	116
14	2	4	17	3137	2520	81.9844	0x547da2fe	255	222	122
14	2	4	18	3137	2521	82.1016	0x4e7f6328	255	227	128
14	2	4	19	3136	2521	83.2969	0x5cfe82bd	255	213	123
14	2	4	20	3136	2522	83.3281	0x564022f3	255	215	125
14	2	4	21	3137	2522	82.0234	0x4abac32e	255	229	122
14	2	4	22	3137	2523	82.4375	0x4bf69aff	255	223	110
14	2	4	23	3136	2523	83.2891	0x5e7aa29c	255	211	121
14	2	4	24	3136	2524	83.6719	0x5df6026a	255	198	105
14	2	4	25	3137	2524	82.6562	0x4af5eafc	255	223	102
14	2	4	26	3137	2525	83.125	0x4bb52aed	255	218	101
14	2	4	27	3136	2525	83.9609	0x69f9ca19	255	191	108
14	2	4	28	3136	2526	84.0703	0x6d7b19fc	255	190	108
14	2	4	29	3137	2526	83.4062	0x5778eac8	255	214	107
14	2	4	30	3137	2527	83.5859	0x62faba73	255	204	112
14	2	4	31	3136	2527	84.2734	0x6ebea200	255	190	125
14	2	4	32	3136	2528	84.1562	0x738281af	255	182	134
14	2	4	33	3137	2528	83.7422	0x6bbfe228	255	193	127
14	2	4	34	3138	2512	77.4062	0x53f31a8c	255	207	88
14	2	4	35	3138	2513	78.0703	0x4cf1eaaa	255	211	84
14	2	4	36	3138	2514	78.4531	0x577822bf	255	212	104
14	2	4	37	3138	2515	78.5859	0x5a767291	255	208	103
14	2	4	38	3138	2516	79.0938	0x48f20ac9	255	213	84
14	2	4	39	3138	2517	79.625	0x44f1aadb	255	218	84
14	2	4	40	3138	2518	80.1797	0x4cb4cae1	255	222	98
14	2	4	41	3138	2519	80.4062	0x4634bb08	255	225	100
14	2	4	42	3138	2520	80.9688	0x4d7b1b20	255	228	123
14	2	4	43	3138	2521	80.7188	0x4b45232a	255	228	138
14	2	4	44	3138	2522	80.6406	0x4f7d831e	255	228	122
14	2	4	45	3138	2523	80.875	0x4736d31e	255	227	105
14	2	4	46	3138	2524	81.2578	0x47f50301	255	225	98
14	2	4	47	3138	2525	81.6406	0x46f44afd	255	223	95
14	2	4	48	3138	2526	82.0859	0x45b1cad8	255	220	94
14	2	4	49	3138	2527	82.7109	0x5074aac4	255	216	100
14	2	4	50	3138	2528	82.875	0x5f795a89	255	207	109
14	2	4	51	3139	2512	76.8984	0x5c343258	255	198	88
14	2	4	52	3139	2513	77.2031	0x5ef68a67	255	202	91
14	2	4	53	3139	2514	77.5312	0x59f52a7f	255	205	92
14	2	4	54	3139	2515	77.9453	0x61b51a32	255	200	94
14	2	4	55	3139	2516	78.2734	0x5bb4f26d	255	203	91
14	2	4	56	3139	2517	78.7031	0x55f4b29a	255	207	88
14	2	4	57	3139	2518	79.0547	0x58360a9d	255	209	96
14	2	4	58	3139	2519	79.375	0x587a2acc	255	218	113
14	2	4	59	3139	2520	79.4297	0x52fec30a	255	222	124
14	2	4	60	3139	2521	79.4531	0x5b7ea2ca	255	216	124
14	2	4	61	3139	2522	79.5156	0x607b3a8f	255	207	115
14	2	4	62	3139	2523	79.7578	0x59b67296	255	207	99
14	2	4	63	3139	2524	80.1562	0x55f3b287	255	205	87
14	2	4	64	3139	2525	80.625	0x5872ca5f	255	201	83
14	2	4	65	3139	2526	81.1016	0x5933225f	255	199	83
14	2	4	66	3139	2527	81.5391	0x53328a87	255	204	88
14	2	4	67	3139	2528	82.0781	0x5bf40256	255	200	88
14	2	4	68	3140	2512	75.8984	0x53b20a77	255	202	84
14	2	4	69	3140	2513	76.5234	0x5a33625c	255	201	88
14	2	4	70	3140	2514	76.7891	0x5ff5824c	255	199	91
14	2	4	71	3140	2515	77.2344	0x5fb56a4c	255	199	92
14	2	4	72	3140	2516	77.5078	0x63b7223e	255	197	93
14	2	4	73	3140	2517	77.8203	0x5e738233	255	193	85
14	2	4	74	3140	2518	78.3828	0x5d770a7d	255	208	110
14	2	4	75	3140	2519	78.4141	0x5fbc2a9c	255	210	119
14	2	4	76	3140	2520	78.625	0x62fa8270	255	205	114
14	2	4	77	3140	2521	78.7656	0x67faba3d	255	198	110
14	2	4	78	3140	2522	78.9609	0x6eba79e1	255	187	106
14	2	4	79	3140	2523	79.1172	0x6e7749b2	255	177	98
14	2	4	80	3140	2524	79.5312	0x68b24185	255	168	74
14	2	4	81	3140	2525	80.0859	0x69b1c963	255	164	72
14	2	4	82	3140	2526	80.5391	0x6a73598f	255	169	79
14	2	4	83	3140	2527	80.9609	0x6c33d17d	255	168	80
14	2	4	84	3140	2528	81.375	0x6b337186	255	164	79
14	2	4	85	3141	2512	75.2188	0x61737a10	255	190	83
14	2	4	86	3141	2513	75.6719	0x5e339a37	255	191	83
14	2	4	87	3141	2514	76.0859	0x64b401f4	255	186	84
14	2	4	88	3141	2515	76.5	0x61f4521d	255	188	86
14	2	4	89	3141	2516	76.8906	0x6733e1d0	255	181	83
14	2	4	90	3141	2517	77.3359	0x6ab7d9f7	255	193	101
14	2	4	91	3141	2518	77.4219	0x647b3a67	255	202	113
14	2	4	92	3141	2519	77.6406	0x6779022f	255	198	108
14	2	4	93	3141	2520	77.875	0x68390226	255	194	103
14	2	4	94	3141	2521	78.0938	0x6c3751d7	255	184	96
14	2	4	95	3141	2522	78.4453	0x6f354975	255	169	86
14	2	4	96	3141	2523	78.8125	0x737338a5	255	142	73
14	2	4	97	3141	2524	79.3203	0x70710863	255	132	67
14	2	4	98	3141	2525	79.875	0x72b2a89a	255	137	71
14	2	4	99	3141	2526	80.2422	0x75338063	255	132	77
14	2	4	100	3141	2527	80.7266	0x71f1b854	255	132	73
14	2	4	101	3141	2528	81.2422	0x74f33050	255	134	77
14	2	4	102	3142	2512	74.6562	0x6531e1b0	255	177	75
14	2	4	103	3142	2513	75.1406	0x6732199c	255	174	75
14	2	4	104	3142	2514	75.6406	0x6d341977	255	174	83
14	2	4	105	3142	2515	75.9531	0x69f3f1aa	255	177	83
14	2	4	106	3142	2516	76.4688	0x6c3531a8	255	181	90
14	2	4	107	3142	2517	76.6797	0x6bb9ca03	255	190	105
14	2	4	108	3142	2518	76.8672	0x6e3991de	255	186	105
14	2	4	109	3142	2519	77.0938	0x7038c1b0	255	179	100
14	2	4	110	3142	2520	77.3359	0x72b68152	255	165	88
14	2	4	111	3142	2521	77.7188	0x71f3b8fb	255	152	79
14	2	4	112	3142	2522	78.1719	0x6fb0f07f	255	135	66
14	2	4	113	3143	2512	74.2656	0x6d31a10c	255	154	71
14	2	4	114	3143	2513	74.7734	0x6ab19946	255	164	77
14	2	4	115	3143	2514	75.2891	0x6bf44993	255	174	85
14	2	4	116	3143	2515	75.5703	0x6db5d19d	255	178	90
14	2	4	117	3143	2516	75.9688	0x6a3701ee	255	187	97
14	2	4	118	3143	2517	76.1641	0x6db9e9e9	255	185	103
14	2	4	119	3143	2518	76.3594	0x6fb7b9a7	255	178	98
14	2	4	120	3143	2519	76.7031	0x6e74115e	255	163	83
14	2	4	121	3143	2520	77.1719	0x7373209e	255	145	76
14	2	4	122	3143	2521	77.5859	0x71b17034	255	132	68
14	2	4	123	3144	2512	74.1094	0x6cf36961	255	162	76
14	2	4	124	3144	2513	74.4609	0x70f60165	255	169	89
14	2	4	125	3144	2514	74.7734	0x68f6e1fb	255	184	96
14	2	4	126	3144	2515	75.0625	0x69b739f6	255	188	96
14	2	4	127	3144	2516	75.3516	0x6677fa2e	255	193	99
14	2	4	128	3144	2517	75.5859	0x6736ea11	255	192	96
14	2	4	129	3144	2518	75.9531	0x6db4917a	255	171	83
14	2	4	130	3144	2519	76.3594	0x6c710901	255	154	69
14	2	4	131	3144	2520	77.0234	0x69af10c7	255	144	66
14	2	4	132	3145	2512	73.5234	0x5e338235	255	195	84
14	2	4	133	3145	2513	74.0234	0x6836ca05	255	194	99
14	2	4	134	3145	2514	74.1328	0x6739b239	255	198	108
14	2	4	135	3145	2515	74.4297	0x64f81a40	255	195	98
14	2	4	136	3145	2516	74.6484	0x68f83212	255	192	100
14	2	4	137	3145	2517	74.9375	0x67f301ac	255	178	80
14	2	4	138	3145	2518	75.5547	0x64af6955	255	164	63
14	2	4	139	3145	2519	76.1797	0x67af8920	255	160	67
14	2	4	140	3145	2520	76.7734	0x66b07962	255	164	67
14	2	4	141	3145	2521	77.3125	0x63b0b99e	255	170	70
14	2	4	142	3144	2521	77.6172	0x6df0308a	255	133	64
14	2	4	143	3144	2522	78.1641	0x6db0489a	255	137	64
14	2	4	144	3145	2522	77.8906	0x64b189b0	255	173	72
14	2	4	145	3145	2523	78.3516	0x5faf41a2	255	170	63
14	2	4	146	3144	2523	78.75	0x6a2f78d9	255	141	61
14	2	4	147	3144	2524	79.3828	0x6b2ef077	255	135	59
14	2	4	148	3145	2524	79.1641	0x5d6d997b	255	163	55
14	2	4	149	3145	2525	79.8125	0x672f2912	255	147	61
14	2	4	150	3146	2512	72.7344	0x5cf56a69	255	201	95
14	2	4	151	3146	2513	73.2734	0x5c35d276	255	205	100
14	2	4	152	3146	2514	73.4219	0x6579b24d	255	198	103
14	2	4	153	3146	2515	73.6797	0x67f589ec	255	184	91
14	2	4	154	3146	2516	74.125	0x6832498e	255	175	82
14	2	4	155	3146	2517	74.6484	0x67f0b155	255	165	68
14	2	4	156	3146	2518	75.2344	0x63b0b9a1	255	172	69
14	2	4	157	3146	2519	75.7656	0x63b191bd	255	178	73
14	2	4	158	3146	2520	76.2734	0x6372a1e1	255	182	76
14	2	4	159	3146	2521	76.7109	0x6272b9f0	255	185	79
14	2	4	160	3146	2522	77.2109	0x5db0e1f6	255	183	71
14	2	4	161	3146	2523	77.8281	0x5c6ea1b4	255	175	61
14	2	4	162	3146	2524	78.5625	0x54eca1c0	255	171	52
14	2	4	163	3146	2525	79.4531	0x5baca962	255	163	52
14	2	4	164	3146	2526	80.1406	0x68efc10f	255	155	67
14	2	4	165	3145	2526	80.4219	0x72f2a08a	255	133	76
14	2	4	166	3145	2527	80.7344	0x78f6286b	255	139	86
14	2	4	167	3146	2527	80.6484	0x75f500bc	255	146	87
14	2	4	168	3147	2512	71.9609	0x6576b223	255	194	98
14	2	4	169	3147	2513	72.4062	0x6234fa29	255	192	90
14	2	4	170	3147	2514	72.7109	0x637311ee	255	185	82
14	2	4	171	3147	2515	73.3125	0x66311987	255	174	77
14	2	4	172	3147	2516	73.7891	0x6b32f973	255	170	77
14	2	4	173	3147	2517	74.2188	0x6b33a189	255	172	76
14	2	4	174	3147	2518	74.6406	0x66f249a5	255	174	76
14	2	4	175	3147	2519	75.1875	0x63f191b8	255	176	74
14	2	4	176	3147	2520	75.6797	0x64b229c1	255	178	75
14	2	4	177	3147	2521	76.1719	0x64f189aa	255	176	74
14	2	4	178	3147	2522	76.7188	0x622fe194	255	172	66
14	2	4	179	3147	2523	77.375	0x5e2de97e	255	167	57
14	2	4	180	3147	2524	78.1406	0x596bf15e	255	162	48
14	2	4	181	3147	2525	79.0547	0x58aba15b	255	160	48
14	2	4	182	3147	2526	79.8672	0x64eec930	255	160	61
14	2	4	183	3147	2527	80.3594	0x70735910	255	158	81
14	2	4	184	3146	2528	80.875	0x7a7860a9	255	147	95
14	2	4	185	3147	2528	80.7344	0x76f6d0e9	255	152	92
14	2	4	186	3148	2512	71.4453	0x6af34183	255	175	83
14	2	4	187	3148	2513	71.9531	0x6cb3b174	255	170	81
14	2	4	188	3148	2514	72.2891	0x6f733125	255	162	77
14	2	4	189	3148	2515	72.8359	0x69b15953	255	163	70
14	2	4	190	3148	2516	73.3359	0x6c72313c	255	160	73
14	2	4	191	3148	2517	73.8047	0x6d721921	255	157	73
14	2	4	192	3148	2518	74.3125	0x6e31f905	255	157	73
14	2	4	193	3148	2519	74.7891	0x6cf24932	255	161	74
14	2	4	194	3148	2520	75.2734	0x6c720135	255	161	73
14	2	4	195	3148	2521	75.7734	0x6ab14135	255	161	70
14	2	4	196	3148	2522	76.3281	0x66ef792a	255	160	64
14	2	4	197	3148	2523	77	0x5fad4940	255	160	54
14	2	4	198	3148	2524	77.8125	0x5aaba139	255	158	47
14	2	4	199	3148	2525	78.7109	0x5b2bb932	255	157	47
14	2	4	200	3148	2526	79.5078	0x60ee295a	255	162	60
14	2	4	201	3148	2527	80.0938	0x6d73014a	255	164	79
14	2	4	202	3148	2528	80.4062	0x74b70934	255	164	92
14	2	4	203	3149	2512	71.1328	0x703208cb	255	146	72
14	2	4	204	3149	2513	71.6172	0x6ff208d2	255	145	73
14	2	4	205	3149	2514	72.1094	0x71b1e886	255	141	71
14	2	4	206	3149	2515	72.6016	0x703178a5	255	143	70
14	2	4	207	3149	2516	73.1328	0x6ff178a9	255	145	70
14	2	4	208	3149	2517	73.625	0x713200a1	255	145	72
14	2	4	209	3149	2518	74.1094	0x723290a9	255	146	74
14	2	4	210	3149	2519	74.5547	0x723290a5	255	144	73
14	2	4	211	3149	2520	75.0391	0x713200a1	255	143	71
14	2	4	212	3149	2521	75.5312	0x6f3108a9	255	145	69
14	2	4	213	3149	2522	76.1016	0x6bafe8c7	255	148	63
14	2	4	214	3149	2523	76.7031	0x65edf8dd	255	150	56
14	2	4	215	3149	2525	78.4141	0x5cac0128	255	157	48
14	2	4	216	3149	2526	79.1328	0x64af414b	255	163	62
14	2	4	217	3149	2527	79.6719	0x6a723966	255	166	76
14	2	4	218	3149	2528	80.1016	0x7235793d	255	165	88
14	2	4	219	3150	2524	77.2578	0x61ecb0e4	255	150	51
14	2	4	220	3150	2525	78.0938	0x5e6cb936	255	159	51
14	2	4	221	3150	2526	78.8125	0x656f6145	255	163	64
14	2	4	222	3150	2527	79.3359	0x6b329966	255	168	76
14	2	4	223	3150	2528	79.75	0x7075b168	255	170	88
14	2	4	224	3151	2524	77.0234	0x65edf8e0	255	150	56
14	2	4	225	3151	2525	77.7656	0x60adc14a	255	159	55
14	2	4	226	3151	2526	78.4531	0x66f05158	255	165	67
14	2	4	227	3151	2527	78.9141	0x6b732176	255	170	79
14	2	4	228	3151	2528	79.3438	0x6df56190	255	175	88
14	2	4	229	3152	2524	76.8047	0x6c7010bf	255	147	64
14	2	4	230	3152	2525	77.3984	0x652f0134	255	160	61
14	2	4	231	3152	2526	78.0859	0x65f0696e	255	167	69
14	2	4	232	3152	2527	78.5391	0x6d34317a	255	172	83
14	2	4	233	3152	2528	78.8906	0x6df6c1af	255	178	93
15	0	0	0	3152	2512	70.8594	0x7271f85b	255	137	71
15	0	0	1	3153	2512	70.7734	0x7231e858	255	137	71
15	0	0	2	3153	2513	71.2656	0x7271f85b	255	136	71
15	0	0	3	3152	2513	71.3516	0x7231e85b	255	137	71
15	0	0	4	3152	2514	71.8438	0x7271f85b	255	137	71
15	0	0	5	3153	2514	71.75	0x72b1f844	255	134	71
15	0	0	6	3153	2515	72.2422	0x72f1f81c	255	130	70
15	0	0	7	3152	2515	72.3281	0x7271f85b	255	137	71
15	0	0	8	3152	2516	72.8203	0x7271f85b	255	137	71
15	0	0	9	3153	2516	72.7266	0x72f1f820	255	129	71
15	0	0	10	3153	2517	73.2188	0x72f1f81c	255	130	72
15	0	0	11	3152	2517	73.3047	0x7271f85b	255	137	71
15	0	0	12	3152	2518	73.7969	0x7271f85b	255	137	71
15	0	0	13	3153	2518	73.7031	0x72b1f844	255	134	71
15	0	0	14	3153	2519	74.1953	0x7231e858	255	136	72
15	0	0	15	3152	2519	74.2812	0x7271f85b	255	137	71
15	0	0	16	3152	2520	74.7734	0x7231e858	255	137	71
15	0	0	17	3153	2520	74.6875	0x7271f85b	255	137	71
15	0	0	18	3153	2521	75.1719	0x7271f85b	255	137	71
15	0	0	19	3152	2521	75.2656	0x7271f85b	255	137	71
15	0	0	20	3152	2522	75.75	0x7271f85b	255	138	71
15	0	0	21	3153	2522	75.6641	0x7271f85b	255	137	71
15	0	0	22	3153	2523	76.1484	0x7271f85b	255	138	70
15	0	0	23	3152	2523	76.2422	0x70312077	255	140	68
15	0	0	24	3152	2524	76.8047	0x6c7010bf	255	147	64
15	0	0	25	3153	2524	76.6406	0x71f20083	255	141	71
15	0	0	26	3153	2525	77.125	0x6eb168d6	255	150	72
15	0	0	27	3152	2525	77.3984	0x652f0134	255	160	61
15	0	0	28	3152	2526	78.0859	0x65f0696e	255	167	69
15	0	0	29	3153	2526	77.6719	0x69321176	255	170	74
15	0	0	30	3153	2527	78.1094	0x6c7519a2	255	176	87
15	0	0	31	3152	2527	78.5391	0x6d34317a	255	172	83
15	0	0	32	3152	2528	78.8906	0x6df6c1af	255	178	93
15	0	0	33	3153	2528	78.4062	0x6eb749af	255	179	95
15	0	0	34	3154	2512	70.6875	0x7271f85b	255	137	71
15	0	0	35	3154	2513	71.1719	0x7171705b	255	137	69
15	0	0	36	3154	2514	71.7109	0x6ff09830	255	131	66
15	0	0	37	3154	2515	72.2734	0x717137e8	255	124	68
15	0	0	38	3154	2516	72.7578	0x72b1ffc4	255	123	71
15	0	0	39	3154	2517	73.25	0x7472d7e0	255	123	75
15	0	0	40	3154	2518	73.6641	0x75736018	255	129	77
15	0	0	41	3154	2519	74.1094	0x73b28848	255	135	73
15	0	0	42	3154	2520	74.5938	0x7271f85b	255	137	72
15	0	0	43	3154	2521	75.0859	0x7271f85b	255	137	71
15	0	0	44	3154	2522	75.5703	0x7271f85b	255	137	71
15	0	0	45	3154	2523	76.0625	0x7271f85b	255	137	71
15	0	0	46	3154	2524	76.5469	0x7372d086	255	142	75
15	0	0	47	3154	2525	76.9688	0x75b4e8bc	255	149	84
15	0	0	48	3154	2526	77.2891	0x71b5f958	255	164	89
15	0	0	49	3154	2527	77.6328	0x6d7601a9	255	178	90
15	0	0	50	3154	2528	77.9531	0x6df6a9af	255	178	93
15	0	0	51	3155	2512	70.5938	0x7271f85b	255	137	71
15	0	0	52	3155	2513	71.0859	0x70b10044	255	133	66
15	0	0	53	3155	2514	71.6562	0x6daf8820	255	130	61
15	0	0	54	3155	2515	72.2891	0x6defb004	255	127	64
15	0	0	55	3155	2516	72.8438	0x7271cfe0	255	125	71
15	0	0	56	3155	2517	73.2812	0x7673fffc	255	127	78
15	0	0	57	3155	2518	73.6562	0x77347818	255	129	81
15	0	0	58	3155	2519	74.0547	0x75737844	255	133	77
15	0	0	59	3155	2520	74.5078	0x7332705b	255	137	73
15	0	0	60	3155	2521	74.9922	0x7271f85b	255	137	71
15	0	0	61	3155	2522	75.4844	0x7271f85b	255	137	71
15	0	0	62	3155	2523	75.9688	0x7433006f	255	140	75
15	0	0	63	3155	2524	76.375	0x757460a5	255	146	81
15	0	0	64	3155	2525	76.75	0x77f720da	255	154	93
15	0	0	65	3155	2526	76.9531	0x77793126	255	163	101
15	0	0	66	3155	2527	77.1875	0x707811a1	255	176	104
15	0	0	67	3155	2528	77.4688	0x6af6e1e1	255	185	94
15	0	0	68	3156	2512	70.5078	0x7171705b	255	137	70
15	0	0	69	3156	2513	71.0391	0x6eb0305b	255	136	64
15	0	0	70	3156	2514	71.6484	0x6cef483c	255	133	61
15	0	0	71	3156	2515	72.2656	0x6dafd863	255	135	63
15	0	0	72	3156	2516	72.8203	0x71f1d067	255	135	71
15	0	0	73	3156	2517	73.2578	0x7634305f	255	135	80
15	0	0	74	3156	2518	73.6172	0x77f53050	255	135	82
15	0	0	75	3156	2519	73.9766	0x7674284c	255	136	80
15	0	0	76	3156	2520	74.4141	0x7372885b	255	137	74
15	0	0	77	3156	2521	74.9062	0x7271f85b	255	137	71
15	0	0	78	3156	2522	75.3906	0x72f27073	255	140	74
15	0	0	79	3156	2523	75.8438	0x74b3c89a	255	144	79
15	0	0	80	3156	2524	76.2188	0x7735a0a9	255	148	86
15	0	0	81	3156	2525	76.5312	0x78b8b8f4	255	157	100
15	0	0	82	3156	2526	76.6875	0x7a3cc920	255	165	115
15	0	0	83	3156	2527	76.7344	0x763d097e	255	174	117
15	0	0	84	3156	2528	76.875	0x6eb889c7	255	180	105
15	0	0	85	3157	2512	70.4141	0x7172009a	255	143	71
15	0	0	86	3157	2513	70.9062	0x6d7060b4	255	145	66
15	0	0	87	3157	2514	71.5391	0x6b6fc0c7	255	146	63
15	0	0	88	3157	2515	72.0938	0x6cf0a8d6	255	150	66
15	0	0	89	3157	2516	72.6406	0x6eb1c8ec	255	153	71
15	0	0	90	3157	2517	73.0938	0x71f370e9	255	151	78
15	0	0	91	3157	2518	73.5	0x74b400ad	255	146	80
15	0	0	92	3157	2519	73.9062	0x74f3c892	255	142	78
15	0	0	93	3157	2520	74.3281	0x73b2d073	255	140	75
15	0	0	94	3157	2521	74.8125	0x72b29092	255	142	73
15	0	0	95	3157	2522	75.2578	0x7433809a	255	145	78
15	0	0	96	3157	2523	75.6641	0x74b468c4	255	149	82
15	0	0	97	3157	2524	76.0391	0x7776e8de	255	153	93
15	0	0	98	3157	2525	76.2578	0x79bad90e	255	160	107
15	0	0	99	3157	2526	76.3672	0x79fe0131	255	165	121
15	0	0	100	3157	2527	76.3828	0x78be6150	255	169	124
15	0	0	101	3157	2528	76.4688	0x74bbe990	255	177	113
15	0	0	102	3158	2512	70.2031	0x6e32711e	255	158	73
15	0	0	103	3158	2513	70.6797	0x6c314916	255	158	70
15	0	0	104	3158	2514	71.25	0x6730394b	255	162	67
15	0	0	105	3158	2515	71.8359	0x67f0e15f	255	165	69
15	0	0	106	3158	2516	72.3438	0x6a326970	255	167	74
15	0	0	107	3158	2517	72.7891	0x6bf2a95a	255	166	76
15	0	0	108	3158	2518	73.2734	0x6eb3012f	255	161	77
15	0	0	109	3158	2519	73.6875	0x6ff2c902	255	156	76
15	0	0	110	3158	2520	74.1875	0x70f298da	255	152	75
15	0	0	111	3158	2521	74.6172	0x70b2f8f7	255	155	76
15	0	0	112	3158	2522	75.0859	0x72b3b8e5	255	154	79
15	0	0	113	3158	2523	75.4531	0x7475a906	255	157	87
15	0	0	114	3158	2524	75.7734	0x7637d122	255	162	96
15	0	0	115	3158	2525	75.9844	0x78bb7131	255	164	112
15	0	0	116	3158	2526	76.0625	0x793f2149	255	168	124
15	0	0	117	3158	2527	76.0391	0x7800a15d	255	170	129
15	0	0	118	3158	2528	76.0234	0x747f61a6	255	177	124
15	0	0	119	3159	2512	69.8281	0x6731c18e	255	172	73
15	0	0	120	3159	2513	70.3359	0x67f1c182	255	172	73
15	0	0	121	3159	2514	70.8438	0x6671c199	255	174	73
15	0	0	122	3159	2515	71.3516	0x64b1d1b6	255	176	73
15	0	0	123	3159	2516	71.8594	0x64b1d1b6	255	178	74
15	0	0	124	3159	2517	72.3672	0x6631c99f	255	175	75
15	0	0	125	3159	2518	72.875	0x66b1c196	255	174	73
15	0	0	126	3159	2519	73.3828	0x68b1b972	255	170	74
15	0	0	127	3159	2520	73.8906	0x6af2b170	255	168	76
15	0	0	128	3159	2521	74.3125	0x6cf2f150	255	166	76
15	0	0	129	3159	2522	74.7969	0x6ef3f951	255	166	82
15	0	0	130	3159	2523	75.1328	0x71b6315b	255	168	89
15	0	0	131	3159	2524	75.4453	0x7438495f	255	170	99
15	0	0	132	3159	2525	75.6328	0x753c2987	255	175	115
15	0	0	133	3159	2526	75.6875	0x757fa194	255	177	126
15	0	0	134	3159	2527	75.6562	0x7482019d	255	178	132
15	0	0	135	3159	2528	75.5625	0x734081b8	255	182	128
15	0	0	136	3160	2512	69.3438	0x64b1d1b6	255	178	74
15	0	0	137	3160	2513	69.8516	0x64b1d1b6	255	178	74
15	0	0	138	3160	2514	70.3594	0x64b1d1b6	255	178	74
15	0	0	139	3160	2515	70.8672	0x64b1d1b6	255	178	74
15	0	0	140	3160	2516	71.375	0x64b1d1b6	255	177	74
15	0	0	141	3160	2517	71.8828	0x64f1c9b3	255	177	74
15	0	0	142	3160	2518	72.3906	0x64f1c9b3	255	177	74
15	0	0	143	3160	2519	72.8984	0x64f1c9b3	255	177	74
15	0	0	144	3160	2520	73.4062	0x64f1c9b3	255	176	75
15	0	0	145	3160	2521	73.9141	0x67b23194	255	173	75
15	0	0	146	3160	2522	74.3828	0x6a7421a4	255	176	84
15	0	0	147	3160	2523	74.7266	0x6d7621a9	255	178	91
15	0	0	148	3160	2524	75.0391	0x6eb951d3	255	185	106
15	0	0	149	3160	2525	75.1562	0x6efd61f8	255	189	119
15	0	0	150	3160	2526	75.2031	0x6e000208	255	191	127
15	0	0	151	3160	2527	75.1562	0x6ec221fb	255	190	134
15	0	0	152	3160	2528	75.0703	0x720081cf	255	186	127
15	0	0	153	3161	2512	68.8594	0x64f1c9b3	255	177	74
15	0	0	154	3161	2513	69.3672	0x64f1c9b3	255	177	74
15	0	0	155	3161	2514	69.875	0x64f1c9b3	255	177	74
15	0	0	156	3161	2515	70.3828	0x64f1c9b3	255	177	74
15	0	0	157	3161	2516	70.8906	0x64b1b9b3	255	177	74
15	0	0	158	3161	2517	71.4062	0x64b1b9b3	255	177	74
15	0	0	159	3161	2518	71.9141	0x64f1c9b3	255	177	74
15	0	0	160	3161	2519	72.4219	0x64f1c9b3	255	177	74
15	0	0	161	3161	2520	72.9297	0x64f1c9b3	255	177	74
15	0	0	162	3161	2521	73.4375	0x667279b4	255	178	77
15	0	0	163	3161	2522	73.8828	0x69b4a1c1	255	181	86
15	0	0	164	3161	2523	74.2109	0x6e37d9c1	255	185	101
15	0	0	165	3161	2524	74.4141	0x6b7b7218	255	194	113
15	0	0	166	3161	2525	74.5	0x6b3e822c	255	197	123
15	0	0	167	3161	2526	74.5078	0x687fc24f	255	201	126
15	0	0	168	3161	2527	74.5156	0x69bf6241	255	198	127
15	0	0	169	3161	2528	74.5469	0x6dbf620f	255	192	125
15	0	0	170	3162	2512	68.3828	0x64f1c9b3	255	177	74
15	0	0	171	3162	2513	68.8906	0x64f1c9b3	255	177	74
15	0	0	172	3162	2514	69.3984	0x64f1c9b3	255	177	74
15	0	0	173	3162	2515	69.9062	0x64f1c9b3	255	177	74
15	0	0	174	3162	2516	70.4141	0x64f1c9b3	255	177	74
15	0	0	175	3162	2517	70.9219	0x64b1d1b6	255	178	74
15	0	0	176	3162	2518	71.4297	0x64b1d1b6	255	178	74
15	0	0	177	3162	2519	71.9375	0x64b1d1b6	255	178	74
15	0	0	178	3162	2520	72.4453	0x64b1d1b6	255	178	74
15	0	0	179	3162	2521	72.9531	0x667291b6	255	178	77
15	0	0	180	3162	2522	73.3906	0x6b3469a1	255	177	84
15	0	0	181	3162	2523	73.7422	0x713989ae	255	180	110
15	0	0	182	3162	2524	73.8047	0x72be21c4	255	183	120
15	0	0	183	3162	2525	73.8594	0x6f8041f3	255	189	128
15	0	0	184	3162	2526	73.7891	0x6bc12225	255	197	130
15	0	0	185	3162	2527	73.7891	0x68bec24c	255	200	124
15	0	0	186	3162	2528	73.8672	0x677da257	255	200	122
15	0	0	187	3163	2512	67.8984	0x64b1d1b6	255	178	74
15	0	0	188	3163	2513	68.4062	0x64b1d1b6	255	178	74
15	0	0	189	3163	2514	68.9141	0x64b1d1b6	255	178	74
15	0	0	190	3163	2515	69.4219	0x64b1d1b6	255	178	74
15	0	0	191	3163	2516	69.9297	0x64b1d1b6	255	178	74
15	0	0	192	3163	2517	70.4375	0x64b1d1b6	255	178	74
15	0	0	193	3163	2518	70.9453	0x64b1d1b6	255	178	74
15	0	0	194	3163	2519	71.4531	0x64b1d1b6	255	178	74
15	0	0	195	3163	2520	71.9609	0x64b1d1b6	255	178	74
15	0	0	196	3163	2521	72.4688	0x64b1d1b6	255	177	75
15	0	0	197	3163	2522	72.9766	0x6af4199e	255	176	84
15	0	0	198	3163	2523	73.2812	0x7238f992	255	174	103
15	0	0	199	3163	2524	73.4297	0x78fe6149	255	168	124
15	0	0	200	3163	2525	73.3828	0x77431964	255	170	134
15	0	0	201	3163	2526	73.2344	0x730451a6	255	178	143
15	0	0	202	3163	2527	73.1094	0x714221d5	255	187	132
15	0	0	203	3163	2528	73.1016	0x6cfd6211	255	191	122
15	0	0	204	3164	2512	67.4141	0x64f1c9b3	255	177	74
15	0	0	205	3164	2513	67.9219	0x64f1c9b3	255	177	74
15	0	0	206	3164	2514	68.4297	0x64f1c9b3	255	177	74
15	0	0	207	3164	2515	68.9375	0x64f1c9b3	255	177	74
15	0	0	208	3164	2516	69.4453	0x64f1c9b3	255	177	74
15	0	0	209	3164	2517	69.9531	0x64f1c9b3	255	177	74
15	0	0	210	3164	2518	70.4609	0x64f1c9b3	255	177	74
15	0	0	211	3164	2519	70.9688	0x64f1c9b3	255	177	74
15	0	0	212	3164	2520	71.4766	0x64f1c9b3	255	177	74
15	0	0	213	3164	2521	71.9844	0x64f1c9b3	255	177	74
15	0	0	214	3164	2522	72.4922	0x67b319b4	255	176	79
15	0	0	215	3164	2523	72.8828	0x71766968	255	170	92
15	0	0	216	3164	2524	73.125	0x79bc4927	255	164	122
15	0	0	217	3164	2525	73.1172	0x7983d923	255	163	134
15	0	0	218	3164	2526	72.8828	0x7905a911	255	163	147
15	0	0	219	3164	2527	72.7578	0x7803994c	255	168	141
15	0	0	220	3164	2528	72.6562	0x74c26197	255	180	133
15	0	0	221	3165	2512	66.9375	0x64b1b9b3	255	177	74
15	0	0	222	3165	2513	67.4453	0x64f1c9b3	255	177	74
15	0	0	223	3165	2514	67.9531	0x64f1c9b3	255	177	74
15	0	0	224	3165	2515	68.4609	0x64f1c9b3	255	177	74
15	0	0	225	3165	2516	68.9688	0x64f1c9b3	255	177	74
15	0	0	226	3165	2517	69.4766	0x64f1c9b3	255	177	74
15	0	0	227	3165	2518	69.9844	0x64f1c9b3	255	177	74
15	0	0	228	3165	2519	70.4922	0x64f1c9b3	255	177	74
15	0	0	229	3165	2520	71	0x64f1c9b3	255	177	74
15	0	0	230	3165	2521	71.5078	0x64f1c9b3	255	177	74
15	0	0	231	3165	2522	72.0156	0x64f1c9b3	255	177	74
15	0	0	232	3165	2523	72.5234	0x6c341989	255	173	86
15	0	0	233	3165	2524	72.8281	0x773bc95d	255	170	121
15	0	0	234	3165	2525	72.7891	0x79826135	255	165	133
15	0	0	235	3165	2526	72.6797	0x7a45c8e9	255	155	147
15	0	0	236	3165	2527	72.4219	0x7906f0f4	255	160	151
15	0	0	237	3165	2528	72.2344	0x7445a980	255	174	148
15	0	0	238	3166	2512	66.4531	0x64b1d1b6	255	177	74
15	0	0	239	3166	2513	66.9609	0x64b1d1b6	255	178	74
15	0	0	240	3166	2514	67.4688	0x64b1d1b6	255	178	74
15	0	0	241	3166	2515	67.9766	0x64b1d1b6	255	178	74
15	0	0	242	3166	2516	68.4844	0x64b1d1b6	255	178	74
15	0	0	243	3166	2517	68.9922	0x64b1d1b6	255	178	74
15	0	0	244	3166	2518	69.5	0x64b1d1b6	255	178	74
15	0	0	245	3166	2519	70.0078	0x64b1d1b6	255	178	74
15	0	0	246	3166	2520	70.5156	0x64b1d1b6	255	178	74
15	0	0	247	3166	2521	71.0234	0x64b1d1b6	255	178	74
15	0	0	248	3166	2522	71.5312	0x64b1d1b6	255	178	74
15	0	0	249	3166	2523	72.0391	0x683379b7	255	179	81
15	0	0	250	3166	2524	72.3984	0x72391195	255	176	112
15	0	0	251	3166	2525	72.4844	0x777fc16e	255	172	127
15	0	0	252	3166	2526	72.4141	0x77c37950	255	167	140
15	0	0	253	3166	2527	72.2656	0x7648c10a	255	156	157
15	0	0	254	3166	2528	71.8438	0x72c9b948	255	167	160
15	0	0	255	3167	2512	65.9688	0x64b1d1b6	255	178	74
15	0	0	256	3167	2513	66.4766	0x64b1d1b6	255	178	74
15	0	0	257	3167	2514	66.9844	0x64b1d1b6	255	178	74
15	0	0	258	3167	2515	67.4922	0x64b1d1b6	255	178	74
15	0	0	259	3167	2516	68	0x64b1d1b6	255	178	74
15	0	0	260	3167	2517	68.5078	0x64b1d1b6	255	177	74
15	0	0	261	3167	2518	69.0156	0x64f1c9b3	255	177	74
15	0	0	262	3167	2519	69.5234	0x64f1c9b3	255	177	74
15	0	0	263	3167	2520	70.0312	0x64f1c9b3	255	177	74
15	0	0	264	3167	2521	70.5391	0x64f1c9b3	255	177	74
15	0	0	265	3167	2522	71.0469	0x64f1c9b3	255	177	74
15	0	0	266	3167	2523	71.5547	0x6732e9b4	255	179	81
15	0	0	267	3167	2524	71.9609	0x6eb8c1ca	255	183	109
15	0	0	268	3167	2525	72.0234	0x747fa1a6	255	181	126
15	0	0	269	3167	2526	71.9844	0x73c241a9	255	180	134
15	0	0	270	3167	2527	71.8828	0x6e46b1d5	255	180	152
15	0	0	271	3167	2528	71.5547	0x6a4a81ca	255	178	166
15	0	0	272	3168	2512	65.4844	0x64f1c9b3	255	177	74
15	0	0	273	3168	2513	65.9922	0x64f1c9b3	255	177	74
15	0	0	274	3168	2514	66.5	0x64f1c9b3	255	177	74
15	0	0	275	3168	2515	67.0078	0x64f1c9b3	255	177	74
15	0	0	276	3168	2516	67.5156	0x64f1c9b3	255	177	74
15	0	0	277	3168	2517	68.0234	0x64b1b9b3	255	177	74
15	0	0	278	3168	2518	68.5391	0x64b1b9b3	255	177	74
15	0	0	279	3168	2519	69.0469	0x64f1c9b3	255	177	74
15	0	0	280	3168	2520	69.5547	0x64f1c9b3	255	177	74
15	0	0	281	3168	2521	70.0625	0x64f1c9b3	255	177	74
15	0	0	282	3168	2522	70.5703	0x64f1c9b3	255	179	76
15	0	0	283	3168	2523	71.0781	0x657411ed	255	186	85
15	0	0	284	3168	2524	71.3906	0x67b85223	255	194	108
15	0	0	285	3168	2525	71.5781	0x6b3e422c	255	194	124
15	0	0	286	3168	2526	71.5	0x66c58245	255	196	140
15	0	0	287	3168	2527	71.2266	0x5cc9fa73	255	204	159
15	0	0	288	3168	2528	70.8281	0x66474238	255	192	141
15	1	1	0	3152	2512	70.8594	0x7271f85b	255	137	71
15	1	1	1	3153	2512	70.7734	0x7231e858	255	137	71
15	1	1	2	3153	2513	71.2656	0x7271f85b	255	136	71
15	1	1	3	3152	2513	71.3516	0x7231e85b	255	137	71
15	1	1	4	3152	2514	71.8438	0x7271f85b	255	137	71
15	1	1	5	3153	2514	71.75	0x72b1f844	255	134	71
15	1	1	6	3153	2515	72.2422	0x72f1f81c	255	130	70
15	1	1	7	3152	2515	72.3281	0x7271f85b	255	137	71
15	1	1	8	3152	2516	72.8203	0x7271f85b	255	137	71
15	1	1	9	3153	2516	72.7266	0x72f1f820	255	129	71
15	1	1	10	3153	2517	73.2188	0x72f1f81c	255	130	72
15	1	1	11	3152	2517	73.3047	0x7271f85b	255	137	71
15	1	1	12	3152	2518	73.7969	0x7271f85b	255	137	71
15	1	1	13	3153	2518	73.7031	0x72b1f844	255	134	71
15	1	1	14	3153	2519	74.1953	0x7231e858	255	136	72
15	1	1	15	3152	2519	74.2812	0x7271f85b	255	137	71
15	1	1	16	3152	2520	74.7734	0x7231e858	255	137	71
15	1	1	17	3153	2520	74.6875	0x7271f85b	255	137	71
15	1	1	18	3153	2521	75.1719	0x7271f85b	255	137	71
15	1	1	19	3152	2521	75.2656	0x7271f85b	255	137	71
15	1	1	20	3152	2522	75.75	0x7271f85b	255	138	71
15	1	1	21	3153	2522	75.6641	0x7271f85b	255	137	71
15	1	1	22	3153	2523	76.1484	0x7271f85b	255	138	70
15	1	1	23	3152	2523	76.2422	0x70312077	255	140	68
15	1	1	24	3152	2524	76.8047	0x6c7010bf	255	147	64
15	1	1	25	3153	2524	76.6406	0x71f20083	255	141	71
15	1	1	26	3153	2525	77.125	0x6eb168d6	255	150	72
15	1	1	27	3152	2525	77.3984	0x652f0134	255	160	61
15	1	1	28	3152	2526	78.0859	0x65f0696e	255	167	69
15	1	1	29	3153	2526	77.6719	0x69321176	255	170	74
15	1	1	30	3153	2527	78.1094	0x6c7519a2	255	176	87
15	1	1	31	3152	2527	78.5391	0x6d34317a	255	172	83
15	1	1	32	3152	2528	78.8906	0x6df6c1af	255	178	93
15	1	1	33	3153	2528	78.4062	0x6eb749af	255	179	95
15	1	1	34	3154	2512	70.6875	0x7271f85b	255	137	71
15	1	1	35	3154	2513	71.1719	0x7171705b	255	137	69
15	1	1	36	3154	2514	71.7109	0x6ff09830	255	131	66
15	1	1	37	3154	2515	72.2734	0x717137e8	255	124	68
15	1	1	38	3154	2516	72.7578	0x72b1ffc4	255	123	71
15	1	1	39	3154	2517	73.25	0x7472d7e0	255	123	75
15	1	1	40	3154	2518	73.6641	0x75736018	255	129	77
15	1	1	41	3154	2519	74.1094	0x73b28848	255	135	73
15	1	1	42	3154	2520	74.5938	0x7271f85b	255	137	72
15	1	1	43	3154	2521	75.0859	0x7271f85b	255	137	71
15	1	1	44	3154	2522	75.5703	0x7271f85b	255	137	71
15	1	1	45	3154	2523	76.0625	0x7271f85b	255	137	71
15	1	1	46	3154	2524	76.5469	0x7372d086	255	142	75
15	1	1	47	3154	2525	76.9688	0x75b4e8bc	255	149	84
15	1	1	48	3154	2526	77.2891	0x71b5f958	255	164	89
15	1	1	49	3154	2527	77.6328	0x6d7601a9	255	178	90
15	1	1	50	3154	2528	77.9531	0x6df6a9af	255	178	93
15	1	1	51	3155	2512	70.5938	0x7271f85b	255	137	71
15	1	1	52	3155	2513	71.0859	0x70b10044	255	133	66
15	1	1	53	3155	2514	71.6562	0x6daf8820	255	130	61
15	1	1	54	3155	2515	72.2891	0x6defb004	255	127	64
15	1	1	55	3155	2516	72.8438	0x7271cfe0	255	125	71
15	1	1	56	3155	2517	73.2812	0x7673fffc	255	127	78
15	1	1	57	3155	2518	73.6562	0x77347818	255	129	81
15	1	1	58	3155	2519	74.0547	0x75737844	255	133	77
15	1	1	59	3155	2520	74.5078	0x7332705b	255	137	73
15	1	1	60	3155	2521	74.9922	0x7271f85b	255	137	71
15	1	1	61	3155	2522	75.4844	0x7271f85b	255	137	71
15	1	1	62	3155	2523	75.9688	0x7433006f	255	140	75
15	1	1	63	3155	2524	76.375	0x757460a5	255	146	81
15	1	1	64	3155	2525	76.75	0x77f720da	255	154	93
15	1	1	65	3155	2526	76.9531	0x77793126	255	163	101
15	1	1	66	3155	2527	77.1875	0x707811a1	255	176	104
15	1	1	67	3155	2528	77.4688	0x6af6e1e1	255	185	94
15	1	1	68	3156	2512	70.5078	0x7171705b	255	137	70
15	1	1	69	3156	2513	71.0391	0x6eb0305b	255	136	64
15	1	1	70	3156	2514	71.6484	0x6cef483c	255	133	61
15	1	1	71	3156	2515	72.2656	0x6dafd863	255	135	63
15	1	1	72	3156	2516	72.8203	0x71f1d067	255	135	71
15	1	1	73	3156	2517	73.2578	0x7634305f	255	135	80
15	1	1	74	3156	2518	73.6172	0x77f53050	255	135	82
15	1	1	75	3156	2519	73.9766	0x7674284c	255	136	80
15	1	1	76	3156	2520	74.4141	0x7372885b	255	137	74
15	1	1	77	3156	2521	74.9062	0x7271f85b	255	137	71
15	1	1	78	3156	2522	75.3906	0x72f27073	255	140	74
15	1	1	79	3156	2523	75.8438	0x74b3c89a	255	144	79
15	1	1	80	3156	2524	76.2188	0x7735a0a9	255	148	86
15	1	1	81	3156	2526	76.6875	0x7a3cc920	255	165	115
15	1	1	82	3156	2527	76.7344	0x763d097e	255	174	117
15	1	1	83	3156	2528	76.875	0x6eb889c7	255	180	105
15	1	1	84	3157	2512	70.4141	0x7172009a	255	143	71
15	1	1	85	3157	2513	70.9062	0x6d7060b4	255	145	66
15	1	1	86	3157	2514	71.5391	0x6b6fc0c7	255	146	63
15	1	1	87	3157	2515	72.0938	0x6cf0a8d6	255	150	66
15	1	1	88	3157	2516	72.6406	0x6eb1c8ec	255	153	71
15	1	1	89	3157	2517	73.0938	0x71f370e9	255	151	78
15	1	1	90	3157	2518	73.5	0x74b400ad	255	146	80
15	1	1	91	3157	2519	73.9062	0x74f3c892	255	142	78
15	1	1	92	3157	2520	74.3281	0x73b2d073	255	140	75
15	1	1	93	3157	2521	74.8125	0x72b29092	255	142	73
15	1	1	94	3157	2522	75.2578	0x7433809a	255	145	78
15	1	1	95	3157	2523	75.6641	0x74b468c4	255	149	82
15	1	1	96	3157	2524	76.0391	0x7776e8de	255	153	93
15	1	1	97	3157	2527	76.3828	0x78be6150	255	169	124
15	1	1	98	3157	2528	76.4688	0x74bbe990	255	177	113
15	1	1	99	3158	2512	70.2031	0x6e32711e	255	158	73
15	1	1	100	3158	2513	70.6797	0x6c314916	255	158	70
15	1	1	101	3158	2514	71.25	0x6730394b	255	162	67
15	1	1	102	3158	2515	71.8359	0x67f0e15f	255	165	69
15	1	1	103	3158	2516	72.3438	0x6a326970	255	167	74
15	1	1	104	3158	2517	72.7891	0x6bf2a95a	255	166	76
15	1	1	105	3158	2518	73.2734	0x6eb3012f	255	161	77
15	1	1	106	3158	2519	73.6875	0x6ff2c902	255	156	76
15	1	1	107	3158	2520	74.1875	0x70f298da	255	152	75
15	1	1	108	3158	2521	74.6172	0x70b2f8f7	255	155	76
15	1	1	109	3158	2522	75.0859	0x72b3b8e5	255	154	79
15	1	1	110	3158	2523	75.4531	0x7475a906	255	157	87
15	1	1	111	3158	2524	75.7734	0x7637d122	255	162	96
15	1	1	112	3159	2512	69.8281	0x6731c18e	255	172	73
15	1	1	113	3159	2513	70.3359	0x67f1c182	255	172	73
15	1	1	114	3159	2514	70.8438	0x6671c199	255	174	73
15	1	1	115	3159	2515	71.3516	0x64b1d1b6	255	176	73
15	1	1	116	3159	2516	71.8594	0x64b1d1b6	255	178	74
15	1	1	117	3159	2517	72.3672	0x6631c99f	255	175	75
15	1	1	118	3159	2518	72.875	0x66b1c196	255	174	73
15	1	1	119	3159	2519	73.3828	0x68b1b972	255	170	74
15	1	1	120	3159	2520	73.8906	0x6af2b170	255	168	76
15	1	1	121	3159	2521	74.3125	0x6cf2f150	255	166	76
15	1	1	122	3159	2522	74.7969	0x6ef3f951	255	166	82
15	1	1	123	3159	2523	75.1328	0x71b6315b	255	168	89
15	1	1	124	3159	2524	75.4453	0x7438495f	255	170	99
15	1	1	125	3159	2525	75.6328	0x753c2987	255	175	115
15	1	1	126	3160	2512	69.3438	0x64b1d1b6	255	178	74
15	1	1	127	3160	2513	69.8516	0x64b1d1b6	255	178	74
15	1	1	128	3160	2514	70.3594	0x64b1d1b6	255	178	74
15	1	1	129	3160	2515	70.8672	0x64b1d1b6	255	178	74
15	1	1	130	3160	2516	71.375	0x64b1d1b6	255	177	74
15	1	1	131	3160	2517	71.8828	0x64f1c9b3	255	177	74
15	1	1	132	3160	2518	72.3906	0x64f1c9b3	255	177	74
15	1	1	133	3160	2519	72.8984	0x64f1c9b3	255	177	74
15	1	1	134	3160	2520	73.4062	0x64f1c9b3	255	176	75
15	1	1	135	3160	2521	73.9141	0x67b23194	255	173	75
15	1	1	136	3160	2522	74.3828	0x6a7421a4	255	176	84
15	1	1	137	3160	2523	74.7266	0x6d7621a9	255	178	91
15	1	1	138	3160	2524	75.0391	0x6eb951d3	255	185	106
15	1	1	139	3161	2512	68.8594	0x64f1c9b3	255	177	74
15	1	1	140	3161	2513	69.3672	0x64f1c9b3	255	177	74
15	1	1	141	3161	2514	69.875	0x64f1c9b3	255	177	74
15	1	1	142	3161	2515	70.3828	0x64f1c9b3	255	177	74
15	1	1	143	3161	2516	70.8906	0x64b1b9b3	255	177	74
15	1	1	144	3161	2517	71.4062	0x64b1b9b3	255	177	74
15	1	1	145	3161	2518	71.9141	0x64f1c9b3	255	177	74
15	1	1	146	3161	2519	72.4219	0x64f1c9b3	255	177	74
15	1	1	147	3161	2520	72.9297	0x64f1c9b3	255	177	74
15	1	1	148	3161	2521	73.4375	0x667279b4	255	178	77
15	1	1	149	3161	2522	73.8828	0x69b4a1c1	255	181	86
15	1	1	150	3161	2523	74.2109	0x6e37d9c1	255	185	101
15	1	1	151	3161	2524	74.4141	0x6b7b7218	255	194	113
15	1	1	152	3162	2512	68.3828	0x64f1c9b3	255	177	74
15	1	1	153	3162	2513	68.8906	0x64f1c9b3	255	177	74
15	1	1	154	3162	2514	69.3984	0x64f1c9b3	255	177	74
15	1	1	155	3162	2515	69.9062	0x64f1c9b3	255	177	74
15	1	1	156	3162	2516	70.4141	0x64f1c9b3	255	177	74
15	1	1	157	3162	2517	70.9219	0x64b1d1b6	255	178	74
15	1	1	158	3162	2518	71.4297	0x64b1d1b6	255	178	74
15	1	1	159	3162	2519	71.9375	0x64b1d1b6	255	178	74
15	1	1	160	3162	2520	72.4453	0x64b1d1b6	255	178	74
15	1	1	161	3162	2521	72.9531	0x667291b6	255	178	77
15	1	1	162	3162	2522	73.3906	0x6b3469a1	255	177	84
15	1	1	163	3162	2523	73.7422	0x713989ae	255	180	110
15	1	1	164	3162	2524	73.8047	0x72be21c4	255	183	120
15	1	1	165	3163	2512	67.8984	0x64b1d1b6	255	178	74
15	1	1	166	3163	2513	68.4062	0x64b1d1b6	255	178	74
15	1	1	167	3163	2514	68.9141	0x64b1d1b6	255	178	74
15	1	1	168	3163	2515	69.4219	0x64b1d1b6	255	178	74
15	1	1	169	3163	2516	69.9297	0x64b1d1b6	255	178	74
15	1	1	170	3163	2517	70.4375	0x64b1d1b6	255	178	74
15	1	1	171	3163	2518	70.9453	0x64b1d1b6	255	178	74
15	1	1	172	3163	2519	71.4531	0x64b1d1b6	255	178	74
15	1	1	173	3163	2520	71.9609	0x64b1d1b6	255	178	74
15	1	1	174	3163	2521	72.4688	0x64b1d1b6	255	177	75
15	1	1	175	3163	2522	72.9766	0x6af4199e	255	176	84
15	1	1	176	3163	2523	73.2812	0x7238f992	255	174	103
15	1	1	177	3163	2524	73.4297	0x78fe6149	255	168	124
15	1	1	178	3164	2512	67.4141	0x64f1c9b3	255	177	74
15	1	1	179	3164	2513	67.9219	0x64f1c9b3	255	177	74
15	1	1	180	3164	2514	68.4297	0x64f1c9b3	255	177	74
15	1	1	181	3164	2515	68.9375	0x64f1c9b3	255	177	74
15	1	1	182	3164	2516	69.4453	0x64f1c9b3	255	177	74
15	1	1	183	3164	2517	69.9531	0x64f1c9b3	255	177	74
15	1	1	184	3164	2518	70.4609	0x64f1c9b3	255	177	74
15	1	1	185	3164	2519	70.9688	0x64f1c9b3	255	177	74
15	1	1	186	3164	2520	71.4766	0x64f1c9b3	255	177	74
15	1	1	187	3164	2521	71.9844	0x64f1c9b3	255	177	74
15	1	1	188	3164	2522	72.4922	0x67b319b4	255	176	79
15	1	1	189	3164	2523	72.8828	0x71766968	255	170	92
15	1	1	190	3164	2524	73.125	0x79bc4927	255	164	122
15	1	1	191	3165	2512	66.9375	0x64b1b9b3	255	177	74
15	1	1	192	3165	2513	67.4453	0x64f1c9b3	255	177	74
15	1	1	193	3165	2514	67.9531	0x64f1c9b3	255	177	74
15	1	1	194	3165	2515	68.4609	0x64f1c9b3	255	177	74
15	1	1	195	3165	2516	68.9688	0x64f1c9b3	255	177	74
15	1	1	196	3165	2517	69.4766	0x64f1c9b3	255	177	74
15	1	1	197	3165	2518	69.9844	0x64f1c9b3	255	177	74
15	1	1	198	3165	2519	70.4922	0x64f1c9b3	255	177	74
15	1	1	199	3165	2520	71	0x64f1c9b3	255	177	74
15	1	1	200	3165	2521	71.5078	0x64f1c9b3	255	177	74
15	1	1	201	3165	2522	72.0156	0x64f1c9b3	255	177	74
15	1	1	202	3165	2523	72.5234	0x6c341989	255	173	86
15	1	1	203	3165	2524	72.8281	0x773bc95d	255	170	121
15	1	1	204	3166	2512	66.4531	0x64b1d1b6	255	177	74
15	1	1	205	3166	2513	66.9609	0x64b1d1b6	255	178	74
15	1	1	206	3166	2514	67.4688	0x64b1d1b6	255	178	74
15	1	1	207	3166	2515	67.9766	0x64b1d1b6	255	178	74
15	1	1	208	3166	2516	68.4844	0x64b1d1b6	255	178	74
15	1	1	209	3166	2517	68.9922	0x64b1d1b6	255	178	74
15	1	1	210	3166	2518	69.5	0x64b1d1b6	255	178	74
15	1	1	211	3166	2519	70.0078	0x64b1d1b6	255	178	74
15	1	1	212	3166	2520	70.5156	0x64b1d1b6	255	178	74
15	1	1	213	3166	2521	71.0234	0x64b1d1b6	255	178	74
15	1	1	214	3166	2522	71.5312	0x64b1d1b6	255	178	74
15	1	1	215	3166	2523	72.0391	0x683379b7	255	179	81
15	1	1	216	3166	2524	72.3984	0x72391195	255	176	112
15	1	1	217	3167	2512	65.9688	0x64b1d1b6	255	178	74
15	1	1	218	3167	2513	66.4766	0x64b1d1b6	255	178	74
15	1	1	219	3167	2514	66.9844	0x64b1d1b6	255	178	74
15	1	1	220	3167	2515	67.4922	0x64b1d1b6	255	178	74
15	1	1	221	3167	2516	68	0x64b1d1b6	255	178	74
15	1	1	222	3167	2517	68.5078	0x64b1d1b6	255	177	74
15	1	1	223	3167	2518	69.0156	0x64f1c9b3	255	177	74
15	1	1	224	3167	2519	69.5234	0x64f1c9b3	255	177	74
15	1	1	225	3167	2520	70.0312	0x64f1c9b3	255	177	74
15	1	1	226	3167	2521	70.5391	0x64f1c9b3	255	177	74
15	1	1	227	3167	2522	71.0469	0x64f1c9b3	255	177	74
15	1	1	228	3167	2523	71.5547	0x6732e9b4	255	179	81
15	1	1	229	3167	2524	71.9609	0x6eb8c1ca	255	183	109
15	1	1	230	3168	2512	65.4844	0x64f1c9b3	255	177	74
15	1	1	231	3168	2513	65.9922	0x64f1c9b3	255	177	74
15	1	1	232	3168	2514	66.5	0x64f1c9b3	255	177	74
15	1	1	233	3168	2515	67.0078	0x64f1c9b3	255	177	74
15	1	1	234	3168	2516	67.5156	0x64f1c9b3	255	177	74
15	1	1	235	3168	2517	68.0234	0x64b1b9b3	255	177	74
15	1	1	236	3168	2518	68.5391	0x64b1b9b3	255	177	74
15	1	1	237	3168	2519	69.0469	0x64f1c9b3	255	177	74
15	1	1	238	3168	2520	69.5547	0x64f1c9b3	255	177	74
15	1	1	239	3168	2521	70.0625	0x64f1c9b3	255	177	74
15	1	1	240	3168	2522	70.5703	0x64f1c9b3	255	179	76
15	1	1	241	3168	2523	71.0781	0x657411ed	255	186	85
15	1	1	242	3168	2524	71.3906	0x67b85223	255	194	108
15	2	2	0	3165	2527	72.4219	0x7906f0f4	255	160	151
15	2	2	1	3164	2528	72.6562	0x74c26197	255	180	133
15	2	2	2	3165	2528	72.2344	0x7445a980	255	174	148
15	2	2	3	3166	2527	72.2656	0x7648c10a	255	156	157
15	2	2	4	3166	2528	71.8438	0x72c9b948	255	167	160
15	2	2	5	3166	2526	72.4141	0x77c37950	255	167	140
15	2	2	6	3167	2526	71.9844	0x73c241a9	255	180	134
15	2	2	7	3167	2527	71.8828	0x6e46b1d5	255	180	152
15	2	2	8	3167	2528	71.5547	0x6a4a81ca	255	178	166
15	2	2	9	3168	2526	71.5	0x66c58245	255	196	140
15	2	2	10	3168	2527	71.2266	0x5cc9fa73	255	204	159
15	2	2	11	3168	2528	70.8281	0x66474238	255	192	141
15	3	4	0	3152	2524	76.8047	0x6c7010bf	255	147	64
15	3	4	1	3153	2524	76.6406	0x71f20083	255	141	71
15	3	4	2	3153	2525	77.125	0x6eb168d6	255	150	72
15	3	4	3	3152	2525	77.3984	0x652f0134	255	160	61
15	3	4	4	3152	2526	78.0859	0x65f0696e	255	167	69
15	3	4	5	3153	2526	77.6719	0x69321176	255	170	74
15	3	4	6	3153	2527	78.1094	0x6c7519a2	255	176	87
15	3	4	7	3152	2527	78.5391	0x6d34317a	255	172	83
15	3	4	8	3152	2528	78.8906	0x6df6c1af	255	178	93
15	3	4	9	3153	2528	78.4062	0x6eb749af	255	179	95
15	3	4	10	3154	2524	76.5469	0x7372d086	255	142	75
15	3	4	11	3154	2525	76.9688	0x75b4e8bc	255	149	84
15	3	4	12	3154	2526	77.2891	0x71b5f958	255	164	89
15	3	4	13	3154	2527	77.6328	0x6d7601a9	255	178	90
15	3	4	14	3154	2528	77.9531	0x6df6a9af	255	178	93
15	3	4	15	3155	2523	75.9688	0x7433006f	255	140	75
15	3	4	16	3155	2524	76.375	0x757460a5	255	146	81
15	3	4	17	3155	2525	76.75	0x77f720da	255	154	93
15	3	4	18	3155	2526	76.9531	0x77793126	255	163	101
15	3	4	19	3155	2527	77.1875	0x707811a1	255	176	104
15	3	4	20	3155	2528	77.4688	0x6af6e1e1	255	185	94
15	3	4	21	3156	2524	76.2188	0x7735a0a9	255	148	86
15	3	4	22	3156	2526	76.6875	0x7a3cc920	255	165	115
15	3	4	23	3156	2527	76.7344	0x763d097e	255	174	117
15	3	4	24	3156	2528	76.875	0x6eb889c7	255	180	105
15	3	4	25	3157	2515	72.0938	0x6cf0a8d6	255	150	66
15	3	4	26	3156	2516	72.8203	0x71f1d067	255	135	71
15	3	4	27	3157	2516	72.6406	0x6eb1c8ec	255	153	71
15	3	4	28	3157	2517	73.0938	0x71f370e9	255	151	78
15	3	4	29	3156	2517	73.2578	0x7634305f	255	135	80
15	3	4	30	3156	2518	73.6172	0x77f53050	255	135	82
15	3	4	31	3157	2518	73.5	0x74b400ad	255	146	80
15	3	4	32	3156	2522	75.3906	0x72f27073	255	140	74
15	3	4	33	3157	2522	75.2578	0x7433809a	255	145	78
15	3	4	34	3157	2523	75.6641	0x74b468c4	255	149	82
15	3	4	35	3156	2523	75.8438	0x74b3c89a	255	144	79
15	3	4	36	3157	2524	76.0391	0x7776e8de	255	153	93
15	3	4	37	3157	2527	76.3828	0x78be6150	255	169	124
15	3	4	38	3157	2528	76.4688	0x74bbe990	255	177	113
15	3	4	39	3157	2512	70.4141	0x7172009a	255	143	71
15	3	4	40	3158	2512	70.2031	0x6e32711e	255	158	73
15	3	4	41	3157	2513	70.9062	0x6d7060b4	255	145	66
15	3	4	42	3158	2513	70.6797	0x6c314916	255	158	70
15	3	4	43	3158	2514	71.25	0x6730394b	255	162	67
15	3	4	44	3157	2514	71.5391	0x6b6fc0c7	255	146	63
15	3	4	45	3158	2515	71.8359	0x67f0e15f	255	165	69
15	3	4	46	3158	2516	72.3438	0x6a326970	255	167	74
15	3	4	47	3158	2517	72.7891	0x6bf2a95a	255	166	76
15	3	4	48	3158	2518	73.2734	0x6eb3012f	255	161	77
15	3	4	49	3157	2519	73.9062	0x74f3c892	255	142	78
15	3	4	50	3158	2519	73.6875	0x6ff2c902	255	156	76
15	3	4	51	3158	2520	74.1875	0x70f298da	255	152	75
15	3	4	52	3157	2520	74.3281	0x73b2d073	255	140	75
15	3	4	53	3157	2521	74.8125	0x72b29092	255	142	73
15	3	4	54	3158	2521	74.6172	0x70b2f8f7	255	155	76
15	3	4	55	3158	2522	75.0859	0x72b3b8e5	255	154	79
15	3	4	56	3158	2523	75.4531	0x7475a906	255	157	87
15	3	4	57	3158	2524	75.7734	0x7637d122	255	162	96
15	3	4	58	3158	2527	76.0391	0x7800a15d	255	170	129
15	3	4	59	3158	2528	76.0234	0x747f61a6	255	177	124
15	3	4	60	3159	2512	69.8281	0x6731c18e	255	172	73
15	3	4	61	3159	2513	70.3359	0x67f1c182	255	172	73
15	3	4	62	3159	2514	70.8438	0x6671c199	255	174	73
15	3	4	63	3159	2515	71.3516	0x64b1d1b6	255	176	73
15	3	4	64	3159	2516	71.8594	0x64b1d1b6	255	178	74
15	3	4	65	3159	2517	72.3672	0x6631c99f	255	175	75
15	3	4	66	3159	2518	72.875	0x66b1c196	255	174	73
15	3	4	67	3159	2519	73.3828	0x68b1b972	255	170	74
15	3	4	68	3159	2520	73.8906	0x6af2b170	255	168	76
15	3	4	69	3159	2521	74.3125	0x6cf2f150	255	166	76
15	3	4	70	3159	2522	74.7969	0x6ef3f951	255	166	82
15	3	4	71	3159	2523	75.1328	0x71b6315b	255	168	89
15	3	4	72	3159	2524	75.4453	0x7438495f	255	170	99
15	3	4	73	3159	2525	75.6328	0x753c2987	255	175	115
15	3	4	74	3158	2525	75.9844	0x78bb7131	255	164	112
15	3	4	75	3158	2526	76.0625	0x793f2149	255	168	124
15	3	4	76	3159	2526	75.6875	0x757fa194	255	177	126
15	3	4	77	3159	2527	75.6562	0x7482019d	255	178	132
15	3	4	78	3159	2528	75.5625	0x734081b8	255	182	128
15	3	4	79	3160	2512	69.3438	0x64b1d1b6	255	178	74
15	3	4	80	3160	2513	69.8516	0x64b1d1b6	255	178	74
15	3	4	81	3160	2514	70.3594	0x64b1d1b6	255	178	74
15	3	4	82	3160	2515	70.8672	0x64b1d1b6	255	178	74
15	3	4	83	3160	2516	71.375	0x64b1d1b6	255	177	74
15	3	4	84	3160	2517	71.8828	0x64f1c9b3	255	177	74
15	3	4	85	3160	2518	72.3906	0x64f1c9b3	255	177	74
15	3	4	86	3160	2519	72.8984	0x64f1c9b3	255	177	74
15	3	4	87	3160	2520	73.4062	0x64f1c9b3	255	176	75
15	3	4	88	3160	2521	73.9141	0x67b23194	255	173	75
15	3	4	89	3160	2522	74.3828	0x6a7421a4	255	176	84
15	3	4	90	3160	2523	74.7266	0x6d7621a9	255	178	91
15	3	4	91	3160	2524	75.0391	0x6eb951d3	255	185	106
15	3	4	92	3160	2525	75.1562	0x6efd61f8	255	189	119
15	3	4	93	3160	2526	75.2031	0x6e000208	255	191	127
15	3	4	94	3160	2527	75.1562	0x6ec221fb	255	190	134
15	3	4	95	3160	2528	75.0703	0x720081cf	255	186	127
15	3	4	96	3161	2512	68.8594	0x64f1c9b3	255	177	74
15	3	4	97	3161	2513	69.3672	0x64f1c9b3	255	177	74
15	3	4	98	3161	2514	69.875	0x64f1c9b3	255	177	74
15	3	4	99	3161	2515	70.3828	0x64f1c9b3	255	177	74
15	3	4	100	3161	2516	70.8906	0x64b1b9b3	255	177	74
15	3	4	101	3161	2517	71.4062	0x64b1b9b3	255	177	74
15	3	4	102	3161	2518	71.9141	0x64f1c9b3	255	177	74
15	3	4	103	3161	2519	72.4219	0x64f1c9b3	255	177	74
15	3	4	104	3161	2520	72.9297	0x64f1c9b3	255	177	74
15	3	4	105	3161	2521	73.4375	0x667279b4	255	178	77
15	3	4	106	3161	2522	73.8828	0x69b4a1c1	255	181	86
15	3	4	107	3161	2523	74.2109	0x6e37d9c1	255	185	101
15	3	4	108	3161	2524	74.4141	0x6b7b7218	255	194	113
15	3	4	109	3161	2525	74.5	0x6b3e822c	255	197	123
15	3	4	110	3161	2526	74.5078	0x687fc24f	255	201	126
15	3	4	111	3161	2527	74.5156	0x69bf6241	255	198	127
15	3	4	112	3161	2528	74.5469	0x6dbf620f	255	192	125
15	3	4	113	3162	2512	68.3828	0x64f1c9b3	255	177	74
15	3	4	114	3162	2513	68.8906	0x64f1c9b3	255	177	74
15	3	4	115	3162	2514	69.3984	0x64f1c9b3	255	177	74
15	3	4	116	3162	2515	69.9062	0x64f1c9b3	255	177	74
15	3	4	117	3162	2516	70.4141	0x64f1c9b3	255	177	74
15	3	4	118	3162	2517	70.9219	0x64b1d1b6	255	178	74
15	3	4	119	3162	2518	71.4297	0x64b1d1b6	255	178	74
15	3	4	120	3162	2519	71.9375	0x64b1d1b6	255	178	74
15	3	4	121	3162	2520	72.4453	0x64b1d1b6	255	178	74
15	3	4	122	3162	2521	72.9531	0x667291b6	255	178	77
15	3	4	123	3162	2522	73.3906	0x6b3469a1	255	177	84
15	3	4	124	3162	2523	73.7422	0x713989ae	255	180	110
15	3	4	125	3162	2524	73.8047	0x72be21c4	255	183	120
15	3	4	126	3162	2525	73.8594	0x6f8041f3	255	189	128
15	3	4	127	3162	2526	73.7891	0x6bc12225	255	197	130
15	3	4	128	3162	2527	73.7891	0x68bec24c	255	200	124
15	3	4	129	3162	2528	73.8672	0x677da257	255	200	122
15	3	4	130	3163	2512	67.8984	0x64b1d1b6	255	178	74
15	3	4	131	3163	2513	68.4062	0x64b1d1b6	255	178	74
15	3	4	132	3163	2514	68.9141	0x64b1d1b6	255	178	74
15	3	4	133	3163	2515	69.4219	0x64b1d1b6	255	178	74
15	3	4	134	3163	2516	69.9297	0x64b1d1b6	255	178	74
15	3	4	135	3163	2517	70.4375	0x64b1d1b6	255	178	74
15	3	4	136	3163	2518	70.9453	0x64b1d1b6	255	178	74
15	3	4	137	3163	2519	71.4531	0x64b1d1b6	255	178	74
15	3	4	138	3163	2520	71.9609	0x64b1d1b6	255	178	74
15	3	4	139	3163	2521	72.4688	0x64b1d1b6	255	177	75
15	3	4	140	3163	2522	72.9766	0x6af4199e	255	176	84
15	3	4	141	3163	2523	73.2812	0x7238f992	255	174	103
15	3	4	142	3163	2524	73.4297	0x78fe6149	255	168	124
15	3	4	143	3163	2525	73.3828	0x77431964	255	170	134
15	3	4	144	3163	2526	73.2344	0x730451a6	255	178	143
15	3	4	145	3163	2527	73.1094	0x714221d5	255	187	132
15	3	4	146	3163	2528	73.1016	0x6cfd6211	255	191	122
15	3	4	147	3164	2512	67.4141	0x64f1c9b3	255	177	74
15	3	4	148	3164	2513	67.9219	0x64f1c9b3	255	177	74
15	3	4	149	3164	2514	68.4297	0x64f1c9b3	255	177	74
15	3	4	150	3164	2515	68.9375	0x64f1c9b3	255	177	74
15	3	4	151	3164	2516	69.4453	0x64f1c9b3	255	177	74
15	3	4	152	3164	2517	69.9531	0x64f1c9b3	255	177	74
15	3	4	153	3164	2518	70.4609	0x64f1c9b3	255	177	74
15	3	4	154	3164	2519	70.9688	0x64f1c9b3	255	177	74
15	3	4	155	3164	2520	71.4766	0x64f1c9b3	255	177	74
15	3	4	156	3164	2521	71.9844	0x64f1c9b3	255	177	74
15	3	4	157	3164	2522	72.4922	0x67b319b4	255	176	79
15	3	4	158	3164	2523	72.8828	0x71766968	255	170	92
15	3	4	159	3164	2524	73.125	0x79bc4927	255	164	122
15	3	4	160	3164	2526	72.8828	0x7905a911	255	163	147
15	3	4	161	3164	2527	72.7578	0x7803994c	255	168	141
15	3	4	162	3164	2528	72.6562	0x74c26197	255	180	133
15	3	4	163	3165	2512	66.9375	0x64b1b9b3	255	177	74
15	3	4	164	3165	2513	67.4453	0x64f1c9b3	255	177	74
15	3	4	165	3165	2514	67.9531	0x64f1c9b3	255	177	74
15	3	4	166	3165	2515	68.4609	0x64f1c9b3	255	177	74
15	3	4	167	3165	2516	68.9688	0x64f1c9b3	255	177	74
15	3	4	168	3165	2517	69.4766	0x64f1c9b3	255	177	74
15	3	4	169	3165	2518	69.9844	0x64f1c9b3	255	177	74
15	3	4	170	3165	2519	70.4922	0x64f1c9b3	255	177	74
15	3	4	171	3165	2520	71	0x64f1c9b3	255	177	74
15	3	4	172	3165	2521	71.5078	0x64f1c9b3	255	177	74
15	3	4	173	3165	2522	72.0156	0x64f1c9b3	255	177	74
15	3	4	174	3165	2523	72.5234	0x6c341989	255	173	86
15	3	4	175	3165	2524	72.8281	0x773bc95d	255	170	121
15	3	4	176	3165	2527	72.4219	0x7906f0f4	255	160	151
15	3	4	177	3165	2528	72.2344	0x7445a980	255	174	148
15	3	4	178	3166	2512	66.4531	0x64b1d1b6	255	177	74
15	3	4	179	3166	2513	66.9609	0x64b1d1b6	255	178	74
15	3	4	180	3166	2514	67.4688	0x64b1d1b6	255	178	74
15	3	4	181	3166	2515	67.9766	0x64b1d1b6	255	178	74
15	3	4	182	3166	2516	68.4844	0x64b1d1b6	255	178	74
15	3	4	183	3166	2517	68.9922	0x64b1d1b6	255	178	74
15	3	4	184	3166	2518	69.5	0x64b1d1b6	255	178	74
15	3	4	185	3166	2519	70.0078	0x64b1d1b6	255	178	74
15	3	4	186	3166	2520	70.5156	0x64b1d1b6	255	178	74
15	3	4	187	3166	2521	71.0234	0x64b1d1b6	255	178	74
15	3	4	188	3166	2522	71.5312	0x64b1d1b6	255	178	74
15	3	4	189	3166	2523	72.0391	0x683379b7	255	179	81
15	3	4	190	3166	2524	72.3984	0x72391195	255	176	112
15	3	4	191	3165	2525	72.7891	0x79826135	255	165	133
15	3	4	192	3166	2525	72.4844	0x777fc16e	255	172	127
15	3	4	193	3166	2527	72.2656	0x7648c10a	255	156	157
15	3	4	194	3166	2528	71.8438	0x72c9b948	255	167	160
15	3	4	195	3167	2512	65.9688	0x64b1d1b6	255	178	74
15	3	4	196	3167	2513	66.4766	0x64b1d1b6	255	178	74
15	3	4	197	3167	2514	66.9844	0x64b1d1b6	255	178	74
15	3	4	198	3167	2515	67.4922	0x64b1d1b6	255	178	74
15	3	4	199	3167	2516	68	0x64b1d1b6	255	178	74
15	3	4	200	3167	2517	68.5078	0x64b1d1b6	255	177	74
15	3	4	201	3167	2518	69.0156	0x64f1c9b3	255	177	74
15	3	4	202	3167	2519	69.5234	0x64f1c9b3	255	177	74
15	3	4	203	3167	2520	70.0312	0x64f1c9b3	255	177	74
15	3	4	204	3167	2521	70.5391	0x64f1c9b3	255	177	74
15	3	4	205	3167	2522	71.0469	0x64f1c9b3	255	177	74
15	3	4	206	3167	2523	71.5547	0x6732e9b4	255	179	81
15	3	4	207	3167	2524	71.9609	0x6eb8c1ca	255	183	109
15	3	4	208	3167	2525	72.0234	0x747fa1a6	255	181	126
15	3	4	209	3166	2526	72.4141	0x77c37950	255	167	140
15	3	4	210	3167	2526	71.9844	0x73c241a9	255	180	134
15	3	4	211	3167	2527	71.8828	0x6e46b1d5	255	180	152
15	3	4	212	3167	2528	71.5547	0x6a4a81ca	255	178	166
15	3	4	213	3168	2512	65.4844	0x64f1c9b3	255	177	74
15	3	4	214	3168	2513	65.9922	0x64f1c9b3	255	177	74
15	3	4	215	3168	2514	66.5	0x64f1c9b3	255	177	74
15	3	4	216	3168	2515	67.0078	0x64f1c9b3	255	177	74
15	3	4	217	3168	2516	67.5156	0x64f1c9b3	255	177	74
15	3	4	218	3168	2517	68.0234	0x64b1b9b3	255	177	74
15	3	4	219	3168	2518	68.5391	0x64b1b9b3	255	177	74
15	3	4	220	3168	2519	69.0469	0x64f1c9b3	255	177	74
15	3	4	221	3168	2520	69.5547	0x64f1c9b3	255	177	74
15	3	4	222	3168	2521	70.0625	0x64f1c9b3	255	177	74
15	3	4	223	3168	2522	70.5703	0x64f1c9b3	255	179	76
15	3	4	224	3168	2523	71.0781	0x657411ed	255	186	85
15	3	4	225	3168	2524	71.3906	0x67b85223	255	194	108
15	3	4	226	3168	2525	71.5781	0x6b3e422c	255	194	124
15	3	4	227	3168	2526	71.5	0x66c58245	255	196	140
15	3	4	228	3168	2527	71.2266	0x5cc9fa73	255	204	159
15	3	4	229	3168	2528	70.8281	0x66474238	255	192	141
16	0	0	0	3104	2528	67.6875	0x74b2e80c	255	126	74
16	0	0	1	3105	2528	67.75	0x75f51f40	255	110	85
16	0	0	2	3105	2529	68.2109	0x71b20776	255	119	68
16	0	0	3	3104	2529	68.2266	0x6c6fb89a	255	136	62
16	0	0	4	3104	2530	68.875	0x66f03952	255	149	63
16	0	0	5	3105	2530	68.7266	0x71311fec	255	126	68
16	0	0	6	3105	2531	69.2656	0x70b0d808	255	129	69
16	0	0	7	3104	2531	69.3828	0x6630e97e	255	158	68
16	0	0	8	3104	2532	69.9688	0x68b0c149	255	159	69
16	0	0	9	3105	2532	69.8047	0x70711867	255	136	68
16	0	0	10	3105	2533	70.3203	0x73b3008a	255	140	74
16	0	0	11	3104	2533	70.4844	0x6871a175	255	162	71
16	0	0	12	3104	2534	70.9922	0x6bb38980	255	169	82
16	0	0	13	3105	2534	70.6953	0x767538b1	255	142	84
16	0	0	14	3105	2535	71.0391	0x7534d0c7	255	146	84
16	0	0	15	3104	2535	71.3438	0x6c349996	255	173	84
16	0	0	16	3104	2536	71.7656	0x6cf4998a	255	173	85
16	0	0	17	3105	2536	71.4453	0x743498e1	255	151	82
16	0	0	18	3105	2537	71.8047	0x75362906	255	153	88
16	0	0	19	3104	2537	72.1172	0x6db5318d	255	173	86
16	0	0	20	3104	2538	72.4922	0x6b74e9ab	255	176	87
16	0	0	21	3105	2538	72.0938	0x75f610f0	255	149	88
16	0	0	22	3105	2539	72.4609	0x7374d102	255	153	86
16	0	0	23	3104	2539	72.8672	0x6b74e9ab	255	178	86
16	0	0	24	3104	2540	73.2422	0x6f77a1aa	255	179	94
16	0	0	25	3105	2540	72.8438	0x73f6492c	255	161	90
16	0	0	26	3105	2541	73.1016	0x787720c8	255	151	91
16	0	0	27	3104	2541	73.4141	0x6cf7c1d4	255	181	99
16	0	0	28	3104	2542	73.7812	0x687571e5	255	182	89
16	0	0	29	3105	2542	73.4219	0x767610de	255	148	88
16	0	0	30	3105	2543	73.7578	0x76b660e5	255	150	91
16	0	0	31	3104	2543	74.125	0x697659eb	255	184	92
16	0	0	32	3104	2544	74.4219	0x6ab769ef	255	186	102
16	0	0	33	3105	2544	74.0547	0x7738090d	255	158	96
16	0	0	34	3106	2528	68.0703	0x6bb51e52	255	80	87
16	0	0	35	3106	2529	68.5	0x6c33b686	255	84	80
16	0	0	36	3106	2530	68.9141	0x6db36eac	255	94	79
16	0	0	37	3106	2531	69.3672	0x73b3874c	255	108	78
16	0	0	38	3106	2532	69.7656	0x75739fac	255	119	74
16	0	0	39	3106	2533	70.2109	0x74b337ac	255	123	76
16	0	0	40	3106	2534	70.6406	0x7834fff0	255	125	86
16	0	0	41	3106	2535	70.9453	0x7935d7f4	255	126	87
16	0	0	42	3106	2536	71.3125	0x79b6401c	255	128	88
16	0	0	43	3106	2537	71.5859	0x78758058	255	132	86
16	0	0	44	3106	2538	72.0078	0x7774b030	255	131	84
16	0	0	45	3106	2539	72.3438	0x7a369034	255	130	90
16	0	0	46	3106	2540	72.625	0x7875d06f	255	132	88
16	0	0	47	3106	2541	73.0156	0x7875483c	255	133	85
16	0	0	48	3106	2542	73.3359	0x79b62828	255	132	88
16	0	0	49	3106	2543	73.6641	0x7b37b050	255	136	95
16	0	0	50	3106	2544	73.875	0x7c78f03c	255	132	96
16	0	0	51	3107	2528	68.6875	0x64b5ade8	255	62	91
16	0	0	52	3107	2529	69.0156	0x69f4ee3f	255	69	89
16	0	0	53	3107	2530	69.4375	0x6a36ce17	255	67	97
16	0	0	54	3107	2531	69.625	0x6f77de50	255	77	92
16	0	0	55	3107	2532	69.9688	0x69b38e5f	255	85	80
16	0	0	56	3107	2533	70.4844	0x71f4bedb	255	95	90
16	0	0	57	3107	2534	70.7266	0x77372f0c	255	105	93
16	0	0	58	3107	2535	71.0625	0x75f5f71b	255	105	88
16	0	0	59	3107	2536	71.3906	0x78b7473c	255	108	93
16	0	0	60	3107	2537	71.6328	0x78f6b766	255	114	89
16	0	0	61	3107	2538	72	0x77b51f9d	255	122	84
16	0	0	62	3107	2539	72.3594	0x79f67fd4	255	122	90
16	0	0	63	3107	2540	72.625	0x79b67fac	255	122	89
16	0	0	64	3107	2541	72.9844	0x783537c4	255	123	84
16	0	0	65	3107	2542	73.3438	0x79f697b0	255	121	90
16	0	0	66	3107	2543	73.6016	0x7a36efa4	255	120	92
16	0	0	67	3107	2544	73.9375	0x79770f6a	255	112	92
16	0	0	68	3108	2528	69.3281	0x61fd6573	255	39	119
16	0	0	69	3108	2529	69.4922	0x5bf5d586	255	51	99
16	0	0	70	3108	2530	70.0156	0x64f43609	255	60	102
16	0	0	71	3108	2531	70.3047	0x637635ce	255	58	94
16	0	0	72	3108	2532	70.6719	0x66383dcd	255	63	99
16	0	0	73	3108	2533	70.8125	0x6e38de2b	255	72	103
16	0	0	74	3108	2534	71.1328	0x6e36fe51	255	76	99
16	0	0	75	3108	2535	71.4062	0x72774e94	255	83	94
16	0	0	76	3108	2536	71.7031	0x753886b4	255	86	98
16	0	0	77	3108	2537	71.8906	0x74784ea7	255	87	99
16	0	0	78	3108	2538	72.2031	0x7577becc	255	96	95
16	0	0	79	3108	2539	72.4297	0x77f70f31	255	109	92
16	0	0	80	3108	2540	72.7891	0x727576ca	255	100	86
16	0	0	81	3108	2541	73.1328	0x737576e2	255	98	86
16	0	0	82	3108	2542	73.4922	0x74355efe	255	98	88
16	0	0	83	3108	2543	73.8438	0x73f5c6e9	255	94	87
16	0	0	84	3108	2544	74.1719	0x79786731	255	102	100
16	0	0	85	3109	2528	70.3516	0x4abf24c1	255	24	126
16	0	0	86	3109	2529	70.6484	0x55bc3511	255	36	123
16	0	0	87	3109	2530	70.5938	0x60bafd75	255	47	121
16	0	0	88	3109	2531	70.9688	0x60b585bc	255	53	101
16	0	0	89	3109	2532	71.3047	0x62b795b0	255	54	100
16	0	0	90	3109	2533	71.5234	0x617a6581	255	51	112
16	0	0	91	3109	2534	71.6641	0x6abb35e1	255	60	111
16	0	0	92	3109	2535	71.8281	0x6cf99610	255	65	104
16	0	0	93	3109	2536	72.0781	0x6e37fe3c	255	73	98
16	0	0	94	3109	2537	72.3516	0x6d778e3a	255	72	99
16	0	0	95	3109	2538	72.6328	0x70b9764d	255	74	105
16	0	0	96	3109	2539	72.7734	0x6cf67646	255	75	97
16	0	0	97	3109	2540	73.2656	0x6c344e73	255	80	84
16	0	0	98	3109	2541	73.5703	0x7236de9e	255	85	93
16	0	0	99	3109	2542	73.8672	0x7476d6cd	255	91	92
16	0	0	100	3109	2543	74.1719	0x78388701	255	98	97
16	0	0	101	3109	2544	74.3516	0x7afa272d	255	101	104
16	0	0	102	3110	2530	71.6797	0x58bf451f	255	36	127
16	0	0	103	3110	2531	71.7188	0x5fb93d7b	255	46	115
16	0	0	104	3110	2532	72.1172	0x58359569	255	46	97
16	0	0	105	3110	2533	72.4297	0x5dfbb557	255	42	122
16	0	0	106	3110	2534	72.3906	0x5f3e8555	255	44	122
16	0	0	107	3110	2535	72.5234	0x647b3d99	0	51	112
16	0	0	108	3110	2536	72.6953	0x62ba458e	255	52	110
16	0	0	109	3110	2537	72.8906	0x69f8fdef	255	62	103
16	0	0	110	3110	2538	73.1484	0x67b835df	255	61	102
16	0	0	111	3110	2539	73.3984	0x66b875cf	255	58	101
16	0	0	112	3110	2540	73.6406	0x6e38a631	255	69	99
16	0	0	113	3110	2541	73.875	0x71788668	255	79	99
16	0	0	114	3110	2542	74.125	0x7438869d	255	85	99
16	0	0	115	3110	2543	74.3594	0x7738bedd	255	94	99
16	0	0	116	3110	2544	74.5938	0x7839e6dd	255	93	106
16	0	0	117	3111	2531	72.6172	0x56f9b52d	255	35	120
16	0	0	118	3111	2532	73.0781	0x55b5ad54	255	42	97
16	0	0	119	3111	2533	73.3203	0x583a0d34	255	37	112
16	0	0	120	3111	2534	73.4609	0x54ffa502	255	32	126
16	0	0	121	3111	2535	73.3438	0x59bd2d2b	0	35	122
16	0	0	122	3111	2536	73.6406	0x5b7c6d3d	0	39	123
16	0	0	123	3111	2537	73.5703	0x5f7bd564	0	41	121
16	0	0	124	3111	2538	73.9062	0x62f7e5ad	0	54	101
16	0	0	125	3111	2539	74.1016	0x667a0db9	0	56	108
16	0	0	126	3111	2540	74.2891	0x6a7a9de4	0	60	109
16	0	0	127	3111	2541	74.4453	0x6f3afe1f	0	68	112
16	0	0	128	3111	2542	74.6094	0x73bafe6a	255	77	108
16	0	0	129	3111	2543	74.7656	0x747abe7d	255	81	109
16	0	0	130	3111	2544	74.9453	0x78bbb6cc	255	89	111
16	0	0	131	3112	2532	74	0x55f62d4e	255	39	100
16	0	0	132	3112	2541	74.9453	0x6bfe65dd	0	60	122
16	0	0	133	3112	2542	74.9922	0x707c4e26	255	66	119
16	0	0	134	3112	2543	75.1797	0x747c4e69	255	77	116
16	0	0	135	3112	2544	75.2266	0x783d86a9	255	82	119
16	0	0	136	3112	2528	75.1406	0x4cc7bcf4	255	28	148
16	0	0	137	3113	2528	76.3047	0x57494552	255	42	152
16	0	0	138	3113	2529	75.8516	0x514d6568	255	44	169
16	0	0	139	3112	2530	73.9531	0x3f0e3503	255	29	152
16	0	0	140	3113	2530	75.3359	0x488e353b	255	40	171
16	0	0	141	3113	2531	74.7891	0x5b458549	255	39	131
16	0	0	142	3112	2531	73.7578	0x56bf4510	255	33	126
16	0	0	143	3113	2532	74.9844	0x5736ad51	255	41	101
16	0	0	144	3113	2533	75.4141	0x56b5c55a	255	43	98
16	0	0	145	3112	2533	74.4219	0x5236652e	255	37	101
16	0	0	146	3112	2534	74.6484	0x557e2509	255	31	122
16	0	0	147	3113	2534	75.6797	0x5b399d50	255	41	109
16	0	0	148	3113	2535	75.8281	0x577ea516	255	36	124
16	0	0	149	3113	2541	75.7109	0x6a0165c8	0	56	131
16	0	0	150	3113	2542	75.6562	0x6e4145fd	255	63	131
16	0	0	151	3113	2543	75.6328	0x75000666	255	74	127
16	0	0	152	3113	2544	75.6562	0x773f868c	255	81	125
16	0	0	153	3114	2528	77.0156	0x6747d5dd	255	59	150
16	0	0	154	3114	2529	76.6719	0x5a0cd5a9	255	54	169
16	0	0	155	3114	2530	76.1094	0x56ce35a9	255	54	174
16	0	0	156	3114	2531	75.6328	0x60839d6c	255	45	132
16	0	0	157	3114	2532	75.8828	0x5e766d95	255	51	103
16	0	0	158	3114	2533	76.2734	0x62f6bdbe	255	57	97
16	0	0	159	3114	2534	76.5	0x6679cdbc	255	55	106
16	0	0	160	3114	2535	76.6719	0x663c4da4	255	52	116
16	0	0	161	3114	2536	76.7344	0x6442658b	0	50	131
16	0	0	162	3113	2536	75.7656	0x54471d22	0	35	141
16	0	0	163	3114	2542	76.1562	0x75839e7f	0	79	135
16	0	0	164	3114	2543	76.0547	0x75c26679	255	78	135
16	0	0	165	3114	2544	76.0078	0x784106a6	255	83	129
16	0	0	166	3115	2528	77.5859	0x71854e4c	255	74	145
16	0	0	167	3115	2529	77.3672	0x674aae11	255	70	162
16	0	0	168	3115	2530	76.8672	0x60cca5ec	255	64	171
16	0	0	169	3115	2531	76.4844	0x64c50da1	255	58	134
16	0	0	170	3115	2532	76.5469	0x6bbaddf0	255	62	113
16	0	0	171	3115	2533	76.8125	0x6cb7fe26	255	67	98
16	0	0	172	3115	2534	77.0703	0x6b788e0b	255	66	101
16	0	0	173	3115	2535	77.2969	0x6ebbee11	255	65	116
16	0	0	174	3115	2536	77.3281	0x6f400608	255	64	127
16	0	0	175	3115	2537	77.2969	0x6bc245e0	0	62	135
16	0	0	176	3115	2543	76.4609	0x74818660	0	77	133
16	0	0	177	3115	2544	76.375	0x75c1e679	0	79	133
16	0	0	178	3116	2528	77.9609	0x7684d6a3	255	82	143
16	0	0	179	3116	2529	77.7969	0x6fc90e6c	255	78	157
16	0	0	180	3116	2530	77.3672	0x6c4a364c	255	74	165
16	0	0	181	3116	2531	77.1172	0x6e44560e	255	65	136
16	0	0	182	3116	2532	77.0938	0x733cae51	255	71	120
16	0	0	183	3116	2533	77.3281	0x70b7be68	255	78	97
16	0	0	184	3116	2534	77.6328	0x71f8fe68	255	78	101
16	0	0	185	3116	2535	77.7812	0x73fc4e60	255	76	114
16	0	0	186	3116	2536	77.8672	0x72000631	255	71	126
16	0	0	187	3116	2537	77.7812	0x7241e63a	255	70	133
16	0	0	188	3116	2538	77.75	0x7005e63b	255	71	142
16	0	0	189	3115	2538	77.1875	0x66063db9	0	55	145
16	0	0	190	3115	2539	76.8984	0x7045a63b	0	70	137
16	0	0	191	3116	2539	77.4062	0x6d472620	0	68	149
16	0	0	192	3117	2528	78.3125	0x77c33ead	255	85	139
16	0	0	193	3117	2529	78.2344	0x7547a6bb	255	86	151
16	0	0	194	3117	2530	77.8203	0x70099e81	255	81	161
16	0	0	195	3117	2531	77.6016	0x74456e7d	255	80	143
16	0	0	196	3117	2532	77.4766	0x77bea699	255	82	125
16	0	0	197	3117	2533	77.6875	0x75b8bebb	255	86	99
16	0	0	198	3117	2534	77.9453	0x75784ebb	255	88	98
16	0	0	199	3117	2535	78.1875	0x7539ce9a	255	83	107
16	0	0	200	3117	2536	78.3438	0x763e667c	255	79	124
16	0	0	201	3117	2537	78.2891	0x71c2a637	255	73	132
16	0	0	202	3117	2538	78.1797	0x70450e35	255	71	144
16	0	0	203	3117	2539	77.9688	0x6f05a627	0	69	147
16	0	0	204	3118	2528	78.6641	0x7b433f04	255	102	131
16	0	0	205	3118	2529	78.4688	0x770786e5	255	93	155
16	0	0	206	3118	2530	78.1797	0x73c836a7	255	87	158
16	0	0	207	3118	2531	77.9375	0x76854ea7	255	84	145
16	0	0	208	3118	2532	77.8438	0x787f06a6	255	85	125
16	0	0	209	3118	2533	78	0x76b8decc	255	89	101
16	0	0	210	3118	2534	78.3047	0x76b7d6ec	255	92	97
16	0	0	211	3118	2535	78.5312	0x777a06c5	255	88	105
16	0	0	212	3118	2536	78.6875	0x77fc0eb4	255	84	115
16	0	0	213	3118	2537	78.7812	0x74fee663	255	76	125
16	0	0	214	3118	2538	78.7578	0x72c52e5e	255	77	137
16	0	0	215	3118	2539	78.4531	0x6d86761a	0	67	147
16	0	0	216	3119	2528	78.8203	0x7dffe74f	255	105	127
16	0	0	217	3119	2529	78.8125	0x7a4476fa	255	101	135
16	0	0	218	3119	2530	78.5391	0x7407a69d	255	84	155
16	0	0	219	3119	2531	78.3203	0x76456ea7	255	85	147
16	0	0	220	3119	2532	78.1953	0x790006ba	255	86	127
16	0	0	221	3119	2533	78.3203	0x79fb16f2	255	94	110
16	0	0	222	3119	2534	78.5078	0x78780f1b	255	99	97
16	0	0	223	3119	2535	78.8359	0x7837ef10	255	97	98
16	0	0	224	3119	2536	79.0312	0x78babeda	255	91	107
16	0	0	225	3119	2537	79.1719	0x78bf46ad	255	85	122
16	0	0	226	3119	2538	79.0781	0x7681e685	255	81	133
16	0	0	227	3119	2539	79.0547	0x6cc1c5e9	0	69	133
16	0	0	228	3120	2528	79.0156	0x7e000753	255	107	126
16	0	0	229	3120	2529	79	0x7dc18753	255	106	132
16	0	0	230	3120	2530	78.9219	0x79056eeb	255	100	144
16	0	0	231	3120	2531	78.6562	0x78465ee8	255	93	150
16	0	0	232	3120	2532	78.5156	0x7a41c6dd	255	92	129
16	0	0	233	3120	2533	78.5469	0x7a7c0ef2	255	94	117
16	0	0	234	3120	2534	78.7656	0x78b8bf0c	255	97	99
16	0	0	235	3120	2535	79.0156	0x7837ef10	255	99	96
16	0	0	236	3120	2536	79.2891	0x77b8beec	255	94	102
16	0	0	237	3120	2537	79.4844	0x797bceda	255	91	113
16	0	0	238	3120	2538	79.5547	0x73fcee5a	255	78	120
16	0	0	239	3120	2539	79.6797	0x71bfc62b	255	70	127
16	0	0	240	3120	2540	79.5703	0x6b4695fe	0	65	139
16	1	1	0	3104	2528	67.6875	0x74b2e80c	255	126	74
16	1	1	1	3105	2528	67.75	0x75f51f40	255	110	85
16	1	1	2	3105	2529	68.2109	0x71b20776	255	119	68
16	1	1	3	3104	2529	68.2266	0x6c6fb89a	255	136	62
16	1	1	4	3104	2530	68.875	0x66f03952	255	149	63
16	1	1	5	3105	2530	68.7266	0x71311fec	255	126	68
16	1	1	6	3105	2531	69.2656	0x70b0d808	255	129	69
16	1	1	7	3104	2531	69.3828	0x6630e97e	255	158	68
16	1	1	8	3104	2532	69.9688	0x68b0c149	255	159	69
16	1	1	9	3105	2532	69.8047	0x70711867	255	136	68
16	1	1	10	3105	2533	70.3203	0x73b3008a	255	140	74
16	1	1	11	3104	2533	70.4844	0x6871a175	255	162	71
16	1	1	12	3104	2534	70.9922	0x6bb38980	255	169	82
16	1	1	13	3105	2534	70.6953	0x767538b1	255	142	84
16	1	1	14	3105	2535	71.0391	0x7534d0c7	255	146	84
16	1	1	15	3104	2535	71.3438	0x6c349996	255	173	84
16	1	1	16	3104	2536	71.7656	0x6cf4998a	255	173	85
16	1	1	17	3105	2536	71.4453	0x743498e1	255	151	82
16	1	1	18	3105	2537	71.8047	0x75362906	255	153	88
16	1	1	19	3104	2537	72.1172	0x6db5318d	255	173	86
16	1	1	20	3104	2538	72.4922	0x6b74e9ab	255	176	87
16	1	1	21	3105	2538	72.0938	0x75f610f0	255	149	88
16	1	1	22	3105	2539	72.4609	0x7374d102	255	153	86
16	1	1	23	3104	2539	72.8672	0x6b74e9ab	255	178	86
16	1	1	24	3104	2540	73.2422	0x6f77a1aa	255	179	94
16	1	1	25	3105	2540	72.8438	0x73f6492c	255	161	90
16	1	1	26	3105	2541	73.1016	0x787720c8	255	151	91
16	1	1	27	3104	2541	73.4141	0x6cf7c1d4	255	181	99
16	1	1	28	3104	2542	73.7812	0x687571e5	255	182	89
16	1	1	29	3105	2542	73.4219	0x767610de	255	148	88
16	1	1	30	3105	2543	73.7578	0x76b660e5	255	150	91
16	1	1	31	3104	2543	74.125	0x697659eb	255	184	92
16	1	1	32	3104	2544	74.4219	0x6ab769ef	255	186	102
16	1	1	33	3105	2544	74.0547	0x7738090d	255	158	96
16	1	1	34	3106	2528	68.0703	0x6bb51e52	255	80	87
16	1	1	35	3106	2529	68.5	0x6c33b686	255	84	80
16	1	1	36	3106	2530	68.9141	0x6db36eac	255	94	79
16	1	1	37	3106	2531	69.3672	0x73b3874c	255	108	78
16	1	1	38	3106	2532	69.7656	0x75739fac	255	119	74
16	1	1	39	3106	2533	70.2109	0x74b337ac	255	123	76
16	1	1	40	3106	2534	70.6406	0x7834fff0	255	125	86
16	1	1	41	3106	2536	71.3125	0x79b6401c	255	128	88
16	1	1	42	3106	2540	72.625	0x7875d06f	255	132	88
16	1	1	43	3107	2528	68.6875	0x64b5ade8	255	62	91
16	1	1	44	3107	2529	69.0156	0x69f4ee3f	255	69	89
16	1	1	45	3107	2530	69.4375	0x6a36ce17	255	67	97
16	1	1	46	3107	2531	69.625	0x6f77de50	255	77	92
16	1	1	47	3107	2532	69.9688	0x69b38e5f	255	85	80
16	1	1	48	3107	2533	70.4844	0x71f4bedb	255	95	90
16	1	1	49	3107	2534	70.7266	0x77372f0c	255	105	93
16	1	1	50	3108	2528	69.3281	0x61fd6573	255	39	119
16	1	1	51	3108	2529	69.4922	0x5bf5d586	255	51	99
16	1	1	52	3108	2530	70.0156	0x64f43609	255	60	102
16	1	1	53	3108	2531	70.3047	0x637635ce	255	58	94
16	1	1	54	3108	2532	70.6719	0x66383dcd	255	63	99
16	1	1	55	3108	2533	70.8125	0x6e38de2b	255	72	103
16	1	1	56	3108	2534	71.1328	0x6e36fe51	255	76	99
16	1	1	57	3107	2535	71.0625	0x75f5f71b	255	105	88
16	1	1	58	3108	2535	71.4062	0x72774e94	255	83	94
16	1	1	59	3108	2536	71.7031	0x753886b4	255	86	98
16	1	1	60	3107	2536	71.3906	0x78b7473c	255	108	93
16	1	1	61	3107	2537	71.6328	0x78f6b766	255	114	89
16	1	1	62	3108	2537	71.8906	0x74784ea7	255	87	99
16	1	1	63	3108	2538	72.2031	0x7577becc	255	96	95
16	1	1	64	3108	2540	72.7891	0x727576ca	255	100	86
16	1	1	65	3107	2541	72.9844	0x783537c4	255	123	84
16	1	1	66	3108	2541	73.1328	0x737576e2	255	98	86
16	1	1	67	3108	2542	73.4922	0x74355efe	255	98	88
16	1	1	68	3107	2543	73.6016	0x7a36efa4	255	120	92
16	1	1	69	3108	2543	73.8438	0x73f5c6e9	255	94	87
16	1	1	70	3108	2544	74.1719	0x79786731	255	102	100
16	1	1	71	3109	2531	70.9688	0x60b585bc	255	53	101
16	1	1	72	3109	2532	71.3047	0x62b795b0	255	54	100
16	1	1	73	3109	2533	71.5234	0x617a6581	255	51	112
16	1	1	74	3109	2534	71.6641	0x6abb35e1	255	60	111
16	1	1	75	3109	2535	71.8281	0x6cf99610	255	65	104
16	1	1	76	3109	2536	72.0781	0x6e37fe3c	255	73	98
16	1	1	77	3109	2537	72.3516	0x6d778e3a	255	72	99
16	1	1	78	3109	2538	72.6328	0x70b9764d	255	74	105
16	1	1	79	3109	2539	72.7734	0x6cf67646	255	75	97
16	1	1	80	3108	2539	72.4297	0x77f70f31	255	109	92
16	1	1	81	3109	2540	73.2656	0x6c344e73	255	80	84
16	1	1	82	3109	2541	73.5703	0x7236de9e	255	85	93
16	1	1	83	3109	2542	73.8672	0x7476d6cd	255	91	92
16	1	1	84	3109	2543	74.1719	0x78388701	255	98	97
16	1	1	85	3110	2536	72.6953	0x62ba458e	255	52	110
16	1	1	86	3110	2537	72.8906	0x69f8fdef	255	62	103
16	1	1	87	3110	2538	73.1484	0x67b835df	255	61	102
16	1	1	88	3110	2539	73.3984	0x66b875cf	255	58	101
16	1	1	89	3110	2540	73.6406	0x6e38a631	255	69	99
16	1	1	90	3110	2541	73.875	0x71788668	255	79	99
16	1	1	91	3110	2542	74.125	0x7438869d	255	85	99
16	1	1	92	3110	2543	74.3594	0x7738bedd	255	94	99
16	1	1	93	3111	2539	74.1016	0x667a0db9	255	56	108
16	1	1	94	3111	2540	74.2891	0x6a7a9de4	255	60	109
16	1	1	95	3111	2541	74.4453	0x6f3afe1f	255	68	112
16	1	1	96	3111	2542	74.6094	0x73bafe6a	255	77	108
16	1	1	97	3111	2543	74.7656	0x747abe7d	255	81	109
16	1	1	98	3114	2532	75.8828	0x5e766d95	255	51	103
16	1	1	99	3113	2533	75.4141	0x56b5c55a	255	43	98
16	1	1	100	3114	2533	76.2734	0x62f6bdbe	255	57	97
16	1	1	101	3114	2534	76.5	0x6679cdbc	255	55	106
16	1	1	102	3115	2532	76.5469	0x6bbaddf0	255	62	113
16	1	1	103	3115	2533	76.8125	0x6cb7fe26	255	67	98
16	1	1	104	3115	2534	77.0703	0x6b788e0b	255	66	101
16	1	1	105	3115	2535	77.2969	0x6ebbee11	255	65	116
16	1	1	106	3116	2532	77.0938	0x733cae51	255	71	120
16	1	1	107	3116	2533	77.3281	0x70b7be68	255	78	97
16	1	1	108	3116	2534	77.6328	0x71f8fe68	255	78	101
16	1	1	109	3116	2535	77.7812	0x73fc4e60	255	76	114
16	1	1	110	3117	2532	77.4766	0x77bea699	255	82	125
16	1	1	111	3117	2533	77.6875	0x75b8bebb	255	86	99
16	1	1	112	3117	2534	77.9453	0x75784ebb	255	88	98
16	1	1	113	3117	2535	78.1875	0x7539ce9a	255	83	107
16	1	1	114	3118	2532	77.8438	0x787f06a6	255	85	125
16	1	1	115	3118	2533	78	0x76b8decc	255	89	101
16	1	1	116	3118	2534	78.3047	0x76b7d6ec	255	92	97
16	2	2	0	3112	2528	75.1406	0x4cc7bcf4	255	28	148
16	2	2	1	3113	2528	76.3047	0x57494552	255	42	152
16	2	2	2	3113	2529	75.8516	0x514d6568	255	44	169
16	2	2	3	3112	2529	74.8359	0x3a0f14fb	255	27	163
16	2	2	4	3112	2530	73.9531	0x3f0e3503	255	29	152
16	2	2	5	3113	2530	75.3359	0x488e353b	255	40	171
16	2	2	6	3113	2531	74.7891	0x5b458549	255	39	131
16	2	2	7	3114	2528	77.0156	0x6747d5dd	255	59	150
16	2	2	8	3114	2529	76.6719	0x5a0cd5a9	255	54	169
16	2	2	9	3114	2530	76.1094	0x56ce35a9	255	54	174
16	2	2	10	3114	2531	75.6328	0x60839d6c	255	45	132
16	2	2	11	3115	2528	77.5859	0x71854e4c	255	74	145
16	2	2	12	3115	2529	77.3672	0x674aae11	255	70	162
16	2	2	13	3115	2530	76.8672	0x60cca5ec	255	64	171
16	2	2	14	3115	2531	76.4844	0x64c50da1	255	58	134
16	2	2	15	3116	2528	77.9609	0x7684d6a3	255	82	143
16	2	2	16	3116	2529	77.7969	0x6fc90e6c	255	78	157
16	2	2	17	3116	2530	77.3672	0x6c4a364c	255	74	165
16	2	2	18	3116	2531	77.1172	0x6e44560e	255	65	136
16	2	2	19	3117	2529	78.2344	0x7547a6bb	255	86	151
16	2	2	20	3117	2530	77.8203	0x70099e81	255	81	161
16	2	2	21	3117	2531	77.6016	0x74456e7d	255	80	143
16	2	2	22	3118	2529	78.4688	0x770786e5	255	93	155
16	2	2	23	3118	2530	78.1797	0x73c836a7	255	87	158
16	2	2	24	3118	2531	77.9375	0x76854ea7	255	84	145
16	2	2	25	3119	2529	78.8125	0x7a4476fa	255	101	135
16	2	2	26	3119	2530	78.5391	0x7407a69d	255	84	155
16	2	2	27	3119	2531	78.3203	0x76456ea7	255	85	147
16	2	2	28	3120	2530	78.9219	0x79056eeb	255	100	144
16	3	3	0	3105	2528	67.75	0x75f51f40	255	110	85
16	3	3	1	3106	2528	68.0703	0x6bb51e52	255	80	87
16	3	3	2	3105	2529	68.2109	0x71b20776	255	119	68
16	3	3	3	3106	2529	68.5	0x6c33b686	255	84	80
16	3	3	4	3106	2530	68.9141	0x6db36eac	255	94	79
16	3	3	5	3105	2530	68.7266	0x71311fec	255	126	68
16	3	3	6	3105	2531	69.2656	0x70b0d808	255	129	69
16	3	3	7	3106	2531	69.3672	0x73b3874c	255	108	78
16	3	3	8	3107	2528	68.6875	0x64b5ade8	255	62	91
16	3	3	9	3107	2529	69.0156	0x69f4ee3f	255	69	89
16	3	3	10	3107	2530	69.4375	0x6a36ce17	255	67	97
16	3	3	11	3107	2531	69.625	0x6f77de50	255	77	92
16	3	3	12	3106	2532	69.7656	0x75739fac	255	119	74
16	3	3	13	3107	2532	69.9688	0x69b38e5f	255	85	80
16	3	3	14	3107	2533	70.4844	0x71f4bedb	255	95	90
16	3	3	15	3106	2533	70.2109	0x74b337ac	255	123	76
16	3	3	16	3106	2534	70.6406	0x7834fff0	255	125	86
16	3	3	17	3107	2534	70.7266	0x77372f0c	255	105	93
16	3	3	18	3108	2528	69.3281	0x61fd6573	255	39	119
16	3	3	19	3108	2529	69.4922	0x5bf5d586	255	51	99
16	3	3	20	3108	2530	70.0156	0x64f43609	255	60	102
16	3	3	21	3108	2531	70.3047	0x637635ce	255	58	94
16	3	3	22	3108	2532	70.6719	0x66383dcd	255	63	99
16	3	3	23	3108	2533	70.8125	0x6e38de2b	255	72	103
16	3	3	24	3108	2534	71.1328	0x6e36fe51	255	76	99
16	3	3	25	3107	2535	71.0625	0x75f5f71b	255	105	88
16	3	3	26	3108	2535	71.4062	0x72774e94	255	83	94
16	3	3	27	3108	2536	71.7031	0x753886b4	255	86	98
16	3	3	28	3107	2536	71.3906	0x78b7473c	255	108	93
16	3	3	29	3107	2537	71.6328	0x78f6b766	255	114	89
16	3	3	30	3108	2537	71.8906	0x74784ea7	255	87	99
16	3	3	31	3108	2538	72.2031	0x7577becc	255	96	95
16	3	3	32	3108	2540	72.7891	0x727576ca	255	100	86
16	3	3	33	3107	2541	72.9844	0x783537c4	255	123	84
16	3	3	34	3108	2541	73.1328	0x737576e2	255	98	86
16	3	3	35	3108	2542	73.4922	0x74355efe	255	98	88
16	3	3	36	3107	2543	73.6016	0x7a36efa4	255	120	92
16	3	3	37	3108	2543	73.8438	0x73f5c6e9	255	94	87
16	3	3	38	3108	2544	74.1719	0x79786731	255	102	100
16	3	3	39	3109	2528	70.3516	0x4abf24c1	255	24	126
16	3	3	40	3109	2529	70.6484	0x55bc3511	255	36	123
16	3	3	41	3109	2530	70.5938	0x60bafd75	255	47	121
16	3	3	42	3109	2531	70.9688	0x60b585bc	255	53	101
16	3	3	43	3109	2532	71.3047	0x62b795b0	255	54	100
16	3	3	44	3109	2533	71.5234	0x617a6581	255	51	112
16	3	3	45	3109	2534	71.6641	0x6abb35e1	255	60	111
16	3	3	46	3109	2535	71.8281	0x6cf99610	255	65	104
16	3	3	47	3109	2536	72.0781	0x6e37fe3c	255	73	98
16	3	3	48	3109	2537	72.3516	0x6d778e3a	255	72	99
16	3	3	49	3109	2538	72.6328	0x70b9764d	255	74	105
16	3	3	50	3109	2539	72.7734	0x6cf67646	255	75	97
16	3	3	51	3108	2539	72.4297	0x77f70f31	255	109	92
16	3	3	52	3109	2540	73.2656	0x6c344e73	255	80	84
16	3	3	53	3109	2541	73.5703	0x7236de9e	255	85	93
16	3	3	54	3109	2542	73.8672	0x7476d6cd	255	91	92
16	3	3	55	3109	2543	74.1719	0x78388701	255	98	97
16	3	3	56	3110	2528	72.1172	0x380b5cb3	255	20	144
16	3	3	57	3110	2529	71.6719	0x5006c500	255	30	134
16	3	3	58	3110	2530	71.6797	0x58bf451f	255	36	127
16	3	3	59	3110	2531	71.7188	0x5fb93d7b	255	46	115
16	3	3	60	3110	2532	72.1172	0x58359569	255	46	97
16	3	3	61	3110	2533	72.4297	0x5dfbb557	255	42	122
16	3	3	62	3110	2534	72.3906	0x5f3e8555	255	44	122
16	3	3	63	3110	2535	72.5234	0x647b3d99	255	51	112
16	3	3	64	3110	2536	72.6953	0x62ba458e	255	52	110
16	3	3	65	3110	2537	72.8906	0x69f8fdef	255	62	103
16	3	3	66	3110	2538	73.1484	0x67b835df	255	61	102
16	3	3	67	3110	2539	73.3984	0x66b875cf	255	58	101
16	3	3	68	3110	2540	73.6406	0x6e38a631	255	69	99
16	3	3	69	3110	2541	73.875	0x71788668	255	79	99
16	3	3	70	3110	2542	74.125	0x7438869d	255	85	99
16	3	3	71	3110	2543	74.3594	0x7738bedd	255	94	99
16	3	3	72	3111	2528	73.8438	0x3b8d1cde	255	22	148
16	3	3	73	3111	2529	72.9922	0x364ee4e5	255	25	150
16	3	3	74	3111	2530	72.6719	0x5245dd07	255	32	138
16	3	3	75	3111	2531	72.6172	0x56f9b52d	255	35	120
16	3	3	76	3111	2532	73.0781	0x55b5ad54	255	42	97
16	3	3	77	3111	2533	73.3203	0x583a0d34	255	37	112
16	3	3	78	3111	2534	73.4609	0x54ffa502	255	32	126
16	3	3	79	3111	2535	73.3438	0x59bd2d2b	255	35	122
16	3	3	80	3111	2536	73.6406	0x5b7c6d3d	255	39	123
16	3	3	81	3111	2537	73.5703	0x5f7bd564	255	41	121
16	3	3	82	3111	2538	73.9062	0x62f7e5ad	255	54	101
16	3	3	83	3111	2539	74.1016	0x667a0db9	255	56	108
16	3	3	84	3111	2540	74.2891	0x6a7a9de4	255	60	109
16	3	3	85	3111	2541	74.4453	0x6f3afe1f	255	68	112
16	3	3	86	3111	2542	74.6094	0x73bafe6a	255	77	108
16	3	3	87	3111	2543	74.7656	0x747abe7d	255	81	109
16	3	3	88	3110	2544	74.5938	0x7839e6dd	255	93	106
16	3	3	89	3111	2544	74.9453	0x78bbb6cc	255	89	111
16	3	3	90	3112	2528	75.1406	0x4cc7bcf4	255	28	148
16	3	3	91	3112	2529	74.8359	0x3a0f14fb	255	27	163
16	3	3	92	3112	2530	73.9531	0x3f0e3503	255	29	152
16	3	3	93	3112	2531	73.7578	0x56bf4510	255	33	126
16	3	3	94	3112	2532	74	0x55f62d4e	255	39	100
16	3	3	95	3112	2533	74.4219	0x5236652e	255	37	101
16	3	3	96	3112	2534	74.6484	0x557e2509	255	31	122
16	3	3	97	3112	2535	74.5391	0x500084e3	255	28	128
16	3	3	98	3112	2536	74.6172	0x57bea517	255	36	127
16	3	3	99	3112	2537	74.625	0x5f004554	255	42	128
16	3	3	100	3112	2538	74.6016	0x617d4d6d	255	44	117
16	3	3	101	3112	2539	74.7969	0x61fb757e	255	47	114
16	3	3	102	3112	2540	74.8906	0x673da5a7	255	52	121
16	3	3	103	3112	2541	74.9453	0x6bfe65dd	255	60	122
16	3	3	104	3112	2542	74.9922	0x707c4e26	255	66	119
16	3	3	105	3112	2543	75.1797	0x747c4e69	255	77	116
16	3	3	106	3112	2544	75.2266	0x783d86a9	255	82	119
16	3	3	107	3113	2528	76.3047	0x57494552	255	42	152
16	3	3	108	3113	2529	75.8516	0x514d6568	255	44	169
16	3	3	109	3113	2530	75.3359	0x488e353b	255	40	171
16	3	3	110	3113	2531	74.7891	0x5b458549	255	39	131
16	3	3	111	3113	2532	74.9844	0x5736ad51	255	41	101
16	3	3	112	3113	2533	75.4141	0x56b5c55a	255	43	98
16	3	3	113	3113	2534	75.6797	0x5b399d50	255	41	109
16	3	3	114	3113	2535	75.8281	0x577ea516	255	36	124
16	3	3	115	3113	2536	75.7656	0x54471d22	255	35	141
16	3	3	116	3113	2537	75.3672	0x5c42bd41	255	43	131
16	3	3	117	3113	2538	75.5938	0x5e3a6563	255	44	111
16	3	3	118	3113	2539	75.7266	0x633da57d	255	49	122
16	3	3	119	3113	2540	75.7422	0x6680459c	255	51	128
16	3	3	120	3113	2541	75.7109	0x6a0165c8	255	56	131
16	3	3	121	3113	2542	75.6562	0x6e4145fd	255	63	131
16	3	3	122	3113	2543	75.6328	0x75000666	255	74	127
16	3	3	123	3113	2544	75.6562	0x773f868c	255	81	125
16	3	3	124	3114	2528	77.0156	0x6747d5dd	255	59	150
16	3	3	125	3114	2529	76.6719	0x5a0cd5a9	255	54	169
16	3	3	126	3114	2530	76.1094	0x56ce35a9	255	54	174
16	3	3	127	3114	2531	75.6328	0x60839d6c	255	45	132
16	3	3	128	3114	2532	75.8828	0x5e766d95	255	51	103
16	3	3	129	3114	2533	76.2734	0x62f6bdbe	255	57	97
16	3	3	130	3114	2534	76.5	0x6679cdbc	255	55	106
16	3	3	131	3114	2535	76.6719	0x663c4da4	255	52	116
16	3	3	132	3114	2536	76.7344	0x6442658b	255	50	131
16	3	3	133	3114	2537	76.5234	0x5985fd40	255	40	144
16	3	3	134	3114	2538	76.3516	0x63c1c583	255	51	128
16	3	3	135	3114	2539	76.4141	0x6e7f85fb	255	63	126
16	3	3	136	3114	2540	76.3828	0x70022618	255	66	133
16	3	3	137	3114	2541	76.2812	0x72c39e4e	255	74	140
16	3	3	138	3114	2542	76.1562	0x75839e7f	255	79	135
16	3	3	139	3114	2543	76.0547	0x75c26679	255	78	135
16	3	3	140	3114	2544	76.0078	0x784106a6	255	83	129
16	3	3	141	3115	2528	77.5859	0x71854e4c	255	74	145
16	3	3	142	3115	2529	77.3672	0x674aae11	255	70	162
16	3	3	143	3115	2530	76.8672	0x60cca5ec	255	64	171
16	3	3	144	3115	2531	76.4844	0x64c50da1	255	58	134
16	3	3	145	3115	2532	76.5469	0x6bbaddf0	255	62	113
16	3	3	146	3115	2533	76.8125	0x6cb7fe26	255	67	98
16	3	3	147	3115	2534	77.0703	0x6b788e0b	255	66	101
16	3	3	148	3115	2535	77.2969	0x6ebbee11	255	65	116
16	3	3	149	3115	2536	77.3281	0x6f400608	255	64	127
16	3	3	150	3115	2537	77.2969	0x6bc245e0	255	62	135
16	3	3	151	3115	2538	77.1875	0x66063db9	255	55	145
16	3	3	152	3115	2539	76.8984	0x7045a63b	255	70	137
16	3	3	153	3115	2540	76.8281	0x7343fe5a	255	75	140
16	3	3	154	3115	2541	76.6484	0x7305a66a	255	77	144
16	3	3	155	3115	2542	76.4688	0x7502fe73	255	79	133
16	3	3	156	3115	2543	76.4609	0x74818660	255	77	133
16	3	3	157	3115	2544	76.375	0x75c1e679	255	79	133
16	3	3	158	3116	2528	77.9609	0x7684d6a3	255	82	143
16	3	3	159	3116	2529	77.7969	0x6fc90e6c	255	78	157
16	3	3	160	3116	2530	77.3672	0x6c4a364c	255	74	165
16	3	3	161	3116	2531	77.1172	0x6e44560e	255	65	136
16	3	3	162	3116	2532	77.0938	0x733cae51	255	71	120
16	3	3	163	3116	2533	77.3281	0x70b7be68	255	78	97
16	3	3	164	3116	2534	77.6328	0x71f8fe68	255	78	101
16	3	3	165	3116	2535	77.7812	0x73fc4e60	255	76	114
16	3	3	166	3116	2536	77.8672	0x72000631	255	71	126
16	3	3	167	3116	2537	77.7812	0x7241e63a	255	70	133
16	3	3	168	3116	2538	77.75	0x7005e63b	255	71	142
16	3	3	169	3116	2539	77.4062	0x6d472620	255	68	149
16	3	3	170	3116	2540	77.2891	0x71441e3a	255	70	142
16	3	3	171	3116	2541	77.1484	0x70849632	255	70	143
16	3	3	172	3116	2542	77	0x72033e3d	255	71	135
16	3	3	173	3116	2543	76.9453	0x7242a63f	255	71	136
16	3	3	174	3116	2544	76.8359	0x73433e51	255	74	137
16	3	3	175	3117	2529	78.2344	0x7547a6bb	255	86	151
16	3	3	176	3117	2530	77.8203	0x70099e81	255	81	161
16	3	3	177	3117	2531	77.6016	0x74456e7d	255	80	143
16	3	3	178	3117	2532	77.4766	0x77bea699	255	82	125
16	3	3	179	3117	2533	77.6875	0x75b8bebb	255	86	99
16	3	3	180	3117	2534	77.9453	0x75784ebb	255	88	98
16	3	3	181	3117	2535	78.1875	0x7539ce9a	255	83	107
16	3	3	182	3117	2536	78.3438	0x763e667c	255	79	124
16	3	3	183	3117	2537	78.2891	0x71c2a637	255	73	132
16	3	3	184	3117	2538	78.1797	0x70450e35	255	71	144
16	3	3	185	3117	2539	77.9688	0x6f05a627	255	69	147
16	3	3	186	3117	2540	77.8203	0x6f84d624	255	68	144
16	3	3	187	3117	2541	77.6641	0x7045c63b	255	70	144
16	3	3	188	3117	2542	77.4531	0x6fc39e1e	255	67	135
16	3	3	189	3117	2543	77.4375	0x7442665d	255	72	134
16	3	3	190	3117	2544	77.3047	0x71c3de3d	255	71	141
16	3	3	191	3118	2529	78.4688	0x770786e5	255	93	155
16	3	3	192	3118	2530	78.1797	0x73c836a7	255	87	158
16	3	3	193	3118	2531	77.9375	0x76854ea7	255	84	145
16	3	3	194	3118	2532	77.8438	0x787f06a6	255	85	125
16	3	3	195	3118	2533	78	0x76b8decc	255	89	101
16	3	3	196	3118	2534	78.3047	0x76b7d6ec	255	92	97
16	3	3	197	3118	2536	78.6875	0x77fc0eb4	255	84	115
16	3	3	198	3118	2537	78.7812	0x74fee663	255	76	125
16	3	3	199	3118	2538	78.7578	0x72c52e5e	255	77	137
16	3	3	200	3118	2539	78.4531	0x6d86761a	255	67	147
16	3	3	201	3118	2540	78.3438	0x6d44ee04	255	65	142
16	3	3	202	3118	2541	78.1406	0x6d0455fc	255	64	140
16	3	3	203	3118	2542	78.0703	0x6f84b624	255	67	140
16	3	3	204	3118	2543	77.8438	0x7103fe34	255	71	136
16	3	3	205	3118	2544	77.8203	0x6f41660b	255	65	132
16	3	3	206	3119	2529	78.8125	0x7a4476fa	255	101	135
16	3	3	207	3119	2530	78.5391	0x7407a69d	255	84	155
16	3	3	208	3119	2531	78.3203	0x76456ea7	255	85	147
16	3	3	209	3119	2537	79.1719	0x78bf46ad	255	85	122
16	3	3	210	3119	2538	79.0781	0x7681e685	255	81	133
16	3	3	211	3119	2539	79.0547	0x6cc1c5e9	255	69	133
16	3	3	212	3119	2540	78.9688	0x6c037dea	255	61	139
16	3	3	213	3119	2541	78.8359	0x6c072610	255	65	146
16	3	3	214	3119	2542	78.5078	0x6d461e15	255	67	143
16	3	3	215	3119	2543	78.4453	0x6f814610	255	66	133
16	3	3	216	3119	2544	78.4297	0x6fc0e613	255	66	130
16	3	3	217	3120	2530	78.9219	0x79056eeb	255	100	144
16	3	3	218	3120	2537	79.4844	0x797bceda	255	91	113
16	3	3	219	3120	2538	79.5547	0x73fcee5a	255	78	120
16	3	3	220	3120	2539	79.6797	0x71bfc62b	255	70	127
16	3	3	221	3120	2540	79.5703	0x6b4695fe	255	65	139
16	3	3	222	3120	2541	79.2578	0x6b463df8	255	64	145
16	3	3	223	3120	2542	79.1719	0x6d84d607	255	65	144
16	3	3	224	3120	2543	78.9531	0x6f43fe19	255	66	137
16	3	3	225	3120	2544	78.9219	0x6dc005f3	255	63	127
16	4	4	0	3104	2530	68.875	0x66f03952	255	149	63
16	4	4	1	3104	2531	69.3828	0x6630e97e	255	158	68
16	4	4	2	3105	2531	69.2656	0x70b0d808	255	129	69
16	4	4	3	3104	2532	69.9688	0x68b0c149	255	159	69
16	4	4	4	3105	2532	69.8047	0x70711867	255	136	68
16	4	4	5	3105	2533	70.3203	0x73b3008a	255	140	74
16	4	4	6	3104	2533	70.4844	0x6871a175	255	162	71
16	4	4	7	3104	2534	70.9922	0x6bb38980	255	169	82
16	4	4	8	3105	2534	70.6953	0x767538b1	255	142	84
16	4	4	9	3105	2535	71.0391	0x7534d0c7	255	146	84
16	4	4	10	3104	2535	71.3438	0x6c349996	255	173	84
16	4	4	11	3104	2536	71.7656	0x6cf4998a	255	173	85
16	4	4	12	3105	2536	71.4453	0x743498e1	255	151	82
16	4	4	13	3105	2537	71.8047	0x75362906	255	153	88
16	4	4	14	3104	2537	72.1172	0x6db5318d	255	173	86
16	4	4	15	3104	2538	72.4922	0x6b74e9ab	255	176	87
16	4	4	16	3105	2538	72.0938	0x75f610f0	255	149	88
16	4	4	17	3105	2539	72.4609	0x7374d102	255	153	86
16	4	4	18	3104	2539	72.8672	0x6b74e9ab	255	178	86
16	4	4	19	3104	2540	73.2422	0x6f77a1aa	255	179	94
16	4	4	20	3105	2540	72.8438	0x73f6492c	255	161	90
16	4	4	21	3105	2541	73.1016	0x787720c8	255	151	91
16	4	4	22	3104	2541	73.4141	0x6cf7c1d4	255	181	99
16	4	4	23	3104	2542	73.7812	0x687571e5	255	182	89
16	4	4	24	3105	2542	73.4219	0x767610de	255	148	88
16	4	4	25	3105	2543	73.7578	0x76b660e5	255	150	91
16	4	4	26	3104	2543	74.125	0x697659eb	255	184	92
16	4	4	27	3104	2544	74.4219	0x6ab769ef	255	186	102
16	4	4	28	3105	2544	74.0547	0x7738090d	255	158	96
16	4	4	29	3106	2536	71.3125	0x79b6401c	255	128	88
16	4	4	30	3106	2540	72.625	0x7875d06f	255	132	88
16	5	0	0	3110	2534	72.3906	0x5f3e8555	0	44	122
16	5	0	1	3109	2535	71.8281	0x6cf99610	0	65	104
16	5	0	2	3110	2535	72.5234	0x647b3d99	255	51	112
16	5	0	3	3110	2536	72.6953	0x62ba458e	0	52	110
16	5	0	4	3111	2534	73.4609	0x54ffa502	0	32	126
16	5	0	5	3111	2535	73.3438	0x59bd2d2b	255	35	122
16	5	0	6	3111	2536	73.6406	0x5b7c6d3d	255	39	123
16	5	0	7	3111	2537	73.5703	0x5f7bd564	255	41	121
16	5	0	8	3110	2537	72.8906	0x69f8fdef	0	62	103
16	5	0	9	3110	2538	73.1484	0x67b835df	0	61	102
16	5	0	10	3111	2538	73.9062	0x62f7e5ad	255	54	101
16	5	0	11	3111	2539	74.1016	0x667a0db9	255	56	108
16	5	0	12	3110	2539	73.3984	0x66b875cf	0	58	101
16	5	0	13	3110	2540	73.6406	0x6e38a631	0	69	99
16	5	0	14	3111	2540	74.2891	0x6a7a9de4	255	60	109
16	5	0	15	3111	2541	74.4453	0x6f3afe1f	255	68	112
16	5	0	16	3110	2541	73.875	0x71788668	0	79	99
16	5	0	17	3110	2542	74.125	0x7438869d	0	85	99
16	5	0	18	3111	2542	74.6094	0x73bafe6a	0	77	108
16	5	0	19	3112	2536	74.6172	0x57bea517	255	36	127
16	5	0	20	3112	2537	74.625	0x5f004554	255	42	128
16	5	0	21	3112	2538	74.6016	0x617d4d6d	255	44	117
16	5	0	22	3112	2539	74.7969	0x61fb757e	255	47	114
16	5	0	23	3112	2540	74.8906	0x673da5a7	255	52	121
16	5	0	24	3112	2541	74.9453	0x6bfe65dd	255	60	122
16	5	0	25	3112	2542	74.9922	0x707c4e26	0	66	119
16	5	0	26	3113	2536	75.7656	0x54471d22	255	35	141
16	5	0	27	3113	2537	75.3672	0x5c42bd41	255	43	131
16	5	0	28	3113	2538	75.5938	0x5e3a6563	255	44	111
16	5	0	29	3113	2539	75.7266	0x633da57d	255	49	122
16	5	0	30	3113	2540	75.7422	0x6680459c	255	51	128
16	5	0	31	3113	2541	75.7109	0x6a0165c8	255	56	131
16	5	0	32	3113	2542	75.6562	0x6e4145fd	0	63	131
16	5	0	33	3113	2535	75.8281	0x577ea516	0	36	124
16	5	0	34	3114	2535	76.6719	0x663c4da4	0	52	116
16	5	0	35	3114	2536	76.7344	0x6442658b	255	50	131
16	5	0	36	3114	2537	76.5234	0x5985fd40	255	40	144
16	5	0	37	3114	2538	76.3516	0x63c1c583	255	51	128
16	5	0	38	3114	2539	76.4141	0x6e7f85fb	255	63	126
16	5	0	39	3114	2540	76.3828	0x70022618	255	66	133
16	5	0	40	3114	2541	76.2812	0x72c39e4e	255	74	140
16	5	0	41	3114	2542	76.1562	0x75839e7f	255	79	135
16	5	0	42	3113	2543	75.6328	0x75000666	0	74	127
16	5	0	43	3114	2543	76.0547	0x75c26679	0	78	135
16	5	0	44	3115	2535	77.2969	0x6ebbee11	0	65	116
16	5	0	45	3115	2536	77.3281	0x6f400608	0	64	127
16	5	0	46	3115	2537	77.2969	0x6bc245e0	255	62	135
16	5	0	47	3115	2538	77.1875	0x66063db9	255	55	145
16	5	0	48	3115	2539	76.8984	0x7045a63b	255	70	137
16	5	0	49	3115	2540	76.8281	0x7343fe5a	255	75	140
16	5	0	50	3115	2541	76.6484	0x7305a66a	255	77	144
16	5	0	51	3115	2542	76.4688	0x7502fe73	255	79	133
16	5	0	52	3115	2543	76.4609	0x74818660	255	77	133
16	5	0	53	3114	2544	76.0078	0x784106a6	0	83	129
16	5	0	54	3115	2544	76.375	0x75c1e679	255	79	133
16	5	0	55	3116	2536	77.8672	0x72000631	0	71	126
16	5	0	56	3116	2537	77.7812	0x7241e63a	0	70	133
16	5	0	57	3116	2538	77.75	0x7005e63b	0	71	142
16	5	0	58	3116	2539	77.4062	0x6d472620	255	68	149
16	5	0	59	3116	2540	77.2891	0x71441e3a	255	70	142
16	5	0	60	3116	2541	77.1484	0x70849632	255	70	143
16	5	0	61	3116	2542	77	0x72033e3d	255	71	135
16	5	0	62	3116	2543	76.9453	0x7242a63f	255	71	136
16	5	0	63	3116	2544	76.8359	0x73433e51	255	74	137
16	5	0	64	3117	2538	78.1797	0x70450e35	0	71	144
16	5	0	65	3117	2539	77.9688	0x6f05a627	255	69	147
16	5	0	66	3117	2540	77.8203	0x6f84d624	255	68	144
16	5	0	67	3117	2541	77.6641	0x7045c63b	255	70	144
16	5	0	68	3117	2542	77.4531	0x6fc39e1e	255	67	135
16	5	0	69	3117	2543	77.4375	0x7442665d	255	72	134
16	5	0	70	3117	2544	77.3047	0x71c3de3d	255	71	141
16	5	0	71	3118	2538	78.7578	0x72c52e5e	0	77	137
16	5	0	72	3118	2539	78.4531	0x6d86761a	255	67	147
16	5	0	73	3118	2540	78.3438	0x6d44ee04	255	65	142
16	5	0	74	3118	2541	78.1406	0x6d0455fc	255	64	140
16	5	0	75	3118	2542	78.0703	0x6f84b624	255	67	140
16	5	0	76	3118	2543	77.8438	0x7103fe34	255	71	136
16	5	0	77	3118	2544	77.8203	0x6f41660b	255	65	132
16	5	0	78	3119	2538	79.0781	0x7681e685	0	81	133
16	5	0	79	3119	2539	79.0547	0x6cc1c5e9	255	69	133
16	5	0	80	3119	2540	78.9688	0x6c037dea	255	61	139
16	5	0	81	3119	2541	78.8359	0x6c072610	255	65	146
16	5	0	82	3119	2542	78.5078	0x6d461e15	255	67	143
16	5	0	83	3119	2543	78.4453	0x6f814610	255	66	133
16	5	0	84	3119	2544	78.4297	0x6fc0e613	255	66	130
16	5	0	85	3120	2538	79.5547	0x73fcee5a	0	78	120
16	5	0	86	3120	2539	79.6797	0x71bfc62b	0	70	127
16	5	0	87	3120	2540	79.5703	0x6b4695fe	255	65	139
16	5	0	88	3120	2541	79.2578	0x6b463df8	255	64	145
16	5	0	89	3120	2542	79.1719	0x6d84d607	255	65	144
16	5	0	90	3120	2543	78.9531	0x6f43fe19	255	66	137
16	5	0	91	3120	2544	78.9219	0x6dc005f3	255	63	127
17	0	0	0	3120	2539	79.6797	0x71bfc62b	0	70	127
17	0	0	1	3121	2539	80.0859	0x743d865d	0	73	120
17	0	0	2	3120	2540	79.5703	0x6b4695fe	255	65	139
17	0	0	3	3121	2540	80.1406	0x71410628	0	68	129
17	0	0	4	3121	2541	80.0234	0x650795bd	0	60	142
17	0	0	5	3120	2541	79.2578	0x6b463df8	255	64	145
17	0	0	6	3120	2542	79.1719	0x6d84d607	255	65	144
17	0	0	7	3121	2542	79.6484	0x680795e1	0	61	149
17	0	0	8	3121	2543	79.5312	0x68c065b6	255	56	132
17	0	0	9	3120	2543	78.9531	0x6f43fe19	255	66	137
17	0	0	10	3120	2544	78.9219	0x6dc005f3	255	63	127
17	0	0	11	3121	2544	79.625	0x697e45bf	255	55	122
17	0	0	12	3122	2542	80.4375	0x6804b5c1	0	59	140
17	0	0	13	3122	2543	80.3516	0x680265b2	0	54	135
17	0	0	14	3122	2544	80.2891	0x6b3ee5d4	255	56	124
17	0	0	15	3123	2543	80.9453	0x6d8185f3	0	60	131
17	0	0	16	3123	2544	80.9219	0x697ec5bd	0	55	125
17	0	0	17	3124	2534	79.8672	0x797af6e8	0	92	109
17	0	0	18	3123	2535	79.9609	0x78f7d735	0	100	93
17	0	0	19	3124	2535	80.0703	0x7475feec	255	101	91
17	0	0	20	3124	2536	80.5312	0x72766eab	255	91	96
17	0	0	21	3123	2536	80.1406	0x7738bedd	0	93	100
17	0	0	22	3123	2537	80.4297	0x75f77ee1	0	94	98
17	0	0	23	3124	2537	80.7031	0x78fa26eb	255	93	104
17	0	0	24	3124	2538	80.9062	0x7a39af1e	255	97	103
17	0	0	25	3123	2538	80.6953	0x79394f08	0	97	102
17	0	0	26	3123	2539	80.8594	0x79faf6fa	0	92	110
17	0	0	27	3124	2539	81.1094	0x78b8f701	255	96	100
17	0	0	28	3124	2540	81.3594	0x783a7ecf	0	89	109
17	0	0	29	3125	2533	80.1641	0x76006679	0	78	127
17	0	0	30	3125	2534	80.1797	0x757a5e93	255	82	117
17	0	0	31	3125	2535	80.5234	0x6ff5e688	255	85	92
17	0	0	32	3125	2536	80.8516	0x76b8bed0	255	90	102
17	0	0	33	3125	2537	80.9922	0x78fb56d3	255	91	109
17	0	0	34	3125	2538	81.1484	0x797a0701	255	96	104
17	0	0	35	3125	2539	81.375	0x77b866f3	255	95	99
17	0	0	36	3125	2540	81.6406	0x79394f05	255	96	102
17	0	0	37	3125	2541	81.8047	0x78bbb6c8	255	90	110
17	0	0	38	3124	2541	81.4609	0x76fc2e9c	0	83	113
17	0	0	39	3124	2542	81.6016	0x74bea65d	0	75	124
17	0	0	40	3125	2542	81.9141	0x793d46c5	255	88	117
17	0	0	41	3125	2543	81.9766	0x76bd868c	0	84	120
17	0	0	42	3126	2533	80.5781	0x77c1c6a3	0	84	130
17	0	0	43	3126	2534	80.6328	0x767b7699	255	84	115
17	0	0	44	3126	2535	80.8672	0x7537f6bf	255	88	96
17	0	0	45	3126	2536	81.1562	0x77f8f6ec	255	94	104
17	0	0	46	3126	2537	81.3203	0x7afbcf04	255	97	111
17	0	0	47	3126	2538	81.4219	0x7ababf13	255	100	108
17	0	0	48	3126	2539	81.6562	0x7a791740	255	107	100
17	0	0	49	3126	2540	81.8672	0x7af91753	255	106	100
17	0	0	50	3126	2541	82.1016	0x7afa0735	255	105	104
17	0	0	51	3126	2542	82.25	0x7b3c6f08	255	99	114
17	0	0	52	3126	2543	82.3281	0x7bbe4701	255	98	121
17	0	0	53	3126	2544	82.3594	0x7bff4701	255	97	123
17	0	0	54	3125	2544	82.0703	0x787da6b0	0	86	118
17	0	0	55	3127	2533	80.8906	0x790286c1	0	87	131
17	0	0	56	3127	2534	80.9297	0x78bb56cf	255	89	115
17	0	0	57	3127	2535	81.1875	0x77f886f6	255	96	101
17	0	0	58	3127	2536	81.4141	0x7bbb172d	255	102	110
17	0	0	59	3127	2537	81.5	0x7d7caf5a	255	106	114
17	0	0	60	3127	2538	81.625	0x7d3bef5a	255	107	111
17	0	0	61	3127	2539	81.7578	0x7d3a5f8d	255	112	104
17	0	0	62	3127	2540	81.9844	0x7c38f7a4	255	116	99
17	0	0	63	3127	2541	82.2109	0x7cb94fa4	255	115	101
17	0	0	64	3127	2542	82.4141	0x7dbb9779	255	111	111
17	0	0	65	3127	2543	82.4922	0x7e7d4779	255	111	118
17	0	0	66	3127	2544	82.5859	0x7e7ec76a	255	111	124
17	0	0	67	3128	2533	81.2344	0x7843bebe	0	87	133
17	0	0	68	3128	2534	81.2578	0x79fd46d6	255	92	121
17	0	0	69	3128	2535	81.4062	0x7c7af74f	255	106	107
17	0	0	70	3128	2536	81.5781	0x7dfc2f79	255	110	112
17	0	0	71	3128	2537	81.6484	0x7e3d4772	255	109	116
17	0	0	72	3128	2538	81.75	0x7e3c4f85	255	112	113
17	0	0	73	3128	2539	81.8828	0x7dfb57a1	255	116	108
17	0	0	74	3128	2540	82.0469	0x7d39c7c0	255	118	101
17	0	0	75	3128	2541	82.2812	0x7c38bfb0	255	117	98
17	0	0	76	3128	2542	82.5156	0x7dfb17b0	255	117	110
17	0	0	77	3128	2543	82.5938	0x7f3dc7ac	255	117	118
17	0	0	78	3128	2544	82.6562	0x7fbee7c0	255	118	123
17	0	0	79	3129	2533	81.5547	0x7805aed3	0	91	137
17	0	0	80	3129	2534	81.5391	0x7b8046fd	255	95	128
17	0	0	81	3129	2535	81.5391	0x7d7dc747	255	101	119
17	0	0	82	3129	2536	81.6797	0x7dbc2f6e	255	110	112
17	0	0	83	3129	2537	81.7812	0x7dfd0f6e	255	110	116
17	0	0	84	3129	2538	81.8672	0x7e7d6781	255	111	117
17	0	0	85	3129	2539	81.9453	0x7e7c2fa4	255	116	113
17	0	0	86	3129	2540	82.1094	0x7d396fd8	255	123	101
17	0	0	87	3129	2541	82.3672	0x7cb8d7f0	255	125	99
17	0	0	88	3129	2542	82.5703	0x7ebb77f4	255	126	110
17	0	0	89	3129	2543	82.6562	0x7fbdc7f4	255	125	118
17	0	0	90	3129	2544	82.7109	0x7fbee7e0	255	124	123
17	0	0	91	3129	2528	84.25	0x70c92e81	0	82	157
17	0	0	92	3130	2528	84.5469	0x7686b6c5	255	91	153
17	0	0	93	3129	2529	83.7969	0x64ce0e48	0	79	174
17	0	0	94	3130	2529	84.375	0x6dcc6eac	0	95	167
17	0	0	95	3130	2532	82.2344	0x6c8deece	0	92	180
17	0	0	96	3130	2533	81.8516	0x77c716ef	255	93	146
17	0	0	97	3130	2534	81.7812	0x7d01472d	255	100	131
17	0	0	98	3130	2535	81.7734	0x7d7ea73c	255	103	124
17	0	0	99	3130	2536	81.8672	0x7dfd6762	255	108	117
17	0	0	100	3130	2537	81.9375	0x7ebde77d	255	111	119
17	0	0	101	3130	2538	82	0x7efe0791	255	113	119
17	0	0	102	3130	2539	82.0625	0x7f3e079d	255	115	119
17	0	0	103	3130	2540	82.125	0x7efc0fd4	255	122	112
17	0	0	104	3130	2541	82.3125	0x7d398838	255	134	101
17	0	0	105	3130	2542	82.5391	0x7dfb3054	255	134	110
17	0	0	106	3130	2543	82.6172	0x7f3d2038	255	134	116
17	0	0	107	3130	2544	82.7188	0x7f7ea048	255	133	124
17	0	0	108	3131	2528	84.8984	0x79c78f3c	255	112	150
17	0	0	109	3131	2529	84.5078	0x758c0f89	0	111	172
17	0	0	110	3131	2532	82.5312	0x6c4ed6f4	0	97	184
17	0	0	111	3131	2533	82.1094	0x7788c717	255	100	154
17	0	0	112	3131	2534	81.9609	0x7d42e74b	255	105	136
17	0	0	113	3131	2535	81.9297	0x7ebf876e	255	109	126
17	0	0	114	3131	2536	81.9922	0x7f3e479d	255	115	120
17	0	0	115	3131	2537	82.0391	0x7f3e8799	255	115	120
17	0	0	116	3131	2538	82.0859	0x7f3e67a8	255	116	121
17	0	0	117	3131	2539	82.1406	0x7f7e47bc	255	119	121
17	0	0	118	3131	2540	82.1953	0x7f7e27cc	255	121	120
17	0	0	119	3131	2541	82.2578	0x7f3ca818	255	127	116
17	0	0	120	3131	2542	82.4062	0x7dfb706b	255	140	109
17	0	0	121	3131	2543	82.5469	0x7ebd607b	255	143	119
17	0	0	122	3131	2544	82.5703	0x7e7fa0a2	255	147	126
17	0	0	123	3132	2528	84.9375	0x7bc7e7d4	255	120	152
17	0	0	124	3132	2529	84.6094	0x76cb2785	0	113	171
17	0	0	125	3132	2532	82.7812	0x6bcfc723	0	103	188
17	0	0	126	3132	2533	82.3203	0x7789c744	255	105	161
17	0	0	127	3132	2534	82.1406	0x7d041f5e	255	108	140
17	0	0	128	3132	2535	82.0625	0x7e81477d	255	111	130
17	0	0	129	3132	2536	82.0625	0x7f3ec7a1	255	114	123
17	0	0	130	3132	2537	82.1406	0x7f7e47b0	255	118	121
17	0	0	131	3132	2538	82.1719	0x7fbf27bc	255	119	123
17	0	0	132	3132	2539	82.1953	0x7fbf27d0	255	121	124
17	0	0	133	3132	2540	82.2266	0x7ffee7ec	255	125	123
17	0	0	134	3132	2541	82.2656	0x7fbe6004	255	127	121
17	0	0	135	3132	2542	82.3281	0x7f3e4058	255	136	121
17	0	0	136	3132	2543	82.375	0x7e3ee0a9	255	148	123
17	0	0	137	3132	2544	82.3984	0x7d7f40cc	255	151	126
17	0	0	138	3133	2528	84.9844	0x7d46002c	255	130	150
17	0	0	139	3133	2529	84.75	0x784ad008	0	128	168
17	0	0	140	3133	2532	82.9766	0x6bd07763	0	111	192
17	0	0	141	3133	2533	82.4844	0x774a876e	255	110	164
17	0	0	142	3133	2534	82.2812	0x7d44b781	255	111	144
17	0	0	143	3133	2535	82.1875	0x7ec1a78d	255	113	132
17	0	0	144	3133	2536	82.1797	0x7f3fe799	255	114	127
17	0	0	145	3133	2537	82.1953	0x7fbf67bc	255	118	124
17	0	0	146	3133	2538	82.2188	0x7fbf67d4	255	122	125
17	0	0	147	3133	2539	82.2344	0x7fffc7e4	255	124	126
17	0	0	148	3133	2540	82.2344	0x7fffc000	255	127	126
17	0	0	149	3133	2541	82.25	0x7fc0002c	255	131	126
17	0	0	150	3133	2542	82.2344	0x7f00a067	255	140	129
17	0	0	151	3133	2543	82.2109	0x7e0120a2	255	146	130
17	0	0	152	3133	2544	82.1641	0x7cc120d7	255	154	131
17	0	0	153	3134	2528	84.8516	0x7c06009e	255	147	148
17	0	0	154	3134	2529	84.5938	0x780a108a	0	143	166
17	0	0	155	3133	2531	83.6875	0x6ad157a9	0	122	194
17	0	0	156	3134	2531	83.6328	0x700f5834	0	133	188
17	0	0	157	3134	2532	83.0938	0x71ce9018	255	128	185
17	0	0	158	3134	2533	82.6094	0x784a9fbc	255	122	166
17	0	0	159	3134	2534	82.3906	0x7dc517ac	255	118	145
17	0	0	160	3134	2535	82.2891	0x7f0207a4	255	116	134
17	0	0	161	3134	2536	82.2656	0x7f8047b4	255	118	128
17	0	0	162	3134	2537	82.2734	0x7f8027c4	255	120	127
17	0	0	163	3134	2538	82.2578	0x7fc067dc	255	123	128
17	0	0	164	3134	2539	82.25	0x7fc087f0	255	125	129
17	0	0	165	3134	2540	82.2266	0x7fc12010	255	128	130
17	0	0	166	3134	2541	82.1797	0x7f41a03c	255	134	133
17	0	0	167	3134	2542	82.125	0x7ec2006b	255	139	134
17	0	0	168	3134	2543	82.0547	0x7e02808e	255	145	137
17	0	0	169	3134	2544	81.9688	0x7d82e0ad	255	149	137
17	0	0	170	3135	2528	84.6719	0x77843950	0	164	141
17	0	0	171	3135	2529	84.4766	0x7748d8ed	0	155	157
17	0	0	172	3135	2531	83.5859	0x6d10088e	0	140	189
17	0	0	173	3135	2532	82.9297	0x724de86f	255	138	179
17	0	0	174	3135	2533	82.6172	0x7c478800	255	127	156
17	0	0	175	3135	2534	82.4453	0x7ec3ffd8	255	122	142
17	0	0	176	3135	2535	82.3672	0x7f41e7c8	255	121	134
17	0	0	177	3135	2536	82.3281	0x7f80e7cc	255	121	130
17	0	0	178	3135	2537	82.3125	0x7f80a7d4	255	122	129
17	0	0	179	3135	2538	82.2891	0x7fc0c7e0	255	123	130
17	0	0	180	3135	2539	82.2656	0x7f8167f4	255	126	132
17	0	0	181	3135	2540	82.2031	0x7f822010	255	129	135
17	0	0	182	3135	2541	82.1328	0x7f42e020	255	131	137
17	0	0	183	3135	2542	82.0234	0x7ec33840	255	134	140
17	0	0	184	3135	2543	81.9297	0x7ec33848	255	133	139
17	0	0	185	3135	2544	81.8203	0x7e837850	255	133	141
17	0	0	186	3136	2531	83.3516	0x700df8cb	0	150	182
17	0	0	187	3136	2532	82.875	0x76cb207b	255	137	168
17	0	0	188	3136	2533	82.6094	0x7d466020	255	130	151
17	0	0	189	3136	2534	82.4688	0x7f035800	255	127	139
17	0	0	190	3136	2535	82.3984	0x7f81a7e8	255	124	133
17	0	0	191	3136	2536	82.3672	0x7fc0a7dc	255	123	129
17	0	0	192	3136	2537	82.3594	0x7f80c7d8	255	122	130
17	0	0	193	3136	2538	82.3203	0x7f8167d8	255	123	132
17	0	0	194	3136	2539	82.2734	0x7f8207ec	255	125	135
17	0	0	195	3136	2540	82.1953	0x7f4287ec	255	126	137
17	0	0	196	3136	2541	82.1172	0x7f431808	255	128	139
17	0	0	197	3136	2542	82	0x7f033808	255	128	140
17	0	0	198	3136	2543	81.9141	0x7f42f80c	255	128	139
17	0	0	199	3136	2544	81.8125	0x7ec43804	0	128	142
17	1	0	0	3120	2528	79.0156	0x7e000753	255	107	126
17	1	0	1	3121	2528	79.1641	0x7e3f2757	255	106	125
17	1	0	2	3121	2529	79.1562	0x7e010757	255	106	131
17	1	0	3	3120	2529	79	0x7dc18753	255	106	132
17	1	0	4	3120	2530	78.9219	0x79056eeb	255	100	144
17	1	0	5	3121	2530	79.1016	0x7c843f4b	255	105	140
17	1	0	6	3121	2531	78.8906	0x7a44f708	255	97	145
17	1	0	7	3120	2531	78.6562	0x78465ee8	255	93	150
17	1	0	8	3120	2532	78.5156	0x7a41c6dd	255	92	129
17	1	0	9	3121	2532	78.7891	0x7b4066f2	255	93	128
17	1	0	10	3121	2533	78.8672	0x7a7caeeb	255	93	115
17	1	0	11	3120	2533	78.5469	0x7a7c0ef2	255	94	117
17	1	0	12	3120	2534	78.7656	0x78b8bf0c	255	97	99
17	1	0	13	3121	2534	79	0x77f8f6ef	255	94	102
17	1	0	14	3121	2535	79.3203	0x7436f6c6	255	91	93
17	1	0	15	3120	2535	79.0156	0x7837ef10	255	99	96
17	1	0	16	3120	2536	79.2891	0x77b8beec	255	94	102
17	1	0	17	3121	2536	79.5938	0x7678f6c5	255	89	101
17	1	0	18	3121	2537	79.7734	0x7779e6cc	255	87	106
17	1	0	19	3120	2537	79.4844	0x797bceda	255	91	113
17	1	0	20	3120	2538	79.5547	0x73fcee5a	255	78	120
17	1	0	21	3121	2538	79.9844	0x743b1670	255	77	110
17	1	0	22	3121	2539	80.0859	0x743d865d	255	73	120
17	1	0	23	3120	2539	79.6797	0x71bfc62b	255	70	127
17	1	0	24	3120	2540	79.5703	0x6b4695fe	0	65	139
17	1	0	25	3121	2540	80.1406	0x71410628	255	68	129
17	1	0	26	3121	2541	80.0234	0x650795bd	255	60	142
17	1	0	27	3120	2541	79.2578	0x6b463df8	0	64	145
17	1	0	28	3120	2542	79.1719	0x6d84d607	0	65	144
17	1	0	29	3121	2542	79.6484	0x680795e1	255	61	149
17	1	0	30	3121	2543	79.5312	0x68c065b6	0	56	132
17	1	0	31	3122	2528	79.3516	0x7b7ec6f9	255	97	124
17	1	0	32	3122	2529	79.3359	0x7b4126f6	255	96	131
17	1	0	33	3122	2530	79.2812	0x7bc2e70f	255	97	139
17	1	0	34	3122	2531	79.1562	0x7a437eef	255	93	140
17	1	0	35	3122	2532	79.0625	0x7ac0c6e4	255	92	128
17	1	0	36	3122	2533	79.1094	0x79bbeee1	255	92	115
17	1	0	37	3122	2534	79.3203	0x75b77ed7	255	91	98
17	1	0	38	3122	2535	79.6641	0x73f6a6c9	255	90	91
17	1	0	39	3122	2536	79.9375	0x7838f6f3	255	92	100
17	1	0	40	3122	2537	80.1172	0x7638bec2	255	88	100
17	1	0	41	3122	2538	80.4062	0x7538deaa	255	85	104
17	1	0	42	3122	2539	80.5781	0x76bcce8f	255	83	118
17	1	0	43	3122	2540	80.6094	0x753ee666	255	76	123
17	1	0	44	3122	2541	80.6484	0x70c2c629	255	69	131
17	1	0	45	3122	2542	80.4375	0x6804b5c1	255	59	140
17	1	0	46	3122	2543	80.3516	0x680265b2	255	54	135
17	1	0	47	3122	2544	80.2891	0x6b3ee5d4	0	56	124
17	1	0	48	3123	2528	79.6953	0x717dc62b	255	71	123
17	1	0	49	3123	2529	79.6953	0x7241c63a	255	76	133
17	1	0	50	3123	2530	79.5859	0x7783fead	255	85	142
17	1	0	51	3123	2531	79.4453	0x76037e89	255	83	139
17	1	0	52	3123	2532	79.3672	0x787fe6a6	255	84	127
17	1	0	53	3123	2533	79.4531	0x78fc2ec8	255	89	117
17	1	0	54	3123	2534	79.6094	0x77782ef3	255	94	99
17	1	0	55	3123	2535	79.9609	0x78f7d735	255	100	93
17	1	0	56	3123	2536	80.1406	0x7738bedd	255	93	100
17	1	0	57	3123	2537	80.4297	0x75f77ee1	255	94	98
17	1	0	58	3123	2538	80.6953	0x79394f08	255	97	102
17	1	0	59	3123	2539	80.8594	0x79faf6fa	255	92	110
17	1	0	60	3123	2540	81.0156	0x773cce99	255	83	117
17	1	0	61	3123	2541	81.0625	0x7640067f	255	76	125
17	1	0	62	3123	2542	81.0156	0x6e41e5fe	255	63	133
17	1	0	63	3123	2543	80.9453	0x6d8185f3	255	60	131
17	1	0	64	3123	2544	80.9219	0x697ec5bd	255	55	125
17	1	0	65	3124	2528	80.3828	0x61bb557c	255	48	121
17	1	0	66	3124	2529	80.3281	0x6046357c	255	48	140
17	1	0	67	3124	2530	79.9844	0x69c5fde4	255	67	144
17	1	0	68	3124	2531	79.9453	0x72833e48	255	72	136
17	1	0	69	3124	2532	79.7812	0x75431e76	255	80	134
17	1	0	70	3124	2533	79.75	0x787ea6a9	255	85	124
17	1	0	71	3124	2534	79.8672	0x797af6e8	255	92	109
17	1	0	72	3124	2535	80.0703	0x7475feec	0	101	91
17	1	0	73	3124	2536	80.5312	0x72766eab	0	91	96
17	1	0	74	3124	2537	80.7031	0x78fa26eb	0	93	104
17	1	0	75	3124	2538	80.9062	0x7a39af1e	0	97	103
17	1	0	76	3124	2539	81.1094	0x78b8f701	0	96	100
17	1	0	77	3124	2540	81.3594	0x783a7ecf	255	89	109
17	1	0	78	3124	2541	81.4609	0x76fc2e9c	255	83	113
17	1	0	79	3124	2542	81.6016	0x74bea65d	255	75	124
17	1	0	80	3124	2543	81.5469	0x71bf062b	255	69	125
17	1	0	81	3124	2544	81.6641	0x6efec603	255	66	123
17	1	0	82	3125	2528	81.3281	0x5bba4d4e	255	41	119
17	1	0	83	3125	2529	81.3359	0x5b078d5d	255	42	139
17	1	0	84	3125	2530	80.8359	0x55cd1d87	255	50	170
17	1	0	85	3125	2531	80.3984	0x6a498e1f	255	68	151
17	1	0	86	3125	2532	80.2031	0x7243be46	255	72	137
17	1	0	87	3125	2533	80.1641	0x76006679	255	78	127
17	1	0	88	3125	2534	80.1797	0x757a5e93	0	82	117
17	1	0	89	3125	2535	80.5234	0x6ff5e688	0	85	92
17	1	0	90	3125	2539	81.375	0x77b866f3	0	95	99
17	1	0	91	3125	2540	81.6406	0x79394f05	0	96	102
17	1	0	92	3125	2541	81.8047	0x78bbb6c8	0	90	110
17	1	0	93	3125	2542	81.9141	0x793d46c5	0	88	117
17	1	0	94	3125	2543	81.9766	0x76bd868c	255	84	120
17	1	0	95	3125	2544	82.0703	0x787da6b0	255	86	118
17	1	0	96	3126	2528	82.2344	0x5fbd0d60	255	44	125
17	1	0	97	3126	2529	82.125	0x6188c5a9	255	53	149
17	1	0	98	3126	2530	81.6562	0x588ee5cd	255	61	179
17	1	0	99	3126	2531	81.0234	0x614d05fc	255	65	170
17	1	0	100	3126	2532	80.7422	0x71c6ee64	255	75	149
17	1	0	101	3126	2533	80.5781	0x77c1c6a3	255	84	130
17	1	0	102	3126	2534	80.6328	0x767b7699	0	84	115
17	1	0	103	3126	2542	82.25	0x7b3c6f08	0	99	114
17	1	0	104	3126	2543	82.3281	0x7bbe4701	0	98	121
17	1	0	105	3126	2544	82.3594	0x7bff4701	0	97	123
17	1	0	106	3127	2528	83.0781	0x65439d9c	255	51	132
17	1	0	107	3127	2529	82.8125	0x610c45e6	255	59	162
17	1	0	108	3127	2530	82.2266	0x59cffdfa	255	68	185
17	1	0	109	3127	2531	81.6016	0x610f7e41	255	77	184
17	1	0	110	3127	2532	81.0859	0x700aa69b	255	84	163
17	1	0	111	3127	2533	80.8906	0x790286c1	255	87	131
17	1	0	112	3127	2534	80.9297	0x78bb56cf	0	89	115
17	1	0	113	3128	2528	83.7344	0x6c05c5fd	255	61	140
17	1	0	114	3128	2529	83.3984	0x680c4643	255	75	171
17	1	0	115	3128	2530	82.8906	0x5ad18e3d	255	80	192
17	1	0	116	3128	2531	82.0234	0x5dd1e673	255	84	195
17	1	0	117	3128	2532	81.4922	0x6d0ba683	255	83	168
17	1	0	118	3128	2533	81.2344	0x7843bebe	255	87	133
17	1	0	119	3128	2534	81.2578	0x79fd46d6	0	92	121
17	1	0	120	3129	2528	84.25	0x70c92e81	255	82	157
17	1	0	121	3129	2529	83.7969	0x64ce0e48	255	79	174
17	1	0	122	3129	2530	83.25	0x60d1568a	255	87	193
17	1	0	123	3129	2531	82.4688	0x60118e8a	255	88	196
17	1	0	124	3129	2532	81.8984	0x6bcd2ea0	255	86	176
17	1	0	125	3129	2533	81.5547	0x7805aed3	255	91	137
17	1	0	126	3129	2534	81.5391	0x7b8046fd	0	95	128
17	1	0	127	3130	2528	84.5469	0x7686b6c5	0	91	153
17	1	0	128	3130	2529	84.375	0x6dcc6eac	255	95	167
17	1	0	129	3130	2530	83.6953	0x5ad30e80	255	91	198
17	1	0	130	3130	2531	82.8281	0x5fd286b6	255	92	199
17	1	0	131	3130	2532	82.2344	0x6c8deece	255	92	180
17	1	0	132	3130	2533	81.8516	0x77c716ef	0	93	146
17	1	0	133	3130	2534	81.7812	0x7d01472d	0	100	131
17	1	0	134	3131	2528	84.8984	0x79c78f3c	0	112	150
17	1	0	135	3131	2529	84.5078	0x758c0f89	255	111	172
17	1	0	136	3131	2530	84.0859	0x6611af0a	255	105	194
17	1	0	137	3131	2531	83.1641	0x5e934ed1	255	100	202
17	1	0	138	3131	2532	82.5312	0x6c4ed6f4	255	97	184
17	1	0	139	3131	2533	82.1094	0x7788c717	0	100	154
17	1	0	140	3132	2528	84.9375	0x7bc7e7d4	0	120	152
17	1	0	141	3132	2529	84.6094	0x76cb2785	255	113	171
17	1	0	142	3132	2530	84.1953	0x6e4fefa5	255	114	188
17	1	0	143	3132	2531	83.4609	0x63d24700	255	101	199
17	1	0	144	3132	2532	82.7812	0x6bcfc723	255	103	188
17	1	0	145	3132	2533	82.3203	0x7789c744	0	105	161
17	1	0	146	3133	2528	84.9844	0x7d46002c	0	130	150
17	1	0	147	3133	2529	84.75	0x784ad008	255	128	168
17	1	0	148	3133	2530	84.2656	0x70cf0004	255	127	187
17	1	0	149	3133	2531	83.6875	0x6ad157a9	255	122	194
17	1	0	150	3133	2532	82.9766	0x6bd07763	255	111	192
17	1	0	151	3133	2533	82.4844	0x774a876e	0	110	164
17	1	0	152	3134	2528	84.8516	0x7c06009e	0	147	148
17	1	0	153	3134	2529	84.5938	0x780a108a	255	143	166
17	1	0	154	3134	2530	84.1875	0x72cdd858	255	137	183
17	1	0	155	3134	2531	83.6328	0x700f5834	255	133	188
17	1	0	156	3134	2532	83.0938	0x71ce9018	0	128	185
17	1	0	157	3135	2528	84.6719	0x77843950	255	164	141
17	1	0	158	3135	2529	84.4766	0x7748d8ed	255	155	157
17	1	0	159	3135	2530	84.0938	0x72ccf8a9	255	144	178
17	1	0	160	3135	2531	83.5859	0x6d10088e	255	140	189
17	1	0	161	3135	2532	82.9297	0x724de86f	0	138	179
17	1	0	162	3136	2528	84.1562	0x738281af	255	182	134
17	1	0	163	3136	2529	84.1172	0x7344d19c	255	177	139
17	1	0	164	3136	2530	83.8516	0x710b6136	255	164	167
17	1	0	165	3136	2531	83.3516	0x700df8cb	255	150	182
17	1	0	166	3136	2532	82.875	0x76cb207b	0	137	168
17	1	0	167	3135	2543	81.9297	0x7ec33848	0	133	139
17	1	0	168	3136	2543	81.9141	0x7f42f80c	0	128	139
17	1	0	169	3136	2544	81.8125	0x7ec43804	255	128	142
17	1	0	170	3135	2544	81.8203	0x7e837850	0	133	141
17	2	1	0	3120	2534	78.7656	0x78b8bf0c	255	97	99
17	2	1	1	3121	2534	79	0x77f8f6ef	255	94	102
17	2	1	2	3121	2535	79.3203	0x7436f6c6	255	91	93
17	2	1	3	3120	2535	79.0156	0x7837ef10	255	99	96
17	2	1	4	3120	2536	79.2891	0x77b8beec	255	94	102
17	2	1	5	3121	2536	79.5938	0x7678f6c5	255	89	101
17	2	1	6	3122	2534	79.3203	0x75b77ed7	255	91	98
17	2	1	7	3122	2535	79.6641	0x73f6a6c9	255	90	91
17	2	1	8	3122	2536	79.9375	0x7838f6f3	255	92	100
17	2	1	9	3123	2535	79.9609	0x78f7d735	255	100	93
17	2	1	10	3124	2534	79.8672	0x797af6e8	255	92	109
17	2	1	11	3125	2534	80.1797	0x757a5e93	255	82	117
17	2	1	12	3125	2535	80.5234	0x6ff5e688	255	85	92
17	2	1	13	3124	2535	80.0703	0x7475feec	255	101	91
17	2	1	14	3124	2536	80.5312	0x72766eab	255	91	96
17	2	1	15	3125	2536	80.8516	0x76b8bed0	255	90	102
17	2	1	16	3126	2534	80.6328	0x767b7699	255	84	115
17	2	1	17	3126	2535	80.8672	0x7537f6bf	255	88	96
17	2	1	18	3126	2536	81.1562	0x77f8f6ec	255	94	104
17	2	1	19	3127	2535	81.1875	0x77f886f6	255	96	101
17	3	2	0	3125	2529	81.3359	0x5b078d5d	255	42	139
17	3	2	1	3124	2530	79.9844	0x69c5fde4	255	67	144
17	3	2	2	3125	2530	80.8359	0x55cd1d87	255	50	170
17	3	2	3	3125	2531	80.3984	0x6a498e1f	255	68	151
17	3	2	4	3126	2529	82.125	0x6188c5a9	255	53	149
17	3	2	5	3126	2530	81.6562	0x588ee5cd	255	61	179
17	3	2	6	3126	2531	81.0234	0x614d05fc	255	65	170
17	3	2	7	3126	2532	80.7422	0x71c6ee64	255	75	149
17	3	2	8	3125	2532	80.2031	0x7243be46	255	72	137
17	3	2	9	3125	2533	80.1641	0x76006679	255	78	127
17	3	2	10	3126	2533	80.5781	0x77c1c6a3	255	84	130
17	3	2	11	3126	2528	82.2344	0x5fbd0d60	255	44	125
17	3	2	12	3127	2528	83.0781	0x65439d9c	255	51	132
17	3	2	13	3127	2529	82.8125	0x610c45e6	255	59	162
17	3	2	14	3127	2530	82.2266	0x59cffdfa	255	68	185
17	3	2	15	3127	2531	81.6016	0x610f7e41	255	77	184
17	3	2	16	3127	2532	81.0859	0x700aa69b	255	84	163
17	3	2	17	3127	2533	80.8906	0x790286c1	255	87	131
17	3	2	18	3128	2528	83.7344	0x6c05c5fd	255	61	140
17	3	2	19	3128	2529	83.3984	0x680c4643	255	75	171
17	3	2	20	3128	2530	82.8906	0x5ad18e3d	255	80	192
17	3	2	21	3128	2531	82.0234	0x5dd1e673	255	84	195
17	3	2	22	3128	2532	81.4922	0x6d0ba683	255	83	168
17	3	2	23	3128	2533	81.2344	0x7843bebe	255	87	133
17	3	2	24	3129	2528	84.25	0x70c92e81	255	82	157
17	3	2	25	3129	2529	83.7969	0x64ce0e48	255	79	174
17	3	2	26	3129	2530	83.25	0x60d1568a	255	87	193
17	3	2	27	3129	2531	82.4688	0x60118e8a	255	88	196
17	3	2	28	3129	2532	81.8984	0x6bcd2ea0	255	86	176
17	3	2	29	3129	2533	81.5547	0x7805aed3	255	91	137
17	3	2	30	3130	2528	84.5469	0x7686b6c5	255	91	153
17	3	2	31	3130	2529	84.375	0x6dcc6eac	255	95	167
17	3	2	32	3130	2530	83.6953	0x5ad30e80	255	91	198
17	3	2	33	3130	2531	82.8281	0x5fd286b6	255	92	199
17	3	2	34	3130	2532	82.2344	0x6c8deece	255	92	180
17	3	2	35	3130	2533	81.8516	0x77c716ef	255	93	146
17	3	2	36	3131	2529	84.5078	0x758c0f89	255	111	172
17	3	2	37	3131	2530	84.0859	0x6611af0a	255	105	194
17	3	2	38	3131	2531	83.1641	0x5e934ed1	255	100	202
17	3	2	39	3131	2532	82.5312	0x6c4ed6f4	255	97	184
17	3	2	40	3131	2533	82.1094	0x7788c717	255	100	154
17	3	2	41	3132	2529	84.6094	0x76cb2785	255	113	171
17	3	2	42	3132	2530	84.1953	0x6e4fefa5	255	114	188
17	3	2	43	3132	2531	83.4609	0x63d24700	255	101	199
17	3	2	44	3132	2532	82.7812	0x6bcfc723	255	103	188
17	3	2	45	3132	2533	82.3203	0x7789c744	255	105	161
17	3	2	46	3133	2529	84.75	0x784ad008	255	128	168
17	3	2	47	3133	2530	84.2656	0x70cf0004	255	127	187
17	3	2	48	3133	2531	83.6875	0x6ad157a9	255	122	194
17	3	2	49	3133	2532	82.9766	0x6bd07763	255	111	192
17	3	2	50	3133	2533	82.4844	0x774a876e	255	110	164
17	3	2	51	3134	2529	84.5938	0x780a108a	255	143	166
17	3	2	52	3134	2530	84.1875	0x72cdd858	255	137	183
17	3	2	53	3134	2531	83.6328	0x700f5834	255	133	188
17	3	2	54	3134	2532	83.0938	0x71ce9018	255	128	185
17	3	2	55	3134	2533	82.6094	0x784a9fbc	255	122	166
17	3	2	56	3135	2529	84.4766	0x7748d8ed	255	155	157
17	3	2	57	3135	2530	84.0938	0x72ccf8a9	255	144	178
17	3	2	58	3135	2531	83.5859	0x6d10088e	255	140	189
17	3	2	59	3135	2532	82.9297	0x724de86f	255	138	179
17	3	2	60	3135	2533	82.6172	0x7c478800	255	127	156
17	3	2	61	3136	2529	84.1172	0x7344d19c	255	177	139
17	3	2	62	3136	2530	83.8516	0x710b6136	255	164	167
17	3	2	63	3136	2531	83.3516	0x700df8cb	255	150	182
17	3	2	64	3136	2532	82.875	0x76cb207b	255	137	168
17	4	3	0	3120	2534	78.7656	0x78b8bf0c	255	97	99
17	4	3	1	3121	2534	79	0x77f8f6ef	255	94	102
17	4	3	2	3121	2535	79.3203	0x7436f6c6	255	91	93
17	4	3	3	3120	2535	79.0156	0x7837ef10	255	99	96
17	4	3	4	3120	2536	79.2891	0x77b8beec	255	94	102
17	4	3	5	3121	2536	79.5938	0x7678f6c5	255	89	101
17	4	3	6	3120	2537	79.4844	0x797bceda	255	91	113
17	4	3	7	3121	2537	79.7734	0x7779e6cc	255	87	106
17	4	3	8	3120	2538	79.5547	0x73fcee5a	255	78	120
17	4	3	9	3121	2538	79.9844	0x743b1670	255	77	110
17	4	3	10	3121	2539	80.0859	0x743d865d	255	73	120
17	4	3	11	3120	2539	79.6797	0x71bfc62b	255	70	127
17	4	3	12	3120	2540	79.5703	0x6b4695fe	255	65	139
17	4	3	13	3121	2540	80.1406	0x71410628	255	68	129
17	4	3	14	3121	2541	80.0234	0x650795bd	255	60	142
17	4	3	15	3120	2541	79.2578	0x6b463df8	255	64	145
17	4	3	16	3120	2542	79.1719	0x6d84d607	255	65	144
17	4	3	17	3121	2542	79.6484	0x680795e1	255	61	149
17	4	3	18	3121	2543	79.5312	0x68c065b6	255	56	132
17	4	3	19	3120	2543	78.9531	0x6f43fe19	255	66	137
17	4	3	20	3120	2544	78.9219	0x6dc005f3	255	63	127
17	4	3	21	3121	2544	79.625	0x697e45bf	255	55	122
17	4	3	22	3122	2534	79.3203	0x75b77ed7	255	91	98
17	4	3	23	3122	2535	79.6641	0x73f6a6c9	255	90	91
17	4	3	24	3122	2536	79.9375	0x7838f6f3	255	92	100
17	4	3	25	3122	2538	80.4062	0x7538deaa	255	85	104
17	4	3	26	3122	2539	80.5781	0x76bcce8f	255	83	118
17	4	3	27	3122	2540	80.6094	0x753ee666	255	76	123
17	4	3	28	3122	2541	80.6484	0x70c2c629	255	69	131
17	4	3	29	3122	2542	80.4375	0x6804b5c1	255	59	140
17	4	3	30	3122	2543	80.3516	0x680265b2	255	54	135
17	4	3	31	3122	2544	80.2891	0x6b3ee5d4	255	56	124
17	4	3	32	3122	2528	79.3516	0x7b7ec6f9	255	97	124
17	4	3	33	3123	2528	79.6953	0x717dc62b	255	71	123
17	4	3	34	3123	2529	79.6953	0x7241c63a	255	76	133
17	4	3	35	3122	2529	79.3359	0x7b4126f6	255	96	131
17	4	3	36	3122	2530	79.2812	0x7bc2e70f	255	97	139
17	4	3	37	3123	2530	79.5859	0x7783fead	255	85	142
17	4	3	38	3123	2535	79.9609	0x78f7d735	255	100	93
17	4	3	39	3123	2539	80.8594	0x79faf6fa	255	92	110
17	4	3	40	3123	2540	81.0156	0x773cce99	255	83	117
17	4	3	41	3123	2541	81.0625	0x7640067f	255	76	125
17	4	3	42	3123	2542	81.0156	0x6e41e5fe	255	63	133
17	4	3	43	3123	2543	80.9453	0x6d8185f3	255	60	131
17	4	3	44	3123	2544	80.9219	0x697ec5bd	255	55	125
17	4	3	45	3124	2528	80.3828	0x61bb557c	255	48	121
17	4	3	46	3124	2529	80.3281	0x6046357c	255	48	140
17	4	3	47	3124	2530	79.9844	0x69c5fde4	255	67	144
17	4	3	48	3123	2531	79.4453	0x76037e89	255	83	139
17	4	3	49	3124	2531	79.9453	0x72833e48	255	72	136
17	4	3	50	3124	2532	79.7812	0x75431e76	255	80	134
17	4	3	51	3124	2540	81.3594	0x783a7ecf	255	89	109
17	4	3	52	3124	2541	81.4609	0x76fc2e9c	255	83	113
17	4	3	53	3124	2542	81.6016	0x74bea65d	255	75	124
17	4	3	54	3124	2543	81.5469	0x71bf062b	255	69	125
17	4	3	55	3124	2544	81.6641	0x6efec603	255	66	123
17	4	3	56	3125	2528	81.3281	0x5bba4d4e	255	41	119
17	4	3	57	3125	2529	81.3359	0x5b078d5d	255	42	139
17	4	3	58	3125	2530	80.8359	0x55cd1d87	255	50	170
17	4	3	59	3125	2531	80.3984	0x6a498e1f	255	68	151
17	4	3	60	3125	2532	80.2031	0x7243be46	255	72	137
17	4	3	61	3125	2533	80.1641	0x76006679	255	78	127
17	4	3	62	3124	2533	79.75	0x787ea6a9	255	85	124
17	4	3	63	3124	2534	79.8672	0x797af6e8	255	92	109
17	4	3	64	3125	2534	80.1797	0x757a5e93	255	82	117
17	4	3	65	3125	2535	80.5234	0x6ff5e688	255	85	92
17	4	3	66	3124	2535	80.0703	0x7475feec	255	101	91
17	4	3	67	3124	2536	80.5312	0x72766eab	255	91	96
17	4	3	68	3125	2536	80.8516	0x76b8bed0	255	90	102
17	4	3	69	3125	2541	81.8047	0x78bbb6c8	255	90	110
17	4	3	70	3125	2542	81.9141	0x793d46c5	255	88	117
17	4	3	71	3125	2543	81.9766	0x76bd868c	255	84	120
17	4	3	72	3125	2544	82.0703	0x787da6b0	255	86	118
17	4	3	73	3126	2528	82.2344	0x5fbd0d60	255	44	125
17	4	3	74	3126	2529	82.125	0x6188c5a9	255	53	149
17	4	3	75	3126	2530	81.6562	0x588ee5cd	255	61	179
17	4	3	76	3126	2531	81.0234	0x614d05fc	255	65	170
17	4	3	77	3126	2532	80.7422	0x71c6ee64	255	75	149
17	4	3	78	3126	2533	80.5781	0x77c1c6a3	255	84	130
17	4	3	79	3126	2534	80.6328	0x767b7699	255	84	115
17	4	3	80	3126	2535	80.8672	0x7537f6bf	255	88	96
17	4	3	81	3126	2536	81.1562	0x77f8f6ec	255	94	104
17	4	3	82	3127	2528	83.0781	0x65439d9c	255	51	132
17	4	3	83	3127	2529	82.8125	0x610c45e6	255	59	162
17	4	3	84	3127	2530	82.2266	0x59cffdfa	255	68	185
17	4	3	85	3127	2531	81.6016	0x610f7e41	255	77	184
17	4	3	86	3127	2532	81.0859	0x700aa69b	255	84	163
17	4	3	87	3127	2533	80.8906	0x790286c1	255	87	131
17	4	3	88	3127	2535	81.1875	0x77f886f6	255	96	101
17	4	3	89	3128	2528	83.7344	0x6c05c5fd	255	61	140
17	4	3	90	3128	2529	83.3984	0x680c4643	255	75	171
17	4	3	91	3128	2530	82.8906	0x5ad18e3d	255	80	192
17	4	3	92	3128	2531	82.0234	0x5dd1e673	255	84	195
17	4	3	93	3128	2532	81.4922	0x6d0ba683	255	83	168
17	4	3	94	3128	2533	81.2344	0x7843bebe	255	87	133
17	4	3	95	3129	2528	84.25	0x70c92e81	255	82	157
17	4	3	96	3129	2529	83.7969	0x64ce0e48	255	79	174
17	4	3	97	3129	2530	83.25	0x60d1568a	255	87	193
17	4	3	98	3129	2531	82.4688	0x60118e8a	255	88	196
17	4	3	99	3129	2532	81.8984	0x6bcd2ea0	255	86	176
17	4	3	100	3129	2533	81.5547	0x7805aed3	255	91	137
17	4	3	101	3130	2528	84.5469	0x7686b6c5	255	91	153
17	4	3	102	3130	2529	84.375	0x6dcc6eac	255	95	167
17	4	3	103	3130	2530	83.6953	0x5ad30e80	255	91	198
17	4	3	104	3130	2531	82.8281	0x5fd286b6	255	92	199
17	4	3	105	3130	2532	82.2344	0x6c8deece	255	92	180
17	4	3	106	3130	2533	81.8516	0x77c716ef	255	93	146
17	4	3	107	3131	2529	84.5078	0x758c0f89	255	111	172
17	4	3	108	3131	2530	84.0859	0x6611af0a	255	105	194
17	4	3	109	3131	2531	83.1641	0x5e934ed1	255	100	202
17	4	3	110	3131	2532	82.5312	0x6c4ed6f4	255	97	184
17	4	3	111	3131	2533	82.1094	0x7788c717	255	100	154
17	4	3	112	3132	2532	82.7812	0x6bcfc723	255	103	188
17	5	4	0	3135	2528	84.6719	0x77843950	255	164	141
17	5	4	1	3136	2528	84.1562	0x738281af	255	182	134
17	5	4	2	3135	2529	84.4766	0x7748d8ed	255	155	157
17	5	4	3	3136	2529	84.1172	0x7344d19c	255	177	139
17	5	4	4	3136	2530	83.8516	0x710b6136	255	164	167
17	5	4	5	3135	2530	84.0938	0x72ccf8a9	255	144	178
17	5	4	6	3135	2531	83.5859	0x6d10088e	255	140	189
17	5	4	7	3136	2531	83.3516	0x700df8cb	255	150	182
18	0	0	0	3136	2531	83.3516	0x700df8cb	0	150	182
18	0	0	1	3137	2531	83.1797	0x714b612c	0	161	168
18	0	0	2	3136	2532	82.875	0x76cb207b	255	137	168
18	0	0	3	3137	2532	82.6875	0x78c9888a	255	142	158
18	0	0	4	3137	2533	82.5547	0x7e83d84c	255	135	142
18	0	0	5	3136	2533	82.6094	0x7d466020	255	130	151
18	0	0	6	3136	2534	82.4688	0x7f035800	255	127	139
18	0	0	7	3137	2534	82.4453	0x7f824018	255	130	135
18	0	0	8	3137	2535	82.4141	0x7fc0c7f4	255	126	129
18	0	0	9	3136	2535	82.3984	0x7f81a7e8	255	124	133
18	0	0	10	3136	2536	82.3672	0x7fc0a7dc	255	123	129
18	0	0	11	3137	2536	82.3984	0x7fc067e4	255	124	128
18	0	0	12	3137	2537	82.3906	0x7fc087e0	255	123	129
18	0	0	13	3136	2537	82.3594	0x7f80c7d8	255	122	130
18	0	0	14	3136	2538	82.3203	0x7f8167d8	255	123	132
18	0	0	15	3137	2538	82.3672	0x7f8167d4	255	122	132
18	0	0	16	3137	2539	82.3047	0x7f4207c8	255	121	135
18	0	0	17	3136	2539	82.2734	0x7f8207ec	255	125	135
18	0	0	18	3136	2540	82.1953	0x7f4287ec	255	126	137
18	0	0	19	3137	2540	82.2422	0x7f02ffd4	255	122	138
18	0	0	20	3137	2541	82.1172	0x7ec3bfe8	255	124	140
18	0	0	21	3136	2541	82.1172	0x7f431808	255	128	139
18	0	0	22	3136	2542	82	0x7f033808	255	128	140
18	0	0	23	3137	2542	82.0078	0x7f035fdc	255	123	140
18	0	0	24	3137	2543	81.9062	0x7f031fe0	255	124	139
18	0	0	25	3136	2543	81.9141	0x7f42f80c	255	128	139
18	0	0	26	3136	2544	81.8125	0x7ec43804	0	128	142
18	0	0	27	3137	2544	81.8125	0x7f037fe8	255	125	141
18	0	0	28	3138	2531	82.7344	0x75c4f16a	0	171	145
18	0	0	29	3138	2532	82.6016	0x7d44588e	255	148	142
18	0	0	30	3138	2533	82.4609	0x7ec2e058	255	138	137
18	0	0	31	3138	2534	82.4219	0x7fc0a014	255	129	128
18	0	0	32	3138	2535	82.4219	0x7fc007fc	255	127	127
18	0	0	33	3138	2536	82.4219	0x7fc007ec	255	125	127
18	0	0	34	3138	2537	82.4219	0x7fc047e0	255	123	128
18	0	0	35	3138	2538	82.4062	0x7f80a7c4	255	121	130
18	0	0	36	3138	2539	82.3828	0x7f4207c4	255	120	134
18	0	0	37	3138	2540	82.2812	0x7ec37fc8	255	120	139
18	0	0	38	3138	2541	82.1641	0x7ec35fc4	255	120	140
18	0	0	39	3138	2542	82.0703	0x7f02ffc0	255	119	139
18	0	0	40	3138	2543	81.9766	0x7ec35fb0	255	117	140
18	0	0	41	3138	2544	81.8594	0x7ec2ffa8	255	115	137
18	0	0	42	3139	2531	82.4219	0x7b40010e	0	159	127
18	0	0	43	3139	2532	82.4062	0x7e40a09e	255	146	129
18	0	0	44	3139	2533	82.3828	0x7f800048	255	136	127
18	0	0	45	3139	2534	82.4062	0x7fff6020	255	131	125
18	0	0	46	3139	2535	82.4219	0x7fff8008	255	128	125
18	0	0	47	3139	2536	82.4375	0x7fff87f8	255	126	125
18	0	0	48	3139	2537	82.4531	0x7fff47e8	255	124	125
18	0	0	49	3139	2538	82.4844	0x7f8087d4	255	123	128
18	0	0	50	3139	2539	82.4219	0x7f4227d8	255	122	134
18	0	0	51	3139	2540	82.3516	0x7f02ffc0	255	119	139
18	0	0	52	3139	2541	82.2344	0x7ec37fb4	255	118	140
18	0	0	53	3139	2542	82.1328	0x7f02c7b8	255	118	138
18	0	0	54	3139	2543	82.0625	0x7ec26795	255	114	136
18	0	0	55	3139	2544	81.9844	0x7e816775	255	110	131
18	0	0	56	3140	2531	82.1875	0x7cfbe8b1	0	148	111
18	0	0	57	3140	2532	82.2891	0x7efde06b	255	139	122
18	0	0	58	3140	2533	82.3203	0x7fbee03c	255	134	123
18	0	0	59	3140	2534	82.3594	0x7fbea02c	255	132	122
18	0	0	60	3140	2535	82.4062	0x7fbec01c	255	130	122
18	0	0	61	3140	2536	82.4375	0x7fff0008	255	128	123
18	0	0	62	3140	2537	82.4688	0x7fff27f0	255	125	124
18	0	0	63	3140	2538	82.4922	0x7fc02000	255	126	128
18	0	0	64	3140	2539	82.4609	0x7f8167e8	255	124	132
18	0	0	65	3140	2540	82.4062	0x7f4267d0	255	122	135
18	0	0	66	3140	2541	82.3125	0x7ec31fbc	255	119	139
18	0	0	67	3140	2542	82.2109	0x7ec20799	255	114	134
18	0	0	68	3140	2543	82.1875	0x7e81477d	255	111	132
18	0	0	69	3140	2544	82.1328	0x7dc16753	255	108	131
18	0	0	70	3141	2531	82.0703	0x7cfab887	0	142	108
18	0	0	71	3141	2532	82.1953	0x7ebce867	255	140	115
18	0	0	72	3141	2533	82.2656	0x7f3e0050	255	136	120
18	0	0	73	3141	2534	82.3203	0x7f7e6044	255	135	121
18	0	0	74	3141	2535	82.3672	0x7f7e603c	255	133	121
18	0	0	75	3141	2536	82.4219	0x7fbe2028	255	131	120
18	0	0	76	3141	2537	82.4844	0x7fff0014	255	129	124
18	0	0	77	3141	2538	82.4844	0x7fc04008	255	128	128
18	0	0	78	3141	2539	82.4688	0x7fc0a7f0	255	125	129
18	0	0	79	3141	2540	82.4453	0x7f81a7d8	255	122	133
18	0	0	80	3141	2541	82.3672	0x7f41c7ac	255	116	133
18	0	0	81	3141	2542	82.3359	0x7ec0c77d	255	111	130
18	0	0	82	3141	2543	82.3203	0x7e802775	255	110	129
18	0	0	83	3141	2544	82.3281	0x7e40e762	255	108	129
18	0	0	84	3142	2531	81.9219	0x7dbad05c	0	136	106
18	0	0	85	3142	2532	82.0859	0x7e3c286f	255	139	114
18	0	0	86	3142	2533	82.1641	0x7f3dc05f	255	139	118
18	0	0	87	3142	2534	82.2266	0x7f3e0058	255	138	119
18	0	0	88	3142	2535	82.2891	0x7f3de04c	255	136	119
18	0	0	89	3142	2536	82.3594	0x7f7dc040	255	135	118
18	0	0	90	3142	2537	82.4297	0x7f7e2038	255	134	120
18	0	0	91	3142	2538	82.4766	0x7fff000c	255	128	124
18	0	0	92	3142	2539	82.4922	0x7fffe7ec	255	125	127
18	0	0	93	3142	2540	82.4844	0x7f8047d0	255	121	128
18	0	0	94	3142	2541	82.4766	0x7f4047a8	255	116	128
18	0	0	95	3142	2542	82.4688	0x7f004791	255	114	128
18	0	0	96	3142	2543	82.4609	0x7f00678d	255	113	128
18	0	0	97	3142	2544	82.4453	0x7f008799	255	114	129
18	0	0	98	3143	2531	81.8906	0x7ebbe848	0	135	110
18	0	0	99	3143	2532	81.9766	0x7efd085c	255	138	115
18	0	0	100	3143	2533	82.0781	0x7f3d4048	255	136	117
18	0	0	101	3143	2534	82.1484	0x7f7dc044	255	135	118
18	0	0	102	3143	2535	82.2188	0x7f7da038	255	134	117
18	0	0	103	3143	2536	82.2969	0x7f7d802c	255	132	117
18	0	0	104	3143	2537	82.375	0x7f7d6020	255	131	117
18	0	0	105	3143	2538	82.4609	0x7fbde014	255	129	119
18	0	0	106	3143	2539	82.5078	0x7ffec7f8	255	126	123
18	0	0	107	3143	2540	82.5391	0x7fbf87d4	255	122	125
18	0	0	108	3143	2541	82.5391	0x7fbfc7c4	255	120	126
18	0	0	109	3143	2542	82.5547	0x7fbfe7bc	255	119	127
18	0	0	110	3143	2543	82.5469	0x7f4067ac	255	117	128
18	0	0	111	3143	2544	82.5312	0x7f40a7ac	255	117	129
18	0	0	112	3144	2531	81.7812	0x7e3be863	0	139	111
18	0	0	113	3144	2532	81.9062	0x7ebc2854	255	138	113
18	0	0	114	3144	2533	82.0234	0x7efd0858	255	137	116
18	0	0	115	3144	2534	82.0938	0x7f3d8048	255	135	117
18	0	0	116	3144	2535	82.1797	0x7f3d2038	255	134	116
18	0	0	117	3144	2536	82.2734	0x7f3d082c	255	132	116
18	0	0	118	3144	2537	82.3672	0x7f7d6024	255	131	117
18	0	0	119	3144	2538	82.4375	0x7fbdc018	255	129	118
18	0	0	120	3144	2539	82.5078	0x7fbde004	255	127	119
18	0	0	121	3144	2540	82.5703	0x7ffea7f8	255	125	122
18	0	0	122	3144	2541	82.5938	0x7fff87dc	255	123	125
18	0	0	123	3144	2542	82.6016	0x7fff87d8	255	122	125
18	0	0	124	3144	2543	82.625	0x7fbfe7c4	255	120	127
18	0	0	125	3144	2544	82.6094	0x7f8067bc	255	119	128
18	0	0	126	3145	2531	81.6953	0x7d7b3087	0	143	110
18	0	0	127	3145	2532	81.8125	0x7e3ca887	255	143	114
18	0	0	128	3145	2533	81.9062	0x7e3ce88e	255	143	115
18	0	0	129	3145	2534	82.0078	0x7e3cc87f	255	142	114
18	0	0	130	3145	2535	82.1094	0x7ebcc86b	255	140	114
18	0	0	131	3145	2536	82.2109	0x7ebce867	255	139	115
18	0	0	132	3145	2537	82.3047	0x7ebcc858	255	136	114
18	0	0	133	3145	2538	82.4141	0x7f3ce838	255	133	115
18	0	0	134	3145	2539	82.5	0x7fbdc01c	255	130	118
18	0	0	135	3145	2540	82.5547	0x7fbe4018	255	130	120
18	0	0	136	3145	2541	82.6094	0x7ffec000	255	127	123
18	0	0	137	3145	2542	82.6328	0x7fff27f0	255	125	124
18	0	0	138	3145	2543	82.6641	0x7fff87ec	0	125	125
18	0	0	139	3145	2544	82.6641	0x7fc007dc	0	123	127
18	0	0	140	3146	2532	81.6406	0x7cbc68c4	0	151	113
18	0	0	141	3146	2533	81.7422	0x7d3cc8b9	255	150	114
18	0	0	142	3146	2534	81.8438	0x7d3c68b1	255	149	113
18	0	0	143	3146	2535	81.9688	0x7d7c68a9	255	148	113
18	0	0	144	3146	2536	82.0703	0x7dbc689a	255	146	113
18	0	0	145	3146	2537	82.1953	0x7dfbe883	255	143	111
18	0	0	146	3146	2538	82.3281	0x7e3be86f	255	140	112
18	0	0	147	3146	2539	82.4531	0x7efce854	255	136	115
18	0	0	148	3146	2540	82.5234	0x7f7dc02c	255	132	118
18	0	0	149	3146	2541	82.5938	0x7fbe401c	255	130	120
18	0	0	150	3146	2542	82.6328	0x7ffee004	255	128	122
18	0	0	151	3146	2543	82.6641	0x7fff47fc	0	127	124
18	0	0	152	3146	2544	82.6797	0x7fff87ec	255	125	125
18	0	0	153	3147	2533	81.5391	0x7bfc48de	0	154	113
18	0	0	154	3147	2534	81.6562	0x7c7c48cf	255	153	112
18	0	0	155	3147	2535	81.7734	0x7c7c08cc	255	152	111
18	0	0	156	3147	2536	81.9062	0x7cbba8b5	255	149	110
18	0	0	157	3147	2537	82.0469	0x7cfb70a6	255	147	109
18	0	0	158	3147	2538	82.1953	0x7d3b7096	255	145	109
18	0	0	159	3147	2539	82.3359	0x7dbba887	255	142	111
18	0	0	160	3147	2540	82.4688	0x7ebc885c	255	137	114
18	0	0	161	3147	2541	82.5547	0x7f7d8034	255	133	117
18	0	0	162	3147	2542	82.625	0x7fbe2014	255	129	120
18	0	0	163	3147	2543	82.6719	0x7ffec004	255	128	123
18	0	0	164	3147	2544	82.7031	0x7fff4000	255	127	124
18	0	0	165	3148	2534	81.4297	0x7bbbc8de	0	154	111
18	0	0	166	3148	2535	81.5625	0x7c3b90cc	255	152	110
18	0	0	167	3148	2536	81.7109	0x7c7b30b9	255	150	108
18	0	0	168	3148	2537	81.8672	0x7c7af0a9	255	148	107
18	0	0	169	3148	2538	82.0312	0x7cfaf09a	255	146	107
18	0	0	170	3148	2539	82.1875	0x7d3b1087	255	143	107
18	0	0	171	3148	2540	82.3438	0x7dbb3073	255	140	109
18	0	0	172	3148	2541	82.4922	0x7ebc0848	255	136	112
18	0	0	173	3148	2542	82.5938	0x7f7d6034	255	133	118
18	0	0	174	3148	2543	82.6562	0x7fbea024	255	131	122
18	0	0	175	3148	2544	82.6797	0x7fff2010	255	129	123
18	0	0	176	3149	2535	81.3672	0x7b3ad0da	0	154	107
18	0	0	177	3149	2536	81.5391	0x7bba98c8	0	151	106
18	0	0	178	3149	2537	81.7109	0x7bfa78b5	255	149	105
18	0	0	179	3149	2538	81.8906	0x7c3a58a2	255	147	105
18	0	0	180	3149	2539	82.0703	0x7cba788e	255	144	105
18	0	0	181	3149	2540	82.2422	0x7d3a9877	255	141	106
18	0	0	182	3149	2541	82.4141	0x7dfb906f	255	139	110
18	0	0	183	3149	2542	82.5234	0x7f3d0844	0	135	115
18	0	0	184	3149	2543	82.6016	0x7f7da040	255	133	119
18	0	0	185	3149	2544	82.6719	0x7fbe401c	255	130	120
18	0	0	186	3150	2536	81.3125	0x797a0103	0	158	104
18	0	0	187	3150	2537	81.5078	0x79f9c0ed	0	156	103
18	0	0	188	3150	2538	81.7109	0x7ab9c0d7	0	153	103
18	0	0	189	3150	2539	81.9062	0x7b39c0c4	0	151	103
18	0	0	190	3150	2540	82.1094	0x7bfa38a9	0	147	104
18	0	0	191	3150	2541	82.2734	0x7cba7896	0	145	105
18	0	0	192	3150	2542	82.4609	0x7e3be863	0	138	113
18	0	0	193	3150	2543	82.5312	0x7f3d6044	255	135	117
18	0	0	194	3150	2544	82.625	0x7f7d8030	255	133	118
18	0	0	195	3151	2542	82.3281	0x7cba7896	0	145	106
18	0	0	196	3151	2543	82.4688	0x7ebc0848	255	137	113
18	0	0	197	3151	2544	82.5781	0x7f3d6044	255	135	117
18	0	0	198	3152	2542	82.1641	0x7b38d096	0	144	100
18	0	0	199	3152	2543	82.3906	0x7dbad05c	0	138	108
18	0	0	200	3152	2544	82.4922	0x7efc8840	255	134	113
18	1	0	0	3136	2528	84.1562	0x738281af	255	182	134
18	1	0	1	3137	2528	83.7422	0x6bbfe228	255	193	127
18	1	0	2	3137	2529	83.5938	0x718491c0	255	185	139
18	1	0	3	3136	2529	84.1172	0x7344d19c	255	177	139
18	1	0	4	3136	2530	83.8516	0x710b6136	255	164	167
18	1	0	5	3137	2530	83.4531	0x70c679b1	255	180	149
18	1	0	6	3137	2531	83.1797	0x714b612c	255	161	168
18	1	0	7	3136	2531	83.3516	0x700df8cb	255	150	182
18	1	0	8	3136	2532	82.875	0x76cb207b	0	137	168
18	1	0	9	3137	2532	82.6875	0x78c9888a	0	142	158
18	1	0	10	3136	2543	81.9141	0x7f42f80c	0	128	139
18	1	0	11	3137	2543	81.9062	0x7f031fe0	0	124	139
18	1	0	12	3136	2544	81.8125	0x7ec43804	255	128	142
18	1	0	13	3137	2544	81.8125	0x7f037fe8	0	125	141
18	1	0	14	3138	2528	82.875	0x5f795a89	255	207	109
18	1	0	15	3138	2529	83.1406	0x6d3f6214	255	192	126
18	1	0	16	3138	2530	82.9141	0x6e8659d8	255	184	138
18	1	0	17	3138	2531	82.7344	0x75c4f16a	255	171	145
18	1	0	18	3138	2532	82.6016	0x7d44588e	0	148	142
18	1	0	19	3139	2528	82.0781	0x5bf40256	255	200	88
18	1	0	20	3139	2529	82.375	0x693ada2f	255	188	115
18	1	0	21	3139	2530	82.4062	0x74ff419d	255	178	124
18	1	0	22	3139	2531	82.4219	0x7b40010e	255	159	127
18	1	0	23	3139	2532	82.4062	0x7e40a09e	0	146	129
18	1	0	24	3140	2528	81.375	0x6b337186	255	164	79
18	1	0	25	3140	2529	81.8281	0x70b6196f	255	168	92
18	1	0	26	3140	2530	82.0312	0x797a590e	255	160	111
18	1	0	27	3140	2531	82.1875	0x7cfbe8b1	255	148	111
18	1	0	28	3140	2532	82.2891	0x7efde06b	0	139	122
18	1	0	29	3141	2528	81.2422	0x74f33050	255	134	77
18	1	0	30	3141	2529	81.6016	0x78f6988a	255	139	91
18	1	0	31	3141	2530	81.8594	0x7b78b88b	255	143	98
18	1	0	32	3141	2531	82.0703	0x7cfab887	255	142	108
18	1	0	33	3141	2532	82.1953	0x7ebce867	0	140	115
18	1	0	34	3142	2528	81.2188	0x77b4b010	255	128	82
18	1	0	35	3142	2529	81.5547	0x7b77b02c	255	132	95
18	1	0	36	3142	2530	81.7578	0x7d7a3848	255	134	103
18	1	0	37	3142	2531	81.9219	0x7dbad05c	255	136	106
18	1	0	38	3142	2532	82.0859	0x7e3c286f	0	139	114
18	1	0	39	3143	2528	81.2109	0x7935b808	255	128	86
18	1	0	40	3143	2529	81.5156	0x7bf82034	255	132	96
18	1	0	41	3143	2530	81.7188	0x7d7a1838	255	134	104
18	1	0	42	3143	2531	81.8906	0x7ebbe848	255	135	110
18	1	0	43	3143	2532	81.9766	0x7efd085c	0	138	115
18	1	0	44	3144	2528	81.2031	0x7a76e848	255	133	89
18	1	0	45	3144	2529	81.4531	0x7c391063	255	138	100
18	1	0	46	3144	2530	81.6484	0x7d7ad06b	255	139	105
18	1	0	47	3144	2531	81.7812	0x7e3be863	255	139	111
18	1	0	48	3144	2532	81.9062	0x7ebc2854	0	138	113
18	1	0	49	3145	2528	81.0703	0x78f708a5	255	146	92
18	1	0	50	3145	2529	81.3203	0x7b79309e	255	145	99
18	1	0	51	3145	2530	81.5078	0x7cba2087	255	143	104
18	1	0	52	3145	2531	81.6953	0x7d7b3087	255	143	110
18	1	0	53	3145	2532	81.8125	0x7e3ca887	0	143	114
18	1	0	54	3144	2542	82.6016	0x7fff87d8	0	122	125
18	1	0	55	3145	2542	82.6328	0x7fff27f0	0	125	124
18	1	0	56	3145	2543	82.6641	0x7fff87ec	255	125	125
18	1	0	57	3144	2543	82.625	0x7fbfe7c4	0	120	127
18	1	0	58	3144	2544	82.6094	0x7f8067bc	0	119	128
18	1	0	59	3145	2544	82.6641	0x7fc007dc	255	123	127
18	1	0	60	3146	2528	80.875	0x7a7860a9	255	147	95
18	1	0	61	3146	2529	81.1406	0x79f820b5	255	149	96
18	1	0	62	3146	2530	81.3828	0x7bba20b9	255	149	105
18	1	0	63	3146	2531	81.5156	0x7c7be8c4	255	151	111
18	1	0	64	3146	2532	81.6406	0x7cbc68c4	255	151	113
18	1	0	65	3145	2533	81.9062	0x7e3ce88e	0	143	115
18	1	0	66	3146	2533	81.7422	0x7d3cc8b9	0	150	114
18	1	0	67	3146	2542	82.6328	0x7ffee004	0	128	122
18	1	0	68	3146	2543	82.6641	0x7fff47fc	255	127	124
18	1	0	69	3146	2544	82.6797	0x7fff87ec	0	125	125
18	1	0	70	3147	2528	80.7344	0x76f6d0e9	255	152	92
18	1	0	71	3147	2529	80.9609	0x79f9a8e6	255	155	100
18	1	0	72	3147	2530	81.1406	0x7a7a98f4	255	157	106
18	1	0	73	3147	2531	81.3047	0x7b3b90f1	255	156	110
18	1	0	74	3147	2532	81.4219	0x7bbc48e9	255	156	113
18	1	0	75	3147	2533	81.5391	0x7bfc48de	255	154	113
18	1	0	76	3146	2534	81.8438	0x7d3c68b1	0	149	113
18	1	0	77	3147	2534	81.6562	0x7c7c48cf	0	153	112
18	1	0	78	3147	2543	82.6719	0x7ffec004	0	128	123
18	1	0	79	3148	2528	80.4062	0x74b70934	255	164	92
18	1	0	80	3148	2529	80.6797	0x7738811f	255	162	98
18	1	0	81	3148	2530	80.8906	0x79ba7906	255	160	106
18	1	0	82	3148	2531	81.0312	0x7a3b910a	255	160	110
18	1	0	83	3148	2532	81.1719	0x7afbc8f8	255	158	111
18	1	0	84	3148	2533	81.2969	0x7b7be8ed	255	156	111
18	1	0	85	3148	2534	81.4297	0x7bbbc8de	255	154	111
18	1	0	86	3147	2535	81.7734	0x7c7c08cc	0	152	111
18	1	0	87	3148	2535	81.5625	0x7c3b90cc	0	152	110
18	1	0	88	3149	2528	80.1016	0x7235793d	255	165	88
18	1	0	89	3149	2529	80.375	0x7578293e	255	166	98
18	1	0	90	3149	2530	80.6094	0x76f9e142	255	166	104
18	1	0	91	3149	2531	80.7656	0x793b111f	255	163	108
18	1	0	92	3149	2532	80.9219	0x79fb5111	255	161	109
18	1	0	93	3149	2533	81.0625	0x7a7b70ff	255	158	109
18	1	0	94	3149	2534	81.2109	0x7afb30f1	255	157	108
18	1	0	95	3149	2535	81.3672	0x7b3ad0da	255	154	107
18	1	0	96	3148	2536	81.7109	0x7c7b30b9	0	150	108
18	1	0	97	3149	2536	81.5391	0x7bba98c8	255	151	106
18	1	0	98	3149	2537	81.7109	0x7bfa78b5	0	149	105
18	1	0	99	3149	2541	82.4141	0x7dfb906f	0	139	110
18	1	0	100	3148	2542	82.5938	0x7f7d6034	0	133	118
18	1	0	101	3149	2542	82.5234	0x7f3d0844	255	135	115
18	1	0	102	3149	2543	82.6016	0x7f7da040	0	133	119
18	1	0	103	3150	2528	79.75	0x7075b168	255	170	88
18	1	0	104	3150	2529	80.0234	0x7438a166	255	171	100
18	1	0	105	3150	2530	80.2266	0x74b9696d	255	171	103
18	1	0	106	3150	2531	80.4453	0x75b9e15d	255	170	104
18	1	0	107	3150	2532	80.6172	0x773ab94c	255	167	107
18	1	0	108	3150	2533	80.7812	0x783ad938	255	165	107
18	1	0	109	3150	2534	80.9453	0x78ba9926	255	163	106
18	1	0	110	3150	2535	81.125	0x78fa3915	255	161	105
18	1	0	111	3150	2536	81.3125	0x797a0103	255	158	104
18	1	0	112	3150	2537	81.5078	0x79f9c0ed	255	156	103
18	1	0	113	3150	2538	81.7109	0x7ab9c0d7	255	153	103
18	1	0	114	3149	2538	81.8906	0x7c3a58a2	0	147	105
18	1	0	115	3149	2539	82.0703	0x7cba788e	0	144	105
18	1	0	116	3150	2539	81.9062	0x7b39c0c4	255	151	103
18	1	0	117	3150	2540	82.1094	0x7bfa38a9	255	147	104
18	1	0	118	3149	2540	82.2422	0x7d3a9877	0	141	106
18	1	0	119	3150	2541	82.2734	0x7cba7896	255	145	105
18	1	0	120	3150	2542	82.4609	0x7e3be863	255	138	113
18	1	0	121	3150	2543	82.5312	0x7f3d6044	0	135	117
18	1	0	122	3151	2528	79.3438	0x6df56190	255	175	88
18	1	0	123	3151	2529	79.625	0x71384998	255	176	99
18	1	0	124	3151	2530	79.8438	0x7339898c	255	176	103
18	1	0	125	3151	2531	80.0391	0x7379e18d	255	175	104
18	1	0	126	3151	2532	80.2344	0x747a017a	255	173	105
18	1	0	127	3151	2533	80.4219	0x757a2166	255	171	105
18	1	0	128	3151	2534	80.6094	0x767a0153	255	169	104
18	1	0	129	3151	2535	80.8047	0x76b9a942	255	166	103
18	1	0	130	3151	2536	81.0156	0x7739512d	255	164	101
18	1	0	131	3151	2537	81.2344	0x77f91114	255	161	100
18	1	0	132	3151	2538	81.4609	0x78b91103	255	159	100
18	1	0	133	3151	2539	81.6797	0x797910e9	255	155	100
18	1	0	134	3151	2540	81.9062	0x7a3930d3	255	153	100
18	1	0	135	3151	2541	82.1172	0x7b3968ad	255	148	102
18	1	0	136	3151	2542	82.3281	0x7cba7896	255	145	106
18	1	0	137	3151	2543	82.4688	0x7ebc0848	0	137	113
18	1	0	138	3152	2528	78.8906	0x6df6c1af	255	178	93
18	1	0	139	3152	2529	79.1484	0x6fb869b3	255	180	99
18	1	0	140	3152	2530	79.3828	0x7178f9a1	255	178	101
18	1	0	141	3152	2531	79.6016	0x72b9318f	255	176	102
18	1	0	142	3152	2532	79.8203	0x73795180	255	174	102
18	1	0	143	3152	2533	80.0312	0x74b9696d	255	172	102
18	1	0	144	3152	2534	80.2422	0x75b95156	255	169	102
18	1	0	145	3152	2535	80.4609	0x7638f13e	255	166	100
18	1	0	146	3152	2536	80.6953	0x76b88129	255	163	98
18	1	0	147	3152	2537	80.9453	0x77786111	255	160	98
18	1	0	148	3152	2538	81.1875	0x783860fb	255	157	97
18	1	0	149	3152	2539	81.4375	0x78f840e2	255	154	97
18	1	0	150	3152	2540	81.6875	0x79b860cb	255	151	97
18	1	0	151	3152	2541	81.9297	0x7a7898b1	255	148	98
18	1	0	152	3152	2542	82.1641	0x7b38d096	255	144	100
18	1	0	153	3152	2543	82.3906	0x7dbad05c	255	138	108
18	1	0	154	3152	2544	82.4922	0x7efc8840	0	134	113
18	2	1	0	3138	2528	82.875	0x5f795a89	255	207	109
18	2	1	1	3139	2528	82.0781	0x5bf40256	255	200	88
18	2	1	2	3139	2529	82.375	0x693ada2f	255	188	115
18	2	1	3	3140	2528	81.375	0x6b337186	255	164	79
18	2	1	4	3140	2529	81.8281	0x70b6196f	255	168	92
18	2	1	5	3140	2530	82.0312	0x797a590e	255	160	111
18	2	1	6	3141	2528	81.2422	0x74f33050	255	134	77
18	2	1	7	3141	2529	81.6016	0x78f6988a	255	139	91
18	2	1	8	3142	2528	81.2188	0x77b4b010	255	128	82
18	2	1	9	3147	2528	80.7344	0x76f6d0e9	255	152	92
18	2	1	10	3148	2528	80.4062	0x74b70934	255	164	92
18	2	1	11	3147	2529	80.9609	0x79f9a8e6	255	155	100
18	2	1	12	3148	2529	80.6797	0x7738811f	255	162	98
18	2	1	13	3149	2528	80.1016	0x7235793d	255	165	88
18	2	1	14	3149	2529	80.375	0x7578293e	255	166	98
18	2	1	15	3150	2528	79.75	0x7075b168	255	170	88
18	2	1	16	3150	2529	80.0234	0x7438a166	255	171	100
18	2	1	17	3150	2530	80.2266	0x74b9696d	255	171	103
18	2	1	18	3149	2530	80.6094	0x76f9e142	255	166	104
18	2	1	19	3149	2531	80.7656	0x793b111f	255	163	108
18	2	1	20	3150	2531	80.4453	0x75b9e15d	255	170	104
18	2	1	21	3151	2528	79.3438	0x6df56190	255	175	88
18	2	1	22	3151	2529	79.625	0x71384998	255	176	99
18	2	1	23	3151	2530	79.8438	0x7339898c	255	176	103
18	2	1	24	3151	2531	80.0391	0x7379e18d	255	175	104
18	2	1	25	3150	2532	80.6172	0x773ab94c	255	167	107
18	2	1	26	3151	2532	80.2344	0x747a017a	255	173	105
18	2	1	27	3151	2533	80.4219	0x757a2166	255	171	105
18	2	1	28	3150	2533	80.7812	0x783ad938	255	165	107
18	2	1	29	3150	2534	80.9453	0x78ba9926	255	163	106
18	2	1	30	3151	2534	80.6094	0x767a0153	255	169	104
18	2	1	31	3152	2528	78.8906	0x6df6c1af	255	178	93
18	2	1	32	3152	2529	79.1484	0x6fb869b3	255	180	99
18	2	1	33	3152	2530	79.3828	0x7178f9a1	255	178	101
18	2	1	34	3152	2531	79.6016	0x72b9318f	255	176	102
18	2	1	35	3152	2532	79.8203	0x73795180	255	174	102
18	2	1	36	3152	2533	80.0312	0x74b9696d	255	172	102
18	2	1	37	3152	2534	80.2422	0x75b95156	255	169	102
18	2	1	38	3151	2535	80.8047	0x76b9a942	255	166	103
18	2	1	39	3152	2535	80.4609	0x7638f13e	255	166	100
18	3	2	0	3136	2529	84.1172	0x7344d19c	255	177	139
18	3	2	1	3137	2529	83.5938	0x718491c0	255	185	139
18	3	2	2	3136	2530	83.8516	0x710b6136	255	164	167
18	3	2	3	3137	2530	83.4531	0x70c679b1	255	180	149
18	3	2	4	3137	2531	83.1797	0x714b612c	255	161	168
18	3	2	5	3136	2531	83.3516	0x700df8cb	255	150	182
18	3	2	6	3136	2532	82.875	0x76cb207b	255	137	168
18	3	2	7	3137	2532	82.6875	0x78c9888a	255	142	158
18	3	2	8	3138	2530	82.9141	0x6e8659d8	255	184	138
18	3	2	9	3138	2531	82.7344	0x75c4f16a	255	171	145
18	3	2	10	3138	2532	82.6016	0x7d44588e	255	148	142
18	4	4	0	3136	2528	84.1562	0x738281af	255	182	134
18	4	4	1	3137	2528	83.7422	0x6bbfe228	255	193	127
18	4	4	2	3137	2529	83.5938	0x718491c0	255	185	139
18	4	4	3	3136	2529	84.1172	0x7344d19c	255	177	139
18	4	4	4	3136	2530	83.8516	0x710b6136	255	164	167
18	4	4	5	3137	2530	83.4531	0x70c679b1	255	180	149
18	4	4	6	3137	2531	83.1797	0x714b612c	255	161	168
18	4	4	7	3136	2531	83.3516	0x700df8cb	255	150	182
18	4	4	8	3136	2532	82.875	0x76cb207b	255	137	168
18	4	4	9	3137	2532	82.6875	0x78c9888a	255	142	158
18	4	4	10	3138	2528	82.875	0x5f795a89	255	207	109
18	4	4	11	3138	2529	83.1406	0x6d3f6214	255	192	126
18	4	4	12	3138	2530	82.9141	0x6e8659d8	255	184	138
18	4	4	13	3138	2531	82.7344	0x75c4f16a	255	171	145
18	4	4	14	3138	2532	82.6016	0x7d44588e	255	148	142
18	4	4	15	3139	2528	82.0781	0x5bf40256	255	200	88
18	4	4	16	3139	2529	82.375	0x693ada2f	255	188	115
18	4	4	17	3139	2530	82.4062	0x74ff419d	255	178	124
18	4	4	18	3139	2531	82.4219	0x7b40010e	255	159	127
18	4	4	19	3140	2528	81.375	0x6b337186	255	164	79
18	4	4	20	3140	2529	81.8281	0x70b6196f	255	168	92
18	4	4	21	3140	2530	82.0312	0x797a590e	255	160	111
18	4	4	22	3141	2528	81.2422	0x74f33050	255	134	77
18	4	4	23	3141	2529	81.6016	0x78f6988a	255	139	91
18	4	4	24	3147	2528	80.7344	0x76f6d0e9	255	152	92
18	4	4	25	3148	2528	80.4062	0x74b70934	255	164	92
18	4	4	26	3147	2529	80.9609	0x79f9a8e6	255	155	100
18	4	4	27	3148	2529	80.6797	0x7738811f	255	162	98
18	4	4	28	3149	2528	80.1016	0x7235793d	255	165	88
18	4	4	29	3149	2529	80.375	0x7578293e	255	166	98
18	4	4	30	3150	2528	79.75	0x7075b168	255	170	88
18	4	4	31	3150	2529	80.0234	0x7438a166	255	171	100
18	4	4	32	3150	2530	80.2266	0x74b9696d	255	171	103
18	4	4	33	3149	2530	80.6094	0x76f9e142	255	166	104
18	4	4	34	3149	2531	80.7656	0x793b111f	255	163	108
18	4	4	35	3150	2531	80.4453	0x75b9e15d	255	170	104
18	4	4	36	3151	2528	79.3438	0x6df56190	255	175	88
18	4	4	37	3151	2529	79.625	0x71384998	255	176	99
18	4	4	38	3151	2530	79.8438	0x7339898c	255	176	103
18	4	4	39	3151	2531	80.0391	0x7379e18d	255	175	104
18	4	4	40	3150	2532	80.6172	0x773ab94c	255	167	107
18	4	4	41	3151	2532	80.2344	0x747a017a	255	173	105
18	4	4	42	3151	2533	80.4219	0x757a2166	255	171	105
18	4	4	43	3150	2533	80.7812	0x783ad938	255	165	107
18	4	4	44	3150	2534	80.9453	0x78ba9926	255	163	106
18	4	4	45	3151	2534	80.6094	0x767a0153	255	169	104
18	4	4	46	3152	2528	78.8906	0x6df6c1af	255	178	93
18	4	4	47	3152	2529	79.1484	0x6fb869b3	255	180	99
18	4	4	48	3152	2530	79.3828	0x7178f9a1	255	178	101
18	4	4	49	3152	2531	79.6016	0x72b9318f	255	176	102
18	4	4	50	3152	2532	79.8203	0x73795180	255	174	102
18	4	4	51	3152	2533	80.0312	0x74b9696d	255	172	102
18	4	4	52	3152	2534	80.2422	0x75b95156	255	169	102
18	4	4	53	3151	2535	80.8047	0x76b9a942	255	166	103
18	4	4	54	3152	2535	80.4609	0x7638f13e	255	166	100
19	0	0	0	3152	2528	78.8906	0x6df6c1af	255	178	93
19	0	0	1	3153	2528	78.4062	0x6eb749af	255	179	95
19	0	0	2	3153	2529	78.6797	0x7037b9a1	255	178	97
19	0	0	3	3152	2529	79.1484	0x6fb869b3	255	180	99
19	0	0	4	3152	2530	79.3828	0x7178f9a1	255	178	101
19	0	0	5	3153	2530	78.9453	0x71b8298f	255	176	98
19	0	0	6	3153	2531	79.1875	0x7338a179	255	173	99
19	0	0	7	3152	2531	79.6016	0x72b9318f	255	176	102
19	0	0	8	3152	2532	79.8203	0x73795180	255	174	102
19	0	0	9	3153	2532	79.4219	0x7438b969	255	171	100
19	0	0	10	3153	2533	79.6562	0x7538a152	255	168	99
19	0	0	11	3152	2533	80.0312	0x74b9696d	255	172	102
19	0	0	12	3152	2534	80.2422	0x75b95156	255	169	102
19	0	0	13	3153	2534	79.8984	0x75f8613b	255	165	98
19	0	0	14	3153	2535	80.1484	0x76b82922	255	162	97
19	0	0	15	3152	2535	80.4609	0x7638f13e	255	166	100
19	0	0	16	3152	2536	80.6953	0x76b88129	255	163	98
19	0	0	17	3153	2536	80.4062	0x7737d10a	255	159	95
19	0	0	18	3153	2537	80.6797	0x77b798f4	255	156	94
19	0	0	19	3152	2537	80.9453	0x77786111	255	160	98
19	0	0	20	3152	2538	81.1875	0x783860fb	255	157	97
19	0	0	21	3153	2538	80.9531	0x787798da	255	153	94
19	0	0	22	3153	2539	81.2266	0x793798c0	255	150	94
19	0	0	23	3152	2539	81.4375	0x78f840e2	255	154	97
19	0	0	24	3152	2540	81.6875	0x79b860cb	255	151	97
19	0	0	25	3153	2540	81.5	0x79b7b0a9	255	147	94
19	0	0	26	3153	2541	81.7656	0x7a77d08e	255	144	94
19	0	0	27	3152	2541	81.9297	0x7a7898b1	255	148	98
19	0	0	28	3152	2542	82.1641	0x7b38d096	255	144	100
19	0	0	29	3153	2542	82.0312	0x7af7e86f	255	140	95
19	0	0	30	3153	2543	82.2891	0x7cb96854	255	136	103
19	0	0	31	3152	2543	82.3906	0x7dbad05c	255	138	108
19	0	0	32	3152	2544	82.4922	0x7efc8840	0	134	113
19	0	0	33	3153	2544	82.4531	0x7e7b502c	255	132	108
19	0	0	34	3154	2528	77.9531	0x6df6a9af	255	178	93
19	0	0	35	3154	2529	78.25	0x6fb7319e	255	177	94
19	0	0	36	3154	2530	78.5312	0x70f7818f	255	175	96
19	0	0	37	3154	2531	78.8047	0x7277d979	255	173	96
19	0	0	38	3154	2532	79.0625	0x73b7f163	255	170	97
19	0	0	39	3154	2533	79.3281	0x7477d14f	255	168	96
19	0	0	40	3154	2534	79.5938	0x7537b93a	255	165	95
19	0	0	41	3154	2535	79.8672	0x75b76126	255	162	94
19	0	0	42	3154	2536	80.1562	0x7637090a	255	159	92
19	0	0	43	3154	2537	80.4531	0x76f6f0f4	255	156	92
19	0	0	44	3154	2538	80.75	0x7776d0da	255	153	91
19	0	0	45	3154	2539	81.0547	0x7836d0c0	255	150	91
19	0	0	46	3154	2540	81.3516	0x7876e8bc	255	148	92
19	0	0	47	3154	2541	81.6484	0x78f6e8a2	255	146	91
19	0	0	48	3154	2542	81.9453	0x79b72087	255	141	92
19	0	0	49	3154	2543	82.2266	0x7c38d058	255	137	99
19	0	0	50	3154	2544	82.4062	0x7dfaf048	255	134	107
19	0	0	51	3155	2528	77.4688	0x6af6e1e1	255	185	94
19	0	0	52	3155	2529	77.7891	0x6bb691d1	255	183	93
19	0	0	53	3155	2530	78.0938	0x6d36e1c0	255	181	94
19	0	0	54	3155	2531	78.3906	0x6e3711b2	255	179	95
19	0	0	55	3155	2532	78.6797	0x6fb7499e	255	177	95
19	0	0	56	3155	2533	78.9609	0x70b7498e	255	175	95
19	0	0	57	3155	2534	79.25	0x7137117c	255	172	94
19	0	0	58	3155	2535	79.5469	0x71f6a165	255	170	92
19	0	0	59	3155	2536	79.8672	0x72765152	255	167	90
19	0	0	60	3155	2537	80.1875	0x72f63141	255	164	90
19	0	0	61	3155	2538	80.5156	0x73f61129	255	161	89
19	0	0	62	3155	2539	80.8438	0x7576b914	255	159	90
19	0	0	63	3155	2540	81.125	0x7676d0ff	255	157	91
19	0	0	64	3155	2541	81.4453	0x767648e9	255	154	89
19	0	0	65	3155	2542	81.7656	0x7675d8d3	255	152	87
19	0	0	66	3155	2543	82.1172	0x793790bc	255	146	96
19	0	0	67	3155	2544	82.3125	0x7c79a073	255	141	102
19	0	0	68	3156	2528	76.875	0x6eb889c7	255	180	105
19	0	0	69	3156	2529	77.2188	0x67f5f1f7	255	188	91
19	0	0	70	3156	2530	77.5469	0x67f661ff	255	189	94
19	0	0	71	3156	2531	77.8594	0x693691f3	255	188	94
19	0	0	72	3156	2532	78.1719	0x6a76a9e3	255	186	94
19	0	0	73	3156	2533	78.4766	0x6b76a9d3	255	184	93
19	0	0	74	3156	2534	78.7891	0x6c3659c3	255	181	92
19	0	0	75	3156	2535	79.1172	0x6cb609b4	255	179	90
19	0	0	76	3156	2536	79.4531	0x6d75e9a6	255	177	90
19	0	0	77	3156	2537	79.7891	0x6df5b197	255	176	89
19	0	0	78	3156	2538	80.1406	0x6e757987	255	174	88
19	0	0	79	3156	2539	80.4922	0x6f35997b	255	172	88
19	0	0	80	3156	2540	80.8359	0x7135a958	255	168	89
19	0	0	81	3156	2541	81.1797	0x71f5a947	255	165	87
19	0	0	82	3156	2542	81.5234	0x72f5e137	255	164	88
19	0	0	83	3156	2543	81.8516	0x7336193a	255	164	89
19	0	0	84	3156	2544	82.1797	0x783828f8	255	153	98
19	0	0	85	3157	2528	76.4688	0x74bbe990	255	177	113
19	0	0	86	3157	2529	76.6406	0x6bb8f9f8	255	186	104
19	0	0	87	3157	2530	76.9219	0x67b6b209	255	191	95
19	0	0	88	3157	2531	77.2578	0x65f5fa10	255	191	93
19	0	0	89	3157	2532	77.5938	0x67361201	255	189	92
19	0	0	90	3157	2533	77.9219	0x687609f2	255	187	92
19	0	0	91	3157	2534	78.2578	0x6935f1e5	255	186	91
19	0	0	92	3157	2535	78.5938	0x6975a1da	255	184	90
19	0	0	93	3157	2536	78.9531	0x69f551cd	255	182	88
19	0	0	94	3157	2537	79.3125	0x6ab539bf	255	181	88
19	0	0	95	3157	2538	79.6797	0x6b7531b3	255	179	87
19	0	0	96	3157	2539	80.0391	0x6c3531a8	255	178	87
19	0	0	97	3157	2540	80.4062	0x6cf5319c	255	176	87
19	0	0	98	3157	2541	80.7656	0x6db54990	255	175	87
19	0	0	99	3157	2542	81.125	0x6eb57984	255	173	88
19	0	0	100	3157	2543	81.4688	0x6fb5b175	255	172	88
19	0	0	101	3157	2544	81.8125	0x7075e16b	255	170	89
19	0	0	102	3158	2528	76.0234	0x747f61a6	255	177	124
19	0	0	103	3158	2529	76.0781	0x707af9ce	255	184	113
19	0	0	104	3158	2530	76.3438	0x6a3789f6	255	188	98
19	0	0	105	3158	2531	76.6328	0x67764204	255	190	93
19	0	0	106	3158	2532	76.9922	0x677571f4	255	187	90
19	0	0	107	3158	2533	77.3438	0x687589e7	255	186	89
19	0	0	108	3158	2534	77.6953	0x697569d7	255	184	89
19	0	0	109	3158	2535	78.0547	0x69f521c7	255	181	87
19	0	0	110	3158	2536	78.4297	0x6a74e9bc	255	180	86
19	0	0	111	3158	2537	78.8047	0x6af4d1b0	255	178	86
19	0	0	112	3158	2538	79.1875	0x6bb4b1a2	255	177	85
19	0	0	113	3158	2539	79.5703	0x6cb4c993	255	175	85
19	0	0	114	3158	2540	79.9453	0x6d74e18a	255	173	85
19	0	0	115	3158	2541	80.3203	0x6e34e17b	255	172	85
19	0	0	116	3158	2542	80.6953	0x6ef4f971	255	170	85
19	0	0	117	3158	2543	81.0625	0x70354161	255	169	86
19	0	0	118	3158	2544	81.4141	0x71359155	255	167	87
19	0	0	119	3159	2528	75.5625	0x734081b8	255	182	128
19	0	0	120	3159	2529	75.625	0x72bc89b8	255	183	115
19	0	0	121	3159	2530	75.7812	0x6db919dd	255	186	104
19	0	0	122	3159	2531	76.0703	0x6a35f1d8	255	184	91
19	0	0	123	3159	2532	76.4531	0x6974e9c9	255	182	87
19	0	0	124	3159	2533	76.8203	0x6ab4e9b9	255	180	86
19	0	0	125	3159	2534	77.2031	0x6b74b1a8	255	177	85
19	0	0	126	3159	2535	77.5859	0x6c349996	255	175	84
19	0	0	127	3159	2536	77.9766	0x6cf47987	255	173	84
19	0	0	128	3159	2537	78.3672	0x6db44974	255	171	83
19	0	0	129	3159	2538	78.7734	0x6e342964	255	169	82
19	0	0	130	3159	2539	79.1719	0x6f345957	255	167	82
19	0	0	131	3159	2540	79.5625	0x70345944	255	165	82
19	0	0	132	3159	2541	79.9609	0x70f47133	255	163	82
19	0	0	133	3159	2542	80.3438	0x71f4a125	255	161	83
19	0	0	134	3159	2543	80.7266	0x72b4b914	255	159	83
19	0	0	135	3159	2544	81.1016	0x73b50902	255	157	84
19	0	0	136	3160	2528	75.0703	0x720081cf	255	186	127
19	0	0	137	3160	2529	75.125	0x703ca9e2	255	187	117
19	0	0	138	3160	2530	75.2812	0x6df8f9d8	255	184	102
19	0	0	139	3160	2531	75.5781	0x6bb599b9	255	180	89
19	0	0	140	3160	2532	75.9766	0x6ab451a7	255	177	84
19	0	0	141	3160	2533	76.375	0x6bf44993	255	175	83
19	0	0	142	3160	2534	76.7734	0x6cb43183	255	173	82
19	0	0	143	3160	2535	77.1797	0x6d33f971	255	170	81
19	0	0	144	3160	2536	77.5938	0x6df3c95e	255	168	81
19	0	0	145	3160	2537	78.0156	0x6eb3a947	255	165	80
19	0	0	146	3160	2538	78.4375	0x6f73c139	255	163	80
19	0	0	147	3160	2539	78.8516	0x7073c125	255	161	80
19	0	0	148	3160	2540	79.2734	0x7133c110	255	159	79
19	0	0	149	3160	2541	79.6875	0x7233f0fe	255	157	80
19	0	0	150	3160	2542	80.0938	0x733400e5	255	154	80
19	0	0	151	3160	2543	80.5	0x73f430d3	255	151	81
19	0	0	152	3160	2544	80.8906	0x74f480bc	255	149	81
19	0	0	153	3161	2528	74.5469	0x6dbf620f	255	192	125
19	0	0	154	3161	2529	74.5547	0x6d7d0a0a	255	192	119
19	0	0	155	3161	2530	74.7344	0x6a77a1f4	255	188	99
19	0	0	156	3161	2531	75.1016	0x697451bb	255	181	84
19	0	0	157	3161	2532	75.5312	0x6973a9a7	255	177	81
19	0	0	158	3161	2533	75.9531	0x6ab3b995	255	174	81
19	0	0	159	3161	2534	76.375	0x6bb3a180	255	172	80
19	0	0	160	3161	2535	76.8047	0x6c73696d	255	170	79
19	0	0	161	3161	2536	77.2422	0x6cf3395a	255	167	78
19	0	0	162	3161	2537	77.6875	0x6df33146	255	165	78
19	0	0	163	3161	2538	78.125	0x6eb33136	255	163	78
19	0	0	164	3161	2539	78.5703	0x6fb3311e	255	160	77
19	0	0	165	3161	2540	79.0078	0x7073410c	255	158	77
19	0	0	166	3161	2541	79.4453	0x713340f7	255	155	77
19	0	0	167	3161	2542	79.8828	0x727370de	255	153	78
19	0	0	168	3161	2543	80.3047	0x733398c7	255	150	78
19	0	0	169	3161	2544	80.7266	0x7433c8ad	255	147	79
19	0	0	170	3162	2528	73.8672	0x677da257	255	200	122
19	0	0	171	3162	2529	73.9375	0x6a7b9226	255	195	114
19	0	0	172	3162	2530	74.1484	0x67f611f7	255	189	94
19	0	0	173	3162	2531	74.6016	0x65b309cf	255	182	79
19	0	0	174	3162	2532	75.0547	0x66f321bf	255	179	79
19	0	0	175	3162	2533	75.5	0x683319ac	255	177	79
19	0	0	176	3162	2534	75.9531	0x69330197	255	174	78
19	0	0	177	3162	2535	76.4062	0x6a32e182	255	172	77
19	0	0	178	3162	2536	76.8672	0x6af2b170	255	169	76
19	0	0	179	3162	2537	77.3359	0x6bb2a95d	255	167	76
19	0	0	180	3162	2538	77.7969	0x6cf2a946	255	165	76
19	0	0	181	3162	2539	78.2656	0x6db2a136	255	163	75
19	0	0	182	3162	2540	78.7266	0x6eb2b91e	255	160	75
19	0	0	183	3162	2541	79.1875	0x6f72b109	255	157	75
19	0	0	184	3162	2542	79.6484	0x7072c8f3	255	155	75
19	0	0	185	3162	2543	80.1016	0x71b2f0da	255	152	76
19	0	0	186	3162	2544	80.5469	0x72f338c0	255	149	77
19	0	0	187	3163	2528	73.1016	0x6cfd6211	255	191	122
19	0	0	188	3163	2529	73.2734	0x66b88a31	255	194	111
19	0	0	189	3163	2530	73.5859	0x657479f8	255	188	87
19	0	0	190	3163	2531	74.0625	0x62b289e8	255	184	78
19	0	0	191	3163	2532	74.5391	0x64b281cf	255	181	77
19	0	0	192	3163	2533	75.0156	0x65f281b9	255	179	78
19	0	0	193	3163	2534	75.4922	0x657269be	255	179	77
19	0	0	194	3163	2535	75.9766	0x67b24997	255	175	76
19	0	0	195	3163	2536	76.4609	0x6772319a	255	174	75
19	0	0	196	3163	2537	76.9531	0x68721985	255	171	74
19	0	0	197	3163	2538	77.4453	0x69f2296c	255	169	74
19	0	0	198	3163	2539	77.9297	0x6bf21943	255	164	73
19	0	0	199	3163	2540	78.4219	0x6d721921	255	160	73
19	0	0	200	3163	2541	78.9062	0x6df2291a	255	157	73
19	0	0	201	3163	2542	79.3906	0x703238dd	255	152	73
19	0	0	202	3163	2543	79.8672	0x71b248a1	255	145	72
19	0	0	203	3163	2544	80.3438	0x72727896	255	143	73
19	0	0	204	3164	2528	72.6562	0x74c26197	255	180	133
19	0	0	205	3164	2529	72.6094	0x6b7aba10	255	193	120
19	0	0	206	3164	2530	72.9922	0x5ef3822d	255	194	88
19	0	0	207	3164	2531	73.4844	0x5bb1e229	255	192	77
19	0	0	208	3164	2532	74.0156	0x5c31ba1e	255	190	77
19	0	0	209	3164	2533	74.5234	0x6032aa0a	255	188	79
19	0	0	210	3164	2534	74.9609	0x60b211f4	255	185	76
19	0	0	211	3164	2535	75.5234	0x6131e1ea	255	183	75
19	0	0	212	3164	2536	75.9766	0x63b241d3	255	181	75
19	0	0	213	3164	2537	76.5	0x637179bd	255	178	73
19	0	0	214	3164	2538	77.0234	0x63f0f9a4	255	175	71
19	0	0	215	3164	2539	77.5938	0x64f0c98d	255	171	69
19	0	0	216	3164	2540	78.1328	0x6871b975	255	168	72
19	0	0	217	3164	2541	78.6094	0x68312162	255	166	70
19	0	0	218	3164	2542	79.2031	0x68b00120	255	155	67
19	0	0	219	3164	2543	79.7812	0x6d3148f7	255	148	69
19	0	0	220	3164	2544	80.25	0x70731102	255	149	74
19	0	0	221	3165	2528	72.2344	0x7445a980	255	174	148
19	0	0	222	3165	2529	72.0625	0x72bfe1c4	255	184	127
19	0	0	223	3165	2530	72.2422	0x64f62a20	255	193	97
19	0	0	224	3165	2531	72.7188	0x5af2423a	255	194	80
19	0	0	225	3165	2532	73.2344	0x58b1723c	255	195	76
19	0	0	226	3165	2533	73.7891	0x57f12a3d	255	194	77
19	0	0	227	3165	2534	74.3359	0x5b717a20	255	191	75
19	0	0	228	3165	2535	74.8516	0x59717234	255	192	76
19	0	0	229	3165	2536	75.4062	0x5bb1020f	255	188	73
19	0	0	230	3165	2537	75.9609	0x5cf0e1ff	255	186	72
19	0	0	231	3165	2538	76.5234	0x5e70f1ef	255	184	72
19	0	0	232	3165	2539	77.0703	0x5c711209	255	186	73
19	0	0	233	3165	2540	77.625	0x5db131fe	255	186	73
19	0	0	234	3165	2541	78.1562	0x5e7049db	255	182	70
19	0	0	235	3165	2542	78.7969	0x5ceff1df	255	180	67
19	0	0	236	3165	2543	79.3672	0x6171c9e2	255	180	73
19	0	0	237	3165	2544	79.8203	0x64b211be	255	178	75
19	0	0	238	3166	2528	71.8438	0x72c9b948	255	167	160
19	0	0	239	3166	2529	71.625	0x7482219d	255	178	130
19	0	0	240	3166	2530	71.7109	0x6e78f9d2	255	183	108
19	0	0	241	3166	2531	72.0781	0x61f36207	255	189	83
19	0	0	242	3166	2532	72.5938	0x5ef1ea04	255	187	75
19	0	0	243	3166	2533	73.0938	0x5e7181fe	255	186	74
19	0	0	244	3166	2534	73.6484	0x5fb1a9f5	255	185	74
19	0	0	245	3166	2535	74.1328	0x5ef151f5	255	184	73
19	0	0	246	3166	2536	74.7188	0x5cb069f3	255	183	70
19	0	0	247	3166	2537	75.2969	0x5e7071e0	255	181	69
19	0	0	248	3166	2538	75.875	0x60b161df	255	182	72
19	0	0	249	3166	2539	76.3594	0x603161e6	255	182	73
19	0	0	250	3166	2540	76.9375	0x5c7069f8	255	183	71
19	0	0	251	3166	2541	77.5234	0x5e7061db	255	181	69
19	0	0	252	3166	2542	78.1016	0x5ab08a0e	255	186	71
19	0	0	253	3166	2543	78.6797	0x5ab08a0e	255	188	71
19	0	0	254	3166	2544	79.2578	0x5d3079f1	255	185	72
19	0	0	255	3167	2528	71.5547	0x6a4a81ca	255	178	166
19	0	0	256	3167	2529	71.1797	0x73456996	255	174	131
19	0	0	257	3167	2530	71.2109	0x75fad967	255	169	115
19	0	0	258	3167	2531	71.5078	0x6bf4198c	255	170	83
19	0	0	259	3167	2532	72.0234	0x6571018d	255	170	70
19	0	0	260	3167	2533	72.5938	0x65705974	255	168	68
19	0	0	261	3167	2534	73.1719	0x6770e165	255	166	69
19	0	0	262	3167	2535	73.6875	0x68312162	255	165	69
19	0	0	263	3167	2536	74.2422	0x66b0114f	255	162	65
19	0	0	264	3167	2537	74.8594	0x66afe948	255	162	65
19	0	0	265	3167	2538	75.4297	0x68f0d949	255	162	68
19	0	0	266	3167	2539	75.9531	0x6b71a938	255	161	71
19	0	0	267	3167	2540	76.4453	0x6830994c	255	161	67
19	0	0	268	3167	2541	77.0703	0x68b0d94f	255	162	68
19	0	0	269	3167	2542	77.5391	0x68f17163	255	162	71
19	0	0	270	3167	2543	78.1094	0x6570997e	255	165	68
19	0	0	271	3167	2544	78.6641	0x6570997e	255	166	67
19	0	0	272	3168	2528	70.8281	0x66474238	255	192	141
19	0	0	273	3168	2529	70.7578	0x743de1a6	255	180	124
19	0	0	274	3168	2530	70.9609	0x76b8b930	255	164	103
19	0	0	275	3168	2531	71.2266	0x737480f4	255	155	84
19	0	0	276	3168	2532	71.7344	0x6d3100e8	255	151	67
19	0	0	277	3168	2533	72.2969	0x6bb018d6	255	148	64
19	0	0	278	3168	2534	72.8906	0x6d30d0d9	255	149	67
19	0	0	279	3168	2535	73.3828	0x6cb068ce	255	147	66
19	0	0	280	3168	2536	74.0156	0x6aef58b4	255	145	61
19	0	0	281	3168	2537	74.6094	0x6c6fe8b0	255	144	63
19	0	0	282	3168	2538	75.1875	0x6e30a0ad	255	144	66
19	0	0	283	3168	2539	75.7109	0x6f7120a1	255	142	68
19	0	0	284	3168	2540	76.2422	0x6eb08883	255	138	64
19	0	0	285	3168	2541	76.8203	0x6ef0887b	255	133	65
19	0	0	286	3168	2542	77.3516	0x70f1485b	255	132	66
19	0	0	287	3168	2543	77.8594	0x7030c030	255	129	66
19	0	0	288	3168	2544	78.4375	0x6e70003c	255	129	63
19	1	1	0	3152	2528	78.8906	0x6df6c1af	255	178	93
19	1	1	1	3153	2528	78.4062	0x6eb749af	255	179	95
19	1	1	2	3153	2529	78.6797	0x7037b9a1	255	178	97
19	1	1	3	3152	2529	79.1484	0x6fb869b3	255	180	99
19	1	1	4	3152	2530	79.3828	0x7178f9a1	255	178	101
19	1	1	5	3153	2530	78.9453	0x71b8298f	255	176	98
19	1	1	6	3153	2531	79.1875	0x7338a179	255	173	99
19	1	1	7	3152	2531	79.6016	0x72b9318f	255	176	102
19	1	1	8	3152	2532	79.8203	0x73795180	255	174	102
19	1	1	9	3153	2532	79.4219	0x7438b969	255	171	100
19	1	1	10	3153	2533	79.6562	0x7538a152	255	168	99
19	1	1	11	3152	2533	80.0312	0x74b9696d	255	172	102
19	1	1	12	3152	2534	80.2422	0x75b95156	255	169	102
19	1	1	13	3153	2534	79.8984	0x75f8613b	255	165	98
19	1	1	14	3153	2535	80.1484	0x76b82922	255	162	97
19	1	1	15	3152	2535	80.4609	0x7638f13e	255	166	100
19	1	1	16	3154	2528	77.9531	0x6df6a9af	255	178	93
19	1	1	17	3154	2529	78.25	0x6fb7319e	255	177	94
19	1	1	18	3154	2530	78.5312	0x70f7818f	255	175	96
19	1	1	19	3154	2531	78.8047	0x7277d979	255	173	96
19	1	1	20	3154	2532	79.0625	0x73b7f163	255	170	97
19	1	1	21	3154	2533	79.3281	0x7477d14f	255	168	96
19	1	1	22	3154	2534	79.5938	0x7537b93a	255	165	95
19	1	1	23	3154	2535	79.8672	0x75b76126	255	162	94
19	1	1	24	3155	2528	77.4688	0x6af6e1e1	255	185	94
19	1	1	25	3155	2529	77.7891	0x6bb691d1	255	183	93
19	1	1	26	3155	2530	78.0938	0x6d36e1c0	255	181	94
19	1	1	27	3155	2531	78.3906	0x6e3711b2	255	179	95
19	1	1	28	3155	2532	78.6797	0x6fb7499e	255	177	95
19	1	1	29	3155	2533	78.9609	0x70b7498e	255	175	95
19	1	1	30	3155	2534	79.25	0x7137117c	255	172	94
19	1	1	31	3155	2535	79.5469	0x71f6a165	255	170	92
19	1	1	32	3154	2536	80.1562	0x7637090a	255	159	92
19	1	1	33	3155	2536	79.8672	0x72765152	255	167	90
19	1	1	34	3155	2537	80.1875	0x72f63141	255	164	90
19	1	1	35	3154	2537	80.4531	0x76f6f0f4	255	156	92
19	1	1	36	3154	2538	80.75	0x7776d0da	255	153	91
19	1	1	37	3155	2538	80.5156	0x73f61129	255	161	89
19	1	1	38	3155	2539	80.8438	0x7576b914	255	159	90
19	1	1	39	3156	2528	76.875	0x6eb889c7	255	180	105
19	1	1	40	3156	2529	77.2188	0x67f5f1f7	255	188	91
19	1	1	41	3156	2530	77.5469	0x67f661ff	255	189	94
19	1	1	42	3156	2531	77.8594	0x693691f3	255	188	94
19	1	1	43	3156	2532	78.1719	0x6a76a9e3	255	186	94
19	1	1	44	3156	2533	78.4766	0x6b76a9d3	255	184	93
19	1	1	45	3156	2534	78.7891	0x6c3659c3	255	181	92
19	1	1	46	3156	2535	79.1172	0x6cb609b4	255	179	90
19	1	1	47	3156	2536	79.4531	0x6d75e9a6	255	177	90
19	1	1	48	3156	2537	79.7891	0x6df5b197	255	176	89
19	1	1	49	3156	2538	80.1406	0x6e757987	255	174	88
19	1	1	50	3156	2539	80.4922	0x6f35997b	255	172	88
19	1	1	51	3156	2540	80.8359	0x7135a958	255	168	89
19	1	1	52	3155	2540	81.125	0x7676d0ff	255	157	91
19	1	1	53	3155	2541	81.4453	0x767648e9	255	154	89
19	1	1	54	3156	2541	81.1797	0x71f5a947	255	165	87
19	1	1	55	3156	2542	81.5234	0x72f5e137	255	164	88
19	1	1	56	3155	2542	81.7656	0x7675d8d3	255	152	87
19	1	1	57	3155	2543	82.1172	0x793790bc	255	146	96
19	1	1	58	3156	2543	81.8516	0x7336193a	255	164	89
19	1	1	59	3156	2544	82.1797	0x783828f8	255	153	98
19	1	1	60	3157	2528	76.4688	0x74bbe990	255	177	113
19	1	1	61	3157	2529	76.6406	0x6bb8f9f8	255	186	104
19	1	1	62	3157	2530	76.9219	0x67b6b209	255	191	95
19	1	1	63	3157	2531	77.2578	0x65f5fa10	255	191	93
19	1	1	64	3157	2532	77.5938	0x67361201	255	189	92
19	1	1	65	3157	2533	77.9219	0x687609f2	255	187	92
19	1	1	66	3157	2534	78.2578	0x6935f1e5	255	186	91
19	1	1	67	3157	2535	78.5938	0x6975a1da	255	184	90
19	1	1	68	3157	2536	78.9531	0x69f551cd	255	182	88
19	1	1	69	3157	2537	79.3125	0x6ab539bf	255	181	88
19	1	1	70	3157	2538	79.6797	0x6b7531b3	255	179	87
19	1	1	71	3157	2539	80.0391	0x6c3531a8	255	178	87
19	1	1	72	3157	2540	80.4062	0x6cf5319c	255	176	87
19	1	1	73	3157	2541	80.7656	0x6db54990	255	175	87
19	1	1	74	3157	2542	81.125	0x6eb57984	255	173	88
19	1	1	75	3157	2543	81.4688	0x6fb5b175	255	172	88
19	1	1	76	3157	2544	81.8125	0x7075e16b	255	170	89
19	1	1	77	3158	2529	76.0781	0x707af9ce	255	184	113
19	1	1	78	3158	2530	76.3438	0x6a3789f6	255	188	98
19	1	1	79	3158	2531	76.6328	0x67764204	255	190	93
19	1	1	80	3158	2532	76.9922	0x677571f4	255	187	90
19	1	1	81	3158	2533	77.3438	0x687589e7	255	186	89
19	1	1	82	3158	2534	77.6953	0x697569d7	255	184	89
19	1	1	83	3158	2535	78.0547	0x69f521c7	255	181	87
19	1	1	84	3158	2536	78.4297	0x6a74e9bc	255	180	86
19	1	1	85	3158	2537	78.8047	0x6af4d1b0	255	178	86
19	1	1	86	3158	2538	79.1875	0x6bb4b1a2	255	177	85
19	1	1	87	3158	2539	79.5703	0x6cb4c993	255	175	85
19	1	1	88	3158	2540	79.9453	0x6d74e18a	255	173	85
19	1	1	89	3158	2541	80.3203	0x6e34e17b	255	172	85
19	1	1	90	3158	2542	80.6953	0x6ef4f971	255	170	85
19	1	1	91	3158	2543	81.0625	0x70354161	255	169	86
19	1	1	92	3158	2544	81.4141	0x71359155	255	167	87
19	1	1	93	3159	2529	75.625	0x72bc89b8	255	183	115
19	1	1	94	3159	2530	75.7812	0x6db919dd	255	186	104
19	1	1	95	3159	2531	76.0703	0x6a35f1d8	255	184	91
19	1	1	96	3159	2532	76.4531	0x6974e9c9	255	182	87
19	1	1	97	3159	2533	76.8203	0x6ab4e9b9	255	180	86
19	1	1	98	3159	2534	77.2031	0x6b74b1a8	255	177	85
19	1	1	99	3159	2535	77.5859	0x6c349996	255	175	84
19	1	1	100	3159	2536	77.9766	0x6cf47987	255	173	84
19	1	1	101	3159	2537	78.3672	0x6db44974	255	171	83
19	1	1	102	3159	2538	78.7734	0x6e342964	255	169	82
19	1	1	103	3159	2539	79.1719	0x6f345957	255	167	82
19	1	1	104	3159	2540	79.5625	0x70345944	255	165	82
19	1	1	105	3159	2541	79.9609	0x70f47133	255	163	82
19	1	1	106	3159	2542	80.3438	0x71f4a125	255	161	83
19	1	1	107	3159	2543	80.7266	0x72b4b914	255	159	83
19	1	1	108	3159	2544	81.1016	0x73b50902	255	157	84
19	1	1	109	3160	2529	75.125	0x703ca9e2	255	187	117
19	1	1	110	3160	2530	75.2812	0x6df8f9d8	255	184	102
19	1	1	111	3160	2531	75.5781	0x6bb599b9	255	180	89
19	1	1	112	3160	2532	75.9766	0x6ab451a7	255	177	84
19	1	1	113	3160	2533	76.375	0x6bf44993	255	175	83
19	1	1	114	3160	2534	76.7734	0x6cb43183	255	173	82
19	1	1	115	3160	2535	77.1797	0x6d33f971	255	170	81
19	1	1	116	3160	2536	77.5938	0x6df3c95e	255	168	81
19	1	1	117	3160	2537	78.0156	0x6eb3a947	255	165	80
19	1	1	118	3160	2538	78.4375	0x6f73c139	255	163	80
19	1	1	119	3160	2539	78.8516	0x7073c125	255	161	80
19	1	1	120	3160	2540	79.2734	0x7133c110	255	159	79
19	1	1	121	3160	2541	79.6875	0x7233f0fe	255	157	80
19	1	1	122	3160	2542	80.0938	0x733400e5	255	154	80
19	1	1	123	3160	2543	80.5	0x73f430d3	255	151	81
19	1	1	124	3160	2544	80.8906	0x74f480bc	255	149	81
19	1	1	125	3161	2529	74.5547	0x6d7d0a0a	255	192	119
19	1	1	126	3161	2530	74.7344	0x6a77a1f4	255	188	99
19	1	1	127	3161	2531	75.1016	0x697451bb	255	181	84
19	1	1	128	3161	2532	75.5312	0x6973a9a7	255	177	81
19	1	1	129	3161	2533	75.9531	0x6ab3b995	255	174	81
19	1	1	130	3161	2534	76.375	0x6bb3a180	255	172	80
19	1	1	131	3161	2535	76.8047	0x6c73696d	255	170	79
19	1	1	132	3161	2536	77.2422	0x6cf3395a	255	167	78
19	1	1	133	3161	2537	77.6875	0x6df33146	255	165	78
19	1	1	134	3161	2538	78.125	0x6eb33136	255	163	78
19	1	1	135	3161	2539	78.5703	0x6fb3311e	255	160	77
19	1	1	136	3161	2540	79.0078	0x7073410c	255	158	77
19	1	1	137	3161	2541	79.4453	0x713340f7	255	155	77
19	1	1	138	3161	2542	79.8828	0x727370de	255	153	78
19	1	1	139	3161	2543	80.3047	0x733398c7	255	150	78
19	1	1	140	3161	2544	80.7266	0x7433c8ad	255	147	79
19	1	1	141	3162	2529	73.9375	0x6a7b9226	255	195	114
19	1	1	142	3162	2530	74.1484	0x67f611f7	255	189	94
19	1	1	143	3162	2531	74.6016	0x65b309cf	255	182	79
19	1	1	144	3162	2532	75.0547	0x66f321bf	255	179	79
19	1	1	145	3162	2533	75.5	0x683319ac	255	177	79
19	1	1	146	3162	2534	75.9531	0x69330197	255	174	78
19	1	1	147	3162	2535	76.4062	0x6a32e182	255	172	77
19	1	1	148	3162	2536	76.8672	0x6af2b170	255	169	76
19	1	1	149	3162	2537	77.3359	0x6bb2a95d	255	167	76
19	1	1	150	3162	2538	77.7969	0x6cf2a946	255	165	76
19	1	1	151	3162	2539	78.2656	0x6db2a136	255	163	75
19	1	1	152	3162	2540	78.7266	0x6eb2b91e	255	160	75
19	1	1	153	3162	2541	79.1875	0x6f72b109	255	157	75
19	1	1	154	3162	2542	79.6484	0x7072c8f3	255	155	75
19	1	1	155	3162	2543	80.1016	0x71b2f0da	255	152	76
19	1	1	156	3162	2544	80.5469	0x72f338c0	255	149	77
19	1	1	157	3163	2529	73.2734	0x66b88a31	255	194	111
19	1	1	158	3163	2530	73.5859	0x657479f8	255	188	87
19	1	1	159	3163	2531	74.0625	0x62b289e8	255	184	78
19	1	1	160	3163	2532	74.5391	0x64b281cf	255	181	77
19	1	1	161	3163	2533	75.0156	0x65f281b9	255	179	78
19	1	1	162	3163	2534	75.4922	0x657269be	255	179	77
19	1	1	163	3163	2535	75.9766	0x67b24997	255	175	76
19	1	1	164	3163	2536	76.4609	0x6772319a	255	174	75
19	1	1	165	3163	2537	76.9531	0x68721985	255	171	74
19	1	1	166	3163	2538	77.4453	0x69f2296c	255	169	74
19	1	1	167	3163	2539	77.9297	0x6bf21943	255	164	73
19	1	1	168	3163	2540	78.4219	0x6d721921	255	160	73
19	1	1	169	3163	2541	78.9062	0x6df2291a	255	157	73
19	1	1	170	3163	2542	79.3906	0x703238dd	255	152	73
19	1	1	171	3163	2543	79.8672	0x71b248a1	255	145	72
19	1	1	172	3163	2544	80.3438	0x72727896	255	143	73
19	1	1	173	3164	2529	72.6094	0x6b7aba10	255	193	120
19	1	1	174	3164	2530	72.9922	0x5ef3822d	255	194	88
19	1	1	175	3164	2531	73.4844	0x5bb1e229	255	192	77
19	1	1	176	3164	2532	74.0156	0x5c31ba1e	255	190	77
19	1	1	177	3164	2533	74.5234	0x6032aa0a	255	188	79
19	1	1	178	3164	2534	74.9609	0x60b211f4	255	185	76
19	1	1	179	3164	2535	75.5234	0x6131e1ea	255	183	75
19	1	1	180	3164	2536	75.9766	0x63b241d3	255	181	75
19	1	1	181	3164	2537	76.5	0x637179bd	255	178	73
19	1	1	182	3164	2538	77.0234	0x63f0f9a4	255	175	71
19	1	1	183	3164	2539	77.5938	0x64f0c98d	255	171	69
19	1	1	184	3164	2540	78.1328	0x6871b975	255	168	72
19	1	1	185	3164	2541	78.6094	0x68312162	255	166	70
19	1	1	186	3164	2542	79.2031	0x68b00120	255	155	67
19	1	1	187	3164	2543	79.7812	0x6d3148f7	255	148	69
19	1	1	188	3164	2544	80.25	0x70731102	255	149	74
19	1	1	189	3165	2529	72.0625	0x72bfe1c4	255	184	127
19	1	1	190	3165	2530	72.2422	0x64f62a20	255	193	97
19	1	1	191	3165	2531	72.7188	0x5af2423a	255	194	80
19	1	1	192	3165	2532	73.2344	0x58b1723c	255	195	76
19	1	1	193	3165	2533	73.7891	0x57f12a3d	255	194	77
19	1	1	194	3165	2534	74.3359	0x5b717a20	255	191	75
19	1	1	195	3165	2535	74.8516	0x59717234	255	192	76
19	1	1	196	3165	2536	75.4062	0x5bb1020f	255	188	73
19	1	1	197	3165	2537	75.9609	0x5cf0e1ff	255	186	72
19	1	1	198	3165	2538	76.5234	0x5e70f1ef	255	184	72
19	1	1	199	3165	2539	77.0703	0x5c711209	255	186	73
19	1	1	200	3165	2540	77.625	0x5db131fe	255	186	73
19	1	1	201	3165	2541	78.1562	0x5e7049db	255	182	70
19	1	1	202	3165	2542	78.7969	0x5ceff1df	255	180	67
19	1	1	203	3165	2543	79.3672	0x6171c9e2	255	180	73
19	1	1	204	3165	2544	79.8203	0x64b211be	255	178	75
19	1	1	205	3166	2530	71.7109	0x6e78f9d2	255	183	108
19	1	1	206	3166	2531	72.0781	0x61f36207	255	189	83
19	1	1	207	3166	2532	72.5938	0x5ef1ea04	255	187	75
19	1	1	208	3166	2533	73.0938	0x5e7181fe	255	186	74
19	1	1	209	3166	2534	73.6484	0x5fb1a9f5	255	185	74
19	1	1	210	3166	2535	74.1328	0x5ef151f5	255	184	73
19	1	1	211	3166	2536	74.7188	0x5cb069f3	255	183	70
19	1	1	212	3166	2537	75.2969	0x5e7071e0	255	181	69
19	1	1	213	3166	2538	75.875	0x60b161df	255	182	72
19	1	1	214	3166	2539	76.3594	0x603161e6	255	182	73
19	1	1	215	3166	2540	76.9375	0x5c7069f8	255	183	71
19	1	1	216	3166	2541	77.5234	0x5e7061db	255	181	69
19	1	1	217	3166	2542	78.1016	0x5ab08a0e	255	186	71
19	1	1	218	3166	2543	78.6797	0x5ab08a0e	255	188	71
19	1	1	219	3166	2544	79.2578	0x5d3079f1	255	185	72
19	1	1	220	3167	2530	71.2109	0x75fad967	255	169	115
19	1	1	221	3167	2531	71.5078	0x6bf4198c	255	170	83
19	1	1	222	3167	2532	72.0234	0x6571018d	255	170	70
19	1	1	223	3167	2533	72.5938	0x65705974	255	168	68
19	1	1	224	3167	2534	73.1719	0x6770e165	255	166	69
19	1	1	225	3167	2535	73.6875	0x68312162	255	165	69
19	1	1	226	3167	2536	74.2422	0x66b0114f	255	162	65
19	1	1	227	3167	2537	74.8594	0x66afe948	255	162	65
19	1	1	228	3167	2538	75.4297	0x68f0d949	255	162	68
19	1	1	229	3167	2539	75.9531	0x6b71a938	255	161	71
19	1	1	230	3167	2540	76.4453	0x6830994c	255	161	67
19	1	1	231	3167	2541	77.0703	0x68b0d94f	255	162	68
19	1	1	232	3167	2542	77.5391	0x68f17163	255	162	71
19	1	1	233	3167	2543	78.1094	0x6570997e	255	165	68
19	1	1	234	3167	2544	78.6641	0x6570997e	255	166	67
19	1	1	235	3168	2530	70.9609	0x76b8b930	255	164	103
19	1	1	236	3168	2531	71.2266	0x737480f4	255	155	84
19	1	1	237	3168	2532	71.7344	0x6d3100e8	255	151	67
19	1	1	238	3168	2533	72.2969	0x6bb018d6	255	148	64
19	1	1	239	3168	2534	72.8906	0x6d30d0d9	255	149	67
19	1	1	240	3168	2535	73.3828	0x6cb068ce	255	147	66
19	1	1	241	3168	2536	74.0156	0x6aef58b4	255	145	61
19	1	1	242	3168	2537	74.6094	0x6c6fe8b0	255	144	63
19	1	1	243	3168	2538	75.1875	0x6e30a0ad	255	144	66
19	1	1	244	3168	2539	75.7109	0x6f7120a1	255	142	68
19	1	1	245	3168	2540	76.2422	0x6eb08883	255	138	64
19	1	1	246	3168	2541	76.8203	0x6ef0887b	255	133	65
19	1	1	247	3168	2542	77.3516	0x70f1485b	255	132	66
19	1	1	248	3168	2543	77.8594	0x7030c030	255	129	66
19	1	1	249	3168	2544	78.4375	0x6e70003c	255	129	63
19	2	2	0	3164	2528	72.6562	0x74c26197	255	180	133
19	2	2	1	3165	2528	72.2344	0x7445a980	255	174	148
19	2	2	2	3165	2529	72.0625	0x72bfe1c4	255	184	127
19	2	2	3	3166	2528	71.8438	0x72c9b948	255	167	160
19	2	2	4	3166	2529	71.625	0x7482219d	255	178	130
19	2	2	5	3167	2528	71.5547	0x6a4a81ca	255	178	166
19	2	2	6	3167	2529	71.1797	0x73456996	255	174	131
19	2	2	7	3168	2528	70.8281	0x66474238	255	192	141
19	3	4	0	3152	2528	78.8906	0x6df6c1af	255	178	93
19	3	4	1	3153	2528	78.4062	0x6eb749af	255	179	95
19	3	4	2	3153	2529	78.6797	0x7037b9a1	255	178	97
19	3	4	3	3152	2529	79.1484	0x6fb869b3	255	180	99
19	3	4	4	3152	2530	79.3828	0x7178f9a1	255	178	101
19	3	4	5	3153	2530	78.9453	0x71b8298f	255	176	98
19	3	4	6	3153	2531	79.1875	0x7338a179	255	173	99
19	3	4	7	3152	2531	79.6016	0x72b9318f	255	176	102
19	3	4	8	3152	2532	79.8203	0x73795180	255	174	102
19	3	4	9	3153	2532	79.4219	0x7438b969	255	171	100
19	3	4	10	3153	2533	79.6562	0x7538a152	255	168	99
19	3	4	11	3152	2533	80.0312	0x74b9696d	255	172	102
19	3	4	12	3152	2534	80.2422	0x75b95156	255	169	102
19	3	4	13	3153	2534	79.8984	0x75f8613b	255	165	98
19	3	4	14	3153	2535	80.1484	0x76b82922	255	162	97
19	3	4	15	3152	2535	80.4609	0x7638f13e	255	166	100
19	3	4	16	3154	2528	77.9531	0x6df6a9af	255	178	93
19	3	4	17	3154	2529	78.25	0x6fb7319e	255	177	94
19	3	4	18	3154	2530	78.5312	0x70f7818f	255	175	96
19	3	4	19	3154	2531	78.8047	0x7277d979	255	173	96
19	3	4	20	3154	2532	79.0625	0x73b7f163	255	170	97
19	3	4	21	3154	2533	79.3281	0x7477d14f	255	168	96
19	3	4	22	3154	2534	79.5938	0x7537b93a	255	165	95
19	3	4	23	3154	2535	79.8672	0x75b76126	255	162	94
19	3	4	24	3155	2528	77.4688	0x6af6e1e1	255	185	94
19	3	4	25	3155	2529	77.7891	0x6bb691d1	255	183	93
19	3	4	26	3155	2530	78.0938	0x6d36e1c0	255	181	94
19	3	4	27	3155	2531	78.3906	0x6e3711b2	255	179	95
19	3	4	28	3155	2532	78.6797	0x6fb7499e	255	177	95
19	3	4	29	3155	2533	78.9609	0x70b7498e	255	175	95
19	3	4	30	3155	2534	79.25	0x7137117c	255	172	94
19	3	4	31	3155	2535	79.5469	0x71f6a165	255	170	92
19	3	4	32	3154	2536	80.1562	0x7637090a	255	159	92
19	3	4	33	3155	2536	79.8672	0x72765152	255	167	90
19	3	4	34	3155	2537	80.1875	0x72f63141	255	164	90
19	3	4	35	3154	2537	80.4531	0x76f6f0f4	255	156	92
19	3	4	36	3154	2538	80.75	0x7776d0da	255	153	91
19	3	4	37	3155	2538	80.5156	0x73f61129	255	161	89
19	3	4	38	3155	2539	80.8438	0x7576b914	255	159	90
19	3	4	39	3156	2528	76.875	0x6eb889c7	255	180	105
19	3	4	40	3156	2529	77.2188	0x67f5f1f7	255	188	91
19	3	4	41	3156	2530	77.5469	0x67f661ff	255	189	94
19	3	4	42	3156	2531	77.8594	0x693691f3	255	188	94
19	3	4	43	3156	2532	78.1719	0x6a76a9e3	255	186	94
19	3	4	44	3156	2533	78.4766	0x6b76a9d3	255	184	93
19	3	4	45	3156	2534	78.7891	0x6c3659c3	255	181	92
19	3	4	46	3156	2535	79.1172	0x6cb609b4	255	179	90
19	3	4	47	3156	2536	79.4531	0x6d75e9a6	255	177	90
19	3	4	48	3156	2537	79.7891	0x6df5b197	255	176	89
19	3	4	49	3156	2538	80.1406	0x6e757987	255	174	88
19	3	4	50	3156	2539	80.4922	0x6f35997b	255	172	88
19	3	4	51	3156	2540	80.8359	0x7135a958	255	168	89
19	3	4	52	3155	2540	81.125	0x7676d0ff	255	157	91
19	3	4	53	3155	2541	81.4453	0x767648e9	255	154	89
19	3	4	54	3156	2541	81.1797	0x71f5a947	255	165	87
19	3	4	55	3156	2542	81.5234	0x72f5e137	255	164	88
19	3	4	56	3155	2542	81.7656	0x7675d8d3	255	152	87
19	3	4	57	3155	2543	82.1172	0x793790bc	255	146	96
19	3	4	58	3156	2543	81.8516	0x7336193a	255	164	89
19	3	4	59	3156	2544	82.1797	0x783828f8	255	153	98
19	3	4	60	3157	2528	76.4688	0x74bbe990	255	177	113
19	3	4	61	3157	2529	76.6406	0x6bb8f9f8	255	186	104
19	3	4	62	3157	2530	76.9219	0x67b6b209	255	191	95
19	3	4	63	3157	2531	77.2578	0x65f5fa10	255	191	93
19	3	4	64	3157	2532	77.5938	0x67361201	255	189	92
19	3	4	65	3157	2533	77.9219	0x687609f2	255	187	92
19	3	4	66	3157	2534	78.2578	0x6935f1e5	255	186	91
19	3	4	67	3157	2535	78.5938	0x6975a1da	255	184	90
19	3	4	68	3157	2536	78.9531	0x69f551cd	255	182	88
19	3	4	69	3157	2537	79.3125	0x6ab539bf	255	181	88
19	3	4	70	3157	2538	79.6797	0x6b7531b3	255	179	87
19	3	4	71	3157	2539	80.0391	0x6c3531a8	255	178	87
19	3	4	72	3157	2540	80.4062	0x6cf5319c	255	176	87
19	3	4	73	3157	2541	80.7656	0x6db54990	255	175	87
19	3	4	74	3157	2542	81.125	0x6eb57984	255	173	88
19	3	4	75	3157	2543	81.4688	0x6fb5b175	255	172	88
19	3	4	76	3157	2544	81.8125	0x7075e16b	255	170	89
19	3	4	77	3158	2528	76.0234	0x747f61a6	255	177	124
19	3	4	78	3158	2529	76.0781	0x707af9ce	255	184	113
19	3	4	79	3158	2530	76.3438	0x6a3789f6	255	188	98
19	3	4	80	3158	2531	76.6328	0x67764204	255	190	93
19	3	4	81	3158	2532	76.9922	0x677571f4	255	187	90
19	3	4	82	3158	2533	77.3438	0x687589e7	255	186	89
19	3	4	83	3158	2534	77.6953	0x697569d7	255	184	89
19	3	4	84	3158	2535	78.0547	0x69f521c7	255	181	87
19	3	4	85	3158	2536	78.4297	0x6a74e9bc	255	180	86
19	3	4	86	3158	2537	78.8047	0x6af4d1b0	255	178	86
19	3	4	87	3158	2538	79.1875	0x6bb4b1a2	255	177	85
19	3	4	88	3158	2539	79.5703	0x6cb4c993	255	175	85
19	3	4	89	3158	2540	79.9453	0x6d74e18a	255	173	85
19	3	4	90	3158	2541	80.3203	0x6e34e17b	255	172	85
19	3	4	91	3158	2542	80.6953	0x6ef4f971	255	170	85
19	3	4	92	3158	2543	81.0625	0x70354161	255	169	86
19	3	4	93	3158	2544	81.4141	0x71359155	255	167	87
19	3	4	94	3159	2528	75.5625	0x734081b8	255	182	128
19	3	4	95	3159	2529	75.625	0x72bc89b8	255	183	115
19	3	4	96	3159	2530	75.7812	0x6db919dd	255	186	104
19	3	4	97	3159	2531	76.0703	0x6a35f1d8	255	184	91
19	3	4	98	3159	2532	76.4531	0x6974e9c9	255	182	87
19	3	4	99	3159	2533	76.8203	0x6ab4e9b9	255	180	86
19	3	4	100	3159	2534	77.2031	0x6b74b1a8	255	177	85
19	3	4	101	3159	2535	77.5859	0x6c349996	255	175	84
19	3	4	102	3159	2536	77.9766	0x6cf47987	255	173	84
19	3	4	103	3159	2537	78.3672	0x6db44974	255	171	83
19	3	4	104	3159	2538	78.7734	0x6e342964	255	169	82
19	3	4	105	3159	2539	79.1719	0x6f345957	255	167	82
19	3	4	106	3159	2540	79.5625	0x70345944	255	165	82
19	3	4	107	3159	2541	79.9609	0x70f47133	255	163	82
19	3	4	108	3159	2542	80.3438	0x71f4a125	255	161	83
19	3	4	109	3159	2543	80.7266	0x72b4b914	255	159	83
19	3	4	110	3159	2544	81.1016	0x73b50902	255	157	84
19	3	4	111	3160	2528	75.0703	0x720081cf	255	186	127
19	3	4	112	3160	2529	75.125	0x703ca9e2	255	187	117
19	3	4	113	3160	2530	75.2812	0x6df8f9d8	255	184	102
19	3	4	114	3160	2531	75.5781	0x6bb599b9	255	180	89
19	3	4	115	3160	2532	75.9766	0x6ab451a7	255	177	84
19	3	4	116	3160	2533	76.375	0x6bf44993	255	175	83
19	3	4	117	3160	2534	76.7734	0x6cb43183	255	173	82
19	3	4	118	3160	2535	77.1797	0x6d33f971	255	170	81
19	3	4	119	3160	2536	77.5938	0x6df3c95e	255	168	81
19	3	4	120	3160	2537	78.0156	0x6eb3a947	255	165	80
19	3	4	121	3160	2538	78.4375	0x6f73c139	255	163	80
19	3	4	122	3160	2539	78.8516	0x7073c125	255	161	80
19	3	4	123	3160	2540	79.2734	0x7133c110	255	159	79
19	3	4	124	3160	2541	79.6875	0x7233f0fe	255	157	80
19	3	4	125	3160	2542	80.0938	0x733400e5	255	154	80
19	3	4	126	3160	2543	80.5	0x73f430d3	255	151	81
19	3	4	127	3160	2544	80.8906	0x74f480bc	255	149	81
19	3	4	128	3161	2528	74.5469	0x6dbf620f	255	192	125
19	3	4	129	3161	2529	74.5547	0x6d7d0a0a	255	192	119
19	3	4	130	3161	2530	74.7344	0x6a77a1f4	255	188	99
19	3	4	131	3161	2531	75.1016	0x697451bb	255	181	84
19	3	4	132	3161	2532	75.5312	0x6973a9a7	255	177	81
19	3	4	133	3161	2533	75.9531	0x6ab3b995	255	174	81
19	3	4	134	3161	2534	76.375	0x6bb3a180	255	172	80
19	3	4	135	3161	2535	76.8047	0x6c73696d	255	170	79
19	3	4	136	3161	2536	77.2422	0x6cf3395a	255	167	78
19	3	4	137	3161	2537	77.6875	0x6df33146	255	165	78
19	3	4	138	3161	2538	78.125	0x6eb33136	255	163	78
19	3	4	139	3161	2539	78.5703	0x6fb3311e	255	160	77
19	3	4	140	3161	2540	79.0078	0x7073410c	255	158	77
19	3	4	141	3161	2541	79.4453	0x713340f7	255	155	77
19	3	4	142	3161	2542	79.8828	0x727370de	255	153	78
19	3	4	143	3161	2543	80.3047	0x733398c7	255	150	78
19	3	4	144	3161	2544	80.7266	0x7433c8ad	255	147	79
19	3	4	145	3162	2528	73.8672	0x677da257	255	200	122
19	3	4	146	3162	2529	73.9375	0x6a7b9226	255	195	114
19	3	4	147	3162	2530	74.1484	0x67f611f7	255	189	94
19	3	4	148	3162	2531	74.6016	0x65b309cf	255	182	79
19	3	4	149	3162	2532	75.0547	0x66f321bf	255	179	79
19	3	4	150	3162	2533	75.5	0x683319ac	255	177	79
19	3	4	151	3162	2534	75.9531	0x69330197	255	174	78
19	3	4	152	3162	2535	76.4062	0x6a32e182	255	172	77
19	3	4	153	3162	2536	76.8672	0x6af2b170	255	169	76
19	3	4	154	3162	2537	77.3359	0x6bb2a95d	255	167	76
19	3	4	155	3162	2538	77.7969	0x6cf2a946	255	165	76
19	3	4	156	3162	2539	78.2656	0x6db2a136	255	163	75
19	3	4	157	3162	2540	78.7266	0x6eb2b91e	255	160	75
19	3	4	158	3162	2541	79.1875	0x6f72b109	255	157	75
19	3	4	159	3162	2542	79.6484	0x7072c8f3	255	155	75
19	3	4	160	3162	2543	80.1016	0x71b2f0da	255	152	76
19	3	4	161	3162	2544	80.5469	0x72f338c0	255	149	77
19	3	4	162	3163	2528	73.1016	0x6cfd6211	255	191	122
19	3	4	163	3163	2529	73.2734	0x66b88a31	255	194	111
19	3	4	164	3163	2530	73.5859	0x657479f8	255	188	87
19	3	4	165	3163	2531	74.0625	0x62b289e8	255	184	78
19	3	4	166	3163	2532	74.5391	0x64b281cf	255	181	77
19	3	4	167	3163	2533	75.0156	0x65f281b9	255	179	78
19	3	4	168	3163	2534	75.4922	0x657269be	255	179	77
19	3	4	169	3163	2535	75.9766	0x67b24997	255	175	76
19	3	4	170	3163	2536	76.4609	0x6772319a	255	174	75
19	3	4	171	3163	2537	76.9531	0x68721985	255	171	74
19	3	4	172	3163	2538	77.4453	0x69f2296c	255	169	74
19	3	4	173	3163	2539	77.9297	0x6bf21943	255	164	73
19	3	4	174	3163	2540	78.4219	0x6d721921	255	160	73
19	3	4	175	3163	2541	78.9062	0x6df2291a	255	157	73
19	3	4	176	3163	2542	79.3906	0x703238dd	255	152	73
19	3	4	177	3163	2543	79.8672	0x71b248a1	255	145	72
19	3	4	178	3163	2544	80.3438	0x72727896	255	143	73
19	3	4	179	3164	2528	72.6562	0x74c26197	255	180	133
19	3	4	180	3164	2529	72.6094	0x6b7aba10	255	193	120
19	3	4	181	3164	2530	72.9922	0x5ef3822d	255	194	88
19	3	4	182	3164	2531	73.4844	0x5bb1e229	255	192	77
19	3	4	183	3164	2532	74.0156	0x5c31ba1e	255	190	77
19	3	4	184	3164	2533	74.5234	0x6032aa0a	255	188	79
19	3	4	185	3164	2534	74.9609	0x60b211f4	255	185	76
19	3	4	186	3164	2535	75.5234	0x6131e1ea	255	183	75
19	3	4	187	3164	2536	75.9766	0x63b241d3	255	181	75
19	3	4	188	3164	2537	76.5	0x637179bd	255	178	73
19	3	4	189	3164	2538	77.0234	0x63f0f9a4	255	175	71
19	3	4	190	3164	2539	77.5938	0x64f0c98d	255	171	69
19	3	4	191	3164	2540	78.1328	0x6871b975	255	168	72
19	3	4	192	3164	2541	78.6094	0x68312162	255	166	70
19	3	4	193	3164	2542	79.2031	0x68b00120	255	155	67
19	3	4	194	3164	2543	79.7812	0x6d3148f7	255	148	69
19	3	4	195	3164	2544	80.25	0x70731102	255	149	74
19	3	4	196	3165	2528	72.2344	0x7445a980	255	174	148
19	3	4	197	3165	2529	72.0625	0x72bfe1c4	255	184	127
19	3	4	198	3165	2530	72.2422	0x64f62a20	255	193	97
19	3	4	199	3165	2531	72.7188	0x5af2423a	255	194	80
19	3	4	200	3165	2532	73.2344	0x58b1723c	255	195	76
19	3	4	201	3165	2533	73.7891	0x57f12a3d	255	194	77
19	3	4	202	3165	2534	74.3359	0x5b717a20	255	191	75
19	3	4	203	3165	2535	74.8516	0x59717234	255	192	76
19	3	4	204	3165	2536	75.4062	0x5bb1020f	255	188	73
19	3	4	205	3165	2537	75.9609	0x5cf0e1ff	255	186	72
19	3	4	206	3165	2538	76.5234	0x5e70f1ef	255	184	72
19	3	4	207	3165	2539	77.0703	0x5c711209	255	186	73
19	3	4	208	3165	2540	77.625	0x5db131fe	255	186	73
19	3	4	209	3165	2541	78.1562	0x5e7049db	255	182	70
19	3	4	210	3165	2542	78.7969	0x5ceff1df	255	180	67
19	3	4	211	3165	2543	79.3672	0x6171c9e2	255	180	73
19	3	4	212	3165	2544	79.8203	0x64b211be	255	178	75
19	3	4	213	3166	2528	71.8438	0x72c9b948	255	167	160
19	3	4	214	3166	2529	71.625	0x7482219d	255	178	130
19	3	4	215	3166	2530	71.7109	0x6e78f9d2	255	183	108
19	3	4	216	3166	2531	72.0781	0x61f36207	255	189	83
19	3	4	217	3166	2532	72.5938	0x5ef1ea04	255	187	75
19	3	4	218	3166	2533	73.0938	0x5e7181fe	255	186	74
19	3	4	219	3166	2534	73.6484	0x5fb1a9f5	255	185	74
19	3	4	220	3166	2535	74.1328	0x5ef151f5	255	184	73
19	3	4	221	3166	2536	74.7188	0x5cb069f3	255	183	70
19	3	4	222	3166	2537	75.2969	0x5e7071e0	255	181	69
19	3	4	223	3166	2538	75.875	0x60b161df	255	182	72
19	3	4	224	3166	2539	76.3594	0x603161e6	255	182	73
19	3	4	225	3166	2540	76.9375	0x5c7069f8	255	183	71
19	3	4	226	3166	2541	77.5234	0x5e7061db	255	181	69
19	3	4	227	3166	2542	78.1016	0x5ab08a0e	255	186	71
19	3	4	228	3166	2543	78.6797	0x5ab08a0e	255	188	71
19	3	4	229	3166	2544	79.2578	0x5d3079f1	255	185	72
19	3	4	230	3167	2528	71.5547	0x6a4a81ca	255	178	166
19	3	4	231	3167	2529	71.1797	0x73456996	255	174	131
19	3	4	232	3167	2530	71.2109	0x75fad967	255	169	115
19	3	4	233	3167	2531	71.5078	0x6bf4198c	255	170	83
19	3	4	234	3167	2532	72.0234	0x6571018d	255	170	70
19	3	4	235	3167	2533	72.5938	0x65705974	255	168	68
19	3	4	236	3167	2534	73.1719	0x6770e165	255	166	69
19	3	4	237	3167	2535	73.6875	0x68312162	255	165	69
19	3	4	238	3167	2536	74.2422	0x66b0114f	255	162	65
19	3	4	239	3167	2537	74.8594	0x66afe948	255	162	65
19	3	4	240	3167	2538	75.4297	0x68f0d949	255	162	68
19	3	4	241	3167	2539	75.9531	0x6b71a938	255	161	71
19	3	4	242	3167	2540	76.4453	0x6830994c	255	161	67
19	3	4	243	3167	2541	77.0703	0x68b0d94f	255	162	68
19	3	4	244	3167	2542	77.5391	0x68f17163	255	162	71
19	3	4	245	3167	2543	78.1094	0x6570997e	255	165	68
19	3	4	246	3167	2544	78.6641	0x6570997e	255	166	67
19	3	4	247	3168	2528	70.8281	0x66474238	255	192	141
19	3	4	248	3168	2529	70.7578	0x743de1a6	255	180	124
19	3	4	249	3168	2530	70.9609	0x76b8b930	255	164	103
19	3	4	250	3168	2531	71.2266	0x737480f4	255	155	84
19	3	4	251	3168	2532	71.7344	0x6d3100e8	255	151	67
19	3	4	252	3168	2533	72.2969	0x6bb018d6	255	148	64
19	3	4	253	3168	2534	72.8906	0x6d30d0d9	255	149	67
19	3	4	254	3168	2535	73.3828	0x6cb068ce	255	147	66
19	3	4	255	3168	2536	74.0156	0x6aef58b4	255	145	61
19	3	4	256	3168	2537	74.6094	0x6c6fe8b0	255	144	63
19	3	4	257	3168	2538	75.1875	0x6e30a0ad	255	144	66
19	3	4	258	3168	2539	75.7109	0x6f7120a1	255	142	68
19	3	4	259	3168	2540	76.2422	0x6eb08883	255	138	64
19	3	4	260	3168	2541	76.8203	0x6ef0887b	255	133	65
19	3	4	261	3168	2542	77.3516	0x70f1485b	255	132	66
19	3	4	262	3168	2543	77.8594	0x7030c030	255	129	66
19	3	4	263	3168	2544	78.4375	0x6e70003c	255	129	63
19	4	0	0	3152	2543	82.3906	0x7dbad05c	0	138	108
19	4	0	1	3153	2543	82.2891	0x7cb96854	0	136	103
19	4	0	2	3152	2544	82.4922	0x7efc8840	255	134	113
19	4	0	3	3153	2544	82.4531	0x7e7b502c	0	132	108
20	0	0	0	3104	2544	74.4219	0x6ab769ef	255	186	102
20	0	0	1	3105	2544	74.0547	0x7738090d	255	158	96
20	0	0	2	3105	2545	74.2734	0x76f82918	255	158	99
20	0	0	3	3104	2545	74.6875	0x70f9c9b7	255	181	106
20	0	0	4	3104	2546	74.8203	0x737a0190	0	176	106
20	0	0	5	3105	2546	74.5625	0x797968f4	0	157	103
20	0	0	6	3104	2549	75.1797	0x77fe6161	0	169	122
20	0	0	7	3105	2549	74.9297	0x7cfe60db	0	154	122
20	0	0	8	3104	2550	75.2578	0x783f015d	255	170	126
20	0	0	9	3105	2550	74.9375	0x7c8020e9	0	154	127
20	0	0	10	3105	2551	74.9219	0x7c4160ed	255	155	132
20	0	0	11	3104	2551	75.2422	0x77818164	255	171	132
20	0	0	12	3104	2552	75.1641	0x7783b953	255	170	140
20	0	0	13	3105	2552	74.8516	0x7b8398ed	255	155	140
20	0	0	14	3105	2553	74.6953	0x7a85c8de	255	151	148
20	0	0	15	3104	2553	75.0078	0x7545e16a	255	171	149
20	0	0	16	3104	2554	74.7891	0x72c8116f	255	170	157
20	0	0	17	3105	2554	74.4844	0x790818cb	255	148	158
20	0	0	18	3105	2555	74.1719	0x768a60bc	255	141	165
20	0	0	19	3104	2555	74.4844	0x6f0b4164	255	169	169
20	0	0	20	3104	2556	74.0312	0x680f3952	255	160	183
20	0	0	21	3105	2556	73.7969	0x74ccd050	255	131	178
20	0	0	22	3105	2557	73.2969	0x7bc71791	255	110	148
20	0	0	23	3104	2557	73.3828	0x6ecc8939	255	152	170
20	0	0	24	3104	2558	73.1719	0x7e44d7d8	255	117	144
20	0	0	25	3105	2558	73.3438	0x77fbeeb4	255	91	115
20	0	0	26	3105	2559	73.5547	0x673615ff	255	72	102
20	0	0	27	3104	2559	73.0781	0x787e46a9	255	87	124
20	0	0	28	3104	2560	73.2812	0x677b35ba	0	60	116
20	0	0	29	3105	2560	74.0078	0x5eb5d5a2	0	52	95
20	0	0	30	3106	2544	73.875	0x7c78f03c	255	132	96
20	0	0	31	3106	2545	74.1172	0x7cb8f02c	255	129	99
20	0	0	32	3106	2546	74.3281	0x7c79485f	0	132	103
20	0	0	33	3106	2550	74.7891	0x7f7fa063	0	138	126
20	0	0	34	3106	2551	74.7656	0x7f01a067	0	138	133
20	0	0	35	3106	2552	74.6875	0x7e83385c	255	134	137
20	0	0	36	3106	2553	74.5625	0x7e44d030	255	130	146
20	0	0	37	3106	2554	74.3828	0x7c871004	255	126	152
20	0	0	38	3106	2555	74.1094	0x7b87e7bc	255	123	158
20	0	0	39	3106	2556	73.875	0x7987df3c	255	105	156
20	0	0	40	3106	2557	73.6016	0x75c04672	255	79	127
20	0	0	41	3106	2558	73.8594	0x6a362622	255	69	100
20	0	0	42	3106	2559	74.2578	0x5b72ddbc	255	57	82
20	0	0	43	3106	2560	74.7969	0x57b4257e	0	49	89
20	0	0	44	3107	2544	73.9375	0x79770f6a	255	112	92
20	0	0	45	3107	2545	74.1875	0x7c392f91	255	115	103
20	0	0	46	3107	2546	74.375	0x7dfad7c8	0	120	107
20	0	0	47	3107	2551	74.7188	0x7fc127f8	0	125	131
20	0	0	48	3107	2552	74.6719	0x7f81e7d8	255	124	134
20	0	0	49	3107	2553	74.6016	0x7e831fa1	255	117	138
20	0	0	50	3107	2554	74.4766	0x7c84b757	255	108	145
20	0	0	51	3107	2555	74.3047	0x79c496f2	255	94	143
20	0	0	52	3107	2556	74.1875	0x76c2a692	255	82	136
20	0	0	53	3107	2557	74.1406	0x70bc6e29	255	73	123
20	0	0	54	3107	2558	74.4141	0x64f3b616	255	68	85
20	0	0	55	3107	2559	74.9922	0x522f8dbc	255	60	69
20	0	0	56	3107	2560	75.7031	0x4df19564	0	45	83
20	0	0	57	3108	2544	74.1719	0x79786731	255	102	100
20	0	0	58	3108	2545	74.3359	0x7cbbcf4b	255	105	111
20	0	0	59	3108	2546	74.4375	0x7e3c4f8d	255	112	112
20	0	0	60	3107	2547	74.5156	0x7efbeff4	0	125	111
20	0	0	61	3108	2547	74.5703	0x7e7c6f95	255	115	113
20	0	0	62	3108	2548	74.6641	0x7efd47ac	0	117	116
20	0	0	63	3108	2551	74.7812	0x7f004799	0	115	128
20	0	0	64	3108	2552	74.7656	0x7ec08781	255	111	129
20	0	0	65	3108	2553	74.75	0x7d80c747	255	104	130
20	0	0	66	3108	2554	74.7188	0x7b4186f6	255	95	132
20	0	0	67	3108	2555	74.6562	0x780146a6	255	84	131
20	0	0	68	3108	2556	74.6406	0x73c0464e	255	74	127
20	0	0	69	3108	2557	74.6406	0x6dbabe0c	255	65	120
20	0	0	70	3108	2558	74.9766	0x5c7115f7	255	65	79
20	0	0	71	3108	2559	75.7422	0x49ec95d2	255	66	54
20	0	0	72	3108	2560	76.6875	0x492ec588	0	51	69
20	0	0	73	3109	2544	74.3516	0x7afa272d	255	101	104
20	0	0	74	3109	2545	74.5469	0x7c3c0f31	255	102	113
20	0	0	75	3109	2546	74.6016	0x7cbd2731	255	102	117
20	0	0	76	3109	2547	74.7266	0x7d3cef4b	255	105	116
20	0	0	77	3109	2548	74.7969	0x7dfd875a	255	107	117
20	0	0	78	3109	2549	74.8828	0x7e3e4762	0	107	120
20	0	0	79	3109	2551	74.9219	0x7dffc74f	0	105	126
20	0	0	80	3109	2552	74.9219	0x7d7f4738	0	103	125
20	0	0	81	3109	2553	74.9688	0x7c3e870f	255	97	123
20	0	0	82	3109	2554	75.0156	0x7a3f26d2	255	89	124
20	0	0	83	3109	2555	75.0234	0x75fe4679	255	82	124
20	0	0	84	3109	2556	75.125	0x72bc2e4b	255	73	113
20	0	0	85	3109	2557	75.2656	0x6a77fe07	255	65	108
20	0	0	86	3109	2558	75.6484	0x5af075f9	255	67	73
20	0	0	87	3109	2559	76.4297	0x4a2bd5f0	255	71	50
20	0	0	88	3110	2544	74.5938	0x7839e6dd	255	93	106
20	0	0	89	3110	2545	74.75	0x7b3bef0c	255	97	112
20	0	0	90	3110	2546	74.8516	0x7b7d2701	255	97	117
20	0	0	91	3110	2547	74.9297	0x7c7dc722	255	99	118
20	0	0	92	3110	2548	74.9922	0x7cfe072d	255	101	119
20	0	0	93	3110	2549	75.0547	0x7d7e2743	0	104	120
20	0	0	94	3110	2552	75.1641	0x7c3e6713	0	98	121
20	0	0	95	3110	2553	75.2344	0x7b3d46fd	255	95	117
20	0	0	96	3110	2554	75.3359	0x793c0ecf	255	89	116
20	0	0	97	3110	2555	75.4844	0x757c0e7f	255	80	113
20	0	0	98	3110	2556	75.5859	0x737b3661	255	76	110
20	0	0	99	3110	2557	75.7891	0x6bb6962f	255	70	95
20	0	0	100	3110	2558	76.2109	0x5a6f6e14	255	72	68
20	0	0	101	3110	2559	77.0625	0x4a6b360d	255	76	46
20	0	0	102	3111	2544	74.9453	0x78bbb6cc	255	89	111
20	0	0	103	3111	2545	75.0391	0x7a3d46e0	255	91	116
20	0	0	104	3111	2546	75.1172	0x7b3de6f2	255	93	119
20	0	0	105	3111	2547	75.1719	0x7bfe6704	255	96	121
20	0	0	106	3111	2548	75.2188	0x7c7ea713	255	98	122
20	0	0	107	3111	2549	75.2578	0x7cff0725	0	100	123
20	0	0	108	3111	2552	75.3984	0x7c3d4717	0	98	116
20	0	0	109	3111	2553	75.4922	0x7afc2f01	255	95	113
20	0	0	110	3111	2554	75.6406	0x78fa9ee1	255	92	106
20	0	0	111	3111	2555	75.8359	0x76fa26bb	255	86	106
20	0	0	112	3111	2556	76.0156	0x72f8de7d	255	80	101
20	0	0	113	3111	2557	76.2969	0x6ab48653	255	76	88
20	0	0	114	3111	2558	76.7969	0x5b6ebe37	255	77	63
20	0	0	115	3111	2559	77.6406	0x4d2b162e	255	80	44
20	0	0	116	3112	2544	75.2266	0x783d86a9	255	82	119
20	0	0	117	3112	2545	75.3359	0x79bd46cf	255	89	117
20	0	0	118	3112	2546	75.3984	0x7abe66e4	255	92	122
20	0	0	119	3112	2547	75.4375	0x7b7ee6f6	255	94	123
20	0	0	120	3112	2548	75.4688	0x7bff2701	255	95	123
20	0	0	121	3112	2549	75.4922	0x7c3f6708	0	96	125
20	0	0	122	3112	2552	75.6328	0x7abceef2	0	94	115
20	0	0	123	3112	2553	75.75	0x797b76e4	255	92	110
20	0	0	124	3112	2554	75.9219	0x7779aecf	255	90	104
20	0	0	125	3112	2555	76.1562	0x757886b8	255	87	99
20	0	0	126	3112	2556	76.4062	0x71b74e87	255	82	96
20	0	0	127	3112	2557	76.7266	0x6b73be77	255	81	82
20	0	0	128	3112	2558	77.25	0x5d2de674	255	83	59
20	0	0	129	3112	2559	78.1562	0x4ae9ce55	255	87	39
20	0	0	130	3113	2544	75.6562	0x773f868c	255	81	125
20	0	0	131	3113	2545	75.6641	0x797f66c1	255	86	124
20	0	0	132	3113	2546	75.6953	0x7abf46dd	255	91	124
20	0	0	133	3113	2547	75.7109	0x7b3f66eb	255	92	124
20	0	0	134	3113	2548	75.7344	0x7b3f46ef	255	93	124
20	0	0	135	3113	2549	75.7578	0x7b3f26eb	0	92	124
20	0	0	136	3113	2552	75.9453	0x797c8ecf	0	89	114
20	0	0	137	3113	2553	76.0703	0x77baf6be	255	87	108
20	0	0	138	3113	2554	76.2656	0x757916ae	255	86	101
20	0	0	139	3113	2555	76.5156	0x72b79e91	255	83	96
20	0	0	140	3113	2556	76.8125	0x6ff68e78	255	80	92
20	0	0	141	3113	2557	77.1406	0x6ab3a66e	255	80	81
20	0	0	142	3113	2558	77.6641	0x5bed8e74	255	85	57
20	0	0	143	3113	2559	78.6172	0x4828d66b	255	89	36
20	0	0	144	3114	2544	76.0078	0x784106a6	255	83	129
20	0	0	145	3114	2545	75.9922	0x790046b7	255	86	128
20	0	0	146	3114	2546	75.9922	0x7a3fe6cf	255	88	126
20	0	0	147	3114	2547	76	0x7a7f86d6	255	90	125
20	0	0	148	3114	2548	76.0234	0x7a3f26d2	0	89	124
20	0	0	149	3114	2552	76.2578	0x773c0ea3	0	84	113
20	0	0	150	3114	2553	76.4141	0x753a4693	255	82	106
20	0	0	151	3114	2554	76.625	0x72b81687	255	81	99
20	0	0	152	3114	2555	76.9297	0x6fb6a66f	255	79	92
20	0	0	153	3114	2556	77.2422	0x6df60660	255	77	90
20	0	0	154	3114	2557	77.5938	0x6933665d	255	78	81
20	0	0	155	3114	2558	78.1172	0x5ced7e85	255	87	58
20	0	0	156	3114	2559	79.0703	0x4b683ebd	255	101	32
20	0	0	157	3115	2544	76.375	0x75c1e679	0	79	133
20	0	0	158	3115	2545	76.3438	0x7780e699	0	82	130
20	0	0	159	3115	2546	76.3203	0x784066a6	0	84	128
20	0	0	160	3115	2547	76.3203	0x787f86a6	0	84	125
20	0	0	161	3115	2552	76.6719	0x733b765b	0	75	111
20	0	0	162	3115	2553	76.8359	0x7179ee4f	255	74	105
20	0	0	163	3115	2554	77.0625	0x6ef7be4e	255	74	97
20	0	0	164	3115	2555	77.375	0x6c363e40	255	73	91
20	0	0	165	3115	2556	77.7109	0x6b35d638	255	72	90
20	0	0	166	3115	2557	78.0547	0x68b4a631	255	74	84
20	0	0	167	3115	2558	78.4844	0x60af7666	255	82	66
20	0	0	168	3115	2559	79.3047	0x4fe83f08	255	109	31
20	0	0	169	3115	2551	76.5469	0x74bc8e69	0	77	115
20	0	0	170	3116	2551	77.0312	0x6f3c0e16	0	66	113
20	0	0	171	3116	2552	77.1641	0x6cfafe02	255	65	109
20	0	0	172	3116	2553	77.3516	0x6af9adf3	255	63	105
20	0	0	173	3116	2554	77.5703	0x68f775fb	255	64	99
20	0	0	174	3116	2555	77.9141	0x66f5ddff	255	65	91
20	0	0	175	3116	2556	78.25	0x66b57602	255	65	90
20	0	0	176	3116	2557	78.625	0x64b4c5f9	255	65	87
20	0	0	177	3116	2558	79.0156	0x62728e13	255	72	76
20	0	0	178	3116	2559	79.5781	0x556b5e85	255	91	47
20	0	0	179	3116	2560	80.8047	0x49660f91	255	118	23
20	0	0	180	3117	2551	77.6406	0x6c7abdfa	0	62	110
20	0	0	181	3117	2552	77.8281	0x6939cdde	255	59	106
20	0	0	182	3117	2553	78.0391	0x67f975d0	255	58	104
20	0	0	183	3117	2554	78.25	0x65b81dc9	255	57	101
20	0	0	184	3117	2555	78.5547	0x627685bc	255	57	93
20	0	0	185	3117	2556	78.8828	0x61359dc0	255	57	92
20	0	0	186	3117	2557	79.2578	0x623535d2	255	59	91
20	0	0	187	3117	2558	79.6172	0x61737df0	255	64	83
20	0	0	188	3117	2559	80.1328	0x586e5e22	255	79	59
20	0	0	189	3117	2560	81.0156	0x4da856da	255	103	32
20	0	0	190	3118	2551	78.2109	0x6579edaf	0	54	107
20	0	0	191	3118	2552	78.4375	0x64b8e5b2	255	53	103
20	0	0	192	3118	2553	78.6719	0x5c789566	255	45	104
20	0	0	193	3118	2554	78.9219	0x58f65d64	255	45	101
20	0	0	194	3118	2555	79.3203	0x58b55d72	255	47	93
20	0	0	195	3118	2556	79.6484	0x5c767583	255	49	99
20	0	0	196	3118	2557	79.9609	0x62b6d5ba	255	56	96
20	0	0	197	3118	2558	80.2578	0x64b545ed	255	63	92
20	0	0	198	3118	2559	80.6875	0x5fb05e35	255	75	70
20	0	0	199	3118	2560	81.4219	0x59eba6bb	255	108	43
20	0	0	200	3118	2550	78.0469	0x68be25b6	0	55	118
20	0	0	201	3119	2550	78.8906	0x633a8592	0	50	109
20	0	0	202	3119	2551	79.0781	0x5e7a4d66	255	46	108
20	0	0	203	3119	2552	79.2578	0x5a358d7d	255	47	98
20	0	0	204	3119	2553	79.7891	0x5734b56f	255	46	98
20	0	0	205	3119	2554	80.0391	0x5bb85d62	255	45	103
20	0	0	206	3119	2555	80.2891	0x5b38955b	255	45	102
20	0	0	207	3119	2556	80.5234	0x613a0d81	255	48	109
20	0	0	208	3119	2557	80.6719	0x68babdcc	255	57	112
20	0	0	209	3119	2558	80.8594	0x6af85606	255	65	101
20	0	0	210	3119	2559	81.1719	0x68b3c648	255	77	81
20	0	0	211	3119	2560	81.7031	0x652f2ec2	255	93	62
20	0	0	212	3119	2549	78.7266	0x64badd9d	0	51	117
20	0	0	213	3120	2549	79.5938	0x5f7add6b	0	44	121
20	0	0	214	3120	2550	79.5938	0x5dfa855f	255	44	119
20	0	0	215	3120	2551	79.9453	0x60b80596	255	51	103
20	0	0	216	3120	2552	80.1172	0x60389587	255	51	102
20	0	0	217	3120	2553	80.4297	0x64f73dce	255	58	97
20	0	0	218	3120	2554	80.6953	0x64b5ade8	255	60	97
20	0	0	219	3120	2555	81.125	0x64b75dca	255	58	102
20	0	0	220	3120	2556	81.2656	0x6d7d65f4	255	65	119
20	0	0	221	3120	2557	81.2891	0x707dc61e	255	67	121
20	0	0	222	3120	2558	81.4062	0x70ba4641	255	71	106
20	0	0	223	3120	2559	81.6562	0x6c75d64c	255	74	91
20	0	0	224	3120	2560	82.0859	0x67b1ee75	255	84	71
20	1	1	0	3104	2544	74.4219	0x6ab769ef	255	186	102
20	1	1	1	3105	2544	74.0547	0x7738090d	255	158	96
20	1	1	2	3105	2545	74.2734	0x76f82918	255	158	99
20	1	1	3	3104	2545	74.6875	0x70f9c9b7	255	181	106
20	1	1	4	3104	2546	74.8203	0x737a0190	255	176	106
20	1	1	5	3105	2546	74.5625	0x797968f4	255	157	103
20	1	1	6	3105	2547	74.6953	0x7abbb103	255	156	109
20	1	1	7	3104	2547	75.0703	0x743ab98a	255	176	110
20	1	1	8	3104	2558	73.1719	0x7e44d7d8	255	117	144
20	1	1	9	3105	2558	73.3438	0x77fbeeb4	255	91	115
20	1	1	10	3105	2559	73.5547	0x673615ff	255	72	102
20	1	1	11	3104	2559	73.0781	0x787e46a9	255	87	124
20	1	1	12	3104	2560	73.2812	0x677b35ba	255	60	116
20	1	1	13	3105	2560	74.0078	0x5eb5d5a2	255	52	95
20	1	1	14	3105	2557	73.2969	0x7bc71791	255	110	148
20	1	1	15	3106	2557	73.6016	0x75c04672	255	79	127
20	1	1	16	3106	2558	73.8594	0x6a362622	255	69	100
20	1	1	17	3106	2559	74.2578	0x5b72ddbc	255	57	82
20	1	1	18	3106	2560	74.7969	0x57b4257e	255	49	89
20	1	1	19	3107	2557	74.1406	0x70bc6e29	255	73	123
20	1	1	20	3107	2558	74.4141	0x64f3b616	255	68	85
20	1	1	21	3107	2559	74.9922	0x522f8dbc	255	60	69
20	1	1	22	3107	2560	75.7031	0x4df19564	255	45	83
20	1	1	23	3108	2557	74.6406	0x6dbabe0c	255	65	120
20	1	1	24	3108	2558	74.9766	0x5c7115f7	255	65	79
20	1	1	25	3108	2559	75.7422	0x49ec95d2	255	66	54
20	1	1	26	3108	2560	76.6875	0x492ec588	255	51	69
20	1	1	27	3109	2557	75.2656	0x6a77fe07	255	65	108
20	1	1	28	3109	2558	75.6484	0x5af075f9	255	67	73
20	1	1	29	3109	2559	76.4297	0x4a2bd5f0	255	71	50
20	1	1	30	3109	2560	77.4688	0x46ebd5d5	255	68	51
20	1	1	31	3110	2556	75.5859	0x737b3661	255	76	110
20	1	1	32	3110	2557	75.7891	0x6bb6962f	255	70	95
20	1	1	33	3110	2558	76.2109	0x5a6f6e14	255	72	68
20	1	1	34	3110	2559	77.0625	0x4a6b360d	255	76	46
20	1	1	35	3110	2560	78.125	0x456a360a	255	76	44
20	1	1	36	3111	2555	75.8359	0x76fa26bb	255	86	106
20	1	1	37	3111	2556	76.0156	0x72f8de7d	255	80	101
20	1	1	38	3111	2557	76.2969	0x6ab48653	255	76	88
20	1	1	39	3111	2558	76.7969	0x5b6ebe37	255	77	63
20	1	1	40	3111	2559	77.6406	0x4d2b162e	255	80	44
20	1	1	41	3111	2560	78.7031	0x47aade02	255	75	45
20	1	1	42	3112	2554	75.9219	0x7779aecf	255	90	104
20	1	1	43	3112	2555	76.1562	0x757886b8	255	87	99
20	1	1	44	3112	2556	76.4062	0x71b74e87	255	82	96
20	1	1	45	3112	2557	76.7266	0x6b73be77	255	81	82
20	1	1	46	3112	2558	77.25	0x5d2de674	255	83	59
20	1	1	47	3112	2559	78.1562	0x4ae9ce55	255	87	39
20	1	1	48	3112	2560	79.3828	0x432a2dfa	255	76	38
20	1	1	49	3113	2553	76.0703	0x77baf6be	255	87	108
20	1	1	50	3113	2554	76.2656	0x757916ae	255	86	101
20	1	1	51	3113	2555	76.5156	0x72b79e91	255	83	96
20	1	1	52	3113	2556	76.8125	0x6ff68e78	255	80	92
20	1	1	53	3113	2557	77.1406	0x6ab3a66e	255	80	81
20	1	1	54	3113	2558	77.6641	0x5bed8e74	255	85	57
20	1	1	55	3113	2559	78.6172	0x4828d66b	255	89	36
20	1	1	56	3113	2560	80.0078	0x3aa79e2f	255	88	27
20	1	1	57	3114	2552	76.2578	0x773c0ea3	255	84	113
20	1	1	58	3114	2553	76.4141	0x753a4693	255	82	106
20	1	1	59	3114	2554	76.625	0x72b81687	255	81	99
20	1	1	60	3114	2555	76.9297	0x6fb6a66f	255	79	92
20	1	1	61	3114	2556	77.2422	0x6df60660	255	77	90
20	1	1	62	3114	2557	77.5938	0x6933665d	255	78	81
20	1	1	63	3114	2558	78.1172	0x5ced7e85	255	87	58
20	1	1	64	3114	2559	79.0703	0x4b683ebd	255	101	32
20	1	1	65	3114	2560	80.5078	0x3ee68e99	255	103	23
20	1	1	66	3115	2553	76.8359	0x7179ee4f	255	74	105
20	1	1	67	3115	2554	77.0625	0x6ef7be4e	255	74	97
20	1	1	68	3115	2555	77.375	0x6c363e40	255	73	91
20	1	1	69	3115	2556	77.7109	0x6b35d638	255	72	90
20	1	1	70	3115	2557	78.0547	0x68b4a631	255	74	84
20	1	1	71	3115	2558	78.4844	0x60af7666	255	82	66
20	1	1	72	3115	2559	79.3047	0x4fe83f08	255	109	31
20	1	1	73	3115	2560	80.7969	0x46e5cf6b	255	121	22
20	1	1	74	3116	2553	77.3516	0x6af9adf3	255	63	105
20	1	1	75	3116	2554	77.5703	0x68f775fb	255	64	99
20	1	1	76	3116	2555	77.9141	0x66f5ddff	255	65	91
20	1	1	77	3116	2556	78.25	0x66b57602	255	65	90
20	1	1	78	3116	2557	78.625	0x64b4c5f9	255	65	87
20	1	1	79	3116	2558	79.0156	0x62728e13	255	72	76
20	1	1	80	3116	2559	79.5781	0x556b5e85	255	91	47
20	1	1	81	3116	2560	80.8047	0x49660f91	255	118	23
20	1	1	82	3117	2553	78.0391	0x67f975d0	255	58	104
20	1	1	83	3117	2554	78.25	0x65b81dc9	255	57	101
20	1	1	84	3117	2555	78.5547	0x627685bc	255	57	93
20	1	1	85	3117	2556	78.8828	0x61359dc0	255	57	92
20	1	1	86	3117	2557	79.2578	0x623535d2	255	59	91
20	1	1	87	3117	2558	79.6172	0x61737df0	255	64	83
20	1	1	88	3117	2559	80.1328	0x586e5e22	255	79	59
20	1	1	89	3117	2560	81.0156	0x4da856da	255	103	32
20	1	1	90	3118	2554	78.9219	0x58f65d64	255	45	101
20	1	1	91	3118	2555	79.3203	0x58b55d72	255	47	93
20	1	1	92	3118	2556	79.6484	0x5c767583	255	49	99
20	1	1	93	3118	2557	79.9609	0x62b6d5ba	255	56	96
20	1	1	94	3118	2558	80.2578	0x64b545ed	255	63	92
20	1	1	95	3118	2559	80.6875	0x5fb05e35	255	75	70
20	1	1	96	3118	2560	81.4219	0x59eba6bb	255	108	43
20	1	1	97	3119	2555	80.2891	0x5b38955b	255	45	102
20	1	1	98	3119	2557	80.6719	0x68babdcc	255	57	112
20	1	1	99	3119	2558	80.8594	0x6af85606	255	65	101
20	1	1	100	3119	2559	81.1719	0x68b3c648	255	77	81
20	1	1	101	3119	2560	81.7031	0x652f2ec2	255	93	62
20	1	1	102	3120	2552	80.1172	0x60389587	255	51	102
20	1	1	103	3119	2553	79.7891	0x5734b56f	255	46	98
20	1	1	104	3120	2553	80.4297	0x64f73dce	255	58	97
20	1	1	105	3120	2554	80.6953	0x64b5ade8	255	60	97
20	1	1	106	3119	2554	80.0391	0x5bb85d62	255	45	103
20	1	1	107	3120	2555	81.125	0x64b75dca	255	58	102
20	1	1	108	3120	2558	81.4062	0x70ba4641	255	71	106
20	1	1	109	3120	2559	81.6562	0x6c75d64c	255	74	91
20	1	1	110	3120	2560	82.0859	0x67b1ee75	255	84	71
20	2	2	0	3104	2552	75.1641	0x7783b953	255	170	140
20	2	2	1	3104	2553	75.0078	0x7545e16a	255	171	149
20	2	2	2	3105	2553	74.6953	0x7a85c8de	255	151	148
20	2	2	3	3104	2554	74.7891	0x72c8116f	255	170	157
20	2	2	4	3105	2554	74.4844	0x790818cb	255	148	158
20	2	2	5	3105	2555	74.1719	0x768a60bc	255	141	165
20	2	2	6	3104	2555	74.4844	0x6f0b4164	255	169	169
20	2	2	7	3104	2556	74.0312	0x680f3952	255	160	183
20	2	2	8	3105	2556	73.7969	0x74ccd050	255	131	178
20	2	2	9	3105	2557	73.2969	0x7bc71791	255	110	148
20	2	2	10	3104	2557	73.3828	0x6ecc8939	255	152	170
20	2	2	11	3104	2558	73.1719	0x7e44d7d8	255	117	144
20	2	2	12	3106	2556	73.875	0x7987df3c	255	105	156
20	3	3	0	3104	2558	73.1719	0x7e44d7d8	255	117	144
20	3	3	1	3105	2558	73.3438	0x77fbeeb4	255	91	115
20	3	3	2	3105	2559	73.5547	0x673615ff	255	72	102
20	3	3	3	3104	2559	73.0781	0x787e46a9	255	87	124
20	3	3	4	3104	2560	73.2812	0x677b35ba	255	60	116
20	3	3	5	3105	2560	74.0078	0x5eb5d5a2	255	52	95
20	3	3	6	3105	2557	73.2969	0x7bc71791	255	110	148
20	3	3	7	3106	2557	73.6016	0x75c04672	255	79	127
20	3	3	8	3106	2558	73.8594	0x6a362622	255	69	100
20	3	3	9	3106	2559	74.2578	0x5b72ddbc	255	57	82
20	3	3	10	3106	2560	74.7969	0x57b4257e	255	49	89
20	3	3	11	3106	2556	73.875	0x7987df3c	255	105	156
20	3	3	12	3107	2556	74.1875	0x76c2a692	255	82	136
20	3	3	13	3107	2557	74.1406	0x70bc6e29	255	73	123
20	3	3	14	3107	2558	74.4141	0x64f3b616	255	68	85
20	3	3	15	3107	2559	74.9922	0x522f8dbc	255	60	69
20	3	3	16	3107	2560	75.7031	0x4df19564	255	45	83
20	3	3	17	3107	2555	74.3047	0x79c496f2	255	94	143
20	3	3	18	3108	2555	74.6562	0x780146a6	255	84	131
20	3	3	19	3108	2556	74.6406	0x73c0464e	255	74	127
20	3	3	20	3108	2557	74.6406	0x6dbabe0c	255	65	120
20	3	3	21	3108	2558	74.9766	0x5c7115f7	255	65	79
20	3	3	22	3108	2559	75.7422	0x49ec95d2	255	66	54
20	3	3	23	3108	2560	76.6875	0x492ec588	255	51	69
20	3	3	24	3109	2555	75.0234	0x75fe4679	255	82	124
20	3	3	25	3109	2556	75.125	0x72bc2e4b	255	73	113
20	3	3	26	3109	2557	75.2656	0x6a77fe07	255	65	108
20	3	3	27	3109	2558	75.6484	0x5af075f9	255	67	73
20	3	3	28	3109	2559	76.4297	0x4a2bd5f0	255	71	50
20	3	3	29	3109	2560	77.4688	0x46ebd5d5	255	68	51
20	3	3	30	3110	2554	75.3359	0x793c0ecf	255	89	116
20	3	3	31	3110	2555	75.4844	0x757c0e7f	255	80	113
20	3	3	32	3110	2556	75.5859	0x737b3661	255	76	110
20	3	3	33	3110	2557	75.7891	0x6bb6962f	255	70	95
20	3	3	34	3110	2558	76.2109	0x5a6f6e14	255	72	68
20	3	3	35	3110	2559	77.0625	0x4a6b360d	255	76	46
20	3	3	36	3110	2560	78.125	0x456a360a	255	76	44
20	3	3	37	3111	2555	75.8359	0x76fa26bb	255	86	106
20	3	3	38	3111	2556	76.0156	0x72f8de7d	255	80	101
20	3	3	39	3111	2557	76.2969	0x6ab48653	255	76	88
20	3	3	40	3111	2558	76.7969	0x5b6ebe37	255	77	63
20	3	3	41	3111	2559	77.6406	0x4d2b162e	255	80	44
20	3	3	42	3111	2560	78.7031	0x47aade02	255	75	45
20	3	3	43	3112	2554	75.9219	0x7779aecf	255	90	104
20	3	3	44	3112	2555	76.1562	0x757886b8	255	87	99
20	3	3	45	3112	2556	76.4062	0x71b74e87	255	82	96
20	3	3	46	3112	2557	76.7266	0x6b73be77	255	81	82
20	3	3	47	3112	2558	77.25	0x5d2de674	255	83	59
20	3	3	48	3112	2559	78.1562	0x4ae9ce55	255	87	39
20	3	3	49	3112	2560	79.3828	0x432a2dfa	255	76	38
20	3	3	50	3113	2553	76.0703	0x77baf6be	255	87	108
20	3	3	51	3113	2554	76.2656	0x757916ae	255	86	101
20	3	3	52	3113	2555	76.5156	0x72b79e91	255	83	96
20	3	3	53	3113	2556	76.8125	0x6ff68e78	255	80	92
20	3	3	54	3113	2557	77.1406	0x6ab3a66e	255	80	81
20	3	3	55	3113	2558	77.6641	0x5bed8e74	255	85	57
20	3	3	56	3113	2559	78.6172	0x4828d66b	255	89	36
20	3	3	57	3113	2560	80.0078	0x3aa79e2f	255	88	27
20	3	3	58	3114	2552	76.2578	0x773c0ea3	255	84	113
20	3	3	59	3114	2553	76.4141	0x753a4693	255	82	106
20	3	3	60	3114	2554	76.625	0x72b81687	255	81	99
20	3	3	61	3114	2555	76.9297	0x6fb6a66f	255	79	92
20	3	3	62	3114	2556	77.2422	0x6df60660	255	77	90
20	3	3	63	3114	2557	77.5938	0x6933665d	255	78	81
20	3	3	64	3114	2558	78.1172	0x5ced7e85	255	87	58
20	3	3	65	3114	2559	79.0703	0x4b683ebd	255	101	32
20	3	3	66	3114	2560	80.5078	0x3ee68e99	255	103	23
20	3	3	67	3114	2544	76.0078	0x784106a6	255	83	129
20	3	3	68	3115	2544	76.375	0x75c1e679	255	79	133
20	3	3	69	3115	2545	76.3438	0x7780e699	255	82	130
20	3	3	70	3114	2550	76.0938	0x793e46be	255	87	120
20	3	3	71	3115	2550	76.4531	0x75fda67c	255	79	119
20	3	3	72	3115	2551	76.5469	0x74bc8e69	255	77	115
20	3	3	73	3114	2551	76.1641	0x787d66b0	255	85	117
20	3	3	74	3115	2552	76.6719	0x733b765b	255	75	111
20	3	3	75	3115	2553	76.8359	0x7179ee4f	255	74	105
20	3	3	76	3115	2554	77.0625	0x6ef7be4e	255	74	97
20	3	3	77	3115	2555	77.375	0x6c363e40	255	73	91
20	3	3	78	3115	2556	77.7109	0x6b35d638	255	72	90
20	3	3	79	3115	2557	78.0547	0x68b4a631	255	74	84
20	3	3	80	3115	2558	78.4844	0x60af7666	255	82	66
20	3	3	81	3115	2559	79.3047	0x4fe83f08	255	109	31
20	3	3	82	3116	2544	76.8359	0x73433e51	255	74	137
20	3	3	83	3116	2545	76.7422	0x7542066f	255	77	134
20	3	3	84	3116	2546	76.7109	0x7580666f	255	77	128
20	3	3	85	3115	2546	76.3203	0x784066a6	255	84	128
20	3	3	86	3115	2547	76.3203	0x787f86a6	255	84	125
20	3	3	87	3116	2547	76.7188	0x753f4666	255	76	125
20	3	3	88	3116	2548	76.7578	0x747e665d	255	75	121
20	3	3	89	3115	2548	76.3516	0x77fec69f	255	83	122
20	3	3	90	3115	2549	76.3984	0x777e6692	255	82	121
20	3	3	91	3116	2549	76.8203	0x72fd8645	255	72	118
20	3	3	92	3116	2550	76.9141	0x70bcae29	255	70	115
20	3	3	93	3116	2551	77.0312	0x6f3c0e16	255	66	113
20	3	3	94	3116	2552	77.1641	0x6cfafe02	255	65	109
20	3	3	95	3116	2553	77.3516	0x6af9adf3	255	63	105
20	3	3	96	3116	2554	77.5703	0x68f775fb	255	64	99
20	3	3	97	3116	2555	77.9141	0x66f5ddff	255	65	91
20	3	3	98	3116	2556	78.25	0x66b57602	255	65	90
20	3	3	99	3116	2557	78.625	0x64b4c5f9	255	65	87
20	3	3	100	3116	2558	79.0156	0x62728e13	255	72	76
20	3	3	101	3116	2559	79.5781	0x556b5e85	255	91	47
20	3	3	102	3116	2560	80.8047	0x49660f91	255	118	23
20	3	3	103	3117	2544	77.3047	0x71c3de3d	255	71	141
20	3	3	104	3117	2545	77.1953	0x71822631	255	69	132
20	3	3	105	3117	2546	77.1719	0x71400628	255	69	127
20	3	3	106	3117	2547	77.1953	0x703ec615	255	67	122
20	3	3	107	3117	2548	77.25	0x6dbd65f9	255	63	118
20	3	3	108	3117	2549	77.3594	0x6afc2ddc	255	61	118
20	3	3	109	3117	2550	77.4922	0x6dfb9609	255	65	112
20	3	3	110	3117	2551	77.6406	0x6c7abdfa	255	62	110
20	3	3	111	3117	2552	77.8281	0x6939cdde	255	59	106
20	3	3	112	3117	2553	78.0391	0x67f975d0	255	58	104
20	3	3	113	3117	2554	78.25	0x65b81dc9	255	57	101
20	3	3	114	3117	2555	78.5547	0x627685bc	255	57	93
20	3	3	115	3117	2556	78.8828	0x61359dc0	255	57	92
20	3	3	116	3117	2557	79.2578	0x623535d2	255	59	91
20	3	3	117	3117	2558	79.6172	0x61737df0	255	64	83
20	3	3	118	3117	2559	80.1328	0x586e5e22	255	79	59
20	3	3	119	3117	2560	81.0156	0x4da856da	255	103	32
20	3	3	120	3118	2544	77.8203	0x6f41660b	255	65	132
20	3	3	121	3118	2545	77.7578	0x6d8125f3	255	62	130
20	3	3	122	3118	2546	77.75	0x6d3f25ec	255	60	125
20	3	3	123	3118	2547	77.8125	0x69bd0dc6	255	56	118
20	3	3	124	3118	2548	77.9375	0x69bb95d0	255	57	116
20	3	3	125	3118	2549	78.0938	0x697e45bf	255	55	124
20	3	3	126	3118	2550	78.0469	0x68be25b6	255	55	118
20	3	3	127	3118	2551	78.2109	0x6579edaf	255	54	107
20	3	3	128	3118	2552	78.4375	0x64b8e5b2	255	53	103
20	3	3	129	3118	2553	78.6719	0x5c789566	255	45	104
20	3	3	130	3118	2554	78.9219	0x58f65d64	255	45	101
20	3	3	131	3118	2555	79.3203	0x58b55d72	255	47	93
20	3	3	132	3118	2556	79.6484	0x5c767583	255	49	99
20	3	3	133	3118	2557	79.9609	0x62b6d5ba	255	56	96
20	3	3	134	3118	2558	80.2578	0x64b545ed	255	63	92
20	3	3	135	3118	2559	80.6875	0x5fb05e35	255	75	70
20	3	3	136	3118	2560	81.4219	0x59eba6bb	255	108	43
20	3	3	137	3119	2544	78.4297	0x6fc0e613	255	66	130
20	3	3	138	3119	2545	78.3906	0x6dc0a5f3	255	59	127
20	3	3	139	3119	2546	78.3906	0x66fda5a5	255	52	123
20	3	3	140	3119	2547	78.5391	0x693d4dbf	255	55	121
20	3	3	141	3119	2548	78.5625	0x69fd0dcb	255	57	120
20	3	3	142	3119	2549	78.7266	0x64badd9d	255	51	117
20	3	3	143	3119	2550	78.8906	0x633a8592	255	50	109
20	3	3	144	3119	2551	79.0781	0x5e7a4d66	255	46	108
20	3	3	145	3119	2552	79.2578	0x5a358d7d	255	47	98
20	3	3	146	3119	2553	79.7891	0x5734b56f	255	46	98
20	3	3	147	3119	2554	80.0391	0x5bb85d62	255	45	103
20	3	3	148	3119	2555	80.2891	0x5b38955b	255	45	102
20	3	3	149	3119	2556	80.5234	0x613a0d81	255	48	109
20	3	3	150	3119	2557	80.6719	0x68babdcc	255	57	112
20	3	3	151	3119	2558	80.8594	0x6af85606	255	65	101
20	3	3	152	3119	2559	81.1719	0x68b3c648	255	77	81
20	3	3	153	3119	2560	81.7031	0x652f2ec2	255	93	62
20	3	3	154	3120	2544	78.9219	0x6dc005f3	255	63	127
20	3	3	155	3120	2545	78.9531	0x6b3b75e3	255	60	117
20	3	3	156	3120	2546	79.2109	0x657c6d9c	255	52	121
20	3	3	157	3120	2547	79.1797	0x68bf25b4	255	54	125
20	3	3	158	3120	2548	79.2656	0x657995b3	255	52	114
20	3	3	159	3120	2549	79.5938	0x5f7add6b	255	44	121
20	3	3	160	3120	2550	79.5938	0x5dfa855f	255	44	119
20	3	3	161	3120	2551	79.9453	0x60b80596	255	51	103
20	3	3	162	3120	2552	80.1172	0x60389587	255	51	102
20	3	3	163	3120	2553	80.4297	0x64f73dce	255	58	97
20	3	3	164	3120	2554	80.6953	0x64b5ade8	255	60	97
20	3	3	165	3120	2555	81.125	0x64b75dca	255	58	102
20	3	3	166	3120	2556	81.2656	0x6d7d65f4	255	65	119
20	3	3	167	3120	2557	81.2891	0x707dc61e	255	67	121
20	3	3	168	3120	2558	81.4062	0x70ba4641	255	71	106
20	3	3	169	3120	2559	81.6562	0x6c75d64c	255	74	91
20	3	3	170	3120	2560	82.0859	0x67b1ee75	255	84	71
20	4	4	0	3104	2544	74.4219	0x6ab769ef	255	186	102
20	4	4	1	3105	2544	74.0547	0x7738090d	255	158	96
20	4	4	2	3105	2545	74.2734	0x76f82918	255	158	99
20	4	4	3	3104	2545	74.6875	0x70f9c9b7	255	181	106
20	4	4	4	3104	2546	74.8203	0x737a0190	255	176	106
20	4	4	5	3105	2546	74.5625	0x797968f4	255	157	103
20	4	4	6	3105	2547	74.6953	0x7abbb103	255	156	109
20	4	4	7	3104	2547	75.0703	0x743ab98a	255	176	110
20	4	4	8	3104	2548	75.1562	0x773e4171	255	172	119
20	4	4	9	3104	2552	75.1641	0x7783b953	255	170	140
20	4	4	10	3104	2553	75.0078	0x7545e16a	255	171	149
20	4	4	11	3105	2553	74.6953	0x7a85c8de	255	151	148
20	4	4	12	3104	2554	74.7891	0x72c8116f	255	170	157
20	4	4	13	3105	2554	74.4844	0x790818cb	255	148	158
20	4	4	14	3105	2555	74.1719	0x768a60bc	255	141	165
20	4	4	15	3104	2555	74.4844	0x6f0b4164	255	169	169
20	4	4	16	3104	2556	74.0312	0x680f3952	255	160	183
20	4	4	17	3105	2556	73.7969	0x74ccd050	255	131	178
20	4	4	18	3105	2557	73.2969	0x7bc71791	255	110	148
20	4	4	19	3104	2557	73.3828	0x6ecc8939	255	152	170
20	4	4	20	3104	2558	73.1719	0x7e44d7d8	255	117	144
20	5	0	0	3104	2545	74.6875	0x70f9c9b7	0	181	106
20	5	0	1	3105	2545	74.2734	0x76f82918	0	158	99
20	5	0	2	3104	2546	74.8203	0x737a0190	255	176	106
20	5	0	3	3105	2546	74.5625	0x797968f4	255	157	103
20	5	0	4	3105	2547	74.6953	0x7abbb103	255	156	109
20	5	0	5	3104	2547	75.0703	0x743ab98a	255	176	110
20	5	0	6	3104	2548	75.1562	0x773e4171	255	172	119
20	5	0	7	3105	2548	74.8359	0x7b3c48f8	255	156	113
20	5	0	8	3105	2549	74.9297	0x7cfe60db	255	154	122
20	5	0	9	3104	2549	75.1797	0x77fe6161	255	169	122
20	5	0	10	3104	2550	75.2578	0x783f015d	0	170	126
20	5	0	11	3105	2550	74.9375	0x7c8020e9	255	154	127
20	5	0	12	3105	2551	74.9219	0x7c4160ed	0	155	132
20	5	0	13	3106	2545	74.1172	0x7cb8f02c	0	129	99
20	5	0	14	3106	2546	74.3281	0x7c79485f	255	132	103
20	5	0	15	3106	2547	74.5469	0x7dbad05c	255	136	108
20	5	0	16	3106	2548	74.6562	0x7ebce867	255	136	115
20	5	0	17	3106	2549	74.7422	0x7efde073	255	138	119
20	5	0	18	3106	2550	74.7891	0x7f7fa063	255	138	126
20	5	0	19	3106	2551	74.7656	0x7f01a067	255	138	133
20	5	0	20	3106	2552	74.6875	0x7e83385c	0	134	137
20	5	0	21	3107	2545	74.1875	0x7c392f91	0	115	103
20	5	0	22	3107	2546	74.375	0x7dfad7c8	255	120	107
20	5	0	23	3107	2547	74.5156	0x7efbeff4	255	125	111
20	5	0	24	3107	2548	74.6328	0x7f7d0ffc	255	127	115
20	5	0	25	3107	2549	74.7031	0x7fbe4000	255	127	120
20	5	0	26	3107	2550	74.7422	0x7fffc004	255	127	126
20	5	0	27	3107	2551	74.7188	0x7fc127f8	255	125	131
20	5	0	28	3107	2552	74.6719	0x7f81e7d8	0	124	134
20	5	0	29	3108	2546	74.4375	0x7e3c4f8d	0	112	112
20	5	0	30	3108	2547	74.5703	0x7e7c6f95	0	115	113
20	5	0	31	3108	2548	74.6641	0x7efd47ac	255	117	116
20	5	0	32	3108	2549	74.7422	0x7f3e27a4	255	117	120
20	5	0	33	3108	2550	74.7812	0x7f7f67ac	255	117	125
20	5	0	34	3108	2551	74.7812	0x7f004799	255	115	128
20	5	0	35	3108	2552	74.7656	0x7ec08781	0	111	129
20	5	0	36	3109	2547	74.7266	0x7d3cef4b	0	105	116
20	5	0	37	3109	2548	74.7969	0x7dfd875a	0	107	117
20	5	0	38	3109	2549	74.8828	0x7e3e4762	255	107	120
20	5	0	39	3109	2550	74.9062	0x7e3f675a	255	107	125
20	5	0	40	3109	2551	74.9219	0x7dffc74f	255	105	126
20	5	0	41	3109	2552	74.9219	0x7d7f4738	255	103	125
20	5	0	42	3109	2553	74.9688	0x7c3e870f	0	97	123
20	5	0	43	3110	2548	74.9922	0x7cfe072d	0	101	119
20	5	0	44	3110	2549	75.0547	0x7d7e2743	255	104	120
20	5	0	45	3110	2550	75.1094	0x7dbec743	255	103	123
20	5	0	46	3110	2551	75.1328	0x7d7f2738	255	102	124
20	5	0	47	3110	2552	75.1641	0x7c3e6713	255	98	121
20	5	0	48	3110	2553	75.2344	0x7b3d46fd	0	95	117
20	5	0	49	3111	2548	75.2188	0x7c7ea713	0	98	122
20	5	0	50	3111	2549	75.2578	0x7cff0725	255	100	123
20	5	0	51	3111	2550	75.2812	0x7d7f0738	255	102	123
20	5	0	52	3111	2551	75.3203	0x7cfe272d	255	101	121
20	5	0	53	3111	2552	75.3984	0x7c3d4717	255	98	116
20	5	0	54	3111	2553	75.4922	0x7afc2f01	0	95	113
20	5	0	55	3112	2548	75.4688	0x7bff2701	0	95	123
20	5	0	56	3112	2549	75.4922	0x7c3f6708	255	96	125
20	5	0	57	3112	2550	75.5078	0x7bff0704	255	96	123
20	5	0	58	3112	2551	75.5547	0x7b7e06f9	255	95	120
20	5	0	59	3112	2552	75.6328	0x7abceef2	255	94	115
20	5	0	60	3112	2553	75.75	0x797b76e4	0	92	110
20	5	0	61	3113	2548	75.7344	0x7b3f46ef	0	93	124
20	5	0	62	3113	2549	75.7578	0x7b3f26eb	255	92	124
20	5	0	63	3113	2550	75.7891	0x7abe86e0	255	91	122
20	5	0	64	3113	2551	75.8516	0x79fd86d6	255	90	118
20	5	0	65	3113	2552	75.9453	0x797c8ecf	255	89	114
20	5	0	66	3113	2553	76.0703	0x77baf6be	0	87	108
20	5	0	67	3113	2547	75.7109	0x7b3f66eb	0	92	124
20	5	0	68	3114	2547	76	0x7a7f86d6	0	90	125
20	5	0	69	3114	2548	76.0234	0x7a3f26d2	255	89	124
20	5	0	70	3114	2549	76.0547	0x79bee6c8	255	88	123
20	5	0	71	3114	2550	76.0938	0x793e46be	255	87	120
20	5	0	72	3114	2551	76.1641	0x787d66b0	255	85	117
20	5	0	73	3114	2552	76.2578	0x773c0ea3	255	84	113
20	5	0	74	3114	2553	76.4141	0x753a4693	0	82	106
20	5	0	75	3114	2544	76.0078	0x784106a6	0	83	129
20	5	0	76	3115	2544	76.375	0x75c1e679	255	79	133
20	5	0	77	3115	2545	76.3438	0x7780e699	255	82	130
20	5	0	78	3114	2545	75.9922	0x790046b7	0	86	128
20	5	0	79	3114	2546	75.9922	0x7a3fe6cf	0	88	126
20	5	0	80	3115	2546	76.3203	0x784066a6	255	84	128
20	5	0	81	3115	2547	76.3203	0x787f86a6	255	84	125
20	5	0	82	3115	2548	76.3516	0x77fec69f	255	83	122
20	5	0	83	3115	2549	76.3984	0x777e6692	255	82	121
20	5	0	84	3115	2550	76.4531	0x75fda67c	255	79	119
20	5	0	85	3115	2551	76.5469	0x74bc8e69	255	77	115
20	5	0	86	3115	2552	76.6719	0x733b765b	255	75	111
20	5	0	87	3115	2553	76.8359	0x7179ee4f	0	74	105
20	5	0	88	3116	2544	76.8359	0x73433e51	255	74	137
20	5	0	89	3116	2545	76.7422	0x7542066f	255	77	134
20	5	0	90	3116	2546	76.7109	0x7580666f	255	77	128
20	5	0	91	3116	2547	76.7188	0x753f4666	255	76	125
20	5	0	92	3116	2548	76.7578	0x747e665d	255	75	121
20	5	0	93	3116	2549	76.8203	0x72fd8645	255	72	118
20	5	0	94	3116	2550	76.9141	0x70bcae29	255	70	115
20	5	0	95	3116	2551	77.0312	0x6f3c0e16	255	66	113
20	5	0	96	3116	2552	77.1641	0x6cfafe02	0	65	109
20	5	0	97	3117	2544	77.3047	0x71c3de3d	255	71	141
20	5	0	98	3117	2545	77.1953	0x71822631	255	69	132
20	5	0	99	3117	2546	77.1719	0x71400628	255	69	127
20	5	0	100	3117	2547	77.1953	0x703ec615	255	67	122
20	5	0	101	3117	2548	77.25	0x6dbd65f9	255	63	118
20	5	0	102	3117	2549	77.3594	0x6afc2ddc	255	61	118
20	5	0	103	3117	2550	77.4922	0x6dfb9609	255	65	112
20	5	0	104	3117	2551	77.6406	0x6c7abdfa	255	62	110
20	5	0	105	3117	2552	77.8281	0x6939cdde	0	59	106
20	5	0	106	3118	2544	77.8203	0x6f41660b	255	65	132
20	5	0	107	3118	2545	77.7578	0x6d8125f3	255	62	130
20	5	0	108	3118	2546	77.75	0x6d3f25ec	255	60	125
20	5	0	109	3118	2547	77.8125	0x69bd0dc6	255	56	118
20	5	0	110	3118	2548	77.9375	0x69bb95d0	255	57	116
20	5	0	111	3118	2549	78.0938	0x697e45bf	255	55	124
20	5	0	112	3118	2550	78.0469	0x68be25b6	255	55	118
20	5	0	113	3118	2551	78.2109	0x6579edaf	255	54	107
20	5	0	114	3118	2552	78.4375	0x64b8e5b2	0	53	103
20	5	0	115	3119	2544	78.4297	0x6fc0e613	255	66	130
20	5	0	116	3119	2545	78.3906	0x6dc0a5f3	255	59	127
20	5	0	117	3119	2546	78.3906	0x66fda5a5	255	52	123
20	5	0	118	3119	2547	78.5391	0x693d4dbf	255	55	121
20	5	0	119	3119	2548	78.5625	0x69fd0dcb	255	57	120
20	5	0	120	3119	2549	78.7266	0x64badd9d	255	51	117
20	5	0	121	3119	2550	78.8906	0x633a8592	255	50	109
20	5	0	122	3119	2551	79.0781	0x5e7a4d66	0	46	108
20	5	0	123	3120	2544	78.9219	0x6dc005f3	255	63	127
20	5	0	124	3120	2545	78.9531	0x6b3b75e3	255	60	117
20	5	0	125	3120	2546	79.2109	0x657c6d9c	255	52	121
20	5	0	126	3120	2547	79.1797	0x68bf25b4	255	54	125
20	5	0	127	3120	2548	79.2656	0x657995b3	255	52	114
20	5	0	128	3120	2549	79.5938	0x5f7add6b	255	44	121
20	5	0	129	3120	2550	79.5938	0x5dfa855f	0	44	119
20	6	0	0	3104	2559	73.0781	0x787e46a9	0	87	124
20	6	0	1	3105	2559	73.5547	0x673615ff	0	72	102
20	6	0	2	3104	2560	73.2812	0x677b35ba	255	60	116
20	6	0	3	3105	2560	74.0078	0x5eb5d5a2	255	52	95
20	6	0	4	3106	2559	74.2578	0x5b72ddbc	0	57	82
20	6	0	5	3106	2560	74.7969	0x57b4257e	255	49	89
20	6	0	6	3107	2559	74.9922	0x522f8dbc	0	60	69
20	6	0	7	3107	2560	75.7031	0x4df19564	255	45	83
20	6	0	8	3108	2559	75.7422	0x49ec95d2	0	66	54
20	6	0	9	3108	2560	76.6875	0x492ec588	255	51	69
21	0	0	0	3120	2544	78.9219	0x6dc005f3	255	63	127
21	0	0	1	3121	2544	79.625	0x697e45bf	255	55	122
21	0	0	2	3121	2545	79.6406	0x65fbd5a4	255	54	117
21	0	0	3	3120	2545	78.9531	0x6b3b75e3	255	60	117
21	0	0	4	3120	2546	79.2109	0x657c6d9c	255	52	121
21	0	0	5	3121	2546	79.8906	0x677b35ba	255	55	115
21	0	0	6	3121	2547	79.9453	0x64be858a	255	49	121
21	0	0	7	3120	2547	79.1797	0x68bf25b4	255	54	125
21	0	0	8	3120	2548	79.2656	0x657995b3	255	52	114
21	0	0	9	3121	2548	79.9844	0x5db87572	255	45	114
21	0	0	10	3121	2549	80.4375	0x5e36059a	255	49	112
21	0	0	11	3120	2549	79.5938	0x5f7add6b	255	44	121
21	0	0	12	3120	2550	79.5938	0x5dfa855f	0	44	119
21	0	0	13	3121	2550	80.6562	0x63bd0d85	0	50	123
21	0	0	14	3122	2544	80.2891	0x6b3ee5d4	255	56	124
21	0	0	15	3122	2545	80.4219	0x67bb1dbc	255	55	111
21	0	0	16	3122	2546	80.6016	0x66fafdb6	255	54	113
21	0	0	17	3122	2547	80.7422	0x667a65b7	255	55	109
21	0	0	18	3122	2548	80.9609	0x6139d585	255	52	110
21	0	0	19	3122	2549	81.1406	0x6c3c8de8	0	61	118
21	0	0	20	3122	2550	81.1797	0x703cce1e	0	65	120
21	0	0	21	3123	2544	80.9219	0x697ec5bd	0	55	125
21	0	0	22	3123	2545	81.0234	0x6b3a25f3	0	60	114
21	0	0	23	3123	2546	81.2969	0x6c3addf7	0	63	114
21	0	0	24	3123	2547	81.3516	0x6efb7616	0	67	114
21	0	0	25	3123	2548	81.5859	0x707afe35	0	71	111
21	0	0	26	3123	2549	81.6719	0x74bdc663	0	76	119
21	0	0	27	3124	2544	81.6641	0x6efec603	0	66	123
21	0	0	28	3125	2544	82.0703	0x787da6b0	0	86	118
21	0	0	29	3125	2545	82.125	0x77be8699	255	88	123
21	0	0	30	3124	2545	81.625	0x6ffe0613	0	66	124
21	0	0	31	3124	2546	81.7891	0x74bcae69	0	76	118
21	0	0	32	3125	2546	82.1641	0x7a3e86d6	255	91	121
21	0	0	33	3125	2547	82.2188	0x7abe86e0	255	96	122
21	0	0	34	3124	2547	81.8359	0x74fd2e69	0	77	118
21	0	0	35	3124	2548	81.9688	0x78bd0eba	0	87	119
21	0	0	36	3125	2548	82.2578	0x7cff2722	255	101	124
21	0	0	37	3125	2549	82.2734	0x7d806743	255	105	128
21	0	0	38	3124	2549	82.0234	0x7a7e86d9	0	91	121
21	0	0	39	3124	2550	82.0625	0x7bfee704	0	97	124
21	0	0	40	3125	2550	82.2344	0x7e408766	255	108	128
21	0	0	41	3125	2551	82.2422	0x7ec00781	255	111	127
21	0	0	42	3124	2551	82.0938	0x7c7f6713	0	100	125
21	0	0	43	3124	2552	82.1016	0x7dff674f	0	106	124
21	0	0	44	3125	2552	82.2344	0x7f002795	0	114	127
21	0	0	45	3126	2544	82.3594	0x7bff4701	255	97	123
21	0	0	46	3126	2545	82.375	0x7cff6722	255	100	125
21	0	0	47	3126	2546	82.3984	0x7d7f473c	255	104	125
21	0	0	48	3126	2547	82.4219	0x7e3fc75a	255	107	126
21	0	0	49	3126	2548	82.4141	0x7ec06781	255	111	128
21	0	0	50	3126	2549	82.3984	0x7ec0c789	255	112	130
21	0	0	51	3126	2550	82.3672	0x7f00e795	255	114	131
21	0	0	52	3126	2551	82.3438	0x7f40e7ac	255	117	130
21	0	0	53	3126	2552	82.3125	0x7f80e7c4	255	120	130
21	0	0	54	3125	2553	82.2344	0x7f7fe7b0	0	118	127
21	0	0	55	3126	2553	82.2891	0x7fc0c7e0	0	124	130
21	0	0	56	3127	2544	82.5859	0x7e7ec76a	255	111	124
21	0	0	57	3127	2545	82.5703	0x7e80876e	255	111	128
21	0	0	58	3127	2546	82.5547	0x7ec06781	255	112	128
21	0	0	59	3127	2547	82.5469	0x7f00c79d	255	114	129
21	0	0	60	3127	2548	82.5078	0x7f40a7ac	255	117	129
21	0	0	61	3127	2549	82.5078	0x7f4107b4	255	118	131
21	0	0	62	3127	2550	82.4453	0x7f81a7c8	255	121	133
21	0	0	63	3127	2551	82.4062	0x7f8187d8	255	122	133
21	0	0	64	3127	2552	82.3516	0x7f81c7e8	255	124	134
21	0	0	65	3127	2553	82.2969	0x7f82000c	255	128	134
21	0	0	66	3126	2554	82.2656	0x7fc0e008	0	127	130
21	0	0	67	3127	2554	82.2266	0x7f424038	0	134	136
21	0	0	68	3128	2544	82.6562	0x7fbee7c0	255	118	123
21	0	0	69	3128	2545	82.6641	0x7f4027b0	255	117	127
21	0	0	70	3128	2546	82.6484	0x7f80c7bc	255	119	130
21	0	0	71	3128	2547	82.6172	0x7f8127cc	255	121	131
21	0	0	72	3128	2548	82.5781	0x7f8127c8	255	121	131
21	0	0	73	3128	2549	82.5469	0x7f81a7e4	255	124	133
21	0	0	74	3128	2550	82.4766	0x7f8207f4	255	126	135
21	0	0	75	3128	2551	82.4219	0x7f81e004	255	127	134
21	0	0	76	3128	2552	82.3594	0x7f428020	255	129	136
21	0	0	77	3128	2553	82.2656	0x7ec33840	255	134	140
21	0	0	78	3128	2554	82.1562	0x7e03d873	0	139	141
21	0	0	79	3129	2544	82.7109	0x7fbee7e0	255	124	123
21	0	0	80	3129	2545	82.7266	0x7fc067ec	255	125	128
21	0	0	81	3129	2546	82.6875	0x7fc147f0	255	126	132
21	0	0	82	3129	2547	82.6484	0x7fc12004	255	127	132
21	0	0	83	3129	2548	82.6172	0x7fc167fc	255	127	132
21	0	0	84	3129	2549	82.5625	0x7f426014	255	128	135
21	0	0	85	3129	2550	82.4688	0x7f42a018	255	130	137
21	0	0	86	3129	2551	82.3984	0x7f02e030	255	132	137
21	0	0	87	3129	2552	82.2891	0x7e839858	255	138	141
21	0	0	88	3129	2553	82.1719	0x7dc4906f	255	141	144
21	0	0	89	3129	2554	82	0x7bc5e0a9	255	148	150
21	0	0	90	3129	2555	81.7969	0x7946b8ed	0	155	152
21	0	0	91	3130	2544	82.7188	0x7f7ea048	255	133	124
21	0	0	92	3130	2545	82.7031	0x7f40a050	255	135	129
21	0	0	93	3130	2546	82.6797	0x7f418040	255	134	132
21	0	0	94	3130	2547	82.6094	0x7f418050	255	136	132
21	0	0	95	3130	2548	82.5859	0x7f01a05c	255	136	133
21	0	0	96	3130	2549	82.5078	0x7e82806f	255	139	137
21	0	0	97	3130	2550	82.4297	0x7e02e08e	255	140	138
21	0	0	98	3130	2551	82.3281	0x7d83d88e	255	142	142
21	0	0	99	3130	2552	82.1875	0x7d447092	255	144	144
21	0	0	100	3130	2553	82.0469	0x7bc5c8b1	255	148	149
21	0	0	101	3130	2554	81.8203	0x7907c0da	255	152	155
21	0	0	102	3130	2555	81.5469	0x7688c106	255	159	161
21	0	0	103	3130	2556	81.25	0x7488f930	0	164	160
21	0	0	104	3131	2544	82.5703	0x7e7fa0a2	255	147	126
21	0	0	105	3131	2545	82.5703	0x7e80208e	255	145	128
21	0	0	106	3131	2546	82.5625	0x7e81408b	255	144	131
21	0	0	107	3131	2547	82.4922	0x7e02009a	255	146	135
21	0	0	108	3131	2548	82.4375	0x7d8260b1	255	149	136
21	0	0	109	3131	2549	82.3438	0x7a43f90e	255	155	139
21	0	0	110	3131	2550	82.1875	0x7b0398f8	255	158	140
21	0	0	111	3131	2551	82.1172	0x7b42f8fc	255	157	140
21	0	0	112	3131	2552	82	0x7ac4b0f4	255	156	145
21	0	0	113	3131	2553	81.8203	0x7886d106	255	158	152
21	0	0	114	3131	2554	81.5625	0x76088918	255	161	160
21	0	0	115	3131	2555	81.2656	0x75096918	255	161	162
21	0	0	116	3131	2556	80.9453	0x738a0929	0	162	166
21	0	0	117	3132	2544	82.3984	0x7d7f40cc	255	151	126
21	0	0	118	3132	2545	82.4219	0x7d3fe0d7	255	152	127
21	0	0	119	3132	2546	82.4062	0x7c41e0e9	255	153	132
21	0	0	120	3132	2547	82.3047	0x7bc2c0f1	255	156	137
21	0	0	121	3132	2548	82.2344	0x7a0568f8	255	158	141
21	0	0	122	3132	2549	81.9609	0x7604d167	255	172	138
21	0	0	123	3132	2550	81.9297	0x7942413b	255	168	136
21	0	0	124	3132	2551	81.8203	0x7843b946	255	167	141
21	0	0	125	3132	2552	81.6953	0x7744d14c	255	167	145
21	0	0	126	3132	2553	81.5156	0x7606f142	255	166	153
21	0	0	127	3132	2554	81.25	0x75084937	255	165	159
21	0	0	128	3132	2555	80.9766	0x74494930	255	163	162
21	0	0	129	3132	2556	80.6406	0x6fcc8921	0	162	171
21	0	0	130	3133	2544	82.1641	0x7cc120d7	255	154	131
21	0	0	131	3133	2545	82.1406	0x7b41210e	255	160	131
21	0	0	132	3133	2546	82.0938	0x79422138	255	166	135
21	0	0	133	3133	2547	82.0078	0x79828135	255	166	138
21	0	0	134	3133	2548	81.9375	0x7606794f	255	168	145
21	0	0	135	3133	2549	81.5938	0x77c64126	255	167	143
21	0	0	136	3133	2550	81.5391	0x7702616a	255	172	136
21	0	0	137	3133	2551	81.4453	0x77c39950	255	169	139
21	0	0	138	3133	2552	81.3125	0x77849149	255	167	144
21	0	0	139	3133	2553	81.1562	0x7706213e	255	166	151
21	0	0	140	3133	2554	80.9219	0x7587f934	255	164	157
21	0	0	141	3133	2555	80.6406	0x7448c13e	255	164	161
21	0	0	142	3133	2556	80.3516	0x71cb112c	0	162	169
21	0	0	143	3134	2544	81.9688	0x7d82e0ad	255	149	137
21	0	0	144	3134	2545	81.875	0x7c4338d7	255	153	140
21	0	0	145	3134	2546	81.7656	0x7b033903	255	158	139
21	0	0	146	3134	2547	81.6719	0x7a03991c	255	162	141
21	0	0	147	3134	2548	81.5391	0x7844f131	255	160	145
21	0	0	148	3134	2549	81.3594	0x7ac5c8d3	255	153	150
21	0	0	149	3134	2550	81.1719	0x7a83b907	255	159	140
21	0	0	150	3134	2551	81.125	0x7a828118	255	162	136
21	0	0	151	3134	2552	81.0156	0x79c43918	255	162	144
21	0	0	152	3134	2553	80.8594	0x7806411f	255	162	150
21	0	0	153	3134	2554	80.6172	0x7608511f	255	162	158
21	0	0	154	3134	2555	80.3203	0x75091126	255	162	162
21	0	0	155	3134	2556	80.0234	0x708aa15b	0	165	168
21	0	0	156	3135	2544	81.8203	0x7e837850	255	133	141
21	0	0	157	3135	2545	81.7109	0x7e03f873	255	138	143
21	0	0	158	3135	2546	81.5703	0x7d847087	255	142	145
21	0	0	159	3135	2547	81.4297	0x7d0418a2	255	144	143
21	0	0	160	3135	2548	81.3125	0x7d0418a6	255	146	143
21	0	0	161	3135	2549	81.1719	0x7c84d0a9	255	147	148
21	0	0	162	3135	2550	81.0078	0x7cc4b0a2	255	147	145
21	0	0	163	3135	2551	80.875	0x7b8438e2	255	154	142
21	0	0	164	3135	2552	80.7422	0x7a04d103	255	159	145
21	0	0	165	3135	2553	80.5703	0x78865911	255	160	151
21	0	0	166	3135	2554	80.3359	0x7708310a	255	159	158
21	0	0	167	3135	2555	80.0391	0x740aa906	0	160	166
21	0	0	168	3136	2544	81.8125	0x7ec43804	0	128	142
21	0	0	169	3136	2545	81.6484	0x7e44f00c	255	128	147
21	0	0	170	3136	2546	81.5	0x7e44b014	255	128	145
21	0	0	171	3136	2547	81.3516	0x7e849014	255	128	145
21	0	0	172	3136	2548	81.2109	0x7dc5304c	255	135	148
21	0	0	173	3136	2549	81.0234	0x7cc5a877	255	141	149
21	0	0	174	3136	2550	80.8516	0x7c858892	255	145	149
21	0	0	175	3136	2551	80.6719	0x7b45a8c4	255	151	149
21	0	0	176	3136	2552	80.4922	0x7a45c8e9	255	155	149
21	0	0	177	3136	2553	80.3047	0x794678f4	255	157	152
21	0	0	178	3136	2554	80.0781	0x7847f8e9	0	155	157
21	1	1	0	3120	2552	80.1172	0x60389587	255	51	102
21	1	1	1	3120	2553	80.4297	0x64f73dce	255	58	97
21	1	1	2	3121	2553	81.125	0x6ab93df6	255	63	105
21	1	1	3	3120	2554	80.6953	0x64b5ade8	255	60	97
21	1	1	4	3121	2554	81.2969	0x6bb81616	255	67	101
21	1	1	5	3121	2555	81.6406	0x74b96e93	255	84	110
21	1	1	6	3120	2555	81.125	0x64b75dca	255	58	102
21	1	1	7	3120	2558	81.4062	0x70ba4641	255	71	106
21	1	1	8	3121	2558	81.8359	0x75fa06a3	255	85	108
21	1	1	9	3121	2559	82.125	0x707546a5	255	85	87
21	1	1	10	3120	2559	81.6562	0x6c75d64c	255	74	91
21	1	1	11	3120	2560	82.0859	0x67b1ee75	255	84	71
21	1	1	12	3121	2560	82.5547	0x67b27e63	255	79	76
21	1	1	13	3122	2554	81.7969	0x777bcead	255	92	113
21	1	1	14	3122	2558	82.1328	0x7afa7f22	255	105	110
21	1	1	15	3122	2559	82.3828	0x7473876e	255	116	81
21	1	1	16	3122	2560	82.9844	0x70f1ef57	255	118	72
21	1	1	17	3123	2559	82.4141	0x7a76b7f4	255	126	100
21	1	1	18	3123	2560	82.8906	0x717218a1	255	143	72
21	1	1	19	3124	2560	82.6641	0x75f5f0e9	255	146	91
21	1	1	20	3125	2559	82.2656	0x7d3e00c8	255	146	126
21	1	1	21	3125	2560	82.4219	0x7139c9b1	255	175	104
21	1	1	22	3126	2560	81.7266	0x6c3ec221	255	189	126
21	2	2	0	3126	2558	82.1484	0x7c82f8cc	255	150	134
21	2	2	1	3127	2558	81.8906	0x77864131	255	164	148
21	2	2	2	3127	2559	81.5938	0x6e0ad184	255	173	163
21	2	2	3	3126	2559	82.0078	0x76469945	255	166	151
21	2	2	4	3126	2560	81.7266	0x6c3ec221	255	189	126
21	2	2	5	3127	2560	81.1641	0x6e8589e1	255	187	135
21	2	2	6	3127	2557	81.9922	0x7b82e0f4	255	155	137
21	2	2	7	3128	2557	81.7031	0x78056934	255	165	148
21	2	2	8	3128	2558	81.5234	0x73881163	255	169	154
21	2	2	9	3128	2559	81.1797	0x6b8c917d	255	172	174
21	2	2	10	3128	2560	80.6562	0x680be1c9	255	184	158
21	2	2	11	3129	2557	81.3594	0x75069963	255	169	152
21	2	2	12	3129	2558	81.1484	0x71c8d972	255	172	159
21	2	2	13	3129	2559	80.7812	0x6a0e215c	255	171	178
21	2	2	14	3129	2560	80.1484	0x644d09dc	255	184	171
21	2	2	15	3129	2555	81.7969	0x7946b8ed	255	155	152
21	2	2	16	3130	2555	81.5469	0x7688c106	255	159	161
21	2	2	17	3130	2556	81.25	0x7488f930	255	164	160
21	2	2	18	3129	2556	81.5703	0x7706d12d	255	164	153
21	2	2	19	3130	2557	80.9609	0x7347d969	255	171	156
21	2	2	20	3130	2558	80.7422	0x7087f19b	255	172	153
21	2	2	21	3130	2559	80.4453	0x690ff119	255	158	184
21	2	2	22	3130	2560	79.5781	0x690a29e5	255	172	153
21	2	2	23	3130	2554	81.8203	0x7907c0da	255	152	155
21	2	2	24	3131	2554	81.5625	0x76088918	255	161	160
21	2	2	25	3131	2555	81.2656	0x75096918	255	161	162
21	2	2	26	3131	2556	80.9453	0x738a0929	255	162	166
21	2	2	27	3131	2557	80.6016	0x6e8a398b	255	171	162
21	2	2	28	3131	2558	80.2656	0x73863983	255	174	144
21	2	2	29	3131	2559	80.2031	0x6590514e	255	162	175
21	2	2	30	3131	2560	79.0547	0x6890c0f3	255	137	166
21	2	2	31	3131	2553	81.8203	0x7886d106	255	158	152
21	2	2	32	3132	2553	81.5156	0x7606f142	255	166	153
21	2	2	33	3132	2554	81.25	0x75084937	255	165	159
21	2	2	34	3132	2555	80.9766	0x74494930	255	163	162
21	2	2	35	3132	2556	80.6406	0x6fcc8921	255	162	171
21	2	2	36	3132	2557	80.1172	0x70cac151	255	165	164
21	2	2	37	3132	2558	79.9219	0x7785e138	255	166	148
21	2	2	38	3132	2559	79.7422	0x6e4c3951	255	165	166
21	2	2	39	3132	2560	79.0859	0x675168e4	255	140	178
21	2	2	40	3133	2553	81.1562	0x7706213e	255	166	151
21	2	2	41	3133	2554	80.9219	0x7587f934	255	164	157
21	2	2	42	3133	2555	80.6406	0x7448c13e	255	164	161
21	2	2	43	3133	2556	80.3516	0x71cb112c	255	162	169
21	2	2	44	3133	2557	79.8984	0x740ae0fb	255	160	168
21	2	2	45	3133	2558	79.625	0x76863949	255	167	149
21	2	2	46	3133	2559	79.5	0x6b0e8135	255	165	166
21	2	2	47	3133	2560	78.5938	0x5d926975	255	166	198
21	2	2	48	3134	2554	80.6172	0x7608511f	255	162	158
21	2	2	49	3134	2555	80.3203	0x75091126	255	162	162
21	2	2	50	3134	2556	80.0234	0x708aa15b	255	165	168
21	2	2	51	3134	2557	79.6094	0x70cb9136	255	163	171
21	2	2	52	3134	2558	79.2422	0x7647d926	255	162	151
21	2	2	53	3134	2559	79.1016	0x6d8dc124	255	160	167
21	2	2	54	3134	2560	78.2812	0x5f5049b8	255	165	192
21	2	2	55	3135	2554	80.3359	0x7708310a	255	159	158
21	2	2	56	3135	2555	80.0391	0x740aa906	255	160	166
21	2	2	57	3135	2556	79.625	0x700b9144	255	164	171
21	2	2	58	3135	2557	79.2578	0x73492948	255	163	164
21	2	2	59	3135	2558	79.0234	0x7945a90a	255	159	148
21	2	2	60	3135	2559	78.8984	0x655250d5	255	157	165
21	2	2	61	3135	2560	77.6094	0x541329d4	255	178	192
21	2	2	62	3136	2554	80.0781	0x7847f8e9	255	155	157
21	2	2	63	3136	2555	79.7891	0x754ae0d3	255	151	169
21	2	2	64	3136	2556	79.3516	0x72cc98cb	255	146	174
21	2	2	65	3136	2557	78.9297	0x7789d8b5	255	140	164
21	2	2	66	3136	2558	78.7031	0x7c8418bc	255	144	143
21	2	2	67	3136	2559	78.6719	0x641328ac	255	147	159
21	2	2	68	3136	2560	77.1953	0x5854d942	255	154	203
21	3	3	0	3120	2544	78.9219	0x6dc005f3	255	63	127
21	3	3	1	3121	2544	79.625	0x697e45bf	255	55	122
21	3	3	2	3121	2545	79.6406	0x65fbd5a4	255	54	117
21	3	3	3	3120	2545	78.9531	0x6b3b75e3	255	60	117
21	3	3	4	3120	2546	79.2109	0x657c6d9c	255	52	121
21	3	3	5	3121	2546	79.8906	0x677b35ba	255	55	115
21	3	3	6	3121	2547	79.9453	0x64be858a	255	49	121
21	3	3	7	3120	2547	79.1797	0x68bf25b4	255	54	125
21	3	3	8	3120	2548	79.2656	0x657995b3	255	52	114
21	3	3	9	3121	2548	79.9844	0x5db87572	255	45	114
21	3	3	10	3121	2549	80.4375	0x5e36059a	255	49	112
21	3	3	11	3120	2549	79.5938	0x5f7add6b	255	44	121
21	3	3	12	3120	2550	79.5938	0x5dfa855f	255	44	119
21	3	3	13	3121	2550	80.6562	0x63bd0d85	255	50	123
21	3	3	14	3121	2551	80.625	0x683ccdb7	255	53	116
21	3	3	15	3120	2551	79.9453	0x60b80596	255	51	103
21	3	3	16	3120	2552	80.1172	0x60389587	255	51	102
21	3	3	17	3121	2552	80.8594	0x64f855be	255	56	101
21	3	3	18	3121	2553	81.125	0x6ab93df6	255	63	105
21	3	3	19	3120	2553	80.4297	0x64f73dce	255	58	97
21	3	3	20	3120	2554	80.6953	0x64b5ade8	255	60	97
21	3	3	21	3121	2554	81.2969	0x6bb81616	255	67	101
21	3	3	22	3121	2555	81.6406	0x74b96e93	255	84	110
21	3	3	23	3120	2555	81.125	0x64b75dca	255	58	102
21	3	3	24	3120	2556	81.2656	0x6d7d65f4	255	65	119
21	3	3	25	3121	2556	81.7188	0x783e66a3	255	85	122
21	3	3	26	3121	2557	81.7422	0x77be269c	255	84	120
21	3	3	27	3120	2557	81.2891	0x707dc61e	255	67	121
21	3	3	28	3120	2558	81.4062	0x70ba4641	255	71	106
21	3	3	29	3121	2558	81.8359	0x75fa06a3	255	85	108
21	3	3	30	3121	2559	82.125	0x707546a5	255	85	87
21	3	3	31	3120	2559	81.6562	0x6c75d64c	255	74	91
21	3	3	32	3120	2560	82.0859	0x67b1ee75	255	84	71
21	3	3	33	3121	2560	82.5547	0x67b27e63	255	79	76
21	3	3	34	3122	2544	80.2891	0x6b3ee5d4	255	56	124
21	3	3	35	3122	2545	80.4219	0x67bb1dbc	255	55	111
21	3	3	36	3122	2546	80.6016	0x66fafdb6	255	54	113
21	3	3	37	3122	2547	80.7422	0x667a65b7	255	55	109
21	3	3	38	3122	2548	80.9609	0x6139d585	255	52	110
21	3	3	39	3122	2549	81.1406	0x6c3c8de8	255	61	118
21	3	3	40	3122	2550	81.1797	0x703cce1e	255	65	120
21	3	3	41	3122	2551	81.3438	0x6d7ade07	255	66	109
21	3	3	42	3122	2552	81.5078	0x70bb962f	255	74	111
21	3	3	43	3122	2553	81.625	0x74bb7676	255	79	110
21	3	3	44	3122	2554	81.7969	0x777bcead	255	92	113
21	3	3	45	3122	2558	82.1328	0x7afa7f22	255	105	110
21	3	3	46	3122	2559	82.3828	0x7473876e	255	116	81
21	3	3	47	3122	2560	82.9844	0x70f1ef57	255	118	72
21	3	3	48	3123	2544	80.9219	0x697ec5bd	255	55	125
21	3	3	49	3123	2545	81.0234	0x6b3a25f3	255	60	114
21	3	3	50	3123	2546	81.2969	0x6c3addf7	255	63	114
21	3	3	51	3123	2547	81.3516	0x6efb7616	255	67	114
21	3	3	52	3123	2548	81.5859	0x707afe35	255	71	111
21	3	3	53	3123	2549	81.6719	0x74bdc663	255	76	119
21	3	3	54	3123	2550	81.7266	0x74fe8663	255	77	122
21	3	3	55	3123	2551	81.7656	0x777d8699	255	84	119
21	3	3	56	3123	2552	81.8828	0x79fceedd	255	92	115
21	3	3	57	3123	2553	81.9609	0x7bbe2704	255	100	120
21	3	3	58	3124	2544	81.6641	0x6efec603	255	66	123
21	3	3	59	3124	2545	81.625	0x6ffe0613	255	66	124
21	3	3	60	3124	2546	81.7891	0x74bcae69	255	76	118
21	3	3	61	3124	2547	81.8359	0x74fd2e69	255	77	118
21	3	3	62	3124	2548	81.9688	0x78bd0eba	255	87	119
21	3	3	63	3124	2549	82.0234	0x7a7e86d9	255	91	121
21	3	3	64	3124	2550	82.0625	0x7bfee704	255	97	124
21	3	3	65	3125	2544	82.0703	0x787da6b0	255	86	118
21	3	3	66	3125	2545	82.125	0x77be8699	255	88	123
21	3	3	67	3125	2546	82.1641	0x7a3e86d6	255	91	121
21	3	3	68	3125	2547	82.2188	0x7abe86e0	255	96	122
21	4	4	0	3125	2559	82.2656	0x7d3e00c8	255	146	126
21	4	4	1	3124	2560	82.6641	0x75f5f0e9	255	146	91
21	4	4	2	3125	2560	82.4219	0x7139c9b1	255	175	104
21	4	4	3	3126	2559	82.0078	0x76469945	255	166	151
21	4	4	4	3126	2560	81.7266	0x6c3ec221	255	189	126
21	4	4	5	3126	2558	82.1484	0x7c82f8cc	255	150	134
21	4	4	6	3127	2558	81.8906	0x77864131	255	164	148
21	4	4	7	3127	2559	81.5938	0x6e0ad184	255	173	163
21	4	4	8	3127	2560	81.1641	0x6e8589e1	255	187	135
21	4	4	9	3127	2557	81.9922	0x7b82e0f4	255	155	137
21	4	4	10	3128	2557	81.7031	0x78056934	255	165	148
21	4	4	11	3128	2558	81.5234	0x73881163	255	169	154
21	4	4	12	3128	2559	81.1797	0x6b8c917d	255	172	174
21	4	4	13	3128	2560	80.6562	0x680be1c9	255	184	158
21	4	4	14	3129	2557	81.3594	0x75069963	255	169	152
21	4	4	15	3129	2558	81.1484	0x71c8d972	255	172	159
21	4	4	16	3129	2559	80.7812	0x6a0e215c	255	171	178
21	4	4	17	3129	2560	80.1484	0x644d09dc	255	184	171
21	4	4	18	3129	2555	81.7969	0x7946b8ed	255	155	152
21	4	4	19	3130	2555	81.5469	0x7688c106	255	159	161
21	4	4	20	3130	2556	81.25	0x7488f930	255	164	160
21	4	4	21	3129	2556	81.5703	0x7706d12d	255	164	153
21	4	4	22	3130	2557	80.9609	0x7347d969	255	171	156
21	4	4	23	3130	2558	80.7422	0x7087f19b	255	172	153
21	4	4	24	3130	2559	80.4453	0x690ff119	255	158	184
21	4	4	25	3130	2560	79.5781	0x690a29e5	255	172	153
21	4	4	26	3130	2554	81.8203	0x7907c0da	255	152	155
21	4	4	27	3131	2554	81.5625	0x76088918	255	161	160
21	4	4	28	3131	2555	81.2656	0x75096918	255	161	162
21	4	4	29	3131	2556	80.9453	0x738a0929	255	162	166
21	4	4	30	3131	2557	80.6016	0x6e8a398b	255	171	162
21	4	4	31	3131	2558	80.2656	0x73863983	255	174	144
21	4	4	32	3131	2559	80.2031	0x6590514e	255	162	175
21	4	4	33	3131	2560	79.0547	0x6890c0f3	255	137	166
21	4	4	34	3131	2553	81.8203	0x7886d106	255	158	152
21	4	4	35	3132	2553	81.5156	0x7606f142	255	166	153
21	4	4	36	3132	2554	81.25	0x75084937	255	165	159
21	4	4	37	3132	2555	80.9766	0x74494930	255	163	162
21	4	4	38	3132	2556	80.6406	0x6fcc8921	255	162	171
21	4	4	39	3132	2557	80.1172	0x70cac151	255	165	164
21	4	4	40	3132	2558	79.9219	0x7785e138	255	166	148
21	4	4	41	3132	2559	79.7422	0x6e4c3951	255	165	166
21	4	4	42	3132	2560	79.0859	0x675168e4	255	140	178
21	4	4	43	3133	2553	81.1562	0x7706213e	255	166	151
21	4	4	44	3133	2554	80.9219	0x7587f934	255	164	157
21	4	4	45	3133	2555	80.6406	0x7448c13e	255	164	161
21	4	4	46	3133	2556	80.3516	0x71cb112c	255	162	169
21	4	4	47	3133	2557	79.8984	0x740ae0fb	255	160	168
21	4	4	48	3133	2558	79.625	0x76863949	255	167	149
21	4	4	49	3133	2559	79.5	0x6b0e8135	255	165	166
21	4	4	50	3133	2560	78.5938	0x5d926975	255	166	198
21	4	4	51	3134	2554	80.6172	0x7608511f	255	162	158
21	4	4	52	3134	2555	80.3203	0x75091126	255	162	162
21	4	4	53	3134	2556	80.0234	0x708aa15b	255	165	168
21	4	4	54	3134	2557	79.6094	0x70cb9136	255	163	171
21	4	4	55	3134	2558	79.2422	0x7647d926	255	162	151
21	4	4	56	3134	2559	79.1016	0x6d8dc124	255	160	167
21	4	4	57	3134	2560	78.2812	0x5f5049b8	255	165	192
21	4	4	58	3135	2554	80.3359	0x7708310a	255	159	158
21	4	4	59	3135	2555	80.0391	0x740aa906	255	160	166
21	4	4	60	3135	2556	79.625	0x700b9144	255	164	171
21	4	4	61	3135	2557	79.2578	0x73492948	255	163	164
21	4	4	62	3135	2558	79.0234	0x7945a90a	255	159	148
21	4	4	63	3135	2559	78.8984	0x655250d5	255	157	165
21	4	4	64	3135	2560	77.6094	0x541329d4	255	178	192
21	4	4	65	3136	2554	80.0781	0x7847f8e9	255	155	157
21	4	4	66	3136	2555	79.7891	0x754ae0d3	255	151	169
21	4	4	67	3136	2556	79.3516	0x72cc98cb	255	146	174
21	4	4	68	3136	2557	78.9297	0x7789d8b5	255	140	164
21	4	4	69	3136	2558	78.7031	0x7c8418bc	255	144	143
21	4	4	70	3136	2560	77.1953	0x5854d942	255	154	203
21	5	0	0	3120	2549	79.5938	0x5f7add6b	0	44	121
21	5	0	1	3121	2549	80.4375	0x5e36059a	0	49	112
21	5	0	2	3120	2550	79.5938	0x5dfa855f	255	44	119
21	5	0	3	3121	2550	80.6562	0x63bd0d85	255	50	123
21	5	0	4	3121	2551	80.625	0x683ccdb7	255	53	116
21	5	0	5	3120	2551	79.9453	0x60b80596	255	51	103
21	5	0	6	3120	2552	80.1172	0x60389587	255	51	102
21	5	0	7	3121	2552	80.8594	0x64f855be	255	56	101
21	5	0	8	3121	2553	81.125	0x6ab93df6	255	63	105
21	5	0	9	3120	2553	80.4297	0x64f73dce	255	58	97
21	5	0	10	3120	2554	80.6953	0x64b5ade8	255	60	97
21	5	0	11	3121	2554	81.2969	0x6bb81616	255	67	101
21	5	0	12	3121	2555	81.6406	0x74b96e93	255	84	110
21	5	0	13	3120	2555	81.125	0x64b75dca	255	58	102
21	5	0	14	3120	2556	81.2656	0x6d7d65f4	255	65	119
21	5	0	15	3121	2556	81.7188	0x783e66a3	255	85	122
21	5	0	16	3121	2557	81.7422	0x77be269c	255	84	120
21	5	0	17	3120	2557	81.2891	0x707dc61e	255	67	121
21	5	0	18	3120	2558	81.4062	0x70ba4641	255	71	106
21	5	0	19	3121	2558	81.8359	0x75fa06a3	255	85	108
21	5	0	20	3121	2559	82.125	0x707546a5	255	85	87
21	5	0	21	3120	2559	81.6562	0x6c75d64c	255	74	91
21	5	0	22	3120	2560	82.0859	0x67b1ee75	255	84	71
21	5	0	23	3121	2560	82.5547	0x67b27e63	255	79	76
21	5	0	24	3122	2548	80.9609	0x6139d585	0	52	110
21	5	0	25	3122	2549	81.1406	0x6c3c8de8	255	61	118
21	5	0	26	3122	2550	81.1797	0x703cce1e	255	65	120
21	5	0	27	3122	2551	81.3438	0x6d7ade07	255	66	109
21	5	0	28	3122	2552	81.5078	0x70bb962f	255	74	111
21	5	0	29	3122	2553	81.625	0x74bb7676	255	79	110
21	5	0	30	3122	2554	81.7969	0x777bcead	255	92	113
21	5	0	31	3122	2555	81.8906	0x7bfcef17	255	98	115
21	5	0	32	3122	2556	81.9922	0x7c7dc71e	255	98	120
21	5	0	33	3122	2557	82.0312	0x7bbdc708	255	97	119
21	5	0	34	3122	2558	82.1328	0x7afa7f22	255	105	110
21	5	0	35	3122	2559	82.3828	0x7473876e	255	116	81
21	5	0	36	3122	2560	82.9844	0x70f1ef57	255	118	72
21	5	0	37	3122	2544	80.2891	0x6b3ee5d4	0	56	124
21	5	0	38	3123	2544	80.9219	0x697ec5bd	255	55	125
21	5	0	39	3123	2545	81.0234	0x6b3a25f3	255	60	114
21	5	0	40	3122	2545	80.4219	0x67bb1dbc	0	55	111
21	5	0	41	3122	2546	80.6016	0x66fafdb6	0	54	113
21	5	0	42	3123	2546	81.2969	0x6c3addf7	255	63	114
21	5	0	43	3123	2547	81.3516	0x6efb7616	255	67	114
21	5	0	44	3122	2547	80.7422	0x667a65b7	0	55	109
21	5	0	45	3123	2548	81.5859	0x707afe35	255	71	111
21	5	0	46	3123	2549	81.6719	0x74bdc663	255	76	119
21	5	0	47	3123	2550	81.7266	0x74fe8663	255	77	122
21	5	0	48	3123	2551	81.7656	0x777d8699	255	84	119
21	5	0	49	3123	2552	81.8828	0x79fceedd	255	92	115
21	5	0	50	3123	2553	81.9609	0x7bbe2704	255	100	120
21	5	0	51	3123	2554	82	0x7d7da743	255	104	119
21	5	0	52	3123	2555	82.1094	0x7dfd475e	255	109	119
21	5	0	53	3123	2556	82.1719	0x7ebde77d	255	112	119
21	5	0	54	3123	2557	82.2422	0x7e7e4772	255	113	121
21	5	0	55	3123	2558	82.2812	0x7ebd4799	255	116	118
21	5	0	56	3123	2559	82.4141	0x7a76b7f4	255	126	100
21	5	0	57	3123	2560	82.8906	0x717218a1	255	143	72
21	5	0	58	3124	2544	81.6641	0x6efec603	255	66	123
21	5	0	59	3124	2545	81.625	0x6ffe0613	255	66	124
21	5	0	60	3124	2546	81.7891	0x74bcae69	255	76	118
21	5	0	61	3124	2547	81.8359	0x74fd2e69	255	77	118
21	5	0	62	3124	2548	81.9688	0x78bd0eba	255	87	119
21	5	0	63	3124	2549	82.0234	0x7a7e86d9	255	91	121
21	5	0	64	3124	2550	82.0625	0x7bfee704	255	97	124
21	5	0	65	3124	2551	82.0938	0x7c7f6713	255	100	125
21	5	0	66	3124	2552	82.1016	0x7dff674f	255	106	124
21	5	0	67	3124	2553	82.1328	0x7ebee775	255	110	123
21	5	0	68	3124	2554	82.1719	0x7efec785	255	115	123
21	5	0	69	3124	2555	82.2109	0x7f7ec7b4	255	118	122
21	5	0	70	3124	2556	82.25	0x7fbe67cc	255	122	122
21	5	0	71	3124	2557	82.3125	0x7fbea7e4	255	125	122
21	5	0	72	3124	2558	82.3359	0x7fbe87f8	255	128	123
21	5	0	73	3124	2559	82.4062	0x7dfad04c	255	133	110
21	5	0	74	3124	2560	82.6641	0x75f5f0e9	255	146	91
21	5	0	75	3125	2544	82.0703	0x787da6b0	255	86	118
21	5	0	76	3125	2545	82.125	0x77be8699	0	88	123
21	5	0	77	3125	2546	82.1641	0x7a3e86d6	0	91	121
21	5	0	78	3125	2547	82.2188	0x7abe86e0	0	96	122
21	5	0	79	3125	2548	82.2578	0x7cff2722	0	101	124
21	5	0	80	3125	2549	82.2734	0x7d806743	0	105	128
21	5	0	81	3125	2550	82.2344	0x7e408766	0	108	128
21	5	0	82	3125	2551	82.2422	0x7ec00781	0	111	127
21	5	0	83	3125	2552	82.2344	0x7f002795	255	114	127
21	5	0	84	3125	2553	82.2344	0x7f7fe7b0	255	118	127
21	5	0	85	3125	2554	82.2422	0x7fbfa7d0	255	122	126
21	5	0	86	3125	2555	82.2578	0x7fff87f4	255	126	126
21	5	0	87	3125	2556	82.2734	0x7fff6014	255	129	125
21	5	0	88	3125	2557	82.2969	0x7fbfa03c	255	133	125
21	5	0	89	3125	2558	82.2969	0x7f40805f	255	137	129
21	5	0	90	3125	2559	82.2656	0x7d3e00c8	255	146	126
21	5	0	91	3125	2560	82.4219	0x7139c9b1	255	175	104
21	5	0	92	3126	2544	82.3594	0x7bff4701	0	97	123
21	5	0	93	3126	2552	82.3125	0x7f80e7c4	0	120	130
21	5	0	94	3126	2553	82.2891	0x7fc0c7e0	255	124	130
21	5	0	95	3126	2554	82.2656	0x7fc0e008	255	127	130
21	5	0	96	3126	2555	82.2344	0x7f80e034	255	133	130
21	5	0	97	3126	2556	82.2109	0x7f00a067	255	138	129
21	5	0	98	3126	2557	82.1953	0x7e41009a	255	145	131
21	5	0	99	3126	2558	82.1484	0x7c82f8cc	255	150	134
21	5	0	100	3126	2559	82.0078	0x76469945	255	166	151
21	5	0	101	3126	2560	81.7266	0x6c3ec221	255	189	126
21	5	0	102	3127	2553	82.2969	0x7f82000c	0	128	134
21	5	0	103	3127	2554	82.2266	0x7f424038	255	134	136
21	5	0	104	3127	2555	82.1562	0x7ec2806b	255	139	135
21	5	0	105	3127	2556	82.0703	0x7d82a0ad	255	148	137
21	5	0	106	3127	2557	81.9922	0x7b82e0f4	255	155	137
21	5	0	107	3127	2558	81.8906	0x77864131	255	164	148
21	5	0	108	3127	2559	81.5938	0x6e0ad184	255	173	163
21	5	0	109	3127	2560	81.1641	0x6e8589e1	255	187	135
21	5	0	110	3128	2553	82.2656	0x7ec33840	0	134	140
21	5	0	111	3128	2554	82.1562	0x7e03d873	255	139	141
21	5	0	112	3128	2555	82.0234	0x7c8490b5	255	148	145
21	5	0	113	3128	2556	81.8672	0x7a4510f8	255	156	144
21	5	0	114	3128	2557	81.7031	0x78056934	255	165	148
21	5	0	115	3128	2558	81.5234	0x73881163	255	169	154
21	5	0	116	3128	2559	81.1797	0x6b8c917d	255	172	174
21	5	0	117	3128	2560	80.6562	0x680be1c9	255	184	158
21	5	0	118	3129	2553	82.1719	0x7dc4906f	0	141	144
21	5	0	119	3129	2554	82	0x7bc5e0a9	0	148	150
21	5	0	120	3129	2555	81.7969	0x7946b8ed	255	155	152
21	5	0	121	3129	2556	81.5703	0x7706d12d	255	164	153
21	5	0	122	3129	2557	81.3594	0x75069963	255	169	152
21	5	0	123	3129	2558	81.1484	0x71c8d972	255	172	159
21	5	0	124	3129	2559	80.7812	0x6a0e215c	255	171	178
21	5	0	125	3129	2560	80.1484	0x644d09dc	255	184	171
21	5	0	126	3130	2554	81.8203	0x7907c0da	0	152	155
21	5	0	127	3130	2555	81.5469	0x7688c106	0	159	161
21	5	0	128	3130	2556	81.25	0x7488f930	255	164	160
21	5	0	129	3130	2557	80.9609	0x7347d969	255	171	156
21	5	0	130	3130	2558	80.7422	0x7087f19b	255	172	153
21	5	0	131	3130	2559	80.4453	0x690ff119	255	158	184
21	5	0	132	3130	2560	79.5781	0x690a29e5	255	172	153
21	5	0	133	3131	2555	81.2656	0x75096918	0	161	162
21	5	0	134	3131	2556	80.9453	0x738a0929	255	162	166
21	5	0	135	3131	2557	80.6016	0x6e8a398b	255	171	162
21	5	0	136	3131	2558	80.2656	0x73863983	255	174	144
21	5	0	137	3131	2559	80.2031	0x6590514e	255	162	175
21	5	0	138	3131	2560	79.0547	0x6890c0f3	255	137	166
21	5	0	139	3132	2555	80.9766	0x74494930	0	163	162
21	5	0	140	3132	2556	80.6406	0x6fcc8921	255	162	171
21	5	0	141	3132	2557	80.1172	0x70cac151	255	165	164
21	5	0	142	3132	2558	79.9219	0x7785e138	255	166	148
21	5	0	143	3132	2559	79.7422	0x6e4c3951	255	165	166
21	5	0	144	3132	2560	79.0859	0x675168e4	255	140	178
21	5	0	145	3133	2555	80.6406	0x7448c13e	0	164	161
21	5	0	146	3133	2556	80.3516	0x71cb112c	255	162	169
21	5	0	147	3133	2557	79.8984	0x740ae0fb	255	160	168
21	5	0	148	3133	2558	79.625	0x76863949	255	167	149
21	5	0	149	3133	2559	79.5	0x6b0e8135	255	165	166
21	5	0	150	3133	2560	78.5938	0x5d926975	255	166	198
21	5	0	151	3134	2555	80.3203	0x75091126	0	162	162
21	5	0	152	3134	2556	80.0234	0x708aa15b	255	165	168
21	5	0	153	3134	2557	79.6094	0x70cb9136	255	163	171
21	5	0	154	3134	2558	79.2422	0x7647d926	255	162	151
21	5	0	155	3134	2559	79.1016	0x6d8dc124	255	160	167
21	5	0	156	3134	2560	78.2812	0x5f5049b8	255	165	192
21	5	0	157	3134	2554	80.6172	0x7608511f	0	162	158
21	5	0	158	3135	2554	80.3359	0x7708310a	0	159	158
21	5	0	159	3135	2555	80.0391	0x740aa906	255	160	166
21	5	0	160	3135	2556	79.625	0x700b9144	255	164	171
21	5	0	161	3135	2557	79.2578	0x73492948	255	163	164
21	5	0	162	3135	2558	79.0234	0x7945a90a	255	159	148
21	5	0	163	3135	2559	78.8984	0x655250d5	255	157	165
21	5	0	164	3135	2560	77.6094	0x541329d4	255	178	192
21	5	0	165	3135	2544	81.8203	0x7e837850	0	133	141
21	5	0	166	3136	2544	81.8125	0x7ec43804	255	128	142
21	5	0	167	3135	2545	81.7109	0x7e03f873	0	138	143
21	5	0	168	3136	2545	81.6484	0x7e44f00c	0	128	147
21	5	0	169	3135	2553	80.5703	0x78865911	0	160	151
21	5	0	170	3136	2553	80.3047	0x794678f4	0	157	152
21	5	0	171	3136	2554	80.0781	0x7847f8e9	255	155	157
21	5	0	172	3136	2555	79.7891	0x754ae0d3	255	151	169
21	5	0	173	3136	2556	79.3516	0x72cc98cb	255	146	174
21	5	0	174	3136	2557	78.9297	0x7789d8b5	255	140	164
21	5	0	175	3136	2558	78.7031	0x7c8418bc	255	144	143
21	5	0	176	3136	2559	78.6719	0x641328ac	255	147	159
21	5	0	177	3136	2560	77.1953	0x5854d942	255	154	203
22	0	0	0	3136	2544	81.8125	0x7ec43804	255	128	142
22	0	0	1	3137	2544	81.8125	0x7f037fe8	0	125	141
22	0	0	2	3137	2545	81.6875	0x7e4477b8	0	120	143
22	0	0	3	3136	2545	81.6484	0x7e44f00c	0	128	147
22	0	0	4	3136	2553	80.3047	0x794678f4	0	157	152
22	0	0	5	3137	2553	80.0781	0x7a8658d3	0	152	152
22	0	0	6	3136	2554	80.0781	0x7847f8e9	255	155	157
22	0	0	7	3137	2554	79.8672	0x7a0730c4	255	151	155
22	0	0	8	3137	2555	79.6172	0x77c9d8a9	255	145	165
22	0	0	9	3136	2555	79.7891	0x754ae0d3	255	151	169
22	0	0	10	3136	2556	79.3516	0x72cc98cb	255	146	174
22	0	0	11	3137	2556	79.2188	0x77cad05b	255	137	170
22	0	0	12	3137	2557	78.8984	0x7a88c04c	255	135	162
22	0	0	13	3136	2557	78.9297	0x7789d8b5	255	140	164
22	0	0	14	3136	2558	78.7031	0x7c8418bc	255	144	143
22	0	0	15	3137	2558	78.6484	0x7d856844	255	135	146
22	0	0	16	3137	2559	78.5547	0x6054d05f	255	138	166
22	0	0	17	3136	2559	78.6719	0x641328ac	255	147	159
22	0	0	18	3136	2560	77.1953	0x5854d942	255	154	203
22	0	0	19	3137	2560	76.9297	0x59d5a0e0	255	150	200
22	0	0	20	3138	2552	80.1016	0x7b07309a	0	144	156
22	0	0	21	3138	2553	79.8828	0x7b4678ad	255	148	152
22	0	0	22	3138	2554	79.6875	0x7b06b8ad	255	147	153
22	0	0	23	3138	2555	79.4531	0x7a87f887	255	143	158
22	0	0	24	3138	2556	79.1719	0x78ca304c	255	137	168
22	0	0	25	3138	2557	78.7812	0x79c9385c	255	137	162
22	0	0	26	3138	2558	78.5703	0x7e44b034	255	133	144
22	0	0	27	3138	2559	78.4844	0x5e159034	255	133	175
22	0	0	28	3138	2560	76.7422	0x589668b0	255	140	204
22	0	0	29	3139	2551	80.2734	0x78ca4828	0	131	169
22	0	0	30	3139	2552	79.9688	0x7ac85063	255	138	160
22	0	0	31	3139	2553	79.7344	0x7b86f08b	255	142	155
22	0	0	32	3139	2554	79.5234	0x7c46008e	255	144	151
22	0	0	33	3139	2555	79.3516	0x7b871087	255	142	155
22	0	0	34	3139	2556	79.0703	0x7989a850	255	136	165
22	0	0	35	3139	2557	78.7188	0x7b881830	255	132	156
22	0	0	36	3139	2558	78.5469	0x7e843814	255	129	143
22	0	0	37	3139	2559	78.4531	0x5b167010	255	129	171
22	0	0	38	3139	2560	76.5781	0x5916c850	255	132	190
22	0	0	39	3140	2550	80.7031	0x730dafa5	0	120	181
22	0	0	40	3140	2551	80.2656	0x76cbdff0	255	126	174
22	0	0	41	3140	2552	79.9062	0x7949f81c	255	130	168
22	0	0	42	3140	2553	79.6094	0x7b47c06b	255	140	157
22	0	0	43	3140	2554	79.4062	0x7c869863	255	139	152
22	0	0	44	3140	2555	79.1875	0x7c862073	255	140	151
22	0	0	45	3140	2556	79.0156	0x7b87c048	255	136	159
22	0	0	46	3140	2557	78.6875	0x7c078828	255	132	155
22	0	0	47	3140	2558	78.5312	0x7ec3b818	255	129	140
22	0	0	48	3140	2559	78.4531	0x5b964800	255	127	169
22	0	0	49	3140	2560	76.5859	0x59d6778d	255	120	195
22	0	0	50	3140	2548	81.6094	0x76ca9f5e	0	109	166
22	0	0	51	3141	2548	81.8359	0x764acf4f	0	107	169
22	0	0	52	3141	2549	81.3984	0x6f8e5f3d	255	106	180
22	0	0	53	3140	2549	81.2109	0x734d377d	0	114	179
22	0	0	54	3141	2550	80.8281	0x6d4f472e	255	106	187
22	0	0	55	3141	2551	80.3047	0x728d475b	255	116	177
22	0	0	56	3141	2552	79.9141	0x768ba7b0	255	121	173
22	0	0	57	3141	2553	79.5234	0x7a8907e8	255	128	162
22	0	0	58	3141	2554	79.3281	0x7d064034	255	133	152
22	0	0	59	3141	2555	79.125	0x7d06404c	255	136	153
22	0	0	60	3141	2556	78.9297	0x7b87886f	255	140	156
22	0	0	61	3141	2557	78.6406	0x7d06b808	255	129	149
22	0	0	62	3141	2558	78.5	0x7f42fffc	255	127	137
22	0	0	63	3141	2559	78.4531	0x6194afec	255	125	159
22	0	0	64	3141	2560	76.8047	0x5c155f41	255	107	192
22	0	0	65	3142	2548	81.9609	0x78c95766	0	109	163
22	0	0	66	3142	2549	81.6016	0x72cc4f26	255	102	175
22	0	0	67	3142	2550	81.125	0x6c4e4edc	255	96	182
22	0	0	68	3142	2551	80.5938	0x6b0ee6d9	255	94	185
22	0	0	69	3142	2552	80.0625	0x704d871b	255	103	178
22	0	0	70	3142	2553	79.6562	0x758b5757	255	108	172
22	0	0	71	3142	2554	79.3047	0x7a0977e0	255	124	160
22	0	0	72	3142	2555	79.0391	0x7bc7e010	255	128	158
22	0	0	73	3142	2556	78.7969	0x7d85c830	255	128	150
22	0	0	74	3142	2557	78.6719	0x7ec41ff4	255	126	143
22	0	0	75	3142	2558	78.5391	0x7f02e7d4	255	123	137
22	0	0	76	3142	2559	78.4922	0x6453c7d4	255	122	162
22	0	0	77	3142	2560	76.9688	0x60d3c727	255	102	179
22	0	0	78	3143	2547	82.3438	0x7d451781	0	112	146
22	0	0	79	3143	2548	82.1406	0x7a07e75b	255	107	157
22	0	0	80	3143	2549	81.8359	0x750ab71f	255	101	168
22	0	0	81	3143	2550	81.4297	0x6ecd4ee6	255	95	178
22	0	0	82	3143	2551	80.9141	0x698ec6b4	255	91	183
22	0	0	83	3143	2552	80.375	0x69cec6ba	255	90	184
22	0	0	84	3143	2553	79.8594	0x6f8e172a	255	105	181
22	0	0	85	3143	2554	79.3906	0x768b6f95	255	115	171
22	0	0	86	3143	2555	79.0938	0x7a888f99	255	117	160
22	0	0	87	3143	2556	78.8359	0x7cc6bfc8	255	120	153
22	0	0	88	3143	2557	78.6641	0x7ec3ffd8	255	121	142
22	0	0	89	3143	2558	78.5859	0x7f0207b0	255	118	135
22	0	0	90	3143	2559	78.5391	0x69d1d7b4	255	117	157
22	0	0	91	3143	2560	77.2422	0x68914f39	255	104	146
22	0	0	92	3143	2545	82.5078	0x7f4127a8	0	116	131
22	0	0	93	3144	2545	82.6016	0x7f40e7b0	0	117	130
22	0	0	94	3144	2546	82.5547	0x7f0247a8	255	116	135
22	0	0	95	3143	2546	82.4609	0x7ec2a79d	0	115	136
22	0	0	96	3144	2547	82.4609	0x7e043f99	255	114	143
22	0	0	97	3144	2548	82.2891	0x7c066772	255	110	151
22	0	0	98	3144	2549	82.0547	0x7808ff38	255	103	161
22	0	0	99	3144	2550	81.7031	0x72cb66fa	255	97	171
22	0	0	100	3144	2551	81.2891	0x6c4dbebd	255	90	179
22	0	0	101	3144	2552	80.7422	0x65903eab	255	91	187
22	0	0	102	3144	2553	80.0859	0x669086cc	255	95	191
22	0	0	103	3144	2554	79.5156	0x70cc5eed	255	101	173
22	0	0	104	3144	2555	79.2422	0x77c95740	255	105	163
22	0	0	105	3144	2556	78.9062	0x7a87a75e	255	110	154
22	0	0	106	3144	2557	78.75	0x7dc35f75	255	111	139
22	0	0	107	3144	2558	78.6953	0x7e81c775	255	111	135
22	0	0	108	3144	2559	78.6406	0x6991af89	255	113	162
22	0	0	109	3144	2560	77.3672	0x71ce1f8d	255	108	159
22	0	0	110	3144	2544	82.6094	0x7f8067bc	0	119	128
22	0	0	111	3145	2544	82.6641	0x7fc007dc	255	123	127
22	0	0	112	3145	2545	82.6641	0x7f8087d0	255	122	128
22	0	0	113	3145	2546	82.6328	0x7f41e7c4	255	120	134
22	0	0	114	3145	2547	82.5469	0x7e835fa8	255	116	139
22	0	0	115	3145	2548	82.4219	0x7d44f781	255	111	146
22	0	0	116	3145	2549	82.2344	0x7a873753	255	106	154
22	0	0	117	3145	2550	81.9609	0x7609df13	255	99	165
22	0	0	118	3145	2551	81.5859	0x700ca6e6	255	95	175
22	0	0	119	3145	2552	81.0938	0x68cf16b4	255	90	185
22	0	0	120	3145	2553	80.5	0x64cf967f	255	85	187
22	0	0	121	3145	2554	79.9531	0x670e5e75	255	82	181
22	0	0	122	3145	2555	79.4766	0x70cbc6d8	255	93	170
22	0	0	123	3145	2556	79.1562	0x78085717	255	99	159
22	0	0	124	3145	2557	78.9375	0x7b84b725	255	101	142
22	0	0	125	3145	2558	78.8594	0x7d42a747	255	104	137
22	0	0	126	3145	2559	78.7734	0x66522739	255	104	163
22	0	0	127	3145	2560	77.4688	0x75ca171b	255	104	156
22	0	0	128	3146	2544	82.6797	0x7fff87ec	0	125	125
22	0	0	129	3146	2545	82.6953	0x7fc027e4	0	124	127
22	0	0	130	3146	2546	82.6719	0x7f8107d4	0	121	131
22	0	0	131	3146	2547	82.6328	0x7f0227b4	0	118	135
22	0	0	132	3146	2548	82.5391	0x7e03bf89	0	113	140
22	0	0	133	3146	2549	82.3984	0x7c05af57	0	106	149
22	0	0	134	3146	2550	82.1797	0x7848371e	0	101	158
22	0	0	135	3146	2551	81.8672	0x730b16f0	0	95	169
22	0	0	136	3146	2552	81.4375	0x6c0da6b7	255	89	178
22	0	0	137	3146	2553	80.9141	0x660ede79	255	83	183
22	0	0	138	3146	2554	80.3672	0x658ec66d	255	82	182
22	0	0	139	3146	2555	79.8516	0x680e0678	255	82	180
22	0	0	140	3146	2556	79.375	0x72ca0ec3	255	90	161
22	0	0	141	3146	2557	79.1875	0x7904f6dd	255	92	145
22	0	0	142	3146	2558	79.0625	0x7c826729	255	97	134
22	0	0	143	3146	2559	79.0391	0x6890af03	255	96	152
22	0	0	144	3146	2560	77.8281	0x7a06bf2d	255	97	151
22	0	0	145	3147	2551	82.1406	0x75c9a705	0	98	162
22	0	0	146	3147	2552	81.7812	0x6fcbc6c0	0	89	172
22	0	0	147	3147	2553	81.3438	0x68cd9678	255	83	177
22	0	0	148	3147	2554	80.8281	0x648e4e4d	255	77	180
22	0	0	149	3147	2555	80.3203	0x63ce363d	255	75	179
22	0	0	150	3147	2556	79.8125	0x690b963d	255	73	168
22	0	0	151	3147	2557	79.5312	0x740816a7	255	83	153
22	0	0	152	3147	2558	79.2891	0x77c3deb0	255	88	133
22	0	0	153	3147	2559	79.2891	0x63921eeb	255	93	159
22	0	0	154	3147	2560	77.8906	0x7d80e743	255	109	130
22	0	0	155	3148	2552	82.1016	0x740966d0	0	91	162
22	0	0	156	3148	2553	81.7578	0x6dcb7689	255	83	170
22	0	0	157	3148	2554	81.3281	0x678cee4f	255	77	175
22	0	0	158	3148	2555	80.8594	0x640d7e2c	255	72	177
22	0	0	159	3148	2556	80.375	0x620d7610	255	72	174
22	0	0	160	3148	2557	79.9062	0x6ec96663	255	77	156
22	0	0	161	3148	2558	79.7578	0x7604b696	255	81	140
22	0	0	162	3148	2559	79.6094	0x5d133ead	255	88	181
22	0	0	163	3148	2560	78.2031	0x787c2eba	255	91	105
22	0	0	164	3149	2552	82.4062	0x778716e4	0	92	154
22	0	0	165	3149	2553	82.1406	0x71c986a1	255	86	162
22	0	0	166	3149	2554	81.7812	0x6d8b567f	255	82	170
22	0	0	167	3149	2555	81.375	0x6a0c165c	255	80	174
22	0	0	168	3149	2556	80.9531	0x67cd8e66	255	81	178
22	0	0	169	3149	2557	80.4219	0x674d064c	255	80	169
22	0	0	170	3149	2558	80.0469	0x76467ebb	255	87	142
22	0	0	171	3149	2559	80.0078	0x5dd2a69d	255	85	161
22	0	0	172	3149	2560	78.5625	0x72414637	255	72	131
22	0	0	173	3150	2552	82.6797	0x7b845f22	0	103	142
22	0	0	174	3150	2553	82.4922	0x768836e8	255	94	157
22	0	0	175	3150	2554	82.1484	0x718ac6c3	255	90	167
22	0	0	176	3150	2555	81.7734	0x6d0ccea9	255	87	175
22	0	0	177	3150	2556	81.2656	0x6a0d0e7a	255	84	176
22	0	0	178	3150	2557	80.8672	0x6d0c3e93	255	85	173
22	0	0	179	3150	2558	80.4297	0x7107be68	255	79	145
22	0	0	180	3150	2559	80.3672	0x63506e89	255	81	160
22	0	0	181	3150	2560	79.2031	0x6f478644	255	92	124
22	0	0	182	3151	2552	82.8516	0x7e02ff75	0	110	137
22	0	0	183	3151	2553	82.7109	0x7b067f47	255	106	149
22	0	0	184	3151	2554	82.4375	0x75c96efa	255	96	163
22	0	0	185	3151	2555	82.0938	0x7349d6cd	255	89	166
22	0	0	186	3151	2556	81.7891	0x698cf66e	255	81	174
22	0	0	187	3151	2557	81.1953	0x6e0ca6b9	255	84	171
22	0	0	188	3151	2558	80.9219	0x7206065b	255	75	147
22	0	0	189	3151	2559	80.8125	0x5ed1de85	255	81	171
22	0	0	190	3151	2560	79.5312	0x760626aa	255	85	146
22	0	0	191	3151	2551	82.8984	0x7f00c78d	0	114	130
22	0	0	192	3152	2551	82.9922	0x7ec0a781	0	112	129
22	0	0	193	3152	2552	82.9531	0x7e42276e	255	109	134
22	0	0	194	3152	2553	82.8594	0x7c845f4b	255	105	143
22	0	0	195	3152	2554	82.6797	0x79071710	255	99	154
22	0	0	196	3152	2555	82.4062	0x76086ee1	255	92	159
22	0	0	197	3152	2556	82.1328	0x724c9722	255	99	171
22	0	0	198	3152	2557	81.5469	0x6e0bbe95	255	84	167
22	0	0	199	3152	2558	81.3359	0x75c5ae9d	255	83	146
22	0	0	200	3152	2559	81.1875	0x5f122694	255	84	178
22	0	0	201	3152	2560	79.9141	0x6f49ee78	255	86	141
22	1	2	0	3136	2555	79.7891	0x754ae0d3	255	151	169
22	1	2	1	3137	2555	79.6172	0x77c9d8a9	255	145	165
22	1	2	2	3136	2556	79.3516	0x72cc98cb	255	146	174
22	1	2	3	3137	2556	79.2188	0x77cad05b	255	137	170
22	1	2	4	3137	2557	78.8984	0x7a88c04c	255	135	162
22	1	2	5	3136	2557	78.9297	0x7789d8b5	255	140	164
22	1	2	6	3136	2559	78.6719	0x641328ac	255	147	159
22	1	2	7	3137	2559	78.5547	0x6054d05f	255	138	166
22	1	2	8	3136	2560	77.1953	0x5854d942	255	154	203
22	1	2	9	3137	2560	76.9297	0x59d5a0e0	255	150	200
22	1	2	10	3138	2559	78.4844	0x5e159034	255	133	175
22	1	2	11	3138	2560	76.7422	0x589668b0	255	140	204
22	1	2	12	3138	2548	81.3047	0x7888ff4f	255	110	161
22	1	2	13	3139	2548	81.5156	0x7948e766	255	110	160
22	1	2	14	3139	2549	81.1406	0x744cb781	255	117	177
22	1	2	15	3138	2549	80.9609	0x78c9ff99	255	119	167
22	1	2	16	3138	2550	80.6484	0x7a097024	255	130	167
22	1	2	17	3139	2550	80.6484	0x754cbfe4	255	125	177
22	1	2	18	3139	2551	80.2734	0x78ca4828	255	131	169
22	1	2	19	3139	2559	78.4531	0x5b167010	255	129	171
22	1	2	20	3139	2560	76.5781	0x5916c850	255	132	190
22	1	2	21	3140	2548	81.6094	0x76ca9f5e	255	109	166
22	1	2	22	3140	2549	81.2109	0x734d377d	255	114	179
22	1	2	23	3140	2550	80.7031	0x730dafa5	255	120	181
22	1	2	24	3140	2551	80.2656	0x76cbdff0	255	126	174
22	1	2	25	3140	2559	78.4531	0x5b964800	255	127	169
22	1	2	26	3140	2560	76.5859	0x59d6778d	255	120	195
22	1	2	27	3141	2548	81.8359	0x764acf4f	255	107	169
22	1	2	28	3141	2549	81.3984	0x6f8e5f3d	255	106	180
22	1	2	29	3141	2550	80.8281	0x6d4f472e	255	106	187
22	1	2	30	3141	2551	80.3047	0x728d475b	255	116	177
22	1	2	31	3140	2552	79.9062	0x7949f81c	255	130	168
22	1	2	32	3141	2552	79.9141	0x768ba7b0	255	121	173
22	1	2	33	3141	2559	78.4531	0x6194afec	255	125	159
22	1	2	34	3141	2560	76.8047	0x5c155f41	255	107	192
22	1	2	35	3142	2548	81.9609	0x78c95766	255	109	163
22	1	2	36	3142	2549	81.6016	0x72cc4f26	255	102	175
22	1	2	37	3142	2550	81.125	0x6c4e4edc	255	96	182
22	1	2	38	3142	2551	80.5938	0x6b0ee6d9	255	94	185
22	1	2	39	3142	2552	80.0625	0x704d871b	255	103	178
22	1	2	40	3141	2553	79.5234	0x7a8907e8	255	128	162
22	1	2	41	3142	2553	79.6562	0x758b5757	255	108	172
22	1	2	42	3142	2559	78.4922	0x6453c7d4	255	122	162
22	1	2	43	3142	2560	76.9688	0x60d3c727	255	102	179
22	1	2	44	3143	2549	81.8359	0x750ab71f	255	101	168
22	1	2	45	3143	2550	81.4297	0x6ecd4ee6	255	95	178
22	1	2	46	3143	2551	80.9141	0x698ec6b4	255	91	183
22	1	2	47	3143	2552	80.375	0x69cec6ba	255	90	184
22	1	2	48	3143	2553	79.8594	0x6f8e172a	255	105	181
22	1	2	49	3142	2554	79.3047	0x7a0977e0	255	124	160
22	1	2	50	3143	2554	79.3906	0x768b6f95	255	115	171
22	1	2	51	3143	2559	78.5391	0x69d1d7b4	255	117	157
22	1	2	52	3143	2560	77.2422	0x68914f39	255	104	146
22	1	2	53	3144	2549	82.0547	0x7808ff38	255	103	161
22	1	2	54	3144	2550	81.7031	0x72cb66fa	255	97	171
22	1	2	55	3144	2551	81.2891	0x6c4dbebd	255	90	179
22	1	2	56	3144	2552	80.7422	0x65903eab	255	91	187
22	1	2	57	3144	2553	80.0859	0x669086cc	255	95	191
22	1	2	58	3144	2554	79.5156	0x70cc5eed	255	101	173
22	1	2	59	3143	2555	79.0938	0x7a888f99	255	117	160
22	1	2	60	3144	2555	79.2422	0x77c95740	255	105	163
22	1	2	61	3145	2549	82.2344	0x7a873753	255	106	154
22	1	2	62	3145	2550	81.9609	0x7609df13	255	99	165
22	1	2	63	3145	2551	81.5859	0x700ca6e6	255	95	175
22	1	2	64	3145	2552	81.0938	0x68cf16b4	255	90	185
22	1	2	65	3145	2553	80.5	0x64cf967f	255	85	187
22	1	2	66	3145	2554	79.9531	0x670e5e75	255	82	181
22	1	2	67	3145	2555	79.4766	0x70cbc6d8	255	93	170
22	1	2	68	3144	2556	78.9062	0x7a87a75e	255	110	154
22	1	2	69	3145	2556	79.1562	0x78085717	255	99	159
22	1	2	70	3146	2550	82.1797	0x7848371e	255	101	158
22	1	2	71	3146	2551	81.8672	0x730b16f0	255	95	169
22	1	2	72	3146	2552	81.4375	0x6c0da6b7	255	89	178
22	1	2	73	3146	2553	80.9141	0x660ede79	255	83	183
22	1	2	74	3146	2554	80.3672	0x658ec66d	255	82	182
22	1	2	75	3146	2555	79.8516	0x680e0678	255	82	180
22	1	2	76	3146	2556	79.375	0x72ca0ec3	255	90	161
22	1	2	77	3145	2557	78.9375	0x7b84b725	255	101	142
22	1	2	78	3146	2557	79.1875	0x7904f6dd	255	92	145
22	1	2	79	3147	2551	82.1406	0x75c9a705	255	98	162
22	1	2	80	3147	2552	81.7812	0x6fcbc6c0	255	89	172
22	1	2	81	3147	2553	81.3438	0x68cd9678	255	83	177
22	1	2	82	3147	2554	80.8281	0x648e4e4d	255	77	180
22	1	2	83	3147	2555	80.3203	0x63ce363d	255	75	179
22	1	2	84	3147	2556	79.8125	0x690b963d	255	73	168
22	1	2	85	3147	2557	79.5312	0x740816a7	255	83	153
22	1	2	86	3146	2558	79.0625	0x7c826729	255	97	134
22	1	2	87	3147	2558	79.2891	0x77c3deb0	255	88	133
22	1	2	88	3148	2551	82.375	0x79474f1e	255	100	155
22	1	2	89	3148	2552	82.1016	0x740966d0	255	91	162
22	1	2	90	3148	2553	81.7578	0x6dcb7689	255	83	170
22	1	2	91	3148	2554	81.3281	0x678cee4f	255	77	175
22	1	2	92	3148	2555	80.8594	0x640d7e2c	255	72	177
22	1	2	93	3148	2556	80.375	0x620d7610	255	72	174
22	1	2	94	3148	2557	79.9062	0x6ec96663	255	77	156
22	1	2	95	3148	2558	79.7578	0x7604b696	255	81	140
22	1	2	96	3147	2559	79.2891	0x63921eeb	255	93	159
22	1	2	97	3148	2559	79.6094	0x5d133ead	255	88	181
22	1	2	98	3148	2560	78.2031	0x787c2eba	255	91	105
22	1	2	99	3149	2551	82.5938	0x7bc5173c	255	104	144
22	1	2	100	3149	2552	82.4062	0x778716e4	255	92	154
22	1	2	101	3149	2553	82.1406	0x71c986a1	255	86	162
22	1	2	102	3149	2554	81.7812	0x6d8b567f	255	82	170
22	1	2	103	3149	2555	81.375	0x6a0c165c	255	80	174
22	1	2	104	3149	2556	80.9531	0x67cd8e66	255	81	178
22	1	2	105	3149	2557	80.4219	0x674d064c	255	80	169
22	1	2	106	3149	2558	80.0469	0x76467ebb	255	87	142
22	1	2	107	3149	2559	80.0078	0x5dd2a69d	255	85	161
22	1	2	108	3149	2560	78.5625	0x72414637	255	72	131
22	1	2	109	3150	2552	82.6797	0x7b845f22	255	103	142
22	1	2	110	3150	2553	82.4922	0x768836e8	255	94	157
22	1	2	111	3150	2554	82.1484	0x718ac6c3	255	90	167
22	1	2	112	3150	2555	81.7734	0x6d0ccea9	255	87	175
22	1	2	113	3150	2556	81.2656	0x6a0d0e7a	255	84	176
22	1	2	114	3150	2557	80.8672	0x6d0c3e93	255	85	173
22	1	2	115	3150	2558	80.4297	0x7107be68	255	79	145
22	1	2	116	3150	2559	80.3672	0x63506e89	255	81	160
22	1	2	117	3150	2560	79.2031	0x6f478644	255	92	124
22	1	2	118	3151	2553	82.7109	0x7b067f47	255	106	149
22	1	2	119	3151	2554	82.4375	0x75c96efa	255	96	163
22	1	2	120	3151	2555	82.0938	0x7349d6cd	255	89	166
22	1	2	121	3151	2556	81.7891	0x698cf66e	255	81	174
22	1	2	122	3151	2557	81.1953	0x6e0ca6b9	255	84	171
22	1	2	123	3151	2558	80.9219	0x7206065b	255	75	147
22	1	2	124	3151	2559	80.8125	0x5ed1de85	255	81	171
22	1	2	125	3151	2560	79.5312	0x760626aa	255	85	146
22	1	2	126	3152	2554	82.6797	0x79071710	255	99	154
22	1	2	127	3152	2555	82.4062	0x76086ee1	255	92	159
22	1	2	128	3152	2556	82.1328	0x724c9722	255	99	171
22	1	2	129	3152	2557	81.5469	0x6e0bbe95	255	84	167
22	1	2	130	3152	2558	81.3359	0x75c5ae9d	255	83	146
22	1	2	131	3152	2559	81.1875	0x5f122694	255	84	178
22	1	2	132	3152	2560	79.9141	0x6f49ee78	255	86	141
22	2	3	0	3142	2548	81.9609	0x78c95766	255	109	163
22	2	3	1	3141	2549	81.3984	0x6f8e5f3d	255	106	180
22	2	3	2	3142	2549	81.6016	0x72cc4f26	255	102	175
22	2	3	3	3142	2550	81.125	0x6c4e4edc	255	96	182
22	2	3	4	3141	2550	80.8281	0x6d4f472e	255	106	187
22	2	3	5	3141	2551	80.3047	0x728d475b	255	116	177
22	2	3	6	3142	2551	80.5938	0x6b0ee6d9	255	94	185
22	2	3	7	3142	2552	80.0625	0x704d871b	255	103	178
22	2	3	8	3141	2552	79.9141	0x768ba7b0	255	121	173
22	2	3	9	3141	2553	79.5234	0x7a8907e8	255	128	162
22	2	3	10	3142	2553	79.6562	0x758b5757	255	108	172
22	2	3	11	3141	2559	78.4531	0x6194afec	255	125	159
22	2	3	12	3142	2559	78.4922	0x6453c7d4	255	122	162
22	2	3	13	3142	2560	76.9688	0x60d3c727	255	102	179
22	2	3	14	3141	2560	76.8047	0x5c155f41	255	107	192
22	2	3	15	3143	2549	81.8359	0x750ab71f	255	101	168
22	2	3	16	3143	2550	81.4297	0x6ecd4ee6	255	95	178
22	2	3	17	3143	2551	80.9141	0x698ec6b4	255	91	183
22	2	3	18	3143	2552	80.375	0x69cec6ba	255	90	184
22	2	3	19	3143	2553	79.8594	0x6f8e172a	255	105	181
22	2	3	20	3143	2559	78.5391	0x69d1d7b4	255	117	157
22	2	3	21	3143	2560	77.2422	0x68914f39	255	104	146
22	2	3	22	3144	2549	82.0547	0x7808ff38	255	103	161
22	2	3	23	3144	2550	81.7031	0x72cb66fa	255	97	171
22	2	3	24	3144	2551	81.2891	0x6c4dbebd	255	90	179
22	2	3	25	3144	2552	80.7422	0x65903eab	255	91	187
22	2	3	26	3144	2553	80.0859	0x669086cc	255	95	191
22	2	3	27	3144	2554	79.5156	0x70cc5eed	255	101	173
22	2	3	28	3143	2554	79.3906	0x768b6f95	255	115	171
22	2	3	29	3143	2555	79.0938	0x7a888f99	255	117	160
22	2	3	30	3144	2555	79.2422	0x77c95740	255	105	163
22	2	3	31	3145	2549	82.2344	0x7a873753	255	106	154
22	2	3	32	3145	2550	81.9609	0x7609df13	255	99	165
22	2	3	33	3145	2551	81.5859	0x700ca6e6	255	95	175
22	2	3	34	3145	2552	81.0938	0x68cf16b4	255	90	185
22	2	3	35	3145	2553	80.5	0x64cf967f	255	85	187
22	2	3	36	3145	2554	79.9531	0x670e5e75	255	82	181
22	2	3	37	3145	2555	79.4766	0x70cbc6d8	255	93	170
22	2	3	38	3144	2556	78.9062	0x7a87a75e	255	110	154
22	2	3	39	3145	2556	79.1562	0x78085717	255	99	159
22	2	3	40	3146	2550	82.1797	0x7848371e	255	101	158
22	2	3	41	3146	2551	81.8672	0x730b16f0	255	95	169
22	2	3	42	3146	2552	81.4375	0x6c0da6b7	255	89	178
22	2	3	43	3146	2553	80.9141	0x660ede79	255	83	183
22	2	3	44	3146	2554	80.3672	0x658ec66d	255	82	182
22	2	3	45	3146	2555	79.8516	0x680e0678	255	82	180
22	2	3	46	3146	2556	79.375	0x72ca0ec3	255	90	161
22	2	3	47	3145	2557	78.9375	0x7b84b725	255	101	142
22	2	3	48	3146	2557	79.1875	0x7904f6dd	255	92	145
22	2	3	49	3147	2551	82.1406	0x75c9a705	255	98	162
22	2	3	50	3147	2552	81.7812	0x6fcbc6c0	255	89	172
22	2	3	51	3147	2553	81.3438	0x68cd9678	255	83	177
22	2	3	52	3147	2554	80.8281	0x648e4e4d	255	77	180
22	2	3	53	3147	2555	80.3203	0x63ce363d	255	75	179
22	2	3	54	3147	2556	79.8125	0x690b963d	255	73	168
22	2	3	55	3147	2557	79.5312	0x740816a7	255	83	153
22	2	3	56	3146	2558	79.0625	0x7c826729	255	97	134
22	2	3	57	3147	2558	79.2891	0x77c3deb0	255	88	133
22	2	3	58	3148	2551	82.375	0x79474f1e	255	100	155
22	2	3	59	3148	2552	82.1016	0x740966d0	255	91	162
22	2	3	60	3148	2553	81.7578	0x6dcb7689	255	83	170
22	2	3	61	3148	2554	81.3281	0x678cee4f	255	77	175
22	2	3	62	3148	2555	80.8594	0x640d7e2c	255	72	177
22	2	3	63	3148	2556	80.375	0x620d7610	255	72	174
22	2	3	64	3148	2557	79.9062	0x6ec96663	255	77	156
22	2	3	65	3148	2558	79.7578	0x7604b696	255	81	140
22	2	3	66	3147	2559	79.2891	0x63921eeb	255	93	159
22	2	3	67	3148	2559	79.6094	0x5d133ead	255	88	181
22	2	3	68	3148	2560	78.2031	0x787c2eba	255	91	105
22	2	3	69	3149	2551	82.5938	0x7bc5173c	255	104	144
22	2	3	70	3149	2552	82.4062	0x778716e4	255	92	154
22	2	3	71	3149	2553	82.1406	0x71c986a1	255	86	162
22	2	3	72	3149	2554	81.7812	0x6d8b567f	255	82	170
22	2	3	73	3149	2555	81.375	0x6a0c165c	255	80	174
22	2	3	74	3149	2556	80.9531	0x67cd8e66	255	81	178
22	2	3	75	3149	2557	80.4219	0x674d064c	255	80	169
22	2	3	76	3149	2558	80.0469	0x76467ebb	255	87	142
22	2	3	77	3149	2559	80.0078	0x5dd2a69d	255	85	161
22	2	3	78	3149	2560	78.5625	0x72414637	255	72	131
22	2	3	79	3150	2552	82.6797	0x7b845f22	255	103	142
22	2	3	80	3150	2553	82.4922	0x768836e8	255	94	157
22	2	3	81	3150	2554	82.1484	0x718ac6c3	255	90	167
22	2	3	82	3150	2555	81.7734	0x6d0ccea9	255	87	175
22	2	3	83	3150	2556	81.2656	0x6a0d0e7a	255	84	176
22	2	3	84	3150	2557	80.8672	0x6d0c3e93	255	85	173
22	2	3	85	3150	2558	80.4297	0x7107be68	255	79	145
22	2	3	86	3150	2559	80.3672	0x63506e89	255	81	160
22	2	3	87	3150	2560	79.2031	0x6f478644	255	92	124
22	2	3	88	3151	2553	82.7109	0x7b067f47	255	106	149
22	2	3	89	3151	2554	82.4375	0x75c96efa	255	96	163
22	2	3	90	3151	2555	82.0938	0x7349d6cd	255	89	166
22	2	3	91	3151	2556	81.7891	0x698cf66e	255	81	174
22	2	3	92	3151	2557	81.1953	0x6e0ca6b9	255	84	171
22	2	3	93	3151	2558	80.9219	0x7206065b	255	75	147
22	2	3	94	3151	2559	80.8125	0x5ed1de85	255	81	171
22	2	3	95	3151	2560	79.5312	0x760626aa	255	85	146
22	2	3	96	3152	2554	82.6797	0x79071710	255	99	154
22	2	3	97	3152	2555	82.4062	0x76086ee1	255	92	159
22	2	3	98	3152	2556	82.1328	0x724c9722	255	99	171
22	2	3	99	3152	2557	81.5469	0x6e0bbe95	255	84	167
22	2	3	100	3152	2558	81.3359	0x75c5ae9d	255	83	146
22	2	3	101	3152	2559	81.1875	0x5f122694	255	84	178
22	2	3	102	3152	2560	79.9141	0x6f49ee78	255	86	141
22	3	0	0	3136	2544	81.8125	0x7ec43804	0	128	142
22	3	0	1	3137	2544	81.8125	0x7f037fe8	255	125	141
22	3	0	2	3137	2545	81.6875	0x7e4477b8	255	120	143
22	3	0	3	3136	2545	81.6484	0x7e44f00c	255	128	147
22	3	0	4	3136	2546	81.5	0x7e44b014	255	128	145
22	3	0	5	3137	2546	81.5312	0x7dc4b79d	255	118	146
22	3	0	6	3137	2547	81.3906	0x7d05cf9d	255	119	148
22	3	0	7	3136	2547	81.3516	0x7e849014	255	128	145
22	3	0	8	3136	2548	81.2109	0x7dc5304c	255	135	148
22	3	0	9	3137	2548	81.1641	0x7c8717d0	255	124	155
22	3	0	10	3137	2549	80.9375	0x7cc6f020	255	131	157
22	3	0	11	3136	2549	81.0234	0x7cc5a877	255	141	149
22	3	0	12	3136	2550	80.8516	0x7c858892	255	145	149
22	3	0	13	3137	2550	80.7188	0x7c071067	255	139	155
22	3	0	14	3137	2551	80.4844	0x7b06f0a6	255	146	155
22	3	0	15	3136	2551	80.6719	0x7b45a8c4	255	151	149
22	3	0	16	3136	2552	80.4922	0x7a45c8e9	255	155	149
22	3	0	17	3137	2552	80.2734	0x7ac658c4	255	151	152
22	3	0	18	3137	2553	80.0781	0x7a8658d3	255	152	152
22	3	0	19	3136	2553	80.3047	0x794678f4	255	157	152
22	3	0	20	3136	2554	80.0781	0x7847f8e9	0	155	157
22	3	0	21	3137	2554	79.8672	0x7a0730c4	0	151	155
22	3	0	22	3138	2544	81.8594	0x7ec2ffa8	255	115	137
22	3	0	23	3138	2545	81.7891	0x7e02a76e	255	110	137
22	3	0	24	3138	2546	81.6953	0x7d03df4f	255	107	143
22	3	0	25	3138	2547	81.5469	0x7bc6275a	255	107	150
22	3	0	26	3138	2548	81.3047	0x7888ff4f	255	110	161
22	3	0	27	3138	2549	80.9609	0x78c9ff99	255	119	167
22	3	0	28	3138	2550	80.6484	0x7a097024	255	130	167
22	3	0	29	3138	2551	80.3438	0x7a88706b	255	139	160
22	3	0	30	3138	2552	80.1016	0x7b07309a	255	144	156
22	3	0	31	3138	2553	79.8828	0x7b4678ad	0	148	152
22	3	0	32	3138	2554	79.6875	0x7b06b8ad	0	147	153
22	3	0	33	3139	2544	81.9844	0x7e816775	255	110	131
22	3	0	34	3139	2545	81.9766	0x7e01a762	255	108	133
22	3	0	35	3139	2546	81.8828	0x7cc41f4f	255	105	142
22	3	0	36	3139	2547	81.7188	0x7b85cf47	255	106	150
22	3	0	37	3139	2548	81.5156	0x7948e766	255	110	160
22	3	0	38	3139	2549	81.1406	0x744cb781	255	117	177
22	3	0	39	3139	2550	80.6484	0x754cbfe4	255	125	177
22	3	0	40	3139	2551	80.2734	0x78ca4828	255	131	169
22	3	0	41	3139	2552	79.9688	0x7ac85063	0	138	160
22	3	0	42	3139	2553	79.7344	0x7b86f08b	0	142	155
22	3	0	43	3140	2544	82.1328	0x7dc16753	255	108	131
22	3	0	44	3140	2545	82.1016	0x7e41676e	255	109	132
22	3	0	45	3140	2546	82.0469	0x7d42ff4b	255	105	138
22	3	0	46	3140	2547	81.9141	0x7a46d738	255	103	151
22	3	0	47	3140	2548	81.6094	0x76ca9f5e	255	109	166
22	3	0	48	3140	2549	81.2109	0x734d377d	255	114	179
22	3	0	49	3140	2550	80.7031	0x730dafa5	255	120	181
22	3	0	50	3140	2551	80.2656	0x76cbdff0	0	126	174
22	3	0	51	3140	2552	79.9062	0x7949f81c	0	130	168
22	3	0	52	3141	2544	82.3281	0x7e40e762	255	108	129
22	3	0	53	3141	2545	82.2656	0x7e01675a	255	107	132
22	3	0	54	3141	2546	82.2422	0x7dc26762	255	108	134
22	3	0	55	3141	2547	82.1172	0x7bc6676a	255	109	150
22	3	0	56	3141	2548	81.8359	0x764acf4f	255	107	169
22	3	0	57	3141	2549	81.3984	0x6f8e5f3d	0	106	180
22	3	0	58	3141	2550	80.8281	0x6d4f472e	0	106	187
22	3	0	59	3141	2551	80.3047	0x728d475b	0	116	177
22	3	0	60	3142	2544	82.4453	0x7f008799	255	114	129
22	3	0	61	3142	2545	82.4297	0x7ec16785	255	113	132
22	3	0	62	3142	2546	82.3594	0x7e437f91	255	113	137
22	3	0	63	3142	2547	82.2109	0x7c86478d	255	113	151
22	3	0	64	3142	2548	81.9609	0x78c95766	255	109	163
22	3	0	65	3142	2549	81.6016	0x72cc4f26	0	102	175
22	3	0	66	3143	2544	82.5312	0x7f40a7ac	255	117	129
22	3	0	67	3143	2545	82.5078	0x7f4127a8	255	116	131
22	3	0	68	3143	2546	82.4609	0x7ec2a79d	255	115	136
22	3	0	69	3143	2547	82.3438	0x7d451781	255	112	146
22	3	0	70	3143	2548	82.1406	0x7a07e75b	0	107	157
22	3	0	71	3143	2549	81.8359	0x750ab71f	0	101	168
22	3	0	72	3144	2544	82.6094	0x7f8067bc	255	119	128
22	3	0	73	3144	2545	82.6016	0x7f40e7b0	255	117	130
22	3	0	74	3144	2546	82.5547	0x7f0247a8	0	116	135
22	3	0	75	3144	2547	82.4609	0x7e043f99	0	114	143
22	3	0	76	3144	2548	82.2891	0x7c066772	0	110	151
22	3	0	77	3145	2544	82.6641	0x7fc007dc	0	123	127
22	3	0	78	3145	2545	82.6641	0x7f8087d0	0	122	128
22	3	0	79	3146	2544	82.6797	0x7fff87ec	255	125	125
22	3	0	80	3146	2545	82.6953	0x7fc027e4	255	124	127
22	3	0	81	3146	2546	82.6719	0x7f8107d4	255	121	131
22	3	0	82	3145	2546	82.6328	0x7f41e7c4	0	120	134
22	3	0	83	3145	2547	82.5469	0x7e835fa8	0	116	139
22	3	0	84	3146	2547	82.6328	0x7f0227b4	255	118	135
22	3	0	85	3146	2548	82.5391	0x7e03bf89	255	113	140
22	3	0	86	3145	2548	82.4219	0x7d44f781	0	111	146
22	3	0	87	3145	2549	82.2344	0x7a873753	0	106	154
22	3	0	88	3146	2549	82.3984	0x7c05af57	255	106	149
22	3	0	89	3146	2550	82.1797	0x7848371e	255	101	158
22	3	0	90	3145	2550	81.9609	0x7609df13	0	99	165
22	3	0	91	3145	2551	81.5859	0x700ca6e6	0	95	175
22	3	0	92	3146	2551	81.8672	0x730b16f0	255	95	169
22	3	0	93	3146	2552	81.4375	0x6c0da6b7	0	89	178
22	3	0	94	3147	2544	82.7031	0x7fff4000	255	127	124
22	3	0	95	3147	2545	82.7188	0x7fffc7f8	255	126	126
22	3	0	96	3147	2546	82.7188	0x7fc067e0	255	123	128
22	3	0	97	3147	2547	82.6953	0x7f8107cc	255	121	130
22	3	0	98	3147	2548	82.6562	0x7f0207a1	255	115	134
22	3	0	99	3147	2549	82.5703	0x7d83df6e	255	111	140
22	3	0	100	3147	2550	82.4141	0x7a86bf3c	255	104	152
22	3	0	101	3147	2551	82.1406	0x75c9a705	255	98	162
22	3	0	102	3147	2552	81.7812	0x6fcbc6c0	255	89	172
22	3	0	103	3147	2553	81.3438	0x68cd9678	0	83	177
22	3	0	104	3148	2544	82.6797	0x7fff2010	255	129	123
22	3	0	105	3148	2545	82.7109	0x7fff2004	255	127	124
22	3	0	106	3148	2546	82.7344	0x7fffa7f4	255	125	126
22	3	0	107	3148	2547	82.7344	0x7fc027d8	255	122	127
22	3	0	108	3148	2548	82.7266	0x7f80c7c4	255	120	129
22	3	0	109	3148	2549	82.6875	0x7ec28795	255	114	136
22	3	0	110	3148	2550	82.5703	0x7cc4f762	255	108	144
22	3	0	111	3148	2551	82.375	0x79474f1e	255	100	155
22	3	0	112	3148	2552	82.1016	0x740966d0	255	91	162
22	3	0	113	3148	2553	81.7578	0x6dcb7689	0	83	170
22	3	0	114	3149	2544	82.6719	0x7fbe401c	255	130	120
22	3	0	115	3149	2545	82.7109	0x7ffee00c	255	128	122
22	3	0	116	3149	2546	82.7422	0x7fff0000	255	127	123
22	3	0	117	3149	2547	82.7734	0x7fff87ec	255	124	125
22	3	0	118	3149	2548	82.7734	0x7fffe7d4	255	122	127
22	3	0	119	3149	2549	82.7812	0x7f80c7b8	255	119	129
22	3	0	120	3149	2550	82.7266	0x7e42ff7d	255	111	138
22	3	0	121	3149	2551	82.5938	0x7bc5173c	255	104	144
22	3	0	122	3149	2552	82.4062	0x778716e4	255	92	154
22	3	0	123	3149	2553	82.1406	0x71c986a1	0	86	162
22	3	0	124	3150	2544	82.625	0x7f7d8030	255	133	118
22	3	0	125	3150	2545	82.6875	0x7fbe4028	255	132	120
22	3	0	126	3150	2546	82.7344	0x7fbea00c	255	128	121
22	3	0	127	3150	2547	82.7734	0x7ffec7f8	255	126	122
22	3	0	128	3150	2548	82.8125	0x7fbf27dc	255	123	124
22	3	0	129	3150	2549	82.8281	0x7fbfc7c8	255	120	126
22	3	0	130	3150	2550	82.8281	0x7f4107a8	255	117	129
22	3	0	131	3150	2551	82.7656	0x7e026766	255	108	136
22	3	0	132	3150	2552	82.6797	0x7b845f22	255	103	142
22	3	0	133	3150	2553	82.4922	0x768836e8	0	94	157
22	3	0	134	3151	2544	82.5781	0x7f3d6044	255	135	117
22	3	0	135	3151	2545	82.6328	0x7f7dc028	255	132	118
22	3	0	136	3151	2546	82.7188	0x7f7d801c	255	130	117
22	3	0	137	3151	2547	82.7891	0x7fbe0004	255	127	119
22	3	0	138	3151	2548	82.8438	0x7fbe67ec	255	125	121
22	3	0	139	3151	2549	82.8906	0x7fbf27c8	255	120	123
22	3	0	140	3151	2550	82.8984	0x7f7fe7ac	255	117	127
22	3	0	141	3151	2551	82.8984	0x7f00c78d	255	114	130
22	3	0	142	3151	2552	82.8516	0x7e02ff75	255	110	137
22	3	0	143	3151	2553	82.7109	0x7b067f47	0	106	149
22	3	0	144	3152	2544	82.4922	0x7efc8840	255	134	113
22	3	0	145	3152	2545	82.6094	0x7f7d0818	255	130	115
22	3	0	146	3152	2546	82.6797	0x7f7d801c	255	129	116
22	3	0	147	3152	2547	82.7656	0x7f7d4000	255	127	116
22	3	0	148	3152	2548	82.8516	0x7f7d47e0	255	124	117
22	3	0	149	3152	2549	82.9375	0x7f7dc7bc	255	119	118
22	3	0	150	3152	2550	82.9922	0x7f3f2795	255	114	124
22	3	0	151	3152	2551	82.9922	0x7ec0a781	255	112	129
22	3	0	152	3152	2552	82.9531	0x7e42276e	0	109	134
23	0	0	0	3152	2544	82.4922	0x7efc8840	0	134	113
23	0	0	1	3153	2544	82.4531	0x7e7b502c	255	132	108
23	0	0	2	3153	2545	82.5859	0x7f3ca820	255	130	114
23	0	0	3	3152	2545	82.6094	0x7f7d0818	0	130	115
23	0	0	4	3152	2546	82.6797	0x7f7d801c	0	129	116
23	0	0	5	3153	2546	82.6641	0x7f3cc808	255	128	114
23	0	0	6	3153	2547	82.7891	0x7efc2fe4	255	124	112
23	0	0	7	3152	2547	82.7656	0x7f7d4000	0	127	116
23	0	0	8	3152	2548	82.8516	0x7f7d47e0	0	124	117
23	0	0	9	3153	2548	82.9062	0x7ebc4fb0	255	118	112
23	0	0	10	3153	2549	83.0234	0x7ebccf9d	255	115	115
23	0	0	11	3152	2549	82.9375	0x7f7dc7bc	0	119	118
23	0	0	12	3152	2550	82.9922	0x7f3f2795	0	114	124
23	0	0	13	3153	2550	83.1094	0x7efe078d	255	113	120
23	0	0	14	3153	2551	83.1484	0x7ebf8772	255	110	126
23	0	0	15	3152	2551	82.9922	0x7ec0a781	0	112	129
23	0	0	16	3152	2552	82.9531	0x7e42276e	255	109	134
23	0	0	17	3153	2552	83.1406	0x7e814772	255	110	131
23	0	0	18	3153	2553	83.0703	0x7d037f4f	255	107	138
23	0	0	19	3152	2553	82.8594	0x7c845f4b	255	105	143
23	0	0	20	3152	2554	82.6797	0x79071710	255	99	154
23	0	0	21	3153	2554	82.9219	0x7ac62731	255	102	150
23	0	0	22	3153	2555	82.6797	0x758a671f	255	102	162
23	0	0	23	3152	2555	82.4062	0x76086ee1	255	92	159
23	0	0	24	3152	2556	82.1328	0x724c9722	255	99	171
23	0	0	25	3153	2556	82.2344	0x74cacf1b	255	105	168
23	0	0	26	3153	2557	81.9609	0x7308bea4	255	93	163
23	0	0	27	3152	2557	81.5469	0x6e0bbe95	255	84	167
23	0	0	28	3152	2558	81.3359	0x75c5ae9d	255	83	146
23	0	0	29	3153	2558	81.6641	0x7845c6da	255	91	144
23	0	0	30	3153	2559	81.5938	0x64912ec6	255	89	162
23	0	0	31	3152	2559	81.1875	0x5f122694	255	84	178
23	0	0	32	3152	2560	79.9141	0x6f49ee78	255	86	141
23	0	0	33	3153	2560	80.3672	0x6b88b624	255	69	149
23	0	0	34	3154	2544	82.4062	0x7dfaf048	255	134	107
23	0	0	35	3154	2545	82.5469	0x7efbe820	255	131	111
23	0	0	36	3154	2546	82.6641	0x7ebbaffc	255	127	110
23	0	0	37	3154	2547	82.8203	0x7dfa9fd4	255	122	106
23	0	0	38	3154	2548	83.0078	0x7e3b17b8	255	120	109
23	0	0	39	3154	2549	83.1328	0x7efcafbc	255	120	114
23	0	0	40	3154	2550	83.2188	0x7f3dc7b4	255	119	118
23	0	0	41	3154	2551	83.2734	0x7f7fc7ac	255	118	126
23	0	0	42	3154	2552	83.2344	0x7f4107a4	255	116	130
23	0	0	43	3154	2553	83.2109	0x7ec24795	255	114	134
23	0	0	44	3154	2554	83.0938	0x7cc58f75	255	111	145
23	0	0	45	3154	2555	82.8594	0x79c7c747	255	105	157
23	0	0	46	3154	2556	82.5938	0x7508feda	255	96	160
23	0	0	47	3154	2557	82.2734	0x7309eec6	255	89	165
23	0	0	48	3154	2558	81.9375	0x7806bee8	255	95	148
23	0	0	49	3154	2559	81.8438	0x700dcf26	255	101	161
23	0	0	50	3154	2560	80.9766	0x6c8065e4	255	72	145
23	0	0	51	3155	2544	82.3125	0x7c79a073	255	141	102
23	0	0	52	3155	2545	82.5234	0x7d7a585f	255	133	107
23	0	0	53	3155	2546	82.6719	0x7dfa7808	255	128	105
23	0	0	54	3155	2547	82.875	0x7dba1ffc	255	127	104
23	0	0	55	3155	2548	83.0469	0x7ebb97f8	255	126	110
23	0	0	56	3155	2549	83.1562	0x7f3caffc	255	125	113
23	0	0	57	3155	2550	83.2578	0x7f7d87dc	255	123	118
23	0	0	58	3155	2551	83.3125	0x7fff07e4	255	123	124
23	0	0	59	3155	2552	83.3203	0x7f8087c4	255	120	128
23	0	0	60	3155	2553	83.2812	0x7f4207c4	255	119	133
23	0	0	61	3155	2554	83.1953	0x7e43bfa1	255	115	141
23	0	0	62	3155	2555	83.0469	0x7c85af6e	255	112	150
23	0	0	63	3155	2556	82.8359	0x7b46d762	255	111	154
23	0	0	64	3155	2557	82.6094	0x78893757	255	116	163
23	0	0	65	3155	2558	82.2344	0x7848e740	255	108	160
23	0	0	66	3155	2559	82.0312	0x77c98f4b	255	103	158
23	0	0	67	3155	2560	81.6094	0x74babe80	255	87	116
23	0	0	68	3156	2544	82.1797	0x783828f8	255	153	98
23	0	0	69	3156	2545	82.3594	0x7a38b8c0	255	150	99
23	0	0	70	3156	2546	82.6484	0x7bb8b86f	255	138	102
23	0	0	71	3156	2547	82.8281	0x7cba207b	255	139	104
23	0	0	72	3156	2548	83.0234	0x7e3b1048	255	134	108
23	0	0	73	3156	2549	83.1406	0x7ebbc830	255	132	110
23	0	0	74	3156	2550	83.2891	0x7f7d080c	255	129	117
23	0	0	75	3156	2551	83.3281	0x7fff0014	255	129	123
23	0	0	76	3156	2552	83.3516	0x7fc00000	255	127	127
23	0	0	77	3156	2553	83.3281	0x7fc127f0	255	126	131
23	0	0	78	3156	2554	83.2812	0x7f42e7e0	255	125	137
23	0	0	79	3156	2555	83.1484	0x7d45efc4	255	121	149
23	0	0	80	3156	2556	82.9062	0x7b4857d0	255	123	159
23	0	0	81	3156	2557	82.6094	0x7a8907f4	255	126	163
23	0	0	82	3156	2558	82.3203	0x7d0667c4	255	121	152
23	0	0	83	3156	2559	82.2031	0x7a883f85	255	113	154
23	0	0	84	3156	2560	81.7891	0x7dfda09e	0	121	114
23	0	0	85	3157	2544	81.8125	0x7075e16b	255	170	89
23	0	0	86	3157	2545	82.1406	0x74364926	255	162	93
23	0	0	87	3157	2546	82.4531	0x77786114	255	159	99
23	0	0	88	3157	2547	82.6328	0x79b8f0da	255	153	99
23	0	0	89	3157	2548	82.9062	0x7b3948ad	255	147	102
23	0	0	90	3157	2549	83.0625	0x7dbad067	255	141	107
23	0	0	91	3157	2550	83.2344	0x7e7ca86f	255	139	117
23	0	0	92	3157	2551	83.2734	0x7fbea038	255	134	121
23	0	0	93	3157	2552	83.3203	0x7fff6020	255	131	125
23	0	0	94	3157	2553	83.3125	0x7fc10008	255	129	130
23	0	0	95	3157	2554	83.2578	0x7f826004	255	127	136
23	0	0	96	3157	2555	83.1641	0x7e0537fc	255	126	147
23	0	0	97	3157	2556	82.9297	0x7b883fe8	255	124	159
23	0	0	98	3157	2557	82.6328	0x7ac8e7ec	255	124	162
23	0	0	99	3157	2558	82.3516	0x7dc5afe0	255	123	145
23	0	0	100	3157	2559	82.2734	0x710eefe0	255	126	156
23	0	0	101	3157	2560	81.2969	0x70bb11c8	0	184	113
23	0	0	102	3158	2544	81.4141	0x71359155	255	167	87
23	0	0	103	3158	2545	81.7578	0x7235e147	255	166	88
23	0	0	104	3158	2546	82.0859	0x7376693a	255	163	92
23	0	0	105	3158	2547	82.3906	0x76b6f0f8	255	157	92
23	0	0	106	3158	2548	82.6797	0x77f798e9	255	153	96
23	0	0	107	3158	2549	82.9375	0x7bb9e0b1	255	148	104
23	0	0	108	3158	2550	83.0703	0x7d7b908b	255	142	109
23	0	0	109	3158	2551	83.2188	0x7efc8838	255	134	114
23	0	0	110	3158	2552	83.2891	0x7fbe8028	255	130	122
23	0	0	111	3158	2553	83.3125	0x7fc04000	255	127	128
23	0	0	112	3158	2554	83.2734	0x7f4287e8	255	125	135
23	0	0	113	3158	2555	83.1562	0x7e4517f8	255	126	146
23	0	0	114	3158	2556	82.9531	0x7bc7e7ec	255	126	159
23	0	0	115	3158	2557	82.6484	0x7ac8c814	255	129	162
23	0	0	116	3158	2558	82.3828	0x7d8607fc	255	128	147
23	0	0	117	3158	2559	82.2656	0x6413f00c	255	128	174
23	0	0	118	3158	2560	80.7891	0x6cf951ee	255	148	172
23	0	0	119	3159	2544	81.1016	0x73b50902	255	157	84
23	0	0	120	3159	2545	81.4609	0x74f570f0	255	155	85
23	0	0	121	3159	2546	81.8047	0x7635d8de	255	152	87
23	0	0	122	3159	2547	82.1328	0x777660c8	255	150	89
23	0	0	123	3159	2548	82.4375	0x78f720b5	255	147	92
23	0	0	124	3159	2549	82.7109	0x7a37e89e	255	143	96
23	0	0	125	3159	2550	82.9609	0x7c38f05c	255	138	99
23	0	0	126	3159	2551	83.1641	0x7e7b9034	255	132	110
23	0	0	127	3159	2552	83.2422	0x7fbda7fc	255	127	118
23	0	0	128	3159	2553	83.3125	0x7fbf07e0	255	124	125
23	0	0	129	3159	2554	83.3047	0x7f4227c8	255	121	132
23	0	0	130	3159	2555	83.1797	0x7dc54fc8	255	121	147
23	0	0	131	3159	2556	82.9688	0x7a8907dc	255	123	161
23	0	0	132	3159	2557	82.5938	0x7a4957f0	255	126	163
23	0	0	133	3159	2558	82.3594	0x7e056ffc	255	127	147
23	0	0	134	3159	2559	82.25	0x56978ff8	255	127	173
23	0	0	135	3159	2560	80.1875	0x7ac438f8	255	140	142
23	0	0	136	3160	2544	80.8906	0x74f480bc	255	149	81
23	0	0	137	3160	2545	81.2734	0x75f4c8a5	255	146	83
23	0	0	138	3160	2546	81.6406	0x7735308a	255	143	84
23	0	0	139	3160	2547	81.9922	0x7835b873	255	140	86
23	0	0	140	3160	2548	82.3203	0x79765858	255	137	89
23	0	0	141	3160	2549	82.625	0x7af7403c	255	134	92
23	0	0	142	3160	2550	82.8906	0x7c386024	255	130	96
23	0	0	143	3160	2551	83.1172	0x7d79a004	255	127	102
23	0	0	144	3160	2552	83.2969	0x7ebbefc0	255	121	113
23	0	0	145	3160	2553	83.375	0x7f7ea7b4	255	118	123
23	0	0	146	3160	2554	83.3828	0x7ec1c78d	255	115	131
23	0	0	147	3160	2555	83.2656	0x7cc5af89	255	113	148
23	0	0	148	3160	2556	83.0234	0x79c8ff89	255	116	163
23	0	0	149	3160	2557	82.6797	0x7989afc4	255	121	165
23	0	0	150	3160	2558	82.3906	0x7d464004	255	125	147
23	0	0	151	3160	2559	82.2812	0x58172fe8	255	124	181
23	0	0	152	3160	2560	80.2891	0x730d4f7a	255	125	198
23	0	0	153	3161	2544	80.7266	0x7433c8ad	255	147	79
23	0	0	154	3161	2545	81.1328	0x75341896	255	144	80
23	0	0	155	3161	2546	81.5312	0x7674787b	255	141	81
23	0	0	156	3161	2547	81.9062	0x7775005f	255	138	83
23	0	0	157	3161	2548	82.2656	0x78b5a040	255	134	86
23	0	0	158	3161	2549	82.5938	0x79f67824	255	130	89
23	0	0	159	3161	2550	82.8906	0x7b375800	255	127	93
23	0	0	160	3161	2551	83.1562	0x7c789fdc	255	123	97
23	0	0	161	3161	2552	83.3672	0x7e3b37b8	255	118	109
23	0	0	162	3161	2553	83.4609	0x7e7d6781	255	113	118
23	0	0	163	3161	2554	83.5312	0x7e40c76a	255	108	128
23	0	0	164	3161	2555	83.4141	0x7b853731	255	103	143
23	0	0	165	3161	2556	83.2031	0x760a9f3c	255	104	165
23	0	0	166	3161	2557	82.7109	0x748c8785	255	116	170
23	0	0	167	3161	2558	82.3516	0x7bc67f72	255	120	144
23	0	0	168	3161	2559	82.2969	0x5c5607bc	255	120	175
23	0	0	169	3161	2560	80.4531	0x6c8f7727	255	103	178
23	0	0	170	3162	2544	80.5469	0x72f338c0	255	149	77
23	0	0	171	3162	2545	80.9766	0x73f380a5	255	146	78
23	0	0	172	3162	2546	81.3984	0x74f3c88a	255	143	79
23	0	0	173	3162	2547	81.8047	0x7634306b	255	139	80
23	0	0	174	3162	2548	82.1953	0x7774c84c	255	135	83
23	0	0	175	3162	2549	82.5547	0x78b58028	255	132	85
23	0	0	176	3162	2550	82.8906	0x79f65fec	255	126	89
23	0	0	177	3162	2551	83.1875	0x7b3797c0	255	120	94
23	0	0	178	3162	2552	83.4375	0x7c392f95	255	115	102
23	0	0	179	3162	2553	83.625	0x7cfc2f47	255	104	114
23	0	0	180	3162	2554	83.6797	0x7dff274b	255	102	125
23	0	0	181	3162	2555	83.6797	0x7b443f17	255	98	134
23	0	0	182	3162	2556	83.4141	0x728b4eec	255	97	165
23	0	0	183	3162	2557	82.9219	0x740b1f0c	255	98	168
23	0	0	184	3162	2558	82.6719	0x75c7ded0	255	95	153
23	0	0	185	3162	2559	82.4141	0x58d61733	255	108	202
23	0	0	186	3162	2560	80.7266	0x708e475b	255	103	175
23	0	0	187	3163	2544	80.3438	0x72727896	255	143	73
23	0	0	188	3163	2545	80.8047	0x72f2c09a	255	143	75
23	0	0	189	3163	2546	81.2578	0x73f30073	255	140	75
23	0	0	190	3163	2547	81.6953	0x75336050	255	134	76
23	0	0	191	3163	2548	82.1172	0x7633e024	255	130	79
23	0	0	192	3163	2549	82.5156	0x7673f808	255	127	80
23	0	0	193	3163	2550	82.9297	0x777497d0	255	121	82
23	0	0	194	3163	2551	83.2812	0x78f62f91	255	116	89
23	0	0	195	3163	2552	83.5781	0x7a779785	255	112	94
23	0	0	196	3163	2553	83.8281	0x7d3b1775	255	109	109
23	0	0	197	3163	2554	83.8906	0x7dbf2743	255	104	125
23	0	0	198	3163	2555	83.8828	0x7d020734	255	101	131
23	0	0	199	3163	2556	83.7656	0x734a46d7	255	91	157
23	0	0	200	3163	2557	83.2031	0x6d0ba683	255	86	167
23	0	0	201	3163	2558	82.9766	0x7407a6a1	255	85	156
23	0	0	202	3163	2559	82.7109	0x4d16ce93	255	97	210
23	0	0	203	3163	2560	80.7812	0x7a05af0c	0	107	145
23	0	0	204	3164	2544	80.25	0x70731102	255	149	74
23	0	0	205	3164	2545	80.6719	0x70f2b0dd	255	150	75
23	0	0	206	3164	2546	81.1719	0x70b208b8	255	144	72
23	0	0	207	3164	2547	81.6484	0x7232488a	255	139	72
23	0	0	208	3164	2548	82.125	0x73f3007f	255	133	76
23	0	0	209	3164	2549	82.5391	0x75336044	255	131	77
23	0	0	210	3164	2550	82.9844	0x75734810	255	127	76
23	0	0	211	3164	2551	83.4062	0x78b587c4	255	123	86
23	0	0	212	3164	2552	83.6797	0x7bb867a4	255	118	94
23	0	0	213	3164	2553	83.8984	0x7cfa278d	255	114	104
23	0	0	214	3164	2554	84.0547	0x7d7d0f53	255	105	118
23	0	0	215	3164	2555	84.0859	0x7c40870f	255	97	128
23	0	0	216	3164	2556	84.0234	0x78858edd	255	89	139
23	0	0	217	3164	2557	83.7344	0x69095e0d	255	66	160
23	0	0	218	3164	2558	83.4062	0x68080de9	255	62	151
23	0	0	219	3164	2559	83.2109	0x4395f601	255	70	194
23	0	0	220	3164	2560	81.2188	0x678fcebb	0	95	169
23	0	0	221	3165	2544	79.8203	0x64b211be	255	178	75
23	0	0	222	3165	2545	80.3594	0x66712984	255	171	72
23	0	0	223	3165	2546	80.8906	0x68313969	255	166	70
23	0	0	224	3165	2547	81.4219	0x6bf21943	255	162	72
23	0	0	225	3165	2548	81.8672	0x6df2411a	255	159	74
23	0	0	226	3165	2549	82.3828	0x6d317101	255	152	72
23	0	0	227	3165	2550	82.8984	0x6f3198cf	255	146	70
23	0	0	228	3165	2551	83.3984	0x7473688a	255	134	81
23	0	0	229	3165	2552	83.7578	0x79760810	255	128	87
23	0	0	230	3165	2553	84.0547	0x7bf89fa1	255	117	95
23	0	0	231	3165	2554	84.2344	0x7cbb175e	255	107	108
23	0	0	232	3165	2555	84.3672	0x7cbe0725	255	97	121
23	0	0	233	3165	2556	84.3594	0x7a0086cf	255	89	129
23	0	0	234	3165	2557	84.3359	0x74c24669	255	84	136
23	0	0	235	3165	2558	84.2188	0x6cc58604	255	68	145
23	0	0	236	3165	2559	83.9844	0x38578df1	255	72	193
23	0	0	237	3165	2560	81.4609	0x52d3762b	0	83	197
23	0	0	238	3166	2544	79.2578	0x5d3079f1	255	185	72
23	0	0	239	3166	2545	79.8359	0x5df089e7	255	183	70
23	0	0	240	3166	2546	80.4062	0x61f081b1	255	177	68
23	0	0	241	3166	2547	80.9766	0x6370799b	255	173	68
23	0	0	242	3166	2548	81.5469	0x68b17969	255	168	72
23	0	0	243	3166	2549	82.0156	0x6a319953	255	165	72
23	0	0	244	3166	2550	82.5703	0x6a30911d	255	159	67
23	0	0	245	3166	2551	83.1328	0x6c30f101	255	156	68
23	0	0	246	3166	2552	83.6484	0x71b248a9	255	142	77
23	0	0	247	3166	2553	84.0859	0x77f5183c	255	130	84
23	0	0	248	3166	2554	84.375	0x7c792fac	255	119	97
23	0	0	249	3166	2555	84.5234	0x7d7baf72	255	110	110
23	0	0	250	3166	2556	84.6484	0x7cbec71e	255	100	123
23	0	0	251	3166	2557	84.6016	0x7b8186fd	255	95	133
23	0	0	252	3166	2558	84.5547	0x7a8046e0	255	92	132
23	0	0	253	3166	2559	84.5859	0x4c570693	255	88	165
23	0	0	254	3166	2560	82.3125	0x4b535ddc	0	75	198
23	0	0	255	3167	2544	78.6641	0x6570997e	255	166	67
23	0	0	256	3167	2545	79.2344	0x622f417c	255	163	62
23	0	0	257	3167	2546	79.9297	0x646ef144	255	159	60
23	0	0	258	3167	2547	80.5234	0x67f00934	255	158	64
23	0	0	259	3167	2548	81.1016	0x68f04127	255	156	65
23	0	0	260	3167	2549	81.6719	0x6aef88c7	255	146	62
23	0	0	261	3167	2550	82.3125	0x6b6f98b8	255	145	62
23	0	0	262	3167	2551	82.875	0x6df088ad	255	143	65
23	0	0	263	3167	2552	83.4219	0x6fb10892	255	140	68
23	0	0	264	3167	2553	83.9375	0x7271f858	255	133	73
23	0	0	265	3167	2554	84.3984	0x78754ffc	255	127	86
23	0	0	266	3167	2555	84.6484	0x7c398f75	255	116	101
23	0	0	267	3167	2556	84.8125	0x7d7caf5a	255	106	116
23	0	0	268	3167	2557	84.8594	0x7d002731	255	103	128
23	0	0	269	3167	2558	84.8047	0x7d01472d	255	101	132
23	0	0	270	3167	2559	84.7812	0x59d63f63	255	102	149
23	0	0	271	3167	2560	82.8516	0x3fcf2d1b	255	37	162
23	0	0	272	3168	2544	78.4375	0x6e70003c	255	129	63
23	0	0	273	3168	2545	79.0156	0x6b6eb01c	255	128	58
23	0	0	274	3168	2546	79.7266	0x6aae6020	255	128	57
23	0	0	275	3168	2547	80.3359	0x6d6f7014	255	128	61
23	0	0	276	3168	2548	80.9375	0x6baec000	255	127	59
23	0	0	277	3168	2549	81.6172	0x6beeefdc	255	125	59
23	0	0	278	3168	2550	82.2031	0x6e6fdff0	255	126	62
23	0	0	279	3168	2551	82.7891	0x6eb007e0	255	125	63
23	0	0	280	3168	2552	83.3594	0x6f705fc8	255	124	65
23	0	0	281	3168	2553	83.9141	0x71b177c4	255	124	69
23	0	0	282	3168	2554	84.3828	0x73f31f81	255	120	80
23	0	0	283	3168	2555	84.7969	0x78f6ef5e	255	108	94
23	0	0	284	3168	2556	84.9766	0x7d3c8f47	255	105	116
23	0	0	285	3168	2557	85.0156	0x7dc0074b	255	105	127
23	0	0	286	3168	2558	84.9766	0x7d41e743	255	106	134
23	0	0	287	3168	2559	84.8984	0x7e42c77d	255	111	138
23	0	0	288	3168	2560	84.8047	0x4a106577	255	109	175
23	1	0	0	3152	2544	82.4922	0x7efc8840	255	134	113
23	1	0	1	3153	2544	82.4531	0x7e7b502c	0	132	108
23	1	0	2	3153	2545	82.5859	0x7f3ca820	0	130	114
23	1	0	3	3152	2545	82.6094	0x7f7d0818	255	130	115
23	1	0	4	3152	2546	82.6797	0x7f7d801c	255	129	116
23	1	0	5	3153	2546	82.6641	0x7f3cc808	0	128	114
23	1	0	6	3153	2547	82.7891	0x7efc2fe4	0	124	112
23	1	0	7	3152	2547	82.7656	0x7f7d4000	255	127	116
23	1	0	8	3152	2548	82.8516	0x7f7d47e0	255	124	117
23	1	0	9	3153	2548	82.9062	0x7ebc4fb0	0	118	112
23	1	0	10	3153	2549	83.0234	0x7ebccf9d	0	115	115
23	1	0	11	3152	2549	82.9375	0x7f7dc7bc	255	119	118
23	1	0	12	3152	2550	82.9922	0x7f3f2795	255	114	124
23	1	0	13	3153	2550	83.1094	0x7efe078d	0	113	120
23	1	0	14	3153	2551	83.1484	0x7ebf8772	0	110	126
23	1	0	15	3152	2551	82.9922	0x7ec0a781	255	112	129
23	1	0	16	3152	2552	82.9531	0x7e42276e	0	109	134
23	2	1	0	3156	2544	82.1797	0x783828f8	255	153	98
23	2	1	1	3157	2544	81.8125	0x7075e16b	255	170	89
23	2	1	2	3157	2545	82.1406	0x74364926	255	162	93
23	2	1	3	3156	2545	82.3594	0x7a38b8c0	255	150	99
23	2	1	4	3156	2546	82.6484	0x7bb8b86f	255	138	102
23	2	1	5	3157	2546	82.4531	0x77786114	255	159	99
23	2	1	6	3158	2544	81.4141	0x71359155	255	167	87
23	2	1	7	3158	2545	81.7578	0x7235e147	255	166	88
23	2	1	8	3158	2546	82.0859	0x7376693a	255	163	92
23	2	1	9	3157	2547	82.6328	0x79b8f0da	255	153	99
23	2	1	10	3158	2547	82.3906	0x76b6f0f8	255	157	92
23	2	1	11	3159	2544	81.1016	0x73b50902	255	157	84
23	2	1	12	3159	2545	81.4609	0x74f570f0	255	155	85
23	2	1	13	3159	2546	81.8047	0x7635d8de	255	152	87
23	2	1	14	3159	2547	82.1328	0x777660c8	255	150	89
23	2	1	15	3160	2544	80.8906	0x74f480bc	255	149	81
23	2	1	16	3160	2545	81.2734	0x75f4c8a5	255	146	83
23	2	1	17	3160	2546	81.6406	0x7735308a	255	143	84
23	2	1	18	3161	2544	80.7266	0x7433c8ad	255	147	79
23	2	1	19	3161	2545	81.1328	0x75341896	255	144	80
23	2	1	20	3161	2546	81.5312	0x7674787b	255	141	81
23	2	1	21	3162	2544	80.5469	0x72f338c0	255	149	77
23	2	1	22	3162	2545	80.9766	0x73f380a5	255	146	78
23	2	1	23	3162	2546	81.3984	0x74f3c88a	255	143	79
23	2	1	24	3161	2547	81.9062	0x7775005f	255	138	83
23	2	1	25	3162	2547	81.8047	0x7634306b	255	139	80
23	2	1	26	3163	2544	80.3438	0x72727896	255	143	73
23	2	1	27	3163	2545	80.8047	0x72f2c09a	255	143	75
23	2	1	28	3163	2546	81.2578	0x73f30073	255	140	75
23	2	1	29	3163	2547	81.6953	0x75336050	255	134	76
23	2	1	30	3162	2548	82.1953	0x7774c84c	255	135	83
23	2	1	31	3163	2548	82.1172	0x7633e024	255	130	79
23	2	1	32	3164	2544	80.25	0x70731102	255	149	74
23	2	1	33	3164	2545	80.6719	0x70f2b0dd	255	150	75
23	2	1	34	3164	2546	81.1719	0x70b208b8	255	144	72
23	2	1	35	3164	2547	81.6484	0x7232488a	255	139	72
23	2	1	36	3164	2548	82.125	0x73f3007f	255	133	76
23	2	1	37	3163	2549	82.5156	0x7673f808	255	127	80
23	2	1	38	3164	2549	82.5391	0x75336044	255	131	77
23	2	1	39	3164	2550	82.9844	0x75734810	255	127	76
23	2	1	40	3163	2550	82.9297	0x777497d0	255	121	82
23	2	1	41	3163	2551	83.2812	0x78f62f91	255	116	89
23	2	1	42	3164	2551	83.4062	0x78b587c4	255	123	86
23	2	1	43	3165	2544	79.8203	0x64b211be	255	178	75
23	2	1	44	3165	2545	80.3594	0x66712984	255	171	72
23	2	1	45	3165	2546	80.8906	0x68313969	255	166	70
23	2	1	46	3165	2547	81.4219	0x6bf21943	255	162	72
23	2	1	47	3165	2548	81.8672	0x6df2411a	255	159	74
23	2	1	48	3165	2549	82.3828	0x6d317101	255	152	72
23	2	1	49	3165	2550	82.8984	0x6f3198cf	255	146	70
23	2	1	50	3165	2551	83.3984	0x7473688a	255	134	81
23	2	1	51	3166	2544	79.2578	0x5d3079f1	255	185	72
23	2	1	52	3166	2545	79.8359	0x5df089e7	255	183	70
23	2	1	53	3166	2546	80.4062	0x61f081b1	255	177	68
23	2	1	54	3166	2547	80.9766	0x6370799b	255	173	68
23	2	1	55	3166	2548	81.5469	0x68b17969	255	168	72
23	2	1	56	3166	2549	82.0156	0x6a319953	255	165	72
23	2	1	57	3166	2550	82.5703	0x6a30911d	255	159	67
23	2	1	58	3166	2551	83.1328	0x6c30f101	255	156	68
23	2	1	59	3166	2552	83.6484	0x71b248a9	255	142	77
23	2	1	60	3165	2552	83.7578	0x79760810	255	128	87
23	2	1	61	3165	2553	84.0547	0x7bf89fa1	255	117	95
23	2	1	62	3166	2553	84.0859	0x77f5183c	255	130	84
23	2	1	63	3167	2544	78.6641	0x6570997e	255	166	67
23	2	1	64	3167	2545	79.2344	0x622f417c	255	163	62
23	2	1	65	3167	2546	79.9297	0x646ef144	255	159	60
23	2	1	66	3167	2547	80.5234	0x67f00934	255	158	64
23	2	1	67	3167	2548	81.1016	0x68f04127	255	156	65
23	2	1	68	3167	2549	81.6719	0x6aef88c7	255	146	62
23	2	1	69	3167	2550	82.3125	0x6b6f98b8	255	145	62
23	2	1	70	3167	2551	82.875	0x6df088ad	255	143	65
23	2	1	71	3167	2552	83.4219	0x6fb10892	255	140	68
23	2	1	72	3167	2553	83.9375	0x7271f858	255	133	73
23	2	1	73	3166	2554	84.375	0x7c792fac	255	119	97
23	2	1	74	3167	2554	84.3984	0x78754ffc	255	127	86
23	2	1	75	3168	2544	78.4375	0x6e70003c	255	129	63
23	2	1	76	3168	2545	79.0156	0x6b6eb01c	255	128	58
23	2	1	77	3168	2546	79.7266	0x6aae6020	255	128	57
23	2	1	78	3168	2547	80.3359	0x6d6f7014	255	128	61
23	2	1	79	3168	2548	80.9375	0x6baec000	255	127	59
23	2	1	80	3168	2549	81.6172	0x6beeefdc	255	125	59
23	2	1	81	3168	2550	82.2031	0x6e6fdff0	255	126	62
23	2	1	82	3168	2551	82.7891	0x6eb007e0	255	125	63
23	2	1	83	3168	2552	83.3594	0x6f705fc8	255	124	65
23	2	1	84	3168	2553	83.9141	0x71b177c4	255	124	69
23	2	1	85	3168	2554	84.3828	0x73f31f81	255	120	80
23	3	2	0	3152	2555	82.4062	0x76086ee1	255	92	159
23	3	2	1	3153	2555	82.6797	0x758a671f	255	102	162
23	3	2	2	3152	2556	82.1328	0x724c9722	255	99	171
23	3	2	3	3153	2556	82.2344	0x74cacf1b	255	105	168
23	3	2	4	3153	2557	81.9609	0x7308bea4	255	93	163
23	3	2	5	3152	2557	81.5469	0x6e0bbe95	255	84	167
23	3	2	6	3152	2558	81.3359	0x75c5ae9d	255	83	146
23	3	2	7	3153	2558	81.6641	0x7845c6da	255	91	144
23	3	2	8	3153	2559	81.5938	0x64912ec6	255	89	162
23	3	2	9	3152	2559	81.1875	0x5f122694	255	84	178
23	3	2	10	3152	2560	79.9141	0x6f49ee78	255	86	141
23	3	2	11	3153	2560	80.3672	0x6b88b624	255	69	149
23	3	2	12	3154	2556	82.5938	0x7508feda	255	96	160
23	3	2	13	3154	2557	82.2734	0x7309eec6	255	89	165
23	3	2	14	3154	2558	81.9375	0x7806bee8	255	95	148
23	3	2	15	3154	2559	81.8438	0x700dcf26	255	101	161
23	3	2	16	3154	2560	80.9766	0x6c8065e4	255	72	145
23	3	2	17	3155	2557	82.6094	0x78893757	255	116	163
23	3	2	18	3157	2559	82.2734	0x710eefe0	255	126	156
23	3	2	19	3158	2559	82.2656	0x6413f00c	255	128	174
23	3	2	20	3158	2560	80.7891	0x6cf951ee	255	148	172
23	3	2	21	3157	2560	81.2969	0x70bb11c8	255	184	113
23	3	2	22	3159	2559	82.25	0x56978ff8	255	127	173
23	3	2	23	3159	2560	80.1875	0x7ac438f8	255	140	142
23	3	2	24	3160	2558	82.3906	0x7d464004	255	125	147
23	3	2	25	3160	2559	82.2812	0x58172fe8	255	124	181
23	3	2	26	3160	2560	80.2891	0x730d4f7a	255	125	198
23	3	2	27	3161	2558	82.3516	0x7bc67f72	255	120	144
23	3	2	28	3161	2559	82.2969	0x5c5607bc	255	120	175
23	3	2	29	3161	2560	80.4531	0x6c8f7727	255	103	178
23	3	2	30	3162	2556	83.4141	0x728b4eec	255	97	165
23	3	2	31	3161	2557	82.7109	0x748c8785	255	116	170
23	3	2	32	3162	2557	82.9219	0x740b1f0c	255	98	168
23	3	2	33	3162	2558	82.6719	0x75c7ded0	255	95	153
23	3	2	34	3162	2559	82.4141	0x58d61733	255	108	202
23	3	2	35	3162	2560	80.7266	0x708e475b	255	103	175
23	3	2	36	3163	2556	83.7656	0x734a46d7	255	91	157
23	3	2	37	3163	2557	83.2031	0x6d0ba683	255	86	167
23	3	2	38	3163	2558	82.9766	0x7407a6a1	255	85	156
23	3	2	39	3163	2559	82.7109	0x4d16ce93	255	97	210
23	3	2	40	3163	2560	80.7812	0x7a05af0c	255	107	145
23	3	2	41	3164	2556	84.0234	0x78858edd	255	89	139
23	3	2	42	3164	2557	83.7344	0x69095e0d	255	66	160
23	3	2	43	3164	2558	83.4062	0x68080de9	255	62	151
23	3	2	44	3164	2559	83.2109	0x4395f601	255	70	194
23	3	2	45	3164	2560	81.2188	0x678fcebb	255	95	169
23	3	2	46	3165	2557	84.3359	0x74c24669	255	84	136
23	3	2	47	3165	2558	84.2188	0x6cc58604	255	68	145
23	3	2	48	3165	2559	83.9844	0x38578df1	255	72	193
23	3	2	49	3165	2560	81.4609	0x52d3762b	255	83	197
23	3	2	50	3166	2558	84.5547	0x7a8046e0	255	92	132
23	3	2	51	3166	2559	84.5859	0x4c570693	255	88	165
23	3	2	52	3166	2560	82.3125	0x4b535ddc	255	75	198
23	3	2	53	3167	2559	84.7812	0x59d63f63	255	102	149
23	3	2	54	3167	2560	82.8516	0x3fcf2d1b	255	37	162
23	3	2	55	3168	2559	84.8984	0x7e42c77d	255	111	138
23	3	2	56	3168	2560	84.8047	0x4a106577	255	109	175
23	4	3	0	3152	2555	82.4062	0x76086ee1	255	92	159
23	4	3	1	3153	2555	82.6797	0x758a671f	255	102	162
23	4	3	2	3152	2556	82.1328	0x724c9722	255	99	171
23	4	3	3	3153	2556	82.2344	0x74cacf1b	255	105	168
23	4	3	4	3153	2557	81.9609	0x7308bea4	255	93	163
23	4	3	5	3152	2557	81.5469	0x6e0bbe95	255	84	167
23	4	3	6	3152	2558	81.3359	0x75c5ae9d	255	83	146
23	4	3	7	3153	2558	81.6641	0x7845c6da	255	91	144
23	4	3	8	3153	2559	81.5938	0x64912ec6	255	89	162
23	4	3	9	3152	2559	81.1875	0x5f122694	255	84	178
23	4	3	10	3152	2560	79.9141	0x6f49ee78	255	86	141
23	4	3	11	3153	2560	80.3672	0x6b88b624	255	69	149
23	4	3	12	3154	2556	82.5938	0x7508feda	255	96	160
23	4	3	13	3154	2557	82.2734	0x7309eec6	255	89	165
23	4	3	14	3154	2558	81.9375	0x7806bee8	255	95	148
23	4	3	15	3154	2559	81.8438	0x700dcf26	255	101	161
23	4	3	16	3154	2560	80.9766	0x6c8065e4	255	72	145
23	4	3	17	3155	2557	82.6094	0x78893757	255	116	163
23	4	3	18	3155	2559	82.0312	0x77c98f4b	255	103	158
23	4	3	19	3155	2560	81.6094	0x74babe80	255	87	116
23	4	3	20	3161	2559	82.2969	0x5c5607bc	255	120	175
23	4	3	21	3160	2560	80.2891	0x730d4f7a	255	125	198
23	4	3	22	3161	2560	80.4531	0x6c8f7727	255	103	178
23	4	3	23	3162	2556	83.4141	0x728b4eec	255	97	165
23	4	3	24	3161	2557	82.7109	0x748c8785	255	116	170
23	4	3	25	3162	2557	82.9219	0x740b1f0c	255	98	168
23	4	3	26	3162	2558	82.6719	0x75c7ded0	255	95	153
23	4	3	27	3162	2559	82.4141	0x58d61733	255	108	202
23	4	3	28	3162	2560	80.7266	0x708e475b	255	103	175
23	4	3	29	3163	2556	83.7656	0x734a46d7	255	91	157
23	4	3	30	3163	2557	83.2031	0x6d0ba683	255	86	167
23	4	3	31	3163	2558	82.9766	0x7407a6a1	255	85	156
23	4	3	32	3163	2559	82.7109	0x4d16ce93	255	97	210
23	4	3	33	3163	2560	80.7812	0x7a05af0c	255	107	145
23	4	3	34	3164	2556	84.0234	0x78858edd	255	89	139
23	4	3	35	3164	2557	83.7344	0x69095e0d	255	66	160
23	4	3	36	3164	2558	83.4062	0x68080de9	255	62	151
23	4	3	37	3164	2559	83.2109	0x4395f601	255	70	194
23	4	3	38	3164	2560	81.2188	0x678fcebb	255	95	169
23	4	3	39	3165	2557	84.3359	0x74c24669	255	84	136
23	4	3	40	3165	2558	84.2188	0x6cc58604	255	68	145
23	4	3	41	3165	2559	83.9844	0x38578df1	255	72	193
23	4	3	42	3165	2560	81.4609	0x52d3762b	255	83	197
23	4	3	43	3166	2558	84.5547	0x7a8046e0	255	92	132
23	4	3	44	3166	2559	84.5859	0x4c570693	255	88	165
23	4	3	45	3166	2560	82.3125	0x4b535ddc	255	75	198
23	4	3	46	3167	2559	84.7812	0x59d63f63	255	102	149
23	4	3	47	3167	2560	82.8516	0x3fcf2d1b	255	37	162
23	4	3	48	3168	2560	84.8047	0x4a106577	255	109	175
23	5	4	0	3156	2544	82.1797	0x783828f8	255	153	98
23	5	4	1	3157	2544	81.8125	0x7075e16b	255	170	89
23	5	4	2	3157	2545	82.1406	0x74364926	255	162	93
23	5	4	3	3156	2545	82.3594	0x7a38b8c0	255	150	99
23	5	4	4	3156	2546	82.6484	0x7bb8b86f	255	138	102
23	5	4	5	3157	2546	82.4531	0x77786114	255	159	99
23	5	4	6	3157	2559	82.2734	0x710eefe0	255	126	156
23	5	4	7	3156	2560	81.7891	0x7dfda09e	255	121	114
23	5	4	8	3157	2560	81.2969	0x70bb11c8	255	184	113
23	5	4	9	3158	2544	81.4141	0x71359155	255	167	87
23	5	4	10	3158	2545	81.7578	0x7235e147	255	166	88
23	5	4	11	3158	2546	82.0859	0x7376693a	255	163	92
23	5	4	12	3157	2547	82.6328	0x79b8f0da	255	153	99
23	5	4	13	3158	2547	82.3906	0x76b6f0f8	255	157	92
23	5	4	14	3158	2559	82.2656	0x6413f00c	255	128	174
23	5	4	15	3158	2560	80.7891	0x6cf951ee	255	148	172
23	5	4	16	3159	2544	81.1016	0x73b50902	255	157	84
23	5	4	17	3159	2545	81.4609	0x74f570f0	255	155	85
23	5	4	18	3159	2546	81.8047	0x7635d8de	255	152	87
23	5	4	19	3159	2547	82.1328	0x777660c8	255	150	89
23	5	4	20	3159	2559	82.25	0x56978ff8	255	127	173
23	5	4	21	3159	2560	80.1875	0x7ac438f8	255	140	142
23	5	4	22	3160	2544	80.8906	0x74f480bc	255	149	81
23	5	4	23	3160	2545	81.2734	0x75f4c8a5	255	146	83
23	5	4	24	3160	2546	81.6406	0x7735308a	255	143	84
23	5	4	25	3161	2544	80.7266	0x7433c8ad	255	147	79
23	5	4	26	3161	2545	81.1328	0x75341896	255	144	80
23	5	4	27	3162	2544	80.5469	0x72f338c0	255	149	77
23	5	4	28	3162	2545	80.9766	0x73f380a5	255	146	78
23	5	4	29	3163	2544	80.3438	0x72727896	255	143	73
23	5	4	30	3163	2545	80.8047	0x72f2c09a	255	143	75
23	5	4	31	3164	2544	80.25	0x70731102	255	149	74
23	5	4	32	3164	2545	80.6719	0x70f2b0dd	255	150	75
23	5	4	33	3164	2546	81.1719	0x70b208b8	255	144	72
23	5	4	34	3165	2544	79.8203	0x64b211be	255	178	75
23	5	4	35	3165	2545	80.3594	0x66712984	255	171	72
23	5	4	36	3165	2546	80.8906	0x68313969	255	166	70
23	5	4	37	3165	2547	81.4219	0x6bf21943	255	162	72
23	5	4	38	3164	2547	81.6484	0x7232488a	255	139	72
23	5	4	39	3164	2548	82.125	0x73f3007f	255	133	76
23	5	4	40	3165	2548	81.8672	0x6df2411a	255	159	74
23	5	4	41	3165	2549	82.3828	0x6d317101	255	152	72
23	5	4	42	3164	2549	82.5391	0x75336044	255	131	77
23	5	4	43	3164	2550	82.9844	0x75734810	255	127	76
23	5	4	44	3165	2550	82.8984	0x6f3198cf	255	146	70
23	5	4	45	3166	2544	79.2578	0x5d3079f1	255	185	72
23	5	4	46	3166	2545	79.8359	0x5df089e7	255	183	70
23	5	4	47	3166	2546	80.4062	0x61f081b1	255	177	68
23	5	4	48	3166	2547	80.9766	0x6370799b	255	173	68
23	5	4	49	3166	2548	81.5469	0x68b17969	255	168	72
23	5	4	50	3166	2549	82.0156	0x6a319953	255	165	72
23	5	4	51	3166	2550	82.5703	0x6a30911d	255	159	67
23	5	4	52	3165	2551	83.3984	0x7473688a	255	134	81
23	5	4	53	3166	2551	83.1328	0x6c30f101	255	156	68
23	5	4	54	3166	2552	83.6484	0x71b248a9	255	142	77
23	5	4	55	3167	2544	78.6641	0x6570997e	255	166	67
23	5	4	56	3167	2545	79.2344	0x622f417c	255	163	62
23	5	4	57	3167	2546	79.9297	0x646ef144	255	159	60
23	5	4	58	3167	2547	80.5234	0x67f00934	255	158	64
23	5	4	59	3167	2548	81.1016	0x68f04127	255	156	65
23	5	4	60	3167	2549	81.6719	0x6aef88c7	255	146	62
23	5	4	61	3167	2550	82.3125	0x6b6f98b8	255	145	62
23	5	4	62	3167	2551	82.875	0x6df088ad	255	143	65
23	5	4	63	3168	2544	78.4375	0x6e70003c	255	129	63
23	5	4	64	3168	2545	79.0156	0x6b6eb01c	255	128	58
23	5	4	65	3168	2546	79.7266	0x6aae6020	255	128	57
23	5	4	66	3168	2547	80.3359	0x6d6f7014	255	128	61
23	5	4	67	3168	2548	80.9375	0x6baec000	255	127	59
23	6	0	0	3155	2559	82.0312	0x77c98f4b	0	103	158
23	6	0	1	3156	2559	82.2031	0x7a883f85	0	113	154
23	6	0	2	3156	2560	81.7891	0x7dfda09e	255	121	114
23	6	0	3	3155	2560	81.6094	0x74babe80	0	87	116
23	6	0	4	3157	2559	82.2734	0x710eefe0	0	126	156
23	6	0	5	3157	2560	81.2969	0x70bb11c8	255	184	113
23	6	0	6	3158	2560	80.7891	0x6cf951ee	0	148	172
23	6	0	7	3163	2559	82.7109	0x4d16ce93	0	97	210
23	6	0	8	3162	2560	80.7266	0x708e475b	0	103	175
23	6	0	9	3163	2560	80.7812	0x7a05af0c	255	107	145
23	6	0	10	3164	2559	83.2109	0x4395f601	0	70	194
23	6	0	11	3164	2560	81.2188	0x678fcebb	255	95	169
23	6	0	12	3165	2559	83.9844	0x38578df1	0	72	193
23	6	0	13	3165	2560	81.4609	0x52d3762b	255	83	197
23	6	0	14	3166	2559	84.5859	0x4c570693	0	88	165
23	6	0	15	3166	2560	82.3125	0x4b535ddc	255	75	198
23	6	0	16	3167	2559	84.7812	0x59d63f63	0	102	149
23	6	0	17	3167	2560	82.8516	0x3fcf2d1b	0	37	162
