3ed17967aae0bb92	entry	1	12	00401067	
3475e6033c7d2b4b	FUN_004017b0	0	10	004017b0	CheckRequirements
2a42c04fed713e8f	FUN_00401b20	0	3	00401b20	Config_Release
c59321e9ef31a7a7	FUN_00401c00	0	13	00401c00	  was unable to access the hard disc. Lo
0c7d355865319266	FUN_00401f30	0	1	00401f30	full_build_version.txt
b5128323ebea4389	FUN_00401fe0	0	6	00401fe0	EBUEula
fdb27932a2af2453	FUN_00402130	0	9	00402130	TEXT_GUI_WINLOGO_ERROR_MY_DOCS_FOLDER_RE
411ac63f04a02dac	FUN_004023f0	0	3	004023f0	Fable - The Lost Chapters
abf9c652c69d0265	FUN_00402510	0	44	00402510	Data\CompiledDefs\
ae573ea313f6b28f	FUN_00403480	0	3	00403480	Global\Fable: The Lost Chapters
5095bacdcad3aa41	FUN_00403b10	0	4	00403b10	BBB GUID
065c81f183760c42	FUN_00403ff0	0	5	00403ff0	BFALSE
ffd0c6a3fcfdb79d	FUN_00405350	0	19	00405350	CancelOnOKClick
65ca9334530b54a1	FUN_004069e0	0	2	004069e0	Default
d7a26798a50dfe3a	FUN_00406a80	0	2	00406a80	<Empty Slot Name>
9230a87f0f60f5d2	FUN_00406ae0	0	1	00406ae0	TEXT_GUI_SAVE_MANUAL_SAVE_NAME
8325f66ee5d2b59c	FUN_00406c20	0	2	00406c20	AutoSave
dd85ae98285ebd07	FUN_00407e10	0	3	00407e10	AutoSave
0dba439ac75a621d	FUN_004083e0	0	1	004083e0	CONFIG_OPTIONS_DEFAULTS_DEF
2f0b7ccff1d43e93	FUN_004085f0	0	4	004085f0	FABLE_PC_CONTROL_SCHEME_GDD
a1019f80df04326b	FUN_00408820	0	2	00408820	FABLE_PC_CONTROL_SCHEME_GDD_WASD
b3606928c7ef6fec	FUN_00408a70	0	1	00408a70	_TITLE
70ba7cdd5e6c1572	FUN_00409730	0	3	00409730	FablePro
fbf29cb06b84a86c	FUN_00409fd0	0	43	00409fd0	Antialiasing
b3606928c7ef6fec	FUN_0040b790	0	1	0040b790	_TITLE
fc5da55acc5610b2	FUN_0040bca0	0	44	0040bca0	Antialiasing
7a4de03681200359	FUN_0040cec0	0	3	0040cec0	Default
45b8ea430dfee27e	FUN_0040e510	0	1	0040e510	Unable to find closing quote
45b8ea430dfee27e	FUN_0040e710	0	1	0040e710	Unable to find closing quote
8784ec426a4c5df9	FUN_0040f6b0	0	3	0040f6b0	
d93fb4bba5fc6dd3	FUN_0040f7e0	0	1	0040f7e0	Unable to find symbol 
3d94ad4734f97ab5	FUN_0040fa20	0	1	0040fa20	CActionInputControl
0ea6f18139a7f9d6	FUN_00410de0	0	3	00410de0	bitset
dc535b0272ba99ac	FUN_004112a0	0	3	004112a0	CActionInputControl
8784ec426a4c5df9	FUN_00411630	0	3	00411630	
32779d7020dbeb35	FUN_004138d0	0	4	004138d0	build_retail_static_maps
ca871310525064a7	FUN_00413c50	0	28	00413c50	AllowDataGeneration
e0c04930e39ad1a0	FUN_00415070	0	8	00415070	TEXT_CHINESE_MAIN
e0c04930e39ad1a0	FUN_00415260	0	8	00415260	TEXT_CHINESE_MAIN
e29ce46eadef492f	FUN_00415350	0	8	00415350	FONT_CHINESE_MAIN
866b0edbfcac0306	FUN_00415440	0	8	00415440	STREAMING_FONT_CHINESE_PC
bd5a33b0730e58de	FUN_00415550	0	8	00415550	CHINESE_SOUND_SETUP
d57210653b92245e	FUN_00415640	0	8	00415640	UI_LOCALE_GRAPHICS_ENGLISH
7c7fedcc15c2b01b	FUN_00415e85	0	4	00415e85	Mem use log at 
b11d8cd291575da7	FUN_004168dc	0	2	004168dc	ENG_ARIAL_18
c2a73ad66edb916c	FUN_00416953	0	4	00416953	Activate Initial Quests
095020ddaa496fcc	FUN_00416c8a	0	3	00416c8a	GBANK_MAIN
e9400478411a09ac	FUN_0041735a	0	2	0041735a	Init World Init
b2ba4c4e7caa88ae	FUN_00417418	0	2	00417418	Init Display Engine: Calling Init
0e3c33990fcfae6e	FUN_004174f1	0	2	004174f1	PARTICLE_MAIN
2b9f2c22382fe95b	FUN_00417568	0	1	00417568	Nearest supported resolution is (%d,%d,%
06344a48d12b85c9	FUN_00417a58	0	12	00417a58	.lug
dda87fc4c6a00709	FUN_004184bd	0	17	004184bd	Adding Console Variables
fc346f1a18e36091	FUN_00419d90	0	3	00419d90	ActivateQuest
b4037a54b6e2933b	FUN_0041a060	0	1	0041a060	Data\Levels\
d5b0ca5bff77e8d2	FUN_0041a100	0	1	0041a100	Data\Graphics\
32899f1178751403	FUN_0041a1c0	0	1	0041a1c0	Data\Meshes\
394521420feb4e1e	FUN_0041a1e0	0	1	0041a1e0	Data\Shaders\
39254b2756074b42	FUN_0041a200	0	1	0041a200	Data\EngineCache\
8427e551119d6605	FUN_0041a220	0	2	0041a220	\Microsoft\Fable\
b4037a54b6e2933b	FUN_0041a410	0	1	0041a410	Data\Levels\
485bbfbac82de9d1	FUN_0041a4c0	0	1	0041a4c0	My Games\Fable\
dcb2a28a9a9d752d	FUN_0041a4f0	0	2	0041a4f0	My Games\Fable\
dcb2a28a9a9d752d	FUN_0041a540	0	2	0041a540	My Games\Fable\
cf88aaacb9990fc0	FUN_0041a5b0	0	2	0041a5b0	My Games\Fable\
19f026d0bf6d2f46	FUN_0041a600	0	2	0041a600	My Games\Fable\
c049d188fe825d3c	FUN_0041a650	0	2	0041a650	My Games\Fable\
ccf6b60a963e00ab	FUN_0041a6a0	0	1	0041a6a0	Data\Tattoos\
fa07656ff97d6a95	FUN_0041afa0	0	3	0041afa0	
2a63806ad76b42e5	FUN_0041d98a	0	1	0041d98a	UI_ICONS_DEF
b098f0aa7ce8a3ea	FUN_0041db84	0	5	0041db84	TEXT_GUI_CONTROLLER_DISCONNECT
dbcc637c038e973a	FUN_0041e3f6	0	2	0041e3f6	GBANK_FRONT_END
eedb17cec1f2811e	FUN_00427216	0	18	00427216	PC_TICK_SLIDER
73981c477fe6414f	FUN_00427dc9	0	4	00427dc9	UI_LEVEL_SLIDER
a19cdef6dde9eb0b	FUN_00427f31	0	3	00427f31	UI_STATIC_SLIDER_BUTTON
cf80393510b2f8d5	FUN_0042819a	0	4	0042819a	UI_STATIC_SLIDER_BIDIRECTIONAL_BUTTON
ac7dfaa493931c31	FUN_00428494	0	3	00428494	MENU_ENTRY_TEXT
e2c5c53d6bb5e852	FUN_0042af9e	0	1	0042af9e	CObjectAugmentationsDef
5520e7519de1e592	FUN_0042b0a2	0	1	0042b0a2	CAppearanceDef
e058129f30fe5393	FUN_0042b248	0	1	0042b248	CAugmentationDef
6e6a99f87f6e0920	FUN_0042ddb3	0	1	0042ddb3	GBANK_FRONT_END
4f56108384c732db	FUN_0042e17c	0	2	0042e17c	data\sound\frontend.lug
c21c6d33171eb520	FUN_0042f5a9	0	6	0042f5a9	CONTROL_SCHEME
fa44b48005db5a25	FUN_004336bc	0	19	004336bc	CONFIG_OPTIONS_DEFAULTS_DEF
f4225a0ef50120fa	FUN_004350d0	0	3	004350d0	Init Display Engine: Init Engine
6ab87a4369ab914c	FUN_00435190	0	4	00435190	ENGINE
df92647ab434a50a	FUN_00435530	0	8	00435530	.tga
8784ec426a4c5df9	FUN_00436ac0	0	3	00436ac0	
64f09cbebf8de05c	FUN_00438570	0	1	00438570	PLAYER_GUI_PC
64f09cbebf8de05c	FUN_00438770	0	1	00438770	PLAYER_GUI_PC
64f09cbebf8de05c	FUN_004387f0	0	1	004387f0	PLAYER_GUI_PC
64f09cbebf8de05c	FUN_00438990	0	1	00438990	PLAYER_GUI_PC
64f09cbebf8de05c	FUN_00438a20	0	1	00438a20	PLAYER_GUI_PC
f7e9d888a4e5a915	FUN_00438aa0	0	3	00438aa0	PLAYER_GUI_PC
64f09cbebf8de05c	FUN_00439070	0	1	00439070	PLAYER_GUI_PC
ab6375cd73c5fd23	FUN_00439bb0	0	1	00439bb0	GOLD_PAYMENT
747058c4ab75ec1e	FUN_0043a080	0	2	0043a080	PLAYER_GUI_PC
64f09cbebf8de05c	FUN_0043a380	0	1	0043a380	PLAYER_GUI_PC
2f997f90c23f9c95	FUN_0043b570	0	5	0043b570	PLAYER_GUI_PC
8784ec426a4c5df9	FUN_004408a0	0	3	004408a0	
8784ec426a4c5df9	FUN_00440990	0	3	00440990	
4d5bb0b90a658420	FUN_00446720	0	25	00446720	Assigned to Xbox pad - bugger
9080372c4f7d9a28	FUN_00446ef0	0	3	00446ef0	
91f5edf9d53e639a	FUN_00449730	0	4	00449730	COOP_SPIRIT_PLAYER_FOUR
7dab0972104c7523	FUN_004497e0	0	3	004497e0	PLAYER_HERO
ff5ece3bfeebf1a2	FUN_00449d90	0	2	00449d90	CREATURE_HERO
01e765d157765d02	FUN_00449e60	0	2	00449e60	PlayerCharacterUID
01e765d157765d02	FUN_00449f90	0	2	00449f90	PlayerCharacterUID
d8fed4273228c21f	FUN_0044a3b0	0	4	0044a3b0	hero_swap_1.tng
8784ec426a4c5df9	FUN_0044be80	0	3	0044be80	
7d7d1091aef7076e	FUN_0044c72b	0	137	0044c72b	*.def
342802ac2e88f5ba	FUN_00454b8e	0	4	00454b8e	HasWeatherMask
805009b1ec6d199c	FUN_0045912f	0	5	0045912f	Electrocutable
a46124b3d76b983e	FUN_0046329e	0	1	0046329e	AtmosGroupMap
0bafe08e4974724d	FUN_00463334	0	3	00463334	Unable to find opening bracket.
8784ec426a4c5df9	FUN_00464ace	0	3	00464ace	
8784ec426a4c5df9	FUN_00467831	0	3	00467831	
73d16860238cda5c	FUN_0046a9ce	0	3	0046a9ce	AtmosListenerDampingMin
d7b054494f54696c	FUN_004736c4	0	3	004736c4	GameActionValues
0bafe08e4974724d	FUN_00475026	0	3	00475026	Unable to find opening bracket.
0bafe08e4974724d	FUN_0047550f	0	3	0047550f	Unable to find opening bracket.
740496c57296b5c1	FUN_0047769e	0	8	0047769e	AlphaIsBoolean
42ebadc8e45efd13	FUN_00478ee2	0	11	00478ee2	AllowIndirectReactWhileCarrying
89c32bfdf762047a	FUN_0047a8e0	0	1	0047a8e0	This quest objective has no description!
9493c563a1124881	FUN_0047bf90	0	1	0047bf90	No description yet
f12173985015ef51	FUN_0047d012	0	1	0047d012	PC_OK_GAME_OKBUTTON
56bf6f6f168264a6	FUN_0047d296	0	2	0047d296	PC_YESNO_GAME_NOBUTTON
234184661153becb	FUN_0047d483	0	2	0047d483	UI_AUDIO_OPTIONS_LIST
f9cf716815147fed	FUN_0047d537	0	1	0047d537	UI_QUIT_LIST
3753ad38be7f5aa7	FUN_0047d648	0	1	0047d648	UI_MENU_ENTRY_LOAD_CONFIRM
ff65de1fedc1a7bc	FUN_0047d6f2	0	1	0047d6f2	COMPONENT_SAVE
f12173985015ef51	FUN_0047da50	0	1	0047da50	PC_OK_GAME_OKBUTTON
56bf6f6f168264a6	FUN_0047dc69	0	2	0047dc69	PC_YESNO_GAME_NOBUTTON
56bf6f6f168264a6	FUN_0047dd9d	0	2	0047dd9d	PC_YESNO_GAME_NOBUTTON
7c216d473089b5b5	FUN_0047e196	0	6	0047e196	Manual - 
bae1e2e039ee18a6	FUN_0047e651	0	5	0047e651	PC_DIALOG_GAME_OPTIONS_CHANGED
4a6ac6b1c9d07480	FUN_0047e9ae	0	4	0047e9ae	PC_GAME_OPTIONS_CHANGED_TEXT
d4a44b918afbe7d5	FUN_0047ed76	0	2	0047ed76	PC_SAVE_IN_PROGRESS_DIALOG
9ee558d848638810	FUN_0047eee4	0	3	0047eee4	TEXT_GUI_MENU_INVALID_SAVE
80b6b616cfd49bd7	FUN_0047f30f	0	3	0047f30f	PC_DIALOG_GAME_OPTIONS_NOT_ACCEPTED
3bd3d424f602532f	FUN_0047f58b	0	25	0047f58b	CreatureGenerationDisabledGroups
3f54f0b7d673ced4	FUN_004804de	0	50	004804de	COMPONENT_SAVE
361903dc943474ed	FUN_004830a1	0	62	004830a1	COMPONENT_SAVE
cbd4aefff2d95253	FUN_00487570	0	3	00487570	CameraPos
92a862f9640e03f6	FUN_00488b20	0	2	00488b20	*** WARNING : failed to find a holy site
a05f36ab4309f840	FUN_00489d40	0	1	00489d40	CPlayer::CreateCharacter
7a380bd34912d2ac	FUN_0048a070	0	1	0048a070	CPlayer::InitCharacterAs
8784ec426a4c5df9	FUN_0048d0d0	0	3	0048d0d0	
4331e5fa3c30aaed	FUN_0048df77	0	2	0048df77	TEXT_GUI_CONTROLLER_LEFT
743d5a249ab60fb7	FUN_0048f7c0	0	1	0048f7c0	TEXT_GUI_NEXT
42ce01e3b656b04e	FUN_0048f881	0	1	0048f881	TEXT_GUI_SKIP_SCENE
81eb0118550f8bea	FUN_0048f939	0	4	0048f939	TEXT_GUI_CANCEL
06a2264743d90bf9	FUN_00490be0	0	25	00490be0	BACK
808cd56906387183	FUN_0049124e	0	3	0049124e	GAME_ACTION_MOVEMENT_
e1ba6a7694b2d9fd	FUN_00491ad2	0	3	00491ad2	
4f8333158f0624ef	FUN_00494840	0	2	00494840	ENG_ARIAL_16
76891736cf391175	FUN_00494900	0	16	00494900	0 - See more profiles
4e25911ca5fdc209	FUN_004959e0	0	5	004959e0	*.bin
ff4f461d6086e808	FUN_00498490	0	5	00498490	A - 
4f8333158f0624ef	FUN_00499aad	0	2	00499aad	ENG_ARIAL_16
50c46aa58f69c4d4	FUN_00499d90	0	1	00499d90	Stopping progress display
8784ec426a4c5df9	FUN_0049c370	0	3	0049c370	
e9786d57059d5e4e	FUN_0049d450	0	1	0049d450	CTCTargetingPlayer
da22936cae50a08f	FUN_0049d550	0	4	0049d550	.stb
d79b386103d43565	FUN_0049d6b0	0	4	0049d6b0	.ism
e251d81f4bd7f461	FUN_0049e620	0	4	0049e620	MBANK_ALLMESHES
6a540c3a1a96c183	FUN_0049ef50	0	3	0049ef50	U:\*
86ab88fdcf536aa0	FUN_0049f180	0	3	0049f180	Init Characters
a5c15ba8b4ea2934	FUN_0049f4c0	0	30	0049f4c0	CreatureGenerationDisabledGroups
7f6405fb8ed12e5c	FUN_004a0370	0	2	004a0370	TEXT_GUI_COLLECTABLE_RENT
ba65b70f9c917044	FUN_004a0d90	0	4	004a0d90	AddQuest
d17b3c2c9876c6a9	FUN_004a1840	0	8	004a1840	Data\Levels\GlobalQuests.qst
4db3a9a5c0af7234	Catch@004a1c41	1	1	004a1c41	Unable to load world %s
b2479fcf45033a09	FUN_004a21f0	0	33	004a21f0	.wld
79b1e84abb08110f	FUN_004a3740	0	12	004a3740	BIG_DOOR_SLAM_SHUT
790e950f04e1ba0e	FUN_004a5a40	0	1	004a5a40	Z:\game_crash_marker.dat
f677c5b26760dc11	FUN_004a6e30	0	27	004a6e30	Adding Console Commands
8784ec426a4c5df9	FUN_004ac530	0	3	004ac530	
8784ec426a4c5df9	FUN_004ac610	0	3	004ac610	
def916108ccc32b0	FUN_004af450	0	4	004af450	  START_NEW_MASTER_QUEST_DATA 
8784ec426a4c5df9	FUN_004b01b0	0	3	004b01b0	
8c161f983d250283	FUN_004b05c0	0	6	004b05c0	BoastCompleted
5b01b0eb06f09e5a	FUN_004b1d30	0	4	004b1d30	bitset
435966dad58566a7	FUN_004b26b0	0	3	004b26b0	
5f328ec87cdf4436	FUN_004b3ce0	0	4	004b3ce0	
cd1be8904db7754e	FUN_004b4260	0	2	004b4260	QuestManager: Activate Quest
5233e0bb3ec3e08a	FUN_004b5080	0	4	004b5080	END_NEW_MASTER_QUEST_DATA
521b10eb6aa3cef8	FUN_004b5500	0	16	004b5500	BETWEEN_START_AND_END_SCREEN_QUESTS
8ba66636be5cafbd	FUN_004b5ee0	0	16	004b5ee0	  START_ACTIVE_QUEST_CARDS  
8784ec426a4c5df9	FUN_004ba640	0	3	004ba640	
aca481e02a94cdbc	FUN_004c5d50	0	1	004c5d50	CTCGraphicAppearance
755fc41185968fb1	FUN_004c81f0	0	2	004c81f0	DefinitionType
7f9c01d14db1c8f0	FUN_004c8310	0	4	004c8310	bitset
5d9190b6c409a21d	FUN_004c88e0	0	2	004c88e0	DefinitionSubType
0ea6f18139a7f9d6	FUN_004c8fb0	0	3	004c8fb0	bitset
3086ef47fe679955	FUN_004c9120	0	5	004c9120	ScriptData "
7f9c01d14db1c8f0	FUN_004c9d60	0	4	004c9d60	bitset
0ea6f18139a7f9d6	FUN_004c9f60	0	3	004c9f60	bitset
6dbb0c4153f07a8e	FUN_004ca019	0	2	004ca019	CTCEditor
eff6a1b54f26497f	FUN_004ca230	0	1	004ca230	CreateTC
5699d572fb468211	FUN_004caa00	0	11	004caa00	CTCEditor
0ea6f18139a7f9d6	FUN_004cc090	0	3	004cc090	bitset
0ea6f18139a7f9d6	FUN_004cc0d0	0	3	004cc0d0	bitset
339afa1dc60671d9	FUN_004cd670	0	15	004cd670	CONVERSATION_ANGRY
c60a0f99e67ee8f4	FUN_004cdb10	0	1	004cdb10	misc_def_types.h
5cb51407cd011c09	FUN_004ce550	0	4	004ce550	ANIM:
4026184a2b750f09	FUN_004d2a74	0	1	004d2a74	CTCTargetingAI
96248a706c39db65	FUN_004d2b04	0	1	004d2b04	CTCActionUseTorch
aedbb56b2d07dde8	FUN_004d2b7a	0	1	004d2b7a	CTCActionUseSign
5a80e809ce436012	FUN_004d2b8d	0	1	004d2b8d	CTCActionUseReadable
5d0853fe76a99724	FUN_004d2ba0	0	1	004d2ba0	CTCActionUsePickUp
fdccff216b922230	FUN_004d2bb3	0	1	004d2bb3	CTCActionUsePickUpGenericBox
f56677347c5a171e	FUN_004d2bc6	0	1	004d2bc6	CTCActionUsePutInInventory
27cf693560ad916d	FUN_004d2bd9	0	1	004d2bd9	CTCActionUseMapTable
43b70290ed79fe13	FUN_004d2bec	0	1	004d2bec	CTCActionUseSearch
35323ffbd67ae212	FUN_004d2bff	0	1	004d2bff	CTCActionUseBlowHorn
c0126bb1f0b87651	FUN_004d2c2f	0	1	004d2c2f	CTCActionUseBuyOrSteal
c1a002e9690f7b79	FUN_004d2c42	0	1	004d2c42	CTCActionUseWindow
43aea86e69454d70	FUN_004d2c55	0	1	004d2c55	CTCActionUseAcceptBoast
16a3efbfe0d65c0d	FUN_004d2c68	0	1	004d2c68	CTCActionUseStartExtrapolationMorph
4bb3545d8f23a993	FUN_004d2c7b	0	1	004d2c7b	CTCActionUseBed
d3cf62be31950ede	FUN_004d2c8e	0	1	004d2c8e	CTCActionUseKickChicken
d8c9e1d307655f52	FUN_004d2ca1	0	1	004d2ca1	CTCCarriedActionUseLamp
28d37413e1c5ea44	FUN_004d2cb4	0	1	004d2cb4	CTCCarriedActionUseDrop
985f2c8bef7796e2	FUN_004d2cc7	0	1	004d2cc7	CTCCarriedActionUseDropGenericBox
7fa3d0cb83f86198	FUN_004d2cda	0	1	004d2cda	CTCCarriedActionUseGive
2b893d3e88a1faff	FUN_004d2ced	0	1	004d2ced	CTCCarriedActionUseGiveBeer
2cecca94041a56d8	FUN_004d2d00	0	1	004d2d00	CTCCarriedActionUseGoldBag
f1a248f2d90693de	FUN_004d2d13	0	1	004d2d13	CTCCarriedActionUseShow
89cdb1f65cf62c86	FUN_004d2d26	0	1	004d2d26	CTCCarriedActionUseFood
3d7f7daf24c52074	FUN_004d2d39	0	1	004d2d39	CTCCarriedActionUseFish
3d46a1d65ccc2c04	FUN_004d2d4c	0	1	004d2d4c	CTCCarriedActionUsePotion
07e9273afb83def8	FUN_004d2d5f	0	1	004d2d5f	CTCCarriedActionUseWallMount
2c6b8a2530ae09b3	FUN_004d2d72	0	1	004d2d72	CTCCarriedActionUseTrophy
eecc914229295753	FUN_004d2d85	0	1	004d2d85	CTCActionUseSwitch
085a50e72cb7361a	FUN_004d2dc8	0	1	004d2dc8	CTCUndeadSoul
e706638b7fa29bda	FUN_004d2e61	0	1	004d2e61	CTCQuestCard
c8f273119ee34644	FUN_004d2ea7	0	1	004d2ea7	CTCInventoryClothing
ca4568133aba2715	FUN_004d2f96	0	1	004d2f96	CTCHeroExperience
2695024cca841425	FUN_004d2fc9	0	1	004d2fc9	CTCHeroStats
1fe71af46eb75c8e	FUN_004d30db	0	1	004d30db	CTCInventoryItem
69597a6d3559b906	FUN_004d313b	0	1	004d313b	CTCScriptedControl
76a1405a8d1c9e8e	FUN_004d314e	0	1	004d314e	CTCMeshAutomaticEntityCreator
cae3558e4a0a12aa	FUN_004d318d	0	1	004d318d	CTCThingOwner
d7fd357fc0d5aebb	FUN_004d31d8	0	1	004d31d8	CTCVillageMember
87541950d3ff8b23	FUN_004d3208	0	1	004d3208	CTCBuyableHouse
da628457738591c6	FUN_004d3238	0	1	004d3238	CTCActionUseBuyHouse
0144a5b1a797ca13	FUN_004d327e	0	1	004d327e	CTCDummyVillager
17d200a99627ee16	FUN_004d336d	0	1	004d336d	CTCJackShield
cca303596c2a6aec	FUN_004d339d	0	1	004d339d	CTCJackPillar
c5e119141b47bf28	FUN_004d33f9	0	1	004d33f9	CTCSpotLight
f2da43f0ce02f77e	FUN_004d3498	0	1	004d3498	CTCWeatherVane
d443651bb200eb30	FUN_004d34da	0	1	004d34da	CTCSingleUserActionPoints
3c654dbc5b11a006	FUN_004d34ed	0	1	004d34ed	CTCNamedUserActionPoints
ad2544dd094d758d	FUN_004d3500	0	1	004d3500	CTCExclusiveUse
57b8be029e3257b6	FUN_004d3563	0	1	004d3563	CTCCreatureModeManager
114af32aafe8208c	FUN_004d3576	0	1	004d3576	CTCCreatedEntity
ca5ccd7f1fa8a75c	FUN_004d3589	0	1	004d3589	CTCOwnedEntity
6530d8f60513ee3b	FUN_004d35b9	0	1	004d35b9	CTCPerceiveThing
9cf59dd75a03c4d2	FUN_004d3780	0	1	004d3780	CTCGeneratedCreature
2eb89f39de228c2a	FUN_004d37b3	0	1	004d37b3	CTCCreatureGenerator
f3d367b459e407ca	FUN_004d37e3	0	1	004d37e3	CTCContainerRewardHero
1a40e7bc49559fe8	FUN_004d3844	0	1	004d3844	CTCActionUseChest
1ee55a291bd7b98c	FUN_004d3874	0	1	004d3874	CTCDiscovery
7ac657546fce3e73	FUN_004d38a4	0	1	004d38a4	CTCExplodingObject
2dec4e236394868e	FUN_004d38cd	0	1	004d38cd	CTCSearchableContainer
8c0e2c5315e39f9f	FUN_004d38e0	0	1	004d38e0	CTCEntityEvents
4f1e274d1f041220	FUN_004d3959	0	1	004d3959	CTCHeroRememberCrimes
dfbcd4c586c14ef2	FUN_004d39bc	0	1	004d39bc	CTCPhysicsRigidBody
dd6040f1307aa207	FUN_004d39cf	0	1	004d39cf	CTCDCameraPoint
f78edc7699cb48ad	FUN_004d39eb	0	1	004d39eb	CTCCameraPointBuilding
1818d8a52e653505	FUN_004d3a60	0	1	004d3a60	CTCCameraPointFixedPoint
c12322e859c1d969	FUN_004d3aa2	0	1	004d3aa2	CTCCameraPointFixedDolly
43833733d99decf3	FUN_004d3ae1	0	1	004d3ae1	CTCCameraPointTrack
f06a9702c0230513	FUN_004d3b2e	0	1	004d3b2e	CTCCameraPointGeneralCase
350f2093bf525341	FUN_004d3b8c	0	1	004d3b8c	CTCCameraPointDead
ac17f71b8e1ac812	FUN_004d3beb	0	1	004d3beb	CTCCameraPointScripted
41bf078d47339877	FUN_004d3c1e	0	1	004d3c1e	CTCCameraPointScriptedSpline
d0ff798f9865d468	FUN_004d3c4e	0	1	004d3c4e	CTCShapeManager
bd0f95e89305f2dc	FUN_004d3c7e	0	1	004d3c7e	CTCEmoteIcon
0baef1c6b0d467ff	FUN_004d3cde	0	1	004d3cde	CTCObjectAugmentations
0aecfcb1cb941b2b	FUN_004d3cfb	0	1	004d3cfb	CTCCarryable
5e3dfb9d90155801	FUN_004d3dfc	0	1	004d3dfc	CTCDParticleEmitter
631c3e2bc2ad1ea1	FUN_004d3e30	0	1	004d3e30	CTCWeaponTrail
fe5b3f97b641483f	FUN_004d3e60	0	1	004d3e60	CTCSolidToThing
4c9297503f5e915c	FUN_004d3e73	0	1	004d3e73	CTCSmashableWindow
81afae74e487642d	FUN_004d3e86	0	1	004d3e86	CTCSmashableBarrier
fdaace9afb867678	FUN_004d3eb6	0	1	004d3eb6	CTCDegradableBarrier
c4b3a512aaa7eb9f	FUN_004d3ee6	0	1	004d3ee6	CTCThingUIDDummyForSerialisation
3120f3d21ad47364	FUN_004d3f70	0	1	004d3f70	CTCHeroOpinionDeedLog
b4f7ec7a307a77d4	FUN_004d3fbd	0	1	004d3fbd	CTCCreatureOpinionOfHero
ff22ff68596ea46a	FUN_004d3ff0	0	1	004d3ff0	CTCOpinionSource
b94d0d503e54d45a	FUN_004d4020	0	1	004d4020	CTCHeroPodium
cd847978b0cb6a5d	FUN_004d40ac	0	1	004d40ac	CTCBlacksmiths
7cb853dc91f379ad	FUN_004d40eb	0	1	004d40eb	CTCStockItem
8caa92d1e9de4fff	FUN_004d41cc	0	1	004d41cc	CTCFamilyMember
33610b88800cd771	FUN_004d41df	0	1	004d41df	CTCDNavigationSeed
2a867f7dac133bab	FUN_004d4232	0	1	004d4232	CTCDHeroSuit
059cfe2d0721aa78	FUN_004d4249	0	1	004d4249	CTCDInternalMarker
b671337765961b4a	FUN_004d429b	0	1	004d429b	CTCDRegionEntrance
7f9c8a37cd68483a	FUN_004d430f	0	1	004d430f	CTCDRegionExit
36711c8e41a9e930	FUN_004d4326	0	1	004d4326	CTCActivationReceptorChest
74ecfdf56ae7c1b8	FUN_004d4339	0	1	004d4339	CTCActivationReceptorCreatureGenerator
5c6bb4e15d9e858b	FUN_004d4369	0	1	004d4369	CTCDExperienceOrb
e429fd82064e5a4e	FUN_004d4380	0	1	004d4380	CTCActivationReceptorDoor
ae32fb605a3bc3ce	FUN_004d4393	0	1	004d4393	CTCActivationReceptorRelay
0ae6751a2a16bb23	FUN_004d43a6	0	1	004d43a6	CTCActivationTrigger
ad5d762982095822	FUN_004d4415	0	1	004d4415	CTCGraphicAppearanceAnimatedMesh
9f542b631a50dde0	FUN_004d4445	0	1	004d4445	CTCGraphicAppearanceStaticMesh
8f210cd553c3dd51	FUN_004d4475	0	1	004d4475	CTCGraphicAppearanceStaticMeshFadeOutOnP
6875604558c1954f	FUN_004d44a5	0	1	004d44a5	CTCGraphicAppearanceSprite
adb393baf23c6200	FUN_004d44d5	0	1	004d44d5	CTCAnimationComplex
aca481e02a94cdbc	FUN_004d4505	0	1	004d4505	CTCGraphicAppearance
dc71a5827874e131	FUN_004d4535	0	1	004d4535	CTCHeroAttachableAppearanceModifiers
71bb8f1a7ef902eb	FUN_004d458e	0	1	004d458e	CTCCreatureItemLevitationNymph
c226db2ed3be651b	FUN_004d45a1	0	1	004d45a1	CTCCreatureItemLevitationHero
9414a6baef1509d6	FUN_004d45b4	0	1	004d45b4	CTCCreatureHive
bd310cd7b3862027	FUN_004d4617	0	1	004d4617	CTCHeroCentre
80bbe9fcbd7d5170	FUN_004d465d	0	1	004d465d	CTCHeroCentreDoorMarker
6eb69ad05608a1ae	FUN_004d468d	0	1	004d468d	CTCHeroGuide
fc0b839c34b1a82c	FUN_004d46bd	0	1	004d46bd	CTCFlammable
a578ddbd584122f5	FUN_004d46d0	0	1	004d46d0	CTCBoastingPodium
44695b5ff8341d2c	FUN_004d4716	0	1	004d4716	CTCBoastingPosition
32bcf2df24fbd1bb	FUN_004d4746	0	1	004d4746	CTCBoastingArea
5ac5dcf746c3411e	FUN_004d4776	0	1	004d4776	CTCBoastingCrowdControl
e86293c04546c3a7	FUN_004d4789	0	1	004d4789	CTCCreatureGroup
96142110c54a034b	FUN_004d47b9	0	1	004d47b9	CTCCreatureGroupBoastingCrowd
815cfd1ad4e39b05	FUN_004d47e9	0	1	004d47e9	CTCVolumeContainmentTracker
575bcd0ddc3acd59	FUN_004d4819	0	1	004d4819	CTCSkeletalMorph
8ccde4747e74548f	FUN_004d482c	0	1	004d482c	CTCSwitchableNavigation
b05ed26829145b57	FUN_004d48ee	0	1	004d48ee	CTCRegionFollower
b451de4076ae9169	FUN_004d4901	0	1	004d4901	CTCGatherPointBuilding
1025ebe2bed0d128	FUN_004d4914	0	1	004d4914	CTCGatherPointRadialArea
c3a2c550a411bc33	FUN_004d4944	0	1	004d4944	CTCDayOrNightOnlySupport
7cd44132741767ee	FUN_004d4974	0	1	004d4974	CTCProjectileTrap
13cfea5fe798bced	FUN_004d49a4	0	1	004d49a4	CTCMeleeTrap
5ec8b6e728f79f92	FUN_004d49b7	0	1	004d49b7	CTCHitLocations
b3017445816e8c94	FUN_004d49ca	0	1	004d49ca	CTCMoneyReceiver
a9ebaa89d05c90c0	FUN_004d4a30	0	1	004d4a30	CTCHeroRangedAttacks
b8cd151c5c420d55	FUN_004d4a43	0	1	004d4a43	CTCParticleAttacher
81ad55ea8cc44ccf	FUN_004d4a56	0	1	004d4a56	CTCAnimatingObject
7762edb24b12512e	FUN_004d4ab9	0	1	004d4ab9	CTCDivineWrath
157acb4113e3e3c8	FUN_004d4aec	0	1	004d4aec	CTCUnholyPower
3be756d3d31ebb64	FUN_004d4b2f	0	1	004d4b2f	CTCForcePushed
2dd2ca5b03ff0615	FUN_004d4b5f	0	1	004d4b5f	CTCRegionDisplay
d0f872b00c03839c	FUN_004d4b72	0	1	004d4b72	CTCExpression
e80037343270388b	FUN_004d4b9b	0	1	004d4b9b	CTCCarriedActionUseExpression
d99067276d7796ae	FUN_004d4bcb	0	1	004d4bcb	CTCShopKeeper
eb32ebbf76d5e77a	FUN_004d4bfb	0	1	004d4bfb	CTCSummonSpell
b836cbd8c14abb32	FUN_004d4c2b	0	1	004d4c2b	CTCSummonableCreature
4b68f74eece997c3	FUN_004d4c75	0	1	004d4c75	CTCBulletTime
5af3d04910323b59	FUN_004d4ca5	0	1	004d4ca5	CTCPhysicalShieldSpell
b0fcd5237449af9f	FUN_004d4cd8	0	1	004d4cd8	CTCWillLightning
4e4785c7afa6bd52	FUN_004d4d08	0	1	004d4d08	CTCWillEnflame
d29ebe1eb701d702	FUN_004d4d38	0	1	004d4d38	CTCForcePushPower
6879fa2811e5aad3	FUN_004d4d4b	0	1	004d4d4b	CTCPreCalculatedNavigationRoute
d81d9ef3c8dfeab6	FUN_004d4d5e	0	1	004d4d5e	CTCCreatureGroupTag
b2a0355a52244980	FUN_004d4d8e	0	1	004d4d8e	CTCGraphicAppearanceReplaceableMesh
092c5c433669054f	FUN_004d4dc1	0	1	004d4dc1	CTCBattleCharge
bf826cb8454a5843	FUN_004d4df4	0	1	004d4df4	CTCAssassinRush
95790303008bb263	FUN_004d4e40	0	1	004d4e40	CTCAIScratchpad
390c520bff2f250c	FUN_004d4e53	0	1	004d4e53	CTCSinglePersonOccupiable
0778786669c8d0d9	FUN_004d4ec9	0	1	004d4ec9	CTCRockTrollShield
a84f2b2300026c3c	FUN_004d4edc	0	1	004d4edc	CTCCombatLeader
587ee0d18c4a74f9	FUN_004d4f3e	0	1	004d4f3e	CTCFishingSpot
657c62c3828ecf89	FUN_004d4f81	0	1	004d4f81	CTCStealableItemLocation
241f80eb6fe86161	FUN_004d4fea	0	1	004d4fea	CTCInterestingToVillagers
a5bfdc9bff21ceda	FUN_004d5043	0	1	004d5043	CTCCarriedActionUseActivateQuest
40fe15a386824c6a	FUN_004d508d	0	1	004d508d	CTCWaterWader
dad723ab6806a38d	FUN_004d50d3	0	1	004d50d3	CTCCrateStack
d0d4386f4eee2796	FUN_004d5103	0	1	004d5103	CTCOverheadDisplay
dc6fb32e0b8462cf	FUN_004d515f	0	1	004d515f	CTCTavernTable
7bbda98140bf7e0b	FUN_004d518f	0	1	004d518f	CTCTavernBar
c8ac2f1aed920079	FUN_004d51a2	0	1	004d51a2	CTCTavernTankard
872baa9bd140af83	FUN_004d51b5	0	1	004d51b5	CTCTavernJug
82452cc9da6d3532	FUN_004d5292	0	1	004d5292	CTCTrespassable
af0cd5f5867bc367	FUN_004d52c2	0	1	004d52c2	CTCTrespasser
b2b8e6ff4aef5ce5	FUN_004d531b	0	1	004d531b	CTCDrunkenness
706c01949eede9a6	FUN_004d532e	0	1	004d532e	CTCOnHeroPush
c078626b1f37c4df	FUN_004d53a8	0	1	004d53a8	CTCShotDefinitionProjectile
e8ff53a3d72ce262	FUN_004d53db	0	1	004d53db	CTCShotDefinitionMultiArrow
22dbb9a8b25cd687	FUN_004d53ee	0	1	004d53ee	CTCShotDefinitionSpreadShotProjectile
f627c20e98e6ea02	FUN_004d5401	0	1	004d5401	CTCShotDefinitionNymphFun
6845b9a69d8fc746	FUN_004d5434	0	1	004d5434	CTCShotDefinitionQueenHornetShot
58eee1a33875a9f5	FUN_004d5447	0	1	004d5447	CTCShotDefinitionThrow
90c1855894a261ec	FUN_004d549f	0	1	004d549f	CTCShotDefinitionThrowPredictive
f011744fe945b73e	FUN_004d54da	0	1	004d54da	CTCShotDefinitionProjectilePredictive
9f83b699f76be0ce	FUN_004d54ed	0	1	004d54ed	CTCShotDefinitionTearInGround
026baea1bcc2a642	FUN_004d5529	0	1	004d5529	CTCShotDefinitionForcePushBall
df1f1f38c3fa828c	FUN_004d553c	0	1	004d553c	CTCShotDefinitionFireballSpell
5ccd71e710cb2bec	FUN_004d554f	0	1	004d554f	CTCShotDefinitionDrainLife
62330880ab765253	FUN_004d5562	0	1	004d5562	CTCShotDefinitionDragonFireball
55a1f3536b6b9541	FUN_004d55bd	0	1	004d55bd	CTCInGameMenu
a9a4ecbe2333c00c	FUN_004d55ed	0	1	004d55ed	CTCCoopSpirit
be0067cebb1913c5	FUN_004d561d	0	1	004d561d	CTCDrainLife
609905fb5b28cbc0	FUN_004d567d	0	1	004d567d	CTCGhostSword
6faa931bee4332cf	FUN_004d56b0	0	1	004d56b0	CTCTurncoatSpell
d1aaa5e7bfc1f9f3	FUN_004d5710	0	1	004d5710	CTCHitOnCollision
3896a7857b58f914	FUN_004d5743	0	1	004d5743	CTCFireballSpell
b76696a987d1ec14	FUN_004d5756	0	1	004d5756	CTCGeneratesExperienceOnKilling
d0f3c555e0b90022	FUN_004d57b4	0	1	004d57b4	CTCCreatureGeneratorCreator
384a2c9a5785488f	FUN_004d57e7	0	1	004d57e7	CTCHeroReceiveItems
aa01e73b02319c20	FUN_004d57fa	0	1	004d57fa	CTCActionUseActivateQuest
11c3aeeffd2d7ec9	FUN_004d5853	0	1	004d5853	CTCTargetingSpirit
4b7a5a0117e8c68f	FUN_004d5883	0	1	004d5883	CTCMultiArrow
98970d1af4789dd8	FUN_004d58b3	0	1	004d58b3	CTCMultiStrike
24a391b7c2251610	FUN_004d58e3	0	1	004d58e3	CTCBurntEffect
0a8a36bf55258f19	FUN_004d5913	0	1	004d5913	CTCElectrocutedEffect
4d32ff9a068fa746	FUN_004d5943	0	1	004d5943	CTCCreatureTintEffect
997b37cfd1334d66	FUN_004d5956	0	1	004d5956	CTCCreatureHitNotification
26709dd35ed7f672	FUN_004d59b5	0	1	004d59b5	CTCTavernGameShoveHaPenny
7c4e6f62cc319f05	FUN_004d59fe	0	1	004d59fe	CTCTavernGameCoinGolf
10f8ae00ad1fe676	FUN_004d5a31	0	1	004d5a31	CTCTavernGameCardSorting
992345e2c5b099d3	FUN_004d5a64	0	1	004d5a64	CTCTavernGameCardPairs
1a74ed4e92f10ad5	FUN_004d5a97	0	1	004d5a97	CTCTavernGameSpotTheAddition
4be930ed9aa7bf95	FUN_004d5aca	0	1	004d5aca	CTCTavernGameCardBlackjack
d002d7f9abdd479f	FUN_004d5add	0	1	004d5add	CTCGamePlayer
9a14eb8068b38f05	FUN_004d5af0	0	1	004d5af0	CTCDecapitation
24ecc1dc019e556f	FUN_004d5b19	0	1	004d5b19	CTCTavernGameMaster
ed9fc73c1667678c	FUN_004d5b5e	0	1	004d5b5e	CTCParticleAttachmentTracker
63c88daab2051c64	FUN_004d5b8e	0	1	004d5b8e	CTCCreatureFlyOnSpline
7ebe37c5ab09fec7	FUN_004d5bbe	0	1	004d5bbe	CTCCreatureFlyInCircles
52aa30eb5cc5b652	FUN_004d5bee	0	1	004d5bee	CTCWallMount
9e7952e2aaf7a00d	FUN_004d5c1e	0	1	004d5c1e	CTCWallMountEffects
3b4dea77da71ffef	FUN_004d5caa	0	1	004d5caa	CTCTeleporter
6158ae8b6d1bfa23	FUN_004d5cd3	0	1	004d5cd3	CTCActionUseWallMount
045871287a1a0849	FUN_004d5ce6	0	1	004d5ce6	CTCDExplosion
64d214a7c1992155	FUN_004d5cfd	0	1	004d5cfd	CTCCarriedActionUseFishingRod
557dc15b539ba0b3	FUN_004d5d10	0	1	004d5d10	CTCCarriedActionUseSpade
b5b02bd5c266fb7c	FUN_004d5d40	0	1	004d5d40	CTCHeroSpecialMovement
90c6f462bbbc8ccf	FUN_004d5d70	0	1	004d5d70	CTCEffectOnDie
063f44f319986f10	FUN_004d5d99	0	1	004d5d99	CTCResurrectionItem
64c2ffa75933a1b4	FUN_004d5deb	0	1	004d5deb	CTCKrakenTentacle
eb14057d7bb60845	FUN_004d5e31	0	1	004d5e31	CTCAICreatureWillPowerIndicator
e2ec56e2bcf34053	FUN_004d5e61	0	1	004d5e61	CTCGraphicAppearanceMultipleStaticMeshes
d898fb5521f257d5	FUN_004d5e91	0	1	004d5e91	CTCInfoDisplay
34eaefb36c10f46e	FUN_004d5ea4	0	1	004d5ea4	CTCIdleScheduler
e8576bc4cc3e957c	FUN_004d5eb7	0	1	004d5eb7	CTCCarriedActionUseRead
4025bc86fe8b9383	FUN_004d5ee8	0	1	004d5ee8	CTCAmbientBird
3cd0a00646a21601	FUN_004d5f52	0	1	004d5f52	CTCTextureDecal
7a95a20c97657f00	FUN_004d5f82	0	1	004d5f82	CTCFishingRod
d59579b38703a3fb	FUN_004d5fdb	0	1	004d5fdb	CTCDPhysicalObstruction
8abe01a2b67fdf85	FUN_004d6026	0	1	004d6026	CTCDiggingSpot
6c436286bb62da4f	FUN_004d6056	0	1	004d6056	CTCElectrocuteOnTouch
6d7c965e81e61a8d	FUN_004d60bf	0	1	004d60bf	CTCFineDialogue
ced5b0f6089de3e4	FUN_004d6122	0	1	004d6122	CTCSoundAtmosphereVillage
268fff2d490ddfc0	FUN_004d6152	0	1	004d6152	CTCQuickAccessMenu
2db14fe1d1c97506	FUN_004d6226	0	1	004d6226	CTCCameraCollision
da03d797bb709644	FUN_004d626c	0	1	004d626c	CTCFadeOutAndIn
dbabb3ededb7ac74	FUN_004d627f	0	1	004d627f	CTCFlashOnHit
0496d2895eccc855	FUN_004d630d	0	1	004d630d	CTCQuestCompletionUI
c2185146bf8ea577	FUN_004d6353	0	1	004d6353	CTCDeadShotInThingTracker
eb74c22c5a1a6680	FUN_004d6366	0	1	004d6366	CTCDestroyThingOnActionFinish
70dcdb4e303a0e54	FUN_004d63a7	0	1	004d63a7	CTCDestroyThingOnSpecialAbilityFinish
e5590141434acf9a	FUN_004d647a	0	1	004d647a	CTCWillResponse
11c5c8a4ac250ecf	FUN_004d64a3	0	1	004d64a3	CTCFlourishTarget
0b31b9777aed8af6	FUN_004d64d3	0	1	004d64d3	CTCCreditsUI
1caec984e3115d72	FUN_004d6549	0	1	004d6549	CTCLifeTimer
7e11224050b7cb1f	FUN_004d655c	0	1	004d655c	CTCFireRangedWeaponOnLeavingStateGroup
31113c15c770c1e8	FUN_004d65a9	0	1	004d65a9	CTCAvoidRegionExit
97e920a5ab4c43c8	FUN_004d65dc	0	1	004d65dc	CTCOracleMinigame
cd307850ea0e426c	FUN_004d6625	0	1	004d6625	CTCFireheartMinigame
6ba5dfe146d4c77c	FUN_004d6674	0	1	004d6674	CTCLightningNode
8e2bb0d56e6b6431	FUN_004d6687	0	1	004d6687	CTCLightningOrb
85d99dc84ad4968e	FUN_004d66c3	0	1	004d66c3	CTCDExplosiveTrail
a8fe43af94e91b73	FUN_004d66f7	0	1	004d66f7	CTCHeroOnlineScoreboard
6956a7841af55aa6	FUN_004d6727	0	1	004d6727	CTCPhotojournalCapture
f3731962c1d025d3	FUN_004d673a	0	1	004d673a	CTCCarriedActionUseAbility
a4a9cbf30482451d	FUN_004d674d	0	1	004d674d	CTCAbsorbHits
da7a483ab2d9f21a	FUN_004dc858	0	1	004dc858	CInterestingToVillagersDef
52d931073ca16bb5	FUN_004dc96f	0	1	004dc96f	DrunkennessThresholdMult
efce267c28915e4e	FUN_004e8ce9	0	3	004e8ce9	SWORD
9d4b44aa3733e3aa	FUN_004ee23f	0	152	004ee23f	CAICreatureWillPowerIndicatorDef
21929fb893ceff98	FUN_004fa7f0	0	2	004fa7f0	UNINITIALISED
d88251b50ab8d6e5	FUN_004fb370	0	1	004fb370	BUILDING_BOUNDRY
2e66a257c3d5c976	FUN_004fb990	0	14	004fb990	EndMap;    
91f2ca9e2f688d16	FUN_004fc8a0	0	2	004fc8a0	SetRegionAsLoaded: Initialise MiniMap
c428bf8bc2f2cc4c	FUN_004fd040	0	18	004fd040	AppearOnWorldMap;  
3906c36144e22a57	FUN_004fdab0	0	3	004fdab0	
70dc074c0f7ec663	FUN_004fdbc0	0	1	004fdbc0	Loading global things
7f8d32ab4125b430	FUN_004fde80	0	2	004fde80	END_REGION    
d4f898aae72103eb	FUN_004fe030	0	5	004fe030	  ENDMAP  
e5bca0621468a311	FUN_004fe2a0	0	5	004fe2a0	ENDMAP
50dc8bbecb1e73c3	FUN_004fe7f0	0	3	004fe7f0	SOUND_THEME
5f328ec87cdf4436	FUN_00500540	0	4	00500540	
5f328ec87cdf4436	FUN_00500eb0	0	4	00500eb0	
5f328ec87cdf4436	FUN_00501150	0	4	00501150	
2d5f9890acaed6a5	FUN_00501450	0	3	00501450	RegionGraph.txt
241648993852b4e3	FUN_00501990	0	8	00501990	CWorldMap::UpdateNavMaps
a5744caba761a9de	FUN_00501d30	0	9	00501d30	EndMap
d2e49a95134abd19	FUN_00502170	0	3	00502170	Opening WAD bank
5790dfa7616c74a8	FUN_00502e90	0	25	00502e90	DUMMY_VILLAGER
9d4cdae1c6b448a3	FUN_005064c0	0	4	005064c0	World Map: Post Region Load Villages
9f59ab61b4c67a39	FUN_00507070	0	4	00507070	
5f328ec87cdf4436	FUN_00507650	0	4	00507650	
62db447324083b99	FUN_00509a20	0	4	00509a20	ACTION_POINT
f3c2f2fab36f4c5e	FUN_00512fe0	0	1	00512fe0	CVillagePeopleDef
8784ec426a4c5df9	FUN_005135d0	0	3	005135d0	
8784ec426a4c5df9	FUN_00514f40	0	3	00514f40	
8784ec426a4c5df9	FUN_00515cc0	0	3	00515cc0	
dec2e3cb942db5c5	FUN_00518dc0	0	1	00518dc0	CTCActionUseScriptedHook
53b67c67e835f0e3	FUN_0051e2f0	0	4	0051e2f0	Activate Things
dbc45cd62e108eb5	FUN_0051e5a0	0	1	0051e5a0	Activate After Loading
37587a812a574ef4	FUN_0051eda0	0	7	0051eda0	  START_DEAD_THINGS  
9135b10ea62abdb5	FUN_0051f480	0	4	0051f480	XXXSectionEnd;
b8ab01fb43a89efa	FUN_0051fd80	0	9	0051fd80	EndThing
bfca582a6cada991	FUN_00520570	0	2	00520570	END_THING_LEVEL
a6163bc3a98aded5	FUN_00520670	0	5	00520670	Loading entities from script 1
3bf8b38e4bba6632	FUN_00520d00	0	4	00520d00	Loading entities from script
9f76f28ffd29a45e	FUN_00521240	0	1	00521240	Loading entities from script
84cb9fdbbc95fa60	FUN_00521ae0	0	5	00521ae0	Thing Manager: Load From File
0ba1ede03300efe1	FUN_00521eb0	0	6	00521eb0	  XXXSectionEnd;    
435966dad58566a7	FUN_005223f0	0	3	005223f0	
1a49d07ba9a319eb	FUN_00522a20	0	24	00522a20	AICreature
31153a8959ccf34d	FUN_00524290	0	12	00524290	;    
9cb7483ad68610df	FUN_005248b0	0	9	005248b0	END_DEAD_THINGS
4d3f3c628f427f2b	FUN_005253f0	0	7	005253f0	GlobalUIDCount
8784ec426a4c5df9	FUN_005295b0	0	3	005295b0	
435966dad58566a7	FUN_00531ec0	0	3	00531ec0	
cb9d10028c8da5ed	FUN_0053b91e	0	1	0053b91e	PC_LIST_SCROLL_BAR_POSITION_DUMMY
d466fa7ab6911fd0	FUN_0053d000	0	1	0053d000	MENU_ENTRY_TEXT
d466fa7ab6911fd0	FUN_0053d060	0	1	0053d060	MENU_ENTRY_TEXT
d466fa7ab6911fd0	FUN_0053d0c0	0	1	0053d0c0	MENU_ENTRY_TEXT
3daa0f5906ce961b	FUN_0053e0c0	0	3	0053e0c0	MENU_ENTRY_TEXT
7643d67b6ff44bf4	FUN_0053f810	0	2	0053f810	PC_DESCRIPTION_SCROLL_BAR_POSITION_DUMMY
5a012c124adf4b30	FUN_00540620	0	3	00540620	
a47303223d9abf3e	FUN_005430f0	0	4	005430f0	
5f328ec87cdf4436	FUN_00544c10	0	4	00544c10	
f8a299ac984562db	FUN_00544d20	0	4	00544d20	UI_SPELL_TEMPLATE
435966dad58566a7	FUN_005458a0	0	3	005458a0	
5f328ec87cdf4436	FUN_00545b10	0	4	00545b10	
66aba8a0e73c6df9	FUN_00546320	0	5	00546320	UI_TEXT_INSIDE_CONTAINER_TEMPLATE
f89cd6e7de8d29ec	FUN_005472a0	0	2	005472a0	GFRandomNoRepeat is going on a bit - bre
5a012c124adf4b30	FUN_00549230	0	3	00549230	
5a012c124adf4b30	FUN_00549b20	0	3	00549b20	
5a012c124adf4b30	FUN_0054b4b0	0	3	0054b4b0	
5a012c124adf4b30	FUN_0054df50	0	3	0054df50	
4f8333158f0624ef	FUN_0054f4b0	0	2	0054f4b0	ENG_ARIAL_16
5a012c124adf4b30	FUN_00555eb0	0	3	00555eb0	
5f328ec87cdf4436	FUN_00556a40	0	4	00556a40	
d1af7da806fb20b3	FUN_00557a10	0	2	00557a10	TEXT_GUI_KEY_UNDEFINED
2d5737e77ab1634b	FUN_00558170	0	6	00558170	Invalid Movement!!
5a012c124adf4b30	FUN_0055b040	0	3	0055b040	
b69aab7b7c2a308b	FUN_0055d180	0	4	0055d180	.jpg
8382928a554a47df	FUN_0055d810	0	3	0055d810	.tga
4146b2e47a9c3f6a	FUN_0055dc00	0	5	0055dc00	PC_PHOTOJOURNAL_CAPTURE
6956a7841af55aa6	FUN_0055de10	0	1	0055de10	CTCPhotojournalCapture
c9bde242c4b99385	FUN_0055e850	0	2	0055e850	ClanData\
46dcffaf01c0a5e5	FUN_0055ea80	0	2	0055ea80	MemberData\
99afae7e802f81a6	FUN_0055ee20	0	1	0055ee20	PC_OK_GAME_OKBUTTON_SCOREBOARD
eef796b46e6416a3	FUN_0055ef00	0	4	0055ef00	PC_OK_GAME_OKBUTTON_SCOREBOARD
fc45e22a95858715	FUN_0055f3b0	0	1	0055f3b0	New best score in activity 
4af80aed6a78af83	FUN_0055f480	0	2	0055f480	Fable1.5  Version 1  
994911a508fa7b3b	FUN_0055f710	0	8	0055f710	Login
5fdb7d972f940765	FUN_0055fc90	0	3	0055fc90	\logo.*
febc9b85d80cf8b3	FUN_0055fec0	0	20	0055fec0	ClanData
b41e19cba67371d6	FUN_00560720	0	3	00560720	ActivitiesVec
44b333d9ebdaa2da	FUN_00560920	0	6	00560920	basic_string
8784ec426a4c5df9	FUN_00560bb0	0	3	00560bb0	
a33fb34fcb4b3aa6	FUN_00560d00	0	9	00560d00	Fable1.5  Version 1  
ce150f22a1d3f8b1	FUN_00561450	0	4	00561450	SID:OK
aa835f62e962ff84	FUN_005615c0	0	7	005615c0	DOWNLOAD_CLAN_LIST  
ad189df43771397e	FUN_00561980	0	9	00561980	.jpg
0acf0b11f7e7517e	FUN_00561dc0	0	7	00561dc0	DOWNLOAD_MEMBER_LIST  
71d723f2edf597e9	FUN_005621b0	0	9	005621b0	.jpg
c3ed55a9b3950d2f	FUN_00562710	0	84	00562710	TEXT_GUI_SCOREBOARD_ACTIVITY_DESCRIPTION
7a5916ac711eab33	FUN_00562ec0	0	3	00562ec0	/index.php
03c43cec6726452e	FUN_00563130	0	4	00563130	TEXT_GUI_SCOREBOARD_ERROR_LOGIN_DETAILS_
d49b4b332bf40b5b	FUN_00563480	0	6	00563480	DOWNLOAD_SCOREBOARD  
3aeabb165be14125	FUN_00563920	0	18	00563920	MENU_ENTRY_TEXT
dc8e657a68da85fc	FUN_00565360	0	3	00565360	basic_string
dc8e657a68da85fc	FUN_00565a30	0	3	00565a30	basic_string
8784ec426a4c5df9	FUN_00567400	0	3	00567400	
8784ec426a4c5df9	FUN_00567d60	0	3	00567d60	
8784ec426a4c5df9	FUN_00568150	0	3	00568150	
2fafc2502810316f	FUN_00569690	0	5	00569690	basic_string
a8fe43af94e91b73	FUN_0056a640	0	1	0056a640	CTCHeroOnlineScoreboard
5c47d09ccba174c5	FUN_0056ad40	0	20	0056ad40	PC_BOAST_BACKDROP
a4bfaa0284fae537	FUN_0056be00	0	5	0056be00	BoastingCamera
8784ec426a4c5df9	FUN_0056d850	0	3	0056d850	
0edf8b7219cfcb98	FUN_0056e6b6	0	7	0056e6b6	Data\Video\exp_spend_decapitation.wmv
37dc517c889969b3	FUN_0056e75f	0	19	0056e75f	Data\Video\gui_Spell_Summon.wmv
8ae230ebfcbf6f7a	FUN_0056eb48	0	2	0056eb48	UI_LEVEL_SLIDER_FILL_SPRITE
730f0a0ee18c462b	FUN_0056ed08	0	2	0056ed08	TEXT_GUI_MENU_SKILL
a70f75dd99998797	FUN_0056f177	0	8	0056f177	UI_RING_PIC
5722c44959cafacf	FUN_0056f69f	0	5	0056f69f	PC_BUTTON_BASTARD
eede2489b0f391a1	FUN_0056f8a4	0	5	0056f8a4	PC_BUTTON_BASTARD
56bf6f6f168264a6	FUN_00570009	0	2	00570009	PC_YESNO_GAME_NOBUTTON
56bf6f6f168264a6	FUN_005701da	0	2	005701da	PC_YESNO_GAME_NOBUTTON
51ea7a8a8a38d25b	FUN_00570332	0	15	00570332	PC_BUTTON_BASTARD
845b10a6f154e6b5	FUN_00571280	0	16	00571280	PC_BUTTON_BASTARD
476bea69890fdece	FUN_005726a0	0	4	005726a0	UI_TEXT_EXPERIENCE_DEXTERITY_VALUE
b03dbefc31f9eb19	FUN_005729d8	0	20	005729d8	ACCURACY
686de9f9bc5b3d66	FUN_00573792	0	22	00573792	ACCURACY
7f6ed209f26f6ee5	FUN_00574576	0	1	00574576	UI_EXP_SPENDING_SCREEN
2c857aefa43f17ce	FUN_00574885	0	32	00574885	PC_BUTTON_BASTARD
ed14d2123465384e	FUN_005759bf	0	33	005759bf	PC_BUTTON_BASTARD
56bf6f6f168264a6	FUN_00576c4f	0	2	00576c4f	PC_YESNO_GAME_NOBUTTON
56bf6f6f168264a6	FUN_00576ed1	0	2	00576ed1	PC_YESNO_GAME_NOBUTTON
3167d709170ed3c4	FUN_00578797	0	2	00578797	OpenedExperienceSpending
e40d7de4131aa9df	FUN_0057aeb4	0	2	0057aeb4	TEXT_GUI_STATS_LABEL_NONE
b70214e9d75ed35e	FUN_0057b783	0	3	0057b783	ST_PUKE_INTO
6ecc09fd8d57bcf0	FUN_0057b9d7	0	4	0057b9d7	OBJECT_HERO_BEARD_01
2926b539e515b786	FUN_0057ba5c	0	3	0057ba5c	OBJECT_HERO_HAIR
b51416338ed94d75	FUN_0057bad4	0	9	0057bad4	HERO_SUIT_ARMOUR
f316df2e072a8f94	FUN_0057be71	0	19	0057be71	EXPRESSION_AIR_GUITAR
1efcdc0208350d1a	FUN_0057c2e6	0	2	0057c2e6	MORALITY_CHANGE
f0f73520f5e8a8fc	FUN_0057d1a4	0	1	0057d1a4	SPECIAL_ABILITIES_DRUNKENNESS_DEF
c03253e054a5cb59	FUN_0057e2f1	0	84	0057e2f1	Agreeableness
31e9f1c6a5590008	FUN_0057ff92	0	1	0057ff92	CAppearanceModifierDef
30776747f8d253f3	FUN_005820e7	0	1	005820e7	UI_TEXT_WEAPONS_DESCRIPTION_TEMPLATE_NEW
6b4400b34ed08c62	FUN_0058216e	0	5	0058216e	UI_SCOREBOARD_LOGIN_EDITBOX
6b4400b34ed08c62	FUN_00582414	0	5	00582414	UI_SCOREBOARD_LOGIN_EDITBOX
6e88b9cd5828bdd2	FUN_00582673	0	1	00582673	PC_DESCRIPTION
f0502ef34cb3b0cf	FUN_005826fa	0	1	005826fa	PC_MENU_ENTRY_QUIT
f607f9a8102c3977	FUN_00582754	0	10	00582754	PC_OPTIONS_ANTIALIASING_TEXT_SLIDER
9769e7c5ef56fd20	FUN_00582ace	0	7	00582ace	PC_BUTTON_BASTARD
65943064a2a68a2e	FUN_0058315b	0	7	0058315b	PC_BUTTON_BASTARD
7bec9d7130058510	FUN_005836d2	0	1	005836d2	PC_UI_MENU_ENTRY_LOAD_CONFIRM
ff65de1fedc1a7bc	FUN_0058376c	0	1	0058376c	COMPONENT_SAVE
a2d483e98042aece	FUN_00583815	0	1	00583815	PC_AUDIO_PREFS_LIST
77f80f9e104c2c97	FUN_005838dd	0	1	005838dd	PC_VIDEO_PREFS_LIST
e7e3bdd51026cdde	FUN_005839a5	0	1	005839a5	PC_GAMEPLAY_PREFS_LIST
f98e97e13f1b1a09	FUN_005841f9	0	4	005841f9	TEXT_GUI_MENU_ALIGNMENT_MODIFIER
93927979004780f2	FUN_00584b86	0	4	00584b86	PC_EXPRESSION_ITEM_ASSIGNMENT_ICON_INSID
44a9a3c96770050d	FUN_00584f15	0	2	00584f15	PC_EXPRESSION_ITEM_ASSIGNMENT_ICON_INSID
cbee1e446c9db04c	FUN_005850fd	0	20	005850fd	UI_FACIAL_HAIR_BUTTON
1c56a5306e9cc4c3	FUN_00587bff	0	19	00587bff	PC_BACK_CLICKABLE
c1f607559451d91d	FUN_0058807d	0	55	0058807d	HERO_SUIT_NAKED
036fb6836ff00cbd	FUN_00589402	0	17	00589402	PC_FACIAL_HAIR_BUTTON
e3503d0e4b7e54be	FUN_00589a30	0	7	00589a30	PC_BACK_CLICKABLE
1ce6020c26dec376	FUN_0058a0c7	0	12	0058a0c7	INVALID NAME
58110e45b037d665	FUN_0058a763	0	28	0058a763	PC_BACK_CLICKABLE
147fbcbde621d318	FUN_0058af10	0	104	0058af10	PC_AUDIO_PREFS_DESC
a9a17c906feece08	FUN_0058e208	0	11	0058e208	INVALID NAME
93d31f21b039abeb	FUN_0058e99f	0	9	0058e99f	CURRENT_QUESTS_ENTRY
a09ed24cb99bd0c8	FUN_0058ef79	0	2	0058ef79	OBJECT_GUILD_SEAL_1
c771d2f30575b60e	FUN_0058f016	0	13	0058f016	PC_BUTTON_BASTARD
8a9f1b327887dad9	FUN_0058f649	0	6	0058f649	PC_MENU_ENTRY_PHOTOJOURNAL
0f39415a9f4126e8	FUN_0058f9bc	0	19	0058f9bc	*.jpg
a09ed24cb99bd0c8	FUN_00590198	0	2	00590198	OBJECT_GUILD_SEAL_1
48b8a9aac2eef64f	FUN_00590235	0	20	00590235	TEXT_GUI_MENUGUIDE_ITEMS_GIFTS
6a91dbb5e7e1d824	FUN_005907ab	0	11	005907ab	PC_BUTTON_BASTARD
c5aa803a5ee60002	FUN_00590f0b	0	27	00590f0b	PC_EXPRESSIONS_ITEMS_CONTAINMENT_CONTAIN
5491c70c3ddfd52e	FUN_00591a66	0	1	00591a66	QuickAccessItemNames
2d3c37d41a5dff6e	FUN_005933c8	0	1	005933c8	CContextSensitiveItemDef
6f3a4c63e469efd0	FUN_0059350c	0	1	0059350c	CStockItemDef
b1c87348c3ba2879	FUN_005935c4	0	1	005935c4	CHeroSuitDef
098856f1f5777c1e	FUN_00594fdb	0	2	00594fdb	TEXT_GUI_MENU_ABOUT_MESSAGE_PART_1
69092342fa65aeb0	FUN_00595b24	0	8	00595b24	UI_TEXT_AUDIO_OPTIONS_MENU_TITLE
1ec72c3cc53efaf8	FUN_00595cc1	0	8	00595cc1	TEXT_GUI_MENU_PROFILE_NAME
257491e33583bc87	FUN_005963db	0	5	005963db	UI_SCOREBOARD_LOGIN_EDITBOX_FE
257491e33583bc87	FUN_00596550	0	5	00596550	UI_SCOREBOARD_LOGIN_EDITBOX_FE
b4a4e7805b53b572	FUN_00596a68	0	4	00596a68	UI_BUTTON
b7ccf6eb1c9c7c00	FUN_00596cce	0	4	00596cce	TEXT_GUI_MENU_NEW_PROFILE
a94587b8af9de189	FUN_00597006	0	3	00597006	UI_FRONTEND_BUTTON_FOR_PROFILES_LIST
3bd3d424f602532f	FUN_00597228	0	25	00597228	CreatureGenerationDisabledGroups
8bcd7eebcdcb9c6b	FUN_00598463	0	7	00598463	TEXT_GUI_MENU_LOAD_GAME
ebc90a9a143a3387	FUN_0059899a	0	1	0059899a	UI_FRONTEND_MAIN_MENU_NO_LIVEAWARE
a5f467c71116fa55	FUN_00598a1c	0	44	00598a1c	TEXT_GUI_MENU_OFF
577aae71cdd9095a	FUN_0059a238	0	4	0059a238	TEXT_GUI_MENU_DELETE_PROFILE
2c4a32eaf450e273	FUN_0059b79a	0	25	0059b79a	INVENTORY_CATEGORY_CLOTHES_FOOTWEAR
6881808491164e7d	FUN_0059bb1b	0	38	0059bb1b	PC_BACK_CLICKABLE
ef9e008dde246c4b	FUN_0059c0c6	0	25	0059c0c6	INVENTORY_CATEGORY_CLOTHES_FOOTWEAR
c8d83a86c122bdc0	FUN_0059c447	0	12	0059c447	INVENTORY_CATEGORY_CLOTHES_FOOTWEAR
d625d095b5a512c7	FUN_0059ca95	0	2	0059ca95	MENU_ENTRY_TEXT
fa9b736ed6a9a86f	FUN_0059cb90	0	5	0059cb90	INVALID NAME
65ac486f2848c687	FUN_0059cfbd	0	2	0059cfbd	MENU_ENTRY_TEXT
3bd6bdf5e7ae71d8	FUN_0059d0b8	0	1	0059d0b8	UI_ONE_OFF_SUBTITLE
3bd6bdf5e7ae71d8	FUN_0059d1b1	0	1	0059d1b1	UI_ONE_OFF_SUBTITLE
77ec26ff2abeee29	FUN_0059d270	0	5	0059d270	INVALID NAME
76c42f4b342f6906	FUN_0059dabb	0	1	0059dabb	TEXT_GUI_SHOP_WEAPON_HELD_WARNING
7125f03a1df11dd6	FUN_0059db82	0	1	0059db82	UI_SELECTION_ARROW_RIGHT
925c6fe86f97582f	FUN_0059df49	0	13	0059df49	UI_TRADING_MENU_FEET_ENTRY
925c6fe86f97582f	FUN_0059e108	0	13	0059e108	UI_TRADING_MENU_FEET_ENTRY
7ad9d578d2cfa9c1	FUN_0059e4d7	0	13	0059e4d7	PC_TRADING_MENU_FEET_ENTRY
0369a2f6695615bf	FUN_0059e6bd	0	1	0059e6bd	PC_MENU_ENTRY_ARROW
7ad9d578d2cfa9c1	FUN_0059e94d	0	13	0059e94d	PC_TRADING_MENU_FEET_ENTRY
df6b5a171c373684	FUN_0059ed42	0	6	0059ed42	INVALID NAME
db7fef0739738820	FUN_0059f51e	0	6	0059f51e	INVALID NAME
df6b5a171c373684	FUN_0059fee3	0	6	0059fee3	INVALID NAME
55aee0eb0f2849a7	FUN_005a04f7	0	38	005a04f7	TEXT_GUI_MENU_BUY
21167925dcc23d05	FUN_005a29f4	0	16	005a29f4	TEXT_GUI_MENUGUIDE_TRADE_BARBERS_BUY
d029eb43046521ca	FUN_005a3734	0	12	005a3734	TEXT_GUI_MENU_BUY
df8dfb51f8712181	FUN_005a3e47	0	6	005a3e47	PC_BUTTON_BASTARD
1aef31d96f599549	FUN_005a45f6	0	5	005a45f6	PC_BUTTON_BASTARD
1a6926033e3e45df	FUN_005a4cdd	0	23	005a4cdd	PC_DESCRIPTION_VIEWPORT
d22418b88a99f4ce	FUN_005a5b31	0	23	005a5b31	PC_DESCRIPTION_VIEWPORT
945bcbc0867fa0a1	FUN_005a6769	0	11	005a6769	PC_MENU_ENTRY_TRADE_BUY
db7fef0739738820	FUN_005a6ca1	0	6	005a6ca1	INVALID NAME
7e0450f6bf9ad53e	FUN_005a731f	0	5	005a731f	PC_BUTTON_BASTARD
1987413170ade596	FUN_005a79e6	0	6	005a79e6	PC_BUTTON_BASTARD
706f58bac0ad4e42	FUN_005a8175	0	10	005a8175	PC_MENU_ENTRY_TRADE_BUY
9bfa5e29cc83e075	FUN_005a887d	0	1	005a887d	PC_LIST_BUY_ACTIONS
7bfc3d4a4f4f727e	FUN_005a8a5d	0	2	005a8a5d	PC_SPECIALSHOP_MENU_BUY_ENTRY
faa95d20a7fc0ca8	FUN_005a8c66	0	21	005a8c66	PC_BACK_CLICKABLE
987cae3db2f19678	FUN_005a94bd	0	7	005a94bd	UI_BARBER_MENU
ce10c1e1dc0a68e2	FUN_005a9a87	0	2	005a9a87	UI_LIST_BUY_ACTIONS
a9c849326218ccb3	FUN_005a9cbe	0	7	005a9cbe	PC_COMPONENT_CONTAINER_DESCRIPTION_TEMPL
a9c849326218ccb3	FUN_005aaf28	0	7	005aaf28	PC_COMPONENT_CONTAINER_DESCRIPTION_TEMPL
ede996005047cd2a	FUN_005ac10e	0	23	005ac10e	PC_DESCRIPTION_VIEWPORT
d399e209d64770ca	FUN_005aceda	0	2	005aceda	PC_TOP_LEVEL_BARBER_LIST
dc98644c3f27772b	FUN_005ad571	0	9	005ad571	PC_COMPONENT_CONTAINER_DESCRIPTION_TEMPL
cc154d88400aa7e1	FUN_005ae6af	0	1	005ae6af	UI_SCROLLING_VIEWPORT_TEXT_AREA
f98b99dceae96477	FUN_005ae86b	0	1	005ae86b	UI_MOUSE_POINTER
ddea21446d7c3898	FUN_005ae972	0	1	005ae972	PC_TOP_LEVEL_TRADE_LIST
f3c46e3a26d3b57e	FUN_005ae9de	0	1	005ae9de	PC_DESCRIPTION_VIEWPORT
f3c46e3a26d3b57e	FUN_005aeaee	0	1	005aeaee	PC_DESCRIPTION_VIEWPORT
b53a29f35bd0dd2f	FUN_005aecc0	0	16	005aecc0	TEXT_GUI_MENU_CLOTHING
b53a29f35bd0dd2f	FUN_005af64e	0	16	005af64e	TEXT_GUI_MENU_CLOTHING
e556770a77691f12	FUN_005b01fe	0	14	005b01fe	PC_GOLD_AMOUNT_TRADE_SCREEN
af7e1d9e597129f9	FUN_005b0aac	0	6	005b0aac	PC_GOLD_AMOUNT_TRADE_SCREEN
2e94d71cb013df7c	FUN_005b1e5a	0	1	005b1e5a	CHeroTitleDef
30776747f8d253f3	FUN_005b358c	0	1	005b358c	UI_TEXT_WEAPONS_DESCRIPTION_TEMPLATE_NEW
6e88b9cd5828bdd2	FUN_005b3613	0	1	005b3613	PC_DESCRIPTION
859a21820157fbcc	FUN_005b37f7	0	2	005b37f7	CTCAnimationComplex
9327a1b77c2da3b9	FUN_005b3e4e	0	2	005b3e4e	DEFAULT
d4bd8a7ebbbd6504	FUN_005b40e6	0	1	005b40e6	HERO_SUIT_NAKED
34af1010af2ad603	FUN_005b43a2	0	2	005b43a2	PC_MENU_ENTRY_ARROW
94eb512e06f0cadb	FUN_005b4a95	0	5	005b4a95	OBJECT_HERO_NO_BOOTS
79e55d92c4024dc1	FUN_005b4eba	0	7	005b4eba	HERO_SUIT_NAKED
aa2136c3657c5c7c	FUN_005b5cf8	0	6	005b5cf8	TEXT_GUI_MENU_ALIGNMENT_MODIFIER
00f06c053e74349a	FUN_005b62fe	0	4	005b62fe	TEXT_GUI_MENU_ALIGNMENT_MODIFIER
4995ef84e7714f75	FUN_005b6767	0	1	005b6767	TEXT_GUI_MENU_ARMOUR_RATING
e3bd285c5024cd38	FUN_005b6881	0	1	005b6881	TEXT_GUI_MENU_CLOTHING_TOTAL_ARMOUR
0208abd56da87d46	FUN_005b690b	0	2	005b690b	CLOTHING TITLE
11c92048c41f3b6a	FUN_005b6a66	0	9	005b6a66	CLOTHING TITLE
97daa9e4c47fd092	FUN_005b70b8	0	10	005b70b8	CLOTHING TITLE
9aff0c6a2cc38f7a	FUN_005b8743	0	30	005b8743	CLOTHING TITLE
26b8434e30e9b341	FUN_005bade1	0	1	005bade1	CInventoryItemDef
3dbe39bedfe47372	FUN_005bda1d	0	2	005bda1d	TXT_OBJT_EMPTY
c6d97f2ffd5a9b15	FUN_005be3b1	0	2	005be3b1	TEXT_GUI_MENU_CURRENT_LEVEL
9b51f9480f758a13	FUN_005be62c	0	2	005be62c	TEXT_GUI_MENU_PREREQUISITES
221317a6dd9b293b	FUN_005beb57	0	2	005beb57	MINIMAP_PRISONCOURTYARD1
6a98d59c7ebc6e71	FUN_005bfd5e	0	5	005bfd5e	ConfiscatedItems2
d04a947571d2e202	FUN_005c0121	0	1	005c0121	INVENTORY_CATEGORY
029c8dbfeb8d6cc1	FUN_005c0cfb	0	1	005c0cfb	CResurrectionItemDef
00ab2b64a737ecee	FUN_005c323a	0	8	005c323a	PC_BUTTON_BASTARD
a726a3ffc2587097	FUN_005c3444	0	8	005c3444	PC_BUTTON_BASTARD
9249647cb261f66f	FUN_005c3a95	0	8	005c3a95	ActiveMeleeWeaponDefIndex2
5a885fef96eb86fe	FUN_005c3e91	0	6	005c3e91	INVALID NAME
22b1c7b63e0f7f7d	FUN_005c47d5	0	7	005c47d5	INVALID NAME
a57392ee71d812f5	FUN_005c4f42	0	10	005c4f42	TEXT_GUI_MENUGUIDE_WEAPONS_MELEE_AUGMENT
379957a83a777c99	FUN_005c574e	0	13	005c574e	Aug Title
e91390ff8ce73243	FUN_005c5f11	0	10	005c5f11	Aug Title
920ca12c3549f590	FUN_005c6b26	0	9	005c6b26	TEXT_GUI_MENU_AUGMENTATIONS
0d8f5d2281de96a6	FUN_005c71aa	0	3	005c71aa	TEXT_GUI_MENU_AUGMENTATIONS
95cfe755c0054d70	FUN_005c7452	0	2	005c7452	TEXT_GUI_MENU_DAMAGE
89ddd00e90ee79a6	FUN_005c770c	0	4	005c770c	TEXT_GUI_MENU_HEAVY
cb8133f62cc2ca99	FUN_005c90fc	0	10	005c90fc	PC_TEXT_INSIDE_CONTAINER_TEMPLATE
ee0d1df5a81d0272	FUN_005cacb9	0	4	005cacb9	MENU_ENTRY_TEXT
1053c5cd0e4dd967	FUN_005cb2b0	0	1	005cb2b0	UI_ASSIGNED_WEAPON_ICON
9d5023a729649fc4	FUN_005cc10e	0	1	005cc10e	CCarryableDef
3f382644ef0f7983	FUN_005cc772	0	1	005cc772	TEXT_GUI_MENU_XSTRING
33299ddfa5234d78	FUN_005cc862	0	5	005cc862	FATNESS1
2305b61deab5ba37	FUN_005cc9ad	0	25	005cc9ad	CRBALVERINES
83ca8df3bf7faa40	FUN_005ccbbd	0	5	005ccbbd	SEX_BI
6ddd8f9b1f505574	FUN_005ccc91	0	4	005ccc91	TEXT_GUI_STATS_LABEL_HOUR
e0677beb522b2b9f	FUN_005ccf0e	0	2	005ccf0e	UI_STATS_PERSONALITY_STAT_TITLE
eb9d9aa4e5145802	FUN_005ccffc	0	2	005ccffc	PC_STATS_PERSONALITY_STAT_TITLE
6fb488c931f20e6f	FUN_005cd074	0	6	005cd074	UI_MENU_ENTRY_EXPERIENCE
d082206591d02a00	FUN_005cd433	0	1	005cd433	TEXT_GUI_STATS_RENOWNCLASS_LEVEL
bd40dad204af8b48	FUN_005cd4c4	0	12	005cd4c4	ACCURACY
859a21820157fbcc	FUN_005cd767	0	2	005cd767	CTCAnimationComplex
1f95ef69ef104cf3	FUN_005cdd86	0	5	005cdd86	TEXT_GUI_STATS_EXPERIENCE_GENERAL
93bb9398ca7fffaa	FUN_005d6748	0	9	005d6748	UI_RING_PIC_EXP_STATS
d8e6eec9366e8283	FUN_005d7081	0	13	005d7081	PC_STATS_EXP_LEVEL_SLIDER_CONTAINER
0bafe08e4974724d	FUN_005d8978	0	3	005d8978	Unable to find opening bracket.
d851591c5e58f6c8	FUN_005da180	0	1	005da180	CHairCardDef
de4c5b295e2d979b	FUN_005da240	0	1	005da240	CExpressionSubDef
0006354acfc2875d	FUN_005da3c0	0	1	005da3c0	CCarriedReadableDef
1d1a0c1c03b49869	FUN_005da750	0	1	005da750	SHOT_CROSSBOW_BOLT
5489f18ff14a986b	FUN_005dd670	0	14	005dd670	CombatMisc
8784ec426a4c5df9	FUN_005e1420	0	3	005e1420	
8784ec426a4c5df9	FUN_005e1500	0	3	005e1500	
8784ec426a4c5df9	FUN_005e15e0	0	3	005e15e0	
28fcb032102a7949	FUN_005e4430	0	2	005e4430	PC_SCREEN_FILTER
3fb758ecfaa17acc	FUN_005e4be0	0	17	005e4be0	PC_CORE_ICON_AND_NAME
cd7242ec9a2e8486	FUN_005e5f30	0	45	005e5f30	DEFAULT
469c08e9cf6826b2	FUN_005e8220	0	5	005e8220	experience
0496d2895eccc855	FUN_005e9730	0	1	005e9730	CTCQuestCompletionUI
ce185a5efd69f9a1	FUN_005e9e70	0	1	005e9e70	Missing text entry
33708853e6f0fc0b	FUN_005ea8e0	0	3	005ea8e0	HasPrizeBeenGiven
632c09e62041519c	FUN_005ea9b0	0	2	005ea9b0	CTCCreatedEntity
bbff357382e12aea	FUN_005eadd6	0	1	005eadd6	TAVERN_GAME_OBJECT_SELECTION_CHANGE
bbff357382e12aea	FUN_005eaf46	0	1	005eaf46	TAVERN_GAME_OBJECT_SELECTION_CHANGE
bbff357382e12aea	FUN_005eb08d	0	1	005eb08d	TAVERN_GAME_OBJECT_SELECTION_CHANGE
6d6b8bfa6c4e4562	FUN_005eb180	0	2	005eb180	Missing text entry
ce185a5efd69f9a1	FUN_005eb3a0	0	1	005eb3a0	Missing text entry
e589f7837e50ef15	FUN_005eb810	0	2	005eb810	TAVERN_GAME_BET_DECREMENT
28f300fe941ef373	FUN_005eb9e0	0	1	005eb9e0	TAVERN_GAME_NEW_GAME
4f8333158f0624ef	FUN_005eca50	0	2	005eca50	ENG_ARIAL_16
11c5e2a7aa7eaf68	FUN_005ed4a0	0	1	005ed4a0	CTavernGameDef
6ebd873336d1aaf6	FUN_005edd04	0	19	005edd04	HERO_ABILITY_FORCE_PUSH_INVENTORY_THING
acb0e985c63ed3e7	FUN_005ee288	0	6	005ee288	PC_MENU_ENTRY_ATTACK_SPELLS
850416d0a7eb18ad	FUN_005ee49a	0	3	005ee49a	SPECIAL_ABILITIES_DIVINE_WRATH_DEF
3e595054d1b01fac	FUN_005eede2	0	1	005eede2	HERO_ABILITY
2472aef914329487	FUN_005f077f	0	10	005f077f	PC_BUTTON_BASTARD
ddc7bf0f50e759ca	FUN_005f0c5f	0	1	005f0c5f	UI_UNASSIGNED_SPELL_ICON
1fb9d2a1f5cfd7ad	FUN_005f0dc5	0	5	005f0dc5	PC_SPELL_ASSIGNMENT_ICON_INSIDE_CONTAINE
ddc7bf0f50e759ca	FUN_005f11a9	0	1	005f11a9	UI_UNASSIGNED_SPELL_ICON
e12d4318d8d29471	FUN_005f1320	0	3	005f1320	PC_SPELL_ASSIGNMENT_ICON_INSIDE_CONTAINE
2545f4a15beed36a	FUN_005f1526	0	11	005f1526	PC_BUTTON_BASTARD
6c67b55d83e66c12	FUN_005f1b10	0	44	005f1b10	PC_BUTTON_BASTARD
586c4c769ed126fb	FUN_005f3f7b	0	12	005f3f7b	PC_BUTTON_BASTARD
6fcf72bec077543c	FUN_005f45b5	0	10	005f45b5	PC_BUTTON_BASTARD
b3af6c0b7f646892	FUN_005f4c8f	0	17	005f4c8f	TEXT_GUI_MENUGUIDE_SKILLS_EXPRESSIONS_AL
6c4090cef4fd7a60	FUN_005f59c7	0	23	005f59c7	PC_EXPRESSIONS_ITEMS_CONTAINMENT_CONTAIN
419465e69a9e9475	FUN_005f6e40	0	5	005f6e40	AbilityButton
2428eb3fb65a03ee	FUN_005faa90	0	7	005faa90	UI_MENU_ENTRY_LOGBOOK_BASICS
fe0bc969eae88ca3	FUN_005fac20	0	6	005fac20	PC_MENU_ENTRY_LOGBOOK_COMBAT
1cbb0fc7db79f776	FUN_005fb7e0	0	2	005fb7e0	PC_MAP_KEYS_CONTAINER
d167d595cfe5af1e	FUN_005fb8f0	0	3	005fb8f0	TEXT_GUI_MENU_MAP_SCROLL
b58499063e0cc9ba	FUN_005fbd90	0	3	005fbd90	HERO_GUILD_TELEPORT_MARKER
a6a34ae5feeabb83	FUN_005fc2d0	0	5	005fc2d0	UI_SUB_LIST
8784ec426a4c5df9	FUN_005fc620	0	3	005fc620	
bb0b646e93bf513b	FUN_005fc8a0	0	6	005fc8a0	PC_SUB_LIST
6ae62ede27cec90c	FUN_005fcbe0	0	6	005fcbe0	UI_SUB_LIST
498c0a41e8852f27	FUN_005fd5e0	0	11	005fd5e0	PC_CORE_ICON_AND_NAME
92bbdc2dc5dfcdb9	FUN_005fddd0	0	7	005fddd0	PC_SUB_LIST
8555f38563f73377	FUN_005fe090	0	16	005fe090	PC_BUTTON_BASTARD
bd1dfaeb1330fb26	FUN_005fe840	0	7	005fe840	NoQuestRoute
c459cf0aef0330d2	FUN_005ff190	0	11	005ff190	UI_CORE_MARKER_MAIN
b5bb3eb5f7028e3f	FUN_006001e0	0	15	006001e0	PC_TEXT_INSIDE_CONTAINER_TEMPLATE
3af2d748f6dfad36	FUN_00600b60	0	13	00600b60	PC_TEXT_INSIDE_CONTAINER_TEMPLATE
93a48ccb06030264	FUN_00601310	0	25	00601310	CURRENT_QUESTS_ENTRY
1fc47471704da4e1	FUN_00603000	0	23	00603000	CREATURE_BIRD_GUILD_SPARROW
1a0a6fa1b5851a27	FUN_00605570	0	6	00605570	PC_TEXT_CONTAINER_INSIDE_CONTAINER
48ae7708f52773a3	FUN_00605ce0	0	6	00605ce0	UI_COMPONENT_CONTAINER_DESCRIPTION_TEMPL
d2e44bbd6f98194a	FUN_00606300	0	13	00606300	ActiveTeleportUID
358805104aaf4199	FUN_00606f80	0	3	00606f80	
67e93480e367afa3	FUN_00607330	0	42	00607330	DEFAULT
2bfade61784205b6	FUN_006096e0	0	61	006096e0	DEFAULT
b6ba0fe8af40fd26	FUN_0060c900	0	32	0060c900	HeroGuildComplexInside
e255c7b48ea35064	FUN_0060eeb0	0	33	0060eeb0	HeroGuildComplexInside
f98b99dceae96477	FUN_006116e0	0	1	006116e0	UI_MOUSE_POINTER
8784ec426a4c5df9	FUN_00617370	0	3	00617370	
f45e2d3cbbe776f8	FUN_00619f10	0	1	00619f10	CTCInventoryMap
f7ba292c5543c893	FUN_0061a6a0	0	6	0061a6a0	Description
b6e6721795b48eae	FUN_0061ab30	0	2	0061ab30	Data\Levels\Ini\
b6e6721795b48eae	FUN_0061ac60	0	2	0061ac60	Data\Levels\Ini\
022cb5952aeb77c2	FUN_0061ad60	0	10	0061ad60	 [Active]
a40ab3512186f9ef	FUN_0061b610	0	41	0061b610	HUD_ICON_MONEY_BAG
da06837a20be3536	FUN_0061e6d0	0	38	0061e6d0	HUD_ICON_MONEY_BAG
ce9046f1f0b19294	FUN_00621f70	0	3	00621f70	GuildDoors
9a8647519ed28024	FUN_006224c0	0	12	006224c0	PC_BACK_CLICKABLE
192fe112b6f04a4a	FUN_00622a00	0	2	00622a00	UI_QUESTS_SELECTION_MENU
cfada252df706b11	FUN_00624d70	0	1	00624d70	CTCInventoryQuests
62432efd0d343335	FUN_00625af0	0	8	00625af0	PC_BUTTON_BASTARD
ad10c16158f9ae65	FUN_00626110	0	12	00626110	INVALID NAME
8371d73308b952c8	FUN_00626750	0	12	00626750	INVALID NAME
13676ddbe2caf08d	FUN_00626e40	0	12	00626e40	PC_BUTTON_BASTARD
39614313d3c43a05	FUN_00627400	0	8	00627400	PC_BUTTON_BASTARD
50a9d2ce7195995e	FUN_006276f0	0	10	006276f0	TEXT_GUI_MENU_GIFTS
cc2426a4186a3efa	FUN_00627be0	0	6	00627be0	TEXT_GUI_MENU_ALIGNMENT
33dd6ae50313a29e	FUN_00628000	0	7	00628000	PC_BUTTON_BASTARD
268fff2d490ddfc0	FUN_006285f0	0	1	006285f0	CTCQuickAccessMenu
8604b302332bf4f8	FUN_006286f0	0	9	006286f0	.wmv
fc25f98cae19de2c	FUN_00629c40	0	1	00629c40	CREATURE_ABILITY_ATTACK
46d86af74222179f	FUN_0062aba0	0	1	0062aba0	OBJECT_GUILD_SEAL_1
e12862b86050a2d3	FUN_0062bef0	0	1	0062bef0	PROJECTILE_WEAPON_ZOOM_IN
deddd54670c2944f	FUN_0062d890	0	1	0062d890	STANDARD_CAST
3c179c333c103fe1	FUN_0062d9e0	0	1	0062d9e0	STANDARD_GIVE_OBJECT
7e8e4ac6a6606c1f	FUN_0062dad0	0	1	0062dad0	STANDARD_WAVE
1cc326262fdaf632	FUN_0062dbc0	0	1	0062dbc0	STANDARD_INSULT
3a5a393ba32ffc73	FUN_0062dca0	0	1	0062dca0	STANDARD_THREATEN
022130fb2dd26c04	FUN_0062dd80	0	1	0062dd80	STANDARD_BRIBE
4455716003584d93	FUN_0062de60	0	1	0062de60	STANDARD_FLIRT
7e8e4ac6a6606c1f	FUN_0062df40	0	1	0062df40	STANDARD_WAVE
deddd54670c2944f	FUN_0062e020	0	1	0062e020	STANDARD_CAST
8784ec426a4c5df9	FUN_0062e190	0	3	0062e190	
f52b41f9f4f810aa	FUN_0062fe60	0	2	0062fe60	ENG_ARIAL_16
96bb47fb74b1a5d2	FUN_00634190	0	6	00634190	 - transient mode: 
a52b0f1397ec121e	FUN_006345c0	0	6	006345c0	 - transient mode: 
bfc9fa57add48ab6	FUN_00636e90	0	2	00636e90	CAMERA_MODE_PC_VIEW_HERO
8784ec426a4c5df9	FUN_00639090	0	3	00639090	
8784ec426a4c5df9	FUN_00639170	0	3	00639170	
2dd2ca5b03ff0615	FUN_0063a200	0	1	0063a200	CTCRegionDisplay
e61aed2d981a9f2b	FUN_006412b0	0	2	006412b0	CTCGraphicAppearanceReplaceableMesh
8784ec426a4c5df9	FUN_006422b0	0	3	006422b0	
6640d2928a91b314	FUN_00647ab4	0	1	00647ab4	OBJECT_RESURRECTION_PHIAL
f4e4080208f66b06	FUN_00648820	0	4	00648820	TXT_REGION_PRISON_BLOCK_B
aa6c33795a0357e9	FUN_00649952	0	7	00649952	TEXT_GUI_BETTING_ARROW_DOWN
cd49f2ed4ffb0398	FUN_00649e8b	0	2	00649e8b	TEXT_GUI_FISHING_DISTANCE
8b708af1f8714efb	FUN_0064a568	0	2	0064a568	EXPRESSION_PICKLOCK
83352d96557312fa	FUN_0064a639	0	2	0064a639	HUD_ORB_QUEST_CORE
f163e490bf3ea0ce	FUN_0064a9c8	0	6	0064a9c8	HUD_ORB_QUEST_CORE
b72d8ccc0cd0a041	FUN_0064b8b3	0	2	0064b8b3	CREATURE_DEMON_DOOR_FACE_01
b5e53bae0fb11a0b	FUN_0064bfba	0	3	0064bfba	CREATURE_DEMON_DOOR_FACE_01
0c8085a499432a80	FUN_0064d92a	0	1	0064d92a	GUILD_SEAL_CHARGEUP
46d86af74222179f	FUN_0064e0da	0	1	0064e0da	OBJECT_GUILD_SEAL_1
4ab7e856a121531a	FUN_0064e978	0	3	0064e978	DEFAULT
6e34252e6ee1b97a	FUN_00651b04	0	1	00651b04	OBJECT_HERO_STICK
46d86af74222179f	FUN_00652fa4	0	1	00652fa4	OBJECT_GUILD_SEAL_1
7046b22ff896a491	FUN_006572a0	0	2	006572a0	TEXT_GUI_MENU_SCREENSHOT_TAKEN
2472d4901c687689	FUN_006594bb	0	2	006594bb	CROWD_BOO
148e5fc8369b23b9	FUN_0065ce9b	0	7	0065ce9b	AmountOfFineAlreadyPaid
572eabeca906b77f	FUN_0065f604	0	1	0065f604	CEntitySoundDef
61220008eb94ea46	FUN_0065f7b4	0	1	0065f7b4	CCrateStackDef
3524615c6a746920	FUN_00662d80	0	1	00662d80	DEFAULT
59db18fcc2cbe71f	FUN_00663610	0	3	00663610	ST_RUN
41f0443f988b32db	FUN_006637d0	0	4	006637d0	LATERAL_SLASH_COUNTER_BLOCK
1f53215bc83e72e7	FUN_00663f50	0	4	00663f50	EXPLODE_ON_KILLING_BLOW
5b43418ec7d75054	FUN_00664d40	0	1	00664d40	COMBAT_TYPE_NULL
07e40a6574a3f9cc	FUN_00665860	0	4	00665860	DEFAULT
d8d178345e9b7112	FUN_00665f90	0	2	00665f90	SE_CREATURE_CONTINUOUS
782b961a5d6c35a8	FUN_00666310	0	4	00666310	CREATURE_DEMON_DOOR_FACE_01
07300609523236cb	FUN_00667450	0	1	00667450	EXPLODE_ON_KILLING_BLOW
746e7c3f33841f48	FUN_00667d30	0	2	00667d30	CTCFlashOnHit
76abbb01c547bd12	FUN_00669580	0	1	00669580	CSpecialEffectsDef
656418f647d1f750	FUN_006696b0	0	1	006696b0	CCombatAbilityUseProjectileWeaponDef
8784ec426a4c5df9	FUN_00669bb0	0	3	00669bb0	
d52e6acb4972d511	FUN_0066a9e0	0	1	0066a9e0	SE_COLLISION;
66a48c102ddaaff3	FUN_0066c2a0	0	1	0066c2a0	CTCSoundPlayer
8784ec426a4c5df9	FUN_0066c3f0	0	3	0066c3f0	
a9a4ecbe2333c00c	FUN_00670b60	0	1	00670b60	CTCCoopSpirit
d985926873657833	FUN_00670b90	0	1	00670b90	CCoopSpiritDef
01c967844b50abb2	FUN_00676be0	0	21	00676be0	AddToComboMultiplierOnHit
d3dc7f3190474d40	FUN_00677970	0	5	00677970	ControlledCount
93fdea6dc6fda04d	FUN_006782b0	0	3	006782b0	
f84efd3524e6d882	FUN_00678760	0	9	00678760	Pyramid
f4b69e15cf0c74ae	FUN_0067f5b0	0	1	0067f5b0	CPhysicalPrimitiveMesh
3976d302da750c56	FUN_0067f6e0	0	1	0067f6e0	CPhysicalPrimitiveSphere
a82b97a4c0c3b08c	FUN_0067f740	0	1	0067f740	CPhysicalPrimitiveCylinder
5725d510cc53481d	FUN_00681cd0	0	3	00681cd0	OPINION_REACTION_MASK
ea47afe1ef64ac6d	FUN_00681e60	0	3	00681e60	OPINION_PERSONALITY
7facc5d6ef60d4fd	FUN_006821e0	0	3	006821e0	OPINION_DEED_MASK
e7821d12db6c9124	FUN_00682310	0	2	00682310	OPINION_PERSONALITY_WIFE_DIVORCED
b843fa12e6050647	FUN_00683c10	0	9	00683c10	TEXT_AI_GUARD_GREET_TO_HERO
3a13dc9d876dfdd4	FUN_00684610	0	18	00684610	AttitudeMask
a9632015f35e6a4b	FUN_00685c00	0	1	00685c00	COpinionOfHeroDef
b4f7ec7a307a77d4	FUN_00686690	0	1	00686690	CTCCreatureOpinionOfHero
5a80e809ce436012	FUN_0068dd00	0	1	0068dd00	CTCActionUseReadable
46d86af74222179f	FUN_0068e510	0	1	0068e510	OBJECT_GUILD_SEAL_1
fc25f98cae19de2c	FUN_0068e8f0	0	1	0068e8f0	CREATURE_ABILITY_ATTACK
04f82ea72e03b2c4	FUN_0068eca0	0	3	0068eca0	CREATURE_ABILITY_ATTACK
bf8d196268cebafa	FUN_0068f470	0	4	0068f470	CREATURE_ABILITY_ATTACK
9f534212dc131ad7	FUN_006922a0	0	1	006922a0	CARRYTHINGADD
b0693d07d67152c5	FUN_006922e0	0	1	006922e0	CARRYTHINGREMOVE
16e2f7e863906068	FUN_00694020	0	3	00694020	CTCHaste
74ab6d2812088a91	FUN_00696130	0	1	00696130	CCreatureStatsDef
9d95710e0f513f68	FUN_00697860	0	3	00697860	 not 
cdbf853bca9f3543	FUN_00698b50	0	2	00698b50	CAMERA_LIST_PUSH_ERROR
a46fe87d2382b458	FUN_00698c30	0	2	00698c30	CAMERA_LIST_PUSH_DOWN
b8ee1446b850b1c2	FUN_00698e40	0	1	00698e40	Z_TARGET_START
80093c7e3f6c2641	FUN_00698f50	0	1	00698f50	PUSH_SPECIALITY_CAMERA_MODE
a545332e04302a61	FUN_00699090	0	2	00699090	CAMERA_LIST_PUSH_ERROR
f218686ec79967c4	FUN_00699970	0	2	00699970	ROTATE_START
f218686ec79967c4	FUN_00699a50	0	2	00699a50	ROTATE_START
9eb71a68943c2d2f	FUN_0069a990	0	4	0069a990	 not 
e4912eaf40bb57ff	FUN_0069adc0	0	1	0069adc0	CAMERA_MANAGER_SET_DEFAULT
6c4cd206031f54de	FUN_0069ae80	0	5	0069ae80	CAMERA_MANAGER_SET_DEFAULT
deadf3edd8e209ae	FUN_0069f3e0	0	1	0069f3e0	STANDARD_SHEATHE
fae39aa234a63425	FUN_0069f980	0	1	0069f980	STANDARD_UNSHEATHE
2a562c702a034e16	FUN_006a16a0	0	2	006a16a0	CTCSolidToThing
776f99ea0c41c72f	FUN_006a2fa0	0	1	006a2fa0	CCarryingDef
9dca5d24b8e2865a	FUN_006a4ba0	0	2	006a4ba0	Health 
66a48c102ddaaff3	FUN_006a4d20	0	1	006a4d20	CTCSoundPlayer
52cb9f3d30d1e786	FUN_006a5d90	0	7	006a5d90	AngleXY
0ea6f18139a7f9d6	FUN_006a80a0	0	3	006a80a0	bitset
4ebe9c57e5c18b91	FUN_006a9a00	0	4	006a9a00	STANDARD_FLY
13ba769e2acec62d	FUN_006a9dd0	0	3	006a9dd0	CTCPhysicsControlled
0ea6f18139a7f9d6	FUN_006ac200	0	3	006ac200	bitset
28c87b35e38c42fc	FUN_006ac910	0	2	006ac910	CThingPlayerCreature::Create 1
d68799243105ff11	FUN_006aca30	0	4	006aca30	CTCActionUseActivateQuest
30704850e4fb9181	FUN_006ae260	0	1	006ae260	CKickableDef
5f97ad9b093c542f	FUN_006aeea0	0	2	006aeea0	GHOSTLY_SWORD
b05ed26829145b57	FUN_006af060	0	1	006af060	CTCRegionFollower
b44b0f9fda87da81	FUN_006b08f0	0	3	006b08f0	PositionX
555c9f353d162943	FUN_006b1600	0	2	006b1600	MAIN_SOUND_SETUP
3c788acda01c2297	FUN_006b16b0	0	1	006b16b0	SOUND_THEME
85575fc810d76917	FUN_006b1960	0	1	006b1960	MAIN_SOUND_SETUP
4694abeac6c063b4	FUN_006b1a20	0	2	006b1a20	NIGHT
4694abeac6c063b4	FUN_006b1d30	0	2	006b1d30	NIGHT
f6f85c633aec9afc	FUN_006b1f30	0	2	006b1f30	SOUND_THEME
2701dc8d9f161e79	FUN_006b2260	0	2	006b2260	MARKER_POSITIONAL_ATMOS
209de898e22de2c6	FUN_006b2c60	0	1	006b2c60	ENVIRONMENT_THEME_DAY
85acfc09f1d21c4b	FUN_006b3350	0	2	006b3350	data\LightingTable\
5ad612aea3be4578	FUN_006b3b80	0	1	006b3b80	CS_LIGHTNING_THUNDER
dba898aa3cff69e3	FUN_006b4900	0	3	006b4900	
8224babed4de702c	FUN_006b91a0	0	6	006b91a0	Ally "
d0b550745506c48c	FUN_006b9560	0	2	006b9560	Faction
add47303e9b9445d	FUN_006b9610	0	3	006b9610	Faction
634ef86b660045f8	FUN_006b97e0	0	3	006b97e0	FACTION
ce422a80fc6e47eb	FUN_006ba480	0	4	006ba480	EndFaction
49c1672a54d87844	FUN_006bbc30	0	4	006bbc30	SetDaySpeed
85575fc810d76917	FUN_006be300	0	1	006be300	MAIN_SOUND_SETUP
638519280910939e	FUN_006bfcd0	0	2	006bfcd0	MARKER_BUYABLE_HOUSE_DRESSING_SIGNPOST
0ee0cf0fbed3a665	FUN_006c0160	0	1	006c0160	OBJECT_GOLDBAG_SMALL_WITH_COINS
269ac9b9b2717268	FUN_006c0810	0	9	006c0810	CurrentDressLevel
ca5ccd7f1fa8a75c	FUN_006c0970	0	1	006c0970	CTCOwnedEntity
0460d86962160601	FUN_006c0c90	0	2	006c0c90	CTCOwnedEntity
cae3558e4a0a12aa	FUN_006c14d0	0	1	006c14d0	CTCThingOwner
87541950d3ff8b23	FUN_006c1ae0	0	1	006c1ae0	CTCBuyableHouse
9f2ad44fc7e271fb	FUN_006c1b00	0	1	006c1b00	CBuyableHouseDef
d3672bf43f68f787	FUN_006c2170	0	7	006c2170	Loading objects
20d7a587b131e3b0	FUN_006c37d0	0	3	006c37d0	*.bncfg
da03d797bb709644	FUN_006c4400	0	1	006c4400	CTCFadeOutAndIn
56ff769203b8ca8e	FUN_006c5a80	0	4	006c5a80	CTCHeroOpinionDeedLog 1
9223b49015f037f0	FUN_006c6990	0	3	006c6990	FACTION_VILLAGERS
c4438ee0a9de60b7	FUN_006c6e80	0	4	006c6e80	Expression_Picklock
a3c0e410677e2e4e	FUN_006c7370	0	6	006c7370	GuardsIgnoreCrimes
bb1a37e580e91f59	FUN_006c7960	0	1	006c7960	FALSE
2bab8367c2a764bc	FUN_006c8780	0	1	006c8780	THING_DUMMY_FOR_SERIALISATION
3120f3d21ad47364	FUN_006c8d00	0	1	006c8d00	CTCHeroOpinionDeedLog
2bab8367c2a764bc	FUN_006c9900	0	1	006c9900	THING_DUMMY_FOR_SERIALISATION
52523f93b77f018f	FUN_006ca120	0	2	006ca120	LastWeaponEquippedID
1485d299c549bdd3	FUN_006ca400	0	1	006ca400	OPINION_SOURCE_RIVAL_HERO_TITLE
eca2aa02306ba750	FUN_006cd2f0	0	1	006cd2f0	CCreatureNavigationDef
364cd76b5d224104	FUN_006cd540	0	1	006cd540	CTCCreatureNavigation
8784ec426a4c5df9	FUN_006cd5a0	0	3	006cd5a0	
8784ec426a4c5df9	FUN_006cd680	0	3	006cd680	
8784ec426a4c5df9	FUN_006ce570	0	3	006ce570	
e4686af698be2d41	FUN_006d0180	0	3	006d0180	OPINION_DEED_MASK_WIFE_DIVORCED
ba112d5c57d188af	FUN_006d0410	0	5	006d0410	TEXT_AI_COMMENT_COURTSHIP_MARRIAGE
0664d79351667f6b	FUN_006d0590	0	2	006d0590	TEXT_GUI_WIFE_GO_TO_BED
e8a4867b5bed0a59	FUN_006d0830	0	5	006d0830	Data\Video\5_wedding_comp.xmv
022d3f8e8c7a2333	FUN_006d18a0	0	3	006d18a0	OPINION_DEED_MASK_WIFE
05d1ecac9e65221c	FUN_006d2bd0	0	30	006d2bd0	BooleanHusbandAppearances[
470c1b5b508aee69	FUN_006d3d00	0	1	006d3d00	CHeroMarriageDef
8784ec426a4c5df9	FUN_006d4320	0	3	006d4320	
bc737f29cc7ff772	FUN_006daa90	0	1	006daa90	CHeroExperienceDef
ca4568133aba2715	FUN_006db520	0	1	006db520	CTCHeroExperience
ef3146e865762887	FUN_006dda50	0	1	006dda50	TEXT_GUI_TROPHY_GAME_ABORTED
5b183890e87326c5	FUN_006ddd30	0	5	006ddd30	TEXT_GUI_HELP
9b3a4f9eb80c479a	FUN_006de080	0	1	006de080	SG_OPINION_REACTION_ROOT
b2c5e3f697cfb751	FUN_006de280	0	4	006de280	SG_OPINION_REACTION_ROOT
cfd0ecef6d08f381	FUN_006de8c0	0	6	006de8c0	OPINION_PERSONALITY_TROPHY_WITNESS_BORED
02a88b9d8ed8cbe5	FUN_006df480	0	1	006df480	TEXT_GUI_TROPHY_TIME_UP
05b21356d8d2d5b1	FUN_006e0730	0	2	006e0730	IndependantObject
627081624ea47b3e	FUN_006e0880	0	1	006e0880	PARTICLE_EMITTER_NORMAL
c9c47aceecfd04b5	FUN_006e0e80	0	1	006e0e80	CREATE_PARTICLE_
e3c1749dc18352d7	FUN_006e0f10	0	1	006e0f10	DESTROY_PARTICLE_
0fb502a3d79d42b9	FUN_006e11f0	0	2	006e11f0	PARTICLE_EMITTER_NORMAL
5e3dfb9d90155801	FUN_006e1d10	0	1	006e1d10	CTCDParticleEmitter
08a0f4c263524aba	FUN_006e97f0	0	2	006e97f0	 - not attack - based on : attack patter
2d529bd1f4f9bba7	FUN_006ed510	0	6	006ed510	 (who has 
290863e11a24bedf	FUN_006edc50	0	2	006edc50	 attacking 
55fea18d43814dd6	FUN_006f0f60	0	1	006f0f60	CCombatAbilityStrafeDef
8784ec426a4c5df9	FUN_006f25a0	0	3	006f25a0	
8784ec426a4c5df9	FUN_006f2680	0	3	006f2680	
78c20d6dc9eb4483	FUN_006f9be0	0	8	006f9be0	 START  
af2fa6a75c1f3623	FUN_006f9ee0	0	2	006f9ee0	game_animation_events.txt
79b5c621fb29ee5c	FUN_006f9f90	0	3	006f9f90	
4e14921bae17365f	FUN_006fa4e0	0	7	006fa4e0	.bin
7abaee365bdb1d95	FUN_006faa90	0	3	006faa90	game_animation_events.h
a82a2973e3d43270	FUN_006fabf0	0	4	006fabf0	Loading Game Animation Events
ff22ff68596ea46a	FUN_00700780	0	1	00700780	CTCOpinionSource
ff22ff68596ea46a	FUN_00700820	0	1	00700820	CTCOpinionSource
c0d2dda411e72fd9	FUN_00702930	0	1	00702930	CQuestCardDef
e706638b7fa29bda	FUN_00702a00	0	1	00702a00	CTCQuestCard
c3a2c550a411bc33	FUN_00702bd0	0	1	00702bd0	CTCDayOrNightOnlySupport
6875604558c1954f	FUN_007032f0	0	1	007032f0	CTCGraphicAppearanceSprite
6feaba4d5cd3cef9	FUN_007039a0	0	3	007039a0	BARREL
5a012c124adf4b30	FUN_00704860	0	3	00704860	
5a012c124adf4b30	FUN_00704a80	0	3	00704a80	
23d3bd4871cfa73f	FUN_007086f0	0	1	007086f0	CTextureReplacementDef
8784ec426a4c5df9	FUN_00708f50	0	3	00708f50	
dc71a5827874e131	FUN_007097c0	0	1	007097c0	CTCHeroAttachableAppearanceModifiers
3cd0a00646a21601	FUN_0070b210	0	1	0070b210	CTCTextureDecal
adb393baf23c6200	FUN_0070b5e0	0	1	0070b5e0	CTCAnimationComplex
93fdea6dc6fda04d	FUN_0070d940	0	3	0070d940	
8784ec426a4c5df9	FUN_00710980	0	3	00710980	
5a012c124adf4b30	FUN_007137d0	0	3	007137d0	
a965e7ecd58eb7d1	FUN_00714370	0	1	00714370	CTCPhysicsNavigator
a965e7ecd58eb7d1	FUN_00715710	0	1	00715710	CTCPhysicsNavigator
dba898aa3cff69e3	FUN_00715a70	0	3	00715a70	
495dadfc4641eaa2	FUN_00716de0	0	1	00716de0	CONV_GENERAL
ca26f578fc103200	FUN_00718610	0	1	00718610	CActionTurnToFacePosition
0aa2f68a67d1d78f	FUN_00718650	0	1	00718650	PROJECTILE_WEAPON_AIM
b8046aa57d0b1b8e	FUN_00718710	0	1	00718710	PROJECTILE_WEAPON_LOAD
b529cb2716b27adf	FUN_00718d90	0	1	00718d90	CActionTalkedTo
188d0c547a48dd49	FUN_00718db0	0	1	00718db0	CActionDoCreatureAction
7751f960fe42b017	FUN_00718dd0	0	1	00718dd0	CActionSummonerLightningAttackTarget
01b6c8b79c552244	FUN_00718df0	0	1	00718df0	CActionPickUpGenericBox
69597a6d3559b906	FUN_00719a50	0	1	00719a50	CTCScriptedControl
0856764990da189c	FUN_00719a70	0	1	00719a70	CActionFireProjectileWeapon
f86d6f1ddffafa56	FUN_0071a4e0	0	1	0071a4e0	CActionTalkToThing
9a05034257c6cbf0	FUN_0071a500	0	1	0071a500	CActionOverheadTalkToThing
bd0f95e89305f2dc	FUN_0071b0e0	0	1	0071b0e0	CTCEmoteIcon
26af8688cb0f80e8	FUN_0071c360	0	6	0071c360	Custom Tattoo Tutorial.txt
5cebae37516ee4ae	FUN_0071d020	0	8	0071d020	Fatness
f4ef9057f3bb0044	FUN_0071f930	0	1	0071f930	CHeroMorphDef
efe7d0bdb0ea7017	FUN_00722360	0	1	00722360	CTCHeroMorph
1e264b6faff2c8b2	FUN_00722d30	0	1	00722d30	CSmokeGeneratorDef
831aa9eb96893df9	FUN_007230d0	0	1	007230d0	CTCSmokeGenerator
8f5161b0470d7b22	FUN_00723420	0	1	00723420	CTCPhysicsLight
30f788b46ffb1616	FUN_00724290	0	6	00724290	RHSetForwardX
a0623d61ba927af3	FUN_00724b80	0	1	00724b80	CTCPhysicsStandard
8784ec426a4c5df9	FUN_00724e30	0	3	00724e30	
c67b88afbc74ee82	FUN_00725e40	0	1	00725e40	CTCPhysicsControlled
a965e7ecd58eb7d1	FUN_007270e0	0	1	007270e0	CTCPhysicsNavigator
2ce7889db813bd57	FUN_007276b0	0	1	007276b0	CTCSimpleAppearanceMorph
22d9b931559074f4	FUN_007284c0	0	1	007284c0	CTCRandomAppearanceMorph
ddd07f89dfbafb1e	FUN_00728ff0	0	1	00728ff0	ST_BLINK
0be7495007e34f21	FUN_007299d0	0	1	007299d0	CTCCreatureExpression
3a4f4cd6e93dff2d	FUN_00729cf0	0	11	00729cf0	AnimationName
e9006f0a75216a09	FUN_00729f60	0	2	00729f60	CTCEntityEvents
91efa914c8b9a2f5	FUN_0072a090	0	2	0072a090	BIG_DOOR_UNLATCH
dec2e3cb942db5c5	FUN_0072a3f0	0	1	0072a3f0	CTCActionUseScriptedHook
c0126bb1f0b87651	FUN_0072a710	0	1	0072a710	CTCActionUseBuyOrSteal
4b68f74eece997c3	FUN_0072a970	0	1	0072a970	CTCBulletTime
d29ebe1eb701d702	FUN_0072a9b0	0	1	0072a9b0	CTCForcePushPower
609905fb5b28cbc0	FUN_0072aa50	0	1	0072aa50	CTCGhostSword
4b7a5a0117e8c68f	FUN_0072aaa0	0	1	0072aaa0	CTCMultiArrow
98970d1af4789dd8	FUN_0072aaf0	0	1	0072aaf0	CTCMultiStrike
ab146de4792c6d8a	FUN_0072ab40	0	1	0072ab40	CurrentCreatureGlobalDefNum
5af3d04910323b59	FUN_0072b0d0	0	1	0072b0d0	CTCPhysicalShieldSpell
6faa931bee4332cf	FUN_0072b160	0	1	0072b160	CTCTurncoatSpell
be0067cebb1913c5	FUN_0072b260	0	1	0072b260	CTCDrainLife
eb32ebbf76d5e77a	FUN_0072b330	0	1	0072b330	CTCSummonSpell
b0fcd5237449af9f	FUN_0072c680	0	1	0072c680	CTCWillLightning
3896a7857b58f914	FUN_0072c930	0	1	0072c930	CTCFireballSpell
8d18bcff7afe315b	FUN_0072da00	0	1	0072da00	CTCSpecialAbilities
d177c7c4a5e7fbc2	FUN_0072dcf0	0	1	0072dcf0	CTCInventoryMagic
ca5ccd7f1fa8a75c	FUN_0072dd60	0	1	0072dd60	CTCOwnedEntity
114af32aafe8208c	FUN_0072ddb0	0	1	0072ddb0	CTCCreatedEntity
114af32aafe8208c	FUN_0072df50	0	1	0072df50	CTCCreatedEntity
632c09e62041519c	FUN_0072e130	0	2	0072e130	CTCCreatedEntity
2cc4aa13d0405770	FUN_0072e290	0	4	0072e290	CREATEBUILDING
95c3c03c0e87dede	FUN_0072e710	0	2	0072e710	TEXT_GUI_BUYABLE_HOUSE_DRESS_IMPROVE
76e8d6b00ab6cd17	FUN_0072e810	0	4	0072e810	TEXT_GUI_BUYABLE_HOUSE_MARITAL_HOME_LIVE
61067fc5696b9965	FUN_0072e940	0	6	0072e940	TEXT_GUI_BUYABLE_HOUSE_BUY
da628457738591c6	FUN_0072ef40	0	1	0072ef40	CTCActionUseBuyHouse
b762a2a972fcda9b	FUN_0072ef60	0	1	0072ef60	CBuyHouseDef
bede37c97c8faf57	FUN_0072f380	0	8	0072f380	CreatureUID
fc33191497940a55	FUN_0072fb70	0	2	0072fb70	GAZE_OUT_OF_BUILDING_MARKER
0144a5b1a797ca13	FUN_00730400	0	1	00730400	CTCDummyVillager
7dcb40d3523b6399	FUN_00731680	0	1	00731680	JACK_OF_BLADES_SHIELD_01
ed9d5fa237fa391f	FUN_007317d0	0	1	007317d0	RISE_UP_EFFECT
cca303596c2a6aec	FUN_007319d0	0	1	007319d0	CTCJackPillar
17d200a99627ee16	FUN_00731a30	0	1	00731a30	CTCJackShield
c5e119141b47bf28	FUN_00732590	0	1	00732590	CTCSpotLight
d8ee983677037ddf	FUN_007325d0	0	1	007325d0	CSpotLightDef
68f6af5498b53dd6	FUN_00733e10	0	1	00733e10	FLOURISH_AVAILABLE
6c7bf7b18733dd0f	FUN_007363a0	0	2	007363a0	HERO_MELEE_COMBAT_ABILITY_BLOCK_COUNTER
c17c4fdbb1d892de	FUN_007380d0	0	1	007380d0	CCombatAbilityBlockUnarmedAttackDef
2b62f8c499ea8691	FUN_007381f0	0	1	007381f0	CCombatAbilityBlockLightWeaponAttackDef
bfc7a6abddc21178	FUN_007382b0	0	1	007382b0	CCombatAbilityBlockHeavyWeaponAttackDef
3630fb5da3fd730c	FUN_00738370	0	1	00738370	CCombatAbilityBlockProjectileWeaponAttac
274a9b1b841864a9	FUN_00738430	0	1	00738430	CCombatAbilityBlockCounterAttackDef
d020592a6abfc87f	FUN_007384f0	0	1	007384f0	CCombatAbilityFlourishCounterAttackDef
37faf6daac9cdfbb	FUN_007385b0	0	1	007385b0	CCombatAbilityGetHitCounterAttackDef
855527bc67abdfbf	FUN_0073dbe0	0	1	0073dbe0	CCreatureModeDef
ad7263bb4c29f75a	FUN_0073e320	0	3	0073e320	NOT_CARRYING
eedde4f8a228b957	FUN_0073e410	0	3	0073e410	NOT_CARRYING
a3a9ad5cb952c9ae	FUN_0073e500	0	3	0073e500	NOT_CARRYING
733517619b55f460	FUN_0073f4b0	0	1	0073f4b0	HERO_IMITATION
11d01005a348a7d0	FUN_0073f8c0	0	1	0073f8c0	JACK_OF_BLADES_VULNERABLE
22a97ccc81633813	FUN_0073fb30	0	1	0073fb30	CARRYING_GENERIC_BOX
9e75493de9a77a4a	FUN_0073fc10	0	1	0073fc10	CARRYING_PLATE
aeb7197e8906eb02	FUN_0073fce0	0	1	0073fce0	CARRYING_GOODS
73177b2d1edd7346	FUN_0073fdb0	0	2	0073fdb0	CROUCH
305933d3632385a0	FUN_0073fea0	0	2	0073fea0	SIT_CHAIR
369a0fae26b4c7ef	FUN_00740340	0	1	00740340	JACK_OF_BLADES_FLOAT
ae4301d194a20b34	FUN_00740450	0	1	00740450	JACK_OF_BLADES_SCREAM
f47b30a681f0dd11	FUN_00740570	0	1	00740570	JACK_OF_BLADES_DEATH
1fd4de685a85ff60	FUN_00740640	0	1	00740640	LIGHTNING_STORM
d5f82d4fee631574	FUN_00740820	0	1	00740820	KNOCKED_DOWN
fbbef331d6de6824	FUN_007408f0	0	1	007408f0	FORCE_PUSHED
c216c933e57c6932	FUN_007409c0	0	1	007409c0	BERSERK_NO_WEAPON
fd08cdc6077a0c1c	FUN_00740a90	0	1	00740a90	WADING_NO_WEAPON
c2a115289164956c	FUN_00740b60	0	1	00740b60	BATTLE_CHARGE
1407c3cf8a5c30ed	FUN_00740c30	0	1	00740c30	ASSASSIN_RUSH
ef03922932cd1a1a	FUN_00740d00	0	1	00740d00	DRINKING_FROM_TANKARD
c794e269b50d7237	FUN_00740dd0	0	1	00740dd0	EAT_AT_TABLE
1e0086aa83cdcc64	FUN_00740f70	0	1	00740f70	SERVE_CUSTOMER
8df43d1a3af4aa20	FUN_007411e0	0	1	007411e0	ARMS_OFF_TABLE
012e5d0c7837b257	FUN_007412b0	0	1	007412b0	SCREAMER_AGGRESSIVE
d5c48fc02d18c306	FUN_00741c40	0	1	00741c40	HIT_BY_EPIC_SPELL
eee1d1dd717bd3f6	FUN_00743990	0	1	00743990	STRAFE_BURNINATE
e9d81022e741f9d3	FUN_00743be0	0	1	00743be0	ICICLE_ASSUALT
57b8be029e3257b6	FUN_00744280	0	1	00744280	CTCCreatureModeManager
6530d8f60513ee3b	FUN_007460b0	0	1	007460b0	CTCPerceiveThing
b518bacf8409c8d5	FUN_00746100	0	1	00746100	CPerceivedThingDef
8784ec426a4c5df9	FUN_007463e0	0	3	007463e0	
4a4c6930614ef7f1	FUN_007479b0	0	1	007479b0	SIMPLE_NOISE
3a360611a7b20a7a	FUN_0074a100	0	3	0074a100	vector
927c273fc000e67a	FUN_0074ace0	0	1	0074ace0	RISE_UP_STRIKE
eaf2be1209edc8fd	FUN_0074af50	0	4	0074af50	CTCGeneratedCreature
2f42c34a8ffb99af	FUN_0074b77c	0	3	0074b77c	MARKER_SET_BAD_CREATURE_GENERATION_AREA
52957c2fba3ba45d	FUN_0074bc30	0	1	0074bc30	Points (Open/Hidden): 
8efb87619a67ec3e	FUN_0074c130	0	2	0074c130	CTCGraphicAppearance
3a360611a7b20a7a	FUN_0074cbc0	0	3	0074cbc0	vector
3a360611a7b20a7a	FUN_0074d120	0	3	0074d120	vector
b7ef426825858bd2	FUN_0074d160	0	1	0074d160	CCreatureGeneratorDef
2eb89f39de228c2a	FUN_0074da00	0	1	0074da00	CTCCreatureGenerator
752da00c04396f54	FUN_0074e280	0	4	0074e280	OBJECT_HEALTH_POTION
6640d2928a91b314	FUN_0074e460	0	1	0074e460	OBJECT_RESURRECTION_PHIAL
c611639a5aa75e8e	FUN_0074e560	0	2	0074e560	CTCLifeTimer
b4368c62682ee25b	FUN_0074e860	0	2	0074e860	OBJECT_DYNAMIC_POTION_DUMMY
3dea2b8a85f5ef14	FUN_0074ec50	0	3	0074ec50	OBJECT_CHEST_REWARD_ON_DEATH
8168c83544b56ba9	FUN_0074ee90	0	1	0074ee90	TXT_SIGN_NOTHING
dd809b499e42af59	FUN_0074f6a0	0	1	0074f6a0	CContainerRewardHeroDef
8784ec426a4c5df9	FUN_0074f900	0	3	0074f900	
f3d367b459e407ca	FUN_0074fcb0	0	1	0074fcb0	CTCContainerRewardHero
a34fea27390f6824	FUN_00750110	0	2	00750110	TEXT_GUI_CHEST_LOCKED_MULTIPLE_KEYS
1ee55a291bd7b98c	FUN_00750a40	0	1	00750a40	CTCDiscovery
2124185c1c346c04	FUN_007510d0	0	1	007510d0	CExplodingObjectDef
c4472a461f9eed80	FUN_00751190	0	1	00751190	CExplosionDef
7ac657546fce3e73	FUN_00751260	0	1	00751260	CTCExplodingObject
d39166387f2dc245	FUN_00754050	0	2	00754050	TURNING_
e491d5b434917e33	FUN_007556b0	0	2	007556b0	HasPaidTheFine
4f1e274d1f041220	FUN_00756ba0	0	1	00756ba0	CTCHeroRememberCrimes
0bafe08e4974724d	FUN_00756d00	0	3	00756d00	Unable to find opening bracket.
dd60db7f11426322	FUN_00757c90	0	5	00757c90	NumberOfWounds
dfbcd4c586c14ef2	FUN_0075bf20	0	1	0075bf20	CTCPhysicsRigidBody
6f21720585238248	FUN_0075c4f0	0	1	0075c4f0	CAMERA_POINT_COMBAT_SPLINE
d91a97b339203b9a	FUN_0075c670	0	11	0075c670	CoordAxisFwd
303757236b6ead82	FUN_0075d320	0	14	0075d320	EndPos.X
ac17f71b8e1ac812	FUN_0075edd0	0	1	0075edd0	CTCCameraPointScripted
41bf078d47339877	FUN_0075fbd0	0	1	0075fbd0	CTCCameraPointScriptedSpline
4edb328802611f8e	FUN_00761c00	0	4	00761c00	.Type
0079ac146376296e	FUN_00762620	0	7	00762620	.Type
c67248de3e63c6c8	FUN_00762ba0	0	3	00762ba0	IsCoordsRelativeToMap
dba898aa3cff69e3	FUN_007634e0	0	3	007634e0	
8784ec426a4c5df9	FUN_00765130	0	3	00765130	
8784ec426a4c5df9	FUN_00765210	0	3	00765210	
d0ff798f9865d468	FUN_00765620	0	1	00765620	CTCShapeManager
ca1fd254d61d8aff	FUN_00767200	0	3	00767200	AugmentationDefNames
0baef1c6b0d467ff	FUN_0076c3b0	0	1	0076c3b0	CTCObjectAugmentations
447a11b691b3d5e7	FUN_0076c9a0	0	3	0076c9a0	EnableFollowersEnemyProxy
55f00d1ddc5a6d53	FUN_0076eb00	0	4	0076eb00	weapon_pos_
631c3e2bc2ad1ea1	FUN_00770930	0	1	00770930	CTCWeaponTrail
fe5b3f97b641483f	FUN_00771000	0	1	00771000	CTCSolidToThing
fdaace9afb867678	FUN_00771100	0	1	00771100	CTCDegradableBarrier
c4b3a512aaa7eb9f	FUN_007711c0	0	1	007711c0	CTCThingUIDDummyForSerialisation
ff22ff68596ea46a	FUN_00771a40	0	1	00771a40	CTCOpinionSource
b94d0d503e54d45a	FUN_00771ee0	0	1	00771ee0	CTCHeroPodium
39e554807dd6445d	FUN_00772bb0	0	4	00772bb0	COUNTER_PLACEMENT
040181a9927aa638	FUN_00773c90	0	1	00773c90	SND_SHOPALARM_01
20b6ed96af04c07d	FUN_007748e0	0	5	007748e0	GOODS_PLACE_
e87071951bd26b19	FUN_00774d20	0	6	00774d20	bitset
a5ee3ddba1e9fd23	FUN_00775350	0	4	00775350	
a1f04d2bf2709b85	FUN_00775c60	0	8	00775c60	DayLastChecked
8784ec426a4c5df9	FUN_00777db0	0	3	00777db0	
db2d578359e0d381	FUN_00778800	0	1	00778800	CTCTimeAppearanceFade
d708016637596845	FUN_00778900	0	1	00778900	CTimeAppearanceFadeDef
8caa92d1e9de4fff	FUN_00778be0	0	1	00778be0	CTCFamilyMember
09155726e2d09fff	FUN_00779430	0	6	00779430	Active
7f9c8a37cd68483a	FUN_00779920	0	1	00779920	CTCDRegionExit
c61914bf87d29fad	FUN_00779ef0	0	1	00779ef0	AMBIENT_SOUND
1babcd5b277ef039	FUN_0077a180	0	1	0077a180	PICKUP_SOUND
bd711baa55c2caeb	FUN_0077a430	0	2	0077a430	CTCFadeOutAndIn
5c6bb4e15d9e858b	FUN_0077ab70	0	1	0077ab70	CTCDExperienceOrb
c649915c5b3d1949	FUN_0077ac20	0	1	0077ac20	CExperienceDef
a98f71b4cdc8f3ba	FUN_0077b0d0	0	1	0077b0d0	ReceptorUID
ad5d762982095822	FUN_0077b680	0	1	0077b680	CTCGraphicAppearanceAnimatedMesh
9f542b631a50dde0	FUN_0077bd00	0	1	0077bd00	CTCGraphicAppearanceStaticMesh
8f210cd553c3dd51	FUN_0077c260	0	1	0077c260	CTCGraphicAppearanceStaticMeshFadeOutOnP
6875604558c1954f	FUN_0077c7a0	0	1	0077c7a0	CTCGraphicAppearanceSprite
566b59ed546da229	FUN_0077cfd0	0	1	0077cfd0	CTCHighlightItem
4f485c07670dc709	FUN_0077d080	0	1	0077d080	CHighlightItemDef
c92400b13ce8b874	FUN_0077d5b0	0	2	0077d5b0	OBJECT_FEAT_CARD_DUMMY
d712e9c66dfd00c3	FUN_0077dc40	0	3	0077dc40	
1f3e95a1966eb1cf	FUN_0077e430	0	1	0077e430	CHeroCentreDef
bd310cd7b3862027	FUN_0077eb70	0	1	0077eb70	CTCHeroCentre
0f95766a36e6c63b	FUN_0077f650	0	3	0077f650	DoorType
0622dd09dd66c903	FUN_0077f7e0	0	1	0077f7e0	MARKTELEPORTER
269a5c9542d75b6e	FUN_0077f970	0	1	0077f970	EXPERIENCE_SPEND
80bbe9fcbd7d5170	FUN_0077fcc0	0	1	0077fcc0	CTCHeroCentreDoorMarker
5ed125f7400d7993	FUN_007800b0	0	1	007800b0	TEXT_GUI_QUESTS_NO_AVAILABLE
6eb69ad05608a1ae	FUN_007802a0	0	1	007802a0	CTCHeroGuide
53e8150fc7a518ce	FUN_00780700	0	1	00780700	Flaming_Hands_Die
abb14619848242d0	FUN_007815a0	0	1	007815a0	CFlammableDef
fc0b839c34b1a82c	FUN_007819d0	0	1	007819d0	CTCFlammable
acf5b7b6f5e6f399	FUN_00781f10	0	1	00781f10	PODIUM_ORB_IDLE_02
9fa806cb8633769d	FUN_00782390	0	2	00782390	PODIUM_ORB_EXPLODE_01
44695b5ff8341d2c	FUN_00782630	0	1	00782630	CTCBoastingPosition
32bcf2df24fbd1bb	FUN_00782ae0	0	1	00782ae0	CTCBoastingArea
96142110c54a034b	FUN_00783a30	0	1	00783a30	CTCCreatureGroupBoastingCrowd
5ac5dcf746c3411e	FUN_00784120	0	1	00784120	CTCBoastingCrowdControl
041a7cd60057e871	FUN_00784260	0	7	00784260	OPINION_SOURCE_HERO_BOASTING_ANNOYED_NO_
4395dd3520b78c3f	FUN_007846b0	0	1	007846b0	OPINION_SOURCE_HERO_BOASTING_ANNOYED_NO_
96142110c54a034b	FUN_00784cb0	0	1	00784cb0	CTCCreatureGroupBoastingCrowd
1f6b80914bb4e2de	FUN_00785010	0	1	00785010	CTCVolumeContainmentTrackerDef
815cfd1ad4e39b05	FUN_00785cd0	0	1	00785cd0	CTCVolumeContainmentTracker
5a012c124adf4b30	FUN_00786700	0	3	00786700	
7b15542640b3747a	FUN_00787060	0	1	00787060	CSkeletalMorphDef
575bcd0ddc3acd59	FUN_007874a0	0	1	007874a0	CTCSkeletalMorph
0c5e629e18a2a321	FUN_0078a690	0	3	0078a690	SE_DRAW_BOW
b8046aa57d0b1b8e	FUN_0078ae30	0	1	0078ae30	PROJECTILE_WEAPON_LOAD
a9ebaa89d05c90c0	FUN_0078af50	0	1	0078af50	CTCHeroRangedAttacks
9598bc369d7b8cdf	FUN_0078b6b0	0	2	0078b6b0	PROJECTILE_WEAPON_AIMING
2e3fcf0aecf6d078	FUN_0078b7c0	0	4	0078b7c0	
b61f9090f6d54079	FUN_0078c000	0	1	0078c000	SPECIAL_ABILITIES_BERSERK_DEF
534b3bc48018ce72	FUN_0078c150	0	2	0078c150	BERSERK_HIT_EFFECT_01
65f4c3a14cf8ef40	FUN_0078c210	0	3	0078c210	HERO_MELEE_COMBAT_ABILITY_BERSERK_CRAZY_
369da05c9348205f	FUN_0078c4c0	0	1	0078c4c0	STARTUP_EFFECT
19cef77652e74365	FUN_0078c610	0	1	0078c610	BERSERK_EXIT_EFFECT
08224830ec905bc3	FUN_0078c900	0	9	0078c900	BERSERK
af4159076370ec00	FUN_0078cd80	0	8	0078cd80	BERSERK_EXIT_EFFECT
4a4c6930614ef7f1	FUN_0078ebf0	0	1	0078ebf0	SIMPLE_NOISE
4b8afebe3e24c137	FUN_0078ecd0	0	6	0078ecd0	ENVIRONMENT_DIVINE_WRATH
1a33736b1ad1f2ae	FUN_0078fd60	0	11	0078fd60	CTCCreatureTintEffect
7762edb24b12512e	FUN_00793320	0	1	00793320	CTCDivineWrath
4a4c6930614ef7f1	FUN_007940f0	0	1	007940f0	SIMPLE_NOISE
e0ad7997939df447	FUN_007941d0	0	7	007941d0	DARK_FACES_EFFECT
9f8ce40910c96ca7	FUN_00795300	0	10	00795300	CTCCreatureTintEffect
157acb4113e3e3c8	FUN_00798160	0	1	00798160	CTCUnholyPower
0ea22f7857e910dc	FUN_00798570	0	1	00798570	SPECIAL_ABILITIES_FORCE_PUSH_DEF
3be756d3d31ebb64	FUN_00798c90	0	1	00798c90	CTCForcePushed
f0d0533e0ef94584	FUN_00799350	0	3	00799350	TEXT_AI_SHOP_KEEPER_SHOW_WARES_DISLIKES
4842458d5550c78a	FUN_007993f0	0	1	007993f0	TEXT_AI_CRIME_RUN_TO_GUARDS
5494b4593bc39ac9	FUN_007996b0	0	2	007996b0	OPINION_DEED_MASK_SHOPKEEPER_ON_THE_JOB
d99067276d7796ae	FUN_00799d50	0	1	00799d50	CTCShopKeeper
d88251b50ab8d6e5	FUN_00799d80	0	1	00799d80	BUILDING_BOUNDRY
1ed5a3d6699118cd	FUN_0079a6e0	0	1	0079a6e0	SPECIAL_ABILITIES_SUMMON_SPELL_DEF
c517c28915ee0925	FUN_0079acc0	0	11	0079acc0	CREATURE_ALIVE_EFFECT
7ecfc519e72ec0fe	FUN_0079b650	0	1	0079b650	HERO_ABILITY_SUMMON_CREATURE_UPGRADE
caea51d8f01cc2eb	FUN_0079b6f0	0	2	0079b6f0	CREATURE_APPEARING
7faa65a4ceb93520	FUN_0079b9d0	0	2	0079b9d0	FACTION_HERO
eb32ebbf76d5e77a	FUN_0079bce0	0	1	0079bce0	CTCSummonSpell
b836cbd8c14abb32	FUN_0079c480	0	1	0079c480	CTCSummonableCreature
6de66f173fc7d439	FUN_0079c4b0	0	1	0079c4b0	CSummonableCreatureDef
2f14765f53cb24a1	FUN_0079d360	0	3	0079d360	SIMPLE_NOISE
4b68f74eece997c3	FUN_0079dc60	0	1	0079dc60	CTCBulletTime
6d79acba74748618	FUN_0079dcc0	0	2	0079dcc0	PHYSICAL_HIT1
2a5cdbdbd170d70d	FUN_0079e5f0	0	3	0079e5f0	SIMPLE_NOISE
5af3d04910323b59	FUN_0079f4e0	0	1	0079f4e0	CTCPhysicalShieldSpell
190e84e82aaee100	FUN_0079f610	0	3	0079f610	ANIM_HERO_WILL_LIGHTNING_ARMED_AIM
f70b819406bddb7a	FUN_007a09b0	0	6	007a09b0	LIGHTNING_BEAM_EFFECT
93fdea6dc6fda04d	FUN_007a0d90	0	3	007a0d90	
b4952cae5ab0c56c	FUN_007a1380	0	2	007a1380	LIGHTNING_END
435966dad58566a7	FUN_007a16f0	0	3	007a16f0	
5a012c124adf4b30	FUN_007a1870	0	3	007a1870	
0b534fb900424369	FUN_007a1b20	0	5	007a1b20	CTCElectrocutedEffect
b0fcd5237449af9f	FUN_007a4060	0	1	007a4060	CTCWillLightning
a46c7ad493a550ff	FUN_007a43a0	0	1	007a43a0	SPECIAL_ABILITIES_ENFLAME_DEF
858d6848182bd3a4	FUN_007a4520	0	5	007a4520	HERO_ABILITY_ENFLAME_CAST_LEVEL_1
4e4785c7afa6bd52	FUN_007a5050	0	1	007a5050	CTCWillEnflame
0ea22f7857e910dc	FUN_007a54a0	0	1	007a54a0	SPECIAL_ABILITIES_FORCE_PUSH_DEF
0c16fc8ea97fee5d	FUN_007a5580	0	4	007a5580	HERO_ABILITY_FORCE_PUSH_CAST_LEVEL_1
d29ebe1eb701d702	FUN_007a6140	0	1	007a6140	CTCForcePushPower
062436b9dbbf33bf	FUN_007a61d0	0	1	007a61d0	CSpecialAbilitiesForcePushDataDef
d989a72ce102f6e2	FUN_007a6ca0	0	1	007a6ca0	CReplaceableMeshDef
b2a0355a52244980	FUN_007a6db0	0	1	007a6db0	CTCGraphicAppearanceReplaceableMesh
e56b6ff9bae96d1c	FUN_007a71b0	0	1	007a71b0	SPECIAL_ABILITIES_BATTLE_CHARGE_DEF
382b628509b106f9	FUN_007a76f0	0	7	007a76f0	LEFT_FEET_EFFECT
cf5e5c9f8bcaeb5a	FUN_007a7bf0	0	1	007a7bf0	ST_ABILITY_FAST_UNSHEATHE_TO_COMBAT_POSE
04c81f99022733b7	FUN_007a7d20	0	15	007a7d20	CREATURE_DRAGON_01
bff747c42e9420d8	FUN_007a8be0	0	4	007a8be0	HERO_ABILITY_BATTLE_CHARGE_CAST_LEVEL_1
8784ec426a4c5df9	FUN_007a91a0	0	3	007a91a0	
092c5c433669054f	FUN_007a9290	0	1	007a9290	CTCBattleCharge
421f4d5eb0b71461	FUN_007a9e40	0	1	007a9e40	SPECIAL_ABILITIES_ASSASSIN_RUSH_DEF
a7a1f69c2f2d422f	FUN_007a9fe0	0	3	007a9fe0	DISPLACEMENT_EFFECT
5301b8252ee0af2f	FUN_007aac50	0	1	007aac50	HERO_ABILITY_ASSASSIN_RUSH_COLLISION
70b1ad08b41ce628	FUN_007ab190	0	1	007ab190	HERO_ABILITY_ASSASSIN_RUSH_CAST
bf826cb8454a5843	FUN_007ab5b0	0	1	007ab5b0	CTCAssassinRush
95790303008bb263	FUN_007acdb0	0	1	007acdb0	CTCAIScratchpad
0114c5b11fb7fea3	FUN_007ad300	0	33	007ad300	Action
bcae239d187ccc0c	FUN_007ad9c0	0	1	007ad9c0	CAIScratchpadDef
0883459593286dfa	FUN_007ae3d0	0	4	007ae3d0	FALSE
de2da1660eb57b92	FUN_007af0f0	0	1	007af0f0	GET_HIT_BY_ARROW
07300609523236cb	FUN_007af490	0	1	007af490	EXPLODE_ON_KILLING_BLOW
0778786669c8d0d9	FUN_007af840	0	1	007af840	CTCRockTrollShield
199cfc7e50bec634	FUN_007b0360	0	3	007b0360	FISHING_SPOT_01
587ee0d18c4a74f9	FUN_007b0680	0	1	007b0680	CTCFishingSpot
3f93b236079a0450	FUN_007b0cd0	0	13	007b0cd0	FISHING_FISH_CAUGHT
0ee0cf0fbed3a665	FUN_007b2ab0	0	1	007b2ab0	OBJECT_GOLDBAG_SMALL_WITH_COINS
0bd5725f80c67cc7	FUN_007b3120	0	3	007b3120	EXPRESSION_APOLOGY
704caf537d2a6f18	FUN_007b3760	0	8	007b3760	BribePool
8784ec426a4c5df9	FUN_007b4980	0	3	007b4980	
3464ff5df2ed312c	FUN_007b5680	0	1	007b5680	CActivateQuestDef
e6443517c59d33cd	FUN_007b5e50	0	5	007b5e50	MARKER_WATERFALL_SPOT
40fe15a386824c6a	FUN_007b62b0	0	1	007b62b0	CTCWaterWader
dad723ab6806a38d	FUN_007b6c70	0	1	007b6c70	CTCCrateStack
b41efd4b880b5957	FUN_007b7f50	0	1	007b7f50	COverheadDisplayDef
d0d4386f4eee2796	FUN_007b8060	0	1	007b8060	CTCOverheadDisplay
a99ac8cea4ff4320	FUN_007b8680	0	2	007b8680	OBJECT_TG_TANKARD_01
4a30536729b87316	FUN_007b8710	0	5	007b8710	ACTION_POINT_GAME_MASTER_
6b1554c9535aaf78	FUN_007b8840	0	2	007b8840	ACTION_POINT_SIT_
0e9494d83435b64b	FUN_007b8b10	0	1	007b8b10	ACTION_POINT_SIT
6ab394f06153b852	FUN_007b8cc0	0	3	007b8cc0	ACTION_POINT_GAME_MASTER_
e9b19224ca07dfca	FUN_007b90f0	0	4	007b90f0	CTCCreatedEntity
303cc5e29f0160ef	FUN_007b9700	0	1	007b9700	CTavernTableDef
dc6fb32e0b8462cf	FUN_007b9b00	0	1	007b9b00	CTCTavernTable
ef8ca0cbfe852e2c	FUN_007ba000	0	1	007ba000	ACTION_POINT_MAID
5310ca2cbe537938	FUN_007ba1d0	0	1	007ba1d0	ACTION_POINT_BARMAN
5310ca2cbe537938	FUN_007ba3c0	0	1	007ba3c0	ACTION_POINT_BARMAN
28b3f9db87f5a701	FUN_007ba550	0	4	007ba550	ACTION_POINT_JUGEMPTY
5310ca2cbe537938	FUN_007ba8c0	0	1	007ba8c0	ACTION_POINT_BARMAN
7bbda98140bf7e0b	FUN_007baac0	0	1	007baac0	CTCTavernBar
82452cc9da6d3532	FUN_007bad60	0	1	007bad60	CTCTrespassable
23b1b3836b3987b8	FUN_007bb1f0	0	1	007bb1f0	OPINION_SOURCE_TRESPASSER
af0cd5f5867bc367	FUN_007bb610	0	1	007bb610	CTCTrespasser
952f433fbe68ce07	FUN_007bb920	0	1	007bb920	CDrunkennessDef
b2b8e6ff4aef5ce5	FUN_007bb9f0	0	1	007bb9f0	CTCDrunkenness
d1aaa5e7bfc1f9f3	FUN_007bc8fc	0	1	007bc8fc	CTCHitOnCollision
c2ddf6a0a41dfb21	FUN_007bd2d1	0	2	007bd2d1	OBJECT
c2ddf6a0a41dfb21	FUN_007bd527	0	2	007bd527	OBJECT
2ae483f73b0ddd13	FUN_007bdd77	0	1	007bdd77	weapon_pos_a
e1264dd0c07e2f8f	FUN_007bde31	0	6	007bde31	CTCBurntEffect
2ae483f73b0ddd13	FUN_007be05c	0	1	007be05c	weapon_pos_a
17f69ac05975ac8d	FUN_007be0f9	0	3	007be0f9	CTCForcePushed
d41ae38e7b5a5ace	FUN_007be3e0	0	2	007be3e0	MOVE_DIRECTION
d41ae38e7b5a5ace	FUN_007be4e0	0	2	007be4e0	MOVE_DIRECTION
17501a05562de45a	FUN_007be7ea	0	1	007be7ea	CThingMultiArrowShotDef
a599524d1ce26757	FUN_007be88c	0	1	007be88c	CFireballSpellLevelDef
6e2751eab786c428	FUN_007be92e	0	1	007be92e	CThingDrainLifeShotDef
fe5b3f97b641483f	FUN_007bf790	0	1	007bf790	CTCSolidToThing
108f01f99271b04d	FUN_007c04a0	0	2	007c04a0	ARROW_FLY_BY
41b0b8f25de2bab0	FUN_007c0ad0	0	4	007c0ad0	CREATURE
a4b703a905e46279	FUN_007c1000	0	5	007c1000	CTCDeadShotInThingTracker
58eee1a33875a9f5	FUN_007c22f0	0	1	007c22f0	CTCShotDefinitionThrow
effd7c4ca1cbbaa2	FUN_007c2480	0	1	007c2480	MOVE_DIRECTION
d41ae38e7b5a5ace	FUN_007c25a0	0	2	007c25a0	MOVE_DIRECTION
fad7f80bd8e30f7b	FUN_007c30e0	0	1	007c30e0	SPECIAL_ABILITIES_DRAIN_LIFE_DEF
6485da3b4fe91582	FUN_007c3220	0	3	007c3220	DAMAGE_EFFECT
1f06030cc85555b3	FUN_007c3ad0	0	1	007c3ad0	CSpecialAbilitiesDrainLifeDataDef
be0067cebb1913c5	FUN_007c3bf0	0	1	007c3bf0	CTCDrainLife
046ce9e0ac773494	FUN_007c3eb0	0	4	007c3eb0	HEALING_EFFECT_LEVEL1
acfd2e9a1210a3b1	FUN_007c3fb0	0	2	007c3fb0	SIMPLE_NOISE
6d5769fa296b6897	FUN_007c4430	0	5	007c4430	HERO_ABILITY_HEAL_LIFE_CONTINUOUS_LEVEL_
d53aa32edf7db30a	FUN_007c4bd0	0	2	007c4bd0	SPECIAL_ABILITIES_HEAL_LIFE_DEF
42264f34d7cb2383	FUN_007c53f0	0	1	007c53f0	GHOSTLY_SWORD
725e83427665baa0	FUN_007c5560	0	1	007c5560	SPECIAL_ABILITIES_GHOST_SWORD_DEF
4b8814db34b7a56a	FUN_007c57c0	0	11	007c57c0	CTCEffectOnDie
0c37dcf58ca21af1	FUN_007c60a0	0	2	007c60a0	EMITTER_BASE
609905fb5b28cbc0	FUN_007c6680	0	1	007c6680	CTCGhostSword
62412f4617accd50	FUN_007c6760	0	1	007c6760	SPECIAL_ABILITIES_TURNCOAT_SPELL_DEF
c26432f209105e87	FUN_007c6aa0	0	3	007c6aa0	ENEMY_TURNCOATING_EFFECT
81e236556cb65bce	FUN_007c6e50	0	4	007c6e50	HERO_ABILITY_TURNCOAT_ABSORB
6faa931bee4332cf	FUN_007c77a0	0	1	007c77a0	CTCTurncoatSpell
65d48f12c76fa0fd	FUN_007c7a00	0	1	007c7a00	HERO_ABILITY_TURNCOAT_CHANT
e772500c174527a3	FUN_007c7c40	0	1	007c7c40	HERO_ABILITY_TURNCOAT_RELEASE
77febf92539468fb	FUN_007c8000	0	1	007c8000	CTurncoatDef
fe5b3f97b641483f	FUN_007c81f0	0	1	007c81f0	CTCSolidToThing
d1aaa5e7bfc1f9f3	FUN_007c8520	0	1	007c8520	CTCHitOnCollision
0946dcf6569ae2a5	FUN_007c85f0	0	4	007c85f0	ANIM_HERO_WILL_FIREBALL_ARMED_AIM
58f1f5bbc79ba7e9	FUN_007c86f0	0	4	007c86f0	ANIM_HERO_WILL_FIREBALL_ARMED_RELEASE
472d67650db9dbd2	FUN_007c87f0	0	2	007c87f0	HERO_ABILITY_FIREBALL_LOOP
69e4043ccbdc4ed6	FUN_007c89f0	0	8	007c89f0	FIREBALL_1
a0192c8307194dcc	FUN_007c8de0	0	5	007c8de0	HERO_ABILITY_FIREBALL_POWERUP_1
4a4c6930614ef7f1	FUN_007c9180	0	1	007c9180	SIMPLE_NOISE
1ea3fa913d263c36	FUN_007c93b0	0	1	007c93b0	BUILDUP_EFFECT
3896a7857b58f914	FUN_007c9590	0	1	007c9590	CTCFireballSpell
2363c8e7e275f2f7	FUN_007c977c	0	2	007c977c	FrameToRegenerate
2bc4fe2aeb369c64	FUN_007c99f0	0	2	007c99f0	MARKER_CREATURE_GENERATOR_INVISIBLE
d0f3c555e0b90022	FUN_007c9e70	0	1	007c9e70	CTCCreatureGeneratorCreator
0ea6f18139a7f9d6	FUN_007cabd0	0	3	007cabd0	bitset
f2e66901856c95bf	FUN_007cacb0	0	6	007cacb0	TEXT_GUI_FISH_LENGTH
9a13a0cab4cd8690	FUN_007cb8b0	0	2	007cb8b0	PickedUpItems
384a2c9a5785488f	FUN_007cbd50	0	1	007cbd50	CTCHeroReceiveItems
f0a1e9ebe8fc5962	FUN_007cc4d0	0	3	007cc4d0	CAST_EFFECT
4b7a5a0117e8c68f	FUN_007cc960	0	1	007cc960	CTCMultiArrow
154b7e038799dddb	FUN_007ccf50	0	8	007ccf50	WEAPON_EFFECT_LONG_LEVEL1
25d4c8c6cf5b87b3	FUN_007cd390	0	6	007cd390	CAST_EFFECT_LEVEL1
98970d1af4789dd8	FUN_007cd7e0	0	1	007cd7e0	CTCMultiStrike
ce9ec5aab7951f49	FUN_007cdd10	0	1	007cdd10	SINGE_EFFECT
2008555089ea8a81	FUN_007cdfe0	0	2	007cdfe0	SPECIAL_ABILITIES_BURNT_EFFECT_DEF
24a391b7c2251610	FUN_007ce180	0	1	007ce180	CTCBurntEffect
c60adebfae0d9b0b	FUN_007ce7a0	0	6	007ce7a0	DUMMY_CENTRE
c3301e62738e4647	FUN_007ceb00	0	2	007ceb00	SPECIAL_ABILITIES_ELECTROCUTED_EFFECT_DE
0a8a36bf55258f19	FUN_007ced10	0	1	007ced10	CTCElectrocutedEffect
768bca3b708562bf	FUN_007cf110	0	2	007cf110	SPECIAL_ABILITIES_CREATURE_TINT_DEF
4d32ff9a068fa746	FUN_007cf360	0	1	007cf360	CTCCreatureTintEffect
dac8168c6f4b7876	FUN_007d00f0	0	4	007d00f0	TAVERN_GAME_LOSE_GAME
9e56233e880ee39d	FUN_007d04f0	0	2	007d04f0	DUMMY_OBJECT_MAX
3f7c9a30c8f6fbf6	FUN_007d1260	0	1	007d1260	CTavernGameShoveHaPennyDef
26709dd35ed7f672	FUN_007d2220	0	1	007d2220	CTCTavernGameShoveHaPenny
3cfcb91a21dbe274	FUN_007d2920	0	2	007d2920	OBJECT_TAVERN_TABLE_COIN_GOLF
c0e491cdfecaff3a	FUN_007d2ff0	0	4	007d2ff0	TAVERN_GAME_CORRECT
3bc25ad62b7b4446	FUN_007d3f80	0	2	007d3f80	COIN_GOLF_GOAL_MARKER
2d4ee4a463ac277c	FUN_007d4410	0	1	007d4410	OBJECT_TAVERN_TABLE_COIN_GOLF
a9d1ba50e2986386	FUN_007d4bd0	0	1	007d4bd0	CTavernGameCoinGolfDef
7c4e6f62cc319f05	FUN_007d4d70	0	1	007d4d70	CTCTavernGameCoinGolf
e0dffa0e3ccc0b2b	FUN_007d5070	0	2	007d5070	TAVERN_GAME_CARD_DEAL
32a68f4aaef8a7d0	FUN_007d5890	0	1	007d5890	TAVERN_GAME_CORRECT
8784ec426a4c5df9	FUN_007d5d60	0	3	007d5d60	
10f8ae00ad1fe676	FUN_007d5ef0	0	1	007d5ef0	CTCTavernGameCardSorting
a31ac67cc605e942	FUN_007d62d0	0	3	007d62d0	TAVERN_GAME_CARD_FLIP
992345e2c5b099d3	FUN_007d7980	0	1	007d7980	CTCTavernGameCardPairs
bbff357382e12aea	FUN_007d8290	0	1	007d8290	TAVERN_GAME_OBJECT_SELECTION_CHANGE
2cdf62d3da699bcb	FUN_007d83c0	0	1	007d83c0	DUMMY_OBJECT_GAME_POSITION
392240602e7adcca	FUN_007d8570	0	3	007d8570	TAVERN_GAME_CORRECT
3b08e8c1bd45eaf1	FUN_007d9a80	0	1	007d9a80	CTavernGameSpotTheAdditionDef
1a74ed4e92f10ad5	FUN_007d9eb0	0	1	007d9eb0	CTCTavernGameSpotTheAddition
dad219d6bf7cf46d	FUN_007da290	0	1	007da290	TAVERN_GAME_CARD_FLIP
e698e755a52c6f5e	FUN_007da810	0	1	007da810	TAVERN_GAME_CARD_DEAL
e698e755a52c6f5e	FUN_007dac10	0	1	007dac10	TAVERN_GAME_CARD_DEAL
6a45fcf6985a7252	FUN_007daef0	0	2	007daef0	TAVERN_GAME_CARD_DEAL
a31ac67cc605e942	FUN_007db6a0	0	3	007db6a0	TAVERN_GAME_CARD_FLIP
8784ec426a4c5df9	FUN_007dc3f0	0	3	007dc3f0	
4be930ed9aa7bf95	FUN_007dc970	0	1	007dc970	CTCTavernGameCardBlackjack
63c88daab2051c64	FUN_007dd190	0	1	007dd190	CTCCreatureFlyOnSpline
33a1d7ac51439eb1	FUN_007dd540	0	2	007dd540	DRAGON_FIRE_TRAIL
7c9529c3e3f1bc41	FUN_007ddcc0	0	2	007ddcc0	FLY_INTO_HOVER
40923629da28ed0b	FUN_007ddda0	0	3	007ddda0	BREATHE_FIRE_STRAIGHT_LOOP
7ebe37c5ab09fec7	FUN_007de3f0	0	1	007de3f0	CTCCreatureFlyInCircles
1d51dab7f9af04f8	FUN_007de530	0	2	007de530	BoughtForAmount
ce2247ee354fcf68	FUN_007de710	0	4	007de710	WALL_MOUNT_DUMMY_OBJECT
52aa30eb5cc5b652	FUN_007df2c0	0	1	007df2c0	CTCWallMount
3b4dea77da71ffef	FUN_007df3e0	0	1	007df3e0	CTCTeleporter
345ecc497d7887a4	FUN_007df4b0	0	2	007df4b0	Do you want to heal yourself?
63b9f9b80a3c48da	FUN_007df9e0	0	1	007df9e0	CWallMountEffectsDef
9e7952e2aaf7a00d	FUN_007dfab0	0	1	007dfab0	CTCWallMountEffects
2c72fee30232fd8c	FUN_007e00d0	0	1	007e00d0	HERO_GUILD_TELEPORT_MARKER
3b4dea77da71ffef	FUN_007e0500	0	1	007e0500	CTCTeleporter
1ce36e4ba8b3c0ee	FUN_007e0540	0	1	007e0540	CTeleporterDef
b5b02bd5c266fb7c	FUN_007e0a10	0	1	007e0a10	CTCHeroSpecialMovement
4254c67759d7f31b	FUN_007e0a40	0	1	007e0a40	CHeroSpecialMovementDef
90c6f462bbbc8ccf	FUN_007e0d80	0	1	007e0d80	CTCEffectOnDie
9e9aad3f1cad4549	FUN_007e0f20	0	2	007e0f20	POWER_UP_INDICATOR
eb14057d7bb60845	FUN_007e1150	0	1	007e1150	CTCAICreatureWillPowerIndicator
f2ff98e826df9263	FUN_007e1230	0	1	007e1230	CAICreatureWillPowerIndicatorDef
439f399e9603a45b	FUN_007e1400	0	1	007e1400	CMultiStaticMeshDef
e2ec56e2bcf34053	FUN_007e1a80	0	1	007e1a80	CTCGraphicAppearanceMultipleStaticMeshes
85848607301442f1	FUN_007e1b10	0	4	007e1b10	DisplayTime
d898fb5521f257d5	FUN_007e1bf0	0	1	007e1bf0	CTCInfoDisplay
ca115f4a57070c69	FUN_007e1d30	0	1	007e1d30	CBonusItemDef
06e861f0d115254a	FUN_007e2390	0	1	007e2390	CFishingRodDef
7a95a20c97657f00	FUN_007e2490	0	1	007e2490	CTCFishingRod
8abe01a2b67fdf85	FUN_007e2590	0	1	007e2590	CTCDiggingSpot
0a8a36bf55258f19	FUN_007e2600	0	1	007e2600	CTCElectrocutedEffect
6c436286bb62da4f	FUN_007e26f0	0	1	007e26f0	CTCElectrocuteOnTouch
e146d43ac17c94bd	FUN_007e27f0	0	3	007e27f0	TEXT_GUI_CRIME_FINE_HAND_OVER
e4fe864c30c4624a	FUN_007e2a60	0	3	007e2a60	TEXT_GUI_CRIME_KICKED_OUT_MURDER
6d7c965e81e61a8d	FUN_007e2d40	0	1	007e2d40	CTCFineDialogue
2db14fe1d1c97506	FUN_007e3230	0	1	007e3230	CTCCameraCollision
706ad3efaceec318	FUN_007e3290	0	1	007e3290	CCameraCollisionDef
c2185146bf8ea577	FUN_007e3540	0	1	007e3540	CTCDeadShotInThingTracker
0fc3d424fe83209a	FUN_007e36a0	0	1	007e36a0	AtmosName
70b001af29cd2afd	FUN_007e3770	0	1	007e3770	CTCAtmosPlayer
5a5fae43359a4fbb	FUN_007e3820	0	2	007e3820	Unable to find closing quote
e5590141434acf9a	FUN_007e3d50	0	1	007e3d50	CTCWillResponse
e5590141434acf9a	FUN_007e3f40	0	1	007e3f40	CTCWillResponse
e5590141434acf9a	FUN_007e4040	0	1	007e4040	CTCWillResponse
e5590141434acf9a	FUN_007e4330	0	1	007e4330	CTCWillResponse
07528e640b345baa	FUN_007e47d0	0	1	007e47d0	CWillResponseDef
e5590141434acf9a	FUN_007e48a0	0	1	007e48a0	CTCWillResponse
0b31b9777aed8af6	FUN_007e4c20	0	1	007e4c20	CTCCreditsUI
ce185a5efd69f9a1	FUN_007e4d70	0	1	007e4d70	Missing text entry
e589f7837e50ef15	FUN_007e5230	0	2	007e5230	TAVERN_GAME_BET_DECREMENT
1caec984e3115d72	FUN_007e5ae0	0	1	007e5ae0	CTCLifeTimer
da1ca8f85bb00fe8	FUN_007e5d20	0	5	007e5d20	OBJECT_SS_ORACLE_SYMBOL_BLUE_01
ce185a5efd69f9a1	FUN_007e5ff0	0	1	007e5ff0	Missing text entry
00e0e8269e022ede	FUN_007e61b0	0	1	007e61b0	SND_MM_COLOURED_FLARE
7885369f7a136f6f	FUN_007e6450	0	3	007e6450	SND_MM_EXPRESSION_SEQUENCE_CORRECT
a4c907f97073f5ba	FUN_007e6750	0	3	007e6750	SND_MM_EXPRESSION_SEQUENCE_COMPLETE
e14994bb96bef850	FUN_007e6e00	0	1	007e6e00	COracleMinigameDef
97e920a5ab4c43c8	FUN_007e6fe0	0	1	007e6fe0	CTCOracleMinigame
76ce2abc21a54e90	FUN_007e7280	0	1	007e7280	CActionMoveTo
ce185a5efd69f9a1	FUN_007e7580	0	1	007e7580	Missing text entry
bbff357382e12aea	FUN_007e7ac0	0	1	007e7ac0	TAVERN_GAME_OBJECT_SELECTION_CHANGE
70b8e6e3fdec2772	FUN_007e7d80	0	1	007e7d80	CFireheartMinigameDef
cd307850ea0e426c	FUN_007e7e80	0	1	007e7e80	CTCFireheartMinigame
deddd54670c2944f	FUN_007e7fd0	0	1	007e7fd0	STANDARD_CAST
067dae874e18456b	FUN_007e8160	0	1	007e8160	GameTextDefName
ce4a1916be354ea1	FUN_007e8200	0	1	007e8200	CReadableDef
dc20eb84a593c354	FUN_007e8460	0	3	007e8460	OwnerUID
68a69c2a669aceba	FUN_007e8590	0	4	007e8590	CTCSwitchableNavigation
da581f141437f503	FUN_007ea960	0	1	007ea960	CTargetingDef
7c3ee4d104b26cf2	FUN_007eae40	0	1	007eae40	CActionUseDef
deddd54670c2944f	FUN_007eb030	0	1	007eb030	STANDARD_CAST
582834a88c95fc0f	FUN_007eba20	0	1	007eba20	ST_HOMICIDAL_INTRO
ffb44db4caba97ed	FUN_007ebea0	0	7	007ebea0	TEXT_GUI_TAVERNGAMES_GENERIC_CONTINUE
fb97f7c207265399	FUN_007ed780	0	1	007ed780	STANDARD_SHOW_OBJECT
7f19e01c4d9a2405	FUN_007ee010	0	1	007ee010	PICK_UP_OBJECT
50760924a7f44d5c	FUN_007ee3d0	0	1	007ee3d0	VillageUID
287ca28785ea5f90	FUN_007ee6e0	0	1	007ee6e0	CVillageMemberDef
04b407bdde4c8419	FUN_007eeea0	0	1	007eeea0	CSmashableDef
a97bf9725d6ac27a	FUN_007ef070	0	1	007ef070	ExpressionDef
27c0c2e9befda81a	FUN_007ef710	0	4	007ef710	CTCRandomAppearanceMorph
47aa94d5acca0e10	FUN_007efc50	0	1	007efc50	CDecapitationDef
ee76563ce5b9201f	FUN_007f08b0	0	3	007f08b0	EFFECT_WATER
92cebb55fb68772c	FUN_007f0b10	0	2	007f0b10	EFFECT_WATER
c16942604f4c2453	FUN_007f11d0	0	1	007f11d0	KRAKEN_TENTACLE_WHACK
1e083bde8b3b8b2f	FUN_007f16b0	0	1	007f16b0	CKrakenTentacleDef
8ef966fad785f38d	FUN_007f2410	0	1	007f2410	LIGHTNING_ORB_HIT
712ff25cc0b28801	FUN_007f26b0	0	4	007f26b0	CTCLightningNode
6783c4cef0e5a190	FUN_007f2dc0	0	7	007f2dc0	CTCElectrocutedEffect
e8b1113d0f465fc2	FUN_007f3c20	0	1	007f3c20	CLightningOrbDef
b3f43a4f311f7c4f	FUN_007f4b60	0	1	007f4b60	Missing text tag
5006eac09c057cc4	FUN_007f5150	0	1	007f5150	STREETLIFE
6a6bb6cc8ceb555d	FUN_007f5560	0	1	007f5560	CSoundAtmospheresDef
6aeba033323024a3	FUN_007f77c0	0	2	007f77c0	DeactivateAfterSetTime
91cfaeb991baef3b	FUN_007f87a0	0	1	007f87a0	CParticleAttacherDef
f2166c707b06d43e	FUN_007f9330	0	1	007f9330	CAnimatingObjectDef
97b5d477a77293ba	FUN_007fb6a0	0	1	007fb6a0	MOUTH_DUMMY
e12f3ac2392f30e4	FUN_007fb870	0	2	007fb870	BEAM_ATTACK_FADE
1c224c6d82ed8b7b	FUN_007fbb00	0	1	007fbb00	EFFECT_WATER
10b2fd949472b4ac	FUN_007fbc90	0	2	007fbc90	BUILDING_KRAKEN_CHAMBER
786a5514f195aac2	FUN_007fbe50	0	3	007fbe50	BEAM_HIT
05041659e951d502	FUN_007fc210	0	6	007fc210	CARRY_SLOT_KRAKEN_TENTACLE_01
8e9b8852e9ab31bb	FUN_007fd4b0	0	1	007fd4b0	THING_PHYSICAL_OBSTRUCTION
eb7d9402625e5689	FUN_007fe040	0	1	007fe040	SUMMONED_CREATURE
247c5132e592fb4a	FUN_00800540	0	1	00800540	CREATURE_YOURE_ONLY_INTERESTED_IN_ME_FOR
840e961d327f25a9	FUN_008006d0	0	4	008006d0	NavLayer
3533cb71223a3e49	FUN_008008b0	0	3	008008b0	NavLayer
87155172420a80ca	FUN_00800a60	0	2	00800a60	PrecCalculatedNavigationRouteVersion
da6f970c771163b9	FUN_00801670	0	1	00801670	CIdleSchedulerDef
5a80e809ce436012	FUN_00802e00	0	1	00802e00	CTCActionUseReadable
700ef9dc97d3a966	FUN_00805890	0	1	00805890	EXPRESSION_STEAL
c1a002e9690f7b79	FUN_00808e40	0	1	00808e40	CTCActionUseWindow
24a391b7c2251610	FUN_0080ca20	0	1	0080ca20	CTCBurntEffect
5a507b58af3a5bfa	FUN_0080f5e0	0	1	0080f5e0	DUMMY_CENTRE
5c8dea4be577a94c	FUN_0080f870	0	2	0080f870	DUMMY_CENTRE
18d6d7f31792b80b	FUN_008101f0	0	3	008101f0	
e08942aefb500439	FUN_00810c80	0	1	00810c80	CExplosiveTrailDef
3e595054d1b01fac	FUN_008111f0	0	1	008111f0	HERO_ABILITY
5a012c124adf4b30	FUN_008113c0	0	3	008113c0	
3e595054d1b01fac	FUN_00811830	0	1	00811830	HERO_ABILITY
fcdbaf3080e60fe8	FUN_008139c0	0	2	008139c0	TEXT_GUI_GOLD
af6305c0b6e94152	FUN_008148c0	0	1	008148c0	CBoastingPodiumDef
30d65d7456342d18	FUN_00817bb0	0	1	00817bb0	CHitLocationsDef
8784ec426a4c5df9	FUN_008185b0	0	3	008185b0	
dba898aa3cff69e3	FUN_00821850	0	3	00821850	
a765341e41a7e37c	FUN_00821a80	0	7	00821a80	ENGINE_THEME
8784ec426a4c5df9	FUN_008258d0	0	3	008258d0	
6ae036e9889fbc9d	FUN_00828710	0	6	00828710	Initialise Region Graph
686a36e60e189f22	FUN_00829d90	0	2	00829d90	.wld
6745b0da5e0b0101	FUN_0082a9b0	0	4	0082a9b0	CREATURE_BODY_GUARD
a555307636bb79c9	FUN_0082afa0	0	3	0082afa0	NoQuestRoute
a77bdbf8dcffc8bd	FUN_0082b630	0	1	0082b630	CREATURE_BIRD_GUILD_SPARROW
493a01a3877802dd	FUN_0082ba00	0	1	0082ba00	MINIMAP_PRISONCOURTYARD1
221317a6dd9b293b	FUN_0082be60	0	2	0082be60	MINIMAP_PRISONCOURTYARD1
c05b421e50614f1f	FUN_0082d3b0	0	1	0082d3b0	CAMERA_MANAGER_SET_BUILDING
edb2c480a65f32a2	FUN_008304a0	0	20	008304a0	AllowedToFollowHero 
df88d04f69313014	FUN_00830dd0	0	1	00830dd0	STANDARD_FLY
8cf559fd346ba92d	FUN_00830fe0	0	19	00830fe0	AllowedToFollowHero
706c01949eede9a6	FUN_008328d0	0	1	008328d0	CTCOnHeroPush
f1a0b00349811519	FUN_00832e60	0	1	00832e60	STANDARD_MESSAGE_EVENT_MURDER
6c284cf438068cef	FUN_008334f0	0	1	008334f0	GATHER_POSITION
d03a74ddb8ee49ac	FUN_008338d0	0	1	008338d0	BRAIN_STAND_AROUND_LIKE_A_MORON
154412820a1b016e	FUN_00835c80	0	5	00835c80	CTCAnimationComplex
0c471f903c59a942	FUN_00835fd0	0	5	00835fd0	CTCDiscovery
da03d797bb709644	FUN_00836260	0	1	00836260	CTCFadeOutAndIn
0229dab6a16ae5c9	FUN_00837570	0	5	00837570	FALSE
802f00833bc4ff96	FUN_00837ce0	0	9	00837ce0	CTCPhysicsStandard
593d1b2b7aa43333	FUN_00839940	0	6	00839940	CTCActionUseWindow
421a2f47eb7308f3	FUN_0083bf90	0	4	0083bf90	EnvironmentDef 
7bfd5db028004349	FUN_0083c230	0	4	0083c230	EnvironmentDef
51d28b18ac855675	FUN_0083c2d0	0	6	0083c2d0	EndThing
429ea1ebd5a69cc0	FUN_0083d800	0	1	0083d800	TriggeredByThing 
8fee4665020c56fa	FUN_0083d940	0	1	0083d940	TriggerableObjectScriptName
6d684ab93f036963	FUN_0083d990	0	3	0083d990	EndThing
f5961bcf0d070012	FUN_0083e1f0	0	7	0083e1f0	DefinitionType
bb8657f852e3c127	FUN_0083eb00	0	3	0083eb00	
75bbc89b777f8516	FUN_0083ebd0	0	4	0083ebd0	
354a5875b3a51341	FUN_0083ecf0	0	4	0083ecf0	
b539ac806448e012	FUN_0083efe0	0	7	0083efe0	
f1f3be22b21fb180	FUN_0083f420	0	5	0083f420	http://
44b333d9ebdaa2da	FUN_0083f650	0	6	0083f650	basic_string
c34655a6caeafc1a	FUN_0083f9b0	0	4	0083f9b0	
110224e5502f1126	FUN_0083fce0	0	8	0083fce0	User-Agent
75bcbd0f849730da	FUN_008400b0	0	8	008400b0	Connection: close
88f39dcb6a28869b	FUN_00840740	0	6	00840740	ServerCode
89e0107665a31091	FUN_00840b60	0	13	00840b60	Content-Length
8784ec426a4c5df9	FUN_00841820	0	3	00841820	
2fafc2502810316f	FUN_00841b70	0	5	00841b70	basic_string
2fafc2502810316f	FUN_00841c50	0	5	00841c50	basic_string
5ea705da0c575076	FUN_00842150	0	1	00842150	ST_HOLD_BOX_PUT_DOWN
3a0a33ac0eb72c87	FUN_008421e0	0	1	008421e0	ST_CALL_OVER
e8685f7d6a296cd0	FUN_00842270	0	1	00842270	STANDARD_SCARED
74032529b84f695f	FUN_00842a80	0	1	00842a80	FILL_GLASS_INTO
9f17344c1718b255	FUN_00842af0	0	1	00842af0	FILL_GLASS_OUTOF
b2150f338577fed1	FUN_00842ec0	0	2	00842ec0	BLOW_KNOTHOLE_HORN
5b2f985ff7289b03	FUN_00842fd0	0	1	00842fd0	SHOT_SUPER_FIRE
deddd54670c2944f	FUN_00843470	0	1	00843470	STANDARD_CAST
1384f245e054f61d	FUN_00843510	0	1	00843510	SCRIPT_HERO_DRINK
779294a7d9372792	FUN_00843700	0	1	00843700	ST_PICK_UP_GENERIC_BOX
e8685f7d6a296cd0	FUN_00843790	0	1	00843790	STANDARD_SCARED
e8685f7d6a296cd0	FUN_00843840	0	1	00843840	STANDARD_SCARED
5255ddb35eee070c	FUN_008438c0	0	1	008438c0	STANDARD_EXCITED
009a74a26c904871	FUN_00844140	0	1	00844140	FILL_JUG_INTO
fefcd73f4802632c	FUN_008441d0	0	1	008441d0	FILL_JUG_OUTOF
fe5b3f97b641483f	FUN_00844740	0	1	00844740	CTCSolidToThing
d0aa01d63c3aec2e	FUN_00844bc0	0	2	00844bc0	HERO_GIVE_ITEM
952d76dedf4a78d2	FUN_00845350	0	2	00845350	SHOW_TROPHY_BUILDUP
61f7eb3a6aec138d	FUN_008455c0	0	2	008455c0	SHOW_TROPHY_HELD_ALOFT
fe5b3f97b641483f	FUN_00845ce0	0	1	00845ce0	CTCSolidToThing
017ea0ddef82a886	FUN_00846710	0	4	00846710	CTCEmoteIcon
6d6b842060efc79b	FUN_00848020	0	5	00848020	TEXT_GUI_TROPHY_MOUNTING_HELP
d76beb7e0600420b	FUN_00849140	0	1	00849140	STANDARD_MESSAGE_EVENT_CALL_SPOUSE_HOME
bf7d2702de12741b	FUN_00849380	0	6	00849380	You already have this item!
1aafdd79d9f2a89f	FUN_00849700	0	6	00849700	SIMPLE_NOISE
8784ec426a4c5df9	FUN_0084b6e0	0	3	0084b6e0	
d6baa14223877374	FUN_00851770	0	1	00851770	UI_NEW_PROFILE_EDIT_BOX
bad5bddc8c0facdd	FUN_008548b0	0	3	008548b0	LIGHTNING_END
b4952cae5ab0c56c	FUN_00854b90	0	2	00854b90	LIGHTNING_END
ab1a331887f6c043	FUN_00855430	0	1	00855430	HIT_BLOCKING
c2ce8394476adc88	FUN_00855c40	0	1	00855c40	BLOCK_COUNTER_ATTACK
70050a57d6ba9f57	FUN_00858a20	0	2	00858a20	STRIKE_SPEED_VARIATION_START
5223b80777ed9aa6	FUN_00858e00	0	6	00858e00	weapon_pos_
ddf046aad22404c0	FUN_00859040	0	5	00859040	CARRY_SLOT_LEFT_HAND
dba898aa3cff69e3	FUN_00859a70	0	3	00859a70	
1ba625096dc17b25	FUN_00859ef0	0	4	00859ef0	CTCFlourishTarget
14af9927f5ccef3b	FUN_0085b8f0	0	2	0085b8f0	ST_RUN_180_TURN
cf6c0ac4c240e739	FUN_0085bd70	0	6	0085bd70	BLOCK_
7d452d743973a6e3	FUN_0085ee10	0	1	0085ee10	CREATURE_HERO
597852f4e633d696	FUN_0085fbc0	0	1	0085fbc0	CREATURE_DRAGON_01
7742b6540c0dc990	FUN_008621a0	0	7	008621a0	DEFAULT
b46848c239925cea	FUN_00862780	0	4	00862780	STANDARD_WAVE_INFO
61ef9a3bd45b7e65	FUN_00865940	0	1	00865940	KNOCKDOWN_IDLE
a80ce9b3acac10bf	FUN_00865eb0	0	1	00865eb0	RESPONSE_GENERIC_HIT_KNOCKDOWN_RECOVER
803179eac5bc10bb	FUN_00865f40	0	4	00865f40	RESPONSE_GENERIC_HIT_BACK
7f5b3a429dcb259c	FUN_008664f0	0	3	008664f0	RESPONSE_GENERIC_HIT_BACK_KNOCKDOWN
32f4e13a0ec32072	FUN_00867200	0	4	00867200	RESPONSE_GENERIC_HIT_BACK_KNOCKDOWN
16f01187e77432de	FUN_008676a0	0	2	008676a0	GENERIC_RESPONSE_DRAIN
0d3bae4d10833fb3	FUN_00870e00	0	2	00870e00	HELPER
843785a18d35dbb5	FUN_00871290	0	2	00871290	ACTION_HELPER
d171cb1dafd5dd2b	FUN_00871430	0	2	00871430	SIMPLE_NOISE
eb74c22c5a1a6680	FUN_008718b0	0	1	008718b0	CTCDestroyThingOnActionFinish
530b2992622fe8a1	FUN_00876ca0	0	1	00876ca0	.?AVCProjectileWeapon@NCameraModes@@
530b2992622fe8a1	FUN_00876e10	0	1	00876e10	.?AVCProjectileWeapon@NCameraModes@@
8784ec426a4c5df9	FUN_0087aa10	0	3	0087aa10	
8784ec426a4c5df9	FUN_0087aff0	0	3	0087aff0	
2ad0bbd8674761a9	FUN_0087c490	0	1	0087c490	COccupiableDef
9a6cfce07a25ff50	FUN_0087e7a0	0	2	0087e7a0	DEATH
7025fd0f95935b44	FUN_0087e860	0	3	0087e860	CTCSolidToThing
18759514d3a726a6	FUN_0087fdf0	0	1	0087fdf0	STRIKE_STEALTH_STAB_BODY
8784ec426a4c5df9	FUN_008873c0	0	3	008873c0	
209de898e22de2c6	FUN_00888a60	0	1	00888a60	ENVIRONMENT_THEME_DAY
35cb7a69d1ccc5d0	FUN_0088ac90	0	1	0088ac90	#Start_Bone_data  
2bab8367c2a764bc	FUN_0088ae40	0	1	0088ae40	THING_DUMMY_FOR_SERIALISATION
2a8a8da4ee083077	FUN_0088b0c0	0	3	0088b0c0	#Start_Bone_data  
aaf88efa8eef777c	FUN_00894ec0	0	4	00894ec0	OBJECT_CHEST_REWARD_ON_DEATH
8c0e2c5315e39f9f	FUN_00895010	0	1	00895010	CTCEntityEvents
dec2e3cb942db5c5	FUN_008967f0	0	1	008967f0	CTCActionUseScriptedHook
0ea6f18139a7f9d6	FUN_00897fa0	0	3	00897fa0	bitset
f3d367b459e407ca	FUN_00898c40	0	1	00898c40	CTCContainerRewardHero
b3017445816e8c94	FUN_0089bb30	0	1	0089bb30	CTCMoneyReceiver
da03d797bb709644	FUN_008a0720	0	1	008a0720	CTCFadeOutAndIn
c605d0b385a810df	FUN_008ac3f0	0	1	008ac3f0	SUPER_ATTACK
b73e201e30925c09	FUN_008af2b0	0	1	008af2b0	COMBAT_DIALOGUE_DEF_INSTANCE
3b6f4b95937b9e5e	FUN_008b0d10	0	61	008b0d10	COMBAT_SEQUENCE_BANDIT_ADVANCE_LONG
41540246ce657542	FUN_008b3540	0	1	008b3540	COMBAT_SEQUENCE_GENERIC_LEADER
93abb5b37f626988	FUN_008b35b0	0	1	008b35b0	COMBAT_SEQUENCE_BANDIT_UNBLOCKABLE
ca5179c4f6bb7167	FUN_008b3630	0	1	008b3630	COMBAT_SEQUENCE_NON_INTERRUPTABLE_BOX_ST
ce050e83c91d0063	FUN_008b36a0	0	1	008b36a0	COMBAT_SEQUENCE_BANDIT_ADVANCE_LONG
543aeae0d87bcec0	FUN_008b3710	0	1	008b3710	COMBAT_SEQUENCE_BANDIT_ATTACK_LONG
cae0705b9a641ba7	FUN_008b3790	0	1	008b3790	COMBAT_SEQUENCE_BANDIT_ATTACK_MIDDLE
55e856e601068910	FUN_008b3810	0	1	008b3810	COMBAT_SEQUENCE_BANDIT_ATTACK_SIDE
8a6614cec204d87b	FUN_008b3890	0	1	008b3890	COMBAT_SEQUENCE_BANDIT_ATTACK_SHORT
ebee0643b516c031	FUN_008b3910	0	1	008b3910	COMBAT_SEQUENCE_BANDIT_IDLE_SHORT
178ced83ec0a0fd5	FUN_008b3980	0	1	008b3980	COMBAT_SEQUENCE_BANDIT_IDLE_MIDDLE
b0319857b20b1f79	FUN_008b39f0	0	1	008b39f0	COMBAT_SEQUENCE_BANDIT_BOAST
d5c36019af197436	FUN_008b3a70	0	1	008b3a70	COMBAT_SEQUENCE_BANDIT_KING_ATTACK
83a1b170b3277edc	FUN_008b3b00	0	1	008b3b00	COMBAT_SEQUENCE_BANDIT_KING_ADVANCE
4e28e3701b1efc9f	FUN_008b3b80	0	1	008b3b80	COMBAT_SEQUENCE_BANDIT_KING_BACK_OFF
2b3a39a83e1b702a	FUN_008b3c00	0	1	008b3c00	COMBAT_SEQUENCE_BANDIT_KING_SPIN_AROUND
f45e143e024602cf	FUN_008b3c80	0	1	008b3c80	COMBAT_SEQUENCE_FODDER_MAIN_ATTACK
0d371f514344dd1b	FUN_008b3d00	0	1	008b3d00	COMBAT_SEQUENCE_FODDER_UNBLOCKABLE_MAIN_
b652bd939d92d25f	FUN_008b3d80	0	1	008b3d80	COMBAT_SEQUENCE_FODDER_SECONDARY_ATTACK
075dc20ac5a70794	FUN_008b3e00	0	1	008b3e00	COMBAT_SEQUENCE_FODDER_COMBAT_IDLE
c2c5e3ee7aeb944e	FUN_008b3ea0	0	1	008b3ea0	COMBAT_SEQUENCE_SCORPION_LUNGE_ATTACK
28d2ef760891a795	FUN_008b3f50	0	1	008b3f50	COMBAT_SEQUENCE_KING_SCORPION_TAIL_PLUNG
8e1322402bae974e	FUN_008b3ff0	0	1	008b3ff0	COMBAT_SEQUENCE_TROLL_DOUBLE_SWIPE
a7142adc9dc56171	FUN_008b4070	0	1	008b4070	COMBAT_SEQUENCE_TROLL_DOUBLE_SWIPE_NON_M
87a00c7dffa392e1	FUN_008b40f0	0	1	008b40f0	COMBAT_SEQUENCE_TROLL_OPENING_GROUND_POU
294b5568fc0f36a5	FUN_008b4180	0	1	008b4180	COMBAT_SEQUENCE_TROLL_PROJECTILE_ATTACK
9e385eef3d1ccb25	FUN_008b4200	0	1	008b4200	COMBAT_SEQUENCE_TROLL_BURROW_PURSUE
2a694b86f3e0e783	FUN_008b4270	0	1	008b4270	COMBAT_SEQUENCE_TROLL_BURROW_PURSUE_NO_Z
a5004aae115c5729	FUN_008b42e0	0	1	008b42e0	COMBAT_SEQUENCE_TROLL_ROCK_PURSUE
ee3d0b8943913a9a	FUN_008b4350	0	1	008b4350	COMBAT_SEQUENCE_TROLL_ROCK_PURSUE_NO_ZON
2b27f4a33369b2bc	FUN_008b43d0	0	1	008b43d0	COMBAT_SEQUENCE_TROLL_ROCK_ADVANCE
2f7fa70e0194da43	FUN_008b4440	0	1	008b4440	COMBAT_SEQUENCE_TROLL_ROCK_THROW_ROCK
3da12262fbf79a16	FUN_008b44d0	0	1	008b44d0	COMBAT_SEQUENCE_TROLL_ROCK_IDLE
4cbc89fdbfa9bf94	FUN_008b4540	0	1	008b4540	COMBAT_SEQUENCE_TROLL_ROCK_SHUFFLE_BACK
1e417220f72cc02b	FUN_008b45b0	0	1	008b45b0	COMBAT_SEQUENCE_VILLAGER_ATTACK
a266d2eca1df0044	FUN_008b4630	0	1	008b4630	COMBAT_SEQUENCE_VILLAGER_BACK_OFF
44ee00b2a3e916b1	FUN_008b46a0	0	1	008b46a0	COMBAT_SEQUENCE_VILLAGER_STEP_IN
0109e393562d610a	FUN_008b4720	0	1	008b4720	COMBAT_SEQUENCE_VILLAGER_ADVANCE
ed4e0455e93b4c54	FUN_008b47a0	0	1	008b47a0	COMBAT_SEQUENCE_VILLAGER_COMBO_ATTACK
d33e59b070e746ec	FUN_008b4820	0	1	008b4820	COMBAT_SEQUENCE_VILLAGER_COMBO_ATTACK_UN
bd3a3148775e0f47	FUN_008b48a0	0	1	008b48a0	COMBAT_SEQUENCE_VILLAGER_NEAR_ATTACK
8faf76f09241537a	FUN_008b4920	0	1	008b4920	COMBAT_SEQUENCE_WHISPER_LUNGE
f61f840e3e80c9f6	FUN_008b49a0	0	1	008b49a0	COMBAT_SEQUENCE_WHISPER_ADVANCE
7e77d78aefe94e93	FUN_008b4a20	0	1	008b4a20	COMBAT_SEQUENCE_WHISPER_ATTACK_COMBO
7e77d78aefe94e93	FUN_008b4aa0	0	1	008b4aa0	COMBAT_SEQUENCE_WHISPER_ATTACK_COMBO
b206cf5174ec720b	FUN_008b4b20	0	1	008b4b20	COMBAT_SEQUENCE_WHISPER_ATTACK_360
067d0d661eec5c19	FUN_008b4ba0	0	1	008b4ba0	COMBAT_SEQUENCE_WHISPER_STRIKE_STRAFE_BA
6c2dca1b59a9f926	FUN_008b4c20	0	1	008b4c20	COMBAT_SEQUENCE_WHISPER_TOO_CLOSE_LEAP_B
9ed1a4a904eb16a4	FUN_008b4ca0	0	1	008b4ca0	COMBAT_SEQUENCE_WHISPER_BOAST
198e1362d4647ece	FUN_008b4d20	0	1	008b4d20	COMBAT_SEQUENCE_WHISPER_SORT_YOURSELF_OU
f167198d3401890e	FUN_008b4d90	0	1	008b4d90	COMBAT_SEQUENCE_WHISPER_STRAFE_AROUND
c8d428849672e64b	FUN_008b4e10	0	1	008b4e10	COMBAT_SEQUENCE_WHISPER_IDLES
c912adb2b3f1cc7f	FUN_008b4e90	0	1	008b4e90	COMBAT_SEQUENCE_JACKS_COMBO
0007b5d3b0b28862	FUN_008b4f10	0	1	008b4f10	COMBAT_SEQUENCE_TWO_STRIKE
c2bd7d94e02debc6	FUN_008b4f90	0	1	008b4f90	COMBAT_SEQUENCE_UNBLOCKABLE_FACING
dfffb3da43619e47	FUN_008b5010	0	1	008b5010	COMBAT_SEQUENCE_NON_INTERRUPTABLE_TWO_ST
53e1a1dbf3cfa1d7	FUN_008b5090	0	1	008b5090	COMBAT_SEQUENCE_BATTLE_CHARGE
c3581118027c4714	FUN_008b5120	0	1	008b5120	COMBAT_SEQUENCE_WILL_LIGHTNING
8c13310e291c1483	FUN_008b51d0	0	1	008b51d0	COMBAT_SEQUENCE_WILL_ENFLAME
0d7ac8e7ccdba3e2	FUN_008b5290	0	1	008b5290	COMBAT_SEQUENCE_WILL_FORCE_PUSH
8c196a7eb4005069	FUN_008b5350	0	1	008b5350	COMBAT_SEQUENCE_WILL_FORCE_PUSH_LONG_RAN
f8113ca586fcfd88	FUN_008b5410	0	1	008b5410	COMBAT_SEQUENCE_WILL_PHYSICAL_SHIELD
29ee7948579504ce	FUN_008b54c0	0	1	008b54c0	COMBAT_SEQUENCE_WILL_PHYSICAL_SHIELD_NON
e37ea47cfefe80de	FUN_008b6ee0	0	2	008b6ee0	DIVE_FOR_COVER
288cd7365c64d7ac	FUN_008b7040	0	3	008b7040	JUMP_OUT_LEFT
94899155db9b0368	FUN_008b76b0	0	4	008b76b0	CTCSolidToThing
4a4c6930614ef7f1	FUN_008b7b10	0	1	008b7b10	SIMPLE_NOISE
4a4c6930614ef7f1	FUN_008b7ba0	0	1	008b7ba0	SIMPLE_NOISE
7e2fadfab80c62b3	FUN_008b7cf0	0	2	008b7cf0	STANDARD_SHEATHE
7e2fadfab80c62b3	FUN_008b7ed0	0	2	008b7ed0	STANDARD_SHEATHE
fba3d8ef233a1004	FUN_008b8110	0	1	008b8110	GO_UNDERGROUND
74c6601b69d93cc3	FUN_008b8260	0	2	008b8260	CROUCH
74c6601b69d93cc3	FUN_008b8310	0	2	008b8310	CROUCH
4b016e032b2bd39b	FUN_008b8bc0	0	2	008b8bc0	ST_CAST_DRAIN_LIFE
b6330dd86790a8aa	FUN_008b8d30	0	3	008b8d30	DUMMY_CENTRE
0cff3ebef10ce476	FUN_008b9400	0	1	008b9400	ST_CAST_DRAIN_LIFE
d29ebe1eb701d702	FUN_008b94a0	0	1	008b94a0	CTCForcePushPower
6faa931bee4332cf	FUN_008b95a0	0	1	008b95a0	CTCTurncoatSpell
609905fb5b28cbc0	FUN_008b9970	0	1	008b9970	CTCGhostSword
eb32ebbf76d5e77a	FUN_008b9b00	0	1	008b9b00	CTCSummonSpell
b0fcd5237449af9f	FUN_008b9c90	0	1	008b9c90	CTCWillLightning
da47b91a5d8b5500	FUN_008b9e50	0	1	008b9e50	TELEPORT_OUT
4e4785c7afa6bd52	FUN_008ba220	0	1	008ba220	CTCWillEnflame
be0067cebb1913c5	FUN_008ba7f0	0	1	008ba7f0	CTCDrainLife
7762edb24b12512e	FUN_008bae10	0	1	008bae10	CTCDivineWrath
b39fc88a47cd0983	FUN_008bb0b0	0	1	008bb0b0	WILL_CAST_FORCE_SPELL_INTO
b39fc88a47cd0983	FUN_008bb130	0	1	008bb130	WILL_CAST_FORCE_SPELL_INTO
b39fc88a47cd0983	FUN_008bb200	0	1	008bb200	WILL_CAST_FORCE_SPELL_INTO
8c6ae3fa4ae2c40a	FUN_008bb2c0	0	1	008bb2c0	WILL_CAST_FORCE_SPELL_BUILDUP
392cbef82c2fce5e	FUN_008bb320	0	5	008bb320	FORCE_PUSH
b0e56ded505c30f1	FUN_008bb450	0	1	008bb450	ST_RELEASE_ENFLAME
b0e56ded505c30f1	FUN_008bb500	0	1	008bb500	ST_RELEASE_ENFLAME
0db2528f358c58ae	FUN_008bb5b0	0	1	008bb5b0	ST_BUILD_UP_ENFLAME
b0e56ded505c30f1	FUN_008bb610	0	1	008bb610	ST_RELEASE_ENFLAME
764b2f5c180cb69a	FUN_008bb670	0	1	008bb670	ST_RELEASE_PHYSICAL_SHIELD
764b2f5c180cb69a	FUN_008bb6f0	0	1	008bb6f0	ST_RELEASE_PHYSICAL_SHIELD
a176aad02655c9dd	FUN_008bb7d0	0	1	008bb7d0	ST_BUILD_UP_PHYSICAL_SHIELD
764b2f5c180cb69a	FUN_008bb830	0	1	008bb830	ST_RELEASE_PHYSICAL_SHIELD
92ee887fce1062e9	FUN_008bb890	0	1	008bb890	ST_REMOVE_PHYSICAL_SHIELD
d5a7e526f1682c7b	FUN_008bb8f0	0	1	008bb8f0	ST_CAST_TURNCOAT
d5a7e526f1682c7b	FUN_008bb9a0	0	1	008bb9a0	ST_CAST_TURNCOAT
bfced62317142f77	FUN_008bba50	0	1	008bba50	ST_BUILD_UP_TURNCOAT
0c2e8cde4b9ad2c8	FUN_008bbab0	0	1	008bbab0	ST_RELEASE_TURNCOAT
8a0d7cac06bff8a0	FUN_008bbc00	0	1	008bbc00	ST_BUILD_UP_DRAIN_LIFE
0e55117e970b04f2	FUN_008bbc60	0	1	008bbc60	ST_RELEASE_DRAIN_LIFE
dfcfedaa32025f84	FUN_008bbcc0	0	2	008bbcc0	ST_CAST_HEAL
dfcfedaa32025f84	FUN_008bbd80	0	2	008bbd80	ST_CAST_HEAL
7eab9927ebfe2f62	FUN_008bbe40	0	2	008bbe40	ST_BUILD_UP_HEAL
463ad7f7db9cf80f	FUN_008bbeb0	0	2	008bbeb0	ST_RELEASE_HEAL
3d5e8677ca538787	FUN_008bbf20	0	1	008bbf20	ST_CAST_SUMMON_GHOST_SWORD
3d5e8677ca538787	FUN_008bbf90	0	1	008bbf90	ST_CAST_SUMMON_GHOST_SWORD
1cbf9b3d08d9f7b2	FUN_008bc000	0	1	008bc000	ST_BUILD_UP_SUMMON_GHOST_SWORD
25fb5f883d77a31b	FUN_008bc060	0	1	008bc060	ST_RELEASE_SUMMON_GHOST_SWORD
1bf7ff03e8b381cd	FUN_008bc0c0	0	1	008bc0c0	WILL_CAST_FORCE_SPELL_DELIVER
1bf7ff03e8b381cd	FUN_008bc5e0	0	1	008bc5e0	WILL_CAST_FORCE_SPELL_DELIVER
8d7be89f3f1ec5c5	FUN_008bc660	0	1	008bc660	ST_CAST_SUMMON_SPELL
abb454c23f1be5a8	FUN_008bc6d0	0	1	008bc6d0	ST_BUILD_UP_SUMMON_SPELL
27d03f429d711663	FUN_008bc730	0	1	008bc730	ST_RELEASE_SUMMON_SPELL
2709439340b24172	FUN_008bc790	0	2	008bc790	SPECIAL_ABILITIES_LIGHTNING_SPELL_DEF
2709439340b24172	FUN_008bc8c0	0	2	008bc8c0	SPECIAL_ABILITIES_LIGHTNING_SPELL_DEF
2709439340b24172	FUN_008bca00	0	2	008bca00	SPECIAL_ABILITIES_LIGHTNING_SPELL_DEF
da01d6862ea9c0f9	FUN_008bcb80	0	1	008bcb80	WILL_LOOP_LIGHTNING
25f31b43f09e53c0	FUN_008bcbe0	0	2	008bcbe0	SPECIAL_ABILITIES_LIGHTNING_SPELL_DEF
05aaf24e1a8a0c31	FUN_008bcdb0	0	1	008bcdb0	ST_BUILD_UP_FIREBALL_SPELL
40963e8773947771	FUN_008bcf20	0	1	008bcf20	ST_TELEPORT_OUT
40963e8773947771	FUN_008bcfb0	0	1	008bcfb0	ST_TELEPORT_OUT
83d98fd77175f44f	FUN_008bd040	0	1	008bd040	ST_TELEPORT_IN
4e98fc8e5482c66a	FUN_008bd0b0	0	1	008bd0b0	GENERIC_RESPONSE_EXPLOSIVE_FORCE_PUSHED
979354cf84605f10	FUN_008bd110	0	1	008bd110	ST_CAST_DIVINE_WRATH
39e43536ed60c6e9	FUN_008bd1c0	0	1	008bd1c0	ST_RELEASE_DIVINE_WRATH
4f5b4e6cf8ff6e7b	FUN_008bd220	0	1	008bd220	ST_RELEASE_LOOP_DIVINE_WRATH
d7c1aa5e187a89e1	FUN_008bd280	0	1	008bd280	ST_CAST_UNHOLY_POWER
019813bc3f6a4a27	FUN_008bd330	0	1	008bd330	ST_RELEASE_UNHOLY_POWER
6d48404c143a07f8	FUN_008bd390	0	1	008bd390	ST_RELEASE_LOOP_UNHOLY_POWER
b4bdfde1872c6b6f	FUN_008beee0	0	3	008beee0	GENERATE_AMBUSH_LEFT
7d3d447f3a025111	FUN_008bf280	0	2	008bf280	SIMPLE_NOISE
0aa2f68a67d1d78f	FUN_008bf740	0	1	008bf740	PROJECTILE_WEAPON_AIM
86b732bddad0cb45	FUN_008c0900	0	1	008c0900	WEAPON_FOCUS_01
7f9501f0303c7119	FUN_008c0fb0	0	3	008c0fb0	FLOAT_EFFECT
2486e5496b79041d	FUN_008c12d0	0	3	008c12d0	RESPONSE_GENERIC_HIT_BACK_RUSH
6ac5258e46648068	FUN_008c1c30	0	4	008c1c30	POWER_UP_INTO
681e86df60dae728	FUN_008c1f70	0	4	008c1f70	INVULNERABLE_OUT_OF
1e6b4b2b7ec65af6	FUN_008c2240	0	2	008c2240	SwordDropMarker
fd3666c2aea95b84	FUN_008c2cb0	0	1	008c2cb0	BRIAR_ROSE_DRAIN_LIFE_DEF
4f5b635db8190573	FUN_008c33e0	0	1	008c33e0	CJackOfBladesBattleDef
b1157ed1e602d9d9	FUN_008c3510	0	1	008c3510	CMazeBattleDef
5512440d0c65321f	FUN_008c35d0	0	1	008c35d0	INVULNERABLE
1f58b40fb4c1eabe	FUN_008c3810	0	2	008c3810	ST_GET_UP_FROM_FALL
8eefc2cb70593e5f	FUN_008c39a0	0	2	008c39a0	STRIKE_SHOT_FAR_OUTOF
7d714375a5692e6b	FUN_008c4170	0	2	008c4170	DEATH
d1aaa5e7bfc1f9f3	FUN_008c4680	0	1	008c4680	CTCHitOnCollision
bc4cf9c02666fb79	FUN_008c4b80	0	2	008c4b80	EMITTER_EYE
d83a3a775d081feb	FUN_008c4cb0	0	3	008c4cb0	DEATH
3c080ededd5f8b2a	FUN_008c4ea0	0	2	008c4ea0	CHARGE_LOOP
7672c0b4a38eba5d	FUN_008c4f50	0	2	008c4f50	CHARGE_STRIKE
6c3df167795fe92b	FUN_008c4fd0	0	3	008c4fd0	KING_SCORPION_SUMMON_FAMILY
242d3bdb3898aed4	FUN_008c5a50	0	1	008c5a50	CScorpionKingBattleDef
d9072b6072f59f79	FUN_008c6430	0	1	008c6430	SHOT_TROLL_CRACK_IN_GROUND
f093c7dceb5ffa5e	FUN_008c64f0	0	3	008c64f0	CARRY_SLOT_TROLL_THROW_ROCK
75816eacbc460d16	FUN_008c6db0	0	2	008c6db0	WEAPON_FOCUS_01
e7e557a91b8e481c	FUN_008c7600	0	2	008c7600	ICICLE_ASSAULT_INTO
809ec9d6cd2c3b00	FUN_008c78f0	0	1	008c78f0	CTrollBattleDef
131d623ca43aff1f	FUN_008c79b0	0	1	008c79b0	CAreaOfEffectAttackDef
9f90912ebfd04b16	FUN_008c7a70	0	1	008c7a70	CSnowTrollDef
e9d81022e741f9d3	FUN_008c7c00	0	1	008c7c00	ICICLE_ASSUALT
e0bb670018245e21	FUN_008c7f60	0	1	008c7f60	BK_NEW_WEAPONS
6169c5e05d7d4479	FUN_008c7fd0	0	1	008c7fd0	BK_THROW_WEAPONS
f464bda65688c4b6	FUN_008c8180	0	2	008c8180	STUCK
4ac676f266782e43	FUN_008c8380	0	2	008c8380	BK_STUCK
c4ce41db7b6d0f76	FUN_008c8550	0	4	008c8550	BK_UNSTUCK
7f4b5dbfc418678e	FUN_008c87a0	0	2	008c87a0	STUCKLOOP
1be641b789339774	FUN_008c89d0	0	2	008c89d0	CARRY_SLOT_LEFT_HAND
85ee1faca3d97514	FUN_008c9a40	0	1	008c9a40	SHOT_CREATION_DUMMY
876e188b8b361881	FUN_008c9ba0	0	1	008c9ba0	CHARGE_SPELL
f12aef0b99d29c71	FUN_008c9fe0	0	2	008c9fe0	DUMMY_CENTRE
f12aef0b99d29c71	FUN_008ca310	0	2	008ca310	DUMMY_CENTRE
1969d38f17b4a0e7	FUN_008ca600	0	1	008ca600	SUMMON_CREATURES_OUTOF
26b825d22f4ce129	FUN_008ca680	0	1	008ca680	STRIKE_MEDIUM_FRONT
57ab58fb14e0cc0d	FUN_008ca700	0	1	008ca700	IDLE_AFTER_SHOT
99d0acf668ab24b6	FUN_008ca800	0	1	008ca800	TELEPORT_INTO_LIMBO
a9ea2ed3673e093a	FUN_008cb620	0	1	008cb620	SUMMONER_ATTACK_STYLE
c0a6fa2fcbb53c11	FUN_008cb940	0	2	008cb940	FALL_TO_KNEES_OUT_OF
bafb20903020b989	FUN_008cbb90	0	1	008cbb90	STRIKE_FLAME_SLICE
ce258365bfb10d6d	FUN_008cbd90	0	1	008cbd90	LIGHTNING_ORB_INTO
098457f6b258599c	FUN_008cbff0	0	1	008cbff0	CSummonerDef
0f1c7f3adb738d9c	FUN_008cc180	0	1	008cc180	LIGHTNING_ORB
3291da06f9dddf53	FUN_008cd0d0	0	1	008cd0d0	CBalverineBattleDef
bf826cb8454a5843	FUN_008cd470	0	1	008cd470	CTCAssassinRush
70d3890f9dd32be0	FUN_008cd5a0	0	2	008cd5a0	CTCBattleCharge
4b68f74eece997c3	FUN_008cd730	0	1	008cd730	CTCBulletTime
377dfabdf82e4e2d	FUN_008cdf90	0	1	008cdf90	ST_BUILD_UP_SLOW_TIME
c4c5137d49d00115	FUN_008ce040	0	2	008ce040	ST_CAST_ASSASSIN_RUSH
c4c5137d49d00115	FUN_008ce100	0	2	008ce100	ST_CAST_ASSASSIN_RUSH
c4c5137d49d00115	FUN_008ce1b0	0	2	008ce1b0	ST_CAST_ASSASSIN_RUSH
6e632fd51d4d48d2	FUN_008ce3f0	0	1	008ce3f0	ST_BATTLE_CHARGE_BUILD_UP
8aa87d61062242cb	FUN_008ce4b0	0	1	008ce4b0	ST_BATTLE_CHARGE_IMPACT
2fc19fc35a81cfbe	FUN_008ce570	0	1	008ce570	ST_BATTLE_CHARGE_MISS
c33f0f89cfe51105	FUN_008ce630	0	1	008ce630	ST_BATTLE_CHARGE_TURN_LEFT
2359adc09569c1e9	FUN_008ce690	0	1	008ce690	ST_BATTLE_CHARGE_TURN_RIGHT
0745cba4e558bdcc	FUN_008ce6f0	0	3	008ce6f0	CAST_EFFECT
0745cba4e558bdcc	FUN_008ce900	0	3	008ce900	CAST_EFFECT
cd33e0714c849fb4	FUN_008d5aa0	0	3	008d5aa0	CTCShotDefinitionMultiArrow
fd0e461d2cbdc75d	FUN_008d6780	0	1	008d6780	ST_IDLE_SUBTLE
31fad0f02b66feb6	FUN_008d6f20	0	1	008d6f20	VULNERABLE_LOOP
eacf64045168587f	FUN_008d70a0	0	2	008d70a0	FLYING_LEG_POSE
3abc0039cb589ef4	FUN_008d7d60	0	1	008d7d60	HELP_I_AM_A_PROJECTILE
da0c28e7a7c250ff	FUN_008d7e60	0	1	008d7e60	JACK_OF_BLADES_FLASH
9f346b74907227d4	FUN_008d7f10	0	3	008d7f10	ENVIRONMENT_JACK_OF_BLADES_FADE
46d8dd5f360af632	FUN_008d8330	0	1	008d8330	SUPER_ATTACK_BEAM
9c788bce4f7c60d9	FUN_008d8ce0	0	1	008d8ce0	START_BLOCKING
d9350c8edc10f775	FUN_008d90b0	0	2	008d90b0	BRAIN_CHICKEN
091c13cf4caaefb1	FUN_008d9530	0	3	008d9530	BERSERK_NO_WEAPON
b69d5d447beb2a8c	FUN_008d9740	0	2	008d9740	FLOAT_POWER
d21642aee2943bee	FUN_008d9870	0	2	008d9870	FLOAT_SCREAM
013487908e27ff02	FUN_008d9b00	0	2	008d9b00	HIT_LOCATION_SCORPION_KING
84388008d8c4cce0	FUN_008d9e30	0	3	008d9e30	EMITTER_TAIL
515b3a2d1eec1ce7	FUN_008da0f0	0	2	008da0f0	OBJECT_SCORPION_KING_TAIL_TRAP
b8aefe6c9654c87f	FUN_008da410	0	2	008da410	AGGRESSIVE
1ba1970a864a55f6	FUN_008daa80	0	3	008daa80	CTCElectrocuteOnTouch
67b8721d47c17ae2	FUN_008dacb0	0	2	008dacb0	LIGHTNING_HAND_EFFECT
4652f4b3dd8e0edb	FUN_008dae10	0	4	008dae10	CTCElectrocuteOnTouch
7f1eea2f083b64c7	FUN_008db810	0	2	008db810	DRAGON_FIREBEAM_EXPLOSION
4ebd7096b3c77b60	FUN_008dc720	0	1	008dc720	BURNINATE_ATTACK
a0e4a7924ac305e6	FUN_008dc900	0	1	008dc900	DRAGON_BURNINATE_EXPLOSION
9681fe3b527b9dd0	FUN_008dcc80	0	2	008dcc80	CTCBurntEffect
b82b4be0c6022545	FUN_008dd0f0	0	10	008dd0f0	EMITTER_EYE
8e302d11da064956	FUN_008dd7e0	0	3	008dd7e0	CTCElectrocutedEffect
a451f3fc757b4d56	FUN_008ddad0	0	2	008ddad0	LIGHTNING_BEAM_EFFECT
e442fc7e4afa647c	FUN_008ddd70	0	3	008ddd70	CREATURE_GUILDMASTER_BODYGUARD
013487908e27ff02	FUN_008df3a0	0	2	008df3a0	HIT_LOCATION_SCORPION_KING
73d7143eb79a86a8	FUN_008df510	0	1	008df510	TAIL_DUST_EFFECT
60c11bc712dae7ae	FUN_008e0060	0	4	008e0060	CREATURE_GUILDMASTER_BODYGUARD
9a1efcacebe7959e	FUN_008e03b0	0	5	008e03b0	CREATURE_GUILDMASTER_BODYGUARD
eee1d1dd717bd3f6	FUN_008e1580	0	1	008e1580	STRAFE_BURNINATE
148bcbb322be4473	FUN_008e16a0	0	3	008e16a0	LIGHTNING_END
56e9e914140fdd79	FUN_008e18d0	0	5	008e18d0	LIGHTNING_END
01030858d00c083f	FUN_008e3240	0	1	008e3240	CThunderBattleDef
fccbf3403b23bbea	FUN_008e3300	0	1	008e3300	CJackDragonDef
312d6695653e2a4f	FUN_008e43a0	0	1	008e43a0	DAZED_RECOVER
1beb6297a1f2d142	FUN_008e4420	0	1	008e4420	VULNERABLE_INTO
cc680e5d7db1e8f9	FUN_008e4490	0	1	008e4490	VULNERABLE_OUTOF
a84db0d7bc3edb0f	FUN_008e45b0	0	2	008e45b0	SWORD_SWING
474a3982197c9357	FUN_008e4640	0	2	008e4640	SWORD_SWING
3a35b2d7d0cccb61	FUN_008e46d0	0	2	008e46d0	SUMMON
47393a2b7de7ec67	FUN_008e4770	0	2	008e4770	RECOVER
b37a1dc4540cb8cc	FUN_008e6690	0	1	008e6690	SPECIAL_ABILITIES_MULTI_STRIKE_DEF
f7f6cc1b066ee637	FUN_008e6880	0	1	008e6880	STRENGTH_INTO_BUILDUP_BERSERK
d431edc28752d925	FUN_008e68e0	0	1	008e68e0	STRENGTH_CAST_BERSERK
234e1d80145c0764	FUN_008e6a70	0	1	008e6a70	VITAL_STRIKE
b37a1dc4540cb8cc	FUN_008e6bb0	0	1	008e6bb0	SPECIAL_ABILITIES_MULTI_STRIKE_DEF
b37a1dc4540cb8cc	FUN_008e6c90	0	1	008e6c90	SPECIAL_ABILITIES_MULTI_STRIKE_DEF
f05723b3d31a63ca	FUN_008e7790	0	1	008e7790	CBriarRoseDef
51368228a96057a7	FUN_008e8060	0	8	008e8060	BRIAR_ROSE_IMPOSTER
8bdc7bb64800df1d	FUN_008e8e50	0	5	008e8e50	STRAFE_IDLE
634837432a6af76d	FUN_008e9190	0	6	008e9190	PROJECTILE_WEAPON_AIM
1db90f78c288acef	FUN_008e9460	0	2	008e9460	WEAPON_FOCUS_01
e8c8fe7db63563ec	FUN_008ea500	0	6	008ea500	FORWARD_FAST
505cbae40f9257a8	FUN_008ea9f0	0	3	008ea9f0	DEFAULT
e9ffcd199d10be30	FUN_008eacb0	0	12	008eacb0	BACK_FAST
20474e4135cc3fa1	FUN_008ecda0	0	1	008ecda0	CDegradableDef
0ea6f18139a7f9d6	FUN_008ed090	0	3	008ed090	bitset
f35a30c77decf2f5	FUN_008ed2b0	0	2	008ed2b0	ContainerContents
5f129646389c8c46	FUN_008ed650	0	2	008ed650	DEATH
88c453d906b588df	FUN_008eda90	0	1	008eda90	RESPONSE_GENERIC_HIT_BACK_KNOCKDOWN
9f9a770060174065	FUN_008edff0	0	4	008edff0	SPECIAL_ABILITIES_BERSERK_DEF
fb08f675cbb3bc2a	FUN_008ef520	0	1	008ef520	TAVERN_GAME_COIN_HIT_COIN
c2afcede9f69ba00	FUN_008f00f0	0	1	008f00f0	CTavernGameCoinBaseDef
d277fc64fbdb1500	FUN_008f01b0	0	1	008f01b0	CCoinGameObstacleDef
e698e755a52c6f5e	FUN_008f0bd0	0	1	008f0bd0	TAVERN_GAME_CARD_DEAL
e698e755a52c6f5e	FUN_008f0eb0	0	1	008f0eb0	TAVERN_GAME_CARD_DEAL
76a49670a8183415	FUN_008f12d0	0	4	008f12d0	TAVERN_GAME_CARD_FLIP
3980a953ff7966c3	FUN_008f17d0	0	2	008f17d0	TAVERN_GAME_CARD_FLIP
f0da5de3922cb7eb	FUN_008f18c0	0	2	008f18c0	TAVERN_GAME_OBJECT_SELECTION_CHANGE
ab2cf84a4230d718	FUN_008f27a0	0	1	008f27a0	CTavernGameCardBaseDef
8784ec426a4c5df9	FUN_008f28a0	0	3	008f28a0	
3328982771a8a8b3	FUN_008f3630	0	1	008f3630	JACK_DRAGON_GROUND_SLAM
ae8b647d401673ae	FUN_008f3e70	0	2	008f3e70	CTCSolidToThing
6220eaef24358fcd	FUN_008f5060	0	1	008f5060	THING_EXPLOSION_JACK_DRAGON_BITE
6220eaef24358fcd	FUN_008f5220	0	1	008f5220	THING_EXPLOSION_JACK_DRAGON_BITE
597852f4e633d696	FUN_008f7860	0	1	008f7860	CREATURE_DRAGON_01
5fe3aa129593893e	FUN_008f86a0	0	4	008f86a0	
8784ec426a4c5df9	FUN_008f86f0	0	3	008f86f0	
76949ea8315ef30b	FUN_008f87a0	0	3	008f87a0	
20ef1521cdbf62ff	FUN_008f8870	0	7	008f8870	Winsock Error: 
944d632ca2794b5e	FUN_008f8cc0	0	11	008f8cc0	Winsock Error: 
9b10ad5a77960859	FUN_008f8ea0	0	7	008f8ea0	Winsock Error: 
1ddba1f951b8fe26	FUN_008f8f50	0	4	008f8f50	
3be51c5b8f9d3e34	FUN_008f9320	0	9	008f9320	Winsock Error: 
5cf4847f0ecdbbf2	FUN_008f9820	0	8	008f9820	Winsock Error: 
3094fca6c23700e4	FUN_008faa80	0	2	008faa80	.?AVCAIStateGroupBase@@
3094fca6c23700e4	FUN_008fac30	0	2	008fac30	.?AVCAIStateGroupBase@@
c4d2eca06db0fd6f	FUN_008fadb0	0	1	008fadb0	.?AVCAIStateGroupBase@@
0c10f075511368b9	FUN_008faf70	0	3	008faf70	.?AVCAIStateGroupBase@@
c4d2eca06db0fd6f	FUN_008fbb90	0	1	008fbb90	.?AVCAIStateGroupBase@@
29e4d41d89694250	FUN_008fd2b7	0	1	008fd2b7	SG_MINION_GO_TO_BED
0195fb1cf4339ad4	FUN_008fd2e5	0	1	008fd2e5	SG_MINION_SLEEP
92fd6d25fcd58a9e	FUN_008fd2f8	0	1	008fd2f8	SG_MINION_WORK_IN_INN
0c2c5bd4c51f2a9e	FUN_008fd31d	0	1	008fd31d	SG_MINION_FIND_PERSONAL_SPACE
0317955a87681d98	FUN_008fd330	0	1	008fd330	SG_MINION_REACT_TO_PLAYER_INTERACTION
1430a50e4ecf3874	FUN_008fd343	0	1	008fd343	SG_MINION_REACT_TO_CRIMINAL
d9b30cc366afde9a	FUN_008fd356	0	1	008fd356	SG_MINION_GUARD_REACT_TO_CRIMINAL
cd91682ee6df1f79	FUN_008fd369	0	1	008fd369	SG_MINION_GUARD_REACT_TO_BRIBE
274a292d922d72ff	FUN_008fd37c	0	1	008fd37c	SG_MINION_GUARD_FOLLOW_PLAYER
7b5adf27d7b40f2b	FUN_008fd3a1	0	1	008fd3a1	SG_MINION_CURIOSITY
0655e3b114f48799	FUN_008fd3b4	0	1	008fd3b4	SG_MINION_GOSSIP
4b75177bd22ef519	FUN_008fd3e5	0	1	008fd3e5	SG_BANDIT_GOSSIP
cdde80e4a4cfdf9f	FUN_008fd40d	0	1	008fd40d	SG_MINION_MOTHER_PROTECT_FAMILY
e937cb64a8ad797c	FUN_008fd420	0	1	008fd420	SG_MINION_KID_ANNOY
833335967e4caf85	FUN_008fd433	0	1	008fd433	SG_MINION_KID_GROUP_TAG
ab8a4fa868bc65f7	FUN_008fd446	0	1	008fd446	SG_MINION_KID_CALLED_TO_MOTHER
2cb332f361bf27cb	FUN_008fd46b	0	1	008fd46b	SG_PERFORM_ACTION
532462e699db4ad4	FUN_008fd483	0	1	008fd483	SG_MINION_FACE_HERO_READY_FOR_INTERACTIO
6dd03fa48a6142b6	FUN_008fd496	0	1	008fd496	SG_MINION_PUT_OUT_FIRES
9581124dd9cdd563	FUN_008fd4a9	0	1	008fd4a9	SG_MINION_WATCH_FIRES
c586ea70d2415a1e	FUN_008fd4bc	0	1	008fd4bc	SG_MINION_REACT_TO_CORPSE
7f8c81d26f535bae	FUN_008fd4d4	0	1	008fd4d4	SG_MINION_REACT_TO_UNCONSCIOUS_PERSON
1bbe7c746a3ece1f	FUN_008fd4e7	0	1	008fd4e7	SG_MINION_REACT_TO_ENEMY
663d3733f5223d85	FUN_008fd4fa	0	1	008fd4fa	SG_MINION_REACT_TO_ALERT
2050c80bf42dac16	FUN_008fd51f	0	1	008fd51f	SG_MINION_HAS_INFORMATION
a3fbb14bc47f96d8	FUN_008fd557	0	1	008fd557	SG_MINION_SIT_ON_SEAT
ae3662655a479793	FUN_008fd582	0	1	008fd582	SG_MINION_SIT_AT_WORK
adf62b7aa664386e	FUN_008fd595	0	1	008fd595	SG_MINION_SIT_AT_INN
e633ec81924f18e1	FUN_008fd5a8	0	1	008fd5a8	SG_MINION_SIT_AT_SCHOOL
39f30d69da8fec26	FUN_008fd5bb	0	1	008fd5bb	SG_MINION_LISTEN_TO_STORY
5c74df76f5a483e6	FUN_008fd5e0	0	1	008fd5e0	SG_MINION_SIT_OUTSIDE
3da2d7d654981e53	FUN_008fd5f3	0	1	008fd5f3	SG_MINION_SIT_AT_HOME
93abfecfa0ae27c2	FUN_008fd606	0	1	008fd606	SG_SIT_ROUND_CAMPFIRE
bb0417e40787d4c9	FUN_008fd619	0	1	008fd619	SG_MINION_GUARD_HEARD_YELL_FOR_HELP
2621e2208bb93913	FUN_008fd63e	0	1	008fd63e	SG_MINION_GUARD_REACT_TO_PLAYER_WEAPON
4b9e3237b075e83c	FUN_008fd651	0	1	008fd651	SG_MINION_GUARD_REACT_TO_BODY_FOUND_MESS
c27def8cf71f4fa7	FUN_008fd676	0	1	008fd676	SG_BANDIT_SIT_ROUND_CAMPFIRE
2cdca0df1caeb898	FUN_008fd689	0	1	008fd689	SG_SEEK_ENEMY
bf1338b1b7bec1d1	FUN_008fd69c	0	1	008fd69c	SG_SEEK_SCRIPT_TARGET
15912da3b5a1c6fc	FUN_008fd6af	0	1	008fd6af	SG_STEALTH_SEEK_ENEMY
40ab42f564f9bee5	FUN_008fd6c2	0	1	008fd6c2	SG_NON_VILLAGE_GUARD_PATROL
f46b2285c9576e76	FUN_008fd71f	0	1	008fd71f	SG_CHICKEN_WANDER
8f0cc0a4c5805b7b	FUN_008fd744	0	1	008fd744	SG_WANDER_AROUND_INITIAL_POS
d5ec5757c54aff8a	FUN_008fd77c	0	1	008fd77c	SG_CREATURE_FIND_COVER
cfce301fa280232c	FUN_008fd78f	0	1	008fd78f	SG_CHICKEN_PANIC
e6433c9639fa5f48	FUN_008fd7b4	0	1	008fd7b4	SG_CHICKEN_BEG
8197650f19c4be63	FUN_008fd7d9	0	1	008fd7d9	SG_BUTTERFLY_WANDER
c1467013259f253a	FUN_008fd7f1	0	1	008fd7f1	SG_FIREFLY_WANDER
19311785dfe06f4f	FUN_008fd816	0	1	008fd816	SG_SMALL_BIRD_WANDER
db61b86caa6a7c84	FUN_008fd83b	0	1	008fd83b	SG_BIRD_FLY_TO_FOOD
67162338a796eefe	FUN_008fd86d	0	1	008fd86d	SG_BIRD_GROUND_WANDER
f6d985c35e9bbcf5	FUN_008fd89f	0	1	008fd89f	SG_BIRD_STARTLED
f3a4cb5954199b68	FUN_008fd8c4	0	1	008fd8c4	SG_MELEE_COMBAT_NEARBY
44020da72bd6dbf6	FUN_008fd8ea	0	1	008fd8ea	SG_MELEE_COMBAT_NEARBY2
06b426b90da7a255	FUN_008fd910	0	1	008fd910	SG_VILLAGE_TASK_TORCH
67ec0fd9332780ae	FUN_008fd923	0	1	008fd923	SG_VILLAGE_TASK_PATROL
cb8786441ae4bdb5	FUN_008fd93b	0	1	008fd93b	SG_VILLAGE_TASK_SECURITY_SWEEP
6a4c2bef1d81cdc5	FUN_008fd94e	0	1	008fd94e	SG_VILLAGE_TASK_PICK_CROPS
75a11e636e2dd69a	FUN_008fd966	0	1	008fd966	SG_VILLAGE_TASK_HORN
f8e03ae4caf9ebc5	FUN_008fd979	0	1	008fd979	SG_KID_WANDER_NEAR_KIDS
30c8dde363b8b553	FUN_008fd9a1	0	1	008fd9a1	SG_KID_WATCH_HOPSCOTCH
e814fb06a4263534	FUN_008fd9b4	0	1	008fd9b4	SG_KID_PLAY_HOPSCOTCH
639af32543fd86a2	FUN_008fd9c7	0	1	008fd9c7	SG_KID_HURT_SELF_RUN_TO_MOTHER
9a71681bee918f06	FUN_008fd9ec	0	1	008fd9ec	SG_KID_REACT_TO_BLOCKAGE
fb83944a1066984e	FUN_008fd9ff	0	1	008fd9ff	SG_WORK_AT_SCHOOL
a735385bc35480c3	FUN_008fda4a	0	1	008fda4a	SG_TELL_STORY
3ad695200804f540	FUN_008fda7c	0	1	008fda7c	SG_WORK_IN_WAREHOUSE
6a01585f300dd46b	FUN_008fda8f	0	1	008fda8f	SG_WORK_SAWING_WOOD
a499cbca8253dab9	FUN_008fdaa2	0	1	008fdaa2	SG_WORK_HAMMER_ANVIL
818ebaf173d3bc7a	FUN_008fdab5	0	1	008fdab5	SG_STAY_NEAR_SCHOOL
3233ccb3280751e9	FUN_008fdada	0	1	008fdada	SG_THROW_LOGS_ON_FIRE
2957a4faa54ae95b	FUN_008fdaff	0	1	008fdaff	SG_IDLE_AT_HOME
9f9b36d672c59b42	FUN_008fdb42	0	1	008fdb42	SG_CLEAN_HOUSE
39c31a747b50681c	FUN_008fdb6a	0	1	008fdb6a	SG_CLEAN_WORK
cbb4f17c8afb7992	FUN_008fdb8f	0	1	008fdb8f	SG_SIT_FOR_MEAL
a3527bf7d9478956	FUN_008fdba2	0	1	008fdba2	SG_PREPARE_MEAL
6c57a498415490fc	FUN_008fdbcb	0	1	008fdbcb	SG_GAZE_OUTSIDE
0a98de8d90b3dacb	FUN_008fdbf4	0	1	008fdbf4	SG_GAZE_AT_HOME
d5a759f7676db836	FUN_008fdc1d	0	1	008fdc1d	SG_GAZE_AT_WORK
aae30c258f23826d	FUN_008fdc30	0	1	008fdc30	SG_HOME_CANDLE
92b316c40d13ab03	FUN_008fdc56	0	1	008fdc56	SG_WORK_CANDLE
eac2655e9ce325ff	FUN_008fdc69	0	1	008fdc69	SG_LOOK_AT_INTERESTING_THINGS
e46a4b48651a829d	FUN_008fdc91	0	1	008fdc91	SG_WANDER_AROUND_SHOPS
6fc0920efdaeaef3	FUN_008fdca4	0	1	008fdca4	SG_STAY_NEAR_FOOD_HALL
848a18d562be50ce	FUN_008fdcb7	0	1	008fdcb7	SG_GO_TO_PUB
e02563e712c579da	FUN_008fdcfd	0	1	008fdcfd	SG_SIT_IN_PUB
a5a1d2e671adbe0a	FUN_008fdd10	0	1	008fdd10	SG_MINION_HAWKING_FROM_STALL
33a990f3333faa32	FUN_008fdd39	0	1	008fdd39	SG_BUY_FROM_SELLER
f21988fb9af3496c	FUN_008fdd4c	0	1	008fdd4c	SG_SELL_TO_BUYER
bc880beb2f6a54ef	FUN_008fdd5f	0	1	008fdd5f	SG_HANDY_MAN
c7fa9a38c3931268	FUN_008fdd84	0	1	008fdd84	SG_GAME_MASTER
949af74ea1ba8402	FUN_008fdd97	0	1	008fdd97	SG_ROCK_TROLL
9f54a661b7b085c3	FUN_008fddbd	0	1	008fddbd	SG_EARTH_TROLL
caef6dde2918ba18	FUN_008fddd0	0	1	008fddd0	SG_SEEK_PERCEIVED_THING
0bc25b3c9c56955f	FUN_008fddf5	0	1	008fddf5	SG_MINION_FOLLOW_PLAYER
71230d0c2349477b	FUN_008fde08	0	1	008fde08	SG_STAND_STILL
7c8f898e640eae16	FUN_008fde2d	0	1	008fde2d	SG_BALVERINE_WANDER
4372695555811e76	FUN_008fde52	0	1	008fde52	SG_BALVERINE_CORNERED
9599472606dfdfda	FUN_008fde65	0	1	008fde65	SG_BALVERINE_JUMP_AT_FLEEING_ENEMY
a05228fd9576b140	FUN_008fde78	0	1	008fde78	SG_NYMPH_FLOAT_AROUND
4c94dbe1f22ed8d6	FUN_008fde8b	0	1	008fde8b	SG_NYMPH_ATTACK
b959c86d5e69807e	FUN_008fdeb0	0	1	008fdeb0	SG_JACK_DRAGON
3816abbe51efc1fa	FUN_008fdec3	0	1	008fdec3	SG_JACK_OF_BLADES_STAGE1
58e5c974a571461e	FUN_008fded6	0	1	008fded6	SG_JACK_OF_BLADES_STAGE2
efec4c15370507e3	FUN_008fdee9	0	1	008fdee9	SG_JACK_OF_BLADES_STAGE3
4bd9fa4e40715e4c	FUN_008fdefc	0	1	008fdefc	SG_MAZE_TELEPORT
faf77f33d235b88a	FUN_008fdf22	0	1	008fdf22	SG_MAZE_RANGED_COMBAT
32efe33c14901106	FUN_008fdf35	0	1	008fdf35	SG_MAZE_DEFENSIVE_MELEE_COMBAT
39132d8c992eb95a	FUN_008fdf48	0	1	008fdf48	SG_MAZE_SHIELDED_CHASE
2671cfa340c5e0f5	FUN_008fdf5b	0	1	008fdf5b	SG_MAZE_TUTORIAL_BATTLE
e3c03d99bdf746b9	FUN_008fdf6e	0	1	008fdf6e	SG_MAZE_TUTORIAL_BATTLE_TELEPORT
56efc1ef84602c0e	FUN_008fdf81	0	1	008fdf81	SG_MAZE_TUTORIAL_BATTLE_RESPOND_TO_LIGHT
573433df18b1d97c	FUN_008fdf94	0	1	008fdf94	SG_MAZE_TUTORIAL_BATTLE_USE_SHIELD
b5043201a13e69d4	FUN_008fdfa7	0	1	008fdfa7	SG_GUILDMASTER
f3ff60e205c8c279	FUN_008fdfba	0	1	008fdfba	SG_BRIAR_ROSE
246ebd0866784707	FUN_008fdfcd	0	1	008fdfcd	SG_BRIAR_ROSE_WILL_USE
1fc4a1d330790c2b	FUN_008fdfe0	0	1	008fdfe0	SG_MINION_BEHAVIOUR_GREET_CREATURE
4c420e08ab2201a9	FUN_008fdff3	0	1	008fdff3	SG_MINION_BEHAVIOUR_SAD
8087ffa4f4b5a40c	FUN_008fe019	0	1	008fe019	SG_MINION_BEHAVIOUR_PODIUM_EMOTE_NEUTRAL
4e77e0e869ce2126	FUN_008fe036	0	1	008fe036	SG_MINION_REACT_TO_BURGLARY
af45cff6cf543e1f	FUN_008fe049	0	1	008fe049	SG_MINION_REACT_TO_TRESPASSING
4d8e6dda3824c7dc	FUN_008fe05c	0	1	008fe05c	SG_MINION_REACT_TO_NOISE
7db5046d28490e29	FUN_008fe081	0	1	008fe081	SG_MINION_REACT_TO_CRIME
e4641083e2b6af7e	FUN_008fe0a7	0	1	008fe0a7	SG_MINION_REACT_TO_CRIME_FROM_SLEEP
122c1e2566f3757d	FUN_008fe0ba	0	1	008fe0ba	SG_MINION_REACT_TO_APOLOGY
285bca29a8dafe87	FUN_008fe127	0	1	008fe127	SG_HOVER_WANDER_AROUND_THING
eacf02e7525fd40d	FUN_008fe13a	0	1	008fe13a	SG_HOVER_WANDER
c31301f2d4fb2a9d	FUN_008fe14d	0	1	008fe14d	SG_HOVER_ATTACK
354771ba388bb51c	FUN_008fe16b	0	1	008fe16b	SG_HOVER_ATTACK_UNLESS_TARGET_FLEEING
8d706c158d6e6fbd	FUN_008fe17e	0	1	008fe17e	SG_HOVER_ALL_AROUND_TEST
032a5ef7fa9e045c	FUN_008fe1a3	0	1	008fe1a3	SG_HOVER_KEEP_IN_AREA
8dfdd5c9d607035c	FUN_008fe1b6	0	1	008fe1b6	SG_HOVER_ATTACK_AREA
06798bbde3cbd5d1	FUN_008fe1c9	0	1	008fe1c9	SG_HOVER_HORNET_QUEEN_TAKE_DAMAGE
0cf493a03c05c999	FUN_008fe1dc	0	1	008fe1dc	SG_HOVER_HORNET_QUEEN
3f4a026de7045c7f	FUN_008fe1ef	0	1	008fe1ef	SG_MINION_LEAVE_REGION
5e07d52b351697c8	FUN_008fe214	0	1	008fe214	SG_MINION_MOTHER_CONSOLE_CHILD
1415cfc02ec3d5c3	FUN_008fe239	0	1	008fe239	SG_CREATURE_ADVANCE_IN_COVER
c1dc89a7759d89b0	FUN_008fe24c	0	1	008fe24c	SG_CREATURE_RANGED_COMBAT_TWO
72e051eb1a51e36e	FUN_008fe25f	0	1	008fe25f	SG_CREATURE_RANGED_COMBAT_USE_WILL_SHIEL
0fe80aaea2a5d491	FUN_008fe288	0	1	008fe288	SG_CREATURE_TEST_TEST_TEST
cebdab14f9977b0f	FUN_008fe2ad	0	1	008fe2ad	SG_CREATURE_RANGED_COMBAT_USE_COVER
f5343fc649992db4	FUN_008fe2c0	0	1	008fe2c0	SG_CREATURE_RANGED_COMBAT_USE_PREFERRED_
55dd9cb7a14a425d	FUN_008fe2d3	0	1	008fe2d3	SG_CREATURE_RANGED_COMBAT_FIRE_AT_SPECIF
52070d33c61bf6f6	FUN_008fe2e6	0	1	008fe2e6	SG_REACT_TO_DEAD_LEADER
800fac0ed558f08f	FUN_008fe2f9	0	1	008fe2f9	SG_CREATURE_GO_UNDERGROUND
9d64b876b4c3503c	FUN_008fe31e	0	1	008fe31e	SG_CREATURE_IDLE_UNDERGROUND
23b61ce9b120f264	FUN_008fe348	0	1	008fe348	SG_CREATURE_SEEK_ENEMY_UNDERGROUND
a952f0a30dab40ed	FUN_008fe35b	0	1	008fe35b	SG_BOASTING_CROWD_MEMBER
9b3a4f9eb80c479a	FUN_008fe36e	0	1	008fe36e	SG_OPINION_REACTION_ROOT
b5352493b3d5aecc	FUN_008fe3a7	0	1	008fe3a7	SG_DEED_REACTION_ROOT_FROM_SLEEP
614a2949a83e617e	FUN_008fe3ba	0	1	008fe3ba	SG_BEETLE_TOGGLE_HOVER
97944e6a9ad68038	FUN_008fe3df	0	1	008fe3df	SG_BANDIT_KING_CHARGE
b6ec77da22f97b89	FUN_008fe3f2	0	1	008fe3f2	SG_BANDIT_KING_LUNGE
6227fcab3a1ef12a	FUN_008fe405	0	1	008fe405	SG_BANDIT_KING_THROW_WEAPONS
9fdffa481a43d464	FUN_008fe418	0	1	008fe418	SG_ICE_TROLL_ICICLE_ATTACK
377da0a4f846acbe	FUN_008fe42b	0	1	008fe42b	SG_ICE_TROLL_POUND_GROUND_ATTACK
45423cecfe42677b	FUN_008fe43e	0	1	008fe43e	SG_ICE_TROLL_ICICLE_ASSAULT
db4c119ab4d66bec	FUN_008fe451	0	1	008fe451	SG_SCORPION_KING
79ed0ac7a9152697	FUN_008fe464	0	1	008fe464	SG_VERSUS_ROCK_TROLL
e320d51fe53b4aee	FUN_008fe48a	0	1	008fe48a	SG_VERSUS_SCORPION_KING
708776be259f49aa	FUN_008fe49d	0	1	008fe49d	SG_MINION_FOLLOW_THING
8cc6572bd7bdcfe9	FUN_008fe4b0	0	1	008fe4b0	SG_MINION_WALK_TO_MARKER
6ad6a5466405d734	FUN_008fe4d5	0	1	008fe4d5	SG_STEAL_STEALABLE_ITEM
a796b16a697818b6	FUN_008fe4e8	0	1	008fe4e8	SG_RECOVER_STEALABLE_ITEM
bf037d64e7a58c72	FUN_008fe4fb	0	1	008fe4fb	SG_CARRY_CRATE_AND_FOLLOW
9e4446222e282697	FUN_008fe50e	0	1	008fe50e	SG_TAVERN_SERVER
399d7b2f0e6786a2	FUN_008fe521	0	1	008fe521	SG_TAVERN_KEEPER
cfd09d61706f9f24	FUN_008fe534	0	1	008fe534	SG_SLEEP_ON_FLOOR
fa2bbbc052d6924f	FUN_008fe547	0	1	008fe547	SG_WHISPER_RETREAT
7935a2ac581328c9	FUN_008fe55a	0	1	008fe55a	SG_WHISPER_POTION_COMBAT
b36b78440979d43a	FUN_008fe5ca	0	1	008fe5ca	SG_EAT_AT_HOME
0b3d370ab82a9e28	FUN_008fe5f0	0	1	008fe5f0	SG_EAT_AT_TAVERN
e9df26c71311944f	FUN_008fe603	0	1	008fe603	SG_SERVE_FOOD_AT_HOME
b3bf0a6d9c118781	FUN_008fe649	0	1	008fe649	SG_SERVE_FOOD_AT_TAVERN
31922422e0eda313	FUN_008fe671	0	1	008fe671	SG_SCREAMER_PURSUE_TARGET
4ead83f104dc681d	FUN_008fe684	0	1	008fe684	SG_KRAKEN_ATTACK
2baf16c43e39e8ad	FUN_008fe6a9	0	1	008fe6a9	SG_KRAKEN_TENTACLE_IDLE
d888625038b9ad75	FUN_008fe6ce	0	1	008fe6ce	SG_KRAKEN_TENTACLE_RISE
376e154230e921e1	FUN_008fe6f3	0	1	008fe6f3	SG_KRAKEN_TENTACLE_ATTACK
cde602b76a362e33	FUN_008fe718	0	1	008fe718	SG_WIFE_GIVE_YOU_GIFT
8e8f5b92da4ff3fd	FUN_008fe73d	0	1	008fe73d	SG_OPEN_AND_CLOSE_SHOP
5ed469803216d6d2	FUN_008fe778	0	1	008fe778	SG_SHOPKEEPER_WATCH_PLAYER
c3a181c6ad0c79af	FUN_008fe78b	0	1	008fe78b	SG_SETUP_WARES
2d9c1a303b720b9e	FUN_008fe7b0	0	1	008fe7b0	SG_BANDIT_PLAY_DICE
2aab324e386745f4	FUN_008fe7dd	0	1	008fe7dd	SG_BANDIT_PLOT
9ebd2db33fe65ed2	FUN_008fe805	0	1	008fe805	SG_MINION_GUARD_GREET_PLAYER
29542099704d2967	FUN_008fe82a	0	1	008fe82a	SG_MINION_GUARD_BRIBED
d683f4d91ff68f4a	FUN_008fe84f	0	1	008fe84f	SG_APPRENTICE_HERO
f3a6c7fcf2cd4f80	FUN_008fe893	0	1	008fe893	SG_SKILL_PRACTICE
0a81748b2dd87b9b	FUN_008fe8b8	0	1	008fe8b8	SG_ON_HERO_PUSH
5060146d1c5b7edd	FUN_008fe8dd	0	1	008fe8dd	SG_AVOID_REGION_EXIT
99b304b01578d121	FUN_008fe902	0	1	008fe902	SG_SUMMONER_LIGHTNING_ATTACK
5726586a673faaef	FUN_008fe915	0	1	008fe915	SG_SUMMONER_CHARGE
bc21e4808d4968a4	FUN_008fe928	0	1	008fe928	SG_SUMMONER_SUMMON
eac36ed04a8ec5a8	FUN_00903570	0	1	00903570	CActionPlayAnimation
64d97a2efd5c8337	FUN_009035f0	0	1	009035f0	CActionPlayCombatAnimation
0d2013149638d034	FUN_00903680	0	1	00903680	CActionStopScripting
5fec36132706a783	FUN_009036d0	0	1	009036d0	CActionDropGenericBox
6121396e532c41ab	FUN_00905160	0	1	00905160	CActionWaitForThingToFinishPerformingTas
41de483be04809cd	FUN_009051d0	0	1	009051d0	CActionFollowCreature
968ea7e5fa9e7bd3	FUN_00905420	0	1	00905420	CActionPerformExpression
4e9e5116711583e4	FUN_00906c60	0	3	00906c60	STRIKE_MEDIUM_FRONT
6efc7cbd28d46e27	FUN_00906e40	0	3	00906e40	REAR_ATTACK
2480f6ea9380ba51	FUN_009079c0	0	4	009079c0	PROJECTILE_ATTACK_FIRST
7f5aa827523f2d6e	FUN_00908000	0	1	00908000	STRIKE_AREA_EFFECT
d0c72cefe96dd415	FUN_00908270	0	1	00908270	SPECIAL_IDLE
d5ad01ea7450d396	FUN_009082d0	0	1	009082d0	PROJECTILE_ATTACK_GET_ROCK
181416a26192e01e	FUN_00908340	0	1	00908340	STRAFE_FORWARD
1cf08a1b094d30a0	FUN_009083a0	0	1	009083a0	ST_WALK_OUT_OF
db35e592cb683862	FUN_00908400	0	1	00908400	ST_WALK_INTO
b0cd308d75abeecb	FUN_00909070	0	3	00909070	
591dc27b1e1cdaed	FUN_009091d0	0	3	009091d0	ST_BUILDUP_ENFLAME
fc629414251f419b	FUN_009092c0	0	3	009092c0	ST_BUILDUP_PHYSICAL_SHIELD
fc629414251f419b	FUN_009093f0	0	3	009093f0	ST_BUILDUP_PHYSICAL_SHIELD
b056c93913493927	FUN_00909520	0	4	00909520	ST_FORCE_PUSH_INTO
ee0d7a6aeaf2c520	FUN_0090b160	0	5	0090b160	
8029e875639b7bba	FUN_0090d030	0	8	0090d030	CONV_GENERAL
2ebd7f40c6d761a6	FUN_0090e5d0	0	4	0090e5d0	CTCSolidToThing
254ba2393aff97c4	FUN_00910100	0	1	00910100	STORY_PLACE_MARKER
254ba2393aff97c4	FUN_009101c0	0	1	009101c0	STORY_PLACE_MARKER
cf7405c99cbca901	FUN_00910830	0	3	00910830	SIT_CHAIR
c5f7f535217e8ecc	FUN_00911c20	0	1	00911c20	EXPRESSION_AIR_GUITAR
8784ec426a4c5df9	FUN_00913a80	0	3	00913a80	
26d980a9c5594ce3	FUN_00914f00	0	2	00914f00	ST_CRYING_ON_THE_SPOT_INTO
84623769c96d0d7a	FUN_00915b60	0	2	00915b60	CTCSolidToThing
fe5b3f97b641483f	FUN_009162f0	0	1	009162f0	CTCSolidToThing
8784ec426a4c5df9	FUN_00916d50	0	3	00916d50	
f08c279cb54aeb48	FUN_009175e0	0	2	009175e0	ST_WASH_FLOOR_INTO
afc13e8141fdc8dc	FUN_00917bb0	0	2	00917bb0	CARRY_SLOT_RIGHT_HAND
4ce00c1260d76950	FUN_00918190	0	1	00918190	GAZE_OUT_OF_BUILDING_MARKER
4ce00c1260d76950	FUN_009182d0	0	1	009182d0	GAZE_OUT_OF_BUILDING_MARKER
8784ec426a4c5df9	FUN_0091ffe0	0	3	0091ffe0	
be32a859083e1575	FUN_00921440	0	1	00921440	EXPRESSION_FOLLOW
58d6cad0fa2330ed	FUN_00921990	0	3	00921990	EXPRESSION_FOLLOW
ca0c9f229855fe7d	FUN_00922860	0	4	00922860	MARKER_DISCHARGE_BODILY_FLUIDS
5a48fd6141bf6e03	FUN_00922ee0	0	1	00922ee0	TAKE_FOOD_FROM_TABLE
51cd24c68717d84a	FUN_00922f50	0	1	00922f50	PUT_FOOD_ON_TABLE
d8885d1006b96ff5	FUN_00923510	0	3	00923510	CTCCreatedEntity
c2f9aace185716ff	FUN_00925330	0	1	00925330	RISE_FROM_SURFACE
a19a14ecba54d7ec	FUN_009253c0	0	1	009253c0	RETURN_UNDERWATER
4d2704772be10f7a	FUN_00925440	0	1	00925440	INTO_LOW_POSE
4d3aedcec27abedc	FUN_009254c0	0	1	009254c0	ATTACK_LOW_CHARGE_LOOP
d73272325976929e	FUN_00925560	0	1	00925560	INTO_ATTACK_LOW
b63f998c3d65f8a2	FUN_009255e0	0	1	009255e0	ATTACK_LOW_LOOP
3849ed41bb765aa1	FUN_00925680	0	1	00925680	OUT_OF_ATTACK_LOW
0743518266be01b1	FUN_00925700	0	1	00925700	INTO_ATTACK_HIGH
ec0d92fb7d21c58d	FUN_00925780	0	1	00925780	ATTACK_HIGH_LOOP
a0397967b7af33c4	FUN_00925820	0	1	00925820	OUT_OF_ATTACK_HIGH
0ea6f18139a7f9d6	FUN_009261f0	0	3	009261f0	bitset
bdbea2dea940b9b5	FUN_009285d0	0	8	009285d0	ST_DICEGAME_PICKING_DICE
d5bda532667ef079	FUN_009289b0	0	8	009289b0	ST_LISTENING_TO_PLANS_BREAKDOWN
03559168faa180f8	FUN_00929b10	0	1	00929b10	WHISTLE_GUARD_BRIBED
8a9983c3c10ab2e9	FUN_0092a0c0	0	3	0092a0c0	MeleePractice
bb8e4f981b5024da	FUN_0092a220	0	1	0092a220	RangedPractice
8384daa1d340d2b3	FUN_0092a3f0	0	5	0092a3f0	CARRY_SLOT_RIGHT_HAND
786fde8068adc53c	FUN_0092ace0	0	2	0092ace0	LibraryMarker
1f712885bd613c30	FUN_0092ae70	0	3	0092ae70	Leaderboard
c6bb30375641979b	FUN_0092afe0	0	2	0092afe0	MainGuildMap
496cd3126bd9cd6d	FUN_0092f240	0	1	0092f240	TAVERN_GAME_INCORRECT
2b7b527ab5b7b013	FUN_0092fab0	0	3	0092fab0	TEXT_GUI_CRIME_BRIBE_OFFER
ed189fa2da55b63d	FUN_00930480	0	1	00930480	TEXT_GUI_TRADE_START_TRADING
44d0f98326f2666c	FUN_00931390	0	5	00931390	GAZE_OUT_OF_BUILDING_MARKER
72f31c3d1f474b09	FUN_009334f0	0	5	009334f0	TEXT_AI_GUARD_DEMAND_REBRIBE_FIRST
deddd54670c2944f	FUN_00933cc0	0	1	00933cc0	STANDARD_CAST
5442fff5e76a8b26	FUN_00934410	0	1	00934410	BOY_PULLING_FACES_01
d81d9ef3c8dfeab6	FUN_00934920	0	1	00934920	CTCCreatureGroupTag
479304b64e55cd08	FUN_009380e0	0	2	009380e0	SIT_CHAIR
b04966c1ecb5c073	FUN_009381b0	0	2	009381b0	SIT_CHAIR
a37aa2e90df12cf0	FUN_0093a5c0	0	6	0093a5c0	CARRY_SLOT_RIGHT_HAND
962f1ffd1bfce140	FUN_0093a7a0	0	2	0093a7a0	ST_SITTING_SING_SONG_DRUNK_INTO
9ceb05c60ee49ffd	FUN_0093a8c0	0	4	0093a8c0	CARRY_SLOT_RIGHT_HAND
75023b57ccf32963	FUN_00941b20	0	1	00941b20	PLAY_HOPSCOTCH
a1f45ba47308fb1a	FUN_00942820	0	2	00942820	ST_CROUCH_TALK_TO_CHILD_INTO
f265700aaaaec805	FUN_009428a0	0	2	009428a0	ST_TEACH_LOOP
7e8e4ac6a6606c1f	FUN_00942920	0	1	00942920	STANDARD_WAVE
254ba2393aff97c4	FUN_00942d40	0	1	00942d40	STORY_PLACE_MARKER
1016fee42b51fdaa	FUN_009432c0	0	2	009432c0	ACTION_POINT_BLACKBOARD
ecd16c4000c32d86	FUN_00944940	0	2	00944940	OBJECT_SAW_01
bf46f73a98b2db90	FUN_00945060	0	2	00945060	BLACKSMITH_HAMMER_INTO
134fdb604a05b8b0	FUN_00945410	0	1	00945410	ST_GET_ITEM_OUT_OF_POCKET
9f245c0d445ba45a	FUN_009456a0	0	1	009456a0	ST_FILL_ITEM
77a4932098293c13	FUN_00947b70	0	1	00947b70	DRINK_AT_TABLE_INTO
00142c2c8b3b6ed2	FUN_00947be0	0	1	00947be0	DRINK_AT_TABLE_OUTOF
41c57b9890d54a9c	FUN_00947ca0	0	1	00947ca0	SIT_AT_TABLE_LOOP
0ccee52004ae49b7	FUN_00947d30	0	1	00947d30	SEATED_TAVERN_LAUGH
241be941957772b4	FUN_00948880	0	1	00948880	SHOUT_FOR_BEER
a6bbed07f84c6587	FUN_00949380	0	1	00949380	ACKNOWLEDGE_BARMAID
0340331abb6318eb	FUN_00949580	0	2	00949580	SIT_AT_TABLE_INTO
39dd7e0da23290ae	FUN_009498b0	0	1	009498b0	SIT_AT_TABLE_OUTOF
d23225f4c3bc54f4	FUN_0094a0e0	0	3	0094a0e0	FALLING_ASLEEP_INTO
2180544971fe4e70	FUN_0094a190	0	3	0094a190	LISTENING_INTO
f67f9d1ddd717309	FUN_0094a200	0	3	0094a200	SLUMPED_DRUNK_AT_TABLE_INTO
84cba612246847a9	FUN_0094a2b0	0	3	0094a2b0	TELLING_STORY_INTO
4eef4b4a5acf52c0	FUN_0094ab00	0	3	0094ab00	SIT_AT_TABLE_OUTOF
9b953235cc290fbd	FUN_0094b530	0	1	0094b530	SIT_TAVERN_STOOL
efbf0715a19f05f8	FUN_0094e5f0	0	1	0094e5f0	GROUND_POUND
3eb45043c8b81a8f	FUN_009500e0	0	5	009500e0	DragonMarker_Hover1
fb20a3e985af57e8	FUN_00950cf0	0	3	00950cf0	
dba898aa3cff69e3	FUN_00951070	0	3	00951070	
e424095c777412d4	FUN_00951fb0	0	3	00951fb0	SWORD_SWING
c9f466a23bfdb684	FUN_00956590	0	1	00956590	CWhisperBattleDef
5041ef6dc0c1b2d7	FUN_00957170	0	2	00957170	STRIKE_SHOT_FAR_INTO
cf2424800b5b2ca3	FUN_00958840	0	1	00958840	STANDARD_MESSAGE_EVENT_GOING_FOR_HELP
8784ec426a4c5df9	FUN_00959260	0	3	00959260	
85cbf9e55324de70	FUN_0095b020	0	2	0095b020	QueenDepositPos%d
3fb6dbff1e2f411e	FUN_0095b3e0	0	2	0095b3e0	WaspQueenArenaCentre
737dbb6865cf6130	FUN_0095b820	0	2	0095b820	CREATURE_HORNET_PICNIC
fbadfd2c74ed3b8a	FUN_0095c5c0	0	1	0095c5c0	CWaspQueenBattleDef
504610624730ce83	FUN_0095cb80	0	2	0095cb80	SPAWN
ef8ca0cbfe852e2c	FUN_009672c0	0	1	009672c0	ACTION_POINT_MAID
48af825138b09d66	FUN_00967930	0	1	00967930	COLLECT_JUG_FROM_BAR
0ef794963d37ca96	FUN_00967a20	0	1	00967a20	PUT_EMPTY_JUG_ON_BAR
5310ca2cbe537938	FUN_00968860	0	1	00968860	ACTION_POINT_BARMAN
ece282a061dfdebc	FUN_009689c0	0	2	009689c0	BARMAN_LEAN_LOOP
5d5bbd768c3129e3	FUN_00968fa0	0	2	00968fa0	FILL_JUG_LOOP
ab0510585b535625	FUN_009692c0	0	1	009692c0	RECEIVE_MONEY_AT_BAR
cad8bcabfd227362	FUN_0096a8b0	0	3	0096a8b0	OBJECT_HERO_ARENA_BLADES_TRAP_01
17601552be9ef6e0	FUN_0096af60	0	1	0096af60	JUMP_INTO_SKY
17601552be9ef6e0	FUN_0096c010	0	1	0096c010	JUMP_INTO_SKY
ff664cfe596ddee9	FUN_0096c2e0	0	1	0096c2e0	ThunderArenaCentre
b64dad57365ea809	FUN_0096c820	0	1	0096c820	ST_SAT_EATING_OUTOF
892c80b5a3d5c768	FUN_0096c9a0	0	2	0096c9a0	ST_SAT_EATING_INTO
39dd7e0da23290ae	FUN_0096cfc0	0	1	0096cfc0	SIT_AT_TABLE_OUTOF
012e5d0c7837b257	FUN_0096dd10	0	1	0096dd10	SCREAMER_AGGRESSIVE
9d5d6018ed66cf6c	FUN_00970610	0	3	00970610	DIVE_FOR_COVER
bfda5f4d5b0394f2	FUN_00972670	0	3	00972670	HERO_JACK_OF_BLADES_ATTACK_STYLE_LAST_ST
03e376c434d483e4	FUN_00972830	0	2	00972830	CAMERA_MANAGER_SET_DEFAULT
e265a71921e7f5f9	FUN_00972990	0	5	00972990	HIT_LOCATION_JACK_OF_BLADES
f0f8c2bd8e47acbc	FUN_00972f30	0	6	00972f30	CAMERA_MANAGER_SET_JACK_BOSS_FIGHT
8855feef074f32a9	FUN_009735d0	0	4	009735d0	CTCSolidToThing
6ded488d2f59e5f9	FUN_00973900	0	4	00973900	OBJECT_FRESCO_DOME_PILLAR_01
1fe57ace0c663755	FUN_00974110	0	4	00974110	CTCSolidToThing
812f9dc4771e775e	FUN_00974770	0	5	00974770	SUMMON_INTO
58fa48896029d875	FUN_00975bb0	0	13	00975bb0	CTCSolidToThing
a78f3fa4f544dae1	FUN_00976e80	0	2	00976e80	ST_STRIKE_LIGHT_INTO
578ea6fddb8de1af	FUN_00976fc0	0	2	00976fc0	STRIKE_SHOT_NEAR
040afcbd8689026c	FUN_00977060	0	2	00977060	STRIKE_SHOT_FAR
7eafc933b7d5e889	FUN_00977100	0	2	00977100	SCREAM_INTO
1e0ac860ca9e923d	FUN_009771f0	0	2	009771f0	DEATH_INTO
77bd46c4ee48366b	FUN_00977320	0	2	00977320	ST_FALL_TO_GROUND
b3e681175725cef1	FUN_00977b10	0	2	00977b10	CREATURE_GUILDMASTER_BODYGUARD
6b5dd148ce6138e2	FUN_00977c40	0	2	00977c40	GuildmasterTeleportMarker
ba72acbe2222885d	FUN_00978190	0	1	00978190	CGuildMasterDef
0aa2f68a67d1d78f	FUN_00979f70	0	1	00979f70	PROJECTILE_WEAPON_AIM
b8046aa57d0b1b8e	FUN_0097a630	0	1	0097a630	PROJECTILE_WEAPON_LOAD
6b7663fec466f251	FUN_0097b900	0	1	0097b900	ScorpionArenaCentre
cad8bcabfd227362	FUN_0097bb30	0	3	0097bb30	OBJECT_HERO_ARENA_BLADES_TRAP_01
97cd24aca7afdb4d	FUN_0097c760	0	2	0097c760	SCORPION_STRIKE_LEFT_TURN
83a42d8d924b3b2a	FUN_0097c830	0	2	0097c830	SCORPION_STRIKE_RIGHT_TURN
24971e7cdea0d857	FUN_0097c920	0	2	0097c920	RISE_PREPARE
1956be6e58572053	FUN_0097fa00	0	2	0097fa00	STANDARD_YAWN
d96c84bbbe4255ba	FUN_0097fea0	0	2	0097fea0	EXPRESSION_APOLOGY
deddd54670c2944f	FUN_00982150	0	1	00982150	STANDARD_CAST
1ec5098a50ab200c	FUN_00982210	0	1	00982210	STANDARD_IDLE
287751db368c6375	FUN_00982eb0	0	1	00982eb0	TEXT_AI_WIFE_OPINION_ACT_FEELING_
751c2629a91fce11	FUN_00982f10	0	1	00982f10	TEXT_AI_WIFE_OPINION_ACT_GENERAL_
fa4d11f3c56bb222	FUN_00982f70	0	1	00982f70	TEXT_AI_WIFE_OPINION_ACT_TOHERSELF_
1da53f5065956fb3	FUN_00984f60	0	1	00984f60	TEXT_AI_OPINION_ACT_SCREAM_TO_SELF
dcc2855e08d58510	FUN_009852c0	0	1	009852c0	fff?UI_WEAPON_BUTTON_DYNAMIC_TEMPLATE
74f65f78c9cb70bc	FUN_00985440	0	2	00985440	TEXT_AI_OPINION_ACT_HERO_IMITATION_PLAY_
5d4c48bdaa2a8eaa	FUN_0098acf0	0	9	0098acf0	PSCONST_INPUT_FACTOR_0
8784ec426a4c5df9	FUN_0098cde0	0	3	0098cde0	
94f080948309e8b1	FUN_0098e0d0	0	6	0098e0d0	
fb98b649f9b025dc	FUN_0098e7d0	0	7	0098e7d0	
8fe619be8968ecde	FUN_0098eb20	0	4	0098eb20	
8fe619be8968ecde	FUN_0098ebc0	0	4	0098ebc0	
1aa82bee5a1264ae	FUN_0098ecd0	0	7	0098ecd0	
023102ee84290a43	FUN_0098f0f0	0	5	0098f0f0	
970d9110a30ed29a	FUN_0098f1e0	0	4	0098f1e0	
8fe619be8968ecde	FUN_0098f2a0	0	4	0098f2a0	
ba4c3ead634f8927	FUN_0098f3a0	0	4	0098f3a0	
7d2d2392848565e3	FUN_009919c0	0	4	009919c0	Register Sound Bank 1
db0bb7d4f6de61f6	FUN_00991c10	0	1	00991c10	Register Atmos Sound Bank
85db9621c3ee9357	FUN_00996a40	0	3	00996a40	
8784ec426a4c5df9	FUN_00997330	0	3	00997330	
b216316b6ab67c4c	FUN_00997510	0	4	00997510	%s%s
8c0aee05a110e8b3	FUN_009994a0	0	5	009994a0	
7a95cf39a01a6fcd	FUN_00999760	0	4	00999760	
3d76f2d75a4e3d06	FUN_00999850	0	5	00999850	
2489bd1296fb3b6a	FUN_0099a6a0	0	7	0099a6a0	' (access type 
43ec9b04295cec6a	FUN_0099a920	0	3	0099a920	
7ba965fbf7085900	FUN_0099a960	0	5	0099a960	Cannot read file
2d49f0c566058ba1	FUN_0099aa90	0	5	0099aa90	Error writing file
da004b5bf3b181c3	FUN_0099abf0	0	4	0099abf0	Cannot seek past end of file
6f785917de77d52b	FUN_0099b8d0	0	1	0099b8d0	Software\Microsoft\Microsoft Games\Fable
86b08037e51772c0	FUN_0099ba70	0	4	0099ba70	
86b08037e51772c0	FUN_0099bb80	0	4	0099bb80	
dba898aa3cff69e3	FUN_0099bc50	0	3	0099bc50	
512aa697829a19dd	FUN_0099c1e0	0	5	0099c1e0	Software\Microsoft\Microsoft Games\Fable
dc8e657a68da85fc	FUN_0099c550	0	3	0099c550	basic_string
8784ec426a4c5df9	FUN_0099c7e0	0	3	0099c7e0	
8784ec426a4c5df9	FUN_0099c990	0	3	0099c990	
1d27dfc43f6dd919	FUN_0099d3a0	0	4	0099d3a0	
48f089981598159c	FUN_0099d4d0	0	4	0099d4d0	
92ad476ff7226f5e	FUN_0099d520	0	5	0099d520	
19b5762a8f41b308	FUN_0099d660	0	18	0099d660	Old_Font
edeefe5c0264025d	FUN_0099d7d0	0	10	0099d7d0	Old_Font
cc536e3788832ead	FUN_0099dbe0	0	5	0099dbe0	ExitFlag
b426d7a183e5f306	FUN_0099dc50	0	7	0099dc50	ExitFlag
60a4c55dae690e57	FUN_0099dcb0	0	27	0099dcb0	%s %s (0x%04x):%d
e714ccfdc1151f78	FUN_0099e260	0	16	0099e260	Error!
f11f19c300ab2281	FUN_0099ed10	0	4	0099ed10	
db700198d2146b03	FUN_0099ee20	0	4	0099ee20	
76d8a6341b86f85f	FUN_0099f1f0	0	4	0099f1f0	
6d2e9257d255bd6e	FUN_0099fb60	0	3	0099fb60	 and 
c862094077151f99	FUN_009a08b0	0	4	009a08b0	
30c4af9c1f26a308	FUN_009a3c20	0	4	009a3c20	
c70b531034de1546	FUN_009a4ed0	0	2	009a4ed0	Application Error
e87500ee9c60dd51	FUN_009a4f20	0	5	009a4f20	
1194581a193fd8c2	FUN_009a5020	0	15	009a5020	CRITICAL ERROR - A floating point operat
d2843f64b1a1f0b7	FUN_009a5340	0	5	009a5340	
375dddc09e0de5c4	FUN_009a60d0	0	3	009a60d0	
2379a4bbfc6ecb00	FUN_009a6370	0	3	009a6370	
a649611f530c2e5e	FUN_009a64b0	0	8	009a64b0	
95aee273f5fd0de3	FUN_009a6610	0	5	009a6610	
dc68bbd490ca8791	FUN_009a78d0	0	3	009a78d0	
420671a2e961852e	FUN_009a7ca0	0	2	009a7ca0	 bank not found!
420671a2e961852e	FUN_009a7d40	0	2	009a7d40	 bank not found!
b72f780c1fa1cb9f	FUN_009a8170	0	6	009a8170	BeginRetailFile
dba898aa3cff69e3	FUN_009a8840	0	3	009a8840	
f9a9c50efc0c01ee	FUN_009acee0	0	3	009acee0	Expected string in enum
ce64f4dee0506fae	FUN_009ad6e0	0	3	009ad6e0	CDefinitionManager::LoadDef 1
29f17ebdd11c342c	FUN_009ade90	0	4	009ade90	#definition
8784ec426a4c5df9	FUN_009ae390	0	3	009ae390	
09a118326cf40d8e	FUN_009ae7c0	0	6	009ae7c0	 does not exist.
d7a2e00950979439	FUN_009aef60	0	4	009aef60	DefinitionManager : CreateSymbolsFromPat
b505b479d0be3a42	FUN_009af1e0	0	4	009af1e0	#definition
e499accf2d837ccb	FUN_009af480	0	4	009af480	DefinitionManager : DoCompilePathList
dbbdab923dcb7d0d	FUN_009afb90	0	2	009afb90	Definition Manager: Load Binary Def
8bc0d27b5bbc25f1	FUN_009b0ac0	0	3	009b0ac0	Add Def Class
8784ec426a4c5df9	FUN_009b3630	0	3	009b3630	
8784ec426a4c5df9	FUN_009b4030	0	3	009b4030	
8784ec426a4c5df9	FUN_009b4240	0	3	009b4240	
8784ec426a4c5df9	FUN_009b4430	0	3	009b4430	
8784ec426a4c5df9	FUN_009b4bd0	0	3	009b4bd0	
8784ec426a4c5df9	FUN_009b4e20	0	3	009b4e20	
8784ec426a4c5df9	FUN_009b4f30	0	3	009b4f30	
893a2bcadd6f0eda	FUN_009b9aa0	0	3	009b9aa0	
387c96110233d338	FUN_009ba540	0	1	009ba540	Error parsing integer
68787843a176c7e6	FUN_009ba650	0	1	009ba650	Error parsing float
ecff3347d07bdf14	FUN_009ba6f0	0	1	009ba6f0	Error parsing string
0cca298aec459d9d	FUN_009ba790	0	1	009ba790	Error parsing symbol
ff22c938b9158e65	FUN_009bb110	0	7	009bb110	Out of bounds vector access
4aec1a1dc5de9e3a	FUN_009bba40	0	1	009bba40	Unable to find terminating semicolon.
31d4ed8d077fd44b	FUN_009bbbf0	0	1	009bbbf0	Unknown entry "
f11b3fd77c831e97	FUN_009bbcc0	0	3	009bbcc0	Unable to find terminating semicolon.
f058febc4aa086f3	FUN_009bd020	0	2	009bd020	Xbox Movie Player Code
5c7fb9b8b87dc332	FUN_009bd460	0	3	009bd460	ENG_ARIAL_18
e392daad8e8fb8e6	FUN_009be490	0	3	009be490	
4649dad4836949f5	FUN_009c0e50	0	4	009c0e50	
45f9553a9d7329e0	FUN_009c3590	0	4	009c3590	
63e57a9887206449	FUN_009c3660	0	6	009c3660	
5c493971aafe9878	FUN_009c38c0	0	7	009c38c0	
ef0ca04c759f045a	FUN_009c3ae0	0	3	009c3ae0	
d99e20e6ab721bc9	FUN_009c3c20	0	4	009c3c20	
318084899f19f188	FUN_009c3fb0	0	5	009c3fb0	
b28bf13e3424e3da	FUN_009c4120	0	3	009c4120	
9ae0cf8ec6cb056a	FUN_009c4440	0	3	009c4440	
33b22edb117a95dd	FUN_009c47a0	0	6	009c47a0	
831e76f469fc7ffd	FUN_009c5170	0	5	009c5170	
9e183f38ad0ca0a1	FUN_009c53a0	0	4	009c53a0	
ba4c3ead634f8927	FUN_009c5890	0	4	009c5890	
8784ec426a4c5df9	FUN_009ca950	0	3	009ca950	
435966dad58566a7	FUN_009cc9f0	0	3	009cc9f0	
782175b833a20815	FUN_009ccef0	0	6	009ccef0	(Unknown)
bb8657f852e3c127	FUN_009cd3c0	0	3	009cd3c0	
435966dad58566a7	FUN_009cd620	0	3	009cd620	
b9039abfa5913b38	FUN_009cd850	0	4	009cd850	
59eaf10855740adf	FUN_009cda70	0	3	009cda70	(Unknown)
a1a7fdc79bd123f4	FUN_009ce5e0	0	4	009ce5e0	Duplicate symbol: 
46c5ef84d796a33d	FUN_009cec60	0	5	009cec60	(Unknown)
482b225ee2e70033	FUN_009cf053	0	4	009cf053	  in 
d543f74cf1d4d60a	FUN_009cf3a0	0	9	009cf3a0	(Unknown)
0cbc9aec45deb467	FUN_009cfbc0	0	5	009cfbc0	
f8c94b4f09da959f	FUN_009d0880	0	9	009d0880	 has the wrong bank format! (should be 
d228ee8c7b64d79f	FUN_009d1320	0	4	009d1320	
8784ec426a4c5df9	FUN_009d2c10	0	3	009d2c10	
2994980cc0f53e71	FUN_009d6490	0	4	009d6490	
8784ec426a4c5df9	FUN_009d7fc0	0	3	009d7fc0	
289a910ceb5d4308	FUN_009d8140	0	3	009d8140	
351586de32880efa	FUN_009d9a30	0	4	009d9a30	SHADERS_BBBLIB
3a73019d3f948e1d	FUN_009e1bc0	0	3	009e1bc0	
d93fb4bba5fc6dd3	FUN_009e2590	0	1	009e2590	Unable to find symbol 
8784ec426a4c5df9	FUN_009e3330	0	3	009e3330	
8c0aee05a110e8b3	FUN_009e4da0	0	5	009e4da0	
3d875395af34e14a	FUN_009e4f80	0	3	009e4f80	 : error C2065 : 
bdaaa1082e5b46b9	FUN_009e55a0	0	8	009e55a0	Cannot read Definition Type name
8a382cd8c5d8badc	FUN_009e81e0	0	4	009e81e0	' in C2DCoordF
cfd8c9ceb170c2a8	FUN_009e84d0	0	4	009e84d0	 in C3DCoordF
a7d43103fdf95d9f	FUN_009e8c10	0	3	009e8c10	CRGBColour
9a0713d014c4bff2	FUN_009e9220	0	3	009e9220	Cannot read past end of file
6cdf68acb3b2c2b5	FUN_009e94a0	0	2	009e94a0	File does not exist: 
45b99581f8a7166f	FUN_009e9e30	0	4	009e9e30	[%02d/%02d/%02d %02d:%02d:%02d]
4f5b997138621412	FUN_009ea3c0	0	5	009ea3c0	 of type 
8228369be405cabf	FUN_009ea740	0	4	009ea740	float
0dc58f5a933dfb92	FUN_009ea7d0	0	3	009ea7d0	 parameter
fa9b279533ca3d28	FUN_009eb430	0	2	009eb430	command line was not a string
7fdd8881657a07dd	FUN_009eb690	0	1	009eb690	command
fda0d9aae46c371d	FUN_009eb760	0	2	009eb760	command
7063d8e506c3bc1e	FUN_009eb8e0	0	1	009eb8e0	variable
37f650d6c135b63f	FUN_009eb9b0	0	2	009eb9b0	variable
3bd276f93ab606b2	FUN_009ebdd0	0	12	009ebdd0	 after parameter 
4c9aeb5768e945a1	FUN_009ec430	0	5	009ec430	error - could not read target for variab
ed43797b78231092	FUN_009ed190	0	18	009ed190	BindKey
c37ca19bc5c4fb57	FUN_009f1c80	0	3	009f1c80	
edae07ec5e055be7	FUN_009f1d20	0	9	009f1d20	boot.ini
59a4b82fea00ad33	FUN_009f20b0	0	4	009f20b0	
4a76827ba8238b55	FUN_009f2870	0	3	009f2870	
9bcfc884027d096a	FUN_009f2b20	0	3	009f2b20	
ae4d5023e48eaebd	FUN_009f83d0	0	4	009f83d0	Init Graphic Data Bank
b5b7299b83c29b72	FUN_009febc0	0	3	009febc0	
d3990e9577c3fc67	FUN_00a01950	0	3	00a01950	.bin
f9954f1ebd104556	FUN_00a02220	0	3	00a02220	
4d8c3b1f27a346bb	FUN_00a02df0	0	3	00a02df0	
8295833737f9ebb6	FUN_00a03180	0	3	00a03180	
8784ec426a4c5df9	FUN_00a03780	0	3	00a03780	
5a012c124adf4b30	FUN_00a09f20	0	3	00a09f20	
60e0827add48363c	FUN_00a0cfc0	0	3	00a0cfc0	
79af125d8dc21832	FUN_00a0d980	0	5	00a0d980	
8784ec426a4c5df9	FUN_00a0ee50	0	3	00a0ee50	
2f5faedf490c63bc	FUN_00a0fdb0	0	3	00a0fdb0	
447c181b77b9488d	FUN_00a10560	0	3	00a10560	
cfd02955bdc14aa3	FUN_00a10720	0	3	00a10720	
c67223a7ac9986b8	FUN_00a10800	0	5	00a10800	
b441b9607a8c9635	FUN_00a10a60	0	4	00a10a60	
c67223a7ac9986b8	FUN_00a10b80	0	5	00a10b80	
5f328ec87cdf4436	FUN_00a12ee0	0	4	00a12ee0	
8784ec426a4c5df9	FUN_00a14cb0	0	3	00a14cb0	
360c21e6c0fa1cfc	FUN_00a15890	0	9	00a15890	%f, %f, %f, %f, %f, %f, %f, %f, %d 
8784ec426a4c5df9	FUN_00a17190	0	3	00a17190	
8784ec426a4c5df9	FUN_00a17270	0	3	00a17270	
83644a6db0b17f53	FUN_00a1cc30	0	4	00a1cc30	
83644a6db0b17f53	FUN_00a1ceb0	0	4	00a1ceb0	
83644a6db0b17f53	FUN_00a1e370	0	4	00a1e370	
8784ec426a4c5df9	FUN_00a21cb0	0	3	00a21cb0	
4773f72abd803417	FUN_00a24d70	0	3	00a24d70	Asset Wait: Animation
91c6e252ec513da8	FUN_00a25530	0	1	00a25530	Asset Wait: Mesh Stats
6ae6a1a67685e78e	FUN_00a25e70	0	3	00a25e70	Asset Wait: Mesh 1
d2e3f91cea332d82	FUN_00a262b0	0	1	00a262b0	Asset Wait: Physics Mesh
8784ec426a4c5df9	FUN_00a2be00	0	3	00a2be00	
06ffdb13d1ae5118	FUN_00a381d0	0	3	00a381d0	 : error C2065 : 
bdaaa1082e5b46b9	FUN_00a38670	0	8	00a38670	Cannot read Definition Type name
dba898aa3cff69e3	FUN_00a3a410	0	3	00a3a410	
32c507809da8bed2	FUN_00a3b510	0	1	00a3b510	Texture Renderer
2a3d8daa053bbd2c	FUN_00a3b730	0	3	00a3b730	
7c2c413719e758a9	FUN_00a3b9d0	0	10	00a3b9d0	.asf
01f98437aee78459	FUN_00a3e0d0	0	1	00a3e0d0	Unknown definition symbol 
2777b0dabc78e2f6	FUN_00a44740	0	2	00a44740	Failed to create fibre
211869def62a29fe	FUN_00a447d0	0	2	00a447d0	Failed to create Microthread
8784ec426a4c5df9	FUN_00a44b40	0	3	00a44b40	
025e2fc4e4d8418c	FUN_00a4eec0	0	3	00a4eec0	
8784ec426a4c5df9	FUN_00a4efc0	0	3	00a4efc0	
cdcad48ac39b5194	FUN_00a5afb0	0	2	00a5afb0	File is not open for writing
426db5e3562b202b	FUN_00a5b020	0	2	00a5b020	Cannot seek past end of file
6cdf68acb3b2c2b5	FUN_00a5b260	0	2	00a5b260	File does not exist: 
9a0713d014c4bff2	FUN_00a5b370	0	3	00a5b370	Cannot read past end of file
8784ec426a4c5df9	FUN_00a5e1b0	0	3	00a5e1b0	
f581c850480c0463	FUN_00a5ed60	0	3	00a5ed60	
8784ec426a4c5df9	FUN_00a5f8e0	0	3	00a5f8e0	
a9497af97c1e4b55	FUN_00a60050	0	3	00a60050	
8784ec426a4c5df9	FUN_00a62740	0	3	00a62740	
8784ec426a4c5df9	FUN_00a639e0	0	3	00a639e0	
0c5e5af8b33fc0bf	FUN_00a65f40	0	3	00a65f40	
407eff21f90201a1	FUN_00a6d670	0	3	00a6d670	NAV_VOLUME_
5a012c124adf4b30	FUN_00a786c0	0	3	00a786c0	
c34655a6caeafc1a	FUN_00a7a8d0	0	4	00a7a8d0	
ee0d7a6aeaf2c520	FUN_00a7af60	0	5	00a7af60	
8784ec426a4c5df9	FUN_00a80aa0	0	3	00a80aa0	
8784ec426a4c5df9	FUN_00a80ee0	0	3	00a80ee0	
8784ec426a4c5df9	FUN_00a814b0	0	3	00a814b0	
8784ec426a4c5df9	FUN_00a81590	0	3	00a81590	
5f328ec87cdf4436	FUN_00a8b990	0	4	00a8b990	
bdbe075ecd8151f5	FUN_00a90900	0	3	00a90900	
0f9a857e619df531	FUN_00a90ae0	0	3	00a90ae0	
56b89aa63e686f0e	FUN_00a98e60	0	3	00a98e60	Copyright Big Blue Box Studios Ltd.
dba898aa3cff69e3	FUN_00a999b0	0	3	00a999b0	
014f0a2afdcb3147	FUN_00a99e30	0	1	00a99e30	3D Sequence File
56b89aa63e686f0e	FUN_00a9ad80	0	3	00a9ad80	Copyright Big Blue Box Studios Ltd.
dba898aa3cff69e3	FUN_00a9bbe0	0	3	00a9bbe0	
dad7ba282ac3182f	FUN_00a9c9c0	0	1	00a9c9c0	3D Mesh File
fba48ece5cc93995	FUN_00a9d310	0	1	00a9d310	Mirrored Texture Triangle List
2d7f8ea421aed98f	FUN_00aa4970	0	1	00aa4970	Allocation Size Helper Chunk
1e379f819d82873f	FUN_00aa49d0	0	1	00aa49d0	Compressed Animation Sequence
dba898aa3cff69e3	FUN_00aa5c80	0	3	00aa5c80	
6c3f215ff1bd99d2	FUN_00aa7010	0	1	00aa7010	Texture Index
c4c91ebf42aa9624	FUN_00aa7050	0	1	00aa7050	Mapping Info
92325060f97c0c43	FUN_00aa7090	0	1	00aa7090	Animated Primitive
86f5148053ddf2de	FUN_00aa7100	0	1	00aa7100	Bounding Sphere
f054da78ad9ef1f7	FUN_00aa7140	0	1	00aa7140	Bounding Box
cf9c4afb7fa6369e	FUN_00aa7230	0	1	00aa7230	Vertex Buffer Data
03ecb6fe8dcfc2a3	FUN_00aa7280	0	1	00aa7280	Triangle Strip
6a3b9b23dc2ecbd1	FUN_00aa7350	0	1	00aa7350	UV Tangent Vectors
e42119672fd4a349	FUN_00aa73b0	0	1	00aa73b0	Animated Primitive Block
187ef68950f689c2	FUN_00aa75d0	0	1	00aa75d0	Unknown chunk type
5f328ec87cdf4436	FUN_00aa8830	0	4	00aa8830	
f7888563bf368819	FUN_00aa96b0	0	4	00aa96b0	), Sub-mesh: 
2928f4729f54bedb	FUN_00aa9910	0	1	00aa9910	, Direction: (
212b459f912f97e3	FUN_00aab130	0	1	00aab130	Helper Point
875d93cb33223915	FUN_00aab180	0	1	00aab180	Dummy Object
e31a6412ad325620	FUN_00aab6b0	0	1	00aab6b0	Convex Volume
7805962f086c03a1	FUN_00aad650	0	4	00aad650	
8784ec426a4c5df9	FUN_00aade80	0	3	00aade80	
24aab22f9f13697d	FUN_00aaeab0	0	1	00aaeab0	Timing Event
9c73831aedef5697	FUN_00aaee90	0	1	00aaee90	Movement Vector
05defdb5e2cc8619	FUN_00aaff90	0	1	00aaff90	Animation Sequence
127a2c2dd244b721	FUN_00ab0870	0	1	00ab0870	Animated Object
e21654016073a170	FUN_00ab0b30	0	1	00ab0b30	Animation Mask
5f328ec87cdf4436	FUN_00ab1990	0	4	00ab1990	
dba898aa3cff69e3	FUN_00ab1cc0	0	3	00ab1cc0	
dba898aa3cff69e3	FUN_00ab1f30	0	3	00ab1f30	
80b6d47c3efe6f5f	FUN_00ab4870	0	3	00ab4870	
18b8eae5f2b2236d	FUN_00ab4bb0	0	4	00ab4bb0	
faf9be652f43b2ad	FUN_00ab5030	0	3	00ab5030	
f8d089caa5339ddd	FUN_00ab58e0	0	4	00ab58e0	
30c4af9c1f26a308	FUN_00ab8e10	0	4	00ab8e10	
c034621ceb6b9356	FUN_00abd3e0	0	1	00abd3e0	Transformation Matrix
6266829d60a16235	FUN_00abea90	0	1	00abea90	Smoothing Groups
ba247c6b36118d6f	FUN_00abeab0	0	1	00abeab0	Unique Vertex Information
429629bc6ed3b6da	FUN_00abec50	0	1	00abec50	Vertex Group
0990aece701ffc07	FUN_00abec90	0	1	00abec90	Triangle List
76505555b8e0270e	FUN_00abfe80	0	2	00abfe80	, Filename: 
bc67c6f7b93bc4af	FUN_00ac1270	0	1	00ac1270	Material List
a9300bfb5ddf5359	FUN_00ac1920	0	1	00ac1920	Extended Material Properties
30fa68132db962b9	FUN_00ac1e70	0	1	00ac1e70	Material Description
dba898aa3cff69e3	FUN_00ac3e00	0	3	00ac3e00	
f9edaf223031450c	FUN_00ac6270	0	1	00ac6270	Engine Material
435966dad58566a7	FUN_00aca450	0	3	00aca450	
5f328ec87cdf4436	FUN_00aca830	0	4	00aca830	
5f328ec87cdf4436	FUN_00acc490	0	4	00acc490	
435966dad58566a7	FUN_00acdb80	0	3	00acdb80	
5f328ec87cdf4436	FUN_00ace600	0	4	00ace600	
8784ec426a4c5df9	FUN_00ae2e20	0	3	00ae2e20	
627f1fbfd9511c26	FUN_00ae8680	0	1	00ae8680	enum EParticleEmitter  {  
1b4d37f0343d7482	FUN_00ae8810	0	5	00ae8810	BEGIN_DATABASE  
a9b0ee395d9af7c8	FUN_00aeac90	0	5	00aeac90	  Alive  
435966dad58566a7	FUN_00aeb060	0	3	00aeb060	
72a6e7ddea141814	FUN_00aef1f0	0	26	00aef1f0	BEGIN_SYSTEM
9a151dda98872868	FUN_00af4900	0	12	00af4900	BEGIN_COMPONENT
792ade617a74d6fc	FUN_00af8170	0	20	00af8170	Attractor
3c6dbbb022175597	FUN_00afe440	0	1	00afe440	CPSCRenderSprite
0c0f1406e0254aca	FUN_00afe480	0	1	00afe480	Sprite Renderer
e2504ffc5fa8c942	FUN_00b027d0	0	43	00b027d0	AlphaFadeEnable
fa558a80f605159e	FUN_00b05a50	0	1	00b05a50	CPSCRenderMesh
fe46fa10ab0890db	FUN_00b05a90	0	1	00b05a90	Mesh Renderer
eacc005b55508cc2	FUN_00b079b0	0	36	00b079b0	AlphaFadeEnable
4c635273fe635f02	FUN_00b0a0d0	0	1	00b0a0d0	CPSCSingleSprite
1524767e85fcde9a	FUN_00b0a110	0	1	00b0a110	Single Sprite
8b77d12545ad68cc	FUN_00b0f210	0	1	00b0f210	System Offset
8f38c70b3af2e2f6	FUN_00b0f880	0	1	00b0f880	CPSCUpdateNormal
81d01149a2bea25a	FUN_00b0f8c0	0	1	00b0f8c0	Generic Particle System
2a95d57023f8bc9a	FUN_00b13530	0	36	00b13530	AngularPerturbationInteger
ebfd3f45728786ac	FUN_00b15a90	0	1	00b15a90	CPSCEmitterGeneric
1ca2f9147734633d	FUN_00b15ad0	0	1	00b15ad0	Generic Emitter
e9e1bd727c3d2f1d	FUN_00b17030	0	12	00b17030	CentreParam
a0efd72d697fb949	FUN_00b18110	0	9	00b18110	AttractorEnabled
0620cf053fc57c5a	FUN_00b186e0	0	1	00b186e0	CPSCAttractor
a338d37a74c8ddb6	FUN_00b1a870	0	27	00b1a870	LightAttenuationFactor
694d1eb0a5a5196c	FUN_00b1e380	0	42	00b1e380	AlphaFadeEnable
a504405c4f2c5611	FUN_00b1ff10	0	1	00b1ff10	CPSCDecalRenderer
fbb021b234e79fda	FUN_00b1ff50	0	1	00b1ff50	Decal Renderer
1d4b722e4a373206	FUN_00b21a50	0	4	00b21a50	MaintainSplineShape
d6fa3ad84eaa9738	FUN_00b21e90	0	5	00b21e90	OffsetOnlyAtStartup
dba898aa3cff69e3	FUN_00b22310	0	3	00b22310	
0bceeb48c6d05bcf	FUN_00b22670	0	10	00b22670	OffsetPos
dba898aa3cff69e3	FUN_00b22b40	0	3	00b22b40	
8784ec426a4c5df9	FUN_00b22f30	0	3	00b22f30	
74e0dc40da33e06a	FUN_00b262c0	0	1	00b262c0	Engine: Add Render Layer
ea581dbb07529af6	FUN_00b26360	0	7	00b26360	ENGINE
c1def141359dee3d	FUN_00b277a0	0	3	00b277a0	Enable
8784ec426a4c5df9	FUN_00b291a0	0	3	00b291a0	
8784ec426a4c5df9	FUN_00b292b0	0	3	00b292b0	
8784ec426a4c5df9	FUN_00b29470	0	3	00b29470	
9cc1dce71ca5d4f8	FUN_00b29930	0	1	00b29930	Engine: Add Engine Component
9cc1dce71ca5d4f8	FUN_00b299d0	0	1	00b299d0	Engine: Add Engine Component
9cc1dce71ca5d4f8	FUN_00b29a70	0	1	00b29a70	Engine: Add Engine Component
9cc1dce71ca5d4f8	FUN_00b29b10	0	1	00b29b10	Engine: Add Engine Component
9cc1dce71ca5d4f8	FUN_00b29bb0	0	1	00b29bb0	Engine: Add Engine Component
9cc1dce71ca5d4f8	FUN_00b29c50	0	1	00b29c50	Engine: Add Engine Component
9cc1dce71ca5d4f8	FUN_00b29cf0	0	1	00b29cf0	Engine: Add Engine Component
9cc1dce71ca5d4f8	FUN_00b29d90	0	1	00b29d90	Engine: Add Engine Component
9cc1dce71ca5d4f8	FUN_00b29e30	0	1	00b29e30	Engine: Add Engine Component
9cc1dce71ca5d4f8	FUN_00b29ed0	0	1	00b29ed0	Engine: Add Engine Component
9cc1dce71ca5d4f8	FUN_00b29f70	0	1	00b29f70	Engine: Add Engine Component
9cc1dce71ca5d4f8	FUN_00b2a010	0	1	00b2a010	Engine: Add Engine Component
9cc1dce71ca5d4f8	FUN_00b2a0c0	0	1	00b2a0c0	Engine: Add Engine Component
9cc1dce71ca5d4f8	FUN_00b2a160	0	1	00b2a160	Engine: Add Engine Component
9cc1dce71ca5d4f8	FUN_00b2a200	0	1	00b2a200	Engine: Add Engine Component
9cc1dce71ca5d4f8	FUN_00b2a2a0	0	1	00b2a2a0	Engine: Add Engine Component
9cc1dce71ca5d4f8	FUN_00b2a340	0	1	00b2a340	Engine: Add Engine Component
9cc1dce71ca5d4f8	FUN_00b2a3e0	0	1	00b2a3e0	Engine: Add Engine Component
9cc1dce71ca5d4f8	FUN_00b2a480	0	1	00b2a480	Engine: Add Engine Component
9cc1dce71ca5d4f8	FUN_00b2a520	0	1	00b2a520	Engine: Add Engine Component
9cc1dce71ca5d4f8	FUN_00b2a5c0	0	1	00b2a5c0	Engine: Add Engine Component
9cc1dce71ca5d4f8	FUN_00b2a660	0	1	00b2a660	Engine: Add Engine Component
9cc1dce71ca5d4f8	FUN_00b2a700	0	1	00b2a700	Engine: Add Engine Component
9cc1dce71ca5d4f8	FUN_00b2a7a0	0	1	00b2a7a0	Engine: Add Engine Component
9cc1dce71ca5d4f8	FUN_00b2a840	0	1	00b2a840	Engine: Add Engine Component
9cc1dce71ca5d4f8	FUN_00b2a8e0	0	1	00b2a8e0	Engine: Add Engine Component
9cc1dce71ca5d4f8	FUN_00b2a980	0	1	00b2a980	Engine: Add Engine Component
5f328ec87cdf4436	FUN_00b2c010	0	4	00b2c010	
de6034d0d5966117	FUN_00b2cb40	0	5	00b2cb40	VSHADER_SCREEN_FX_COPY
dba898aa3cff69e3	FUN_00b2d330	0	3	00b2d330	
358805104aaf4199	FUN_00b33520	0	3	00b33520	
870d54adeecde523	FUN_00b33b50	0	45	00b33b50	EnableFlareSprites
8784ec426a4c5df9	FUN_00b389d0	0	3	00b389d0	
d655da9714676b2d	FUN_00b38c90	0	1	00b38c90	EnablePrimitives
8784ec426a4c5df9	FUN_00b3abc0	0	3	00b3abc0	
3ed6c36b7b13fcee	FUN_00b3b240	0	5	00b3b240	Animations
dbe2e9048c241a1a	FUN_00b3bc90	0	4	00b3bc90	ANIMATION[
8784ec426a4c5df9	FUN_00b3be10	0	3	00b3be10	
b41b397811a8555e	FUN_00b3c5d0	0	3	00b3c5d0	StippleAlphaTexture.dat
b62a6c9f5a0c5830	FUN_00b3cb30	0	40	00b3cb30	MBANK_ENGINE
fce5bdec26ba9054	FUN_00b42750	0	1	00b42750	SetStaticMapFileForUse: OpenStaticMap
358805104aaf4199	FUN_00b42b10	0	3	00b42b10	
6ff60bf660b87970	FUN_00b42d10	0	3	00b42d10	
8784ec426a4c5df9	FUN_00b43e10	0	3	00b43e10	
8784ec426a4c5df9	FUN_00b49df0	0	3	00b49df0	
8784ec426a4c5df9	FUN_00b49ed0	0	3	00b49ed0	
d81f72af9e36135c	FUN_00b4b6f0	0	1	00b4b6f0	Enable2DPrimitives
6f2830626b2091f5	FUN_00b50b50	0	1	00b50b50	EnableShadows
ed48cf2706191f73	FUN_00b52250	0	8	00b52250	PSHADER_MIST
dba898aa3cff69e3	FUN_00b54e30	0	3	00b54e30	
8e708085192b092c	FUN_00b56650	0	1	00b56650	EnableWeather
8784ec426a4c5df9	FUN_00b59f60	0	3	00b59f60	
506d1fa6f032da3e	FUN_00b5a1d0	0	2	00b5a1d0	PSHADER_SCREEN_FX_COLOUR_FILTER
734476aac2132c4e	FUN_00b5bad0	0	1	00b5bad0	EnableScreenEffectColourFilter
06a891a79ae1f1e5	FUN_00b5c460	0	6	00b5c460	PSHADER_SCREEN_FX_RADIAL_BLUR
2d14c294ac6cc931	FUN_00b5ead0	0	1	00b5ead0	EnableScreenEffectRadialBlurRenderer
e1873e7628792eb4	FUN_00b5f090	0	9	00b5f090	PSHADER_SCREEN_FX_GLOW
b4289e4cbb4aa1ea	FUN_00b619f0	0	1	00b619f0	EnableScreenEffectGlowRenderer
e7a3127f1e15a34b	FUN_00b625e0	0	14	00b625e0	Data\Misc\star_chart.tga
bdbe075ecd8151f5	FUN_00b68070	0	3	00b68070	
5773066c04092516	FUN_00b687d0	0	1	00b687d0	ENGINE_THEME
920eb2bfb88d971a	FUN_00b69000	0	41	00b69000	PSHADER_DIFFUSE_ONLY
4c1a1b3e1d3a2be3	FUN_00b6ca20	0	1	00b6ca20	EnableLandscape
8784ec426a4c5df9	FUN_00b6edf0	0	3	00b6edf0	
a60c3bf303c8914c	FUN_00b70a90	0	3	00b70a90	
817684e339f5ec8c	FUN_00b73760	0	41	00b73760	PSHADER_ICE_BACKGROUND
59b36cba8724abd1	FUN_00b86c00	0	3	00b86c00	PSHADER_TEXTURE_ONLY
7d1851c1b732e894	FUN_00b88f80	0	1	00b88f80	EnableScreenEffectDisplacementRenderer
4b9c506bb7bf052b	FUN_00b891b0	0	4	00b891b0	PSHADER_TEXTURE_COPY_OUTLINE
f5e32a8710d9ee59	FUN_00b8b580	0	1	00b8b580	EnableScreenEffectOutlineGlow
387ab35d0f880ec5	FUN_00b8b630	0	2	00b8b630	PSHADER_TEXTURE_DIFFUSE
641f7dabf5a5286e	FUN_00b8d780	0	3	00b8d780	PSHADER_DIFFUSE_ONLY
9442b2a6bbd5cd30	FUN_00b90270	0	1	00b90270	VSHADER_STATIC_UNLIT
ee0d7a6aeaf2c520	FUN_00b94540	0	5	00b94540	
8784ec426a4c5df9	FUN_00b96c60	0	3	00b96c60	
73f0e9472acc5012	FUN_00b99d90	0	13	00b99d90	EnableRepeatedMeshes
83356813d08608cf	FUN_00b9ece0	0	66	00b9ece0	PSHADER_TEXTURE_DIFFUSE_FOG_STIPPLE_ALPH
25dc8357848ef366	FUN_00ba1a70	0	1	00ba1a70	EnableStaticMeshes
bc071406ecb24cd6	FUN_00ba1ac0	0	1	00ba1ac0	Enable2DStaticMeshes
a801a51f4f80cc9a	FUN_00babb50	0	3	00babb50	PSHADER_ZSPRITE
8784ec426a4c5df9	FUN_00bac720	0	3	00bac720	
21ba5605451ee43a	FUN_00bad040	0	5	00bad040	Enable2DSprites
be21df7d65990157	FUN_00bb5040	0	24	00bb5040	VSHADER_2D_STATIC_DIRLIGHT
e14f9bd4281597e3	FUN_00bb6e00	0	11	00bb6e00	EnableGroupDecals
2cd5717caa987bdd	FUN_00bba480	0	11	00bba480	EnableDecals
7540368937ff745f	FUN_00bbeaf0	0	7	00bbeaf0	PSHADER_SPRITE_GROUP
b148ade91253d421	FUN_00bc14e0	0	15	00bc14e0	PSHADER_SPRITE_GROUP
6417e1d050e06309	FUN_00bc34d0	0	9	00bc34d0	PSHADER_MESH_GROUP
5f46364f4acda57b	FUN_00bc4d90	0	7	00bc4d90	PSHADER_SPRITE_GROUP
a10f1d483c53f2d4	FUN_00bc5570	0	1	00bc5570	EnableChangingPrimitives
5c0f57cfc116509a	FUN_00bc6b50	0	4	00bc6b50	PSHADER_TEXT
cf2fcb7141010489	FUN_00bc7e90	0	2	00bc7e90	EnableLines
c91ec7ca53502fc6	FUN_00bca770	0	2	00bca770	EnableSpriteTrails
2106198b773b4707	FUN_00bcc5f0	0	2	00bcc5f0	EnableWeaponTrails
dba898aa3cff69e3	FUN_00bcc800	0	3	00bcc800	
85cd9225c3d035f7	FUN_00bce070	0	2	00bce070	VSHADER_STATIC_UNLIT
8e37cac09596563d	FUN_00bcff10	0	61	00bcff10	VSHADER_PALSKIN_2D_DIRLIGHT
c6fa45fddce70c04	FUN_00bd1ef0	0	1	00bd1ef0	EnableAnimatedMeshes
cdb4276fef312a78	FUN_00bd1f30	0	1	00bd1f30	Enable2DAnimatedMeshes
ee2f362c74f0df49	FUN_00bdb200	0	1	00bdb200	LayoutRepeatedMesh
d72f5963dcf1e034	FUN_00bdc510	0	3	00bdc510	
435966dad58566a7	FUN_00bdd0e0	0	3	00bdd0e0	
2b410b08ec9d7726	FUN_00bdd210	0	3	00bdd210	
8784ec426a4c5df9	FUN_00bdfc00	0	3	00bdfc00	
93fdea6dc6fda04d	FUN_00be3110	0	3	00be3110	
8784ec426a4c5df9	FUN_00be8f10	0	3	00be8f10	
8784ec426a4c5df9	FUN_00bedbf0	0	3	00bedbf0	
8784ec426a4c5df9	FUN_00bf5db0	0	3	00bf5db0	
f2706d52204e9e7d	FUN_00c006a0	0	2	00c006a0	buffer error
0f2c3f116917cd2c	FUN_00c01f90	0	1	00c01f90	insufficient memory
b5138077df56b07f	FUN_00c02470	0	17	00c02470	header crc mismatch
44244a4ca4a4f7a4	FUN_00c06060	0	3	00c06060	invalid distance code
bcb848159f6be0e7	FUN_00c08d40	0	2	00c08d40	.\CSystem.cpp
8802ecedcf9e9423	FUN_00c09920	0	2	00c09920	Should have checked first...
8de356864c57ff48	FUN_00c099f0	0	2	00c099f0	Shouls have checked first...
7fbf87804d01e654	FUN_00c0a250	0	2	00c0a250	Error: Cannot resolve access to a key ob
7fbf87804d01e654	FUN_00c0a300	0	2	00c0a300	Error: Cannot resolve access to a key ob
1478a86659075c2b	FUN_00c0b8c0	0	1	00c0b8c0	m_pchData != NULL 
3bee138e4d9443a3	FUN_00c0b910	0	3	00c0b910	GetData()->nRefs != 0 
9424edbf8a4102d1	FUN_00c0b9f0	0	2	00c0b9f0	pData->nRefs != 0 
25b7de3b91ca833b	FUN_00c0ba40	0	2	00c0ba40	m_pchData != NULL 
9d0406cb976cbe65	FUN_00c0bce0	0	2	00c0bce0	IsValidString(lpsz) 
9d0406cb976cbe65	FUN_00c0bd60	0	2	00c0bd60	IsValidString(lpsz) 
e3d3c41f5096b256	FUN_00c0bda0	0	3	00c0bda0	nLen <= INT_MAX-1 
8439429adc8f5950	FUN_00c0be20	0	2	00c0be20	GetData()->nRefs <= 1 
8439429adc8f5950	FUN_00c0bee0	0	2	00c0bee0	GetData()->nRefs <= 1 
1478a86659075c2b	FUN_00c0c060	0	1	00c0c060	m_pchData != NULL 
627a0e8946b473f9	FUN_00c0c0c0	0	3	00c0c0c0	m_pchData != NULL 
1718442c6217baae	FUN_00c0c270	0	3	00c0c270	GetData()->nDataLength <= GetData()->nAl
804dc902e7ceab00	FUN_00c0c4b0	0	3	00c0c4b0	GetData()->nRefs <= 1 
2480468b57330604	FUN_00c0c630	0	3	00c0c630	m_pchData != NULL 
8c317b6c099dc446	FUN_00c0c970	0	3	00c0c970	m_pchData != NULL 
1478a86659075c2b	FUN_00c0cb50	0	1	00c0cb50	m_pchData != NULL 
a3331973ff5b4034	FUN_00c0ce50	0	5	00c0ce50	m_pchData != NULL 
a0f2fb31288f7f63	FUN_00c0d1b0	0	16	00c0d1b0	%*.*f
c4cfa26e7a3f985c	FUN_00c0d740	0	3	00c0d740	m_pchData != NULL 
ee7fb59d0c05834e	FUN_00c0d7c0	0	2	00c0d7c0	m_pchData != NULL 
0537f0eda702a2a8	FUN_00c0d970	0	3	00c0d970	m_pchData != NULL 
7991b6cf60d010b5	FUN_00c0dab0	0	4	00c0dab0	m_pchData != NULL 
1478a86659075c2b	FUN_00c0dcf0	0	1	00c0dcf0	m_pchData != NULL 
bad491820733ce70	FUN_00c0df50	0	3	00c0df50	m_pchData != NULL 
1478a86659075c2b	FUN_00c0e0f0	0	1	00c0e0f0	m_pchData != NULL 
1478a86659075c2b	FUN_00c0e1f0	0	1	00c0e1f0	m_pchData != NULL 
1478a86659075c2b	FUN_00c0e440	0	1	00c0e440	m_pchData != NULL 
97b1b7dc161d7b2f	FUN_00c0ffe0	0	4	00c0ffe0	 ms) over maximum (
fde2e5e3edad43bf	FUN_00c13620	0	2	00c13620	Error: Fralloc overflow
fde2e5e3edad43bf	FUN_00c13700	0	2	00c13700	Error: Fralloc overflow
2fbb47151053cfc9	FUN_00c13840	0	4	00c13840	vector<T> too long
2fbb47151053cfc9	FUN_00c138f0	0	4	00c138f0	vector<T> too long
bdbe075ecd8151f5	FUN_00c14080	0	3	00c14080	
bdbe075ecd8151f5	FUN_00c14270	0	3	00c14270	
7fbf87804d01e654	FUN_00c15740	0	2	00c15740	Error: Cannot resolve access to a key ob
7fbf87804d01e654	FUN_00c157f0	0	2	00c157f0	Error: Cannot resolve access to a key ob
8eac66a25cfcd2c7	FUN_00c169d0	0	3	00c169d0	d:\dev\audio\ver_fable_1.5_b\libpk\PKCAu
bf56e79ee47f4e02	FUN_00c16b10	0	3	00c16b10	 is out of range (
90a4572c9a098fe7	FUN_00c16c10	0	2	00c16c10	LHAudioBankCompData
b9616b10d3cf3d02	FUN_00c16e10	0	2	00c16e10	LHFileSegmentBankInfo
75166f2e7d37b9a6	FUN_00c16f00	0	16	00c16f00	... got 
ca00478367b0e481	FUN_00c17260	0	1	00c17260	There was a problem serialising the extr
cde88664f72cc6d1	FUN_00c17400	0	2	00c17400	Could not load from file
ed28c68ff7cd2f84	FUN_00c174a0	0	2	00c174a0	Could not open 
8802ecedcf9e9423	FUN_00c17740	0	2	00c17740	Should have checked first...
8de356864c57ff48	FUN_00c17850	0	2	00c17850	Shouls have checked first...
cf19c0698ae0856b	FUN_00c17940	0	3	00c17940	d:\dev\audio\ver_fable_1.5_b\libpk\PKSer
f2d3bd6dbb46bb7f	FUN_00c185b0	0	3	00c185b0	.\PKCTRMorphable.cpp
b7fb8bf8b883b810	FUN_00c191b0	0	2	00c191b0	.\PKCTRRedblackTree.cpp
ded81c83cda3c6e3	FUN_00c19250	0	3	00c19250	.\PKCTRRedblackTree.cpp
1c795026a27c2c4b	FUN_00c19340	0	2	00c19340	.\PKCTRRedblackTree.cpp
ff62f7ee17ac5254	FUN_00c194f0	0	3	00c194f0	.\PKCTRRedblackTree.cpp
02ec2ed687099a7c	FUN_00c19fa0	0	2	00c19fa0	.\PKCDefaultFileManager.cpp
0c36d29747a11dd0	FUN_00c1a230	0	4	00c1a230	.\PKCDefaultFileManager.cpp
f23d048e87d1a989	FUN_00c1a370	0	5	00c1a370	.\PKCDefaultFileManager.cpp
bc7c32f3cd5b187f	FUN_00c1a510	0	9	00c1a510	' failed: 
04a53ab623f1c9c8	FUN_00c1a870	0	4	00c1a870	.\PKCDefaultFileManager.cpp
556063f75b8729ea	FUN_00c1a9c0	0	7	00c1a9c0	 bytes
256209eefcf5a390	FUN_00c1ac40	0	4	00c1ac40	.\PKCDefaultFileManager.cpp
7384ce469d6eb68b	FUN_00c1b030	0	2	00c1b030	d:\dev\audio\ver_fable_1.5_b\libpk\PKCMa
7384ce469d6eb68b	FUN_00c1da30	0	2	00c1da30	d:\dev\audio\ver_fable_1.5_b\libpk\PKCMa
d6e465f596fbeafc	FUN_00c1db60	0	2	00c1db60	Cannot reply to the user mailbox
43343a47035c6c83	FUN_00c21040	0	17	00c21040	 offset=1.0, 
06b75e112edb4238	FUN_00c22840	0	2	00c22840	Overflow
06b75e112edb4238	FUN_00c22920	0	2	00c22920	Overflow
06b75e112edb4238	FUN_00c22a40	0	2	00c22a40	Overflow
06b75e112edb4238	FUN_00c22b40	0	2	00c22b40	Overflow
7fbf87804d01e654	FUN_00c23370	0	2	00c23370	Error: Cannot resolve access to a key ob
7fbf87804d01e654	FUN_00c23420	0	2	00c23420	Error: Cannot resolve access to a key ob
4c0053be9805e3b7	FUN_00c239b0	0	3	00c239b0	Memory allocation failure
4c0053be9805e3b7	FUN_00c23c10	0	3	00c23c10	Memory allocation failure
4c0053be9805e3b7	FUN_00c23e00	0	3	00c23e00	Memory allocation failure
4c0053be9805e3b7	FUN_00c24050	0	3	00c24050	Memory allocation failure
2d15e9f1bb307d0c	FUN_00c25a50	0	2	00c25a50	.\PKCTimerManager.cpp
6b14dad9e33dfb40	FUN_00c25b10	0	2	00c25b10	.\PKCTimerManager.cpp
dfaafaf7519c0f53	FUN_00c27760	0	2	00c27760	CODA reports source IS playing
2fbb47151053cfc9	FUN_00c28dc0	0	4	00c28dc0	vector<T> too long
2fbb47151053cfc9	FUN_00c28e50	0	4	00c28e50	vector<T> too long
bdbe075ecd8151f5	FUN_00c295b0	0	3	00c295b0	
ce2da0039dfdb98a	FUN_00c29fc0	0	3	00c29fc0	.\PKCSemaphore.cpp
da2a279b975be4a3	FUN_00c2a090	0	3	00c2a090	.\PKCSemaphore.cpp
f09db584aa38c0fe	FUN_00c2a150	0	3	00c2a150	.\PKCSemaphore.cpp
7fbf87804d01e654	FUN_00c2ce60	0	2	00c2ce60	Error: Cannot resolve access to a key ob
7fbf87804d01e654	FUN_00c2cf10	0	2	00c2cf10	Error: Cannot resolve access to a key ob
ed9843923eebcb98	FUN_00c2d5e0	0	2	00c2d5e0	.\CInstanceManager.cpp
4f8645129a60d34d	FUN_00c2da20	0	3	00c2da20	LiOnHeAd
852d0dad31ee1b16	FUN_00c2e190	0	1	00c2e190	Unknown sample format for index 
953906feddd6d723	FUN_00c2e2b0	0	1	00c2e2b0	Could not find resource number 
d8b9643e71dff9e2	FUN_00c2e4d0	0	2	00c2e4d0	Could not find driver number 
faab5b7d78ddefe9	FUN_00c2e5a0	0	1	00c2e5a0	Could not find driver number 
f164464d3af353cc	FUN_00c2e610	0	3	00c2e610	'. Hash code = 
04691e4246c03149	FUN_00c2e7a0	0	4	00c2e7a0	 attach to criteria string '
bf56e79ee47f4e02	FUN_00c2ebc0	0	3	00c2ebc0	 is out of range (
8de356864c57ff48	FUN_00c2f070	0	2	00c2f070	Shouls have checked first...
8de356864c57ff48	FUN_00c2f190	0	2	00c2f190	Shouls have checked first...
8de356864c57ff48	FUN_00c2f2b0	0	2	00c2f2b0	Shouls have checked first...
79304fd211610882	FUN_00c30e90	0	2	00c30e90	LHAudioBankSampleTable
05634df91a6a72f2	FUN_00c30f60	0	8	00c30f60	... got 
9f5b3888d956e527	FUN_00c312c0	0	2	00c312c0	d:\dev\audio\ver_fable_1.5_b\libpk\PKCAu
9f5b3888d956e527	FUN_00c31560	0	2	00c31560	d:\dev\audio\ver_fable_1.5_b\libpk\PKCAu
9f5b3888d956e527	FUN_00c31710	0	2	00c31710	d:\dev\audio\ver_fable_1.5_b\libpk\PKCAu
6421b571fbd05e09	FUN_00c31810	0	3	00c31810	d:\dev\audio\ver_fable_1.5_b\libpk\PKCAu
17d3bad61aed12f2	FUN_00c31a70	0	2	00c31a70	.\PKSerialiseCParser.cpp
6213b448584496c6	FUN_00c31b90	0	3	00c31b90	.\PKSerialiseCParser.cpp
8c3a3bef955cbe50	FUN_00c31db0	0	2	00c31db0	.\PKCAutoFile.cpp
bdf380916d486984	FUN_00c324f0	0	2	00c324f0	.\PKCTRArray.cpp
bdf380916d486984	FUN_00c327b0	0	2	00c327b0	.\PKCTRArray.cpp
0e8c990d6422226a	FUN_00c328b0	0	2	00c328b0	.\PKCTRArray.cpp
099fd9eb0a3d29f2	FUN_00c32950	0	4	00c32950	.\PKCTRArray.cpp
9aae6626942a1e33	FUN_00c32bf0	0	3	00c32bf0	.\PKCTRArray.cpp
0a2c038f733b1891	FUN_00c35510	0	2	00c35510	.\PKCThreadManager.cpp
ada486622502f349	FUN_00c355e0	0	4	00c355e0	.\PKCThreadManager.cpp
7fbf87804d01e654	FUN_00c37560	0	2	00c37560	Error: Cannot resolve access to a key ob
7fbf87804d01e654	FUN_00c37610	0	2	00c37610	Error: Cannot resolve access to a key ob
3351787a9435e852	FUN_00c388a0	0	3	00c388a0	.\CInstance.cpp
be362ebbc6b87333	FUN_00c38d60	0	3	00c38d60	.\CInstance.cpp
7384ce469d6eb68b	FUN_00c392f0	0	2	00c392f0	d:\dev\audio\ver_fable_1.5_b\libpk\PKCMa
7384ce469d6eb68b	FUN_00c394b0	0	2	00c394b0	d:\dev\audio\ver_fable_1.5_b\libpk\PKCMa
7384ce469d6eb68b	FUN_00c39670	0	2	00c39670	d:\dev\audio\ver_fable_1.5_b\libpk\PKCMa
7384ce469d6eb68b	FUN_00c39830	0	2	00c39830	d:\dev\audio\ver_fable_1.5_b\libpk\PKCMa
7384ce469d6eb68b	FUN_00c399f0	0	2	00c399f0	d:\dev\audio\ver_fable_1.5_b\libpk\PKCMa
783f31506d497384	FUN_00c3ab50	0	3	00c3ab50	 already exists!
783f31506d497384	FUN_00c3b0e0	0	3	00c3b0e0	 already exists!
80ac68f1435e4f0d	FUN_00c3bb50	0	5	00c3bb50	Could not find the bank sample table seg
8c1b6f17c92b031d	FUN_00c3bcb0	0	11	00c3bcb0	Could not find the criteria info segment
48048aebf1771e1c	FUN_00c3bf30	0	4	00c3bf30	) was not aligned to 
04e2674d3758a001	FUN_00c3fd20	0	3	00c3fd20	
7fbf87804d01e654	FUN_00c454e0	0	2	00c454e0	Error: Cannot resolve access to a key ob
7fbf87804d01e654	FUN_00c45590	0	2	00c45590	Error: Cannot resolve access to a key ob
06c121c6cb4edc20	FUN_00c45990	0	2	00c45990	   Apex (
7fbf87804d01e654	FUN_00c47b90	0	2	00c47b90	Error: Cannot resolve access to a key ob
7fbf87804d01e654	FUN_00c47c40	0	2	00c47c40	Error: Cannot resolve access to a key ob
860ed6800875d4eb	FUN_00c47f10	0	3	00c47f10	
dbd037367fda5875	FUN_00c48640	0	2	00c48640	.\CASyncDecoder.cpp
7384ce469d6eb68b	FUN_00c48860	0	2	00c48860	d:\dev\audio\ver_fable_1.5_b\libpk\PKCMa
b5aaf7494e8446e5	FUN_00c48e00	0	2	00c48e00	Nothing in this queue - you should have 
abd698072cc8f4cd	FUN_00c491e0	0	4	00c491e0	.\CFrame.cpp
cca0341b615ed66c	FUN_00c49650	0	3	00c49650	.\CCodaFrameStreamer.cpp
2c48f4866a956de9	FUN_00c49820	0	4	00c49820	.\CCodaFrameStreamer.cpp
7384ce469d6eb68b	FUN_00c49ff0	0	2	00c49ff0	d:\dev\audio\ver_fable_1.5_b\libpk\PKCMa
11c9effcc872a5f9	FUN_00c4a1a0	0	4	00c4a1a0	.\PKCBufferedReader.cpp
7fa957766f7ce07e	FUN_00c4a3b0	0	6	00c4a3b0	.\PKCBufferedReader.cpp
c7a743f7b8dc26a5	FUN_00c4aa40	0	2	00c4aa40	.\PKCBufferedReader.cpp
41bab1618ee034ae	FUN_00c4ac70	0	4	00c4ac70	.\PKCBufferedReader.cpp
7306cefcb64bbe90	FUN_00c4aeb0	0	3	00c4aeb0	) out of scope (
ca4f43e36b9fa6e9	FUN_00c4b060	0	2	00c4b060	.\PKCBufferedReader.cpp
7781b6f3462d7b66	FUN_00c4b300	0	6	00c4b300	 and non zero (
eb78be86bddcaa21	FUN_00c4b640	0	3	00c4b640	.\PKCBufferedReader.cpp
b030c2ce6403ce76	FUN_00c4b890	0	6	00c4b890	 bytes, at offset 
7384ce469d6eb68b	FUN_00c4bc80	0	2	00c4bc80	d:\dev\audio\ver_fable_1.5_b\libpk\PKCMa
0f22fcc59e8166bc	FUN_00c4c080	0	3	00c4c080	 not appropriate
14fc05ecb1eedd21	FUN_00c4c1d0	0	3	00c4c1d0	) was not aligned to 
700a3ced3071b803	FUN_00c4c370	0	2	00c4c370	.\PKRACMasterObject.cpp
b9f2b55f1ae38e7d	FUN_00c4c440	0	5	00c4c440	.\PKRACMasterObject.cpp
76be7ecbcb354bf6	FUN_00c4c6c0	0	2	00c4c6c0	.\PKRACMasterObject.cpp
510a035b9ca16453	FUN_00c4c7a0	0	2	00c4c7a0	.\PKRACMasterObject.cpp
92802d9716880275	FUN_00c4c8b0	0	3	00c4c8b0	.\PKRACMasterObject.cpp
92802d9716880275	FUN_00c4cab0	0	3	00c4cab0	.\PKRACMasterObject.cpp
fcab7275ea6581ba	FUN_00c4cc90	0	2	00c4cc90	.\PKRACMasterObject.cpp
59e9e3d425df9bcf	FUN_00c4cd80	0	3	00c4cd80	.\PKRACMasterObject.cpp
7a43388120b02be4	FUN_00c4d740	0	2	00c4d740	alGetProcAddress
6b1976d8a3fda40a	FUN_00c4d790	0	2	00c4d790	alcSuspendContext
51f301aa8412a8f4	FUN_00c4d7d0	0	2	00c4d7d0	alcProcessContext
8fc47796829cff2d	FUN_00c4d870	0	2	00c4d870	alGenBuffers
b52f37f8676a7ce5	FUN_00c4d8c0	0	2	00c4d8c0	alDeleteBuffers
1af7f4e25402941c	FUN_00c4d910	0	2	00c4d910	alBufferData
d284d06fb618e854	FUN_00c4d9b0	0	5	00c4d9b0	alDeleteBuffers
fb680236e7a8b7d1	FUN_00c4dc40	0	5	00c4dc40	alGenBuffers
8415111947bfee36	FUN_00c4de00	0	7	00c4de00	alBufferData
3729158de9b2ed32	FUN_00c52ad0	0	11	00c52ad0	80486
7a8c5a444e1b0ced	FUN_00c52bb0	0	6	00c52bb0	486 or 5x86
5a4af0db9dd72819	FUN_00c52c40	0	4	00c52c40	6x86MX
edd3c65a640ce7c7	FUN_00c52c90	0	6	00c52c90	<unknown>
d2e3a2fc872b11c4	FUN_00c52ce0	0	3	00c52ce0	
c59e803800d82f27	FUN_00c52e40	0	7	00c52e40	<unknown>
64a28ce7f7f10ffd	FUN_00c53260	0	3	00c53260	
cae3e1e3c887fd62	FUN_00c55980	0	3	00c55980	alGenSources
d43efe3e6af0006e	FUN_00c559c0	0	2	00c559c0	alcDestroyContext
299b9aec37cb749c	FUN_00c55a10	0	2	00c55a10	alcIsExtensionPresent
6b4d92cbe7bbf2c1	FUN_00c55a60	0	2	00c55a60	alcGetString
360d4949569f1a13	FUN_00c55aa0	0	2	00c55aa0	alcOpenDevice
3574af1a7a2129c5	FUN_00c55b00	0	3	00c55b00	alcCreateContext
7bee66c09100d15d	FUN_00c55da0	0	8	00c55da0	ALC_ENUMERATION_EXT
6b1976d8a3fda40a	FUN_00c55fe0	0	2	00c55fe0	alcSuspendContext
51f301aa8412a8f4	FUN_00c56020	0	2	00c56020	alcProcessContext
9664bb1d7fc98893	FUN_00c560f0	0	2	00c560f0	alListener3f
5f161bf44e103a50	FUN_00c56150	0	2	00c56150	alDistanceModel
d1f97a8c3dfb2221	FUN_00c561f0	0	2	00c561f0	alIsExtensionPresent
60a9a851dcda4497	FUN_00c56290	0	2	00c56290	alcCloseDevice
9bd449b1778a3e79	FUN_00c562f0	0	5	00c562f0	Creative
930d8321e9a5a40f	FUN_00c56370	0	3	00c56370	alcDestroyContext
a56d3c773983bf16	FUN_00c565f0	0	9	00c565f0	/OpenAL32.dll
aa34c24b1b8018e8	FUN_00c568f0	0	4	00c568f0	EAXSet
12667b945f5fc7f3	FUN_00c574b0	0	2	00c574b0	alGenSources
679b2afd4bbdef18	FUN_00c57500	0	2	00c57500	alDeleteSources
370db8e7e8e0f434	FUN_00c575a0	0	2	00c575a0	alGetSourcei
e9762db4569d4e15	FUN_00c575f0	0	2	00c575f0	alSourcePlay
7bed0d8f6f00d53e	FUN_00c57640	0	2	00c57640	alSourceStop
89301407fac7561b	FUN_00c57690	0	2	00c57690	alSourceQueueBuffers
96be273f092543fd	FUN_00c576e0	0	2	00c576e0	alSourceUnqueueBuffers
76d21d8ce75e9a0f	FUN_00c57730	0	2	00c57730	alGetEnumValue
1e206584f51b8822	FUN_00c579c0	0	4	00c579c0	alDeleteBuffers
aefd7bc1d05e06a4	FUN_00c57b60	0	4	00c57b60	alBufferData
8ac81073a898710a	FUN_00c57c90	0	3	00c57c90	alGetError
2fffc17ec0b58467	FUN_00c5d610	0	3	00c5d610	
6a948d429ecac1fb	FUN_00c5d6b0	0	3	00c5d6b0	
b011b6786e107fad	FUN_00c5d7f0	0	3	00c5d7f0	
f2df1fb82ddfd2d6	FUN_00c5db40	0	5	00c5db40	DllGetClassObject
81d543ef226232b8	FUN_00c5dc60	0	4	00c5dc60	SYSTEM\CurrentControlSet\Hardware Profil
fe4f887203b165c3	FUN_00c5dd70	0	3	00c5dd70	Acceleration
0e9467ee6fdee889	FUN_00c5ead0	0	3	00c5ead0	
c2a57a67cd63016c	FUN_00c5fa50	0	8	00c5fa50	Difference between original and decoded 
02f8ef3e52ff9000	FUN_00c62a50	0	3	00c62a50	.\C16BitSamplePtr.cpp
f012537123a57b5e	FUN_00c62c70	0	3	00c62c70	.\PKRASlaveObject_Local.cpp
36af56080d85c859	FUN_00c62e60	0	2	00c62e60	.\PKRASlaveObject.cpp
0fc4aa78aed927fb	FUN_00c71430	0	6	00c71430	
b7a2ba48430e01ed	FUN_00c72560	0	2	00c72560	alSourcePause
1acbf163c4181525	FUN_00c725b0	0	2	00c725b0	alSourceRewind
7100ab47f6f2f8c5	FUN_00c72a40	0	3	00c72a40	alGetError
0d982457f9cdc826	FUN_00c73050	0	4	00c73050	alGetSourcei
27123bf46d3fb0dc	FUN_00c733d0	0	5	00c733d0	EAXSet
4b83debd37101dc1	FUN_00c73d90	0	1	00c73d90	Null decompressor
27123bf46d3fb0dc	FUN_00c880a0	0	5	00c880a0	EAXSet
c45020d986a5b493	FUN_00c8d470	0	3	00c8d470	
fa521737b48c2714	FUN_00c8e580	0	1	00c8e580	vorbis
0b65f2397b24bfbf	FUN_00c8e790	0	2	00c8e790	Xiph.Org libVorbis I 20030909
bdeefd5bf232acd6	FUN_00c90d60	0	6	00c90d60	%s_%d.m
eb97205fa3f1eb51	FUN_00c91ab0	0	3	00c91ab0	
ee502b0a1e02e66b	FUN_00c95580	0	4	00c95580	
1a0bf0f2e5024ec1	FUN_00ca00e0	0	4	00ca00e0	
30ab95b3b6f10b4c	FUN_00ca47d0	0	5	00ca47d0	
f99887d6758460c8	FUN_00ca4d80	0	4	00ca4d80	
0aa4b3807330242a	FUN_00ca4e30	0	3	00ca4e30	
09ecd61cf3552991	FUN_00ca5df0	0	4	00ca5df0	
c65be54b4d731c22	FUN_00ca6450	0	3	00ca6450	
489648cb06d1e610	FUN_00ca67b0	0	3	00ca67b0	
2a3d8daa053bbd2c	FUN_00ca68f0	0	3	00ca68f0	
c65be54b4d731c22	FUN_00ca6a30	0	3	00ca6a30	
2a3d8daa053bbd2c	FUN_00ca6c40	0	3	00ca6c40	
489648cb06d1e610	FUN_00ca7030	0	3	00ca7030	
7464984c2bf6009c	FUN_00ca7850	0	5	00ca7850	
129dfae69eeae10c	FUN_00ca9820	0	3	00ca9820	
cb318e3e561d3df9	FUN_00ca9860	0	4	00ca9860	
bb03a92289804a57	FUN_00ca98e0	0	3	00ca98e0	
b44c268518d62ebe	FUN_00caa160	0	3	00caa160	
7eff48b6c00bc73b	FUN_00caa290	0	3	00caa290	
7a83cdea40e0d1d5	FUN_00caadb0	0	3	00caadb0	
5fad0ba59a8e7ce2	FUN_00cab870	0	5	00cab870	
c779fe892e40ea92	FUN_00cac400	0	3	00cac400	
84d7259238900463	FUN_00cac9d0	0	3	00cac9d0	
dbc47263ff0c2e69	FUN_00cacb20	0	2	00cacb20	OleAut32.dll
0940218a3fac0718	FUN_00cacd90	0	5	00cacd90	LoadRegTypeLib
0940218a3fac0718	FUN_00caed50	0	5	00caed50	LoadRegTypeLib
0940218a3fac0718	FUN_00caf230	0	5	00caf230	LoadRegTypeLib
c65be54b4d731c22	FUN_00caf680	0	3	00caf680	
5b3864e00443150f	FUN_00caf8f0	0	3	00caf8f0	
bd4575b118599ec4	FUN_00cb01c0	0	3	00cb01c0	
c31cd2333717d25b	FUN_00cb09a0	0	13	00cb09a0	AMUnblock
488bf3a15a4cd9fc	FUN_00cb0d20	0	4	00cb0d20	
63c8f6dc0f19fbed	FUN_00cb0e30	0	4	00cb0e30	
16a74f61c5fad8a9	FUN_00cb0f10	0	4	00cb0f10	
b1321208afb119dc	FUN_00cb1030	0	4	00cb1030	
d9457a4a7434a818	FUN_00cb28f0	0	10	00cb28f0	CINTLGNT.IME
37079006a2aacec9	FUN_00cb2c60	0	4	00cb2c60	
f5cd0aa5f8b555b9	FUN_00cb2f00	0	5	00cb2f00	
bd7e5098c624757b	FUN_00cb3420	0	8	00cb3420	MSTCIPH
95bd049cee7ae77d	FUN_00cb3570	0	6	00cb3570	
fab3fdc4bc79e56a	FUN_00cb36e0	0	7	00cb36e0	GetReadingString
5d3d4edf9e8da0a2	FUN_00cb37a0	0	3	00cb37a0	
12284980a98dc0b8	FUN_00cb38e0	0	3	00cb38e0	
5cec8ea40a945703	FUN_00cb4340	0	5	00cb4340	
9b64f57c4895d9d1	FUN_00cb47c0	0	5	00cb47c0	
f5c4faa42cf39ec1	FUN_00cb48a0	0	12	00cb48a0	
95a66a04a9c8bf7b	FUN_00cb5180	0	13	00cb5180	ImmDisableTextFrameService
885fb63ddc41d13a	FUN_00cb5d80	0	3	00cb5d80	Registering Script Defs
725fd700ad4f1a9c	FUN_00cb7a00	0	1	00cb7a00	  START_NEW_ENTITY_SCRIPT 
5a012c124adf4b30	FUN_00cb7e50	0	3	00cb7e50	
c98dbed479e9c311	FUN_00cb8440	0	2	00cb8440	END_NEW_ENTITY_SCRIPT
7f8248cb79cb1a86	FUN_00cb8690	0	4	00cb8690	END_ENTITY_SCRIPTS
13de97019dd09393	FUN_00cb8820	0	4	00cb8820	END_ENTITY_SCRIPTS  
25cc21b3ee061547	FUN_00cbe87f	0	1	00cbe87f	TEXT_QST_LOG_STORY_
806ea0e1a479eef9	FUN_00cbeb1a	0	2	00cbeb1a	atmos_types.h
87c4781c2a082c4e	FUN_00cbeba7	0	20	00cbeba7	_ARROW
3e5456002149772a	FUN_00cbf29f	0	7	00cbf29f	CameraFOVLookBetween
998ca21afde09276	FUN_00cbf6dc	0	1	00cbf6dc	TEXT_GUI_SKIP
94dc845e04a5394e	FUN_00cbf7fe	0	3	00cbf7fe	Play2DSound
59e1b59e546246b9	FUN_00cbfb7d	0	230	00cbfb7d	.AILevel
76b2abf5298b03ca	FUN_00cd3f50	0	6	00cd3f50	Data\Defs\
867ec2dc3df6a369	FUN_00cd52d0	0	279	00cd52d0	BenTestScripts
a549660132e089de	FUN_00cdd6b0	0	4	00cdd6b0	EXPRESSION_WAIT
05b1ab2fb5c1a51e	FUN_00cddcb0	0	10	00cddcb0	 already active
34dae99518cf2994	FUN_00cdec40	0	3	00cdec40	TEXT_QST_004_SIGNPOST_CLOSED
c9d5ed18bdc2d87d	FUN_00cdf080	0	1	00cdf080	Q_OrchardFarmRaid
cf49bd9f9a4853ad	FUN_00cdf260	0	2	00cdf260	Q_HeroSoulsArena
dca7b116ef23d191	FUN_00cdf620	0	2	00cdf620	LookoutPoint
7a1d2b9716758701	FUN_00cdff50	0	2	00cdff50	NEW_RED_FORCEFIELD_IDLE_01_OFF
c2cf0119d167264b	FUN_00ce0150	0	2	00ce0150	OBJECT_SILVER_KEY
4887e8e6b019c657	FUN_00ce0600	0	3	00ce0600	NEW_RED_FORCEFIELD_IDLE_01
3bb6f26fece43984	FUN_00ce0920	0	2	00ce0920	DG_SOUL_TRAPPED
3bb6f26fece43984	FUN_00ce0b00	0	2	00ce0b00	DG_SOUL_TRAPPED
3bb6f26fece43984	FUN_00ce0ce0	0	2	00ce0ce0	DG_SOUL_TRAPPED
1d15f486b0bf760f	FUN_00ce1280	0	4	00ce1280	SCRIPT_NAME_HERO
26ada94b775fb3b5	FUN_00ce15e0	0	6	00ce15e0	CS_STANDING_STONE
65ce6ceeeec71b83	FUN_00ce1af0	0	2	00ce1af0	ControlNewBoast
a51c91be577f8515	FUN_00ce40d0	0	2	00ce40d0	OBJECT_FRYING_PAN
17a2083fef5746b6	FUN_00ce4600	0	1	00ce4600	TEXT_QST_BOAST_STATE_FAILED_USENOHEALTHP
0584d59faa67b6e7	FUN_00cef3b0	0	1	00cef3b0	TEXT_QST_078_GM_MSG_NEW_QUEST_AT_GUILD
0e0dbf96378a5e03	FUN_00cef550	0	4	00cef550	BarrowFields
cc8df12241594d25	FUN_00cefcc0	0	5	00cefcc0	TEXT_QST_080_MULT_ADEPT
6d3c81f17e808459	FUN_00ceffb0	0	2	00ceffb0	TEXT_QST_080_HEALTH_CRIT
72761a987eeda240	FUN_00cf0180	0	1	00cf0180	TEXT_QST_080_WILL_LOW
3e5f013f3d40115d	FUN_00cf02a0	0	8	00cf02a0	DUMMY_QUEST_HAS_NO_SCRIPT
dc64d65d51f4cd0d	FUN_00cf8a70	0	8	00cf8a70	BowerstonePosh
f750ebe5b21b7258	FUN_00cf9a50	0	53	00cf9a50	BowerstoneJail
f289357d556b1426	FUN_00cfa700	0	9	00cfa700	Arena
f8f214e88fa3950f	FUN_00cfb080	0	21	00cfb080	ATO_MagicBarrier
eed4bbe89b991281	FUN_00cfc990	0	1	00cfc990	HUD_EXPR_TABLET_Y
cc9cdf1b7dbdf774	FUN_00cfce90	0	4	00cfce90	MK_OW_SCYTHE3
b79b59b32565b76b	FUN_00cfd6c0	0	6	00cfd6c0	NEW_RED_FORCEFIELD_01
fc8914f0360f8170	FUN_00cfe030	0	19	00cfe030	ATO_Enemy
073111a9ac8d431e	FUN_00cfee30	0	8	00cfee30	OBJECT_SS_EXPRESSION_TABLET_CURSED_1
96910d961c917ad6	FUN_00cffb60	0	12	00cffb60	ATO_MagicBarrier
3efedcdca1de366d	FUN_00d00050	0	8	00d00050	CS_ORACLE_NECROPOLIS_INTRO_OUTSIDE_FRONT
739ab48866227eca	FUN_00d006d0	0	10	00d006d0	BanditCampBoss
b2ef2a82a2247da3	FUN_00d00af0	0	12	00d00af0	CheckAnyBanditsKilled
398e1a4345c5ca1e	FUN_00d00fd0	0	7	00d00fd0	BanditCampPath_1
18ba07ea361e5536	FUN_00d02b80	0	4	00d02b80	Gate1GuardOuter
29fab320f80b81e6	FUN_00d032f0	0	2	00d032f0	BanditCampPathEntrance
5f228304c00c9ef0	FUN_00d03610	0	7	00d03610	BanditCampBoss
0e5c5b0e3eda4c8e	FUN_00d038e0	0	22	00d038e0	Assassin1
33d26deea3ea495d	FUN_00d043a0	0	7	00d043a0	BanditCampBoss
13c1854ecb19fb54	FUN_00d04770	0	2	00d04770	BanditCampCentre
8e54eae17a01570a	FUN_00d05a60	0	3	00d05a60	SCRIPT_NAME_HERO
bbd090f8983879bf	FUN_00d06130	0	3	00d06130	SCRIPT_NAME_HERO
7295ea97ee263693	FUN_00d067a0	0	5	00d067a0	OBJECT_RESIDENTIAL_BANDIT_CAMP_PASS
c4eac053be89f232	FUN_00d07490	0	8	00d07490	BanditCampMain
fbbb8007a6478d61	FUN_00d07e50	0	8	00d07e50	CS_SHOUT_FOR_HELP
6de433de7ea0cdf6	FUN_00d08790	0	3	00d08790	CS_DISAPPOINTED
776088b7c3bcc6d6	FUN_00d08b40	0	5	00d08b40	CampHostageGuard
ca1ada8e849bcf0c	FUN_00d0a830	0	15	00d0a830	BanditCampMain
2b435adb034fcc40	FUN_00d0ee70	0	9	00d0ee70	BanditCampMain
406fc940ef837c65	FUN_00d0f640	0	9	00d0f640	BanditCampResidential
68047decf70c518e	FUN_00d129c0	0	3	00d129c0	BanditCampPathEntrance
c5bd39b72c106275	FUN_00d12d00	0	9	00d12d00	Fisherman
e9f8c654e9d4554b	FUN_00d151d0	0	3	00d151d0	Fisherman
412b947ed10bbdfe	FUN_00d15510	0	3	00d15510	REGION_EXIT_POINT
4ce45a0cdf51403e	FUN_00d15a40	0	2	00d15a40	SCRIPT_NAME_HERO
5f9aabd6ffbb3787	FUN_00d16460	0	3	00d16460	ParentClass.
1f0a7d6cc8a77fc9	FUN_00d16570	0	2	00d16570	SCRIPT_NAME_HERO
2b5165b162de767f	FUN_00d167c0	0	4	00d167c0	OPINION_SOURCE_VILLAGER_HOSTAGE
7524e8a9a1c54feb	FUN_00d169e0	0	3	00d169e0	ParentClass.
a71ef5f48f617a5f	FUN_00d16bb0	0	4	00d16bb0	OPINION_SOURCE_VILLAGER_HOSTAGE
d06f16d0ed76cd31	FUN_00d16dc0	0	4	00d16dc0	ParentClass.
c3d73ca942edb7a3	FUN_00d17340	0	2	00d17340	BH_GangGruntSpawn
fc0f0969943460ad	FUN_00d17470	0	8	00d17470	BH_GangGruntSpawn
b0971657fe55ab93	FUN_00d17a80	0	3	00d17a80	WatchForQuestInfoDisplayConditions
ddc37b09c38b1b2a	FUN_00d17ea0	0	1	00d17ea0	HUD_CLOCK_ICON
c3d73ca942edb7a3	FUN_00d18b20	0	2	00d18b20	BH_GangGruntSpawn
720e6ce8d6e64eee	FUN_00d18df0	0	15	00d18df0	BH_GangDeputy2
c3d73ca942edb7a3	FUN_00d19af0	0	2	00d19af0	BH_GangGruntSpawn
c3d73ca942edb7a3	FUN_00d1c9e0	0	2	00d1c9e0	BH_GangGruntSpawn
c3d73ca942edb7a3	FUN_00d1cac0	0	2	00d1cac0	BH_GangGruntSpawn
46e61cbe25a68577	FUN_00d1cc40	0	8	00d1cc40	DemonDoor_KnotholeGlade
289346d67b99e425	FUN_00d1d7d0	0	8	00d1d7d0	Blockage
6be6cbe59dc538e9	FUN_00d1dff0	0	2	00d1dff0	VILLAGE_KNOTHOLEGLADE
6be6cbe59dc538e9	FUN_00d1e310	0	2	00d1e310	VILLAGE_KNOTHOLEGLADE
7a0a42f4982b421f	FUN_00d1e3e0	0	7	00d1e3e0	EXPRESSION_FOLLOW
6be6cbe59dc538e9	FUN_00d1eae0	0	2	00d1eae0	VILLAGE_KNOTHOLEGLADE
e4ce56cdc5d7cff2	FUN_00d1f610	0	3	00d1f610	ImprisonedBanditLeader
35f4d16adeb75d9a	FUN_00d1fa00	0	1	00d1fa00	ImprisonedBanditLeader
65101cb35e1cc1e0	FUN_00d20790	0	5	00d20790	BanditAttacker
2bde28df7fa46dc9	FUN_00d20a40	0	7	00d20a40	BanditFirstWave
36a48c9a9affec03	FUN_00d22880	0	7	00d22880	CHIEF
1fba6e43484ed91a	FUN_00d246c0	0	5	00d246c0	CS_BOWERSTONE_INTRO_TOWN
7c920e5ef2ccddcf	FUN_00d254b0	0	2	00d254b0	DragonCliff2
7ad65906c294bfa2	FUN_00d255e0	0	5	00d255e0	DBMinion
0ca9fa816da2c2c3	FUN_00d26190	0	23	00d26190	CS_DRAGON_DEATH
b0b8c5d3a61ae81d	FUN_00d26a50	0	1	00d26a50	TEXT_QST_B05_JACK_TAUNT_
c4710fb15f4cc4e0	FUN_00d26cc0	0	4	00d26cc0	CREATURE_MINION_WARDOG
90bced4c5dd154ca	FUN_00d26e60	0	6	00d26e60	CREATURE_SUMMONER_01
435966dad58566a7	FUN_00d27050	0	3	00d27050	
64dfd9e339e5bf12	FUN_00d27950	0	2	00d27950	Darkwood5
b8c11aa0315cf423	FUN_00d27c00	0	2	00d27c00	HeroGuildComplexInside
06549372c14f1ea5	FUN_00d2988b	0	5	00d2988b	CS_GATEWAY_OPEN
0c17bdb37ae13c10	FUN_00d29db0	0	6	00d29db0	CS_GATEWAY_ABBEY
4bfedd823e0a1988	FUN_00d2a180	0	9	00d2a180	CS_GATEWAY_MOTHER
9b6b55f38547cb4f	FUN_00d2c530	0	2	00d2c530	FACTION_VILLAGERS
5229f1a79c50be48	FUN_00d2c810	0	7	00d2c810	FACTION_VILLAGERS
7c5a65d144ea573c	FUN_00d2d1a0	0	6	00d2d1a0	FACTION_MONSTERS
d93a874f954683e0	FUN_00d2d830	0	1	00d2d830	HK_MAGIC_BARRIER
12a08c2c289da0e3	FUN_00d2ed20	0	6	00d2ed20	CS_FOCALSITE_1_INTRO
38f752753bfe4f70	FUN_00d2f7f0	0	7	00d2f7f0	EndGameJackOfBladesBoss
c14284629202fd2b	FUN_00d2fb20	0	1	00d2fb20	HUD_ORB_QUEST_CORE
3f301832bb238763	FUN_00d30030	0	41	00d30030	CREATURE_GUILD_APPRENTICE_FEMALE
a6c7bca8eb210a41	FUN_00d321c0	0	5	00d321c0	CS_JACK_BOSS_INTRO
977f25c553fbc115	FUN_00d33280	0	5	00d33280	CS_JACK_BOSS_ENDING_GOOD
b6cc3a8e4085ca77	FUN_00d347b0	0	2	00d347b0	DemonDoor_LookoutPoint
2bdb45afb39b9ecd	FUN_00d35090	0	28	00d35090	CS_EXIT_DEMONDOOR_HAVESWORD
633d86639c70577c	FUN_00d35ed0	0	2	00d35ed0	DemonDoor_LookoutPoint
62bcaaa4b9c2d51b	FUN_00d37530	0	5	00d37530	SCRIPT_NAME_HERO
f62277826c0b9470	FUN_00d38000	0	5	00d38000	MK_FH_FIREHEART
1d479b0869722744	FUN_00d38310	0	2	00d38310	NEARLYFREE
86815cc7331e9d52	FUN_00d38400	0	1	00d38400	TEXT_QST_B01_PROPHET
bf6dd01f72541fac	FUN_00d387a0	0	5	00d387a0	MK_FH_FIREHEART
6251eeeb3c3863d6	FUN_00d38aa0	0	2	00d38aa0	NEARLYDEAD
e4904ee4d8b5295c	FUN_00d38f70	0	4	00d38f70	CRYSTAL_IMPLODE_01
83c65a07f1dd1449	FUN_00d39330	0	10	00d39330	GUEST
3f106947b3e26a75	FUN_00d39960	0	14	00d39960	CAM_FH_OVERHEAD
1c2c37ba28051ffd	FUN_00d3a1a0	0	6	00d3a1a0	CS_FIREHEART_DEMONDOOR
ced70734f57c4816	FUN_00d3a4a0	0	8	00d3a4a0	$CAMERA
1bdb2fe1921e3b1c	FUN_00d3a9b0	0	3	00d3a9b0	DEFAULT
cbc8a11f168c47d7	FUN_00d3ab00	0	1	00d3ab00	CS_FIREHEART_KILL
ba4686a65aaffd55	FUN_00d3abe0	0	5	00d3abe0	TEXT_QST_B01_PROPHET
460ebb98079a609c	FUN_00d3ad60	0	3	00d3ad60	CS_FIREHEART_OUTRO
8a72f81e54bc2943	FUN_00d3ae40	0	1	00d3ae40	CS_FIREHEART_SCYTHE
5acc627b074cd144	FUN_00d3af50	0	1	00d3af50	CS_FIREHEART_PREINTRO
7f8ec408bb3bcc3d	FUN_00d3b410	0	18	00d3b410	Complete Melee
d6d3bf9ee084c146	FUN_00d3bc60	0	28	00d3bc60	AppleGirl
3a5055adf8eb2b12	FUN_00d3c8f0	0	4	00d3c8f0	HeroGuildComplex
737d375eed8263aa	FUN_00d3cbd0	0	7	00d3cbd0	CREATURE_RIVAL_HERO_WHISPER_TEEN_APPRENT
a6ea4d784a473299	FUN_00d43db0	0	5	00d43db0	PreMeleeMazeTargetMarker
2f29d38f8c54c870	FUN_00d446d0	0	4	00d446d0	OBJECT_BS_SLUM_BED_BROWN_01
d3ac66ce4a0a658a	FUN_00d44cb0	0	5	00d44cb0	CREATURE_RIVAL_HERO_MAZE_CUTSCENE
4b8051ac4d785c64	FUN_00d496f0	0	3	00d496f0	CS_GUILD_SAVEXP
a9190379684234b2	FUN_00d49a20	0	3	00d49a20	CS_GUILD_SAVEXP2
1c076557789b4d7b	FUN_00d49d50	0	8	00d49d50	CREATURE_GUILDKEEPER
680d6ead4ec0eebb	FUN_00d506b0	0	2	00d506b0	HeroDepartureStartMarker
aa84c4a10294a174	FUN_00d50c60	0	9	00d50c60	CS_GUILD_DEPARTURE_GM_DONE
4d391bb021e789fe	FUN_00d51fc0	0	4	00d51fc0	GET_HIT_SPIN
bbcfff03cccfe9cc	FUN_00d55e90	0	13	00d55e90	CREATURE_RIVAL_HERO_WHISPER_TEEN_APPRENT
c21789e58435b7d4	FUN_00d61d20	0	11	00d61d20	ArtifactThief
77e151eb5f055a5e	FUN_00d62140	0	1	00d62140	Q_GuildTrainingWoodsDeparture
721ab95fbf77e151	FUN_00d63dc0	0	5	00d63dc0	GuildWoods
470fd0e1f698ca81	FUN_00d64080	0	3	00d64080	GuildWoodsTeleportExitHSP
737dec9efd959d1a	FUN_00d643a0	0	9	00d643a0	CREATURE_GUILD_STAG_BEETLE
4e14f40015dcc76d	FUN_00d66620	0	5	00d66620	DoMission
e0e8248341a1ee74	FUN_00d66880	0	6	00d66880	HeroGuildComplex
721ab95fbf77e151	FUN_00d66ca0	0	5	00d66ca0	GuildWoods
470fd0e1f698ca81	FUN_00d66f50	0	3	00d66f50	GuildWoodsTeleportExitHSP
9ed257919197cbd5	FUN_00d67270	0	9	00d67270	CREATURE_GUILD_STAG_BEETLE
0d82ed47dea30678	FUN_00d68600	0	1	00d68600	Q_GuildTrainingWoodsWill
9dd36939ca7f08f7	FUN_00d68810	0	3	00d68810	FACTION_HERO
b0a82ab77f2c5e6f	FUN_00d68ff0	0	9	00d68ff0	BowerstoneJail
04f2eb347fdc5353	FUN_00d69480	0	18	00d69480	BanditYells
8f84f79d3288c005	FUN_00d6a560	0	7	00d6a560	HTE_AssaultGuard
054887233e0b3d7f	FUN_00d6aea0	0	1	00d6aea0	HTE_FreedomFighter
8ffdb0010d8ebac0	FUN_00d6b240	0	3	00d6b240	HTE_AudienceLeftPoint
a8c207af9e1791e7	FUN_00d6b720	0	6	00d6b720	GUARD1
bbc6e4f42d571e3b	FUN_00d6bb91	0	4	00d6bb91	HTE_AssaultGuard
71e1ded036b5844a	FUN_00d6be20	0	3	00d6be20	HTE_AssaultGuard
ca5acf6f5259fd25	FUN_00d6bfa0	0	8	00d6bfa0	BowerstoneJail
b710e67db96555da	FUN_00d6c4a0	0	10	00d6c4a0	CREATURE_BANDIT_GRUNT
4fd6873451112425	FUN_00d6c830	0	2	00d6c830	HTE_BanditExitPoint
c27cf0d33fc7bafc	FUN_00d6cdc0	0	3	00d6cdc0	BowerstoneJail
3d1f6071fdd6f4ae	FUN_00d6d080	0	6	00d6d080	CS_HANGINGTREE_EVIL_INTRO
19b03022468c6392	FUN_00d6d670	0	33	00d6d670	BowerstoneSlums
612c59de86abe0f6	FUN_00d6f020	0	9	00d6f020	BowerstoneJail
5dfbc4a44f7143ec	FUN_00d6f4b0	0	17	00d6f4b0	BowerstoneJail
eaca5b80c640f846	FUN_00d701c0	0	2	00d701c0	REGION_EXIT_POINT
57588631d2dfd8c4	FUN_00d71b30	0	5	00d71b30	NoQuestRoute
028a0a26fd4a2d19	FUN_00d72200	0	5	00d72200	HTG_AudienceWatchPoint
3091b5424252ba27	FUN_00d72590	0	1	00d72590	HTG_BossExitPoint
1895d2ae13031f17	FUN_00d72b70	0	6	00d72b70	HTG_Audience
e1fd710304cf8f1d	FUN_00d732a0	0	1	00d732a0	TEXT_QST_030_FAILURE_EXECUTIONER_KILLED
b65bf7f1f3115f6e	FUN_00d732f0	0	4	00d732f0	HTG_ExitCam
12eec10f6a5ac091	FUN_00d736b0	0	2	00d736b0	HTG_FreedomFighter
89270c949744bc4f	FUN_00d73970	0	1	00d73970	HTG_AmbushPointCond
8df9d1b6bf97a6b7	FUN_00d73c70	0	2	00d73c70	HTG_AmbushPointCond
55b73879b7d7a713	FUN_00d73f40	0	3	00d73f40	HTG_Audience
f27fa2cda7b55d08	FUN_00d74430	0	11	00d74430	BowerstoneJail
907ef2b641c46e09	FUN_00d74ce0	0	1	00d74ce0	TEXT_QST_030_FAILURE_GUARDS_KILLED
507a1c61899ca454	FUN_00d74e80	0	2	00d74e80	HTG_WayPoint
c1d06f4c47d7e93d	FUN_00d75060	0	17	00d75060	BowerstoneSlums
600ef3b9aef612b2	FUN_00d76030	0	9	00d76030	CREATURE_BS_GUARD
79c5ae039245e1f9	FUN_00d76490	0	3	00d76490	REGION_EXIT_POINT
24e7e2672fa97f83	FUN_00d773e0	0	3	00d773e0	BowerstoneJail
0a4cf7d7b6ec6862	FUN_00d77690	0	7	00d77690	CS_HANGINGTREE_GOOD
af9298a349344a62	FUN_00d78670	0	45	00d78670	CS_HEROSOULS_SOUL1_INTRO
c6b5f50f3cee4333	FUN_00d79d50	0	3	00d79d50	SCRIPT_NAME_HERO
e1b7a97dd57fc490	FUN_00d7a360	0	3	00d7a360	SCRIPT_NAME_HERO
435966dad58566a7	FUN_00d7aa30	0	3	00d7aa30	
84409d530291f490	FUN_00d7ad10	0	2	00d7ad10	KnotholeGlade
94f6a11c5be51f60	FUN_00d7ae80	0	21	00d7ae80	$LINE1
eb9b96fa1a12da86	FUN_00d7b510	0	22	00d7b510	CAM_THUNDERHIT
435966dad58566a7	FUN_00d7c470	0	3	00d7c470	
26041e79a3d0e6ba	FUN_00d7c890	0	35	00d7c890	Arena
73766dbb3a54bf3e	FUN_00d7d730	0	2	00d7d730	ArenaCells
ced83013e69445e0	FUN_00d7d8d0	0	3	00d7d8d0	ArenaCells
b93627be661aa849	FUN_00d7ecb0	0	1	00d7ecb0	SCRIPT_NAME_HERO
b93627be661aa849	FUN_00d7eed0	0	1	00d7eed0	SCRIPT_NAME_HERO
8353309fc39f05f2	FUN_00d7f250	0	2	00d7f250	SCRIPT_NAME_HERO
059bcb7104e53291	FUN_00d7f460	0	4	00d7f460	CS_VILLAGER_DYING_CYCLE
9f686de92961754d	FUN_00d7f880	0	1	00d7f880	RunAwayMarker
435966dad58566a7	FUN_00d7fc70	0	3	00d7fc70	
84a9098e5f48a51a	FUN_00d7fe90	0	9	00d7fe90	CS_HEROSOULS_SOUL1_ARENA_WAVE_FIVE
918e090798b6e129	FUN_00d80ae0	0	8	00d80ae0	TEXT_QST_B04_JACK_ARENA_VICTORY
a6873363138437da	FUN_00d80cc0	0	2	00d80cc0	NorthernWastes3
9ede67556ce2242a	FUN_00d80e40	0	18	00d80e40	BRIAR_ROSE_IMPOSTER
55fa44b235f394ad	FUN_00d81820	0	3	00d81820	SCRIPT_NAME_HERO
45b394256dc5d149	FUN_00d81c50	0	6	00d81c50	BRIAR_ROSE_FORCEFIELD_IDLE_01
435966dad58566a7	FUN_00d823a0	0	3	00d823a0	
ca82b69540d2ac65	FUN_00d82640	0	19	00d82640	$LINE1
d87876ee70764bde	FUN_00d83470	0	2	00d83470	OakvaleMemorialGarden
0061a7ff6eabba3e	FUN_00d835d0	0	17	00d835d0	CS_HEROSOULS_SOUL2_MOTHER_START
50e2c474e36b25c8	FUN_00d83fa0	0	4	00d83fa0	HUD_ORB_QUEST_CORE
cf6044f2a9c37f97	FUN_00d84630	0	6	00d84630	CREATURE_NW_SCREAMER_01
435966dad58566a7	FUN_00d848d0	0	3	00d848d0	
20d368a826c359c0	FUN_00d84bb0	0	2	00d84bb0	GuildWoods
20c25169a6336838	FUN_00d84d60	0	28	00d84d60	CS_HEROSOULS_SOUL3_GM_CHOICE
2e99b73993f705ac	FUN_00d85b40	0	6	00d85b40	TEXT_QST_B04_GM_COMMENTS_10
b93627be661aa849	FUN_00d86150	0	1	00d86150	SCRIPT_NAME_HERO
31760b7f328e6e74	FUN_00d86680	0	2	00d86680	HUD_ORB_RED_SMALL
0df5b826809a2e05	FUN_00d86c30	0	3	00d86c30	SCRIPT_NAME_HERO
435966dad58566a7	FUN_00d872d0	0	3	00d872d0	
a966cddd842bf05e	FUN_00d874f0	0	6	00d874f0	CS_WARNEDBYGUARDS
528c98f8c7b9a941	FUN_00d87b20	0	2	00d87b20	GraveyardCircle
907e62b5308ebdbe	FUN_00d87cb0	0	16	00d87cb0	CS_HEROSOULS_SOUL3_NOSTRO_START
6b1448589b416ae4	FUN_00d88260	0	2	00d88260	Nostro
cf11f71636b4a80a	FUN_00d88f90	0	1	00d88f90	FACTION_GUARDS_ENEMY
680763602bfcee45	FUN_00d89380	0	1	00d89380	SND_MM_NOSTRO_FADING
f281bb3d6f26e1c0	FUN_00d89710	0	9	00d89710	CREATURE_NOSTRO_01
435966dad58566a7	FUN_00d89ad0	0	3	00d89ad0	
00cb41b940c11223	FUN_00d8a240	0	4	00d8a240	HiddenBooty
42c21876fc1070c5	FUN_00d8d640	0	18	00d8d640	DemonDoor_GreatwoodCaves
edc61ecc050f191f	FUN_00d8dd10	0	31	00d8dd10	BanditCommentMarker
3c907e32a41ba36d	FUN_00d8e990	0	11	00d8e990	GrannysHouse
7ba8fcee6d48cadd	FUN_00d8ee50	0	3	00d8ee50	HexagonDoor
84883585f855413e	FUN_00d8f040	0	3	00d8f040	GrannysHouse
7b919ccea65c10df	FUN_00d8f6d0	0	1	00d8f6d0	BanditSacrifice
98aac1b58d255892	FUN_00d8fa30	0	1	00d8fa30	HOBBE_ALARM_CALL
c869254a18e313c5	FUN_00d90290	0	3	00d90290	BanditSacrifice
95ccfc19b19d1355	FUN_00d90b30	0	3	00d90b30	James
025771172a6c095a	FUN_00d910b0	0	1	00d910b0	TEXT_QST_036_BANDIT_HEAR_HIM_TRAPPED
87b99575fd9a386f	FUN_00d91320	0	3	00d91320	BanditSacrifice
8365b6d0d16bfe8e	FUN_00d91740	0	3	00d91740	HobbeCaveSideRoom
df38bb553ba43098	FUN_00d91960	0	4	00d91960	BanditSacrifice
9cb8bcfebd2cd60a	FUN_00d91e00	0	3	00d91e00	CREATURE_HOBBE_GRUNT
cad242b101f48d3b	FUN_00d92380	0	8	00d92380	CREATURE_HOBBE_GRUNT
ac78d1b207cf7327	FUN_00d99a30	0	8	00d99a30	BanditSacrifice
792a761b01cf2560	FUN_00d99e80	0	6	00d99e80	OrchardFarm
e014165a63fee943	FUN_00d9b2f0	0	1	00d9b2f0	TEXT_QST_035_QUEST_FAILED
fb1bae0a43175fc6	FUN_00d9b420	0	4	00d9b420	HUD_CLOCK_ICON
5ec6176ff3dc4d10	FUN_00d9b8f0	0	11	00d9b8f0	Q_HobbeToothWhisper
e002110858dfa7ab	FUN_00d9bb50	0	11	00d9bb50	Q_HobbeToothWhisper
62af6c3718563963	FUN_00d9bf60	0	1	00d9bf60	Q_HobbeToothWhisper
5ca9450fdd5f6216	FUN_00d9c2b0	0	2	00d9c2b0	Q_HobbeToothWhisper
d8ef5be80e540421	FUN_00d9c680	0	8	00d9c680	FACTION_HERO
e17c80f66ee331a8	FUN_00d9d030	0	5	00d9d030	DrinkingHobbe
aab328219b6a8b89	FUN_00d9d4f0	0	4	00d9d4f0	CheckToSeeIfWhisperHit
7c5cb6b5cb04107f	FUN_00d9e2e0	0	6	00d9e2e0	Darkwood3
d212be4a422242b3	FUN_00d9e5e0	0	8	00d9e5e0	BriarRose
6f644448ca85eca9	FUN_00d9ee20	0	4	00d9ee20	CREATURE_MINION_CAMP_MINION_DREADWINGS
39d74107e43a3033	FUN_00d9f270	0	4	00d9f270	BriarRose
028c95633b5c6212	FUN_00d9f6c0	0	8	00d9f6c0	BREATHE_IDLE
2b879438b6ab685e	FUN_00da0230	0	4	00da0230	CS_MINIONCAMP_FAILED
4d17df821a5d4dea	FUN_00da05d0	0	3	00da05d0	RunFirstWaveControl
0fd16321c8adc61f	FUN_00da0820	0	2	00da0820	MC_MinionGuard
c4cc84222085657c	FUN_00da26b0	0	5	00da26b0	TEXT_QST_B08_BRIAR_ONHIT
df5fa254cd6dd08a	FUN_00da27b0	0	3	00da27b0	TEXT_QST_B08_BRIAR_ONSPEAKTO
6be0860b0dd6e151	FUN_00da2a20	0	1	00da2a20	MC_MinionGuard
435966dad58566a7	FUN_00da2ca0	0	3	00da2ca0	
3f939d4d3b7dd560	FUN_00da3100	0	8	00da3100	BowerstoneJail
ea3b5938e4fb284d	FUN_00da34b0	0	26	00da34b0	BalverineFightingGuard
129fc18fdcfb5d13	FUN_00da3f40	0	5	00da3f40	DesertedFarm
040ad081df976dd1	FUN_00da4350	0	4	00da4350	ARCHAEOLOGIST
eff1de2f7b514721	FUN_00da4c90	0	2	00da4c90	TEXT_QST_045_GUARD_ATTACK
c715345ecb99be46	FUN_00da4e30	0	8	00da4e30	NEW_RED_FORCEFIELD_01
7a5524619c0bb339	FUN_00da5490	0	5	00da5490	NEW_RED_FORCEFIELD_01
a3f31aa660de7704	FUN_00da5980	0	3	00da5980	CREATURE_MINION_WARDOG
2de1711b11b181ba	FUN_00da5f40	0	1	00da5f40	HUD_QUEST_ICON_ROCK_TROLL
cf194ec2e2d66047	FUN_00da6240	0	2	00da6240	CREATURE_MINION_WARDOG
284ca5cb2db705cf	FUN_00da63f0	0	2	00da63f0	CREATURE_BS_GUARD
87ef49a469846dbc	FUN_00da6740	0	3	00da6740	CREATURE_BS_GUARD
aa1d47bec9c9ba4e	FUN_00da68e0	0	4	00da68e0	AGGRESSIVE_POINTING
988847bc50cee85a	FUN_00da6d50	0	7	00da6d50	GuardChatter
6f1c89ff93328db6	FUN_00da71e0	0	6	00da71e0	TEXT_QST_045_
c2e1d8340c5d4481	FUN_00da7830	0	8	00da7830	CorneredGuard
ae51b49b2c0199fb	FUN_00da7d30	0	8	00da7d30	GuardChatter
ee256b9432a2d6bc	FUN_00da8510	0	9	00da8510	BowerstoneSlums
6a4dc58ffbb88656	FUN_00da8970	0	3	00da8970	TEXT_QST_067_
8b1fa3fb5f570995	FUN_00da8bf0	0	7	00da8bf0	CREATURE_MINION_DREADWINGS
f0fe4a9cd0f7e40e	FUN_00da91a0	0	7	00da91a0	CS_MINIONCHASE_OUTRO
573ed9f96368c776	FUN_00da9c70	0	10	00da9c70	BowerstoneJail
eb9c67761a9b60b2	FUN_00daa260	0	6	00daa260	CS_MINIONCHASE_FARM
145bbf0a62c1428f	FUN_00daa700	0	4	00daa700	CS_MINIONCHASE_TROLL
12571435550e3897	FUN_00daadd0	0	42	00daadd0	TEXT_QST_048_VILLAGER_DONE_BAD_DEEDS_FEM
6caa5b448b1741e7	FUN_00dabac0	0	20	00dabac0	NOVI_AffairMan
b92798902b0295a5	FUN_00dadf80	0	9	00dadf80	SCRIPT_NAME_HERO
cfb7a907c9d6c88f	FUN_00daea70	0	3	00daea70	TEXT_QST_048_SCRMSG_DID_BAD_DEED
6fa166c57d1a20ad	FUN_00db0600	0	1	00db0600	OBJECT_TEDDY_BEAR_UNGIVEABLE
434d17001e1c2c89	FUN_00db0660	0	4	00db0660	TEXT_QST_048_SCRMSG_DID_FIRST_GOOD_DEED
80bdb23317c1a895	FUN_00db4f70	0	2	00db4f70	HUD_CLOCK_ICON
c617bb6485364c7e	FUN_00db7e10	0	2	00db7e10	TEXT_QST_048_INSTRUCTION_BREAK_BARRELS
ce4e80acc2ab1d54	FUN_00db8300	0	2	00db8300	CS_DEAD_DAD
6fa166c57d1a20ad	FUN_00dbcd00	0	1	00dbcd00	OBJECT_TEDDY_BEAR_UNGIVEABLE
bfd3863610315659	FUN_00dbde40	0	8	00dbde40	CREATURE_HERO_CHILD
ed1e7aef91eb09c2	FUN_00dbe2e0	0	1	00dbe2e0	TEXT_QUEST_OAKVALE_INTRO_OBJECTIVE_03
ef24ed88f21d1eca	FUN_00dbe3c0	0	4	00dbe3c0	ENVIRONMENT_OV_POSTATTACK
821b6e2e79455366	FUN_00dbe4e0	0	5	00dbe4e0	HUD_ORB_QUEST_CORE
408a7a26b69bee6f	FUN_00dbeb20	0	7	00dbeb20	CS_OAKVALEINTRO_HESDEADJIM
6e1f0d8cee4fd242	FUN_00dbf2d0	0	14	00dbf2d0	BanditCampPathEntrance
13a13e2d022fb557	FUN_00dbf9e0	0	7	00dbf9e0	BanditCampPathEntrance
9d04c1e5522c944a	FUN_00dbfea0	0	2	00dbfea0	OakValeBanditRaidGate
62d8eafb82d7dd59	FUN_00dbff80	0	2	00dbff80	OakValeBanditRaidBandit
8abb3640958a9d07	FUN_00dc0300	0	8	00dc0300	CREATURE_BANDIT_GRUNT
7f8fc94450a94f6d	FUN_00dc0830	0	2	00dc0830	OakValeBanditRaidBandit
ffaa9651ce106676	FUN_00dc08c0	0	6	00dc08c0	BanditCampPathEntrance
ab766560fd05f3de	FUN_00dc21f0	0	2	00dc21f0	CS_BANDITRAID_GATEOPEN
fdb1fbefd5e95fe9	FUN_00dc25b0	0	4	00dc25b0	Graveyard
b332ebb4936d756b	FUN_00dc37f0	0	8	00dc37f0	Graveyard
fc9a33cec1384d97	FUN_00dc3cf0	0	4	00dc3cf0	OBJECT_CEREMONIAL_ARMOUR
eb84053634b6f7c7	FUN_00dc3e50	0	4	00dc3e50	OBJECT_CEREMONIAL_SKELETON_ARMOUR
be73f7e1825f8473	FUN_00dc3fc0	0	5	00dc3fc0	SCRIPT_NAME_HERO
57cc8c5b8d0e9cbf	FUN_00dc4600	0	5	00dc4600	CREATURE_OK_UNDEAD_LIEUTENANT_AXE_LOW_DE
a04ede4bd6b805bb	FUN_00dc5f80	0	10	00dc5f80	BRAIN_GOOD_VILLAGER_BASE
8b53217edc2791f8	FUN_00dc8030	0	7	00dc8030	HUD_ORB_QUEST_CORE
06655d74ff29cd9e	FUN_00dc8890	0	7	00dc8890	CREATURE_OK_UNDEAD_GENERAL_LOW_DETAIL
bf105fe644f05251	FUN_00dc8c80	0	10	00dc8c80	CS_OPENGRAVE_PATHDOOR
36d77f461ca1f082	FUN_00dcc140	0	16	00dcc140	Greatwood
4dbf895957d382dd	FUN_00dcc770	0	19	00dcc770	Artefact
eca1c67f890eac41	FUN_00dccf30	0	5	00dccf30	OBJECT_QUEST_CARD_PROTECT_FARM
c8fc870f9fc3cb05	FUN_00dcd1d0	0	7	00dcd1d0	BanditTeamMember
8ca6e365a2f9d956	FUN_00dcd350	0	6	00dcd350	CREATURE_BANDIT_ARCHER_LEVEL1
7c3e105d349b6a4f	FUN_00dcdc50	0	3	00dcdc50	BanditTeamCrateDrop
906dbf867e350cfb	FUN_00dcdf60	0	9	00dcdf60	BANDIT
7bbd1f2015e5d996	FUN_00dce230	0	7	00dce230	ATTACKING
4871f219d4b829b4	FUN_00dcf0b0	0	6	00dcf0b0	HERO_WHISPER_ATTACK_STYLE_OFARM
b886f7189a913e87	FUN_00dd0eb0	0	4	00dd0eb0	OBJECT_QUEST_CARD_PROTECT_FARM
849ecee1dea1745f	FUN_00dd1af0	0	9	00dd1af0	CS_ORCHARD_EVIL_WHISPERINTRO_GWL
647a0948cbd94e4d	FUN_00dd2020	0	6	00dd2020	Q_OrchardFarmRaid
f744bf0bb6f963a5	FUN_00dd23a0	0	6	00dd23a0	Q_OrchardFarmRaid
dbd0895a39f39641	FUN_00dd2720	0	15	00dd2720	GraveyardSecretPassage_1
07e239c0d34fde54	FUN_00dd2ce0	0	22	00dd2ce0	BarracksDoor
d8a5bcf0a678c5bc	FUN_00dd3b80	0	23	00dd3b80	GuardPatrolExit
7e59c7ee707c08b0	FUN_00dd44c0	0	4	00dd44c0	GuardPatrolExit
53716864308c8b10	FUN_00dd5860	0	2	00dd5860	TEXT_QST_055_PRISONER_
40ee577ba387ac3d	FUN_00dd5a60	0	11	00dd5a60	COURTYARD
c8a9ccda8c69ec18	FUN_00dd6440	0	7	00dd6440	ALARM
72e0cbfeea45468f	FUN_00dd84b0	0	4	00dd84b0	MotherTorture
a06ff09d6e5b78a7	FUN_00dd8990	0	2	00dd8990	SCRIPT_NAME_HERO
179c4fa8942014e8	FUN_00dd8ba0	0	2	00dd8ba0	SCRIPT_NAME_HERO
419ac299bd8af00a	FUN_00dd9180	0	2	00dd9180	SCRIPT_NAME_HERO
69cce62a9e6c3c40	FUN_00dd9520	0	6	00dd9520	CS_MOTHER_SPLITTING_UP
53e992310ea7f03e	FUN_00dd9900	0	1	00dd9900	Q_PrisonRace
14cd552b59c39c43	FUN_00dd9a50	0	32	00dd9a50	CS_PRISON_ESCAPE_LOSTKEY
53e992310ea7f03e	FUN_00ddb450	0	1	00ddb450	Q_PrisonRace
19e2cb1b33027a4c	FUN_00ddb570	0	4	00ddb570	AGGRESSIVE_POINTING
7d1fa92773db13ce	FUN_00ddb720	0	4	00ddb720	GuardPosition
5ea181eb8dfb5698	FUN_00ddc070	0	3	00ddc070	GuardPosition
a7c52a229bafc295	FUN_00ddc980	0	4	00ddc980	PrisonRaceWarden
3ff6ff9449bc1f79	FUN_00ddcf50	0	2	00ddcf50	TEXT_QST_055_RACER_
8b38b8e582bb9ead	FUN_00ddd030	0	5	00ddd030	CS_PRISON_RACE_END
52be159638cf06a8	FUN_00ddd430	0	7	00ddd430	CS_PRISON_RACE_INTRO
f5f2573500f790eb	FUN_00dde230	0	6	00dde230	PrisonCellKeyRack
0a9818de7951cb76	FUN_00dde7f0	0	1	00dde7f0	GREEN
70233cd53b45dc98	FUN_00dde940	0	7	00dde940	OBJECT_BOOK_OPEN_01
419ac299bd8af00a	FUN_00ddece0	0	2	00ddece0	SCRIPT_NAME_HERO
625a744a57e94a34	FUN_00de03e0	0	12	00de03e0	KnotholeGlade
34fad1c33cc8e727	FUN_00de0850	0	28	00de0850	DisappearFollowers
634bb47afd77047f	FUN_00de1280	0	6	00de1280	ChiefsSonDied
862dc250fb4dfef7	FUN_00de14a0	0	8	00de14a0	ChiefsHut
ea08eb6d525a61c0	FUN_00de1770	0	2	00de1770	ChiefsHut
4e5b74099d5ff8ad	FUN_00de21d0	0	4	00de21d0	HeroOnly
c573ea9db672f378	FUN_00de2610	0	14	00de2610	FACTION_HERO
30d132ef48441dd2	FUN_00de3830	0	5	00de3830	SCRIPT_NAME_HERO
72ec341d40dea769	FUN_00de3ce0	0	3	00de3ce0	Victim
a1db00209463b0c2	FUN_00de3f90	0	5	00de3f90	TEXT_QST_B06_POST_RESC_
9c1bf4519f00cafd	FUN_00de4710	0	2	00de4710	WitchwoodCavern
874a88c78ebb4916	FUN_00de6730	0	10	00de6730	$ARG1
21172f7be8de4e99	FUN_00dea3f0	0	8	00dea3f0	BrotherRunOffMarker
0bbb44f44c191efe	FUN_00deb000	0	2	00deb000	TEXT_QST_B06_BROTHER_ON_HIT
bc8c161201175be1	FUN_00decad0	0	14	00decad0	DoMission
ea88092f1f1441f9	FUN_00ded380	0	2	00ded380	CREATURE_SUCCUBUS_NYMPH_01
d863b081e2e9c35f	FUN_00ded540	0	1	00ded540	TEXT_QST_055_GUARD_SURPRISED_BY_HERO
2583ca5701c79c69	FUN_00ded810	0	3	00ded810	TEXT_QST_055_GUARD_MOANING_ABOUT_STUFF
9be414be635d3b41	FUN_00dedb80	0	2	00dedb80	TEXT_QST_055_GUARD_INVESTIGATING_NOISE
35f288974d95f45e	FUN_00dedf30	0	3	00dedf30	TEXT_QST_055_GUARD_SURPRISED_BY_HERO
419ac299bd8af00a	FUN_00deefc0	0	2	00deefc0	SCRIPT_NAME_HERO
f629701d507d1ee0	FUN_00def3b0	0	4	00def3b0	CREATURE_OK_UNDEAD_SOLDIER_SWORD
ff97486f6efc5749	FUN_00def760	0	8	00def760	BlockADoor
5afc0dea169bb70c	FUN_00defb10	0	8	00defb10	DoorBlock
35feeb539f0d64d2	FUN_00deff60	0	5	00deff60	BossBlockingPrisonPassage
63ad902338d64b6d	FUN_00df0200	0	7	00df0200	CREATURE_OK_UNDEAD_LIEUTENANT_AXE
859d3c5eabe59921	FUN_00df0750	0	5	00df0750	CS_MOTHER_RESCUE_TORTURE
cd18a2e695b81258	FUN_00df0b70	0	8	00df0b70	CS_JACK_CAPTURES
253e76beb2b18b1f	FUN_00df1230	0	3	00df1230	HookCoast
02cad70347eab3db	FUN_00df13a0	0	8	00df13a0	DoMission
a0002591a6ee9ba7	FUN_00df20f0	0	2	00df20f0	STS_BriarRose
5f8433115fccc633	FUN_00df2380	0	6	00df2380	CREATURE_MINION_WARDOG
9387121299667199	FUN_00df2d30	0	2	00df2d30	OBJECT_LPDD_FIREHEART_01
557fcc6ff853edba	FUN_00df2f90	0	7	00df2f90	FIREHEART
83fadac045523b8f	FUN_00df36e0	0	17	00df36e0	CS_SUMSHIP_INTRO
435966dad58566a7	FUN_00df3e50	0	3	00df3e50	
81ea5ce1f69247c2	FUN_00df4240	0	6	00df4240	DoMission
c14284629202fd2b	FUN_00df4610	0	1	00df4610	HUD_ORB_QUEST_CORE
b44666706c85111e	FUN_00df4be0	0	1	00df4be0	CS_KRAKEN_OUTRO
1566e5253d2d417b	FUN_00df4e00	0	3	00df4e00	KrakenChamber
a32ee937d3de79c5	FUN_00df5000	0	22	00df5000	CS_KRAKEN_INTRO
78b5bd9eef7ca4f3	FUN_00df5cd0	0	7	00df5cd0	BarrowFields
ddc37b09c38b1b2a	FUN_00df7980	0	1	00df7980	HUD_CLOCK_ICON
320c4539a6c63d6e	FUN_00df7bf0	0	9	00df7bf0	CREATURE_BS_GUARD_BLACK
221e82505cb31ed5	FUN_00df80b0	0	8	00df80b0	FACTION_BANDITS_FRIENDLY
8d15006619d7bac4	FUN_00df8970	0	8	00df8970	FACTION_BANDITS_FRIENDLY
e2c61a7f67638343	FUN_00df9180	0	5	00df9180	BarrowFields
b93627be661aa849	FUN_00df9710	0	1	00df9710	SCRIPT_NAME_HERO
62cbc38444f36849	FUN_00df9b80	0	4	00df9b80	CREATURE_DEMON_DOOR_FACE_01
435966dad58566a7	FUN_00df9e00	0	3	00df9e00	
c3b8a39a31cb9f04	FUN_00dfa0e0	0	8	00dfa0e0	BanditCampCentre
61591ee93b55f1fe	FUN_00dfa450	0	23	00dfa450	BCGameMaster
ddc37b09c38b1b2a	FUN_00dfaeb0	0	1	00dfaeb0	HUD_CLOCK_ICON
ea5686d9eb9ad4d9	FUN_00dfb100	0	1	00dfb100	TEXT_QST_B11_QUEST_FAILED_TRADERS_DIED
e7590def5ff5517a	FUN_00dfb320	0	9	00dfb320	OBJECT_HERO_BOOTS_BANDITCAMP
e3cfb16332351aa2	FUN_00dfba60	0	3	00dfba60	TEXT_QST_B11_BANDIT_SECURITY_ATTACK_HERO
c0bd22af69ac552b	FUN_00dfc320	0	6	00dfc320	BodyGuard
b93627be661aa849	FUN_00dfc630	0	1	00dfc630	SCRIPT_NAME_HERO
5791f99ff30a5307	FUN_00dfc920	0	1	00dfc920	FACTION_BANDITS
447f95eb6a47c38c	FUN_00dfca90	0	2	00dfca90	CREATURE_BANDIT_GRUNT_LEVEL2
0f7c704f5c07b584	FUN_00dfd600	0	7	00dfd600	HUD_ORB_RED_SMALL
435966dad58566a7	FUN_00dfded0	0	3	00dfded0	
6d554b631b8e74ac	FUN_00e006d0	0	14	00e006d0	BarrowFields
57ece2ec51199da7	FUN_00e00db0	0	22	00e00db0	BanditCronies
c2cf6151ba10f2dd	FUN_00e01760	0	5	00e01760	DarkwoodTrader
5ce81c4986a8814f	FUN_00e01900	0	12	00e01900	DarkwoodTrader
0ed4475708fd42e4	FUN_00e02470	0	5	00e02470	BalverineDinner
a7d323dc987c4188	FUN_00e02950	0	3	00e02950	LEAP_STRAIGHT_UP
94c7268304ade8ae	FUN_00e02e50	0	3	00e02e50	DarkwoodAssassin
2d146228e946344c	FUN_00e035e0	0	1	00e035e0	TEXT_QST_067_BANDIT_ATTACK
edc8aad8596dca44	FUN_00e03b00	0	2	00e03b00	BarrowFields
0bb271724ac11d21	FUN_00e03bf0	0	4	00e03bf0	BarrowFields
edc8aad8596dca44	FUN_00e03d30	0	2	00e03d30	BarrowFields
78cdf82d744b265d	FUN_00e03f70	0	7	00e03f70	BarrierFX
efff3ccf6b322ecb	FUN_00e04bd0	0	10	00e04bd0	FRIENDLY
30a0b5e308c96f09	FUN_00e05360	0	2	00e05360	DarkwoodTrader
c6ec6b1d952b9f81	FUN_00e06050	0	7	00e06050	BALVERINE_SURPRISE
c5a4c59800271767	FUN_00e0a510	0	6	00e0a510	FRIENDLY
63e2d71b55ff6e53	FUN_00e0a820	0	6	00e0a820	CREATURE_BALVERINE_01
0ef4c3d84583f715	FUN_00e0ad40	0	1	00e0ad40	CS_DARKWOOD_TRADER_TROLL
d20f3a9d5fcba72f	FUN_00e0b020	0	2	00e0b020	Graveyard
ccb7a6e9740ec80a	FUN_00e0c350	0	2	00e0c350	OBJECT_QUEST_CARD_PRISON_SECRET_PASSAGE
c26f6349250637ef	FUN_00e0c4c0	0	2	00e0c4c0	GRAVEYARD_CIRCLE_LIGHT_SMALL
74f6cc2a5dc51b8c	FUN_00e0ca50	0	4	00e0ca50	CREATURE_OK_UNDEAD_SOLDIER_SWORD
785c30ceaf5ff98d	FUN_00e0d210	0	5	00e0d210	CREATURE_OK_UNDEAD_LIEUTENANT
26d11005448f2392	FUN_00e0d6a0	0	2	00e0d6a0	ZOMBIE_BOSS1_DEATH
efbb09cb80b4683d	FUN_00e0d850	0	3	00e0d850	TEXT_QST_049_VOICE_LIGHT_FIRST
b88767c141c672f3	FUN_00e0daa0	0	3	00e0daa0	LookAfterHealth
8542d763dd704bf3	FUN_00e0dbb0	0	1	00e0dbb0	UndeadRisingCentre
e2640e7c0a9fbe80	FUN_00e0de90	0	5	00e0de90	ActivateNextLamp
506319e7844db19e	FUN_00e0e040	0	2	00e0e040	GRAVEYARD_CIRCLE_LIGHT_SMALL
b88767c141c672f3	FUN_00e0e2e0	0	3	00e0e2e0	LookAfterHealth
cb03257ba9562db4	FUN_00e0e820	0	2	00e0e820	PicnicArea
827d784453c6de3f	FUN_00e0ea40	0	18	00e0ea40	DoMission
d018ebcbfcc16784	FUN_00e0f1d0	0	2	00e0f1d0	PicnicArea
cd9c748e552dcd68	FUN_00e0f4e0	0	2	00e0f4e0	FleeingWomanEscapePos
74c9502733640f1c	FUN_00e0f8a0	0	13	00e0f8a0	SCRIPT_NAME_HERO
e497b729434c47d3	FUN_00e10bf0	0	1	00e10bf0	WaspChaseWoman
45e1512f6afa8ff7	FUN_00e10e60	0	4	00e10e60	ChasedWomanNav
b7dae497d1637e60	FUN_00e11670	0	4	00e11670	TEXT_QST_072_VILLAGER_MALE_ON_SAVED_10
d2137d1e2d13613e	FUN_00e11dc0	0	5	00e11dc0	Q_WB_DeadBody
7041494a009cebb5	FUN_00e12330	0	4	00e12330	CS_WASPBOSS_QUEEN
1661cd90f612e0a0	FUN_00e12580	0	13	00e12580	FACTION_PICNIC_AREA
e21e68c9dc2e61ad	FUN_00e12b30	0	6	00e12b30	QueenHornet
9dc9ebeec23f5867	FUN_00e12f20	0	6	00e12f20	CS_WASPBOSS_INTRO
ceb9a28cb502b155	FUN_00e13310	0	6	00e13310	HUD_ICON_WASP_HEAD
60820ec8828b960f	FUN_00e137b0	0	9	00e137b0	CREATURE_HORNET_QUEEN_01
6d854ff449be9e17	FUN_00e13c60	0	6	00e13c60	DemonDoor_KnotholeGlade
4a4e9b2db5e4aa6f	FUN_00e13f10	0	29	00e13f10	CHIEF
fe1883378bd8bec2	FUN_00e15500	0	5	00e15500	KnotholeGlade
25e7bce15c5a93a9	FUN_00e15830	0	3	00e15830	KG_Gate
eb82add28d1b247e	FUN_00e16e00	0	3	00e16e00	WB_Guard1Pos
ff9217b12cc7c96d	FUN_00e17320	0	3	00e17320	WB_Guard2Pos
3c96bcbc38107dbf	FUN_00e18480	0	4	00e18480	DemonDoor_KnotholeGlade
a135400b942f2adc	FUN_00e18630	0	16	00e18630	CS_WBW_DRINK
3e783abb6e1f1e2d	FUN_00e18eb0	0	6	00e18eb0	HUD_QUEST_ICON_WHITE_BALVERINE
2011ee0909cfa876	FUN_00e1a870	0	2	00e1a870	HookCoast
e9177935d654510f	FUN_00e1a990	0	9	00e1a990	ChasingScreamer
e3f1be21b0dc713d	FUN_00e1af30	0	1	00e1af30	HKC_ChasedMan
bacb6e846b72b1cb	FUN_00e1b1f0	0	4	00e1b1f0	CREATURE_SCREAMER_01
ee8bcf1d644b3607	FUN_00e1b750	0	2	00e1b750	CREATURE_SCREAMER_01
48ce427bda153a93	FUN_00e1bc70	0	3	00e1bc70	CREATURE_SCREAMER_01
55382432e1db77d3	FUN_00e1c0f0	0	10	00e1c0f0	CS_KEY
632cfbe4830646ff	FUN_00e1c580	0	9	00e1c580	HUD_QUEST_ICON_MAZE
6cad5c1de5f1ea51	FUN_00e1cae0	0	3	00e1cae0	HUD_ORB_QUEST_CORE
1456f03a910bc8c2	FUN_00e1cd40	0	5	00e1cd40	CS_HOOK_COAST_SCREAMERS
7d66ec9fd4f4a204	FUN_00e1cfd0	0	13	00e1cfd0	CS_WIZARD_BATTLE_INTRO
7ec2f3ca83211726	FUN_00e1d690	0	4	00e1d690	HookCoastVillage
80da76479131a051	FUN_00e1d7b0	0	4	00e1d7b0	CS_WIZARD_BATTLE_MAZE_DEATH
c96f88c47785777f	FUN_00e1e110	0	10	00e1e110	AttackingBandit
121f57233d92456b	FUN_00e1e530	0	1	00e1e530	TraderToEscort
7b28cea318c2bf2a	FUN_00e1e670	0	2	00e1e670	GreatwoodEntrance
c7bd6204a47666fa	FUN_00e1e960	0	2	00e1e960	AttackingBandit
a8b145539009cf33	FUN_00e1ee30	0	2	00e1ee30	SND_MAN_05_NONSPEECH_AMBUSHLAUGH_0
7d9e9a92d3b03375	FUN_00e1f3e0	0	4	00e1f3e0	ParentClass.
0b2ee490efbeded9	FUN_00e1f7e0	0	6	00e1f7e0	ParentClass.
45d0903861f86b44	FUN_00e1fcf0	0	2	00e1fcf0	EXPRESSION_FOLLOW
c03975b7a034ce56	FUN_00e1fef0	0	2	00e1fef0	EXPRESSION_WAIT
f58f72b27ea13c7a	FUN_00e20210	0	3	00e20210	SCRIPT_NAME_HERO
fe677ae33247bb21	FUN_00e247f0	0	19	00e247f0	GreatwoodEntrance
fd4e3dee5ca8e240	FUN_00e24e10	0	7	00e24e10	LookoutPoint
f9ccb04e627fa309	FUN_00e255d0	0	2	00e255d0	LookoutPoint
1041dbddf86df4d2	FUN_00e27e90	0	10	00e27e90	CS_MAZE_TROPHY_INFO
42125bb1af70adf6	FUN_00e292c0	0	5	00e292c0	ArenaExterior
2576f4d4b334fcea	FUN_00e295e0	0	4	00e295e0	CS_ARENA_LEAVE_THERESA_02
06aa85db7acbc1e0	FUN_00e29f50	0	3	00e29f50	CREATURE_RIVAL_HERO_SCYTHE
5f9ef82b28c4e993	FUN_00e2a320	0	6	00e2a320	CS_ORACLE_AWAKENS
0f5b39cc3a223fb4	FUN_00e2b090	0	12	00e2b090	AS_Ambusher
6076282ea921c35f	FUN_00e2e520	0	4	00e2e520	AS_Buddy
6aed18312e626c0b	FUN_00e2ec30	0	3	00e2ec30	AS_Trickster
1a53d5681f0d5ce2	FUN_00e2f170	0	16	00e2f170	AS_Ambusher
d1b371a5c88e65fc	FUN_00e32080	0	3	00e32080	EXPRESSION_FOLLOW
b15c0e378daada05	FUN_00e33040	0	3	00e33040	HUD_CLOCK_ICON
12f914e69fcdcd85	FUN_00e33660	0	1	00e33660	KnotholeGlade
b0321d0883e068eb	FUN_00e338e0	0	4	00e338e0	AC_DummyStatic
3de99cc746bd3d4c	FUN_00e33b00	0	3	00e33b00	AC_DummyMoving
8f583870ca362651	FUN_00e33c90	0	2	00e33c90	AC_PlayerRing
8f583870ca362651	FUN_00e33e00	0	2	00e33e00	AC_PlayerRing
1f0a7d6cc8a77fc9	FUN_00e36390	0	2	00e36390	SCRIPT_NAME_HERO
28e355282220c816	FUN_00e36590	0	3	00e36590	TEXT_QST_004_GAME_OVER1
304d79e5906023ab	FUN_00e36750	0	2	00e36750	TEXT_QST_004_COUNTDOWN_40
16c0255a4394d23b	FUN_00e369b0	0	3	00e369b0	GET_HIT_SPIN
3815b09a15eb7e40	FUN_00e37e40	0	4	00e37e40	AttackingAssassin
a941351d1fe3bc71	FUN_00e386e0	0	1	00e386e0	SCRIPT_JUMP_FROM_CHEST
5cc19a7dbe0b6092	FUN_00e38f80	0	5	00e38f80	OPINION_SOURCE_SCRIPTED_ASSASSIN
645bc15eb6d3f806	FUN_00e39140	0	3	00e39140	OBJECT_QUEST_CARD_ASSASSIN_ATTACKS
0b7f6798d062771b	FUN_00e39540	0	2	00e39540	WatchForQuestComplete
5f190c92ffab41b6	FUN_00e3a030	0	1	00e3a030	Bordello
e1a175abe49bac9a	FUN_00e3a150	0	3	00e3a150	Bordello
369fedc55eb784eb	FUN_00e3a350	0	6	00e3a350	Bordello
4eef4f81fd680f80	FUN_00e3a6b0	0	6	00e3a6b0	Bordello
bc0631c121a4f2a6	FUN_00e3ac70	0	6	00e3ac70	AMELIA
b990af2ba3dd4501	FUN_00e3b4a0	0	6	00e3b4a0	BordelloSign
16c597216111b8c5	FUN_00e3e320	0	11	00e3e320	OBJECT_HERO_GLOVES_DRESS
1ab9d61e35ce0b38	FUN_00e3e6b0	0	3	00e3e6b0	_HEROLADY
eb74a85c162a1b4d	FUN_00e3e720	0	6	00e3e720	GUARD
4745401548516b7c	FUN_00e403d0	0	1	00e403d0	TEXT_QST_B13_
8c99ccba1a00b0e6	FUN_00e44a40	0	8	00e44a40	OBJECT_HERO_BEARD_01
58a95dfa9ead6954	FUN_00e44cc0	0	6	00e44cc0	OBJECT_HERO_TASHCHINESE_01
5f00ee69876242d1	FUN_00e46d30	0	12	00e46d30	BCP_Bandit
80c80e59de1f7ce3	FUN_00e480d0	0	3	00e480d0	Greatwood
4979bae191143cb7	FUN_00e482f0	0	11	00e482f0	BT_Sign_Close
f7816f016081bdfd	FUN_00e48a30	0	2	00e48a30	TollBandit
1b3ab0e32feea4c8	FUN_00e48bf0	0	3	00e48bf0	FACTION_BANDITS_FRIENDLY
dcdfb6058b5050e5	FUN_00e48eb0	0	3	00e48eb0	FACTION_BANDITS_FRIENDLY
24fd7ce7332f516e	FUN_00e49020	0	10	00e49020	FACTION_BANDITS
8150878dc198b0d8	FUN_00e49980	0	3	00e49980	FACTION_BANDITS
59b2c9e160f9ac1e	FUN_00e4a280	0	4	00e4a280	SCRIPT_NAME_HERO
5fc0596a637ddc3f	FUN_00e4a740	0	3	00e4a740	BanditLeader
252f4e51c2eee529	FUN_00e4aa00	0	8	00e4aa00	FACTION_BANDITS
8ce88e4f6f98f9f7	FUN_00e4b010	0	4	00e4b010	GreatwoodBanditToll
2353656549f0b946	FUN_00e4b430	0	3	00e4b430	BanditTollVillage
69416c6c0f4fefd3	FUN_00e4e0e0	0	12	00e4e0e0	BanditBlockadeFar1
140b968d6301c3ed	FUN_00e4fa20	0	11	00e4fa20	BB_BeardyBaldyMan
2d7072242bcc6b8d	FUN_00e503d0	0	2	00e503d0	BB_BeardyBaldyMan
6e6555a39e24158a	FUN_00e504c0	0	2	00e504c0	CREATURE_BOWERSTONE_SLUMS_VILLAGER_FEMAL
377fb41ec03bbe07	FUN_00e50650	0	4	00e50650	BB_BeardyBaldyMan
fce944ed9f766ed9	FUN_00e50910	0	7	00e50910	BB_BeardyBaldyMan
377fb41ec03bbe07	FUN_00e50e40	0	4	00e50e40	BB_BeardyBaldyMan
8c99ccba1a00b0e6	FUN_00e53670	0	8	00e53670	OBJECT_HERO_BEARD_01
58a95dfa9ead6954	FUN_00e538f0	0	6	00e538f0	OBJECT_HERO_TASHCHINESE_01
f5ce4a4bf932854f	FUN_00e53ad0	0	5	00e53ad0	OBJECT_HERO_HAIR_BASIN_01
1f0a7d6cc8a77fc9	FUN_00e53d90	0	2	00e53d90	SCRIPT_NAME_HERO
8fe677bd57455c21	FUN_00e55ce0	0	17	00e55ce0	$PRIZE
d91b3478f6c43ad6	FUN_00e57020	0	21	00e57020	$ARG1
d18cda6b3a0bf569	FUN_00e57530	0	5	00e57530	TEXT_QST_B16_BOOK_COMMENT_
a40dec07b3ed3a32	FUN_00e5d300	0	8	00e5d300	Evil1RespawnTimer
08da0510a8934070	FUN_00e5d4f0	0	10	00e5d4f0	BodyGuard
9b02ff2fc3a70915	FUN_00e5db30	0	2	00e5db30	ObservePosBG
35d208bc615cbfbb	FUN_00e5e0c0	0	5	00e5e0c0	BodyGuard
abf2028b7a14f776	FUN_00e5e240	0	4	00e5e240	EVIL1
47389b36ea0d2786	FUN_00e5e5a0	0	9	00e5e5a0	BORED
de9b2807c44a378b	FUN_00e5ebd0	0	3	00e5ebd0	TEXT_QST_016_BODYGUARD
1cc92cd824e29170	FUN_00e5f2b0	0	2	00e5f2b0	BodyGuard
14be800f5be99ceb	FUN_00e621f0	0	8	00e621f0	FACTION_BODYGUARD
8853b2a8da0acd36	FUN_00e62a00	0	8	00e62a00	ChickenMaster
5d054b0fca2fbf57	FUN_00e62d60	0	8	00e62d60	CREATURE_OAKVALE_VILLAGER_FEMALE_UNEMPLO
5cb8d8d4136e5418	FUN_00e631f0	0	5	00e631f0	CREATURE_OAKVALE_VILLAGER_MALE_UNEMPLOYE
0961a1c1309f79b3	FUN_00e63730	0	3	00e63730	Spectator1
fcb63e14cd8a48c7	FUN_00e63890	0	6	00e63890	BRAIN_GOOD_VILLAGER_BASE
b41a83bb5a486992	FUN_00e64210	0	19	00e64210	ChickenKickingArena
2d6fc5e2e1d5814c	FUN_00e64df0	0	2	00e64df0	ChickenSign
08dae3eb0f45c3e7	FUN_00e68b20	0	5	00e68b20	CHICKEN
b7350e5c63d0e438	FUN_00e693f0	0	25	00e693f0	COE_AcolyteEvil
ea87d8aad29383d0	FUN_00e6a0b0	0	2	00e6a0b0	BUILDING_CHAPEL_EVIL
5098bb9074b9c4a9	FUN_00e6a340	0	3	00e6a340	M_SoundAltar
0d837f798b13f89a	FUN_00e6a7f0	0	3	00e6a7f0	DarkwoodChapel
b620a5e434f3e945	FUN_00e6a9e0	0	1	00e6a9e0	DarkwoodChapel
cc5ce84769b7b175	FUN_00e6aac0	0	4	00e6aac0	ParentClass.
1f0a7d6cc8a77fc9	FUN_00e6ad20	0	2	00e6ad20	SCRIPT_NAME_HERO
0c4845ba99e33d43	FUN_00e6af20	0	4	00e6af20	M_SoundAltar
e44fee87ac001575	FUN_00e6b400	0	4	00e6b400	COE_AcolyteEvil
c71f070647348112	FUN_00e6b750	0	2	00e6b750	DarkwoodChapel
05a9bd2973147bcd	FUN_00e6b900	0	5	00e6b900	COE_AcolyteEvil
05cfda360a96fd75	FUN_00e6da80	0	6	00e6da80	$SOUND
28460521fc5a704c	FUN_00e6de10	0	12	00e6de10	CHAPEL_OF_EVIL_ACID_BATH_FEMALE
4011f8c0eb9b2370	FUN_00e6e050	0	3	00e6e050	BS_GUARD
1718fcb6698e78f9	FUN_00e6e120	0	2	00e6e120	CREATURE_BANDIT
b242a87bb82d5db1	FUN_00e6e1b0	0	2	00e6e1b0	CREATURE_BANDIT
400e79ac3f8f70bf	FUN_00e6ea30	0	9	00e6ea30	CAM_DD_CLOSE
a2000839064fa101	FUN_00e6f1c0	0	7	00e6f1c0	DD_ThunderHelmet
9142d50cd14dbc9d	FUN_00e6f710	0	6	00e6f710	DD_CombatMult
4deb99a77c5bc18d	FUN_00e6fc40	0	10	00e6fc40	DD_Dragon
d73e541843c1971d	FUN_00e70460	0	7	00e70460	DD_BeEvil
0554914887bf2448	FUN_00e71450	0	6	00e71450	DD_EatPies
c1c55c2193fa6d47	FUN_00e71980	0	6	00e71980	DD_GiveGift
aae3193dd8dbf5ae	FUN_00e71f10	0	11	00e71f10	DD_DressAsBandit
6e6ecfcf2981b045	FUN_00e72f00	0	5	00e72f00	OBJECT_HERO_BOOTS_BANDITCAMP
0ed62d1783cbef2d	FUN_00e730a0	0	4	00e730a0	OBJECT_HERO_BOOTS_ARMOUR_GOOD
6cfba0ed94b0fb00	FUN_00e731f0	0	4	00e731f0	OBJECT_HERO_BOOTS_WILLROBE_EVIL
83b59531b3829397	FUN_00e73410	0	6	00e73410	DD_MarryLadyGrey
534904b096bcd4b3	FUN_00e73930	0	9	00e73930	DD_SexMad
df213300ef07333a	FUN_00e74d70	0	12	00e74d70	DD_GeneratedNasty
5f54f986ee3214b4	FUN_00e75ba0	0	9	00e75ba0	DoMission
5cd4fb85fdc1ebcc	FUN_00e75ef0	0	2	00e75ef0	Q_TraderConflictEvil
d9630906b8bbd39a	FUN_00e76040	0	8	00e76040	BribedMayor
2e492672bb6321b2	FUN_00e76920	0	4	00e76920	CheckLampSlot
920c39d81215b341	FUN_00e76ca0	0	3	00e76ca0	EM_FlashLightPoint
68f60b13ddc788d6	FUN_00e76e90	0	1	00e76e90	EM_FlashLightPoint
6697abe66e7ac024	FUN_00e776f0	0	19	00e776f0	CS_MAYOREXPOSE_PRISONERACCEPT
f51e10769388865a	FUN_00e78100	0	6	00e78100	$ARG1
b5b9a1d587a6686c	FUN_00e7a5c0	0	5	00e7a5c0	BarrowFields
d7ec543930a76092	FUN_00e7a740	0	7	00e7a740	BowerstonePosh
f6044253db36d527	FUN_00e7a9f0	0	4	00e7a9f0	CS_MAYOREXPOSE_GHOSTAPPEAR
1ff7dc9eb957f273	FUN_00e7ab50	0	11	00e7ab50	CS_MAYOREXPOSE_GHOST
e1a86bafe1ae9c9b	FUN_00e7b050	0	6	00e7b050	BribedMayor
4482b521f546a6cb	FUN_00e7b970	0	1	00e7b970	FishermanWasp
d39da17f02db1b56	FUN_00e7bd60	0	6	00e7bd60	FishermanHutDoor
cbfc4ff407fc53fc	FUN_00e7c010	0	7	00e7c010	MK_FI_HERO
913cedab339c4e9e	FUN_00e7de60	0	2	00e7de60	TEXT_QST_023_IDLE
b5c019616482023b	FUN_00e7e370	0	5	00e7e370	BountyHuntActivationChecker
dc1f27c257eba5b8	FUN_00e7e640	0	6	00e7e640	SCRIPT_NAME_HERO
3303e991c909c291	FUN_00e7f030	0	4	00e7f030	EndCompetition
72825faba52e769d	FUN_00e7f330	0	2	00e7f330	TEXT_QST_B15_FISHER_NAME_
2f95a2012bbe244b	FUN_00e7f410	0	7	00e7f410	CREATURE_FISHERMAN
72825faba52e769d	FUN_00e7f730	0	2	00e7f730	TEXT_QST_B15_FISHER_NAME_
7db40cc91f28573a	FUN_00e7f7f0	0	9	00e7f7f0	CREATURE_BOWERSTONE_SLUMS_VILLAGER_MALE_
94f9b7604f1e4a0f	FUN_00e7fb80	0	4	00e7fb80	FishCompCompetitor
87f51deacf60e626	FUN_00e7fd50	0	4	00e7fd50	FishCompSign
b8195578ac5593b7	FUN_00e80060	0	20	00e80060	TEXT_GUI_HERO_TITLE_ARROWDODGER
b079c3ea74e01c94	FUN_00e80c00	0	2	00e80c00	Fisherman
435966dad58566a7	FUN_00e80d60	0	3	00e80d60	
729ed2b7d5002d41	FUN_00e80f10	0	35	00e80f10	$ARG1
c401484ac1f9a1c8	FUN_00e81b40	0	3	00e81b40	CS_FISHCOMP_CHECKFISH_OUTPUTSIZE
b0eea9a975f44161	FUN_00e82220	0	7	00e82220	ActivateFisticuffsAtNight
336b1fc3d81a31a9	FUN_00e82650	0	5	00e82650	BanditCampCentre
b2ba5d68cbb23044	FUN_00e82950	0	4	00e82950	FisticuffsMember
b767b81236bc0587	FUN_00e82f80	0	2	00e82f80	Should not happen
0786469cac885e33	FUN_00e83230	0	9	00e83230	BanditCamp
9fa1cabf2950730b	FUN_00e848e0	0	5	00e848e0	An error
889efb24d9d2fbbe	FUN_00e84980	0	5	00e84980	An error
2e73ac0141b6e3d8	FUN_00e84a20	0	4	00e84a20	Q_BreakSiege
bc0b21f3e02809a7	FUN_00e8a1d0	0	5	00e8a1d0	An error
7fc037012dee1240	FUN_00e8a2b0	0	29	00e8a2b0	BOXING_ROUND_BELL
9abb36cc531f90fd	FUN_00e8af70	0	1	00e8af70	HUD_HERO_ICON
bc2f6b696b8c0760	FUN_00e8b020	0	5	00e8b020	FIGHTER
4532c405de86d23e	FUN_00e8b9c0	0	7	00e8b9c0	CreateBandit
b441b9b7983cd0ce	FUN_00e8cb40	0	8	00e8cb40	CREATURE_BANDIT_LIEUTENANT
487d99efa9ffc542	FUN_00e8cf40	0	3	00e8cf40	OrchardFarm
3edecd165ee50b9a	FUN_00e8dfa0	0	10	00e8dfa0	CS_GHOSTGRANNY_GRANNY
4d4fedae8cf0528a	FUN_00e91f20	0	51	00e91f20	QS_GuardianSisterInfo2_SisterInBanditCam
6edee42908b6b1f8	FUN_00e93080	0	2	00e93080	M_HiddenBooty
5007dc423736a465	FUN_00e93120	0	6	00e93120	OBJECT_TREASURE_CLUE_1
5aeae4f5d5141516	FUN_00e953e0	0	2	00e953e0	HH_CellarDoor
5711e68e6a2d40c6	FUN_00e95770	0	5	00e95770	CREATURE_OK_UNDEAD_SOLDIER_AXE_HH
ac286d2bc1b17ecc	FUN_00e96110	0	7	00e96110	CREATURE_LAKE_NYMPH_01
0a21998f71e3af36	FUN_00e96660	0	11	00e96660	BarrierHere
b28eb589a8955196	FUN_00e97ea0	0	7	00e97ea0	OBJECT_DOLL_BRIAR_ROSE_01
b28eb589a8955196	FUN_00e97fd0	0	7	00e97fd0	OBJECT_DOLL_BRIAR_ROSE_01
b28eb589a8955196	FUN_00e98200	0	7	00e98200	OBJECT_DOLL_BRIAR_ROSE_01
8c97f5535fbb9c83	FUN_00e987c0	0	15	00e987c0	BowerstoneJail
4e7a60d91b43be20	FUN_00e98fb0	0	6	00e98fb0	DD_ThunderHelmet
4f606d5d53e6d640	FUN_00e99470	0	2	00e99470	HUD_QUEST_ICON_THUNDER
131370d4b566c0ce	FUN_00e998f0	0	17	00e998f0	SCRIPT_CHEER_1
be16f258f8995876	FUN_00e9a270	0	5	00e9a270	CS_GIBBETHILL_HERODUEL_CAVESTART_1
b9d9e341b2cc437d	FUN_00e9a5c0	0	1	00e9a5c0	HeroDualAreaCave
a437720c00185c15	FUN_00e9a970	0	6	00e9a970	CS_GIBBETHILL_HERODUEL_CLIFF
5a2583a8c6dd38d9	FUN_00e9aeb0	0	4	00e9aeb0	CS_GIBBETHILL_HERODUEL_FLEE
492878aa0d666551	FUN_00e9b240	0	6	00e9b240	CS_GIBBETHILL_HERODUEL_END
39dadcd693e06c07	FUN_00e9b690	0	10	00e9b690	BowerstoneJail
d0a6da2e0e617022	FUN_00e9bbc0	0	4	00e9bbc0	CS_GIBBETHILL_HERODUEL_CHALLENGE
9172325691edfdca	FUN_00e9be60	0	7	00e9be60	CREATURE_RIVAL_HERO_THUNDER
51e4710b6423cb49	FUN_00e9cb20	0	4	00e9cb20	BUILDING_BS_SLUM_INN_01
e4bb04092580679c	FUN_00e9cfd0	0	4	00e9cfd0	BriarRose
bd68e0ebe0ac82a4	FUN_00e9dac0	0	5	00e9dac0	HUD_ORB_QUEST_VIGNETTE
cbf42ef6bc5f0a35	FUN_00e9dc80	0	3	00e9dc80	SCRIPT_NAME_HERO
db7bfa0fc07cdf9d	FUN_00e9fcd0	0	6	00e9fcd0	DoMission
ef570fafac5327fa	FUN_00ea0090	0	9	00ea0090	CREATURE_KN_VILLAGER_MALE
28b5cd5b61232b70	FUN_00ea0b10	0	3	00ea0b10	SCRIPT_NAME_HERO
9fc946e3639f15cf	FUN_00ea1090	0	6	00ea1090	KG_Gate
47144b3dbcfbfb09	FUN_00ea1360	0	6	00ea1360	KGG_GuardRunner
0d08bb13005acc77	FUN_00ea1630	0	3	00ea1630	DoPanicBanter
5c787703bc119d75	FUN_00ea1720	0	12	00ea1720	CREATURE_BALVERINE_01
7a0f0ee5de73bc6b	FUN_00ea1ec0	0	4	00ea1ec0	KG_GateGuard
6bf269a5e2f3c6e1	FUN_00ea2080	0	8	00ea2080	CREATURE_BALVERINE_01
aa7991042a479385	FUN_00ea2720	0	8	00ea2720	CHIEF
80dab790f226e3ab	FUN_00ea2d20	0	3	00ea2d20	BanditCampPath1
925072f2b67e7885	FUN_00ea4980	0	7	00ea4980	TEXT_QST_042_LOSTTRADER_ANYBODY
1a19ac5c66bbf2db	FUN_00ea4bb0	0	7	00ea4bb0	TEXT_QST_042_LOSTTRADER_CAN_HEAR
115fa0175b295005	FUN_00ea4de0	0	7	00ea4de0	TEXT_QST_042_LOSTTRADER_BANTER
850c0ab0bc9c2473	FUN_00ea5690	0	13	00ea5690	CREATURE_BANDIT_ARCHER_LEVEL3
96d95e565673d4ed	FUN_00ea7460	0	5	00ea7460	OBJECT_QUEST_CARD_LOST_TRADER
87826c9b70ba244f	FUN_00ea7b40	0	9	00ea7b40	EmptyGrave
72d40f32f7e97dca	FUN_00ea8130	0	9	00ea8130	CS_GET_SWORD_OF_AEONS_REDEEM
1a28220f4dc4edfe	FUN_00ea8830	0	10	00ea8830	GemsFoundProcess
1be56d5eb76e1230	FUN_00eac5b0	0	6	00eac5b0	And so I die... I failed you Rhod. I am 
d7bb3a493e52f7a3	FUN_00eacf00	0	6	00eacf00	Evenin' Hero.
de3f039e0c4cae15	FUN_00ead9f0	0	3	00ead9f0	MurderTwistBuriedGem
b312c053e4e15b88	FUN_00eadbb0	0	7	00eadbb0	Enough! I am beaten... here is the gem. 
e11416fbacc9eb32	FUN_00eaef30	0	1	00eaef30	BRAIN_MELEE_GUARD
0acfa67601c22dc0	FUN_00eaf1e0	0	8	00eaf1e0	TEXT_QST_B07_RUMBLED_10
1387e99ee524387a	FUN_00eaf810	0	19	00eaf810	BanditCampBoss
47368a7810280f58	FUN_00eb03a0	0	10	00eb03a0	OBJECT_HERO_BOOTS_BANDITCAMP
b93627be661aa849	FUN_00eb07d0	0	1	00eb07d0	SCRIPT_NAME_HERO
4752882c745a9fef	FUN_00eb0830	0	4	00eb0830	SCRIPT_NAME_HERO
d11f96fc4392b7ef	FUN_00eb10c0	0	3	00eb10c0	SCRIPT_NAME_HERO
6eb119d23a6b6392	FUN_00eb15c0	0	3	00eb15c0	SCRIPT_NAME_HERO
9881162f2dc02f0c	FUN_00eb19c0	0	3	00eb19c0	SCRIPT_NAME_HERO
e11416fbacc9eb32	FUN_00eb2140	0	1	00eb2140	BRAIN_MELEE_GUARD
2791f0c688d87721	FUN_00eb23e0	0	4	00eb23e0	SCRIPT_NAME_HERO
aaaf978dd90bc328	FUN_00eb2900	0	3	00eb2900	SCRIPT_NAME_HERO
b8c92eb3a0ce4c6e	FUN_00eb2dc0	0	3	00eb2dc0	SCRIPT_NAME_HERO
2dc3ba1dd6083b90	FUN_00eb3280	0	3	00eb3280	SCRIPT_NAME_HERO
2ee017a188d58d4a	FUN_00eb3740	0	3	00eb3740	SCRIPT_NAME_HERO
539b16c4b0319c62	FUN_00eb3d10	0	2	00eb3d10	OakBay
c7e7601174efc759	FUN_00eb40c0	0	5	00eb40c0	SCRIPT_NAME_HERO
276873d5c63b0bd0	FUN_00eb4760	0	14	00eb4760	OakBay
280c595f4f24af89	FUN_00eb4f80	0	3	00eb4f80	SCRIPT_NAME_HERO
80d9cb1bf1b3b482	FUN_00eb5750	0	3	00eb5750	SCRIPT_NAME_HERO
4855d22ac7c1f8a6	FUN_00eb5d50	0	3	00eb5d50	SCRIPT_NAME_HERO
d1ca81d1922ef447	FUN_00eb6d70	0	8	00eb6d70	DoMission
88ef002adade03a7	FUN_00eb70f0	0	3	00eb70f0	BowerstoneJail
bd0f1ace7f39c24f	FUN_00eb7370	0	4	00eb7370	LadyGrey
a062b20833a4a1eb	FUN_00eb75f0	0	7	00eb75f0	BowerstonePosh
a000a145dbc7d0cb	FUN_00eb8900	0	8	00eb8900	OakvaleMemorialGarden
2af3ed070e7845ae	FUN_00eb94a0	0	5	00eb94a0	MonitorThunderHeroDuel
e44cd5ac97256b7d	FUN_00ebe620	0	4	00ebe620	SCRIPT_NAME_HERO
5f61b2d7bdf7c1d7	FUN_00ebf1e0	0	4	00ebf1e0	BowerstonePosh
69cea0fcc563cb62	FUN_00ebfc10	0	3	00ebfc10	OakBay
ad5427d3419ba75a	FUN_00ec0ba0	0	4	00ec0ba0	M_SecretWhisperLookAtPos
80cebf01df084f88	FUN_00ec1910	0	6	00ec1910	HighDetailPopulationSim
0276dc131a60168e	FUN_00ec1ef0	0	3	00ec1ef0	PopulationVillageEvil
c881d847a8de8d7b	FUN_00ec2240	0	5	00ec2240	Fisherman
434d168062371f8a	FUN_00ec2520	0	12	00ec2520	Darkwood1
dd3e67431191982f	FUN_00ec3130	0	11	00ec3130	CREATURE_TRADER_01
1b453677c43201d1	FUN_00ec3230	0	1	00ec3230	CREATURE_BS_GUARD
2a81320e752956c7	FUN_00ec32f0	0	7	00ec32f0	CREATURE_BANDIT_ARCHER_LEVEL1
57b4d52cbefc4415	FUN_00ec3ad0	0	2	00ec3ad0	CREATURE_BANDIT_GRUNT_LEVEL
395a863fc7b70bb2	FUN_00ec42f0	0	3	00ec42f0	CREATURE_ROCK_TROLL_START_STANDING
4eee3c2d4591b37d	FUN_00ec4a00	0	8	00ec4a00	CS_ROCKTROLL_EXHUME
72e71cc26fcef7cc	FUN_00ec5140	0	3	00ec5140	HUD_QUEST_ICON_ROCK_TROLL
041d19af23c550d2	FUN_00ece460	0	6	00ece460	$ARG1
7d53c8d90346955b	FUN_00ed0b10	0	6	00ed0b10	$ITEM
f3aecba804ae83e0	FUN_00ed10a0	0	7	00ed10a0	ManWithDoorName
8a152ec811cacfc6	FUN_00ed14e0	0	7	00ed14e0	HUD_ORB_GREEN_SMALL
2ccbd16d38566775	FUN_00ed2a50	0	1	00ed2a50	Witchwood2
79b4903cae149092	FUN_00ed41d0	0	6	00ed41d0	StatueAltar
e277592a89799c83	FUN_00ed45a0	0	4	00ed45a0	SCRIPT_NAME_HERO
e49fb0ee673cf2a3	FUN_00ed4d20	0	8	00ed4d20	SwordCrowd
77cdce4e226bf001	FUN_00ed54d0	0	5	00ed54d0	OPINION_SOURCE_SWORD_IN_THE_STONE
2a6fb6e5b560e69c	FUN_00ed5830	0	9	00ed5830	CS_SWORDINSTONE_FAIL
90450c62227428d8	FUN_00ed7320	0	4	00ed7320	SCRIPT_NAME_HERO
4bc2a1e1382ffdfd	FUN_00ed7a40	0	2	00ed7a40	QS_ScytheInfo
1066f0decba43a9f	FUN_00ed8120	0	3	00ed8120	CREATURE_BOWERSTONE_BARD
1f0a7d6cc8a77fc9	FUN_00ed9790	0	2	00ed9790	SCRIPT_NAME_HERO
cdd4b77440c2036b	FUN_00ed9bb0	0	5	00ed9bb0	TEXT_QST_163_WEAR_APPRENTICE
9bc0816219f70c08	FUN_00ed9cf0	0	12	00ed9cf0	OBJECT_HERO_BOOTS_ARMOUR
a106961a6558813f	FUN_00eda0c0	0	12	00eda0c0	OBJECT_HERO_BOOTS_WILLROBE
14ae6bab2e7e32cb	FUN_00eda490	0	4	00eda490	OBJECT_HERO_BOOTS_APPRENTICE
032d5e8ec7cc8515	FUN_00eda5e0	0	9	00eda5e0	OBJECT_HERO_GLOVES_DRESS
2390c9e8f8822aeb	FUN_00eda8c0	0	3	00eda8c0	TEXT_QST_163_AGE_MEDIUM
fe50eda074f70591	FUN_00eda9b0	0	5	00eda9b0	TEXT_QST_163_MORAL_BAD
b266a47cf5d29881	FUN_00edaad0	0	3	00edaad0	TEXT_QST_163_RENOWN_LOTS
a33fcde8e1ecfe18	FUN_00edaba0	0	4	00edaba0	TEXT_QST_163_WED_BACHELOR
89087762855da0d9	FUN_00edb190	0	24	00edb190	DoMission
94cf0e591f93db84	FUN_00edbd80	0	2	00edbd80	BUILDING_CHAPEL_GOOD
170c08f8a9a1a906	FUN_00edc010	0	3	00edc010	M_SoundAltar
d065b6568fff6382	FUN_00edc450	0	3	00edc450	WatchForLeaving
e081a324bcd2dc77	FUN_00edc640	0	1	00edc640	Witchwood3
cc5ce84769b7b175	FUN_00edc720	0	4	00edc720	ParentClass.
1f0a7d6cc8a77fc9	FUN_00edc980	0	2	00edc980	SCRIPT_NAME_HERO
8534fb68620df2f0	FUN_00edcb80	0	4	00edcb80	M_SoundAltar
163f3f035f745f92	FUN_00edd060	0	2	00edd060	TOL_AcolyteGood
750ca67d23d5ca44	FUN_00edf3a0	0	6	00edf3a0	MK_TH_EXIT
e351f13d85fcf5b5	FUN_00edfa00	0	6	00edfa00	MK_TH_EXIT
864025622804e77e	FUN_00ee06b0	0	4	00ee06b0	FACTION_GUILD
2357e80fb67d4539	FUN_00ee07e0	0	4	00ee07e0	FACTION_GUILD
acb2d0eeaec6f0f4	FUN_00ee0a20	0	2	00ee0a20	CREATURE_RIVAL_HERO_WHISPER
3f6dae8aef1c3d30	FUN_00ee1500	0	9	00ee1500	BarrierFX_Here
53509eee4d338102	FUN_00ee1e40	0	4	00ee1e40	CREATURE_RIVAL_HERO_MAZE
467759abc2f6c3cb	FUN_00ee2490	0	10	00ee2490	$LINE1
6fb7131481c07131	FUN_00ee2a80	0	2	00ee2a80	Thunder
e1d8401fa647f382	FUN_00ee2db0	0	4	00ee2db0	RIVAL
1635cf67abaf9216	FUN_00ee3140	0	6	00ee3140	CS_TRAVHERO_WHISPERLEAVE
275a5ab00a98418b	FUN_00ee36a0	0	7	00ee36a0	CS_SNOWTROLL_INTRO
9721f428306c66c9	FUN_00ee3ee0	0	2	00ee3ee0	CS_TRAVHERO_ROSEQUEST
b95d23e9407ce343	FUN_00ee4a70	0	2	00ee4a70	TourGuideGuide
f6921f47e0a502bf	FUN_00ee4dd0	0	5	00ee4dd0	M_TG_ClosingTimeExit
b18f90f1027f68be	FUN_00ee6a40	0	3	00ee6a40	HeroGuildComplexInside
3c359c8784882369	FUN_00ee6d60	0	2	00ee6d60	TEXT_QUEST_FIND_TROPHY_DEALER_OBJECTIVE_
f310f80c207c9c66	FUN_00ee71a0	0	4	00ee71a0	HERO_GUILD_TELEPORT_MARKER
d1d91b356e010110	FUN_00ee76f0	0	4	00ee76f0	CS_TROPHY_DEALER
8ce07c31eb86781a	FUN_00ee7a20	0	10	00ee7a20	CS_TROPHY_DEALER_DOOR_OPENS
2cf7b413eaffa7cd	FUN_00ee8390	0	9	00ee8390	CS_OAKVALE_REVISITED
ac2f1a45571973ef	FUN_00ee8870	0	4	00ee8870	FirePoints
eb4785888aa287e7	FUN_00ee95c0	0	8	00ee95c0	GlobalFishingCamera1
477dc68cf2b24435	FUN_00eea460	0	1	00eea460	FollowThread
918e762526b99ac4	FUN_00eea7c0	0	4	00eea7c0	OBJECT_SPADE
2e3cb1e0441db312	FUN_00eeaef0	0	3	00eeaef0	EXPRESSION_PICKPOCKET
589b0add8fcaf8a2	FUN_00eeb7b0	0	2	00eeb7b0	EXPRESSION_PICKLOCK
6ddf26f48e00744e	FUN_00eebdf0	0	2	00eebdf0	EXPRESSION_STEAL
10eec1cb4082a454	FUN_00eec410	0	1	00eec410	OBJECT_CHEST_REWARD_ON_DEATH
b8b0632acf37a0fb	FUN_00eec890	0	1	00eec890	CHEST_OPEN_FAIL
b1d6ac5c9ad34d20	FUN_00eed6b0	0	2	00eed6b0	SCRIPT_NAME_HERO
b93627be661aa849	FUN_00eed8b0	0	1	00eed8b0	SCRIPT_NAME_HERO
444afbe0fcaac4b3	FUN_00eeea90	0	4	00eeea90	Empty
813cf3dba3de2760	FUN_00eeed20	0	3	00eeed20	TestForLampOn
692c0b90f0fe463c	FUN_00ef0090	0	37	00ef0090	ArcherMan
32243164d2af0835	FUN_00ef12f0	0	2	00ef12f0	CREATURE_BS_VILLAGER_MALE
d97c80a05e306e6e	FUN_00ef1690	0	7	00ef1690	Now you're not!
6f282b9f7f4f06f6	FUN_00ef1e10	0	3	00ef1e10	SCRIPT_NAME_HERO
1298567671928d60	FUN_00ef2290	0	2	00ef2290	LovelyBigSword
c6c2a179cc376818	FUN_00ef25e0	0	2	00ef25e0	SCRIPT_NAME_HERO
b93627be661aa849	FUN_00ef29e0	0	1	00ef29e0	SCRIPT_NAME_HERO
f7ef9cd1503eef62	FUN_00ef2ba0	0	5	00ef2ba0	Hero's carrying the scrumpy crate!
b93627be661aa849	FUN_00ef3200	0	1	00ef3200	SCRIPT_NAME_HERO
a99f423af05ebce8	FUN_00ef34a0	0	2	00ef34a0	Marker1
4f5237c660aa69d4	FUN_00ef3aa0	0	2	00ef3aa0	InMap1
0e4520c5b4b32637	FUN_00ef45b0	0	2	00ef45b0	He's gone out now.
fceb2ea59823c6bb	FUN_00ef49a0	0	2	00ef49a0	ScrumpyCrate
b99689ff7c4f8de7	FUN_00ef5200	0	4	00ef5200	 things, of types: 
d418a1a7a89c18c5	FUN_00ef54a0	0	3	00ef54a0	CrateDeathMarker
ae88e72bdb5ec469	FUN_00ef5cb0	0	5	00ef5cb0	OBJECT_HERO_NO_HAT
bc5c778ba28eac13	FUN_00ef7800	0	3	00ef7800	HeroGuideDude
46d86af74222179f	FUN_00efbe20	0	1	00efbe20	OBJECT_GUILD_SEAL_1
261b7df3f9a1fa77	FUN_00efc300	0	2	00efc300	MarkerToFace
919356c1acb6de40	FUN_00efc500	0	3	00efc500	DEMON
f388a85fda170700	FUN_00efd740	0	3	00efd740	 is a friendly gift
b93627be661aa849	FUN_00efe8d0	0	1	00efe8d0	SCRIPT_NAME_HERO
ca652e0489703659	FUN_00efeb60	0	3	00efeb60	CREATURE_BALVERINE_01
91b500578b848943	FUN_00eff1c0	0	14	00eff1c0	OBJECT_QUEST_CARD_ARENA
540d844226a99831	FUN_00f00ae0	0	3	00f00ae0	CREATURE_SS_ORACLE_GAMES_MASTER
2a209d1caf7c3346	FUN_00f00c90	0	4	00f00c90	BRAIN_PASSIVE_OVERRIDE
435966dad58566a7	FUN_00f01480	0	3	00f01480	
ff12cf63dd45bdbb	FUN_00f018b0	0	4	00f018b0	DoMission
d6bfae3b00e623ce	FUN_00f01eb0	0	4	00f01eb0	ArenaHallOfHeroes
c10d8a0225379c9d	FUN_00f02030	0	1	00f02030	ArenaHallOfHeroes
c10d8a0225379c9d	FUN_00f02170	0	1	00f02170	ArenaHallOfHeroes
a260dc104f36534c	FUN_00f02210	0	4	00f02210	ARENA_HOH_INTRO
8eaa124f180cb4dd	FUN_00f024c0	0	34	00f024c0	AT_BanditAlly
4cd324459d2b2e03	FUN_00f03980	0	3	00f03980	M_AT_ConvoyExitCSTrigger
eaca5b80c640f846	FUN_00f04000	0	2	00f04000	REGION_EXIT_POINT
49b027e7438a1bed	FUN_00f045e0	0	3	00f045e0	AT_ConvoySpy
2967b5b9ad8ec566	FUN_00f04cc0	0	3	00f04cc0	AT_ConvoySpy
2967b5b9ad8ec566	FUN_00f051d0	0	3	00f051d0	AT_ConvoySpy
06b6c8a5ab622922	FUN_00f058d0	0	3	00f058d0	BowerstoneJail
cb5a29b13466b15d	FUN_00f05a10	0	5	00f05a10	AT_BanditAlly
102c7534fc4adf0b	FUN_00f060d0	0	1	00f060d0	AT_ConvoyMember
1f0a7d6cc8a77fc9	FUN_00f061e0	0	2	00f061e0	SCRIPT_NAME_HERO
7203c7fe7c3f8e04	FUN_00f07a80	0	2	00f07a80	HUD_QUEST_ICON_BANDIT
7422772517ec3d39	FUN_00f07b80	0	3	00f07b80	M_AT_EntitySpeech
f1f6270aea4c313b	FUN_00f07ed0	0	6	00f07ed0	TEXT_OBJECT_HERO_ANSWER_NO
648f58ef41b5fb4c	FUN_00f081e0	0	4	00f081e0	TEXT_QST_003_BANDIT_HIRE_CONFIRM
e0bebcc714f69183	FUN_00f083a0	0	3	00f083a0	ParentClass.
1f0a7d6cc8a77fc9	FUN_00f08590	0	2	00f08590	SCRIPT_NAME_HERO
0a1976d93512b967	FUN_00f088e0	0	5	00f088e0	CREATURE_BS_GUARD
e0bebcc714f69183	FUN_00f08a30	0	3	00f08a30	ParentClass.
5514fecd80bef860	FUN_00f08c30	0	5	00f08c30	CREATURE_TRADER_01
1f0a7d6cc8a77fc9	FUN_00f09260	0	2	00f09260	SCRIPT_NAME_HERO
e0bebcc714f69183	FUN_00f09420	0	3	00f09420	ParentClass.
e0bebcc714f69183	FUN_00f09530	0	3	00f09530	ParentClass.
3e8854024bc29087	FUN_00f09640	0	4	00f09640	ParentClass.
1f0a7d6cc8a77fc9	FUN_00f09950	0	2	00f09950	SCRIPT_NAME_HERO
19002b552e5cdd6f	FUN_00f09cd0	0	9	00f09cd0	AT_BanditAlly
e62a45b76589ee10	FUN_00f0a470	0	6	00f0a470	AT_ConvoySpy
a3a7f47e4651d2d2	FUN_00f0b130	0	15	00f0b130	AT_BanditAlly
d306b92bf1fd67bd	FUN_00f0b780	0	1	00f0b780	DesertedFarm
06b6c8a5ab622922	FUN_00f0b890	0	3	00f0b890	BowerstoneJail
6ead96243296b836	FUN_00f0bb10	0	4	00f0bb10	CS_GIBBETHILL_AMBUSH_INTRO
f5ab5e70d99e4b01	FUN_00f0c140	0	12	00f0c140	BowerstoneJail
bfcda8e21dbb105e	FUN_00f0caa0	0	10	00f0caa0	AT_ConvoyMember
7422772517ec3d39	FUN_00f0ef60	0	3	00f0ef60	M_AT_EntitySpeech
e206448e7be2ab75	FUN_00f0f680	0	6	00f0f680	BowerstonePosh
e4628bd6337b55bc	FUN_00f0f910	0	5	00f0f910	AT_Phase3Archer
4711f27e4a29734d	FUN_00f14300	0	2	00f14300	ArenaExtEntrance
92ab4b8be701a006	FUN_00f14770	0	3	00f14770	FACTION_HERO
3801a2b2a0595019	FUN_00f1a990	0	10	00f1a990	ArenaSpawn
4f1e29b4586b6f87	FUN_00f1b220	0	2	00f1b220	ArenaSpawn
a70d3a6d89e4bc32	FUN_00f1b690	0	1	00f1b690	SUMMON_ARENA
065e6237194b3c0d	FUN_00f1ec70	0	10	00f1ec70	AudienceMember
eb177aef3d6af7d1	FUN_00f1eed0	0	17	00f1eed0	ARENA_SpawnPoint
49c7980d3813deea	FUN_00f21300	0	16	00f21300	TEXT_QST_005_V2_ARENA_KEEPER_POST_ROUND1
edcdc48189b726c7	FUN_00f21590	0	10	00f21590	An error
ee8ad9328d53f311	FUN_00f25840	0	9	00f25840	ARENA_APPLAUSE_BIG_LOOP
2941e98a1fea589c	FUN_00f2a0f0	0	3	00f2a0f0	CCutsceneDef
8784ec426a4c5df9	FUN_00f3b640	0	3	00f3b640	
8784ec426a4c5df9	FUN_00f3ba70	0	3	00f3ba70	
8784ec426a4c5df9	FUN_00f3bdd0	0	3	00f3bdd0	
8784ec426a4c5df9	FUN_00f3c990	0	3	00f3c990	
8784ec426a4c5df9	FUN_00f3d320	0	3	00f3d320	
8784ec426a4c5df9	FUN_00f3d980	0	3	00f3d980	
8784ec426a4c5df9	FUN_00f3e6b0	0	3	00f3e6b0	
8784ec426a4c5df9	FUN_00f3ea50	0	3	00f3ea50	
