# forge-autoname tranche 3 (wf_935a4f1c-69b, 2026-07-21)
00c89cb0	SearchValue_WithBorrow	[forge-autoname3 conf=medium] Performs 64-bit comparison with carry/borrow; complex control flow (returns -1/-2/-128) suggests search or validation role, not pure subtraction
00c6ed70	SSE_MatrixMultiplyShort	[forge-autoname3 conf=medium] pmulhw/paddsw on 16-element arrays, 8-lane accumulation, clear SSE DSP pattern
00c6fc80	SSE_MatrixMultiplyLonglong	[forge-autoname3 conf=medium] pmulhw/paddsw on 64-bit values, 4-lane processing per iteration, DSP matrix operation
009f7dc0	OnPostSwapScreens_UpdateNUIListCount	[forge-autoname3 conf=medium] Caller OnPostSwapScreens confirmed; iterates std::map, counts NUISystem::CList items, updates offset -0x20
00c5cf20	AudioBuffer_AdjustPlaybackPosition	[forge-autoname3 conf=medium] __thiscall, adjusts offset 0x14 (position), offset 0x1c (duration), resets on empty; audio semantics clear
00431471	TreeNode_AllocData	[forge-autoname3 conf=high] malloc(0x18), copies dwords to +0x10/+0x14; callers: std_set_insert, CTCCarryable_CloneTree
0045c4d2	TreeNode_AllocData	[forge-autoname3 conf=high] Identical pattern: malloc(0x18) + dword copy; caller: TreeNode_CloneDeep
0045c8a1	TreeNode_AllocData	[forge-autoname3 conf=high] malloc(0x18) + dword copy; callers: CTCCarryable_Clone_Tree, BinarySearchTree_InsertNode
0045d901	TreeNode_AllocData	[forge-autoname3 conf=high] malloc(0x18) + dword copy; caller: TreeNode_CloneDeep
0045de2f	TreeNode_AllocData_Byte	[forge-autoname3 conf=high] malloc(0x18), copies dword + undefined1 byte to +0x10/+0x14; byte field variant confirmed by cast pattern
0045e2b1	TreeNode_AllocData_Byte	[forge-autoname3 conf=high] malloc(0x18), copies dword + undefined1 byte; caller: TreeNode_CloneDeep
0045e797	TreeNode_AllocData_Byte	[forge-autoname3 conf=high] malloc(0x18), copies dword + undefined1 byte; caller: TreeNode_CloneDeep
0045f13d	TreeNode_AllocData	[forge-autoname3 conf=high] malloc(0x18) + dword copy; caller: TreeNode_CloneDeep
0046149e	TreeNode_AllocData	[forge-autoname3 conf=high] malloc(0x18) + dword copy; caller: TreeNode_CloneDeep
004615c3	TreeNode_AllocData	[forge-autoname3 conf=high] malloc(0x18) + dword copy; caller: Tree_Clone_Recursive
004622ec	TreeNode_AllocData	[forge-autoname3 conf=high] malloc(0x18) + dword copy; caller: TreeNode_CloneDeep
00462411	TreeNode_AllocData	[forge-autoname3 conf=high] malloc(0x18) + dword copy; caller: CTCCarryable_CloneDeep
004630e7	TreeNode_AllocData	[forge-autoname3 conf=high] malloc(0x18) + dword copy; caller: TreeNode_CloneDeep
004e4d19	TreeNode_AllocData	[forge-autoname3 conf=high] malloc(0x18) + dword copy; caller: Tree_CloneRecursive
004e4eca	TreeNode_AllocData	[forge-autoname3 conf=high] malloc(0x18) + dword copy; callers: TreeNode_Clone, CMemoryAllocatorVariableSize::InsertNode
004e4fef	TreeNode_AllocData	[forge-autoname3 conf=high] malloc(0x18) + dword copy; caller: Tree_CloneRecursive
004e55cf	TreeNode_AllocData	[forge-autoname3 conf=high] malloc(0x18) + dword copy; callers: Tree_CloneRecursive, CMemoryAllocatorVariableSize::InsertNode
004e597b	TreeNode_AllocData	[forge-autoname3 conf=high] malloc(0x18) + dword copy; caller: Tree_CloneRecursive
004e6210	TreeNode_AllocData	[forge-autoname3 conf=high] malloc(0x18) + dword copy; callers: Tree_CloneRecursive, std_set_insert_via_FUN
004e6623	TreeNode_AllocData	[forge-autoname3 conf=high] malloc(0x18) + dword copy; caller: Tree_CloneRecursive
004e6748	TreeNode_AllocData	[forge-autoname3 conf=high] malloc(0x18) + dword copy; caller: Tree_CloneRecursive
004e9ab1	TreeNode_AllocData	[forge-autoname3 conf=high] malloc(0x18) + dword copy; caller: Tree_CloneRecursive
004ec31c	TreeNode_AllocData	[forge-autoname3 conf=high] malloc(0x18) + dword copy; caller: Tree_CloneRecursive
00c6e1f0	SSE_MatrixMultiplyShort_NoVaryingScale	[forge-autoname3 conf=medium] pmulhw/paddsw with static param_4 scale; 8-lane fixed-multiplier accumulation; DSP matrix
00c6e790	DSP_AccumulateModulatedWaveform	[forge-autoname3 conf=medium] 32-iteration loop, reads short samples, applies per-sample scaling, accumulates into output
00c6e820	DSP_AccumulateUnsignedModulatedWaveform	[forge-autoname3 conf=medium] ushort samples with negation (iVar5 = -param_2[1]); 32-iteration modulated accumulation
00c6ecd0	SSE_MatrixMultiplyShort_NoVaryingScale	[forge-autoname3 conf=medium] Identical to 00c6e1f0; pmulhw/paddsw with static scale; 8-lane accumulation
00c6f730	SSE_MatrixMultiplyLonglong_NoVaryingScale	[forge-autoname3 conf=medium] pmulhw/paddsw on 64-bit values with static param_4; 2 samples per iteration; fixed-multiplier DSP
00c6fbb0	SSE_MatrixMultiplyLonglong_NoVaryingScale	[forge-autoname3 conf=medium] Identical to 00c6f730; 64-bit SSE with static scale
00c9ef70	Float10_NormalizeAbsValue	[forge-autoname3 conf=medium] Applies bitmask 0x7fffffff (abs), scales by global _DAT_012bf264, subtracts _DAT_012bf260; normalization, not generic abs
00cb26b0	ImeUi_SendCompositionEvents	[forge-autoname3 conf=high] Caller ImeUi_ProcessComposition; loops on counter, dispatches 0x100 then 0x101 (composition message codes)
00569c50	Transaction_InitializeVectors	[forge-autoname3 conf=high] Caller UpdateTransaction; initializes 4 vectors (indices 4-6, 7-9, 11-13, 14-16) via malloc(8); returns param_1
0057eff0	Allocate_ArrayElements	[forge-autoname3 conf=high] Generic array allocator (size * 0x18); CRT and 'Structures' not proven in callees/strings.
00681ba0	CParticleMorphs_TransferEntry	[forge-autoname3 conf=medium] CPersistContext::Transfer and CParticleMorphs types evident in callees; plausible entry transfer.
006e6990	BinaryTreeNode_FindClosestLessEqual	[forge-autoname3 conf=high] Classic BST lower-bound: compares *(iVar2 + 0x10) with *param_3, traverses left/right at 0xc/8.
006f2870	BinaryTree_CloneNodeRecursive	[forge-autoname3 conf=high] Recursive tree clone: malloc 0x20, copy parent at 4, recurse on child at 0xc, iterate siblings at 8.
00701fc0	BinaryTreeNode_FindClosestLessEqual	[forge-autoname3 conf=high] Identical to 006e6990: BST lower-bound with same offsets and traversal logic.
00711920	CAnimSet_IntrosortRecursive	[forge-autoname3 conf=high] Calls CAnimSet_InsertionSort and StableSortMerge_AnimSet; computes tree depth; hybrid sort dispatcher.
00743d40	NEntityEvents_CEventContainer_Destructor	[forge-autoname3 conf=high] Destructor: calls ~CBaseIntelligentPointer, list::remove_if, frees buffers, sets vtable.
0080c020	IntroSort_TargetPoint_Setup	[forge-autoname3 conf=medium] Generic introsort setup with CThingCompare_BestForTargeting2; TargetPoint context unclear.
0081e0f0	std_introsort_setup_SoundPair	[forge-autoname3 conf=medium] Introsort initialization: calculates tree depth, calls partitioning and make_heap for SoundPair.
008298f0	std_introsort_setup_SoundPair	[forge-autoname3 conf=medium] Identical to 0081e0f0; duplicate implementation for SoundPair introsort setup.
00868690	Health_ComputeWithEffects	[forge-autoname3 conf=medium] Accumulates damage from effects list; CThing not definitively proven; generic health calculation.
0086dd20	std_introsort_3way_SoundPair	[forge-autoname3 conf=medium] 3-way partition introsort: calls introsort_3way_partition and make_heap for SoundPair.
0086dd80	std_introsort_4way_NavigationPosition	[forge-autoname3 conf=medium] 4-way partition introsort: calls introsort_4way_partition, _Move, _Copy_impl; 0x10 element size.
008f9ca0	MusicTimer_CheckAndTrigger	[forge-autoname3 conf=medium] Checks float at 0x108, calls CMusicManager timeout; CThing class not proven, generic timer logic.
008fa9f0	LinkedList_ClearAndReinit	[forge-autoname3 conf=medium] Clears two linked lists and reinitializes nodes; PathFinder context not evident in code.
009f7250	CVsyncCallbackTimer_FlushPendingQueries	[forge-autoname3 conf=high] Drains two CVsyncCallbackTimer::CPendingQuery lists, invokes vtable methods, frees nodes.
00c25f00	Radius_ApplyModifiers	[forge-autoname3 conf=medium] Reads radius at offset 8, applies conditional modifiers at 0x38, multiplies by scale; CThing class unproven.
00c427d0	StreamReader_SearchByteInRange	[forge-autoname3 conf=medium] Reads byte from stream via vtable call, compares with *param_2; CStreamReader class unproven.
00c4de00	CAudioSoundBuffer_TransferPCMData	[forge-autoname3 conf=high] OpenAL API calls: alGetError, alGenBuffers, alBufferData, alDeleteBuffers; PCM transfer confirmed.
00c76560	StreamWriter_WriteWrapped	[forge-autoname3 conf=medium] Checks bounds at param_3[1], splits write across vtable calls; generic wrapping, class unproven.
00ca26c0	CurveInterpolation_ComputeSpline	[forge-autoname3 conf=medium] Complex spline fitting: calls LinearRegression_CalcSlope, Interpolate_ClampedLinear, 65-element arrays; pattern confirmed.
0042cde0	CompareAndCountAllocations	[forge-autoname3 conf=medium] Calls comparator and MemoryAllocator_CountAllocatedBlocks; binary search pattern evident but CBankFile class unproven in code.
0043f560	Vector_FreeElementPointers	[forge-autoname3 conf=high] Loop calling free on each dereferenced element; vector pointer cleanup pattern confirmed.
00451add	CList_Initialize	[forge-autoname3 conf=high] Initializes list: size=0, head/tail point to self; doubly-linked list initialization confirmed.
0045bcc1	CActiveFile_CopyRange	[forge-autoname3 conf=high] Conditional memmove and pointer advance; buffer range copy pattern confirmed.
00464aab	Vector_CopyRangeForward	[forge-autoname3 conf=high] Memmove-based range copy with advance logic; generic vector utility confirmed.
0046ed15	CActiveFile_AssignQuickAccessItems	[forge-autoname3 conf=high] Copies CQuickAccessItemButtonGuiDef vectors (0x50 size); GUI button assignment confirmed.
0046f06a	CActiveFile_AssignAbilityButtons	[forge-autoname3 conf=high] Copies CAbilityButtonGuiDef vectors (0x5c size); GUI ability button assignment confirmed.
004f930a	TreeNode_Allocate_24Byte	[forge-autoname3 conf=medium] malloc 0x18 (24 bytes), copies qword pair; generic tree node, 'Leaf' descriptor not definitive.
004f9934	TreeNode_AllocateInternal	[forge-autoname3 conf=medium] malloc 0x20, calls CopyConstructor; tree internal node, but 'WithCopy' is overly specific.
004f9a6e	TreeNode_Allocate_24Byte	[forge-autoname3 conf=medium] Identical to 004f930a (malloc 0x18, copy qword pair); duplicate, generic tree node allocation.
00566260	RBTreeNode_FindInorderSuccessor	[forge-autoname3 conf=high] Red-black tree successor: checks right child (0x8), follows left chain (0xc), handles nil.
005662b0	RBTreeNode_FindInorderSuccessor	[forge-autoname3 conf=high] Identical to 00566260; duplicate red-black tree successor traversal.
0059afab	AllocatorNode_Allocate_24Byte	[forge-autoname3 conf=medium] malloc 0x18, copies qword; generic allocator node, not specific to MemAllocator context.
0059b1be	CMemoryAllocatorVariableSize_InsertNode	[forge-autoname3 conf=high] Allocates node via FUN_0059afab, links as child, calls BalanceTree; tree insertion confirmed.
005b27d6	CompareAndCountNodes	[forge-autoname3 conf=medium] Calls comparator and AllocatorNodes_CountDistance; binary search pattern evident, CBankFile class unproven.
005ba3ac	AllocatorNode_Allocate_20Byte	[forge-autoname3 conf=medium] malloc 0x14 (20 bytes); generic allocator node, smaller variant, class context unclear.
005baf06	TreeNode_AllocateWithTag	[forge-autoname3 conf=medium] malloc 0x18, copies qword and byte tag; tree node allocation with tag confirmed, but class context unproven.
005f8c1f	TreeNode_Allocate_24Byte	[forge-autoname3 conf=medium] malloc 0x18, copies qword pair; generic tree leaf allocation, third duplicate instance.
005f8c41	BinaryTree_AllocateNode	[forge-autoname3 conf=medium] Caller is BinaryTree_InsertNode_Variant, allocates 0x18 bytes and copies two 4-byte values at +0x10/+0x14 offsets - exactly matches tree node allocation pattern
005f9495	Vector_CopyAndReallocate_UnsignedInt	[forge-autoname3 conf=medium] Called by Vector_PushElement_OrReallocate, uses _Uninit_copy on unsigned_int vector elements, malloc/free pattern matches vector reallocation
0060eeb0	CTCInventoryMap_BuildMapMenu	[forge-autoname3 conf=high] __thiscall on CManager param, called by OpenInventory/OpenPCMapMenu, extensive UI tree building with PC_WORLD_MAP, PC_TELEPORT_LIST, PC_DESCRIPTION_VIEWPORT strings and CreateMapMarkers/CreateMiniMapM
00658716	GetSchoolTimes_ConvertFloatToInt	[forge-autoname3 conf=medium] Called by GetSchoolTimes, calls __ftol2 for float-to-int conversion, but primary logic is time calculation not just display formatting
006622c0	CCombatAction_IsToCauseRecoilCommon	[forge-autoname3 conf=high] Called by CCombatAction_GenericStrikeResponseBase::IsToCauseRecoil and CCombatAction_GenericStrikeResponseKnockdown::IsToCauseRecoil, extracts recoil flag bits from object state
006ce570	CThingFilter_AllocateBufferForMatches	[forge-autoname3 conf=medium] Called by GetPBestThingInRoughArea with filter bindings, allocates buffer using malloc/memmove/free pattern for storing filtered results
006d7430	Combat_GetNextFlourishLevelAsFloat	[forge-autoname3 conf=medium] Called by GetNextFlourishLevel, calls __ftol2 and FUN_006dadd0, retrieves flourish level from vector index
006fd1e0	std_sort_Heapify_Recursive	[forge-autoname3 conf=medium] Called by std::make_heap_0xc_presort, recursive function calling FUN_006fbee0/FUN_006fcea0 implementing heapify operation
0070b1c0	Vector_Destructor_RandomAppearance	[forge-autoname3 conf=medium] Called by Vector_Reallocate_RandomAppearance, iterates and frees vector elements (0x14 byte stride) then frees vector buffer
00711b80	CAnimSet_SortAndOptimize	[forge-autoname3 conf=medium] Called by CalcInterpolatedMeshAnim, calls std::introsort_CAnimSet and FUN_00711920, sorts/optimizes animation data
007e3610	Def_GetDetailsForDisplay	[forge-autoname3 conf=medium] No callers so likely entry point, calls GetDefNameFromGlobalIndex/GetString/DoSizeof but evidence doesn't confirm it's specifically for 'Display' retrieval
007fa450	Things_InsertionSortByCompare	[forge-autoname3 conf=medium] No callers, calls Vector_InsertionSort and GetThingCompareMultiplier, sorts thing objects by comparison value
008295e0	CSoundPair_HeapifyDown	[forge-autoname3 conf=medium] Called by make_heap on CSoundPair, heapifies sound pair elements (3-element stride) downward in heap
0082fb90	CThing_CalculateMovementTiming	[forge-autoname3 conf=medium] __thiscall on int* (thing object), calls CDateAndTime constructor and FUN_0082f0d0/FUN_0082f930, computes movement timing
0083fb20	LHNetwork_BuildLoginRequestString	[forge-autoname3 conf=medium] Called by LHNetworkLib_RequestLoginWithCredentials, constructs string by calling FUN_0083f9b0 and std::string_InsertRange
00870530	CWorldDriver_FindClosestMeshVolume	[forge-autoname3 conf=medium] Called by HasDriver, loops searching for mesh volumes via CVectorMap_FindMeshVolume, returns when found
008ae5e0	CGameScriptInterface_AddRumourToCategoryEx	[forge-autoname3 conf=high] Called by CGameScriptInterface::AddNewRumourToCategory and AddGossip, reallocates vector and constructs new rumour string entry
008ae660	CGameScriptInterface_FindOrCreateRumourCategory	[forge-autoname3 conf=high] Called by CGameScriptInterface::AddRumourCategory and AddGossip, calls BinaryTree_Search and handles category insertion if not found
008ae810	CGameScriptInterface_AddGossipVillageEx	[forge-autoname3 conf=high] Called by CGameScriptInterface::AddGossipVillage and AddGossipVillages, reallocates village gossip vector with expansion
008fa120	Socket_ReceiveDataAndBuffer	[forge-autoname3 conf=medium] Called by Close/Socket_Constructor, initializes socket buffers, uses Vector_Insert and CString_FillRange
008fcf10	Script_GetCurrentStateGroupPriority	[forge-autoname3 conf=medium] Called by FindNextStateGroupToUse/IsReadyToRunStateGroupWithHigherScriptPriorityThan, no callees, retrieves priority value from script state
009ee910	CCharMap_InsertHelper	[forge-autoname3 conf=medium] Called by CCharMap::Insert, performs red-black tree rebalancing logic (node rotation handling)
00a355f0	Vector_SortAndDestruct_ComplexNumber	[forge-autoname3 conf=medium] Called by TransferToGui/OnInitialActivate, calls introsort and Vector_Destruct_Range, but 'SortAndDestructRange' is unnecessarily wordy
00a4fe60	CAnimatedMesh_LoadAndInitialize	[forge-autoname3 conf=high] Called by BuildSharedAnimation, extensive function loading animation from compressed file data with memory pool setup and bone mask handling
00a60c90	CBankFile_ParseHeader	[forge-autoname3 conf=medium] Called by CheckDependencies/CBankFile constructor, constructs CCharString and mallocs 0x34 bytes for header structure
00a6efd0	std_fill_Pair_WithComparison	[forge-autoname3 conf=medium] Called by _Destroy, performs ordered insertion using FastCompare for CCharString/dummy object pairs
00a6f070	std_fill_StringDummyObjectPair_Radial	[forge-autoname3 conf=medium] Called by fill/SetRadialBlurParams, ordered insertion for string-dummy pairs using FastCompare
00a703c0	std_copy_ComplexNumber_WithCleanup	[forge-autoname3 conf=medium] Called by _Copy_impl, copies complex number objects backward with reference counting cleanup
00a70540	std_partition_PairWithOrdering	[forge-autoname3 conf=medium] Called by _Destroy, partitions string-pair elements maintaining order by comparing key values
00a73240	Vector_ReserveLog2_ComplexNumber_Impl	[forge-autoname3 conf=high] Called by Vector_ReserveLog2_ComplexNumber, calls FUN_00a728f0 for each element, implements logarithmic reserve for complex numbers
00a732b0	Vector_ReserveLog2_StringPair_Impl	[forge-autoname3 conf=high] Called by Vector_ReserveLog2_StringPair, calls FUN_00a729b0 for each pair element, implements logarithmic reserve for string pairs
00a73530	Vector_Insert_ElementAt	[forge-autoname3 conf=high] Thiscall with vector container fields, CCharString constructors, refcounted pointer management at offset 0xc with increment
00a735a0	Vector_HeapifyPartial_SoundPair	[forge-autoname3 conf=medium] Fastcall quicksort partition + make_heap on SoundPair with log2-based recursion depth
00a73600	Vector_HeapifyLarge_SoundPair	[forge-autoname3 conf=medium] Similar to 00a735a0 but larger stride 0x38 for larger SoundPair variant
00a73910	Introsort_QuickPartition_Recursive	[forge-autoname3 conf=medium] Recursive quicksort with median-of-three pattern but CComplexNumber type not clearly proven
00a73a00	Vector_IntrosortDepth_StringPair	[forge-autoname3 conf=medium] Recursive introsort on std::pair<CCharString,CCharString> with _Med3 calls
00a74840	Vector_CopyRange_16ByteElements	[forge-autoname3 conf=high] Fastcall loops 16 bytes at a time copying 4 dwords per iteration
00a74a20	Vector_ConstructRanges_16ByteElements	[forge-autoname3 conf=medium] Fastcall allocates 3-element vector tuples sized by element count × 16 bytes
00a7d0e0	Vector_Find_LinearSearch	[forge-autoname3 conf=medium] Linear search through 16-byte-stride elements comparing 4 uint fields per iteration
00a7d570	SortedArray_InsertWithBackwardShift	[forge-autoname3 conf=medium] 4-element record insertion via backward shift, but BinaryHeap name is misleading
00a7d610	SortedArray_InsertNavigationPos	[forge-autoname3 conf=medium] Identical pattern to 00a7d570 but operates on CNavigationPosition; BinaryHeap label incorrect
00a7e930	Vector_CopyRange_16ByteElements_v2	[forge-autoname3 conf=high] Fastcall identical to 00a74840 copying 16-byte elements
00a7ea30	Vector_CopyRange_16ByteElements_v3	[forge-autoname3 conf=high] Fastcall third copy routine of 16-byte vector elements
00a7ff40	Vector_Erase_WithRefcounting	[forge-autoname3 conf=medium] Thiscall erases range with refcount decrement and destructor calls
00a80860	Vector_AssignFromRange_12ByteElements	[forge-autoname3 conf=medium] Thiscall assign divides by 0xc confirming 12-byte element size
00a80c20	Map_InsertNewNode	[forge-autoname3 conf=medium] Thiscall creates 0x18-byte node with key pair at +0x10, calls BalanceTree
00a80ce0	Map_InsertNewNode_IntKey	[forge-autoname3 conf=medium] Identical to 00a80c20 variant with int key instead of uint
00a81590	Vector_InsertN_PreallocatedElements	[forge-autoname3 conf=medium] Thiscall inserts N copies with memmove and malloc reallocation
00a81890	Vector_Insert_Copies_ENavigatorType	[forge-autoname3 conf=medium] Thiscall inserts N ENavigatorType copies with reallocation via FUN_00a80aa0
00a81a70	Map_FindInsertPosition_IntKey	[forge-autoname3 conf=medium] Thiscall tree traversal comparing int key at offset 0x10
00a82480	Vector_InsertN_16ByteElements	[forge-autoname3 conf=medium] Thiscall inserts N 16-byte records via malloc and copy
00a82ac0	Vector_AssignUninit_DestroyElements	[forge-autoname3 conf=medium] Fastcall loop calls std::list operator= on each element for destruction/reassignment
00a83ab0	Heap_AdjustDown_32ByteElements	[forge-autoname3 conf=medium] Fastcall recursive heapify-down on 32-byte elements with 8-byte key comparisons
00a83bc0	Heap_AdjustDown_16ByteElements	[forge-autoname3 conf=medium] Fastcall recursive heapify-down on 16-byte elements matching 00a83ab0 pattern
00a83d20	Vector_MakeHeap_InsertHeap	[forge-autoname3 conf=medium] Fastcall iterates vector (20-byte stride) calling FUN_00a834b0 on each element
00a847c0	HeapSort_BuildHeap_12ByteElements	[forge-autoname3 conf=medium] Fastcall recursive heap building on 0xc-byte elements
00a848c0	Vector_ForEach_ConstructList	[forge-autoname3 conf=medium] Fastcall iterates vector (4-element stride) malloc list and constructs from iterator
00a84c20	Vector_InsertN_MusicSetEntry	[forge-autoname3 conf=medium] Thiscall inserts N CMusicSetEntry objects with 0x10-byte allocation per element and refcount
00a85050	HeapSort_BuildHeap_16ByteElements_v2	[forge-autoname3 conf=medium] Fastcall recursive introspective sort on 0x10-byte elements
00a85b90	Vector_AssignCopy_NavQuadTreeLayer	[forge-autoname3 conf=medium] Thiscall assigns with CNavQuadTree layer copy via CopyAllLayers
00a85cc0	Vector_Assign_QuestPersistInfo	[forge-autoname3 conf=medium] Thiscall assigns quest persistence data with reallocation and move semantics
00a90fc0	ConvertVertexStream_AnimatedToFormat	[forge-autoname3 conf=medium] Fastcall initializes CVertexShaderInputAnimated and calls ConvertStream
00a91390	ConvertVertexStream_StaticToFormat	[forge-autoname3 conf=medium] Fastcall initializes CVertexShaderInputStatic (variant of animated version)
00a96b30	Vector_AssignCopy_AnimationKeyFrames	[forge-autoname3 conf=medium] Thiscall assigns camera key frames with 0x20-byte elements and move semantics
00a96c20	Vector_InsertN_8ByteElements	[forge-autoname3 conf=medium] Thiscall inserts N 8-byte records via malloc and copy
00a96f00	Vector_Assign_C3DTriangle2_Vertices	[forge-autoname3 conf=medium] Thiscall assigns C3DTriangle2 array with 6-byte elements and security cookie
00a97180	Vector_Assign_EConversationAttitude_Pairs	[forge-autoname3 conf=medium] Thiscall assigns conversation attitude pairs with 8-byte elements
00a97e40	Vector_Assign_CountedPointerEntity	[forge-autoname3 conf=medium] Thiscall assigns counted pointer pairs with refcount increment/decrement semantics
00a97f70	std::vector_InsertRange	[forge-autoname3 conf=high] Clear std::vector resize/insert with _Uninit_copy, _Copy_backward, _Fill_n on 8-byte elements
00aafe50	Vector_InsertAt	[forge-autoname3 conf=high] Thiscall vector insert with 0xc-byte element stride, malloc/free, element copying loops
00ab1f30	GetIntersection_CollectEntities	[forge-autoname3 conf=medium] Caller is GetIntersection; creates CCharString objects, OnDie callbacks, Vector_ReallocateAndInsert
00ab30a0	std::vector_AssignOther	[forge-autoname3 conf=high] Thiscall vector copy-assignment with _Move, _Uninit_copy, _Destroy_range, reallocation
00ab3b40	CVertexShaderInput_InsertElementAt	[forge-autoname3 conf=high] Thiscall CVertexShaderInput method; calls GenerateD3DDeclaration, FUN_00ab4540 for vector insert
00ab4260	std::vector_InsertFillN	[forge-autoname3 conf=high] Thiscall vector insert-fill; calls FUN_00ab3ff0 reallocation, uses _Fill_n and _Uninit_copy
00ab4540	std::vector_ReallocateAndInsert	[forge-autoname3 conf=high] Thiscall vector reallocation; _Destroy_range, _Uninit_copy, _Fill_n on CSpeechFrame elements
00ac4110	C3DGroup2_InsertVertexInline	[forge-autoname3 conf=high] Thiscall; calls C3DGroup2::_InsertVertexAt, wraps vector insert at capacity check
00ac7a90	NUISystem::CList_SetDefaultChildTreeWalk	[forge-autoname3 conf=medium] Thiscall CList method; tree traversal with SetDefaultChild calls, but not recursive (tail-walk pattern)
00ac8840	LTextTreeWalkThrough_BuildFromTree	[forge-autoname3 conf=high] Thiscall tree builder; TreeNode_CopyConstructor, std::map::find, BuildTreeArray, malloc/free
00ac8c80	COptimisedPrimitive_ComputeBoundingBox	[forge-autoname3 conf=high] Thiscall COptimisedPrimitive; GetFaceNormal, Vector_ProjectOntoPlane, min/max extent computation
00ac92c0	COptimisedPrimitive_ContractVertexPair	[forge-autoname3 conf=high] Thiscall COptimisedPrimitive with CVertexPairContraction param; ComputeOptimalVertexPlacement, ComputeSubContractionCost
00ad07f0	BTree_IterNext	[forge-autoname3 conf=high] Fastcall binary tree iterator; navigates child/parent offsets 0xc, 0x4, 0x8, standard pattern
00ad1800	BTree_IterNext_WithNullCheck	[forge-autoname3 conf=high] Fastcall tree iterator with null-check on first byte; distinct from 00ad07f0 by character check at offset 0
00ad1850	BinaryTree_IterNext	[forge-autoname3 conf=high] Fastcall; caller is BinaryTree_Insert; identical to 00ad1800 but caller context confirms binary tree iterator role
00ad1e80	CCountedPointer_MoveAssign	[forge-autoname3 conf=high] Thiscall refcount manipulation (increment lines 1449-1450, decrement 1463-1464); destructor on zero
00ad2580	BTree_FindLowestGreaterOrEqual	[forge-autoname3 conf=high] Thiscall binary-search tree lookup; compares *(uint*)(offset 0x10) with *param_3, tree navigation
00ad3d60	Vector_CopyConstructor_Element48	[forge-autoname3 conf=high] Thiscall copy constructor for 0x48-byte elements (line 1529: /0x48); backward initialization loop
00ad3e30	LTextTreeWalkThrough_AssignTree	[forge-autoname3 conf=high] Thiscall LTextTreeWalkThrough copy-assignment; calls BuildTreeArray, TreeNode_DeepCopyMedium
00ad4480	std_set_insert_uint_Deduplicate	[forge-autoname3 conf=high] Thiscall std::set insertion with binary-search tree; compares offset 0x10, calls std_set_insert_uint_with_refcount
00ad4720	std_map_insert_pair	[forge-autoname3 conf=high] Thiscall std::map pair insertion; compares *param_3 at offsets 0x10, 0x14; calls BTree_InsertPair
00ad4ca0	CMemoryAllocator_Erase	[forge-autoname3 conf=high] Thiscall erases variable-size block; calls CMemoryAllocatorVariableSize::Erase, handles refcount cleanup
00ad54f0	std::vector_InsertFillN_Element72	[forge-autoname3 conf=high] Thiscall vector insert-fill for 0x48-byte (72 decimal) elements; calls FUN_00ad4100 reallocation
00ad5f80	std::vector_InsertElementCopy	[forge-autoname3 conf=high] Thiscall vector reallocate-insert for 0x10-byte (16 decimal) elements; malloc, _Uninit_copy, _Ufill
00ad6140	LTextTreeWalkThrough_AssignTree_DeepCopy	[forge-autoname3 conf=high] Thiscall tree copy-assignment with deep copy; TreeNode_DestructWithRefcount, TreeNode_DeepCopyLarge
00ad6f10	Heap_Partition	[forge-autoname3 conf=high] Fastcall recursive heap-sort partition (line 1976); calls pivot FUN_00ad2af0, swap FUN_00ad5bc0, comparator param_5
00ad75f0	Vector_CopyConstructor_6Way	[forge-autoname3 conf=high] Fastcall vector copy for 6-element-group structures; loops with param_1+=6, 0x18-byte elements
00ad7e80	std::vector_InsertFillN_Element28	[forge-autoname3 conf=high] Thiscall insert-fill for 0x1c-byte (28 decimal) pair<CCharString,CCharString> elements; calls FUN_00ad7c70
00ad83d0	Vector_ReallocateElements_6Way	[forge-autoname3 conf=high] Thiscall reallocation for 0x18-byte (24 decimal) elements; calls FUN_00ad75f0, FUN_00ad76e0
00ad8ed0	VertexListMarkConnected	[forge-autoname3 conf=high] Fastcall marks vertices as connected (line 2213: marks with 1 if in edge list); calls VertexListInsertVertices
00adaa30	Insertion_ShiftAndInsert	[forge-autoname3 conf=high] Thiscall insertion-sort shift-right helper; shifts 3-element tuples backward (lines 2266-2276)
00adb740	std_set_insert_uint_triple_Deduplicate	[forge-autoname3 conf=high] Thiscall std::set insertion with triple elements; calls std_set_insert_uint_triple (lines 2398, 2406)
00adc440	Vector_CopyConstructor_6Way_List	[forge-autoname3 conf=high] Fastcall 6-way copy with nested lists; malloc, memmove, std::list_Copy (line 2453)
00adc650	Quicksort_Partition_Recursive	[forge-autoname3 conf=medium] Recursive partition of quicksort pattern confirmed (pivot selection, recursive call, size threshold check). However, the evidence does not prove the exact quicksort_partition pattern name - rename to 
00adca30	Vector_Reserve_Copy	[forge-autoname3 conf=medium] Thiscall vector resize with malloc/free, _Copy_impl for element copying, LTextTreeWalkThrough_DestroyRange for cleanup - evidence aligns with reserve/copy semantics
00adf460	CMovableResource::AllocateParticles	[forge-autoname3 conf=high] Thiscall CMovableResource evident in decompilation signature, calls AllocateResource and GetPointerFromHandle, stores pool at +0x13c and pointer at +0xc0 exactly as described
00adf610	CParticleSimulation::InitializeFromTemplate	[forge-autoname3 conf=high] Thiscall CParticleSimulation confirmed, copies arrays from source (offsets 0x1c-0x2c), calls AllocateArrays, bulk memcopy pattern evident
00ae18c0	WriteAnimationData	[forge-autoname3 conf=medium] Fastcall with New<C3DAnimationSequence>, reads from param_1+0x18, but the vtable call pattern is indirect. Narrower name avoids overstating sequence-specific certainty.
00ae3920	InsertFromVector	[forge-autoname3 conf=medium] Fastcall container insert with Container_Reserve, Vector_PushBackExpand, and map insertion pattern, but complex control flow and cleanup make confident class attribution risky
00ae61e0	Copy16ByteElements	[forge-autoname3 conf=medium] Fastcall memcopy loop with 16-byte stride (>> 4 shift), 4-dword structure copy pattern, no callees, simple element copy matches description
00ae6a20	Vector_MoveConstruct	[forge-autoname3 conf=medium] Thiscall with _Move and _Cons_val loop pattern confirmed, but complex type template signatures don't warrant class method claim; simpler utility name better fits actual evidence
00ae7be0	Quicksort_Partition_64Bit	[forge-autoname3 conf=medium] Recursive quicksort on 64-bit pairs confirmed (>> 3 shift for 8-byte stride, pivot at mid, size check), but the exact 64Bit element claim needs adjustment - rename to match actual stride evidence
00ae7ef0	FreeStringVector	[forge-autoname3 conf=medium] Fastcall iterates vector elements, frees pointers at +4 offset in 16-byte elements, then frees vector base - pattern matches string vector cleanup
00ae9a40	RefCount_Replace	[forge-autoname3 conf=medium] Thiscall with refcount operations (decrement old, check ==0, dtor call, delete, increment new), but 'CCountedPointer' class attribution in proposal cannot be fully verified from code structure alone
00aea440	Vector_InsertWithCount	[forge-autoname3 conf=medium] Thiscall vector insert with malloc capacity calc, _Uninit_copy, optional element fill when param_5==1, matches description
00aea530	IncRefCount_Range	[forge-autoname3 conf=medium] Fastcall loop incrementing refcount at +2 offset in 3-dword elements, calls FUN_00aea270 for each - but lacks 'Vector' qualification evidence from the code itself
00aea780	QuickSort_Partition_SoundPair	[forge-autoname3 conf=medium] Recursive quicksort for 3-int elements (0xc size), pivot at mid, calls swap, self-recursive - SoundPair is inferred but fits 3-int structure
00af2e70	TreeNode_InsertPosition	[forge-autoname3 conf=medium] Thiscall tree node insertion with backward loop on key comparison, entry shifts, CCharString copy, but 'Map_InsertBefore' overclaims structure visibility
00af39c0	Vector_PushBackEntry	[forge-autoname3 conf=medium] Thiscall checks capacity at +4/+8, calls expand if full, else constructs inplace with CCharString copy - PushBackEntry pattern confirmed
00af3aa0	QuickSort_IntroSort_16Byte	[forge-autoname3 conf=medium] Fastcall quicksort with 16-byte stride, _Med3 pivot selection, recursive self-call, heap sort fallback - but 'RecursivePartition' in original overclaims control flow visibility
00af4900	CParticleSystem::SerializeComponents	[forge-autoname3 conf=high] Thiscall CParticleSystem with CPersistContext confirmed, reads string keys (SystemName, Enabled, ScaleX/Y/Z, ScaleParticles), parses components via AddComponent - direct evidence strong
00af7460	Vector_InsertWithCount_24Byte	[forge-autoname3 conf=medium] Thiscall vector insert 24-byte elements (0x18 stride), malloc, CopyElements_6DwordStruct, _Uninit_fill_n for count fill matches description
00af78d0	Free3DwordVector	[forge-autoname3 conf=medium] Fastcall iterates 3-dword elements (>> 2 shift implicit in pointer arithmetic), frees at offset 0, then frees vector base - matches 3-dword cleanup pattern
00afe4b0	Vector_AllocateFromTemplate	[forge-autoname3 conf=medium] Fastcall loop allocates multiple vectors, each copies capacity from param_3, uses memmove to init from template - pattern confirmed
00afe7c0	Vector_ResizeArray	[forge-autoname3 conf=medium] Thiscall vector resize with capacity check at +4/+8, calls realloc function or in-place fill/copy - semantics match description
00b081a0	EventQueue_PushEvent	[forge-autoname3 conf=medium] Thiscall malloc 0x18, stores params, links into doubly-linked list at +0xb8, pops old entries if size > limit, but 'CEventQueue' class claim lacks direct evidence
00b202d0	Transform_VectorWithQuaternion	[forge-autoname3 conf=medium] Fastcall matrix/quaternion operation computing cross-product scaled vectors, calls Matrix_RotationAroundAxis and _CIacos, but '_TransformVectorWithQuaternion' name overclaims exact method identity
00b2e130	RBTree_FindSuccessor	[forge-autoname3 conf=medium] Fastcall tree traversal searching right-child for minimum (rightmost in left), returns in param_1[0] - successor search pattern confirmed
00b2e5e0	RBTree_FindNext	[forge-autoname3 conf=medium] Fastcall tree iteration checking node empty/leaf, finds successor via right subtree, updates param_1[0] - next-element pattern confirmed
00b2f130	RBTree_FindInsertPosition	[forge-autoname3 conf=medium] Thiscall tree search with binary tree navigation on key pairs, calls insertion helper - proposal adds function call name that is not confirmed in signature
00b389d0	Vector_InsertFill	[forge-autoname3 conf=medium] Thiscall vector insert inserts param_5 count of elements before position param_2, fills with param_3 value - proposal name exact but code shows generic pattern
00b38bb0	Vector_InsertWithCount_8Byte	[forge-autoname3 conf=medium] Thiscall vector insert 8-byte pairs (>> 3 shift), malloc, _Uninit_copy existing, fill/copy new, _Destroy_range cleanup - 8-byte stride confirmed
00b49df0	Vector_InsertFill_4Byte	[forge-autoname3 conf=medium] Thiscall vector insert 4-byte elements (>> 2 shift), memmove before insertion point, fill param_5 copies - proposal correct but redundant with 00b389d0 pattern
00b4a6c0	Perspective_TransformDepth	[forge-autoname3 conf=medium] Fastcall float operation with camera frustum computation using DAT_01436ea0 offsets, returns float10 - but exact method name 'DepthToScreenDepth' cannot be verified from parameters alone
00b52090	CEngineWeatherRenderer::IsPointInPrecipitation	[forge-autoname3 conf=high] Thiscall CEngineWeatherRenderer confirmed, calls GetBoxBoundingSphereRadiusSquared, loops 3 times checking distance < radius - signature and logic match
00b6c840	Vector_InsertFill_Pairs	[forge-autoname3 conf=medium] Thiscall inserts param_3 count of pair<float, enum> elements, uses _Fill_n, _Uninit_copy, _Copy_impl - pair insert pattern confirmed
00b7ffc0	Vector_PushBack_CActiveFile_14Elements	[forge-autoname3 conf=medium] Thiscall CActiveFile loops copying 14-element (0xe) chunks, calls OnReadFinished, updates linked list pointers - 14-element chunk size confirmed
00b80400	Vector_PushBack_CActiveFile_3Floats	[forge-autoname3 conf=medium] Thiscall CActiveFile copies 3-element (0x3) chunks as floats, calls OnReadFinished, updates vector bounds - 3-float pattern confirmed
00b83520	RBTree_LowerBound	[forge-autoname3 conf=medium] Thiscall tree search binary searching for key >= param_3, returns node in param_2 - lower_bound tree search pattern confirmed
00b83970	Vector_InsertWithCount_8Byte_v2	[forge-autoname3 conf=medium] Duplicate of 00b38bb0 pattern - inserts param_5 count of 8-byte elements with _Uninit_copy, _Uninit_fill_n, but 'v2' suffix lacks evidence of actual difference
00b85240	BinarySearch_Lower	[forge-autoname3 conf=medium] Fastcall binary search with 8-byte stride (>> 3), uses < comparison - lower bound search confirmed
00b85280	BinarySearch_LowerOrEqual	[forge-autoname3 conf=medium] Fastcall binary search with 8-byte stride (>> 3), uses <= comparison - lower-or-equal pattern confirmed
00b85660	RotateElements_CNavigationPosition	[forge-autoname3 conf=medium] Fastcall std algorithm rotating 8-byte CNavigationPosition elements via GCD cycles, swaps 4-byte chunks - rotation algorithm pattern confirmed
00b858d0	std_introsort_merge	[forge-autoname3 conf=high] Calls _Merge in loop with shifting ranges; clearly a merge phase implementation
00b86140	std_introsort_binary_search	[forge-autoname3 conf=high] Recursive binary search with param division; matches caller std_introsort_recursive
00b86260	std_introsort_heapsort_phase	[forge-autoname3 conf=high] Exponential growth loop (iVar1*=4); heapsort phase signature matches
00b862c0	std_introsort_merge_operation	[forge-autoname3 conf=medium] Is a merge-based operation, not binary search; 'merge' is primary role not 'binary_search'
00b93290	engine_enumerate_scene_grid_primitives	[forge-autoname3 conf=medium] Is a wrapper calling EnumeratePrimitives; class not definitively proven from code
00b94a80	NHeroInformationScreens::CBase::Init	[forge-autoname3 conf=high] Calls CBase constructor, initializes vtable and members; class method signature confirmed
00b95570	std_tree_node_successor	[forge-autoname3 conf=high] Red-black tree successor pattern; right child walk with parent chain traversal
00b95b20	std_tree_node_successor	[forge-autoname3 conf=high] Identical duplicate of 00b95570; standard successor implementation
00b95b70	std_tree_node_successor	[forge-autoname3 conf=high] Identical duplicate of 00b95570; standard successor implementation
00b96020	std_tree_node_successor_string	[forge-autoname3 conf=high] Successor with char* sentinel null-byte check; string-keyed tree variant
00b96070	std_tree_node_successor_string	[forge-autoname3 conf=high] Identical duplicate of 00b96020; string tree successor
00b960c0	std_tree_node_successor_string	[forge-autoname3 conf=high] Identical duplicate of 00b96020; string tree successor
00b96e40	std_set_insert_int_array	[forge-autoname3 conf=high] Calls std_set_insert_int_array helper; BST insertion wrapper for int-array-keyed set
00b96fe0	std_set_insert_int_with_refcount	[forge-autoname3 conf=high] Calls std_set_insert_int_with_refcount; BST insertion wrapper for refcounted int set
00b97250	std_vector_insert_fill	[forge-autoname3 conf=high] Resize with fill value; memmove and std::fill; classic vector insert
00b984a0	std_set_insert_int_call_helper	[forge-autoname3 conf=high] BST insertion calling std_set_insert_int_call_helper; matches pattern of other set insertions
00b99860	engine_copy_global_transform_to_array	[forge-autoname3 conf=medium] Copies from global DAT_01436ea0; no class-specific logic; generic transform copy not primitive-manager-specific
00baa460	engine_get_clamped_z_coordinate	[forge-autoname3 conf=medium] Clamps Z using global camera bounds; generic clamping operation, not necessarily sprite-specific
00bac720	std_vector_insert_range_at	[forge-autoname3 conf=high] Malloc, memmove-based insertion with range; classic vector insert at position
00bac800	std_vector_insert_fill	[forge-autoname3 conf=high] Identical to 00b97250; thiscall variant of fill insert
00bb9fd0	std_vector_initialize_with_fill	[forge-autoname3 conf=high] Initializes vector with fill value; malloc loop copying value
00bbd7b0	std_vector_erase_range	[forge-autoname3 conf=high] Erase by tail copy-back; updates end pointer
00bbd950	std_vector_insert_fill_complex	[forge-autoname3 conf=high] Complex insert with reallocation, _Fill_n, _Uninit_copy; handles both growth cases
00bc5e90	std_vector_reserve_with_copy	[forge-autoname3 conf=high] Reserves capacity with malloc; calls _Uninit_copy for element transfer
00bcbf20	std_vector_erase_range_stride	[forge-autoname3 conf=high] Erases with 16-byte stride; element-by-element tail copy
00bcc080	std_vector_insert_fill_stride	[forge-autoname3 conf=high] Insert with 16-byte stride; malloc and fill loop
00bd7df0	std_tree_node_successor	[forge-autoname3 conf=high] Identical red-black tree successor to 00b95570; 4th duplicate
00bd7e30	std_tree_node_successor_string	[forge-autoname3 conf=high] Identical string tree successor to 00b96020; 4th duplicate
00bd8c00	std_set_insert_uint_call_helper	[forge-autoname3 conf=high] Calls std_set_insert_uint_call_helper; BST insertion wrapper for uint set
00bd8d00	LTextTreeWalkThrough_Assign	[forge-autoname3 conf=high] Returns LTextTreeWalkThrough*; calls BuildTreeArray and NThingMap_CloneMapInfoTree; copy-assignment
00bda110	CLandscapeBackgroundPatch_InsertTexture	[forge-autoname3 conf=high] Inserts texture node; malloc 12-byte node with param_2; called by ClearTextures
00bdb670	std_vector_copy_stride	[forge-autoname3 conf=high] Copies with 16-byte stride; element-by-element loop
00bdfc00	std_vector_insert_range_at	[forge-autoname3 conf=high] Identical to 00bac720; malloc/memmove-based range insertion
00bdfe70	std_vector_insert_fill_stride	[forge-autoname3 conf=high] Insert with stride reallocation; _Copy_impl and fill operations
00be0930	std_set_find_int	[forge-autoname3 conf=high] Binary tree search navigating left/right on int comparison; called by IsBlockLoaded
00be0b20	predicate_tree_insert_node	[forge-autoname3 conf=medium] Inserts predicate node; malloc, Clone, BalanceTree; generic tree node insert not specifically 'And'
00beb660	CEnginePrimitive_ComputeFadeDistance	[forge-autoname3 conf=high] Returns float10; clamps distance using global camera Z bounds; fade distance calculation
00bed790	CNavigationPosition_CopyRange	[forge-autoname3 conf=high] Copies range with refcount decrement/increment; element destruction and construction
00bee320	std_vector_insert_sorted	[forge-autoname3 conf=high] Backward shift loop with sorted insertion; element assignment at correct position
00bee660	CArray_CopyConstruct	[forge-autoname3 conf=medium] Thiscall loop pattern, calls _Uninit_copy on CArray elements with malloc; implements copy construction
00beecd0	std_vector_destroy_with_callback	[forge-autoname3 conf=medium] Iterates container incrementing refcount and calling FUN_00bee8f0, not cleanup loop; name suggests deletion but code suggests element processing
00beef90	CCompositeSurfaceMap_Reallocate	[forge-autoname3 conf=medium] Thiscall vector reallocation: malloc, _Uninit_copy, _Uninit_fill_n on pair<uint64,CCountedPointer> elements, matches std vector resize pattern
00bef1d0	std_make_heap_build	[forge-autoname3 conf=medium] Recursive call to itself with param_4 countdown, complex comparison chain for heap ordering; not strictly a 'push' operation
00bef640	std_make_heap_build_array	[forge-autoname3 conf=medium] Loops on array pairs calling _Uninit_copy and FUN_00bef2b0; array-level heap construction, not specifically 'sift_down'
00bef830	CRandomAppearanceMorph_Reallocate	[forge-autoname3 conf=medium] Thiscall vector reallocation: divides by 0x1c size, malloc, calls FUN_00bee660 (copy construct), matches container resize
00befa20	std_make_heap_build_loop	[forge-autoname3 conf=medium] Recursive, divides by 0x38 and 0x1c, complex ordering; the description 'sift_loop' is vague; 'build_loop' better reflects recursive heap construction
00bf5db0	vector_insert_fill_at	[forge-autoname3 conf=medium] Thiscall, called from RenderForegroundWater, uses memmove and malloc for vector insertion with param_5 repeats; pattern matches vector insert fill
00c08940	CTCHero_OnBlockParrySuccess	[forge-autoname3 conf=high] Thiscall, calls CTCHeroExperience::AddSuccessfulBlockParry, FUN_00c14ad0, FUN_00c12140, FUN_00c104f0; block parry success handler confirmed
00c0ae70	ConstructString_SetCharMask	[forge-autoname3 conf=medium] Fastcall, operates on ushort arrays with bit shifts and mask operations (1<<index), sets/clears bits; character mask construction utility
00c0af20	NUISystem_CComponent_UpdateAnimation	[forge-autoname3 conf=medium] Fastcall iterates 0x10 times comparing floats, calls AnimationCurve_UpdateWithDelta and OnCreate; animation update but not specifically about curve
00c0b130	Graphics_ClampFloatParam	[forge-autoname3 conf=medium] Fastcall returns clamped float using _DAT_0123078c/0123088c globals; float clamping utility confirmed
00c0bc20	CCharString_ReverseFind	[forge-autoname3 conf=high] Thiscall, calls _mbsrchr on string data, returns -1 or offset from start; reverse find implementation confirmed
00c0c060	CCharString_SetData	[forge-autoname3 conf=high] Thiscall, validates m_pchData, copies param_2 bytes from param_3 using double-loop, sets length at offset-8; string data assignment confirmed
00c0c270	CCharString_InsertData	[forge-autoname3 conf=high] Thiscall, validates and increments refcount, calls CCharStringData_GetOffset, CCharStringData_ReleaseWithRefcount, inserts bytes; string insert confirmed
00c0c970	CCharString_SetCharAt	[forge-autoname3 conf=high] Thiscall, validates nIndex >= 0 and < length, calls RefcountedData_Copy, sets single char; character setter confirmed
00c0edf0	CCombatAbilityStrafeDef_Clone	[forge-autoname3 conf=high] Thiscall, initializes CCombatAbilityStrafeDef multiple times (lines 835, 842, 848, 852), creates RedblackTree nodes; clones strafe ability confirmed
00c14080	vector_insert_realloc_grow	[forge-autoname3 conf=medium] Thiscall vector method handles reallocation on insert, but operates on generic vector<float>; too generic to claim CDataBankEntry
00c14270	vector_insert_realloc_grow_variant	[forge-autoname3 conf=medium] Identical to 00c14080 but calls FUN_00c138f0; both are too generic without class specificity
00c14560	DetailCache_Cleanup	[forge-autoname3 conf=medium] Fastcall, not thiscall; cleans up cache via CloseStaticMap, calls FUN_00c14080; 'CDetailCacheLevel' name implies a class but no this pointer
00c14630	DetailCache_Cleanup_Variant	[forge-autoname3 conf=medium] Identical to 00c14560 but calls FUN_00c14270; fastcall not thiscall, generic cleanup function
00c16ce0	NScript_DeleteTrackNode	[forge-autoname3 conf=medium] Non-thiscall, constructs CSubPrimitiveList, calls FUN_00c2eb00, destroys pair; helper function but name over-specifies with 'Helper' suffix unnecessary
00c16e10	LHFileSegment_ReadMurderTwistData	[forge-autoname3 conf=medium] Reads 'LHFileSegmentBankInfo' string, calls NScript::CV_MurderTwistScript::Read twice (0x104 bytes each) then once for 4 bytes; file segment loading confirmed
00c17740	NScript_MurderTwist_CheckCondition	[forge-autoname3 conf=medium] Fastcall, validates param_1 not null, constructs CPredicate_And chain with CIsThingAlive; murder twist condition checking confirmed
00c18d50	Tree_PreorderTraverse	[forge-autoname3 conf=medium] Thiscall recursive, traverses tree via node[1] next pointer and param_1+0xc end marker, calls callback; preorder traversal confirmed
00c18d90	Tree_PreorderFind	[forge-autoname3 conf=medium] Thiscall recursive, traverses tree comparing param_4 counter to param_3, increments counter; tree search with index confirmed
00c18df0	Tree_PreorderCount	[forge-autoname3 conf=medium] Thiscall recursive, iterates tree nodes via next pointers to param_1+0xc, increments param_3 counter; node counting confirmed
00c1b340	CGameMap_AllocateTiles	[forge-autoname3 conf=medium] Thiscall, stores param_2 size, allocates 0x1c-sized chunks via operator_new; game map tile allocation confirmed
00c1b7d0	CGameMap_RemoveByKey	[forge-autoname3 conf=medium] Thiscall, searches RedblackTree (param_1[7-8]), removes node by param_2 key, calls FUN_00c1b560 rebalancer; tree node deletion confirmed
00c1b9c0	ByteToFloatScale	[forge-autoname3 conf=medium] Fastcall multiplies byte by global _DAT_0129f780; byte-to-float conversion utility confirmed
00c1ba40	WeaponClassToFloatScale	[forge-autoname3 conf=medium] Fastcall multiplies ushort by two globals _DAT_0125a678 and _DAT_012b3230; weapon class to float conversion confirmed
00c1c280	CPhysicalPrimitiveMesh_ComputeLighting	[forge-autoname3 conf=high] Thiscall, calls GetClosestPointToPos2D on three meshes, IsContainingPoint, IsTurningBody; mesh lighting computation confirmed
00c1d500	Jenkins_HashBuffer	[forge-autoname3 conf=high] Fastcall, implements Jenkins hash (0x9e3779b9 constants line 1661, XOR-rotate patterns lines 1670-1678); hash algorithm confirmed
00c1d820	CScriptModuleSelfTerminate_GetDurationMsec	[forge-autoname3 conf=medium] Fastcall, calls IsFinished, divides result by vtable method result; script duration calculation confirmed
00c1da30	MailboxQueue_DispatchMessage	[forge-autoname3 conf=high] Thiscall, calls PKCSemaphore_Wait, contains assertion string 'the queue is out of step with the mailbox handler'; message dispatch confirmed
00c1e990	CombatSequence_AlignDuration	[forge-autoname3 conf=medium] Thiscall, calls IsBoastSequence, aligns param_2 by dividing vtable method result; combat timing alignment confirmed
00c1eb30	NUISystem_CComponent_GrowBuffer	[forge-autoname3 conf=high] Thiscall, allocates (param_1[1] + param_2)*4 bytes via operator_new[], copies elements, deletes old; buffer growth confirmed
00c1ec70	Container_IterateAndCount	[forge-autoname3 conf=medium] Thiscall, loops container via vtable offset 0x14 (init), 0x28 (has_next), 0x20 (process), counts param_2 occurrences; element counting confirmed
00c1eee0	CAnimationSet_LoadAndUnsheatheWeapons	[forge-autoname3 conf=high] Thiscall, calls CAnimationSet_FindAnimation, CAnimationSet::BeginLoading, CCreatureAction_UnsheatheWeapons constructor, CIntelligentPointer; weapon unsheathhe confirmed
00c1efc0	CCreatureAction_UnsheatheWeapons::Create	[forge-autoname3 conf=high] Dispatch factory based on enum param_1; allocates CCreatureAction_UnsheatheWeapons objects via operator_new and calls constructor; clear factory pattern matching proposal
00c207a0	Thiscall_CheckEquipped	[forge-autoname3 conf=medium] Checks ushort at +0xac == 5 and returns bool, but cannot confirm it's a class method without clear thiscall evidence; called by CTCInventory::OnCreate suggests inventory context but not ownership
00c207c0	Thiscall_ValidateInventoryRange	[forge-autoname3 conf=medium] Validates ushort at 0xac: (1 < value < 5 or == 6); no clear class evidence, thiscall calling convention not explicit in code
00c20850	Thiscall_SetStateValue_2	[forge-autoname3 conf=medium] Thiscall setting ushort at 0xac = 2; vtable method call at offset 0x24; state pattern evident but class identity unconfirmed; 'SetRebootState' is speculative
00c20920	Thiscall_SetStateValue_1	[forge-autoname3 conf=medium] Thiscall setting ushort at 0xac = 1; vtable method at 0x20; parallel structure to 00c20850 but class is unclear
00c20950	Thiscall_WeaponSetupInitialize	[forge-autoname3 conf=high] Calls CWeaponDrawState::Initialize, CTCInventoryItem_SetEquipped, sets ushort at 0xac = 3; weapon action setup but class ownership not proven
00c20b00	Thiscall_WeaponDrawSetState	[forge-autoname3 conf=high] Calls CWeaponDrawState::Initialize, sets ushort at 0xac = 5; standalone handler but not clearly part of CWeaponDrawState class
00c20cb0	CDraw2DText::IsAlphaThresholdExceeded	[forge-autoname3 conf=high] Calls CDraw2DText_CalculateAlpha, compares to threshold, returns bool; evidence matches proposal exactly
00c20df0	Thiscall_ActionLightningStateHandler	[forge-autoname3 conf=medium] Thiscall on CActionSummonerLightningAttackTarget; calls OnActivate and checks param_1[0xb0] state; handler pattern evident but 'OnStateChange' specificity is unclear
00c21040	Thiscall_CombatActionDebugFormat	[forge-autoname3 conf=medium] Thiscall on CCombatActionBase with huge debug string formatting; switch on state enum; debug dump pattern confirmed but 'DebugDumpState' overreaches without evidence
00c213c0	Thiscall_CreatureOpinionUpdate	[forge-autoname3 conf=high] Thiscall on CCombatActionBase calling SetOpinionDeedMask repeatedly based on flags; opinion update confirmed but 'UpdateOpinionMask' not directly supported by evidence
00c25ce0	CInputEvent::CompareEvents	[forge-autoname3 conf=high] Fastcall comparing two input event structs; validates keys, timestamps, modifiers; structured comparison pattern matches proposal
00c25d50	CInputEvent::LessThanComparator	[forge-autoname3 conf=high] Fastcall returning bool for input event ordering; total order comparator with key and timestamp comparison; evidence supports proposal
00c25e20	Thiscall_ScaleArrayElement_0x11	[forge-autoname3 conf=medium] Sets float array[0x11]; constraint normalization likely but class/method ownership not confirmed
00c25e50	Thiscall_ScaleArrayElement_0x12	[forge-autoname3 conf=medium] Sets float array[0x12]; rotation normalization likely but class/method ownership not confirmed
00c262e0	Thiscall_ParticleTrailSetup	[forge-autoname3 conf=high] Thiscall initializing particle structure: copies world/region data, calls Lock, but calls to IncrementLifetimer not found in provided code; structure matches but initialization is incomplete descripti
00c27bf0	Thiscall_NavigatorAssign	[forge-autoname3 conf=high] Thiscall calls CTCPhysicsNavigator::EnableNavigator; stores ushort at +6; navigator state setup but 'SetNavigator' is overreach
00c27f80	CHandleBasedMemoryPool_MergeBlocks	[forge-autoname3 conf=high] Thiscall merging CHeader blocks, calls InsertFreeArea; memory pool defragmentation but exact method ownership not proven
00c28290	Thiscall_BlockAllocationShrink	[forge-autoname3 conf=high] Thiscall resizing allocated block; calls InsertFreeArea; shrinking operation evident but method name lacks confidence
00c28580	Thiscall_BlockDefragmentCopy	[forge-autoname3 conf=high] Thiscall calls FUN_00c28290 and InsertFreeArea, copies block data; defragmentation routine but method ownership not proven
00c2a270	CAsyncThreadLauncher::StartThread	[forge-autoname3 conf=high] Fastcall creating thread via CreateThread, stores handle at +0xc, Sleep delay; async thread launch pattern exact match
00c2a390	Thiscall_GraphicsCallbackEvaluate	[forge-autoname3 conf=medium] Thiscall checking conditions at 0xd0/0xcc, calls vtable callback; graphics evaluation but 'EvaluateCallback' specificity unclear
00c2d160	Fastcall_FindAnimationTriggers	[forge-autoname3 conf=high] Fastcall iterating CAnimFilterNoGroup; calls operator() and AddTrigger for matching animations; animation trigger finding confirmed but method class ownership unclear
00c2da20	CGuiWindowManager::LoadDrawEnvironment	[forge-autoname3 conf=high] Thiscall CGuiWindowManager; reads 'LiOnHeAd' magic, calls DrawGetEnvironment, GetPixelShader; graphics environment loading pattern exact match
00c2e7a0	Thiscall_AnimationEventTriggerProcess	[forge-autoname3 conf=high] Thiscall on CAnimationSet; checks for duplicate triggers, error logging; event trigger processing confirmed but method name specificity unproven
00c2ecd0	Std_IsSpecialFunctionName	[forge-autoname3 conf=medium] Fastcall checking if string ends with '_SUB' suffix; special symbol detection confirmed, no thiscall evidence
00c30f60	Fastcall_InventoryAudioWaveLoad	[forge-autoname3 conf=high] Fastcall processing 'LHAudioWaveData'; calls GetCanItemBeQuickAssigned; audio wave loading for inventory confirmed but namespace unproven
00c31a70	PKSerialiseCParser::ValidateWriter	[forge-autoname3 conf=high] Fastcall validating writer at param_1+4; error strings '.\PKSerialiseCParser.cpp' and 'Null writer' in code; validation pattern exact match
00c32950	PKCTRArray::ResizeAllocation	[forge-autoname3 conf=high] Thiscall resizing dynamic array; calls operator_new[], operator_delete[]; error string '.\PKCTRArray.cpp' in code; array resizing pattern exact match
00c34630	Thiscall_HeroExperienceBlockParry	[forge-autoname3 conf=high] Thiscall CTCHeroExperience; calls AddSuccessfulBlockParry multiple times; block/parry experience processing confirmed but method name not proven
00c347b0	Fastcall_WADSegmentDecompress	[forge-autoname3 conf=medium] Fastcall calling FUN_00c42850 and CWADFile::Close; WAD file decompression helper but 'DecompressSegment' specificity not directly evident
00c34d40	Thiscall_DynamicArrayGrow	[forge-autoname3 conf=high] Thiscall copying old array to new; calls operator_new[], operator_delete[]; array resizing confirmed but generic name needed without class proof
00c355e0	PKCThreadManager::InitializeThread	[forge-autoname3 conf=high] Thiscall initializing thread manager; calls CreateThread, SetThreadPriority; error string '.\PKCThreadManager.cpp' in code; initialization pattern exact match
00c35ec0	InvalidatePickupDisplay	[forge-autoname3 conf=medium] Calls CDrawAutoPickups::ClearPrimitivesIfNecessary multiple times based on flags; pickup invalidation confirmed but 'GUI_' prefix unproven
00c36290	Thiscall_ResourceMapEntryRemove	[forge-autoname3 conf=medium] Thiscall removing map entry; calls vtable method, destructs and deletes pair; entry removal confirmed but class ownership unproven
00c36590	Fastcall_ResourceMapClear	[forge-autoname3 conf=high] Fastcall iterating map via vtable; calls entry removal for each; map clearing confirmed but namespace ownership unclear
00c37130	Fastcall_ResourceMapDestructor	[forge-autoname3 conf=high] Fastcall freeing param_1[3]; calls Map_CheckEmpty and destructors; map cleanup confirmed but exact class unproven
00c377f0	Fastcall_PlayerActivityCheck	[forge-autoname3 conf=high] Fastcall on CPlayer; calls GetCurrentMode and vtable +0x70; timeout threshold check but 'UpdateActivityTimeout' not directly proven
00c37930	Fastcall_PlayerModeDeactivate	[forge-autoname3 conf=high] Fastcall on CPlayer; calls FUN_00c377f0 and GetCurrentMode; mode deactivation confirmed but method name specificity lacking
00c37ad0	Fastcall_CreatureOpinionApplyModifier	[forge-autoname3 conf=medium] Fastcall with complex memory access pattern for opinion modifier; creature relationship logic evident but specifics of opinion flag handling unclear
00c37b90	CPredicate_And_Destructor	[forge-autoname3 conf=medium] Thiscall calls destructor and operator_delete on CPredicate_And template - destructor cleanup pattern evident from callees and decomp
00c37da0	CTCActivationTrigger_DestroyPredicates	[forge-autoname3 conf=medium] Fastcall iterating a container (map-like) calling FUN_00c37b90 repeatedly for cleanup, but no evidence of 'PendingActions' - just predicate cleanup
00c38510	GetNormalizedAngleValue	[forge-autoname3 conf=medium] Fastcall returns float10; accesses offset +0xc (float) and +0x3c (char flag); wraps angle values based on global constants
00c38a40	CTCActivationReceptor_GetWeatherState	[forge-autoname3 conf=medium] Thiscall calls FUN_00c39830 and FUN_00c394b0 (likely weather getters); stores results at offsets but no evidence of 'TryGet' - appears to be direct getter
00c38d60	CTCActivationReceptorBase_HandleStateTransition	[forge-autoname3 conf=high] Thiscall on CTCActivationReceptorBase; large state machine with case 1-5; manages bird state, weather predicates, triggers - clearly a state transition handler
00c3b7a0	CGraphicsSystem_LoadShaderData	[forge-autoname3 conf=medium] Thiscall loops over parameter array elements; calls CShaderResource::LoadPixelShaderData and CMainGameComponent::BeginInputLoading
00c3b850	CShaderGroup_LoadAllShaders	[forge-autoname3 conf=medium] Thiscall calls CMainGameComponent::BeginInputLoading and CShaderResource::LoadPixelShaderData sequentially for 8 entries
00c3b970	CComplexShaderSet_LoadAllShaders	[forge-autoname3 conf=medium] Thiscall calls CMainGameComponent::BeginInputLoading and CShaderResource::LoadPixelShaderData for 14 entries in sequence
00c3bb50	CAudioBankSampleTable_Load	[forge-autoname3 conf=medium] Parses audio bank sample table; calls NScript::CV_MurderTwistScript::Read; error strings 'LHAudioBankSampleTable' present
00c3c750	CModeBlock_CreateAudioBuffer	[forge-autoname3 conf=medium] Fastcall checks DAT_0143bc2c + offsets; calls CModeBlock::GetAnimFilter and CAudioBuffer::Create
00c3cde0	ScreenEffect_EnqueueCombatAction	[forge-autoname3 conf=medium] Thiscall on CCombatAction; calls ScreenEffect_RemoveFromList then conditionally CCombatSequenceBase::PushAction
00c3d660	CParticleMorph_EnqueueCombatAction	[forge-autoname3 conf=medium] Thiscall; sets offset +0x48 to 0x80000000; calls ScreenEffect_RemoveFromList then PushAction at offset +0x44
00c3d6a0	CLandscapeBackgroundPatch_EnqueueAndClear	[forge-autoname3 conf=medium] Thiscall on CLandscapeBackgroundPatch; calls ClearTextures, ScreenEffect_RemoveFromList, then PushAction at +0x58 offset
00c3e760	CCombatRenderer_UpdateRenderState	[forge-autoname3 conf=medium] Fastcall checks multiple offset pointers (+0x180, +0x184, +0x58, +0x1d4) calling vtable functions; manages global state
00c3ec80	CTCHeroStats_InitializeAnimationGroup	[forge-autoname3 conf=medium] Thiscall on CTCHeroStats; calls CTCHeroStats::InformOfEvent; creates C3DGroup2 and C3DAnimationUtil; stores at offsets +0x180, +0x184
00c3f110	CCombatRenderer_SetRenderScale	[forge-autoname3 conf=medium] Thiscall; switch on param_2 (1,4,8) sets offset +0x1b8; updates +0x1bc and calls vtable methods
00c42dd0	CTCHeroStats_InitializeShadowRenderer	[forge-autoname3 conf=medium] Thiscall; calls CShadowRendererSceneData and CTCHeroStats::InformOfEvent; checks flag at +0x2000; manages shadow objects
00c43570	CCombatRenderState_SetStateValue	[forge-autoname3 conf=medium] Thiscall; masks and compares state at +0x10; calls CCombatSequenceManager_ProcessAction; calls vtable at +0xdc
00c43980	CCombatRenderState_OnActionComplete	[forge-autoname3 conf=medium] Thiscall; calls vtable at +0x50 with param_2, param_3; calls FUN_00c43570 on success - action completion handler
00c43a10	CDisplayManager_ProcessStateChange	[forge-autoname3 conf=medium] Thiscall on CDisplayManager; calls DestroyDevice and OnDelete; state machine with vtable calls at +0x50
00c43b30	CShaderConstantRange_ValidateAndLoad	[forge-autoname3 conf=medium] Complex validation function calling GetAnimFilter, ClearPrimitivesIfNecessary; checks filter state and shader constants
00c43d30	CShaderConstantRange_ShouldClearPrimitives	[forge-autoname3 conf=medium] Thiscall checks animation filter flags and primitives state; calls ClearPrimitivesIfNecessary
00c43e20	CExclusiveAssert_UpdateSelectedWeapon	[forge-autoname3 conf=medium] Thiscall on CExclusiveAssert; calls Thing_Cleanup, FUN_00c43d30, FUN_00c3c750; manages weapon at offset +0x78
00c44320	CircularQueue_DequeueNext	[forge-autoname3 conf=medium] Fastcall manages circular queue with indices at param_1[2] (size) and param_1[4] (current); wraps around
00c458d0	CQuadric_AccumulateAll	[forge-autoname3 conf=medium] Fastcall loops 8 times calling operator+= on array; accumulates quadric data
00c466c0	ComparisonSort_FloatCompare	[forge-autoname3 conf=medium] Fastcall compares float values at offset +8 in two objects; returns result of comparison
00c48aa0	CTCHeroExperience_ProcessSuccessfulBlock	[forge-autoname3 conf=medium] Thiscall; calls CTCHeroExperience::AddSuccessfulBlockParry; manages semaphore; calls EventQueue_ProcessWithTimeout
00c49ff0	CTCHeroExperience_OnTrophyNotification	[forge-autoname3 conf=medium] Fastcall; calls PKCSemaphore_Wait; calls EventQueue_ProcessWithTimeout; mailbox handler pattern from string ref
00c4aa40	PKCBufferedReader_ConvertByteOffset	[forge-autoname3 conf=high] Thiscall on buffered reader; calls PKCBufferedReader::PrimeBuffer; converts byte offset to buffer/position; error string 'Byte offset out of scope'
00c4b300	PKCBufferedReader_Initialize	[forge-autoname3 conf=high] Thiscall initializes buffered reader with params; calls operator_new for buffers; validation error strings 'Error: Num buffers' 'Error: Granularity' 'Error: EMEM'
00c4b890	NScript_CV_MurderTwistScript_ReadImpl	[forge-autoname3 conf=medium] Called by NScript::CV_MurderTwistScript::Read; complex assertion chain building assertions, checking state
00c4c370	PKRACMasterObject_FinalizeObject	[forge-autoname3 conf=medium] Fastcall; checks finalization state at +0x28; error assertion 'If it was not finalised, then how did I get here?'
00c4c440	PKRACMasterObject_VerifyAndNotify	[forge-autoname3 conf=medium] Fastcall validation function; error strings 'No objects have been sent' 'There are still objects out there' 'Null callback' 'Dependancy list still being created'
00c4c8b0	PKRACMasterObject_LoadScriptInfo	[forge-autoname3 conf=medium] Thiscall complex resource loading with nested loops and allocation pattern; error string 'Dependancy already finalised'; caller is CBankFile_ReadRemote
00c4d240	CCombatActionSelector_GetOrCreate	[forge-autoname3 conf=medium] Thiscall processing action selection with switch on 4 cases calling vtable methods; creates/retrieves combat actions but 'Process' overreaches the evidence
00c4d520	CombatSequence_ProcessActionRound	[forge-autoname3 conf=medium] Thiscall with offset manipulation suggests helper not direct method; lacks vtable evidence for class membership
00c4d5f0	CombatSequence_ProcessActionRound_Alt	[forge-autoname3 conf=medium] Nearly identical to 00c4d520 but different offsets; pattern suggests variant handler, not class method
00c4d910	Audio_SetupBufferData	[forge-autoname3 conf=high] Lazy-loads alBufferData via GetProcAddress and invokes it; string evidence confirms
00c4d9b0	Audio_DeleteBuffers	[forge-autoname3 conf=high] Loads alDeleteBuffers, alcSuspendContext, alcProcessContext; clears with magic 0xc0daf00d
00c53440	Attribute_SetClamped_Index4	[forge-autoname3 conf=medium] Clamps and stores to array[4] with flag 0x100; pattern repeats for multiple indices, generic attribute setter
00c534a0	Attribute_SetClamped_Index5	[forge-autoname3 conf=medium] Clamps and stores to array[5] with flag 0x200; index-specific variant of generic pattern
00c53500	Attribute_SetClamped_Index6	[forge-autoname3 conf=medium] Clamps and stores to array[6] with flag 0x400; continues pattern
00c53560	Attribute_SetClamped_Index9	[forge-autoname3 conf=medium] Clamps and stores to array[9] with flag 0x1000; no semantic field name evident
00c535c0	Attribute_SetClamped_Index10	[forge-autoname3 conf=medium] Clamps and stores to array[10] with flag 0x2000
00c53650	Attribute_SetClamped_Index11	[forge-autoname3 conf=medium] Clamps and stores to array[11] with flag 0x8000
00c536b0	Attribute_SetClamped_Index12	[forge-autoname3 conf=medium] Clamps and stores to array[12] with flag 0x10000
00c53740	Attribute_SetClamped_Index7	[forge-autoname3 conf=medium] Clamps and stores to array[7] with flag 0x8; shorter variant
00c537a0	Attribute_SetClamped_Index8	[forge-autoname3 conf=medium] Clamps and stores to array[8] with flag 0x10
00c53800	Attribute_SetClamped_Index15	[forge-autoname3 conf=medium] Clamps and stores to array[15] with flag 0x20000
00c53860	Attribute_SetClamped_Index16	[forge-autoname3 conf=medium] Clamps and stores to array[16] with flag 0x40000
00c538c0	Attribute_SetClamped_Index17	[forge-autoname3 conf=medium] Clamps and stores to array[17] with flag 0x80000
00c53920	Attribute_SetClamped_Index18	[forge-autoname3 conf=medium] Clamps and stores to array[18] with flag 0x100000
00c53980	Attribute_SetClamped_Index14	[forge-autoname3 conf=medium] Clamps and stores to array[14] with flag 0x2; shorter variant
00c539e0	Attribute_SetClamped_Index13	[forge-autoname3 conf=medium] Clamps and stores to array[13] with flag 0x4; shorter variant
00c53a40	Attribute_SetClamped_Index25	[forge-autoname3 conf=medium] Clamps and stores to array[25] with flag 0x1; shorter variant
00c53b60	Audio_DecibelsToAmplitude	[forge-autoname3 conf=high] Decibel-to-amplitude conversion using fscale/f2xm1 and constant 3.321928
00c547d0	Audio_MixStereoSamples	[forge-autoname3 conf=high] Loop with index wrapping at 10; mixes L/R with fixed coefficients -0x14f, -0x102
00c55da0	Audio_FindWaveOutDevice	[forge-autoname3 conf=high] Thiscall; calls waveOutMessage, waveOutGetDevCapsA, alcGetString, alcIsExtensionPresent; enumerates and matches device names
00c56370	CEngineWaterRenderer_Destructor	[forge-autoname3 conf=high] Thiscall; vector_deleting_destructor caller; sets vftable, destroys audio context and water generator; exception-safe pattern
00c56420	CEngineWaterRenderer_ReleaseAudioResources	[forge-autoname3 conf=high] Fastcall; decrements refcount at +0x1b4 then destroys context/generator; refcount-driven cleanup not full destructor
00c57140	CSound_AllocateBuffers	[forge-autoname3 conf=medium] Thiscall; calls FUN_00c56ec0; allocates audio buffer with parameters 0x10, 0x14
00c57550	Audio_SetSourceInteger	[forge-autoname3 conf=high] Thiscall; lazy-loads alSourcei via GetProcAddress; invokes OpenAL alSourcei
00c592f0	FollowCamera_UpdateDamping	[forge-autoname3 conf=medium] Fastcall; reads circular history at 0x164; updates damping factors; lacks explicit class evidence
00c59960	GUI_ComputeAlphaBlend	[forge-autoname3 conf=medium] Calls GetCurrentSelectedEntryData; returns interpolated alpha; not a calculation function but lookup/blend
00c59c60	GraphicalElement_ComputeAnimationTransform	[forge-autoname3 conf=medium] Thiscall; calls Graphics_ConvertTimeToPixels, _CIpow; computes scale/rotation; name should reflect computation scope
00c59d40	Animation_ComputeFrameRate	[forge-autoname3 conf=medium] Returns float10; normalizes duration via Graphics_ConvertTimeToPixels; computes per-frame increment
00c5a500	CSound_ComputeEffectiveVolume	[forge-autoname3 conf=medium] Thiscall; multiplies volume by modifiers from param_1; computes final scaling; clamps to 0xf000
00c5af50	RenderTarget_ClearBuffer	[forge-autoname3 conf=medium] Thiscall; clears memory at stride (pitch, height); Timer_Advance suggests broader operation than just frame buffer
00c5b300	GameflowAssistance_OnNotify	[forge-autoname3 conf=medium] Thiscall; routes assistance notifications; class prefix lacks clear evidence
00c5bd00	CTCTavernGameCoinGolf_PrepareRender	[forge-autoname3 conf=high] Thiscall; calls Graphics_ConvertTimeToPixels, DrawPreparePrimitivesForRendering, ReadFromFile; mini-game render prep
00c5c980	Direction_MapBitmaskToIndex	[forge-autoname3 conf=medium] Switch on bitmask (1,2,4,8,0x10,0x20); returns index 0-5 or -1; maps direction flags
00c5f000	Memory_ComputeAllocationSize	[forge-autoname3 conf=medium] Fastcall; computes aligned allocation size; power-of-2 rounding evident
00c5ff60	CConsoleVariable_Unregister	[forge-autoname3 conf=high] Thiscall called by CConsoleVariable ctor; unlinks node from linked list; decrements refcount via vtable[0]
00c62fb0	ScaleValueByConstant	[forge-autoname3 conf=medium] Scalar function (not thiscall/method), scales float by ln(2) constant and compares/clamps against bounds. Not a class method.
00c63f90	HeroAttribute_SetBitFlagBit0	[forge-autoname3 conf=high] Thiscall pattern, called by HeroAttribute_SetBitFlags, manipulates bit 0 (mask 0x1), sets dirty flag 0x800000. Pattern is clear and consistent.
00c64020	HeroAttribute_SetBitFlagBit1	[forge-autoname3 conf=high] Thiscall pattern, called by HeroAttribute_SetBitFlags, manipulates bit 1 (>> 1 & 1, mask 0x2), sets dirty flag 0x800000. Pattern is clear.
00c640b0	HeroAttribute_SetBitFlagBit2	[forge-autoname3 conf=high] Thiscall pattern, called by HeroAttribute_SetBitFlags, manipulates bit 2 (>> 2 & 1, mask 0x4), sets dirty flag 0x800000. Pattern is clear.
00c64140	HeroAttribute_SetBitFlagBit3	[forge-autoname3 conf=high] Thiscall pattern, called by HeroAttribute_SetBitFlags, manipulates bit 3 (>> 3 & 1, mask 0x8), sets dirty flag 0x800000. Pattern is clear.
00c641d0	HeroAttribute_SetBitFlagBit4	[forge-autoname3 conf=high] Thiscall pattern, called by HeroAttribute_SetBitFlags, manipulates bit 4 (>> 4 & 1, mask 0x10), sets dirty flag 0x800000. Pattern is clear.
00c64260	HeroAttribute_SetBitFlagBit5	[forge-autoname3 conf=high] Thiscall pattern, called by HeroAttribute_SetBitFlags, manipulates bit 5 (>> 5 & 1, mask 0x20), sets dirty flag 0x800000. Pattern is clear.
00c642f0	HeroAttribute_SetBitFlagBit6	[forge-autoname3 conf=high] Thiscall pattern, called by HeroAttribute_SetBitFlags, manipulates bit 6 (>> 6 & 1, mask 0x40), sets dirty flag 0x800000. Pattern is clear.
00c64380	HeroAttribute_SetBitFlagBit7	[forge-autoname3 conf=high] Thiscall pattern, called by HeroAttribute_SetBitFlags, manipulates bit 7 (>> 7 & 1, mask 0x80), sets dirty flag 0x800000. Pattern is clear.
00c64420	CCharacter_SetActiveSkill	[forge-autoname3 conf=medium] Thiscall with 5 params, validates against 5 marker data blocks, sets offsets 0x2b4-0x2c0, marks dirty flag 0x4000000. Caller and pattern consistent with character-level skill management.
00c645d0	HeroAttribute_SetRotationZ	[forge-autoname3 conf=high] Thiscall, takes float, validates global bounds, stores at offset 0x2c4, sets dirty flag 0x2000000. Pattern consistent with position/rotation setters.
00c64630	HeroAttribute_SetPositionY	[forge-autoname3 conf=high] Thiscall, takes float, validates bounds, stores at offset 0x2c8, checks active skill marker, sets dirty flag 0x80000. Offset sequence and dirty flag are consistent.
00c646e0	HeroAttribute_SetPositionZ	[forge-autoname3 conf=high] Thiscall, takes float, validates bounds, stores at offset 0x2cc, checks active skill marker, sets dirty flag 0x100000. Follows position setter pattern.
00c649c0	HeroAttribute_SetBaseLife	[forge-autoname3 conf=high] Thiscall, validates -10001 < param < 1001, stores at 0x18 and 0x208 (dual storage pattern), sets dirty flag 0x8. Clear base attribute pattern.
00c64a00	HeroAttribute_SetBaseSpell	[forge-autoname3 conf=high] Thiscall, validates -10001 < param < 1, stores at 0x1c and 0x20c, sets dirty flag 0x10. Follows base attribute pattern, though semantic meaning of 'Spell' is inferred.
00c64ac0	HeroAttribute_SetBaseArmour	[forge-autoname3 conf=high] Thiscall, validates -10001 < param < 1, stores at 0x28 and 0x218 (dual storage), sets dirty flag 0x80. Clear base attribute pattern.
00c64f70	HeroAttribute_SetUintOffset5C	[forge-autoname3 conf=medium] Thiscall, takes uint, validates mask < 8 (3-bit value), stores at 0x5c and 0x24c (dual), sets dirty flag 0x100000. Specific mask validation is clear.
00c67430	CCharacter_SetSkillAcquired	[forge-autoname3 conf=medium] Thiscall, validates param_3 < 2 (binary flag), calls FUN_00c630d0 if value differs. Caller context and parameter validation support skill acquisition pattern.
00c674b0	CCharacter_AddSkill	[forge-autoname3 conf=medium] Thiscall, takes skill index, initializes large indexed structure with float/int constants, copies to active skill shadow storage. Pattern consistent with skill initialization.
00c67720	CCharacter_SetSkillDamage	[forge-autoname3 conf=medium] Thiscall, takes skill index and damage value, validates -10000 <= param_3 < 0, modifies indexed offset 0x94, accumulates into main damage offset 0x34c. Clear damage modification pattern.
00c67f60	CTCHeroStats_UpdateAttributeEvents	[forge-autoname3 conf=high] Fastcall thiscall, loops through 26 dirty-flag bits, calls CTCHeroStats::AddEventData for each, clears flags, calls HeroStats_UpdateDerivedValues. Explicit class method calls verify CTCHeroStats conte
00c68510	CDrawGuildSeal_SetProperty	[forge-autoname3 conf=high] Thiscall, calls CDrawGuildSeal::ClearMessages on this, dispatches via jumptable to property setters. Explicit method call on this confirms CDrawGuildSeal class membership.
00c68a50	CDrawGuildSeal_SetLightProperty	[forge-autoname3 conf=high] Thiscall, validates param_3 <= 0x1a (26 presets), stores at indexed 0xf4, calls series of named property setters (CLight::SetIntegerProperty, HeroAttribute_SetVector3, etc.). Strong evidence of CDrawG
00c68f90	CDrawGuildSeal_SetPropertyEx	[forge-autoname3 conf=high] Thiscall with CDrawGuildSeal* param_1, calls ClearMessages, dispatches via jumptable, handles opcodes 0x10001-0x10005. Type and caller evidence confirm class membership.
00c6a460	CQ_GuildTrainingSkillScript_Init	[forge-autoname3 conf=high] Thiscall, initializes struct, calls NScript::CQ_GuildTrainingSkillScript::Init twice (offsets 0x6c, 0x80). Explicit named function calls to class methods confirm context.
00c6aa10	Math_ScaleVectorByPackedValue	[forge-autoname3 conf=high] Scalar function (not method), caller OnKill, performs pmulhw SIMD operations on vector arrays. Uses packed multiply-high with packed value to scale components. Correctly identified as non-class functi
00c6aae0	Audio_ProcessSamples_IIRFilter	[forge-autoname3 conf=medium] pmulhw/paddsw SIMD intrinsics, loop processing param_2 and param_4 (audio samples), 16-bit saturation pattern matches IIR filter
00c6aef0	Audio_ConfigureChannel_Scaling	[forge-autoname3 conf=medium] Thiscall computing scale from float at offset 0x10 with member offset writes, but doesn't clearly configure audio channel - more targeted as scaling computation
00c6b9d0	Audio_FilterSamples_2ndOrder	[forge-autoname3 conf=medium] Processes float array with comparisons and IIR coefficients pattern, but evidence doesn't strongly support 'Apply' verb - 'FilterSamples' better describes iterating over samples with filter logic
00c6bbd0	Audio_ComputeGainScale	[forge-autoname3 conf=medium] Called by Graphics_ComputeScaleConstraint and Audio_ComputeGain; sin-based computation with bounds checking and member offset writes at 0xc/0x10
00c6c000	Audio_ComputeDecibelsToLinear	[forge-autoname3 conf=medium] fscale/f2xm1/fcos intrinsics, log/exp-based conversion pattern, member outputs at offsets 0/1/2 match dB-to-linear conversion
00c6c530	Audio_ApplyGainFilter_SIMD	[forge-autoname3 conf=medium] Processes samples with multiplications (param_1[1] * input + param_1[0] * state) with 16-bit saturation and state update at param_1[2], but 'ApplyGain' oversimplifies the filter feedback structure
00c6cf40	Audio_SetFilterCoefficients	[forge-autoname3 conf=medium] Calls EnterCriticalSection/LeaveCriticalSection; manages critical section around filter state at offset 0x1dc/0x1e0; calls Audio_SetFilterCoefficients recursively
00c6e760	CConsoleCommandParameters_Constructor	[forge-autoname3 conf=high] Calls CConsoleCommandParameters::CConsoleCommandParameters; sets vtable pointer and member pointers; initializes vectors - clear constructor pattern
00c6ebe0	Audio_SetVolume_Channel	[forge-autoname3 conf=medium] Thiscall entering/leaving critical section; reads float at 0x20, writes byte at 0x24, sets 16-bit values - sets volume but property naming 'Channel' adds context not evident in decomp
00c70240	Graphics_RenderSprite_32x32_Base	[forge-autoname3 conf=medium] Calls rendering functions FUN_00c79440/FUN_00c7ab20 based on version check; sprite size hardcoded to 0x20, but 'Graphics_RenderSprite_32x32' is accurate without suffix
00c702e0	Graphics_RenderSprite_32x32_Alt	[forge-autoname3 conf=medium] Nearly identical to 00c70240 but passes 0x7fff/0xffffff00 constants to rendering functions; 'Variant' is vague - 'Alt' or 'WithConstants' more descriptive
00c70390	Graphics_RenderText_Conditional	[forge-autoname3 conf=medium] Branches on version/flag at 0x120/0x121; calls different rendering functions - 'Variable' is too generic; 'Conditional' better describes the branching behavior
00c70c10	Graphics_RenderSprite_16x16	[forge-autoname3 conf=medium] Similar pattern to 00c70240 but offset 0x298/0x290/0x29c; calls FUN_00c7e420/FUN_00c843f0; 16x16 sprite size is correct
00c70cb0	Graphics_RenderSprite_16x16_Alt	[forge-autoname3 conf=medium] Identical to 00c70c10 but with 0x7fff/0xffffff00 constants; 'Variant' is vague - 'Alt' or 'WithConstants' more descriptive
00c70d60	Graphics_RenderText_Conditional2	[forge-autoname3 conf=medium] Matches 00c70390 pattern with offsets 0x2a0/0x2a1/0x2a2; calls different render functions based on version - suffixes are poor; better as 'Conditional' with distinct naming from 00c70390
00c716c0	Audio_MixerHandle_Close	[forge-autoname3 conf=high] Calls mixerClose and mixerSetControlDetails; manages HMIXEROBJ; called by cleanup function - evidence supports close/cleanup but 'CloseMixerHandle' verb-object is inverse
00c71f10	Audio_InitSource_Properties	[forge-autoname3 conf=medium] Thiscall; calls __ftol2; manipulates member at offset 0x28 (flags), 0x80/0x84 (time), 0x3c/0x78/0x7c - initialization pattern but 'Source' class not evident
00c72130	Audio_SetSource_Gain	[forge-autoname3 conf=medium] Thiscall; calls __ftol2; sets offset 0x70/0x68 from time values, computes gain at offset 0x34 from division - 'Source' class not evident from decomp
00c72c40	Audio_ProcessQueue_NavNode	[forge-autoname3 conf=medium] Calls OpenAL_InitAlGetError, CAudioDriver_GetErrorCode; processes queue with nav tree structure - function signature has nav tree nodes not pure audio processing
00c72e00	Audio_InitializeSource_AL	[forge-autoname3 conf=medium] Calls GetProcAddress for 'alSourcei'; string ref confirms OpenAL source initialization - 'CAudioContext' class context not evident
00c737d0	AudioDriver_LoadRegistry_Key	[forge-autoname3 conf=medium] Calls RegCreateKeyExA; returns bool on success - loads audio driver registry but scoping to 'Key' is unnecessary
00c756c0	Graphics_LoadTerrainChunk	[forge-autoname3 conf=medium] Calls DisplayProgress; 341-byte function; loads large data chunk with progress callback - evidence supports terrain chunk loading
00c763e0	CArray_CopyCircular_Wrap	[forge-autoname3 conf=medium] Called by AddTrigger; manages circular buffer copying with offset pattern - 'Circular' is accurate but 'Wrap' is redundant
00c77c80	Audio_Channel_ComputePitch_Modulation	[forge-autoname3 conf=medium] Manipulates audio channel pitch via member offset access; not purely setting but computing modulation table
00c780c0	Audio_Channel_ComputeEnvelope_Amplitude	[forge-autoname3 conf=medium] Audio channel envelope processing; no callers evident but computes envelope tables for amplitude modulation
00c783f0	CAudioChannel_ProcessEffects	[forge-autoname3 conf=high] Calls multiple audio processing functions (FUN_00c77700/00c77800/00c78040/etc); calls Audio_MixChannels; central effects processor with clear control-flow flags
00c79440	Audio_ConvolveFilter_Aligned	[forge-autoname3 conf=high] Large (2921 bytes) SIMD convolution kernel; switch statement on alignment (cases 0-3); pmaddwd/packssdw intrinsics; sample-by-sample convolution
00c79fd0	Audio_ConvolveFilter_WithGain	[forge-autoname3 conf=high] Large (2858 bytes) similar to 00c79440 but with gain scaling (param_7 multiplier); pmaddwd/pmulhw intrinsics; output scaling evident
00c7ab20	Audio_ConvolveFilter_Complex_Variable	[forge-autoname3 conf=high] Largest (3220 bytes) convolution variant; more parameters than aligned version suggesting complex filter handling - rename to indicate parametric complexity
00c7e420	Audio_ConvolveFilter_LongVariant	[forge-autoname3 conf=high] Very large (11925 bytes) SIMD convolution; operator+ and CBitfield operations - 'Long' is ambiguous; better as 'LongVariant' or 'ExtendedLength'
00c812f0	Audio_ConvolveFilter_LongComplex	[forge-autoname3 conf=high] Very large (12468 bytes) variant of 00c7e420; CBitfield operations suggest complex tap handling - 'LongVariant' is less clear than distinguishing as complex
00c843f0	Audio_ConvolveFilter_LongFull	[forge-autoname3 conf=high] Largest (15274 bytes) full convolution implementation; CDateAndTime constructor calls suggest time-based processing; complete filter implementation evidence matches
00c891a0	Graphics_ProcessStreamData	[forge-autoname3 conf=medium] Calls DisplayProgress, FUN_00c763e0, CArrayWrapper_CopyWraparound; processes streaming display data with progress callbacks
00c89750	Graphics_RenderWaveform	[forge-autoname3 conf=medium] Calls DisplayProgress, FUN_00c76760; renders waveform data with progress display; processes multiple channels
00c89aa0	Audio_ApplyConvolution_Samples	[forge-autoname3 conf=medium] Thiscall processing float buffers with convolution kernel at offset -0x100/-0x80/0/0x80; circular buffer management - 'Samples' specifies input type
00c8ab70	CreatureHitNotification_Process	[forge-autoname3 conf=high] Called by CreatureHitNotification_StateProcess; calls SetDebugBoxColour1, EntityData_FreeResources, CRegionMinimap - 'StateProcess' already in caller, better as 'Process'
00c8b490	Subsystem_LoadWorldMapAndNotifications	[forge-autoname3 conf=medium] Complex vertex buffer and creature notification orchestration evident, but 'LoadData' oversimplifies without clear deserialization patterns. No class evidence.
00c8bb20	Primitive_ProcessVertexBuffer	[forge-autoname3 conf=medium] Vertex buffer processing with FtoL conversions is clear, but child primitive claim lacks method evidence. Drop class prefix.
00c8cf60	CRC32_ComputeBuffer	[forge-autoname3 conf=high] Standard CRC32 table-lookup algorithm with DAT_0139d9b0 table and result storage at 0x16-0x19.
00c8d470	MemoryStream_CompactAndRealloc	[forge-autoname3 conf=medium] memmove compaction and realloc with 0x1000 padding clearly evident.
00c8d9d0	Notification_ProcessState	[forge-autoname3 conf=medium] Flag 0x400 check and return values suggest state machine, not frame-based processing. Caller is destructor context.
00c8dd30	CCharString_CompareNoCase	[forge-autoname3 conf=high] Perfect case-insensitive string comparison with toupper() on both buffers.
00c8f1b0	Pair_DestroyElements	[forge-autoname3 conf=medium] Destructor for pair elements via _Dest_val, but 'AnimationEvents' is unproven. Generic cleanup pattern.
00c8f200	AudioSystem_Initialize	[forge-autoname3 conf=medium] FFT initialization, audio buffer allocation, particle morphs construction clear.
00c8f650	GraphicsResource_Cleanup	[forge-autoname3 conf=medium] D3D UV box cleanup and tree node operations evident, but 'Destructor' prefix redundant. Drop it.
00c8ff30	AudioDSP_Process	[forge-autoname3 conf=medium] 2458-byte function with float accumulation and bit shifts suggests audio DSP, but 'samples' is too specific without callee evidence.
00c90d60	Debug_DumpMatlabFile	[forge-autoname3 conf=high] Literal string '%s_%d.m' and fprintf pattern confirm Matlab format file dumping.
00c918c0	BoundingBox_UpdateMin	[forge-autoname3 conf=medium] Eight-element float comparison loop (7 iterations) is characteristic of 3D min-corner update.
00c91a40	Vector8f_AddScalar	[forge-autoname3 conf=high] Loop structure adds param_1 to 8 float elements repeatedly.
00c92640	Float_SignBitExtract	[forge-autoname3 conf=medium] Bit operations with 0xbf800000 and 0x3f800000 clearly manipulate IEEE754 sign bit.
00c931d0	FFT_ComputeMagnitudes	[forge-autoname3 conf=medium] 2383-byte function suggests FFT but 'FrequencyDomainMagnitudes' is speculative. Generic FFT magnitude computation.
00c94f90	Float_DecompressCompactRep	[forge-autoname3 conf=high] Extracts 21-bit mantissa and 10-bit exponent, uses ldexp for custom float decompression.
00c94fd0	Bitstream_ProcessCodes	[forge-autoname3 conf=medium] Bitstream operations and conflict detection evident, but 'Huffman' specificity unproven. Generic compression code processing.
00c951b0	Waveform_Synthesize	[forge-autoname3 conf=medium] Float decompression and amplitude/phase calculations evident, but 'Phase' is narrow. General waveform synthesis.
00c95370	CEngineResourceManager_Cleanup	[forge-autoname3 conf=high] Destructor pattern clearing multiple buffer pointers with zeroing loop.
00c969d0	FFT_Radix4Transform	[forge-autoname3 conf=medium] Butterfly operations and twiddle factor multiplication match radix-4 FFT algorithm.
00c9bc50	CParticleMorphs_CEntry_Constructor	[forge-autoname3 conf=high] Constructor with calloc and _Cons_val<CCharString> initialization clear.
00c9beb0	Sphere_Initialize	[forge-autoname3 conf=medium] Caller 'InitialiseFromSphere' confirms sphere geometry initialization.
00c9c870	Mesh_Process	[forge-autoname3 conf=medium] Calls to opaque mesh functions suggest pipeline, but 'Compile' is unverified.
00c9cb80	Float_ConvertToInteger	[forge-autoname3 conf=high] Calls __ftol2 and floor for FP-to-int conversion.
00ca0ba0	Environment_GetThemeIndex	[forge-autoname3 conf=medium] Calls GetLocalEnvironmentThemeIndexFromGlobal confirm environment theme lookup.
00ca0df0	Class_AllocateFromPool	[forge-autoname3 conf=medium] Calls GetPDefFromClassIndex and MemAllocator_Allocate confirm class allocation.
00ca20a0	FloatVector_Clamp	[forge-autoname3 conf=medium] Calls Clamp_To10BitValue confirm float vector clamping to 10-bit range.
00ca2b00	PixelBlend_InterpolateWithMemAlloc	[forge-autoname3 conf=high] Calls MemAllocator_Allocate; 16-bit pixel interpolation with (val & 0x7fff) * param5 + (val2 & 0x7fff) * (0x10000 - param5) >> 0x10 pattern; alpha channel test (>> 8) for blending all match
00ca3a40	FloatArray_TransformWithUnroll	[forge-autoname3 conf=medium] Float array manipulation with 4-way unrolled loop (pfVar1[2], pfVar1[1], pfVar1[-1], pfVar1[-2]); no evidence of convolution or specific Wavelet—general transform operation
00ca3b80	Math_LevenbergMarquardtFit	[forge-autoname3 conf=medium] Calls __chkstk; iterative function fitting with float80 arithmetic; convergence test on fVar10 delta/fVar9 ratio; Jacobian-like calculation pattern matches Levenberg-Marquardt solver
00ca3e50	Math_InterpolateFloatTableLookup	[forge-autoname3 conf=medium] Single float param; FtoL call; uses table lookup at DAT_013ac264/DAT_013ac260; linear interpolation between table entries using fractional part
00ca3f60	Math_SolveLinearSystemGaussian	[forge-autoname3 conf=medium] Calls __chkstk; Gaussian elimination with double precision; discriminant singularity test (fVar11 < 0); iterative backsubstitution with fVar9 accumulation
00ca47d0	ThreadMsg_PumpAndWaitForCompletion	[forge-autoname3 conf=high] Calls GetCurrentThreadId, PeekMessageW, Sleep, PostThreadMessageW, GetQueueStatus; polls thread message queue (offset 0xb4) until idle
00ca4cc0	CSurface::GetRefCountAndLock	[forge-autoname3 conf=high] Thiscall on CSurface*; calls EnterCriticalSection, CSurface::GetRefCount, LeaveCriticalSection; sets param_1[0x74]=1 flag; returns refcount if state[100]==0
00ca5f50	AudioDevice_ComputeLatencyDelta	[forge-autoname3 conf=medium] Thiscall with critical section; calls __alldiv on 64-bit values; calculates audio sample offset delta; calls FUN_00ca5ee0 (device-specific conversion)
00ca6370	CVolume::~CVolume	[forge-autoname3 conf=high] Callers: OnCreate, vector_deleting_destructor; calls ~CJoystickDX, ReleaseVolume, DeleteCriticalSection at offsets 0x7c, 0x94, 0xc4
00ca7ce0	MovableResourceMemoryPool_CheckGUID	[forge-autoname3 conf=high] Calls GUID_CompareAndCallback and CMovableResourceMemoryPool::CanMoveResource; compares param_2 against two known GUIDs (DAT_012a9b04, DAT_012a99b4)
00ca7dc0	VirtualFileSystem_TransactionExecute	[forge-autoname3 conf=medium] Thiscall; manages vtable calls at offsets 0x20, 0x28, 0x24, 0x30; appears to be open/validate/commit/rollback transaction sequence but evidence doesn't confirm 'Open' specifically
00caa3c0	CScriptDefinitionManager::DeallocateScriptEntries	[forge-autoname3 conf=high] Caller: ~CScriptDefinitionManager; walks linked list via offset 0x28 with param_1[7] links; calls vtable method at +0x54; VirtualFree at offset 0x60
00caa4a0	FileArchive_ValidateAndLoad	[forge-autoname3 conf=medium] Processes archive entry list (param_1); calls vtable methods on param_2 at offsets (0x1c, 0xc, 0x14, 0x18); returns 1 on null param_1
00cab870	NHitLocations::CPhysicalPrimitiveCylinder::TransferBinaryOutAsync	[forge-autoname3 conf=high] Thiscall on CPhysicalPrimitiveCylinder; calls DuplicateHandle, GetCurrentThreadId, GetCurrentProcess; calls TransferBinaryOut; async binary transfer with critical section
00cabe00	CVsyncCallbackTimer::CVsyncCallbackTimer	[forge-autoname3 conf=high] Constructor; calls CVsyncCallbackTimerInfo::CVsyncCallbackTimerInfo; initializes vtable PTR_LAB_012bf69c; handles param_2==0 case by reading methods at +0x14, +0x18
00cac070	CEnginePrimitiveTypeInfo::InitializeEntry	[forge-autoname3 conf=high] Caller: CEnginePrimitiveTypeInfo; calls CThingMap_ctor, CEntry::CEntry, operator_new, lstrlenW; initializes particle morph entry with string copy and bounds
00cae170	StackCheck_ValidateFrame	[forge-autoname3 conf=medium] Thiscall; checks offset 0x60 for handler validity and offset 100 for permission; compares stack addresses; 'Limit' is less accurate than 'Frame' validation
00cb13f0	CPersistTraits::RemoveNodeAndRecycle	[forge-autoname3 conf=high] Caller: ~CPersistTraits<CReactionFrequencyTraitsArray>; doubly-linked list node removal with optional recycling; calls operator_delete if no free pool space
00cb37a0	ImeUI_SetupLayoutFromKeyboard	[forge-autoname3 conf=high] Callers: ImeUi_QueryInputStatus, ImeUI_Initialize; calls GetKeyboardLayout, GetImeId, GetLocaleInfoA, IsDBCSLeadByteEx; initializes IME state tables
00cb5b90	CActiveEntity::ResetParticleMorphs	[forge-autoname3 conf=high] Caller: OnDie; calls NQuestManager_InitializeMapsList, Std_Vector_Erase_Range; erases particle morph vector and clears references
00cb6420	CParticleMorphEntry_InsertSorted	[forge-autoname3 conf=high] Caller: _Destroy; thiscall on CCharString entry key; uses CBasicString<char>::operator< for binary search; performs in-place left-shift insertion
00cb7210	CParticleSkeletalMorphMap::EmplaceOrAppend	[forge-autoname3 conf=high] Callers: AddSkeletalMorph, AddScript; thiscall; checks if end iterator reached; calls FUN_00cb6fd0 if full; copies 24-byte CCharString entry to vector
00cb7310	ScriptInfo_QuickSort	[forge-autoname3 conf=high] Caller: Sound_InitializeHeapWithPriority; recursive quicksort on script info pairs; calls MusicEntry_Partition, ScriptInfo_Heapsort, _Med3 median-of-3; processes 0x18-byte elements
00cb7ee0	CScriptBase::LoadOrCreatePersistInfo	[forge-autoname3 conf=high] Thiscall on CScriptBase; calls CVectorMap::LowerBound on persist info map (offset 0x30); calls DoEntityScriptPersist if found; matches entity by __uint64 ID pair
00cb8960	CScriptBase::AttachNavigator	[forge-autoname3 conf=high] Callers: OnActivateEntity, AttachExistingScriptedEntitiesToScript; thiscall; finds navigator quad-tree node (CVectorMap at +8) and entity script binding; calls EnableNavigator
00cb92c0	NavigationPosition_InsertSorted	[forge-autoname3 conf=high] Caller: _Copy_impl; thiscall on uint*; performs sorted insertion via backward shift pattern; not a copy constructor per se, but insertion operation
00cba840	SpeechFrame_InsertSorted	[forge-autoname3 conf=high] Caller: _Destroy_range; thiscall; performs sorted insertion via backward shift; not 'Move and Destroy' but insertion with comparison
00cba9b0	SpeechFrame_InsertSortedWithComparison	[forge-autoname3 conf=medium] Caller: _Destroy_range; thiscall; calls FastCompare and operator= for sorted insertion; name overstates the 'Comparison' aspect
00cbc130	CMusicEntry::LoadFromScript	[forge-autoname3 conf=high] Caller: LoadFromGameStateScript; thiscall; calls malloc, free, CCharString constructor/destructor; loads music entry state from persisted script data
00cbc850	CVectorMap_EntryScriptBase::AllocateGrowth	[forge-autoname3 conf=high] Thiscall; calls malloc/free with _Uninit_fill_n and _Uninit_copy helpers; reallocates vector backing store on expansion
00cbca50	MusicEntry_QuickSort	[forge-autoname3 conf=high] Caller: SoundManager_MakeHeap; recursive quicksort on music entries; calls MusicEntry_Partition, CEditPrimitiveStats::CopySort, MinOf3; processes 0x30+ byte elements
00cbcf20	PriorityQueue_BuildHeap	[forge-autoname3 conf=high] Caller: Navigation_InitializeHeapWithPriority; thiscall; calls FUN_00cbc330 (sift-down) for each element; builds binary heap but not heapify per se
00cbcf70	SoundPair_BuildHeap	[forge-autoname3 conf=high] Caller: make_heap; thiscall on CCharString*; calls FUN_00cbc3c0 for heap element handling; builds heap structure on pair elements
00cbd310	C3DAnimFile::AddSkeletonMorph	[forge-autoname3 conf=high] Callers: C3DAnimFile, AddEntityScriptBinding; thiscall; calls FUN_00cbc940 and CCharString constructor; registers morph binding for animated entity
00cbd700	CItem_QuickSort	[forge-autoname3 conf=high] Caller: Navigation_InitializeHeapWithPriority; recursive quicksort on items; calls _Sort_heap, SortedMerge_WithRefcount, MaxOf3; processes inventory elements
00cbdad0	CCharString_Quicksort	[forge-autoname3 conf=high] Caller: Sound_InitializeHeapWithPriority; fastcall recursive quicksort on CCharString array; calls Quicksort_Partition, CGameCameraManager_InitModes; sorts strings
00cd2919	Particle_DestroyRecursiveTree	[forge-autoname3 conf=high] Recursive tree destruction with offsets +0x8/+0xc for left/right child pointers, self-recursive call, free() on each node. Perfect match for proposed name.
00cd29f0	CLandscapeBackgroundPatch_DestroyRecursiveTree	[forge-autoname3 conf=high] Recursive tree destruction calling CLandscapeBackgroundPatch::_vector_deleting_destructor_ at offset +0x10 on each node, free() on nodes. Class method is evident from destructor calls.
00cd2ecb	NScript_CDanyalTestScriptsData_Insert	[forge-autoname3 conf=high] Tree insertion: thiscall (param_1 is this), calls NScript::CDanyalTestScriptsData::Alloc(), uses CMemoryAllocatorVariableSize::BalanceTree, std::less for comparison. Namespace and class evident.
00cd300b	NScript_CDanyalTestScriptsData_InsertInt	[forge-autoname3 conf=high] Nearly identical to 00cd2ecb but compares int param_5 directly instead of using CCharString comparison. Same allocation/balancing pattern.
00cd36df	CActiveFile_ReadBodyPartMeshArray	[forge-autoname3 conf=medium] Thiscall on CActiveFile param_1, allocates array via malloc using _Uninit_copy and _Fill_n, calls OnReadFinished. Name matches observable behavior but 'CRandomAppearanceMorph::CBodyPartMesh' is inferr
00cd3867	NScript_CDanyalTestScriptsData_InsertString	[forge-autoname3 conf=high] Identical structure to 00cd2ecb but explicitly uses CCharString param_5 with std::less<CCharString>::operator() comparison. String key insertion variant.
00cd3a16	CPersistTraits_TransferInHelper	[forge-autoname3 conf=medium] Thiscall on CPersistTraits<C2DVector>, calls TransferIn and constructs pair/allocator objects. Name overspeaks: no evidence this is a C2DVector parser—it's a generic TransferIn wrapper. Downgrade conf
00cd3a79	Array_EmplaceBackWithCapacityCheck	[forge-autoname3 conf=medium] Checks array capacity at param_1+4 vs param_1+8, calls FUN_00cd36df for reallocation if full, increments pointer by 0x10. Generic array append helper, not specifically for CArray type.
00cd3e7b	Vector_EmplaceBackWithCapacityCheck	[forge-autoname3 conf=medium] Similar pattern to 00cd3a79: checks capacity, calls FUN_00cd3dcd for reallocation, uses operator= to copy. Works with CTavernTableDef but is a generic vector growth helper.
00cdbdc0	CCombatWheel_ReinitializeUintVector	[forge-autoname3 conf=high] Thiscall on CCombatWheel param_1, calls malloc, _Uninit_copy, _Ufill for vector initialization, then ResetRings. Method is specific to CCombatWheel's uint vector reinit.
00d34d40	std_vector_Conversation_Assign	[forge-autoname3 conf=high] Vector assignment operator: compares sizes, allocates/deallocates with FUN_00d35020, copies elements with FUN_00d34fd0. Standard STL-like vector assignment.
00d34fd0	std_vector_CConversation_CopyElements	[forge-autoname3 conf=medium] Copies CConversation array with 0x34 stride, uses operator= and CSimpleMemoryPool_AssignFrom. Element copy helper for vector assignment.
00da01e0	NScript_CDanyalTestScriptsData_InsertHead	[forge-autoname3 conf=high] Tree insertion at head: allocates CDanyalTestScriptsData::Alloc(), manipulates pointers at param_1+4 to insert at front. Matches proposed name.
00da0d90	CScriptBase_RunActiveSpawnPoints	[forge-autoname3 conf=high] Thiscall on CScriptBase param_1, iterates spawn points, checks IsActiveThreadTerminating, calls Activate on each. Matches observable behavior and proposed name.
00e54aa0	std_vector_CConversation_Assign	[forge-autoname3 conf=high] Vector assignment operator: allocates via FUN_00e54e40, copies CConversation elements via Copy, destroys with _Destroy. Standard vector assignment pattern.
00e5e240	GetAlignmentFromCode	[forge-autoname3 conf=high] Compares string against '_EVIL1','_EVIL2','_GOOD1','_GOOD2' via CBasicString<char>::Compare, returns alignment 0-3. Exactly matches proposed name.
00e5fc70	GetHenchmanCostByAlignment	[forge-autoname3 conf=high] Switch on alignment code (param_1+0x1c): returns cost from DAT_0143e90c table for EVIL/GOOD alignments. Exactly matches proposed name.
00f0d490	NScript_CQ_AmbushTradersScript_TeleportDataVector_EmplaceBack	[forge-autoname3 conf=high] Vector append for TeleportData: checks capacity at param_1+4 vs +8, calls FUN_00f0d4e0 for reallocation, calls TeleportData constructor. Namespace and class evident.
00f25980	std_vector_Conversation_Assign2	[forge-autoname3 conf=medium] Vector assignment variant: compares sizes, allocates via FUN_00f261a0, constructs elements with _Cons_val or calls FUN_00f26b30 for partial update. Variant name appropriate.
00f25d20	Array_CopyConstructElements	[forge-autoname3 conf=medium] Copies COpinionDeedReactionDef array with 0x38 stride using copy constructor. Not specific to COpinionDeedReactionDef—generic element copy helper. Name should be more general.
00f26b30	Vector_CopyElementsWithStride	[forge-autoname3 conf=medium] Copies CClanMember array with 0x38 stride, calls operator= and std_vector_assign_CConversation. Generic stride-based copy, not just CClanMember.
00f26c30	std_vector_Conversation_Assign3	[forge-autoname3 conf=medium] Vector assignment variant: allocates via FUN_00f27440, constructs via _Cons_val, destroys via _Destroy. Variant naming is appropriate for std library pattern.
00f27da0	Vector_CopyElementsWithPairAssignment	[forge-autoname3 conf=medium] Copies CClanMember array with 0x38 stride, calls operator= and std_vector_assign_pair_CCharString_CSymbolInfo. Generic copy helper, not CClanMember-specific.
00f27e00	Vector_CopyElementsWithClanMemberAssignment	[forge-autoname3 conf=medium] Copies CClanMember array with 0x38 stride calling operator= and std_vector_assign_CClanMember. Generic copy helper for CClanMember-specific assignment.
00f37570	CGPUScratchBufferTextureManager_Destructor	[forge-autoname3 conf=high] Sets vtable pointer, iterates pages with 0x1c stride calling FreeMemoryPage, frees buffers at fixed offsets +0x1c,+0x28,+0x34, calls CBase constructor. Destructor pattern is clear.
00f38440	Vector_CopyMultipleElements	[forge-autoname3 conf=medium] Copies vector of 7-dword structures using memmove. Generic multi-element copy, not specific to Conversation type.
00f3b7d0	Vector_CopyMultipleUshortElements	[forge-autoname3 conf=medium] Copies multiple ushort vector structures (0x3 dwords each) via memmove. Generic ushort copy helper, not specific to proposed name.
00f3e6b0	CTriangleStripifier2_ProcessTriangles	[forge-autoname3 conf=medium] Rebuilds triangle list with complex vertex/ring processing, allocates dynamic arrays, uses memmove. 'RebuildTriangleList' overstates—actual role is triangle processing in stripifier.
00f3f820	BuildRings_DestroyData	[forge-autoname3 conf=medium] Cleanup helper iterating 3-dword stride elements freeing each, then frees container. Matches proposed name.
00f3f960	Vector_ResizeWithGrowth	[forge-autoname3 conf=medium] Vector resize: calls CTriangleStripifier2::InsertRingElements if growing, Vector_Copy for existing, _Copy_backward to rearrange. Generic resize, not tied to specific type.
00404690	std_list_node_Init	[forge-autoname3 conf=high] Initializes doubly-linked list node: allocates 0x10 bytes, sets next/prev to self (circular sentinel). Standard list node initialization.
00409090	Engine_FindPrimitiveInArray	[forge-autoname3 conf=medium] Finds primitive index in array: calls CGuiControlTreePane_RebuildTreeFromArray, searches for value matching DAT_01375080. 'GetChildPrimitiveIndex' is too specific—actual role is array search.
0040bb30	Tutorial_CheckDivineWrathStrike	[forge-autoname3 conf=high] Tutorial trigger: checks DAT_01375740, calls IsDivineWrathStrike, GiveTutorialForCategory if condition met. Matches proposed name.
0040cec0	CUserProfileManager_Constructor	[forge-autoname3 conf=high] Constructor: initializes member strings via CCharString, allocates profile arrays via malloc, calls SetDefaultValues, SetDefaultValuesForNewProfile, BuildVideoCapabilityTree. Clear constructor pattern
0040f390	Buffer_RellocateAndUpdateWritePointer	[forge-autoname3 conf=medium] Uses memmove to shift data, updates write pointer at param_1+4. Generic buffer relocation helper, not tied to specific class.
0040f4a0	Std_BitSet_Allocate	[forge-autoname3 conf=high] Allocates 0x80-byte chunked bitset with capacity calculation (param_2>>5)+1, stores ptrs at offsets [8,9]—bitset init pattern confirmed
0040f6b0	CString_FillRange	[forge-autoname3 conf=high] Caller is CString_FillRange; malloc, copy range, fill pattern with CONCAT loop, memmove—string range fill confirmed
0040fbf0	CWideString_FillBackward	[forge-autoname3 conf=high] Fastcall CWideString, backward loop param_3+-4, calls operator= on each—backward fill confirmed
00410460	std_vector_C2DLineF_Copy	[forge-autoname3 conf=high] Calls _Copy_impl<C2DLineF*>, initializes vector [0,4,8], 0x10-byte element size—C2DLineF vector copy confirmed
00410d80	bitset_advance_iterator	[forge-autoname3 conf=medium] Loops +4 with 0x80 chunk boundaries, tracks end at param_3—bitset iterator advance confirmed
00410ed0	Std_Deque_PopFront_ChunkBased	[forge-autoname3 conf=high] Fastcall deque pop: checks [0]==[2]-4 (chunk boundary), frees [1], advances [3]—deque pop confirmed
00411630	Std_Deque_Resize_WithGap	[forge-autoname3 conf=high] Deque resize offsets [0x1c,0x20,0x24], handles inline/realloc with memmove wrapping—deque resize confirmed
004117c0	Std_Vector_Insert_Range	[forge-autoname3 conf=high] Generic vector insert handler, not exclusively single-element (name overclaims); template handles multiple types
00411db0	Std_Vector_Insert_Range_Dispatch	[forge-autoname3 conf=high] Wrapper/dispatcher called by resize; capacity check then calls FUN_004117c0—name 'Reallocate' misses dispatch role
00411f10	Std_Vector_Insert_Range_4Bytes	[forge-autoname3 conf=high] Generic 4-byte vector insert via Std_Vector_Insert_Range_Copies_4byte callee; name overstates ENavigatorType specificity
004121d0	Std_Vector_PushBack_WithGrow	[forge-autoname3 conf=high] Checks [4]==[8] (capacity), writes, increments; calls grow on full—push_back with grow confirmed
004124c0	Std_Vector_Insert_Range_16Bytes	[forge-autoname3 conf=high] Template-generic vector insert for 0x10-byte elements; name overclaims C2DLineF specificity
004127e0	Std_Deque_PushBack_ChunkAlloc	[forge-autoname3 conf=high] Calls FUN_00411630 resize, mallocs 0x80 chunk—wrapper for chunk allocation, not direct push_back
00413120	GFInitialise_SetupProgressDisplay	[forge-autoname3 conf=high] Called by GFInitialise; allocates C3DMeshStats, wraps in CCountedPointer, calls SetProgressDisplay—progress setup confirmed
0041641f	CMainGameComponent_ChangeDisplayMode	[forge-autoname3 conf=high] Calls SetDisplayMode, GetDimensions, GetPixelFormat, GetColourDepth, PostChangeResolution—display mode change confirmed
00417a58	CMainGameComponent_InitSoundBanks	[forge-autoname3 conf=high] Caller CMainGameComponent::Init; localised/normal/atmos sound bank setup with .lut/.lug/.met handling—sound init confirmed
00418c3b	GFMain_ProcessSaveFileMetadata	[forge-autoname3 conf=high] Called by GFMain; scans *.lug, loads .met metadata via CMemoryFile, AddChildPrimitive, DumpToFile—save metadata processing confirmed
00429ab9	DoublyLinkedList_Unlink	[forge-autoname3 conf=high] Bidirectional unlink: next[1]=prev, prev[0]=next, free—doubly-linked unlink confirmed
00429fbe	LinkedList_AllocateNode_12bytes	[forge-autoname3 conf=medium] Allocates 0xc-byte node (two ptrs + int), validates alloc+8—generic linked list node allocator confirmed
0042a008	Std_List_AllocateNode	[forge-autoname3 conf=medium] Caller Std_List_Insert; allocates 0xc-byte std::list node—list node allocation confirmed
0042a879	BinarySearchTree_FindNode	[forge-autoname3 conf=high] BST search: key at [iVar3+0x10], branches left [0xc] or right [8]—BST find confirmed
0042aadc	LinkedList_InsertBefore	[forge-autoname3 conf=high] Calls allocate_node FUN_00429fbe, sets next/prev pointers—doubly-linked insert confirmed
0042ac52	Allocator_Alloc_56bytes	[forge-autoname3 conf=medium] Fastcall allocator: zeros param_1, mallocs 0x38 (56 bytes)—56-byte allocator confirmed
0042ac9f	Allocator_Alloc_24bytes	[forge-autoname3 conf=medium] Fastcall allocator: zeros param_1, mallocs 0x18 (24 bytes)—24-byte allocator confirmed
0042ad10	Allocator_Alloc_28bytes	[forge-autoname3 conf=medium] Fastcall allocator: zeros param_1, mallocs 0x1c (28 bytes)—28-byte allocator confirmed
0042ad6c	BinarySearchTree_FindEqualOrGreater	[forge-autoname3 conf=high] BST search with uint key at [iVar2+0x10]; branches left/right—BST lower_bound-like behavior confirmed
0042adb6	BinarySearchTree_EraseNode	[forge-autoname3 conf=high] Calls CMemoryAllocatorVariableSize::Erase, frees result, decrements count—tree node erase confirmed
0042ae0e	BinarySearchTree_FindByIntKey	[forge-autoname3 conf=high] Caller operator[]; BST find with int key at [iVar2+0x10]—BST int-key find confirmed
0042ae58	BinarySearchTree_FindByComparator	[forge-autoname3 conf=high] BST search using std::less<CCharString> comparator; calls operator()—comparator-based BST find confirmed
0042aeb5	BinarySearchTree_FindByUintComparator	[forge-autoname3 conf=high] BST search with inverted uint comparator (*param_2<key)—uint comparator BST find confirmed
0042b52b	BinarySearchTree_LowerBound	[forge-autoname3 conf=high] BST lower_bound: final check ensures (!less(param_2,node_key))—STL-style lower_bound confirmed
0042b72b	CTexture_InitEmpty_56bytes	[forge-autoname3 conf=high] Calls FUN_0042ac52 (56-byte), zeros byte, self-loop at +8,+0xc—texture init confirmed
0042b76c	CTexture_InitEmpty_24bytes	[forge-autoname3 conf=high] Calls FUN_0042ac9f (24-byte), same self-loop init—24-byte texture init confirmed
0042b7ee	CTexture_InitEmpty_28bytes	[forge-autoname3 conf=medium] Calls FUN_0042ad10 (28-byte), same self-loop init—28-byte texture init confirmed
0042b854	CMemoryAllocatorVariableSize_Clear	[forge-autoname3 conf=high] Thiscall CMemoryAllocatorVariableSize; checks range, calls OnKill or loops erasing with FUN_0042adb6—container clear confirmed
0042ba13	RBTree_InsertOrReplace	[forge-autoname3 conf=medium] Binary search with tree traversal, calls BinarySearchTree_InsertAndBalance and RBTree::GetMaxNode, returns pair with insertion indicator at offset 0x10
0042bb21	RBTree_InsertLeft	[forge-autoname3 conf=medium] Identical pattern to 0042ba13 but calls BinaryTree_InsertNodeLeft instead of InsertAndBalance
0042bc2f	RBTree_InsertRight	[forge-autoname3 conf=medium] Mirrors InsertLeft, calls BinaryTree_InsertNodeRight, same control flow and offset 0x10 comparisons
0042bd4a	RBTree_InsertString	[forge-autoname3 conf=medium] Uses std::less<CCharString>::operator() for comparisons at offset 0x10, calls CMemoryAllocatorVariableSize_InsertNode
0042c082	CMemoryAllocatorVariableSize_FindInsertPoint	[forge-autoname3 conf=medium] Called by TransferIn, searches tree with GetNoAllocatedAreas, calls BinarySearchTree_InsertAndBalance; name matches behavior
0042c1c1	CMemoryAllocatorVariableSize_FindInsertPointLeft	[forge-autoname3 conf=medium] Variant that calls BinaryTree_InsertNodeLeft instead of InsertAndBalance, same caller TransferIn
0042c300	CMemoryAllocatorVariableSize_FindInsertPointRight	[forge-autoname3 conf=medium] Calls BinaryTree_InsertNodeRight and FUN_0042bc2f (RBTree_InsertRight), same TransferIn caller
0042c940	CMemoryAllocatorVariableSize_InsertWithString	[forge-autoname3 conf=medium] Thiscall with CCharString key param, std::less<CCharString> comparisons, calls CMemoryAllocatorVariableSize_InsertNode
0042cc98	RBTree_InsertStringKey	[forge-autoname3 conf=medium] Uses std::less<CCharString>::operator(), calls BinaryTree_InsertCString (not just a trie operation); more generic string insertion than 'into trie' suggests
0042cf69	CMemoryAllocatorVariableSize_InsertStringNode	[forge-autoname3 conf=medium] Called by TransferIn, uses CCharString comparisons, mirrors InsertWithString pattern
0042e17c	Init_FrontendSounds	[forge-autoname3 conf=medium] Fastcall Init2 caller, loads 'data\sound\frontend.lug' string literal, initializes sound resource via CEntityScriptInfo
00431277	UpdateShadowScene_WriteState	[forge-autoname3 conf=medium] Fastcall caller UpdateShadowScene, writes CBYTE values via CDataOutputStream, traverses allocation tree
004317d0	CMemoryBlock_Destructor	[forge-autoname3 conf=high] Vector_deleting_destructor callsite, destructs many CCharString members, frees tree arrays, calls BuildTreeArray
0043212b	Vector_AllocateAndCopy	[forge-autoname3 conf=medium] Allocates 0xc-byte elements via malloc, copies from param_2 to param_3 range
00432ff0	Vector_AllocateAndCopyCCharString	[forge-autoname3 conf=medium] Called by CCombatWheel::operator=, allocates 4-byte elements (shifted), copies CCharString objects via constructor
004350d0	InitDisplayEngine_InitGraphics	[forge-autoname3 conf=medium] Fastcall Init Display Engine caller, displays 'Init Graphics' and 'Init Engine' strings via DisplayProgress
0043a2a0	ShowOnScreenMessage_FormatDisplay	[forge-autoname3 conf=medium] Thiscall called by CGameScriptInterface::ShowOnScreenMessage, formats screen message with coordinate conversion
0043a570	NHeroInformationScreens_Destructor	[forge-autoname3 conf=high] Vector_deleting_destructor callsite, massive destructor freeing allocations, text tree, countable pointers
00440550	Buffer_MoveData	[forge-autoname3 conf=medium] Thiscall memmove-based buffer operation, updates end pointer at offset 4
00440b40	Vector_DestructStringRange	[forge-autoname3 conf=medium] FreeBuffer caller, destructs CCharString groups with pagination at offsets 0xc, 8, 4, 0
00440c00	Vector_CopyPairRange	[forge-autoname3 conf=medium] Fastcall FreeBuffer caller, _Cons_val copies pairs of (EHeroMorphType, CParticleMorphs::CEntry) with pagination
00442350	Vector_InsertRangeWithRealloc	[forge-autoname3 conf=medium] Thiscall AddPrimitive caller, uses Vector_Reallocate on reallocation, inserts range with move semantics
00446d10	ProcessCombatInput_MapInputsToActions	[forge-autoname3 conf=medium] Thiscall ProcessCombatInput caller, iterates CVectorMap<EGameAction>, uses LowerBound/UpperBound
00448ab0	Heap_SiftDown_ContainmentVolume	[forge-autoname3 conf=medium] Fastcall Heap_SiftDown caller, swaps CCountedPointer<CContainmentVolume> with refcount management
00448be0	Heap_MakeHeap_NavConnector	[forge-autoname3 conf=medium] Fastcall Heap_BuildFromElements caller, uses _Adjust_heap for pairs of (long, CCountedPointer<CNavConnectorNode>)
00448e90	Vector_InsertWithMove	[forge-autoname3 conf=medium] Fastcall Heap_BuildFromElements caller, _Move_backward copies CItem, Vector_DestroyRange on else branch
00449050	Vector_ReallocateAndFill	[forge-autoname3 conf=medium] Thiscall CList_PushBack caller, uses _Uninit_copy/_Uninit_fill_n for vector growth with reallocation
00449270	Heap_OrderAndSort	[forge-autoname3 conf=medium] Fastcall Heap_SiftDown caller, calls FUN_00448be0, uses _Pop_heap/_Sort_heap
00449cb0	CPlayerManager::SwapToHero	[forge-autoname3 conf=high] Thiscall CPlayerManager::SwapToHero, calls GetPlayer, SwitchPlayerCharactersWith, Kill with explicit class context
0044a2a0	CPlayerManager::DrawGetEnvironmentInfo	[forge-autoname3 conf=medium] Thiscall Draw caller, gets player, draws environment via DrawGetEnvironment, formats info string
0044a3b0	HeroSwapState::Initialize	[forge-autoname3 conf=medium] Thiscall InitPlayerManager caller, loads hero_swap_1/2/3/4.tng strings via CCharString, initializes vector
0044be80	Vector_InsertWithBuffer	[forge-autoname3 conf=medium] Thiscall CPlayerManager_AddPlayerOrAI caller, allocates 4-byte elements, memmoves data with reallocation
0045170f	ListNode_Init	[forge-autoname3 conf=medium] thiscall initializing circular list pointers (+8, +0xc) but class name unconfirmed; generic Init safer than Container_NodeInit
00451739	ListNode_Init_B	[forge-autoname3 conf=medium] identical list init pattern; class unconfirmed, defensive variant naming
0045177a	ListNode_Init_C	[forge-autoname3 conf=medium] identical list init pattern; class unconfirmed, defensive variant naming
004517bb	ListNode_Init_D	[forge-autoname3 conf=medium] identical list init pattern; class unconfirmed, defensive variant naming
004517e5	ListNode_Init_E	[forge-autoname3 conf=medium] identical list init pattern; class unconfirmed, defensive variant naming
00451835	ListNode_Init_F	[forge-autoname3 conf=medium] identical list init pattern; class unconfirmed, defensive variant naming
00451876	ListNode_Init_G	[forge-autoname3 conf=medium] identical list init pattern; class unconfirmed, defensive variant naming
004518b7	ListNode_Init_H	[forge-autoname3 conf=medium] identical list init pattern; class unconfirmed, defensive variant naming
00451916	ListNode_Init_I	[forge-autoname3 conf=medium] identical list init pattern; class unconfirmed, defensive variant naming
00451957	ListNode_Init_J	[forge-autoname3 conf=medium] identical list init pattern; class unconfirmed, defensive variant naming
00451998	ListNode_Init_K	[forge-autoname3 conf=medium] identical list init pattern; class unconfirmed, defensive variant naming
004519d9	ListNode_Init_L	[forge-autoname3 conf=medium] identical list init pattern; class unconfirmed, defensive variant naming
00451a1a	ListNode_Init_M	[forge-autoname3 conf=medium] identical list init pattern; class unconfirmed, defensive variant naming
00451a5b	ListNode_Init_N	[forge-autoname3 conf=medium] identical list init pattern; class unconfirmed, defensive variant naming
00451a9c	ListNode_Init_O	[forge-autoname3 conf=medium] identical list init pattern; class unconfirmed, defensive variant naming
00451c3e	std::vector_Fill	[forge-autoname3 conf=medium] caller context confirms vector<long> template; allocates param_2 longs, fills with param_3
00453e6a	CCombatAbilityBlockDefBase::Constructor_Capacity1	[forge-autoname3 conf=high] calls named ctor with (capacity=1, size=0); class and vtable evident
00453e84	CCombatAbilityBlockDefBase::Constructor_Capacity2	[forge-autoname3 conf=high] calls named ctor with (capacity=2, size=1); class and vtable evident
00453e9e	CCombatAbilityBlockDefBase::Constructor_Capacity3	[forge-autoname3 conf=high] calls named ctor with (capacity=3, size=2); class and vtable evident
00453eb8	CCombatAbilityBlockDefBase::Constructor_Capacity4	[forge-autoname3 conf=high] calls named ctor with (capacity=4, size=3); class and vtable evident
00454467	CActiveFile::operator=	[forge-autoname3 conf=high] thiscall on CActiveFile; copies 0x1c-byte elements; calls OnReadFinished and reallocation; matches assignment semantics
00454586	CActiveFile::ReallocateAndCopy	[forge-autoname3 conf=high] allocates 0x1c-byte elements (param_1 count); copies from param_2 to param_3; helper for operator=
00454961	CActiveFile::AllocateArray	[forge-autoname3 conf=high] caller context confirms CActiveFile::operator=; allocates param_1 elements; calls Copy_MemoryStepped
00456263	CTextureReplacementDef::Copy	[forge-autoname3 conf=high] thiscall; caller shows ?Copy@CTextureReplacementDef; copies 8-byte elements; calls OnReadFinished and reallocation
00456344	CTextureReplacementDef::ReallocateAndCopy	[forge-autoname3 conf=high] allocates and copies 8-byte elements (param_1 count); paired with 00456263 copy logic; helper function
00458833	CPhysicalPrimitiveInit_Transfer	[forge-autoname3 conf=medium] Serialization helper with conditional transfer based on context mode; callees match evidence
00459af3	CParentDefClassBase_ConstructorWithVectors	[forge-autoname3 conf=medium] Initializes object with 3 vectors of size 6; fastcall convention fits lightweight initialization
0045bbc5	Vector_AllocateAndCopyRGB	[forge-autoname3 conf=medium] malloc(count*4) for RGB structs with element copy; called from CActiveFile assignment
0045c19f	CTCCarryable_AssignTreeStructure	[forge-autoname3 conf=high] Tree assignment operator; clones tree structure and manages linked list navigation
0045c3cf	CTCCarryable_AssignClonedTree	[forge-autoname3 conf=high] Tree assignment operator; identical pattern to 0045c19f but uses TreeNode_CloneDeep
0045c64d	CActiveFile_AssignUndefinedVector4	[forge-autoname3 conf=medium] Assigns vector of 4-byte elements; calls OnReadFinished and allocation helper
0045c8d3	CSpecialEffectsDef_TransferMap	[forge-autoname3 conf=medium] Serialization of map<long,long>; context-based transfer with CRC validation
0045cc79	CActiveFile_AssignUndefinedVector24	[forge-autoname3 conf=medium] Assigns vector of 0x18-byte elements via helper function
0045cfde	CActiveFile_AssignUndefinedVector12	[forge-autoname3 conf=medium] Assigns vector of 0xc-byte elements; called by CSoundMap
0045d183	CActiveFile_AssignUndefinedVector8	[forge-autoname3 conf=medium] Assigns vector of 8-byte elements; called by CSoundMap
0045d7fe	CTCCarryable_AssignClonedTree2	[forge-autoname3 conf=high] Third instance of tree assignment operator; identical structure to 0045c3cf
0045da9a	UpdateShadowScene_WriteMapData	[forge-autoname3 conf=medium] Writes map data from allocated areas using WriteCBYTE; called from UpdateShadowScene
0045dbf2	RBTree_InsertWithFind	[forge-autoname3 conf=high] RBTree find-and-insert pattern; binary search with GetMaxNode and node insertion
0045dc78	RBTree_InsertNewNode	[forge-autoname3 conf=high] Allocates and links new RBTree node; calls BalanceTree and increments count
0045deba	Map_EraseNode	[forge-autoname3 conf=medium] Erases tree node via allocator and decrements count; called from COpinionReactionMaskDef
0045e074	RBTree_InsertWithFind2	[forge-autoname3 conf=high] Second RBTree find-and-insert instance; caller GFSerialiseMapBinaryIn<bool,EOpinionAttitudeType>
0045e0fa	RBTree_InsertNewNode2	[forge-autoname3 conf=high] Second RBTree node allocation and balancing instance
0045e1ae	CTCCarryable_AssignClonedTree3	[forge-autoname3 conf=high] Third tree assignment operator instance; identical structure
0045e33f	UpdateShadowScene_WriteMapDataWithBool	[forge-autoname3 conf=medium] Variant of map writer that includes EBOOL values alongside CBYTE
0045e42e	RBTree_InsertWithFind3	[forge-autoname3 conf=high] Third RBTree find-and-insert instance
0045e4b4	RBTree_InsertNewNode3	[forge-autoname3 conf=high] Third RBTree node allocation and balancing instance
0045e694	CTCCarryable_AssignClonedTree4	[forge-autoname3 conf=high] Fourth tree assignment operator instance; identical structure
0045e808	COpinionPersonalityDef_TransferArray	[forge-autoname3 conf=medium] Loops through array of 0x24-byte COpinionPersonalityTraits; context-based transfer
0045ed88	RBTree_InsertWithFind4	[forge-autoname3 conf=high] Fourth RBTree find-and-insert instance
0045ee0e	RBTree_InsertNewNode4	[forge-autoname3 conf=high] Fourth RBTree node allocation and balancing instance
0045f03a	CTCCarryable_AssignClonedTree5	[forge-autoname3 conf=high] Fifth tree assignment operator instance; identical structure
0045f477	RBTree_InsertWithFind5	[forge-autoname3 conf=high] Fifth RBTree find-and-insert instance
0045f4fd	RBTree_InsertNewNode5	[forge-autoname3 conf=high] Fifth RBTree node allocation and balancing instance
00460aca	CActiveFile_AssignUndefinedVector20	[forge-autoname3 conf=medium] Assigns vector of 0x14-byte elements via helper function
00460c41	CActiveFile_AssignUndefinedVector8_2	[forge-autoname3 conf=medium] Assigns vector of 8-byte elements; duplicate CActiveFile assignment
00460d22	Vector_AllocateAndCopy_8	[forge-autoname3 conf=high] malloc(param_1 << 3) and 2-undef copy loop clearly show 8-byte allocation pattern
00460d75	CActiveFile::CopyAssign_16	[forge-autoname3 conf=medium] __thiscall CActiveFile, OnReadFinished call, shift-right-4 calculation, calls allocation helper
00460e66	Vector_AllocateAndCopy_16	[forge-autoname3 conf=high] malloc(param_1 << 4) copies 4-undef (16-byte) elements in loop
00460eb5	CActiveFile::CopyAssign_12	[forge-autoname3 conf=medium] __thiscall CActiveFile, OnReadFinished, division by 0xc confirms 12-byte element size
00460fc6	Vector_AllocateAndCopy_12	[forge-autoname3 conf=high] malloc(param_1 * 0xc) copies 3-undef (12-byte) elements
00461017	CActiveFile::CopyAssign_84	[forge-autoname3 conf=medium] __thiscall CActiveFile, OnReadFinished, calls helper that allocates *0x54 (84 bytes)
00461136	Vector_AllocateAndCopy_84	[forge-autoname3 conf=high] malloc(param_1 * 0x54) with 0x15-word (84-byte) element copy loop
004611f5	CActiveFile::CopyAssign_8	[forge-autoname3 conf=medium] __thiscall CActiveFile, OnReadFinished, shift-left-3 allocation (8 bytes)
004612d6	Vector_AllocateAndCopy_8	[forge-autoname3 conf=high] malloc(param_1 << 3) copies 2-undef (8-byte) elements
0046139b	CTCCarryable::CopyAssign	[forge-autoname3 conf=medium] __thiscall CTCCarryable, calls OnKill and TreeNode_CloneDeep for deep-copy assignment
00461695	SerializeAllocationAreas	[forge-autoname3 conf=medium] Serializes allocation chain via WriteCBYTE loop; evidence doesn't confirm class membership or full method name structure
00461786	RBTree_LowerBound	[forge-autoname3 conf=high] Binary search tree traversal (left/right via offsets +8/+0xc), returns iterator pair, typical lower_bound pattern
0046180c	RBTree_Insert_Internal	[forge-autoname3 conf=high] Calls BalanceTree and node allocator; classic red-black tree insertion with rebalancing
004618c9	SerializeAllocationAreas	[forge-autoname3 conf=medium] Identical to 00461695; weak evidence for full class::method naming
00461a40	RBTree_Insert_Internal	[forge-autoname3 conf=high] Red-black tree insertion pattern identical to 0046180c with different node allocator
00461da1	CActiveFile::CopyAssign_4	[forge-autoname3 conf=medium] __thiscall CActiveFile, OnReadFinished, shift-left-2 allocation (4 bytes)
00461e70	Vector_AllocateAndCopy_4	[forge-autoname3 conf=high] malloc(param_1 << 2) copies 1-undef (4-byte) elements
004624c6	CActiveFile::CopyAssign_4	[forge-autoname3 conf=medium] __thiscall CActiveFile, OnReadFinished, identical pattern to 00461da1
004625a3	Vector_AllocateAndCopy_4	[forge-autoname3 conf=high] malloc(param_1 << 2) copies 1-undef (4-byte) elements
00462b4e	CActiveFile::CopyAssign_12	[forge-autoname3 conf=medium] __thiscall CActiveFile, OnReadFinished, 0xc-byte element size confirmed by division
00462c5f	Vector_AllocateAndCopy_12	[forge-autoname3 conf=high] malloc(param_1 * 0xc) copies 3-undef (12-byte) elements
00462dc1	Vector_AllocateAndCopy_12	[forge-autoname3 conf=high] malloc(param_1 * 0xc) copies 3-undef (12-byte) elements, caller CActiveFile_CopyAssign
00462fe4	CTCCarryable::CopyAssign	[forge-autoname3 conf=medium] __thiscall CTCCarryable, calls OnKill and TreeNode_CloneDeep, identical to 0046139b
00463169	CActiveFile::CopyAssign_8	[forge-autoname3 conf=medium] __thiscall CActiveFile, OnReadFinished, shift-left-3 allocation (8 bytes)
00463258	Vector_AllocateAndCopy_8	[forge-autoname3 conf=high] malloc(param_1 << 3) copies 2-undef (8-byte) elements with offset calculation
00463871	CEngineSceneGrid_InitFromCell	[forge-autoname3 conf=medium] __thiscall CEngineSceneGrid, calls GetCellBoundingBox and helper; cell initialization pattern plausible
004638c8	CEngineSceneGrid_InsertBoundingBoxNode	[forge-autoname3 conf=medium] Iterates list, calls node allocator, inserts into linked list; bounding box node insertion evident
00463901	CEngineSceneGrid_AllocBoundingBoxNode	[forge-autoname3 conf=medium] malloc(0x10) allocates 16-byte node with two 4-byte fields at +8 and +0xc
00463cdb	SerializeAllocationAreas	[forge-autoname3 conf=medium] Identical serialization pattern to 00461695; evidence doesn't support full class method naming
00463eb4	RBTree_Insert_Internal	[forge-autoname3 conf=high] Red-black tree insertion with BalanceTree and node allocator; BinarySearchTree_LowerBound caller
004640d1	Vector_RShift_4	[forge-autoname3 conf=medium] Shifts vector elements right by 1 position, updates end pointer; push_back caller context
00464100	Vector_InsertElements_Realloc	[forge-autoname3 conf=high] Inserts elements with reallocation fallback via FUN_00464226; push_back caller; typical vector insert
00464226	Vector_Reallocate	[forge-autoname3 conf=high] malloc/free, copies old buffer to new, updates vector pointers [0,1,2]; classic realloc pattern
004645e0	SerializeAllocationAreas	[forge-autoname3 conf=medium] Identical to 00461695; WriteCBYTE loop over allocation chain
00464733	RBTree_LowerBound	[forge-autoname3 conf=high] Binary search tree lookup (left/right traversal), returns iterator pair; TransferBinaryIn caller
004647b9	RBTree_Insert_Internal	[forge-autoname3 conf=high] Red-black tree insertion with BalanceTree and node allocator
00464b9a	TransferCSimVoice	[forge-autoname3 conf=medium] Transfers CSimVoice based on context mode (read/write); caller ?Transfer@CSimVoicesDef suggests this transfers a voice, not a full def
0046594c	Vector_InsertElements_Realloc	[forge-autoname3 conf=high] Identical pattern to 00464100; inserts with reallocation via FUN_00465a72
00465a72	Vector_Reallocate	[forge-autoname3 conf=high] malloc/free with buffer copy and pointer update; identical to 00464226
00465d36	RBTree_LowerBound	[forge-autoname3 conf=medium] Binary search pattern on tree with comparisons at offset 0x10; calls GetMaxNode and insertion helper; typical lower_bound implementation
00465dbc	RBTree_InsertNode	[forge-autoname3 conf=medium] Allocates via Allocator_Alloc_Struct_Smaller; manipulates tree pointers (left/right/parent at 0x8/0xc/0x4); calls BalanceTree; standard tree insertion
00465e44	CMemoryAllocatorVariableSize_InitFromRange	[forge-autoname3 conf=medium] Iterates allocator areas and copies elements; more specialized than generic vector init; type is CMemoryAllocatorVariableSize not generic vector
00466152	CTCCarryable::Assign	[forge-autoname3 conf=high] Thiscall on CTCCarryable (param_1); calls OnKill; clones tree from param_2 to param_1 via Tree_Clone_Recursive; assignment operator pattern confirmed
00466281	CDialogueLayerDef_Vector_AssignRange	[forge-autoname3 conf=medium] Manages 0x40-byte (64-byte) elements; calls CDialogueLayerDef::operator=; element-specific, not generic vector
0046656f	CDialogueLayerDef_AllocateAndConstruct	[forge-autoname3 conf=medium] Allocates via malloc and calls copy-constructor for CDialogueLayerDef elements (0x40 stride); more specific than generic allocate
00466939	RBTree_LowerBound	[forge-autoname3 conf=medium] Identical binary search pattern to 00465d36; calls GetMaxNode and insertion helper; confirmed red-black tree lower_bound
004669bf	RBTree_InsertNode	[forge-autoname3 conf=medium] Identical to 00465dbc; tree node insertion with BalanceTree; uses alternate allocator FUN_00462411
00466de5	Vector_Erase	[forge-autoname3 conf=medium] Shifts 0xc-byte (3-element) elements backward; updates end pointer; classic vector erase pattern
00466e1e	Vector_Insert	[forge-autoname3 conf=medium] Inserts 0xc-byte elements; handles capacity reallocation via FUN_00466f74; vector insertion pattern confirmed
00466f74	Vector_Reallocate	[forge-autoname3 conf=medium] Allocates new buffer via malloc; copies 0xc-byte elements; frees old buffer; standard reallocation pattern
004672d6	Vector_Erase	[forge-autoname3 conf=medium] Shifts 0xc-byte elements backward; identical to 00466de5; classic erase pattern
0046730f	Vector_Insert	[forge-autoname3 conf=medium] Inserts 0xc-byte elements; capacity check; calls FUN_00467465 for reallocation; vector insert confirmed
00467465	Vector_Reallocate	[forge-autoname3 conf=medium] Allocates and copies 0xc-byte elements via malloc/free; standard reallocation confirmed
00468fe3	Vector_Erase	[forge-autoname3 conf=medium] Shifts 4-byte elements (>> 2); updates end pointer; vector erase pattern
00469012	Vector_Insert	[forge-autoname3 conf=medium] Inserts CRGBColour elements (4-byte); calls _Construct and FUN_0046916b for reallocation; vector insert pattern
0046916b	Vector_Reallocate	[forge-autoname3 conf=medium] Reallocates 4-byte CRGBColour elements; calls malloc/free and _Construct; reallocation pattern confirmed
00469309	Serialization_WriteParticleEffect	[forge-autoname3 conf=medium] Iterates allocation regions and writes data via WriteCBYTE and TransferBinaryOut; more general serialization than specific particle effect set serialization
004695b3	RBTree_LowerBound	[forge-autoname3 conf=medium] Red-black tree binary search with GetMaxNode; identical pattern to other lower_bound functions; confirmed
00469639	RBTree_InsertNode	[forge-autoname3 conf=high] Calls CCreatureAction_NavToPos::Clone with explicit class name in decompilation; manipulates tree structure; BalanceTree call; tree node insertion with cloning confirmed
0046988f	Vector_Erase	[forge-autoname3 conf=medium] Shifts 4-byte elements via >> 2; vector erase pattern confirmed
004698be	Vector_Insert	[forge-autoname3 conf=medium] Inserts 4-byte elements; capacity check; calls FUN_004699e4 for reallocation; vector insert confirmed
004699e4	Vector_Reallocate	[forge-autoname3 conf=medium] Reallocates 4-byte elements via malloc/free; standard reallocation pattern
00469e3e	Vector_Erase	[forge-autoname3 conf=medium] Shifts 8-byte elements (>> 3); updates end pointer; vector erase confirmed
00469e74	Vector_Insert	[forge-autoname3 conf=medium] Inserts 8-byte pairs with 2-element stride; calls FUN_00469fc8 for reallocation; vector insert pattern
00469fc8	Vector_Reallocate	[forge-autoname3 conf=medium] Reallocates 8-byte (2-element stride) elements via malloc/free; standard pattern
0046ad17	Vector_Erase	[forge-autoname3 conf=medium] Shifts 0x14-byte (20-byte) elements; vector erase pattern confirmed
0046ad59	Vector_Insert	[forge-autoname3 conf=medium] Inserts 0x14-byte CAppearanceModifierGraphics::CEntry elements (evident from type annotations); calls FUN_0046aecc for reallocation
0046aecc	Vector_Reallocate	[forge-autoname3 conf=medium] Reallocates 0x14-byte entries via malloc/free; standard reallocation pattern
0046b182	Vector_Erase	[forge-autoname3 conf=medium] Shifts 8-byte elements (>> 3); vector erase pattern confirmed
0046b1b8	Vector_Insert	[forge-autoname3 conf=medium] Inserts 8-byte pairs; calls FUN_0046b30c for reallocation; vector insert pattern
0046b30c	Vector_Reallocate	[forge-autoname3 conf=medium] Reallocates 8-byte pairs via malloc/free; standard pattern
0046b6c1	Vector_Erase	[forge-autoname3 conf=medium] Shifts 0x10-byte (16-byte) elements (>> 4); vector erase pattern confirmed
0046b6f6	Vector_Insert	[forge-autoname3 conf=medium] Inserts C3DClothQuad (0x10-byte) elements (evident from type annotations); calls FUN_0046b83e for reallocation
0046b83e	Vector_Reallocate	[forge-autoname3 conf=medium] Reallocates 0x10-byte C3DClothQuad elements via malloc/free; standard pattern
0046bba2	Vector_Erase	[forge-autoname3 conf=medium] Shifts 0xc-byte elements; vector erase pattern confirmed
0046bbdb	Vector_Insert	[forge-autoname3 conf=medium] Inserts 0xc-byte elements; calls FUN_0046bd31 for reallocation; vector insert pattern
0046bd31	Vector_Reallocate	[forge-autoname3 conf=medium] Reallocates 0xc-byte elements via malloc/free; standard pattern
0046bfe0	Vector_Erase	[forge-autoname3 conf=medium] Shifts 0x54-byte (84-byte, 21-element) elements; vector erase pattern confirmed
0046c022	Vector_Insert	[forge-autoname3 conf=medium] Inserts 0x54-byte CAppearanceModifierGraphics::CEntry elements (evident from type annotations); calls FUN_0046c18c for reallocation
0046c18c	std::vector_insert_reallocate_84byte	[forge-autoname3 conf=high] thiscall, stride 0x54 (84 bytes), malloc/free with exact size calculation, matches reallocation pattern
0046c46e	std::vector_copy_8byte_norealloc	[forge-autoname3 conf=high] thiscall, copies 8-byte pairs with stride>>3, no malloc/free, called by push_back
0046c4a4	std::vector_insert_uint	[forge-autoname3 conf=medium] thiscall, 8-byte pairs, calls reallocation helper, logic is correct but 'uint' is not most specific
0046c5f8	std::vector_insert_reallocate_8byte	[forge-autoname3 conf=high] thiscall, 8-byte stride, malloc/free, typical vector reallocation pattern matches
0046cbc2	std::vector_copy_4byte_norealloc	[forge-autoname3 conf=high] thiscall, shifts right 2 for 4-byte stride, no malloc, updates end pointer
0046cbf1	std::vector_insert_4byte	[forge-autoname3 conf=high] thiscall, 4-byte stride, calls FUN_0046cd17, capacity management matches
0046cd17	std::vector_insert_reallocate_4byte	[forge-autoname3 conf=high] thiscall, 4-byte stride, malloc/free, standard reallocation with shifting
0046eb9e	CActiveFile_CopyConstruct	[forge-autoname3 conf=medium] malloc 8-byte stride (param_1 << 3), copies pairs without constructor calls
0046ebe4	CTCCarryable::operator=	[forge-autoname3 conf=high] thiscall on CTCCarryable param, calls OnKill and CExpression_DigScript_CloneDeep, returns param_1
0046ef33	std::vector_allocate_3xlong	[forge-autoname3 conf=high] thiscall, malloc stride 0xc (12 bytes = 3 ulongs), initializes vector structure
0046f020	CQuickAccessItemButtonGuiDef_CopyConstructArray	[forge-autoname3 conf=high] calls CQuickAccessItemButtonGuiDef constructor, malloc 0x50 stride, copy-constructs elements
0046f4a4	CAbilityButtonGuiDef_CopyConstructArray	[forge-autoname3 conf=high] calls CAbilityButtonGuiDef constructor, malloc 0x5c stride, copy-constructs button array
0046f565	CActiveFile::operator=_AreaOfEffectAttackDef	[forge-autoname3 conf=high] thiscall on CActiveFile, calls OnReadFinished, 0x4c stride for AreaOfEffectAttackDef
0046f781	CLensFlareElementDef_CopyConstructArray	[forge-autoname3 conf=high] calls CLensFlareElementDef constructor, malloc 0x4c stride, copy-constructs array
0046fa57	CMemoryAllocatorVariableSize_SerializeState	[forge-autoname3 conf=high] fastcall, calls WriteCBYTE and GetNoAllocatedAreas, loops through allocator state
0046fb43	RBTree::lower_bound	[forge-autoname3 conf=high] thiscall, RB-tree traversal with comparisons, calls GetMaxNode, finds insertion point
0046fbc9	RBTree::InsertNode	[forge-autoname3 conf=high] thiscall, calls BalanceTree and FUN_0045c4d2, modifies parent/child pointers
0046fe40	CPersistTraits_CReplaceableMeshes_Transfer	[forge-autoname3 conf=high] thiscall, calls CheckCRC, TransferBinaryIn/Out based on context mode, typical persist pattern
00470019	std::vector_copy_24byte_norealloc	[forge-autoname3 conf=high] thiscall, 0x18 stride (24 bytes), copies 6-element chunks, no malloc
0047005b	std::vector_insert_CAppearanceModifierGraphics_CEntry	[forge-autoname3 conf=high] thiscall, 0x18 stride, calls FUN_004701ce for reallocation, _Cons_val for construction
004701ce	std::vector_insert_reallocate_24byte	[forge-autoname3 conf=high] thiscall, malloc/free, 0x18 stride (24 bytes), copy-insert reallocation pattern
0047073f	std::vector_copy_12byte_norealloc	[forge-autoname3 conf=high] thiscall, 0xc stride (12 bytes = 3 ulongs), copies triplets, no malloc
00470778	std::vector_insert_12byte	[forge-autoname3 conf=high] thiscall, 0xc stride, calls FUN_00470918, _Fill_n for reallocation
00470918	std::vector_insert_reallocate_12byte	[forge-autoname3 conf=high] thiscall, malloc/free, 0xc stride (3 ulongs), copy-insert with shifting
00470a66	std::vector_copy_8byte_pair_norealloc	[forge-autoname3 conf=high] thiscall, 8-byte pairs with stride>>3, no malloc, fast copy path
00470a9c	std::vector_insert_8byte_pair	[forge-autoname3 conf=high] thiscall, 8-byte stride, calls FUN_00470bf0 for reallocation
00470bf0	std::vector_insert_reallocate_8byte_pair	[forge-autoname3 conf=high] thiscall, malloc/free, 8-byte stride (2 ulongs), copy-insert reallocation
00470cf1	std::sort_introsort_init_12byte	[forge-autoname3 conf=high] fastcall, calls Quicksort_Recursive and make_heap, log-depth calculation for introsort
00470e08	std::sort_insertion_12byte	[forge-autoname3 conf=high] fastcall called by insertion sort, but it both shifts backward AND inserts - rename to insertion rather than just swap
00470e6d	std::sort_shift_backward_12byte	[forge-autoname3 conf=high] fastcall, shifts elements backward in 12-byte strides, used during insertion
00470f32	std::sort_median_of_three_12byte	[forge-autoname3 conf=high] fastcall, compares 3 values, returns pointer to median - classic median-of-three
00470f5f	std::sort_partition_12byte	[forge-autoname3 conf=high] fastcall, two-pointer partition with 12-byte element swaps, quicksort operation
00470fa5	std::sort_heapify_12byte	[forge-autoname3 conf=high] fastcall, calls FUN_004710f0 and Heap_AdjustDown, heapify phase for 12-byte elements
004710f0	std::make_heap_init_12byte	[forge-autoname3 conf=high] fastcall, loops calling Heap_AdjustDown in reverse, builds initial heap structure
004711b3	std::sort_introsort_init_8byte	[forge-autoname3 conf=high] fastcall, calls make_heap and Quicksort_Recursive_8byte, log-depth introsort init
004712b2	std::sort_insertion_8byte	[forge-autoname3 conf=high] fastcall, shifts backward AND inserts value - insertion not just swap operation
004713c5	std::sort_median_of_three_8byte	[forge-autoname3 conf=high] fastcall, compares 3 values, returns median pointer for 8-byte elements
004713f2	std::sort_partition_8byte	[forge-autoname3 conf=high] fastcall, two-pointer partition with 8-byte element swaps
0047142b	std::sort_heapify_8byte	[forge-autoname3 conf=high] fastcall, calls FUN_00471530 and Heap_AdjustDown, heapify for 8-byte elements
00471530	std::make_heap_init_8byte	[forge-autoname3 conf=high] fastcall, loops calling Heap_AdjustDown, builds heap for 8-byte elements
00471865	CAnimationSet::AssignAnimations	[forge-autoname3 conf=high] Thiscall; calls VectorInsert_CopyAnimations; iterates CAnimationEntry elements (0x14 offset); OnReadFinished present; fits assign pattern
0047197a	AnimationVector_AllocCopy	[forge-autoname3 conf=medium] Allocates param_1 * 0x14 bytes; copies CAnimationEntry via copy constructor in loop; malloc then copy iteration
00471b73	CEngineSceneGrid::AssignCellBoundingBoxes	[forge-autoname3 conf=high] Thiscall on CEngineSceneGrid; iterates linked list (6 elements per node via loop); calls GetCellBoundingBox and _Copy_impl
00471c40	LinkedList_InsertScriptData	[forge-autoname3 conf=medium] Iterates linked list elements (param_2 = (undefined4 *)*param_2); calls Alloc for CDanyalTestScriptsData; list-based insertion not script-cell-specific
00471cc5	CActiveFile::AssignOpinionDeeds	[forge-autoname3 conf=high] Thiscall on CActiveFile; calls OnReadFinished; element size 0x50; calls COpinionDeedReactionDef constructor; fits assign pattern
00471f13	Vector_CopyPlainPointers	[forge-autoname3 conf=medium] Allocates (size << 2 = 4-byte elements); copies pointers via memcpy-like loop; no constructor calls; plain pointer copy
00471fd9	Vector_InitPointerStorage	[forge-autoname3 conf=medium] Thiscall; initializes three pointer fields (begin, end, capacity); allocates (size << 2); standard vector init pattern
0047204b	OpinionDeedVector_AllocCopy	[forge-autoname3 conf=medium] Allocates (size * 0x50); copies COpinionDeedReactionDef via copy constructor loop; malloc then iterate copy
004721f1	Vector_ShiftElementsRight	[forge-autoname3 conf=medium] Thiscall; shifts elements rightward (copies from param_3 into vector at param_2); updates vector end pointer
00472220	Vector_InsertValueAndShift	[forge-autoname3 conf=medium] Thiscall; calls _Fill_n to replicate value; shifts existing elements right; complex vector insert logic
00472346	Vector_ReallocateAndInsert	[forge-autoname3 conf=high] Thiscall; reallocates vector buffer (malloc/free); copies existing range, inserts new value, handles element shifting
00472841	ParticleMorphs_WriteToStream	[forge-autoname3 conf=high] Fastcall; iterates linked list (uVar1 = *(ulong *)(*param_2 + 8)); writes key/value pairs via WriteNullTerminatedString/WriteCBYTE
00472a05	RBTree_InsertNodeAndBalance	[forge-autoname3 conf=high] Thiscall; calls Allocator_Alloc_Pair_With_CCharString and BalanceTree; performs red-black tree insertion with rebalancing
00472bdd	Vector_ShiftDialogueLayersRight	[forge-autoname3 conf=medium] Thiscall; shifts CDialogueLayerDef elements (size 0x40); calls operator= and _Destroy; rightward shift pattern
00472c2a	Vector_InsertDialogueLayersAndShift	[forge-autoname3 conf=medium] Thiscall; inserts CDialogueLayerDef elements (size 0x40); calls FUN_00472d79 for reallocation; handles multiple scenarios
00472d79	DialogueLayer_AllocCopyInsert	[forge-autoname3 conf=high] Thiscall; allocates (size * 0x40); copies CDialogueLayerDef range, inserts new element; calls OnReadFinished; alloc-copy-insert pattern
00472eda	CActiveFile::AssignEnvironmentThemes	[forge-autoname3 conf=high] Thiscall on CActiveFile; calls OnReadFinished; element size 0xc4; calls FUN_004734b7 for reallocation; CEnvironmentThemeDef constructors
004734b7	EnvironmentTheme_AllocCopy	[forge-autoname3 conf=medium] Allocates (size * 0xc4); copies CEnvironmentThemeDef via copy constructor loop; malloc then iterate copy
0047536c	RBTree_TraverseAndCompare	[forge-autoname3 conf=medium] Thiscall on CompareDataOffset; calls operator(), FUN_004753b1, FUN_004753d4; tree traversal comparison helper
004753b1	RBTree_CountNodes	[forge-autoname3 conf=medium] Counts nodes in tree by looping and calling GetNoAllocatedAreas; returns count of traversed nodes
004753d4	RBTree_DeleteNodeRange	[forge-autoname3 conf=medium] Thiscall; iterates range of nodes in loop; calls FUN_00475418 to delete each; handles tree cleanup
00475418	RBTree_DeleteAndFreeNode	[forge-autoname3 conf=medium] Thiscall; calls Erase on CMemoryAllocatorVariableSize; frees node memory (free call); decrements count
004754c6	RBTree_FindNode	[forge-autoname3 conf=medium] Thiscall; traverses tree comparing with CBasicString::Compare; searches for node matching query
004759ad	RBTree_InsertOrUpdateScript	[forge-autoname3 conf=high] Fastcall; allocates CExpression_DigScript via Alloc; calls BalanceTree; inserts or updates script node in tree
00475a51	GameAction_WriteToStream	[forge-autoname3 conf=high] Fastcall; writes key/value pairs via WriteNullTerminatedString/WriteCBYTE; mirrors ParticleMorphs_WriteToStream pattern exactly
00475bf6	RBTree_TraverseAndCompare_Copy	[forge-autoname3 conf=medium] Identical to FUN_0047536c; thiscall on CompareDataOffset; calls operator(), FUN_00475c3b, FUN_00475c5e; tree traversal
00475c3b	RBTree_CountNodes_Copy	[forge-autoname3 conf=medium] Identical logic to FUN_004753b1; counts nodes in tree range via loop and GetNoAllocatedAreas
00475c5e	RBTree_DeleteNodeRange_Copy	[forge-autoname3 conf=medium] Identical to FUN_004753d4; thiscall; deletes nodes in tree via loop calling FUN_00475ca2
00475ca2	RBTree_DeleteAndFreeNode_Copy	[forge-autoname3 conf=medium] Identical to FUN_00475418; thiscall; calls Erase; frees node memory; decrements count
00475d07	RBTree_FindNode_ReverseOrder	[forge-autoname3 conf=medium] Thiscall; tree search with reversed comparison logic vs FUN_004754c6 (lines 1282-1285 show reversed condition); traverses right subtree first
00475d50	RBTree_FindNode_Reverse	[forge-autoname3 conf=medium] Thiscall; tree search variant; reversed condition vs FUN_004754c6 (line 1322 shows reversed check); pure comparison reversal
0047616e	Vector_InsertAndDestroy	[forge-autoname3 conf=medium] Thiscall; calls FUN_004761aa to shift elements; calls _Destroy; updates vector end pointer
004761aa	Vector_ShiftCopyElements	[forge-autoname3 conf=medium] Fastcall; shifts CParentDefClassBase elements (size 0x50) rightward; copies field by field (5 undefined4 fields per element)
00476212	Vector_InsertQuickAccessButtonAndShift	[forge-autoname3 conf=medium] Thiscall; inserts CQuickAccessItemButtonGuiDef (size 0x50); calls FUN_004763af for reallocation; shifts elements
004763af	QuickAccessButton_AllocCopyInsert	[forge-autoname3 conf=high] Thiscall on CActiveFile; allocates (size * 0x50); copies CQuickAccessItemButtonGuiDef range; inserts new element; calls OnReadFinished
00476497	Vector_ShiftQuickAccessButtonsReverse	[forge-autoname3 conf=medium] Fastcall; shifts CQuickAccessItemButtonGuiDef elements rightward in reverse (decrement loop); updates fields field-by-field
00476672	Vector_ShiftAbilityButtonsRight	[forge-autoname3 conf=medium] Thiscall; shifts CAbilityButtonGuiDef elements (size 0x5c); calls operator= and _Destroy; rightward shift pattern
004766c2	Vector_InsertAbilityButtonAndShift	[forge-autoname3 conf=medium] Thiscall; inserts CAbilityButtonGuiDef (size 0x5c); calls FUN_00476816 for reallocation; shifts elements; OnDie cleanup
00476816	AbilityButton_AllocCopyInsert	[forge-autoname3 conf=high] Thiscall on CActiveFile; allocates (size * 0x5c); copies CAbilityButtonGuiDef range; inserts new element; calls OnReadFinished
00476b17	Vector_ShiftAreaOfEffectAttacksRight	[forge-autoname3 conf=medium] Thiscall; shifts CAreaOfEffectAttackDef elements (size 0x4c); calls operator= and _Destroy; rightward shift pattern
00476b67	std::vector::insert	[forge-autoname3 conf=high] Capacity check, element shifting, _Fill_n, constructor calls—textbook vector insert
00476cbb	CLensFlareElementDef_vector_Reallocate	[forge-autoname3 conf=medium] malloc(0x4c), constructor copy, OnReadFinished—reallocation helper for insert
00476f9b	std::vector::erase	[forge-autoname3 conf=high] Backward shift via operator=, _Destroy call—classic erase pattern
00476ff7	std::vector::insert	[forge-autoname3 conf=high] Capacity check, shifting, _Fill_n, constructor—vector insert semantics
00477169	CEnvironmentThemeDef_vector_Reallocate	[forge-autoname3 conf=medium] malloc(0xc4), constructor copy, OnReadFinished—reallocation helper
004772a7	pair_CPersistInfo_vector_Assign	[forge-autoname3 conf=medium] Calls FUN_00477c6a reallocation; more accurate as vector assign not just pair assign
004774d6	CEngineLocalDetailObjectDef_vector_CopyAndResize	[forge-autoname3 conf=medium] Calls FUN_00477530 allocate, copies via constructor—copy-and-resize pattern
00477530	CEngineLocalDetailObjectDef_vector_Reserve	[forge-autoname3 conf=high] malloc(0x88), initializes vector state—reserve/allocation helper
00477ab7	CEngineLocalDetailObjectDef_vector_Assign	[forge-autoname3 conf=medium] CActiveFile thiscall; calls FUN_00477c18; OnReadFinished—vector assign pattern
00477c18	CEngineLocalDetailObjectDef_Allocate	[forge-autoname3 conf=high] malloc(0x88), constructor copy—allocate helper
00477c6a	CEngineLocalDetailLayerDef_Allocate	[forge-autoname3 conf=high] malloc(0x54), constructor copy—allocate helper
00477e36	std::vector::erase	[forge-autoname3 conf=high] Backward shift via operator=, _Destroy—erase pattern
00477e8e	std::vector::insert	[forge-autoname3 conf=high] Capacity check, shifting, _Fill_n, constructor, OnDie—vector insert
0047800e	CEngineLocalDetailObjectDef_vector_Reallocate	[forge-autoname3 conf=medium] CActiveFile thiscall; malloc(0x88), constructor copy, OnReadFinished—reallocation
0047832d	CAbilityTrackLevelDef_vector_Assign	[forge-autoname3 conf=medium] CActiveFile thiscall; calls FUN_00478533; OnReadFinished—vector assign
00478533	CAbilityTrackLevelDef_Allocate	[forge-autoname3 conf=high] malloc(0x48), constructor copy—allocate helper
0047857d	CAbilityTrackDef_vector_Assign	[forge-autoname3 conf=medium] CActiveFile thiscall; calls FUN_00478a6d; OnReadFinished—vector assign
0047876b	CAbilityTrackLevelDef_vector_CopyAndResize	[forge-autoname3 conf=medium] Calls FUN_004787be allocate, copies via constructor—copy-and-resize
004787be	CAbilityTrackLevelDef_vector_Reserve	[forge-autoname3 conf=high] malloc(0x48), initializes vector state—reserve/allocation
004788ca	CAbilityTrackLevelDef_vector_Assign	[forge-autoname3 conf=medium] CActiveFile thiscall; calls FUN_00478a1e; OnReadFinished—vector assign
00478a1e	CAbilityTrackLevelDef_Allocate	[forge-autoname3 conf=high] malloc(0x48), constructor copy—allocate helper
00478a6d	CAbilityTrackDef_Allocate	[forge-autoname3 conf=high] malloc(0x50), constructor copy—allocate helper
00478c2d	std::vector::erase	[forge-autoname3 conf=high] Backward shift via operator=, _Destroy—erase pattern
00478c79	std::vector::insert	[forge-autoname3 conf=high] Capacity check, shifting, _Fill_n, constructor, OnDie—vector insert
00478dd6	CAbilityTrackLevelDef_vector_Reallocate	[forge-autoname3 conf=medium] CActiveFile thiscall; malloc(0x48), constructor copy, OnReadFinished—reallocation
004795e0	std::vector::erase	[forge-autoname3 conf=high] Backward shift via operator=, _Destroy—erase pattern
00479630	std::vector::insert	[forge-autoname3 conf=high] Capacity check, shifting, _Fill_n, constructor, OnDie—vector insert
0047978d	COpinionDeedReactionDef_vector_Reallocate	[forge-autoname3 conf=medium] CActiveFile thiscall; malloc(0x50), constructor copy, OnReadFinished—reallocation
00479a0e	std::vector::erase	[forge-autoname3 conf=high] Shifts pair elements via constructor, _Destroy—erase pattern
00479a5e	std::vector::insert	[forge-autoname3 conf=high] Capacity check, shifting, _Fill_n, constructor, FinishMove—vector insert
00479bb2	CEngineLocalDetailLayerDef_vector_Reallocate	[forge-autoname3 conf=medium] CActiveFile thiscall; malloc(0x54), constructor copy, OnReadFinished—reallocation
0047a03c	std::vector::erase	[forge-autoname3 conf=high] Backward shift via operator=, _Destroy—erase pattern
0047a08c	std::vector::insert	[forge-autoname3 conf=high] Capacity check, shifting, _Fill_n, constructor, OnDie—vector insert
0047a1e9	CAbilityTrackLevelDef_vector_Reallocate	[forge-autoname3 conf=medium] CActiveFile thiscall; malloc(0x48), constructor copy, OnReadFinished—reallocation
0047a452	std::vector::erase	[forge-autoname3 conf=high] Backward shift via operator=, _Destroy—erase pattern
0047a4a2	std::vector::insert	[forge-autoname3 conf=high] Capacity check, shifting, _Fill_n, constructor, _Dest_val cleanup—vector insert
0047a5ff	CAbilityTrackDef_vector_Reallocate	[forge-autoname3 conf=medium] CActiveFile thiscall; malloc(0x50), constructor copy, OnReadFinished—reallocation
0047ae50	std::vector::erase_with_tree_cleanup	[forge-autoname3 conf=medium] Calls _Copy_impl, _Move_backward, TreeNode_RecursiveDelete—variant erase with tree cleanup, not standard erase
0047be50	CCombatWheel::operator=	[forge-autoname3 conf=high] Thiscall on CCombatWheel param_1; assigns from param_2; ResetRings, _Uninit_copy, _Move, _Destroy_range—assignment operator
0047c8c0	RBTree_InsertOrFindPosition	[forge-autoname3 conf=medium] Calls RBTree_Insert/FindSuccessor/ListNode_Insert, but logic mixes insertion with predecessor/successor search; 'InsertOrFind' oversimplifies the role
0047cb50	CHeroLogBook_InsertEntry	[forge-autoname3 conf=high] Called by CHeroLogBook_AddLogEntry; calls tree insert and vector copy; clear log entry insertion into tree structure
0047ccd0	Std_Vector_Insert_Range	[forge-autoname3 conf=medium] Calls _Uninit_copy, _Move_backward, _Fill_n; generic vector range insertion with reallocation
00485779	Container_Initialize_PointerArray	[forge-autoname3 conf=medium] Allocates 8 bytes per element (not 32-bit); initializes ptr/current/end triple like vector; name incorrectly states element size
00485ac5	ListNode_Initialize_Circular	[forge-autoname3 conf=medium] Calls ListNode_Allocate; sets self-pointers at +0,+4,+8,+C creating circular doubly-linked list
00485bf0	CMemoryAllocatorVariableSize_InsertNode	[forge-autoname3 conf=high] Called by RBTree_LowerBound_Iterator; calls Alloc, BalanceTree; allocates and rebalances tree node; class name evident from callees
0048608c	Std_Vector_Insert_Copies	[forge-autoname3 conf=medium] Called by push_back; manages vector capacity expansion; calls _Copy_backward, _Fill, _Cons_val
0048d5c0	LocationList_InsertActiveCharacters	[forge-autoname3 conf=medium] Called by LocateCharacterStartHolySite; filters chars by offset 0xd4 flag; inserts into vector via VectorInsert_ExpandWithFill_32bit
0048f939	CSubtitleRenderer_ProcessPlayerModes	[forge-autoname3 conf=high] Called by CSubtitleRenderer::SetText; processes EPlayerMode enum and TEXT_GUI_NEXT/CANCEL/CONFIRM text tags; clear mode processing
00490be0	ProcessEmbeddedGraphicTags_ResolveButtonName	[forge-autoname3 conf=high] Called by ProcessEmbeddedGraphicTags; massive string matching for Xbox controller buttons (DPAD, A, B, LEFT STICK, TRIGGER, etc.); resolves to GUI definitions at CPlayerGuiDef offsets
004937cb	ListNode_Remove	[forge-autoname3 conf=medium] Called by GetElementByIndex; unlinks node pointers (param_2[1] points to prev, param_2[0] points to next); calls free
00493875	CEngineInterpolationInfo_Initialize	[forge-autoname3 conf=high] Called by CEngineInterpolationInfo constructor; complex initialization with malloc, Fill, and offset calculations; class name evident from context
00493bc2	ListNode_Create_CircularSentinel	[forge-autoname3 conf=medium] Allocates 12-byte node with self-pointers at +0 and +4; creates circular sentinel for doubly-linked list head
00493c7d	ListNode_Insert_AtPosition	[forge-autoname3 conf=medium] Calls FUN_00493a40; links new node between two existing nodes via pointer updates at [0]/[1]/[4]
00493d16	MessageList_AddFiltered	[forge-autoname3 conf=medium] Called by FindAllMessages<CMessageEventFilter_IsOfType>; calls FUN_00493c7d (list insertion); adds filtered message to container
00493d30	Std_Vector_Reserve_WithHeap	[forge-autoname3 conf=medium] Called by GetNumberOfActionPointsInUse; reallocs vector with make_heap, sort_heap; vector capacity reservation with heap operations
00493e2c	Std_Vector_Insert_Move_CMusicEntry	[forge-autoname3 conf=medium] Called by ProcessEmbeddedGraphicTags; calls _Move<CMusicEntry*>; element type CMusicEntry evident from callees
00493ff8	Std_Vector_Insert_Range_CBodyPartMesh	[forge-autoname3 conf=medium] Calls _Uninit_copy, malloc, GFToScreen; element type CBodyPartMesh evident from callees; vector range insert with screen conversion
004940ac	Std_Vector_Insert_CopyHighlights	[forge-autoname3 conf=medium] Called by ProcessEmbeddedHighlightTags; calls _Copy_impl, _Destroy_range; copies highlight range elements
00494106	CTCUserActionPointBase_CreateTextInfo	[forge-autoname3 conf=high] Calls CSetTextInfo constructor, GetNumberOfActionPointsInUse, malloc; creates action point text entry with 0x70-byte allocation
0049417d	Std_Vector_Insert_Graphics	[forge-autoname3 conf=medium] Called by ProcessEmbeddedGraphicTags; calls FUN_00493ff8 and GFToScreen; inserts/expands graphics with screen conversion
004941c0	CSubtitleRenderer_ManageTextStorage	[forge-autoname3 conf=medium] Called by CSubtitleRenderer::SetText; manages expansion of CSetTextInfo array storage; class context evident
004941f2	CEmbeddedHighlight_Load	[forge-autoname3 conf=high] Called by CEmbeddedHighlight_Push; calls OnReadFinished, CEmbeddedHighlight constructor; loads highlights from file structure
00495620	NHeroInformationScreens_CBase_Destructor	[forge-autoname3 conf=high] Called by vector_deleting_destructor; destructs multiple CCharString vectors, CTexture, reference-counted pointers; namespace and class evident
00496ee0	CCharString_MedianOfThree	[forge-autoname3 conf=high] Called by Heapsort_Recursive; compares three CCharString via _wcsicmp; median-of-three pivot selection for quicksort
00497200	CWideString_QuicksortPartition	[forge-autoname3 conf=high] Called by Heapsort_Recursive; partitions CWideString array via _wcsicmp with two-pointer technique; quicksort partition phase
00497350	Heapify_CWideString	[forge-autoname3 conf=high] Calls _Adjust_heap, CWideString constructor; builds max-heap structure; element type CWideString evident from callees
00497500	CWideString_PartitionWithMedian	[forge-autoname3 conf=medium] Called by VectorInsert_ConstructWideStrings; partitions with _Med3 and string comparison; element type evident
00497620	Heapsort_Main_CWideString	[forge-autoname3 conf=high] Called by Heapsort_Recursive; orchestrates heapsort: calls FUN_00497350 (heapify) and _Sort_heap; element type CWideString evident
0049b0f0	Std_Copy_Backward_CTexture	[forge-autoname3 conf=high] Copies elements backwards by 8 bytes (pointer size); vector insertion helper; called by resize and other vector operations
0049b180	Std_Copy_Backward_CCharString	[forge-autoname3 conf=high] Called by CCombatWheel::Insert; copies CCharString elements backwards by 4 bytes; vector insertion helper
0049b1e0	Shuffle_RandomIndices	[forge-autoname3 conf=medium] Calls GFFloatRandom, __ftol2; shuffles ulong array using random integer indices; clear shuffle/permutation logic
0049b5a0	Std_Vector_Insert_Range_CTexture	[forge-autoname3 conf=medium] Called by resize; manages vector reallocation for CTexture elements; element type evident from callees
0049b6b0	Std_Vector_PushBack_CTexture	[forge-autoname3 conf=medium] Called by InitialiseTextures; pushes CTexture to vector with capacity expansion; element type and operation evident
0049dec0	Save_ConstructAutoSaveFilename	[forge-autoname3 conf=high] Called by PostInit@CMainGameComponent; constructs save path with .ism and _RT.ism suffixes; clear auto-save file naming
004a08d0	NQuestManager_ClearRuntimeState	[forge-autoname3 conf=high] Called by LoadQuestsFromFile; calls Std_Vector_Erase_Range twice at offsets 0xb8/0xbc and 0xac/0xb0; clears quest persistence vectors
004a0940	NQuestManager_ActivateQuestWithFilters	[forge-autoname3 conf=high] Called by ActivateSelectedTestQuest; constructs CIsThingAlive predicate filters via GFPredicateAnd; activates quest with conditions
004a6ab0	NHeroInformationScreens::CBase::~CBase	[forge-autoname3 conf=high] Destructor: vector_deleting_destructor caller, destroys vectors/strings, final call to base ctor at line 229 (pattern of dtors); class name confirmed from callees and destructor pattern
004aa0d0	Vector_Uninitialized_Fill	[forge-autoname3 conf=medium] Copy-constructs CCharString objects in loop, advances by 0x1c per iteration; typical vector fill pattern
004aa220	RBTree_RotateRebalance	[forge-autoname3 conf=medium] Checks node color and performs red-black tree node pointer rebalancing; 'StdSet_Rebalance' lacks specificity about tree rotation vs other rebalancing
004ad3d0	Physics_CheckNavigability	[forge-autoname3 conf=medium] Gets physics mesh, checks HasNavigationLineListInfo, inserts into set; 'Quest' prefix overstates scope - generic physics validation
004adcb0	Vector_InsertFiltered	[forge-autoname3 conf=medium] Iterates pairs, checks flag at offset 0xd4, conditionally expands vector via VectorInsert_ExpandWithFill_32bit
004ae200	LinkedList_Clear	[forge-autoname3 conf=medium] Calls LinkedList_DestroyRecursive from scalar_deleting_destructor, resets pointers, deallocates; list cleanup logic
004b01b0	CScriptBase::ProcessQuestRegions	[forge-autoname3 conf=medium] Thiscall with CScriptBase*; calls OnRegionLoaded, compares region data, allocates arrays; caller is UpdateRegionLoad
004b1670	CGameScriptInterface::AddQuestCardEntry	[forge-autoname3 conf=medium] Thiscall finding quest in list, cloning if not found, manipulating strings and state; caller ?AddQuestCard@...
004b1720	CGameScriptInterface::AddBoast	[forge-autoname3 conf=high] Thiscall creating CBoast via malloc, appends '_TITLE' suffix to strings (line 638), inserts in list; caller ?AddBoast@...
004b1960	CQuestManager::TransferBoastToUI	[forge-autoname3 conf=medium] Thiscall with quest manager; clones boast into list after sort, compares by string; caller PostBoastTransfer
004b27f0	CQuestManager::LookupPersistentQuestInfo	[forge-autoname3 conf=high] Thiscall using CVectorMap::LowerBound on CCharString keys, returns offset+2 or null; quest persistence lookup pattern
004b2850	CQuestManager::AppendQuestToVector	[forge-autoname3 conf=medium] Thiscall appending CCharString to vector, reallocates via std::vector::Reallocate if full; vector push pattern
004b2ad0	CQuestManager::DeactivateEventQuests	[forge-autoname3 conf=medium] Thiscall clearing quest event list, calls SetQuestAsFailed on active quests; quest deactivation after event filter
004b3810	CQuestManager::SetCreatureGeneratorState	[forge-autoname3 conf=medium] Thiscall with int param; VectorFind returns -1 or index, pushes/pops generator from vector based on flag param_3
004b3860	CQuestManager::AddRegionToQuestArray	[forge-autoname3 conf=medium] Thiscall searching via FUN_004b7550 (unrolled linear search), expands array via FUN_004ba640 if not found; region insertion
004b3ce0	CQuestManager::ActivateQuests	[forge-autoname3 conf=high] Large thiscall with quest array parameter; loads scripts, resources, manages active state, handles animations/spawning
004b41f0	CQuestManager::RotateQuestPersistenceVectors	[forge-autoname3 conf=medium] Uses _Move on persistence vectors twice, calls _Destroy and Swap_And_Deallocate; vector rotation/swap for cleanup
004b4590	CQuestManager::CQuestManager	[forge-autoname3 conf=high] Constructor: initializes vtable at line 1368, allocates multiple linked-list sentinel pools (malloc 0x10/0x18/0x28/0x14)
004b4770	CQuestManager::~CQuestManager	[forge-autoname3 conf=high] Destructor: vector_deleting_destructor caller, deactivates quests, destroys UI trees/UI nodes, frees memory pools
004b7550	Array_LinearSearch_Unrolled	[forge-autoname3 conf=medium] Unrolled loop checking 4 dwords per iteration (param_1+0,+1,+2,+3), then handles remainder; fast linear array search
004b83e0	Vector_Allocate_And_CopyConstruct	[forge-autoname3 conf=medium] Allocates array if size>0 via malloc, copy-constructs CCharString elements into new buffer with offset tracking
004b84a0	BinaryTree_Height	[forge-autoname3 conf=medium] Traverses red-black tree from root to end via sentinel node pointers at offsets +4,+8,+0xc; counts nodes for height/size
004ba080	std::Introsort_Partition	[forge-autoname3 conf=high] Partitions CPersistInfo array via CBasicString comparison, swaps elements when conditions met; introsort partition step
004ba550	QuestManager_AddBoastToList	[forge-autoname3 conf=medium] Thiscall allocates CBoast node, inserts in doubly-linked list; missing :: in proposal for thiscall method
004ba640	Vector_InsertRange_Reallocate	[forge-autoname3 conf=high] Handles vector reallocation: memcpy prefix, loops filling new elements, optionally copy suffix; range insertion pattern
004bab30	std::Set_Insert_OrReplace	[forge-autoname3 conf=high] Compares key, calls set_Insert_KeyValue if not found, else moves backward and replaces; set insert-or-replace logic
004bac90	std::Heapify	[forge-autoname3 conf=high] Builds heap bottom-up: computes parent index (iVar2=(iVar1+-2)/2), iterates down, calls _Adjust_heap recursively
004bb2e0	Vector_PushBack_Realloc	[forge-autoname3 conf=high] Reallocates vector: computes new size, memcpy old elements via _Uninit_copy, fills new, optionally copy suffix
004bb810	std::Introsort_Recursive	[forge-autoname3 conf=high] Calls heapify at start via FUN_004bac90, partitions via operator<, sorts heap via _Sort_heap; introsort main loop
004bff60	CTCGraphicAppearance::ClearAllMeshEffects	[forge-autoname3 conf=high] Walks red-black tree of mesh entries, checks flag at offset 0x1e, calls ClearMeshEffect on each active effect
004c00e0	CEngineSubPrimitive2DClockSprite::CEngineSubPrimitive2DClockSprite	[forge-autoname3 conf=high] Constructor: initializes vtable at line 2260, allocates linked-list pools at offsets 0xc/0x18/0x38/0x3c; clock sprite initialization
004c0430	CTCGraphicAppearance::ApplyAllMeshEffects	[forge-autoname3 conf=high] Walks tree of mesh entries, extracts effect data from offsets, applies via SetPMeshEffect with parameters; applies all effects
004c1d40	BinaryTree_Height	[forge-autoname3 conf=medium] Identical to 004b84a0: traverses red-black tree counting nodes; tree height/size calculation
004c1ec0	Insertion_MoveBackward_AndInsert	[forge-autoname3 conf=medium] Shifts array elements backward in loop while (param_4 & 1)!=0; insertion sort move phase for sorted insertion
004c1f10	Insertion_MoveBackward_AndInsert_Inverted	[forge-autoname3 conf=medium] Shifts backward when (~param_4 & 1)!=0, inverted predicate; insertion sort with inverted comparison logic
004c3760	BinaryTree_FindNodeByKey	[forge-autoname3 conf=medium] Binary search in RB-tree: traverses via offset +4 (right), +8 (left), +0xc (parent); compares uint at offset 0x10 with param_3
004c3860	std::Introsort_Partition_Barrier	[forge-autoname3 conf=medium] Partitions elements by test at offset +2, swaps 3-word blocks when both conditions met; introsort barrier/partition
004c38f0	std::introsort_Partition_Quicksort_Inverse_Body	[forge-autoname3 conf=medium] Called by Quicksort_Inverse not generic; proposer overgeneralized the function's scope
004c3ab0	std::make_heap_aux	[forge-autoname3 conf=medium] Calls _Adjust_heap repeatedly with 12-byte element heapify bottom-up
004c3b60	std::make_heap_aux	[forge-autoname3 conf=medium] Identical structure to 004c3ab0; both implement heap construction
004c3f90	LTextTreeWalkThrough::Erase	[forge-autoname3 conf=high] Thiscall erasing range [param_2, param_3) with tree rebalancing
004c4080	RBTree_FindInsertPosition	[forge-autoname3 conf=medium] Thiscall tree navigation with uint key comparison, returns parent and leaf
004c4430	Entity_Destroy_Wrapper	[forge-autoname3 conf=medium] Non-thiscall wrapper; 'Kill' claim lacks class evidence; proposer conflated caller name with function purpose
004c4a20	ListNode_AllocAbilityData	[forge-autoname3 conf=high] Allocates 0x20 bytes with refcount management at offset 0x14
004c4c70	MeshEffect_EraseNode	[forge-autoname3 conf=medium] Thiscall erasing node with refcount decrement and destructor call
004c4d50	CombatAnimationList::FindAndInsert	[forge-autoname3 conf=high] Thiscall sorted insertion via RBTree navigation and ListNode_InsertCombatAnimation
004c5220	std::introsort_PopHeap_OnPartition	[forge-autoname3 conf=medium] Calls make_heap then _Adjust_heap loop; partial heapsort after partition
004c52d0	std::introsort_PopHeap_OnPartition_Inverse	[forge-autoname3 conf=medium] Mirror of 004c5220 with inverted comparison logic
004c5480	AbilityDataList::FindAndInsert	[forge-autoname3 conf=high] Thiscall parallel to CombatAnimationList with AbilityData variants
004c5890	CombatAnimationList::FindOrInsert	[forge-autoname3 conf=high] Thiscall FindAndInsert wrapper called by SetTintColour
004c6080	LTextTreeWalkThrough::PrepareForLoad	[forge-autoname3 conf=high] Initializes tree state and calls BuildTreeArray for loading
004c60f0	LTextBinTree_ctor	[forge-autoname3 conf=high] Thiscall malloc(0x1c) initializes sentinel-based binary tree
004c65d0	LTextTreeWalkThrough_CountDistance	[forge-autoname3 conf=medium] Counts steps in tree traversal, not a distance calculation itself; proposer's name oversimplifies
004c6810	LTextTreeWalkThrough::Erase	[forge-autoname3 conf=high] Identical to 004c3f90; thiscall range erasure [param_2, param_3)
004c6900	RBTree_FindInsertPosition	[forge-autoname3 conf=medium] Identical to 004c4080; thiscall tree navigation returns parent/leaf positions
004c6b60	Tree_Erase_Wrapper	[forge-autoname3 conf=medium] Non-thiscall wrapper called by ProcessButtonBReleased; generic sequence of tree ops
004c6bc0	SplineDataList::FindAndInsert	[forge-autoname3 conf=high] Thiscall parallel to CombatAnimationList/AbilityDataList with SplineData
004c6e00	SplineDataList::FindOrInsert	[forge-autoname3 conf=high] Thiscall wrapper around FUN_004c6bc0 called by SetBulletTimeSlowdownMultiplier
004c7cf0	CThing::OnKill	[forge-autoname3 conf=high] Thiscall with CThing; calls OnDeactivateEntity and OnThingKill; entity death cleanup
004c84b0	CThing::Serialise	[forge-autoname3 conf=high] Thiscall CThing serialization with CDataOutputStream; persistence logic
004cb5e0	std::_Insertion_sort_BinaryInsert	[forge-autoname3 conf=medium] Thiscall binary insertion with element shifting; standard STL pattern
004cbbf0	std::vector_Reallocate	[forge-autoname3 conf=medium] malloc and copy loop for vector capacity expansion
004cc090	std::bitset_set	[forge-autoname3 conf=high] Thiscall bounds check and bit set via (param_2>>5)*4 offset arithmetic
004cc0d0	std::bitset_reset	[forge-autoname3 conf=high] Thiscall bitwise reset via &~(1<<...) complement of set operation
004cc690	std::heapsort_SiftDown	[forge-autoname3 conf=medium] Fastcall sift-down pattern in heap sort algorithm
004cc740	std::make_heap_aux_Float	[forge-autoname3 conf=medium] Fastcall _Adjust_heap on float pairs; division by 8 for element count
004cc820	ListNode_InsertTCNode	[forge-autoname3 conf=medium] Thiscall malloc(0xc) linked list node insertion
004cc9b0	std::vector_Reserve	[forge-autoname3 conf=high] Thiscall vector::reserve with conditional reallocation via FUN_004cbbf0
004ccc80	ListNode_InsertObjectWrapper	[forge-autoname3 conf=medium] Non-thiscall (called by CBaseObject::OnPropertyChanged); cannot claim class membership
004cd0c0	std::_Insertion_sort_BinaryInsert_Pairs	[forge-autoname3 conf=medium] Fastcall conditional binary insertion of pair (param_4, param_5)
004cd370	std::introsort_PopHeap_OnPartition_Float	[forge-autoname3 conf=medium] Fastcall float-key variant of partial heapsort after partition
004cd9d0	std::vector_ctor	[forge-autoname3 conf=high] Thiscall vector constructor with malloc(param_2*4) capacity initialization
004d0170	std::introsort_Partition_3way_Float	[forge-autoname3 conf=medium] Fastcall float partition with < pivot scan from both ends
004d0220	std::introsort_Partition_CCharString	[forge-autoname3 conf=medium] Fastcall partitions on float key with CCharString value swaps
004d0330	std::introsort_Partition_7element	[forge-autoname3 conf=medium] Fastcall partitions 7-float-stride records; element size evident from stride
004d0740	LTextTreeWalkThrough_dtor	[forge-autoname3 conf=high] Fastcall destructor calls BuildTreeArray and free; tree teardown
004d07a0	std::vector_CopyConstructor	[forge-autoname3 conf=high] Thiscall deep copy constructor; malloc and pair-copy loop from param_2
004d0830	Vector_Copy_Uint	[forge-autoname3 conf=medium] Generic vector copy pattern, not specifically a CSubtitledMessage method; lacks method context in callees
004d08a0	Vector_Copy_FixedStruct_0x1c	[forge-autoname3 conf=medium] Generic fixed-size struct vector copy (0x1c elements), not a CSubtitledMessage method
004d0980	BinaryTree_FindNodeLE	[forge-autoname3 conf=medium] Tree traversal comparing offset 0x10 against param_3, returns closest node <= target; evidence matches
004d0bf0	std::make_heap_Pair	[forge-autoname3 conf=medium] Heap construction on float-EConversationAttitude pairs via backward _Adjust_heap iteration
004d0c40	std::make_heap_PairCCharString	[forge-autoname3 conf=medium] Heap construction on float-CCharString pairs with CCharString copy semantics
004d0c90	std::make_heap_CDebugBox	[forge-autoname3 conf=medium] Heap construction on CDebugBox array (0x1c-sized elements)
004d0e20	LTextTreeWalkThrough_Cleanup	[forge-autoname3 conf=medium] Fastcall cleanup: BuildTreeArray call, then free; standard resource cleanup pattern
004d1360	CSubtitledMessage::ReserveAndInsertCameraTags	[forge-autoname3 conf=high] Explicit CCameraTag pair type in decomp, thiscall on CSubtitledMessage, OnInitLeaf caller, allocates/populates camera tag array
004d1b40	std::introsort_Heapsort_Top_Element	[forge-autoname3 conf=medium] Partial heapsort: make_heap then loop checking top element swap/adjust pattern
004d1bc0	std::introsort_Heapsort_Top_CCharString	[forge-autoname3 conf=medium] Partial heapsort for float-CCharString pairs; calls make_heap 004d0c40 variant
004d1c80	std::introsort_Heapsort_Top_CDebugCone	[forge-autoname3 conf=medium] Partial heapsort on CDebugCone array (0x1c elements); calls make_heap 004d0c90 variant
004d2880	CSubtitledMessage_VectorPushOrInsert	[forge-autoname3 conf=medium] Thiscall, GetMessagesFromTextName caller; push to vector or call insert_range if full
004dd0ee	CopyBackBufferToTexture_InitSurface1	[forge-autoname3 conf=medium] Thiscall CopyBackBufferToTexture caller; calls Alloc_24, initializes surface list pointers
004dd12f	CopyBackBufferToTexture_InitSurface2	[forge-autoname3 conf=medium] Thiscall variant of 004dd0ee; calls Alloc_24_v1, initializes identical surface structure
004dd170	TextureFormat_Handler_01	[forge-autoname3 conf=medium] Thiscall wrapper initializing structure at fixed offsets, but 'D3DTextureFormat_Init' claims D3D specificity unsupported by evidence; generic handler pattern with callees unknown
004dd19a	TextureFormat_Handler_02	[forge-autoname3 conf=medium] Identical initialization pattern to 004dd170, but insufficient evidence for D3D or Init claim
004dd1f2	TextureFormat_Handler_03	[forge-autoname3 conf=medium] Same pattern, different callee; generic handler naming more accurate than D3D-specific
004dd233	TextureFormat_Handler_04	[forge-autoname3 conf=medium] Identical initialization pattern; no D3D evidence
004dd25d	TextureFormat_Handler_05	[forge-autoname3 conf=medium] Identical initialization pattern; no D3D evidence
004dd287	TextureFormat_Handler_06	[forge-autoname3 conf=medium] Identical initialization pattern; no D3D evidence
004dd2d7	TextureFormat_Handler_07	[forge-autoname3 conf=medium] Identical initialization pattern; no D3D evidence
004dd301	TextureFormat_Handler_08	[forge-autoname3 conf=medium] Identical initialization pattern; no D3D evidence
004dd342	TextureFormat_Handler_09	[forge-autoname3 conf=medium] Identical initialization pattern; no D3D evidence
004dd383	TextureFormat_Handler_10	[forge-autoname3 conf=medium] Identical initialization pattern; no D3D evidence
004dd3c4	TextureFormat_Handler_11	[forge-autoname3 conf=medium] Identical initialization pattern; no D3D evidence
004dd405	TextureFormat_Handler_12	[forge-autoname3 conf=medium] Identical initialization pattern; no D3D evidence
004dd446	TextureFormat_Handler_13	[forge-autoname3 conf=medium] Identical initialization pattern; no D3D evidence
004dd487	TextureFormat_Handler_14	[forge-autoname3 conf=medium] Identical initialization pattern; no D3D evidence
004dd4b1	TextureFormat_Handler_15	[forge-autoname3 conf=medium] Identical initialization pattern; no D3D evidence
004dd501	TextureFormat_Handler_16	[forge-autoname3 conf=medium] Identical initialization pattern; no D3D evidence
004dd542	TextureFormat_Handler_17	[forge-autoname3 conf=medium] Identical initialization pattern; no D3D evidence
004dd583	TextureFormat_Handler_18	[forge-autoname3 conf=medium] Identical initialization pattern; no D3D evidence
004dd5c4	TextureFormat_Handler_19	[forge-autoname3 conf=medium] Identical initialization pattern; no D3D evidence
004dfcea	Partition_Step	[forge-autoname3 conf=medium] Fastcall with two-pointer traversal and swap<> calls, but 'CompareAndSwap' oversells it; this is a partition step in quicksort, not atomic compare-and-swap
004e1b5d	CArray_CopyAssign	[forge-autoname3 conf=medium] Thiscall calling _Copy_impl and _Destroy_range, but class name CArray unproven; rename to remove unproven class claim
004e1c8a	Set_Insert_Element	[forge-autoname3 conf=medium] Fastcall with set insertion logic but 'BackwardCopy' overstates the role; primary operation is sorted insertion via std__set_Insert_Sorted
004e1d68	Heap_SiftDown	[forge-autoname3 conf=high] Fastcall with _Adjust_heap call, correct operation name, keep as-is
004e201f	CActiveFile::operator_assign	[forge-autoname3 conf=high] Thiscall with OnReadFinished and CActiveFile class evidence; standard copy-assignment pattern confirmed
004e20ee	CActiveFile_AllocBuffer_dword	[forge-autoname3 conf=medium] Allocates and copies DWORD elements (<<2 shift), but 'AllocAndCopyBuffer' is clearer; _dword suffix is accurate
004e2589	CActiveFile_CopyFrom_AllocDword	[forge-autoname3 conf=medium] Identical to 004e20ee pattern; malloc with DWORD element copy; proposal accurate
004e29ba	CParticleMorphs::operator_assign	[forge-autoname3 conf=high] Thiscall, caller ?Copy@CParticleAttacherDef; OnReadFinished and FUN_004e2aab call confirm assignment pattern with 16-byte elements
004e2aab	CParticleMorphs_AllocAndCopy_x16	[forge-autoname3 conf=high] Allocates and copies 16-byte elements (<<4 shift); malloc confirms allocation, element size accurate
004e3526	Vector_GrowReserve	[forge-autoname3 conf=medium] Caller std::vector::push_back with malloc and _Uninit_copy; this is growth/reallocation, not insert
004e4326	CTCCarryable::operator_assign_1	[forge-autoname3 conf=high] Thiscall, calls OnKill and TreeNode_CloneDeep; tree-based copy-assignment variant confirmed
004e4aeb	CTCCarryable::operator_assign_2	[forge-autoname3 conf=high] Thiscall, calls OnKill and Tree_CloneRecursive; tree-based copy-assignment variant confirmed
004e4c16	CTCCarryable::operator_assign_3	[forge-autoname3 conf=high] Thiscall, calls OnKill and Tree_CloneRecursive; tree-based copy-assignment variant confirmed
004e4dc7	CTCCarryable::operator_assign_4	[forge-autoname3 conf=high] Thiscall, calls OnKill and TreeNode_Clone; tree node shallow-clone copy-assignment confirmed
004e507f	MemoryAllocator_WriteArenas	[forge-autoname3 conf=medium] Fastcall caller UpdateShadowScene, calls GetNoAllocatedAreas and WriteCBYTE; allocator metadata serialization confirmed
004e5170	RBTree::FindInsertionPoint	[forge-autoname3 conf=high] Thiscall caller GFSerialiseMapBinaryIn, red-black tree traversal with GetMaxNode; insertion point finder confirmed
004e51f6	RBTree::InsertNode	[forge-autoname3 conf=high] Thiscall calling BalanceTree and FUN_004e4fef; red-black tree node insertion with rebalancing confirmed
004e52b3	MemoryAllocator_WriteArenas_2	[forge-autoname3 conf=medium] Fastcall variant of 004e507f, identical pattern; allocator arena serialization confirmed
004e54cc	CTCCarryable::operator_assign_5	[forge-autoname3 conf=high] Thiscall caller ?Copy@CHeroSuitDef; OnKill and Tree_CloneRecursive confirm tree-based copy-assignment for inventory
004e5636	WriteAllocatedAreasData	[forge-autoname3 conf=high] Iterates GetNoAllocatedAreas, writes CBYTE at +0x10/+0x14 offsets to stream; matches proposal exactly.
004e5878	CTCCarryable::operator_assign	[forge-autoname3 conf=high] Thiscall, calls OnKill, Tree_CloneRecursive, manages tree pointers at offsets +4/+8/+c; copy-assignment pattern confirmed.
004e59e1	CFlammableDef::TransferHelper	[forge-autoname3 conf=medium] Calls CheckCRC, TransferBinaryIn/TransferBinaryOut; caller is CFlammableDef::Transfer but lacks direct evidence of CFlammableDef type; role verified but class not directly confirmed.
004e5a39	WriteAllocatedAreasData	[forge-autoname3 conf=high] Identical to 004e5636; same pattern of GetNoAllocatedAreas and WriteCBYTE calls.
004e5b21	RBTree::FindInsertPosition	[forge-autoname3 conf=high] Searches RB-tree with key comparison at offset 0x10; calls GetMaxNode; calls InsertNode (004e5ba7) with insert-position logic; RB-tree search confirmed.
004e5ba7	RBTree::InsertNode	[forge-autoname3 conf=high] Allocates node (FUN_004e597b), manages left/right child pointers at offsets +8/+c; calls BalanceTree; standard RB-tree node insertion.
004e5f70	CActiveFile::operator_assign	[forge-autoname3 conf=high] Thiscall on CActiveFile, copies elements of stride 0xe; calls OnReadFinished and FUN_004e6088; vector copy assignment.
004e6088	AllocateAndCopyActiveFileStride14	[forge-autoname3 conf=high] Allocates count*0xe bytes (0x14=20 decimal, but actual stride 0xe=14), copies via loop; element allocation confirmed.
004e610d	CTCCarryable::operator_assign	[forge-autoname3 conf=high] Identical to 004e5878; thiscall, OnKill, Tree_CloneRecursive, tree management.
004e628d	WriteAllocatedAreasData	[forge-autoname3 conf=high] Identical pattern to 004e5636/004e5a39; iterates GetNoAllocatedAreas, writes CBYTE fields.
004e6520	CTCCarryable::operator_assign	[forge-autoname3 conf=high] Identical to prior CTCCarryable assignments; copy-assign pattern.
004e6645	CTCCarryable::operator_assign	[forge-autoname3 conf=high] Identical to prior CTCCarryable assignments; copy-assign pattern.
004e67c0	WriteAllocatedAreasData	[forge-autoname3 conf=high] Identical serialization pattern; iterates GetNoAllocatedAreas, writes CBYTE fields.
004e6918	RBTree::FindInsertPosition	[forge-autoname3 conf=high] Caller: TransferBinaryIn; identical tree search pattern with key comparison at 0x10; calls GetMaxNode and InsertNode.
004e699e	RBTree::InsertNode	[forge-autoname3 conf=high] Called by FindInsertPosition; allocates node (FUN_004e6623), manages child pointers, calls BalanceTree.
004e6a5b	WriteAllocatedAreasData	[forge-autoname3 conf=high] Identical pattern; iterates GetNoAllocatedAreas, writes CBYTE fields.
004e6bb3	RBTree::FindInsertPosition	[forge-autoname3 conf=high] Caller: TransferBinaryIn; RB-tree search with key comparison, calls GetMaxNode, calls InsertNode (004e6c39).
004e6c39	RBTree::InsertNode	[forge-autoname3 conf=high] Allocates node (FUN_004e6748), manages tree structure, calls BalanceTree; standard RB-tree insertion.
004e6f74	CActiveFile::operator_assign	[forge-autoname3 conf=high] Thiscall on CActiveFile, copies stride 0x18 elements; calls OnReadFinished; vector copy assignment.
004e70cf	AllocateAndCopyActiveFileStride24	[forge-autoname3 conf=high] Allocates count*0x18 bytes, copies 6-DWORD elements in loop; element allocation wrapper.
004e7279	AllocateAndCopyActiveFileStride40	[forge-autoname3 conf=high] Allocates count*0x28 bytes (0x28=40 decimal), copies 10-DWORD structures; element allocation wrapper.
004e72c8	CActiveFile::operator_assign	[forge-autoname3 conf=high] Thiscall on CActiveFile, copies stride 0xc elements; calls OnReadFinished and FUN_004e741d; vector copy assignment.
004e741d	AllocateAndCopyActiveFileStride12	[forge-autoname3 conf=high] Allocates count*0xc bytes, copies 3-DWORD structures; element allocation wrapper.
004e7822	CExpressionSet::TransferHelper	[forge-autoname3 conf=high] Thiscall, calls CheckCRC, TransferBinaryIn/TransferBinaryOut on CExpressionSet; caller is CHeroMorphDef::Transfer; transfer helper confirmed.
004e788a	CSkeletalMorphs::TransferHelper	[forge-autoname3 conf=high] Thiscall, calls CheckCRC, TransferBinaryIn/TransferBinaryOut on CSkeletalMorphs; caller is CHeroMorphDef::Transfer; transfer helper confirmed.
004e7a62	WriteAllocatedAreasData	[forge-autoname3 conf=high] Identical serialization pattern; iterates GetNoAllocatedAreas, writes CBYTE fields.
004e7bb5	RBTree::FindInsertPosition	[forge-autoname3 conf=high] Caller: TransferBinaryIn; standard RB-tree search with key at param_3; calls GetMaxNode and InsertNode.
004e7c3b	RBTree::InsertNode	[forge-autoname3 conf=high] Allocates node (AllocAndCopyFields), manages child pointers, calls BalanceTree; RB-tree insertion.
004e8743	VectorInsertShift	[forge-autoname3 conf=high] Caller: push_back; shifts elements forward by copying from source, updates end pointer; in-place insertion shift.
004e8772	VectorInsertElements	[forge-autoname3 conf=high] Caller: push_back; inserts param_3 elements, calls VectorReallocateAndMove; complex vector insertion.
004e8898	VectorReallocateAndMove	[forge-autoname3 conf=high] Allocates new buffer (malloc), copies [begin,param_2), fills value, optionally appends tail; vector reallocation.
004e8ac5	VectorInsertShift	[forge-autoname3 conf=high] Identical to 004e8743; shifts elements in place for insertion.
004e8af4	VectorInsertElements	[forge-autoname3 conf=high] Caller: push_back; inserts param_3 elements, calls VectorReallocateAndMove; vector insertion.
004e910f	WriteAllocatedAreasDataWithThreeFields	[forge-autoname3 conf=high] Caller: UpdateShadowScene; iterates GetNoAllocatedAreas, writes 3 CBYTE fields (+0x10/+0x14/+0x18); distinct from 2-field version.
004e9213	RBTree::FindInsertPosition	[forge-autoname3 conf=high] Caller: TransferBinaryIn; standard RB-tree search pattern; calls GetMaxNode and InsertNode (004e9299).
004e9299	RBTree::InsertNode	[forge-autoname3 conf=high] Allocates node (AllocAndCopyThreeFields), manages tree structure, calls BalanceTree; RB-tree insertion.
004e9356	WriteAllocatedAreasData	[forge-autoname3 conf=high] Identical pattern; iterates GetNoAllocatedAreas, writes 2 CBYTE fields (+0x10/+0x14).
004e94c8	RBTree::InsertNode	[forge-autoname3 conf=high] Caller: RBTree::FindInsertPosition; allocates node (FUN_004e4d19), manages tree structure, calls BalanceTree.
004e9550	CObjectAugmentationParticleSet::TransferHelper	[forge-autoname3 conf=high] Thiscall, calls CheckCRC, CPersistTraits TransferBinaryIn/Out on CObjectAugmentationParticleSet, FinishWithDynamicTextures; transfer helper.
004e9c63	AllocateAndCopyPairStringDatetime	[forge-autoname3 conf=medium] Allocates count*0x48 bytes, uses _Cons_val constructor for pair<string,pair<long,datetime>> copying; allocation wrapper for map pair elements.
004e9f87	Vector_InsertMoveRange	[forge-autoname3 conf=high] Shifts 16-byte elements via loop (>> 4 shifts), called by push_back; clear vector operation evidence
004e9fbc	Vector_InsertRange_C3DClothQuad	[forge-autoname3 conf=high] Calls fill<C3DClothQuad*,C3DClothQuad> and FUN_004ea104; handles 0x10-byte element insertion
004ea104	Vector_ReallocateInsert	[forge-autoname3 conf=high] Calls malloc/free with 0x10-byte multiplier; reallocation helper for vector insertion
004ea21e	CReplaceableMeshes_Transfer	[forge-autoname3 conf=high] Caller is ?Transfer@CReplaceableMeshDef; creates CIndexBuffer, calls TransferBinaryIn/Out
004ea40b	Vector_InsertMoveRange_0xe	[forge-autoname3 conf=high] Shifts 0xe-byte elements via loop (/ 0xe division); called by push_back
004ea446	Vector_InsertRange_CEngineGraphic	[forge-autoname3 conf=high] Calls _Fill<CEngineGraphic*,CEngineGraphic> and FUN_004ea5a1; handles 0xe-byte insertion
004ea5a1	Vector_ReallocateInsert_0xe	[forge-autoname3 conf=high] Calls malloc with 0xe multiplier; reallocation for 0xe-byte elements
004eaad0	CShoveHaPennyRegionDef_CopyAssign	[forge-autoname3 conf=high] Caller is operator=; copies 0x30-byte CShoveHaPennyRegionDef vector, calls OnReadFinished
004eacbb	CShoveHaPennyRegionDef_AllocateCopyConstruct	[forge-autoname3 conf=high] Calls malloc(param_1 * 0x30) and _Cons_val; allocates and constructs 0x30-byte objects
004eae1e	CShoveHaPennyRegionDef_CopyAssign_B	[forge-autoname3 conf=high] Identical structure to 004eaad0; second variant of operator= implementation for same type
004eafe8	CShoveHaPennyRegionDef_AllocateCopyConstruct_B	[forge-autoname3 conf=high] Identical to 004eacbb; second variant alloc/construct for same 0x30-byte type
004eb45f	Vector_InsertMoveRange_16	[forge-autoname3 conf=high] Identical to 004e9f87; shifts 16-byte (0x10) elements via loop
004eb494	Vector_InsertRange_C3DClothQuad_B	[forge-autoname3 conf=high] Parallel to 004e9fbc; second C3DClothQuad insertion variant with fill and realloc
004eb5dc	Vector_ReallocateInsert_16	[forge-autoname3 conf=high] Parallel to 004ea104; reallocation for 16-byte (0x10) elements
004eb6e7	CMultiStaticMeshEntryDef_CopyAssign	[forge-autoname3 conf=high] Caller is ?Copy@CMultiStaticMeshDef; calls operator= on 0x38-byte CMultiStaticMeshEntryDef objects
004eb90c	CMultiStaticMeshEntryDef_AllocateCopyConstruct	[forge-autoname3 conf=high] Calls malloc(param_1 * 0x38) and CMultiStaticMeshEntryDef ctor; 0x38-byte allocation
004eb9a6	GUI_HeapSort_BestForTargeting	[forge-autoname3 conf=medium] Caller TransferToGui; calls make_heap with CThingCompare_BestForTargeting2 comparator; sorting helper
004ebca9	Pair_CCharString_CArray_CopyAssign	[forge-autoname3 conf=high] Copies pair<CCharString,CArray<ulong>> vector (0x48-byte elements); vector copy assignment
004ebe62	Vector_AllocateRange_8byte	[forge-autoname3 conf=high] Allocates malloc(param_2 << 3) = count*8; used by VectorAppendRange
004ebedb	Pair_CCharString_CArray_AllocateCopyConstruct	[forge-autoname3 conf=high] Calls malloc(param_1 * 0x48) and _Cons_val; allocates 0x48-byte pair objects
004ebf32	CShoveHaPennyRegionDef_CopyAssign_0x44	[forge-autoname3 conf=high] Copies CShoveHaPennyRegionDef variant (0x44 bytes); similar logic to 004eaad0 with different element size
004ec10f	CShoveHaPennyRegionDef_AllocateCopyConstruct_0x44	[forge-autoname3 conf=high] Allocates malloc(param_1 * 0x44); constructs 0x44-byte variant objects
004ec33e	CTCCarryable_CopyAssign	[forge-autoname3 conf=high] Thiscall on CTCCarryable; calls OnKill and Tree_CloneRecursive; copies tree structure
004ec4f2	Vector_AllocateRange_4byte	[forge-autoname3 conf=high] Allocates malloc(param_2 << 2) = count*4; used by VectorAppendRange
004ec62f	Shadow_WriteAllocatedAreas	[forge-autoname3 conf=high] Caller UpdateShadowScene; iterates via GetNoAllocatedAreas writing CBYTEs to CDataOutputStream
004ec717	RBTree_FindInsertionPoint	[forge-autoname3 conf=high] Caller GFSerialiseMapBinaryIn; finds tree insertion point via GetMaxNode and comparisons
004ec79d	RBTree_InsertNode	[forge-autoname3 conf=high] Calls BalanceTree and FUN_004ec31c; inserts node with red-black tree rebalancing
004ec85a	Shadow_WriteAugmentationParticles	[forge-autoname3 conf=high] Caller UpdateShadowScene; writes CObjectAugmentationParticleSet via TransferBinaryOut
004ec9d3	RBTree_FindInsertionPoint_Char	[forge-autoname3 conf=high] Caller GFSerialiseMapBinaryIn<CCharString,long>; parallels 004ec717 for CCharString keys
004eca59	RBTree_InsertNode_AugmentationParticle	[forge-autoname3 conf=high] Calls CObjectAugmentationParticleSet::Create and BalanceTree; inserts augmentation particles
004ece60	RBTree_FindInsertionPoint_B	[forge-autoname3 conf=high] Caller TransferBinaryIn; second variant of tree insertion point finder
004ecee6	RBTree_InsertNode_B	[forge-autoname3 conf=high] Calls FUN_004e9ab1 and BalanceTree; second variant tree insertion
004ed0c6	Vector_InsertRange_Pair_DummyObject	[forge-autoname3 conf=high] Inserts pair<ulong,C3DDummyObject> range; calls _Copy_impl and _Destroy
004ed161	Vector_InsertRange_Pair_StringPair	[forge-autoname3 conf=high] Inserts pair<CCharString,pair<long,CDateAndTime>> with 0x48-byte elements; complex copy/fill
004ed353	Vector_ReallocateInsert_0x48	[forge-autoname3 conf=high] Allocates malloc((int)ppVar2 * 0x48); reallocation for 0x48-byte pair elements
004edab7	Vector_InsertRange_0x30	[forge-autoname3 conf=high] Inserts 0x30-byte elements via FUN_004edaf3; called by push_back
004edaf3	Vector_InsertCopyRange_0x30	[forge-autoname3 conf=high] Copies 0x30-byte elements backward via operator= in loop
004edb3e	Vector_InsertRange_CCardDef	[forge-autoname3 conf=high] Calls CCardDef ctor, _Cons_val, _Fill_n; inserts with FUN_004edd13 reallocation
004edcc2	Vector_InsertCopyRange_Backward_0x30	[forge-autoname3 conf=high] Copies 0x30-byte elements backward via operator= loop; shifts elements in place
004edd13	Vector_ReallocateInsert_0x30	[forge-autoname3 conf=high] Allocates malloc((int)pCVar2 * 0x30); reallocation for 0x30-byte elements
004edf8c	Vector_CopyAndDestroyRange	[forge-autoname3 conf=medium] Does vector relocation with element copy/destroy, but function is generic pattern helper without class context
004edfdc	Vector_Insert_Range_Impl	[forge-autoname3 conf=medium] Vector range insertion with reallocation handling clearly evidenced
004ee137	Vector_ReallocateAndCopy	[forge-autoname3 conf=medium] Allocates buffer, copies elements, calls OnReadFinished as evidenced
004ee23f	Init_RegisterGameComponents	[forge-autoname3 conf=medium] Is called by CMainGameComponent::Init but is itself NOT a method (void FUN_004ee23f with no this pointer); registers 100+ game classes not a method implementation
004f932c	Vector_ReassignAndRelocate	[forge-autoname3 conf=medium] Does complex vector reallocation/copy ops, not just OnReadFinished callback as name suggests
004f9484	Vector_Reallocate_CopyPairs	[forge-autoname3 conf=medium] Pair reallocation helper evidenced
004f95e9	CActiveFile_CopyAssign_Helper	[forge-autoname3 conf=medium] CActiveFile copy assignment helper evidenced
004f9660	Script_TreeNode_Clone	[forge-autoname3 conf=medium] Clones script tree nodes as evidenced
004f9831	Tree_CloneRecursive_Impl	[forge-autoname3 conf=medium] Recursive tree clone implementation evidenced
004f9d7b	Vector_Insert_Element	[forge-autoname3 conf=medium] Single element vector insertion evidenced
004f9db7	CActiveFile_CopyAssign_Loop	[forge-autoname3 conf=medium] Loops over elements doing operator= and CActiveFile_Copy, not a constructor
004f9df8	Vector_Insert_Multiple_Elements	[forge-autoname3 conf=medium] Multi-element insertion with reallocation evidenced
004f9f62	CActiveFile_Copy_Element	[forge-autoname3 conf=medium] Single CActiveFile element copy evidenced
004f9fa3	CActiveFile_OnReadFinished	[forge-autoname3 conf=medium] Allocates and initializes CActiveFile elements, calls OnReadFinished
004fa1f0	Vector_Insert_ElementWithDestroy	[forge-autoname3 conf=medium] Element insertion with destroy evidenced
004fa277	Vector_Insert_Range_ShoveHaPenny	[forge-autoname3 conf=medium] Range insert for CShoveHaPennyRegionDef evidenced
004fa3e3	ShoveHaPennyRegionDef_Copy	[forge-autoname3 conf=medium] CShoveHaPennyRegionDef copy via operator= evidenced
004fa434	ShoveHaPennyRegionDef_OnReadFinished	[forge-autoname3 conf=medium] Allocates and constructs CShoveHaPennyRegionDef elements with OnReadFinished
004fe5b0	ParticleMorphs_Entry_Erase	[forge-autoname3 conf=medium] Map entry erasure logic evidenced
004fe630	CreateNavMap_LoadParticleMorphs	[forge-autoname3 conf=medium] Loads particle morphs from file evidenced
00501150	LoadLevel_ParseObjects	[forge-autoname3 conf=medium] Level object creation and tree building evidenced
00507650	CWorldMap::LoadFromFile	[forge-autoname3 conf=high] Implementation of CWorldMap::LoadFromFile with file I/O and map loading evidenced
005079c0	LoadGameStateInternal_ParseRegions	[forge-autoname3 conf=medium] Game state region parsing from text evidenced
0050dee0	BinarySearchTree_FindPredecessor	[forge-autoname3 conf=medium] Function finds predecessor node in BST, not empty padding as name suggests
0050df80	BinarySearchTree_FindPredecessor_2	[forge-autoname3 conf=medium] Identical BST predecessor-finding code, not empty padding
0050e190	BinarySearchTree_FindPredecessor_Insert	[forge-autoname3 conf=medium] Called by BinarySearchTree_Insert but does tree traversal, not a callback
00512120	List_Assign_Destroy	[forge-autoname3 conf=medium] Linked list element destruction evidenced
00512870	CTCVillage_MallocHelper	[forge-autoname3 conf=medium] CTCVillage initialization helper allocating circular structure
005128b0	Vector_UninitializedCopy_Allocator	[forge-autoname3 conf=medium] Vector allocator for 8-byte elements evidenced
005131d0	PopulateRegionWithVillagers_RandChance	[forge-autoname3 conf=medium] Random element shuffling via rand() evidenced
00513210	PopulateRegionWithVillagers_FloatRandom	[forge-autoname3 conf=medium] Float-based randomization via GFFloatRandom evidenced
005136b0	LoadDataStream_AllocateSurface	[forge-autoname3 conf=medium] Surface allocation and initialization evidenced
00513d90	IntrosortShellsort_MedianOfThree	[forge-autoname3 conf=medium] Finds median-of-three for introsort pivot selection, not general partitioning
00513e20	IntrosortShellsort_Partition_Hoare	[forge-autoname3 conf=medium] Hoare partition implementation for introsort, not heapify
00514050	InsertionSort_Compare	[forge-autoname3 conf=medium] Insertion sort using comparator evidenced
00514350	PopulateVillagers_ArrayResize	[forge-autoname3 conf=medium] Array resizing with memmove evidenced
00514730	PopulateRegionWithVillagers_FindTreeNode	[forge-autoname3 conf=medium] Tree traversal to find insertion points, not simple assignment
00514790	CEngineWorldMap_CopyConstructor	[forge-autoname3 conf=high] Thiscall, allocates 0x11-byte object, calls CreateNewBankMap, copies field data at fixed offsets (0x5, 0x9, 0xd), reference counting pattern confirms copy semantics
005148d0	CEngineWorldMap_MoveConstructor	[forge-autoname3 conf=high] Thiscall, allocates 5-byte object (smaller than copy), calls CreateNewBankMap, similar field copying pattern at fixed offsets
00514b50	CMemoryAllocatorVariableSize_FindInsertPosition	[forge-autoname3 conf=high] Thiscall, binary tree traversal comparing key at offset 0x10 against param_3, calls InsertNode, classic BST position lookup
00514f40	VectorInsertRange	[forge-autoname3 conf=medium] Thiscall vector operation: allocates new buffer, copies existing elements via memmove, fills new elements with param_3, handles optional tail copy at param_6
00515020	AllocateAndInitMapInfoArray	[forge-autoname3 conf=high] Allocates param_1 * 0x48 byte array (CMapInfo size), constructs each element in range [param_2, param_3) via CMapInfo::CMapInfo
005151d0	ListWrapper_InsertElement	[forge-autoname3 conf=medium] Allocates 0x10-byte node, wraps with CBaseIntelligentPointer, inserts into doubly-linked list structure
005154c0	std_insertion_sort_CThingBuilding	[forge-autoname3 conf=medium] Fastcall insertion sort: calls CIsHouseLargerThan::operator() for comparisons, shifts elements left, places in sorted position
00515ad0	CWorldMap_Constructor	[forge-autoname3 conf=high] Thiscall constructor: initializes vector (3-pointer structure), calls malloc for CMapInfo array, initializes CCharString fields
00515c20	std_vector_push_range	[forge-autoname3 conf=medium] Thiscall: copies pairs of 8-byte values from (param_3, param_2) into vector end, updates size at param_1+4
00515e90	CEngineWorldMap_CopyConstructor_Type2	[forge-autoname3 conf=high] Fastcall, allocates 0x15-byte object, calls FUN_00514790 for previous level, copies 4 field offsets (0x5, 0x9, 0xd, 0x11)
00516010	CEngineWorldMap_MoveConstructor_Type2	[forge-autoname3 conf=high] Fastcall, allocates 5-byte object, calls FUN_005148d0 for previous level, reference counting pattern, move semantics
00516af0	DigScriptNode_FindOrInsert	[forge-autoname3 conf=high] Thiscall map insertion via operator[]: binary tree traversal, CCharString key comparisons with std::less, node insertion calls
00517130	DoublyLinkedList_InitializeFromRange	[forge-autoname3 conf=medium] Loop allocates 0x10-byte nodes, wraps with CBaseIntelligentPointer, inserts into doubly-linked list for range [param_2, param_3)
00517370	LTextTreeWalkThrough_CopyAssignment	[forge-autoname3 conf=high] Thiscall operator= pattern: calls BuildTreeArray to flatten tree, deep clones source tree via CCharStringTreeNode_DeepClone_Extended, maintains sorted invariants
00517480	LinkedList_InsertRangeFromArray	[forge-autoname3 conf=medium] Fastcall loop allocates 0x18-byte nodes, copies 4-DWORD elements, inserts into linked list chain at param_4
005176d0	std_make_heap	[forge-autoname3 conf=high] Fastcall heap construction: calls _Adjust_heap in downward loop with decreasing indices, implements binary-heap max-heapify
00517850	LTextTreeWalkThrough_Destructor	[forge-autoname3 conf=high] Fastcall destructor: calls BuildTreeArray to flatten tree, frees allocated array via free()
005179c0	std_vector_ulong_Initialize	[forge-autoname3 conf=medium] Thiscall vector init: malloc's array of param_2 ulongs (param_2*4 bytes), fills with zeros via _Fill_n, sets 3-pointer structure
00517cb0	VectorInsertRangeGeneric	[forge-autoname3 conf=medium] Thiscall generic vector insert: allocates new buffer, copies existing elements, inserts param_5 copies of param_3, optionally appends tail
00517ef0	CEngineWorldMap_CopyConstructor_Type3	[forge-autoname3 conf=high] Fastcall, allocates 0x19-byte object, calls FUN_00515e90 for previous level, copies 4 field offsets (0x5, 0x9, 0xd, 0x11, 0x15)
00518040	CEngineLandscapeMeshBuilder_CLayer_CopyConstructor_Type1	[forge-autoname3 conf=high] Fastcall, allocates 0x840e-byte structure, calls SetAllPolys and FUN_00516010, reference counting pattern for landscape mesh layer
00518c90	CCharString_InitializeArrayRange	[forge-autoname3 conf=medium] Fastcall loop initializes CCharString array [param_1, param_1+param_2): each element copy-constructed from param_3 with nested vector allocation
00518d80	std_list_Initialize	[forge-autoname3 conf=medium] Thiscall list initialization: allocates 0x18-byte sentinel node, self-links it, calls Std_List_Construct_From_Iterator_Range
00518e80	CRegion_Constructor	[forge-autoname3 conf=high] Thiscall constructor: allocates 0x1c-byte tree structure, deep clones tree from param_2 via CCharStringTreeNode_DeepClone_Extended
00519510	CEngineWorldMap_CopyFields_Type3	[forge-autoname3 conf=medium] Fastcall: calls FUN_00517ef0, copies 6 32-bit values + 1 byte from returned object to param_1
005196e0	CEngineLandscapeMeshBuilder_CLayer_CopyConstructor_Type2	[forge-autoname3 conf=high] Fastcall, allocates 0x8416-byte structure, calls SetAllPolys, FUN_00518040, copies 0x2100 element loop at offset 0x16
00519800	Vector_Reserve_CMapInfo	[forge-autoname3 conf=medium] Thiscall vector grow helper: calls FUN_00515020 if new capacity exceeds current, destroys/frees old data
00519a50	Vector_InsertRangeGeneric_CMapInfo	[forge-autoname3 conf=medium] Thiscall vector insert for 0x48-byte CMapInfo elements: allocates new buffer, copy-constructs elements, handles tail copy
00519cd0	Vector_InsertRange_Optimized	[forge-autoname3 conf=high] Thiscall optimized vector insert: three cases based on capacity; uses _Uninit_copy, _Copy_backward for complex copying
0051a2f0	ListNode_RemoveAndSort	[forge-autoname3 conf=medium] Thiscall: erases node via CMemoryAllocatorVariableSize::Erase, calls SortTreeRecursively on freed structure
0051a5a0	CEngineLandscapeMeshBuilder_CLayer_CopyConstructor_Type3	[forge-autoname3 conf=high] Fastcall, allocates 0x841a-byte structure, calls SetAllPolys, FUN_005196e0, copies 0x2100 loop at offset 0x16, field at 0x8416
0051a6d0	Vector_Resize_CMapInfo	[forge-autoname3 conf=medium] Thiscall vector resize: calls FUN_00519a50 if size change exceeds capacity, uses _Fill_n to initialize new elements
0051acf0	std_partial_sort_heap	[forge-autoname3 conf=high] Fastcall partial sort: calls FUN_005176d0 to build heap, loops extracting partition elements and adjusting heap
0051af80	TreeNode_EraseRange	[forge-autoname3 conf=medium] Thiscall tree node eraser: handles full-tree clear, loops erasing nodes via CMemoryAllocatorVariableSize::Erase
0051b0a0	CEngineLandscapeMeshBuilder_CLayer_CopyConstructor_Type4	[forge-autoname3 conf=high] Fastcall, allocates 0x841e-byte structure, calls SetAllPolys, FUN_0051a5a0, copies field at 0x8416 and 0x841a
0051b1e0	RBTree_MapInsertOrFind	[forge-autoname3 conf=high] Thiscall map insert: calls RBTree::FindInsertPositionOrEqual, ListNode_InsertWithClone, uint key comparisons at offset 0x10, RED-BLACK tree insertion
0051b940	CScreenEffectPriorityStack_CRadialBlurEntry_Constructor	[forge-autoname3 conf=high] Fastcall, allocates 0x1081e-byte structure, calls FUN_0051b0a0, SetAllPolys twice, CRadialBlurEntry constructor
0051c110	Vector_InsertRangeGeneric_CCharString	[forge-autoname3 conf=medium] Thiscall vector insert for 0x10-byte CCharString elements: allocates, copies via std_uninitialized_copy_with_construction, handles single/bulk
0051c1f0	Vector_InsertRangeGeneric_CMusicSetEntry	[forge-autoname3 conf=medium] Thiscall vector insert for 0x10-byte CMusicSetEntry elements: uses std::_Move, handles single/bulk, _Move_backward for tail
0051c2f0	CRigidBody_CRigidBodyConfig_Constructor	[forge-autoname3 conf=high] Fastcall, allocates 0x10822-byte structure, calls FUN_0051b940, SetAllPolys twice, CRigidBodyConfig::operator=
0051c400	Introsort_TripletPartition	[forge-autoname3 conf=high] Calls IntrosortShellsort_Fallback and InsertionSortWithComparator; implements intro-sort depth-based switching logic; evidence matches algorithm pattern
0051c470	std::list_Cons_node_ReallocateAndCopy	[forge-autoname3 conf=medium] Reallocates list node storage and copies/constructs elements; malloc/free pattern; calls _Cons_node but not a direct allocator thiscall
0051c890	ResourceData_CopyIfDifferentBuffer	[forge-autoname3 conf=medium] Checks tab char at offset+1, copies 0x4208 dwords; omit 'refcount' claim as not clearly evident in decomp
0051c920	std::vector_InsertRange_WithRealloc	[forge-autoname3 conf=high] Called by resize; manages vector capacity with _Uninit_copy, _Fill_n, _Copy_backward pattern; classic vector insert reallocation
0051d240	std::vector_Construct_FromTreeTraversal	[forge-autoname3 conf=medium] Constructs vector via resize and BuildTreeArray; tree node container but 'LTextTreeWalkThrough' name too specific without clear thiscall evidence
0051d400	std::vector_InsertN_WithRealloc	[forge-autoname3 conf=medium] Vector reallocation for 0x18-byte elements; drops 'MultiDim' claim as not clearly supported; generic insert-n pattern
0051d630	std::vector_InsertRange_WithRealloc_Pairs	[forge-autoname3 conf=high] Inserts range into vector<pair<CCharString,CCharString>>; calls _Copy_backward, _Uninit_copy; pair element reallocation evident
0051f0e0	CTCHeroMorph_ApplyEffects_WithLookup	[forge-autoname3 conf=high] Applies effects via LowerBound lookups and KillParticles/AddAndCopyTC; 'ParticleEffects' claim is overspecified, function handles multiple effect types
00520670	CThingManager_LoadGameState_Scripts	[forge-autoname3 conf=high] Called by LoadGameState; loads/decompresses entities from nested scripts with progress display; LoadSingleThing and InternalDecompress calls evident
00521620	CEditWorldMap_LoadRivers	[forge-autoname3 conf=high] Loads CEditWorldMap river data; loops over maps, reads C2DLineF structures; binary tree traversal pattern for geometry
00523540	CThingManager_Constructor	[forge-autoname3 conf=high] Thiscall initializing CThingManager; calls InitThingTypes, SetCurrentThingManager, malloc; returns this
00523790	CThingDeadCreature_SetName	[forge-autoname3 conf=high] Thiscall on CThingDeadCreature; updates name at member offset param2*0x18; calls WorldUpdateBulletTime, CCharString::operator=
00523910	CThingDeadCreature_SetAnimationData	[forge-autoname3 conf=high] Thiscall updating dead creature animation state; calls WorldUpdateBulletTime, resizes vector<unsigned_char>, copies bulk byte data
00523b40	CThingManager_SavePersistentEntityData	[forge-autoname3 conf=high] Saves persistent entity runtime data; calls SavePersistentEntitiesInRegions, SetGamePersistentSaveData, Save_WriteEntityHierarchy
00524290	CThingManager_SaveGameState	[forge-autoname3 conf=high] Saves game state to script format; string literals show 'START_SAVED_ENTITIES', 'END_SAVED_ENTITIES', 'START_SAVED_NPC_NAMES', 'END_SAVED_NPC_NAMES' markers
00524ec0	CDrawQuestInfo_LoadDeadCreatures	[forge-autoname3 conf=high] Loads dead creature list for quest tracking; calls FUN_00523910 for each creature, BinarySearchTree_Insert for UID lookup
00527b10	BinaryTree_SuccessorNode	[forge-autoname3 conf=high] Binary search tree successor navigation; tree traversal with parent/child pointers at offsets +4/+8/+0xc; in-order successor logic
00527b60	BinaryTree_SuccessorNode_Dup	[forge-autoname3 conf=high] Identical logic to FUN_00527b10; called by BinarySearchTree_Insert; in-order tree successor calculation
00527d20	BinaryTree_LowerBound_Uint64	[forge-autoname3 conf=high] Thiscall binary tree search for 64-bit key at offsets +0x10/+0x14; comparison-based traversal; returns found node or parent insertion point
00527e60	BinaryTree_Distance	[forge-autoname3 conf=high] Counts nodes between two tree positions via in-order successor steps; increments counter at each step
00528040	BinaryTree_Distance_Dup	[forge-autoname3 conf=high] Identical to FUN_00527e60; called by CCombatWheel::Insert; tree distance calculation via successor traversal
00528090	BinaryTree_AdvanceIterator	[forge-autoname3 conf=high] Advances tree iterator N steps via successor; loops param_2 times; called by CCombatWheel::Insert
00528610	BinaryTree_LowerBound_Uint64	[forge-autoname3 conf=high] Thiscall binary tree lookup for 64-bit key with comparison at offsets +0x10/+0x14; same pattern as 00527d20 but different caller
00528650	BinaryTree_LowerBound_Uint64_Dup2	[forge-autoname3 conf=high] Another copy of LowerBound search; 64-bit key binary tree traversal; similar logic to 00527d20 and 00528610
005289c0	CSplineEntry_Create	[forge-autoname3 conf=high] Factory function allocating and initializing spline entry struct (0x20 bytes); copies floats + CCharString + CWideString
00528ef0	LTextBinTree_EraseRange	[forge-autoname3 conf=high] Thiscall erasing tree node range; calls BuildTreeArray rebuild after erase; CMemoryAllocatorVariableSize::Erase pattern
00529f50	std::vector_Append_Dwords	[forge-autoname3 conf=medium] Thiscall vector append with 8-byte element copy loop; advances capacity pointer after bulk element insert
0052a010	BinaryTree_InsertLowerBound_Uint64	[forge-autoname3 conf=high] Finds lower-bound position and returns {key,node} pair; calls FUN_00528650 for comparison
0052a200	BinaryTree_Insert_WithComparator	[forge-autoname3 conf=high] Inserts into sorted binary tree; calls CRedBlackTree_Insert_Compact and FUN_00527b10 for rebalancing
0052a2d0	CSplineList_Insert_Ordered	[forge-autoname3 conf=high] Inserts spline into ordered list by 64-bit key; calls ListNode_InsertSpline, BinaryTree_FindPredecessor/Successor; complex tree insertion pattern
0052a960	std::vector_InsertN_8ByteElements	[forge-autoname3 conf=medium] Vector reallocation for 8-byte elements (undefined4 pairs); similar pattern to resize with malloc/free
0052afb0	BinaryTree_DeleteNode_Chain	[forge-autoname3 conf=high] Wrapper calling FUN_0052a010, FUN_00527e60, FUN_00528ef0 in sequence; orchestrates node deletion
0052b100	std::vector_InsertRange_Morphs	[forge-autoname3 conf=medium] Vector reallocation for CEngineTextureMorph array; _Move elements, construct with _Cons_val pattern
0052b150	std::vector_InsertN_Pairs_8Bytes	[forge-autoname3 conf=medium] Vector insert-n for pair<float,EConversationAttitude>; handles capacity check and _Fill_n initialization
0052b3d0	std::vector_InsertN_ComplexElements	[forge-autoname3 conf=medium] Generic vector insert-n with complex element copying; calls _Ufill, _Uninit_copy, destroys old storage
0052b9d0	std::vector_InsertN_ComplexElements_Dup	[forge-autoname3 conf=medium] Similar to FUN_0052b3d0; inserts range with element construction and _Copy_backward
0052c150	std::vector_InsertN_SymbolEntry	[forge-autoname3 conf=medium] Vector insert-n for symbol map entries (0x18 bytes); calls CCharStringVector_CopyAssign for element duplication
0052d6b0	BinaryTree_LowerBound_Uint	[forge-autoname3 conf=high] Thiscall binary tree search for 32-bit key at +0x10; traversal with comparison; returns found node or root
0052dd10	BinaryTree_SuccessorNode_Dup3	[forge-autoname3 conf=high] Another copy of successor calculation logic; red-black/binary tree in-order traversal; identical to 00527b10 and 00527b60
0052df20	BinaryTree_LowerBound_Int	[forge-autoname3 conf=high] Thiscall binary tree lookup for signed int at +0x10; comparison-based traversal; called by ObserveEvent
0052e050	LTextTreeWalkThrough::Destroy	[forge-autoname3 conf=high] Calls BuildTreeArray and free; cleanup pattern confirmed
0052e1e0	LTextTreeWalkThrough::Dtor	[forge-autoname3 conf=high] Identical code to 0052e050; called by vector_deleting_destructor
0052e230	CRedBlackTree::Insert	[forge-autoname3 conf=medium] Thiscall with binary search insertion; 'InsertBefore' is misleading
00530a40	DynamicListEntry::MakeUnavailable	[forge-autoname3 conf=medium] Caller MakeUnavailable; iterates tree writing to offsets 0x2c-0x2e
00530b00	DynamicListEntry::MakeUnavailableDynamic	[forge-autoname3 conf=medium] Caller MakeUnavailableDynamically; same pattern plus additional writes 0x85-0x8e
00530ce0	DynamicListEntry::MakeAvailable	[forge-autoname3 conf=medium] Caller MakeAvailable; tree iteration matching MakeUnavailable
00530da0	DynamicListEntry::MakeAvailableWithCallbacks	[forge-autoname3 conf=medium] Caller MakeAvailable; tree iteration plus vtable method calls confirm pattern
00531ec0	CGuiComponent::Update	[forge-autoname3 conf=medium] Thiscall; caller Update; accumulates param to 0xc, calls vtable 0x94/0x88/0xa0, iterates child tree
00534d30	std::list_node::splice	[forge-autoname3 conf=medium] Moves nodes between positions with parent/next pointer updates; list splicing
00534da0	RBTreeNode::FindSuccessor	[forge-autoname3 conf=medium] BST successor logic via child/parent traversal confirmed
00535240	CRedBlackTree::InsertUInt	[forge-autoname3 conf=medium] Thiscall with uint comparison; 'InsertBefore' is misleading
00535800	std::list::splice	[forge-autoname3 conf=high] Splices range into list before position; calls node_splice and _Insert
00535e5a	CAnimationEntry::Allocate	[forge-autoname3 conf=medium] Allocates param1*0xc bytes; caller CActiveFile::Read_CArrayElements
0053c879	std::list_node::construct	[forge-autoname3 conf=medium] Allocates 0xc-byte node; copies param at +8 offset
0053c97c	std::list::_Construct_single	[forge-autoname3 conf=medium] Calls node constructor; inserts into doubly-linked chain
0053c9f1	std::list_pair_node::construct	[forge-autoname3 conf=medium] Allocates 0x10-byte node; copies 2 params at +8 and +0xc
0053cb20	CEngineSceneGrid::Initialize	[forge-autoname3 conf=high] Thiscall; calls List_Sentinel_Init and GetCellBoundingBox
0053cd05	CArray_BodyPartMesh::RemoveAt	[forge-autoname3 conf=medium] Copies from param2+0xc to end; removes element
0053cd69	CArray_BodyPartMesh::ReplaceRange	[forge-autoname3 conf=medium] Copies param3 to param2; destroys old range
0053da30	CMenuEntry::InitializeRumbleActions	[forge-autoname3 conf=high] Caller CMenuEntry; creates CRumbleDef actions from offsets 0x31-0x36
005418c0	std::vector::insert_single	[forge-autoname3 conf=medium] Thiscall vector; shifts elements and grows capacity
00543b70	CAnimatedBlockArray::Allocate	[forge-autoname3 conf=medium] Allocates CAnimatedBlock array (0x1c elements); _Uninit_copy pattern confirms allocation+copy
00547790	std::find_int_array	[forge-autoname3 conf=medium] Unrolled search loop for 8-byte elements; standard find pattern
005479a0	std::vector<pair>::insert_fill	[forge-autoname3 conf=medium] Thiscall vector; inserts param_count copies of 8-byte pairs
00549b20	CTextSlider::Initialize	[forge-autoname3 conf=high] Caller CTextSlider; reads structure fields; creates components and actions
0054b4b0	CSlider::Initialize	[forge-autoname3 conf=high] Caller CSlider; reads slider config offsets; full initialization
0054df50	CDynamicList::Initialize	[forge-autoname3 conf=high] Caller CDynamicList; reads action config; creates WideString
00553340	RBTreeNode::FindSuccessor_Lookup	[forge-autoname3 conf=medium] Identical to FUN_00534da0; caller std::set_insert
00553c50	CRedBlackTree::FindOrInsertNode	[forge-autoname3 conf=high] Thiscall; calls find/insert functions; full find-or-insert logic
005545d0	CMorphingSprite::Initialize	[forge-autoname3 conf=high] Thiscall CSprite constructor; calls GetDataFromDef; malloc for list
005550d0	std::list::push_back_node	[forge-autoname3 conf=medium] Allocates 0xc-byte node; inserts at doubly-linked list end
00555eb0	CChangingStateComponent::Initialize	[forge-autoname3 conf=high] Caller Initialise; creates child; manages actions; calls UpdateVisibleList
00556a40	CRedefinerList::RefreshScriptThings	[forge-autoname3 conf=high] Caller CRedefinerList::Refresh; processes script things; creates UI
005577a0	CRedBlackTree::FindPredecessor	[forge-autoname3 conf=medium] Thiscall tree search; compares uint key at offset 0x10
00558170	GetMovementActionText	[forge-autoname3 conf=high] String refs TEXT_GUI_ACTION_MOVE_*; checks offset 0x1a0 for movement type
00558e10	CDraggableInto::Initialize	[forge-autoname3 conf=high] Caller CDraggableInto; reads offset 0x31; creates RumbleDef
00559230	CScrollBarOutside::Initialize	[forge-autoname3 conf=high] Caller CScrollBarOutside; creates two RumbleDef actions
00559520	CScrollableList::VectorDtor	[forge-autoname3 conf=high] Caller vector_deleting_destructor; clears event lists 0x66/0x67
00559700	CScrollBar::Initialize	[forge-autoname3 conf=high] Caller CScrollBar; creates two RumbleDef actions
00559a10	CScrollableListWithButton::VectorDtor	[forge-autoname3 conf=high] Caller vector_deleting_destructor; clears event lists 0x6b/0x6c
0055a890	SetupRumbleAction_Weak	[forge-autoname3 conf=medium] Creates CRumbleDef action from vtable call via param_1; accesses offset 0x3c for rumble strength. Cannot confirm CClickable class membership without evidence of self-methods or full vtable context. Th
0055b040	SetupRumbleAction_Strong	[forge-autoname3 conf=medium] Creates multiple CRumbleDef actions (offsets 0x38/0x39/0x3a/0x3b) via vtable calls. Cannot confirm CClickable class attribution; role is clear but class membership lacks direct evidence.
0055c400	List_InsertRange	[forge-autoname3 conf=medium] Traverses linked list via offset 0 (next pointer), inserts nodes via malloc. Pattern is clear doubly-linked list traversal, but generic naming avoids unconfirmed class claims.
0055c4c0	List_Create	[forge-autoname3 conf=medium] Thiscall initializes doubly-linked list with self-pointing sentinel. Confirmed caller is UpdateHovering. Avoid DoublyLinkedList class claim; simpler generic name with clear evidence.
0055dc00	AddPhotoJournalCaptureUI	[forge-autoname3 conf=medium] Creates component PC_PHOTOJOURNAL_CAPTURE with edit box PC_PHOTOJOURNAL_CAPTURE_EDIT_BOX, registers rumble actions 0xbc7/0xbc8. Caller AddToInterface confirms UI setup role. Class claim dropped as not
0055f090	CryptoDecrypt_ToStruct	[forge-autoname3 conf=medium] Calls CryptoMatic decrypt (null-terminated param_3), Vector_Fill_Byte, CTCElectrocutedEffect::InitFromStringRange. Pattern matches crypto decryption but class claim unconfirmed.
0055f140	CryptoEncrypt_ToStruct	[forge-autoname3 conf=medium] Calls CryptoMatic encrypt (\x01-terminated param_3), Vector_Fill_Byte, CTCElectrocutedEffect::InitFromStringRange. Encryption variant of 0055f090; pattern clear but class attribution weak.
00560920	DecryptResponse_ParseElements	[forge-autoname3 conf=medium] Called by LHNetworkLib_DecryptResponseDocument, uses StringSearch_FindPattern to parse response into vector entries. Role is response parsing but insufficient evidence for full original name attributi
00560d00	CTCHeroOnlineScoreboard::ProcessLogin	[forge-autoname3 conf=high] Thiscall evidenced by param_1 type CTCHeroOnlineScoreboard*, calls LHNetworkLib_RequestLoginWithCredentials, UpdateTransaction, processes MD5 login with hardcoded key THIS-ISMY-VALI-DCDK-EYOH-YESI-TIS
00562ec0	CEngineSubPrimitive2DClockSprite::CEngineSubPrimitive2DClockSprite	[forge-autoname3 conf=high] Thiscall constructor calling parent CEngineSubPrimitive2DClockSprite constructor, sets vtable via dereference, initializes lists/members, stores fableclangw.lionhead.com and /index.php. Clear construc
00566f00	BinaryTree_FindNode_ByKey	[forge-autoname3 conf=medium] Binary search tree traversal via offsets 0x8/0xc/0x10 (parent/left/right). Called by GetCachedImage. Pattern clear but suffix variation from other similar functions suggests different tree type; keep 
00566f50	BinaryTree_FindNode_Score	[forge-autoname3 conf=medium] Identical binary search tree traversal to 0x00566f00. Called by UpdateScoreForActivity. Generic function shared across contexts.
00566fe0	BinaryTree_FindNode_Scoreboard	[forge-autoname3 conf=medium] Identical binary search tree traversal. Called by DisplayScoreboardGUI. Generic tree search function reused across scoreboard contexts.
005671c0	WideStringPair_SwapRange	[forge-autoname3 conf=medium] Swaps WideString pairs between param_1 and param_2 using temporary via std operations. Called by DownloadScoreboardForSelectedClan. Pattern clear but generalized class claim removed.
00567790	ClanMember_CreateNode	[forge-autoname3 conf=medium] Builds doubly-linked list node with CWideString name/identifier and CCharString fields via malloc. Called by DownloadListOfMyClans. Creates node but InsertNode is not fully accurate; CreateNode more p
00567fc0	ClanLogo_CreateNode	[forge-autoname3 conf=medium] Thiscall inserts node into doubly-linked list with CWideString fields via malloc. Called by DownloadLogosForThisClansMembers. Similar pattern to ClanMember but rename CreateNode.
00568230	std::map_int_int_::insert	[forge-autoname3 conf=high] RBTree red-black tree insert for std::map<int,int>, calls RBTree_Insert, BinaryTree_FindSuccessor/Predecessor, red-black balancing. Clear std::map STL implementation.
005686c0	std::vector_ENavigatorType_::resize	[forge-autoname3 conf=high] Thiscall vector resize with reallocation, calls fill and Vector_Insert, handles ENavigatorType (4-byte) elements. Clear vector STL pattern.
00568ad0	std::map_EntryID_EntryData_::insert	[forge-autoname3 conf=high] RBTree insert variant calling FUN_00566260 (predecessor), pattern matches map insertion with red-black balancing. STL container implementation.
00568d40	CCombatWheel::operator=	[forge-autoname3 conf=high] Thiscall copy assignment operator for CCombatWheel, copies/reallocates vector elements, calls ResetRings. Clear copy assignment pattern.
00568f10	ElectrocutedEffect_FillFromRange	[forge-autoname3 conf=medium] Fastcall fills CTCElectrocutedEffect array from string range, malloc's and memoves string data. Called by Vector_ReallocateStructArray. Simpler name without class prefix claim.
00568fc0	std::vector_QuestPair_::resize	[forge-autoname3 conf=high] Thiscall vector resize for pair<CCharString,CPersistInfo> with 0x10 byte elements, calls malloc and uninitialized_copy. Clear STL vector resize.
00569450	std::vector_WideStringPair_::resize	[forge-autoname3 conf=high] Thiscall vector resize for ulong+CWideString pairs (0x8 bytes), fills or copies elements, handles reallocation. STL vector implementation.
00569550	std::vector_QuestPair_::resize_with_fill	[forge-autoname3 conf=high] Thiscall vector resize with fill for quest persistence pairs, calls _Move_backward and _Fill, pattern shows insert-then-copy. STL vector variant.
005698a0	RBTree_SearchOrCreate	[forge-autoname3 conf=medium] Thiscall searches RBTree and inserts if not found, calls FUN_00568ad0, called by GetCachedImage. Pattern is lookup-or-insert but class claim removed.
005699e0	std::vector_WideStringPair_::push_back	[forge-autoname3 conf=high] Thiscall appends WideString pair, calls FUN_00569450 on reallocation, updates vector end pointer. STL vector push_back.
00569a40	Vector_DeleteAllElements_Impl	[forge-autoname3 conf=medium] Fastcall iterates and free's each element in vector, then frees vector itself. Called by Vector_ReallocateStructArray. Simpler generic name.
0056a370	RBTree_Insert_WithPredecessor	[forge-autoname3 conf=high] Thiscall RBTree insert calling FUN_005662b0 (find predecessor), BinaryTree_FindSuccessor, RBTree_Insert. Caller Scoreboard_LookupOrCreateEntry confirms pattern.
0056ad40	CQuestManager::UpdateUI_QuestMenu	[forge-autoname3 conf=high] Fastcall from GlobalUpdate, creates UI hierarchy (PC_BOAST_LIST, quest cards), calls CQuestManager methods PopulateTreePane, GetActiveQuestCardFromScriptName, multiple FUN handlers. Direct class attri
0056cc50	RBTree_FindSuccessor	[forge-autoname3 conf=high] Fastcall RBTree successor navigation via offsets 0x4/0x8/0xc (parent/left/right child), handles empty right subtree case. Clear RBTree algorithm.
0056ccc0	RBTree_FindSuccessor_V2	[forge-autoname3 conf=medium] Fastcall identical RBTree successor logic to 0x0056cc50, separate variant. Multiple identical implementations suggest different tree contexts.
0056cd10	RBTree_FindSuccessor_V3	[forge-autoname3 conf=medium] Fastcall identical RBTree successor logic, third variant. Pattern is consistent across versions.
0056d130	BinaryTree_FindNode	[forge-autoname3 conf=medium] Thiscall binary tree search with key at offset 0x10, returns matching node or root. Called by multiple contexts; generic tree search.
0056d770	DoublyLinkedList_CreateEmpty	[forge-autoname3 conf=medium] Fastcall initializes empty doubly-linked list with 0x18 byte sentinel node, self-pointing pointers. Clear linked list initialization.
0056d7b0	LTextTreeWalkThrough::Cleanup	[forge-autoname3 conf=high] Fastcall calls BuildTreeArray, resets tree walk structure, frees tree pointer. Clear class method pattern with LTextTreeWalkThrough evident.
0056d850	std::vector_uint_::insert	[forge-autoname3 conf=high] Thiscall vector insert-with-fill for uint elements, reallocates if needed, called by Vector_PushBack. STL vector insert.
0056d930	CMemoryAllocatorVariableSize::Find_Or_Insert	[forge-autoname3 conf=high] Thiscall RBTree search-and-insert, calls CMemoryAllocatorVariableSize_InsertNode, FUN_0056cc50 (successor), tracks insertion success in param_2[1]. Class-based pattern confirmed.
0056d9f0	CMemoryAllocatorVariableSize::Find_Or_Insert_V2	[forge-autoname3 conf=high] Thiscall RBTree search-and-insert variant, calls CMemoryAllocatorVariableSize_InsertNode, FUN_0056ccc0 (successor), same pattern as 0x0056d930. Clear class method with variant suffix.
0056e020	CMemoryAllocatorVariableSize::Find_Or_Insert_V3	[forge-autoname3 conf=high] Thiscall RBTree search-and-insert, calls CMemoryAllocatorVariableSize_InsertNode, FUN_0056cd10 (successor). Third variant in pattern family.
0056e4a0	Container_InitDoublyLinkedList	[forge-autoname3 conf=high] Allocates 0x20, initializes prev/next pointers to self; classic doubly-linked node pattern confirmed
0056e4e0	LTextTreeWalkThrough_Cleanup	[forge-autoname3 conf=high] Explicitly named in signature, called on LTextTreeWalkThrough, cleanup pattern with BuildTreeArray and free
0057846f	CTCActionUseBuyOrSteal_Finalize	[forge-autoname3 conf=high] Called FROM vector_deleting_destructor, not the destructor itself; finalization helper that resets vtable pointers and cleans up members
005792bf	CTCInventoryExperience_Constructor	[forge-autoname3 conf=high] Explicitly named in signature, allocates 0x24, sets circular doubly-linked pointers
00579300	Container_EraseNode	[forge-autoname3 conf=medium] Generic tree node removal with CMemoryAllocatorVariableSize::Erase; too generic to claim RBTree-specific
00579599	Container_InitSmall1	[forge-autoname3 conf=medium] Initializes doubly-linked container via small alloc; no texture-specific evidence despite caller name
005795ec	Container_InitSmall2	[forge-autoname3 conf=medium] Initializes doubly-linked container via small alloc; generic pattern despite Texture caller
0057962d	Container_InitMedium1	[forge-autoname3 conf=medium] Initializes doubly-linked container via 0x48 alloc; no texture-specific evidence
00579657	Container_InitMedium2	[forge-autoname3 conf=medium] Initializes doubly-linked container via 0x48 alloc; generic pattern
00579681	Container_InitSmall3	[forge-autoname3 conf=medium] Initializes doubly-linked container via small alloc; generic despite caller context
005796d1	Vector_AllocAndMove	[forge-autoname3 conf=high] Allocates param << 2 (element-sized), calls Std_Move_Backward; vector reallocation pattern
005796fe	RBTree_InsertLeftOrRight	[forge-autoname3 conf=high] RB-tree insertion with AllocPair_Generic, BalanceTree, tree-pointer manipulation confirmed
005798a3	CMusicSetEntry_MoveConstruct	[forge-autoname3 conf=high] Explicitly named in signature, calls std::_Move for CMusicSetEntry
00579a4b	Vector_InsertAndRealloc	[forge-autoname3 conf=high] Vector insertion with potential reallocation via FUN_00578bde and copy operations
00579b3c	Vector_InsertRangeWithGrow	[forge-autoname3 conf=high] Vector range insertion, calls FUN_00579a4b for realloc, fill/copy operations confirmed
00579d18	BuyStatTree_EraseAndFree	[forge-autoname3 conf=high] Removes buy-stat entry from tree, called by UndoBuyStat, tree-specific erase pattern
00579d55	BuyAbilityTree_EraseAndFree	[forge-autoname3 conf=high] Removes buy-ability entry from tree, called by UndoBuyAbility, tree-specific erase pattern
00579fd8	BuyStatTree_InsertNode	[forge-autoname3 conf=high] RB-tree insertion for buy-stat with CDanyalTestScriptsData::Alloc and BalanceTree
0057a060	BuyAbilityTree_InsertNode	[forge-autoname3 conf=high] RB-tree insertion for buy-ability with CDanyalTestScriptsData::Alloc and BalanceTree
0057a124	BuyStat_FindOrInsert	[forge-autoname3 conf=high] Find-or-insert logic for buy-stat tree, calls GetMaxNode and FUN_00579fd8
0057a1aa	BuyAbility_FindOrInsert	[forge-autoname3 conf=high] Find-or-insert logic for buy-ability tree, calls GetMaxNode and FUN_0057a060
0057a57a	WillEnergy_ComputePercentage	[forge-autoname3 conf=high] Computes (offset+0x58)/(offset+0x5c) with global min; no class evidence for CGtWillEnergyPercentage
0057f525	LinkedList_AllocNode	[forge-autoname3 conf=medium] Allocates 0xc (linked-list node size), writes param at +8; generic linked-list pattern
0057f78f	Inventory_FormatItemTransferDetails	[forge-autoname3 conf=high] Called by TransferOut, formats with FromUInt64, GetItemDescription, TRUE/FALSE bool
0057fda2	CTCHeroStats_Constructor	[forge-autoname3 conf=high] Explicitly named in signature, allocates 0x20, sets circular pointers, called by CTCHeroStats
0057fe01	LinkedList_InsertNode	[forge-autoname3 conf=medium] Calls FUN_0057f525, manipulates linked-list prev/next pointers; standard doubly-linked insertion
0057fe4a	CCharString_RBTreeFind	[forge-autoname3 conf=high] RB-tree search with std::less<CCharString>::operator() for string-keyed traversal
0057fe82	Container_EraseAndFree	[forge-autoname3 conf=high] Generic container element removal with CMemoryAllocatorVariableSize::Erase and free
0057feb1	UInt_RBTreeFindGreaterOrEqual	[forge-autoname3 conf=high] RB-tree search for >= comparison using uint at offset +0x10
0057fed6	UInt_RBTreeFindLess	[forge-autoname3 conf=high] RB-tree search for < comparison using uint at offset +0x10
00580500	Vector_PushBackOrGrow	[forge-autoname3 conf=high] Calls CHeroMarriageInfo constructor and Vector_InsertRangeInit; marriage vector operation
005805c9	LinkedList_InsertNode_Wrapper	[forge-autoname3 conf=medium] Wrapper around FUN_0057fe01; no wife-specific logic evident, generic linked-list insertion
005805e3	Container_InitLarge	[forge-autoname3 conf=medium] Initializes doubly-linked container via 0x58 alloc; generic pattern despite Texture caller name
005806df	Vector_Reallocate	[forge-autoname3 conf=high] Thiscall manages vector capacity/size, uses 0x18-byte stride, calls malloc/free - classic vector reallocation pattern confirmed
005807fa	BinarySearchTree_FindInsertionPoint	[forge-autoname3 conf=medium] Navigates tree with CCharString comparator to find insertion point, but doesn't actually insert - name overstates action
005808a0	RBTree_InsertNode_AtParent	[forge-autoname3 conf=medium] Inserts node at left/right child via parent pointers, calls BalanceTree, but 'CMemoryAllocatorVariableSize' class unproven from signature alone
00580928	Vector_InsertRangeInit	[forge-autoname3 conf=high] Vector insert with range for CHeroMarriageInfo, manages capacity, calls _Uninit_copy, _Copy_backward - confirmed pattern
00580a7b	Vector_ReallocateForCArray	[forge-autoname3 conf=high] Reallocates vector with 0x10-byte stride, calls malloc, _Uninit_copy, free - confirmed for CArray elements
00580b59	CMemoryAllocatorVariableSize_TransferIn	[forge-autoname3 conf=medium] Complex tree insertion with CCharString key, calls GetNoAllocatedAreas, RBTree::GetMaxNode, CMemoryAllocatorVariableSize_InsertNode - caller context confirms role
005810da	LoopConstructClosures	[forge-autoname3 conf=medium] Fastcall loop calling Lua_CreateCClosure with 0x18 stride, but doesn't prove 'move construct' - just constructs in loop
00581132	Vector_PushBack_Expand	[forge-autoname3 conf=high] Checks if capacity==size (via +4/+8 pointers), calls reallocation or advances pointer - confirmed push_back expand pattern
0058ef79	ConstructItemCategoryList	[forge-autoname3 conf=high] Called by ConstructItemCategoryList, loops allocator, calls CTCInventory::ConstructItemEntry for each - caller confirms wrapper role
00590198	ConstructPCExpressionCategoryList	[forge-autoname3 conf=high] Called by ConstructPCExpressionCategoryList, similar pattern with ConstructItemEntryPC instead - caller confirms identity
00592260	AllocateStridedArray	[forge-autoname3 conf=medium] Simple allocator malloc(param*0xc), suggests 12-byte elements, but 'SoundItems' class unproven - too specific without evidence
00592ad3	AllocateListNode	[forge-autoname3 conf=medium] Allocates 0xc bytes, writes to offset +8, typical linked-list node init, but 'LinkedListNode' name overstates certainty
00592ffb	Min3_CContextSensitiveItem	[forge-autoname3 conf=medium] 3-way min using CContextSensitivePriorityCompare on pair elements, fastcall - accurate but 'Def' suffix unproven
005931b5	DoublyLinkedList_Insert	[forge-autoname3 conf=medium] Calls FUN_00592ad3, inserts into doubly-linked list via next/prev pointers at specific offsets - pattern correct but class unproven
005931da	DoublyLinkedList_InitHead	[forge-autoname3 conf=high] Fastcall, malloc(0xc), self-pointing head node (both prev/next point to self) - classic doubly-linked list sentinel pattern
0059326d	ListHead_InitLarge	[forge-autoname3 conf=medium] Fastcall, malloc(0x10), self-pointing head node - differs from DoublyLinkedList_InitHead in size, name cannot assume container type
00593288	ListHead_InitLarge	[forge-autoname3 conf=medium] Identical to FUN_0059326d (malloc 0x10, self-pointing), not a duplicate - duplicate code pattern, insufficient differentiation
00593375	BinarySearchTree_FindNode	[forge-autoname3 conf=high] Thiscall, traverses tree via left/right pointers (+8/+0xc), compares int key at +0x10 - standard BST find pattern confirmed
0059339a	BinarySearchTree_FindNode_DateAndTime	[forge-autoname3 conf=high] Thiscall, BST traversal using CDateAndTime::operator< for comparison at +0x10 - specialized BST find variant confirmed
005939ee	LinkedList_InsertWrapper	[forge-autoname3 conf=medium] Thiscall minimal wrapper calling FUN_005931b5 with param rearrangement - purpose unclear without caller context
00593a9d	Queue_Init	[forge-autoname3 conf=high] Thiscall, calls FUN_005932ea, initializes self-pointing pointers at +8/+0xc - queue sentinel initialization pattern
00593b3f	HashBucket_Init	[forge-autoname3 conf=medium] Thiscall, calls FUN_00593351, initializes large container with self-pointing ptrs - 'Hash' claimed but unproven from evidence
00593c5e	BinarySearchTree_FindOrInsert_Int	[forge-autoname3 conf=high] Thiscall, BST find-or-insert for int key, calls AllocPair_Generic, BalanceTree, compares integers - confirmed pattern
00593d76	BinarySearchTree_FindOrInsert_DateAndTime	[forge-autoname3 conf=high] Thiscall, BST find-or-insert using CDateAndTime comparisons via operator<, inserts into tree - confirmed specialized variant
00593f39	Vector_ReallocateForUint	[forge-autoname3 conf=high] Thiscall, reallocates uint vector with 0xc-byte stride, calls FUN_00592260, _Uninit_copy, free - confirmed pattern
005940ec	CMemoryAllocatorVariableSize_TransferIn_Int	[forge-autoname3 conf=medium] Thiscall, tree insertion with int key, calls FUN_00593c5e for insertion logic - caller context (TransferIn) confirms role
00594481	CMemoryAllocatorVariableSize_TransferIn_DateAndTime	[forge-autoname3 conf=medium] Thiscall, tree insertion with CDateAndTime key, calls FUN_00593d76 for insertion logic - caller context confirms role
00594637	Quicksort_Partition_CContextSensitive	[forge-autoname3 conf=medium] Fastcall, quicksort partition using CContextSensitivePriorityCompare, swaps pairs - but called by GameString_ConstructRecursive, not item context
00594706	Heap_BuildFromRange	[forge-autoname3 conf=medium] Fastcall, heap construction loop calling _Adjust_heap, called by operator_delete - pattern resembles heapify, not classic sort
00594782	Vector_PushBack_Uint	[forge-autoname3 conf=high] Thiscall, vector push_back for uint elements with 0xc-byte stride, calls FUN_00593f39 for reallocation - confirmed pattern
0059485b	Vector_InsertRange_CDegradableInfo	[forge-autoname3 conf=high] Thiscall, vector insert range for CDegradableInfo, calls _Copy_impl, updates size - type and action confirmed
00594880	Vector_ReallocateForFadeInFadeOut	[forge-autoname3 conf=high] Thiscall, reallocates CFadeInFadeOutBase vector (0x1c-byte stride), calls malloc, _Uninit_copy, free - confirmed pattern
00594946	PriorityQueue_InsertSorted	[forge-autoname3 conf=medium] Fastcall, uses CContextSensitivePriorityCompare to insert in sorted position with copy-backward - pattern confirmed but type unclear
00594a08	BinarySearchTree_FindAndConstruct_DateAndTime	[forge-autoname3 conf=medium] Thiscall, calls FUN_0059339a to find date node, constructs pair with result - overstates 'Construct' without seeing full operation
00594a73	Vector_InsertRange_CFadeInFadeOut	[forge-autoname3 conf=high] Thiscall, vector insert range for CFadeInFadeOutBase elements, calls FUN_00594880 for reallocation - confirmed pattern
00594c77	Heap_Sort_CContextSensitive	[forge-autoname3 conf=medium] Fastcall, iterates heap elements using CContextSensitivePriorityCompare, calls _Sort_heap - 'ContextSensitiveItemDef' type unproven
00594d36	Vector_Reallocate_PairAbilityDef	[forge-autoname3 conf=high] Thiscall, reallocates pair<CHeroAbilityDef> vector (8-byte stride), calls malloc, _Uninit_copy, OnReadFinished - confirmed pattern
00594ed4	Heap_CalculateDepth	[forge-autoname3 conf=medium] Calculates log2 depth for heap; 'Internal' claim unsubstantiated; no clear 'StdHeap' class context
005954ad	CEngineScreenEffectDisplacementRenderer::~CEngineScreenEffectDisplacementRenderer	[forge-autoname3 conf=high] Destructor pattern with vtable setup, multiple cleanup methods, matching class name callees
005959ab	CShaderRenderManager_IterateElements	[forge-autoname3 conf=medium] Thiscall loop pattern confirmed, but 'Container' class context unproven; based on SetD3DMatrix call evidence
0059672a	FrontEnd_FrameUpdate	[forge-autoname3 conf=medium] Calls FrameUpdate via CFrontEndManager vtable; 'Dispatch' is speculative; clearer as direct frame update
00598a1c	CFrontEndManager::Init2	[forge-autoname3 conf=high] Thiscall on CFrontEndManager, creates UI_FRONTEND_* components, GetProfileNames/LoadProfile calls confirm init pattern
0059aa64	StdArray_Free_Elements	[forge-autoname3 conf=medium] Loop freeing array elements; generic allocator function; no class context but name is accurate
0059ab7c	Vector_Reserve	[forge-autoname3 conf=medium] Allocates capacity/begin/end pointers for vector<long>-like structure; matches std::vector pattern
0059ac9f	String_InitializeBuffer	[forge-autoname3 conf=medium] Thiscall initializes string buffer with Fill/malloc; 'CBasicString_' prefix unsubstantiated; class context unclear
0059ae20	Vector_EraseRange_CopyBack	[forge-autoname3 conf=medium] Erases range with _Copy_impl and destructors; accurate description of vector erase pattern
0059ae54	Vector_CopyFrom_Init	[forge-autoname3 conf=medium] Thiscall initializing vector from range via Reserve and Uninit_copy; name matches pattern
0059af83	RBTree_FindNode	[forge-autoname3 conf=medium] Binary search in RB-tree with left/right/key offsets; accurate tree traversal pattern
0059b0c3	Vector_Grow	[forge-autoname3 conf=medium] Reallocates vector with malloc/Move_Backward/make_heap; accurate growth pattern
0059b246	RBTree_LowerBound_Insert	[forge-autoname3 conf=medium] Binary search to find insert position in RB-tree; calls GetMaxNode and insert helper
0059b35c	RBTree_TransferIn	[forge-autoname3 conf=medium] Complex RB-tree insertion with rebalancing logic; matches tree transfer pattern
0059b576	CTCUserActionPointBase::AllocateBuffer	[forge-autoname3 conf=medium] Thiscall allocating 0x80 buffer on action point; calls GetNumberOfActionPointsInUse confirms class context
005ae9de	CTCInventoryTrade_DisplayBuyItem	[forge-autoname3 conf=medium] Thiscall iterates through items calling ConstructTradeDescription; buy-specific logic evident
005aeaee	CTCInventoryTrade_DisplaySellItem	[forge-autoname3 conf=medium] Nearly identical to DisplayBuyItem with offset+0x150 for sell list; sell-specific logic confirmed
005aecc0	CTCInventoryTrade::SellItemPC	[forge-autoname3 conf=high] Thiscall on CTCInventoryTrade; handles UI_TRADING_MENU_SELL_ENTRY; Shop/RefreshBuy calls confirm pattern
005b0aac	CTCInventoryTrade::BuyItemPC	[forge-autoname3 conf=high] Thiscall on CTCInventoryTrade; mirrors SellItemPC with buy logic; PC_MENU_ENTRY_TRADE_SELL confirms context
005b18aa	RBTree_FindNode_Uint	[forge-autoname3 conf=medium] RB-tree traversal with uint key comparison at offset+0x10
005b18d7	RBTree_FindNode_Uint2	[forge-autoname3 conf=medium] Identical RB-tree uint traversal; likely template instantiation variant
005b1d09	Container_EraseOne_And_Free	[forge-autoname3 conf=medium] Erases element via Erase, frees result, decrements refcount; accurate container operation
005b1d71	Container_EraseOne_And_Free2	[forge-autoname3 conf=medium] Identical to EraseOne_And_Free; template instantiation variant
005b1dd9	RBTree_FindNode_Int	[forge-autoname3 conf=medium] RB-tree traversal with int key comparison; operator[] caller context
005b1dfe	RBTree_FindNode_Uint3	[forge-autoname3 conf=medium] RB-tree uint traversal called by StdMap_LowerBound
005b220b	Container_EraseRange_RB	[forge-autoname3 conf=medium] Thiscall erasing range from RB-tree container via loop and Erase
005b228d	Container_EraseRange_RB2	[forge-autoname3 conf=medium] Identical to EraseRange_RB; template instantiation variant
005b2447	RBTree_LowerBound_Insert_Uint	[forge-autoname3 conf=medium] RB-tree insertion for uint key via TreeInsertNode_LeftChild; matches insert pattern
005b2555	RBTree_LowerBound_Insert_Script	[forge-autoname3 conf=medium] RB-tree insertion for script data via ScriptDataTreeInsert; matches insert pattern
005b2663	RBTree_InsertUpperBound	[forge-autoname3 conf=high] Binary search tree insertion boundary finder with upper-bound logic; calls GetMaxNode, TreeInsertNode_RightChild; returns pair(node, bool)
005b28f8	CMemoryAllocatorVariableSize_InsertOrFind_Uint	[forge-autoname3 conf=medium] Uint-keyed variant; calls TreeInsertNode_LeftChild, GetNoAllocatedAreas, RBTree::GetMaxNode; uint comparison at offset 0x10
005b2a37	CMemoryAllocatorVariableSize_InsertOrFind_Int	[forge-autoname3 conf=medium] Int-keyed variant; calls Map_InsertLongKey, GetNoAllocatedAreas, RBTree::GetMaxNode, CMemoryAllocatorVariableSize::InsertNode
005b2b76	CMemoryAllocatorVariableSize_InsertOrFind_Script	[forge-autoname3 conf=medium] Script data variant; calls ScriptDataTreeInsert, FUN_005b2555, GetNoAllocatedAreas, RBTree::GetMaxNode
005b2cb5	CMemoryAllocatorVariableSize_InsertOrFind_Right	[forge-autoname3 conf=medium] Right-branch insertion variant; calls TreeInsertNode_RightChild, FUN_005b2663, GetNoAllocatedAreas, RBTree::GetMaxNode
005b9de7	AllocateArray_20ByteElements	[forge-autoname3 conf=high] Direct malloc(param_1 * 0x14) allocation; generic 20-byte element allocator
005b9ef3	AllocateArray_12ByteElements	[forge-autoname3 conf=high] Direct malloc(param_1 * 0xc) allocation; generic 12-byte element allocator
005ba23a	LinearSearch_12ByteStride	[forge-autoname3 conf=high] Unrolled linear search by 12-byte stride (0xc); searches array at 0xc intervals
005ba2a3	LinearSearch_24ByteStride	[forge-autoname3 conf=high] Unrolled linear search by 24-byte stride (0x18); searches array at 0x18 intervals
005ba30d	LinearSearch_16ByteStride	[forge-autoname3 conf=high] Unrolled linear search by 16-byte stride (>> 4 = 0x10); 4 elements per loop iteration
005ba5ad	Vector_Initialize_20Bytes	[forge-autoname3 conf=high] Thiscall vector initialization; calls FUN_005b9de7, sets begin/end/capacity for 20-byte elements
005ba8cf	RBTree_InsertNodeAndRebalance	[forge-autoname3 conf=high] Red-black tree insertion with rebalancing; calls FUN_005ba3ac (node linking), CMemoryAllocatorVariableSize::BalanceTree
005ba986	RBTree_FindNode	[forge-autoname3 conf=high] Thiscall binary search tree traversal; compares at offset 0x10, uses child offsets 0x8/0xc; returns node pointer
005baa6b	Vector_Initialize_16Bytes	[forge-autoname3 conf=high] Thiscall vector initialization; malloc(param_2 << 4), sets begin/end/capacity for 16-byte elements
005bab9d	DoublyLinkedList_InitializeEmpty_12Bytes	[forge-autoname3 conf=high] Fastcall circular doubly-linked list initialization; malloc(0xc), sets self-pointing pointers
005babe1	Allocate_20Bytes	[forge-autoname3 conf=high] Fastcall single allocation; malloc(0x14) for 20-byte object
005bac2e	Allocate_24Bytes	[forge-autoname3 conf=high] Fastcall single allocation; malloc(0x18) for 24-byte object
005bac73	RBTree_LowerBound	[forge-autoname3 conf=high] Thiscall binary search tree lower_bound; traverses by offset 0x10 key, goes left if key < node
005bacbd	RBTree_EraseNode	[forge-autoname3 conf=high] Thiscall tree node removal; calls CMemoryAllocatorVariableSize::Erase, free; decrements count
005bad11	RBTree_FindLE_Reverse	[forge-autoname3 conf=medium] Thiscall operator(); binary search with standard RB-tree traversal (left if key < node)
005bad36	RBTree_FindLT_Reverse	[forge-autoname3 conf=medium] Thiscall operator(); binary search with reverse key comparison for find-less-than
005bad5b	RBTree_InsertUpperBound_Rebalance	[forge-autoname3 conf=high] Thiscall upper-bound insertion with rebalancing; calls RBTree::GetMaxNode, FUN_005ba8cf
005bafe3	Vector_InsertCopy	[forge-autoname3 conf=high] Thiscall vector insertion by copy; calls std::_Copy_impl<CComplexNumber*>, updates end pointer
005bb025	List_InitializeEmpty_20Bytes	[forge-autoname3 conf=high] Thiscall doubly-linked list initialization; calls FUN_005babe1, sets self-pointers at 0x8,0xc
005bb066	List_InitializeEmpty_24Bytes	[forge-autoname3 conf=high] Thiscall doubly-linked list initialization; calls FUN_005bac2e, sets self-pointers at 0x8,0xc
005bb102	RBTree_EraseRangeAndNotify	[forge-autoname3 conf=high] Thiscall range erase with notification; calls GetNoAllocatedAreas, OnKill, FUN_005bacbd in loop
005bb2a8	RBTree_InsertUpperBound_24Byte	[forge-autoname3 conf=high] Thiscall 24-byte node upper-bound insertion; calls RBTree::GetMaxNode, TreeInsertNode_24Byte
005bb409	Vector_ReserveAndShift_Uint64	[forge-autoname3 conf=high] Thiscall vector reallocation/shift for 8-byte elements; malloc, _Uninit_copy, _Fill_n for uint64
005bb4e6	Vector_ReserveAndShift_Uint	[forge-autoname3 conf=high] Thiscall vector reallocation/shift for 4-byte elements; malloc, _Uninit_copy, manual fill loop
005bb5ef	CMemoryAllocatorVariableSize_FindOrInsert_Wrapper	[forge-autoname3 conf=medium] Wrapper calling CMemoryAllocatorVariableSize::FindOrInsert, InsertNode, GetNoAllocatedAreas, RBTree::GetMaxNode
005bb85a	CMemoryAllocatorVariableSize_InsertOrFind_24Byte	[forge-autoname3 conf=medium] 24-byte node insertion variant; calls RBTree::GetMaxNode, TreeInsertNode_24Byte, FUN_005bb2a8
005bba5b	Vector_PushBack_Uint64	[forge-autoname3 conf=high] Thiscall vector push_back wrapper for uint64/pair; calls FUN_005bb409 (resize) when full
005bbaf9	RBTree_EraseNodeAndDestroy	[forge-autoname3 conf=high] Thiscall tree node erase with destructor; calls CMemoryAllocatorVariableSize::Erase, ~CTCShotDefinitionProjectile, free
005bbd46	RBTree_InsertUpperBound_ScriptRight	[forge-autoname3 conf=high] Thiscall script-data right-branch upper-bound insertion; calls RBTree::GetMaxNode, ScriptDataTreeInsert_RightBranch
005bbe32	CMemoryAllocatorVariableSize_InsertOrFind_ScriptRight	[forge-autoname3 conf=medium] Script right-branch insertion variant; calls RBTree::GetMaxNode, ScriptDataTreeInsert_RightBranch, FUN_005bbd46
005bc0fb	Vector_ReserveAndShift_BodyPartMesh	[forge-autoname3 conf=high] Thiscall vector reallocation for CBodyPartMesh array; calls Vector_UninitializedCopy, FUN_005b9ef3 (12-byte allocator), OnReadFinished
005bc69b	VTableCall_Offset_0x9c	[forge-autoname3 conf=medium] Thunk that indirectly calls a vtable function at offset 0x9c; 'VTable_CallMethod' is overstated since we don't know what method, only the offset.
005bc6a3	VTableCall_Offset_0xa0	[forge-autoname3 conf=medium] Identical pattern to 005bc69b but offset 0xa0; generic vtable dispatch thunk, not method-specific.
005bc6ab	VTableCall_Offset_0xa4	[forge-autoname3 conf=medium] Identical pattern, offset 0xa4; generic vtable dispatch thunk.
005bf19c	CCategory::CanAddItem	[forge-autoname3 conf=high] Thiscall on CCategory; calls GetSlotWithItemsOfType, GetFirstEmptySlot, IsSlotFull; logic clearly checks item capacity constraints.
005bf4ed	CTCInventoryStats::HandleMinigameCompletion	[forge-autoname3 conf=medium] Thiscall on CTCInventoryStats receiving CThing; calls BuildRenownString, tests bitset, then conditionally calls EndMinigame or Kill. Logic suggests minigame completion handling, not just 'OnMinigameEn
005c0932	Vector_Initialize	[forge-autoname3 conf=high] Thiscall initializes three pointers (begin, current, end); calls Allocator_AllocateLongArray; classic vector initialization.
005c0965	BinarySearch_FindWithPredicate_Stride_0x14	[forge-autoname3 conf=medium] Fastcall searches 0x14-byte elements via predicate callback; unrolled loop pattern is consistent with binary search helper.
005c1153	BinarySearch_FindWithPredicate_Stride_0x14_WithArg	[forge-autoname3 conf=medium] Identical logic to 005c0965 but passes param_4 to predicate; distinct enough to warrant '_WithArg' suffix.
005c176a	CItem_FindMatchingItemType	[forge-autoname3 conf=medium] Fastcall on CItem arrays; calls CIsSameItemType::operator(); searches for matching item type via unrolled binary search.
005c2013	CActiveFile::ReserveSpace	[forge-autoname3 conf=high] Thiscall on CActiveFile; resizes buffer for 0x14-byte items; calls Allocator_AllocateLongArray, OnReadFinished; clear reserve/resize logic.
005c2831	STL_VectorInsertRange	[forge-autoname3 conf=medium] Complex vector insertion with reallocation logic; '_WithRealloc' is redundant since reallocation is expected. Simplified to '_InsertRange'.
005c2c65	CActiveFile::AllocateAndInitializeCategoryNodes	[forge-autoname3 conf=high] Thiscall on CActiveFile; allocates and initializes collection of CCategory nodes via malloc, _Uninit_copy, CCategory constructor; matches proposal exactly.
005cbf72	BinarySearchTree_FindNode	[forge-autoname3 conf=high] Thiscall BST find; navigates left/right using uint key comparison at offset 0x10; classic binary search tree traversal.
005cc04a	BinarySearchTree_LowerBound	[forge-autoname3 conf=medium] Thiscall BST lower_bound; returns matching node or predecessor for int key; logic matches proposal.
005cc0cb	CMemoryAllocator_RemoveEntry	[forge-autoname3 conf=medium] Thiscall entry removal; calls CMemoryAllocatorVariableSize::Erase and free; decrements count; matches proposal.
005cc292	CMemoryAllocatorVariableSize::EraseRange	[forge-autoname3 conf=high] Thiscall on CMemoryAllocatorVariableSize; erases range of allocated blocks; calls OnKill, GetNoAllocatedAreas; clear range-erase semantics.
005cc31b	CompareDataOffset_CountAndErase	[forge-autoname3 conf=medium] Thiscall on CompareDataOffset; calls operator(), CMemoryAllocatorVariableSize_CountAllocatedAreas, EraseRange. Name is already correct but confidence should reflect generic callback pattern.
005cdbbe	ETCInterface_CalculateRatio	[forge-autoname3 conf=medium] Fastcall on ETCInterfaceType; tests bitset flag 4, calculates float ratio. '_CalculateRatio' is more specific than proposed '_CTCInterface_CalculateRatio' which overstates class coupling.
005d82f3	LuaStack_Initialize	[forge-autoname3 conf=medium] Thiscall called from lua_stackspace; initializes stack with malloc, sets begin/current/end pointers; matches proposal.
005d8417	CMemoryAllocator_RemoveEntry	[forge-autoname3 conf=medium] Thiscall entry removal called from CTCCarryable_RemoveAndDestroy; calls Erase and free; identical to 005cc0cb, separate occurrence.
005d86b2	Lua_CreateClosure	[forge-autoname3 conf=medium] Thiscall wrapper around luaV_Cclosure; creates Lua closure; matches proposal.
005d8730	CompareDataOffset_CountAndRemove	[forge-autoname3 conf=medium] Thiscall on CompareDataOffset; calls operator(), CMemoryAllocatorVariableSize_CountAllocatedAreas, CTCCarryable_RemoveAndDestroy. Name is already correct but should note it's distinct from 005cc31b.
005d87b6	BinarySearchTree_InsertOrFindNode	[forge-autoname3 conf=medium] Thiscall complex tree insertion; navigates binary search tree via GetMaxNode, InsertNode, FindOrInsert; matches proposal logic.
005dfce0	BinarySearchTree_RemoveNode	[forge-autoname3 conf=high] Fastcall BST node removal called from std::set_InsertOrFind; performs tree rebalancing and node unlink; clear removal semantics.
005e0300	CTCBase_FindByInterfaceType	[forge-autoname3 conf=medium] Thiscall looking up CTCBase by ETCInterfaceType via LowerBound; '_FindByType' is more generic than proposal which claims CTCInterface.
005e0650	QuickSort_Partition_StringKey	[forge-autoname3 conf=medium] Fastcall partition for std_sort; swaps CBasicString keys using operator<; matches proposal.
005e0fe0	STL_CopyBackward_CCharString	[forge-autoname3 conf=medium] Fastcall backward copy loop; copies CCharString elements in reverse via operator= assignments; matches proposal.
005e19d0	QuickSort_Partition_8Byte	[forge-autoname3 conf=medium] Fastcall partition for 8-byte elements; swaps via std::swap<CAnimationEntry>; called from std_sort; matches proposal.
005e1a40	SortedList_Insert_CCharString	[forge-autoname3 conf=medium] Thiscall sorted list insertion via CCharString constructor, operator<, and SortedList_Insert; '_CCharString' suffix adds clarity.
005e1be0	STL_MakeHeap_CCharString	[forge-autoname3 conf=medium] Fastcall heapify on CCharString array; calls _Adjust_heap for CCharString elements; matches proposal.
005e1c30	STL_BuildHeap_PairRefCounted	[forge-autoname3 conf=medium] Fastcall build heap for 8-byte pair elements; calls _Adjust_heap with reference counting increments; matches proposal.
005e2100	QuickSort_Partition_20Byte	[forge-autoname3 conf=medium] Fastcall partition for 0x14-byte elements; swaps via std::swap<CAnimationEntry>; called from std_sort; matches proposal.
005e2320	STL_BuildHeap_Pair20Byte	[forge-autoname3 conf=medium] Fastcall build heap for 0x14-byte pair elements; calls _Adjust_heap with reference counting; matches proposal.
005e24d0	Vector_ReallocateAndCopy_64Bit	[forge-autoname3 conf=high] Thiscall vector reallocation from TransferBinaryIn; reallocates with malloc, copies via _Uninit_copy, frees old buffer; clear semantics.
005e2770	std_MoveElement_Pair	[forge-autoname3 conf=medium] Generic pair/element move helper; evidence doesn't support 'InsertRange' (no range loop visible)
005e2b30	std_Vector_Reserve	[forge-autoname3 conf=medium] Malloc/free 0x14 elements, _Copy_impl, _Destroy_range; classic reserve pattern
005e2c20	std_Vector_InsertRange	[forge-autoname3 conf=medium] Multiple insert paths with _Copy_impl, _Move_backward, _Sort_heap on pairs
005e2eb0	std_sort_AdjustHeap	[forge-autoname3 conf=medium] Calls _Adjust_heap in loop; not 'PartitionAndHeapify' (partition not shown)
005e32f0	std_Vector_Resize	[forge-autoname3 conf=medium] Called by resize; manipulates pair elements with copy/move/fill
005e3550	std_sort_IntrosortPartition20Byte_Callback	[forge-autoname3 conf=medium] Callback with 20-byte step, calls GetDataFromDef; name too specific to element layout
005e36b0	std_Vector_PushBack_Inline	[forge-autoname3 conf=medium] Checks capacity, calls CTargetPointVector_ReserveAndCopy when full
005e4030	CEngineSubPrimitive2DClockSprite::CEngineSubPrimitive2DClockSprite	[forge-autoname3 conf=high] Thiscall constructor with vtable set, base call, member initialization
005e8f50	CMemoryAllocatorVariableSize_EraseNode	[forge-autoname3 conf=medium] Thiscall with Erase and free calls; erases single block
005e90b0	std_List_DestroyNodeRange	[forge-autoname3 conf=medium] Destroys list nodes, calls CCharString destructors, reconstructs linked list
005e9280	std_List_CloneNodeRange	[forge-autoname3 conf=medium] Mallocs nodes, copies CCharString/CWideString, reconstructs linked list
005e93e0	RBTree_InsertWithHint	[forge-autoname3 conf=high] RBTree structure (root +0, size +4), calls RBTree_Insert, RBTree_IteratorSuccessor/Predecessor
005e9630	std_List_Swap	[forge-autoname3 conf=medium] Thiscall swaps doubly-linked lists by node/pointer exchange
005ee365	CTCInventoryAbilities_FindAbility	[forge-autoname3 conf=high] CTCInventoryAbilities thiscall, LowerBound on ability map at +0x16c, GetAbilityPDef
005eed4c	CTCInventoryAbilities_TriggerSpecialAbility	[forge-autoname3 conf=high] CTCInventoryAbilities thiscall, calls OnSpecialAbilityUsed with ability id
005f7acc	std_find_Linear4Byte	[forge-autoname3 conf=medium] Linear find loop, 4-byte stride; generic, not specific to enums
005f84c6	std_MinOfThree	[forge-autoname3 conf=medium] Fastcall compares three int* values, returns minimum
005f8828	std_Vector_ConstructN_4Byte	[forge-autoname3 conf=medium] Thiscall vector init, malloc param_2*4 elements
005f885c	std_Vector_ConstructN_8Byte	[forge-autoname3 conf=medium] Thiscall vector init, malloc param_2*8 elements
005f88ed	std_CircularList_Construct	[forge-autoname3 conf=medium] Fastcall malloc 0xc, initializes self-loop
005f8992	RBTree_FindNode	[forge-autoname3 conf=high] Thiscall red-black tree search, traverses left/right on key comparison at +0x10
005f8c9b	std_Partition_8Byte	[forge-autoname3 conf=medium] Fastcall partition swaps 8-byte elements based on pivot
005f8db7	std_MakeHeap_8Byte	[forge-autoname3 conf=medium] Fastcall calls std_PopHeapRebalance with 8-byte elements
005f91e5	RBTree_LowerBoundInsert	[forge-autoname3 conf=high] Thiscall RBTree operations; traverses finding insertion point, calls RBTree_InsertNode
005f957e	std_Vector_InsertRangeRealloc_8Byte	[forge-autoname3 conf=medium] Thiscall vector reallocation with malloc, _Uninit_copy, _Fill_n
005f9633	std_Vector_InsertSingleRealloc	[forge-autoname3 conf=medium] Thiscall vector insert with realloc, _Copy_backward for shift
005f9714	CMemoryAllocatorVariableSize_TransferIn	[forge-autoname3 conf=high] Thiscall with CMemoryAllocatorVariableSize; calls GetNoAllocatedAreas, BinaryTree_InsertNode, memory block transfer
005f9853	RBTree_FindInsertionPoint	[forge-autoname3 conf=high] Calls RBTree::GetMaxNode and tree traversal, but evidence shows red-black tree search/navigation not binary tree node insertion. The variant insert is a helper.
005f9a3c	std_allocate_array	[forge-autoname3 conf=medium] malloc with left-shift by 3 (multiply by 8), calls _Uninit_copy. Consistent with array allocation pattern for 8-byte elements.
005f9a98	std_heap_adjust_pair_element	[forge-autoname3 conf=medium] Adjusts pair element in heap by comparing first value; calls std_HeapSiftDownPair or _Copy_backward. Generic heap element adjustment, not strictly a PushHeap operation.
005f9adb	std_heap_adjust_pair_element	[forge-autoname3 conf=medium] Identical code to 005f9a98. Generic pair adjustment logic, not PushHeap_Adjust.
005f9bfe	Vector_InitializeContent	[forge-autoname3 conf=medium] Called by CTCInventoryAbilities; calls _Fill_n and FUN_005f885c for initialization. Appears to be vector content initialization, not a constructor per se.
005f9d4e	Heap_ExtractAndSort	[forge-autoname3 conf=medium] Deletes param_1, iterates array elements for heap pop operations, then sorts. Generic heap extraction/sorting, not strictly PopHeap_RemoveMin.
005f9da3	Heap_ExtractAndSort	[forge-autoname3 conf=medium] Identical to 005f9d4e. Generic heap extraction/sorting operation.
005f9f5a	std_vector_resize_grow	[forge-autoname3 conf=high] Resizes vector by checking capacity, allocates via FUN_005f83d7, copies via _Move/_Uninit_copy, calls OnReadFinished. Clear vector growth pattern.
005fa10a	std_vector_resize_grow	[forge-autoname3 conf=high] Vector resize with malloc, _Uninit_copy, _Uninit_fill_n, OnReadFinished. Handles refcounted pairs. Clear resize-grow semantics.
005fa1ba	std_vector_resize_grow	[forge-autoname3 conf=high] Resizes vector via FUN_005f9a3c, uses _Uninit_copy, _Copy_impl, OnReadFinished. Arrays of CRandomAppearanceMorph. Clear resize-grow pattern.
005fa3dd	std_make_heap_with_depth_adjust	[forge-autoname3 conf=medium] Calls make_heap and FUN_005fa26b. Evidence shows depth adjustment calculation but rationale overstates certainty of the 'adjust depth' terminology.
005fa41f	std_make_heap_with_depth_adjust	[forge-autoname3 conf=medium] Duplicate of 005fa3dd with FUN_005fa2f6 variant. Same pattern: make_heap and depth adjustment.
005fc2d0	ConstructQuestsScreen_CurrentQuests	[forge-autoname3 conf=high] Creates UI_SUB_LIST and UI_TITLE_QUEST_CURRENT components, calls ConstructQuestList with list_type=1. Called by ConstructQuestsScreen. Clear current quests menu construction.
005fc8a0	ConstructQuestsScreen_CurrentQuestsPC	[forge-autoname3 conf=high] Creates PC_SUB_LIST, PC_TITLE_QUEST_CURRENT; calls ConstructQuestListPC with Campfire_InsertRegionNode. PC platform variant of current quests.
005fcbe0	ConstructQuestsScreen_PastQuests	[forge-autoname3 conf=high] Creates UI_SUB_LIST and UI_TITLE_QUEST_PAST components, calls ConstructQuestList with list_type=2, SortTreeRecursively. Past quests construction.
005fd9c0	CHeroLogBook_AddLogEntry	[forge-autoname3 conf=high] Called by CHeroLogBook_AddLogEntry; inserts strings into 4 WideString vectors at fixed offsets (0x154, 0x160, 0x16c, 0x178). Clear logbook entry insertion.
005fddd0	ConstructQuestsScreen_PastQuestsPC	[forge-autoname3 conf=high] PC variant with PC_SUB_LIST, PC_TITLE_QUEST_PAST; calls ConstructQuestListPC; Campfire_InsertRegionNode; SortTreeRecursively. PC past quests screen.
00601310	ConstructQuestsScreen_MainMenu	[forge-autoname3 conf=high] Creates PC_QUESTS_MENU component with extensive UI setup; calls FUN_005fc8a0 (current quests PC) and FUN_005fddd0 (past quests PC). Massive quest menu builder at function entry point.
00606f80	CTCActionUseBuyOrSteal_dtor	[forge-autoname3 conf=high] Called by vector_deleting_destructor; sets vtable pointers, called on CTCActionUseBuyOrSteal; thiscall pattern. Destructor for buying/stealing action.
006096e0	ConstructLogbookScreen	[forge-autoname3 conf=high] Creates PC_LOGBOOK_CATEGORIES component; massive logbook UI with multiple category trees; calls CreateMenuEntryComponent and many strings. Comprehensive logbook builder.
00612db0	Array_FindFirst_Quad	[forge-autoname3 conf=medium] Linear search across array with 16-byte (4-uint) elements, called by CreateMiniMapMarkers, searches for matching int values. Quadword array search confirmed.
00613630	RBTree_FindPredecessor	[forge-autoname3 conf=medium] Navigates red-black tree to rightmost node of left subtree via offset 0xc and 0x8 checks. Predecessor traversal pattern confirmed.
00613f00	RBTree_DeleteNode_Color	[forge-autoname3 conf=medium] Red-black tree node deletion/rebalancing; handles color node checks at offset 0 and offsets 0x4/0x8/0xc for children. Node deletion/rebalancing logic.
00615820	RBTree_LowerBound_Int	[forge-autoname3 conf=medium] Tree traversal via offsets 0x10 (key), 0x4 (right), 0x8/0xc (children); searches for key >= param_3. Lower bound search confirmed.
00615870	RBTree_LowerBound_Int	[forge-autoname3 conf=medium] Duplicate of 00615820; called by SetPanMode. Identical lower-bound tree search.
006159a0	TransferOut_HeroTraits	[forge-autoname3 conf=high] Called by TransferOut; parses CStringParser for hero data; calls TransferIn for individual fields; Compare validation. Clear hero traits transfer-out logic.
00617230	CList_PushBack	[forge-autoname3 conf=medium] Allocates 16-byte nodes with malloc, inserts into doubly-linked list with prev/next pointers at +0/+4. Intrusive list insertion confirmed.
00617520	RBTree_Insert_WithSuccessor	[forge-autoname3 conf=medium] Calls RBTree_Insert, RBTree_GetSuccessor, RBTree_GetPredecessor, RBTree_Insert_Int. Map insertion with tree successor/predecessor navigation.
00617d50	RBTree_Insert_WithSuccessor_Variant	[forge-autoname3 conf=medium] Variant of 00617520; calls _Variant suffix functions (GetSuccessor_Variant, Insert_Int_Variant). Variant tree insertion pattern.
00617fd0	Vector_InsertRange	[forge-autoname3 conf=medium] Inserts N copies of value into vector; calls Vector_InsertPair, memmove, _Fill; handles reallocation. Range insertion pattern confirmed.
006181a0	Vector_PushBack_Pair	[forge-autoname3 conf=medium] Inserts 8-byte pair; checks capacity, increments pointer on direct insert or calls Vector_InsertPair. Pair push-back pattern.
00618860	Vector_InsertRange_MiniMapMarker	[forge-autoname3 conf=medium] Inserts CUIMiniMapMarker objects (0x1c bytes); calls _Copy_backward, _Fill; handles vector growth. MiniMap marker insertion confirmed.
00618990	Vector_InsertRange_40byte	[forge-autoname3 conf=medium] Inserts 40-byte elements; calls std__vector_insert_40byte, _Copy_impl, _Fill; large element insertion. 40-byte element insertion confirmed.
00618ad0	Vector_InsertRange_uint	[forge-autoname3 conf=medium] Inserts N uint values; calls _Fill_n, Vector_Insert_uint; handles reallocation and memcpy. Uint range insertion confirmed.
00618de0	RBTree_FindAndInsert	[forge-autoname3 conf=medium] Finds insertion point via tree traversal (offsets 0x10, 0x4, 0x8/0xc); calls FUN_00617d50 (variant insert); returns value ptr at +0x14. Tree search and insert.
006235f0	RBTree_DeleteNode_Color	[forge-autoname3 conf=medium] Red-black tree delete rebalancing; called by RBTree_Insert_uint; identical to 00613f00 pattern. Node deletion/rebalancing.
00623af0	RBTree_LowerBound_uint	[forge-autoname3 conf=medium] Tree search with uint key via offset 0x10; called by TakeQuest; compares uint values. Lower bound search for uint keys.
00623c80	std_Partition_TestQuest	[forge-autoname3 conf=high] Partitions array of CTestQuest (0x1c bytes each); calls CTestQuestNameCompare::operator(); quicksort partition logic. Quest test partitioning confirmed.
00624760	std_InsertionSort_Step_TestQuest	[forge-autoname3 conf=high] Called by _Insertion_sort1; inserts single CTestQuest into sorted position via _Copy_backward; Array_InsertionSort_TestQuest helper. Insertion sort step for quest tests.
00624880	std_AdjustHeap_TestQuest	[forge-autoname3 conf=high] Called in heap ops; calls _Adjust_heap for CTestQuest with CTestQuestNameCompare; heap rebalancing loop. Heap adjustment for quest tests confirmed.
006249e0	std::vector_destructor_range	[forge-autoname3 conf=medium] Core operation is destructing a range of CCharStrings, not 'erase_tail' as proposed; destructive operation on old elements after copy.
00624b90	std::vector_assign_range	[forge-autoname3 conf=medium] Evidence matches: allocates, uninitialized_copy, destructs old range, updates pointers — standard vector assignment internals.
00624e40	std::vector_insert_range_pairs	[forge-autoname3 conf=medium] Insertion logic with growth, copy_backward, and fill operations match pair-range insertion pattern.
006251c0	std::introsort_partition_impl	[forge-autoname3 conf=medium] Code shows complex partition/copy logic with comparison operator, not simple 'cleanup'; mischaracterizes the algorithm phase.
006256e0	CPersistContext_TransferFloat	[forge-autoname3 conf=high] Thiscall on CPersistContext, checks binary/stream modes, transfers float via TransferBinaryIn or WriteCBYTE — exact match.
006257c0	std::introsort_and_heapify	[forge-autoname3 conf=medium] Calls std::introsort_TestQuest then make_heap; accurately describes two-phase sort + heap init.
0062e7e0	std::vector_push_back_or_expand	[forge-autoname3 conf=medium] Checks capacity, inserts element or calls vector_insert_range if full — matches push_back with growth semantics.
0062ee80	CCreatureActionBase_CloneTree	[forge-autoname3 conf=high] Calls Tree_Clone_Recursive and updates tree pointers (first, last, tail); clear tree cloning operation.
0062fe60	CParticleMorphs_ctor	[forge-autoname3 conf=high] Fastcall return value, initializes 3 list nodes, CCharString, vectors, floats — clear constructor pattern.
00631590	std::vector_uninitialized_copy_uistate	[forge-autoname3 conf=medium] Allocates CUIStateDef array, copies via in-place constructor; matches uninitialized_copy pattern.
00632260	CPersistContext_TransferFloat	[forge-autoname3 conf=high] Identical to 006256e0; CPersistContext float persistence with mode checks.
00632340	CPersistContext_TransferFloat	[forge-autoname3 conf=high] Identical to 006256e0 and 00632260; CPersistContext float transfer.
00632420	CPersistContext_TransferFloat	[forge-autoname3 conf=high] Identical pattern; CPersistContext float serialization with binary/stream modes.
006325e0	CPersistContext_TransferFloat	[forge-autoname3 conf=high] Same pattern; CPersistContext float persistence method.
006326c0	CPersistContext_TransferFloat	[forge-autoname3 conf=high] Identical pattern; CPersistContext float transfer with mode dispatch.
006327a0	CPersistContext_TransferList_CrimeOpinion	[forge-autoname3 conf=high] Fastcall on CPersistContext, CheckCRC and TransferBinaryIn for opinion list — accurate.
006327e0	CDataOutputStream_WriteMemoryAreas	[forge-autoname3 conf=medium] Fastcall on CDataOutputStream, iterates allocated areas via GetNoAllocatedAreas, writes each — matches pattern.
00632990	RBTree_find_insertion_bounds	[forge-autoname3 conf=medium] Code finds lower/upper bounds and stores in param_2; does not actually insert node; 'insert' is misleading.
00632a30	RBTree_insert_node	[forge-autoname3 conf=medium] Allocates node, links into tree, calls BalanceTree, increments count — actual insertion operation.
00632af0	CPersistContext_TransferMap_CharStringPair	[forge-autoname3 conf=high] Thiscall on CPersistContext, calls GFSerialiseMapBinaryIn for map<CCharString,pair<long,long>> — exact match.
00632b30	CDataOutputStream_WriteMap_CharStringPair	[forge-autoname3 conf=medium] Fastcall on CDataOutputStream, iterates map entries, writes key and value — matches serialization pattern.
00632f80	std::vector_shift_copy	[forge-autoname3 conf=medium] Shifts elements by offset, calls operator= on each, destructs tail — matches shift-copy semantics.
00632ff0	std::vector_insert_range_uistate	[forge-autoname3 conf=medium] Complex insertion with CUIStateDef constructor, copy/fill operations; resizable vector insert for UIState.
006331f0	std::vector_assign_many_uistate	[forge-autoname3 conf=medium] Allocates buffer, uninitialized-copies, fills, copies tail, destructs old; vector assign-many for UIState.
00637f40	CThingMapManager_IsOverlappingCells	[forge-autoname3 conf=high] Thiscall on CThingMapManager, gets map level, cell positions, tests overlap condition — clear semantics.
006384b0	CThingMapManager_GetOverlappingThings	[forge-autoname3 conf=high] Thiscall on CThingMapManager, iterates things, tests C2DBoxI::Overlapping, inserts overlapping IDs — matches.
00638d70	RBTree_erase_and_free	[forge-autoname3 conf=medium] Calls CMemoryAllocatorVariableSize::Erase, then free() on returned memory — removes and deallocates node.
00639050	std::vector_copy_backward_8byte	[forge-autoname3 conf=medium] Copies 8-byte pairs backward, updates end pointer — matches backward copy semantics.
00639090	std::vector_insert_range_4byte	[forge-autoname3 conf=medium] Complex insertion with memmove, repeats param_5 elements, copies remainder — 4-byte element insertion.
00639250	RBTree_find_bounds	[forge-autoname3 conf=medium] Searches tree with comparisons, stores lower/upper bound node pointers — find_equal_range helper.
006392b0	std::vector_insert_range_navigator	[forge-autoname3 conf=medium] Inserts param_3 copies of ENavigatorType using memmove and fill — matches navigator enum insertion.
006393d0	std::vector_insert_range_8byte	[forge-autoname3 conf=medium] Allocates buffer, copies leading elements, repeats param_5 items, copies tail — 8-byte element range insertion.
00639600	std::vector_insert_range_pairs_attitude	[forge-autoname3 conf=medium] Inserts param_3 pairs of float+attitude using fill/copy/uninit_copy — attitude pair insertion.
0063b750	CWorldMap_FindMaxGroundZ	[forge-autoname3 conf=high] Thiscall on CWorldMap, loops positions calling GetGroundSizeZAtBlock and IsPosInMap, returns max Z — exact match to evidence
0063b7f0	CWorldMap_FindMaxThemeMinCameraZ	[forge-autoname3 conf=high] Same loop pattern but calls GetThemeMinCameraSizeZOffsetAt instead — evidence matches
0063e2e0	CWorldMap_PostLoadTopology_Helper	[forge-autoname3 conf=high] Thiscall from PostLoadTopology, clips areas, iterates local areas, calls InitPassabilityFromThemesIfNecessary — exact match
006404d0	std_list_insert_node	[forge-autoname3 conf=medium] Malloc 0xc, manipulates doubly-linked pointers at offsets; generic pattern not specific to CDisplayEngine
00640560	std_vector_push_back	[forge-autoname3 conf=medium] Checks capacity at +0xc/+0x10, writes 16 bytes (4 dwords), calls grow when full — generic vector push pattern
00640670	std_vector_grow_and_relocate	[forge-autoname3 conf=medium] Malloc new buffer, _Copy_impl, fill, free old — standard vector reallocation
00641260	CTCUserAction_AttachParticlesIfNeeded	[forge-autoname3 conf=high] Checks flag at +0x30&4, CVectorMap lookup for ETCInterfaceType 0x82, gets CTCParticleAttacher, calls AttachParticles if queue full
00643d8c	InitParticleEmitter	[forge-autoname3 conf=medium] Not a thiscall; generic function calling PeekGuiDef, CreateEmitter, GFGetPreMainMemoryUsed; no CParticleMorphs context evident
00655125	std_list_node_unlink_and_free	[forge-autoname3 conf=medium] Relinks doubly-linked pointers, frees node — generic list node removal
006553d0	std_list_node_unlink_and_free	[forge-autoname3 conf=medium] Identical code to 0x00655125; deque vs list is speculative, don't name for container type
006553fd	std_list_node_unlink_and_free	[forge-autoname3 conf=medium] Identical unlink code; caller is pop_front but pattern is generic node removal
0065544c	std_allocate_and_copy_pair	[forge-autoname3 conf=medium] Malloc 0x14, copy 3 dwords — generic 3-dword structure allocator
00655495	std_allocate_and_copy_pair_2	[forge-autoname3 conf=medium] Identical to 0x0065544c — duplicate allocator variant
006554bd	std_allocate_and_copy_pair_3	[forge-autoname3 conf=medium] Identical pattern — third allocator variant
00655516	CEngineInterpolationInfo_Initialize	[forge-autoname3 conf=high] Fastcall from CEngineInterpolationInfo constructor, allocates interpolation buffer, sets capacity and position offsets
00655a52	CLandscapeBackground_RemoveNode	[forge-autoname3 conf=high] Unlinks doubly-linked node, calls CLandscapeBackgroundPatch::_vector_deleting_destructor_, frees — class context clear from destructor
00655ad8	std_list_allocate_sentinel	[forge-autoname3 conf=medium] Malloc 0x10, creates self-referential doubly-linked sentinel — empty list sentinel
00655af3	std_list_insert_node_before	[forge-autoname3 conf=medium] Calls allocate pair, links doubly-linked node before param_2 — generic list insertion
00655b18	std_list_allocate_sentinel_0x14	[forge-autoname3 conf=medium] Malloc 0x14, self-referential sentinel for 0x14-byte list node
00655b33	std_list_allocate_sentinel_0x10	[forge-autoname3 conf=medium] Malloc 0x10, self-referential sentinel — standard size list node
00655b4e	std_list_allocate_sentinel_0x34	[forge-autoname3 conf=medium] Malloc 0x34, self-referential sentinel for larger list node
00655b69	std_list_allocate_sentinel_0x2c	[forge-autoname3 conf=medium] Malloc 0x2c, self-referential sentinel — size-specific sentinel
00655b84	std_list_insert_node_before_2	[forge-autoname3 conf=medium] Calls allocate pair variant, doubly-linked insertion — generic list insertion variant
00655ba9	std_list_allocate_sentinel_0x14_2	[forge-autoname3 conf=medium] Malloc 0x14, self-referential sentinel — duplicate 0x14-byte sentinel allocator
00655bc4	std_list_insert_node_before_3	[forge-autoname3 conf=medium] Calls allocate pair variant, doubly-linked insertion — third list insertion variant
00655be9	std_list_allocate_sentinel_0x14_3	[forge-autoname3 conf=medium] Malloc 0x14, self-referential sentinel — another 0x14-byte sentinel
00655eb4	CChangeLog_AddDamageChange_Thunk	[forge-autoname3 conf=medium] Thiscall wrapper from AddDamageChange, forwards to std_list_insert_node_before — damage change list insertion thunk
00655f36	CChangeLog_AddStatUpdate_Thunk	[forge-autoname3 conf=medium] Thiscall wrapper from AddStatUpdate, calls list insertion variant — stat update thunk
00655f62	CChangeLog_AddObject_Thunk	[forge-autoname3 conf=medium] Thiscall wrapper from AddObject, calls list insertion variant — object insertion thunk
00656082	std_vector_reserve_and_reposition	[forge-autoname3 conf=medium] Vector growth with capacity check, malloc/realloc, make_heap and Std_Move_Backward calls — generic vector capacity growth
00656197	CLuaTable_AddElement_Thunk	[forge-autoname3 conf=medium] Thiscall from AddElement, calls luaV_Cclosure — Lua table element insertion thunk
0065625e	std_vector_grow_ulong	[forge-autoname3 conf=medium] Vector growth for ulong elements: malloc, _Fill_n, Std_Move_Backward, free — ulong vector reallocation
006566c3	std_vector_insert_IntelligentPointer_range	[forge-autoname3 conf=medium] Grows vector of CIntelligentPointer<CThing_const_>, calls _Uninit_copy and _Fill_n — STL vector range insertion
006567ec	CLuaTable_AddChangeText_Thunk	[forge-autoname3 conf=medium] Thiscall from AddChangeText, calls luaV_Cclosure — Lua table change text insertion thunk
00656806	CDrawBase_PushBackValue	[forge-autoname3 conf=medium] Thiscall from CDrawBase, checks capacity, calls vector grow when full — vector push_back for draw base
00656837	std_vector_assign_range	[forge-autoname3 conf=medium] Copies range, destroys old elements, updates size — STL vector assignment operation
006568f2	std_vector_insert_IntelligentPointer_n	[forge-autoname3 conf=medium] Vector insertion for CIntelligentPointer elements with growth, copy, fill, destruction — range insertion for intelligent pointers
006569da	CTCUserActionPointBase_InsertActionPoint	[forge-autoname3 conf=high] Thiscall on CTCUserActionPointBase, constructs CComboMultiplierData, calls GetNumberOfActionPointsInUse, malloc 0x80 — action point insertion confirmed
00656a40	std_vector_insert_CObjectFamilyEntry_range	[forge-autoname3 conf=medium] Vector range insertion for CObjectFamilyEntry elements with growth/copy/fill — family entry range insertion
00656d5e	std_vector_insert_pair_C3DVector_CCharString_range	[forge-autoname3 conf=medium] Vector range insert for pair<C3DVector,CCharString>, malloc 0x10-byte elements — coordinate-string pair insertion
00656e0c	ComboMultiplierData_ConstructOrAppend	[forge-autoname3 conf=medium] Thiscall with constructor call; increments offset 0x10 (likely list head), but FUN_006569da logic unknown—claim of 'Reset' unsupported
0065ead6	FindBankFileAsyncEntry_ByID	[forge-autoname3 conf=medium] Loops comparing local_10[0] == param_5; ID-based search is supported by comparison logic
0065eb30	FindBankFileAsyncEntry_FindByID	[forge-autoname3 conf=medium] Identical to 0065ead6; template instantiation variant—'Variant2' is not a name, use same root with implicit specialization
0065eb8a	FindBankFileAsyncEntry_FindByID	[forge-autoname3 conf=medium] Identical to 0065ead6; template variant—same function, different template type
0065ebe4	FindBankFileAsyncEntry_FindByID	[forge-autoname3 conf=medium] Identical to 0065ead6; template variant
0065ec3e	FindBankFileAsyncEntry_FindByID	[forge-autoname3 conf=medium] Identical to 0065ead6; template variant
0065ec98	FindBankFileAsyncEntry_FindByID	[forge-autoname3 conf=medium] Identical to 0065ead6; template variant
0065f1ad	DoublyLinkedList_InitializeEmpty	[forge-autoname3 conf=medium] Allocates sentinel, self-links forward/back; circular empty list construction is clear
0065f1df	DoublyLinkedList_InitializeEmpty	[forge-autoname3 conf=medium] Identical to 0065f1ad; template variant—same semantic name
0065f211	DoublyLinkedList_InitializeEmpty	[forge-autoname3 conf=medium] Identical to 0065f1ad; template variant
0065f243	DoublyLinkedList_InitializeEmpty	[forge-autoname3 conf=medium] Identical to 0065f1ad; template variant
0065f25e	DoublyLinkedList_InitializeEmpty	[forge-autoname3 conf=medium] Identical to 0065f1ad; template variant
0065f279	DoublyLinkedList_InitializeEmpty	[forge-autoname3 conf=medium] Identical to 0065f1ad; template variant
0065f294	DoublyLinkedList_InitializeEmpty	[forge-autoname3 conf=medium] Identical to 0065f1ad; template variant
0065f2af	DoublyLinkedList_InitializeEmpty	[forge-autoname3 conf=medium] Identical to 0065f1ad; template variant
0065f2ca	DoublyLinkedList_InitializeEmpty	[forge-autoname3 conf=medium] Identical to 0065f1ad; template variant
0065f2e5	DoublyLinkedList_InitializeEmpty	[forge-autoname3 conf=medium] Identical to 0065f1ad; template variant
0065f856	GetBestCarryCrateTask	[forge-autoname3 conf=medium] Calls _For_each with CGetBestTaskForThing<CVillageTaskCarryCrate>; simpler name, avoid 'TaskForThing' redundancy
0065f884	GetBestCrateTaskForThing	[forge-autoname3 conf=high] Direct caller match: GetBestCrateTaskForThing; identical logic to 0065f856
00660034	GetBestCarryCrateTask	[forge-autoname3 conf=medium] Identical to 0065f856; template variant—use same root name
00660062	GetBestCarryCrateTask	[forge-autoname3 conf=medium] Identical to 0065f856; template variant
00660090	GetBestCarryCrateTask	[forge-autoname3 conf=medium] Identical to 0065f856; template variant
006600be	GetBestCarryCrateTask	[forge-autoname3 conf=medium] Identical to 0065f856; template variant
00660213	Vector_AllocateElements	[forge-autoname3 conf=medium] Allocates param_1*4 bytes; calls Std_Move_Backward (semantics unclear but wrapper is sound); generic vector element allocation
006611f7	MemoryAllocator_IterateAllocatedAreas	[forge-autoname3 conf=medium] Thiscall looping while param_2 != param_3, calling Vector_PushBack + GetNoAllocatedAreas; iteration/accumulation, not true enumeration
00664e50	CVertexBufferWin32_CalculateViewingAngle	[forge-autoname3 conf=high] Thiscall on CVertexBufferWin32; complex fpatan-based angle calculations with FOV logic matches name
00669850	Shuffle_LinearCongruentialRNG	[forge-autoname3 conf=medium] Fastcall array shuffle; LCG state update (*0x24a1 + 0x24df), GFROR13 bit rotation, Fisher-Yates swap—matches name
0066e210	Vector_Erase	[forge-autoname3 conf=high] Thiscall, shifts 8-byte pairs backward; called by resize; classic erase pattern.
0066e260	Vector_InsertN	[forge-autoname3 conf=high] Thiscall, allocates buffer, copies existing, inserts N copies of 8-byte pairs; called by resize.
0066e480	Vector_ResizeHelper	[forge-autoname3 conf=high] Thiscall, called by resize; delegates to FUN_0066e260; handles EConversationAttitude pair resizing.
0066ec8a	Vector_AllocateUints	[forge-autoname3 conf=high] Thiscall, malloc(param_2 << 2), initializes 3-field vector struct; called by SetFaction.
0066ed1d	Vector_InsertValue	[forge-autoname3 conf=high] Thiscall, called by std::vector::InsertValue; allocates buffer, fills with uint32 stride (>> 2).
00670470	CThingCreatureBase_UpdateGravity	[forge-autoname3 conf=high] Fastcall instance method; calls GetHeightZBelowAt, ApplyAcceleration, LowerBound; gravity simulation.
006714b0	CActiveFile_Assign	[forge-autoname3 conf=high] Thiscall operator=; returns this; calls OnReadFinished; assignment operator on CActiveFile.
006715a0	Vector_MallocAndCopy	[forge-autoname3 conf=high] Non-thiscall utility; malloc with uint32 stride then copies range; used by assignment operator.
00671c10	CPersistTraits_float_Transfer	[forge-autoname3 conf=high] Thiscall on CPersistContext; float serialization with CheckCRC + binary in/out; called from CThingCreatureDef::Transfer.
00671cf0	CPersistTraits_float_Transfer	[forge-autoname3 conf=high] Identical to 00671c10; float serialization; called from CThingCreatureDef::Transfer.
00671dd0	CPersistTraits_float_Transfer	[forge-autoname3 conf=high] Identical code; float serialization with CheckCRC; called from CThingCreatureDef::Transfer.
00671eb0	CPersistTraits_float_Transfer	[forge-autoname3 conf=high] Same pattern; float transfer with CheckCRC; called from CThingCreatureDef::Transfer.
00671f90	CPersistTraits_float_Transfer	[forge-autoname3 conf=high] Identical to previous float transfer; CheckCRC + TransferBinaryIn/Out pattern.
00672070	Vector_Erase	[forge-autoname3 conf=high] Thiscall, shifts uint32 elements (>> 2); called by CThingCreatureDef::Transfer; mirrors 0066e210 with 4-byte stride.
006720b0	Vector_SortIntroSort	[forge-autoname3 conf=high] Fastcall; calls std::IntroSort and FUN_00672100; sorts uint32 array with introsort pattern and depth limit.
00672100	Vector_InsertSorted	[forge-autoname3 conf=high] Fastcall; calls std::InsertSorted_Pair, _Copy_impl; inserts elements into sorted position with CComplexNumber stride.
00672330	Vector_PartialSort_Heap	[forge-autoname3 conf=high] Fastcall, called by std::IntroSort; calls _Sort_heap, _Adjust_heap; partial sort using heap on ENavigatorType.
00672410	Vector_MakeHeap	[forge-autoname3 conf=high] Fastcall; calls _Adjust_heap repeatedly; builds heap from unordered range of ENavigatorType elements.
006726b0	Vector_InsertN_ulong	[forge-autoname3 conf=high] Thiscall; inserts N copies of ulong; calls FUN_00672820 for reallocation; 4-byte stride (>> 2).
00672820	Vector_InsertN_Helper	[forge-autoname3 conf=high] Thiscall, allocates buffer, copies range, inserts N elements with uint32 stride; malloc/free allocation.
00673f90	Vector_AllocateTriplets	[forge-autoname3 conf=high] Non-thiscall, malloc(param_1 * 0xc); copies 12-byte structs in triplet pattern; called by Vector_Assign.
00674030	Vector_AllocateTriplets	[forge-autoname3 conf=high] Identical to 00673f90; malloc(0xc) per element; copies triplets; non-thiscall utility.
00674300	Vector_Assign_16byte	[forge-autoname3 conf=high] Thiscall operator=, 16-byte stride (>> 4); calls malloc, free, std algorithms; assignment operator.
00674400	Vector_Assign_12byte	[forge-autoname3 conf=high] Thiscall operator=, 12-byte stride (/ 0xc); CTCSmokeGenerator::CGenerationPos elements; assignment.
00674520	Vector_Assign_44byte	[forge-autoname3 conf=high] Thiscall operator=, 44-byte stride (/ 0x2c); CAppearanceModifierGraphics::CEntry; assignment logic confirmed.
006753f0	Vector_Assign_16byte_CFeatDef	[forge-autoname3 conf=high] Thiscall operator=, 16-byte stride (>> 4); calls _Move, _Uninit_copy, vector_FreePtrVector; assignment.
006758b0	Vector_AllocateNested	[forge-autoname3 conf=medium] Non-thiscall, malloc(param_1 * 0xc) with vector_copy_constructor; allocates nested 12-byte elements but not explicitly 'Complex' type.
00675980	Vector_Assign_12byte_StringPair	[forge-autoname3 conf=high] Thiscall operator=, 12-byte stride; CCharString pair copying with _Copy_impl<std::pair<CCharString,CCharString>>; assignment.
00676740	CRandomAppearanceMorph_Serialize	[forge-autoname3 conf=medium] Thiscall on CPersistContext; called from CCreatureDef::Transfer; transfers CRandomAppearanceMorph serialization but parameter order suggests persistence handler rather than Transfer method.
006768f0	CMemoryBlock_Destructor	[forge-autoname3 conf=high] Fastcall destructor on CMemoryBlock; called by vector_deleting_destructor; frees tree arrays, lists, dynamic textures.
00677760	CReactionMatch_AsymmetricPyramid_Constructor	[forge-autoname3 conf=high] Thiscall constructor; calls parent constructor; sets vtable; initializes CReactionMatch_AsymmetricPyramid.
00678460	CMemoryBlock_Destructor_Extended	[forge-autoname3 conf=high] Fastcall destructor on CMemoryBlock; vector_deleting_destructor; complex cleanup with tree walks and list destruction.
00679560	CResource_Constructor	[forge-autoname3 conf=high] Fastcall constructor on CResource; initializes multiple list/queue structures; repeated malloc for 0x18-byte queues.
0067acd0	BinTree_Next	[forge-autoname3 conf=high] Fastcall, navigates binary tree successor; checks sentinel, handles left/right child logic; tree traversal.
0067ad40	BinTree_Next	[forge-autoname3 conf=high] Identical to 0067acd0; binary tree successor navigation; sentinel check pattern.
0067adb0	BinTree_Next	[forge-autoname3 conf=high] Identical implementation; binary tree successor logic; parent/child link navigation.
0067b5b0	List_InsertNode	[forge-autoname3 conf=high] Non-thiscall, allocates 0xc-byte list node; links into doubly-linked list; called by ForEachIf.
0067b8b0	BinTree_InorderWrite	[forge-autoname3 conf=high] Fastcall, called from COpinionReactionManagerDef::Transfer; inorder tree traversal writing via WriteCBYTE.
0067b930	BinTree_InorderWrite	[forge-autoname3 conf=high] Identical to 0067b8b0; inorder tree traversal serialization; called from COpinionReactionManagerDef::Transfer.
0067b9b0	BinTree_InorderWrite	[forge-autoname3 conf=high] Same inorder tree serialization; called from COpinionReactionManagerDef::Transfer; binary tree traversal pattern.
0067ba30	CMemoryAllocatorVariableSize::InsertValue	[forge-autoname3 conf=medium] Binary tree traversal with node insertion at offset 0x10 comparison, calls InsertNode; three variants suggest template instantiation
0067baf0	CMemoryAllocatorVariableSize::InsertValue	[forge-autoname3 conf=medium] Identical pattern to 0067ba30, tree insertion with different error callback FUN_0067ad40
0067bbb0	CMemoryAllocatorVariableSize::InsertValue	[forge-autoname3 conf=medium] Identical pattern to 0067ba30, tree insertion with different error callback FUN_0067adb0
0067bfb0	COpinionReactionManagerDef::Transfer	[forge-autoname3 conf=high] Caller is Transfer@COpinionReactionManagerDef, checks direction flags 2/3, calls TransferBinaryIn/Out, SortTreeRecursively matches persistence pattern
0067cad0	CVectorBase::resize_copy	[forge-autoname3 conf=medium] Caller resize, calls _Copy_impl on 0x48-sized elements, destructs old range; typical vector resize helper
0067cb20	CVectorBase::resize_realloc	[forge-autoname3 conf=medium] Resizes with malloc, _Uninit_copy, CopyConstructRange on 0x48-sized elements; reallocation helper
0067cc50	CVectorBase::resize_with_copy	[forge-autoname3 conf=medium] Complex resize with _Uninit_copy, _Fill, CopyConstructRange on 0x48-sized elements
0067cf40	std::list::merge	[forge-autoname3 conf=medium] List node reordering with pointer manipulation (offsets 0,1,2), copies data from param_2, calls cleanup via FUN_0067cfb0
0067cfb0	std::list::_Deallocate_nodes	[forge-autoname3 conf=medium] Iterates list nodes via pointers, modifies offset 0/4 (next/prev), calls free; linked list deallocation
0067d030	LTextBinTree::operator_assign	[forge-autoname3 conf=medium] Clears tree via BuildTreeArray, allocates new tree from param_2 via TreeNode_AllocateWithAlloc; assignment operator
0067d190	LTextBinTree::operator_assign_clone	[forge-autoname3 conf=medium] Same as d030 but calls TreeNode_CloneTree for deep clone; clone assignment variant
0067d2f0	LTextBinTree::operator_assign_alt	[forge-autoname3 conf=medium] Same as d030 but calls TreeNode_CloneTreeAlt; alternative tree assignment
0067d450	std::vector<CConversation>::operator_assign	[forge-autoname3 conf=high] Vector assignment with capacity check, reallocates via FUN_0067d5c0, copies via Copy; clear vector assignment pattern
0067d5c0	std::vector<CConversation>::allocate_and_construct	[forge-autoname3 conf=medium] Allocates malloc(param_1 * 0x48), constructs CParentDefClassBase elements; vector allocation helper
0067d610	CVectorMap::resize	[forge-autoname3 conf=medium] Caller TransferVectorOfSubComponents, creates CResource, calls resize on CVectorMap of morphs
0067e9b0	std::partition_pivot	[forge-autoname3 conf=medium] Caller is IntroSort, partition logic comparing against pivot param_3, swaps 7-float elements; quicksort partition
0067ead0	std::make_heap<CDebugBox>	[forge-autoname3 conf=high] Caller swap, calls _Adjust_heap repeatedly from bottom-up, heapifies 0x1c-sized elements; heap construction
0067ec70	std::vector_insert_range	[forge-autoname3 conf=medium] Complex insertion with malloc buffer, copies existing+new+remaining elements with 0x1c size; vector range insertion
0067ef00	std::vector_insert_single	[forge-autoname3 conf=medium] Caller resize, inserts single element, calls FUN_0067ec70 if no capacity, 0x1c element size
0067f3d0	std::sort_and_heapify	[forge-autoname3 conf=medium] Caller is CDegradableDef::Transfer, calls IntroSort then make_heap on pair array; full sort-then-heap operation
00680400	std::lower_bound_insert	[forge-autoname3 conf=medium] Inserts at sorted position via binary search (offset -2), shifts elements, places param_2/3; 8-byte pairs
00680b40	std::partition_pairs	[forge-autoname3 conf=medium] Caller IntroSort, partition on 8-byte pairs, compares against param_3, swaps pairs; quicksort pair partition
00680c20	std::make_heap_float_pairs	[forge-autoname3 conf=medium] Makes heap of float/EConversationAttitude pairs (8-byte), calls _Adjust_heap with comparator; heap construction
00680cb0	std::insertion_sort_pairs	[forge-autoname3 conf=medium] Caller _Insertion_sort1, inserts pair at sorted position, calls FUN_00680400; insertion sort for pairs
00680d80	std::vector_erase_range	[forge-autoname3 conf=medium] Caller resize, removes range via element shifting; typical vector range erasure
00680f70	std::vector_insert_range_pairs	[forge-autoname3 conf=medium] Inserts multiple pairs, malloc if needed, fills with _Fill_n/_Uninit_copy; pair vector insertion
006810e0	std::partial_sort_heap	[forge-autoname3 conf=medium] Caller IntroSort, maintains heap of top N, swaps if less than root, calls _Adjust_heap; partial sort via heap
006819d0	CViewBase::UpdateHitTolerance	[forge-autoname3 conf=high] Caller OnHit, updates offset 0x10 with tolerance value, accesses DisplayEngine, checks tolerance threshold; hit processing
00684420	CEngineSubPrimitive2DClockSprite::ctor	[forge-autoname3 conf=high] Calls parent ctor, initializes multiple malloc buffers (0x12,0x4f,0x5c,0x14,0x20,0x60), sets vptr; constructor pattern
006856c0	std::tree_node::GetNext	[forge-autoname3 conf=medium] Caller CViewBase_SetOpinionDeedMask, tree traversal finding rightmost via offset 8 chain; RB/AVL successor
006860f0	std::vector_insert_value	[forge-autoname3 conf=medium] Caller CViewBase_SetOpinionDeedMask, manages buffer with count param, calls VertexListInsertVertices if full
00686f10	CMeshVolumeMap::Find	[forge-autoname3 conf=high] Caller AddTC, searches CVectorMap<CCharString, C3DMeshVolume> via LowerBound, compares keys; mesh lookup
00687510	std::list_node::Initialize	[forge-autoname3 conf=medium] Caller CWorld::Init, initializes node with malloc(0x60), sets circular list pointers; list sentinel setup
00695c80	std::tree_node::FindNext	[forge-autoname3 conf=medium] Caller TreeSet_InsertStringKey, RB/AVL tree successor via left/right branch traversal
00695e30	std::find_if_nonzero	[forge-autoname3 conf=medium] Caller CCreatureActionBase::FrameUpdate, searches array for first non-zero byte at offset 4; filtered linear search
00696240	std::vector_copy_filtered	[forge-autoname3 conf=medium] Caller CCreatureActionBase::FrameUpdate, copies elements with zero byte at offset 4 (reference counting)
00696340	std::lower_bound_string	[forge-autoname3 conf=medium] Caller InitialiseActionEvents, binary search on CCharString at offset 0x10 in tree; string key binary search
00696f00	std::vector_insert_range_paired	[forge-autoname3 conf=medium] Inserts multiple int64/CCountedPointer pairs with malloc, _Uninit_copy, _Uninit_fill_n
00696fe0	std::vector_push_back_pair	[forge-autoname3 conf=medium] Caller InitialiseActionEvents, pushes pair to vector, calls FUN_00696f00 if full; 8-byte element push
006984a0	std::list_erase_value	[forge-autoname3 conf=medium] Removes item from linked list via _Find, unlinks nodes via pointer manipulation, calls free
00698540	CGameCameraManager_UpdatePointLightAccumulation	[forge-autoname3 conf=high] Called by CGameCameraManager::Update, accumulates 3D light vectors with Math_Distance3DExp and GFGetPreMainMemoryUsed; clear method evidence
006991f0	FindInListAndInsertIfMatches	[forge-autoname3 conf=medium] Thiscall with _Find and Std_Vector_Push_Back_SmartPtr pattern, but no class evidence for CThing; rename to generic container helper
00699bf0	CGuiControlPane_Destructor	[forge-autoname3 conf=high] Called by vector_deleting_destructor, destroys GUI tree, cleans refcounted pointers; destructor pattern is clear
0069a010	CGameCameraManager_PopulateSwitchList	[forge-autoname3 conf=medium] Called by SetCameraManagerDef, GetDef<CThingPhysicalSwitchDef>, builds vector from definition switches; role is clear
0069a1a0	CGameCameraManager_PopulateListFromData	[forge-autoname3 conf=medium] Called by SetCameraManagerDef, GetDef<CThingPhysicalSwitchDef> in loop, building vector; similar pattern to 0069a010
0069ca00	RBTreeNode_FindInorderSuccessor	[forge-autoname3 conf=medium] Red-black tree node traversal called by std::map::insert, but generic naming; 'AdvanceIterator' overreaches what evidence shows
0069d180	Vector_CompactElements	[forge-autoname3 conf=medium] Thiscall, moves elements backward, updates capacity pointer; accurate generic naming
0069d300	CGameCameraManager_ConstructQuakeEntry	[forge-autoname3 conf=high] Thiscall, allocates/resizes array, uses _Move and _Cons_val for CQuake entry construction; called by SetEarthquakeAt
006a22d0	CTCCarrying_RemoveAllWeapons	[forge-autoname3 conf=high] Thiscall CTCCarrying param, iterates carrying slots, calls RemoveThingInCarrySlot; called by SheatheAllWeapons
006a3220	Vector_CopyConstructor	[forge-autoname3 conf=medium] Fastcall, loops copying CBaseIntelligentPointer objects element-by-element; accurate generic naming
006a3440	Heap_SiftDownRecursive	[forge-autoname3 conf=medium] Self-calling sift-down with _Swap_adl, but 'Heap_SiftDown' as caller suggests wrong caller context; rename to reflect recursion
006a3520	Heap_Heapify	[forge-autoname3 conf=medium] Calls _Adjust_heap building heap bottom-up, no caller; 'BuildHeapPhase1' is speculative; rename to generic heap construction
006a3830	Heap_InsertAndAdjust	[forge-autoname3 conf=medium] Calls _Copy_backward and Vector_MoveBackElements; 'InsertElement' too generic; called by Heap_BuildHeapFromRange
006a3bf0	Heap_BuildHeap	[forge-autoname3 conf=medium] Calls FUN_006a3520 then loops calling Heap_PopAndSiftDown; 'BuildHeapPhase2' lacks evidence for 'Phase' terminology
006a4a70	CTCRolling_InsertEvent	[forge-autoname3 conf=medium] Thiscall, allocates 0x14 bytes, copies 3 int position values, links into doubly-linked list; called by ProcessRolling
006a4ab0	CTCRolling_InsertEventAlt	[forge-autoname3 conf=medium] Identical to 006a4a70 (allocates 0x14, 3 int copy, linked list); duplicate pattern suggests alternate insertion path
006a6290	CTCInventoryProcessor_EnqueueItemEffect	[forge-autoname3 conf=medium] Thiscall, allocates 0x10 bytes, stores 2 parameters, links into queue at offset 0x98; called by ApplyBonusItemEffects
006a7050	CThingFilter_CheckBoundingIntersection	[forge-autoname3 conf=high] Fastcall, GetBoundingInfo, Vector3_ClosestPointOnLineSegment, distance comparison; filter check pattern is clear
006a84b0	ETCInterfaceType_LookupCapability	[forge-autoname3 conf=medium] Fastcall checks byte flag at offset 0x28, LowerBound lookup; 'HasFlag' is misleading; actually performs capability lookup
006ad260	CThingPlayerCreature_ComputeAcceleration	[forge-autoname3 conf=high] Fastcall CThingPlayerCreature param; BuildTreeArray, ResolveMovementAcceleration, ResolveFacingDirection pipeline; called by ControlledMove
006adfb0	RBTreeNode_FindInorderSuccessor	[forge-autoname3 conf=medium] Fastcall, identical tree traversal logic to 0069ca00; red-black tree successor finding
006ae3e0	BinarySearchTree_FindLE	[forge-autoname3 conf=medium] Thiscall, binary search on tree finding greatest element <= value; evidence supports it
006ae9f0	BinarySearchTree_InsertOrFind	[forge-autoname3 conf=medium] Thiscall, TreeSet_InsertLong5 caller, searches tree by key, inserts if not found; evidence supports it
006aff40	ComputeAngleDelta	[forge-autoname3 conf=medium] Fastcall returns float10, calls fpatan twice, normalizes angles; 'WorldUpdate_ComputeAngleDelta' is too specific to caller context
006b2260	CGameScriptInterface_UpdateAtmosphere	[forge-autoname3 conf=high] Called by UpdateFrame, CGameScriptInterface param, CThingMarker::Create, strings MARKER_POSITIONAL_ATMOS, SOUND_THEME_RAIN; method evidence is strong
006b2ca0	CGameCamera_UpdateViewMatrix	[forge-autoname3 conf=high] Called by Update, builds rotation matrices via fcos/fsin, GetScaled; view matrix computation pattern is clear
006b3b80	CEnvironment_UpdateThunder	[forge-autoname3 conf=high] Called by Update on CEnvironment, GFGetTime, SetThemeWeightAllChannels, Sound_CreateAttachedEmitter, CS_LIGHTNING_THUNDER string; weather effect logic is clear
006b3e60	CEnvironmentThemePriorityStackEntry_SetWeight	[forge-autoname3 conf=high] Thiscall, GetDefClassIndexFromGlobalIndex, SetThemeWeight, SetParentColour; theme weight configuration in priority stack
006b5aa0	Vector_MoveElements	[forge-autoname3 conf=medium] Thiscall, moves 8-byte elements backward with count calculation; accurate generic naming
006b5ed0	Vector_InsertElement	[forge-autoname3 conf=medium] Thiscall, std__vector_insert_with_alloc caller; inserts element at position with capacity management
006b6990	CFeatDefVector_ReserveAndCopy	[forge-autoname3 conf=medium] Thiscall, malloc, _Uninit_copy, CFeatDef_CopySpecializedData loop; not generic Vector, specific to CFeatDef (0x1f0 size)
006b6af0	Vector_DestroyRange	[forge-autoname3 conf=medium] Called by vector_deleting_destructor, loops freeing nested pointers at offset +8, frees backing array; range destruction pattern
006b6b30	CFeatDefVector_Resize	[forge-autoname3 conf=medium] Thiscall, CFeatDef_CopySpecializedData, _Uninit_copy, OnPostRelocation; specific to CFeatDef vector (0x1f0 elements), not generic
006b7380	CGameWorld_Destructor	[forge-autoname3 conf=medium] Called by vector_deleting_destructor, destructors complex nested members (CBaseIntelligentPointer, environment, speech frames, tree arrays); generic CBase unproven
006b7d60	Vector_AllocateAndInit	[forge-autoname3 conf=medium] Thiscall, malloc param_2*7, _Fill_n initializes; allocates and initializes 7-byte element vector
006b7e20	Vector_CopyAssign	[forge-autoname3 conf=medium] Thiscall, _Uninit_copy, _Copy_impl with size check (7-byte elements); vector assignment operator
006b7f70	Vector_InsertN	[forge-autoname3 conf=medium] Thiscall, _Uninit_copy, _Fill_n (7-byte elements); inserts N elements at position with copy
006b8050	Vector_InsertAndFill	[forge-autoname3 conf=medium] Thiscall, _Copy_backward, _Fill_n, FUN_006b7f70 caller (7-byte elements); inserts elements filling gaps
006b93a0	CVectorMap_Lookup	[forge-autoname3 conf=high] Thiscall CVectorMap, LowerBound caller returning key at next position; map lookup helper pattern is clear
