# forge-autoname tranche 2 (wf_cd2724dd-8f1, 2026-07-21)
00c20720	EmptyStub	[forge-autoname2 conf=high <- wf] No params, no callees, just returns; 48 diverse callers—clear placeholder function.
00ad3a10	TreeNode_CopyConstructor	[forge-autoname2 conf=medium <- wf] Thiscall with malloc, TreeNode_DeepCopySmall call, linked-list structure (offsets 4,8,0xc)—copy semantics evident.
00cad460	COM_QueryInterface_Wrapper	[forge-autoname2 conf=medium <- wf] Vtable 0x18 call, vtable 0 call, HRESULT 0x80004001 return—COM pattern confirmed.
005812df	DeserializeStdMap_WithPairs	[forge-autoname2 conf=medium <- wf] Generic template deserializer for std::map pairs, not specifically CTCHeroStats; name overstates class specificity.
0042b687	LinkedList_PushFront	[forge-autoname2 conf=high <- wf] Calls LinkedList_Insert_Before with front insertion pattern—clear push_front wrapper.
00cad400	COM_QueryInterface_Wrapper2	[forge-autoname2 conf=medium <- wf] Identical pattern to 00cad460 with different global data—variant confirmed.
00533b50	Container_PushElement	[forge-autoname2 conf=medium <- wf] Vector bounds check, reallocation, refcount management—generic container push semantics.
00568850	Vector_PushElement	[forge-autoname2 conf=medium <- wf] Vector pattern (offset 4=current, 8=end), insertion logic—standard vector append.
005f9bcd	Vector_PushElement_OrReallocate	[forge-autoname2 conf=medium <- wf] Capacity check, realloc call, element append—vector push_back with reallocation.
00c2d9c0	Accessor_GetAndSetEnvironmentBounds	[forge-autoname2 conf=medium <- wf] Calls SetDrawEnvironmentBounds, not just getter; name implies read-only but evidence shows modification.
00c2dbe0	TeleportData_Destructor_WithUnwind	[forge-autoname2 conf=high <- wf] Exception handler, map destruction, CCharStringData release in loop—destructor with SEH.
00c8bab0	Indexed_GetElementOffsetSafe	[forge-autoname2 conf=medium <- wf] Bounds check, clamping at offset 0x60, offset calculation = index * 0x20 + base.
00440590	Buffer_Relocate	[forge-autoname2 conf=medium <- wf] Memmove data, updates pointers—in-place buffer compaction.
00513940	RedBlackTree_InsertNode	[forge-autoname2 conf=high <- wf] Malloc 0x14 node, BalanceTree call, tree pointer setup (offsets 4,8,0xc), count increment.
00798330	IcicleAssault_FindInsertionPoint	[forge-autoname2 conf=medium <- wf] Binary search tree, CIcicleData construction, return ptr+5—class-specific insertion search.
00c6e290	Filter_ApplyTransformSSE_16	[forge-autoname2 conf=medium <- wf] SIMD pmulhw/paddsw on 16-bit SSE values, transform matrix accumulation.
00c6f800	Filter_ApplyTransformSSE_64	[forge-autoname2 conf=medium <- wf] SIMD on 64-bit types, pmulhw/paddsw, processes 2 params per loop.
0056a680	Scoreboard_LookupOrCreateEntry	[forge-autoname2 conf=medium <- wf] Binary search tree with callers DownloadScoreboardForSelectedClan/DisplayScoreboardGUI, entry+5 return.
006d72d0	BSTInterval_FindNode	[forge-autoname2 conf=medium <- wf] Binary search tree interval search, not specifically BlockParryData; name overstates class specificity.
006e8850	Array_SumFloatsStride	[forge-autoname2 conf=medium <- wf] Iterates array with 0x1c stride, sums float at offset 0xc, unrolled loop of 4.
0075fe30	Polygon_TestPointInside	[forge-autoname2 conf=medium <- wf] Edge vectors, cross-product test via dot/cross operations—point-in-polygon check.
008894a0	LargeStruct_CopyWithNestedArrays	[forge-autoname2 conf=medium <- wf] Copies 0x4c dwords, then nested arrays; CFeatDef class claim not evident, generic large-struct copy.
008ac060	Position_FilterNearbyThenFind	[forge-autoname2 conf=medium <- wf] Calls find-closest, then _Find_if with negated filter—two-pass proximity filter.
009d2dd0	StringMap_FindNode	[forge-autoname2 conf=high <- wf] Binary search tree with std::less<CCharString> comparison, standard tree node search.
009ebb30	Vector_PushElementOrReallocate	[forge-autoname2 conf=medium <- wf] Capacity check, VectorInsertElementRange call if full, element append.
00a537f0	SharedPtr_Copy	[forge-autoname2 conf=high <- wf] Reads refcount, increments, assigns—shared pointer copy-constructor semantics.
00a5e0a0	Vector_CopyConstructor_Pair64	[forge-autoname2 conf=medium <- wf] Copies 8-byte pairs, malloc, source-to-dest copy.
00ab3300	Vector_ReallocateAndInsert	[forge-autoname2 conf=medium <- wf] Size calculation, inserts param_5 copies of param_3, malloc/free.
00af7910	Vector_CopyAndDeleteOld	[forge-autoname2 conf=medium <- wf] _Copy_impl copies, then destructs old range—vector reallocation cleanup.
00b0f9f0	Vector_ReallocateWithNew	[forge-autoname2 conf=medium <- wf] Allocates CAnimatedBlock vector, GFExplicitNew call, element copy and destructor.
0040f0a0	Compare_Unsigned16Array	[forge-autoname2 conf=high <- wf] Size check, MemCmp_Unsigned16 call, returns 1 if equal.
00411910	Buffer_AllocateAndZero	[forge-autoname2 conf=high <- wf] Malloc buffer, zeros in 4-byte and 1-byte loops, vector initialization.
004bbb40	Heap_BuildFromRange	[forge-autoname2 conf=high <- wf] Heap height calculation from range size, make_heap call—standard heap construction.
00c196a0	TemplateConstruct_AndFindAnimation	[forge-autoname2 conf=medium <- wf] Pair construction via _Cons_val, CAnimationSet_FindAnimation call; class name ClothingSuitPart not clearly evident—generic template construct.
00c30940	Destructor_IterateDelete_Cleanup	[forge-autoname2 conf=medium <- wf] Vtable iteration and element deletion clear; 'Container' class unproven, fastcall not thiscall
00c59de0	Graphics_TimeToPixelsWrapper	[forge-autoname2 conf=medium <- wf] Converts time to pixels then delegates to _CIpow; oversells power computation
008f86f0	Socket_InitWithDefault	[forge-autoname2 conf=medium <- wf] Malloc, string comparison, param[3] assignment; socket callers confirm context
00c16760	String_WideCharToMultiByte	[forge-autoname2 conf=high <- wf] Direct WideCharToMultiByte wrapper with wcslen; pure UTF16-to-ANSI conversion
00c2ebc0	PKCAutoDeleteArray_RangeCheck_Abort	[forge-autoname2 conf=high <- wf] String 'Index ... is out of range (' from PKCAutoDeleteArray.h confirms bounds exception
00c34410	Graphics_MultiplyFloatParams	[forge-autoname2 conf=medium <- wf] Multiplies floats at +0x38, +0x34 and delegates; Audio semantics unproven
006561c8	Lua_Closure_Factory	[forge-autoname2 conf=medium <- wf] Thiscall delegates to luaV_Cclosure via AddText caller; wrapper term too weak
009d2a40	Vector_InitFill	[forge-autoname2 conf=medium <- wf] Allocates, sets begin/end/capacity; called by MakeWritable, C3DMeshObject
009f7c50	List_RemoveNode_Free	[forge-autoname2 conf=medium <- wf] Unlinks doubly-linked list node and frees; CVsyncCallbackTimer class unproven
00a0e700	List_CopyRange	[forge-autoname2 conf=medium <- wf] Circular buffer copy loop with wrap-around; role clear
00c0b8c0	CCharStringData_GetOffset	[forge-autoname2 conf=medium <- wf] String 'm_pchData != NULL' confirms CCharStringData class; offset calculation
00c0b9f0	CCharStringData_ReleaseWithRefcount	[forge-autoname2 conf=medium <- wf] String 'pData->nRefs' confirms refcount; InterlockedDecrement and global singleton check
00c0e0f0	CShaderResource_Assign_Range	[forge-autoname2 conf=medium <- wf] Calls CShaderResource::Assign; bounds and range allocation pattern
00c6da40	FixedPoint_AccumulateShort	[forge-autoname2 conf=medium <- wf] Fixed-point accumulation loop (shift right 0xf); audio context speculative
00c6dad0	FixedPoint_AccumulateUshortDelta	[forge-autoname2 conf=medium <- wf] Fixed-point accumulation with delta scaling; audio context speculative
00c6de60	Audio_ConvertFloatToS15	[forge-autoname2 conf=high <- wf] Thiscall with float multiply, ROUND, 0x7fff clamp → int16 normalization pattern is clear.
00c8f140	MemoryPool_FreeNodes	[forge-autoname2 conf=high <- wf] Fastcall iterates linked list at +0x54, frees nodes, realloc at +0x44 resize—clear pool cleanup.
00c90950	Buffer_SwapElements	[forge-autoname2 conf=medium <- wf] Complex 4-element DWORD swaps with dimension tracking, but callers/context needed for 'Rotate/Flip' claim.
00c9ec20	Util_BitWidth	[forge-autoname2 conf=high <- wf] Right-shift loop counting set bits—standard bit population/log2 calculation.
00ca1790	Util_CountBits	[forge-autoname2 conf=high <- wf] Identical bit-counting loop to 00c9ec20.
00cacb20	OleAut32_LoadLibrary	[forge-autoname2 conf=high <- wf] Loads 'OleAut32.dll' via LoadLibraryW; one-shot DLL lazy-load.
00cb0190	CHeroExperienceDef::Init	[forge-autoname2 conf=high <- wf] Thiscall creates event, stored in *param_1; callers mention CHeroExperienceDef class.
00cb1bd0	COM_CopyVariant	[forge-autoname2 conf=medium <- wf] Copies 18 DWORD fields, CoTaskMemAlloc, destructor call at [0xf]—COM variant duplication.
00cb47c0	ImeUi_QueryInputStatus	[forge-autoname2 conf=high <- wf] Calls ImmIsIME, ImmGetContext, ImmGetConversionStatus; clear IME status query.
00cb7d60	CScriptManager::FindScriptBinding	[forge-autoname2 conf=high <- wf] Thiscall CVectorMap::LowerBound, CCharString::FastCompare on script bindings.
00cbd370	SoundManager_MakeHeap	[forge-autoname2 conf=high <- wf] Calculates heap size via log2, calls make_heap—sound heap initialization.
00d872d0	Script_InitializeComponents	[forge-autoname2 conf=medium <- wf] RunCutsceneMacro, CFourierAnalysis, 'HERO' string suggest component init but 'Main' prefix unsubstantiated.
00e7fd50	FishingCompetition_Initialize	[forge-autoname2 conf=medium <- wf] Strings 'FishCompSign', 'TEXT_QST_B15_FISH_SIGN'; fishing quest setup but 'PopulateLootList' role unproven.
00ece460	Script_InitializeWitchCharacter	[forge-autoname2 conf=medium <- wf] Strings '$ARG1', 'WITCH', CFourierAnalysis; witch component init likely but 'MainScript' namespace unverified.
00f3f7c0	CCharStringPairVector::Reallocate	[forge-autoname2 conf=medium <- wf] Thiscall _Copy_impl on pairs, frees old buffer; vector reallocation confirmed.
00402130	MyDocuments_CheckWritePermissions	[forge-autoname2 conf=high <- wf] CreateFileW/DeleteFileW on docs path, error strings about restricted/redirected permissions.
004091c0	CUserProfileManager::LoadFileList	[forge-autoname2 conf=high <- wf] Thiscall CAFile_FindFirstFile loop, GetFileModifiedTime—profile/save file enumeration.
00411a10	Std_Vector_Insert_Range_Copies_4byte	[forge-autoname2 conf=high <- wf] Thiscall vector reallocate/insert; element size 4 bytes confirmed.
004125a0	Std_Vector_Insert_Range_Copies_28byte	[forge-autoname2 conf=high <- wf] Thiscall vector reallocate/insert; element size 0x1c (28 bytes) confirmed.
00412b70	Std_Vector_Resize	[forge-autoname2 conf=high <- wf] Resizes vector to param_2 size; dispatcher to Erase/Fill helpers.
0042ab01	Std_DoubleLinkedList_CreateNode	[forge-autoname2 conf=medium <- wf] Fastcall mallocs 0xc, sets bidirectional pointers (+4 fwd, +0 back)—doubly-linked list node.
0042ad34	StdMap_LowerBound	[forge-autoname2 conf=medium <- wf] Thiscall red-black tree traversal using less operator—std::map LowerBound.
0042b6b8	Std_List_PushFront	[forge-autoname2 conf=medium <- wf] Thiscall calls Std_List_Insert—doubly-linked list push_front wrapper.
0042bcb5	CMemoryAllocatorVariableSize_InsertNode	[forge-autoname2 conf=high <- wf] Thiscall allocates via NScript::CDanyalTestScriptsData::Alloc, calls BalanceTree—tree insertion.
0042ded5	CFrontEnd_PlayAutoSaveSound	[forge-autoname2 conf=medium <- wf] GetAutoSaveFileName, GetInstance CFrontEndManager, plays sound—auto-save audio cue.
004314c8	CMemoryAllocatorVariableSize::Serialize	[forge-autoname2 conf=high <- wf] Fastcall CDataOutputStream, iterates GetNoAllocatedAreas, WriteNullTerminatedString—allocator serialization.
00432a35	CTCCarryable::operator=	[forge-autoname2 conf=high <- wf] Thiscall calls OnKill, clones tree via FUN_00432aa8—assignment operator.
00432aa8	CTCCarryable_CloneTree	[forge-autoname2 conf=medium <- wf] Recursive tree clone via FUN_00431471 allocation—tree duplication.
00432bab	CExpression_DigScript_CloneTree	[forge-autoname2 conf=high <- wf] Recursive tree clone via NScript::CExpression_DigScript::Alloc—expression AST cloning.
004333b3	Std_Vector_InsertRange	[forge-autoname2 conf=high <- wf] Thiscall inserts CCharString range, calls Reallocate, manages shifts/copies.
00449320	CList_PushBack	[forge-autoname2 conf=medium <- wf] Thiscall appends 8-byte pair, FUN_00449050 overflow handler—list push.
004495d0	SoundPair_MakeHeap	[forge-autoname2 conf=high <- wf] Calculates heap depth, calls make_heap on sound pair list—heap initialization.
0045c212	CCreatureAction_NavToPos::CloneWithTreeStructure	[forge-autoname2 conf=high <- wf] Thiscall with CCreatureAction_NavToPos::Clone call, recursive tree structure at 0x8/0xc matches proposal exactly.
0045c442	TreeNode_CloneDeep	[forge-autoname2 conf=medium <- wf] Identical tree clone pattern with type-agnostic undefined1 pointers, recursive structure at 0x8/0xc.
0045d871	TreeNode_CloneDeep	[forge-autoname2 conf=medium <- wf] Generic tree clone pattern matching 0045c442, recursive with 0x8/0xc offsets.
0045dd9f	CTCCarryable_CloneDeep	[forge-autoname2 conf=high <- wf] Called by CTCCarryable_CopyAssign, type-specific tree clone confirmed by caller context.
0045e221	TreeNode_CloneDeep	[forge-autoname2 conf=medium <- wf] Standard tree clone pattern with recursive structure.
0045e707	TreeNode_CloneDeep	[forge-autoname2 conf=medium <- wf] Generic tree clone with standard recursive structure at 0x8/0xc.
0045efe5	CVector_CopyRange	[forge-autoname2 conf=medium <- wf] Fastcall uses memmove to copy range [param1..param2) to param3, matches vector range copy semantics.
0045f0ad	TreeNode_CloneDeep	[forge-autoname2 conf=medium <- wf] Generic tree clone pattern with recursive structure.
0046140e	TreeNode_CloneDeep	[forge-autoname2 conf=medium <- wf] Standard tree clone pattern matching others in batch.
004619ba	RBTree_LowerBound	[forge-autoname2 conf=high <- wf] Thiscall searches RBTree by key at 0x10, calls RBTree::GetMaxNode, returns iterator result - lower_bound semantics confirmed.
0046225c	TreeNode_CloneDeep	[forge-autoname2 conf=medium <- wf] Generic tree clone pattern consistent with batch.
00462381	CTCCarryable_CloneDeep	[forge-autoname2 conf=high <- wf] Called by CTCCarryable_assign_copy, type-specific tree clone confirmed by caller.
00463057	TreeNode_CloneDeep	[forge-autoname2 conf=medium <- wf] Standard tree clone pattern.
0046ec57	CExpression_DigScript_CloneDeep	[forge-autoname2 conf=high <- wf] Fastcall calling NScript::CExpression_DigScript::Alloc, recursive expression tree clone confirmed by specific callee.
00471055	Heap_AdjustDown	[forge-autoname2 conf=high <- wf] Called by pop_heap for float/CSubtitledMessage pairs, implements heap sift-down with parent/child comparisons.
004714ae	Heap_AdjustDown	[forge-autoname2 conf=high <- wf] Called by pop_heap for long/EHeroAbility pairs, heap sift-down pattern matches 00471055.
0047b3e0	RBTree_FindSuccessor	[forge-autoname2 conf=high <- wf] Fastcall follows RBTree successor logic: right child's leftmost node or parent traversal, standard BST successor.
0047c140	Vector_Reserve_And_Assign	[forge-autoname2 conf=medium <- wf] Thiscall reallocates vector with malloc/free and _Uninit_copy pattern for element assignment.
0047c720	RBTree_Insert	[forge-autoname2 conf=high <- wf] Thiscall searches RBTree by key at 0x10, calls ListNode_Insert, returns iterator - insert semantics confirmed.
0047ce40	Memory_FillBytes	[forge-autoname2 conf=medium <- wf] Fastcall fills memory region with byte pattern, replicates single byte across memory in dword and byte chunks.
004942c3	CEmbeddedHighlight_Push	[forge-autoname2 conf=high <- wf] Thiscall manages highlight stack, calls CEmbeddedHighlight constructor or FUN_004941f2 reallocation, stack overflow pattern.
0049ddd0	GetSaveFileName	[forge-autoname2 conf=high <- wf] Uses SplitPath, GetAutoSaveFileName, references _RT.stb/.stb strings - save file name generation confirmed.
0049e080	CWorld_RenderUpdate	[forge-autoname2 conf=high <- wf] Thiscall calls SetCurrentThingManager, RenderUpdateThings, RenderUpdate - world render pipeline confirmed.
0049e7c0	AutoSave_StartProgress	[forge-autoname2 conf=medium <- wf] Called by SaveGameStateInternal/AutoSave, creates C3DMeshStats progress, calls NProgressDisplay::StartProgress.
004aa610	CBaseIntelligentPointer_CopyRange	[forge-autoname2 conf=high <- wf] Fastcall copies intelligent pointer range using GetPItem/SetPItem pattern, element-by-element copy.
004ac8f0	LTextTreeWalkThrough_Cleanup	[forge-autoname2 conf=high <- wf] Fastcall cleans tree walker by calling BuildTreeArray and freeing, tree walker cleanup pattern confirmed.
004ad460	RBTree_InitNode	[forge-autoname2 conf=medium <- wf] Fastcall initializes tree node (malloc 0x14 bytes), sets up tree pointers at offsets 0x4/0x8/0xc.
004adb50	Vector_Reserve_And_Assign	[forge-autoname2 conf=medium <- wf] Thiscall reallocates vector for test quests with malloc/free and _Uninit_copy.
004b74e0	Array_LinearSearch	[forge-autoname2 conf=high <- wf] Fastcall searches int array for value in 4-element chunks, returns matching element pointer or end.
004bb400	Vector_Reserve_And_Assign	[forge-autoname2 conf=medium <- wf] Thiscall reallocates vector with malloc/free and element construction pattern.
004c2560	RBTree_FindSuccessor	[forge-autoname2 conf=high <- wf] Fastcall RBTree successor navigation - identical pattern to 0047b3e0.
004c5c80	Heap_BuildFromArray	[forge-autoname2 conf=high <- wf] Fastcall heapifies array, calls FUN_004c59b0 and std::make_heap for sound pair array.
004c5ce0	Heap_BuildFromArray	[forge-autoname2 conf=high <- wf] Fastcall heapifies array, calls FUN_004c5aa0 and std::make_heap - similar pattern to 004c5c80.
004cc290	Vector_CopyFrom	[forge-autoname2 conf=medium <- wf] Thiscall copies vector contents (8-byte elements), initializes vector state with malloc.
004d1940	Vector_Reserve_And_Assign	[forge-autoname2 conf=medium <- wf] Thiscall reallocates vector for particle morphs with malloc/free and element construction.
004d2470	Heap_BuildFromArray	[forge-autoname2 conf=high <- wf] Fastcall heapifies array for introsort, calls FUN_004d2160, calls _Insertion_sort1 for small arrays.
004d24f0	Heap_BuildFromArray	[forge-autoname2 conf=high <- wf] Fastcall heapifies string pair array, calls FUN_004d2240 and FUN_004d14e0.
004d2570	Heap_BuildFromArray	[forge-autoname2 conf=high <- wf] Fastcall heapifies sound pair array, calls FUN_004d2330 and std::make_heap.
004e24ba	CActiveFile_CopyFrom	[forge-autoname2 conf=high <- wf] Thiscall copies file data, calls OnReadFinished, reallocates or copies buffer - file copy confirmed.
004e4399	TreeNode_CloneDeep	[forge-autoname2 conf=medium <- wf] Calls AllocAndCopyFields, recursive tree clone with 0x8/0xc offsets - generic tree clone pattern.
004e4b5e	Tree_CloneRecursive	[forge-autoname2 conf=medium <- wf] Recursive tree clone pattern with node allocation and pointer linking (offsets 0x4,0x8,0xc)
004e4c89	Tree_CloneRecursive	[forge-autoname2 conf=medium <- wf] Identical tree clone pattern; different type-specific allocator
004e4f5f	Tree_CloneRecursive	[forge-autoname2 conf=medium <- wf] Identical tree clone pattern; different type-specific allocator
004e553f	Tree_CloneRecursive	[forge-autoname2 conf=medium <- wf] Identical tree clone pattern; different type-specific allocator
004e58eb	Tree_CloneRecursive	[forge-autoname2 conf=medium <- wf] Identical tree clone pattern; different type-specific allocator
004e6180	Tree_CloneRecursive	[forge-autoname2 conf=medium <- wf] Identical tree clone pattern; different type-specific allocator
004e63e0	RBTree::LowerBound	[forge-autoname2 conf=high <- wf] thiscall, binary search with comparison at +0x10, returns pair<node,bool>, calls RBTree::GetMaxNode
004e6593	Tree_CloneRecursive	[forge-autoname2 conf=medium <- wf] Identical tree clone pattern; different type-specific allocator
004e66b8	Tree_CloneRecursive	[forge-autoname2 conf=medium <- wf] Identical tree clone pattern; different type-specific allocator
004e99ae	CTCCarryable::operator_assign	[forge-autoname2 conf=high <- wf] thiscall assignment operator with OnKill call and doubly-linked list linking via offsets 0x4,0x8,0xc
004e9a21	Tree_CloneRecursive	[forge-autoname2 conf=medium <- wf] Identical tree clone pattern; different type-specific allocator
004ec28c	Tree_CloneRecursive	[forge-autoname2 conf=medium <- wf] Identical tree clone pattern; different type-specific allocator
004ec3b1	Tree_CloneRecursive	[forge-autoname2 conf=medium <- wf] Identical tree clone pattern; calls CObjectAugmentationParticleSet::Create
004f927a	Tree_CloneRecursive	[forge-autoname2 conf=medium <- wf] Identical tree clone pattern; called from CTCCarryable::operator_assign, different type-specific allocator
004f96d3	NScript_CDanyalTestScriptsData_TreeClone	[forge-autoname2 conf=medium <- wf] Recursive tree clone calling NScript::CDanyalTestScriptsData::Alloc; allocates and links typed tree nodes
004f98a4	Tree_CloneRecursive	[forge-autoname2 conf=medium <- wf] Identical tree clone pattern; different type-specific allocator
004f99de	Tree_CloneRecursive	[forge-autoname2 conf=medium <- wf] Identical tree clone pattern for CBinaryTree_Alt; called from CBinaryTree_Alt::CopyConstructor
00513270	std_random_shuffle_Fisher_Yates	[forge-autoname2 conf=medium <- wf] fastcall Fisher-Yates shuffle: generates random index via GFFloatRandom and __ftol2, swaps elements
00513b60	std_list_link_nodes	[forge-autoname2 conf=medium <- wf] Links list nodes: allocates 0xc per node, sets up doubly-linked structure via offsets 0,4
00515bc0	Vector_RemoveAt	[forge-autoname2 conf=medium <- wf] thiscall removes element at param_3 by shifting remaining elements backward, updates end pointer
00518c00	std_uninitialized_copy_with_construction	[forge-autoname2 conf=medium <- wf] fastcall copies CCharString range with construction and malloc for inner buffers via memmove
005199e0	std_vector_from_vector	[forge-autoname2 conf=medium <- wf] thiscall copies vector metadata and allocates 0x18-byte list node, calls Std_List_Construct_From_Iterator_Range
0051b4c0	Vector_Copy_CMusicSetEntry	[forge-autoname2 conf=medium <- wf] thiscall allocates vector of CMusicSetEntry (0x10 stride), calls std::_Move to copy elements
0051bcd0	Vector_ReAllocate	[forge-autoname2 conf=medium <- wf] thiscall reallocates vector: capacity check, calls _Move to copy/shift elements, frees old buffer
0051cc80	Vector_Erase_Range	[forge-autoname2 conf=medium <- wf] thiscall erases range, calls _Copy_impl to shift, destructs removed CAIStateGroup_SummonerCharge objects
0051d200	Vector_PushBack_Or_Reallocate	[forge-autoname2 conf=medium <- wf] thiscall checks end==capacity, calls VectorReallocateWithRange if full, constructs CRegion element
00522160	SavePersistentEntitiesInRegions	[forge-autoname2 conf=high <- wf] thiscall SaveBinary caller, WriteNullTerminatedString/WriteCBYTE/GetTypeName usage, serializes entity map with compression
00527e00	BinarySearchTree_FindLowerBound	[forge-autoname2 conf=medium <- wf] thiscall binary search on tree with value pair at +0x10,+0x14, returns closest node <= key
00529230	CCreatureAction_TreeClone	[forge-autoname2 conf=high <- wf] Recursive clone of CCreatureAction_NavToPos tree, calls Clone and malloc, recursive linking via offsets 0x4,0x8,0xc
0052a130	BinarySearchTree_Insert	[forge-autoname2 conf=medium <- wf] thiscall binary search with uint pair key at +0x10,+0x14, calls FUN_00529150 to insert, handles tree rotation
0052d9e0	CFrontEndManager::Initialize	[forge-autoname2 conf=medium <- wf] fastcall initializes CFrontEndManager with vtable and doubly-linked list node; not a list operation but an object initializer
0052e4d0	LengthScaleConversion	[forge-autoname2 conf=high <- wf] Scales param_1 by ratio if DAT_013b8768 is true; otherwise returns param_1 unchanged
00533cc0	Vector_PushBack_Or_Reallocate	[forge-autoname2 conf=medium <- wf] thiscall checks +0xb4==+0xb8 (capacity), calls std::vector::_Reallocate if full, increments end pointer
00535fe4	std_find<int>	[forge-autoname2 conf=high <- wf] fastcall linear search for *param_3 in [param_1,param_2), unrolled loop checking 4 elements per iteration
0053c7b9	std_list_node_unlink	[forge-autoname2 conf=medium <- wf] Unlinks list node: updates prev->next and next->prev, calls free
0053ca7b	std_list_node_insert	[forge-autoname2 conf=medium <- wf] Inserts new node before param_2, calls allocator, updates prev/next pointers
00553520	BinarySearchTree_LowerBound	[forge-autoname2 conf=medium <- wf] thiscall binary search on tree with int key at +0x10, returns first node where key >= target
00566cd0	Vector_Copy_Uint	[forge-autoname2 conf=medium <- wf] thiscall allocates vector of uint (8-byte stride), calls _Uninit_copy to populate from source
00567560	Vector_Fill_Byte	[forge-autoname2 conf=medium <- wf] thiscall allocates vector of size param_2, fills each byte with param_3
00568e70	std_uninitialized_copy_range_strings	[forge-autoname2 conf=medium <- wf] fastcall copies array of string pairs [param_1,param_2) to param_3, constructs each with malloc and memmove
0056d490	Vector_CopyConstructor	[forge-autoname2 conf=high <- wf] Classic vector copy: malloc, memmove with size calculation (param_2[1]-*param_2)
0057a6b8	CTCHeroStats::GetMoralityCategory	[forge-autoname2 conf=high <- wf] __fastcall CTCHeroStats param, calls GetMoralityPercentage, threshold-based category mapping (0-6)
0057d23b	FrameUpdate_ApplyMorphEffect	[forge-autoname2 conf=medium <- wf] Allocator param and complex data flow suggest broader role; 'ApplyMorphEffect' more accurate than '_ApplyMorph'
0059de04	CTCCarryable_Cleanup	[forge-autoname2 conf=high <- wf] Called by BuyItem, iterates carryable list (GetNoAllocatedAreas), calls OnKill via vtable
0059de76	Shop_CleanupCarryables	[forge-autoname2 conf=medium <- wf] Iterates carryables calling OnKill; 'Destroy' and 'Currency' in proposal are misleading
005a887d	PC_PopulateBuyList	[forge-autoname2 conf=medium <- wf] String 'PC_LIST_BUY_ACTIONS', calls RefreshBuyPossibilityNumbersPC; PC-specific buy population
005a9a87	Inventory_PopulateBuyList	[forge-autoname2 conf=medium <- wf] Called by BuyItem, refs 'UI_SELECTION_ARROW_RIGHT' and 'UI_LIST_BUY_ACTIONS'; inventory UI buy list
005b3325	Vector_PushBack	[forge-autoname2 conf=high <- wf] thiscall vector append; capacity check, reallocation via Tattoo_ReallocateAndCopy on full
005bbb34	BinarySearch_LowerBound	[forge-autoname2 conf=medium <- wf] Generic binary search (LowerBound pattern), not bank-file-specific; proposal overreached
005bf4a3	Inventory_AddItem	[forge-autoname2 conf=high <- wf] thiscall; calls CTCInventoryItem::GetInventoryCategory and CCategory::AddInventoryItem; adds to category
005c2996	Vector_PushBack	[forge-autoname2 conf=high <- wf] thiscall vector append of CEnginePrimitive2DText; reallocation or direct assignment
005dc290	AnimationDef_CountMatchingPreloads	[forge-autoname2 conf=high <- wf] Called by PreloadAnimation; counts animations via CVectorMap lookup and callback
005e0280	AnimationDef_GetTransitionTime	[forge-autoname2 conf=high <- wf] Called by GetAnimationTransitionInTime; CVectorMap lookup key 1, returns value[1]
005e0380	AnimationDef_GetAnimationFlags	[forge-autoname2 conf=high <- wf] Called by GetAnimateThingFlags; CVectorMap lookup key 0, similar to 005e0280
005e0710	SortedList_Insert	[forge-autoname2 conf=high <- wf] thiscall; walks backward through CCharString list maintaining sorted order via operator<
005e1500	Vector_Insert	[forge-autoname2 conf=high <- wf] thiscall; realloc+insert with memmove, inserts param_3 (param_5 times) into vector
005e15e0	Vector_Reserve	[forge-autoname2 conf=high <- wf] thiscall; reallocates vector if capacity<param_2, maintains data via memmove
005e3cd0	Heap_BuildHeap	[forge-autoname2 conf=high <- wf] Calls make_heap and FUN_005e3b50 (heap depth calc); builds binary heap
005e8eb0	BinaryTree_FindGreatestLowerBound	[forge-autoname2 conf=medium <- wf] Actually finds greatest lower bound (key<=), not 'least'; misleading name proposed
005f840c	BinaryTree_Find	[forge-autoname2 conf=high <- wf] thiscall binary tree traversal returning matching node; generic name appropriate
0060c900	CTCInventoryMap::BuildMapTeleportUI	[forge-autoname2 conf=high <- wf] thiscall CTCInventoryMap; massive callees list includes UI strings (UI_WORLD_MAP, UI_LIST_TELEPORT), region building, markers
00617370	Vector_InsertPair	[forge-autoname2 conf=high <- wf] thiscall; inserts pair elements (8-byte) via realloc+memmove pattern
00618da0	Linked_List_Initialize	[forge-autoname2 conf=medium <- wf] thiscall; allocates 0x10, self-links, calls Campfire_InsertRegionNode; generic linked-list init
00619a10	TreeNode_Clone	[forge-autoname2 conf=high <- wf] Recursive tree cloning; allocates 0x20, copies vector data, recursively clones children
00631020	TreeNode_CloneWithInt	[forge-autoname2 conf=high <- wf] Recursive tree clone; allocates 0x18, stores int param_2, recursive pattern
006310e0	TreeNode_CloneWithString	[forge-autoname2 conf=high <- wf] Recursive tree clone; allocates 0x18, copies CCharString at offset 0x14
00632c90	RBTree_LookupOrInsert	[forge-autoname2 conf=high <- wf] Binary searches RBTree (offsets +4,+8,+0xc), calls List_InsertNode, returns pair<node,is_new>
006422b0	Vector_InsertValues	[forge-autoname2 conf=high <- wf] thiscall; identical to Vector_Insert pattern; inserts repeated 4-byte elements
0065ff5e	CPersistTraits_IsModified	[forge-autoname2 conf=high <- wf] Calls CPersistTraits<C2DVector>::TransferIn, checks if parse result differs from input
00661cd0	Entity_GetDistance	[forge-autoname2 conf=high <- wf] 3D distance calculation: sqrt((x1-x2)^2+(y1-y2)^2+(z1-z2)^2) from offsets
00664490	PhysicsSegment_AssignSegment	[forge-autoname2 conf=high <- wf] thiscall; creates linked-list node, inserts, calls Reset on segment from param_2
006661b0	CThingGameObject_Finalize	[forge-autoname2 conf=high <- wf] thiscall CThingGameObject; calls vtable destructor, cleans event lists, calls parent dtor
006668a0	Animation_FilterAndCompile	[forge-autoname2 conf=high <- wf] thiscall; filters animations via GetSubDef<CAbilityDef>, splits into ability/other/unknown lists
00669bb0	Vector_Copy	[forge-autoname2 conf=high <- wf] thiscall; copies vector into target, reallocates if needed via memmove
0066b080	Sound_PlayAttached	[forge-autoname2 conf=high <- wf] thiscall CTCSoundPlayer; creates attached emitter, returns state group type
0066c4d0	Vector_PushBack	[forge-autoname2 conf=high <- wf] thiscall vector append; capacity check, reallocation via _Ufill
0067bcc0	LinkedList_InsertNode	[forge-autoname2 conf=high <- wf] thiscall; allocates 0xc-byte node, inserts into linked list at param_1+4
0067d0f0	TreeNode_AllocateWithAlloc	[forge-autoname2 conf=high <- wf] Recursive tree allocation via FUN_0067b0b0; allocates 0x20, stores int param_2, recurses
0067d250	TreeNode_CloneTree	[forge-autoname2 conf=medium <- wf] Recursive tree structure cloning with malloc via offset 0x10; traverses children (0xc) and siblings (0x8); no class evidence but generic pattern solid
0067d3b0	TreeNode_CloneTreeAlt	[forge-autoname2 conf=medium <- wf] Identical tree-cloning logic to 0067d250 but calls FUN_0067b110; offset patterns match linked-list tree node
0067ff30	std::vector_insert_vector	[forge-autoname2 conf=medium <- wf] Thiscall vector reallocation with _Uninit_copy/_Uninit_fill_n STL templates; malloc/free; param_1[0/1/2] pattern confirmed
00680e60	std::vector_insert_pairs	[forge-autoname2 conf=medium <- wf] Vector of 8-byte pairs (2-dword offset): malloc/free reallocation, iterates copying pairs
006813a0	CNavigationMesh_SortAndHeapify	[forge-autoname2 conf=medium <- wf] Calls _Insertion_sort1 on 8-byte entities, calls FUN_00681270 (heapify); callers Add/TransferToGui confirm usage
006a3950	std::vector_insert_CBaseIntelligentPointer	[forge-autoname2 conf=medium <- wf] Vector of CBaseIntelligentPointer (9-byte size); calls CBaseIntelligentPointer ctor/dtor; malloc/free reallocation confirmed
006a3c70	std::vector_push_back_CBaseIntelligentPointer	[forge-autoname2 conf=medium <- wf] Single push_back: checks if size==capacity, calls FUN_006a3950 (grow) or appends CBaseIntelligentPointer with ctor
006a8710	CVertexBufferWin32_GetSizeAndAux	[forge-autoname2 conf=medium <- wf] Thiscall CVertexBufferWin32; calls DoSizeof, LowerBound on CVectorMap; stores results in *param_1
006afa40	Movement_CheckVelocityAgainstPlane	[forge-autoname2 conf=medium <- wf] Dot product with plane normal (3x float) and velocity; clamps and subtracts if below threshold
006b1a20	CGameScriptInterface_SetSoundTheme	[forge-autoname2 conf=high <- wf] Strings 'SOUND_THEME','NIGHT','DAY'; calls SetQuestInfoName, GetIDFromSymbol, GetDef<CSoundThemeDef>; caller StatRegisterClass
006bb140	std::make_heap_container_presort	[forge-autoname2 conf=medium <- wf] Calls FUN_006bb040 then make_heap; computes log2 depth; heap-prepare pattern confirmed
006bcc10	std::find_4unroll	[forge-autoname2 conf=medium <- wf] Unrolled linear search: 4 comparisons per iteration, fallback tail loop; searches int array
006bf6a0	std::make_heap_0x18_presort	[forge-autoname2 conf=medium <- wf] Element size 0x18 (24 bytes); calls FUN_006bf570 (presort) then make_heap; identical to FUN_006bb140 pattern
006c80e0	std::vector_insert_pairs	[forge-autoname2 conf=medium <- wf] Duplicate of FUN_00680e60; 8-byte pair vector reallocation with malloc/free
006d44f0	std::vector_insert_CLipSyncPhoneme	[forge-autoname2 conf=medium <- wf] Calls _Move<CLipSyncPhoneme*> and _Cons_val on each inserted element; param_1[4] = end iterator
006d4750	std::vector_insert_CFeatDef	[forge-autoname2 conf=medium <- wf] Vector of CFeatDef (8-byte elements); malloc/free reallocation; _Uninit_copy/Ufill/Cons_val pattern
006d5050	GUI_SetEmoteIcon	[forge-autoname2 conf=medium <- wf] Finds CTCEmoteIcon via LowerBound; calls SetEmoteIcon(1,0,0.0,1.0,0xff); callers RemoveFollower/FrameUpdate confirmed
006e2000	std::vector_assign_int	[forge-autoname2 conf=medium <- wf] Vector<int> with 0x10-byte elements; reallocates if needed; _Uninit_copy confirmed
006e22f0	CCombatWheel_InsertAnimStates	[forge-autoname2 conf=medium <- wf] Thiscall CCombatWheel; calls ResetRings; _Move elements; 0x10-byte element size confirmed
006e2860	CAnimateThing_FindMeshSymbol	[forge-autoname2 conf=high <- wf] Takes CAnimateThing and long param; calls GetMeshBank, FindFirstSymbolWithVal; finds CSymbolInfo
006e2940	CAnimateThing_FindAndAddMeshSymbol	[forge-autoname2 conf=high <- wf] Caller PlaySpeech; GetMeshBank, FindFirstSymbolWithVal, AddToInterface; mesh symbol discovery confirmed
006e2d30	CAnimateThing_GetSpeechSourceHeight	[forge-autoname2 conf=medium <- wf] Takes CAnimateThing; GetMeshBank; returns uint; callers FrameUpdate/Update on animation confirmed
006e9200	CDefendingCombatantInfo_BlockAttackerProng	[forge-autoname2 conf=high <- wf] Calls GetAttackerProng then SetBlocked; indexed into CCombatRing array; callers GetCombatantInfo/GetPreferredPos confirmed
006e94d0	Combat_CheckRingRangeToTarget	[forge-autoname2 conf=medium <- wf] Complex combat distance check; RedblackTree_FindLE, ToggleEntryWithName, GetRing confirmed but overreaching with type claims
006ed030	CCombatManager_UpdateDefenderState	[forge-autoname2 conf=high <- wf] Thiscall CCombatManager; UpdateDefenderAttackInstruction, IsAbleToBeAttacked, FinishCurrentAction; combat sequence tree traversal confirmed
006fc130	std::vector_insert_CFeatDefWithString	[forge-autoname2 conf=medium <- wf] Duplicate of FUN_006d4750; CFeatDef vector with CCharString handling; 8-byte element resize
006fd380	std::make_heap_0xc_presort	[forge-autoname2 conf=medium <- wf] 0xc-byte elements (12 bytes); FUN_006fd1e0 presort + make_heap; callers AddEventToAnim confirmed
00701750	COpinionReactionManager_GetOpinionValue	[forge-autoname2 conf=high <- wf] Takes COpinionReactionManager; GetOpinions then indexes opinion array; LowerBound for UI element; callers GetGreetDialogueGroupIndex confirmed
0070bfc0	Animation_ClampAlpha	[forge-autoname2 conf=medium <- wf] Clamps float value to range at offsets 0x2c/0x30; swaps old/new values; rename to drop 'SetAlpha' claim
0070d0a0	CActionState_AddAnimSetToList	[forge-autoname2 conf=medium <- wf] Searches linked list at offset 0x58 for byte match at +0x16; adds element to list confirmed
00711640	std::introsort_CAnimSet	[forge-autoname2 conf=medium <- wf] Hybrid sort: <0xf elements->insertion_sort, else introsort; recursive; calls FUN_00711230 (partition)
00721240	std::vector_reserve_uint	[forge-autoname2 conf=medium <- wf] Vector<uint> capacity check; reallocates via FUN_0071ea40; _Destroy_range; updates param_1[0/1/2]
00721fe0	std::make_heap_0x18_presort	[forge-autoname2 conf=medium <- wf] Duplicate of FUN_006bf6a0; 0x18-element size; FUN_00721e20 presort + make_heap
0072b3b0	CCreatureAction_KillReclaimedUndead	[forge-autoname2 conf=high <- wf] Caller PerformAction_CastWillReclaimUndeadFollower; IsAIFollower, LowerBound, CThing::Kill confirmed
00739bc0	std::vector_insert_CCountedPointer	[forge-autoname2 conf=medium <- wf] Vector of CCountedPointer<CActiveEntityScriptBase>; 4-byte elements; malloc/free; incr refcount on insert
007441d0	Vector_InsertionSort_Range	[forge-autoname2 conf=medium <- wf] Code performs insertion sort on range with conditional logic for large ranges (>16 elements), but is a generic template function not specific to CNavigationPosition. Evidence supports range-based inse
007463e0	Vector_Reserve	[forge-autoname2 conf=high <- wf] Thiscall vector reallocation: compares param_1[2]-param_1[0]>>2 < param_2 (capacity vs size check), calls malloc/memmove/free for reallocation. Generic vector reserve pattern.
0074cee0	std_find<CBaseIntelligentPointer>	[forge-autoname2 conf=high <- wf] Linear search (not binary search as proposed) using 32-byte elements (0x20 divisions). Calls GetPItem repeatedly comparing CBaseIntelligentPointer elements across range [param_1, param_2). Proposal in
00755bb0	BinaryTree_FindMaxRight	[forge-autoname2 conf=medium <- wf] Tree navigation following +0xc (left) chain to rightmost via +8 backtrack, then parent walk. Pattern matches finding max element in binary tree structure.
00759190	Vector_InsertRange	[forge-autoname2 conf=medium <- wf] Generic vector insert operation with capacity calculation and element construction via malloc, not specific to shop items. Evidence shows 0x2c element size and allocation logic.
0075f860	Vector_InsertRange_CopyFill	[forge-autoname2 conf=medium <- wf] Vector insert with fill pattern: copies initial range, fills param_5 copies of param_3, then tail copy. Generic container operation, not specific to CTCCameraPointScriptedSpline context.
00761b50	Map_FindByKey	[forge-autoname2 conf=medium <- wf] Lookup with uint masking (param_1 & 0xffffff00), but masking is a caller detail not integral to the function. Core behavior is simple key lookup returning bool.
0076b760	Vector_InsertRange_MoveAndFill	[forge-autoname2 conf=medium <- wf] Vector insert with _Move_backward and fill pattern, but element type (0x18 sized) is caller-specific. Generic pattern, not tied to AttackParticleAndEndPoints.
0076c590	Vector_InsertRange_Mixed	[forge-autoname2 conf=medium <- wf] Vector insert with 0xc element size and multiple constructor/copy calls. Generic pattern, not specific CFeatDef types. Proposal overspecified element types.
0076d1b0	CCreature_AddEnemyToList	[forge-autoname2 conf=high <- wf] Thiscall with SetHeroOpinionEnemy call, searches enemy list via _Find, LowerBound on creature interfaces. Evidence shows creature-specific enemy list manipulation.
0076d270	CCreature_AddAllyToList	[forge-autoname2 conf=high <- wf] Thiscall creature ally linkage: malloc link node at offset +0x14, SetPItem/GetPItem pattern, called by CreateMinion/AddSword. Evidence clearly shows creature ally list construction.
00770350	LinkedList_DestroyRange	[forge-autoname2 conf=high <- wf] Fastcall list cleanup: iterates *param_1 to *param_2, frees nodes by walking *_Memory chain. Generic linked list destructor pattern matches.
007706a0	Vector_PushBack_String	[forge-autoname2 conf=high <- wf] Thiscall vector push_back: checks param_1+4 != param_1+8 (capacity), calls CCharString copy constructor. Clear vector string push pattern.
007720d0	Math_LerpFloat	[forge-autoname2 conf=high <- wf] Fastcall 3-float interpolation: returns param_2 if abs(param_1-param_2)<param_3, else lerps by param_3. Pure math function, name accurate.
00774d20	CTCShop_SellHighlightedItem	[forge-autoname2 conf=high <- wf] Thiscall on CTCShop: calls GetCurrentBuyPrice, GetMorality*, AddSaleItem, massive switch on GetInventoryCategory. Clear shop-specific item sell operation.
00777f80	CCharString_PushBack_Char	[forge-autoname2 conf=high <- wf] Thiscall string push_back: checks param_1[1]+1==param_1[2] (capacity), calls CString_Reserve, appends param_2. Clear string char append pattern.
00779e10	CExperienceOrb_SetScale	[forge-autoname2 conf=high <- wf] Thiscall experience orb: stores param_2 at +0x10, tree-traverses for scale value, calls SetScale on CTCGraphicAppearance. Experience orb-specific behavior evident.
0077f440	Vector_InsertionSort_16byte	[forge-autoname2 conf=medium <- wf] Fastcall insertion sort on 16-byte elements: calls FUN_0077f370 (sizing), calls _Move_backward and _Destroy on 0x100-sized chunk. Generic pattern, element size is observable but name is correct.
00781a80	Vector_InsertRange_Copy	[forge-autoname2 conf=medium <- wf] Thiscall vector with 0x2c element size: malloc, calls copy constructor loop. Generic pattern, not specific to CFirePoint. Proposal overspecified type context.
00782e90	BinaryTree_FindByCoordinate_2D	[forge-autoname2 conf=medium <- wf] Thiscall binary tree search comparing 64-bit coordinates: checks +0x14 then +0x10 fields (two 32-bit comparisons). Proposal correctly identifies coordinate-based search but lacks 2D specificity eviden
007832b0	LTextTree_KillAllThings	[forge-autoname2 conf=high <- wf] Fastcall tree walk: GetPItem loop kills non-admin creatures via CThing::Kill, rebuilds tree with BuildTreeArray. Clear text tree cleanup operation.
00786670	Vector_PushBack_TextureMorph	[forge-autoname2 conf=medium <- wf] Thiscall vector insert: stores param_2 + CCharString copy at +0x14, calls FUN_00787380 (reserve). Element structure is 0xc-sized but proposal overspecifies TextureMorph type without evidence.
007893ae	Vector_InsertRange_Fill	[forge-autoname2 conf=medium <- wf] Thiscall array insert with 0xc element size: calls copy constructor, _Uninit_copy, _Fill_n. Generic pattern, not specific to CComboMultiplierData.
0078f820	CTCDivineWrath_CancelAbilities	[forge-autoname2 conf=high <- wf] Fastcall divine wrath list traversal: kills each creature via SetPItem pattern, calls ResetCreatureHitState + FinishMove. Clear ability-specific behavior.
00794d90	CTCUnholyPower_CancelAbilities	[forge-autoname2 conf=high <- wf] Fastcall unholy power list traversal: mirrors DivineWrath structure, kills creatures, ResetCreatureHitState, FinishMove. Clear ability cancellation pattern.
007a44c0	CTCEnflame_ResetState	[forge-autoname2 conf=high <- wf] Fastcall enflame ability reset: checks creature state (*(iVar1+0x34)<0), resets +0xc and +0x10 fields. Enflame-specific state reset operation.
007a91a0	Vector_InsertRange_Fill	[forge-autoname2 conf=medium <- wf] Thiscall vector insert with fill: calculates capacity, memmove prefix, fills param_5 copies of param_3, memmove suffix. Generic fill-based insert pattern.
007ab8a0	BinaryTree_FindMaxRight	[forge-autoname2 conf=medium <- wf] Identical to 00755bb0: tree navigation following +0xc (left) and +8 backtrack chains. Duplicate function, name consistent.
007b4be0	Vector_InsertRange_8byte	[forge-autoname2 conf=medium <- wf] Thiscall 8-byte element vector insert: malloc, copy elements with param_5 fills. Proposal name is correct for 8-byte (2 undefined4s) elements.
007b8530	BitArray_SetBit	[forge-autoname2 conf=high <- wf] Thiscall bit array: accesses param_1+0x34 (array base) at [param_2] offset, increments/decrements +0x40 on state change. Bit array set operation clear.
007b8aa0	CSeatingArea_FreeSeat	[forge-autoname2 conf=high <- wf] Thiscall seating: checks 0x4000 flag at +0x24, calls EditCyclePreviousKeyCamera, clears bit at [param_2]. Seating-specific seat release operation.
007b99e0	Vector_InsertRange_SmartPtr	[forge-autoname2 conf=medium <- wf] Thiscall smart pointer vector insert: _Uninit_copy from param_2, _Fill_n with param_3, element type CBaseIntelligentPointer. Generic smart pointer pattern.
007ce1f0	Vector_InsertElements_SmartPtr	[forge-autoname2 conf=medium <- wf] Fastcall loops param_2 range creating CBaseIntelligentPointer elements. Generic smart pointer bulk insert, but proposal name matches the pattern.
007dc3f0	Vector_Assign_FromOther	[forge-autoname2 conf=high <- wf] Thiscall vector assign: copies all data from param_2 to param_1, handles capacity reallocation via malloc, memmove copies. Generic vector assignment pattern.
007dc9a0	Vector_InsertRange_ComplexElements	[forge-autoname2 conf=medium <- wf] Thiscall container insert: element size 0xc, calls FUN_007dc500/007dc580 for element construction. Generic pattern, proposal name matches observable behavior.
007f7e70	CTrigger_IsActivated	[forge-autoname2 conf=high <- wf] Bool return checks bit at +0x2c & 0x40; if set, LowerBound finds camera (0x66) and returns its +0x18 state. Trigger activation check with camera state lookup.
007fa0e0	Vector_InsertionSort	[forge-autoname2 conf=high <- wf] Fastcall insertion sort comparing via GetCompareValueForPoint, swaps elements. Generic insertion sort pattern, proposal name correctly identifies it as SortOrder variant but is overly specific.
007fb1c0	LinkedList_KillAllThings	[forge-autoname2 conf=high <- wf] Fastcall list traversal at +0x44: iterates, calls CThing::Kill on each GetPItem, rebuilds list sentinel. Generic linked list traversal with thing destruction.
00802110	BinaryTree_FindOrInsert	[forge-autoname2 conf=high <- wf] Thiscall binary tree search/insert: finds node <=key, inserts via FUN_00801cb0 if not found. Clear binary tree search-or-insert pattern.
0080c190	Explosion_CalcFalloffIntensity	[forge-autoname2 conf=medium <- wf] Thiscall float param, min/max bound checks at 0x50/0x54, linear interpolation; matches explosion falloff signature
0081c990	Vector_Reallocate	[forge-autoname2 conf=medium <- wf] Vector reallocation pattern confirmed (malloc/free, capacity/size at [0/1/2]), but cannot confirm std::vector class context from this code alone
0081ca90	Vector_Reallocate	[forge-autoname2 conf=medium <- wf] Identical vector reallocation for 0xc-byte triplet elements; evidence is pattern-based, not class-specific
0081ea50	Terrain_InterpolateHeightAtPosition	[forge-autoname2 conf=medium <- wf] Thiscall accessing terrain data (0x1a7c), bilinear interpolation, but CSmokeEffect class context unverified
008259c0	Linked_CloneNode	[forge-autoname2 conf=medium <- wf] Recursively clones 0x18-byte node with child pointers at 0xc; generic tree structure, not specific to Tree
008260c0	Linked_CloneNodeLarge	[forge-autoname2 conf=medium <- wf] Clones 0x30-byte nodes recursively; pattern similar to 008259c0 but larger element size
0082c620	Vector_CopyInit	[forge-autoname2 conf=medium <- wf] Vector copy-initialization malloc proportional to range, but no std::vector evidence; generic copy init
0085dfd0	Vector_Reallocate	[forge-autoname2 conf=medium <- wf] Vector reallocation for 4-byte elements via malloc/free; pattern-based without class verification
00867f60	CVectorMap_FindInterface	[forge-autoname2 conf=medium <- wf] Searches CVectorMap for ETCInterfaceType (0xb), calls LowerBound; role is correct but not GetInterface
0086b2a0	Vector_CopyInit	[forge-autoname2 conf=medium <- wf] Vector copy init for 0x8-byte (uint pairs); same pattern as 0082c620, generic not std::vector-specific
0086bc10	TextureMorph_AddToList	[forge-autoname2 conf=medium <- wf] Inserts triplet at param_1[4], calls reallocate/heap functions; role clear but may overstate complexity
0086cb30	Vector_Reallocate	[forge-autoname2 conf=medium <- wf] Vector reallocation for 0xc-byte triplets; pattern only, no class verification
0086cc50	Vector_Reallocate	[forge-autoname2 conf=medium <- wf] Vector reallocation for 0x10-byte C3DClothQuad elements; pattern-based, not method-specific
0086fc00	Vector_Reallocate	[forge-autoname2 conf=medium <- wf] Vector reallocation for 0xc-byte triplets; identical to 0081ca90 and 0086cb30
00879070	ProjectileWeapon_CalcHeightForAngle	[forge-autoname2 conf=medium <- wf] Complex physics/angle calculations with sin/cos/sqrt, calls CProjectileWeapon_CalculatePitch; cannot confirm NCameraModes::CProjectileWeapon class context
00879680	ProjectileWeapon_CalcPhiAngle	[forge-autoname2 conf=medium <- wf] Calculates phi with trig functions, calls CProjectileWeapon_CalculatePitch helpers; class context unverified
00883fd0	BinaryTree_InsertNode	[forge-autoname2 conf=medium <- wf] Binary search tree insertion with traversal; TreeMap context inferred but not proven
00884710	BinaryTree_DeleteNode	[forge-autoname2 conf=medium <- wf] Wrapper calling construct/erase/cleanup; tree operation pattern but not method-verified
00888ee0	Vector_Reallocate	[forge-autoname2 conf=medium <- wf] Vector reallocation for 0xc-byte elements; generic pattern without std::vector proof
00889cb0	Vector_Reserve	[forge-autoname2 conf=medium <- wf] Reserve allocating capacity for 500-byte elements; pattern clear but not method-specific
00889f00	Vector_Reallocate	[forge-autoname2 conf=medium <- wf] Vector reallocation for 500-byte elements via malloc/free; pattern-based, not std::vector-verified
0088b4f0	Vector_Reallocate	[forge-autoname2 conf=medium <- wf] Vector reallocation for 0x14-byte elements with element copying; generic pattern, not method-proven
0088d130	Sort_Quicksort	[forge-autoname2 conf=medium <- wf] Quicksort pattern with log calc and insertion sort for small arrays; std::sort context inferred not proven
008aef20	BinaryTree_Search	[forge-autoname2 conf=medium <- wf] Binary search tree traversal comparing key at 0x10; role confirmed but TreeMap context not verified
008f0450	Vector_Reallocate	[forge-autoname2 conf=medium <- wf] Vector reallocation for 0x3c-byte Coin objects with constructor; pattern-based
008f5970	Geometry_ClosestPointOnLineSegment	[forge-autoname2 conf=high <- wf] Computes closest point on segment with projection and clamping to endpoints; geometry signature matches well
008f5ba0	Geometry_DistancePointToLineSegment	[forge-autoname2 conf=high <- wf] Calls closest-point function then computes SQRT distance; standard geometry computation
008f8a80	Socket_Constructor	[forge-autoname2 conf=medium <- wf] Initializes vector fields, calls WSAStartup, inserts into linked-list; constructor role clear but LSocket class context unverified
008f8f50	LSocket::Send	[forge-autoname2 conf=high <- wf] Network send implementation checking socket state, calls send/sendto, manages send buffer; thiscall signature and socket operations confirm method
008fb170	PhysicsForceModel_Initialize	[forge-autoname2 conf=high <- wf] Initializes 3 linked-list heads, iterates steps allocating nodes; constructor operation clear but not thiscall-verified
008fbf10	LinkedList_CloneNodes	[forge-autoname2 conf=medium <- wf] Clones linked list param_2->param_3 into param_1, allocates 0x14-byte nodes; pattern clear but generic
00954220	AIState_CheckCanReach	[forge-autoname2 conf=medium <- wf] AI state decision with distance check and bitfield return; class context unverified despite CAIStateGroupBase callers
0096a3c0	FindValidCombatPositions	[forge-autoname2 conf=medium <- wf] Callers are CAIStateGroup_WhisperPotionCombat, calls GetValidPositions + IsAbleToNavigateFromPosToPos to filter positions, but no class evidence (thiscall takes CPlayer, not CAIStateGroup). Rename to 
0097e270	AssignCreatureToTask_Helper	[forge-autoname2 conf=medium <- wf] Calls CVillageTaskCarryCrate::AssignCreatureToTask but only handles task lookup via LowerBound. Function is a wrapper, not the actual AssignCreatureToTask method itself.
0097e2d0	SetTaskProperty_AtOffset	[forge-autoname2 conf=medium <- wf] Sets offset 0x58 on task via LowerBound lookup pattern, but name is too specific about being an AIAction. Generic task property setter is more accurate.
0098f9d0	BinaryTree_RotateOrRebalance	[forge-autoname2 conf=medium <- wf] Evidence shows tree node rotation/rebalancing via parent/child pointers but logic is complex and doesn't cleanly map to standard 'RotateRight'. Renamed to more conservative name.
0099c990	String_ResizeBuffer	[forge-autoname2 conf=medium <- wf] Parameter types are wrong (CTCElectrocutedEffect not CCharString). This is generic buffer resizing with memmove, not specifically CCharString::ResizeBuffer.
0099f8b0	CCharString_Format	[forge-autoname2 conf=medium <- wf] Calls CCharString::Format_vsnprintf and UnassignString, manages reference counting at offset 0xd. Generic format function name confirmed.
009a0460	String_FillRange	[forge-autoname2 conf=medium <- wf] Fills range with repeated character and clears padding, but ExtendData suggests it's on CBasicString, not necessarily just FillWithChar. More generic name warranted.
009a04e0	CBasicString_AppendData	[forge-autoname2 conf=medium <- wf] Called by operator+=, Insert; appends memory block via ExtendData with byte-level copy loop. Evidence clearly supports name.
009b08c0	CDefinitionManager_LoadOrCompileDefinitions	[forge-autoname2 conf=medium <- wf] Orchestrates binary load/compilation path; calls LoadBinaryDefinitions, DoCompilePathList, SaveBinaryDefinitions, RemoveUnusedMemory in sequence. Evidence very clear.
009b4a20	Vector_Append_uint16	[forge-autoname2 conf=medium <- wf] Appends single uint16, not necessarily push_back in standard sense. Calls Vector_InsertN_uint16 on capacity exhaustion, but name should reflect single-element append.
009b4bd0	Vector_InsertWithFill	[forge-autoname2 conf=medium <- wf] Inserts repetitions of value into vector; copies existing elements, fills new with copies, appends remainder. Evidence matches name.
009b60d0	Vector_InsertStructArray_12byte	[forge-autoname2 conf=medium <- wf] Parallel to 009b4bd0 but for 12-byte structures (3 uints); element size division by 0xc. Evidence clearly indicates 12-byte elements.
009b9490	Heap_MakePriority_24byte	[forge-autoname2 conf=medium <- wf] Calculates heap depth via log, calls FUN_009b9320 (push-down), then make_heap; element size 0x18 (24 bytes). More specific element size in name.
009c4120	FileReadCompletion_ProcessData	[forge-autoname2 conf=medium <- wf] Queues file completion with critical section; enqueues completion event via SetEvent. Evidence matches name.
009c71a0	DataItemList_DestroyAll	[forge-autoname2 conf=medium <- wf] Recursive list destruction with CCompressorZlib teardown; frees all linked items. Evidence clearly supports name.
009ce050	BankEntry_ProcessPath	[forge-autoname2 conf=medium <- wf] Processes entry path with CRC lookup and path conversions; calls ConvertPathToFilename, ToLower, Calc. Name is too specific about 'CBankFile' context without evidence of being a method.
009d2d00	BankEntry_CloneTree	[forge-autoname2 conf=medium <- wf] Recursively clones tree structure with malloc; copies entry fields and children; returns new tree root. Evidence matches name.
009d7cf0	BinaryTree_FindOrInsert	[forge-autoname2 conf=medium <- wf] Binary search tree traversal; calls FUN_009d7990 (insert) when insert flag set; returns found/inserted node. Evidence supports tree operations but function is generic.
009e15e0	TextureCache_MoveAndCleanup	[forge-autoname2 conf=medium <- wf] Moves texture pairs and destroys cleanup range via Uninitialise, but structure is more generic than just 'MoveRangeAndCleanup'. Simplified name.
009e4420	JoystickGui_Destructor	[forge-autoname2 conf=medium <- wf] In destructor context, calls SortTreeRecursively and frees tree memory. Evidence supports destructor role but doesn't confirm 'CJoystickDX' class membership (thiscall signature not visible).
009e47e0	EventNode_Unlink	[forge-autoname2 conf=medium <- wf] Unlinks event list node; updates prev/next pointers; calls callback then frees. Evidence matches name.
009e7ab0	Vector_Append_CCharString	[forge-autoname2 conf=medium <- wf] Called by AddSymbolDirty; appends CCharString; calls FUN_009e77e0 (reallocation) when full. Evidence shows vector append, not push_back specifically.
009e9900	Vector_AppendRange	[forge-autoname2 conf=medium <- wf] Called by Copy, CMemoryFile; appends byte range to vector via vector_reallocate_with_padding. Evidence matches name.
009f7ad0	CFourierAnalysis_CreateHeapInstance	[forge-autoname2 conf=medium <- wf] malloc with embedded CFourierAnalysis constructor; copies 4-uint state; returns heap pointer. Evidence clearly supports name.
00a0e3d0	DequeIterator_CopySegments	[forge-autoname2 conf=medium <- wf] Deque-like copy with segment chasing; follows chain logic but 'CopySegmentPointers' is too specific. Generic segment copy name is safer.
00a0e740	DequeIterator_CopyRange	[forge-autoname2 conf=medium <- wf] Similar to 00a0e3d0 but simpler range copy. Name should reflect general range copy, not specific to 'items'.
00a0ee50	Deque_Reallocate	[forge-autoname2 conf=medium <- wf] Rebalances deque map; complex logic for growing/positioning blocks; updates segment pointers. Evidence matches name.
00a0f300	Deque_AllocateBlocks	[forge-autoname2 conf=medium <- wf] Allocates 0x80-byte blocks via malloc after Deque_Reallocate. Name should not imply 'Push' - just allocation.
00a17400	Vector_Append_uint32	[forge-autoname2 conf=medium <- wf] Generic vector push for 4-byte elements; calls FUN_00a17190 (reallocation) when full. Name should reflect append, not push_back.
00a1ad40	CNavigatorAStar_GetRandomNavigablePos	[forge-autoname2 conf=high <- wf] Searches quad tree for valid position within radius; returns output vector via param_6. Evidence matches name.
00a1e5c0	CNavigatorAStar_MoveTowardGoal	[forge-autoname2 conf=high <- wf] Core navigation; implements pathfinding via CalculateRoute, SetGoal, waypoint management; called from MoveToPos/MoveToPosProximity. Evidence matches name.
00a27350	CGameWorld_Destructor	[forge-autoname2 conf=high <- wf] Comprehensive cleanup of game world: entities, patches, UI, event packages, script bindings, dynamic lists. Evidence clearly indicates destructor.
00a37800	List_TransferNodes	[forge-autoname2 conf=medium <- wf] Transfers nodes from source range into linked list via malloc and pointer updates. Evidence matches name.
00a37940	List_CopyOrMoveNodes	[forge-autoname2 conf=medium <- wf] Called by _Move/_Copy_backward/fill; complex splice logic between lists. Name should reflect dual copy/move semantics, not just 'Splice'.
00a385a0	EnumValue_InsertIntoMap	[forge-autoname2 conf=medium <- wf] Called from ParseEnum; computes CRC of enum string, inserts pair(crc, value) into map. Evidence matches name.
00a41480	Vector_InsertOrFill	[forge-autoname2 conf=medium <- wf] Inserts copies of element or fill pattern into vector; complex allocation/copy/pad logic. Name should not claim 'WithValue' without clearer value passing.
00a42060	Heap_MakePriority_12byte	[forge-autoname2 conf=medium <- wf] Parallel to 009b9490 but for 0xc-byte (12-byte) elements; similar heap construction pattern. Name should specify element size.
00a442e0	Vector3_ClosestPointOnLineSegment	[forge-autoname2 conf=high <- wf] Returns float10; computes distance from point to line segment via projection; stores t parameter in param_4. Evidence clearly supports name.
00a44c20	Vector_Append_undefined4	[forge-autoname2 conf=medium <- wf] Generic vector push for 4-byte elements; calls FUN_00a44b40 (reallocation). Name should reflect append, not generic 'PushBack'.
00a46790	CCombatWheel::operator_assign	[forge-autoname2 conf=high <- wf] Thiscall on CCombatWheel, calls ResetRings member, container copy semantics evident
00a4a670	BST_InsertEntry_EHeroMorphType	[forge-autoname2 conf=medium <- wf] BST insertion pattern evident, but class ownership not confirmed from evidence
00a4b230	Collision_SphereSegmentDistance	[forge-autoname2 conf=high <- wf] Complex 3D vector math, called by collision functions, distance/ABS returns
00a547c0	TreeNode_CloneRecursive	[forge-autoname2 conf=high <- wf] Allocates 0x18 node, recursively clones children (0x8/0xc offsets), copies CCharString
00a55070	Vector_InsertN_uint48	[forge-autoname2 conf=high <- wf] Element size 6 bytes (uint+short), allocates/copies with 6-byte granularity
00a552b0	Vector_InsertN_Triangle2	[forge-autoname2 conf=high <- wf] C3DTriangle2 type explicit in signature, 6-byte element size
00a66990	CBase_Destructor_Helper	[forge-autoname2 conf=medium <- wf] Called by ~CKeyboardDX, operates on CBase*, not CCKeyboardDX::~Destructor directly
00a6bcd0	Vector_InsertN_DetailPlacementGrid	[forge-autoname2 conf=high <- wf] CIVCountedPointer type explicit, manages refcount lifecycle
00a73b20	Vector_ReserveLog2_ComplexNumber	[forge-autoname2 conf=high <- wf] Computes log2 on 16-byte CComplexNumber elements, tree construction
00a73ba0	Vector_ReserveLog2_StringPair	[forge-autoname2 conf=high <- wf] Log2 on 16-byte pair<CCharString,CCharString>, tree constructor pattern
00a748e0	Vector_EraseRange	[forge-autoname2 conf=medium <- wf] Shifts 16-byte elements backward, generic range erase logic
00a7d050	Vector_LinearSearch	[forge-autoname2 conf=high <- wf] Iterates 16-byte elements, searches for key match, returns pointer
00a80e90	List_InsertCopy_Range	[forge-autoname2 conf=medium <- wf] Doubly-linked list insertion with refcount copying
00a819b0	Map_FindOrInsert	[forge-autoname2 conf=high <- wf] BST find-or-insert, searches by key at offset 0x10
00a82380	Vector_InsertN_16byte	[forge-autoname2 conf=medium <- wf] Element size is 0x10 (16 bytes), not uint48; allocation/loop logic confirms
00a83110	List_Construct	[forge-autoname2 conf=high <- wf] Allocates circular list head node (0x18), initializes self-pointers
00a838f0	Vector_InsertN_12byte	[forge-autoname2 conf=medium <- wf] Element size 0xc (12 bytes), not a pair; refcount management present
00a841f0	Vector_ReserveLog2_NavigationPos	[forge-autoname2 conf=high <- wf] Log2 on 16-byte CNavigationPosition, insertion sort, tree constructor
00a84cf0	Vector_MakeHeap_SoundPair	[forge-autoname2 conf=high <- wf] Log2 computation, 12-byte sound pair elements, make_heap call
00a853a0	Vector_ReserveLog2_NavPos_v2	[forge-autoname2 conf=high <- wf] Variant of 00a841f0 with different tree constructor, same logic
00a8d750	Vector_Construct_uint16	[forge-autoname2 conf=high <- wf] Allocates 2-byte elements, zeros in 4-byte then 2-byte chunks
00aa94e0	Vector_InsertN_uint64Entity	[forge-autoname2 conf=high <- wf] 8-byte pair insertion, uninit-copy pattern
00aadd80	Vector_Construct_uint16_v2	[forge-autoname2 conf=high <- wf] Identical to 00a8d750, v2 variant identifier
00aade80	Vector_Assign_uint16	[forge-autoname2 conf=high <- wf] Assignment operator, reallocates uint16 vector if needed, memmove
00ab33e0	Vector_InsertN_uint64Entity_v2	[forge-autoname2 conf=high <- wf] 8-byte pair insertion, v2 variant
00ac6d50	QuadraticForm_Evaluate	[forge-autoname2 conf=high <- wf] Computes v^T*M*v quadratic form with correct term coefficients
00ad26d0	Vector_Construct_CArray	[forge-autoname2 conf=medium <- wf] Allocates vector of 8-byte pairs with _Uninit_copy
00ad2730	Vector_Construct_CFeatDef	[forge-autoname2 conf=high <- wf] Allocates 16-byte CFeatDef elements, type explicit in callees
00ad3c30	BTreeNode_Erase	[forge-autoname2 conf=medium <- wf] Erases from allocator tree, refcount management, destroy on zero
00ad4540	BTreeNode_InsertValue	[forge-autoname2 conf=medium <- wf] Inserts 0x1c node with float pair, refcount ptr, balances tree
00ad6420	BTreeMap_FindOrInsert	[forge-autoname2 conf=high <- wf] BST find-or-insert by uint key at offset 0x10
00ad9030	Vector_Construct_Empty	[forge-autoname2 conf=high <- wf] Allocates circular list sentinel node (0x18), self-pointers
00ad91f0	AnimBlockGroup_AddBlock	[forge-autoname2 conf=medium <- wf] Inserts uint32 block ID into vector, then BST
00ad9b20	CVertexGroupBlockOptimiser::Optimise	[forge-autoname2 conf=high <- wf] Thiscall on CVertexGroupBlockOptimiser, main optimization loop, paints segments
00adc330	Vector_CopyGroups	[forge-autoname2 conf=medium <- wf] Copies vector of 6-integer (24-byte) groups with memmove
00ae2510	ParticleProgram_ExecuteLooped	[forge-autoname2 conf=high <- wf] Executes particle program in loop, clears result, checks delta time
00ae80f0	Container_Reserve	[forge-autoname2 conf=medium <- wf] Reserves capacity, reallocates 16-byte elements if needed
00aea880	Vector_MakeHeap_SoundPair_v2	[forge-autoname2 conf=high <- wf] Variant of 00a84cf0, log2 + make_heap on 12-byte sound pairs
00af0fa0	Vector_InsertN_uint64Entity_v3	[forge-autoname2 conf=high <- wf] 8-byte pair insertion, v3 variant
00af2640	Particle_AddToBoundingSphere	[forge-autoname2 conf=high <- wf] Updates particle position, calls GetUpdateParam, applies inverse transform
00af3b70	std_introsort_recursive	[forge-autoname2 conf=medium <- wf] Recursive sorting with threshold 0xf, but callers (CPSCManager, quest functions) suggest domain-specific sort, not generic helper
00b29840	CTCCameraPointScriptedSpline_InsertKeyCamera	[forge-autoname2 conf=high <- wf] Thiscall, CCamera constructor, CKeyCamera array insertion with reallocation pattern confirmed
00b3ea70	CEngineResourceManager_ReallocateTextures	[forge-autoname2 conf=high <- wf] Thiscall, CEngineResourceManager caller, CTextureManagerPoolInfo array reallocation confirmed
00b43f80	std_vector_insert_ENavigatorType	[forge-autoname2 conf=medium <- wf] Thiscall vector insert, ENavigatorType element insertion with memmove/fill pattern
00b806e0	Render_CalculateClothVertexDistance	[forge-autoname2 conf=high <- wf] Float return, SQRT-based distance from camera, frustum bounds comparison confirmed
00b817d0	CEngineInternalPrimitiveAnimatedMesh_LinkNodeToList	[forge-autoname2 conf=medium <- wf] Thiscall, 0xc-byte node allocation, doubly-linked list pointers at +4/+8 confirmed
00b842b0	CEnginePrimitiveRenderer_GetIndexCount	[forge-autoname2 conf=high <- wf] Thiscall, returns offset difference >> 3 (size calculation), Render caller confirmed
00b86570	std_introsort_recursive	[forge-autoname2 conf=high <- wf] Recursive sort, 0xf threshold, calls _Insertion_sort1 and partition function, classic introsort pattern
00b865e0	std_introsort_heapsort_phase	[forge-autoname2 conf=medium <- wf] Recursive heap operation helper during introsort; name claims 'heapsort_recursive' but is partition helper in heapsort phase
00b97980	NThingMap_CloneRedBlackTree	[forge-autoname2 conf=high <- wf] Recursive tree clone, 0x1c-byte nodes, child/sibling pointers at +8/+c/+4, refcount at +18
00b97de0	std_set_init_RedBlackTree	[forge-autoname2 conf=high <- wf] Thiscall, initializes tree from existing tree, calls tree clone function, tree structure setup
00bb1e30	CSimpleMemoryPool_ReallocateBuffer	[forge-autoname2 conf=high <- wf] Thiscall, FreeAll/Allocate on pool at +0xa8, size tracking at +0xc8 confirmed
00bd8480	std_lower_bound_TextureKey	[forge-autoname2 conf=medium <- wf] Binary search on 0x1c-byte TextureKey structs, two-field comparison pattern
00bd8b30	NThingMap_CloneMapInfoTree	[forge-autoname2 conf=medium <- wf] Recursive tree clone, 0x20-byte nodes, Vector_CopyFrom calls, sibling/parent pointers
00bda150	CDrawResourcePool_FlushCycle	[forge-autoname2 conf=high <- wf] Fastcall, three cyclic lists at +0x10/+0x1c/+0x28, rotating index at +34, Uninitialise/TexturePool_Clear calls
00bdbb70	CVertexShaderConstantLayout_Initialize	[forge-autoname2 conf=high <- wf] Fastcall constructor, CVertexShaderConstantLayout ctor, vector of C2DLineF, extensive constant setup confirmed
00be08e0	std_set_find_insertion_point	[forge-autoname2 conf=medium <- wf] Thiscall, tree traversal for BST, key comparison at +0x10, insertion point search pattern
00be8f10	std_vector_insert_4Bytes	[forge-autoname2 conf=medium <- wf] Thiscall vector insert, allocates new buffer, copies prefix/element/suffix via memmove
00bef5c0	std_vector_make_heap_Navigation	[forge-autoname2 conf=medium <- wf] Heap construction on CNavigationPosition array (0x10 bytes), not 2DBoxF; heap depth calculation confirmed
00befc20	std_vector_make_heap_Sound	[forge-autoname2 conf=medium <- wf] Fastcall, heap construction on sound pair vector (0x1c elements), log depth calculation
00c0b420	Render_ClampAlphaValue	[forge-autoname2 conf=medium <- wf] Float return, clamps between 0.0 and 1.0 globals, alpha rendering context
00c0b910	CCharString_ReleaseRefcount	[forge-autoname2 conf=high <- wf] Fastcall int*, InterlockedDecrement on refcount at -0xc, deallocates at zero
00c0bf90	CCharString_AllocFromSize	[forge-autoname2 conf=medium <- wf] Thiscall, allocates string size, copies bytes from two sources, typical string allocation pattern
00c10cd0	NUISystem_CSpellContainerList_PopulateSpells	[forge-autoname2 conf=medium <- wf] Fastcall, iterates alive things via CIsThingAlive, AddChild on spell container
00c11cb0	CTCInventory_ProcessKeyPress	[forge-autoname2 conf=medium <- wf] Fastcall, GetKeyPressed check, InputEvent_ValidateForContext, inventory context confirmed
00c1b130	CTCHeroExperience_OnBlockParrySuccess	[forge-autoname2 conf=high <- wf] Thiscall, AddSuccessfulBlockParry, exception handling, EventQueue_ProcessWithTimeout/PKCSemaphore_Release
00c1bda0	Render_CalculateAlphaFalloff	[forge-autoname2 conf=medium <- wf] Thiscall float, _CIpow call, clamped to [0.0, 1.0], rendering context
00c1cab0	Math_Atan2Normalized	[forge-autoname2 conf=high <- wf] Float math function, multiple fpatan calls for quadrant handling, angle normalization
00c1e900	EHeroMorphType_FindAndRemoveEntry	[forge-autoname2 conf=medium <- wf] Thiscall, array search for value, element removal via shifting down on match
00c1eaa0	NUISystem_CDisplayElement_Constructor	[forge-autoname2 conf=medium <- wf] Thiscall, vtable pointer setup, param_3 struct copy (5 dwords), container addition at +0x2c
00c1f4e0	CQueueProcessor_HandleProcessError	[forge-autoname2 conf=medium <- wf] Thiscall, processes callback result, branches on -1 vs other error code, retry logic
00c20880	CTCInventory_OnKeyPressRebootGame	[forge-autoname2 conf=medium <- wf] Thiscall, GetKey call, FUN_00c34410 and FUN_00c351b0 for reboot action handling
00c209c0	CTCInventory_OnItemUnequipped	[forge-autoname2 conf=medium <- wf] Thiscall, CTCInventoryItem_SetUnequipped call, status set to 1, component update
00c20a20	CTCInventory_OnItemEquipped	[forge-autoname2 conf=high <- wf] Thiscall, CTCInventoryItem_SetEquipped call, FUN_00c271f0 with render logic, animation setup
00c20b50	CTCInventory_OnMapBrushApplied	[forge-autoname2 conf=medium <- wf] Thiscall, FUN_00c27a60 brush effect call, CTCInventoryItem_SetUnequipped on cleanup
00c20be0	InputEvent_GetScreenCoordinates	[forge-autoname2 conf=medium <- wf] Calls InputEvent_GetScreenCoordinate, stores two coordinate values in param_2
00c21560	NUISystem_CScrollableList_OnStateChange	[forge-autoname2 conf=high <- wf] Thiscall, switch on state at +0xac (cases 2-6), dispatches to handlers, OnDeactivate call
00c22100	NUISystem_CSteeringAgent_FindAgentInList	[forge-autoname2 conf=medium <- wf] Thiscall, CSBAgents constructor, FUN_00c28c20 find logic, exception handling
00c258d0	Math_Vector3Normalize	[forge-autoname2 conf=high <- wf] Fastcall float*, SQRT of sum of squares, divides by magnitude, modifies in-place
00c25970	Math_Vector3Length	[forge-autoname2 conf=high <- wf] Fastcall float*, returns SQRT of sum of squares of three components, standard magnitude
00c28690	CHandleBasedMemoryPool::FreeAllocation	[forge-autoname2 conf=high <- wf] Thiscall on CHandleBasedMemoryPool; calls InsertFreeArea, OnPostRelocation; clear memory deallocation pattern
00c286f0	CHandleBasedMemoryPool::PartialDefragment	[forge-autoname2 conf=high <- wf] Thiscall on CHandleBasedMemoryPool; calls FindFreeArea, InsertFreeArea, OnPostRelocation; defragmentation pattern evident
00c2c8f0	Combat_HandleBlockParryEvent	[forge-autoname2 conf=medium <- wf] Calls AddSuccessfulBlockParry, EventQueue_ProcessWithTimeout; combat parry event logic but lacks constraint context evidence
00c30550	WaypointData_Destructor	[forge-autoname2 conf=medium <- wf] Fastcall destructor iterating and deleting collection entries, calls CPixelShaderData destructor; generic but accurate
00c30640	WaypointData_DestructorAlt	[forge-autoname2 conf=medium <- wf] Identical destructor pattern to 00c30550; alternate variant with same cleanup semantics
00c31810	PKCAutoDeleteArray::Resize	[forge-autoname2 conf=high <- wf] String reference to PKCAutoDeleteArray.h; thiscall with allocation/reallocation/memcpy logic; clear resize semantics
00c31b90	CShaderResource::LoadPixelShaderData	[forge-autoname2 conf=high <- wf] Thiscall on CShaderResource; calls BeginInputLoading, GetPixelShader; shader file loading pattern clear
00c32160	BinarySearch_FindInsertionPoint	[forge-autoname2 conf=medium <- wf] Binary search loop computing insertion index; correct semantics but generic function name
00c351b0	CWeaponDrawState::Initialize	[forge-autoname2 conf=high <- wf] Thiscall initializes weapon drawing state; calls DrawGetEnvironment, SetAiming, manages timing/offsets
00c3a9e0	NScript::CV_MurderTwistScript::Read	[forge-autoname2 conf=high <- wf] Thiscall on CV_MurderTwistScript parameter; reads with bounds checking; calls Init on failure; parameter signature matches
00c3ac40	ScriptInfo_Destructor	[forge-autoname2 conf=medium <- wf] Fastcall destructor iterating and deleting map entries via vtable; generic but accurate
00c3d610	CCombatSequenceBase::HandleAction	[forge-autoname2 conf=high <- wf] Thiscall processes combat action; calls ScreenEffect_RemoveFromList, PushAction on sequence; combat action handler pattern clear
00c3f490	CMap::Destructor	[forge-autoname2 conf=high <- wf] Fastcall destructor; calls Update, destroys CParticleEffect; map cleanup pattern evident
00c400d0	Animation_ComputeFrameOffset	[forge-autoname2 conf=medium <- wf] Switch on param_1 computing animation frame offset; evidence shows animation lookup but 'Attachment' and 'Transform' are overreaching
00c40d10	NormalizeVectorPair	[forge-autoname2 conf=medium <- wf] Fastcall normalizes two 3D vectors using SQRT; clear vector normalization pattern
00c443d0	CTCInventory::ClearMarkedItems	[forge-autoname2 conf=high <- wf] Fastcall iterating items calling SetQuestPersistentFlag, clearing quest item flags; clear inventory item clearing pattern
00c45940	CTCWeapon_GetDamageValue	[forge-autoname2 conf=medium <- wf] Fastcall reads normalized damage value from offset 0xe0; similar structure to 00c25f00 but returns raw value not computed scaling
00c49b90	EntranceManager_LockAndAward	[forge-autoname2 conf=high <- wf] Thiscall adds block parry experience, processes events; called by SetEntranceAsLocked but not a CEntranceManagerImpl method; generic entrance lock handler
00c4a1a0	PKCBufferedReader::GetAvailableReadSize	[forge-autoname2 conf=high <- wf] Error strings from PKCBufferedReader.cpp; thiscall validates buffer alignment and computes available bytes; clear buffer reader semantics
00c4a3b0	PKCBufferedReader::PrimeBuffer	[forge-autoname2 conf=high <- wf] Error strings from PKCBufferedReader.cpp; primes buffer with cache operations; calls CBankFile_ReadRemote; clear buffer prefetch semantics
00c4ac70	PKCBufferedReader::ReturnBuffer	[forge-autoname2 conf=high <- wf] Error 'no requests pending' from PKCBufferedReader.cpp; marks buffer slot as free; clear buffer return pattern
00c4afd0	PKCBufferedReader::ConvertOffsetToAbsolute	[forge-autoname2 conf=high <- wf] Switch on param_3 (0/1/2 modes) computing absolute file position from relative offset; clear offset conversion pattern
00c4dc40	CAudioBuffer::Create	[forge-autoname2 conf=high <- wf] Strings: alGenBuffers, alcSuspendContext, alcProcessContext; calls GetProcAddress for OpenAL buffer creation; clear audio buffer creation pattern
00c4f600	PropertySerializer_GetPropertyTypeCode	[forge-autoname2 conf=medium <- wf] Compares param_1 against data table addresses to return property type codes; large function but clear table-based type lookup
00c51f00	Model_WritePropertyIfValid	[forge-autoname2 conf=medium <- wf] Non-member function calling FUN_00c68510 and PropertySerializer_WriteProperty; model property serialization but not strongly class-bound
00c575f0	CAudioContext::PlaySource	[forge-autoname2 conf=high <- wf] Thiscall loads and calls alSourcePlay; string reference; clear audio source playback pattern
00c57730	CAudioContext::GetEnumValue	[forge-autoname2 conf=high <- wf] Thiscall loads alGetEnumValue function pointer; string reference; clear audio enum lookup pattern
00c5acb0	C3DMeshFileXBoundingBoxChunk::LoadData	[forge-autoname2 conf=high <- wf] Thiscall on C3DMeshFileXBoundingBoxChunk; complex mesh chunk loading with material/animation references; clear mesh bounding box load semantics
00c5b1a0	C3DAnimationBlendState::Constructor	[forge-autoname2 conf=high <- wf] Fastcall constructor calling CSoundInit, initializing reaction match pairs; animation blend state initialization pattern
00c5ce60	Audio_ComputeTimeOffset	[forge-autoname2 conf=medium <- wf] Thiscall dividing by granule size to compute sample time offset; clear audio time offset semantics
00c5f150	Audio_ComputeEnergy	[forge-autoname2 conf=medium <- wf] Thiscall with audio sample mathematics using __ftol2, __allmul, __aulldiv; evidence supports energy/RMS computation
00c62750	IUnknown_Release	[forge-autoname2 conf=medium <- wf] Fastcall calls FUN_00c73d90 and invokes vtable destructor method; IUnknown release pattern
00c631e0	CLight::SetLightValue	[forge-autoname2 conf=high <- wf] Thiscall validates float range, sets light property at offset, updates bitflag 0x4; clear light float value setter
00c63270	CLight::SetIntegerProperty	[forge-autoname2 conf=high <- wf] Thiscall validates int range (-0x2711 to 1), sets property at offset 0x100, updates bitflag 0x8; clear light int property setter
00c632e0	CLight::SetIntegerProperty2	[forge-autoname2 conf=high <- wf] Thiscall same int setter pattern at offset 0x104, bitflag 0x10; light int property variant
00c63350	CLight::SetIntegerProperty3	[forge-autoname2 conf=high <- wf] Thiscall same int setter pattern at offset 0x108, bitflag 0x20; light int property variant
00c63480	CLight::SetLightValue2	[forge-autoname2 conf=high <- wf] Thiscall validates float range, sets light property at offset 0x110, bitflag 0x80; light float property variant
00c63520	SetAttribute_Float	[forge-autoname2 conf=medium <- wf] Evidence shows __thiscall setter with range validation and dirty flag, but lacks class context - rename drops 'Hero' prefix
00c63750	HeroAttribute_SetVector3	[forge-autoname2 conf=medium <- wf] Pattern clear: __thiscall, 3-float params, _isnan validation, writes 3 floats to specific offsets, dirty flag 0x800
00c63810	HeroAttribute_SetInt	[forge-autoname2 conf=medium <- wf] __thiscall int param with -10000/2000 clamping, writes offset 0x378, dirty flag 0x1000 - matches int setter pattern
00c639a0	SetAttribute_Vector3_Alt	[forge-autoname2 conf=medium <- wf] Identical to 00c63750 pattern but different offsets (0x380/0x384/0x388) - drops class prefix without more evidence
00c63b20	SetAttribute_Float_Validated	[forge-autoname2 conf=medium <- wf] __thiscall float with range checks, but lacks evidence of 'Hero' class - rename drops prefix
00c63c80	SetAttribute_Float_Validated	[forge-autoname2 conf=medium <- wf] Similar float setter pattern to 00c63b20 - insufficient evidence for unique numbering or class
00c63d20	SetAttribute_Float_Indexed	[forge-autoname2 conf=medium <- wf] __thiscall float with indexed offset calculation (param_2 + 3) * 0x70 - generic setter without class evidence
00c63db0	SetAttribute_Float_Validated	[forge-autoname2 conf=medium <- wf] Float setter with range validation - overlapping naming with others in the cluster
00c63e50	SetAttribute_Float_Validated	[forge-autoname2 conf=medium <- wf] Float setter pattern - insufficient evidence to differentiate as 'fifth' variant
00c63ef0	SetAttribute_Float_Validated	[forge-autoname2 conf=medium <- wf] Float setter pattern - sixth 'variant' claim not justified by code evidence
00c65a00	HeroStats_UpdateDerivedValues	[forge-autoname2 conf=high <- wf] __fastcall calls CTCHeroStats::AddEventData 16+ times in sequence with event IDs 0-0x16, clear derived value computation pattern
00c677c0	HeroAttribute_SetValueWithValidation	[forge-autoname2 conf=high <- wf] __thiscall calls multiple HeroAttribute_* functions and cascades validation/setting - cascading attribute setter pattern confirmed
00c6bae0	Audio_FilterProcess	[forge-autoname2 conf=medium <- wf] Audio DSP with filter state (param_1[8]), calls FUN_00c6b8c0, ROUND() - processing evident but 'LowPass' unconfirmed
00c6bd00	Audio_ComputeGain	[forge-autoname2 conf=medium <- wf] Calls FUN_00c6bbd0, computes float division ratio, sets fields - 'Distance' component unproven
00c6dea0	Audio_SetOutputVolume	[forge-autoname2 conf=medium <- wf] __thiscall CriticalSection guard, ROUND() for PCM scaling 0x7fff, stereo ushort pointer output - audio volume application pattern clear
00c705b0	Audio_ProcessChannelVolume	[forge-autoname2 conf=medium <- wf] __thiscall audio processing, ROUND(fVar2*multiplier), calls FUN_00c78970 DSP - channel volume application pattern matches
00c70750	Audio_SetChannelOutputMode	[forge-autoname2 conf=medium <- wf] __thiscall CriticalSection, calls FUN_00c705b0 3 times for dual channel with offsets 0x64c/0x650, bool flag setting evident
00c70f80	Audio_ProcessChannelVolume_Alt	[forge-autoname2 conf=medium <- wf] Identical to 00c705b0 but offsets +0x180 (0x294 vs 0x114), calls FUN_00c7ba00 - alternate implementation confirmed
00c71120	Audio_SetChannelOutputMode_Alt	[forge-autoname2 conf=medium <- wf] Identical to 00c70750 but offsets +0x400, calls FUN_00c70f80 - second channel manager confirmed
00c73830	Registry_QueryDWord	[forge-autoname2 conf=high <- wf] __thiscall RegQueryValueExA with HKEY from param_1+4, DWORD buffer validation - Windows registry API wrapper clear
00c74510	Audio_IIRFilterProcess	[forge-autoname2 conf=medium <- wf] Called by DisplayProgress/Animation_InterpolateHelper, implements state update loop (param_3), accumulation pattern matches IIR filter
00c74850	CFilter_Setup	[forge-autoname2 conf=medium <- wf] __thiscall SQRT/fscale/f2xm1 (x87 instructions), computes filter coefficients, writes 0x14 byte range of offsets 4-0x18 - filter setup pattern confirmed
00c77d90	Audio_MixChannels	[forge-autoname2 conf=medium <- wf] Called by ModifyHeroStats, complex multichannel mix (uVar6==2 optimized path), fVar3/fVar2 weights - channel mixing evident
00c78970	Audio_RenderMultichannelData	[forge-autoname2 conf=medium <- wf] Fills 0x40 undefined4s with 0, multiplies shorts by param_4 with ROUNDING, copies 6 channel blocks - multichannel audio rendering pattern clear
00c7ba00	Audio_RenderMultichannelData_Alt	[forge-autoname2 conf=medium <- wf] Identical to 00c78970 but fills 0xa0 (double size, 160 vs 64), processes 6 channel blocks - alternate variant with larger buffer
00c89e80	BankFile_BinarySearch	[forge-autoname2 conf=medium <- wf] __fastcall binary search loop with lVar3/lVar4 bounds, __alldiv for midpoint, recursive call at 00c89e80 - binary search pattern confirmed
00c8a0a0	CreatureHitNotification_Initialize	[forge-autoname2 conf=high <- wf] Called by CreatureHitNotification_StateProcess, calls constructors (CRegionMinimap_CRegionMinimap, CSoundInit, C3DGroup2) - initialization entry pattern confirmed
00c8a7e0	CAInputProcess_Shutdown	[forge-autoname2 conf=high <- wf] __fastcall cleanup called by ~CAInputProcess, calls multiple cleanup functions and free operations - shutdown/destructor pattern confirmed
00c8ae90	CreatureHitNotification_StateProcess	[forge-autoname2 conf=high <- wf] __thiscall state machine loop with GetSampleRecursive, AsyncBankFile_Process, Timecode_UnpackBytes - complex state machine with sample processing
00c8bf90	Audio_ConvolveChannels	[forge-autoname2 conf=medium <- wf] __fastcall 4-sample chunks with fVar1*fVar1 (squared value) blending, convolution-like smoothing operation evident
00c8c1d0	CreatureHitNotification_WaitForCompletion	[forge-autoname2 conf=medium <- wf] Loop calls CreatureHitNotification_StateProcess until iVar1==4 (state value), state polling wrapper pattern confirmed
00c8c200	VertexBuffer_WaitAndAllocate	[forge-autoname2 conf=medium <- wf] Loop calls VertexBuffer_GetRange/CreatureHitNotification_StateProcess until ready - allocation synchronization wrapper
00c8c240	VertexBuffer_FillData	[forge-autoname2 conf=medium <- wf] Calls VertexBuffer_GetRange/CreatureHitNotification_StateProcess/FUN_00c90950, memcpy pattern from param_6 to param_4 arrays - data filling operation
00c8efc0	Bitstream_ReadTableValue	[forge-autoname2 conf=medium <- wf] __fastcall OpenMemorySource/CBitstream::ReadBits twice, table lookup via **(int**)(iVar1+0x20+iVar2*4) - table value retrieval pattern
00c8f060	Math_Log2Ceil	[forge-autoname2 conf=high <- wf] __fastcall bit-shift loop (>>1), counts iterations to compute ceiling log2 of param_1 - ceiling log2 function pattern exactly matches
00c8fea0	AudioFormat_GetChannelMask	[forge-autoname2 conf=medium <- wf] __fastcall reads audio format config at param_1+0x1c, shifts *(int*)(param_1+4) by channel count, field updates - audio format enumeration pattern
00c90930	VertexBuffer_CommitData	[forge-autoname2 conf=medium <- wf] __fastcall increments param_1+0x18 by param_2, validates against param_1+0x14 limit, returns 0xffffff7d on overflow - buffer commit/advance pattern
00c913a0	CBitstream_ReadBitsVariable	[forge-autoname2 conf=medium <- wf] __fastcall variable-length bit reading from byte array param_1[3], up to 5 bytes with (8U - cVar3) shifts, bit mask operations - variable-length bitstream reading
00c91530	CBitstream_AdvanceBitPosition	[forge-autoname2 conf=medium <- wf] __fastcall bit stream position advance: (param_2 + param_1[1] + 7) >> 3 byte advance, modulo 8 bit remainder, byte boundary calculation - bitstream position advance
00c93f60	Audio_MixBlockSamples	[forge-autoname2 conf=medium <- wf] Float array vector operations with clipping (max/min bounds), tight arithmetic loop pattern matches audio mixing
00c954f0	Bit_ReverseBits	[forge-autoname2 conf=high <- wf] Pure bit manipulation with cascading XOR-shifts and 0xff00ff/0xf0f0f0f/0x33333333/0x55555555 bitmasks is definitive bit-reverse
00c9bcd0	FFT_InitializeTwiddles	[forge-autoname2 conf=medium <- wf] Allocates two buffers, computes fcos/fsin with angles scaled by 2π and π/2 using log2, builds twiddle factors characteristic of FFT
00ca1e00	Interpolate_ClampedLinear	[forge-autoname2 conf=medium <- wf] Computes signed difference ratio scaled by (param1 - param3)/(param4 - param3), consistent with linear interpolation
00ca1e50	Clamp_To10BitValue	[forge-autoname2 conf=medium <- wf] Converts float via __ftol2, clamps to 0x3ff (1023=2^10-1), masks to 0 if negative
00ca2280	LinearRegression_CalcSlope	[forge-autoname2 conf=medium <- wf] Accumulates sums in loops, performs linear regression math: iVar10*local_24 - iVar8*dVar4 / denominator matches slope/intercept calculation
00caebb0	Unwind_Cleanup	[forge-autoname2 conf=medium <- wf] Iterates type tags (8, 9, 0xd) invoking virtual destructors, called by Unwind; stack unwinding cleanup pattern confirmed
00cb1f70	ImmContext_Create	[forge-autoname2 conf=high <- wf] Calls CoTaskMemAlloc(0x48), initializes via FUN_00cb1bd0, returns on failure; COM allocation pattern for IME context
00cb2710	ImeUi_ProcessComposition	[forge-autoname2 conf=medium <- wf] Checks DAT_0143cd1c==3, calls lstrlenW, processes IME loop calling SendMessageW—but function name overstates role; should emphasize composition handling
00cb5180	ImeUI_Initialize	[forge-autoname2 conf=high <- wf] Loads imm32.dll, GetProcAddress for ImmLockIMC/UnlockIMC/ImmLockIMCC/UnlockIMCC/ImmDisableTextFrameService, initializes IME context comprehensively
00cb7780	Sound_InitializeHeapWithPriority	[forge-autoname2 conf=medium <- wf] Computes log2 over 0x18-byte elements (pairs), calls make_heap std algorithm for priority queue; not just heap allocation—should reflect priority structure
00cbbda0	Container_MoveAndConstruct	[forge-autoname2 conf=medium <- wf] Calls std::_Move and _Cons_val; copies array pairs with offset 0x18, generic container move-construct semantics confirmed
00cbdef0	Navigation_InitializeHeapWithPriority	[forge-autoname2 conf=medium <- wf] Calculates log2 over 0x10-byte elements, calls make_heap; similar pattern to sound but different element size—should clarify priority
00cbdf70	Sound_InitializeHeapWithPriority	[forge-autoname2 conf=medium <- wf] Computes log2 over 0xc-byte elements, calls make_heap std algorithm; priority queue pattern, element size differs from 00cb7780
00d226e0	CScriptBase_InitializeBodyGuardAbility	[forge-autoname2 conf=high <- wf] Creates CCharString('BodyGuard'), calls thiscall vtable offset 0x120 (constructor), processes particles; ability initialization confirmed
00d34f00	Map_InsertOrUpdatePair	[forge-autoname2 conf=medium <- wf] Calls FUN_00450ccc, FUN_00d34f40 in thiscall; inserts key-value but name lacks what 'insert' does—should clarify upsert/update semantics
00d7aa30	Game_InitializeHeroCharacter	[forge-autoname2 conf=medium <- wf] Calls CFourierAnalysis constructor, creates 'HERO' CCharString, accesses map operator[], calls RunCutsceneMacro_Func; hero character initialization
00da2ca0	Game_InitializeRoseCharacter	[forge-autoname2 conf=medium <- wf] Identical structure to 00d7aa30 but with 'ROSE' CCharString; companion character initialization confirmed
00df9b80	CScriptBase_FilterCombatantsByType	[forge-autoname2 conf=high <- wf] Compares strings 'CREATURE_DEMON_DOOR_FACE_01', 'TC_BanditFollower', 'TC_BanditFighter', iterates vector with pop_back; combat actor filtering confirmed
00f25bb0	Container_CopyConstructElements_0x3c	[forge-autoname2 conf=medium <- wf] Thiscall copy-constructor; iterates 0x3c-byte elements calling CParentDefClassBase constructor; generic but element size matters
00f26fb0	Container_CopyConstructPairs_0x34	[forge-autoname2 conf=medium <- wf] Thiscall copy-constructor; iterates 0x34-byte pair elements calling pair constructor; element size should be in name
00f36f40	TexturePool_FreeSlot	[forge-autoname2 conf=high <- wf] Manages texture array, calls CTexture::Uninitialise, operator_delete, removes from pool and cleans up references
00f3cf50	Mesh_CalcSectionScore	[forge-autoname2 conf=high <- wf] Calculates proximity score checking if iVar6 - iVar12 < 0xf, marks vertices, returns count; mesh section quality metric confirmed
00f3ea50	CTriangleStripifier2::GenerateStrips	[forge-autoname2 conf=high <- wf] Calls BuildRings, BuildCacheOptimizedVertexList, FillInTriStrip, StripUnusedVerts; core triangle strip generation algorithm
00f3f890	CTriangleStripifier2::InsertRingElements	[forge-autoname2 conf=medium <- wf] Thiscall taking ring elements (param_5=count), calls std_vector_copy_range, Vector_Copy; ring insertion but function semantics are generic
0040e130	Vector_FreeElements	[forge-autoname2 conf=high <- wf] Loops over pointers in range, frees each non-null element; generic vector element cleanup confirmed
0040e170	Array_LinearSearchInt	[forge-autoname2 conf=high <- wf] Linear search over 0x10-byte aligned elements; unrolled loop with 4 comparisons per iteration, returns found position or end
00410f30	Buffer_AllocateAndZero	[forge-autoname2 conf=high <- wf] Allocates size bytes, zeros in 4-byte words then remainder; clear buffer initialization confirmed
0042a82b	BinarySearchTree_FindLessOrEqual	[forge-autoname2 conf=high <- wf] BST node traversal comparing uint at offset 0x10, returns node <= target value; BST search confirmed
0042a8bd	MemoryAllocator_CountAllocatedBlocks	[forge-autoname2 conf=high <- wf] Walks linked allocator list calling GetNoAllocatedAreas, counts nodes; allocator block count query confirmed
0042ac0a	DoublyLinkedList_InitializeEmpty	[forge-autoname2 conf=high <- wf] Allocates 0xc bytes, sets head/tail pointers to self (circular doubly-linked list sentinel); empty list pattern confirmed
0042ad91	BinarySearchTree_FindExact	[forge-autoname2 conf=high <- wf] BST traversal comparing uint at offset 0x10 against key; exact match lookup confirmed
0042ae90	BinarySearchTree_FindGreaterOrEqual	[forge-autoname2 conf=high <- wf] BST traversal; mirrors FUN_0042ad91 logic for >= key lookup; tree search confirmed
0042b4f3	BinarySearchTree_FindLessOrEqual_Copy	[forge-autoname2 conf=high <- wf] Identical BST traversal to FUN_0042a82b; redundant <= lookup (template instantiation or duplicate)
0042b5a8	BinarySearchTreeNode_Create	[forge-autoname2 conf=high <- wf] Allocates 0x18 bytes, stores key-value pair at offset 0x10; BST node creation confirmed
0042b5ca	BinarySearchTreeNode_CreateDuplicate	[forge-autoname2 conf=medium <- wf] Identical to FUN_0042b5a8; redundant node creation (template instantiation or overload variant)
0042b5ec	BinarySearchTreeNode_CreateCopy	[forge-autoname2 conf=medium <- wf] Identical to FUN_0042b5a8; another BST node creation variant (likely template instantiation)
0042b98b	BinarySearchTree_InsertAndBalance	[forge-autoname2 conf=high <- wf] Calls FUN_0042b5a8 (node creation), BalanceTree; inserts node, updates root/child pointers, rebalances tree
0042ba99	BinaryTree_InsertNodeLeft	[forge-autoname2 conf=medium <- wf] Tree insertion with left-child link logic, but class association unproven; lower to generic tree operation
0042bba7	BinaryTree_InsertNodeRight	[forge-autoname2 conf=medium <- wf] Tree insertion with right-child link logic, but class association unproven; lower to generic tree operation
0042cb08	BinaryTree_InsertScriptData	[forge-autoname2 conf=medium <- wf] Tree insertion calling NScript::CDanyalTestScriptsData::Alloc, but class assignment unproven; keep role, drop CMemoryAllocatorVariableSize
0042cc03	BinaryTree_InsertCString	[forge-autoname2 conf=medium <- wf] Tree insertion with CCharString comparison, but class assignment unproven; keep role, drop CMemoryAllocatorVariableSize
0042ce7a	CTCCarryable_CopyAssign	[forge-autoname2 conf=high <- wf] Thiscall, calls CTCCarryable::OnKill and CSurface_Clone_Recursive; copy-assignment operator pattern clearly evidenced
0042cee3	CMemoryAllocatorVariableSize_FindOrInsert	[forge-autoname2 conf=high <- wf] Performs binary search then calls FUN_0042cb08 (insert), returns pair-like structure with found/inserted flags
0043019f	LinkedList_Initialize	[forge-autoname2 conf=medium <- wf] Initializes doubly-linked list structure, but connection to CopyBackBufferToTexture context is weak; rename to generic linked list operation
00436a80	Vector_EraseAndMove	[forge-autoname2 conf=medium <- wf] Moves vector elements and updates tail, but 'MoveAndReturnTail' suggests return value; actually updates tail pointer in-place, suggests erase/move semantics
0043f510	FreePointerArray	[forge-autoname2 conf=medium <- wf] Generic loop freeing array of pointers; straightforward implementation
00440e00	Vector_CopyElements	[forge-autoname2 conf=medium <- wf] Copies 8-byte elements backward by offset; name 'MoveElements' is misleading, actual operation is copy not move
004413c0	Vector_Reallocate	[forge-autoname2 conf=medium <- wf] Generic vector reallocation with copy; 'ReserveAndCopy' is too specific without class context, drop to generic operation
00441870	List_DestroyElements	[forge-autoname2 conf=medium <- wf] Generic list element destruction; 'CList' prefix unproven, drop class specificity
00441c20	TreePane_DestructorHelper	[forge-autoname2 conf=medium <- wf] Calls SortTreeRecursively then free, but 'CGuiControlTreePane_DestructorHelper' is too specific; drop to generic pane cleanup
00442610	RenderState_Destructor	[forge-autoname2 conf=high <- wf] Destructor evidenced by vtable set and multiple destructor calls, but 'CEngineRenderState' class association unproven from decompilation alone
00443d70	EventConversation_Destructor	[forge-autoname2 conf=high <- wf] Destructor pattern with list destruction and CFileInstaller::CActiveFile::OnReadFinished call, but class name unproven
00443e20	TextureCache_Destructor	[forge-autoname2 conf=medium <- wf] Destructor for texture/asset cache with multiple CCharString fields, but specific class name unproven
00444ed0	AsyncData_Destructor	[forge-autoname2 conf=high <- wf] Calls CBankFileAsyncData::FreeBuffer, clear destructor pattern, but drop 'CBankFile' prefix to be conservative
00448520	Vector_DestroyRange	[forge-autoname2 conf=medium <- wf] Destroys ref-counted pointers in range, but 'DestroyRangeAndUpdate' is vague; simplify to generic range destruction
00449130	Vector_Reallocate	[forge-autoname2 conf=medium <- wf] Generic vector reallocation; 'ReallocateWithCopy' is descriptive but drop 'CVector' prefix without class evidence
00449220	Heap_BuildFromElements	[forge-autoname2 conf=medium <- wf] Called by make_heap, loops backward calling heap operation; heap construction pattern evident
004494d0	Heap_SiftDown	[forge-autoname2 conf=medium <- wf] Calls swap and move helpers, recursively calls itself; heap sift-down operation evident
0044a1a0	CPlayerManager_AddPlayerOrAI	[forge-autoname2 conf=high <- wf] Calls CPlayerManager::IsPlayer, conditionally creates CAIStateGroup_JackOfBladesBase or CPlayer; player/AI creation evidenced
00450ccc	Buffer_InitializeWithSize	[forge-autoname2 conf=medium <- wf] Initializes 3-pointer buffer structure; name is generic buffer operation without class evidence
00450d90	LinkedList_Initialize	[forge-autoname2 conf=medium <- wf] Allocates 0x20 bytes, initializes self-pointing pointers for circular linked list; initialization pattern clear
00450e3a	Array_Initialize	[forge-autoname2 conf=medium <- wf] Generic array allocation; 'InitializeWithSize' is descriptive but drop class specificity
0045493e	Copy_MemoryStepped	[forge-autoname2 conf=medium <- wf] Standard memory copy advancing destination; straightforward helper function
0045c91d	BinarySearchTree_WriteRangeToStream	[forge-autoname2 conf=high <- wf] Iterates tree nodes via offset +8, writes keys to stream via WriteCBYTE; tree node serialization pattern clear
0045ca8f	BinarySearchTree_InsertNode	[forge-autoname2 conf=high <- wf] Calls FUN_0045c8a1 (allocate), BalanceTree; binary tree insertion with rebalancing evident
004614c0	CTCCarryable_CopyConstructor	[forge-autoname2 conf=high <- wf] Thiscall on CTCCarryable, calls OnKill and Tree_Clone_Recursive; copy-constructor pattern clear
00461bf0	CTCCarryable_AssignmentOperator	[forge-autoname2 conf=high <- wf] Thiscall on CTCCarryable, calls OnKill and Tree_Clone_Recursive; assignment operator pattern clear
004621e9	CTCCarryable_CloneTree	[forge-autoname2 conf=high <- wf] Thiscall on CTCCarryable, calls OnKill and FUN_0046225c (clone); tree clone operation pattern evident
00462cb0	CActiveFile_CopyAssign	[forge-autoname2 conf=high <- wf] Thiscall on CActiveFile, calls OnReadFinished and FUN_00462dc1; copy-assignment pattern with file operations clear
00462f1f	Copy_MemoryRange	[forge-autoname2 conf=medium <- wf] Calls memmove, returns advanced destination; memory copy helper straightforward
004636cf	BinarySearchTree_FindOrInsert	[forge-autoname2 conf=high <- wf] Calls CBasicString<char>::Compare for tree traversal, calls BinaryTree_InsertDigScriptNode; find-or-insert pattern with string keys evident
00463e2e	BinarySearchTree_LowerBound	[forge-autoname2 conf=high <- wf] Calls RBTree::GetMaxNode and FUN_00463eb4, performs binary search returning insertion position; lower_bound semantics clear
0046591d	VectorInsert_CopyRange	[forge-autoname2 conf=high <- wf] thiscall, copies param_3 range to param_2, updates size - clear range copy semantics
00466848	LinkedList_TransferBinaryMetadata	[forge-autoname2 conf=medium <- wf] processes linked list writing metadata, but no concrete CMemoryAllocatorVariableSize class evidence
004676bb	VectorInsert_MoveBack	[forge-autoname2 conf=high <- wf] thiscall, memmove with end pointer update - matches vector insertion pattern
0046780e	Vector_CopyRange	[forge-autoname2 conf=medium <- wf] simple range copy helper, 'CopyRangeShift' is overly verbose
00467831	VectorInsert_ExpandWithFill	[forge-autoname2 conf=high <- wf] malloc, fills with param_3, copies before/after ranges - matches proposed pattern
0046efb8	Vector_CopyElements	[forge-autoname2 conf=medium <- wf] copies 0x50-byte strides but attributed class not evidenced; generic name safer
00470301	CSoundMap_TransferBinary	[forge-autoname2 conf=high <- wf] calls TransferBinaryIn/Out on CSoundMap with CPersistContext thiscall
00470e9e	Quicksort_Recursive	[forge-autoname2 conf=high <- wf] recursive calls to self, partition logic, depth-limited - clear quicksort pattern
00471338	Quicksort_Recursive_8byte	[forge-autoname2 conf=high <- wf] recursive with 8-byte element handling - matches quicksort pattern
004719ce	VectorInsert_CopyAnimations	[forge-autoname2 conf=high <- wf] CAnimationEntry::operator= in loop with 0x14-byte stride
0047297f	RBTree_LowerBound	[forge-autoname2 conf=high <- wf] tree traversal, GetMaxNode call, returns found flag - lower bound semantics
0047367a	CAnimationSet_TransferBinary	[forge-autoname2 conf=high <- wf] calls TransferBinaryIn/Out on CAnimationSet with proper thiscall
0047547d	RBTree_FindNode	[forge-autoname2 conf=high <- wf] tree traversal with Compare calls - node finding semantics
00475861	RBTree_FindNodeOrUpper	[forge-autoname2 conf=high <- wf] tree search with upper bound logic, returns found flag
004758e3	RBTree_InsertOrUpdate	[forge-autoname2 conf=high <- wf] tree insertion with position finding and insert flag setting
00475ed0	VectorMap_Insert_Shuffle	[forge-autoname2 conf=high <- wf] 8-byte pair shuffling with _Fill_n and VectorReallocateDouble
0047b760	RBTree_FindSuccessor	[forge-autoname2 conf=high <- wf] RBTree successor finding via right-most subtree traversal
0047c030	Vector_ExpandWithFill_Complex	[forge-autoname2 conf=medium <- wf] Complex insertion with malloc and _Uninit_copy, but 'Complex' is vague - could be more specific
004856cd	RBTree_FindNode_Iterator	[forge-autoname2 conf=high <- wf] tree search using iterator comparison via _Getcont
00485e5c	RBTree_LowerBound_Iterator	[forge-autoname2 conf=high <- wf] lower bound search in tree using iterator
0048cc60	Vector_ConstructElements_Unrolled	[forge-autoname2 conf=medium <- wf] unrolled loop constructing pairs, but 'UnrollBytes' doesn't capture purpose well
0048d050	VectorInsert_Deque_Iterate	[forge-autoname2 conf=high <- wf] deque iteration across segment boundaries with wrapping
0048d0d0	VectorInsert_ExpandWithFill_32bit	[forge-autoname2 conf=high <- wf] malloc and fill with 32-bit elements (>> 2 shift)
00497460	VectorInsert_CopyWideStringsReverse	[forge-autoname2 conf=high <- wf] reverse loop copying CWideString with operator=
004975e0	VectorInsert_ConstructWideStrings	[forge-autoname2 conf=high <- wf] CWideString construction in loop
00497740	Heapsort_Recursive	[forge-autoname2 conf=high <- wf] recursive heap sort with sift-down operations
004977d0	StdSort_Introsort	[forge-autoname2 conf=medium <- wf] orchestrates quicksort/heapsort fallback (introsort), not just pivot choosing
0049b240	VectorShuffle_Fisher	[forge-autoname2 conf=high <- wf] GFFloatRandom with __ftol2 and element swapping - Fisher-Yates pattern
0049b480	VectorInsert_ExpandCTexture	[forge-autoname2 conf=high <- wf] CTexture construction in loop for vector expansion
004a05c0	CWorld_SaveGameState	[forge-autoname2 conf=high <- wf] thiscall on CWorld, calls SaveGameStateInternal/SaveHeroStateInternal
004abc70	StdSet_InsertNode	[forge-autoname2 conf=high <- wf] malloc, BalanceTree call, inserts node with RB-tree maintenance
004ac030	DList_InitEmpty	[forge-autoname2 conf=high <- wf] malloc, initializes sentinel with self-referential pointers
004ac140	LTextTreeWalkThrough_Destroy	[forge-autoname2 conf=high <- wf] BuildTreeArray, free - tree walker destruction
004ac610	VectorInsert_ExpandWithFill_Ptrs	[forge-autoname2 conf=high <- wf] malloc and pointer element insertion with memmove
004ad220	VectorPush_OrExpand	[forge-autoname2 conf=high <- wf] simple push or call vector_insert_with_elements
004ad4a0	LTextTreeWalkThrough_Destroy	[forge-autoname2 conf=high <- wf] identical to 004ac140 - tree walker destruction
004ae080	LTextTreeWalkThrough_DestroyPtr	[forge-autoname2 conf=high <- wf] destroys dynamically allocated tree walker with operator_delete
004ae2a0	LTextTree_InitSentinel	[forge-autoname2 conf=high <- wf] malloc, VTable initialization, self-referential pointers - sentinel pattern
004ae810	LTextTreeWalkThrough::Destroy	[forge-autoname2 conf=high <- wf] Cleanup pattern: calls BuildTreeArray, free, operator_delete on LTextTreeWalkThrough instance
004b0a30	ListNode_InsertEntry	[forge-autoname2 conf=medium <- wf] Doubly-linked list insertion with malloc/refcount; class name CParticleMorphs inferred from types not code
004b19f0	CQuestManager::PopulateTreePane	[forge-autoname2 conf=high <- wf] Calls SortTreeRecursively, allocates CBoast nodes, populates quest tree; evidence clear
004b2fe0	CQuestManager::AddActivatedQuestName	[forge-autoname2 conf=high <- wf] VectorFind + Reallocate pattern adding CCharString to quest list at offset 0x50
004b7ca0	ListNode_RemoveWithCallback	[forge-autoname2 conf=high <- wf] Standard doubly-linked list removal with callback destructor at param_2[2]
004b92d0	std::list_Insert_Range	[forge-autoname2 conf=high <- wf] Iterates source range copying items with refcount increment, inserts into list
004b9480	std::set_Insert_KeyValue	[forge-autoname2 conf=high <- wf] Insertion-sort with operator< comparison finding insertion point
004bafb0	std::vector_ProcessElements	[forge-autoname2 conf=medium <- wf] Iterates range by 0xc calling comparator; lacks explicit partition swap logic
004bb6b0	std::vector_Swap_And_Deallocate	[forge-autoname2 conf=high <- wf] Moves/swaps vector contents, destroys old, reallocates new
004bb720	std::vector_Push_Back_Realloc	[forge-autoname2 conf=high <- wf] Appends single 12-byte CCharString element with reallocation on capacity
004bb780	std::vector_Push_Back_Realloc	[forge-autoname2 conf=high <- wf] Appends three 12-byte CCharString elements with reallocation on capacity
004bba40	std::introsort_Recursive	[forge-autoname2 conf=high <- wf] Recursive quicksort with depth counter, median-of-3 pivot, partition and recurse
004be490	CTCGraphicAppearance::PrepareForRenderIfNeeded	[forge-autoname2 conf=high <- wf] Thiscall sets rendering flag at offset 0x59, calls SetPrimitive conditionally
004c1c70	RBTree_FindNextNode	[forge-autoname2 conf=high <- wf] Binary tree successor traversal: go right then leftmost
004c29f0	RBTree_FindPreviousNode	[forge-autoname2 conf=high <- wf] Binary tree predecessor traversal with root-marker check
004c2a40	RBTree_FindPreviousNode	[forge-autoname2 conf=high <- wf] Identical to 004c29f0; binary tree predecessor traversal
004c4960	CombatAnimationList_InsertSorted	[forge-autoname2 conf=high <- wf] Binary tree insert by uint key at offset 0x10, calls ListNode_InsertCombatAnimation
004c5040	AbilityDataList_InsertSorted	[forge-autoname2 conf=high <- wf] Binary tree insert by uint key at offset 0x10, calls ListNode_InsertAbilityData
004c59b0	std::introsort_Partition_Quicksort	[forge-autoname2 conf=high <- wf] Recursive introsort partitioning by byte flags at offset +8, +2
004c5aa0	std::introsort_Partition_Quicksort_Inverse	[forge-autoname2 conf=high <- wf] Recursive introsort with inverted byte flag test (~bit)
004c5f10	BulletTimeController_UpdateMinMultiplier	[forge-autoname2 conf=high <- wf] Traverses bullet-time doubly-linked list finding minimum float at offset 0x18
004c63b0	RBTree_FindNextNode	[forge-autoname2 conf=high <- wf] Identical to 004c1c70; binary tree successor traversal
004c6580	RBTree_FindPreviousNode	[forge-autoname2 conf=high <- wf] Identical to 004c29f0/004c2a40; binary tree predecessor traversal
004c6a30	SplineDataList_InsertSorted	[forge-autoname2 conf=high <- wf] Binary tree insert by uint key at offset 0x10, calls ListNode_InsertSplineData
004ccce0	std::vector_Realloc_And_Copy	[forge-autoname2 conf=high <- wf] Vector reallocation handling insertion of 64-bit elements with tail copy
004cd500	std::heapsort_Recursive	[forge-autoname2 conf=high <- wf] Recursive heapsort with depth limit, median-of-3, partition and recurse
004cd5d0	CNavigationPosition_HeapSort	[forge-autoname2 conf=high <- wf] Fastcall sorting CNavigationPosition array via heapsort with depth calculation
004cfcf0	std::vector_InsertionSort_Inner	[forge-autoname2 conf=high <- wf] Insertion sort inner loop shifting elements right, inserting current
004d1250	std::vector_Realloc_And_Copy	[forge-autoname2 conf=high <- wf] Identical to 004ccce0; vector reallocation with element insertion
004d14e0	std::vector_ForEach_Apply_Callback	[forge-autoname2 conf=medium <- wf] Iterates range by +2, copies second element as CCharString, calls callback on first
004d2160	std::introsort_Heapsort_3way_Median	[forge-autoname2 conf=high <- wf] Recursive heapsort selecting median-of-3 floats, partitions recursively
004d2240	std::introsort_Partition_With_Key	[forge-autoname2 conf=high <- wf] Recursive introsort copying float/CCharString pairs, partitioning recursively
004d2330	std::introsort_Heapsort_7element	[forge-autoname2 conf=high <- wf] Recursive heapsort for 7-element (0x1c bytes) structs; median, partition, recurse
004dd80b	std::set_Insert_Sorted	[forge-autoname2 conf=high <- wf] Thiscall insertion into sorted pair<CCharString,CCharString> with operator<
004e4eec	CTCCarryable_Swap	[forge-autoname2 conf=high <- wf] Thiscall swaps CTCCarryable list pointers, calls OnKill, manages head/tail
004e5425	CMemoryAllocatorVariableSize::InsertNode	[forge-autoname2 conf=high <- wf] Red-black tree insertion with node allocation, parent/child link, BalanceTree call
004e5726	CMemoryAllocatorVariableSize::FindOrInsert	[forge-autoname2 conf=high <- wf] BST lookup by int key finding predecessor if key absent, calls insert on match
004e57ac	CMemoryAllocatorVariableSize::InsertNode	[forge-autoname2 conf=high <- wf] Identical to 004e5425; red-black tree insertion with allocation and balance
004e711e	CActiveFile_CopyElements	[forge-autoname2 conf=high <- wf] Thiscall copies 40-byte (0x28) elements between CActiveFile vectors with reallocation
004e78f2	CExpressionSet_Transfer	[forge-autoname2 conf=high <- wf] Thiscall persisting CExpressionSet; checks CRC, transfers binary in/out, calls OnReadFinished
004e823b	Partition_WithMedianOfThree	[forge-autoname2 conf=medium <- wf] Recursive partitioning with _Med3 pivot selection, but no class evidence; generic sort partition function
004e8c1a	VectorReallocateAndMove	[forge-autoname2 conf=medium <- wf] Evidence matches: reallocation, range copy, fill, and optional tail move pattern
004e9442	RBTree::FindInsertPosition	[forge-autoname2 conf=high <- wf] RB-tree binary search loop, calls GetMaxNode and insert function, returns pair with bool flag
004e9ad3	CActiveFile_ReallocateAndCopy	[forge-autoname2 conf=medium <- wf] OnReadFinished call visible but no clear CFileInstaller::CActiveFile class evidence; drop class::method claim
004eabe5	VectorReallocateCopyConstruct	[forge-autoname2 conf=medium <- wf] Element-by-element copy via operator= with 0x30 element size
004eaf33	VectorReallocateCopyConstruct	[forge-autoname2 conf=medium <- wf] Identical function to 004eabe5, same pattern
004ebdb0	VectorReallocateCopyConstruct	[forge-autoname2 conf=medium <- wf] Reallocation with 0x48-byte element copy via operator= and helper
004ebe1a	VectorAppendRange	[forge-autoname2 conf=medium <- wf] Vector append with capacity growth, copies range to end
004ec03f	VectorReallocateCopyConstruct	[forge-autoname2 conf=medium <- wf] Reallocation with 0x44-byte element copy pattern
004ec219	CTCCarryable::CopyAssign	[forge-autoname2 conf=high <- wf] Calls OnKill method and tree copy via FUN_004ec28c; class method pattern clear
004ec4b0	VectorAppendRange	[forge-autoname2 conf=medium <- wf] Vector append with 4-byte element copy
004ecd6b	MemoryAllocator_WriteAreaNodes	[forge-autoname2 conf=medium <- wf] WriteCBYTE loop over allocated areas from GetNoAllocatedAreas
004f94d2	VectorReallocateCopyElements	[forge-autoname2 conf=medium <- wf] Copies 0x10-byte elements via CActiveFile__CopyAssign in loop
004fdab0	CPhysicsFacesSegment::LoadPhysicsData	[forge-autoname2 conf=high <- wf] Calls MemCmp, Reset, CBankFile::ConstructorInitialize; loads physics segment
00509a20	InitializeMapNavigationHeightmap	[forge-autoname2 conf=high <- wf] Large function (3117 bytes) does far more than init; initializes heightmap/collision/passability data for map region
0050dea0	RBTreeIterator_IncrementHelper	[forge-autoname2 conf=medium <- wf] Classic RB-tree successor traversal pattern
0050e0b0	RBTreeIterator_DecrementHelper	[forge-autoname2 conf=medium <- wf] Classic RB-tree predecessor traversal pattern
0050e130	RBTreeIterator_DecrementHelper	[forge-autoname2 conf=medium <- wf] Identical to 0050e0b0; called by std::map::find
0050f850	RBTreeIterator_IncrementHelper	[forge-autoname2 conf=medium <- wf] Identical to 0050dea0; RB-tree successor
00511430	CMemoryAllocatorVariableSize::InsertNode	[forge-autoname2 conf=high <- wf] Calls BalanceTree and malloc; inserts and balances RB-tree node
00511ff0	VectorCopyElements	[forge-autoname2 conf=medium <- wf] Copies elements of 0x10 bytes (4 dwords) from source to destination range
00513420	RBTree::FindPredecessorNode	[forge-autoname2 conf=high <- wf] RB-tree binary search for largest node <= target value
00513880	CMemoryAllocatorVariableSize::InsertNode	[forge-autoname2 conf=high <- wf] Identical to 00511430; RB-tree node insertion with balancing
005157f0	DoublyLinkedList_Initialize	[forge-autoname2 conf=medium <- wf] Allocates 0x14-byte node, creates empty doubly-linked list
00517500	InsertionSortWithComparator	[forge-autoname2 conf=medium <- wf] Insertion sort with custom comparator (CIsHouseLargerThan) and memmove
00517590	DoublyLinkedListNode_CreateAndCopy	[forge-autoname2 conf=medium <- wf] Allocates 0xc-byte list node and copies payload list
00518dc0	CTCActionUseScriptedHook_CheckType	[forge-autoname2 conf=high <- wf] String ref to CTCActionUseScriptedHook, type checking via LowerBound and string compare; rename suggests method not function
00519420	DoublyLinkedList_CreateAndInit	[forge-autoname2 conf=medium <- wf] Allocates 0x10-byte list node and initializes from copy
0051a430	VectorReallocateAndMove	[forge-autoname2 conf=high <- wf] Reallocation with _Move semantics, 0x1c element size, handles move from old buffer
0051aac0	RBTree::FindInsertPositionOrEqual	[forge-autoname2 conf=high <- wf] RB-tree binary search, calls ListNode_InsertWithClone, returns pair with inserted flag
0051b6e0	DoublyLinkedList_Initialize	[forge-autoname2 conf=medium <- wf] Allocates 0x18-byte node (larger variant than 005157f0), creates empty list
0051b720	DoublyLinkedList_DestroyRecursive	[forge-autoname2 conf=medium <- wf] Calls TreeNode_DestroyRecursive and free to destroy list
0051baf0	IntrosortShellsort_Fallback	[forge-autoname2 conf=medium <- wf] Recursive with depth decrement check 0x40, falls back to FUN_0051acf0 insertion sort
0051bba0	VectorReallocateAndCopyMultipleStructures	[forge-autoname2 conf=medium <- wf] Copies param_2 structures of 0x18 bytes with reallocation
0051d0a0	VectorInsertRange	[forge-autoname2 conf=high <- wf] Calls VectorReallocateWithRange with copy/fill semantics for insertion
0051d990	Multiply64Bit	[forge-autoname2 conf=high <- wf] Calls __allmul multiplying 64-bit values
005223f0	LoadGlobalThingBatch	[forge-autoname2 conf=high <- wf] Calls LoadFromFile, ActivateThings, BuildTreeArray; loads global things batch
005239c0	Thing_SavePersistentState	[forge-autoname2 conf=medium <- wf] Thiscall with member offset writes, but caller SaveThingsOnLevelReadyForUnloading doesn't prove CThingDeadCreature class affiliation; too specific without further context.
00527480	BinaryTree_FindSuccessor	[forge-autoname2 conf=high <- wf] Fastcall tree traversal with right subtree search (offset 8), parent links (offset 4/0xc); classic BST successor logic.
00527ac0	BinaryTree_FindPredecessor	[forge-autoname2 conf=high <- wf] Fastcall tree traversal with left subtree search (offset 8), parent links; classic BST predecessor logic.
00527fc0	Tree_CopyElements_CCharString	[forge-autoname2 conf=medium <- wf] Tree traversal copying CCharString objects (offset +0x10), not STL range algorithm; uses binary tree navigation, not array iteration.
00528140	Tree_AssignElements_CCharString	[forge-autoname2 conf=medium <- wf] Same tree traversal as 00527fc0 but calls operator= instead of ctor; tree-based assignment, not STL range.
00529150	CRedBlackTree_Insert_With_Clone	[forge-autoname2 conf=high <- wf] Allocates 0x28 nodes, calls Clone and BalanceTree; red-black tree insertion with cloning visible in call chain.
005292f0	CRedBlackTree_Insert_Compact	[forge-autoname2 conf=high <- wf] Allocates 0x20 (smaller) nodes, calls BalanceTree; compact variant of tree insert confirmed by allocation size.
005294b0	CSplineList_Insert	[forge-autoname2 conf=high <- wf] Calls ListNode_InsertSpline with param comparisons (offsets +0x10, +0x14), manages insertion position; spline node insertion confirmed.
0052a070	LTextBinTree_Assign	[forge-autoname2 conf=high <- wf] Calls LTextBinTree<LTextGroup*>::LTextTreeWalkThrough::BuildTreeArray, manages tree state assignment; textbin tree copy operation.
0052b510	std::__init_range_from_CCharString	[forge-autoname2 conf=medium <- wf] Copies/initializes from CCharString array with malloc, memmove for embedded buffers; range init pattern confirmed.
0052b6a0	CCombatWheel::Insert	[forge-autoname2 conf=high <- wf] Thiscall CCombatWheel, calls ResetRings and manipulates CFeatDef; combat wheel insertion confirmed by context and callees.
0052bb40	std::__init_range_CCharString_reverse	[forge-autoname2 conf=medium <- wf] Iterates param_1..param_2 range, initializes param_3 array with CCharString objects; reverse order init pattern.
0052c300	CSymbolMap::Insert	[forge-autoname2 conf=high <- wf] Thiscall with vector ops (fill, Vector_CopyAssignFrom), manages reallocation; symbol map insertion confirmed by context.
0052e0e0	CRedBlackTree_Insert_Int	[forge-autoname2 conf=high <- wf] Allocates 0x14 nodes with int* payload, calls BalanceTree; integer-keyed tree insert confirmed.
0052e470	Physics_ScaleFloatByGameSpeed	[forge-autoname2 conf=high <- wf] Divides float by DAT_01375cd4, conditionally multiplies by DAT_013b876c; game speed scaling confirmed.
005334a0	CComponent::Constructor	[forge-autoname2 conf=high <- wf] Thiscall CComponent, sets vtable, initializes 0x130+ bytes; component constructor confirmed by callers and structure.
00534df0	CRedBlackTree_Insert_UInt	[forge-autoname2 conf=high <- wf] Allocates 0x14 nodes with uint* payload, calls BalanceTree; uint-keyed tree insert confirmed.
00534eb0	std::__find_in_uint_array	[forge-autoname2 conf=high <- wf] Linear search with 32-byte stride (>>5), unrolled 8x4-byte comparisons; vector element search confirmed.
00534f20	std::__find_in_tree_by_key	[forge-autoname2 conf=medium <- wf] Tree traversal searching key at offset +0x10, breaks on match; tree member find operation.
00535140	List_Sentinel_Init	[forge-autoname2 conf=high <- wf] Allocates 0x10, creates circular doubly-linked sentinel (self-pointers); intrusive list init confirmed.
00535b10	std::vector_insert_CCountedPointer	[forge-autoname2 conf=high <- wf] Vector insert for CCountedPointer<CTexture>, calls _Reallocate, manages refcount; vector element insert confirmed.
00535f5a	std::__find_in_int_array_16	[forge-autoname2 conf=high <- wf] Linear search with 16-byte stride (>>4), unrolled 4x checks, returns pointer match; array search confirmed.
0053c94a	List_Sentinel_Init	[forge-autoname2 conf=high <- wf] Allocates 0x10 circular sentinel list, identical to 00535140; intrusive list initialization.
0053cef6	CActiveFile::Read_CArrayElements	[forge-autoname2 conf=high <- wf] Thiscall CActiveFile, reads/copies CArray<CBodyPartMesh> elements via _Uninit_copy, calls OnReadFinished; file array read confirmed.
00553040	BinaryTree_FindSuccessor	[forge-autoname2 conf=high <- wf] Identical tree successor logic to 00527480; repeat instantiation confirmed.
00553080	BinaryTree_FindSuccessor	[forge-autoname2 conf=high <- wf] Identical tree successor logic to 00527480 and 00553040; repeat instantiation confirmed.
005532f0	BinaryTree_FindPredecessor	[forge-autoname2 conf=high <- wf] Identical tree predecessor logic to 00527ac0; repeat instantiation confirmed.
005537f0	std::set_insert	[forge-autoname2 conf=high <- wf] Thiscall with binary tree navigation (offset +0x10 keys), calls BinaryTree_Insert_With_Position and std_set_insert_uint_via_FUN; ordered set insertion confirmed.
00553ae0	CRedBlackTree_Insert	[forge-autoname2 conf=high <- wf] Thiscall with binary search on offset+0x10 keys, calls RBTree_Insert; red-black tree insertion confirmed.
00554030	CRedBlackTree_FindOrInsert_Lookup	[forge-autoname2 conf=medium <- wf] Binary search on offset+0x10, calls insertion function, returns offset+0x14; tree lookup/insert operation.
00557000	CRedefinerList::Refresh	[forge-autoname2 conf=high <- wf] Thiscall CRedefinerList, calls ClearList, GetAssignedInputsPassive, UpdateVisibleList, UpdateUndefinedWarning; UI refresh confirmed.
00559040	CHoverable_Destructor	[forge-autoname2 conf=high <- wf] Thiscall CHoverable, calls CHoverable::~CHoverable, cleans event lists (offsets 0x68/0x69); destructor wrapper confirmed.
0055aba0	CHoverable_VectorDeleting_Destructor	[forge-autoname2 conf=high <- wf] Fastcall destructor calling CHoverable_destructor, cleans event lists at offsets 0x68 and 0x69; vector dtor confirmed.
0055ce90	LinkedList_CopyElements	[forge-autoname2 conf=medium <- wf] Iterates linked list (follows *param_2), allocates 0xc nodes, inserts into param_1; list copy operation.
0055cf50	LinkedList_Init_Copy	[forge-autoname2 conf=medium <- wf] Allocates sentinel 0xc node, calls FUN_0055ce90 to copy; linked list copy constructor.
00565680	BinaryTree_FindSuccessor	[forge-autoname2 conf=high <- wf] Identical tree successor pattern; repeat instantiation confirmed.
005657c0	std::__init_range_fixed_struct	[forge-autoname2 conf=medium <- wf] Copies param_2 array (0x10-byte stride) to param_1, 4x CCharString + 2x byte per element; fixed struct init confirmed.
00565cd0	BinaryTree_FindSuccessor	[forge-autoname2 conf=high <- wf] Identical tree successor pattern; repeat instantiation confirmed.
00565d50	BinaryTree_FindSuccessor	[forge-autoname2 conf=high <- wf] Identical tree successor pattern; repeat instantiation confirmed.
00566210	BinaryTree_FindPredecessor	[forge-autoname2 conf=high <- wf] Identical tree predecessor pattern; repeat instantiation confirmed.
00567240	DataList_FindEqualNode	[forge-autoname2 conf=medium <- wf] Data comparison via MemCmp confirmed but RBTree context not evident from code logic
00567bb0	RBTree_Insert	[forge-autoname2 conf=medium <- wf] Calls RBTree_Insert, traverses left/right branches; BST insert pattern evident
00568150	Vector_Insert	[forge-autoname2 conf=high <- wf] malloc/memmove/resize pattern confirms vector insert with capacity growth
005685e0	RBTree_Insert	[forge-autoname2 conf=medium <- wf] Duplicate of 00567bb0 pattern; nearly identical implementation
00569690	CTCElectrocutedEffect_InitFromStringRange	[forge-autoname2 conf=high <- wf] Direct calls to CTCElectrocutedEffect::InitFromStringRange and ::InsertStringRange confirm class and method
0056a170	RBTree_Insert	[forge-autoname2 conf=medium <- wf] Third variant of BST insert pattern with RBTree_Insert calls
0056d4f0	CMemoryAllocatorVariableSize_InsertNode	[forge-autoname2 conf=high <- wf] Thiscall on allocator, malloc(0x34), BalanceTree, CBoast constructor confirm class context
0056d5c0	CMemoryAllocatorVariableSize_InsertNode	[forge-autoname2 conf=high <- wf] Variant allocating 0x18 instead of 0x34; same BalanceTree pattern confirms class
0056dce0	Vector_PushBack	[forge-autoname2 conf=high <- wf] Checks capacity, writes element at position 4, increments size; classic push_back
0056deb0	CMemoryAllocatorVariableSize_InsertNode	[forge-autoname2 conf=high <- wf] malloc(0x20), BalanceTree, same insertion pattern as other variants
0056ed74	SetColorRGBA	[forge-autoname2 conf=high <- wf] Writes 4 float RGBA values (1.0f, 0.3f patterns); color assignment confirmed
005794a1	AllocPair_Generic	[forge-autoname2 conf=medium <- wf] malloc(0x18) pair alloc confirmed but name is generic across 6 duplicate implementations
00579958	RBTree_Find	[forge-autoname2 conf=high <- wf] Thiscall, RBTree::GetMaxNode, left/right traversal at offsets 0x8/0xc confirm tree search
0057f906	AllocatorNodes_CountDistance	[forge-autoname2 conf=medium <- wf] Counts nodes via GetNoAllocatedAreas; distance metric works but duplicate of 005b155a/005b1afd
0058034c	Vector_CopyAssign	[forge-autoname2 conf=high <- wf] std::_Copy_impl for CDegradableInfo* confirms vector copy assignment
00580428	AllocPair_Generic	[forge-autoname2 conf=medium <- wf] Identical to 005794a1; duplicate pair allocation
0058044a	Vector_InsertRangeInit	[forge-autoname2 conf=high <- wf] _Uninit_copy, _Fill_n, CHeroMarriageInfo constructor confirm range insert with init
0058056f	Lua_CreateCClosure	[forge-autoname2 conf=medium <- wf] Calls luaV_Cclosure but wrapper name overstates wrapping—just a call-through
00580658	CMemoryAllocator_DestroyRange	[forge-autoname2 conf=high <- wf] GetNoAllocatedAreas loop + OnKill confirm range destruction
00580765	CMemoryAllocatorVariableSize_InsertNode	[forge-autoname2 conf=high <- wf] Alloc and BalanceTree confirm insertion but CCharString type-suffix not directly evident—drop type specificity
0059388f	AllocPair_Generic	[forge-autoname2 conf=medium <- wf] Third duplicate of malloc(0x18) pair allocation
00593924	PriorityQueue_SortedInsert	[forge-autoname2 conf=medium <- wf] CContextSensitivePriorityCompare::operator() and pair assignment confirmed but CContextSensitiveItemDef type-suffix overreaches
00593b1a	ListNode_Create	[forge-autoname2 conf=high <- wf] Allocates node, links prev/next pointers; doubly-linked list creation confirmed
00593bd6	CMemoryAllocatorVariableSize_InsertNode	[forge-autoname2 conf=high <- wf] FUN_0059388f (pair alloc), BalanceTree confirm node insertion variant
00593ce4	CMemoryAllocatorVariableSize_InsertNode	[forge-autoname2 conf=high <- wf] CDateAndTime::operator< and Alloc confirmed but type-suffix overstates evidence—drop CDateAndTime specificity
0059400c	Vector_InsertRangeInit_UInt64	[forge-autoname2 conf=high <- wf] _Uninit_copy, _Fill_n for uint64 (8-byte) confirm range insert with type specificity valid
00594e15	Vector_PushBack_Pair	[forge-autoname2 conf=high <- wf] _Pair_base constructor, resize call confirm push_back for pair type
00594e4d	GameString_ConstructRecursive	[forge-autoname2 conf=medium <- wf] Recursive ConstructString calls and pair construction confirmed but NGameText context not directly evident—generalize
005ae6af	CTCInventoryTrade_UpdateTradeDescriptions	[forge-autoname2 conf=high <- wf] Fastcall on CTCInventoryTrade, ConstructTradeDescription twice, GetBankHandle confirm class and trade UI update purpose
005b155a	AllocatorNodes_CountDistance	[forge-autoname2 conf=medium <- wf] Identical to 0057f906; duplicate distance counting
005b1afd	AllocatorNodes_CountDistance	[forge-autoname2 conf=medium <- wf] Third duplicate of node distance counting
005b1d38	BinarySearchTree_Find	[forge-autoname2 conf=medium <- wf] Binary search via uint compare at 0x10 confirmed but RBTree context not explicit—generalize
005b1da0	BinarySearchTree_Find	[forge-autoname2 conf=medium <- wf] Identical to 005b1d38; duplicate tree search
005b2029	AllocPair_Generic	[forge-autoname2 conf=medium <- wf] Fourth duplicate of malloc(0x18) pair allocation
005b206c	AllocPair_Generic	[forge-autoname2 conf=medium <- wf] Fifth duplicate of malloc(0x18) pair allocation
005b2337	CRegionDialog_InsertSortedByPrice	[forge-autoname2 conf=high <- wf] Thiscall on CRegionDialog, GetTreeHandleFromMapIndex, BalanceTree confirm class, method, and price-sorted shop insert purpose
005b23bf	TreeInsertNode_LeftChild	[forge-autoname2 conf=medium <- wf] Generic tree insertion pattern; no class context evident (thiscall signature without clear class methods)
005b24cd	ScriptDataTreeInsert	[forge-autoname2 conf=medium <- wf] Script data allocation + tree rebalance confirmed; lacks left/right child specificity in code
005b25db	TreeInsertNode_RightChild	[forge-autoname2 conf=medium <- wf] Same tree pattern as 005b23bf; no explicit 'right child' logic visible in control flow
005b2779	BankFile_CompareSort	[forge-autoname2 conf=medium <- wf] Wraps comparison, but name conflates 'key' sorting with general comparison; caller context insufficient
005ba9f9	CMemoryAllocatorVariableSize_CountAllocatedAreas	[forge-autoname2 conf=high <- wf] Clear loop via GetNoAllocatedAreas incrementing counter; semantics unmistakable
005bb220	TreeInsertNode_24Byte	[forge-autoname2 conf=medium <- wf] Tree insertion confirmed; 24-byte node size evident; left-child designation unconfirmed
005bbcbe	ScriptDataTreeInsert_RightBranch	[forge-autoname2 conf=medium <- wf] Script data allocation + tree rebalance confirmed; right-child variant unconfirmed in control flow
005c1f42	CActiveFile_CopyAssign	[forge-autoname2 conf=high <- wf] Copy semantics (_Copy_impl, _Uninit_copy, _Destroy_range, OnReadFinished) clearly evident
005c276c	CActiveFile_ReserveAndInitialize	[forge-autoname2 conf=high <- wf] Allocate, uninit-copy, fill-n, OnReadFinished chain; buffer resizing pattern clear
005c2d32	NInventory_AddCategoryNode	[forge-autoname2 conf=high <- wf] Calls CCategory constructor and helper; inventory category addition unmistakable
005cbe5d	CMemoryAllocatorVariableSize_CountAllocatedAreas	[forge-autoname2 conf=high <- wf] Identical implementation to 005ba9f9; block counter via GetNoAllocatedAreas
005cd6b7	CTCInventoryStats_AggregateCreatureGroupStats	[forge-autoname2 conf=high <- wf] Iterates allocated areas, builds group name string, aggregates value at +0x14; creature group stats clear
005d8218	CMemoryAllocatorVariableSize_CountAllocatedAreas	[forge-autoname2 conf=high <- wf] Third instance of identical block counting logic; GetNoAllocatedAreas iteration
005d83b3	CMemoryAllocatorVariableSize_FindNode	[forge-autoname2 conf=high <- wf] Binary search tree structure, compares offset +0x10; tree node lookup evident
005d84b6	DoublyLinkedList_InitSentinelNode	[forge-autoname2 conf=high <- wf] Self-circular initialization (next=prev=self); intrusive list sentinel pattern unmistakable
005d84f2	CMemoryAllocatorVariableSize_FindNodeLinear	[forge-autoname2 conf=high <- wf] Binary search tree variant; operator[] and operator() callers; tree find confirmed
005d8561	CTCCarryable_RemoveAndDestroy	[forge-autoname2 conf=high <- wf] Calls OnKill, loops GetNoAllocatedAreas; creature removal/deallocation clear
005dcd10	CTCInventoryAbilities_GetRandomAbility	[forge-autoname2 conf=high <- wf] Filters via IsLoaded, randomizes via seeded PRNG; 'loaded animation' is redundant; core function is random ability selection
005e1eb0	VectorSequence_AppendElement	[forge-autoname2 conf=high <- wf] Calls VectorInsertSequence; animation sequence append unmistakable
005e1fc0	std_set_InsertStringKey	[forge-autoname2 conf=high <- wf] Red-black tree string key: malloc node, CCharString init, BalanceTree call; STL set insertion clear
005e20c0	std_CopyStringRange	[forge-autoname2 conf=high <- wf] Loops CCharString constructor on range; string range copy unmistakable
005e2e50	std_HeapInitCopyPairs	[forge-autoname2 conf=high <- wf] Called by make_heap, iterates and processes pair elements; heap pair initialization evident
005e31f0	CTargetPointVector_ReserveAndCopy	[forge-autoname2 conf=high <- wf] malloc array, _Copy_impl, _Uninit_fill_n; target point vector reserve/copy clear
005e3740	std_sort_QuicksortIntrosort	[forge-autoname2 conf=medium <- wf] Recursive dispatcher, _Med3 pivot, recursive call + insertion sort (FUN_005e2eb0); introsort algorithm confirmed
005e37d0	std_sort_IntrosortPartition8Byte	[forge-autoname2 conf=medium <- wf] Partitions 8-byte pair elements (iVar6 * 2 indexing); introsort partition for 8-byte elements confirmed
005e3b50	std_sort_IntrosortPartition20Byte	[forge-autoname2 conf=medium <- wf] Divides by 0x14 (20) for element count; 20-byte element partitioning confirmed but rationale 'pair elements' is misleading
005e8980	RBTree_IteratorSuccessor	[forge-autoname2 conf=high <- wf] Finds rightmost in left subtree, parent navigation; red-black tree iterator next operation unmistakable
005e8c40	RBTree_IteratorPredecessor	[forge-autoname2 conf=high <- wf] Finds leftmost in right subtree, walks parents; red-black tree iterator previous operation unmistakable
005e91c0	RBTree_InsertNode	[forge-autoname2 conf=high <- wf] Calls RBTree_Insert and traversal; red-black tree insertion confirmed
005f66d9	CRandomAppearanceMorph_SetSkeletalMorphValue	[forge-autoname2 conf=high <- wf] CVectorMap::LowerBound, updates offset +4 with morph parameter; skeletal morph value update clear
005f7cd0	std_HeapSiftDownPair	[forge-autoname2 conf=high <- wf] Shifts values upward in heap structure; heap sift-down on pairs confirmed
005f7d15	std_HeapSiftDownPair	[forge-autoname2 conf=high <- wf] Identical to 005f7cd0; duplicate implementation of heap sift-down
005f8648	std_PopHeapRebalance	[forge-autoname2 conf=high <- wf] Called from _Pop_heap, calls _Push_heap; heap rebalancing after removal confirmed
005f86aa	std_PopHeapRebalance	[forge-autoname2 conf=high <- wf] Identical to 005f8648; duplicate heap rebalancing implementation
005f88c8	LinkedList_InsertNodeBefore	[forge-autoname2 conf=high <- wf] Allocates node via FUN_005f807c, links via next/prev; intrusive doubly-linked list insertion clear
005f915d	BinaryTree_InsertNode	[forge-autoname2 conf=medium <- wf] Tree node insertion with BalanceTree, but cannot confirm class membership or 'Left' vs generic insertion without more context
005f926b	BinaryTree_InsertNode_Variant	[forge-autoname2 conf=medium <- wf] Identical structure to 005f915d, variant function, but lacks specific naming evidence
005f9c4f	Vector_PushElement_8byte	[forge-autoname2 conf=medium <- wf] Manages 8-byte elements with callers suggesting map operations, but AbilityMap claim unverified
00612a40	RBTree_GetPredecessor	[forge-autoname2 conf=high <- wf] Clear BST traversal finding rightmost node in left subtree at offset 0xc, matches pattern exactly
00612b80	RBTree_GetPredecessor_Variant	[forge-autoname2 conf=medium <- wf] Identical to 00612a40, alternate instantiation or template specialization
00613eb0	RBTree_GetSuccessor	[forge-autoname2 conf=high <- wf] Red-black tree successor finding leftmost in right subtree, checks null flag, navigates offsets 8/c correctly
00613f70	RBTree_GetSuccessor_Variant	[forge-autoname2 conf=medium <- wf] Identical to 00613eb0, alternate instantiation
00614a10	RBTree_FindByKey	[forge-autoname2 conf=high <- wf] Binary search tree search with key comparison at offset 0x10 against param_2, callers StartRead/ReportCrime confirm usage pattern
00615520	DoublyLinkedList_InitializeHead	[forge-autoname2 conf=medium <- wf] Allocates 0xc bytes with self-pointers creating doubly-linked list head, but 'Set' naming unconfirmed
00616d50	CTCInventoryMap::CUIMiniMapMarker_MoveConstruct	[forge-autoname2 conf=high <- wf] Explicit thiscall with CUIMiniMapMarker references, stride 0x1c, called by resize with proper type casting
00616da0	Vector_Insert_Range_40byte	[forge-autoname2 conf=high <- wf] Element size 0x28 (40 bytes), 10-dword chunks, pointer adjustments match pattern exactly
00616ed0	RBTree_Insert_Int	[forge-autoname2 conf=high <- wf] Calls RBTree_Insert and successor functions, key comparison at offset 0x10 suggests int keys, returns iterator+flag
00617060	RBTree_Insert_Int_Variant	[forge-autoname2 conf=medium <- wf] Identical to 00616ed0 but calls different successor variant
00618200	Vector_Insert_uint	[forge-autoname2 conf=medium <- wf] Vector insert with reallocation, but 'uint' claim not explicitly verifiable from decompilation
00618420	std::vector_insert_40byte	[forge-autoname2 conf=high <- wf] Element size 0x28 verified, malloc/free, copies in 10-dword chunks, matches proposal
00619b40	CMemoryAllocatorVariableSize::InsertLarge	[forge-autoname2 conf=high <- wf] Allocates 0x6c-byte nodes with CRegion copy, calls BalanceTree, binary tree insertion pattern evident
00619c50	Tree_CopyConstruct	[forge-autoname2 conf=high <- wf] Tree construction from another tree, walks left/right subtrees to set min/max, caller ConstructLogbookList
00619d50	RBTree_Insert_Region	[forge-autoname2 conf=high <- wf] Calls FUN_00619b40 (region allocator) and successor function, inserts region-keyed node
00623e90	Array_InsertionSort_TestQuest	[forge-autoname2 conf=medium <- wf] Uses CTestQuestNameCompare in loop pattern resembling insertion sort, but 'std::sort' naming is overreaching
00624240	CMemoryAllocatorVariableSize::InsertSmallData	[forge-autoname2 conf=high <- wf] Allocates 0x18-byte nodes with uint pair at offsets 0x10/0x14, calls BalanceTree, pattern matches
00624620	RBTree_Insert_uint	[forge-autoname2 conf=high <- wf] Binary search tree insertion with uint key comparison, calls allocation and successor functions
00624a30	std::vector_assign_questpair	[forge-autoname2 conf=high <- wf] Assigns vector of 0x1c-byte quest persistence pairs, uses _Move and _Uninit_copy, reallocation logic
00625440	std::introsort_TestQuest	[forge-autoname2 conf=high <- wf] Recursive sort with threshold 0x10, calls partition functions (FUN_00623c80/006251c0), uses CTestQuestNameCompare
0062b7c0	CTCHeroRangedAttacks::OnWeaponSwitch	[forge-autoname2 conf=high <- wf] Thiscall with HasMode check, manages weapon sheathing action, resets ranged mode, method pattern evident
00631220	LTextTreeWalkThrough_operator_assign	[forge-autoname2 conf=high <- wf] Assignment operator with BuildTreeArray, copies tree structure via FUN_00631020, maintains iterator state
006312e0	LTextTreeWalkThrough_operator_assign_Variant	[forge-autoname2 conf=medium <- wf] Identical to 00631220 but calls different helper function
006315e0	std::vector_assign_conversation	[forge-autoname2 conf=high <- wf] Vector assignment for 0x7c-byte conversation elements, uses _Copy_impl and _Uninit_copy
00638ee0	LTextTreeWalkThrough::Erase	[forge-autoname2 conf=high <- wf] Tree range erase with CMemoryAllocatorVariableSize::Erase, caller RemoveGameMap, manages tree bounds
00639170	Vector_Insert_uint_Optimized	[forge-autoname2 conf=medium <- wf] Vector insert with memmove optimization, but 'memmove' suffix speculative without verification of uint element type
00639590	Crime_RemoveEntry	[forge-autoname2 conf=high <- wf] Calls tree erase operations (FUN_00639250/00638c30/00638ee0), callers RemoveCrime/SetTimeAsStopped confirm usage
00642440	Vector_Insert_ENavigatorType	[forge-autoname2 conf=high <- wf] Vector insert for 4-byte ENavigatorType enum, uses fill and memmove, pointer adjustments match
0064dd9a	CTCActionUseScriptedHook::PopulateRegionExits	[forge-autoname2 conf=high <- wf] Massive UI function with GetRegionEntranceDisplayName, GetNameOfRegionConnectingTo, GetRegionEntranceName calls, builds region exit markers
006550e2	LinkedList_Unlink	[forge-autoname2 conf=high <- wf] Doubly-linked list unlink: updates prev/next pointers, frees node, intrusive list pattern evident
0065617d	Lua_CreateCClosure	[forge-autoname2 conf=high <- wf] Direct wrapper calling luaV_Cclosure, Lua FFI helper function, matches proposal exactly
00656202	std::vector_assign_bodypartmesh	[forge-autoname2 conf=high <- wf] Assigns CRandomAppearanceMorph::CBodyPartMesh array, uses _Copy_impl and _Destroy
006562e7	std::vector_insert_animationentry	[forge-autoname2 conf=high <- wf] Vector insert for 8-byte pair<ulong,CAnimationEntry>, calls Std_Vector_Insert_Range_SmartPtr, _Fill_n, _Copy_backward
00656ef2	std::vector::InsertValue	[forge-autoname2 conf=medium <- wf] Thiscall on vector-like container (param_1+4 is begin, param_1+8 is end), calls operator= for pair<C3DVector,CCharString>, reallocates via FUN_00656d5e on capacity exhaustion; evidence matches proposa
0065b6dd	CTCVillage::RemoveThingAndUpdateCameraPoints	[forge-autoname2 conf=high <- wf] Thiscall CTCVillage; calls RemoveThingFromAllTasks; checks six camera point offsets (0x2c, 0x30, 0x28, 0x3c, 0x48, 0x70) sequentially via GetLookDirection comparisons, updating active point; matches p
0065ce56	CTCVillage::IterateCrimesAndRemoveApologisable	[forge-autoname2 conf=medium <- wf] Fastcall CTCVillage; loops over allocated areas at offset 0x64 via GetNoAllocatedAreas (at offset +100 from village base), calls RemoveCrimeIfApologisable on crime handles; evidence supports proposal
0065d9ee	std::linear_search<EWeaponClass>	[forge-autoname2 conf=medium <- wf] Fastcall; searches array of 4-dword elements for match against param_3; returns pointer to match or end; used by _Umove and CVillageDef::Validate; evidence matches
006605a1	Lua_PushClosure	[forge-autoname2 conf=medium <- wf] Thiscall; wraps luaV_Cclosure call; passes closure data with script parameter; direct wrapper pattern matches proposal
00661aa0	CVertexBufferWin32::ComputeDistanceToMorphDummy	[forge-autoname2 conf=high <- wf] Fastcall CVertexBufferWin32; calls GetDummyObject with 'EYE_SET_L' string; computes euclidean distance via SQRT of (x-dx)^2 + (y-dy)^2 + (z-dz)^2; evidence fully supports proposal
00663c40	CThingPhysical::PrepareForRendering	[forge-autoname2 conf=high <- wf] Thiscall CThingPhysical; calls DrawPreparePrimitivesForRendering, GetFadeDistance, checks distance via GFWorld3DDistanceSmallerThan, manages weapon trails and sprite rendering; complex rendering prepa
00665260	CVertexBufferWin32::ComputeAngleBetweenPositions	[forge-autoname2 conf=medium <- wf] Thiscall CVertexBufferWin32; extensive angle arithmetic with fpatan/modulo, computes angle differences and checks against tolerance; proposal overstates 'awareness angle tolerance' - more accurate as 
0066ace0	AI_PlaySoundAtCreatureWithStateGroup	[forge-autoname2 conf=medium <- wf] Thiscall; calls Sound_CreateAttachedEmitter, GetMeshBank; returns EAIStateGroupType; conditional on sound system enabled flag (DAT_013b8394); evidence matches proposal
0066ba80	Sound_InitializeFromTextEntry	[forge-autoname2 conf=medium <- wf] Thiscall; queries text entry, looks up sound bank symbol via FindFirstSymbolWithVal, gets sound index via GetSoundIndexFromSymbol, creates CSoundInit structure, calls FUN_0066b080; evidence supports p
0066bc10	Sound_AppendAbilityNameToDescription	[forge-autoname2 conf=medium <- wf] Thiscall; gets ability def via GetSubDef<CAbilityDef>, appends ability name/description strings to target vector via CCharString operations, manages ref counts; evidence matches proposal
0066eda6	std::vector::InsertValue	[forge-autoname2 conf=medium <- wf] Thiscall on container (param_1+4 begin, param_1+8 end); inserts single 4-byte value via assignment; reallocates on full capacity via FUN_0066ed1d; standard vector insertion
006721c0	std::InsertSorted_Pair	[forge-autoname2 conf=medium <- wf] Fastcall; inserts (float, EConversationAttitude) pair maintaining sorted order via left-shift of larger elements; matches proposal exactly
00672240	std::IntroSort	[forge-autoname2 conf=high <- wf] Fastcall quicksort/introsort on 4-byte ints; partitions array, recursive with depth counter (param_4), falls back to insertion sort (FUN_00672330) at leaf; evidence confirms proposal
00673700	std::copy_range<16byte_element>	[forge-autoname2 conf=medium <- wf] Fastcall; copies element range at 16-byte intervals (4 dwords per iteration); generic container copy operation; evidence matches proposal
00673760	std::copy_range<44byte_element>	[forge-autoname2 conf=medium <- wf] Fastcall; copies element range at 0x2c (44 byte, 11 dword) intervals; relative offset mapping via subtraction; evidence matches proposal
00675340	std::vector_FreePtrVector	[forge-autoname2 conf=medium <- wf] Fastcall; iterates vector of pointers from param_1[0] to param_1[1], frees each non-null entry, then frees vector array itself; standard pattern for vector of pointers
00675530	std::vector_FreeComplexElements	[forge-autoname2 conf=medium <- wf] Fastcall; iterates vector at 0x18-byte intervals (complex struct), frees subobject at +8 within each element, then frees array; evidence matches proposal
0067b0b0	CMemoryAllocatorVariableSize::NodeAllocate	[forge-autoname2 conf=medium <- wf] Malloc 0x18 (24 bytes for tree node); copies parameter pair into offset 0x10-0x14; tree node allocation pattern; evidence supports proposal
0067b0e0	CMemoryAllocatorVariableSize::NodeAllocate	[forge-autoname2 conf=medium <- wf] Identical to 0067b0b0; allocates and initializes tree node
0067b110	CMemoryAllocatorVariableSize::NodeAllocate	[forge-autoname2 conf=medium <- wf] Identical to 0067b0b0; allocates and initializes tree node
0067b320	CMemoryAllocatorVariableSize::InsertNode	[forge-autoname2 conf=high <- wf] Thiscall on tree (param_1 root); allocates node via malloc(0x18), sets parent/child pointers (offsets +4, +8, +0xc), calls BalanceTree to rebalance; evidence fully supports proposal
0067b3e0	CMemoryAllocatorVariableSize::InsertNode	[forge-autoname2 conf=high <- wf] Identical to 0067b320; allocates, rebalances tree node
0067b4a0	CMemoryAllocatorVariableSize::InsertNode	[forge-autoname2 conf=high <- wf] Identical to 0067b320; allocates, rebalances tree node
0067ca70	CDefClassBase::CopyConstructRange	[forge-autoname2 conf=high <- wf] Fastcall; loop copy-constructs count elements from param_3 into param_1; updates vtable (offset 0 via PTR_FUN_01230cbc), copies offsets 0x25, 0x29, 0x36, 0x3c; evidence matches proposal
0067f280	std::IntroSort	[forge-autoname2 conf=high <- wf] Fastcall quicksort on 0x1c (28-byte CDebugSphere) elements; partitions via comparison, recursive with depth counter (param_4), falls back to insertion sort (FUN_0067e9b0) at leaf; evidence confirms pr
00681270	std::IntroSort	[forge-autoname2 conf=high <- wf] Fastcall quicksort on 8-byte (2-dword) elements; partitions array at 8-byte intervals, recursive with depth counter, falls back via FUN_006810e0; evidence confirms proposal
00681a70	CTCHero::ClearMarriageAndRelationshipData	[forge-autoname2 conf=medium <- wf] Fastcall CTCHero; clears marriage list at offset 0x54 (doubly-linked list, relinks+frees), clears 92-entry relationship array at offset 0x1c8 (0x5c loop iterations), freeing all nodes; evidence matche
00683b00	CTCHeroOpinionDeedLog::ApplyPendingDeedLog	[forge-autoname2 conf=medium <- wf] Fastcall; iterates deed log at offset 0x54, allocates deed nodes, relinks doubly-linked list structure, calls GetDeedFromHandle for opinion impact processing; evidence supports proposal
006860c0	DoubleLinkedList_InitializeEmpty	[forge-autoname2 conf=medium <- wf] Fastcall; malloc 0xc (12 bytes), initializes circular doubly-linked list with next/prev pointers self-referential (*(void**)pvVar1 = pvVar1), returns list head; standard empty list initialization
0068fd80	std::vector_InsertRangeAndFill	[forge-autoname2 conf=medium <- wf] Thiscall on vector; allocates new buffer via malloc, copies range [param_2, param_3), fills param_5 copies of param_4, frees old buffer; reallocates if needed; evidence matches proposal
00696680	BinarySearchTree_FindNodeLE	[forge-autoname2 conf=high <- wf] Thiscall; binary search in BST for largest node <= target value (param_3); traverses left/right children at offsets 0xc and 0x8 based on comparison (iVar4 < iVar3); evidence confirms proposal
006969d0	TreeSet_InsertNode	[forge-autoname2 conf=high <- wf] Called by TreeSet_InsertStringKey; allocates 0x1c-byte node, CCharString construction, BalanceTree call—clear tree node insertion pattern
0069a2a0	CGameCameraManager_UpdateMode	[forge-autoname2 conf=high <- wf] Called by ResetCamera/Update methods; calls SetCameraMode multiple times; shows state machine but parameter is CGameCameraManager thiscall—evidence supports Update but not specifically UpdateCameraMod
0069cf90	TreeNode_FindLowerBound	[forge-autoname2 conf=high <- wf] Binary tree traversal using offset 0x10 comparison; exact lower-bound search pattern with left/right child navigation
0069d090	SoundMap_FindByCRC	[forge-autoname2 conf=high <- wf] Computes CCRC::Calc, uses LowerBound on CVectorMap with CRC key lookup—sound mapping by CRC confirmed
0069d520	TreeSet_InsertIntInt	[forge-autoname2 conf=high <- wf] Caller is std::map<int,int>::insert; allocates 0x1c node with int key-value pair at offsets 0x10/0x14; BalanceTree call—pattern identical to string tree insert but for int pairs
0069dbb0	Vector_ResizeAndCopy	[forge-autoname2 conf=high <- wf] malloc, _Uninit_copy, _Destroy pattern—standard vector reallocation with existing element copy
006a23e0	COptimisedPrimitive_RemapMorphs	[forge-autoname2 conf=medium <- wf] Called SetAsCarriedBy; calls RemapGroups and GetDisplayEngine; manipulates CBaseIntelligentPointer entries—evidence shows particle/morph remapping but not specifically 'ParticleMorphs' class claim whi
006a2dc0	Vector_MoveBackElements	[forge-autoname2 conf=high <- wf] Shifts CBaseIntelligentPointer elements backward during vector erase—GetPItem/SetPItem pattern confirms element movement
006a34a0	Heap_PopAndSiftDown	[forge-autoname2 conf=high <- wf] Called _Sort_heap; copies root, calls _Adjust_heap—textbook heap pop with restore
006a3a70	Vector_ReserveAndFill	[forge-autoname2 conf=high <- wf] Allocates capacity, copies existing elements, fills new range with CBaseIntelligentPointer—vector grow with initializer
006a3b90	Heap_BuildHeapFromRange	[forge-autoname2 conf=high <- wf] Called make_heap; iterates and copies CBaseIntelligentPointer pairs—heap construction from range
006a3cd0	Vector_PushBackElement	[forge-autoname2 conf=high <- wf] Checks capacity at offset 0x4 vs 0x8; constructs/reserves—standard vector push_back logic
006a3e00	Heap_SiftDown	[forge-autoname2 conf=high <- wf] Recursive sift-down with comparisons; calls itself recursively—heap sift operation, not specifically 'Sort' which implies a complete sort operation
006ae900	TreeSet_InsertLong5	[forge-autoname2 conf=high <- wf] Allocates 0x24-byte node (5 ints at 0x10-0x20); BalanceTree—tree insert with 5-long payload confirmed
006b1600	Sound_LoadMainThemeSetup	[forge-autoname2 conf=high <- wf] String 'MAIN_SOUND_SETUP'; GetDef<CHeroPostcardGeneratorDef>, memmove sound data—main theme audio initialization
006b1d30	Sound_SetThemeByName	[forge-autoname2 conf=high <- wf] Callers PrepareAtmosBanksForLoadedRegion/UpdateFrame; strings 'SOUND_THEME'/'NIGHT'; GetDef<CSoundThemeDef>, GetIDFromSymbol—sound theme setter by name
006b3880	CEnvironmentThemePriorityStackEntry_TransitionToDefault	[forge-autoname2 conf=high <- wf] Bounds checks on param_2 (0-6 range) and param_3 (0-5 range); calls TransitionToDefaultTheme with theme index—evidence supports class method claim
006b7130	Vector_ResizeWithComplexElements	[forge-autoname2 conf=high <- wf] Allocates capacity; copies CFeatDef pointers; constructs std::vector<CMusicEntry> objects—vector resize with non-trivial type elements, not specifically CMusicEntry which is the element type
006b8f40	Vector_CopyWithRefCount	[forge-autoname2 conf=high <- wf] Shifts elements with refcount increment/decrement management; calls operator_delete—evidence matches but callers show _Copy_impl context, not just generic vector copy
006b91a0	Faction_ExportToString	[forge-autoname2 conf=high <- wf] Strings 'Name' 'NumberOfAllies' 'Ally' 'NumberOfEnemies' 'Enemy' 'EndFaction'; serializes faction structure—faction export/serialize confirmed
006b9460	FactionMap_FindAndCompare	[forge-autoname2 conf=high <- wf] Called IsAllyOf/IsAlliedWithFaction; std::map_FindNode and CBasicString::Compare—faction lookup with string comparison
006baa90	Vector_ResizeAndFillCounted	[forge-autoname2 conf=high <- wf] Allocates capacity, copies range, _Uninit_fill_n with count parameter; refcount management—vector insert/fill with counted copies
006bad60	Heap_BuildHeapPair	[forge-autoname2 conf=medium <- wf] Called make_heap; iterates pairs with refcount increment, calls FUN_006ba7b0—heap element extraction/build but exact role is unclear from limited context
006bb040	Heap_PopRecursive	[forge-autoname2 conf=high <- wf] Recursive with calls to FUN_006ba100 (swap), FUN_006badb0, and itself—heap pop via recursion, not necessarily the full sort
006bc350	MusicEntry_GetData	[forge-autoname2 conf=medium <- wf] Calls FUN_006bcf50, accesses offsets 0x14/0x18, returns CONCAT31—music entry accessor but function payload and exact type not proven
006bcd20	RBTreeNode_FindSuccessor	[forge-autoname2 conf=high <- wf] Binary tree successor with left-child and right-parent navigation—RB tree successor traversal pattern clear
006bcdf0	RBTreeNode_FindPredecessor	[forge-autoname2 conf=high <- wf] Binary tree predecessor with right-child and parent link checks—RB tree predecessor traversal pattern
006bd240	RBTreeSet_InsertString	[forge-autoname2 conf=high <- wf] RBTree_Insert calls; CBasicString operator< comparisons; tree traversal navigation—red-black tree string insertion
006bd900	Music_LoadAndStartTrack	[forge-autoname2 conf=medium <- wf] Called CMusicManager_CopyAssign; LowerBound lookup, PathExists check, sound system invocation—music track loader but evidence doesn't show explicit 'Start' operation
006bdc60	Environment_UpdateMusicForRegion	[forge-autoname2 conf=medium <- wf] Callers UpdateRegionLoad/UpdateFrame; string 'SOUND_THEME'; GetDef, GetCategoryWithIndex, FUN_006bd900—region music update but additional physics/size operations suggest broader scope than just music
006be930	Vector_ShiftElementsWideString	[forge-autoname2 conf=high <- wf] Shifts 6-int elements (CWideString pair format) using operator=—vector element shift for wide string pairs
006bf410	Vector_PushBackMusicEntry	[forge-autoname2 conf=high <- wf] Called RegisterMusic/AddSkeletalMorph; checks capacity, constructs CWideString pair—vector push for music entries (0x18-byte pair)
006bf570	Heap_SortWideStringElements	[forge-autoname2 conf=high <- wf] Recursive heap sort for 0x18-sized elements (CWideString pair); FUN_006bed50 sift—heap sort for music entries
006c32b0	TreeSet_InsertStringKey2	[forge-autoname2 conf=high <- wf] Identical pattern to 006969d0—CCharString construction, 0x1c node allocation, BalanceTree; second instance of string-key tree insertion
006c3410	RBTreeMap_InsertOrFindString	[forge-autoname2 conf=high <- wf] Called PreloadBoneConfigs/GetMorphTarget; RB tree navigation, calls FUN_006c32b0 (insert)—string-keyed tree insertion/find wrapper
006c3ca0	COptimisedPrimitive_RemapAndFilter	[forge-autoname2 conf=medium <- wf] RemapGroups, std::find, Vector_PushBack—group remapping with filtering, but exact scope broader than just particle morphs
006c7830	DeedTree_FindLowerBound	[forge-autoname2 conf=high <- wf] Called GetDeedFromHandle/InformRelevantThingsOfDeed; binary tree search by offset 0x10 comparison—deed tree lookup
006c7fe0	Vector_CopyElements8Byte	[forge-autoname2 conf=high <- wf] Called resize; copies 8-byte pairs in a loop—simple element copy for 8-byte types
006c8020	TreeSet_InsertLong2	[forge-autoname2 conf=high <- wf] Allocates 0x18-byte node (2 ints at 0x10-0x14); BalanceTree—tree insert with 2-long value pair
006c8400	DeedTree_InsertOrFind	[forge-autoname2 conf=high <- wf] Called PostDeed; calls FUN_006c8020 (insert), binary tree traversal—deed tree insertion wrapper
006c8610	VectorLike_Insert_range_fill	[forge-autoname2 conf=medium <- wf] Vector-like insert with fill; signature uses pair/CObjectFamilyEntry not std::vector; generic name appropriate
006cab60	std::vector::_Copy_elements_16byte	[forge-autoname2 conf=medium <- wf] Fastcall copies 4xDWORD chunks; caller std::vector::operator=; matches pattern
006cb0d0	std::vector::_Uninit_copy_arrays	[forge-autoname2 conf=medium <- wf] Allocates/copies CArray elements; malloc and _Uninit_copy callees match
006cb340	std::vector::_Destroy_elements	[forge-autoname2 conf=medium <- wf] Iterates 0x14-byte elements freeing nested pointers and heap
006cb390	Array_Insert_range	[forge-autoname2 conf=medium <- wf] Thiscall array insertion with reallocation; calls malloc/_Destroy; generic rather than std::vector
006cd5a0	std::vector::_Insert_range_fill_4byte	[forge-autoname2 conf=medium <- wf] 4-byte element insertion with fill; malloc/free/memmove; copies prefix/fills/suffix
006d4850	std::vector::_Insert_range_fill_8byte	[forge-autoname2 conf=medium <- wf] 8-byte elements called by resize; _Uninit_copy and fill callees
006da140	BinaryTree_FindNext	[forge-autoname2 conf=medium <- wf] Tree traversal without class context; evidence supports generic tree traversal not method call
006dafa0	CMemoryAllocatorVariableSize::Insert	[forge-autoname2 conf=high <- wf] RED-BLACK tree insert with malloc, BalanceTree; param_1 root, thiscall pattern matches
006db390	CMemoryAllocatorVariableSize::Insert_v2	[forge-autoname2 conf=high <- wf] Identical to 006dafa0; duplicate confirmed
006dc450	CHeroExperienceDef::WriteToStream	[forge-autoname2 conf=high <- wf] Fastcall caller Transfer; WriteCBYTE and BuildTreeArray; serializes experience data
006dcb20	CUIBinaryTree::Insert	[forge-autoname2 conf=high <- wf] Thiscall RED-BLACK tree insert; BalanceTree and CopyConstructor callees
006dcbf0	CBinaryTree_Alt::Insert	[forge-autoname2 conf=high <- wf] Thiscall RED-BLACK tree insert; BalanceTree and CopyConstructor callees
006dd1c0	CHeroExperienceDef::ReadFromStream	[forge-autoname2 conf=high <- wf] Fastcall caller Transfer; ReadWithSrcChunkOverflow and TransferBinaryIn callees; deserializes
006e1c10	std::vector::_Copy_elements_16byte_v2	[forge-autoname2 conf=medium <- wf] Fastcall copies 4xDWORD chunks; identical to 006cab60
006e2a50	CAnimateThing::SetUpAnimation	[forge-autoname2 conf=medium <- wf] Fastcall on CAnimateThing; GetMeshBank, FindFirstSymbolWithVal, GetSoundIndexFromSymbol callees
006e55d0	CAnimateThing::GetAttachedItem	[forge-autoname2 conf=medium <- wf] Fastcall GetPItem caller; retrieves item from indices at +0x20/+0x14
006e5790	CConversation::AddPersonToConversation	[forge-autoname2 conf=high <- wf] Thiscall conversation management; Vector_PushBack_IntelligentPointer and SetPItem callees
006e67a0	CBaseIntelligentPointer::Find	[forge-autoname2 conf=high <- wf] Fastcall binary search on 32-byte elements; GetPItem comparisons
006e6a30	std::vector::CopyFrom	[forge-autoname2 conf=medium <- wf] Thiscall vector copy; malloc and _Uninit_copy callees
006e6ea0	CResourceMap::Insert	[forge-autoname2 conf=high <- wf] Thiscall RED-BLACK tree insert; pair<long,CMusicManager::CRegisteredMusicEntry> nodes
006e7f00	Math_DotProductNormalized	[forge-autoname2 conf=high <- wf] Float math computing normalized dot product; SQRT normalization and division pattern
006ec7d0	CDefendingCombatantInfo::RemoveCombatType	[forge-autoname2 conf=high <- wf] Thiscall on combatant list; CCombatRing constructor; frees CBaseIntelligentPointer
006f04c0	CBinaryTree_Alt::Rebalance	[forge-autoname2 conf=medium <- wf] Fastcall RED-BLACK tree rebalancing; CThingMarker comparisons; swaps nodes
006f1280	CThingCompareMap::Insert	[forge-autoname2 conf=high <- wf] Thiscall RED-BLACK tree insert; 0x20-byte nodes; BalanceTree callee
006f1360	CCharStringMap::FindPosition	[forge-autoname2 conf=high <- wf] Thiscall RED-BLACK tree search; operator< comparisons; finds insertion position
006f2110	CCharStringMap::Insert	[forge-autoname2 conf=high <- wf] Thiscall RED-BLACK tree insert; CCharString constructor and operator< callees
006f2200	CUIntPairMap::Insert	[forge-autoname2 conf=high <- wf] Thiscall RED-BLACK tree insert; 0x8-byte uint pair nodes
006f2c00	CAttackerPositionEvaluator::EvaluateAttacker	[forge-autoname2 conf=high <- wf] Thiscall combat math; GetCombatTypeDef, GetFacingVector, dot product callees
006f3a30	CBinaryTree_Alt::Rebuild	[forge-autoname2 conf=high <- wf] Thiscall RED-BLACK tree rebuild; complex node swap and rebalancing
006f3f00	std::vector::_Insert_range_fill_28byte	[forge-autoname2 conf=medium <- wf] Thiscall vector 0x1c-byte elements; malloc and _Copy_impl callees
006f42e0	std::vector::_Insert_range_fill_8byte_v2	[forge-autoname2 conf=medium <- wf] Thiscall vector 8-byte pair elements; _Uninit_copy/_Uninit_fill_n callees
006f4d00	CCombatantMap::Insert	[forge-autoname2 conf=high <- wf] Thiscall RED-BLACK tree insert; 0x88-byte CCombatantInfo nodes
006f4f30	CCombatantMap::InsertOrFind	[forge-autoname2 conf=high <- wf] Thiscall map search+insert; calls Insert (006f4d00)
006f50b0	BinaryTree_Erase_helper	[forge-autoname2 conf=medium <- wf] Tree deletion wrapper; generic function not confirmed to belong to specific class
006f5320	CScriptObjectMap::Insert	[forge-autoname2 conf=high <- wf] Thiscall RED-BLACK tree insert; 0x1c-byte nodes with counted pointer
006f8ea0	std::vector::Find_ByMask	[forge-autoname2 conf=medium <- wf] Fastcall binary search on 8-byte elements with 0x3fffffff mask
006fb960	CSmallVector::Erase	[forge-autoname2 conf=high <- wf] Thiscall small vector erase; param_1[-3] size check; Copy callee
006fc6a0	Vector_Reallocate_WithElements	[forge-autoname2 conf=medium <- wf] Generic vector realloc with 12-byte elements; 'WithInsert' overstates the insertion role—no clear class context
006fcb30	AnimEvent_DeleteAll	[forge-autoname2 conf=high <- wf] Explicit Copy/destructor on CSmallVector<NAnimationEvents::CEvent>; caller make_heap confirms animation event context
006fcd90	AnimEventVector_PushBack	[forge-autoname2 conf=high <- wf] Thiscall, capacity checks at +4/+8, calls vector realloc, copies CSmallVector<CEvent>
00702810	CViewBase_FindParticleMorph	[forge-autoname2 conf=high <- wf] Thiscall GetDisplayEngine, CVectorMap::LowerBound on particle morph; ActivateFeatCard/QuestCard callers confirm quest/card context
00706b50	FilterAbilityClasses_ByFlags	[forge-autoname2 conf=medium <- wf] Filters CAbilityDef by flags, builds list; thiscall signature lacks CDefinitionManager::this evidence, first param is allocator suggesting utility function
00708e40	Vector_Reallocate_Pair	[forge-autoname2 conf=medium <- wf] 8-byte pair elements; 'AppearanceModifier' is caller context, not class proof
00709840	Vector_Reallocate_CNavigationPosition	[forge-autoname2 conf=high <- wf] 12-byte CNavigationPosition elements, _Copy_impl/_Fill_n/_Destroy pattern, UpdateGraphics caller
007099e0	Vector_DestroyAll	[forge-autoname2 conf=high <- wf] 20-byte elements with ptr+8 free pattern; clear destructor pattern
00709d60	Vector_Reallocate_CMusicSetEntry	[forge-autoname2 conf=high <- wf] 24-byte CMusicSetEntry, calls CExpressionSet::Add; clear type evidence
0070aa50	Vector_Copy_BodyPartMesh	[forge-autoname2 conf=high <- wf] Nested vector copy for CArray<CRandomAppearanceMorph::CBodyPartMesh>
0070aea0	BinaryTree_Node_Insert	[forge-autoname2 conf=high <- wf] Allocates 0x28-byte node, BalanceTree call, left/right child manipulation; clear BST insertion
0070b240	Vector_Reallocate_RandomAppearance	[forge-autoname2 conf=medium <- wf] 20-byte elements, calls destroy/copy/fill on morph array
007103c0	RotateBuffer_GCD	[forge-autoname2 conf=high <- wf] GCD algorithm for buffer rotation via element movement
007107d0	InPlaceMerge_AnimSets	[forge-autoname2 conf=high <- wf] Calls std::_Merge with CAnimSet iterator and CAnimSetItPriorityLessThan comparator
00710980	Vector_Reallocate_uint16	[forge-autoname2 conf=medium <- wf] 2-byte uint16 elements, memmove for bulk copy
00710f70	Vector_Reallocate_PairInt	[forge-autoname2 conf=medium <- wf] 8-byte pair elements, realloc pattern
00711230	AdaptiveSortMerge_AnimSet	[forge-autoname2 conf=high <- wf] Uses lower_bound/upper_bound on CAnimSet with CAnimSetItPriorityLessThan; adaptive merge algorithm
00711340	StableSortMerge_AnimSet	[forge-autoname2 conf=high <- wf] Recursive merge-sort on CAnimSet lists with lower/upper_bound and _Merge
007116b0	CAnimSet_InsertionSort	[forge-autoname2 conf=high <- wf] Fixed insertion sort passes (7, 14, 28...) with FUN_007114c0 and FUN_007107d0
00711a50	Vector_Reallocate_CountedPointer	[forge-autoname2 conf=high <- wf] 4-byte CCountedPointer<CActiveEntityScriptBase>, increments refcounts
0071de20	Tattoo_ApplyChanges	[forge-autoname2 conf=high <- wf] Thiscall, moves CMeleeCombatAbilityDef array, ApplyTattooCard/CheckAppearanceChanges callers
0071f250	RBTree_NextNode	[forge-autoname2 conf=medium <- wf] Red-black tree traversal by left/right child pointers; finds in-order successor/predecessor
0071f290	RBTree_NextNode_StringKey	[forge-autoname2 conf=medium <- wf] RB-tree traversal with string key null checks and parent link traversal
0071f5e0	RBTree_Insert_ShiftUp	[forge-autoname2 conf=medium <- wf] Shifts 6-int (24-byte) elements to maintain BST order; called by _Destroy/CDateAndTime
007204b0	StringMap_Find_OrInsert	[forge-autoname2 conf=high <- wf] Red-black tree search/insert for CBasicString<char> keys with operator<; returns node and insertion flag
00721c10	TextureMorph_QuickSort	[forge-autoname2 conf=high <- wf] Quicksort on 12-byte texture morph elements with pivot/partition/swap
00721e20	MorphData_TimSort	[forge-autoname2 conf=high <- wf] Stable sorting 6-int morph elements with recursive timsort (insertion+merge phases)
00721f70	Tattoo_CopyToVector	[forge-autoname2 conf=high <- wf] Copies to tattoo vector, reallocates if full, increments CCountedPointer refcounts
007334f0	CTCCombat_ResetState	[forge-autoname2 conf=high <- wf] Fastcall CTCCombat init, zeroes flags/timers, traverses RB-tree ability tree setting to -1
00733620	CTCCombat_FindBlockAbility	[forge-autoname2 conf=high <- wf] Thiscall searches RB-tree for ability matching param_3 ID; GetBlockAbilityIterator caller
00734340	CTCCombat_FindBlockAbilityPrioritized	[forge-autoname2 conf=high <- wf] Thiscall searches RB-tree for type==1 block ability matching ID; IsToBlock caller
00737880	BinarySearch_IntelligentPointer	[forge-autoname2 conf=high <- wf] Binary-search CBaseIntelligentPointer array via GetPItem; ContainerFindElement/IsToBlock callers
00737d50	CopyIntelligentPointers	[forge-autoname2 conf=medium <- wf] Copies CBaseIntelligentPointer array via GetPItem/SetPItem; CTCInterface_ProcessQueuedCalls caller
00739550	Vector_Reallocate_IntelligentPointer	[forge-autoname2 conf=high <- wf] 8-byte CBaseIntelligentPointer items; vector push_back and GetAllThingsInRoughArea callers
0073fce0	CTCCreatureNavigation_InitCarryingGoods	[forge-autoname2 conf=high <- wf] Thiscall CTCCreatureNavigation ctor variant, string 'CARRYING_GOODS', CRC hash initialization
00740040	CModeSitBase_InitSitBench	[forge-autoname2 conf=high <- wf] Thiscall CModeSitBase ctor variant, string 'SIT_BENCH', CRC hash initialization
007421c0	ModeList_PushBack	[forge-autoname2 conf=medium <- wf] Allocates and links node into doubly-linked list, increments refcount; AddMode caller
00743ec0	Sort_IntrosortPhase	[forge-autoname2 conf=high <- wf] Recursive sort with 0x80 threshold, calls partition and insertion sort; introsort control flow
00749170	Vector_InsertSorted	[forge-autoname2 conf=high <- wf] Iterator-based insertion with comparison operator and memmove for maintaining sorted order
007496b0	Sort_IntrosortPhase_Compact	[forge-autoname2 conf=high <- wf] Same recursive introsort pattern as 00743ec0 but with 0xc element size
0074ac80	CTCShop_AddShopper	[forge-autoname2 conf=high <- wf] Thiscall with CBaseIntelligentPointer, called by FrameUpdate and CreatureGeneratorAddTriggerer (shop context confirmed)
0074d3e0	CVectorDeleter_DeleteRange	[forge-autoname2 conf=high <- wf] Iterates through function pointers at 8-byte offsets calling each as destructor; typical vector cleanup
0074da40	CVector_PushBack_OrGrow	[forge-autoname2 conf=high <- wf] Checks capacity and grows if needed; classic vector push_back pattern
0074fae0	CVector_PushBack_OrGrow	[forge-autoname2 conf=high <- wf] Same vector push_back pattern with capacity check and grow on overflow
00755bf0	BinaryTree_DeleteNode	[forge-autoname2 conf=high <- wf] 'Phase1' suffix unsupported; core deletion logic clear but no evidence of phased operation
00759660	Sort_HeapsortPhase	[forge-autoname2 conf=medium <- wf] 'DBG' suffix lacks evidence; heapsort pattern with 0x2c element size and recursive calls confirmed
007656d0	Vector_Reserve_AndCopy	[forge-autoname2 conf=high <- wf] Allocates buffer, copies with _Uninit_copy, deallocates old; standard vector reallocation
00766920	CParticleMorphs_InitFromDef	[forge-autoname2 conf=high <- wf] Thiscall iterating allocator entries; GetDefGlobalIndexFromName and InsertMultipleAndGrow calls confirm particle morph initialization
00768210	CTCObjectAugmentations_InitAbilitySlot	[forge-autoname2 conf=high <- wf] Thiscall CTCObjectAugmentations; LowerBound search for augmentation type; AttachAugmentationParticles calls
00768c30	BinaryTree_GetNextInorder	[forge-autoname2 conf=high <- wf] Tree traversal with inorder successor logic using offsets 0xc, 0x8, 0x4
007690d0	BinaryTree_DeleteNode	[forge-autoname2 conf=high <- wf] Binary tree node deletion with tree structure offset access
00769420	Vector_InsertBefore_MoveRange	[forge-autoname2 conf=high <- wf] Shifts elements backward in loop; element size 0x10 (4 uints)
00769d00	Vector_InsertBefore_MoveRange_Init	[forge-autoname2 conf=high <- wf] Similar shift operation but calls CBase constructor for initialization
0076a1e0	RBTree_InsertNode	[forge-autoname2 conf=high <- wf] Thiscall RBTree; binary search via offset 0x10 for key; calls RBTree_Insert
0076aff0	RBTree_FindAndInsert	[forge-autoname2 conf=high <- wf] Binary tree search with key at offset 0x10; constructs pair with CCharString
0076b1e0	Vector_Assign_ReserveCapacity	[forge-autoname2 conf=high <- wf] Thiscall vector assignment; malloc, _Copy_backward, ResetRings pattern matches operator=
0076b320	Vector_Assign_WithGrow	[forge-autoname2 conf=high <- wf] Vector move-based assignment with malloc/free reallocation; _Move_backward
0076be30	Sort_IntrosortPhase_4UintElem	[forge-autoname2 conf=high <- wf] Element size 0x10; recursive introsort with partition and insertion sort
0076c080	Sort_IntrosortPhase_Sorted_4Uint	[forge-autoname2 conf=high <- wf] Similar introsort with 0xfffffff0 mask comparison; sorted variant pattern
0076c470	Vector_Assign_Uninitialized	[forge-autoname2 conf=high <- wf] Allocates space; loops with vector constructors; _Uninit_copy for uninitialized portion
0076fe10	WeaponTrail_Callback	[forge-autoname2 conf=high <- wf] Thiscall wrapper; minimal logic simply calling WeaponTrail_CreateNode
00770bb0	Vector_Assign_Uninitialized_uint6Array	[forge-autoname2 conf=high <- wf] Similar uninitialized vector assign pattern with std::vector<uint[6]>
00774610	CTCShop_RebuildCacheMap	[forge-autoname2 conf=high <- wf] Thiscall; tree operations via BuildTreeArray and FUN_00778100; shop context from callers
007748e0	CTCGraphicAppearance_InitGoodsPlaces	[forge-autoname2 conf=high <- wf] String literal 'GoodsPlace' present; calls GetDummyObject and OnInitLeaf
00775350	CTCShop_OnInitialActivate	[forge-autoname2 conf=high <- wf] Large shop initialization function; rand/GFFloatRandom, FindDefaultStockItem, price/item setup
007768c0	BinaryTree_GetNextInorder	[forge-autoname2 conf=high <- wf] _v2 suffix invalid; code identical to 00768c30; single logical function
00776c60	BinaryTree_DeleteNode	[forge-autoname2 conf=high <- wf] _v2 suffix invalid; code identical to 007690d0; single logical function
00777080	Vector_RandomShuffle	[forge-autoname2 conf=high <- wf] Fastcall with rand() and element swaps; Fisher-Yates shuffle pattern
00777120	RBTree_LowerBound	[forge-autoname2 conf=high <- wf] Thiscall RBTree; binary search via key offset 0x10; returns found position
007775b0	LTextTree_EraseNode	[forge-autoname2 conf=high <- wf] Thiscall LTextTreeWalkThrough; BuildTreeArray and CMemoryAllocatorVariableSize::Erase calls
00777860	RBTree_InsertNode	[forge-autoname2 conf=high <- wf] _v2 suffix invalid; code identical to 0076a1e0; single logical function
00778490	Sort_IntrosortPhase_IntElem	[forge-autoname2 conf=high <- wf] Element size 0x4; recursive introsort with partition and final sort
0077b700	Vector_CopyConstruct_CBodyPartMesh	[forge-autoname2 conf=high <- wf] Fastcall looping copy CArray structures; _Uninit_copy for tail portion
0077e6a0	SortedMap_InsertOrdered	[forge-autoname2 conf=high <- wf] Thiscall; CCharString comparisons; backward shifts maintain sorted order
0077ef30	Vector_Assign_TargetPoint	[forge-autoname2 conf=high <- wf] Thiscall; malloc allocates; _Copy_impl copies TargetPoints; GFExplicitNew constructs
0077f370	Sort_QuicksortPhase_CCharString	[forge-autoname2 conf=medium <- wf] Element size 0x10 (pair); _Med3 pivot selection; threshold 0x100 indicates hybrid sort (introsort likely), keeping proposed name as evidence supports it
007808b0	CTCAvoidRegion_Initialize	[forge-autoname2 conf=high <- wf] Fastcall; GetAllDummyObjectNames, CFirePoint construction, Map_InsertStringKeyNode, StdMap_FindLE; avoid region setup confirmed
00783f00	CCreatureAction_ScorpionChargeInto::InsertIntoTree	[forge-autoname2 conf=high <- wf] Thiscall CCreatureAction_ScorpionChargeInto; calls Clone, BalanceTree; classic BST node insertion with vtable rebalancing
00786020	StdVector_InsertWithAlloc	[forge-autoname2 conf=medium <- wf] Vector insert logic but not a raw insert—calls vector_insert_with_alloc and handles complex allocation; renaming to reflect allocation wrapper
00787380	StdVector_ReallocateWithCopy	[forge-autoname2 conf=medium <- wf] malloc+free+copy pattern but allocates *new* storage then copies old; more accurately a reallocate-and-copy helper than allocate-and-copy
0078915c	StdVector_PushBack	[forge-autoname2 conf=medium <- wf] Checks capacity at +4/+8, calls Vector_Assign on growth else appends at +4; standard push_back semantics
00789515	StdVector_PushBack	[forge-autoname2 conf=medium <- wf] Similar capacity check, pushes CComboMultiplierData (+0xc size), realloc on full; push_back pattern
0078e650	RBTree_NextInorder	[forge-autoname2 conf=medium <- wf] Traverses right subtree if present, else walks up parent chain; classic inorder successor logic
00792460	RBTree_FindClosestLE	[forge-autoname2 conf=medium <- wf] Binary search on key at +0x10, returns greatest <=; called by FrameUpdate with uint param; lower-bound semantics
007926c0	RBTree_AllocateNode	[forge-autoname2 conf=medium <- wf] malloc(0xc), circular self-links at +4/+0; sentinel/trivial node creation
00792a70	RBTree_LowerBound	[forge-autoname2 conf=high <- wf] Thiscall; searches tree by comparing *(uint*)(+0x10), calls RBTree_Insert; lower_bound semantics confirmed
007935d0	StdVector_PushBack	[forge-autoname2 conf=medium <- wf] Capacity check, stores CBaseIntelligentPointer (+0x14 size) or calls growth; push_back pattern
00793bb0	RBTree_NextInorder	[forge-autoname2 conf=medium <- wf] Identical inorder successor logic; same pattern as 0078e650
007978c0	RBTree_FindClosestLE	[forge-autoname2 conf=medium <- wf] Same binary search pattern for greatest <=; duplicate logic
00797d70	RBTree_LowerBound	[forge-autoname2 conf=high <- wf] Thiscall; tree search with key comparison at +0x10, calls RBTree_Insert; lower_bound semantics
00798410	StdVector_PushBack	[forge-autoname2 conf=medium <- wf] Capacity check, CBaseIntelligentPointer element (+0x14), realloc on full; push_back pattern
0079aa90	CTCSummonSpell_GetValidSummonPos	[forge-autoname2 conf=high <- wf] Thiscall CTCSummonSpell; DoSizeof yields 3D position, iterative spiral search with IsValidTeleportPos validation
0079d2d0	ETCInterface_OnUpdate	[forge-autoname2 conf=medium <- wf] Fastcall clears flags at +0x54, calls LowerBound/CAnimation_RecalculateScale; UI update handler but should not claim exact class method without vtable evidence
0079eaa0	CThing_OnDestroy	[forge-autoname2 conf=medium <- wf] Fastcall clears mesh effects, calls SetToKillOnLevelUnload; destruction callback but fastcall suggests helper not class method
0079f150	RBTree_InsertNode	[forge-autoname2 conf=medium <- wf] malloc(0x14) nodes, checks param_4==*param_1, links into tree, calls BalanceTree; BST node insertion
0079f210	RBTree_FindClosestLE	[forge-autoname2 conf=medium <- wf] Binary search tree traversal for greatest <=; same pattern as other FindClosestLE instances
007a0490	CThing_OnLevelUnload	[forge-autoname2 conf=medium <- wf] Fastcall clears +0x98, calls SetToKillOnLevelUnload; level cleanup but fastcall suggests helper, not class method
007a3ac0	HeapSift_Down	[forge-autoname2 conf=medium <- wf] Fastcall compares via CThingCompare_Nearest::operator<, calls memmove; heap sift-down operation
007a4140	QuickSort_Partition	[forge-autoname2 conf=medium <- wf] Recursively calls self, calls partition helpers and insertion sort; quicksort implementation
007a4260	MakeHeap_AndSort	[forge-autoname2 conf=medium <- wf] Calculates log2(size)*2, calls make_heap then quicksort; heapsort wrapper
007aa4d0	CTCInventory_OnDeactivate	[forge-autoname2 conf=medium <- wf] Fastcall CViewBase; animation/button handling and object killing; deactivation handler but fastcall usage suggests helper, not class method
007aa880	CTCVillage_FindValidTeleportPos	[forge-autoname2 conf=high <- wf] Thiscall allocator; uses IsPosPassable, GetPBestThingInRoughArea, SortTree; finds valid teleport destination
007ac720	RBTree_PrevInorder	[forge-autoname2 conf=medium <- wf] Walks left child/parent; tree predecessor (inorder predecessor) operation
007ac920	RBTree_NextInorder	[forge-autoname2 conf=medium <- wf] Identical successor logic; rebalance helper in tree context
007ac970	RBTree_NextInorder	[forge-autoname2 conf=medium <- wf] Duplicate successor logic; same pattern
007add50	LTextTreeWalkThrough_Destructor	[forge-autoname2 conf=high <- wf] Thiscall LTextTreeWalkThrough; calls BuildTreeArray, free; tree cleanup destructor
007ae2d0	RBTree_LowerBound	[forge-autoname2 conf=high <- wf] Thiscall; compares CBasicString<char> keys via operator<; RBTree find/insert with string key ordering
007b2e20	CTCVillage_ProcessDeedReports	[forge-autoname2 conf=high <- wf] Fastcall CTCVillage; iterates deeds, calls ReportCrime, KnowsOfDeed, InformOfDeed, RecalculateSecuritySweep; deed processing
007b3b50	Buffer_FreeAll	[forge-autoname2 conf=medium <- wf] Loop over array calling free on each pointer; cleanup loop for buffer array
007b48e0	StdVector_MoveElements	[forge-autoname2 conf=medium <- wf] Thiscall; copies 8-byte pairs backwards; vector element relocation/shift
007b4e00	StdVector_RawInsert	[forge-autoname2 conf=medium <- wf] Identical to 00786020; vector insert with allocation and copying
007b4f70	StdVector_PushBack	[forge-autoname2 conf=medium <- wf] Capacity check at +0x24, malloc(0x80), appends element; simple push operation
007b6ef0	StdVector_AllocateAndCopy	[forge-autoname2 conf=medium <- wf] malloc, copy, uninit_copy, fill pattern with iterator handling; vector storage reallocation
007b9870	StdVector_Clear	[forge-autoname2 conf=medium <- wf] Thiscall; calls FUN_007b8460 (resize helper), destructs elements at +4, updates capacity; clear semantics
007c2980	StdVector_Find	[forge-autoname2 conf=high <- wf] Fastcall 3 CBaseIntelligentPointer params; binary search via GetPItem comparison; find/search operation
007c3eb0	CThing_GetHealingEffectName	[forge-autoname2 conf=high <- wf] Thiscall; maps level (+0x18) to HEALING_EFFECT strings; returns effect name based on level
007ca160	StdVector_PushBack	[forge-autoname2 conf=medium <- wf] Capacity check at +4/+8, simple append or realloc; standard push_back pattern
007cb850	std_vector_Insert	[forge-autoname2 conf=medium <- wf] Thiscall, calls std::find_Linear for duplicate check and std::vector::InsertMultipleAndGrow on success; clear vector insertion logic with growth management
007cbbc0	Inventory_AddItemNode	[forge-autoname2 conf=medium <- wf] Fastcall, allocates node (0x14 bytes), constructs CBaseIntelligentPointer, calls GetPItem/SetPItem, links via next/prev pointers—classic linked-list node addition for inventory
007d7860	Algorithm_FisherYatesShuffle	[forge-autoname2 conf=medium <- wf] Fastcall, iterates range calling rand() % (index+1) and swaps—textbook Fisher-Yates shuffle implementation
007d9c90	std_vector_AllocateAndCopy	[forge-autoname2 conf=medium <- wf] Thiscall, calls malloc for new storage, _Copy_impl to copy existing, optionally fills with param_3, then frees old—reallocates and copies vector contents
007dc500	std_vector_DeepCopy	[forge-autoname2 conf=medium <- wf] Fastcall, loops over vector pointers (3-int strides), allocates storage per vector, memmove copies contents—copies multiple vector instances
007e8ea0	RBTree_FindMax	[forge-autoname2 conf=medium <- wf] Fastcall, navigates RB-tree via offset 0xc (right child), then offset 8 until null—finds rightmost (maximum) node
007e9020	RBTree_FindNext	[forge-autoname2 conf=medium <- wf] Fastcall, implements in-order successor traversal: if right child exists, go left from right subtree; else go up to parent—standard RB-tree successor
007e9c00	RBTree_InsertLower	[forge-autoname2 conf=medium <- wf] Thiscall, calls RBTree_Insert and FUN_007e9020 to insert lower-bound element; traverses RB-tree structure at offsets 0xc, 8 for left/right
007f1840	Math_Distance3DExp	[forge-autoname2 conf=medium <- wf] Fastcall, computes sum of squared differences across 3D coordinates (x,y,z), scales by constant, applies f2xm1 and fscale—exponentiated distance calculation
007f8160	TCInterface_HandleEndCutFade	[forge-autoname2 conf=medium <- wf] Thiscall, called by EndCutFade, uses CVectorMap::LowerBound to find interface element by ETCInterfaceType, invokes virtual method at offset 0x70
007fa7b0	std_sort_Wrapper	[forge-autoname2 conf=medium <- wf] Fastcall, calls std::sort with CThingCompare_BestForTargeting2 comparator; wrapper delegating to STL sort
007fac80	std_introsort_Quicksort	[forge-autoname2 conf=medium <- wf] Fastcall, recursive introsort: checks depth via param_4, calls _Debug_lt_pred for comparisons, recurses on partitions via FUN_007f9ff0 and self-recursion
007ffdb0	CAIState_RemoveEquippedCombatAbilities	[forge-autoname2 conf=medium <- wf] Thiscall, called by AI state Cleanup/Update, calls _Remove_if to filter ability list, CCombatAbilityBlockingData_UpdateFromEquipped to update—removes equipped combat abilities
00800ca0	std_vector_Reserve	[forge-autoname2 conf=medium <- wf] Thiscall, resizes vector capacity: if current < param_2, calls malloc/FUN_00800380 for reallocation—standard vector reserve pattern
00800da0	std_vector_AllocateAndInsert	[forge-autoname2 conf=medium <- wf] Thiscall, allocates new storage, copies existing elements, inserts param_3 (optionally fills range with param_2)—vector reallocation with insertion
008010d0	RBTree_FindMax	[forge-autoname2 conf=medium <- wf] Fastcall, identical logic to 007e8ea0; navigates RB-tree via offsets 0xc and 8 to find rightmost node
00801200	RBTree_FindMax	[forge-autoname2 conf=medium <- wf] Fastcall, identical to 008010d0 and 007e8ea0—RB-tree maximum search
008012f0	RBTree_FindNext	[forge-autoname2 conf=medium <- wf] Fastcall, identical to 007e9020; implements in-order successor via left-child descent and parent traversal
008017f0	RBTree_InsertLower	[forge-autoname2 conf=medium <- wf] Thiscall, similar to 007e9c00; calls RBTree_Insert and FUN_008012f0, traverses RB-tree via offsets 0xc, 8
008018b0	LTextBinTree_RebuildWalkerArray	[forge-autoname2 conf=medium <- wf] Fastcall, called by SetNewBrain and CTattooDef, calls BuildTreeArray on LTextTreeWalkThrough instances; rebuilds tree walker state arrays
00808470	NPlayerTargeting_AllocateCopyTargetPoints	[forge-autoname2 conf=medium <- wf] Thiscall, calls malloc and _Copy_impl to allocate and copy NPlayerTargeting::CTargetPoint array—vector allocation with copy
0080a340	NPlayerTargeting_InsertTargetPoint	[forge-autoname2 conf=medium <- wf] Thiscall, uses CThingCompare_BestForTargeting2::operator() to find insertion position, shifts elements left, inserts—maintains sorted target list
0080b050	NPlayerTargeting_InsertMultipleTargets	[forge-autoname2 conf=medium <- wf] Fastcall, iterates CBaseIntelligentPointer range, calls FUN_0080aa60 per element to insert each target—bulk insertion into targeting system
0080b430	NPlayerTargeting_PopHeapTargetPoint	[forge-autoname2 conf=medium <- wf] Fastcall, calls _Pop_heap with CThingCompare_BestForTargeting2, extracts CBaseIntelligentPointer data—removes top heap element for targeting
0080b620	std_introsort_TargetPointQuickSort	[forge-autoname2 conf=medium <- wf] Fastcall, recursive introsort on target points (0x1c-byte items): calls FUN_00807170/FUN_00807250, checks depth—partitions and recurses like quicksort
0080bd30	std_introsort_TargetPointHeapsort	[forge-autoname2 conf=medium <- wf] Fastcall, recursive sorting: calls operator() for comparisons, FUN_0080a1b0 for operations, recurses—implements introsort with heapsort fallback on target points
0080d970	std_find_4Parallel	[forge-autoname2 conf=medium <- wf] Fastcall, searches for value in 4-element blocks (16-byte stride), checks each of 4 elements per iteration—vectorized-style find over 4-element chunks
0080e060	std_find_CBaseIntelligentPointer	[forge-autoname2 conf=medium <- wf] Fastcall, searches CBaseIntelligentPointer array via GetPItem comparisons in 4-element groups (0xc-byte stride), returns matching pointer
00813580	CMemoryAllocatorVariableSize_InsertNode	[forge-autoname2 conf=high <- wf] Thiscall, calls malloc and CMemoryAllocatorVariableSize::BalanceTree; inserts key-value node into tree allocator with balance rebalancing
008137e0	CMemoryAllocatorVariableSize_FindNextActive	[forge-autoname2 conf=medium <- wf] Fastcall, traverses tree structure checking offset 0x20 (active flag), implements in-order successor traversal—finds next active memory node
00817d70	std_map_TreeInsertNode	[forge-autoname2 conf=high <- wf] Thiscall, calls malloc and BalanceTree; inserts key-value pair into RB-tree map with standard balanced insertion
00818b00	std_introsort_Quicksort	[forge-autoname2 conf=medium <- wf] Fastcall, recursive introsort on 32-byte-stride items: calls FUN_00817840/FUN_00818450, checks depth via param_4—quicksort with introsort depth limiting
00818c20	std_sort_HitLocationIntersections	[forge-autoname2 conf=medium <- wf] Fastcall, called by GetPCombatFirstHitLocationIntersection*, sorts hit intersections using introsort then insertion sort via _Move—sorts collision/intersection data
00819940	std_InsertionSort_6Elements	[forge-autoname2 conf=medium <- wf] Thiscall, shifts 6-element blocks (24 bytes) left while key comparison true; classic insertion sort for 6-int structures
00819a60	std_InsertionSort_3Elements	[forge-autoname2 conf=medium <- wf] Thiscall, shifts 3-element blocks left while key comparison true—insertion sort for pairs/3-element structures
0081c890	std_vector_AllocateAndFill	[forge-autoname2 conf=medium <- wf] Thiscall, calls malloc, _Fill to populate, _Uninit_copy to append—allocates vector, fills/copies elements
0081db70	std_introsort_6ElementQuickSort	[forge-autoname2 conf=medium <- wf] Fastcall, recursive introsort on 6-element (0x18-byte) items: calls FUN_0081b730/FUN_0081d450, checks depth—quicksort-style partition on 24-byte structures
0081dc80	std_introsort_9ElementQuickSort	[forge-autoname2 conf=medium <- wf] Fastcall, recursive introsort on 9-element (0x28-byte) items like CDebugSphere: calls FUN_0081b800, recurses, calls swap—quicksort for 40-byte structures
0081dd90	HeapSort_QuicksortPartition	[forge-autoname2 conf=medium <- wf] Median-of-three partition with recursive call; quicksort pattern clear from control flow
008251b0	StdVector_AssignRange	[forge-autoname2 conf=medium <- wf] Vector assignment with refcount mgmt at negative/positive offsets; operator_delete calls
00825cf0	StdVector_InsertElement	[forge-autoname2 conf=medium <- wf] Caller is CMap but function pattern is generic vector insertion with _Copy_impl/_Cons_val; not class-specific
00826000	LinkedList_AllocateNode	[forge-autoname2 conf=medium <- wf] Allocates 0x18 node and manipulates linked structure (offsets 4,8,0xc); not scoped to CScriptedMapBrush alone
00826450	StdVector_ReallocateAndReserve	[forge-autoname2 conf=medium <- wf] malloc, _Uninit_copy, _Fill_n; typical vector reallocation pattern
008280a0	StdVector_AssignRange	[forge-autoname2 conf=medium <- wf] Identical code and signature to 008251b0
008285d0	StdVector_RemoveIf	[forge-autoname2 conf=medium <- wf] std::find_Linear + InsertMultipleAndGrow + memmove; removes elements matching predicate, not generic removal
008294f0	StdVector_ReallocateAndReserve	[forge-autoname2 conf=medium <- wf] malloc, _Uninit_copy, _Uninit_fill_n; vector buffer reallocation
008297f0	HeapSort_QuicksortPartition	[forge-autoname2 conf=medium <- wf] Recursive quicksort partition similar to 0081dd90
0082c920	Map_InsertMarker	[forge-autoname2 conf=high <- wf] Callers explicitly named 'Map_InsertMarker' and 'InitialiseRegionExitMarkers'; allocates marker node
0082cb70	StdVector_CopyDeep	[forge-autoname2 conf=medium <- wf] Deep copy with CTexture/CSurface constructors and _Uninit_copy for nested vectors
0082ebe0	RBTree_FindMaximum	[forge-autoname2 conf=medium <- wf] Traverses right child then left-chain; finds maximum/successor, not necessarily both
0082ee10	RBTree_FindSuccessor	[forge-autoname2 conf=medium <- wf] Right child traversal with parent fallback; standard RB-tree successor navigation
0082eeb0	RBTree_LowerBound	[forge-autoname2 conf=medium <- wf] Binary search on BST comparing uint pairs at offsets +0x10/+0x14; standard lower_bound
0082ef20	RBTree_LowerBound	[forge-autoname2 conf=medium <- wf] Identical to 0082eeb0
0082f150	CMemoryAllocatorVariableSize_InsertNode	[forge-autoname2 conf=high <- wf] Explicit call to BalanceTree; allocates 0x18 node with uint pair keys at +0x10/+0x14
0082f4b0	CMemoryAllocatorVariableSize_Insert	[forge-autoname2 conf=high <- wf] Calls InsertNode; binary search then insertion wrapper
0082f860	CMemoryAllocatorVariableSize_InsertWithBalance	[forge-autoname2 conf=medium <- wf] Calls RBTree_Insert and successor; class-specific tree insertion with rebalancing, not generic RBTree
008332e0	CVertexBufferWin32_ComputeWaterSurfaceMetrics	[forge-autoname2 conf=medium <- wf] Caller matches; DrawGetSeaLevel, LowerBound; distance/angle float metrics for water surface
00835270	CMemoryAllocatorVariableSize_InsertNode	[forge-autoname2 conf=high <- wf] Same pattern as 0082f150 but allocates 0x14 node; BalanceTree call; tree insertion
0083ebd0	CString_ToLower	[forge-autoname2 conf=medium <- wf] tolower in loop, malloc/memmove; builds lowercase string. Return type annotation is wrong (CTCElectrocutedEffect*), actual function is string conversion
0083fb60	CPatchTesselationEdgeStrip_Reset	[forge-autoname2 conf=high <- wf] Caller is destructor; sets field to 0xffffffff; vector cleanup; reset pattern clear
0083fce0	LHHttp_ParseResponseHeaders	[forge-autoname2 conf=medium <- wf] Parses HTTP headers including User-Agent, ProcessTextWithRegex; header parsing evident
008400b0	LHHttp_BuildPOSTRequest	[forge-autoname2 conf=high <- wf] References POST, HTTP://, Connection, Content-Length; builds HTTP POST body
008405f0	LHHttp2_SendRequest	[forge-autoname2 conf=high <- wf] Caller UpdateTransaction; ResetRequest, time, data receive via FUN_0083f8b0; request sending
00840740	LHHttp2_ReceiveResponseHeaders	[forge-autoname2 conf=high <- wf] Caller UpdateTransaction; http/1., ServerCode strings; LSocket_ReceiveWithTimeout; header receiving
00840b60	LHHttp2_ParseResponseLine	[forge-autoname2 conf=high <- wf] References ServerCode, Location, Content-Length, Transfer-Encoding, chunked; HTTP response parsing
00841790	StringSearch_FindPatternInRange	[forge-autoname2 conf=medium <- wf] Caller LHHttp2_ParseURL; calls StringSearch_FindPattern; wraps pattern search, not the algorithm itself
00841a70	StdVector_PushBack	[forge-autoname2 conf=medium <- wf] Capacity check at +4/+8; calls FUN_00841820 on realloc; vector push_back pattern
00841ee0	LHHttp_InitializeRequest	[forge-autoname2 conf=medium <- wf] Initializes fields to 0; allocates 8 bytes; Vector_Insert; request initialization
00842df0	CCreatureAction_PlayAnimationWithLookTurning_Construct	[forge-autoname2 conf=high <- wf] Caller FinishAction; calls PlayAnimation constructor; sets vftable; constructor wrapper
0084d0e0	CThingCreatureBase_ComputeMeleeMetrics	[forge-autoname2 conf=high <- wf] Caller UpdateTrackMeleeOpponents; float math, __ftol2; distance/angle melee metrics
0084e390	StdVector_PushBack	[forge-autoname2 conf=medium <- wf] Capacity check at +0x1c/+0x20; FUN_0084f5e0 realloc; vector push_back
0084f010	StdVector_LinearSearch	[forge-autoname2 conf=medium <- wf] Caller ScriptEventList::InsertEvent; vtable method calls on elements; array element search
00851b50	CAbility_CheckRequirements	[forge-autoname2 conf=high <- wf] Callers IsAbilityValid/IsUsableBy; GetAbilityLevel calls; validates ability prerequisites
00856780	CComboStrike_CheckPattern	[forge-autoname2 conf=high <- wf] Caller SetupCombatStrikeEvents; strncmp pattern comparisons; combo strike validation
0085b720	CDefendingCombatantInfo_SetupHelperRings	[forge-autoname2 conf=high <- wf] Caller SetupCombatStrikeEvents; GetHelperPointNamesFromStrikeEventName, ResetRings; combat UI setup
0085ded0	CMemoryAllocatorVariableSize::InsertNode	[forge-autoname2 conf=high <- wf] Thiscall, malloc(0x14), BalanceTree call, tree structure with parent/child pointers evident
0085e6c0	std::vector::Insert_range	[forge-autoname2 conf=high <- wf] Vector reallocation pattern with _Fill_n and _Uninit_copy on element range
0085f6a0	RemoveInterfaceMode_impl	[forge-autoname2 conf=medium <- wf] Fastcall (not thiscall), calls CVectorMap::LowerBound and RemoveMode; class claim unproven
00864f80	LinkedList::Init	[forge-autoname2 conf=high <- wf] Thiscall, malloc(0x24), self-referential sentinel init pattern is classic linked list
008657e0	std::vector::Reallocate_pair_animation	[forge-autoname2 conf=high <- wf] Vector reallocation with pair<ulong,CAnimationEntry> elements (8-byte pairs)
00869ca0	CMemoryAllocatorVariableSize::InsertNode_with_refcount	[forge-autoname2 conf=high <- wf] malloc(0x18), refcount increment at +4, BalanceTree call, larger node structure than 0085ded0
0086a640	std::pair_insertion_sort_shift	[forge-autoname2 conf=high <- wf] 12-byte element shifts during insertion sort, called by _Insertion_sort1
0086a6e0	std::insertion_sort_shift_16byte	[forge-autoname2 conf=high <- wf] 16-byte element shifts; 'CNavigationPosition' class name unproven
0086b900	CreateRandomMorphEntry	[forge-autoname2 conf=medium <- wf] Called by GetRandomSkeletalMorph; creates random entries but evidence doesn't support CParticleMorphs class membership (no thiscall)
0086c720	std::vector_shift_backward_16byte	[forge-autoname2 conf=high <- wf] 16-byte stride backward shift loop used during vector insertion
0086cd70	std::vector::Insert_range_C3DClothQuad	[forge-autoname2 conf=high <- wf] Range insert for C3DClothQuad (16-byte) into vector
0086d370	std::vector::Reallocate_with_value_insert	[forge-autoname2 conf=high <- wf] Vector reallocation with value insertion and element construction
0086da30	std::introsort_3way_partition	[forge-autoname2 conf=medium <- wf] Recursive introsort partition for 12-byte elements with 0x10 threshold
0086db30	std::introsort_4way_partition	[forge-autoname2 conf=high <- wf] Recursive introsort partition for 16-byte elements with 0x100 threshold
0086e3b0	std::vector::Reallocate_with_vector_value	[forge-autoname2 conf=high <- wf] Vector reallocation with 0x18-byte element copies
0086f090	std::pair_insertion_sort_shift	[forge-autoname2 conf=high <- wf] Duplicate of 0086a640; 12-byte pair shift during insertion sort
0086f510	CVectorMap::FindRandomElement	[forge-autoname2 conf=high <- wf] Thiscall on CVectorMap, LowerBound/UpperBound with GFROR13 random selection
008700a0	std::introsort_3way_partition_12byte	[forge-autoname2 conf=medium <- wf] Recursive partition for 12-byte elements with 0x10 threshold
008764e0	RenderParticleEmitter_4particles	[forge-autoname2 conf=medium <- wf] Renders 4 particles with trigonometry; camera context and class relationship unproven (fastcall)
00878a80	CThing::GetRotatedPosition	[forge-autoname2 conf=high <- wf] Thiscall, applies 2D rotation via fcos/fsin to position vectors
0087dc30	FindClosestRotation_binary_search	[forge-autoname2 conf=medium <- wf] Fastcall (not thiscall), binary search on rotation; CAnimationEntry class claim weak
0087e370	std::for_each_range	[forge-autoname2 conf=high <- wf] Fastcall loop over [param_1, param_2) calling function on each element
0087e530	std::introsort_4way_heapsort_fallback	[forge-autoname2 conf=high <- wf] Recursive introsort fallback with 4-byte stride and 0x40 threshold
008827c0	BinaryTree_FindMaxNode	[forge-autoname2 conf=high <- wf] Fastcall tree navigation finding maximum node via right-child/parent traversal
00882e00	RBTree_FindNextNode	[forge-autoname2 conf=high <- wf] Fastcall red-black tree in-order successor with complex parent/child logic
00883920	CMemoryAllocatorVariableSize::InsertNode	[forge-autoname2 conf=high <- wf] Duplicate of 0085ded0; identical tree insertion implementation
008840d0	RBTree_AllocNode_with_intelligent_pointer	[forge-autoname2 conf=high <- wf] Allocates 0x20 node with CBaseIntelligentPointer; likely free function not class method
00884560	RBTree_Insert_at_position	[forge-autoname2 conf=high <- wf] Thiscall tree traversal with key comparison and rebalancing
00884c70	RBTree_FindNode_or_insert_null	[forge-autoname2 conf=high <- wf] Thiscall binary search with null CBaseIntelligentPointer insertion on miss
00887330	CBrainBehaviour::Init	[forge-autoname2 conf=high <- wf] Thiscall, resizes behavior vector and initializes type/weight fields
00889010	std::vector::Reallocate_ulong_triplet	[forge-autoname2 conf=high <- wf] Vector reallocation with 0xc-byte (3x ulong) element copies
0088a070	std::vector::Reallocate_500byte_objects	[forge-autoname2 conf=medium <- wf] Vector reallocation for large 500-byte elements with loop-based fills
0088cc20	std::vector::Reallocate_pair_copy	[forge-autoname2 conf=high <- wf] Vector reallocation for 8-byte pair elements with manual copy loops
0088d060	std::introsort_8byte_partition	[forge-autoname2 conf=high <- wf] Recursive introsort partition for 8-byte (long long) elements with 0x80 threshold
008aac50	std::find_if_3d_distance	[forge-autoname2 conf=high <- wf] Searches C3DVector array for first point within distance-squared threshold
008ac540	std::vector::Copy_constructor	[forge-autoname2 conf=high <- wf] Thiscall copies vector range [param_2[0], param_2[1]) via malloc and _Uninit_copy
008aea40	std_map_InsertValue	[forge-autoname2 conf=medium <- wf] Evidence: calls map::operator[] and vector::Reallocate; inserts into container. NOT specifically pair insertion—too generic/overreaching.
008af120	RBTree_InsertNode	[forge-autoname2 conf=high <- wf] Thiscall; malloc 0x18 tree node, manages left/right pointers at +8/+0xc, calls BalanceTree. Clear tree insertion pattern.
008b29a0	RBTree_InsertNode	[forge-autoname2 conf=high <- wf] Identical to 008af120: malloc 0x18, left/right pointers, BalanceTree call. Thiscall tree node insertion.
008b2a60	RBTree_InsertNode	[forge-autoname2 conf=high <- wf] Identical structure: malloc 0x18, pointer management, BalanceTree. Thiscall tree insertion.
008b2b20	RBTree_InsertNode	[forge-autoname2 conf=high <- wf] Identical pattern: malloc 0x18, left/right pointers at offsets, BalanceTree call. Tree node insertion.
008b2e90	RBTree_Insert	[forge-autoname2 conf=high <- wf] Thiscall; navigates tree (left/right children at +4,+8,+0xc), calls FUN_008b2a60 for node insertion. Tree navigation and insertion.
008b3350	std_vector_Reallocate	[forge-autoname2 conf=high <- wf] Reallocates with malloc, calls _Uninit_copy and _Uninit_fill_n, updates vector pointers. Vector reallocation pattern.
008e8e50	GetStrafeAnimationName	[forge-autoname2 conf=high <- wf] Fastcall; references string literals STRAFE_IDLE, STRAFE_MOVEMENT_FORWARD/BACK/LEFT/RIGHT; computes animation name from direction. Clearly strafe animation logic.
008e9080	GetAbilityAnimationDuration	[forge-autoname2 conf=high <- wf] Fastcall; calls GetAnimFromName, GetAbilityLevel, GetAnimDuration, DrawGetSeaLevel; returns duration ratio. Ability animation duration logic.
008ed2b0	Persist_TransferContainerContents	[forge-autoname2 conf=medium <- wf] Thiscall with CPersistContext; string 'ContainerContents'; calls Transfer<signed_char> and _Copy_impl. Serialization of container contents.
008f71a0	CMap_InitializePalette	[forge-autoname2 conf=high <- wf] Fastcall on CMap; initializes palette array 0x800 bytes, calls AddThemeDefIndexToPalette, sets palette data at +0x1a6c/0x1a70.
008f80d0	CMusicManager_OnMusicEntryTimeout	[forge-autoname2 conf=medium <- wf] Fastcall; calls GetTickCount and _Dest_val destructor, updates timestamps at +0x100/0x108. Music entry timeout update logic.
008fc430	ComputeEvasionParticleTrajectory	[forge-autoname2 conf=medium <- wf] Thiscall; trigonometry (fcos, fsin), particle list manipulation, malloc 0x14 with float position. Particle trajectory computation.
0090dfb0	CThingFilter_IsValidGossipee	[forge-autoname2 conf=high <- wf] Thiscall; checks GetPItem and flag bits 0x1f, calls CThingFilter_IsNavLineOfSightToThing::operator(). Gossipee validation filter logic.
00913690	FreeBufferArray	[forge-autoname2 conf=high <- wf] Iterates array of pointers, calls free on each non-null element. Simple buffer array deallocation loop.
0091a630	Inventory_CountItems	[forge-autoname2 conf=medium <- wf] Fastcall; navigates structure chain, counts linked-list items, checks for exactly 2. Generic inventory item count, not seller-specific.
0091ffe0	std_vector_InsertN	[forge-autoname2 conf=high <- wf] Thiscall; reallocates with malloc, calls memmove for existing and inserted elements, updates vector pointers. Vector insert N elements.
009200c0	std_sort_DownHeap	[forge-autoname2 conf=high <- wf] Fastcall; calls CThingCompare_Nearest::operator() for heap ordering, memmove for swaps, FUN_0091f810 for reheapify. Heap sift down.
009205d0	std_sort_QuickSort	[forge-autoname2 conf=high <- wf] Fastcall; recursive with 0x40 size threshold, calls _Med3 for pivot, partition helpers. Standard quicksort pattern.
009278c0	std_sort_Median	[forge-autoname2 conf=medium <- wf] Fastcall; iterates and calls _Med3 on three elements, moves median to first position. Median-of-three for quicksort.
00927aa0	std_sort_QuickSort	[forge-autoname2 conf=high <- wf] Fastcall; recursive quicksort 0x80 threshold, calls _Med3, partition helpers FUN_00927590/FUN_00927910. Quicksort implementation.
00932660	std_sort_DownHeap	[forge-autoname2 conf=high <- wf] Fastcall; heap sift down with code* comparator, memmove swaps, FUN_00932330 reheapify. Heap sift down operation.
009327f0	std_sort_QuickSort	[forge-autoname2 conf=high <- wf] Fastcall; recursive quicksort with code* comparator, 0x40 threshold, partition helpers FUN_00932490/FUN_00932770.
00946f90	CAIStateGroup_WanderAroundShops_SelectRandomEnemy	[forge-autoname2 conf=high <- wf] Fastcall on CAIStateGroupBase; calls GetAllLeafThings with CThingFilter_EnemyCreature, GFROR13 for random selection. Enemy selection from filtered list.
00947110	CAIStateGroup_WanderAroundShops_FindRandomNPC	[forge-autoname2 conf=high <- wf] Thiscall on CAIStateGroupBase; filters for NPC flags 0x100000, GFROR13 for random selection. Random NPC finder.
00947eb0	CAIStateGroup_GoToPub_FindMarkerByName	[forge-autoname2 conf=high <- wf] Thiscall on CAIStateGroupBase; calls GetAllThings<CThingMarker> with CThingFilter_HasScriptName, GFROR13 for random selection. Marker selection by name filter.
0094b530	CModeSitBase_CreateSitTavernStool	[forge-autoname2 conf=high <- wf] Thiscall constructor; creates CModeSitBase with 'SIT_TAVERN_STOOL' string, computes CRC, sets animation mode. Tavern stool sit mode creation.
0095da90	std_sort_DownHeap	[forge-autoname2 conf=high <- wf] Fastcall; heap sift down with CThingCompare_Nearest, memmove swaps, FUN_0095cda0 reheapify. Heap down operation.
0095df40	std_sort_QuickSort	[forge-autoname2 conf=high <- wf] Fastcall; recursive quicksort 0x40 threshold, partition helpers FUN_0095de60/FUN_0095d790/FUN_0095cec0.
0095f830	CThing_UpdateSkillState	[forge-autoname2 conf=medium <- wf] Fastcall; checks flag at +0x89, navigates CTCBase, calls LowerBound, sets flags at +0x340/0x341. Skill state update logic, not specific to 'Update' naming.
0096d980	std_sort_DownHeap	[forge-autoname2 conf=high <- wf] Fastcall; heap sift down with CThingCompare_Nearest, memmove swaps, FUN_0096d590 reheapify. Heap down.
0096e410	std_sort_QuickSort	[forge-autoname2 conf=high <- wf] Fastcall; recursive quicksort 0x40 threshold, partition helpers FUN_0096d660/FUN_0096d6f0/FUN_0096daf0.
00978da0	std_for_each	[forge-autoname2 conf=high <- wf] Fastcall; iterates array [param_1..param_2), calls FUN_00978c50 for each element. For-each loop abstraction.
00979760	std_sort_QuickSort	[forge-autoname2 conf=high <- wf] Fastcall; recursive quicksort 0x40 threshold, partition helpers FUN_00978920/FUN_00978a80/FUN_00979650.
0097b180	std_for_each	[forge-autoname2 conf=high <- wf] Fastcall; iterates array [param_1..param_2), calls FUN_0097b030 for each. For-each loop.
0097b4e0	std_sort_QuickSort	[forge-autoname2 conf=high <- wf] Fastcall; recursive quicksort 0x40 threshold, partition helpers FUN_0097ae60/FUN_0097ad10/FUN_0097b320.
0097c580	CAIStateGroup_ScorpionKing_ExecuteBriarRoseAbility	[forge-autoname2 conf=high <- wf] Fastcall on CAIStateGroupBase; creates CCreatureAction_BriarRoseShotFarInto, calls AIAction_PerformActionAndWait, checks IsStillRunnable. BriarRose ability execution.
0098d240	std_vector_Reallocate	[forge-autoname2 conf=high <- wf] Thiscall; reallocates cloth quad array with malloc, calls _Copy_impl and fill, updates vector pointers. Vector reallocation.
0098e690	CThreadedFileManager_Destructor	[forge-autoname2 conf=medium <- wf] Destructor sets vtable and calls cleanup, but class binding unclear from param_1 type
0098fa70	RBTree_FindSuccessor	[forge-autoname2 conf=high <- wf] Classic binary tree successor: traverses right subtree, walks up parent chain
0098fdd0	RBTree_FindPredecessor	[forge-autoname2 conf=high <- wf] Binary tree predecessor with null-leaf sentinel check, walks left subtree
0098fe20	RBTree_FindPredecessor_String	[forge-autoname2 conf=high <- wf] Identical to 0098fdd0, template instantiation for string keys
009905d0	LTextTreeWalkThrough::Erase	[forge-autoname2 conf=high <- wf] Thiscall LTextTreeWalkThrough, calls BuildTreeArray and CMemoryAllocatorVariableSize::Erase
00990ad0	RBTree_Insert_Uint	[forge-autoname2 conf=high <- wf] Tree traversal comparing uint keys at offset 0x10, calls RBTree_Insert
009919c0	RegisterSoundBanks	[forge-autoname2 conf=medium <- wf] Displays 'Register Sound Bank 1/2' strings and calls InitSymbols, but class binding unproven
00992750	Vector_CopyElement	[forge-autoname2 conf=high <- wf] Copies complex element with 4x CCharString copy construction and refcount increments
009928f0	Heap_Sift_Down	[forge-autoname2 conf=high <- wf] Decrementing loop with UpdateCleanupFlags calls, textbook sift-down pattern
00993420	Heap_Sift_Up	[forge-autoname2 conf=high <- wf] Called by make_heap, traverses up heap with pair copying and refcount management
00993860	Heap_Sift_Down_Recursive	[forge-autoname2 conf=high <- wf] Recursive sift-down with loop counter, self-recurses conditionally
0099c120	CCharString::InsertCharWith	[forge-autoname2 conf=high <- wf] Thiscall CCharString, manages refcounting via DAT_013bca20, calls InsertChar
0099ca70	WideString_Allocate	[forge-autoname2 conf=medium <- wf] Allocates wide string buffer and fills with wchar_t, but param/return types unclear
009a7ca0	CBankFile::FindBank	[forge-autoname2 conf=high <- wf] BinaryTree_Search, map_lower_bound, throws 'bank not found!' exception
009a9820	RBTree_FindSuccessor_2	[forge-autoname2 conf=high <- wf] Identical to 0098fa70, second template instantiation
009a9860	RBTree_FindSuccessor_3	[forge-autoname2 conf=high <- wf] Identical to 0098fa70, third template instantiation
009a9e20	RBTree_FindSuccessor_4	[forge-autoname2 conf=medium <- wf] Identical to 0098fa70, fourth template instantiation
009aa2d0	RBTree_FindPredecessor_2	[forge-autoname2 conf=high <- wf] Identical to 0098fdd0, second instantiation with null-leaf check
009aa320	RBTree_FindPredecessor_3	[forge-autoname2 conf=medium <- wf] Identical to 0098fdd0, third template instantiation
009aa370	RBTree_FindPredecessor_4	[forge-autoname2 conf=medium <- wf] Identical to 0098fdd0, fourth template instantiation
009aaeb0	RBTree_LowerBound	[forge-autoname2 conf=high <- wf] Thiscall tree traversal returning pair with iterator and bool
009ab020	RBTree_Insert_String_1	[forge-autoname2 conf=high <- wf] Thiscall RBTree insertion for string keys, uses CBasicString operator< for comparison
009ab1f0	RBTree_Insert_String_2	[forge-autoname2 conf=high <- wf] Identical to 009ab020, second template instantiation
009ab3f0	RBTree_Insert_String_3	[forge-autoname2 conf=high <- wf] Identical to 009ab020, third template instantiation
009ab4f0	RBTree_LowerBound_String	[forge-autoname2 conf=high <- wf] Thiscall tree search for string keys, returns first node >= key
009ad580	CVectorMap_FindByKey	[forge-autoname2 conf=high <- wf] Computes CRC via CCRC::Calc, calls LowerBound, returns pointer or null
009ae390	CEngineInternalPrimitiveBase::CompressPrimitive	[forge-autoname2 conf=high <- wf] Thiscall primitive, calls InternalCompress, sets flag 0xa1 = 1
009b1870	CWideString_BackupAndRestore	[forge-autoname2 conf=high <- wf] Fastcall CWideString backup/restore with assignment operations
009b1a30	Insertion_Sort_Shift	[forge-autoname2 conf=high <- wf] Thiscall array shift for insertion sort, shifts 3-uint pairs
009b26f0	RBTree_FindSuccessor_5	[forge-autoname2 conf=medium <- wf] Identical to 0098fa70, fifth template instantiation
009b2730	RBTree_FindPredecessor_5	[forge-autoname2 conf=medium <- wf] Identical to 0098fdd0, fifth template instantiation
009b3630	Vector_InsertGap	[forge-autoname2 conf=high <- wf] Thiscall vector reallocation with insertion gap creation via malloc/memmove
009b47f0	Sorted_Vector_InsertElement	[forge-autoname2 conf=high <- wf] Thiscall sorted insertion with left-shift loop using operator< comparison
009b4d80	Deque_Reserve	[forge-autoname2 conf=high <- wf] Thiscall deque resize comparing capacity to param_2
009b5230	RBTree_Insert_Uint_2	[forge-autoname2 conf=high <- wf] Identical to 00990ad0, second RBTree insertion template for uint keys
009b68d0	Vector_InsertRange_String	[forge-autoname2 conf=high <- wf] Fastcall vector insertion of CWideString range with element copying
009b69e0	Swap_CCharString_Pair	[forge-autoname2 conf=high <- wf] Fastcall swap element for introsort, calls FUN_009b5990
009b7320	Vector_CopyRange_Deque	[forge-autoname2 conf=high <- wf] Fastcall vector copy with deque allocation and nested container management
009b76f0	Insertion_Sort_Shift_Complex	[forge-autoname2 conf=high <- wf] Thiscall complex array shift with CActiveFile, CCharString, and CCountedPointer
009b7cf0	Quicksort_Partition_String	[forge-autoname2 conf=high <- wf] Fastcall quicksort partitioning for CWideString with recursive calls
009b7dd0	std::make_heap_partial_impl_12	[forge-autoname2 conf=high <- wf] 12-byte elements (0xc), threshold 0x10, called by std::make_heap_partial, sift-down logic matches
009b7ed0	std::introsort_partial_8byte_impl	[forge-autoname2 conf=high <- wf] 8-byte elements (0x8), threshold 0x80, recursive introsort with depth limit
009b7fa0	std::introsort_partial_8byte_quicksort	[forge-autoname2 conf=high <- wf] Nearly identical to 009b7ed0 but different heapify (FUN_009b6be0 vs FUN_009b6b70); both 8-byte quicksorts for same caller
009b8440	std::introsort_build_heapify	[forge-autoname2 conf=medium <- wf] Calculates heap depth and calls binary tree build (FUN_009b7cf0), not a make_heap but sorting setup
009b8b50	std::introsort_partial_pair_quicksort	[forge-autoname2 conf=high <- wf] Quicksort for pair<CCharString,CCharString> with 0x80 threshold, median-of-three pivot
009b8f70	std::make_heap_pair_fixup	[forge-autoname2 conf=high <- wf] Called by make_heap for CSoundPair, allocates and copies 18-element structures
009b9170	std::vector_push_back_impl	[forge-autoname2 conf=high <- wf] Thiscall, pushes 0x18-byte structure (CCharString pair + vector), allocates on capacity exhaustion
009b9320	std::introsort_partial_24byte_quicksort	[forge-autoname2 conf=high <- wf] Quicksort for 0x18-byte (24-byte) elements, median-of-three, recursive heapify
009bebb0	CPixelFormat::FindBestMatch	[forge-autoname2 conf=high <- wf] Thiscall, iterates global pixel format array DAT_0129ba40, selects based on distance metric
009c2350	CMemoryAllocatorVariableSize::InsertNode_24byte	[forge-autoname2 conf=high <- wf] Thiscall with malloc(0x20) 24-byte nodes, calls BalanceTree, manages binary tree structure
009c2440	CMemoryAllocatorVariableSize::InsertNode_20byte	[forge-autoname2 conf=high <- wf] Thiscall with malloc(0x14) 20-byte nodes, calls BalanceTree, conditional left/right insertion
009c69c0	CActiveFile::CopyList_20byte	[forge-autoname2 conf=high <- wf] Linked-list traversal copying 0x14-byte nodes (5 uint fields), not 24-byte as proposed
009c6a10	CActiveFile::CopyList_12byte	[forge-autoname2 conf=high <- wf] Linked-list traversal copying 0xc-byte nodes (3 uint fields)
009c7150	CFileInstaller::RemoveRange	[forge-autoname2 conf=high <- wf] Thiscall removing 8-byte element range via memmove, calls _Destroy_range, updates size
009c8660	NGameText::CDataBank::CommitChanges	[forge-autoname2 conf=high <- wf] Moves vectors at offsets 0x1e0/1ec/1f8/1fc, rebuilds tree structures via _Move
009ca950	std::vector_insert_range_32bit	[forge-autoname2 conf=high <- wf] Vector insertion: calculates capacity, memmoves elements, fills range, reallocates
009cd850	CDefStringTable::Destructor	[forge-autoname2 conf=high <- wf] Thiscall destructor: destroys packed arrays (x4), text trees (x3 with BuildTreeArray), CArray
009d0630	CPackedBlockAllocator::RebuildFreeList	[forge-autoname2 conf=high <- wf] Rebuilds free block list via Vector_InsertN_uint32, calls heapify (FUN_009d48c0)
009d1f90	RBTree_Next	[forge-autoname2 conf=high <- wf] RB-tree iterator next: finds rightmost of right subtree or ascends to first right-parent
009d2160	CSmallVector_AllocateHeap	[forge-autoname2 conf=high <- wf] Thiscall allocates heap for CSmallVector<CCharString,8>, constructs N empty CCharStrings
009d23a0	RBTree_Predecessor	[forge-autoname2 conf=high <- wf] RB-tree iterator predecessor: mirror of Next, finds leftmost of left subtree or ascends
009d2fc0	CBankFile::InsertionSort_PackedEntry	[forge-autoname2 conf=high <- wf] Insertion sort for CPackedUIntArray elements, compares via operator[]
009d41b0	CStringMap::Insert	[forge-autoname2 conf=high <- wf] Thiscall RB-tree insert for CBasicString keys, calls RBTree_Insert, returns pair<node,bool>
009d48c0	std::introsort_partial_uint_quicksort	[forge-autoname2 conf=high <- wf] Quicksort for uint (4-byte) elements, 0x40 threshold, recursive with heapify
009d4ce0	CDefStringTable::SaveBinary	[forge-autoname2 conf=high <- wf] Thiscall saves to disk: opens file, writes table, rebuilds tree if param_2 true
009d5a30	CBankFile::PopLoadErrorQueue	[forge-autoname2 conf=high <- wf] Uses CCriticalSectionLock, memmoves error queue entries backward, returns via FUN_009d6e80
009d5a90	CMusicManager::UpdateRegistrations	[forge-autoname2 conf=high <- wf] Uses CCriticalSectionLock, iterates animation tree, rebuilds via BuildTreeArray
009d7990	CMemoryAllocatorVariableSize::InsertNode_uint	[forge-autoname2 conf=high <- wf] Thiscall inserting 0x14-byte uint node, malloc+BalanceTree, mirrors 009c2440 structure
009e66f0	std::insertion_sort_16byte	[forge-autoname2 conf=high <- wf] Insertion sort for 16-byte elements (4 CCharString fields), shifts via operator=
009e76f0	CCombatWheel::InsertElements	[forge-autoname2 conf=high <- wf] Thiscall allocates 0xc-byte elements, copies/fills range, calls ResetRings
009e79e0	std::vector_swap_move	[forge-autoname2 conf=high <- wf] Swaps vectors via _Move operations, destroys old contents, reallocates on mismatch
009e7d30	std::introsort_partial_16byte_quicksort	[forge-autoname2 conf=high <- wf] Quicksort for 0x10-byte pair elements, median-of-three via FastCompare
009ebb80	std::vector_construct_pair	[forge-autoname2 conf=high <- wf] Constructs vector with two elements, calls VectorInsertElementRange on capacity exhaustion
009eed20	CStringMap::FindLowerBound	[forge-autoname2 conf=high <- wf] Thiscall binary search in sorted CBasicString tree, walks left/right based on operator<
009ef1a0	CCharMap::Insert	[forge-autoname2 conf=high <- wf] Thiscall RB-tree insert for char keys with char < comparison, calls RBTree_Insert
009ef750	CCacheInfo::InsertNode	[forge-autoname2 conf=high <- wf] Thiscall binary tree insert with CCharString keys, malloc(0x1c), calls BalanceTree
009efa50	std::vector_insert_fill_range	[forge-autoname2 conf=high <- wf] Vector insertion with fill: _Copy_backward existing, fills N, copies remainder, reallocates
009f0500	NQuestManager::GetAnimationEntry	[forge-autoname2 conf=high <- wf] Called by DeactivateQuest, constructs pair from FUN_009d2dd0, returns value at +0x14
009f09f0	RBTree_Next	[forge-autoname2 conf=high <- wf] Tree traversal finding rightmost node in right subtree (offset 0xc loops following offset 8), then walks up parent chain (offset 4). Classic BST successor.
009f0b50	RBTree_Prev	[forge-autoname2 conf=high <- wf] Mirror of Next: sentinel check at offset +4, uses left subtree at offset 8 then rightmost. Tree predecessor pattern.
009f0d90	RBTree_FindBestFit	[forge-autoname2 conf=high <- wf] Binary search traversal comparing values at offset 0x10 against param_3, tracks best node <= target in iVar4. Returns best fit node.
009f0de0	RBTree_CreateNode	[forge-autoname2 conf=high <- wf] malloc(0x24), calls CCharString constructor at +0x14 and +0x18, stores param at +0x10. Node factory for tree with string keys.
009f1040	RBTree_InsertIfNew	[forge-autoname2 conf=high <- wf] Calls RBTree_Insert, binary search comparing param_3, sets flag at param_2+1 (1=inserted, 0=found). Duplicate-check wrapper.
009f55c0	CInputEventQueue_Insert	[forge-autoname2 conf=high <- wf] thiscall, inserts CInputEvent (size 0x34) at param_1+8 via vector logic, calls CInputEvent constructor and std::vector insert.
009f63b0	CInputEvent_Copy	[forge-autoname2 conf=high <- wf] Copies 0xd dwords (13 iterations=52 bytes), matches CInputEvent size. Direct event record copy.
009f7ec0	LinkedList_InsertNode	[forge-autoname2 conf=medium <- wf] Allocates temp struct, calls FUN_009f7ad0, manipulates offsets +4, +0xc (linked-list pattern). Not screen-specific; generic list operation.
009f9020	CNavigableTextUIManager_Destructor	[forge-autoname2 conf=high <- wf] Destructors and cleanup for CNavigatorQueueManager, LTextTreeWalkThrough with BuildTreeArray/FrameUpdate/free calls.
009f9930	std_vector_copy_constructor	[forge-autoname2 conf=high <- wf] thiscall copy-ctor: malloc, memmove data, setup begin/end/capacity pointers. STL vector initialization.
00a004d0	EntityArray_CopyInit	[forge-autoname2 conf=medium <- wf] Loops copying vtable/3 fields with refcount increment at +8. Generic entity array copy, not specifically CEntityClass.
00a01120	std_vector_expand	[forge-autoname2 conf=high <- wf] Vector reallocation: malloc, memmove in 0x2c chunks, handles insert position and gap fill.
00a03900	std_vector_expand_1dword	[forge-autoname2 conf=high <- wf] Vector reallocation with element size 4 bytes, handles insertion gaps.
00a0f350	MemoryPool_EnsureCapacity	[forge-autoname2 conf=high <- wf] Calls FUN_00a0ee50, loops malloc(0x80) with growing counter. Reserves pool capacity for fixed-size blocks.
00a139b0	std_vector_expand_12bytes	[forge-autoname2 conf=high <- wf] Vector reallocation with element size 0xc (12 bytes), destroys/copies pairs. vector<pair> expansion.
00a15890	CNavigatorManager_InitializeNavigationData	[forge-autoname2 conf=high <- wf] String 'nav.data', fprintf calls, GetNodeAt, CNavBlockedQuadTreeNode construction, QuadTree processing. Navigation data export.
00a169b0	Vector2_Find	[forge-autoname2 conf=high <- wf] Binary search on float array (8 dword step=2 floats), compares ABS(diff) against tolerance. Vector pair search with epsilon.
00a17190	std_vector_insert_4bytes	[forge-autoname2 conf=high <- wf] Vector insert: malloc, memmove around insertion point, fill N copies of 4-byte element.
00a17270	std_vector_insert_4bytes_variant	[forge-autoname2 conf=high <- wf] Identical to 00a17190; likely compiled duplicate of vector::insert.
00a1c700	CNavigatorBase_Constructor	[forge-autoname2 conf=high <- wf] thiscall ctor: initializes queues at +0xc/+0x10/+0x14 (malloc 0xc), sets float 0x3f800000 (1.0), calls CSBAgents ctor.
00a21d90	RBTree_InsertNodeAStar	[forge-autoname2 conf=high <- wf] malloc(0x28), constructs pair<long, CAStarState> at +0x10, calls BalanceTree. A* search tree node insertion.
00a21e80	RBTree_InsertNodeFloat2	[forge-autoname2 conf=high <- wf] malloc(0x18), stores 2 floats at +0x10/+0x14, calls BalanceTree. Tree node for float-pair coordinates.
00a21fc0	CNavigatorPathNode_Create	[forge-autoname2 conf=high <- wf] malloc(0x14), linked-list insert at offsets 0/1/4, copies waypoint data from param_2. Path node factory.
00a221b0	RBTree_InsertIfNewFloat	[forge-autoname2 conf=high <- wf] Calls FUN_00a21d90, binary search comparing floats at +0x10, sets inserted flag. Duplicate check for float keys.
00a22460	PriorityQueue_Push	[forge-autoname2 conf=high <- wf] Calls FUN_00a21cb0 (heap expand), then std::_Push_heap with float comparator. A*-like priority queue push.
00a22ca0	VectorAngle_ComputeRotation	[forge-autoname2 conf=high <- wf] Cross product (offsets +1 to +5), calls GetScaled, fpatan, fsin, fcos. Rotation angle from 3D vectors.
00a25970	CMeshDataBank_Entry_Destructor	[forge-autoname2 conf=high <- wf] Sets vtable, tree traversal to find next node, decrements refcount at +1c, calls destructor if refcount==0.
00a25b20	C3DAnimationInfo_CalcSize	[forge-autoname2 conf=high <- wf] Calls Sizeof/DoSizeof on C3DAnimation2/CVertexBufferWin32, sums with tree iteration. Animation size calculator.
00a26900	CMeshDataBank_Close	[forge-autoname2 conf=high <- wf] Calls cleanup functions FUN_00a2c910/c910/c7f0, destroys pair/CCharString, clears strings. Mesh bank finalization.
00a290e0	RBTree_Next_2	[forge-autoname2 conf=high <- wf] Identical to 009f09f0; tree successor traversal. Different instantiation/template specialization.
00a29da0	RBTree_Next_3	[forge-autoname2 conf=high <- wf] Identical to 009f09f0 and 00a290e0; tree successor. Another template specialization.
00a2a550	RBTree_Prev_2	[forge-autoname2 conf=high <- wf] Identical to 009f0b50; tree predecessor. Different template specialization.
00a2a5a0	RBTree_Prev_3	[forge-autoname2 conf=high <- wf] Identical to 009f0b50 and 00a2a550; tree predecessor. Another template instantiation.
00a2be00	std_vector_insert_4bytes_variant2	[forge-autoname2 conf=high <- wf] Identical to 00a17190 and 00a17270; vector::insert for 4-byte elements.
00a2c5c0	std_set_insert_uint	[forge-autoname2 conf=high <- wf] thiscall set insertion: traverses tree by value comparison at +0x10, calls std_set_insert. Ordered set insertion for uint.
00a2c7f0	std_vector_expand_96bytes	[forge-autoname2 conf=high <- wf] Element size 0x60 (96), calls C3DMeshInfo::C3DMeshInfo constructor, destroys on realloc. vector<C3DMeshInfo> expansion.
00a2d650	CMeshDataBank_Initialize	[forge-autoname2 conf=high <- wf] Sets vtable, malloc(0x18) and malloc(0x14), initializes linked-list sentinel patterns. Mesh bank construction.
00a2dd90	std_set_insert_CCharString	[forge-autoname2 conf=high <- wf] thiscall set insertion: calls CBasicString::operator< for tree traversal, calls std_set_insert_CCharString. Ordered string set insertion.
00a31280	std_deque_rotate	[forge-autoname2 conf=medium <- wf] Loop shifting 5 uints backward while param_2 < value. Deque rotation/reordering operation.
00a33250	std_deque_insert	[forge-autoname2 conf=medium <- wf] Copies 4-uint records backward, decrements refcount, calls _Cons_val. Deque element insertion with refcounted object copies.
00a34b00	Introsort_Partition	[forge-autoname2 conf=high <- wf] Clear partition logic with median-of-3, recursive calls, and depth threshold matching introsort pattern
00a34c00	Partition_With_Swap	[forge-autoname2 conf=medium <- wf] Partition pattern is clear but CDebugSphere claim is weak; element size math (0x70/0x38=2) is unusual
00a34d10	Vector_Destruct_Range	[forge-autoname2 conf=medium <- wf] Destructs range but misnamed - calls CCharString constructor (copy/move ctor) then function, not destruct pattern
00a35490	Introsort_Partition_CCharString	[forge-autoname2 conf=medium <- wf] Clear partition logic for 0x10 size elements with 0x100 threshold and comparison calls
00a36140	CTCInventoryAbilities_Helper_CRC	[forge-autoname2 conf=medium <- wf] Thiscall that calculates CRC and calls AddLearnedExpression twice but exact method name can't be confirmed from evidence
00a36430	HasDummyObject_Wrapper	[forge-autoname2 conf=medium <- wf] Thiscall wrapper calling C3DMeshStats::HasDummyObject but too generic to claim full class::method name
00a36480	CTCInventoryAbilities_Helper_GetCount	[forge-autoname2 conf=medium <- wf] Similar to 00a36140; calculates CRC and calls AddLearnedExpression, returns count but exact method unclear
00a371f0	CClass_AddAllocation	[forge-autoname2 conf=high <- wf] Clear evidence: thiscall on CClass with offset 4 table access, 0x18/0x14 for heads, malloc and linked list chaining
00a373b0	NHeroInformationScreens::CBase::CBase	[forge-autoname2 conf=high <- wf] Constructor pattern: calls parent CBase, sets vtable, initializes linked list with malloc
00a39010	CCRCSymbolMap::LoadFromFile	[forge-autoname2 conf=high <- wf] Thiscall on CCRCSymbolMap, CDiskFileWin32 open/read, comment removal, ParseBuffer call - file loading pattern clear
00a39cc0	CParticleMorphs::InsertEntry	[forge-autoname2 conf=medium <- wf] CWideString to CCharString conversion, CRC calculation, CVectorMap lookup, std::pair construction
00a3a410	CreateWorldLevelWad	[forge-autoname2 conf=high <- wf] Large function with clear WAD file operations, OnQuestStartScreenDisplayed calls, CDateAndTime management, file I/O
00a3d060	Vector_Reallocate_CDisplayModeDesc	[forge-autoname2 conf=high <- wf] Thiscall vector reallocation with malloc, _Copy_backward, destructor calls, element size 0x14
00a3d3e0	Vector_Erase_Single	[forge-autoname2 conf=medium <- wf] Erases element at position via FUN_00a3cf20, then destructs shrunk range elements
00a3ee50	Map_Insert_Sorted_CCharStringPair	[forge-autoname2 conf=medium <- wf] Inserts into sorted map with FUN_00a40af0 and _Med3 but doesn't prove CSortedKeysMap class specifically
00a3f860	FindFirstSetBit	[forge-autoname2 conf=high <- wf] Loop finds first bit set using (1 << (uVar1 & 0x1f)) test, returns bit index or 0xffffffff
00a40370	Vector_Insert_CCharStringPair	[forge-autoname2 conf=medium <- wf] Inserts CCharString pair in sorted order with operator< comparison, shifts elements via operator=
00a40820	Vector_Insert_Triple_CCharString	[forge-autoname2 conf=medium <- wf] Inserts triple of CCharStrings in sorted order with binary tree-like insertion pattern
00a40ef0	Vector_Shrink_Destroy_CCharString	[forge-autoname2 conf=medium <- wf] Shrinks vector by 8, destructing CCharString elements via FUN_00a40730
00a410a0	Heap_AdjustDown_CCharStringTriple	[forge-autoname2 conf=medium <- wf] Heap sift-down for binary heap of CCharString triples with child index calculation and operator< comparison
00a41840	Vector_PushBack_CCharStringTriple	[forge-autoname2 conf=medium <- wf] Pushes CCharString triple to vector, checks capacity, calls FUN_00a41390 for realloc if needed
00a41d50	Introsort_Partition_CCharStringPair	[forge-autoname2 conf=medium <- wf] Partition for 8-byte pair elements (0x8 size) using _Med3 pivot selection with 0x80 threshold
00a41ea0	Introsort_Quicksort_CCharStringPair	[forge-autoname2 conf=medium <- wf] Recursive quicksort for CCharString pairs with FUN_00a40df0 partition and _Med3 pivot selection
00a443a0	GetClosestPointOnLineSegment_DistanceSquared	[forge-autoname2 conf=high <- wf] Computes perpendicular projection of point onto line segment, calculates and returns distance squared
00a45470	CSkeletalMorph_SetMorphTarget	[forge-autoname2 conf=medium <- wf] Sets morph target by dereferencing param_2, managing refcount, adding to vector via FUN_00a46cb0
00a45b00	Vector_Insert_ConditionalShift	[forge-autoname2 conf=medium <- wf] Inserts into vector using predicate function but doesn't show CCharStringEntry class specifically
00a46e00	Introsort_Partition_With_Predicate	[forge-autoname2 conf=medium <- wf] Partition with predicate function param_5, calls FUN_00a461d0 and FUN_00a46940 for finalization
00a48580	TreeNode_FindLast	[forge-autoname2 conf=high <- wf] Tree traversal finding rightmost node by following right child at offset 0xc, then parent chain
00a4b020	Vector_Reallocate_Adaptive	[forge-autoname2 conf=high <- wf] Adaptive vector reallocation using _Uninit_copy, _Fill_n, _Copy_backward based on insertion size
00a4efc0	C3DKeyframe_InitialiseAsConstant	[forge-autoname2 conf=high <- wf] Initializes 3D keyframe from constant data: parses matrix, calculates bounds, builds quaternion/vector arrays
00a535f0	Memory_Copy_16ByteAligned	[forge-autoname2 conf=medium <- wf] Copies 16-byte aligned blocks (element size 0x10) from param_1 to param_3 with offset adjustment
00a54310	BinarySearchTree_Find	[forge-autoname2 conf=high <- wf] Binary search tree lookup traversing 0x8/0xc child pointers, uses operator< for comparison
00a54bb0	Vector_Reallocate_C2DLineF	[forge-autoname2 conf=high <- wf] Vector realloc for C2DLineF (0x10 size), mallocs new buffer, _Copy_impl data, frees old
00a5a860	Vector_ForEach_ApplyFunc	[forge-autoname2 conf=medium <- wf] Applies FUN_00a5a770 to each element in range [param_1, param_2)
00a5a9d0	Vector_InsertMany_PairFloat	[forge-autoname2 conf=medium <- wf] Inserts float pairs into vector by calculating dot products, calls VectorReallocateDouble when at capacity
00a5aaa0	Quicksort_Float	[forge-autoname2 conf=high <- wf] Quicksort for floats with median-of-3 pivot selection, two-pointer partition scan, recursive calls
00a60780	TreeNode_FindLast_RBTree	[forge-autoname2 conf=high <- wf] Red-black tree rightmost node search with identical logic to 00a48580 (follows right child then parent chain)
00a60890	TreeNode_Successor_RBTree	[forge-autoname2 conf=high <- wf] RB-tree successor node with leaf case check at offset 0, follows right child or parent chain
00a60c30	CChecksumCacheFile_Save_WithTreeRebuild	[forge-autoname2 conf=medium <- wf] Thiscall on CCharString param, calls CChecksumCacheFile::Save and BuildTreeArray, but 'LTextBinTree' class not clearly evidenced — function manipulates a tree structure but evidence doesn't confirm th
00a61360	LinkedList_FindInsertionPoint	[forge-autoname2 conf=medium <- wf] Thiscall with linked-list traversal and calls to ListNode_Insert, but 'Lower_Bound' is misleading — function traverses a linked list to find where to insert; more accurately finds insertion point via 
00a617e0	TreeNode_GetByKey	[forge-autoname2 conf=medium <- wf] Thiscall checking container validity and calling FUN_00a614b0, but rationale about 'finding a node by checking container validity and returning offset' is vague; evidence shows it constructs CWideStri
00a65390	CMemoryAllocatorVariableSize_Deallocate	[forge-autoname2 conf=high <- wf] Thiscall with CMemoryAllocatorVariableSize param, calls RemoveFromTree and VirtualFree, manages memory links — evidence clearly supports deallocation of variable-size memory region.
00a66f80	CGuiControlTreePane_Destructor	[forge-autoname2 conf=medium <- wf] Fastcall setting vtable, calls SortTreeRecursively on CGuiControlTreePane member and free, but 'NHeroInformationScreens_Destructor' is not evidenced; evidence shows destruction of CGuiControlTreePane,
00a6bec0	QuickSort_Median3_Partition	[forge-autoname2 conf=medium <- wf] Fastcall with recursive calls to itself and FUN_00a6bbb0, implements sorting; rationale claims 'introsort with median-of-three' but code shows median-of-three pivot selection followed by partitioning—
00a6ee30	std_Copy_CCharString_Array	[forge-autoname2 conf=medium <- wf] Fastcall copying 0x38-byte CCharString arrays via CCharString constructor and memcpy loop — evidence clearly shows copying array of 0x38-byte structures.
00a71be0	std_Adjust_Heap_Pair	[forge-autoname2 conf=medium <- wf] Fastcall calling _Adjust_heap with CKeyPairCompareLess comparator, but full signature with CCharString/mixed types is confusing; core operation is heap adjustment with pair comparator—simpler name mor
00a71fc0	std_Vector_Reallocate_With_Copy	[forge-autoname2 conf=medium <- wf] Thiscall vector reallocation with malloc/free and element copying via _Copy_impl and fill, but 'Copy_Constructor' is misleading; function reallocates vector with optional fill—more accurately realloca
00a720e0	std_Vector_Reallocate_Pairs	[forge-autoname2 conf=medium <- wf] Thiscall reallocating vector of pairs via malloc/free and FUN_00a6ee30 (copy), but name says 'Copy_Pair' which is vague; function reallocates and copies pair vectors via helper.
00a72cc0	std_Vector_Reallocate_Refcounted	[forge-autoname2 conf=medium <- wf] Thiscall reallocating vector with refcounted elements via _Uninit_copy and _Uninit_fill_n with reference counting, but 'Copy_Refcounted' doesn't emphasize reallocation; function reallocates vector wit
00a72fa0	QuickSort_Partition_Small	[forge-autoname2 conf=medium <- wf] Fastcall sorting 0x14-byte elements with FastCompare and FUN_00a6f610 (partition), but 'Partition' alone is misleading; rationale claims quicksort but code shows median-of-three pivot selection—more a
00a730e0	QuickSort_Partition_Large	[forge-autoname2 conf=medium <- wf] Fastcall sorting 0x38-byte elements with FastCompare and FUN_00a6f6f0 (partition), but similar to above—name matches proposed but evidence is less clear; function partitions larger elements for quicks
