--- Fable Custom Quest DLL Attached ---
--- ForgeFSE v0.1 (fork of FableScriptExtender) ---
g_LuaEntityHostVTable = 0x6d249c28
    [0] = 0x6cf993a0
    [1] = 0x6cf994d0
    [2] = 0x6cf99aa0
    [3] = 0x6cf9a520
    [4] = 0x6cf9a530
    [5] = 0x6cf9a9e0
    [6] = 0x6cf9afd0
--- Initializing Fable API Pointers ---
Module Base Address (g_fableBase): 0x400000
--- Fable API Pointers Initialized ---
--- Retail allocator override hook installed (configuration remains opt-in). ---
[RetailTransition] CMainGameComponent::Update hook installed at 0x418289 (trampoline 0x1830000).
[CardClear] 3 hooks installed: UpdateDiskCacheTexture + IsNearlyIdentical(force re-render) + StartComposition(clear).
[CutsceneCommandDiag] passive command and skip-query hooks installed.
[CutsceneSkipDiag] passive SetCutsceneMode boundary hook installed.
[CutsceneSpeechDiag] passive retail Speak boundary hook installed.
[CutsceneMoveDiag] passive retail movement boundary hooks installed.
--- Armed identity-preserving retail override for 'Q_NewOakValeIntro'. ---
--- Replacing retail allocator for 'Q_NewOakValeIntro' while preserving native identity. ---
--- Load count: 1 ---
--- Initializing Fable API Pointers ---
Module Base Address (g_fableBase): 0x400000
--- Fable API Pointers Initialized ---
[MapResourceAlias] Hook installed at OpenRetailStaticMap 0xb41e50 (trampoline 0x5690000).
--- Initializing Game Interface API from VTable ---
--- Game Interface API (All Batches) Initialized Successfully ---
--- Initializing LuaManager (in Isolated State mode) ---
    'LuaManager' initialized. States will be created per-script.
--- Lua systems initialized successfully. ---
    [RetailShadowTrace] script=QS_GuardianSisterInfo scope=Quest receiver=quest operation=Log argc=1
    [RetailShadowTrace] script=QS_GuardianSisterInfo scope=Quest receiver=quest operation=SetStateBool argc=2
    [RetailShadowTrace] script=QS_GuardianSisterInfo scope=Quest receiver=quest operation=Log argc=1
    [RetailShadowTrace] script=QS_GuardianSisterInfo scope=Quest receiver=quest operation=AddEntityBinding argc=2
    [RetailShadowTrace] script=QS_GuardianSisterInfo scope=Quest receiver=quest operation=FinalizeEntityBindings argc=0
    [RetailShadowTrace] script=QS_GuardianSisterInfo scope=Quest receiver=quest operation=GetActiveQuestName argc=0
    [RetailShadowTrace] script=QS_GuardianSisterInfo scope=Quest receiver=quest operation=SetQuestCardObjective argc=4
    [RetailShadowTrace] script=QS_GuardianSisterInfo scope=Quest receiver=quest operation=Log argc=1
    [RetailShadowTrace] script=QS_GuardianSisterInfo scope=Quest receiver=quest operation=IsRegionLoaded argc=1
    [RetailShadowTrace] script=QS_GuardianSisterInfo scope=Quest receiver=quest operation=NewScriptFrame argc=0
    [RetailShadow] completed mutation-free preflight for QS_GuardianSisterInfo
    [RetailShadowTrace] script=QS_GuardianSisterInfo2_SisterInBanditCamp scope=Quest receiver=quest operation=Log argc=1
    [RetailShadowTrace] script=QS_GuardianSisterInfo2_SisterInBanditCamp scope=Quest receiver=quest operation=SetStateBool argc=2
    [RetailShadowTrace] script=QS_GuardianSisterInfo2_SisterInBanditCamp scope=Quest receiver=quest operation=Log argc=1
    [RetailShadowTrace] script=QS_GuardianSisterInfo2_SisterInBanditCamp scope=Quest receiver=quest operation=AddEntityBinding argc=2
    [RetailShadowTrace] script=QS_GuardianSisterInfo2_SisterInBanditCamp scope=Quest receiver=quest operation=FinalizeEntityBindings argc=0
    [RetailShadowTrace] script=QS_GuardianSisterInfo2_SisterInBanditCamp scope=Quest receiver=quest operation=GetActiveQuestName argc=0
    [RetailShadowTrace] script=QS_GuardianSisterInfo2_SisterInBanditCamp scope=Quest receiver=quest operation=SetQuestCardObjective argc=4
    [RetailShadowTrace] script=QS_GuardianSisterInfo2_SisterInBanditCamp scope=Quest receiver=quest operation=Log argc=1
    [RetailShadowTrace] script=QS_GuardianSisterInfo2_SisterInBanditCamp scope=Quest receiver=quest operation=GetStateBool argc=1
    [RetailShadowTrace] script=QS_GuardianSisterInfo2_SisterInBanditCamp scope=Quest receiver=quest operation=NewScriptFrame argc=0
    [RetailShadow] completed mutation-free preflight for QS_GuardianSisterInfo2_SisterInBanditCamp
    [RetailShadowTrace] script=QS_GuardianSisterInfo2_SisterInBanditCamp::MazeAtTavern scope=Quest receiver=quest operation=GetThingWithScriptName argc=1
    [RetailShadowTrace] script=QS_GuardianSisterInfo2_SisterInBanditCamp::MazeAtTavern scope=Quest receiver=quest operation=GetHero argc=0
    [RetailShadowTrace] script=QS_GuardianSisterInfo2_SisterInBanditCamp::MazeAtTavern scope=Quest receiver=quest operation=MiniMapAddMarker argc=2
    [RetailShadowTrace] script=QS_GuardianSisterInfo2_SisterInBanditCamp::MazeAtTavern scope=Quest receiver=quest operation=SetIsPushableByHero argc=2
    [RetailShadowTrace] script=QS_GuardianSisterInfo2_SisterInBanditCamp::MazeAtTavern scope=Entity receiver=me operation=AcquireControl argc=0
    [RetailShadowTrace] script=QS_GuardianSisterInfo2_SisterInBanditCamp::MazeAtTavern scope=Quest receiver=quest operation=SetThingHasInformation argc=2
    [RetailShadowTrace] script=QS_GuardianSisterInfo2_SisterInBanditCamp::MazeAtTavern scope=Quest receiver=quest operation=RegisterTimer argc=0
    [RetailShadowTrace] script=QS_GuardianSisterInfo2_SisterInBanditCamp::MazeAtTavern scope=Quest receiver=quest operation=GetTimer argc=1
    [RetailShadowTrace] script=QS_GuardianSisterInfo2_SisterInBanditCamp::MazeAtTavern scope=Quest receiver=quest operation=GetStateBool argc=1
    [RetailShadowTrace] script=QS_GuardianSisterInfo2_SisterInBanditCamp::MazeAtTavern scope=Quest receiver=quest operation=EntitySetFacingAngleTowardsThing argc=2
    [RetailShadowTrace] script=QS_GuardianSisterInfo2_SisterInBanditCamp::MazeAtTavern scope=Entity receiver=me operation=MsgIsHitByHero argc=0
    [RetailShadowTrace] script=QS_GuardianSisterInfo2_SisterInBanditCamp::MazeAtTavern scope=Entity receiver=me operation=MsgIsHitByAnySpecialAbilityFromHero argc=0
    [RetailShadowTrace] script=QS_GuardianSisterInfo2_SisterInBanditCamp::MazeAtTavern scope=Entity receiver=me operation=IsTalkedToByHero argc=0
    [RetailShadowTrace] script=QS_GuardianSisterInfo2_SisterInBanditCamp::MazeAtTavern scope=Quest receiver=quest operation=GetStateBool argc=1
    [RetailShadowTrace] script=QS_GuardianSisterInfo2_SisterInBanditCamp::MazeAtTavern scope=Quest receiver=quest operation=NewScriptFrame argc=1
    [RetailShadowTrace] script=QS_GuardianSisterInfo2_SisterInBanditCamp::MazeAtTavern scope=Quest receiver=quest operation=DeregisterTimer argc=1
    [RetailShadowTrace] script=QS_GuardianSisterInfo2_SisterInBanditCamp::MazeAtTavern scope=Entity receiver=me operation=ReleaseControl argc=0
    [RetailShadow] completed mutation-free preflight for QS_GuardianSisterInfo2_SisterInBanditCamp::MazeAtTavern
    [RetailShadowTrace] script=QS_GuardianSisterInfo::MazeAtTavern scope=Quest receiver=quest operation=GetThingWithScriptName argc=1
    [RetailShadowTrace] script=QS_GuardianSisterInfo::MazeAtTavern scope=Quest receiver=quest operation=GetHero argc=0
    [RetailShadowTrace] script=QS_GuardianSisterInfo::MazeAtTavern scope=Entity receiver=me operation=AcquireControl argc=0
    [RetailShadowTrace] script=QS_GuardianSisterInfo::MazeAtTavern scope=Quest receiver=quest operation=EntitySetAsOpinionSourceByString argc=2
    [RetailShadowTrace] script=QS_GuardianSisterInfo::MazeAtTavern scope=Quest receiver=quest operation=MiniMapAddMarker argc=2
    [RetailShadowTrace] script=QS_GuardianSisterInfo::MazeAtTavern scope=Quest receiver=quest operation=SetThingHasInformation argc=4
    [RetailShadowTrace] script=QS_GuardianSisterInfo::MazeAtTavern scope=Quest receiver=quest operation=SetIsPushableByHero argc=2
    [RetailShadowTrace] script=QS_GuardianSisterInfo::MazeAtTavern scope=Quest receiver=quest operation=GetStateBool argc=1
    [RetailShadowTrace] script=QS_GuardianSisterInfo::MazeAtTavern scope=Quest receiver=quest operation=IsDistanceBetweenThingsUnder argc=3
    [RetailShadowTrace] script=QS_GuardianSisterInfo::MazeAtTavern scope=Quest receiver=quest operation=GetStateBool argc=1
    [RetailShadowTrace] script=QS_GuardianSisterInfo::MazeAtTavern scope=Quest receiver=quest operation=EntitySetFacingAngleTowardsThing argc=2
    [RetailShadowTrace] script=QS_GuardianSisterInfo::MazeAtTavern scope=Entity receiver=me operation=MsgIsHitByHero argc=0
    [RetailShadowTrace] script=QS_GuardianSisterInfo::MazeAtTavern scope=Entity receiver=me operation=MsgIsHitByAnySpecialAbilityFromHero argc=0
    [RetailShadowTrace] script=QS_GuardianSisterInfo::MazeAtTavern scope=Entity receiver=me operation=IsTalkedToByHero argc=0
    [RetailShadowTrace] script=QS_GuardianSisterInfo::MazeAtTavern scope=Quest receiver=quest operation=NewScriptFrame argc=1
    [RetailShadowTrace] script=QS_GuardianSisterInfo::MazeAtTavern scope=Entity receiver=me operation=ReleaseControl argc=0
    [RetailShadow] completed mutation-free preflight for QS_GuardianSisterInfo::MazeAtTavern
    [RetailShadowTrace] script=QS_GuardianTrophyDealerInfo scope=Quest receiver=quest operation=Log argc=1
    [RetailShadowTrace] script=QS_GuardianTrophyDealerInfo scope=Quest receiver=quest operation=SetStateBool argc=2
    [RetailShadowTrace] script=QS_GuardianTrophyDealerInfo scope=Quest receiver=quest operation=Log argc=1
    [RetailShadowTrace] script=QS_GuardianTrophyDealerInfo scope=Quest receiver=quest operation=AddEntityBinding argc=2
    [RetailShadowTrace] script=QS_GuardianTrophyDealerInfo scope=Quest receiver=quest operation=FinalizeEntityBindings argc=0
    [RetailShadowTrace] script=QS_GuardianTrophyDealerInfo scope=Quest receiver=quest operation=GetActiveQuestName argc=0
    [RetailShadowTrace] script=QS_GuardianTrophyDealerInfo scope=Quest receiver=quest operation=SetQuestCardObjective argc=4
    [RetailShadowTrace] script=QS_GuardianTrophyDealerInfo scope=Quest receiver=quest operation=Log argc=1
    [RetailShadowTrace] script=QS_GuardianTrophyDealerInfo scope=Quest receiver=quest operation=GetStateBool argc=1
    [RetailShadowTrace] script=QS_GuardianTrophyDealerInfo scope=Quest receiver=quest operation=NewScriptFrame argc=0
    [RetailShadow] completed mutation-free preflight for QS_GuardianTrophyDealerInfo
    [RetailShadowTrace] script=QS_GuardianTrophyDealerInfo::GTDI_Maze scope=Entity receiver=me operation=GetAngleXY argc=0
    [RetailShadowTrace] script=QS_GuardianTrophyDealerInfo::GTDI_Maze scope=Quest receiver=quest operation=GetThingWithScriptName argc=1
    [RetailShadowTrace] script=QS_GuardianTrophyDealerInfo::GTDI_Maze scope=Quest receiver=quest operation=GetHero argc=0
    [RetailShadowTrace] script=QS_GuardianTrophyDealerInfo::GTDI_Maze scope=Quest receiver=quest operation=SetThingHasInformation argc=4
    [RetailShadowTrace] script=QS_GuardianTrophyDealerInfo::GTDI_Maze scope=Entity receiver=me operation=AcquireControl argc=0
    [RetailShadowTrace] script=QS_GuardianTrophyDealerInfo::GTDI_Maze scope=Quest receiver=quest operation=EntitySetAsKillable argc=2
    [RetailShadowTrace] script=QS_GuardianTrophyDealerInfo::GTDI_Maze scope=Quest receiver=quest operation=EntitySetAsDamageable argc=2
    [RetailShadowTrace] script=QS_GuardianTrophyDealerInfo::GTDI_Maze scope=Quest receiver=quest operation=SetIsPushableByHero argc=2
    [RetailShadowTrace] script=QS_GuardianTrophyDealerInfo::GTDI_Maze scope=Quest receiver=quest operation=GetActiveQuestName argc=0
    [RetailShadowTrace] script=QS_GuardianTrophyDealerInfo::GTDI_Maze scope=Quest receiver=quest operation=KickOffQuestStartScreen argc=3
    [RetailShadowTrace] script=QS_GuardianTrophyDealerInfo::GTDI_Maze scope=Quest receiver=quest operation=MiniMapAddMarker argc=2
    [RetailShadowTrace] script=QS_GuardianTrophyDealerInfo::GTDI_Maze scope=Entity receiver=me operation=MsgIsHitByHero argc=0
    [RetailShadowTrace] script=QS_GuardianTrophyDealerInfo::GTDI_Maze scope=Entity receiver=me operation=MsgIsHitByAnySpecialAbilityFromHero argc=0
    [RetailShadowTrace] script=QS_GuardianTrophyDealerInfo::GTDI_Maze scope=Entity receiver=me operation=IsTalkedToByHero argc=0
    [RetailShadowTrace] script=QS_GuardianTrophyDealerInfo::GTDI_Maze scope=Quest receiver=quest operation=NewScriptFrame argc=1
    [RetailShadowTrace] script=QS_GuardianTrophyDealerInfo::GTDI_Maze scope=Entity receiver=me operation=ReleaseControl argc=0
    [RetailShadow] completed mutation-free preflight for QS_GuardianTrophyDealerInfo::GTDI_Maze
    [RetailShadowTrace] script=QS_MeetSister scope=Quest receiver=quest operation=Log argc=1
    [RetailShadowTrace] script=QS_MeetSister scope=Quest receiver=quest operation=Log argc=1
    [RetailShadowTrace] script=QS_MeetSister scope=Quest receiver=quest operation=AddEntityBinding argc=2
    [RetailShadowTrace] script=QS_MeetSister scope=Quest receiver=quest operation=AddEntityBinding argc=2
    [RetailShadowTrace] script=QS_MeetSister scope=Quest receiver=quest operation=FinalizeEntityBindings argc=0
    [RetailShadowTrace] script=QS_MeetSister scope=Quest receiver=quest operation=GetActiveQuestName argc=0
    [RetailShadowTrace] script=QS_MeetSister scope=Quest receiver=quest operation=SetQuestCardObjective argc=4
    [RetailShadowTrace] script=QS_MeetSister scope=Quest receiver=quest operation=Log argc=1
    [RetailShadow] completed mutation-free preflight for QS_MeetSister
    [RetailShadowTrace] script=QS_MeetSister::MeetSisterMessenger scope=Quest receiver=quest operation=GetThingWithScriptName argc=1
    [RetailShadowTrace] script=QS_MeetSister::MeetSisterMessenger scope=Quest receiver=quest operation=IsRegionLoaded argc=1
    [RetailShadowTrace] script=QS_MeetSister::MeetSisterMessenger scope=Quest receiver=quest operation=NewScriptFrame argc=1
    [RetailShadow] completed mutation-free preflight for QS_MeetSister::MeetSisterMessenger
    [RetailShadowTrace] script=QS_MeetSister::MeetSisterSister scope=Quest receiver=quest operation=GetThingWithScriptName argc=1
    [RetailShadowTrace] script=QS_MeetSister::MeetSisterSister scope=Quest receiver=quest operation=GetHero argc=0
    [RetailShadowTrace] script=QS_MeetSister::MeetSisterSister scope=Quest receiver=quest operation=PlayCutscene argc=3
    [RetailShadowTrace] script=QS_MeetSister::MeetSisterSister scope=Quest receiver=quest operation=RemoveThing argc=1
    [RetailShadowTrace] script=QS_MeetSister::MeetSisterSister scope=Quest receiver=quest operation=GetActiveQuestName argc=0
    [RetailShadowTrace] script=QS_MeetSister::MeetSisterSister scope=Quest receiver=quest operation=SetQuestAsCompleted argc=4
    [RetailShadowTrace] script=QS_MeetSister::MeetSisterSister scope=Quest receiver=quest operation=DeactivateQuestLater argc=2
    [RetailShadowTrace] script=QS_MeetSister::MeetSisterSister scope=Quest receiver=quest operation=FadeScreenIn argc=0
    [RetailShadow] completed mutation-free preflight for QS_MeetSister::MeetSisterSister
    [RetailShadowTrace] script=Q_HerosOldHouse scope=Quest receiver=quest operation=Log argc=1
    [RetailShadowTrace] script=Q_HerosOldHouse scope=Quest receiver=quest operation=SetStateBool argc=2
    [RetailShadowTrace] script=Q_HerosOldHouse scope=Quest receiver=quest operation=SetStateBool argc=2
    [RetailShadowTrace] script=Q_HerosOldHouse scope=Quest receiver=quest operation=SetStateBool argc=2
    [RetailShadowTrace] script=Q_HerosOldHouse scope=Quest receiver=quest operation=SetStateBool argc=2
    [RetailShadowTrace] script=Q_HerosOldHouse scope=Quest receiver=quest operation=SetStateBool argc=2
    [RetailShadowTrace] script=Q_HerosOldHouse scope=Quest receiver=quest operation=SetStateBool argc=2
    [RetailShadowTrace] script=Q_HerosOldHouse scope=Quest receiver=quest operation=Log argc=1
    [RetailShadowTrace] script=Q_HerosOldHouse scope=Quest receiver=quest operation=IsRegionLoaded argc=1
    [RetailShadowTrace] script=Q_HerosOldHouse scope=Quest receiver=quest operation=NewScriptFrame argc=0
    [RetailShadow] completed mutation-free preflight for Q_HerosOldHouse
    [RetailShadowTrace] script=Q_HerosOldHouse::ExtraBooty scope=Quest receiver=quest operation=Log argc=1
    [RetailShadowTrace] script=Q_HerosOldHouse::ExtraBooty scope=Quest receiver=quest operation=IsDiggingSpotEnabled argc=1
    [RetailShadowTrace] script=Q_HerosOldHouse::ExtraBooty scope=Quest receiver=quest operation=Log argc=1
    [RetailShadowTrace] script=Q_HerosOldHouse::ExtraBooty scope=Quest receiver=quest operation=SetStateBool argc=2
    [RetailShadowTrace] script=Q_HerosOldHouse::ExtraBooty scope=Quest receiver=quest operation=GetStateBool argc=1
    [RetailShadowTrace] script=Q_HerosOldHouse::ExtraBooty scope=Quest receiver=quest operation=GetActiveQuestName argc=0
    [RetailShadowTrace] script=Q_HerosOldHouse::ExtraBooty scope=Quest receiver=quest operation=SetQuestAsCompleted argc=4
    [RetailShadowTrace] script=Q_HerosOldHouse::ExtraBooty scope=Quest receiver=quest operation=Log argc=1
    [RetailShadow] completed mutation-free preflight for Q_HerosOldHouse::ExtraBooty
    [RetailShadowTrace] script=Q_HerosOldHouse::FishermansWife scope=Entity receiver=me operation=GetAngleXY argc=0
    [RetailShadowTrace] script=Q_HerosOldHouse::FishermansWife scope=Quest receiver=quest operation=EntitySetTargetingType argc=2
    [RetailShadowTrace] script=Q_HerosOldHouse::FishermansWife scope=Quest receiver=quest operation=SetThingHasInformation argc=4
    [RetailShadowTrace] script=Q_HerosOldHouse::FishermansWife scope=Quest receiver=quest operation=GetStateBool argc=1
    [RetailShadowTrace] script=Q_HerosOldHouse::FishermansWife scope=Quest receiver=quest operation=Log argc=1
    [RetailShadowTrace] script=Q_HerosOldHouse::FishermansWife scope=Quest receiver=quest operation=GetHero argc=0
    [RetailShadowTrace] script=Q_HerosOldHouse::FishermansWife scope=Quest receiver=quest operation=GetThingWithScriptName argc=1
    [RetailShadowTrace] script=Q_HerosOldHouse::FishermansWife scope=Quest receiver=quest operation=GetThingWithScriptName argc=1
    [RetailShadowTrace] script=Q_HerosOldHouse::FishermansWife scope=Entity receiver=me operation=AcquireControl argc=0
    [RetailShadowTrace] script=Q_HerosOldHouse::FishermansWife scope=Quest receiver=quest operation=EntitySetAsKillable argc=2
    [RetailShadowTrace] script=Q_HerosOldHouse::FishermansWife scope=Entity receiver=me operation=SetIsPushableByHero argc=1
    [RetailShadowTrace] script=Q_HerosOldHouse::FishermansWife scope=Quest receiver=quest operation=EntitySetTargetingType argc=2
    [RetailShadowTrace] script=Q_HerosOldHouse::FishermansWife scope=Quest receiver=quest operation=SetThingHasInformation argc=4
    [RetailShadowTrace] script=Q_HerosOldHouse::FishermansWife scope=Quest receiver=quest operation=RegisterTimer argc=0
    [RetailShadowTrace] script=Q_HerosOldHouse::FishermansWife scope=Quest receiver=quest operation=SetTimer argc=2
    [RetailShadowTrace] script=Q_HerosOldHouse::FishermansWife scope=Quest receiver=quest operation=GetTimer argc=1
    [RetailShadowTrace] script=Q_HerosOldHouse::FishermansWife scope=Entity receiver=me operation=IsTalkedToByHero argc=0
    [RetailShadowTrace] script=Q_HerosOldHouse::FishermansWife scope=Entity receiver=me operation=MsgIsHitByHero argc=0
    [RetailShadowTrace] script=Q_HerosOldHouse::FishermansWife scope=Entity receiver=me operation=MsgIsHitByAnySpecialAbilityFromHero argc=0
    [RetailShadowTrace] script=Q_HerosOldHouse::FishermansWife scope=Quest receiver=quest operation=NewScriptFrame argc=1
    [RetailShadowTrace] script=Q_HerosOldHouse::FishermansWife scope=Quest receiver=quest operation=DeregisterTimer argc=1
    [RetailShadowTrace] script=Q_HerosOldHouse::FishermansWife scope=Entity receiver=me operation=ReleaseControl argc=0
    [RetailShadow] completed mutation-free preflight for Q_HerosOldHouse::FishermansWife
    [RetailShadowTrace] script=Q_HerosOldHouse::GhostFisherman scope=Quest receiver=quest operation=EntitySetAsAbleToWalkThroughSolidObjects argc=2
    [RetailShadowTrace] script=Q_HerosOldHouse::GhostFisherman scope=Quest receiver=quest operation=EntitySetAsDamageable argc=2
    [RetailShadowTrace] script=Q_HerosOldHouse::GhostFisherman scope=Quest receiver=quest operation=SetIsThingForcePushable argc=2
    [RetailShadowTrace] script=Q_HerosOldHouse::GhostFisherman scope=Quest receiver=quest operation=EntitySetAsKillable argc=2
    [RetailShadowTrace] script=Q_HerosOldHouse::GhostFisherman scope=Quest receiver=quest operation=EntitySetTargetingType argc=2
    [RetailShadowTrace] script=Q_HerosOldHouse::GhostFisherman scope=Quest receiver=quest operation=EntitySetAsOpinionSourceByString argc=2
    [RetailShadowTrace] script=Q_HerosOldHouse::GhostFisherman scope=Quest receiver=quest operation=SetThingHasInformation argc=4
    [RetailShadowTrace] script=Q_HerosOldHouse::GhostFisherman scope=Quest receiver=quest operation=GetStateBool argc=1
    [RetailShadowTrace] script=Q_HerosOldHouse::GhostFisherman scope=Quest receiver=quest operation=MiniMapAddMarker argc=2
    [RetailShadowTrace] script=Q_HerosOldHouse::GhostFisherman scope=Quest receiver=quest operation=Log argc=1
    [RetailShadowTrace] script=Q_HerosOldHouse::GhostFisherman scope=Quest receiver=quest operation=GetHero argc=0
    [RetailShadowTrace] script=Q_HerosOldHouse::GhostFisherman scope=Quest receiver=quest operation=GetThingWithScriptName argc=1
    [RetailShadowTrace] script=Q_HerosOldHouse::GhostFisherman scope=Entity receiver=me operation=AcquireControl argc=0
    [RetailShadowTrace] script=Q_HerosOldHouse::GhostFisherman scope=Quest receiver=quest operation=EntitySetTargetingType argc=2
    [RetailShadowTrace] script=Q_HerosOldHouse::GhostFisherman scope=Quest receiver=quest operation=SetThingHasInformation argc=4
    [RetailShadowTrace] script=Q_HerosOldHouse::GhostFisherman scope=Quest receiver=quest operation=RegisterTimer argc=0
    [RetailShadowTrace] script=Q_HerosOldHouse::GhostFisherman scope=Quest receiver=quest operation=SetTimer argc=2
    [RetailShadowTrace] script=Q_HerosOldHouse::GhostFisherman scope=Quest receiver=quest operation=GetStateBool argc=1
    [RetailShadowTrace] script=Q_HerosOldHouse::GhostFisherman scope=Quest receiver=quest operation=IsDistanceBetweenThingsUnder argc=3
    [RetailShadowTrace] script=Q_HerosOldHouse::GhostFisherman scope=Quest receiver=quest operation=GetStateBool argc=1
    [RetailShadowTrace] script=Q_HerosOldHouse::GhostFisherman scope=Quest receiver=quest operation=IsDiggingSpotEnabled argc=1
    [RetailShadowTrace] script=Q_HerosOldHouse::GhostFisherman scope=Quest receiver=quest operation=SetStateBool argc=2
    [RetailShadowTrace] script=Q_HerosOldHouse::GhostFisherman scope=Quest receiver=quest operation=FadeOutAndKillEntity argc=4
    [RetailShadowTrace] script=Q_HerosOldHouse::GhostFisherman scope=Quest receiver=quest operation=DeregisterTimer argc=1
    [RetailShadowTrace] script=Q_HerosOldHouse::GhostFisherman scope=Entity receiver=me operation=ReleaseControl argc=0
    [RetailShadow] completed mutation-free preflight for Q_HerosOldHouse::GhostFisherman
    [RetailShadowTrace] script=V_MazeResearch scope=Quest receiver=quest operation=Log argc=1
    [RetailShadowTrace] script=V_MazeResearch scope=Quest receiver=quest operation=Log argc=1
    [RetailShadowTrace] script=V_MazeResearch scope=Quest receiver=quest operation=AddEntityBinding argc=2
    [RetailShadowTrace] script=V_MazeResearch scope=Quest receiver=quest operation=AddEntityBinding argc=2
    [RetailShadowTrace] script=V_MazeResearch scope=Quest receiver=quest operation=FinalizeEntityBindings argc=0
    [RetailShadowTrace] script=V_MazeResearch scope=Quest receiver=quest operation=GetActiveQuestName argc=0
    [RetailShadowTrace] script=V_MazeResearch scope=Quest receiver=quest operation=SetQuestCardObjective argc=4
    [RetailShadowTrace] script=V_MazeResearch scope=Quest receiver=quest operation=Log argc=1
    [RetailShadow] completed mutation-free preflight for V_MazeResearch
    [RetailShadowTrace] script=V_MazeResearch::EmptyGrave scope=Quest receiver=quest operation=GetThingWithScriptName argc=1
    [RetailShadowTrace] script=V_MazeResearch::EmptyGrave scope=Quest receiver=quest operation=GetStateBool argc=1
    [RetailShadowTrace] script=V_MazeResearch::EmptyGrave scope=Quest receiver=quest operation=GetThingWithScriptName argc=1
    [RetailShadowTrace] script=V_MazeResearch::EmptyGrave scope=Quest receiver=quest operation=EntitySetInLimbo argc=2
    [RetailShadowTrace] script=V_MazeResearch::EmptyGrave scope=Entity receiver=me operation=MsgIsUsedByHero argc=0
    [RetailShadowTrace] script=V_MazeResearch::EmptyGrave scope=Quest receiver=quest operation=NewScriptFrame argc=1
    [RetailShadow] completed mutation-free preflight for V_MazeResearch::EmptyGrave
    [RetailShadowTrace] script=V_MazeResearch::HistoryBookcase scope=Quest receiver=quest operation=GetThingWithScriptName argc=1
    [RetailShadowTrace] script=V_MazeResearch::HistoryBookcase scope=Quest receiver=quest operation=GetStateBool argc=1
    [RetailShadowTrace] script=V_MazeResearch::HistoryBookcase scope=Quest receiver=quest operation=SetThingAsUsable argc=2
    [RetailShadowTrace] script=V_MazeResearch::HistoryBookcase scope=Quest receiver=quest operation=MiniMapAddMarker argc=2
    [RetailShadowTrace] script=V_MazeResearch::HistoryBookcase scope=Entity receiver=me operation=MsgIsUsedByHero argc=0
    [RetailShadowTrace] script=V_MazeResearch::HistoryBookcase scope=Quest receiver=quest operation=NewScriptFrame argc=1
    [RetailShadow] completed mutation-free preflight for V_MazeResearch::HistoryBookcase
--- Retail shadow preflight complete: passed=16 failed=0 (engine bindings unavailable by design). ---
--- Reading quests.lua definitions... ---
    Loading config from: C:\Programs\Steam\steamapps\common\Fable The Lost Chapters/FSE/quests.lua
!!! WARNING: No valid quest definitions were loaded from quests.lua.
--- Quests.lua definitions read and sorted. ---
--- Quest registry (FinalAlbion.qst) already up to date. ---
--- First-time script registration (populating g_scriptInfos)... ---
--- Custom scripts registered with the game. ---
[StaticMapProbe] opening 'Data\Levels\FinalAlbion\LookoutPoint.lev'.
[StaticMapProbe] opening 'Data\Levels\FinalAlbion\PicnicArea.lev'.
[StaticMapProbe] opening 'Data\Levels\FinalAlbion\BowerstoneSlumsWarehouses.lev'.
[StaticMapProbe] opening 'Data\Levels\FinalAlbion\BowerstoneBridge.lev'.
[StaticMapProbe] opening 'Data\Levels\FinalAlbion\Greatwood_1.lev'.
[StaticMapProbe] opening 'Data\Levels\FinalAlbion\Greatwood_2.lev'.
[StaticMapProbe] opening 'Data\Levels\FinalAlbion\Greatwood_3.lev'.
[StaticMapProbe] opening 'Data\Levels\FinalAlbion\Greatwood_4.lev'.
[StaticMapProbe] opening 'Data\Levels\FinalAlbion\OrchardFarm.lev'.
[StaticMapProbe] opening 'Data\Levels\FinalAlbion\OrchardFarmEast.lev'.
[StaticMapProbe] opening 'Data\Levels\FinalAlbion\GreatwoodTeleport.lev'.
[StaticMapProbe] opening 'Data\Levels\FinalAlbion\GrannysHouse.lev'.
[StaticMapProbe] opening 'Data\Levels\FinalAlbion\GreatwoodHobbeCave.lev'.
[StaticMapProbe] opening 'Data\Levels\FinalAlbion\BanditCampMain.lev'.
[StaticMapProbe] opening 'Data\Levels\FinalAlbion\BanditCampResidential.lev'.
[StaticMapProbe] opening 'Data\Levels\FinalAlbion\BanditCampBoss.lev'.
[StaticMapProbe] opening 'Data\Levels\FinalAlbion\BanditCampPath_1.lev'.
[StaticMapProbe] opening 'Data\Levels\FinalAlbion\Darkwood.lev'.
[StaticMapProbe] opening 'Data\Levels\FinalAlbion\ExecutionTree.lev'.
[StaticMapProbe] opening 'Data\Levels\FinalAlbion\Graveyard_1.lev'.
[StaticMapProbe] opening 'Data\Levels\FinalAlbion\GraveyardCircle.lev'.
[StaticMapProbe] opening 'Data\Levels\FinalAlbion\KrakenChamber.lev'.
[StaticMapProbe] opening 'Data\Levels\FinalAlbion\PrisonCells_1.lev'.
[StaticMapProbe] opening 'Data\Levels\FinalAlbion\PrisonSecretPassage.lev'.
[StaticMapProbe] opening 'Data\Levels\FinalAlbion\PrisonCells_2.lev'.
[StaticMapProbe] opening 'Data\Levels\FinalAlbion\KnotholeGlade.lev'.
[StaticMapProbe] opening 'Data\Levels\FinalAlbion\Arena.lev'.
[StaticMapProbe] opening 'Data\Levels\FinalAlbion\Witchwood.lev'.
[StaticMapProbe] opening 'Data\Levels\FinalAlbion\Witchwood_2.lev'.
[StaticMapProbe] opening 'Data\Levels\FinalAlbion\ArenaCells.lev'.
[StaticMapProbe] opening 'Data\Levels\FinalAlbion\HookCoast.lev'.
[StaticMapProbe] opening 'Data\Levels\FinalAlbion\GraveyardEntrance.lev'.
[StaticMapProbe] opening 'Data\Levels\FinalAlbion\HeroDualAreaCave.lev'.
[StaticMapProbe] opening 'Data\Levels\FinalAlbion\DarkwoodChapel.lev'.
[StaticMapProbe] opening 'Data\Levels\FinalAlbion\Darkwood_3.lev'.
[StaticMapProbe] opening 'Data\Levels\FinalAlbion\Darkwood_4.lev'.
[StaticMapProbe] opening 'Data\Levels\FinalAlbion\Darkwood_5.lev'.
[StaticMapProbe] opening 'Data\Levels\FinalAlbion\Darkwood_6.lev'.
[StaticMapProbe] opening 'Data\Levels\FinalAlbion\Darkwood_7.lev'.
[StaticMapProbe] opening 'Data\Levels\FinalAlbion\Darkwood_8.lev'.
[StaticMapProbe] opening 'Data\Levels\FinalAlbion\Darkwood_9.lev'.
[StaticMapProbe] opening 'Data\Levels\FinalAlbion\Darkwood_10.lev'.
[StaticMapProbe] opening 'Data\Levels\FinalAlbion\Darkwood_11.lev'.
[StaticMapProbe] opening 'Data\Levels\FinalAlbion\BarrowFields.lev'.
[StaticMapProbe] opening 'Data\Levels\FinalAlbion\Witchwood_3.lev'.
[StaticMapProbe] opening 'Data\Levels\FinalAlbion\Witchwood_4.lev'.
[StaticMapProbe] opening 'Data\Levels\FinalAlbion\Witchwood_5.lev'.
[StaticMapProbe] opening 'Data\Levels\FinalAlbion\Witchwood_6.lev'.
[StaticMapProbe] opening 'Data\Levels\FinalAlbion\Witchwood_7.lev'.
[StaticMapProbe] opening 'Data\Levels\FinalAlbion\FrescoDome.lev'.
[StaticMapProbe] opening 'Data\Levels\FinalAlbion\Witchwood_9.lev'.
[StaticMapProbe] opening 'Data\Levels\FinalAlbion\WitchwoodCavern.lev'.
[StaticMapProbe] opening 'Data\Levels\FinalAlbion\HauntedHouse.lev'.
[StaticMapProbe] opening 'Data\Levels\FinalAlbion\PrisonCells_3.lev'.
[StaticMapProbe] opening 'Data\Levels\FinalAlbion\PrisonCourtyard.lev'.
[StaticMapProbe] opening 'Data\Levels\FinalAlbion\KnotholeGladeMainTown.lev'.
[StaticMapProbe] opening 'Data\Levels\FinalAlbion\BanditCampPathEntrance.lev'.
[StaticMapProbe] opening 'Data\Levels\FinalAlbion\Fisherman.lev'.
[StaticMapProbe] opening 'Data\Levels\FinalAlbion\ArenaHallOfHeroes.lev'.
[StaticMapProbe] opening 'Data\Levels\FinalAlbion\ArenaExterior.lev'.
[StaticMapProbe] opening 'Data\Levels\FinalAlbion\GraveyardPath.lev'.
[StaticMapProbe] opening 'Data\Levels\FinalAlbion\TeleporterGreatwood.lev'.
[StaticMapProbe] opening 'Data\Levels\FinalAlbion\Filler01.lev'.
[StaticMapProbe] opening 'Data\Levels\FinalAlbion\BowerstonePosh.lev'.
[StaticMapProbe] opening 'Data\Levels\FinalAlbion\GreatwoodBanditToll.lev'.
[StaticMapProbe] opening 'Data\Levels\FinalAlbion\GraveyardSecretPassage_1.lev'.
[StaticMapProbe] opening 'Data\Levels\FinalAlbion\PrisonBarracks.lev'.
[StaticMapProbe] opening 'Data\Levels\FinalAlbion\PrisonOffice.lev'.
[StaticMapProbe] opening 'Data\Levels\FinalAlbion\PrisonTortureChamber.lev'.
[StaticMapProbe] opening 'Data\Levels\FinalAlbion\HeroGuildComplexInside.lev'.
[StaticMapProbe] opening 'Data\Levels\FinalAlbion\HauntedHouseCellar.lev'.
[StaticMapProbe] opening 'Data\Levels\FinalAlbion\MayorsHouseHallway.lev'.
[StaticMapProbe] opening 'Data\Levels\FinalAlbion\MayorsHouseBedroom.lev'.
[StaticMapProbe] opening 'Data\Levels\FinalAlbion\BowerstoneTavernCellar.lev'.
[StaticMapProbe] opening 'Data\Levels\FinalAlbion\PrisonSecretPassageExterior.lev'.
[StaticMapProbe] opening 'Data\Levels\FinalAlbion\BowerstoneJail.lev'.
[StaticMapProbe] opening 'Data\Levels\FinalAlbion\DesertedFarm.lev'.
[StaticMapProbe] opening 'Data\Levels\FinalAlbion\GibbetWoods.lev'.
[StaticMapProbe] opening 'Data\Levels\FinalAlbion\PrisonIsland.lev'.
[StaticMapProbe] opening 'Data\Levels\FinalAlbion\GraveyardFiller02.lev'.
[StaticMapProbe] opening 'Data\Levels\FinalAlbion\PrisonPath.lev'.
[StaticMapProbe] opening 'Data\Levels\FinalAlbion\PicnicArea_Filler_02.lev'.
[StaticMapProbe] opening 'Data\Levels\FinalAlbion\FrescoCaves.lev'.
[StaticMapProbe] opening 'Data\Levels\FinalAlbion\GuildWoods.lev'.
[StaticMapProbe] opening 'Data\Levels\FinalAlbion\PicnicArea_Filler_01.lev'.
[StaticMapProbe] opening 'Data\Levels\FinalAlbion\GuildExterior.lev'.
[StaticMapProbe] opening 'Data\Levels\FinalAlbion\HobbeCaveEntranceTunnel.lev'.
[StaticMapProbe] opening 'Data\Levels\FinalAlbion\HobbeCaveLarder.lev'.
[StaticMapProbe] opening 'Data\Levels\FinalAlbion\HobbeCaveSideRoom.lev'.
[StaticMapProbe] opening 'Data\Levels\FinalAlbion\HobbeCaveMainChamber.lev'.
[StaticMapProbe] opening 'Data\Levels\FinalAlbion\HobbeCaveNymphChamber.lev'.
[StaticMapProbe] opening 'Data\Levels\FinalAlbion\OrchardFarmFiller_01.lev'.
[StaticMapProbe] opening 'Data\Levels\FinalAlbion\GreatwoodLakeFiller_01.lev'.
[StaticMapProbe] opening 'Data\Levels\FinalAlbion\BanditTollFiller_01.lev'.
[StaticMapProbe] opening 'Data\Levels\FinalAlbion\PicnicArea_Filler_03.lev'.
[StaticMapProbe] opening 'Data\Levels\FinalAlbion\Filler_GrannysHouse_01.lev'.
[StaticMapProbe] opening 'Data\Levels\FinalAlbion\Filler_GrannysHouse_02.lev'.
[StaticMapProbe] opening 'Data\Levels\FinalAlbion\OakVale_Filler_01.lev'.
[StaticMapProbe] opening 'Data\Levels\FinalAlbion\OakVale_Filler_02.lev'.
[StaticMapProbe] opening 'Data\Levels\FinalAlbion\OakVale_Filler_03.lev'.
[StaticMapProbe] opening 'Data\Levels\FinalAlbion\OakVale_Sea_01.lev'.
[StaticMapProbe] opening 'Data\Levels\FinalAlbion\OakVale_Sea_02.lev'.
[StaticMapProbe] opening 'Data\Levels\FinalAlbion\OakVale_Sea_03.lev'.
[StaticMapProbe] opening 'Data\Levels\FinalAlbion\OakVale_Sea_04.lev'.
[StaticMapProbe] opening 'Data\Levels\FinalAlbion\OakVale_Sea_05.lev'.
[StaticMapProbe] opening 'Data\Levels\FinalAlbion\OakVale_Sea_06.lev'.
[StaticMapProbe] opening 'Data\Levels\FinalAlbion\BanditCampPath_Filler_01.lev'.
[StaticMapProbe] opening 'Data\Levels\FinalAlbion\BanditCampPath_Filler_02.lev'.
[StaticMapProbe] opening 'Data\Levels\FinalAlbion\BanditCampPath_Filler_03.lev'.
[StaticMapProbe] opening 'Data\Levels\FinalAlbion\BanditCampPath_Filler_04.lev'.
[StaticMapProbe] opening 'Data\Levels\FinalAlbion\BanditCampPath_Filler_05.lev'.
[StaticMapProbe] opening 'Data\Levels\FinalAlbion\BanditCampPath_Filler_06.lev'.
[StaticMapProbe] opening 'Data\Levels\FinalAlbion\OakVale_Filler_04.lev'.
[StaticMapProbe] opening 'Data\Levels\FinalAlbion\BanditCampPath_Filler_07.lev'.
[StaticMapProbe] opening 'Data\Levels\FinalAlbion\BanditCampPath_Filler_08.lev'.
[StaticMapProbe] opening 'Data\Levels\FinalAlbion\BanditCamp_Filler_01.lev'.
[StaticMapProbe] opening 'Data\Levels\FinalAlbion\BarrowFields_Filler_01.lev'.
[StaticMapProbe] opening 'Data\Levels\FinalAlbion\BanditCamp_Filler_02.lev'.
[StaticMapProbe] opening 'Data\Levels\FinalAlbion\BanditCamp_Filler_03.lev'.
[StaticMapProbe] opening 'Data\Levels\FinalAlbion\BanditCamp_Filler_04.lev'.
[StaticMapProbe] opening 'Data\Levels\FinalAlbion\BanditCamp_Filler_05.lev'.
[StaticMapProbe] opening 'Data\Levels\FinalAlbion\BanditCamp_Filler_06.lev'.
[StaticMapProbe] opening 'Data\Levels\FinalAlbion\BarrowFields_Filler_02.lev'.
[StaticMapProbe] opening 'Data\Levels\FinalAlbion\BarrowFields_Filler_03.lev'.
[StaticMapProbe] opening 'Data\Levels\FinalAlbion\BarrowFields_Filler_04.lev'.
[StaticMapProbe] opening 'Data\Levels\FinalAlbion\BarrowFields_Filler_05.lev'.
[StaticMapProbe] opening 'Data\Levels\FinalAlbion\Witchwood_Filler_01.lev'.
[StaticMapProbe] opening 'Data\Levels\FinalAlbion\Witchwood_Leadout_04.lev'.
[StaticMapProbe] opening 'Data\Levels\FinalAlbion\Witchwood_Filler_03.lev'.
[StaticMapProbe] opening 'Data\Levels\FinalAlbion\Witchwood_Filler_04.lev'.
[StaticMapProbe] opening 'Data\Levels\FinalAlbion\Witchwood_Filler_05.lev'.
[StaticMapProbe] opening 'Data\Levels\FinalAlbion\Witchwood_Filler_06.lev'.
[StaticMapProbe] opening 'Data\Levels\FinalAlbion\Witchwood_Leadout_02.lev'.
[StaticMapProbe] opening 'Data\Levels\FinalAlbion\Witchwood_Leadout_06.lev'.
[StaticMapProbe] opening 'Data\Levels\FinalAlbion\Witchwood_Filler_09.lev'.
[StaticMapProbe] opening 'Data\Levels\FinalAlbion\Witchwood_Filler_10.lev'.
[StaticMapProbe] opening 'Data\Levels\FinalAlbion\Witchwood_Filler_11.lev'.
[StaticMapProbe] opening 'Data\Levels\FinalAlbion\Witchwood_Filler_12.lev'.
[StaticMapProbe] opening 'Data\Levels\FinalAlbion\Witchwood_Filler_13.lev'.
[StaticMapProbe] opening 'Data\Levels\FinalAlbion\BanditCampPath_Filler_09.lev'.
[StaticMapProbe] opening 'Data\Levels\FinalAlbion\Witchwood_Filler_14.lev'.
[StaticMapProbe] opening 'Data\Levels\FinalAlbion\Witchwood_Filler_16.lev'.
[StaticMapProbe] opening 'Data\Levels\FinalAlbion\KnotholeGlade_Filler_01.lev'.
[StaticMapProbe] opening 'Data\Levels\FinalAlbion\KnotholeGlade_Filler_02.lev'.
[StaticMapProbe] opening 'Data\Levels\FinalAlbion\GraveyardFiller01.lev'.
[StaticMapProbe] opening 'Data\Levels\FinalAlbion\GraveyardPathFiller01.lev'.
[StaticMapProbe] opening 'Data\Levels\FinalAlbion\GraveyardPathFiller02.lev'.
[StaticMapProbe] opening 'Data\Levels\FinalAlbion\GraveyardPathFiller03.lev'.
[StaticMapProbe] opening 'Data\Levels\FinalAlbion\GibbetWoodsFiller01.lev'.
[StaticMapProbe] opening 'Data\Levels\FinalAlbion\GibbetWoodsFiller02.lev'.
[StaticMapProbe] opening 'Data\Levels\FinalAlbion\PrisonPathFiller01.lev'.
[StaticMapProbe] opening 'Data\Levels\FinalAlbion\Witchwood_Filler_15.lev'.
[StaticMapProbe] opening 'Data\Levels\FinalAlbion\HauntedHouse_Filler_01.lev'.
[StaticMapProbe] opening 'Data\Levels\FinalAlbion\Darkwood10_Leadout_01.lev'.
[StaticMapProbe] opening 'Data\Levels\FinalAlbion\Darkwood9_Leadout_01.lev'.
[StaticMapProbe] opening 'Data\Levels\FinalAlbion\Darkwood8_Leadout_01.lev'.
[StaticMapProbe] opening 'Data\Levels\FinalAlbion\Darkwood7_Leadout_01.lev'.
[StaticMapProbe] opening 'Data\Levels\FinalAlbion\Darkwood7_Leadout_02.lev'.
[StaticMapProbe] opening 'Data\Levels\FinalAlbion\Darkwood7_Leadout_03.lev'.
[StaticMapProbe] opening 'Data\Levels\FinalAlbion\DarkwoodChapel_Leadout_01.lev'.
[StaticMapProbe] opening 'Data\Levels\FinalAlbion\Darkwood6_Leadout_01.lev'.
[StaticMapProbe] opening 'Data\Levels\FinalAlbion\Darkwood5_Leadout_01.lev'.
[StaticMapProbe] opening 'Data\Levels\FinalAlbion\Darkwood4_Leadout_01.lev'.
[StaticMapProbe] opening 'Data\Levels\FinalAlbion\Darkwood3_Leadout_01.lev'.
[StaticMapProbe] opening 'Data\Levels\FinalAlbion\Darkwood_Leadout_01.lev'.
[StaticMapProbe] opening 'Data\Levels\FinalAlbion\Darkwood_Leadout_02.lev'.
[StaticMapProbe] opening 'Data\Levels\FinalAlbion\BanditCampPath_Filler_10.lev'.
[StaticMapProbe] opening 'Data\Levels\FinalAlbion\BanditCampPath_Filler_11.lev'.
[StaticMapProbe] opening 'Data\Levels\FinalAlbion\Witchwood_Filler_24.lev'.
[StaticMapProbe] opening 'Data\Levels\FinalAlbion\Witchwood_Filler_18.lev'.
[StaticMapProbe] opening 'Data\Levels\FinalAlbion\Witchwood_Leadout_03.lev'.
[StaticMapProbe] opening 'Data\Levels\FinalAlbion\Witchwood_Leadout_05.lev'.
[StaticMapProbe] opening 'Data\Levels\FinalAlbion\Witchwood_Filler_21.lev'.
[StaticMapProbe] opening 'Data\Levels\FinalAlbion\Witchwood_Filler_22.lev'.
[StaticMapProbe] opening 'Data\Levels\FinalAlbion\Darkwood_Filler_01.lev'.
[StaticMapProbe] opening 'Data\Levels\FinalAlbion\Darkwood_Filler_02.lev'.
[StaticMapProbe] opening 'Data\Levels\FinalAlbion\Darkwood_Filler_03.lev'.
[StaticMapProbe] opening 'Data\Levels\FinalAlbion\Darkwood_Filler_04.lev'.
[StaticMapProbe] opening 'Data\Levels\FinalAlbion\Darkwood_Filler_05.lev'.
[StaticMapProbe] opening 'Data\Levels\FinalAlbion\Darkwood_Filler_06.lev'.
[StaticMapProbe] opening 'Data\Levels\FinalAlbion\Darkwood_Filler_07.lev'.
[StaticMapProbe] opening 'Data\Levels\FinalAlbion\Darkwood_Filler_08.lev'.
[StaticMapProbe] opening 'Data\Levels\FinalAlbion\Darkwood_Filler_09.lev'.
[StaticMapProbe] opening 'Data\Levels\FinalAlbion\Darkwood_Filler_10.lev'.
[StaticMapProbe] opening 'Data\Levels\FinalAlbion\Darkwood_Filler_11.lev'.
[StaticMapProbe] opening 'Data\Levels\FinalAlbion\Darkwood_Filler_12.lev'.
[StaticMapProbe] opening 'Data\Levels\FinalAlbion\Darkwood_Filler_13.lev'.
[StaticMapProbe] opening 'Data\Levels\FinalAlbion\Darkwood_Filler_14.lev'.
[StaticMapProbe] opening 'Data\Levels\FinalAlbion\Darkwood_Filler_15.lev'.
[StaticMapProbe] opening 'Data\Levels\FinalAlbion\Darkwood_Filler_16.lev'.
[StaticMapProbe] opening 'Data\Levels\FinalAlbion\Darkwood_Filler_17.lev'.
[StaticMapProbe] opening 'Data\Levels\FinalAlbion\Darkwood_Filler_18.lev'.
[StaticMapProbe] opening 'Data\Levels\FinalAlbion\Darkwood_Filler_19.lev'.
[StaticMapProbe] opening 'Data\Levels\FinalAlbion\Darkwood_Filler_20.lev'.
[StaticMapProbe] opening 'Data\Levels\FinalAlbion\Darkwood_Filler_21.lev'.
[StaticMapProbe] opening 'Data\Levels\FinalAlbion\Darkwood_Filler_22.lev'.
[StaticMapProbe] opening 'Data\Levels\FinalAlbion\Darkwood_Filler_23.lev'.
[StaticMapProbe] opening 'Data\Levels\FinalAlbion\Darkwood_Filler_24.lev'.
[StaticMapProbe] opening 'Data\Levels\FinalAlbion\Darkwood_Filler_25.lev'.
[StaticMapProbe] opening 'Data\Levels\FinalAlbion\Darkwood_Filler_26.lev'.
[StaticMapProbe] opening 'Data\Levels\FinalAlbion\Darkwood_Filler_27.lev'.
[StaticMapProbe] opening 'Data\Levels\FinalAlbion\Darkwood_Filler_28.lev'.
[StaticMapProbe] opening 'Data\Levels\FinalAlbion\StartOakValeWest.lev'.
[StaticMapProbe] opening 'Data\Levels\FinalAlbion\StartOakValeEast.lev'.
[StaticMapProbe] opening 'Data\Levels\FinalAlbion\StartOakvaleMemorialGarden.lev'.
[StaticMapProbe] opening 'Data\Levels\FinalAlbion\Witchwood_Leadout_01.lev'.
[StaticMapProbe] opening 'Data\Levels\FinalAlbion\Witchwood_Filler_26.lev'.
[StaticMapProbe] opening 'Data\Levels\FinalAlbion\Witchwood_Filler_25.lev'.
[StaticMapProbe] opening 'Data\Levels\FinalAlbion\Darkwood_Filler_29.lev'.
[StaticMapProbe] opening 'Data\Levels\FinalAlbion\Darkwood_Filler_30.lev'.
[StaticMapProbe] opening 'Data\Levels\FinalAlbion\KnotholeGlade_Leadout_01.lev'.
[StaticMapProbe] opening 'Data\Levels\FinalAlbion\KnotholeGlade_Leadout_02.lev'.
[StaticMapProbe] opening 'Data\Levels\FinalAlbion\Witchwood_Filler_27.lev'.
[StaticMapProbe] opening 'Data\Levels\FinalAlbion\KnotholeGlade_Filler_03.lev'.
[StaticMapProbe] opening 'Data\Levels\FinalAlbion\Witchwood_Filler_28.lev'.
[StaticMapProbe] opening 'Data\Levels\FinalAlbion\Witchwood_Filler_29.lev'.
[StaticMapProbe] opening 'Data\Levels\FinalAlbion\Witchwood_Leadout_08.lev'.
[StaticMapProbe] opening 'Data\Levels\FinalAlbion\Arena_Leadout_01.lev'.
[StaticMapProbe] opening 'Data\Levels\FinalAlbion\Arena_Filler_02.lev'.
[StaticMapProbe] opening 'Data\Levels\FinalAlbion\Arena_Filler_01.lev'.
[StaticMapProbe] opening 'Data\Levels\FinalAlbion\Darkwood_Filler_31.lev'.
[StaticMapProbe] opening 'Data\Levels\FinalAlbion\BarrowFields_Filler_07.lev'.
[StaticMapProbe] opening 'Data\Levels\FinalAlbion\Greatwood_Filler_01.lev'.
[StaticMapProbe] opening 'Data\Levels\FinalAlbion\Greatwood_Filler_02.lev'.
[StaticMapProbe] opening 'Data\Levels\FinalAlbion\Greatwood_Filler_03.lev'.
[StaticMapProbe] opening 'Data\Levels\FinalAlbion\Greatwood_Filler_04.lev'.
[StaticMapProbe] opening 'Data\Levels\FinalAlbion\Greatwood_Filler_05.lev'.
[StaticMapProbe] opening 'Data\Levels\FinalAlbion\Greatwood_Filler_06.lev'.
[StaticMapProbe] opening 'Data\Levels\FinalAlbion\Greatwood_Filler_07.lev'.
[StaticMapProbe] opening 'Data\Levels\FinalAlbion\Greatwood_Filler_08.lev'.
[StaticMapProbe] opening 'Data\Levels\FinalAlbion\Greatwood_Filler_09.lev'.
[StaticMapProbe] opening 'Data\Levels\FinalAlbion\OrchardFarm_Filler_01.lev'.
[StaticMapProbe] opening 'Data\Levels\FinalAlbion\OrchardFarm_Filler_02.lev'.
[StaticMapProbe] opening 'Data\Levels\FinalAlbion\Witchwood_Filler_30.lev'.
[StaticMapProbe] opening 'Data\Levels\FinalAlbion\Witchwood_Filler_31.lev'.
[StaticMapProbe] opening 'Data\Levels\FinalAlbion\Bowerstone_Filler_01.lev'.
[StaticMapProbe] opening 'Data\Levels\FinalAlbion\Bowerstone_Filler_02.lev'.
[StaticMapProbe] opening 'Data\Levels\FinalAlbion\Bowerstone_Filler_03.lev'.
[StaticMapProbe] opening 'Data\Levels\FinalAlbion\Bowerstone_Filler_04.lev'.
[StaticMapProbe] opening 'Data\Levels\FinalAlbion\Bowerstone_Filler_05.lev'.
[StaticMapProbe] opening 'Data\Levels\FinalAlbion\LookoutPoint_Filler_01.lev'.
[StaticMapProbe] opening 'Data\Levels\FinalAlbion\LookoutPoint_Filler_04.lev'.
[StaticMapProbe] opening 'Data\Levels\FinalAlbion\Hookcoast_Filler_01.lev'.
[StaticMapProbe] opening 'Data\Levels\FinalAlbion\Hookcoast_Filler_02.lev'.
[StaticMapProbe] opening 'Data\Levels\FinalAlbion\LookoutPoint_Filler_05.lev'.
[StaticMapProbe] opening 'Data\Levels\FinalAlbion\LookoutPoint_Filler_02.lev'.
[StaticMapProbe] opening 'Data\Levels\FinalAlbion\LookoutPoint_Filler_03.lev'.
[StaticMapProbe] opening 'Data\Levels\FinalAlbion\BowerstoneSlums_Filler_01.lev'.
[StaticMapProbe] opening 'Data\Levels\FinalAlbion\BowerstoneSlums_Filler_02.lev'.
[StaticMapProbe] opening 'Data\Levels\FinalAlbion\BowerstoneSlums_Filler_03.lev'.
[StaticMapProbe] opening 'Data\Levels\FinalAlbion\DragonCliff_02.lev'.
[StaticMapProbe] opening 'Data\Levels\FinalAlbion\LookoutPoint_Filler_06.lev'.
[StaticMapProbe] opening 'Data\Levels\FinalAlbion\DesertedFarm_Leadout_01.lev'.
[StaticMapProbe] opening 'Data\Levels\FinalAlbion\GibbetWoods_Leadout_01.lev'.
[StaticMapProbe] opening 'Data\Levels\FinalAlbion\Bowerstone_Filler_06.lev'.
[StaticMapProbe] opening 'Data\Levels\FinalAlbion\BowerstoneJail_Filler_01.lev'.
[StaticMapProbe] opening 'Data\Levels\FinalAlbion\BowerstoneJail_Filler_02.lev'.
[StaticMapProbe] opening 'Data\Levels\FinalAlbion\DesertedFarm_Filler_01.lev'.
[StaticMapProbe] opening 'Data\Levels\FinalAlbion\DesertedFarm_Filler_02.lev'.
[StaticMapProbe] opening 'Data\Levels\FinalAlbion\ExecutionTree_Filler_01.lev'.
[StaticMapProbe] opening 'Data\Levels\FinalAlbion\DemonDoor_BanditCampPath.lev'.
[StaticMapProbe] opening 'Data\Levels\FinalAlbion\DemonDoor_Barrowfields.lev'.
[StaticMapProbe] opening 'Data\Levels\FinalAlbion\DemonDoor_DarkwoodSporeSwamp.lev'.
[StaticMapProbe] opening 'Data\Levels\FinalAlbion\DemonDoor_GreatwoodBanditToll.lev'.
[StaticMapProbe] opening 'Data\Levels\FinalAlbion\DemonDoor_GreatwoodCaves.lev'.
[StaticMapProbe] opening 'Data\Levels\FinalAlbion\DemonDoor_GreatwoodGrannysHouse.lev'.
[StaticMapProbe] opening 'Data\Levels\FinalAlbion\DemonDoor_HauntedHouse.lev'.
[StaticMapProbe] opening 'Data\Levels\FinalAlbion\DemonDoor_Guild.lev'.
[StaticMapProbe] opening 'Data\Levels\FinalAlbion\DemonDoor_KnotholeGlade.lev'.
[StaticMapProbe] opening 'Data\Levels\FinalAlbion\HeroGuild_Filler_01.lev'.
[StaticMapProbe] opening 'Data\Levels\FinalAlbion\HeroGuild_Filler_02.lev'.
[StaticMapProbe] opening 'Data\Levels\FinalAlbion\HeroGuild_Filler_03.lev'.
[StaticMapProbe] opening 'Data\Levels\FinalAlbion\HookCoast_Filler_03.lev'.
[StaticMapProbe] opening 'Data\Levels\FinalAlbion\DesertedFarm_Filler_03.lev'.
[StaticMapProbe] opening 'Data\Levels\FinalAlbion\HeroGuild_Filler_04.lev'.
[StaticMapProbe] opening 'Data\Levels\FinalAlbion\HeroGuild_Filler_05.lev'.
[StaticMapProbe] opening 'Data\Levels\FinalAlbion\PrisonSecretPassageExterior_Filler_01.lev'.
[StaticMapProbe] opening 'Data\Levels\FinalAlbion\HeroGuild_Filler_06.lev'.
[StaticMapProbe] opening 'Data\Levels\FinalAlbion\PrisonPath_Leadout_01.lev'.
[StaticMapProbe] opening 'Data\Levels\FinalAlbion\HauntedHouse_Filler_02.lev'.
[StaticMapProbe] opening 'Data\Levels\FinalAlbion\GraveyardFiller03.lev'.
[StaticMapProbe] opening 'Data\Levels\FinalAlbion\ExecutionTree_Filler_02.lev'.
[StaticMapProbe] opening 'Data\Levels\FinalAlbion\Darkwood_Filler_32.lev'.
[StaticMapProbe] opening 'Data\Levels\FinalAlbion\BanditCampPath_Filler_12.lev'.
[StaticMapProbe] opening 'Data\Levels\FinalAlbion\StartOakVale_Filler_02.lev'.
[StaticMapProbe] opening 'Data\Levels\FinalAlbion\StartOakVale_Sea_01.lev'.
[StaticMapProbe] opening 'Data\Levels\FinalAlbion\StartOakVale_Sea_02.lev'.
[StaticMapProbe] opening 'Data\Levels\FinalAlbion\StartOakVale_Sea_03.lev'.
[StaticMapProbe] opening 'Data\Levels\FinalAlbion\StartOakVale_Filler_03.lev'.
[StaticMapProbe] opening 'Data\Levels\FinalAlbion\StartOakVale_Sea_04.lev'.
[StaticMapProbe] opening 'Data\Levels\FinalAlbion\StartOakVale_Filler_04.lev'.
[StaticMapProbe] opening 'Data\Levels\FinalAlbion\StartOakVale_Filler_01.lev'.
[StaticMapProbe] opening 'Data\Levels\FinalAlbion\StartOakVale_Filler_05.lev'.
[StaticMapProbe] opening 'Data\Levels\FinalAlbion\DemonDoor_BanditCampPath_Filler_01.lev'.
[StaticMapProbe] opening 'Data\Levels\FinalAlbion\DemonDoor_BanditCampPath_Filler_02.lev'.
[StaticMapProbe] opening 'Data\Levels\FinalAlbion\DemonDoor_BanditCampPath_Filler_03.lev'.
[StaticMapProbe] opening 'Data\Levels\FinalAlbion\DemonDoor_BanditCampPath_Filler_04.lev'.
[StaticMapProbe] opening 'Data\Levels\FinalAlbion\DemonDoor_Barrowfields_Filler_01.lev'.
[StaticMapProbe] opening 'Data\Levels\FinalAlbion\DemonDoor_Barrowfields_Filler_02.lev'.
[StaticMapProbe] opening 'Data\Levels\FinalAlbion\DemonDoor_Barrowfields_Filler_03.lev'.
[StaticMapProbe] opening 'Data\Levels\FinalAlbion\DemonDoor_Barrowfields_Filler_04.lev'.
[StaticMapProbe] opening 'Data\Levels\FinalAlbion\DemonDoor_HauntedHouse_Filler_01.lev'.
[StaticMapProbe] opening 'Data\Levels\FinalAlbion\DemonDoor_HauntedHouse_Filler_02.lev'.
[StaticMapProbe] opening 'Data\Levels\FinalAlbion\DemonDoor_HauntedHouse_Filler_03.lev'.
[StaticMapProbe] opening 'Data\Levels\FinalAlbion\DemonDoor_HauntedHouse_Filler_04.lev'.
[StaticMapProbe] opening 'Data\Levels\FinalAlbion\DemonDoor_DarkwoodSporeSwamp_Filler_01.lev'.
[StaticMapProbe] opening 'Data\Levels\FinalAlbion\DemonDoor_DarkwoodSporeSwamp_Filler_02.lev'.
[StaticMapProbe] opening 'Data\Levels\FinalAlbion\DemonDoor_DarkwoodSporeSwamp_Filler_03.lev'.
[StaticMapProbe] opening 'Data\Levels\FinalAlbion\DemonDoor_DarkwoodSporeSwamp_Filler_04.lev'.
[StaticMapProbe] opening 'Data\Levels\FinalAlbion\DemonDoor_GreatwoodBanditTol_Filler_01.lev'.
[StaticMapProbe] opening 'Data\Levels\FinalAlbion\DemonDoor_GreatwoodBanditTol_Filler_02.lev'.
[StaticMapProbe] opening 'Data\Levels\FinalAlbion\DemonDoor_GreatwoodBanditTol_Filler_03.lev'.
[StaticMapProbe] opening 'Data\Levels\FinalAlbion\DemonDoor_GreatwoodBanditTol_Filler_04.lev'.
[StaticMapProbe] opening 'Data\Levels\FinalAlbion\DemonDoor_GreatwoodCaves_Filler_01.lev'.
[StaticMapProbe] opening 'Data\Levels\FinalAlbion\DemonDoor_GreatwoodCaves_Filler_02.lev'.
[StaticMapProbe] opening 'Data\Levels\FinalAlbion\DemonDoor_GreatwoodCaves_Filler_03.lev'.
[StaticMapProbe] opening 'Data\Levels\FinalAlbion\DemonDoor_GreatwoodCaves_Filler_04.lev'.
[StaticMapProbe] opening 'Data\Levels\FinalAlbion\DemonDoor_KnotholeGlade_Filler_01.lev'.
[StaticMapProbe] opening 'Data\Levels\FinalAlbion\DemonDoor_KnotholeGlade_Filler_02.lev'.
[StaticMapProbe] opening 'Data\Levels\FinalAlbion\DemonDoor_KnotholeGlade_Filler_03.lev'.
[StaticMapProbe] opening 'Data\Levels\FinalAlbion\DemonDoor_KnotholeGlade_Filler_04.lev'.
[StaticMapProbe] opening 'Data\Levels\FinalAlbion\DemonDoor_Guild_Filler_01.lev'.
[StaticMapProbe] opening 'Data\Levels\FinalAlbion\DemonDoor_Guild_Filler_02.lev'.
[StaticMapProbe] opening 'Data\Levels\FinalAlbion\DemonDoor_Guild_Filler_03.lev'.
[StaticMapProbe] opening 'Data\Levels\FinalAlbion\DemonDoor_Guild_Filler_04.lev'.
[StaticMapProbe] opening 'Data\Levels\creature_hub.lev'.
[StaticMapProbe] opening 'Data\Levels\FinalAlbion\PrisonPathFiller02.lev'.
[StaticMapProbe] opening 'Data\Levels\FinalAlbion\DesertedFarm_Filler_04.lev'.
[StaticMapProbe] opening 'Data\Levels\FinalAlbion\LookoutPoint_Filler_07.lev'.
[StaticMapProbe] opening 'Data\Levels\FinalAlbion\HobbeCaveNymphFocal.lev'.
[StaticMapProbe] opening 'Data\Levels\FinalAlbion\GraveyardPathFiller04.lev'.
[StaticMapProbe] opening 'Data\Levels\FinalAlbion\BanditCampPath_Filler_13.lev'.
[StaticMapProbe] opening 'Data\Levels\FinalAlbion\HookCoast_Sea_01.lev'.
[StaticMapProbe] opening 'Data\Levels\FinalAlbion\HookCoast_Sea_02.lev'.
[StaticMapProbe] opening 'Data\Levels\FinalAlbion\Witchwood_Filler_07.lev'.
[StaticMapProbe] opening 'Data\Levels\FinalAlbion\OakValeWest_v2.lev'.
[StaticMapProbe] opening 'Data\Levels\FinalAlbion\OakValeEast_v2.lev'.
[StaticMapProbe] opening 'Data\Levels\FinalAlbion\OakvaleMemorialGarden_v2.lev'.
[StaticMapProbe] opening 'Data\Levels\FinalAlbion\BowerstoneSlums_v2.lev'.
[StaticMapProbe] opening 'Data\Levels\FinalAlbion\OakvaleFiller_07.lev'.
[StaticMapProbe] opening 'Data\Levels\FinalAlbion\SnowspireVillage.lev'.
[StaticMapProbe] opening 'Data\Levels\FinalAlbion\NorthernWastes3.lev'.
[StaticMapProbe] opening 'Data\Levels\FinalAlbion\NorthernWastes2.lev'.
[StaticMapProbe] opening 'Data\Levels\FinalAlbion\NorthernWastes1.lev'.
[StaticMapProbe] opening 'Data\Levels\FinalAlbion\LostBay.lev'.
[StaticMapProbe] opening 'Data\Levels\FinalAlbion\LostBay_Leadout_01.lev'.
[StaticMapProbe] opening 'Data\Levels\FinalAlbion\NorthernWastes1_Leadout_01.lev'.
[StaticMapProbe] opening 'Data\Levels\FinalAlbion\NorthernWastes3_Leadout_03.lev'.
[StaticMapProbe] opening 'Data\Levels\FinalAlbion\NorthernWastes3_Leadout_01.lev'.
[StaticMapProbe] opening 'Data\Levels\FinalAlbion\NorthernWastes3_Leadout_02.lev'.
[StaticMapProbe] opening 'Data\Levels\FinalAlbion\Bordello.lev'.
[StaticMapProbe] opening 'Data\Levels\FinalAlbion\DemonDoor_LookoutPoint.lev'.
[StaticMapProbe] opening 'Data\Levels\FinalAlbion\Bordello_Filler_04.lev'.
[StaticMapProbe] opening 'Data\Levels\FinalAlbion\Bordello_Filler_01.lev'.
[StaticMapProbe] opening 'Data\Levels\FinalAlbion\Bordello_Filler_02.lev'.
[StaticMapProbe] opening 'Data\Levels\FinalAlbion\Bordello_Filler_03.lev'.
[StaticMapProbe] opening 'Data\Levels\FinalAlbion\LostBay_Filler_01.lev'.
[StaticMapProbe] opening 'Data\Levels\FinalAlbion\LostBay_Filler_02.lev'.
[StaticMapProbe] opening 'Data\Levels\FinalAlbion\NorthernWastes1_Filler_01.lev'.
[StaticMapProbe] opening 'Data\Levels\FinalAlbion\LostBay_Filler_03.lev'.
[StaticMapProbe] opening 'Data\Levels\FinalAlbion\LostBay_Filler_04.lev'.
[StaticMapProbe] opening 'Data\Levels\FinalAlbion\LostBay_Filler_05.lev'.
[StaticMapProbe] opening 'Data\Levels\FinalAlbion\NorthernWastes1_Filler_02.lev'.
[StaticMapProbe] opening 'Data\Levels\FinalAlbion\NorthernWastes1_Filler_03.lev'.
[StaticMapProbe] opening 'Data\Levels\FinalAlbion\NorthernWastes1_Filler_04.lev'.
[StaticMapProbe] opening 'Data\Levels\FinalAlbion\LostBay_Filler_06.lev'.
[StaticMapProbe] opening 'Data\Levels\FinalAlbion\NorthernWastes3_Filler_01.lev'.
[StaticMapProbe] opening 'Data\Levels\FinalAlbion\NorthernWastes3_Filler_02.lev'.
[StaticMapProbe] opening 'Data\Levels\FinalAlbion\NorthernWastes3_Filler_03.lev'.
[StaticMapProbe] opening 'Data\Levels\FinalAlbion\NorthernWastes3_Filler_04.lev'.
[StaticMapProbe] opening 'Data\Levels\FinalAlbion\NorthernWastes3_Filler_05.lev'.
[StaticMapProbe] opening 'Data\Levels\FinalAlbion\NorthernWastes3_Filler_06.lev'.
[StaticMapProbe] opening 'Data\Levels\FinalAlbion\NorthernWastes3_Filler_07.lev'.
[StaticMapProbe] opening 'Data\Levels\FinalAlbion\DragonCliff_Filler_01.lev'.
[StaticMapProbe] opening 'Data\Levels\FinalAlbion\DragonCliff_Filler_02.lev'.
[StaticMapProbe] opening 'Data\Levels\FinalAlbion\DragonCliff_Filler_03.lev'.
[StaticMapProbe] opening 'Data\Levels\FinalAlbion\DragonCliff_Filler_04.lev'.
[StaticMapProbe] opening 'Data\Levels\FinalAlbion\DemonDoor_Bordello.lev'.
[StaticMapProbe] opening 'Data\Levels\FinalAlbion\DemonDoor_Bordello_Filler_01.lev'.
[StaticMapProbe] opening 'Data\Levels\FinalAlbion\DemonDoor_Bordello_Filler_02.lev'.
[StaticMapProbe] opening 'Data\Levels\FinalAlbion\DemonDoor_Bordello_Filler_03.lev'.
[StaticMapProbe] opening 'Data\Levels\FinalAlbion\DemonDoor_Bordello_Filler_04.lev'.
[StaticMapProbe] opening 'Data\Levels\FinalAlbion\DemonDoor_Necropolis.lev'.
[StaticMapProbe] opening 'Data\Levels\FinalAlbion\DemonDoor_Necropolis_Filler_01.lev'.
[StaticMapProbe] opening 'Data\Levels\FinalAlbion\DemonDoor_Necropolis_Filler_02.lev'.
[StaticMapProbe] opening 'Data\Levels\FinalAlbion\DemonDoor_Necropolis_Filler_03.lev'.
[StaticMapProbe] opening 'Data\Levels\FinalAlbion\DemonDoor_Necropolis_Filler_04.lev'.
[StaticMapProbe] opening 'Data\Levels\FinalAlbion\SnowspireVillage_Filler_01.lev'.
[StaticMapProbe] opening 'Data\Levels\FinalAlbion\SnowspireVillage_Filler_02.lev'.
[StaticMapProbe] opening 'Data\Levels\FinalAlbion\SnowspireVillage_Filler_03.lev'.
[StaticMapProbe] opening 'Data\Levels\FinalAlbion\NorthernWastes1_Filler_05.lev'.
[StaticMapProbe] opening 'Data\Levels\FinalAlbion\SnowspireVillage_Vista_01.lev'.
[StaticMapProbe] opening 'Data\Levels\FinalAlbion\DragonCliff_Vista_01.lev'.
[StaticMapProbe] opening 'Data\Levels\FinalAlbion\DragonCliff_Vista_02.lev'.
[StaticMapProbe] opening 'Data\Levels\FinalAlbion\NorthernWastes1_Filler_06.lev'.
[StaticMapProbe] opening 'Data\Levels\FinalAlbion\LostBay_Filler_07.lev'.
[StaticMapProbe] opening 'Data\Levels\FinalAlbion\NorthernWastes3_Filler_08.lev'.
[StaticMapProbe] opening 'Data\Levels\FinalAlbion\NorthernWastes3_Filler_09.lev'.
[StaticMapProbe] opening 'Data\Levels\FinalAlbion\ForgeTest64.lev'.
[StaticMapProbe] opened state=1 bankIndex=426 bounds=(3328,2304,72)..(3392,2368,83.962)
    [LuaManager] Registering all C++ bindings in new state...
    'Quest','CScriptThing' and 'CPersistContext' usertypes created and bound in Lua.
    LuaQuestState object created.
    (Quest) LuaQuestHost for 'NewOakValeIntro/NewOakValeIntro' created, owning its state AND isolated Lua VM (Fiber-to-Lua-Thread enabled).
--- Quest 'NewOakValeIntro/NewOakValeIntro': C++ Init() phase ---
    Loading quest script from: C:\Programs\Steam\steamapps\common\Fable The Lost Chapters/FSE/NewOakValeIntro/NewOakValeIntro.lua
[NewOakValeIntro/NewOakValeIntro] Registered game timer with ID: 1
[NewOakValeIntro/NewOakValeIntro] Registered game timer with ID: 2
--- Quest 'NewOakValeIntro/NewOakValeIntro': C++ Main() phase ---
[NewOakValeIntro/NewOakValeIntro] NOVI_AUTHORITY activeName=Q_NewOakValeIntro native=true legacy=false
[NewOakValeIntro/NewOakValeIntro] Binding entity 'NOVI_LiveFather' to script 'NewOakValeIntro/Entities/NOVI_LiveFather'...
[NewOakValeIntro/NewOakValeIntro] Binding entity 'NOVI_Theresa' to script 'NewOakValeIntro/Entities/NOVI_Theresa'...
[NewOakValeIntro/NewOakValeIntro] Binding entity 'NOVI_Guard' to script 'NewOakValeIntro/Entities/NOVI_Guard'...
[NewOakValeIntro/NewOakValeIntro] Binding entity 'NOVI_Villager' to script 'NewOakValeIntro/Entities/NOVI_Villager'...
[NewOakValeIntro/NewOakValeIntro] Binding entity 'NOVI_Bully' to script 'NewOakValeIntro/Entities/NOVI_Bully'...
[NewOakValeIntro/NewOakValeIntro] Binding entity 'NOVI_Victim' to script 'NewOakValeIntro/Entities/NOVI_Victim'...
[NewOakValeIntro/NewOakValeIntro] Binding entity 'NOVI_TeddyGirl' to script 'NewOakValeIntro/Entities/NOVI_TeddyGirl'...
[NewOakValeIntro/NewOakValeIntro] Binding entity 'NOVI_AffairMan' to script 'NewOakValeIntro/Entities/NOVI_AffairMan'...
[NewOakValeIntro/NewOakValeIntro] Binding entity 'NOVI_AffairWoman' to script 'NewOakValeIntro/Entities/NOVI_AffairWoman'...
[NewOakValeIntro/NewOakValeIntro] Binding entity 'NOVI_AffairWife' to script 'NewOakValeIntro/Entities/NOVI_AffairWife'...
[NewOakValeIntro/NewOakValeIntro] Binding entity 'NOVI_BookTrader' to script 'NewOakValeIntro/Entities/NOVI_BookTrader'...
[NewOakValeIntro/NewOakValeIntro] Binding entity 'NOVI_BarrelMan' to script 'NewOakValeIntro/Entities/NOVI_BarrelMan'...
[NewOakValeIntro/NewOakValeIntro] Binding entity 'NOVI_BarrelThug' to script 'NewOakValeIntro/Entities/NOVI_BarrelThug'...
[NewOakValeIntro/NewOakValeIntro] Binding entity 'NOVI_Barrel' to script 'NewOakValeIntro/Entities/NOVI_Barrel'...
[NewOakValeIntro/NewOakValeIntro] Binding entity 'NOVI_CreatedBeetle' to script 'NewOakValeIntro/Entities/NOVI_CreatedBeetle'...
[NewOakValeIntro/NewOakValeIntro] Binding entity 'OVI_DeadFather' to script 'NewOakValeIntro/Entities/OVI_DeadFather'...
[NewOakValeIntro/NewOakValeIntro] Finalizing all entity bindings...
[NewOakValeIntro/NewOakValeIntro]     Binding successful.
[NewOakValeIntro/NewOakValeIntro]     Binding successful.
[NewOakValeIntro/NewOakValeIntro]     Binding successful.
[NewOakValeIntro/NewOakValeIntro]     Binding successful.
[NewOakValeIntro/NewOakValeIntro]     Binding successful.
[NewOakValeIntro/NewOakValeIntro]     Binding successful.
[NewOakValeIntro/NewOakValeIntro]     Binding successful.
[NewOakValeIntro/NewOakValeIntro]     Binding successful.
[NewOakValeIntro/NewOakValeIntro]     Binding successful.
[NewOakValeIntro/NewOakValeIntro]     Binding successful.
[NewOakValeIntro/NewOakValeIntro]     Binding successful.
[NewOakValeIntro/NewOakValeIntro]     Binding successful.
[NewOakValeIntro/NewOakValeIntro]     Binding successful.
[NewOakValeIntro/NewOakValeIntro]     Binding successful.
[NewOakValeIntro/NewOakValeIntro]     Binding successful.
[NewOakValeIntro/NewOakValeIntro]     Binding successful.
[NewOakValeIntro/NewOakValeIntro]     Finalization complete.
    Thread 'StartBarrelTimer' registered in slot #0 for region ''
    Thread 'WatchBarrels' registered in slot #1 for region ''
    Thread 'WatchForGotGold' registered in slot #2 for region ''
    Thread 'ManageQuestCoreMarkers' registered in slot #3 for region ''
[EntityAllocator<13>] === ENTRY ===
[EntityAllocator<13>] Script: NewOakValeIntro/Entities/NOVI_Barrel
[EntityAllocator<13>] Creating LuaEntityHost...
    [LuaManager] Registered entity script data for host at 0x118f72f0
    [LuaManager] Registering all C++ bindings in new state...
    'Quest','CScriptThing' and 'CPersistContext' usertypes created and bound in Lua.
[EntityAllocator<13>] LuaEntityHost created: this = 0x118f72f0
[EntityAllocator<13>] Allocating RefCount block...
[EntityAllocator<13>] RefCount block created successfully (using CustomEntityHostDeleter).
[EntityAllocator<13>] === EXIT ===
    Loading entity script from: C:\Programs\Steam\steamapps\common\Fable The Lost Chapters/FSE/NewOakValeIntro/Entities/NOVI_Barrel.lua
    [LuaEntityHost::Init] Script file loaded for 'NewOakValeIntro/Entities/NOVI_Barrel'.
    [LuaEntityHost::Init] Lifecycle functions resolved for 'NewOakValeIntro/Entities/NOVI_Barrel'.
    [LuaEntityHost::Init] >>>>> ENTERING LUA INIT for 'NewOakValeIntro/Entities/NOVI_Barrel' <<<<<
    [LuaEntityHost::Init] >>>>> EXITED LUA INIT for 'NewOakValeIntro/Entities/NOVI_Barrel' <<<<<
[EntityAllocator<13>] === ENTRY ===
[EntityAllocator<13>] Script: NewOakValeIntro/Entities/NOVI_Barrel
[EntityAllocator<13>] Creating LuaEntityHost...
    [LuaManager] Registered entity script data for host at 0x11ae2cc8
    [LuaManager] Registering all C++ bindings in new state...
    'Quest','CScriptThing' and 'CPersistContext' usertypes created and bound in Lua.
[EntityAllocator<13>] LuaEntityHost created: this = 0x11ae2cc8
[EntityAllocator<13>] Allocating RefCount block...
[EntityAllocator<13>] RefCount block created successfully (using CustomEntityHostDeleter).
[EntityAllocator<13>] === EXIT ===
    Loading entity script from: C:\Programs\Steam\steamapps\common\Fable The Lost Chapters/FSE/NewOakValeIntro/Entities/NOVI_Barrel.lua
    [LuaEntityHost::Init] Script file loaded for 'NewOakValeIntro/Entities/NOVI_Barrel'.
    [LuaEntityHost::Init] Lifecycle functions resolved for 'NewOakValeIntro/Entities/NOVI_Barrel'.
    [LuaEntityHost::Init] >>>>> ENTERING LUA INIT for 'NewOakValeIntro/Entities/NOVI_Barrel' <<<<<
    [LuaEntityHost::Init] >>>>> EXITED LUA INIT for 'NewOakValeIntro/Entities/NOVI_Barrel' <<<<<
[EntityAllocator<13>] === ENTRY ===
[EntityAllocator<13>] Script: NewOakValeIntro/Entities/NOVI_Barrel
[EntityAllocator<13>] Creating LuaEntityHost...
    [LuaManager] Registered entity script data for host at 0x1524d788
    [LuaManager] Registering all C++ bindings in new state...
    'Quest','CScriptThing' and 'CPersistContext' usertypes created and bound in Lua.
[EntityAllocator<13>] LuaEntityHost created: this = 0x1524d788
[EntityAllocator<13>] Allocating RefCount block...
[EntityAllocator<13>] RefCount block created successfully (using CustomEntityHostDeleter).
[EntityAllocator<13>] === EXIT ===
    Loading entity script from: C:\Programs\Steam\steamapps\common\Fable The Lost Chapters/FSE/NewOakValeIntro/Entities/NOVI_Barrel.lua
    [LuaEntityHost::Init] Script file loaded for 'NewOakValeIntro/Entities/NOVI_Barrel'.
    [LuaEntityHost::Init] Lifecycle functions resolved for 'NewOakValeIntro/Entities/NOVI_Barrel'.
    [LuaEntityHost::Init] >>>>> ENTERING LUA INIT for 'NewOakValeIntro/Entities/NOVI_Barrel' <<<<<
    [LuaEntityHost::Init] >>>>> EXITED LUA INIT for 'NewOakValeIntro/Entities/NOVI_Barrel' <<<<<
[EntityAllocator<6>] === ENTRY ===
[EntityAllocator<6>] Script: NewOakValeIntro/Entities/NOVI_TeddyGirl
[EntityAllocator<6>] Creating LuaEntityHost...
    [LuaManager] Registered entity script data for host at 0x15323a08
    [LuaManager] Registering all C++ bindings in new state...
    'Quest','CScriptThing' and 'CPersistContext' usertypes created and bound in Lua.
[EntityAllocator<6>] LuaEntityHost created: this = 0x15323a08
[EntityAllocator<6>] Allocating RefCount block...
[EntityAllocator<6>] RefCount block created successfully (using CustomEntityHostDeleter).
[EntityAllocator<6>] === EXIT ===
    Loading entity script from: C:\Programs\Steam\steamapps\common\Fable The Lost Chapters/FSE/NewOakValeIntro/Entities/NOVI_TeddyGirl.lua
    [LuaEntityHost::Init] Script file loaded for 'NewOakValeIntro/Entities/NOVI_TeddyGirl'.
    [LuaEntityHost::Init] Lifecycle functions resolved for 'NewOakValeIntro/Entities/NOVI_TeddyGirl'.
    [LuaEntityHost::Init] >>>>> ENTERING LUA INIT for 'NewOakValeIntro/Entities/NOVI_TeddyGirl' <<<<<
    [LuaEntityHost::Init] >>>>> EXITED LUA INIT for 'NewOakValeIntro/Entities/NOVI_TeddyGirl' <<<<<
[EntityAllocator<7>] === ENTRY ===
[EntityAllocator<7>] Script: NewOakValeIntro/Entities/NOVI_AffairMan
[EntityAllocator<7>] Creating LuaEntityHost...
    [LuaManager] Registered entity script data for host at 0x151a3240
    [LuaManager] Registering all C++ bindings in new state...
    'Quest','CScriptThing' and 'CPersistContext' usertypes created and bound in Lua.
[EntityAllocator<7>] LuaEntityHost created: this = 0x151a3240
[EntityAllocator<7>] Allocating RefCount block...
[EntityAllocator<7>] RefCount block created successfully (using CustomEntityHostDeleter).
[EntityAllocator<7>] === EXIT ===
    Loading entity script from: C:\Programs\Steam\steamapps\common\Fable The Lost Chapters/FSE/NewOakValeIntro/Entities/NOVI_AffairMan.lua
    [LuaEntityHost::Init] Script file loaded for 'NewOakValeIntro/Entities/NOVI_AffairMan'.
    [LuaEntityHost::Init] Lifecycle functions resolved for 'NewOakValeIntro/Entities/NOVI_AffairMan'.
    [LuaEntityHost::Init] >>>>> ENTERING LUA INIT for 'NewOakValeIntro/Entities/NOVI_AffairMan' <<<<<
    [LuaEntityHost::Init] >>>>> EXITED LUA INIT for 'NewOakValeIntro/Entities/NOVI_AffairMan' <<<<<
[EntityAllocator<8>] === ENTRY ===
[EntityAllocator<8>] Script: NewOakValeIntro/Entities/NOVI_AffairWoman
[EntityAllocator<8>] Creating LuaEntityHost...
    [LuaManager] Registered entity script data for host at 0x158a2f48
    [LuaManager] Registering all C++ bindings in new state...
    'Quest','CScriptThing' and 'CPersistContext' usertypes created and bound in Lua.
[EntityAllocator<8>] LuaEntityHost created: this = 0x158a2f48
[EntityAllocator<8>] Allocating RefCount block...
[EntityAllocator<8>] RefCount block created successfully (using CustomEntityHostDeleter).
[EntityAllocator<8>] === EXIT ===
    Loading entity script from: C:\Programs\Steam\steamapps\common\Fable The Lost Chapters/FSE/NewOakValeIntro/Entities/NOVI_AffairWoman.lua
    [LuaEntityHost::Init] Script file loaded for 'NewOakValeIntro/Entities/NOVI_AffairWoman'.
    [LuaEntityHost::Init] Lifecycle functions resolved for 'NewOakValeIntro/Entities/NOVI_AffairWoman'.
    [LuaEntityHost::Init] >>>>> ENTERING LUA INIT for 'NewOakValeIntro/Entities/NOVI_AffairWoman' <<<<<
    [LuaEntityHost::Init] >>>>> EXITED LUA INIT for 'NewOakValeIntro/Entities/NOVI_AffairWoman' <<<<<
[EntityAllocator<10>] === ENTRY ===
[EntityAllocator<10>] Script: NewOakValeIntro/Entities/NOVI_BookTrader
[EntityAllocator<10>] Creating LuaEntityHost...
    [LuaManager] Registered entity script data for host at 0x15985338
    [LuaManager] Registering all C++ bindings in new state...
    'Quest','CScriptThing' and 'CPersistContext' usertypes created and bound in Lua.
[EntityAllocator<10>] LuaEntityHost created: this = 0x15985338
[EntityAllocator<10>] Allocating RefCount block...
[EntityAllocator<10>] RefCount block created successfully (using CustomEntityHostDeleter).
[EntityAllocator<10>] === EXIT ===
    Loading entity script from: C:\Programs\Steam\steamapps\common\Fable The Lost Chapters/FSE/NewOakValeIntro/Entities/NOVI_BookTrader.lua
    [LuaEntityHost::Init] Script file loaded for 'NewOakValeIntro/Entities/NOVI_BookTrader'.
    [LuaEntityHost::Init] Lifecycle functions resolved for 'NewOakValeIntro/Entities/NOVI_BookTrader'.
    [LuaEntityHost::Init] >>>>> ENTERING LUA INIT for 'NewOakValeIntro/Entities/NOVI_BookTrader' <<<<<
    SetIsPushableByHero ABI probe: api=0x8a6dd0 thing=0x15985340 data=0x14c8d2d8 info=0x498db20
    [LuaEntityHost::Init] >>>>> EXITED LUA INIT for 'NewOakValeIntro/Entities/NOVI_BookTrader' <<<<<
[EntityAllocator<0>] === ENTRY ===
[EntityAllocator<0>] Script: NewOakValeIntro/Entities/NOVI_LiveFather
[EntityAllocator<0>] Creating LuaEntityHost...
    [LuaManager] Registered entity script data for host at 0x15a2f110
    [LuaManager] Registering all C++ bindings in new state...
    'Quest','CScriptThing' and 'CPersistContext' usertypes created and bound in Lua.
[EntityAllocator<0>] LuaEntityHost created: this = 0x15a2f110
[EntityAllocator<0>] Allocating RefCount block...
[EntityAllocator<0>] RefCount block created successfully (using CustomEntityHostDeleter).
[EntityAllocator<0>] === EXIT ===
    Loading entity script from: C:\Programs\Steam\steamapps\common\Fable The Lost Chapters/FSE/NewOakValeIntro/Entities/NOVI_LiveFather.lua
    [LuaEntityHost::Init] Script file loaded for 'NewOakValeIntro/Entities/NOVI_LiveFather'.
    [LuaEntityHost::Init] Lifecycle functions resolved for 'NewOakValeIntro/Entities/NOVI_LiveFather'.
    [LuaEntityHost::Init] >>>>> ENTERING LUA INIT for 'NewOakValeIntro/Entities/NOVI_LiveFather' <<<<<
    SetIsPushableByHero ABI probe: api=0x8a6dd0 thing=0x15a2f118 data=0x14c8d328 info=0x498dbe0
    [LuaEntityHost::Init] >>>>> EXITED LUA INIT for 'NewOakValeIntro/Entities/NOVI_LiveFather' <<<<<
[EntityAllocator<1>] === ENTRY ===
[EntityAllocator<1>] Script: NewOakValeIntro/Entities/NOVI_Theresa
[EntityAllocator<1>] Creating LuaEntityHost...
    [LuaManager] Registered entity script data for host at 0x15a36190
    [LuaManager] Registering all C++ bindings in new state...
    'Quest','CScriptThing' and 'CPersistContext' usertypes created and bound in Lua.
[EntityAllocator<1>] LuaEntityHost created: this = 0x15a36190
[EntityAllocator<1>] Allocating RefCount block...
[EntityAllocator<1>] RefCount block created successfully (using CustomEntityHostDeleter).
[EntityAllocator<1>] === EXIT ===
    Loading entity script from: C:\Programs\Steam\steamapps\common\Fable The Lost Chapters/FSE/NewOakValeIntro/Entities/NOVI_Theresa.lua
    [LuaEntityHost::Init] Script file loaded for 'NewOakValeIntro/Entities/NOVI_Theresa'.
    [LuaEntityHost::Init] Lifecycle functions resolved for 'NewOakValeIntro/Entities/NOVI_Theresa'.
    [LuaEntityHost::Init] >>>>> ENTERING LUA INIT for 'NewOakValeIntro/Entities/NOVI_Theresa' <<<<<
    SetIsPushableByHero ABI probe: api=0x8a6dd0 thing=0x15a36198 data=0x14c8d418 info=0x498db68
    [LuaEntityHost::Init] >>>>> EXITED LUA INIT for 'NewOakValeIntro/Entities/NOVI_Theresa' <<<<<
[EntityAllocator<2>] === ENTRY ===
[EntityAllocator<2>] Script: NewOakValeIntro/Entities/NOVI_Guard
[EntityAllocator<2>] Creating LuaEntityHost...
    [LuaManager] Registered entity script data for host at 0x15ba6688
    [LuaManager] Registering all C++ bindings in new state...
    'Quest','CScriptThing' and 'CPersistContext' usertypes created and bound in Lua.
[EntityAllocator<2>] LuaEntityHost created: this = 0x15ba6688
[EntityAllocator<2>] Allocating RefCount block...
[EntityAllocator<2>] RefCount block created successfully (using CustomEntityHostDeleter).
[EntityAllocator<2>] === EXIT ===
    Loading entity script from: C:\Programs\Steam\steamapps\common\Fable The Lost Chapters/FSE/NewOakValeIntro/Entities/NOVI_Guard.lua
    [LuaEntityHost::Init] Script file loaded for 'NewOakValeIntro/Entities/NOVI_Guard'.
    [LuaEntityHost::Init] Lifecycle functions resolved for 'NewOakValeIntro/Entities/NOVI_Guard'.
    [LuaEntityHost::Init] >>>>> ENTERING LUA INIT for 'NewOakValeIntro/Entities/NOVI_Guard' <<<<<
    [LuaEntityHost::Init] >>>>> EXITED LUA INIT for 'NewOakValeIntro/Entities/NOVI_Guard' <<<<<
[EntityAllocator<2>] === ENTRY ===
[EntityAllocator<2>] Script: NewOakValeIntro/Entities/NOVI_Guard
[EntityAllocator<2>] Creating LuaEntityHost...
    [LuaManager] Registered entity script data for host at 0x15bad798
    [LuaManager] Registering all C++ bindings in new state...
    'Quest','CScriptThing' and 'CPersistContext' usertypes created and bound in Lua.
[EntityAllocator<2>] LuaEntityHost created: this = 0x15bad798
[EntityAllocator<2>] Allocating RefCount block...
[EntityAllocator<2>] RefCount block created successfully (using CustomEntityHostDeleter).
[EntityAllocator<2>] === EXIT ===
    Loading entity script from: C:\Programs\Steam\steamapps\common\Fable The Lost Chapters/FSE/NewOakValeIntro/Entities/NOVI_Guard.lua
    [LuaEntityHost::Init] Script file loaded for 'NewOakValeIntro/Entities/NOVI_Guard'.
    [LuaEntityHost::Init] Lifecycle functions resolved for 'NewOakValeIntro/Entities/NOVI_Guard'.
    [LuaEntityHost::Init] >>>>> ENTERING LUA INIT for 'NewOakValeIntro/Entities/NOVI_Guard' <<<<<
    [LuaEntityHost::Init] >>>>> EXITED LUA INIT for 'NewOakValeIntro/Entities/NOVI_Guard' <<<<<
[EntityAllocator<2>] === ENTRY ===
[EntityAllocator<2>] Script: NewOakValeIntro/Entities/NOVI_Guard
[EntityAllocator<2>] Creating LuaEntityHost...
    [LuaManager] Registered entity script data for host at 0x15bb4608
    [LuaManager] Registering all C++ bindings in new state...
    'Quest','CScriptThing' and 'CPersistContext' usertypes created and bound in Lua.
[EntityAllocator<2>] LuaEntityHost created: this = 0x15bb4608
[EntityAllocator<2>] Allocating RefCount block...
[EntityAllocator<2>] RefCount block created successfully (using CustomEntityHostDeleter).
[EntityAllocator<2>] === EXIT ===
    Loading entity script from: C:\Programs\Steam\steamapps\common\Fable The Lost Chapters/FSE/NewOakValeIntro/Entities/NOVI_Guard.lua
    [LuaEntityHost::Init] Script file loaded for 'NewOakValeIntro/Entities/NOVI_Guard'.
    [LuaEntityHost::Init] Lifecycle functions resolved for 'NewOakValeIntro/Entities/NOVI_Guard'.
    [LuaEntityHost::Init] >>>>> ENTERING LUA INIT for 'NewOakValeIntro/Entities/NOVI_Guard' <<<<<
    [LuaEntityHost::Init] >>>>> EXITED LUA INIT for 'NewOakValeIntro/Entities/NOVI_Guard' <<<<<
[EntityAllocator<3>] === ENTRY ===
[EntityAllocator<3>] Script: NewOakValeIntro/Entities/NOVI_Villager
[EntityAllocator<3>] Creating LuaEntityHost...
    [LuaManager] Registered entity script data for host at 0x15d2f5a8
    [LuaManager] Registering all C++ bindings in new state...
    'Quest','CScriptThing' and 'CPersistContext' usertypes created and bound in Lua.
[EntityAllocator<3>] LuaEntityHost created: this = 0x15d2f5a8
[EntityAllocator<3>] Allocating RefCount block...
[EntityAllocator<3>] RefCount block created successfully (using CustomEntityHostDeleter).
[EntityAllocator<3>] === EXIT ===
    Loading entity script from: C:\Programs\Steam\steamapps\common\Fable The Lost Chapters/FSE/NewOakValeIntro/Entities/NOVI_Villager.lua
    [LuaEntityHost::Init] Script file loaded for 'NewOakValeIntro/Entities/NOVI_Villager'.
    [LuaEntityHost::Init] Lifecycle functions resolved for 'NewOakValeIntro/Entities/NOVI_Villager'.
    [LuaEntityHost::Init] >>>>> ENTERING LUA INIT for 'NewOakValeIntro/Entities/NOVI_Villager' <<<<<
    [LuaEntityHost::Init] >>>>> EXITED LUA INIT for 'NewOakValeIntro/Entities/NOVI_Villager' <<<<<
[EntityAllocator<3>] === ENTRY ===
[EntityAllocator<3>] Script: NewOakValeIntro/Entities/NOVI_Villager
[EntityAllocator<3>] Creating LuaEntityHost...
    [LuaManager] Registered entity script data for host at 0x15d36358
    [LuaManager] Registering all C++ bindings in new state...
    'Quest','CScriptThing' and 'CPersistContext' usertypes created and bound in Lua.
[EntityAllocator<3>] LuaEntityHost created: this = 0x15d36358
[EntityAllocator<3>] Allocating RefCount block...
[EntityAllocator<3>] RefCount block created successfully (using CustomEntityHostDeleter).
[EntityAllocator<3>] === EXIT ===
    Loading entity script from: C:\Programs\Steam\steamapps\common\Fable The Lost Chapters/FSE/NewOakValeIntro/Entities/NOVI_Villager.lua
    [LuaEntityHost::Init] Script file loaded for 'NewOakValeIntro/Entities/NOVI_Villager'.
    [LuaEntityHost::Init] Lifecycle functions resolved for 'NewOakValeIntro/Entities/NOVI_Villager'.
    [LuaEntityHost::Init] >>>>> ENTERING LUA INIT for 'NewOakValeIntro/Entities/NOVI_Villager' <<<<<
    [LuaEntityHost::Init] >>>>> EXITED LUA INIT for 'NewOakValeIntro/Entities/NOVI_Villager' <<<<<
[EntityAllocator<3>] === ENTRY ===
[EntityAllocator<3>] Script: NewOakValeIntro/Entities/NOVI_Villager
[EntityAllocator<3>] Creating LuaEntityHost...
    [LuaManager] Registered entity script data for host at 0x15ef2758
    [LuaManager] Registering all C++ bindings in new state...
    'Quest','CScriptThing' and 'CPersistContext' usertypes created and bound in Lua.
[EntityAllocator<3>] LuaEntityHost created: this = 0x15ef2758
[EntityAllocator<3>] Allocating RefCount block...
[EntityAllocator<3>] RefCount block created successfully (using CustomEntityHostDeleter).
[EntityAllocator<3>] === EXIT ===
    Loading entity script from: C:\Programs\Steam\steamapps\common\Fable The Lost Chapters/FSE/NewOakValeIntro/Entities/NOVI_Villager.lua
    [LuaEntityHost::Init] Script file loaded for 'NewOakValeIntro/Entities/NOVI_Villager'.
    [LuaEntityHost::Init] Lifecycle functions resolved for 'NewOakValeIntro/Entities/NOVI_Villager'.
    [LuaEntityHost::Init] >>>>> ENTERING LUA INIT for 'NewOakValeIntro/Entities/NOVI_Villager' <<<<<
    [LuaEntityHost::Init] >>>>> EXITED LUA INIT for 'NewOakValeIntro/Entities/NOVI_Villager' <<<<<
[EntityAllocator<3>] === ENTRY ===
[EntityAllocator<3>] Script: NewOakValeIntro/Entities/NOVI_Villager
[EntityAllocator<3>] Creating LuaEntityHost...
    [LuaManager] Registered entity script data for host at 0x15ef9538
    [LuaManager] Registering all C++ bindings in new state...
    'Quest','CScriptThing' and 'CPersistContext' usertypes created and bound in Lua.
[EntityAllocator<3>] LuaEntityHost created: this = 0x15ef9538
[EntityAllocator<3>] Allocating RefCount block...
[EntityAllocator<3>] RefCount block created successfully (using CustomEntityHostDeleter).
[EntityAllocator<3>] === EXIT ===
    Loading entity script from: C:\Programs\Steam\steamapps\common\Fable The Lost Chapters/FSE/NewOakValeIntro/Entities/NOVI_Villager.lua
    [LuaEntityHost::Init] Script file loaded for 'NewOakValeIntro/Entities/NOVI_Villager'.
    [LuaEntityHost::Init] Lifecycle functions resolved for 'NewOakValeIntro/Entities/NOVI_Villager'.
    [LuaEntityHost::Init] >>>>> ENTERING LUA INIT for 'NewOakValeIntro/Entities/NOVI_Villager' <<<<<
    [LuaEntityHost::Init] >>>>> EXITED LUA INIT for 'NewOakValeIntro/Entities/NOVI_Villager' <<<<<
[EntityAllocator<3>] === ENTRY ===
[EntityAllocator<3>] Script: NewOakValeIntro/Entities/NOVI_Villager
[EntityAllocator<3>] Creating LuaEntityHost...
    [LuaManager] Registered entity script data for host at 0x56fe038
    [LuaManager] Registering all C++ bindings in new state...
    'Quest','CScriptThing' and 'CPersistContext' usertypes created and bound in Lua.
[EntityAllocator<3>] LuaEntityHost created: this = 0x56fe038
[EntityAllocator<3>] Allocating RefCount block...
[EntityAllocator<3>] RefCount block created successfully (using CustomEntityHostDeleter).
[EntityAllocator<3>] === EXIT ===
    Loading entity script from: C:\Programs\Steam\steamapps\common\Fable The Lost Chapters/FSE/NewOakValeIntro/Entities/NOVI_Villager.lua
    [LuaEntityHost::Init] Script file loaded for 'NewOakValeIntro/Entities/NOVI_Villager'.
    [LuaEntityHost::Init] Lifecycle functions resolved for 'NewOakValeIntro/Entities/NOVI_Villager'.
    [LuaEntityHost::Init] >>>>> ENTERING LUA INIT for 'NewOakValeIntro/Entities/NOVI_Villager' <<<<<
    [LuaEntityHost::Init] >>>>> EXITED LUA INIT for 'NewOakValeIntro/Entities/NOVI_Villager' <<<<<
[EntityAllocator<9>] === ENTRY ===
[EntityAllocator<9>] Script: NewOakValeIntro/Entities/NOVI_AffairWife
[EntityAllocator<9>] Creating LuaEntityHost...
    [LuaManager] Registered entity script data for host at 0x5704ba8
    [LuaManager] Registering all C++ bindings in new state...
    'Quest','CScriptThing' and 'CPersistContext' usertypes created and bound in Lua.
[EntityAllocator<9>] LuaEntityHost created: this = 0x5704ba8
[EntityAllocator<9>] Allocating RefCount block...
[EntityAllocator<9>] RefCount block created successfully (using CustomEntityHostDeleter).
[EntityAllocator<9>] === EXIT ===
    Loading entity script from: C:\Programs\Steam\steamapps\common\Fable The Lost Chapters/FSE/NewOakValeIntro/Entities/NOVI_AffairWife.lua
    [LuaEntityHost::Init] Script file loaded for 'NewOakValeIntro/Entities/NOVI_AffairWife'.
    [LuaEntityHost::Init] Lifecycle functions resolved for 'NewOakValeIntro/Entities/NOVI_AffairWife'.
    [LuaEntityHost::Init] >>>>> ENTERING LUA INIT for 'NewOakValeIntro/Entities/NOVI_AffairWife' <<<<<
    [LuaEntityHost::Init] >>>>> EXITED LUA INIT for 'NewOakValeIntro/Entities/NOVI_AffairWife' <<<<<
[EntityAllocator<3>] === ENTRY ===
[EntityAllocator<3>] Script: NewOakValeIntro/Entities/NOVI_Villager
[EntityAllocator<3>] Creating LuaEntityHost...
    [LuaManager] Registered entity script data for host at 0x570c4c8
    [LuaManager] Registering all C++ bindings in new state...
    'Quest','CScriptThing' and 'CPersistContext' usertypes created and bound in Lua.
[EntityAllocator<3>] LuaEntityHost created: this = 0x570c4c8
[EntityAllocator<3>] Allocating RefCount block...
[EntityAllocator<3>] RefCount block created successfully (using CustomEntityHostDeleter).
[EntityAllocator<3>] === EXIT ===
    Loading entity script from: C:\Programs\Steam\steamapps\common\Fable The Lost Chapters/FSE/NewOakValeIntro/Entities/NOVI_Villager.lua
    [LuaEntityHost::Init] Script file loaded for 'NewOakValeIntro/Entities/NOVI_Villager'.
    [LuaEntityHost::Init] Lifecycle functions resolved for 'NewOakValeIntro/Entities/NOVI_Villager'.
    [LuaEntityHost::Init] >>>>> ENTERING LUA INIT for 'NewOakValeIntro/Entities/NOVI_Villager' <<<<<
    [LuaEntityHost::Init] >>>>> EXITED LUA INIT for 'NewOakValeIntro/Entities/NOVI_Villager' <<<<<
[EntityAllocator<3>] === ENTRY ===
[EntityAllocator<3>] Script: NewOakValeIntro/Entities/NOVI_Villager
[EntityAllocator<3>] Creating LuaEntityHost...
    [LuaManager] Registered entity script data for host at 0x588e1e0
    [LuaManager] Registering all C++ bindings in new state...
    'Quest','CScriptThing' and 'CPersistContext' usertypes created and bound in Lua.
[EntityAllocator<3>] LuaEntityHost created: this = 0x588e1e0
[EntityAllocator<3>] Allocating RefCount block...
[EntityAllocator<3>] RefCount block created successfully (using CustomEntityHostDeleter).
[EntityAllocator<3>] === EXIT ===
    Loading entity script from: C:\Programs\Steam\steamapps\common\Fable The Lost Chapters/FSE/NewOakValeIntro/Entities/NOVI_Villager.lua
    [LuaEntityHost::Init] Script file loaded for 'NewOakValeIntro/Entities/NOVI_Villager'.
    [LuaEntityHost::Init] Lifecycle functions resolved for 'NewOakValeIntro/Entities/NOVI_Villager'.
    [LuaEntityHost::Init] >>>>> ENTERING LUA INIT for 'NewOakValeIntro/Entities/NOVI_Villager' <<<<<
    [LuaEntityHost::Init] >>>>> EXITED LUA INIT for 'NewOakValeIntro/Entities/NOVI_Villager' <<<<<
[EntityAllocator<11>] === ENTRY ===
[EntityAllocator<11>] Script: NewOakValeIntro/Entities/NOVI_BarrelMan
[EntityAllocator<11>] Creating LuaEntityHost...
    [LuaManager] Registered entity script data for host at 0x5895650
    [LuaManager] Registering all C++ bindings in new state...
    'Quest','CScriptThing' and 'CPersistContext' usertypes created and bound in Lua.
[EntityAllocator<11>] LuaEntityHost created: this = 0x5895650
[EntityAllocator<11>] Allocating RefCount block...
[EntityAllocator<11>] RefCount block created successfully (using CustomEntityHostDeleter).
[EntityAllocator<11>] === EXIT ===
    Loading entity script from: C:\Programs\Steam\steamapps\common\Fable The Lost Chapters/FSE/NewOakValeIntro/Entities/NOVI_BarrelMan.lua
    [LuaEntityHost::Init] Script file loaded for 'NewOakValeIntro/Entities/NOVI_BarrelMan'.
    [LuaEntityHost::Init] Lifecycle functions resolved for 'NewOakValeIntro/Entities/NOVI_BarrelMan'.
    [LuaEntityHost::Init] >>>>> ENTERING LUA INIT for 'NewOakValeIntro/Entities/NOVI_BarrelMan' <<<<<
[NewOakValeIntro/NewOakValeIntro] NOVI_PROBE BarrelMan Init watchTimer=2
    [LuaEntityHost::Init] >>>>> EXITED LUA INIT for 'NewOakValeIntro/Entities/NOVI_BarrelMan' <<<<<
[EntityAllocator<13>] === ENTRY ===
[EntityAllocator<13>] Script: NewOakValeIntro/Entities/NOVI_Barrel
[EntityAllocator<13>] Creating LuaEntityHost...
    [LuaManager] Registered entity script data for host at 0x5a33de0
    [LuaManager] Registering all C++ bindings in new state...
    'Quest','CScriptThing' and 'CPersistContext' usertypes created and bound in Lua.
[EntityAllocator<13>] LuaEntityHost created: this = 0x5a33de0
[EntityAllocator<13>] Allocating RefCount block...
[EntityAllocator<13>] RefCount block created successfully (using CustomEntityHostDeleter).
[EntityAllocator<13>] === EXIT ===
    Loading entity script from: C:\Programs\Steam\steamapps\common\Fable The Lost Chapters/FSE/NewOakValeIntro/Entities/NOVI_Barrel.lua
    [LuaEntityHost::Init] Script file loaded for 'NewOakValeIntro/Entities/NOVI_Barrel'.
    [LuaEntityHost::Init] Lifecycle functions resolved for 'NewOakValeIntro/Entities/NOVI_Barrel'.
    [LuaEntityHost::Init] >>>>> ENTERING LUA INIT for 'NewOakValeIntro/Entities/NOVI_Barrel' <<<<<
    [LuaEntityHost::Init] >>>>> EXITED LUA INIT for 'NewOakValeIntro/Entities/NOVI_Barrel' <<<<<
[EntityAllocator<13>] === ENTRY ===
[EntityAllocator<13>] Script: NewOakValeIntro/Entities/NOVI_Barrel
[EntityAllocator<13>] Creating LuaEntityHost...
    [LuaManager] Registered entity script data for host at 0x5a3b280
    [LuaManager] Registering all C++ bindings in new state...
    'Quest','CScriptThing' and 'CPersistContext' usertypes created and bound in Lua.
[EntityAllocator<13>] LuaEntityHost created: this = 0x5a3b280
[EntityAllocator<13>] Allocating RefCount block...
[EntityAllocator<13>] RefCount block created successfully (using CustomEntityHostDeleter).
[EntityAllocator<13>] === EXIT ===
    Loading entity script from: C:\Programs\Steam\steamapps\common\Fable The Lost Chapters/FSE/NewOakValeIntro/Entities/NOVI_Barrel.lua
    [LuaEntityHost::Init] Script file loaded for 'NewOakValeIntro/Entities/NOVI_Barrel'.
    [LuaEntityHost::Init] Lifecycle functions resolved for 'NewOakValeIntro/Entities/NOVI_Barrel'.
    [LuaEntityHost::Init] >>>>> ENTERING LUA INIT for 'NewOakValeIntro/Entities/NOVI_Barrel' <<<<<
    [LuaEntityHost::Init] >>>>> EXITED LUA INIT for 'NewOakValeIntro/Entities/NOVI_Barrel' <<<<<
[EntityAllocator<13>] === ENTRY ===
[EntityAllocator<13>] Script: NewOakValeIntro/Entities/NOVI_Barrel
[EntityAllocator<13>] Creating LuaEntityHost...
    [LuaManager] Registered entity script data for host at 0x5bdcde8
    [LuaManager] Registering all C++ bindings in new state...
    'Quest','CScriptThing' and 'CPersistContext' usertypes created and bound in Lua.
[EntityAllocator<13>] LuaEntityHost created: this = 0x5bdcde8
[EntityAllocator<13>] Allocating RefCount block...
[EntityAllocator<13>] RefCount block created successfully (using CustomEntityHostDeleter).
[EntityAllocator<13>] === EXIT ===
    Loading entity script from: C:\Programs\Steam\steamapps\common\Fable The Lost Chapters/FSE/NewOakValeIntro/Entities/NOVI_Barrel.lua
    [LuaEntityHost::Init] Script file loaded for 'NewOakValeIntro/Entities/NOVI_Barrel'.
    [LuaEntityHost::Init] Lifecycle functions resolved for 'NewOakValeIntro/Entities/NOVI_Barrel'.
    [LuaEntityHost::Init] >>>>> ENTERING LUA INIT for 'NewOakValeIntro/Entities/NOVI_Barrel' <<<<<
    [LuaEntityHost::Init] >>>>> EXITED LUA INIT for 'NewOakValeIntro/Entities/NOVI_Barrel' <<<<<
[EntityAllocator<13>] === ENTRY ===
[EntityAllocator<13>] Script: NewOakValeIntro/Entities/NOVI_Barrel
[EntityAllocator<13>] Creating LuaEntityHost...
    [LuaManager] Registered entity script data for host at 0x5be4438
    [LuaManager] Registering all C++ bindings in new state...
    'Quest','CScriptThing' and 'CPersistContext' usertypes created and bound in Lua.
[EntityAllocator<13>] LuaEntityHost created: this = 0x5be4438
[EntityAllocator<13>] Allocating RefCount block...
[EntityAllocator<13>] RefCount block created successfully (using CustomEntityHostDeleter).
[EntityAllocator<13>] === EXIT ===
    Loading entity script from: C:\Programs\Steam\steamapps\common\Fable The Lost Chapters/FSE/NewOakValeIntro/Entities/NOVI_Barrel.lua
    [LuaEntityHost::Init] Script file loaded for 'NewOakValeIntro/Entities/NOVI_Barrel'.
    [LuaEntityHost::Init] Lifecycle functions resolved for 'NewOakValeIntro/Entities/NOVI_Barrel'.
    [LuaEntityHost::Init] >>>>> ENTERING LUA INIT for 'NewOakValeIntro/Entities/NOVI_Barrel' <<<<<
    [LuaEntityHost::Init] >>>>> EXITED LUA INIT for 'NewOakValeIntro/Entities/NOVI_Barrel' <<<<<
[EntityAllocator<13>] === ENTRY ===
[EntityAllocator<13>] Script: NewOakValeIntro/Entities/NOVI_Barrel
[EntityAllocator<13>] Creating LuaEntityHost...
    [LuaManager] Registered entity script data for host at 0x5beaf78
    [LuaManager] Registering all C++ bindings in new state...
    'Quest','CScriptThing' and 'CPersistContext' usertypes created and bound in Lua.
[EntityAllocator<13>] LuaEntityHost created: this = 0x5beaf78
[EntityAllocator<13>] Allocating RefCount block...
[EntityAllocator<13>] RefCount block created successfully (using CustomEntityHostDeleter).
[EntityAllocator<13>] === EXIT ===
    Loading entity script from: C:\Programs\Steam\steamapps\common\Fable The Lost Chapters/FSE/NewOakValeIntro/Entities/NOVI_Barrel.lua
    [LuaEntityHost::Init] Script file loaded for 'NewOakValeIntro/Entities/NOVI_Barrel'.
    [LuaEntityHost::Init] Lifecycle functions resolved for 'NewOakValeIntro/Entities/NOVI_Barrel'.
    [LuaEntityHost::Init] >>>>> ENTERING LUA INIT for 'NewOakValeIntro/Entities/NOVI_Barrel' <<<<<
    [LuaEntityHost::Init] >>>>> EXITED LUA INIT for 'NewOakValeIntro/Entities/NOVI_Barrel' <<<<<
[EntityAllocator<13>] === ENTRY ===
[EntityAllocator<13>] Script: NewOakValeIntro/Entities/NOVI_Barrel
[EntityAllocator<13>] Creating LuaEntityHost...
    [LuaManager] Registered entity script data for host at 0x5d94838
    [LuaManager] Registering all C++ bindings in new state...
    'Quest','CScriptThing' and 'CPersistContext' usertypes created and bound in Lua.
[EntityAllocator<13>] LuaEntityHost created: this = 0x5d94838
[EntityAllocator<13>] Allocating RefCount block...
[EntityAllocator<13>] RefCount block created successfully (using CustomEntityHostDeleter).
[EntityAllocator<13>] === EXIT ===
    Loading entity script from: C:\Programs\Steam\steamapps\common\Fable The Lost Chapters/FSE/NewOakValeIntro/Entities/NOVI_Barrel.lua
    [LuaEntityHost::Init] Script file loaded for 'NewOakValeIntro/Entities/NOVI_Barrel'.
    [LuaEntityHost::Init] Lifecycle functions resolved for 'NewOakValeIntro/Entities/NOVI_Barrel'.
    [LuaEntityHost::Init] >>>>> ENTERING LUA INIT for 'NewOakValeIntro/Entities/NOVI_Barrel' <<<<<
    [LuaEntityHost::Init] >>>>> EXITED LUA INIT for 'NewOakValeIntro/Entities/NOVI_Barrel' <<<<<
[EntityAllocator<4>] === ENTRY ===
[EntityAllocator<4>] Script: NewOakValeIntro/Entities/NOVI_Bully
[EntityAllocator<4>] Creating LuaEntityHost...
    [LuaManager] Registered entity script data for host at 0x5d9bc18
    [LuaManager] Registering all C++ bindings in new state...
    'Quest','CScriptThing' and 'CPersistContext' usertypes created and bound in Lua.
[EntityAllocator<4>] LuaEntityHost created: this = 0x5d9bc18
[EntityAllocator<4>] Allocating RefCount block...
[EntityAllocator<4>] RefCount block created successfully (using CustomEntityHostDeleter).
[EntityAllocator<4>] === EXIT ===
    Loading entity script from: C:\Programs\Steam\steamapps\common\Fable The Lost Chapters/FSE/NewOakValeIntro/Entities/NOVI_Bully.lua
    [LuaEntityHost::Init] Script file loaded for 'NewOakValeIntro/Entities/NOVI_Bully'.
    [LuaEntityHost::Init] Lifecycle functions resolved for 'NewOakValeIntro/Entities/NOVI_Bully'.
    [LuaEntityHost::Init] >>>>> ENTERING LUA INIT for 'NewOakValeIntro/Entities/NOVI_Bully' <<<<<
    SetIsPushableByHero ABI probe: api=0x8a6dd0 thing=0x5d9bc20 data=0x492abf0 info=0x498e138
    [LuaEntityHost::Init] >>>>> EXITED LUA INIT for 'NewOakValeIntro/Entities/NOVI_Bully' <<<<<
[EntityAllocator<5>] === ENTRY ===
[EntityAllocator<5>] Script: NewOakValeIntro/Entities/NOVI_Victim
[EntityAllocator<5>] Creating LuaEntityHost...
    [LuaManager] Registered entity script data for host at 0x5f39238
    [LuaManager] Registering all C++ bindings in new state...
    'Quest','CScriptThing' and 'CPersistContext' usertypes created and bound in Lua.
[EntityAllocator<5>] LuaEntityHost created: this = 0x5f39238
[EntityAllocator<5>] Allocating RefCount block...
[EntityAllocator<5>] RefCount block created successfully (using CustomEntityHostDeleter).
[EntityAllocator<5>] === EXIT ===
    Loading entity script from: C:\Programs\Steam\steamapps\common\Fable The Lost Chapters/FSE/NewOakValeIntro/Entities/NOVI_Victim.lua
    [LuaEntityHost::Init] Script file loaded for 'NewOakValeIntro/Entities/NOVI_Victim'.
    [LuaEntityHost::Init] Lifecycle functions resolved for 'NewOakValeIntro/Entities/NOVI_Victim'.
    [LuaEntityHost::Init] >>>>> ENTERING LUA INIT for 'NewOakValeIntro/Entities/NOVI_Victim' <<<<<
    SetIsPushableByHero ABI probe: api=0x8a6dd0 thing=0x5f39240 data=0x492ab00 info=0x498e540
    [LuaEntityHost::Init] >>>>> EXITED LUA INIT for 'NewOakValeIntro/Entities/NOVI_Victim' <<<<<
[EntityAllocator<12>] === ENTRY ===
[EntityAllocator<12>] Script: NewOakValeIntro/Entities/NOVI_BarrelThug
[EntityAllocator<12>] Creating LuaEntityHost...
    [LuaManager] Registered entity script data for host at 0x5f404f8
    [LuaManager] Registering all C++ bindings in new state...
    'Quest','CScriptThing' and 'CPersistContext' usertypes created and bound in Lua.
[EntityAllocator<12>] LuaEntityHost created: this = 0x5f404f8
[EntityAllocator<12>] Allocating RefCount block...
[EntityAllocator<12>] RefCount block created successfully (using CustomEntityHostDeleter).
[EntityAllocator<12>] === EXIT ===
    Loading entity script from: C:\Programs\Steam\steamapps\common\Fable The Lost Chapters/FSE/NewOakValeIntro/Entities/NOVI_BarrelThug.lua
    [LuaEntityHost::Init] Script file loaded for 'NewOakValeIntro/Entities/NOVI_BarrelThug'.
    [LuaEntityHost::Init] Lifecycle functions resolved for 'NewOakValeIntro/Entities/NOVI_BarrelThug'.
    [LuaEntityHost::Init] >>>>> ENTERING LUA INIT for 'NewOakValeIntro/Entities/NOVI_BarrelThug' <<<<<
    [LuaEntityHost::Init] >>>>> EXITED LUA INIT for 'NewOakValeIntro/Entities/NOVI_BarrelThug' <<<<<
[EntityAllocator<3>] === ENTRY ===
[EntityAllocator<3>] Script: NewOakValeIntro/Entities/NOVI_Villager
[EntityAllocator<3>] Creating LuaEntityHost...
    [LuaManager] Registered entity script data for host at 0x5f37948
    [LuaManager] Registering all C++ bindings in new state...
    'Quest','CScriptThing' and 'CPersistContext' usertypes created and bound in Lua.
[EntityAllocator<3>] LuaEntityHost created: this = 0x5f37948
[EntityAllocator<3>] Allocating RefCount block...
[EntityAllocator<3>] RefCount block created successfully (using CustomEntityHostDeleter).
[EntityAllocator<3>] === EXIT ===
    Loading entity script from: C:\Programs\Steam\steamapps\common\Fable The Lost Chapters/FSE/NewOakValeIntro/Entities/NOVI_Villager.lua
    [LuaEntityHost::Init] Script file loaded for 'NewOakValeIntro/Entities/NOVI_Villager'.
    [LuaEntityHost::Init] Lifecycle functions resolved for 'NewOakValeIntro/Entities/NOVI_Villager'.
    [LuaEntityHost::Init] >>>>> ENTERING LUA INIT for 'NewOakValeIntro/Entities/NOVI_Villager' <<<<<
    [LuaEntityHost::Init] >>>>> EXITED LUA INIT for 'NewOakValeIntro/Entities/NOVI_Villager' <<<<<
[NewOakValeIntro/NewOakValeIntro] NOVI_PROBE StartBarrelTimer waiting id=2 value=0
[NewOakValeIntro/NewOakValeIntro] GetAllThingsWithScriptName: API returned 9 copies for 'NOVI_Barrel'.
===== GetThingWithScriptName START: 'NOVI_LiveFather' =====
    Calling GetThingWithScriptName_ByName_API with heap buffer...
    API call returned.
    Heap Buffer After API: CScriptThing* = 0x54e8a40, pVTable = 0x1238c8c (Matches Known VTable), WorldUID = 3468016904168286467, WrapperPos = (3495.33,866.685,15.7522), pImp.Data = 0x14c8d328, pImp.Info = 0x498dbe0, Info->RefCount = 3, Info->DeleteFunc = 0x7044b0, Info->Data = 0x14c8d328
    Object is valid. Adopting API-owned reference (RefCount=3).
===== GetThingWithScriptName END (Success) =====
===== GetThingWithScriptName START: 'NOVI_BookTrader' =====
    Calling GetThingWithScriptName_ByName_API with heap buffer...
    API call returned.
    Heap Buffer After API: CScriptThing* = 0x54e8b18, pVTable = 0x1238c8c (Matches Known VTable), WorldUID = 3468016904168286463, WrapperPos = (3540.95,831.585,8.71272), pImp.Data = 0x14c8d2d8, pImp.Info = 0x498db20, Info->RefCount = 3, Info->DeleteFunc = 0x7044b0, Info->Data = 0x14c8d2d8
    Object is valid. Adopting API-owned reference (RefCount=3).
===== GetThingWithScriptName END (Success) =====
===== GetThingWithScriptName START: 'NOVI_Theresa' =====
    Calling GetThingWithScriptName_ByName_API with heap buffer...
    API call returned.
    Heap Buffer After API: CScriptThing* = 0x54e8bf0, pVTable = 0x1238c8c (Matches Known VTable), WorldUID = 3468016904168286475, WrapperPos = (3534.32,932.99,14.1485), pImp.Data = 0x14c8d418, pImp.Info = 0x498db68, Info->RefCount = 3, Info->DeleteFunc = 0x7044b0, Info->Data = 0x14c8d418
    Object is valid. Adopting API-owned reference (RefCount=3).
===== GetThingWithScriptName END (Success) =====
    [LuaEntityHost::Main] >>>>> ENTERING LUA CALL for 'NewOakValeIntro/Entities/NOVI_Barrel' <<<<<
    [LuaEntityHost::Main] >>>>> ENTERING LUA CALL for 'NewOakValeIntro/Entities/NOVI_Barrel' <<<<<
    [LuaEntityHost::Main] >>>>> ENTERING LUA CALL for 'NewOakValeIntro/Entities/NOVI_Barrel' <<<<<
    [LuaEntityHost::Main] >>>>> ENTERING LUA CALL for 'NewOakValeIntro/Entities/NOVI_Barrel' <<<<<
    [LuaEntityHost::Main] >>>>> ENTERING LUA CALL for 'NewOakValeIntro/Entities/NOVI_Barrel' <<<<<
    [LuaEntityHost::Main] >>>>> ENTERING LUA CALL for 'NewOakValeIntro/Entities/NOVI_Barrel' <<<<<
    [LuaEntityHost::Main] >>>>> ENTERING LUA CALL for 'NewOakValeIntro/Entities/NOVI_Villager' <<<<<
    [LuaEntityHost::Main] >>>>> ENTERING LUA CALL for 'NewOakValeIntro/Entities/NOVI_BarrelThug' <<<<<
    [LuaEntityHost::Main] >>>>> ENTERING LUA CALL for 'NewOakValeIntro/Entities/NOVI_Bully' <<<<<
    [LuaEntityHost::Main] >>>>> ENTERING LUA CALL for 'NewOakValeIntro/Entities/NOVI_Victim' <<<<<
    [LuaEntityHost::Main] >>>>> ENTERING LUA CALL for 'NewOakValeIntro/Entities/NOVI_AffairMan' <<<<<
    [LuaEntityHost::Main] >>>>> ENTERING LUA CALL for 'NewOakValeIntro/Entities/NOVI_AffairWoman' <<<<<
    [LuaEntityHost::Main] >>>>> ENTERING LUA CALL for 'NewOakValeIntro/Entities/NOVI_BookTrader' <<<<<
    [LuaEntityHost::Main] >>>>> ENTERING LUA CALL for 'NewOakValeIntro/Entities/NOVI_LiveFather' <<<<<
    [LuaEntityHost::Main] >>>>> ENTERING LUA CALL for 'NewOakValeIntro/Entities/NOVI_Theresa' <<<<<
    [LuaEntityHost::Main] >>>>> ENTERING LUA CALL for 'NewOakValeIntro/Entities/NOVI_Guard' <<<<<
    [LuaEntityHost::Main] >>>>> ENTERING LUA CALL for 'NewOakValeIntro/Entities/NOVI_Guard' <<<<<
    [LuaEntityHost::Main] >>>>> ENTERING LUA CALL for 'NewOakValeIntro/Entities/NOVI_Guard' <<<<<
    [LuaEntityHost::Main] >>>>> ENTERING LUA CALL for 'NewOakValeIntro/Entities/NOVI_Barrel' <<<<<
    [LuaEntityHost::Main] >>>>> ENTERING LUA CALL for 'NewOakValeIntro/Entities/NOVI_Barrel' <<<<<
    [LuaEntityHost::Main] >>>>> ENTERING LUA CALL for 'NewOakValeIntro/Entities/NOVI_Villager' <<<<<
    [LuaEntityHost::Main] >>>>> ENTERING LUA CALL for 'NewOakValeIntro/Entities/NOVI_Villager' <<<<<
    [LuaEntityHost::Main] >>>>> ENTERING LUA CALL for 'NewOakValeIntro/Entities/NOVI_Villager' <<<<<
    [LuaEntityHost::Main] >>>>> ENTERING LUA CALL for 'NewOakValeIntro/Entities/NOVI_Villager' <<<<<
    [LuaEntityHost::Main] >>>>> ENTERING LUA CALL for 'NewOakValeIntro/Entities/NOVI_Villager' <<<<<
    [LuaEntityHost::Main] >>>>> ENTERING LUA CALL for 'NewOakValeIntro/Entities/NOVI_Barrel' <<<<<
    [LuaEntityHost::Main] >>>>> ENTERING LUA CALL for 'NewOakValeIntro/Entities/NOVI_Villager' <<<<<
    [LuaEntityHost::Main] >>>>> ENTERING LUA CALL for 'NewOakValeIntro/Entities/NOVI_AffairWife' <<<<<
    [LuaEntityHost::Main] >>>>> ENTERING LUA CALL for 'NewOakValeIntro/Entities/NOVI_Villager' <<<<<
    [LuaEntityHost::Main] >>>>> ENTERING LUA CALL for 'NewOakValeIntro/Entities/NOVI_TeddyGirl' <<<<<
    [LuaEntityHost::Main] >>>>> ENTERING LUA CALL for 'NewOakValeIntro/Entities/NOVI_BarrelMan' <<<<<
===== GetThingWithScriptName START: 'HerosOldHouse' =====
    Calling GetThingWithScriptName_ByName_API with heap buffer...
    API call returned.
    Heap Buffer After API: CScriptThing* = 0x545eb38, pVTable = 0x1238c8c (Matches Known VTable), WorldUID = 3468016904168276305, WrapperPos = (3489.59,872.309,15.751), pImp.Data = 0x14c8f580, pImp.Info = 0x545e9b8, Info->RefCount = 2, Info->DeleteFunc = 0x7044b0, Info->Data = 0x14c8f580
    Object is valid. Adopting API-owned reference (RefCount=2).
===== GetThingWithScriptName END (Success) =====
--- Entity 'NewOakValeIntro/Entities/NOVI_Barrel': C++ OnPersist triggered. ---
--- Entity 'NewOakValeIntro/Entities/NOVI_Barrel': C++ OnPersist triggered. ---
--- Entity 'NewOakValeIntro/Entities/NOVI_Barrel': C++ OnPersist triggered. ---
--- Entity 'NewOakValeIntro/Entities/NOVI_Barrel': C++ OnPersist triggered. ---
--- Entity 'NewOakValeIntro/Entities/NOVI_Barrel': C++ OnPersist triggered. ---
--- Entity 'NewOakValeIntro/Entities/NOVI_Barrel': C++ OnPersist triggered. ---
--- Entity 'NewOakValeIntro/Entities/NOVI_Villager': C++ OnPersist triggered. ---
--- Entity 'NewOakValeIntro/Entities/NOVI_BarrelThug': C++ OnPersist triggered. ---
--- Entity 'NewOakValeIntro/Entities/NOVI_Bully': C++ OnPersist triggered. ---
--- Entity 'NewOakValeIntro/Entities/NOVI_Victim': C++ OnPersist triggered. ---
--- Entity 'NewOakValeIntro/Entities/NOVI_AffairMan': C++ OnPersist triggered. ---
--- Entity 'NewOakValeIntro/Entities/NOVI_AffairWoman': C++ OnPersist triggered. ---
--- Entity 'NewOakValeIntro/Entities/NOVI_BookTrader': C++ OnPersist triggered. ---
--- Entity 'NewOakValeIntro/Entities/NOVI_LiveFather': C++ OnPersist triggered. ---
--- Entity 'NewOakValeIntro/Entities/NOVI_Theresa': C++ OnPersist triggered. ---
--- Entity 'NewOakValeIntro/Entities/NOVI_Guard': C++ OnPersist triggered. ---
--- Entity 'NewOakValeIntro/Entities/NOVI_Guard': C++ OnPersist triggered. ---
--- Entity 'NewOakValeIntro/Entities/NOVI_Guard': C++ OnPersist triggered. ---
--- Entity 'NewOakValeIntro/Entities/NOVI_Barrel': C++ OnPersist triggered. ---
--- Entity 'NewOakValeIntro/Entities/NOVI_Barrel': C++ OnPersist triggered. ---
--- Entity 'NewOakValeIntro/Entities/NOVI_Villager': C++ OnPersist triggered. ---
--- Entity 'NewOakValeIntro/Entities/NOVI_Villager': C++ OnPersist triggered. ---
--- Entity 'NewOakValeIntro/Entities/NOVI_Villager': C++ OnPersist triggered. ---
--- Entity 'NewOakValeIntro/Entities/NOVI_Villager': C++ OnPersist triggered. ---
--- Entity 'NewOakValeIntro/Entities/NOVI_Villager': C++ OnPersist triggered. ---
--- Entity 'NewOakValeIntro/Entities/NOVI_Barrel': C++ OnPersist triggered. ---
--- Entity 'NewOakValeIntro/Entities/NOVI_Villager': C++ OnPersist triggered. ---
--- Entity 'NewOakValeIntro/Entities/NOVI_AffairWife': C++ OnPersist triggered. ---
--- Entity 'NewOakValeIntro/Entities/NOVI_Villager': C++ OnPersist triggered. ---
--- Entity 'NewOakValeIntro/Entities/NOVI_TeddyGirl': C++ OnPersist triggered. ---
--- Entity 'NewOakValeIntro/Entities/NOVI_BarrelMan': C++ OnPersist triggered. ---
--- Quest 'NewOakValeIntro/NewOakValeIntro': C++ OnPersist() triggered. ---
    [PERSIST] Transferring bool 'AttackOver'...
    [PERSIST] ...Value is now: false
    [LuaEntityAPI] Initializing handle with Helpers...
    [LuaEntityAPI] ...Helper1 returned false, skipped Helper2.
    [LuaEntityAPI] Acquiring script control for entity at priority 4...
    [LuaEntityAPI] ...Control acquired successfully.
    [LuaEntityAPI] Initializing handle with Helpers...
    [LuaEntityAPI] ...Helper1 returned false, skipped Helper2.
    [LuaEntityAPI] Acquiring script control for entity at priority 4...
    [LuaEntityAPI] ...Control acquired successfully.
    [LuaEntityAPI] Initializing handle with Helpers...
    [LuaEntityAPI] ...Helper1 returned false, skipped Helper2.
    [LuaEntityAPI] Acquiring script control for entity at priority 4...
    [LuaEntityAPI] ...Control acquired successfully.
===== GetThingWithScriptName START: 'NOVI_Bully' =====
    Calling GetThingWithScriptName_ByName_API with heap buffer...
    API call returned.
    Heap Buffer After API: CScriptThing* = 0x538a848, pVTable = 0x1238c8c (Matches Known VTable), WorldUID = 1741156926932128341, WrapperPos = (3602.62,859.519,13.7493), pImp.Data = 0x492abf0, pImp.Info = 0x498e138, Info->RefCount = 3, Info->DeleteFunc = 0x7044b0, Info->Data = 0x492abf0
    Object is valid. Adopting API-owned reference (RefCount=3).
===== GetThingWithScriptName END (Success) =====
    [LuaEntityAPI] Initializing handle with Helpers...
    [LuaEntityAPI] ...Helper1 returned false, skipped Helper2.
    [LuaEntityAPI] Acquiring script control for entity at priority 4...
    [LuaEntityAPI] ...Control acquired successfully.
===== GetThingWithScriptName START: 'NOVI_AffairWoman' =====
    Calling GetThingWithScriptName_ByName_API with heap buffer...
    API call returned.
    Heap Buffer After API: CScriptThing* = 0x52c3588, pVTable = 0x1238c8c (Matches Known VTable), WorldUID = 3468016904168286458, WrapperPos = (3481.45,825.929,16.3629), pImp.Data = 0x14c8d198, pImp.Info = 0x498d910, Info->RefCount = 3, Info->DeleteFunc = 0x7044b0, Info->Data = 0x14c8d198
    Object is valid. Adopting API-owned reference (RefCount=3).
===== GetThingWithScriptName END (Success) =====
===== GetThingWithScriptName START: 'NOVI_AffairWife' =====
    Calling GetThingWithScriptName_ByName_API with heap buffer...
    API call returned.
    Heap Buffer After API: CScriptThing* = 0x52c3408, pVTable = 0x1238c8c (Matches Known VTable), WorldUID = 3468016904168286913, WrapperPos = (3550.59,853.561,9.00055), pImp.Data = 0x14c8ddc8, pImp.Info = 0x498ddf0, Info->RefCount = 3, Info->DeleteFunc = 0x7044b0, Info->Data = 0x14c8ddc8
    Object is valid. Adopting API-owned reference (RefCount=3).
===== GetThingWithScriptName END (Success) =====
    [LuaEntityAPI] Initializing handle with Helpers...
    [LuaEntityAPI] ...Helper1 returned false, skipped Helper2.
    [LuaEntityAPI] Acquiring script control for entity at priority 4...
    [LuaEntityAPI] ...Control acquired successfully.
===== GetThingWithScriptName START: 'NOVI_AffairWife' =====
    Calling GetThingWithScriptName_ByName_API with heap buffer...
    API call returned.
    Heap Buffer After API: CScriptThing* = 0x52c6420, pVTable = 0x1238c8c (Matches Known VTable), WorldUID = 3468016904168286913, WrapperPos = (3550.59,853.561,9.00055), pImp.Data = 0x14c8ddc8, pImp.Info = 0x498ddf0, Info->RefCount = 4, Info->DeleteFunc = 0x7044b0, Info->Data = 0x14c8ddc8
    Object is valid. Adopting API-owned reference (RefCount=4).
===== GetThingWithScriptName END (Success) =====
===== GetThingWithScriptName START: 'NOVI_AffairMan' =====
    Calling GetThingWithScriptName_ByName_API with heap buffer...
    API call returned.
    Heap Buffer After API: CScriptThing* = 0x52c72f0, pVTable = 0x1238c8c (Matches Known VTable), WorldUID = 3468016904168286456, WrapperPos = (3480.42,825.966,16.4338), pImp.Data = 0x14c8d148, pImp.Info = 0x498da30, Info->RefCount = 3, Info->DeleteFunc = 0x7044b0, Info->Data = 0x14c8d148
    Object is valid. Adopting API-owned reference (RefCount=3).
===== GetThingWithScriptName END (Success) =====
    [LuaEntityAPI] Initializing handle with Helpers...
    [LuaEntityAPI] ...Helper1 returned false, skipped Helper2.
    [LuaEntityAPI] Acquiring script control for entity at priority 3...
    [LuaEntityAPI] ...Control acquired successfully.
    [LuaEntityAPI] Initializing handle with Helpers...
    [LuaEntityAPI] ...Helper1 returned false, skipped Helper2.
    [LuaEntityAPI] Acquiring script control for entity at priority 4...
    [LuaEntityAPI] ...Control acquired successfully.
[NewOakValeIntro/NewOakValeIntro] --- Starting Movie Sequence ---
[NewOakValeIntro/NewOakValeIntro] --- Movie Sequence Started Successfully ---
[NewOakValeIntro/NewOakValeIntro] --- Running Cutscene with Custom Setup: CS_OAKVALE_INTRO_FATHER ---
[NewOakValeIntro/NewOakValeIntro]     [RunCutsceneWithSetup] Base handle constructed for actor 'Hero'.
[NewOakValeIntro/NewOakValeIntro]     [RunCutsceneWithSetup] Initializing script handle for actor 'Hero'.
[NewOakValeIntro/NewOakValeIntro]     [RunCutsceneWithSetup] Script handle initialized for actor 'Hero'.
[NewOakValeIntro/NewOakValeIntro]     [RunCutsceneWithSetup] Acquiring script control for actor 'Hero'.
[NewOakValeIntro/NewOakValeIntro]     [RunCutsceneWithSetup] Script control acquired for actor 'Hero'.
[NewOakValeIntro/NewOakValeIntro]     [RunCutsceneWithSetup] Actor identity 'Hero': thing=0x5022410 thingData=0x55505b8 resourceData=0x557cf10 resourceInfo=0x48f7508 vtable=0x128d86c movePosition=0x903bc0 moveThing=0x903e20 speak=0x904780 taskPoll=0x904ee0 tick=11030062
[NewOakValeIntro/NewOakValeIntro]     [RunCutsceneWithSetup] Actor 'Hero' assigned to map.
[NewOakValeIntro/NewOakValeIntro]     [RunCutsceneWithSetup] Base handle constructed for actor 'Father'.
[NewOakValeIntro/NewOakValeIntro]     [RunCutsceneWithSetup] Initializing script handle for actor 'Father'.
[NewOakValeIntro/NewOakValeIntro]     [RunCutsceneWithSetup] Script handle initialized for actor 'Father'.
[NewOakValeIntro/NewOakValeIntro]     [RunCutsceneWithSetup] Reused existing script-control handle for actor 'Father'.
[NewOakValeIntro/NewOakValeIntro]     [RunCutsceneWithSetup] Actor identity 'Father': thing=0x15a2f118 thingData=0x14c8d328 resourceData=0x557ca30 resourceInfo=0x52c8160 vtable=0x128d86c movePosition=0x903bc0 moveThing=0x903e20 speak=0x904780 taskPoll=0x904ee0 tick=11030062
[NewOakValeIntro/NewOakValeIntro]     [RunCutsceneWithSetup] Actor 'Father' assigned to map.
[NewOakValeIntro/NewOakValeIntro]     [RunCutsceneWithSetup] Reusing caller-owned movie sequence.
[NewOakValeIntro/NewOakValeIntro]     [RunCutsceneABI] macro='CS_OAKVALE_INTRO_FATHER' setupOptional=1 setup=0 skippableOptional=1 skippable=1 nativeStackOrder=flags,input,setup,skippable
[NewOakValeIntro/NewOakValeIntro]     [RunCutsceneWithSetup] >>>>> ENTERING BLOCKING RunCutsceneMacro_Func for 'CS_OAKVALE_INTRO_FATHER' <<<<<
    [CutsceneState] before 'CS_OAKVALE_INTRO_FATHER' gui=0x1513ba8 actionMode=0 guiActionMode=0 inCutscene=0 skippable=1 skippableWhilePaused=0 alternateSkipInput=0
[CutsceneSkipDiag] begin macro=CS_OAKVALE_INTRO_FATHER manager=0x1513ba8 inCutscene=0 skipped=0 skippable=1 skippableWhilePaused=0 alternateInput=0 promptPrimary=0 promptSkipScene=0 skipTimerActive=0
[CutsceneSkipDiag] SetCutsceneMode(inCutscene=1, second=1) macro=CS_OAKVALE_INTRO_FATHER manager=0x1513ba8 inCutscene=1 skipped=0 skippable=1 skippableWhilePaused=0 alternateInput=0 promptPrimary=0 promptSkipScene=0 skipTimerActive=1
[CutsceneCommandDiag] macro=CS_OAKVALE_INTRO_FATHER tick=11030078 command=PlayMusic MUSIC_SET_NULL
[CutsceneFadeDiag] tick=11030078 gsi=0x50223e0 display=0x14ebdac0 readable=1 active=1 fadingIn=1 fadingOut=0 holdUntilIn=0 allowOverride=1 outTime=0 inTime=3 outElapsed=0.1 inRemaining=3 colour=0xff000000 freezeCount=28 guiReadable=1 guiMode=2 drawReadable=1 drawObject=0x14e93bc0 renderDisplay=0x14ebdac0 renderDisplayReadable=1 sameDisplay=1 drawFlag=0 drawOpaqueSticky=0 drawEntered=0 drawReturned=0 lastDrawObject=0x0 lastDrawTick=0 beforeCommand=PlayMusic MUSIC_SET_NULL
[CutsceneCommandDiag] macro=CS_OAKVALE_INTRO_FATHER tick=11030078 command=FadeOut 0.5,0
[CutsceneFadeDiag] tick=11030078 gsi=0x50223e0 display=0x14ebdac0 readable=1 active=1 fadingIn=1 fadingOut=0 holdUntilIn=0 allowOverride=1 outTime=0 inTime=3 outElapsed=0.1 inRemaining=3 colour=0xff000000 freezeCount=28 guiReadable=1 guiMode=2 drawReadable=1 drawObject=0x14e93bc0 renderDisplay=0x14ebdac0 renderDisplayReadable=1 sameDisplay=1 drawFlag=0 drawOpaqueSticky=0 drawEntered=0 drawReturned=0 lastDrawObject=0x0 lastDrawTick=0 beforeCommand=FadeOut 0.5,0
[CutsceneCommandDiag] macro=CS_OAKVALE_INTRO_FATHER tick=11030078 command=CameraPause FALSE
[CutsceneFadeDiag] tick=11030078 gsi=0x50223e0 display=0x14ebdac0 readable=1 active=1 fadingIn=0 fadingOut=1 holdUntilIn=1 allowOverride=1 outTime=0 inTime=0.5 outElapsed=0 inRemaining=0.5 colour=0xff000000 freezeCount=28 guiReadable=1 guiMode=2 drawReadable=1 drawObject=0x14e93bc0 renderDisplay=0x14ebdac0 renderDisplayReadable=1 sameDisplay=1 drawFlag=0 drawOpaqueSticky=0 drawEntered=0 drawReturned=0 lastDrawObject=0x0 lastDrawTick=0 beforeCommand=CameraPause FALSE
[CutsceneCommandDiag] macro=CS_OAKVALE_INTRO_FATHER tick=11030078 command=Hero.Teleport MK_OVI_ID_HERO,FALSE
[CutsceneFadeDiag] tick=11030078 gsi=0x50223e0 display=0x14ebdac0 readable=1 active=1 fadingIn=0 fadingOut=1 holdUntilIn=1 allowOverride=1 outTime=0 inTime=0.5 outElapsed=0 inRemaining=0.5 colour=0xff000000 freezeCount=28 guiReadable=1 guiMode=2 drawReadable=1 drawObject=0x14e93bc0 renderDisplay=0x14ebdac0 renderDisplayReadable=1 sameDisplay=1 drawFlag=0 drawOpaqueSticky=0 drawEntered=0 drawReturned=0 lastDrawObject=0x0 lastDrawTick=0 beforeCommand=Hero.Teleport MK_OVI_ID_HERO,FALSE
[CutsceneCommandDiag] macro=CS_OAKVALE_INTRO_FATHER tick=11030078 command=Father.Teleport MK_OVI_ID_DAD
[CutsceneFadeDiag] tick=11030078 gsi=0x50223e0 display=0x14ebdac0 readable=1 active=1 fadingIn=0 fadingOut=1 holdUntilIn=1 allowOverride=1 outTime=0 inTime=0.5 outElapsed=0 inRemaining=0.5 colour=0xff000000 freezeCount=28 guiReadable=1 guiMode=2 drawReadable=1 drawObject=0x14e93bc0 renderDisplay=0x14ebdac0 renderDisplayReadable=1 sameDisplay=1 drawFlag=0 drawOpaqueSticky=0 drawEntered=0 drawReturned=0 lastDrawObject=0x0 lastDrawTick=0 beforeCommand=Father.Teleport MK_OVI_ID_DAD
[CutsceneCommandDiag] macro=CS_OAKVALE_INTRO_FATHER tick=11030078 command=Father.LookToThing Hero,FOREVER
[CutsceneFadeDiag] tick=11030078 gsi=0x50223e0 display=0x14ebdac0 readable=1 active=1 fadingIn=0 fadingOut=1 holdUntilIn=1 allowOverride=1 outTime=0 inTime=0.5 outElapsed=0 inRemaining=0.5 colour=0xff000000 freezeCount=28 guiReadable=1 guiMode=2 drawReadable=1 drawObject=0x14e93bc0 renderDisplay=0x14ebdac0 renderDisplayReadable=1 sameDisplay=1 drawFlag=0 drawOpaqueSticky=0 drawEntered=0 drawReturned=0 lastDrawObject=0x0 lastDrawTick=0 beforeCommand=Father.LookToThing Hero,FOREVER
===== GetThingWithScriptName START: 'M_TriggerOutro' =====
    Calling GetThingWithScriptName_ByName_API with heap buffer...
    API call returned.
    Heap Buffer After API: CScriptThing* = 0x14f2eea0, pVTable = 0x1238c8c (Matches Known VTable), WorldUID = 3468016904168291015, WrapperPos = (3539.42,942.634,13.0913), pImp.Data = 0x55519b8, pImp.Info = 0x14f2ee58, Info->RefCount = 2, Info->DeleteFunc = 0x7044b0, Info->Data = 0x55519b8
    Object is valid. Adopting API-owned reference (RefCount=2).
===== GetThingWithScriptName END (Success) =====
    [LuaEntityAPI] Initializing handle with Helpers...
    [LuaEntityAPI] ...Helper1 returned false, skipped Helper2.
    [LuaEntityAPI] Acquiring script control for entity at priority 4...
    [LuaEntityAPI] ...Control acquired successfully.
===== PlayCombatAnimation_NonBlocking Wrapper START =====
===== PlayCombatAnimation_NonBlocking Wrapper END =====
[CutsceneMoveDiag] poll macro=CS_OAKVALE_INTRO_FATHER controller=0x557ec50 active=1 tick=11030078
    [LuaEntityAPI] Initializing handle with Helpers...
    [LuaEntityAPI] ...Helper1 returned false, skipped Helper2.
    [LuaEntityAPI] Acquiring script control for entity at priority 3...
    [LuaEntityAPI] ...Control acquired successfully.
===== GetThingWithScriptName START: 'NOVI_Bully' =====
    Calling GetThingWithScriptName_ByName_API with heap buffer...
    API call returned.
    Heap Buffer After API: CScriptThing* = 0x14f2edb0, pVTable = 0x1238c8c (Matches Known VTable), WorldUID = 1741156926932128341, WrapperPos = (3602.62,859.519,13.7493), pImp.Data = 0x492abf0, pImp.Info = 0x498e138, Info->RefCount = 4, Info->DeleteFunc = 0x7044b0, Info->Data = 0x492abf0
    Object is valid. Adopting API-owned reference (RefCount=4).
===== GetThingWithScriptName END (Success) =====
===== GetThingWithScriptName START: 'M_WHouse_ManStart' =====
    Calling GetThingWithScriptName_ByName_API with heap buffer...
    API call returned.
    Heap Buffer After API: CScriptThing* = 0x554b298, pVTable = 0x1238c8c (Matches Known VTable), WorldUID = 1741156926932128444, WrapperPos = (3585.99,812.65,7), pImp.Data = 0x55517d8, pImp.Info = 0x554b190, Info->RefCount = 2, Info->DeleteFunc = 0x7044b0, Info->Data = 0x55517d8
    Object is valid. Adopting API-owned reference (RefCount=2).
===== GetThingWithScriptName END (Success) =====
===== GetThingWithScriptName START: 'M_WHouse_GuardPoint' =====
    Calling GetThingWithScriptName_ByName_API with heap buffer...
    API call returned.
    Heap Buffer After API: CScriptThing* = 0x554b130, pVTable = 0x1238c8c (Matches Known VTable), WorldUID = 1741156926932128443, WrapperPos = (3588.91,811.935,7), pImp.Data = 0x5551828, pImp.Info = 0x554b2e0, Info->RefCount = 2, Info->DeleteFunc = 0x7044b0, Info->Data = 0x5551828
    Object is valid. Adopting API-owned reference (RefCount=2).
===== GetThingWithScriptName END (Success) =====
[NewOakValeIntro/NewOakValeIntro] NOVI_PROBE BarrelMan Main phase=0
===== MoveToPosition_NonBlocking Wrapper START =====
    [MoveToPositionDiag] thing=0x5d9bc20 thingData=0x492abf0 handle=0x538b508 resourceData=0x557ce20 destination=(3605.2,859.268,13.6059) radius=0 moveType=0 avoidObstacles=0 ignorePathPreferability=1
[CutsceneMoveDiag] issue macro=CS_OAKVALE_INTRO_FATHER controller=0x557ce20 destination=(3605.2,859.268,13.6059) radius=0 moveType=0 b1=0 b2=1 tick=11030187
===== MoveToPosition_NonBlocking Wrapper END =====
[CutsceneMoveDiag] poll macro=CS_OAKVALE_INTRO_FATHER controller=0x557ce20 active=1 tick=11030187
    [LuaEntityAPI::AcquireControl] Reusing live control handle for nested acquire (depth 1, requested priority 3).
[CutsceneCommandDiag] macro=CS_OAKVALE_INTRO_FATHER tick=11030187 command=DoScriptFrame 1
[CutsceneFadeDiag] tick=11030187 gsi=0x50223e0 display=0x14ebdac0 readable=1 active=1 fadingIn=0 fadingOut=1 holdUntilIn=1 allowOverride=1 outTime=0 inTime=0.5 outElapsed=0 inRemaining=0.5 colour=0xff000000 freezeCount=25 guiReadable=1 guiMode=2 drawReadable=1 drawObject=0x14e93bc0 renderDisplay=0x14ebdac0 renderDisplayReadable=1 sameDisplay=1 drawFlag=0 drawOpaqueSticky=0 drawEntered=0 drawReturned=0 lastDrawObject=0x0 lastDrawTick=0 beforeCommand=DoScriptFrame 1
[CutsceneMoveDiag] poll macro=CS_OAKVALE_INTRO_FATHER controller=0x557ec50 active=1 tick=11030187
    [LuaEntityAPI::AcquireControl] Reusing live control handle for nested acquire (depth 1, requested priority 3).
[CutsceneMoveDiag] poll macro=CS_OAKVALE_INTRO_FATHER controller=0x557ce20 active=1 tick=11030265
[CutsceneCommandDiag] macro=CS_OAKVALE_INTRO_FATHER tick=11030265 command=DoCameraPreloading
[CutsceneFadeDiag] tick=11030265 gsi=0x50223e0 display=0x14ebdac0 readable=1 active=1 fadingIn=0 fadingOut=0 holdUntilIn=1 allowOverride=1 outTime=0 inTime=0.5 outElapsed=0 inRemaining=0.5 colour=0xff000000 freezeCount=24 guiReadable=1 guiMode=0 drawReadable=1 drawObject=0x14e93bc0 renderDisplay=0x14ebdac0 renderDisplayReadable=1 sameDisplay=1 drawFlag=1 drawOpaqueSticky=1 drawEntered=1 drawReturned=1 lastDrawObject=0x14e93bc0 lastDrawTick=11030187 beforeCommand=DoCameraPreloading
[CutsceneCommandDiag] macro=CS_OAKVALE_INTRO_FATHER tick=11030312 command=DoScriptFrame 1
[CutsceneFadeDiag] tick=11030312 gsi=0x50223e0 display=0x14ebdac0 readable=1 active=1 fadingIn=0 fadingOut=0 holdUntilIn=1 allowOverride=1 outTime=0 inTime=0.5 outElapsed=0 inRemaining=0.5 colour=0xff000000 freezeCount=24 guiReadable=1 guiMode=0 drawReadable=1 drawObject=0x14e93bc0 renderDisplay=0x14ebdac0 renderDisplayReadable=1 sameDisplay=1 drawFlag=1 drawOpaqueSticky=1 drawEntered=1 drawReturned=1 lastDrawObject=0x14e93bc0 lastDrawTick=11030187 beforeCommand=DoScriptFrame 1
[CutsceneMoveDiag] poll macro=CS_OAKVALE_INTRO_FATHER controller=0x557ec50 active=1 tick=11030312
[CutsceneMoveDiag] poll macro=CS_OAKVALE_INTRO_FATHER controller=0x557ce20 active=1 tick=11030312
[CutsceneCommandDiag] macro=CS_OAKVALE_INTRO_FATHER tick=11030312 command=PlayAVI dream_sequence_comp.xmv
[CutsceneFadeDiag] tick=11030312 gsi=0x50223e0 display=0x14ebdac0 readable=1 active=1 fadingIn=0 fadingOut=0 holdUntilIn=1 allowOverride=1 outTime=0 inTime=0.5 outElapsed=0 inRemaining=0.5 colour=0xff000000 freezeCount=23 guiReadable=1 guiMode=0 drawReadable=1 drawObject=0x14e93bc0 renderDisplay=0x14ebdac0 renderDisplayReadable=1 sameDisplay=1 drawFlag=1 drawOpaqueSticky=1 drawEntered=1 drawReturned=1 lastDrawObject=0x14e93bc0 lastDrawTick=11030187 beforeCommand=PlayAVI dream_sequence_comp.xmv
[CutsceneCommandDiag] macro=CS_OAKVALE_INTRO_FATHER tick=11031531 command=MuteSounds false
[CutsceneFadeDiag] tick=11031531 gsi=0x50223e0 display=0x14ebdac0 readable=1 active=1 fadingIn=0 fadingOut=0 holdUntilIn=1 allowOverride=1 outTime=0 inTime=0.5 outElapsed=0 inRemaining=0.5 colour=0xff000000 freezeCount=23 guiReadable=1 guiMode=0 drawReadable=1 drawObject=0x14e93bc0 renderDisplay=0x14ebdac0 renderDisplayReadable=1 sameDisplay=1 drawFlag=1 drawOpaqueSticky=1 drawEntered=1 drawReturned=1 lastDrawObject=0x14e93bc0 lastDrawTick=11030187 beforeCommand=MuteSounds false
[CutsceneCommandDiag] macro=CS_OAKVALE_INTRO_FATHER tick=11031531 command=FadeOut 0.5,0
[CutsceneFadeDiag] tick=11031531 gsi=0x50223e0 display=0x14ebdac0 readable=1 active=1 fadingIn=0 fadingOut=0 holdUntilIn=1 allowOverride=1 outTime=0 inTime=0.5 outElapsed=0 inRemaining=0.5 colour=0xff000000 freezeCount=23 guiReadable=1 guiMode=0 drawReadable=1 drawObject=0x14e93bc0 renderDisplay=0x14ebdac0 renderDisplayReadable=1 sameDisplay=1 drawFlag=1 drawOpaqueSticky=1 drawEntered=1 drawReturned=1 lastDrawObject=0x14e93bc0 lastDrawTick=11030187 beforeCommand=FadeOut 0.5,0
[CutsceneCommandDiag] macro=CS_OAKVALE_INTRO_FATHER tick=11031531 command=DoScriptFrame 2
[CutsceneFadeDiag] tick=11031531 gsi=0x50223e0 display=0x14ebdac0 readable=1 active=1 fadingIn=0 fadingOut=0 holdUntilIn=1 allowOverride=1 outTime=0 inTime=0.5 outElapsed=0 inRemaining=0.5 colour=0xff000000 freezeCount=0 guiReadable=1 guiMode=0 drawReadable=1 drawObject=0x14e93bc0 renderDisplay=0x14ebdac0 renderDisplayReadable=1 sameDisplay=1 drawFlag=1 drawOpaqueSticky=1 drawEntered=1 drawReturned=1 lastDrawObject=0x14e93bc0 lastDrawTick=11030187 beforeCommand=DoScriptFrame 2
[CutsceneMoveDiag] poll macro=CS_OAKVALE_INTRO_FATHER controller=0x557ec50 active=1 tick=11031531
[CutsceneMoveDiag] poll macro=CS_OAKVALE_INTRO_FATHER controller=0x557ce20 active=1 tick=11031640
[CutsceneMoveDiag] poll macro=CS_OAKVALE_INTRO_FATHER controller=0x557ec50 active=1 tick=11031640
[CutsceneMoveDiag] poll macro=CS_OAKVALE_INTRO_FATHER controller=0x557ce20 active=1 tick=11031703
[CutsceneCommandDiag] macro=CS_OAKVALE_INTRO_FATHER tick=11031703 command=Hero.PlayAnimation CS_WAKING_UP_LOOP,FALSE,FALSE,TRUE,FALSE
[CutsceneFadeDiag] tick=11031703 gsi=0x50223e0 display=0x14ebdac0 readable=1 active=1 fadingIn=0 fadingOut=0 holdUntilIn=1 allowOverride=1 outTime=0 inTime=0.5 outElapsed=0 inRemaining=0.5 colour=0xff000000 freezeCount=0 guiReadable=1 guiMode=0 drawReadable=1 drawObject=0x14e93bc0 renderDisplay=0x14ebdac0 renderDisplayReadable=1 sameDisplay=1 drawFlag=1 drawOpaqueSticky=1 drawEntered=6 drawReturned=6 lastDrawObject=0x14e93bc0 lastDrawTick=11031687 beforeCommand=Hero.PlayAnimation CS_WAKING_UP_LOOP,FALSE,FALSE,TRUE,FALSE
[CutsceneMoveDiag] poll macro=CS_OAKVALE_INTRO_FATHER controller=0x557ec50 active=1 tick=11031703
[CutsceneMoveDiag] poll macro=CS_OAKVALE_INTRO_FATHER controller=0x557ce20 active=1 tick=11031781
===== PlayAnimation_NonBlocking Wrapper START =====
    [PlayAnimation_NonBlocking] Issuing PlayAnimation command for 'GIVE_HUG'...
    [PlayAnimation_NonBlocking] ...Command issued successfully.
===== PlayAnimation_NonBlocking Wrapper END =====
[CutsceneMoveDiag] poll macro=CS_OAKVALE_INTRO_FATHER controller=0x557c940 active=0 tick=11031781
===== PlayAnimation_NonBlocking Wrapper START =====
    [PlayAnimation_NonBlocking] Issuing PlayAnimation command for 'RECEIVE_HUG'...
    [PlayAnimation_NonBlocking] ...Command issued successfully.
===== PlayAnimation_NonBlocking Wrapper END =====
[CutsceneCommandDiag] macro=CS_OAKVALE_INTRO_FATHER tick=11031781 command=Hero.PlayAnimation CS_WAKING_UP_ON_STEPS,FALSE,FALSE,TRUE,FALSE
[CutsceneFadeDiag] tick=11031781 gsi=0x50223e0 display=0x14ebdac0 readable=1 active=1 fadingIn=0 fadingOut=0 holdUntilIn=1 allowOverride=1 outTime=0 inTime=0.5 outElapsed=0 inRemaining=0.5 colour=0xff000000 freezeCount=0 guiReadable=1 guiMode=0 drawReadable=1 drawObject=0x14e93bc0 renderDisplay=0x14ebdac0 renderDisplayReadable=1 sameDisplay=1 drawFlag=1 drawOpaqueSticky=1 drawEntered=10 drawReturned=10 lastDrawObject=0x14e93bc0 lastDrawTick=11031750 beforeCommand=Hero.PlayAnimation CS_WAKING_UP_ON_STEPS,FALSE,FALSE,TRUE,FALSE
[CutsceneMoveDiag] poll macro=CS_OAKVALE_INTRO_FATHER controller=0x557ec50 active=1 tick=11031781
[CutsceneMoveDiag] poll macro=CS_OAKVALE_INTRO_FATHER controller=0x557ce20 active=1 tick=11031843
[CutsceneMoveDiag] poll macro=CS_OAKVALE_INTRO_FATHER controller=0x557c910 active=1 tick=11031843
[CutsceneCommandDiag] macro=CS_OAKVALE_INTRO_FATHER tick=11031843 command=DoScriptFrame 4
[CutsceneFadeDiag] tick=11031843 gsi=0x50223e0 display=0x14ebdac0 readable=1 active=1 fadingIn=0 fadingOut=0 holdUntilIn=1 allowOverride=1 outTime=0 inTime=0.5 outElapsed=0 inRemaining=0.5 colour=0xff000000 freezeCount=0 guiReadable=1 guiMode=0 drawReadable=1 drawObject=0x14e93bc0 renderDisplay=0x14ebdac0 renderDisplayReadable=1 sameDisplay=1 drawFlag=1 drawOpaqueSticky=1 drawEntered=14 drawReturned=14 lastDrawObject=0x14e93bc0 lastDrawTick=11031828 beforeCommand=DoScriptFrame 4
[CutsceneMoveDiag] poll macro=CS_OAKVALE_INTRO_FATHER controller=0x557ec50 active=1 tick=11031843
[CutsceneMoveDiag] poll macro=CS_OAKVALE_INTRO_FATHER controller=0x557ce20 active=1 tick=11031906
[CutsceneMoveDiag] poll macro=CS_OAKVALE_INTRO_FATHER controller=0x557c910 active=1 tick=11031906
[CutsceneMoveDiag] poll macro=CS_OAKVALE_INTRO_FATHER controller=0x557ec50 active=1 tick=11031906
[CutsceneMoveDiag] poll macro=CS_OAKVALE_INTRO_FATHER controller=0x557ce20 active=1 tick=11031968
[CutsceneMoveDiag] poll macro=CS_OAKVALE_INTRO_FATHER controller=0x557c910 active=1 tick=11031968
[CutsceneMoveDiag] poll macro=CS_OAKVALE_INTRO_FATHER controller=0x557ec50 active=1 tick=11031968
[CutsceneMoveDiag] poll macro=CS_OAKVALE_INTRO_FATHER controller=0x557ce20 active=1 tick=11032046
[CutsceneMoveDiag] poll macro=CS_OAKVALE_INTRO_FATHER controller=0x557c910 active=1 tick=11032046
[CutsceneMoveDiag] poll macro=CS_OAKVALE_INTRO_FATHER controller=0x557ec50 active=1 tick=11032046
[CutsceneMoveDiag] poll macro=CS_OAKVALE_INTRO_FATHER controller=0x557ce20 active=1 tick=11032109
[CutsceneMoveDiag] poll macro=CS_OAKVALE_INTRO_FATHER controller=0x557c910 active=1 tick=11032109
[CutsceneCommandDiag] macro=CS_OAKVALE_INTRO_FATHER tick=11032109 command=StartTimeCode
[CutsceneFadeDiag] tick=11032109 gsi=0x50223e0 display=0x14ebdac0 readable=1 active=1 fadingIn=0 fadingOut=0 holdUntilIn=1 allowOverride=1 outTime=0 inTime=0.5 outElapsed=0 inRemaining=0.5 colour=0xff000000 freezeCount=0 guiReadable=1 guiMode=0 drawReadable=1 drawObject=0x14e93bc0 renderDisplay=0x14ebdac0 renderDisplayReadable=1 sameDisplay=1 drawFlag=1 drawOpaqueSticky=1 drawEntered=30 drawReturned=30 lastDrawObject=0x14e93bc0 lastDrawTick=11032093 beforeCommand=StartTimeCode
[CutsceneCommandDiag] macro=CS_OAKVALE_INTRO_FATHER tick=11032109 command=PlayMusic MUSIC_SET_OAKVALE
[CutsceneFadeDiag] tick=11032109 gsi=0x50223e0 display=0x14ebdac0 readable=1 active=1 fadingIn=0 fadingOut=0 holdUntilIn=1 allowOverride=1 outTime=0 inTime=0.5 outElapsed=0 inRemaining=0.5 colour=0xff000000 freezeCount=0 guiReadable=1 guiMode=0 drawReadable=1 drawObject=0x14e93bc0 renderDisplay=0x14ebdac0 renderDisplayReadable=1 sameDisplay=1 drawFlag=1 drawOpaqueSticky=1 drawEntered=30 drawReturned=30 lastDrawObject=0x14e93bc0 lastDrawTick=11032093 beforeCommand=PlayMusic MUSIC_SET_OAKVALE
[CutsceneCommandDiag] macro=CS_OAKVALE_INTRO_FATHER tick=11032109 command=NoLoadUseCamera CAM_OVI_ID_STANDUP
[CutsceneFadeDiag] tick=11032109 gsi=0x50223e0 display=0x14ebdac0 readable=1 active=1 fadingIn=0 fadingOut=0 holdUntilIn=1 allowOverride=1 outTime=0 inTime=0.5 outElapsed=0 inRemaining=0.5 colour=0xff000000 freezeCount=0 guiReadable=1 guiMode=0 drawReadable=1 drawObject=0x14e93bc0 renderDisplay=0x14ebdac0 renderDisplayReadable=1 sameDisplay=1 drawFlag=1 drawOpaqueSticky=1 drawEntered=30 drawReturned=30 lastDrawObject=0x14e93bc0 lastDrawTick=11032093 beforeCommand=NoLoadUseCamera CAM_OVI_ID_STANDUP
[CutsceneCommandDiag] macro=CS_OAKVALE_INTRO_FATHER tick=11032109 command=FadeIn
[CutsceneFadeDiag] tick=11032109 gsi=0x50223e0 display=0x14ebdac0 readable=1 active=1 fadingIn=0 fadingOut=0 holdUntilIn=1 allowOverride=1 outTime=0 inTime=0.5 outElapsed=0 inRemaining=0.5 colour=0xff000000 freezeCount=0 guiReadable=1 guiMode=0 drawReadable=1 drawObject=0x14e93bc0 renderDisplay=0x14ebdac0 renderDisplayReadable=1 sameDisplay=1 drawFlag=1 drawOpaqueSticky=1 drawEntered=30 drawReturned=30 lastDrawObject=0x14e93bc0 lastDrawTick=11032093 beforeCommand=FadeIn
[CutsceneCommandDiag] macro=CS_OAKVALE_INTRO_FATHER tick=11032109 command=GamePause 1.6
[CutsceneFadeDiag] tick=11032109 gsi=0x50223e0 display=0x14ebdac0 readable=1 active=1 fadingIn=1 fadingOut=0 holdUntilIn=0 allowOverride=1 outTime=0 inTime=0.5 outElapsed=0 inRemaining=0.5 colour=0xff000000 freezeCount=0 guiReadable=1 guiMode=0 drawReadable=1 drawObject=0x14e93bc0 renderDisplay=0x14ebdac0 renderDisplayReadable=1 sameDisplay=1 drawFlag=1 drawOpaqueSticky=1 drawEntered=30 drawReturned=30 lastDrawObject=0x14e93bc0 lastDrawTick=11032093 beforeCommand=GamePause 1.6
[CutsceneMoveDiag] poll macro=CS_OAKVALE_INTRO_FATHER controller=0x557ec50 active=1 tick=11032109
[CutsceneMoveDiag] poll macro=CS_OAKVALE_INTRO_FATHER controller=0x557ce20 active=1 tick=11032171
[CutsceneMoveDiag] poll macro=CS_OAKVALE_INTRO_FATHER controller=0x557c910 active=1 tick=11032171
[CutsceneMoveDiag] poll macro=CS_OAKVALE_INTRO_FATHER controller=0x557ec50 active=1 tick=11032171
[CutsceneMoveDiag] poll macro=CS_OAKVALE_INTRO_FATHER controller=0x557ce20 active=1 tick=11032234
[CutsceneMoveDiag] poll macro=CS_OAKVALE_INTRO_FATHER controller=0x557c910 active=1 tick=11032234
[CutsceneMoveDiag] poll macro=CS_OAKVALE_INTRO_FATHER controller=0x557ec50 active=1 tick=11032234
[CutsceneMoveDiag] poll macro=CS_OAKVALE_INTRO_FATHER controller=0x557ce20 active=1 tick=11032312
[CutsceneMoveDiag] poll macro=CS_OAKVALE_INTRO_FATHER controller=0x557c910 active=1 tick=11032312
[CutsceneMoveDiag] poll macro=CS_OAKVALE_INTRO_FATHER controller=0x557ec50 active=1 tick=11032312
[CutsceneMoveDiag] poll macro=CS_OAKVALE_INTRO_FATHER controller=0x557ce20 active=1 tick=11032375
[CutsceneMoveDiag] poll macro=CS_OAKVALE_INTRO_FATHER controller=0x557c910 active=1 tick=11032375
[CutsceneMoveDiag] poll macro=CS_OAKVALE_INTRO_FATHER controller=0x557ec50 active=1 tick=11032375
[CutsceneMoveDiag] poll macro=CS_OAKVALE_INTRO_FATHER controller=0x557ce20 active=1 tick=11032437
[CutsceneMoveDiag] poll macro=CS_OAKVALE_INTRO_FATHER controller=0x557c910 active=1 tick=11032437
[CutsceneMoveDiag] poll macro=CS_OAKVALE_INTRO_FATHER controller=0x557ec50 active=1 tick=11032437
[CutsceneMoveDiag] poll macro=CS_OAKVALE_INTRO_FATHER controller=0x557ce20 active=1 tick=11032500
[CutsceneMoveDiag] poll macro=CS_OAKVALE_INTRO_FATHER controller=0x557c910 active=1 tick=11032500
[CutsceneMoveDiag] poll macro=CS_OAKVALE_INTRO_FATHER controller=0x557ec50 active=1 tick=11032500
[CutsceneMoveDiag] poll macro=CS_OAKVALE_INTRO_FATHER controller=0x557ce20 active=1 tick=11032578
[CutsceneMoveDiag] poll macro=CS_OAKVALE_INTRO_FATHER controller=0x557c910 active=1 tick=11032578
[CutsceneMoveDiag] poll macro=CS_OAKVALE_INTRO_FATHER controller=0x557ec50 active=1 tick=11032578
[CutsceneMoveDiag] poll macro=CS_OAKVALE_INTRO_FATHER controller=0x557ce20 active=1 tick=11032640
[CutsceneMoveDiag] poll macro=CS_OAKVALE_INTRO_FATHER controller=0x557c910 active=1 tick=11032640
[CutsceneMoveDiag] poll macro=CS_OAKVALE_INTRO_FATHER controller=0x557ec50 active=1 tick=11032640
[CutsceneMoveDiag] poll macro=CS_OAKVALE_INTRO_FATHER controller=0x557ce20 active=1 tick=11032703
[CutsceneMoveDiag] poll macro=CS_OAKVALE_INTRO_FATHER controller=0x557c910 active=1 tick=11032703
[CutsceneMoveDiag] poll macro=CS_OAKVALE_INTRO_FATHER controller=0x557ec50 active=1 tick=11032703
[CutsceneMoveDiag] poll macro=CS_OAKVALE_INTRO_FATHER controller=0x557ce20 active=1 tick=11032765
[CutsceneMoveDiag] poll macro=CS_OAKVALE_INTRO_FATHER controller=0x557c910 active=1 tick=11032781
[CutsceneMoveDiag] poll macro=CS_OAKVALE_INTRO_FATHER controller=0x557ec50 active=1 tick=11032781
[CutsceneMoveDiag] poll macro=CS_OAKVALE_INTRO_FATHER controller=0x557ce20 active=1 tick=11032843
[CutsceneMoveDiag] poll macro=CS_OAKVALE_INTRO_FATHER controller=0x557c910 active=1 tick=11032843
[CutsceneMoveDiag] poll macro=CS_OAKVALE_INTRO_FATHER controller=0x557ec50 active=1 tick=11032843
[CutsceneMoveDiag] poll macro=CS_OAKVALE_INTRO_FATHER controller=0x557ce20 active=1 tick=11032906
[CutsceneMoveDiag] poll macro=CS_OAKVALE_INTRO_FATHER controller=0x557c910 active=1 tick=11032906
[CutsceneMoveDiag] poll macro=CS_OAKVALE_INTRO_FATHER controller=0x557ec50 active=1 tick=11032906
[CutsceneMoveDiag] poll macro=CS_OAKVALE_INTRO_FATHER controller=0x557ce20 active=1 tick=11032968
[CutsceneMoveDiag] poll macro=CS_OAKVALE_INTRO_FATHER controller=0x557c910 active=1 tick=11032968
[CutsceneMoveDiag] poll macro=CS_OAKVALE_INTRO_FATHER controller=0x557ec50 active=1 tick=11032968
[CutsceneMoveDiag] poll macro=CS_OAKVALE_INTRO_FATHER controller=0x557ce20 active=1 tick=11033046
[CutsceneMoveDiag] poll macro=CS_OAKVALE_INTRO_FATHER controller=0x557c910 active=1 tick=11033046
[CutsceneMoveDiag] poll macro=CS_OAKVALE_INTRO_FATHER controller=0x557ec50 active=1 tick=11033046
[CutsceneMoveDiag] poll macro=CS_OAKVALE_INTRO_FATHER controller=0x557ce20 active=1 tick=11033109
[CutsceneMoveDiag] poll macro=CS_OAKVALE_INTRO_FATHER controller=0x557c910 active=1 tick=11033109
[CutsceneMoveDiag] poll macro=CS_OAKVALE_INTRO_FATHER controller=0x557ec50 active=1 tick=11033109
[CutsceneMoveDiag] poll macro=CS_OAKVALE_INTRO_FATHER controller=0x557ce20 active=1 tick=11033171
[CutsceneMoveDiag] poll macro=CS_OAKVALE_INTRO_FATHER controller=0x557c910 active=1 tick=11033171
[CutsceneMoveDiag] poll macro=CS_OAKVALE_INTRO_FATHER controller=0x557ec50 active=1 tick=11033171
[CutsceneMoveDiag] poll macro=CS_OAKVALE_INTRO_FATHER controller=0x557ce20 active=1 tick=11033234
[CutsceneMoveDiag] poll macro=CS_OAKVALE_INTRO_FATHER controller=0x557c910 active=1 tick=11033234
[CutsceneMoveDiag] poll macro=CS_OAKVALE_INTRO_FATHER controller=0x557ec50 active=1 tick=11033234
[CutsceneMoveDiag] poll macro=CS_OAKVALE_INTRO_FATHER controller=0x557ce20 active=1 tick=11033312
[CutsceneMoveDiag] poll macro=CS_OAKVALE_INTRO_FATHER controller=0x557c910 active=1 tick=11033312
[CutsceneMoveDiag] poll macro=CS_OAKVALE_INTRO_FATHER controller=0x557ec50 active=1 tick=11033312
[CutsceneMoveDiag] poll macro=CS_OAKVALE_INTRO_FATHER controller=0x557ce20 active=1 tick=11033375
[CutsceneMoveDiag] poll macro=CS_OAKVALE_INTRO_FATHER controller=0x557c910 active=1 tick=11033375
[CutsceneMoveDiag] poll macro=CS_OAKVALE_INTRO_FATHER controller=0x557ec50 active=1 tick=11033375
[CutsceneMoveDiag] poll macro=CS_OAKVALE_INTRO_FATHER controller=0x557ce20 active=1 tick=11033437
[CutsceneMoveDiag] poll macro=CS_OAKVALE_INTRO_FATHER controller=0x557c910 active=1 tick=11033437
[CutsceneMoveDiag] poll macro=CS_OAKVALE_INTRO_FATHER controller=0x557ec50 active=1 tick=11033437
[CutsceneMoveDiag] poll macro=CS_OAKVALE_INTRO_FATHER controller=0x557ce20 active=1 tick=11033500
[CutsceneMoveDiag] poll macro=CS_OAKVALE_INTRO_FATHER controller=0x557c910 active=1 tick=11033500
[CutsceneMoveDiag] poll macro=CS_OAKVALE_INTRO_FATHER controller=0x557ec50 active=1 tick=11033515
[CutsceneMoveDiag] poll macro=CS_OAKVALE_INTRO_FATHER controller=0x557ce20 active=1 tick=11033578
[CutsceneMoveDiag] poll macro=CS_OAKVALE_INTRO_FATHER controller=0x557c910 active=1 tick=11033578
[CutsceneMoveDiag] poll macro=CS_OAKVALE_INTRO_FATHER controller=0x557ec50 active=1 tick=11033578
[CutsceneMoveDiag] poll macro=CS_OAKVALE_INTRO_FATHER controller=0x557ce20 active=1 tick=11033640
[CutsceneMoveDiag] poll macro=CS_OAKVALE_INTRO_FATHER controller=0x557c910 active=1 tick=11033640
[CutsceneMoveDiag] poll macro=CS_OAKVALE_INTRO_FATHER controller=0x557ec50 active=1 tick=11033640
[CutsceneMoveDiag] poll macro=CS_OAKVALE_INTRO_FATHER controller=0x557ce20 active=1 tick=11033703
[CutsceneMoveDiag] poll macro=CS_OAKVALE_INTRO_FATHER controller=0x557c910 active=1 tick=11033703
[CutsceneMoveDiag] poll macro=CS_OAKVALE_INTRO_FATHER controller=0x557ec50 active=1 tick=11033703
[CutsceneMoveDiag] poll macro=CS_OAKVALE_INTRO_FATHER controller=0x557ce20 active=0 tick=11033765
===== GetThingWithScriptName START: 'NOVI_Victim' =====
    Calling GetThingWithScriptName_ByName_API with heap buffer...
    API call returned.
    Heap Buffer After API: CScriptThing* = 0x165078a0, pVTable = 0x1238c8c (Matches Known VTable), WorldUID = 1741156926932128342, WrapperPos = (3602.53,857.217,13.6224), pImp.Data = 0x492ab00, pImp.Info = 0x498e540, Info->RefCount = 3, Info->DeleteFunc = 0x7044b0, Info->Data = 0x492ab00
    Object is valid. Adopting API-owned reference (RefCount=3).
===== GetThingWithScriptName END (Success) =====
    [LuaEntityAPI::AcquireControl] Reusing live control handle for nested acquire (depth 1, requested priority 4).
[CutsceneMoveDiag] poll macro=CS_OAKVALE_INTRO_FATHER controller=0x557c910 active=1 tick=11033781
[CutsceneCommandDiag] macro=CS_OAKVALE_INTRO_FATHER tick=11033781 command=Father.Speak Father,'TEXT_QST_048_FATHER_INTRO_10'
[CutsceneFadeDiag] tick=11033781 gsi=0x50223e0 display=0x14ebdac0 readable=1 active=0 fadingIn=0 fadingOut=0 holdUntilIn=0 allowOverride=1 outTime=0 inTime=0.5 outElapsed=0 inRemaining=0 colour=0xff000000 freezeCount=0 guiReadable=1 guiMode=0 drawReadable=1 drawObject=0x14e93bc0 renderDisplay=0x14ebdac0 renderDisplayReadable=1 sameDisplay=1 drawFlag=0 drawOpaqueSticky=0 drawEntered=130 drawReturned=130 lastDrawObject=0x14e93bc0 lastDrawTick=11033750 beforeCommand=Father.Speak Father,'TEXT_QST_048_FATHER_INTRO_10'
[CutsceneSpeechDiag] macro=CS_OAKVALE_INTRO_FATHER controller=0x557ca30 target=0x1adfec method=0 listen=0 soundIn2D=1 overFade=0 tick=11033781 key=TEXT_QST_048_FATHER_INTRO_10
[CutsceneMoveDiag] poll macro=CS_OAKVALE_INTRO_FATHER controller=0x557ca30 active=1 tick=11033781
[CutsceneMoveDiag] poll macro=CS_OAKVALE_INTRO_FATHER controller=0x557ec50 active=1 tick=11033781
[CutsceneMoveDiag] poll macro=CS_OAKVALE_INTRO_FATHER controller=0x557c910 active=1 tick=11033843
[CutsceneMoveDiag] poll macro=CS_OAKVALE_INTRO_FATHER controller=0x557ca30 active=0 tick=11033843
[CutsceneCommandDiag] macro=CS_OAKVALE_INTRO_FATHER tick=11033843 command=GamePause 1.0
[CutsceneFadeDiag] tick=11033843 gsi=0x50223e0 display=0x14ebdac0 readable=1 active=0 fadingIn=0 fadingOut=0 holdUntilIn=0 allowOverride=1 outTime=0 inTime=0.5 outElapsed=0 inRemaining=0 colour=0xff000000 freezeCount=0 guiReadable=1 guiMode=0 drawReadable=1 drawObject=0x14e93bc0 renderDisplay=0x14ebdac0 renderDisplayReadable=1 sameDisplay=1 drawFlag=0 drawOpaqueSticky=0 drawEntered=134 drawReturned=134 lastDrawObject=0x14e93bc0 lastDrawTick=11033828 beforeCommand=GamePause 1.0
[CutsceneMoveDiag] poll macro=CS_OAKVALE_INTRO_FATHER controller=0x557ec50 active=1 tick=11033843
[CutsceneMoveDiag] poll macro=CS_OAKVALE_INTRO_FATHER controller=0x557c910 active=1 tick=11033906
[CutsceneMoveDiag] poll macro=CS_OAKVALE_INTRO_FATHER controller=0x557ec50 active=1 tick=11033906
[CutsceneMoveDiag] poll macro=CS_OAKVALE_INTRO_FATHER controller=0x557c910 active=1 tick=11033968
[CutsceneMoveDiag] poll macro=CS_OAKVALE_INTRO_FATHER controller=0x557ec50 active=1 tick=11033968
[CutsceneMoveDiag] poll macro=CS_OAKVALE_INTRO_FATHER controller=0x557c910 active=1 tick=11034046
[CutsceneMoveDiag] poll macro=CS_OAKVALE_INTRO_FATHER controller=0x557ec50 active=1 tick=11034046
[CutsceneMoveDiag] poll macro=CS_OAKVALE_INTRO_FATHER controller=0x557c910 active=1 tick=11034109
[CutsceneMoveDiag] poll macro=CS_OAKVALE_INTRO_FATHER controller=0x557ec50 active=1 tick=11034109
[CutsceneMoveDiag] poll macro=CS_OAKVALE_INTRO_FATHER controller=0x557c910 active=1 tick=11034171
[CutsceneMoveDiag] poll macro=CS_OAKVALE_INTRO_FATHER controller=0x557ec50 active=1 tick=11034171
[CutsceneMoveDiag] poll macro=CS_OAKVALE_INTRO_FATHER controller=0x557c910 active=1 tick=11034234
[CutsceneMoveDiag] poll macro=CS_OAKVALE_INTRO_FATHER controller=0x557ec50 active=1 tick=11034234
[CutsceneMoveDiag] poll macro=CS_OAKVALE_INTRO_FATHER controller=0x557c910 active=1 tick=11034312
[CutsceneMoveDiag] poll macro=CS_OAKVALE_INTRO_FATHER controller=0x557ec50 active=1 tick=11034312
[CutsceneMoveDiag] poll macro=CS_OAKVALE_INTRO_FATHER controller=0x557c910 active=1 tick=11034375
[CutsceneMoveDiag] poll macro=CS_OAKVALE_INTRO_FATHER controller=0x557ec50 active=1 tick=11034375
[CutsceneMoveDiag] poll macro=CS_OAKVALE_INTRO_FATHER controller=0x557c910 active=0 tick=11034437
[CutsceneMoveDiag] poll macro=CS_OAKVALE_INTRO_FATHER controller=0x557ec50 active=1 tick=11034437
[CutsceneMoveDiag] poll macro=CS_OAKVALE_INTRO_FATHER controller=0x557ec50 active=1 tick=11034500
[CutsceneMoveDiag] poll macro=CS_OAKVALE_INTRO_FATHER controller=0x557ec50 active=1 tick=11034578
[CutsceneMoveDiag] poll macro=CS_OAKVALE_INTRO_FATHER controller=0x557ec50 active=1 tick=11034640
[CutsceneMoveDiag] poll macro=CS_OAKVALE_INTRO_FATHER controller=0x557ec50 active=1 tick=11034703
[CutsceneMoveDiag] poll macro=CS_OAKVALE_INTRO_FATHER controller=0x557ec50 active=1 tick=11034765
===== PlayAnimation_NonBlocking Wrapper START =====
    [PlayAnimation_NonBlocking] Issuing PlayAnimation command for 'GIVE_HUG'...
    [PlayAnimation_NonBlocking] ...Command issued successfully.
===== PlayAnimation_NonBlocking Wrapper END =====
[CutsceneMoveDiag] poll macro=CS_OAKVALE_INTRO_FATHER controller=0x557c940 active=0 tick=11034843
===== PlayAnimation_NonBlocking Wrapper START =====
    [PlayAnimation_NonBlocking] Issuing PlayAnimation command for 'RECEIVE_HUG'...
    [PlayAnimation_NonBlocking] ...Command issued successfully.
===== PlayAnimation_NonBlocking Wrapper END =====
[CutsceneMoveDiag] poll macro=CS_OAKVALE_INTRO_FATHER controller=0x557ec50 active=1 tick=11034843
[CutsceneMoveDiag] poll macro=CS_OAKVALE_INTRO_FATHER controller=0x557c910 active=1 tick=11034906
[CutsceneCommandDiag] macro=CS_OAKVALE_INTRO_FATHER tick=11034906 command=Father.InteractiveSpeak Hero,'TEXT_QST_048_FATHER_INTRO_20',FALSE,'TEXT_QST_048_FATHER_INTRO_30'
[CutsceneFadeDiag] tick=11034906 gsi=0x50223e0 display=0x14ebdac0 readable=1 active=0 fadingIn=0 fadingOut=0 holdUntilIn=0 allowOverride=1 outTime=0 inTime=0.5 outElapsed=0 inRemaining=0 colour=0xff000000 freezeCount=0 guiReadable=1 guiMode=0 drawReadable=1 drawObject=0x14e93bc0 renderDisplay=0x14ebdac0 renderDisplayReadable=1 sameDisplay=1 drawFlag=0 drawOpaqueSticky=0 drawEntered=198 drawReturned=198 lastDrawObject=0x14e93bc0 lastDrawTick=11034890 beforeCommand=Father.InteractiveSpeak Hero,'TEXT_QST_048_FATHER_INTRO_20',FALSE,'TEXT_QST_048_FATHER_INTRO_30'
[CutsceneMoveDiag] poll macro=CS_OAKVALE_INTRO_FATHER controller=0x557ec50 active=1 tick=11034906
[CutsceneMoveDiag] poll macro=CS_OAKVALE_INTRO_FATHER controller=0x557c910 active=1 tick=11034968
[CutsceneCommandDiag] macro=CS_OAKVALE_INTRO_FATHER tick=11034968 command=GamePause 1.2
[CutsceneFadeDiag] tick=11034968 gsi=0x50223e0 display=0x14ebdac0 readable=1 active=0 fadingIn=0 fadingOut=0 holdUntilIn=0 allowOverride=1 outTime=0 inTime=0.5 outElapsed=0 inRemaining=0 colour=0xff000000 freezeCount=0 guiReadable=1 guiMode=0 drawReadable=1 drawObject=0x14e93bc0 renderDisplay=0x14ebdac0 renderDisplayReadable=1 sameDisplay=1 drawFlag=0 drawOpaqueSticky=0 drawEntered=202 drawReturned=202 lastDrawObject=0x14e93bc0 lastDrawTick=11034953 beforeCommand=GamePause 1.2
[CutsceneMoveDiag] poll macro=CS_OAKVALE_INTRO_FATHER controller=0x557ec50 active=1 tick=11034968
[CutsceneMoveDiag] poll macro=CS_OAKVALE_INTRO_FATHER controller=0x557c910 active=1 tick=11035046
[CutsceneMoveDiag] poll macro=CS_OAKVALE_INTRO_FATHER controller=0x557ec50 active=1 tick=11035046
[CutsceneMoveDiag] poll macro=CS_OAKVALE_INTRO_FATHER controller=0x557c910 active=1 tick=11035109
[CutsceneMoveDiag] poll macro=CS_OAKVALE_INTRO_FATHER controller=0x557ec50 active=1 tick=11035109
[CutsceneMoveDiag] poll macro=CS_OAKVALE_INTRO_FATHER controller=0x557c910 active=1 tick=11035171
[CutsceneMoveDiag] poll macro=CS_OAKVALE_INTRO_FATHER controller=0x557ec50 active=1 tick=11035171
[CutsceneMoveDiag] poll macro=CS_OAKVALE_INTRO_FATHER controller=0x557c910 active=1 tick=11035234
[CutsceneMoveDiag] poll macro=CS_OAKVALE_INTRO_FATHER controller=0x557ec50 active=1 tick=11035234
[CutsceneMoveDiag] poll macro=CS_OAKVALE_INTRO_FATHER controller=0x557c910 active=1 tick=11035312
[CutsceneMoveDiag] poll macro=CS_OAKVALE_INTRO_FATHER controller=0x557ec50 active=1 tick=11035312
[CutsceneMoveDiag] poll macro=CS_OAKVALE_INTRO_FATHER controller=0x557c910 active=1 tick=11035375
[CutsceneMoveDiag] poll macro=CS_OAKVALE_INTRO_FATHER controller=0x557ec50 active=1 tick=11035375
[CutsceneMoveDiag] poll macro=CS_OAKVALE_INTRO_FATHER controller=0x557c910 active=1 tick=11035437
[CutsceneMoveDiag] poll macro=CS_OAKVALE_INTRO_FATHER controller=0x557ec50 active=1 tick=11035437
[CutsceneMoveDiag] poll macro=CS_OAKVALE_INTRO_FATHER controller=0x557c910 active=1 tick=11035500
[CutsceneMoveDiag] poll macro=CS_OAKVALE_INTRO_FATHER controller=0x557ec50 active=1 tick=11035500
[CutsceneMoveDiag] poll macro=CS_OAKVALE_INTRO_FATHER controller=0x557c910 active=1 tick=11035578
[CutsceneMoveDiag] poll macro=CS_OAKVALE_INTRO_FATHER controller=0x557ec50 active=1 tick=11035578
[CutsceneMoveDiag] poll macro=CS_OAKVALE_INTRO_FATHER controller=0x557c910 active=1 tick=11035640
[CutsceneMoveDiag] poll macro=CS_OAKVALE_INTRO_FATHER controller=0x557ec50 active=1 tick=11035640
[CutsceneMoveDiag] poll macro=CS_OAKVALE_INTRO_FATHER controller=0x557c910 active=1 tick=11035703
[CutsceneMoveDiag] poll macro=CS_OAKVALE_INTRO_FATHER controller=0x557ec50 active=1 tick=11035703
[CutsceneMoveDiag] poll macro=CS_OAKVALE_INTRO_FATHER controller=0x557c910 active=1 tick=11035765
[CutsceneMoveDiag] poll macro=CS_OAKVALE_INTRO_FATHER controller=0x557ec50 active=1 tick=11035765
[CutsceneMoveDiag] poll macro=CS_OAKVALE_INTRO_FATHER controller=0x557c910 active=1 tick=11035843
[CutsceneMoveDiag] poll macro=CS_OAKVALE_INTRO_FATHER controller=0x557ec50 active=1 tick=11035843
[CutsceneMoveDiag] poll macro=CS_OAKVALE_INTRO_FATHER controller=0x557c910 active=1 tick=11035906
[CutsceneMoveDiag] poll macro=CS_OAKVALE_INTRO_FATHER controller=0x557ec50 active=1 tick=11035906
[CutsceneMoveDiag] poll macro=CS_OAKVALE_INTRO_FATHER controller=0x557c910 active=1 tick=11035968
[CutsceneMoveDiag] poll macro=CS_OAKVALE_INTRO_FATHER controller=0x557ec50 active=1 tick=11035968
[CutsceneMoveDiag] poll macro=CS_OAKVALE_INTRO_FATHER controller=0x557c910 active=1 tick=11036046
[CutsceneMoveDiag] poll macro=CS_OAKVALE_INTRO_FATHER controller=0x557ec50 active=1 tick=11036046
[CutsceneMoveDiag] poll macro=CS_OAKVALE_INTRO_FATHER controller=0x557c910 active=1 tick=11036109
[CutsceneMoveDiag] poll macro=CS_OAKVALE_INTRO_FATHER controller=0x557ec50 active=1 tick=11036109
[CutsceneMoveDiag] poll macro=CS_OAKVALE_INTRO_FATHER controller=0x557c910 active=1 tick=11036171
[CutsceneMoveDiag] poll macro=CS_OAKVALE_INTRO_FATHER controller=0x557ec50 active=0 tick=11036171
[CutsceneMoveDiag] poll macro=CS_OAKVALE_INTRO_FATHER controller=0x557c910 active=1 tick=11036234
[CutsceneCommandDiag] macro=CS_OAKVALE_INTRO_FATHER tick=11036234 command=UseCamera CAM_OVIF_SHOT2
[CutsceneFadeDiag] tick=11036234 gsi=0x50223e0 display=0x14ebdac0 readable=1 active=0 fadingIn=0 fadingOut=0 holdUntilIn=0 allowOverride=1 outTime=0 inTime=0.5 outElapsed=0 inRemaining=0 colour=0xff000000 freezeCount=0 guiReadable=1 guiMode=0 drawReadable=1 drawObject=0x14e93bc0 renderDisplay=0x14ebdac0 renderDisplayReadable=1 sameDisplay=1 drawFlag=0 drawOpaqueSticky=0 drawEntered=278 drawReturned=278 lastDrawObject=0x14e93bc0 lastDrawTick=11036218 beforeCommand=UseCamera CAM_OVIF_SHOT2
[CutsceneCommandDiag] macro=CS_OAKVALE_INTRO_FATHER tick=11036234 command=GamePause 5.2
[CutsceneFadeDiag] tick=11036234 gsi=0x50223e0 display=0x14ebdac0 readable=1 active=0 fadingIn=0 fadingOut=0 holdUntilIn=0 allowOverride=1 outTime=0 inTime=0.5 outElapsed=0 inRemaining=0 colour=0xff000000 freezeCount=0 guiReadable=1 guiMode=0 drawReadable=1 drawObject=0x14e93bc0 renderDisplay=0x14ebdac0 renderDisplayReadable=1 sameDisplay=1 drawFlag=0 drawOpaqueSticky=0 drawEntered=278 drawReturned=278 lastDrawObject=0x14e93bc0 lastDrawTick=11036218 beforeCommand=GamePause 5.2
===== PlayCombatAnimation_NonBlocking Wrapper START =====
===== PlayCombatAnimation_NonBlocking Wrapper END =====
[CutsceneMoveDiag] poll macro=CS_OAKVALE_INTRO_FATHER controller=0x557ec50 active=1 tick=11036234
[CutsceneMoveDiag] poll macro=CS_OAKVALE_INTRO_FATHER controller=0x557c910 active=1 tick=11036312
[CutsceneMoveDiag] poll macro=CS_OAKVALE_INTRO_FATHER controller=0x557ec50 active=1 tick=11036312
[CutsceneMoveDiag] poll macro=CS_OAKVALE_INTRO_FATHER controller=0x557c910 active=1 tick=11036375
[CutsceneMoveDiag] poll macro=CS_OAKVALE_INTRO_FATHER controller=0x557ec50 active=1 tick=11036375
[CutsceneMoveDiag] poll macro=CS_OAKVALE_INTRO_FATHER controller=0x557c910 active=1 tick=11036437
[CutsceneMoveDiag] poll macro=CS_OAKVALE_INTRO_FATHER controller=0x557ec50 active=1 tick=11036437
[CutsceneMoveDiag] poll macro=CS_OAKVALE_INTRO_FATHER controller=0x557c910 active=1 tick=11036500
[CutsceneMoveDiag] poll macro=CS_OAKVALE_INTRO_FATHER controller=0x557ec50 active=1 tick=11036500
[CutsceneMoveDiag] poll macro=CS_OAKVALE_INTRO_FATHER controller=0x557c910 active=1 tick=11036578
[CutsceneMoveDiag] poll macro=CS_OAKVALE_INTRO_FATHER controller=0x557ec50 active=1 tick=11036578
[CutsceneMoveDiag] poll macro=CS_OAKVALE_INTRO_FATHER controller=0x557c910 active=1 tick=11036640
[CutsceneMoveDiag] poll macro=CS_OAKVALE_INTRO_FATHER controller=0x557ec50 active=1 tick=11036640
[CutsceneMoveDiag] poll macro=CS_OAKVALE_INTRO_FATHER controller=0x557c910 active=1 tick=11036703
[CutsceneMoveDiag] poll macro=CS_OAKVALE_INTRO_FATHER controller=0x557ec50 active=1 tick=11036703
[CutsceneMoveDiag] poll macro=CS_OAKVALE_INTRO_FATHER controller=0x557c910 active=1 tick=11036765
[CutsceneMoveDiag] poll macro=CS_OAKVALE_INTRO_FATHER controller=0x557ec50 active=1 tick=11036765
[CutsceneMoveDiag] poll macro=CS_OAKVALE_INTRO_FATHER controller=0x557c910 active=1 tick=11036843
[CutsceneMoveDiag] poll macro=CS_OAKVALE_INTRO_FATHER controller=0x557ec50 active=1 tick=11036843
[CutsceneMoveDiag] poll macro=CS_OAKVALE_INTRO_FATHER controller=0x557c910 active=1 tick=11036906
[CutsceneMoveDiag] poll macro=CS_OAKVALE_INTRO_FATHER controller=0x557ec50 active=1 tick=11036906
[CutsceneMoveDiag] poll macro=CS_OAKVALE_INTRO_FATHER controller=0x557c910 active=1 tick=11036968
[CutsceneMoveDiag] poll macro=CS_OAKVALE_INTRO_FATHER controller=0x557ec50 active=1 tick=11036968
[CutsceneMoveDiag] poll macro=CS_OAKVALE_INTRO_FATHER controller=0x557c910 active=1 tick=11037046
[CutsceneMoveDiag] poll macro=CS_OAKVALE_INTRO_FATHER controller=0x557ec50 active=1 tick=11037046
[CutsceneMoveDiag] poll macro=CS_OAKVALE_INTRO_FATHER controller=0x557c910 active=1 tick=11037109
[CutsceneMoveDiag] poll macro=CS_OAKVALE_INTRO_FATHER controller=0x557ec50 active=1 tick=11037109
[CutsceneMoveDiag] poll macro=CS_OAKVALE_INTRO_FATHER controller=0x557c910 active=1 tick=11037171
[CutsceneMoveDiag] poll macro=CS_OAKVALE_INTRO_FATHER controller=0x557ec50 active=1 tick=11037171
[CutsceneMoveDiag] poll macro=CS_OAKVALE_INTRO_FATHER controller=0x557c910 active=1 tick=11037234
[CutsceneMoveDiag] poll macro=CS_OAKVALE_INTRO_FATHER controller=0x557ec50 active=1 tick=11037234
[CutsceneMoveDiag] poll macro=CS_OAKVALE_INTRO_FATHER controller=0x557c910 active=1 tick=11037312
[CutsceneMoveDiag] poll macro=CS_OAKVALE_INTRO_FATHER controller=0x557ec50 active=1 tick=11037312
[CutsceneMoveDiag] poll macro=CS_OAKVALE_INTRO_FATHER controller=0x557c910 active=0 tick=11037375
[CutsceneMoveDiag] poll macro=CS_OAKVALE_INTRO_FATHER controller=0x557ec50 active=1 tick=11037375
[CutsceneMoveDiag] poll macro=CS_OAKVALE_INTRO_FATHER controller=0x557ec50 active=1 tick=11037437
[CutsceneMoveDiag] poll macro=CS_OAKVALE_INTRO_FATHER controller=0x557ec50 active=1 tick=11037500
[CutsceneMoveDiag] poll macro=CS_OAKVALE_INTRO_FATHER controller=0x557ec50 active=1 tick=11037578
[CutsceneMoveDiag] poll macro=CS_OAKVALE_INTRO_FATHER controller=0x557ec50 active=1 tick=11037640
[CutsceneMoveDiag] poll macro=CS_OAKVALE_INTRO_FATHER controller=0x557ec50 active=1 tick=11037703
===== PlayAnimation_NonBlocking Wrapper START =====
    [PlayAnimation_NonBlocking] Issuing PlayAnimation command for 'GIVE_HUG'...
    [PlayAnimation_NonBlocking] ...Command issued successfully.
===== PlayAnimation_NonBlocking Wrapper END =====
[CutsceneMoveDiag] poll macro=CS_OAKVALE_INTRO_FATHER controller=0x557c940 active=0 tick=11037781
===== PlayAnimation_NonBlocking Wrapper START =====
    [PlayAnimation_NonBlocking] Issuing PlayAnimation command for 'RECEIVE_HUG'...
    [PlayAnimation_NonBlocking] ...Command issued successfully.
===== PlayAnimation_NonBlocking Wrapper END =====
[CutsceneMoveDiag] poll macro=CS_OAKVALE_INTRO_FATHER controller=0x557ec50 active=1 tick=11037781
[CutsceneMoveDiag] poll macro=CS_OAKVALE_INTRO_FATHER controller=0x557c910 active=1 tick=11037843
[CutsceneMoveDiag] poll macro=CS_OAKVALE_INTRO_FATHER controller=0x557ec50 active=1 tick=11037843
[CutsceneMoveDiag] poll macro=CS_OAKVALE_INTRO_FATHER controller=0x557c910 active=1 tick=11037906
[CutsceneMoveDiag] poll macro=CS_OAKVALE_INTRO_FATHER controller=0x557ec50 active=1 tick=11037906
[CutsceneMoveDiag] poll macro=CS_OAKVALE_INTRO_FATHER controller=0x557c910 active=1 tick=11037968
[CutsceneMoveDiag] poll macro=CS_OAKVALE_INTRO_FATHER controller=0x557ec50 active=1 tick=11037968
[CutsceneMoveDiag] poll macro=CS_OAKVALE_INTRO_FATHER controller=0x557c910 active=1 tick=11038046
[CutsceneMoveDiag] poll macro=CS_OAKVALE_INTRO_FATHER controller=0x557ec50 active=1 tick=11038046
[CutsceneMoveDiag] poll macro=CS_OAKVALE_INTRO_FATHER controller=0x557c910 active=1 tick=11038109
[CutsceneMoveDiag] poll macro=CS_OAKVALE_INTRO_FATHER controller=0x557ec50 active=1 tick=11038109
[CutsceneMoveDiag] poll macro=CS_OAKVALE_INTRO_FATHER controller=0x557c910 active=1 tick=11038171
[CutsceneMoveDiag] poll macro=CS_OAKVALE_INTRO_FATHER controller=0x557ec50 active=1 tick=11038171
[CutsceneMoveDiag] poll macro=CS_OAKVALE_INTRO_FATHER controller=0x557c910 active=1 tick=11038234
[CutsceneMoveDiag] poll macro=CS_OAKVALE_INTRO_FATHER controller=0x557ec50 active=1 tick=11038234
[CutsceneMoveDiag] poll macro=CS_OAKVALE_INTRO_FATHER controller=0x557c910 active=1 tick=11038312
[CutsceneMoveDiag] poll macro=CS_OAKVALE_INTRO_FATHER controller=0x557ec50 active=1 tick=11038312
[CutsceneMoveDiag] poll macro=CS_OAKVALE_INTRO_FATHER controller=0x557c910 active=1 tick=11038375
[CutsceneMoveDiag] poll macro=CS_OAKVALE_INTRO_FATHER controller=0x557ec50 active=1 tick=11038375
[CutsceneMoveDiag] poll macro=CS_OAKVALE_INTRO_FATHER controller=0x557c910 active=1 tick=11038437
[CutsceneMoveDiag] poll macro=CS_OAKVALE_INTRO_FATHER controller=0x557ec50 active=1 tick=11038437
[CutsceneMoveDiag] poll macro=CS_OAKVALE_INTRO_FATHER controller=0x557c910 active=1 tick=11038500
[CutsceneMoveDiag] poll macro=CS_OAKVALE_INTRO_FATHER controller=0x557ec50 active=1 tick=11038500
[CutsceneMoveDiag] poll macro=CS_OAKVALE_INTRO_FATHER controller=0x557c910 active=1 tick=11038578
[CutsceneMoveDiag] poll macro=CS_OAKVALE_INTRO_FATHER controller=0x557ec50 active=1 tick=11038578
[CutsceneMoveDiag] poll macro=CS_OAKVALE_INTRO_FATHER controller=0x557c910 active=1 tick=11038640
[CutsceneMoveDiag] poll macro=CS_OAKVALE_INTRO_FATHER controller=0x557ec50 active=1 tick=11038640
[CutsceneMoveDiag] poll macro=CS_OAKVALE_INTRO_FATHER controller=0x557c910 active=1 tick=11038703
[CutsceneMoveDiag] poll macro=CS_OAKVALE_INTRO_FATHER controller=0x557ec50 active=1 tick=11038703
[CutsceneMoveDiag] poll macro=CS_OAKVALE_INTRO_FATHER controller=0x557c910 active=1 tick=11038765
[CutsceneMoveDiag] poll macro=CS_OAKVALE_INTRO_FATHER controller=0x557ec50 active=1 tick=11038781
[CutsceneMoveDiag] poll macro=CS_OAKVALE_INTRO_FATHER controller=0x557c910 active=1 tick=11038843
[CutsceneMoveDiag] poll macro=CS_OAKVALE_INTRO_FATHER controller=0x557ec50 active=1 tick=11038843
[CutsceneMoveDiag] poll macro=CS_OAKVALE_INTRO_FATHER controller=0x557c910 active=1 tick=11038906
[CutsceneMoveDiag] poll macro=CS_OAKVALE_INTRO_FATHER controller=0x557ec50 active=1 tick=11038906
[CutsceneMoveDiag] poll macro=CS_OAKVALE_INTRO_FATHER controller=0x557c910 active=1 tick=11038968
[CutsceneMoveDiag] poll macro=CS_OAKVALE_INTRO_FATHER controller=0x557ec50 active=1 tick=11038968
--- Entity 'NewOakValeIntro/Entities/NOVI_BarrelMan': C++ OnPersist triggered. ---
--- Entity 'NewOakValeIntro/Entities/NOVI_Villager': C++ OnPersist triggered. ---
--- Entity 'NewOakValeIntro/Entities/NOVI_Villager': C++ OnPersist triggered. ---
--- Entity 'NewOakValeIntro/Entities/NOVI_AffairWife': C++ OnPersist triggered. ---
--- Entity 'NewOakValeIntro/Entities/NOVI_Villager': C++ OnPersist triggered. ---
--- Entity 'NewOakValeIntro/Entities/NOVI_Villager': C++ OnPersist triggered. ---
--- Entity 'NewOakValeIntro/Entities/NOVI_Villager': C++ OnPersist triggered. ---
--- Entity 'NewOakValeIntro/Entities/NOVI_Villager': C++ OnPersist triggered. ---
--- Entity 'NewOakValeIntro/Entities/NOVI_Villager': C++ OnPersist triggered. ---
--- Entity 'NewOakValeIntro/Entities/NOVI_Guard': C++ OnPersist triggered. ---
--- Entity 'NewOakValeIntro/Entities/NOVI_Guard': C++ OnPersist triggered. ---
--- Entity 'NewOakValeIntro/Entities/NOVI_Guard': C++ OnPersist triggered. ---
--- Entity 'NewOakValeIntro/Entities/NOVI_Theresa': C++ OnPersist triggered. ---
--- Entity 'NewOakValeIntro/Entities/NOVI_LiveFather': C++ OnPersist triggered. ---
--- Entity 'NewOakValeIntro/Entities/NOVI_BookTrader': C++ OnPersist triggered. ---
--- Entity 'NewOakValeIntro/Entities/NOVI_AffairWoman': C++ OnPersist triggered. ---
--- Entity 'NewOakValeIntro/Entities/NOVI_AffairMan': C++ OnPersist triggered. ---
--- Entity 'NewOakValeIntro/Entities/NOVI_TeddyGirl': C++ OnPersist triggered. ---
--- Entity 'NewOakValeIntro/Entities/NOVI_Barrel': C++ OnPersist triggered. ---
--- Entity 'NewOakValeIntro/Entities/NOVI_Barrel': C++ OnPersist triggered. ---
--- Entity 'NewOakValeIntro/Entities/NOVI_Barrel': C++ OnPersist triggered. ---
--- Entity 'NewOakValeIntro/Entities/NOVI_Villager': C++ OnPersist triggered. ---
--- Entity 'NewOakValeIntro/Entities/NOVI_BarrelThug': C++ OnPersist triggered. ---
--- Entity 'NewOakValeIntro/Entities/NOVI_Victim': C++ OnPersist triggered. ---
--- Entity 'NewOakValeIntro/Entities/NOVI_Bully': C++ OnPersist triggered. ---
--- Entity 'NewOakValeIntro/Entities/NOVI_Barrel': C++ OnPersist triggered. ---
--- Entity 'NewOakValeIntro/Entities/NOVI_Barrel': C++ OnPersist triggered. ---
--- Entity 'NewOakValeIntro/Entities/NOVI_Barrel': C++ OnPersist triggered. ---
--- Entity 'NewOakValeIntro/Entities/NOVI_Barrel': C++ OnPersist triggered. ---
--- Entity 'NewOakValeIntro/Entities/NOVI_Barrel': C++ OnPersist triggered. ---
--- Entity 'NewOakValeIntro/Entities/NOVI_Barrel': C++ OnPersist triggered. ---
    [LuaEntityHost::Main] >>>>> EXITED LUA CALL for 'NewOakValeIntro/Entities/NOVI_Barrel' <<<<<
    [LuaEntityHost::OnPredicateFail] Dispatching Lua callback for 'NewOakValeIntro/Entities/NOVI_Barrel'.
    [DEBUG] LuaEntityHost::Main: About to return from C++ Main function.
    [DEBUG] LuaEntityHost::Main: FINAL EXIT POINT.
    [LuaEntityHost::Main] >>>>> EXITED LUA CALL for 'NewOakValeIntro/Entities/NOVI_Barrel' <<<<<
    [LuaEntityHost::OnPredicateFail] Dispatching Lua callback for 'NewOakValeIntro/Entities/NOVI_Barrel'.
    [DEBUG] LuaEntityHost::Main: About to return from C++ Main function.
    [DEBUG] LuaEntityHost::Main: FINAL EXIT POINT.
    [LuaEntityHost::Main] >>>>> EXITED LUA CALL for 'NewOakValeIntro/Entities/NOVI_Barrel' <<<<<
    [LuaEntityHost::OnPredicateFail] Dispatching Lua callback for 'NewOakValeIntro/Entities/NOVI_Barrel'.
    [DEBUG] LuaEntityHost::Main: About to return from C++ Main function.
    [DEBUG] LuaEntityHost::Main: FINAL EXIT POINT.
    [LuaEntityHost::Main] >>>>> EXITED LUA CALL for 'NewOakValeIntro/Entities/NOVI_Barrel' <<<<<
    [LuaEntityHost::OnPredicateFail] Dispatching Lua callback for 'NewOakValeIntro/Entities/NOVI_Barrel'.
    [DEBUG] LuaEntityHost::Main: About to return from C++ Main function.
    [DEBUG] LuaEntityHost::Main: FINAL EXIT POINT.
    [LuaEntityHost::Main] >>>>> EXITED LUA CALL for 'NewOakValeIntro/Entities/NOVI_Barrel' <<<<<
    [LuaEntityHost::OnPredicateFail] Dispatching Lua callback for 'NewOakValeIntro/Entities/NOVI_Barrel'.
    [DEBUG] LuaEntityHost::Main: About to return from C++ Main function.
    [DEBUG] LuaEntityHost::Main: FINAL EXIT POINT.
    [LuaEntityHost::Main] >>>>> EXITED LUA CALL for 'NewOakValeIntro/Entities/NOVI_Barrel' <<<<<
    [LuaEntityHost::OnPredicateFail] Dispatching Lua callback for 'NewOakValeIntro/Entities/NOVI_Barrel'.
    [DEBUG] LuaEntityHost::Main: About to return from C++ Main function.
    [DEBUG] LuaEntityHost::Main: FINAL EXIT POINT.
    [LuaEntityHost::Main] >>>>> EXITED LUA CALL for 'NewOakValeIntro/Entities/NOVI_Villager' <<<<<
    [DEBUG] LuaEntityHost::Main: About to return from C++ Main function.
    [DEBUG] LuaEntityHost::Main: FINAL EXIT POINT.
    [LuaEntityAPI] Releasing script control handle...
    [LuaEntityHost::Main] >>>>> EXITED LUA CALL for 'NewOakValeIntro/Entities/NOVI_BarrelThug' <<<<<
    [DEBUG] LuaEntityHost::Main: About to return from C++ Main function.
    [DEBUG] LuaEntityHost::Main: FINAL EXIT POINT.
    [LuaEntityAPI] Releasing script control handle...
    [LuaEntityAPI] Nested release: outer control handle retained (depth 0).
    [LuaEntityHost::Main] >>>>> EXITED LUA CALL for 'NewOakValeIntro/Entities/NOVI_Bully' <<<<<
    [DEBUG] LuaEntityHost::Main: About to return from C++ Main function.
    [DEBUG] LuaEntityHost::Main: FINAL EXIT POINT.
    [LuaEntityAPI] Releasing script control handle...
    [LuaEntityHost::Main] >>>>> EXITED LUA CALL for 'NewOakValeIntro/Entities/NOVI_Victim' <<<<<
    [DEBUG] LuaEntityHost::Main: About to return from C++ Main function.
    [DEBUG] LuaEntityHost::Main: FINAL EXIT POINT.
    [LuaEntityAPI] Releasing script control handle...
    [LuaEntityHost::Main] >>>>> EXITED LUA CALL for 'NewOakValeIntro/Entities/NOVI_AffairMan' <<<<<
    [DEBUG] LuaEntityHost::Main: About to return from C++ Main function.
    [DEBUG] LuaEntityHost::Main: FINAL EXIT POINT.
    [LuaEntityAPI] Releasing script control handle...
    [LuaEntityHost::Main] >>>>> EXITED LUA CALL for 'NewOakValeIntro/Entities/NOVI_AffairWoman' <<<<<
    [DEBUG] LuaEntityHost::Main: About to return from C++ Main function.
    [DEBUG] LuaEntityHost::Main: FINAL EXIT POINT.
    [LuaEntityAPI] Releasing script control handle...
    [LuaEntityAPI] Nested release: outer control handle retained (depth 0).
    [LuaEntityHost::Main] >>>>> EXITED LUA CALL for 'NewOakValeIntro/Entities/NOVI_BookTrader' <<<<<
    [DEBUG] LuaEntityHost::Main: About to return from C++ Main function.
    [DEBUG] LuaEntityHost::Main: FINAL EXIT POINT.
[CutsceneCommandDiag] macro=CS_OAKVALE_INTRO_FATHER tick=11060968 command=Hero.PlayAnimation CS_TIRED
[CutsceneFadeDiag] tick=11060968 gsi=0x50223e0 display=0x14ebdac0 readable=1 active=0 fadingIn=0 fadingOut=0 holdUntilIn=0 allowOverride=1 outTime=0 inTime=0.5 outElapsed=0 inRemaining=0 colour=0xff000000 freezeCount=0 guiReadable=1 guiMode=2 drawReadable=1 drawObject=0x14e93bc0 renderDisplay=0x14ebdac0 renderDisplayReadable=1 sameDisplay=1 drawFlag=0 drawOpaqueSticky=0 drawEntered=445 drawReturned=445 lastDrawObject=0x14e93bc0 lastDrawTick=11039000 beforeCommand=Hero.PlayAnimation CS_TIRED
[CutsceneCommandDiag] macro=CS_OAKVALE_INTRO_FATHER tick=11060968 command=GamePause 2.0
[CutsceneFadeDiag] tick=11060968 gsi=0x50223e0 display=0x14ebdac0 readable=1 active=0 fadingIn=0 fadingOut=0 holdUntilIn=0 allowOverride=1 outTime=0 inTime=0.5 outElapsed=0 inRemaining=0 colour=0xff000000 freezeCount=0 guiReadable=1 guiMode=2 drawReadable=1 drawObject=0x14e93bc0 renderDisplay=0x14ebdac0 renderDisplayReadable=1 sameDisplay=1 drawFlag=0 drawOpaqueSticky=0 drawEntered=445 drawReturned=445 lastDrawObject=0x14e93bc0 lastDrawTick=11039000 beforeCommand=GamePause 2.0
[CutsceneCommandDiag] macro=CS_OAKVALE_INTRO_FATHER tick=11060968 command=Father.DialogSpeak HERO,'TEXT_QST_048_FATHER_INTRO_60'
[CutsceneFadeDiag] tick=11060968 gsi=0x50223e0 display=0x14ebdac0 readable=1 active=0 fadingIn=0 fadingOut=0 holdUntilIn=0 allowOverride=1 outTime=0 inTime=0.5 outElapsed=0 inRemaining=0 colour=0xff000000 freezeCount=0 guiReadable=1 guiMode=2 drawReadable=1 drawObject=0x14e93bc0 renderDisplay=0x14ebdac0 renderDisplayReadable=1 sameDisplay=1 drawFlag=0 drawOpaqueSticky=0 drawEntered=445 drawReturned=445 lastDrawObject=0x14e93bc0 lastDrawTick=11039000 beforeCommand=Father.DialogSpeak HERO,'TEXT_QST_048_FATHER_INTRO_60'
[CutsceneCommandDiag] macro=CS_OAKVALE_INTRO_FATHER tick=11060968 command=Hero.WaitTask FOO
[CutsceneFadeDiag] tick=11060968 gsi=0x50223e0 display=0x14ebdac0 readable=1 active=0 fadingIn=0 fadingOut=0 holdUntilIn=0 allowOverride=1 outTime=0 inTime=0.5 outElapsed=0 inRemaining=0 colour=0xff000000 freezeCount=0 guiReadable=1 guiMode=2 drawReadable=1 drawObject=0x14e93bc0 renderDisplay=0x14ebdac0 renderDisplayReadable=1 sameDisplay=1 drawFlag=0 drawOpaqueSticky=0 drawEntered=445 drawReturned=445 lastDrawObject=0x14e93bc0 lastDrawTick=11039000 beforeCommand=Hero.WaitTask FOO
[CutsceneMoveDiag] poll macro=CS_OAKVALE_INTRO_FATHER controller=0x557cf10 active=0 tick=11060968
[CutsceneCommandDiag] macro=CS_OAKVALE_INTRO_FATHER tick=11060968 command=Hero.SneakTo MK_OVIF_HERO4,0.0,FALSE,FALSE,FALSE
[CutsceneFadeDiag] tick=11060968 gsi=0x50223e0 display=0x14ebdac0 readable=1 active=0 fadingIn=0 fadingOut=0 holdUntilIn=0 allowOverride=1 outTime=0 inTime=0.5 outElapsed=0 inRemaining=0 colour=0xff000000 freezeCount=0 guiReadable=1 guiMode=2 drawReadable=1 drawObject=0x14e93bc0 renderDisplay=0x14ebdac0 renderDisplayReadable=1 sameDisplay=1 drawFlag=0 drawOpaqueSticky=0 drawEntered=445 drawReturned=445 lastDrawObject=0x14e93bc0 lastDrawTick=11039000 beforeCommand=Hero.SneakTo MK_OVIF_HERO4,0.0,FALSE,FALSE,FALSE
[CutsceneMoveDiag] issueThing macro=CS_OAKVALE_INTRO_FATHER controller=0x557cf10 target=0x1adde8 radius=0 moveType=2 b1=0 b2=0 b3=0 b4=1 tick=11060968
[CutsceneCommandDiag] macro=CS_OAKVALE_INTRO_FATHER tick=11060968 command=GamePause 1.0
[CutsceneFadeDiag] tick=11060968 gsi=0x50223e0 display=0x14ebdac0 readable=1 active=0 fadingIn=0 fadingOut=0 holdUntilIn=0 allowOverride=1 outTime=0 inTime=0.5 outElapsed=0 inRemaining=0 colour=0xff000000 freezeCount=0 guiReadable=1 guiMode=2 drawReadable=1 drawObject=0x14e93bc0 renderDisplay=0x14ebdac0 renderDisplayReadable=1 sameDisplay=1 drawFlag=0 drawOpaqueSticky=0 drawEntered=445 drawReturned=445 lastDrawObject=0x14e93bc0 lastDrawTick=11039000 beforeCommand=GamePause 1.0
[CutsceneCommandDiag] macro=CS_OAKVALE_INTRO_FATHER tick=11060968 command=Father.PlayCombatAnimation TURNING_AC90,FALSE,TRUE
[CutsceneFadeDiag] tick=11060968 gsi=0x50223e0 display=0x14ebdac0 readable=1 active=0 fadingIn=0 fadingOut=0 holdUntilIn=0 allowOverride=1 outTime=0 inTime=0.5 outElapsed=0 inRemaining=0 colour=0xff000000 freezeCount=0 guiReadable=1 guiMode=2 drawReadable=1 drawObject=0x14e93bc0 renderDisplay=0x14ebdac0 renderDisplayReadable=1 sameDisplay=1 drawFlag=0 drawOpaqueSticky=0 drawEntered=445 drawReturned=445 lastDrawObject=0x14e93bc0 lastDrawTick=11039000 beforeCommand=Father.PlayCombatAnimation TURNING_AC90,FALSE,TRUE
[CutsceneCommandDiag] macro=CS_OAKVALE_INTRO_FATHER tick=11060968 command=GamePause 1.0
[CutsceneFadeDiag] tick=11060968 gsi=0x50223e0 display=0x14ebdac0 readable=1 active=0 fadingIn=0 fadingOut=0 holdUntilIn=0 allowOverride=1 outTime=0 inTime=0.5 outElapsed=0 inRemaining=0 colour=0xff000000 freezeCount=0 guiReadable=1 guiMode=2 drawReadable=1 drawObject=0x14e93bc0 renderDisplay=0x14ebdac0 renderDisplayReadable=1 sameDisplay=1 drawFlag=0 drawOpaqueSticky=0 drawEntered=445 drawReturned=445 lastDrawObject=0x14e93bc0 lastDrawTick=11039000 beforeCommand=GamePause 1.0
[CutsceneCommandDiag] macro=CS_OAKVALE_INTRO_FATHER tick=11060968 command=Hero.PlayAnimation CS_LOOK_LEFT,TRUE
[CutsceneFadeDiag] tick=11060968 gsi=0x50223e0 display=0x14ebdac0 readable=1 active=0 fadingIn=0 fadingOut=0 holdUntilIn=0 allowOverride=1 outTime=0 inTime=0.5 outElapsed=0 inRemaining=0 colour=0xff000000 freezeCount=0 guiReadable=1 guiMode=2 drawReadable=1 drawObject=0x14e93bc0 renderDisplay=0x14ebdac0 renderDisplayReadable=1 sameDisplay=1 drawFlag=0 drawOpaqueSticky=0 drawEntered=445 drawReturned=445 lastDrawObject=0x14e93bc0 lastDrawTick=11039000 beforeCommand=Hero.PlayAnimation CS_LOOK_LEFT,TRUE
[CutsceneCommandDiag] macro=CS_OAKVALE_INTRO_FATHER tick=11060968 command=Create CREATURE_OAKVALE_VILLAGER_FEMALE_NORMAL_MESH,MK_OVI_ID_VS1,VILL1
[CutsceneFadeDiag] tick=11060968 gsi=0x50223e0 display=0x14ebdac0 readable=1 active=0 fadingIn=0 fadingOut=0 holdUntilIn=0 allowOverride=1 outTime=0 inTime=0.5 outElapsed=0 inRemaining=0 colour=0xff000000 freezeCount=0 guiReadable=1 guiMode=2 drawReadable=1 drawObject=0x14e93bc0 renderDisplay=0x14ebdac0 renderDisplayReadable=1 sameDisplay=1 drawFlag=0 drawOpaqueSticky=0 drawEntered=445 drawReturned=445 lastDrawObject=0x14e93bc0 lastDrawTick=11039000 beforeCommand=Create CREATURE_OAKVALE_VILLAGER_FEMALE_NORMAL_MESH,MK_OVI_ID_VS1,VILL1
[CutsceneCommandDiag] macro=CS_OAKVALE_INTRO_FATHER tick=11060968 command=VILL1.WalkTo MK_OVI_ID_VW1
[CutsceneFadeDiag] tick=11060968 gsi=0x50223e0 display=0x14ebdac0 readable=1 active=0 fadingIn=0 fadingOut=0 holdUntilIn=0 allowOverride=1 outTime=0 inTime=0.5 outElapsed=0 inRemaining=0 colour=0xff000000 freezeCount=0 guiReadable=1 guiMode=2 drawReadable=1 drawObject=0x14e93bc0 renderDisplay=0x14ebdac0 renderDisplayReadable=1 sameDisplay=1 drawFlag=0 drawOpaqueSticky=0 drawEntered=445 drawReturned=445 lastDrawObject=0x14e93bc0 lastDrawTick=11039000 beforeCommand=VILL1.WalkTo MK_OVI_ID_VW1
[CutsceneMoveDiag] issueThing macro=CS_OAKVALE_INTRO_FATHER controller=0x4fba5b8 target=0x1ade48 radius=0.3 moveType=0 b1=0 b2=1 b3=0 b4=1 tick=11060968
[CutsceneCommandDiag] macro=CS_OAKVALE_INTRO_FATHER tick=11060968 command=GamePause 0.8
[CutsceneFadeDiag] tick=11060968 gsi=0x50223e0 display=0x14ebdac0 readable=1 active=0 fadingIn=0 fadingOut=0 holdUntilIn=0 allowOverride=1 outTime=0 inTime=0.5 outElapsed=0 inRemaining=0 colour=0xff000000 freezeCount=0 guiReadable=1 guiMode=2 drawReadable=1 drawObject=0x14e93bc0 renderDisplay=0x14ebdac0 renderDisplayReadable=1 sameDisplay=1 drawFlag=0 drawOpaqueSticky=0 drawEntered=445 drawReturned=445 lastDrawObject=0x14e93bc0 lastDrawTick=11039000 beforeCommand=GamePause 0.8
[CutsceneCommandDiag] macro=CS_OAKVALE_INTRO_FATHER tick=11060968 command=WaitActiveDialog
[CutsceneFadeDiag] tick=11060968 gsi=0x50223e0 display=0x14ebdac0 readable=1 active=0 fadingIn=0 fadingOut=0 holdUntilIn=0 allowOverride=1 outTime=0 inTime=0.5 outElapsed=0 inRemaining=0 colour=0xff000000 freezeCount=0 guiReadable=1 guiMode=2 drawReadable=1 drawObject=0x14e93bc0 renderDisplay=0x14ebdac0 renderDisplayReadable=1 sameDisplay=1 drawFlag=0 drawOpaqueSticky=0 drawEntered=445 drawReturned=445 lastDrawObject=0x14e93bc0 lastDrawTick=11039000 beforeCommand=WaitActiveDialog
[CutsceneCommandDiag] macro=CS_OAKVALE_INTRO_FATHER tick=11060968 command=UseCamera CAM_OVIF_SHOT3
[CutsceneFadeDiag] tick=11060968 gsi=0x50223e0 display=0x14ebdac0 readable=1 active=0 fadingIn=0 fadingOut=0 holdUntilIn=0 allowOverride=1 outTime=0 inTime=0.5 outElapsed=0 inRemaining=0 colour=0xff000000 freezeCount=0 guiReadable=1 guiMode=2 drawReadable=1 drawObject=0x14e93bc0 renderDisplay=0x14ebdac0 renderDisplayReadable=1 sameDisplay=1 drawFlag=0 drawOpaqueSticky=0 drawEntered=445 drawReturned=445 lastDrawObject=0x14e93bc0 lastDrawTick=11039000 beforeCommand=UseCamera CAM_OVIF_SHOT3
[CutsceneCommandDiag] macro=CS_OAKVALE_INTRO_FATHER tick=11060968 command=Hero.Teleport MK_OVIF_HERO4
[CutsceneFadeDiag] tick=11060968 gsi=0x50223e0 display=0x14ebdac0 readable=1 active=0 fadingIn=0 fadingOut=0 holdUntilIn=0 allowOverride=1 outTime=0 inTime=0.5 outElapsed=0 inRemaining=0 colour=0xff000000 freezeCount=0 guiReadable=1 guiMode=2 drawReadable=1 drawObject=0x14e93bc0 renderDisplay=0x14ebdac0 renderDisplayReadable=1 sameDisplay=1 drawFlag=0 drawOpaqueSticky=0 drawEntered=445 drawReturned=445 lastDrawObject=0x14e93bc0 lastDrawTick=11039000 beforeCommand=Hero.Teleport MK_OVIF_HERO4
[CutsceneCommandDiag] macro=CS_OAKVALE_INTRO_FATHER tick=11060968 command=Hero.PlayAnimation ST_IDLE_SUBTLE,FALSE,TRUE
[CutsceneFadeDiag] tick=11060968 gsi=0x50223e0 display=0x14ebdac0 readable=1 active=0 fadingIn=0 fadingOut=0 holdUntilIn=0 allowOverride=1 outTime=0 inTime=0.5 outElapsed=0 inRemaining=0 colour=0xff000000 freezeCount=0 guiReadable=1 guiMode=2 drawReadable=1 drawObject=0x14e93bc0 renderDisplay=0x14ebdac0 renderDisplayReadable=1 sameDisplay=1 drawFlag=0 drawOpaqueSticky=0 drawEntered=445 drawReturned=445 lastDrawObject=0x14e93bc0 lastDrawTick=11039000 beforeCommand=Hero.PlayAnimation ST_IDLE_SUBTLE,FALSE,TRUE
[CutsceneCommandDiag] macro=CS_OAKVALE_INTRO_FATHER tick=11060968 command=Father.Speak Father,'TEXT_QST_048_FATHER_INTRO_70'
[CutsceneFadeDiag] tick=11060968 gsi=0x50223e0 display=0x14ebdac0 readable=1 active=0 fadingIn=0 fadingOut=0 holdUntilIn=0 allowOverride=1 outTime=0 inTime=0.5 outElapsed=0 inRemaining=0 colour=0xff000000 freezeCount=0 guiReadable=1 guiMode=2 drawReadable=1 drawObject=0x14e93bc0 renderDisplay=0x14ebdac0 renderDisplayReadable=1 sameDisplay=1 drawFlag=0 drawOpaqueSticky=0 drawEntered=445 drawReturned=445 lastDrawObject=0x14e93bc0 lastDrawTick=11039000 beforeCommand=Father.Speak Father,'TEXT_QST_048_FATHER_INTRO_70'
[CutsceneSpeechDiag] macro=CS_OAKVALE_INTRO_FATHER controller=0x557ca30 target=0x1adfec method=0 listen=0 soundIn2D=1 overFade=0 tick=11060968 key=TEXT_QST_048_FATHER_INTRO_70
[CutsceneMoveDiag] poll macro=CS_OAKVALE_INTRO_FATHER controller=0x557ca30 active=0 tick=11060968
[CutsceneCommandDiag] macro=CS_OAKVALE_INTRO_FATHER tick=11060968 command=NoLoadUseCamera CAM_OVIF_SHOT4
[CutsceneFadeDiag] tick=11060968 gsi=0x50223e0 display=0x14ebdac0 readable=1 active=0 fadingIn=0 fadingOut=0 holdUntilIn=0 allowOverride=1 outTime=0 inTime=0.5 outElapsed=0 inRemaining=0 colour=0xff000000 freezeCount=0 guiReadable=1 guiMode=2 drawReadable=1 drawObject=0x14e93bc0 renderDisplay=0x14ebdac0 renderDisplayReadable=1 sameDisplay=1 drawFlag=0 drawOpaqueSticky=0 drawEntered=445 drawReturned=445 lastDrawObject=0x14e93bc0 lastDrawTick=11039000 beforeCommand=NoLoadUseCamera CAM_OVIF_SHOT4
[CutsceneCommandDiag] macro=CS_OAKVALE_INTRO_FATHER tick=11060968 command=Remove VILL1
[CutsceneFadeDiag] tick=11060968 gsi=0x50223e0 display=0x14ebdac0 readable=1 active=0 fadingIn=0 fadingOut=0 holdUntilIn=0 allowOverride=1 outTime=0 inTime=0.5 outElapsed=0 inRemaining=0 colour=0xff000000 freezeCount=0 guiReadable=1 guiMode=2 drawReadable=1 drawObject=0x14e93bc0 renderDisplay=0x14ebdac0 renderDisplayReadable=1 sameDisplay=1 drawFlag=0 drawOpaqueSticky=0 drawEntered=445 drawReturned=445 lastDrawObject=0x14e93bc0 lastDrawTick=11039000 beforeCommand=Remove VILL1
[CutsceneCommandDiag] macro=CS_OAKVALE_INTRO_FATHER tick=11060968 command=Father.Speak Father,'TEXT_QST_048_FATHER_INTRO_80'
[CutsceneFadeDiag] tick=11060968 gsi=0x50223e0 display=0x14ebdac0 readable=1 active=0 fadingIn=0 fadingOut=0 holdUntilIn=0 allowOverride=1 outTime=0 inTime=0.5 outElapsed=0 inRemaining=0 colour=0xff000000 freezeCount=0 guiReadable=1 guiMode=2 drawReadable=1 drawObject=0x14e93bc0 renderDisplay=0x14ebdac0 renderDisplayReadable=1 sameDisplay=1 drawFlag=0 drawOpaqueSticky=0 drawEntered=445 drawReturned=445 lastDrawObject=0x14e93bc0 lastDrawTick=11039000 beforeCommand=Father.Speak Father,'TEXT_QST_048_FATHER_INTRO_80'
[CutsceneSpeechDiag] macro=CS_OAKVALE_INTRO_FATHER controller=0x557ca30 target=0x1adfec method=0 listen=0 soundIn2D=1 overFade=0 tick=11060968 key=TEXT_QST_048_FATHER_INTRO_80
[CutsceneMoveDiag] poll macro=CS_OAKVALE_INTRO_FATHER controller=0x557ca30 active=0 tick=11060968
[CutsceneCommandDiag] macro=CS_OAKVALE_INTRO_FATHER tick=11060968 command=NoLoadUseCamera CAM_OVIF_SHOT3
[CutsceneFadeDiag] tick=11060968 gsi=0x50223e0 display=0x14ebdac0 readable=1 active=0 fadingIn=0 fadingOut=0 holdUntilIn=0 allowOverride=1 outTime=0 inTime=0.5 outElapsed=0 inRemaining=0 colour=0xff000000 freezeCount=0 guiReadable=1 guiMode=2 drawReadable=1 drawObject=0x14e93bc0 renderDisplay=0x14ebdac0 renderDisplayReadable=1 sameDisplay=1 drawFlag=0 drawOpaqueSticky=0 drawEntered=445 drawReturned=445 lastDrawObject=0x14e93bc0 lastDrawTick=11039000 beforeCommand=NoLoadUseCamera CAM_OVIF_SHOT3
[CutsceneCommandDiag] macro=CS_OAKVALE_INTRO_FATHER tick=11060984 command=Father.Speak Father,'TEXT_QST_048_FATHER_INTRO_90'
[CutsceneFadeDiag] tick=11060984 gsi=0x50223e0 display=0x14ebdac0 readable=1 active=0 fadingIn=0 fadingOut=0 holdUntilIn=0 allowOverride=1 outTime=0 inTime=0.5 outElapsed=0 inRemaining=0 colour=0xff000000 freezeCount=0 guiReadable=1 guiMode=2 drawReadable=1 drawObject=0x14e93bc0 renderDisplay=0x14ebdac0 renderDisplayReadable=1 sameDisplay=1 drawFlag=0 drawOpaqueSticky=0 drawEntered=445 drawReturned=445 lastDrawObject=0x14e93bc0 lastDrawTick=11039000 beforeCommand=Father.Speak Father,'TEXT_QST_048_FATHER_INTRO_90'
[CutsceneSpeechDiag] macro=CS_OAKVALE_INTRO_FATHER controller=0x557ca30 target=0x1adfec method=0 listen=0 soundIn2D=1 overFade=0 tick=11060984 key=TEXT_QST_048_FATHER_INTRO_90
[CutsceneMoveDiag] poll macro=CS_OAKVALE_INTRO_FATHER controller=0x557ca30 active=0 tick=11060984
[CutsceneCommandDiag] macro=CS_OAKVALE_INTRO_FATHER tick=11060984 command=GamePause 0.2
[CutsceneFadeDiag] tick=11060984 gsi=0x50223e0 display=0x14ebdac0 readable=1 active=0 fadingIn=0 fadingOut=0 holdUntilIn=0 allowOverride=1 outTime=0 inTime=0.5 outElapsed=0 inRemaining=0 colour=0xff000000 freezeCount=0 guiReadable=1 guiMode=2 drawReadable=1 drawObject=0x14e93bc0 renderDisplay=0x14ebdac0 renderDisplayReadable=1 sameDisplay=1 drawFlag=0 drawOpaqueSticky=0 drawEntered=445 drawReturned=445 lastDrawObject=0x14e93bc0 lastDrawTick=11039000 beforeCommand=GamePause 0.2
[CutsceneCommandDiag] macro=CS_OAKVALE_INTRO_FATHER tick=11060984 command=NoLoadUseCamera CAM_OVIF_SHOT6START
[CutsceneFadeDiag] tick=11060984 gsi=0x50223e0 display=0x14ebdac0 readable=1 active=0 fadingIn=0 fadingOut=0 holdUntilIn=0 allowOverride=1 outTime=0 inTime=0.5 outElapsed=0 inRemaining=0 colour=0xff000000 freezeCount=0 guiReadable=1 guiMode=2 drawReadable=1 drawObject=0x14e93bc0 renderDisplay=0x14ebdac0 renderDisplayReadable=1 sameDisplay=1 drawFlag=0 drawOpaqueSticky=0 drawEntered=445 drawReturned=445 lastDrawObject=0x14e93bc0 lastDrawTick=11039000 beforeCommand=NoLoadUseCamera CAM_OVIF_SHOT6START
[CutsceneCommandDiag] macro=CS_OAKVALE_INTRO_FATHER tick=11060984 command=Father.LookToThing Hero,FALSE
[CutsceneFadeDiag] tick=11060984 gsi=0x50223e0 display=0x14ebdac0 readable=1 active=0 fadingIn=0 fadingOut=0 holdUntilIn=0 allowOverride=1 outTime=0 inTime=0.5 outElapsed=0 inRemaining=0 colour=0xff000000 freezeCount=0 guiReadable=1 guiMode=2 drawReadable=1 drawObject=0x14e93bc0 renderDisplay=0x14ebdac0 renderDisplayReadable=1 sameDisplay=1 drawFlag=0 drawOpaqueSticky=0 drawEntered=445 drawReturned=445 lastDrawObject=0x14e93bc0 lastDrawTick=11039000 beforeCommand=Father.LookToThing Hero,FALSE
[CutsceneCommandDiag] macro=CS_OAKVALE_INTRO_FATHER tick=11060984 command=Father.DialogadSpeak Father,'TEXT_QST_048_FATHER_INTRO_100'
[CutsceneFadeDiag] tick=11060984 gsi=0x50223e0 display=0x14ebdac0 readable=1 active=0 fadingIn=0 fadingOut=0 holdUntilIn=0 allowOverride=1 outTime=0 inTime=0.5 outElapsed=0 inRemaining=0 colour=0xff000000 freezeCount=0 guiReadable=1 guiMode=2 drawReadable=1 drawObject=0x14e93bc0 renderDisplay=0x14ebdac0 renderDisplayReadable=1 sameDisplay=1 drawFlag=0 drawOpaqueSticky=0 drawEntered=445 drawReturned=445 lastDrawObject=0x14e93bc0 lastDrawTick=11039000 beforeCommand=Father.DialogadSpeak Father,'TEXT_QST_048_FATHER_INTRO_100'
[CutsceneSpeechDiag] macro=CS_OAKVALE_INTRO_FATHER controller=0x557ca30 target=0x1adfd4 method=0 listen=0 soundIn2D=1 overFade=0 tick=11060984 key=TEXT_QST_048_FATHER_INTRO_100
[CutsceneCommandDiag] macro=CS_OAKVALE_INTRO_FATHER tick=11060984 command=GamePause 0.5
[CutsceneFadeDiag] tick=11060984 gsi=0x50223e0 display=0x14ebdac0 readable=1 active=0 fadingIn=0 fadingOut=0 holdUntilIn=0 allowOverride=1 outTime=0 inTime=0.5 outElapsed=0 inRemaining=0 colour=0xff000000 freezeCount=0 guiReadable=1 guiMode=2 drawReadable=1 drawObject=0x14e93bc0 renderDisplay=0x14ebdac0 renderDisplayReadable=1 sameDisplay=1 drawFlag=0 drawOpaqueSticky=0 drawEntered=445 drawReturned=445 lastDrawObject=0x14e93bc0 lastDrawTick=11039000 beforeCommand=GamePause 0.5
[CutsceneCommandDiag] macro=CS_OAKVALE_INTRO_FATHER tick=11060984 command=NoLoadUseCamera CAM_OVIF_SHOT6
[CutsceneFadeDiag] tick=11060984 gsi=0x50223e0 display=0x14ebdac0 readable=1 active=0 fadingIn=0 fadingOut=0 holdUntilIn=0 allowOverride=1 outTime=0 inTime=0.5 outElapsed=0 inRemaining=0 colour=0xff000000 freezeCount=0 guiReadable=1 guiMode=2 drawReadable=1 drawObject=0x14e93bc0 renderDisplay=0x14ebdac0 renderDisplayReadable=1 sameDisplay=1 drawFlag=0 drawOpaqueSticky=0 drawEntered=445 drawReturned=445 lastDrawObject=0x14e93bc0 lastDrawTick=11039000 beforeCommand=NoLoadUseCamera CAM_OVIF_SHOT6
[CutsceneCommandDiag] macro=CS_OAKVALE_INTRO_FATHER tick=11060984 command=Hero.SneakTo MK_OVIF_HERO5,0.0,FALSE,FALSE,FALSE
[CutsceneFadeDiag] tick=11060984 gsi=0x50223e0 display=0x14ebdac0 readable=1 active=0 fadingIn=0 fadingOut=0 holdUntilIn=0 allowOverride=1 outTime=0 inTime=0.5 outElapsed=0 inRemaining=0 colour=0xff000000 freezeCount=0 guiReadable=1 guiMode=2 drawReadable=1 drawObject=0x14e93bc0 renderDisplay=0x14ebdac0 renderDisplayReadable=1 sameDisplay=1 drawFlag=0 drawOpaqueSticky=0 drawEntered=445 drawReturned=445 lastDrawObject=0x14e93bc0 lastDrawTick=11039000 beforeCommand=Hero.SneakTo MK_OVIF_HERO5,0.0,FALSE,FALSE,FALSE
[CutsceneMoveDiag] issueThing macro=CS_OAKVALE_INTRO_FATHER controller=0x557cf10 target=0x1adde8 radius=0 moveType=2 b1=0 b2=0 b3=0 b4=1 tick=11060984
[CutsceneCommandDiag] macro=CS_OAKVALE_INTRO_FATHER tick=11060984 command=GamePause 1.1
[CutsceneFadeDiag] tick=11060984 gsi=0x50223e0 display=0x14ebdac0 readable=1 active=0 fadingIn=0 fadingOut=0 holdUntilIn=0 allowOverride=1 outTime=0 inTime=0.5 outElapsed=0 inRemaining=0 colour=0xff000000 freezeCount=0 guiReadable=1 guiMode=2 drawReadable=1 drawObject=0x14e93bc0 renderDisplay=0x14ebdac0 renderDisplayReadable=1 sameDisplay=1 drawFlag=0 drawOpaqueSticky=0 drawEntered=445 drawReturned=445 lastDrawObject=0x14e93bc0 lastDrawTick=11039000 beforeCommand=GamePause 1.1
[CutsceneCommandDiag] macro=CS_OAKVALE_INTRO_FATHER tick=11060984 command=Father.LookInDirection 215
[CutsceneFadeDiag] tick=11060984 gsi=0x50223e0 display=0x14ebdac0 readable=1 active=0 fadingIn=0 fadingOut=0 holdUntilIn=0 allowOverride=1 outTime=0 inTime=0.5 outElapsed=0 inRemaining=0 colour=0xff000000 freezeCount=0 guiReadable=1 guiMode=2 drawReadable=1 drawObject=0x14e93bc0 renderDisplay=0x14ebdac0 renderDisplayReadable=1 sameDisplay=1 drawFlag=0 drawOpaqueSticky=0 drawEntered=445 drawReturned=445 lastDrawObject=0x14e93bc0 lastDrawTick=11039000 beforeCommand=Father.LookInDirection 215
[CutsceneCommandDiag] macro=CS_OAKVALE_INTRO_FATHER tick=11060984 command=UseCamera CAM_OVIF_SHOT7
[CutsceneFadeDiag] tick=11060984 gsi=0x50223e0 display=0x14ebdac0 readable=1 active=0 fadingIn=0 fadingOut=0 holdUntilIn=0 allowOverride=1 outTime=0 inTime=0.5 outElapsed=0 inRemaining=0 colour=0xff000000 freezeCount=0 guiReadable=1 guiMode=2 drawReadable=1 drawObject=0x14e93bc0 renderDisplay=0x14ebdac0 renderDisplayReadable=1 sameDisplay=1 drawFlag=0 drawOpaqueSticky=0 drawEntered=445 drawReturned=445 lastDrawObject=0x14e93bc0 lastDrawTick=11039000 beforeCommand=UseCamera CAM_OVIF_SHOT7
[CutsceneCommandDiag] macro=CS_OAKVALE_INTRO_FATHER tick=11060984 command=Hero.SneakTo MK_OVIF_HERO5,0.0,TRUE
[CutsceneFadeDiag] tick=11060984 gsi=0x50223e0 display=0x14ebdac0 readable=1 active=0 fadingIn=0 fadingOut=0 holdUntilIn=0 allowOverride=1 outTime=0 inTime=0.5 outElapsed=0 inRemaining=0 colour=0xff000000 freezeCount=0 guiReadable=1 guiMode=2 drawReadable=1 drawObject=0x14e93bc0 renderDisplay=0x14ebdac0 renderDisplayReadable=1 sameDisplay=1 drawFlag=0 drawOpaqueSticky=0 drawEntered=445 drawReturned=445 lastDrawObject=0x14e93bc0 lastDrawTick=11039000 beforeCommand=Hero.SneakTo MK_OVIF_HERO5,0.0,TRUE
[CutsceneMoveDiag] issueThing macro=CS_OAKVALE_INTRO_FATHER controller=0x557cf10 target=0x1adde8 radius=0 moveType=2 b1=0 b2=1 b3=0 b4=1 tick=11060984
[CutsceneMoveDiag] poll macro=CS_OAKVALE_INTRO_FATHER controller=0x557cf10 active=0 tick=11060984
[CutsceneSkipDiag] end macro=CS_OAKVALE_INTRO_FATHER manager=0x1513ba8 inCutscene=0 skipped=0 skippable=1 skippableWhilePaused=0 alternateInput=0 promptPrimary=0 promptSkipScene=0 skipTimerActive=1
    [CutsceneState] after 'CS_OAKVALE_INTRO_FATHER' gui=0x1513ba8 actionMode=0 guiActionMode=0 inCutscene=0 skippable=1 skippableWhilePaused=0 alternateSkipInput=0
[NewOakValeIntro/NewOakValeIntro]     [RunCutsceneWithSetup] >>>>> EXITED BLOCKING RunCutsceneMacro_Func <<<<<
[NewOakValeIntro/NewOakValeIntro]     Releasing cutscene actor handles...
[NewOakValeIntro/NewOakValeIntro]     Destructing actor map object...
[NewOakValeIntro/NewOakValeIntro] --- Cutscene Execution Completed ---
[NewOakValeIntro/NewOakValeIntro] --- Ending Movie Sequence ---
[NewOakValeIntro/NewOakValeIntro]     Destroying movie resource object...
[NewOakValeIntro/NewOakValeIntro]     Freeing movie handle memory...
[NewOakValeIntro/NewOakValeIntro] --- Movie Sequence Ended Successfully ---
    [LuaEntityAPI] Releasing script control handle...
    [LuaEntityHost::Main] >>>>> EXITED LUA CALL for 'NewOakValeIntro/Entities/NOVI_LiveFather' <<<<<
    [DEBUG] LuaEntityHost::Main: About to return from C++ Main function.
    [DEBUG] LuaEntityHost::Main: FINAL EXIT POINT.
    [LuaEntityAPI] Releasing script control handle...
    [LuaEntityHost::Main] >>>>> EXITED LUA CALL for 'NewOakValeIntro/Entities/NOVI_Theresa' <<<<<
    [DEBUG] LuaEntityHost::Main: About to return from C++ Main function.
    [DEBUG] LuaEntityHost::Main: FINAL EXIT POINT.
    [LuaEntityHost::Main] >>>>> EXITED LUA CALL for 'NewOakValeIntro/Entities/NOVI_Guard' <<<<<
    [DEBUG] LuaEntityHost::Main: About to return from C++ Main function.
    [DEBUG] LuaEntityHost::Main: FINAL EXIT POINT.
    [LuaEntityHost::Main] >>>>> EXITED LUA CALL for 'NewOakValeIntro/Entities/NOVI_Guard' <<<<<
    [DEBUG] LuaEntityHost::Main: About to return from C++ Main function.
    [DEBUG] LuaEntityHost::Main: FINAL EXIT POINT.
    [LuaEntityHost::Main] >>>>> EXITED LUA CALL for 'NewOakValeIntro/Entities/NOVI_Guard' <<<<<
    [DEBUG] LuaEntityHost::Main: About to return from C++ Main function.
    [DEBUG] LuaEntityHost::Main: FINAL EXIT POINT.
    [LuaEntityHost::Main] >>>>> EXITED LUA CALL for 'NewOakValeIntro/Entities/NOVI_Barrel' <<<<<
    [LuaEntityHost::OnPredicateFail] Dispatching Lua callback for 'NewOakValeIntro/Entities/NOVI_Barrel'.
    [DEBUG] LuaEntityHost::Main: About to return from C++ Main function.
    [DEBUG] LuaEntityHost::Main: FINAL EXIT POINT.
    [LuaEntityHost::Main] >>>>> EXITED LUA CALL for 'NewOakValeIntro/Entities/NOVI_Barrel' <<<<<
    [LuaEntityHost::OnPredicateFail] Dispatching Lua callback for 'NewOakValeIntro/Entities/NOVI_Barrel'.
    [DEBUG] LuaEntityHost::Main: About to return from C++ Main function.
    [DEBUG] LuaEntityHost::Main: FINAL EXIT POINT.
    [LuaEntityHost::Main] >>>>> EXITED LUA CALL for 'NewOakValeIntro/Entities/NOVI_Villager' <<<<<
    [DEBUG] LuaEntityHost::Main: About to return from C++ Main function.
    [DEBUG] LuaEntityHost::Main: FINAL EXIT POINT.
    [LuaEntityHost::Main] >>>>> EXITED LUA CALL for 'NewOakValeIntro/Entities/NOVI_Villager' <<<<<
    [DEBUG] LuaEntityHost::Main: About to return from C++ Main function.
    [DEBUG] LuaEntityHost::Main: FINAL EXIT POINT.
    [LuaEntityHost::Main] >>>>> EXITED LUA CALL for 'NewOakValeIntro/Entities/NOVI_Villager' <<<<<
    [DEBUG] LuaEntityHost::Main: About to return from C++ Main function.
    [DEBUG] LuaEntityHost::Main: FINAL EXIT POINT.
    [LuaEntityHost::Main] >>>>> EXITED LUA CALL for 'NewOakValeIntro/Entities/NOVI_Villager' <<<<<
    [DEBUG] LuaEntityHost::Main: About to return from C++ Main function.
    [DEBUG] LuaEntityHost::Main: FINAL EXIT POINT.
    [LuaEntityHost::Main] >>>>> EXITED LUA CALL for 'NewOakValeIntro/Entities/NOVI_Villager' <<<<<
    [DEBUG] LuaEntityHost::Main: About to return from C++ Main function.
    [DEBUG] LuaEntityHost::Main: FINAL EXIT POINT.
    [LuaEntityHost::Main] >>>>> EXITED LUA CALL for 'NewOakValeIntro/Entities/NOVI_Barrel' <<<<<
    [LuaEntityHost::OnPredicateFail] Dispatching Lua callback for 'NewOakValeIntro/Entities/NOVI_Barrel'.
    [DEBUG] LuaEntityHost::Main: About to return from C++ Main function.
    [DEBUG] LuaEntityHost::Main: FINAL EXIT POINT.
    [LuaEntityHost::Main] >>>>> EXITED LUA CALL for 'NewOakValeIntro/Entities/NOVI_Villager' <<<<<
    [DEBUG] LuaEntityHost::Main: About to return from C++ Main function.
    [DEBUG] LuaEntityHost::Main: FINAL EXIT POINT.
    [LuaEntityAPI] Releasing script control handle...
    [LuaEntityAPI] Nested release: outer control handle retained (depth 0).
    [LuaEntityHost::Main] >>>>> EXITED LUA CALL for 'NewOakValeIntro/Entities/NOVI_AffairWife' <<<<<
    [DEBUG] LuaEntityHost::Main: About to return from C++ Main function.
    [DEBUG] LuaEntityHost::Main: FINAL EXIT POINT.
    [LuaEntityHost::Main] >>>>> EXITED LUA CALL for 'NewOakValeIntro/Entities/NOVI_Villager' <<<<<
    [DEBUG] LuaEntityHost::Main: About to return from C++ Main function.
    [DEBUG] LuaEntityHost::Main: FINAL EXIT POINT.
    [LuaEntityAPI::ReleaseControl] Warning: No handle to release.
    [LuaEntityHost::Main] >>>>> EXITED LUA CALL for 'NewOakValeIntro/Entities/NOVI_TeddyGirl' <<<<<
    [DEBUG] LuaEntityHost::Main: About to return from C++ Main function.
    [DEBUG] LuaEntityHost::Main: FINAL EXIT POINT.
    [LuaEntityAPI::ReleaseControl] Warning: No handle to release.
    [LuaEntityHost::Main] >>>>> EXITED LUA CALL for 'NewOakValeIntro/Entities/NOVI_BarrelMan' <<<<<
    [DEBUG] LuaEntityHost::Main: About to return from C++ Main function.
    [DEBUG] LuaEntityHost::Main: FINAL EXIT POINT.
    [LuaQuestHost::Destructor] Tearing down quest 'NewOakValeIntro/NewOakValeIntro' (bDelete=1)
===== shared_ptr Deleter Called =====
    Cleaning up CScriptThing* = 0x545eb38
    Current RefCount: 2
    Decremented to: 1
    Freed heap allocation.
===== shared_ptr Deleter Complete =====
===== shared_ptr Deleter Called =====
    Cleaning up CScriptThing* = 0x54e8bf0
    Current RefCount: 2
    Decremented to: 1
    Freed heap allocation.
===== shared_ptr Deleter Complete =====
===== shared_ptr Deleter Called =====
    Cleaning up CScriptThing* = 0x54e8b18
    Current RefCount: 2
    Decremented to: 1
    Freed heap allocation.
===== shared_ptr Deleter Complete =====
===== shared_ptr Deleter Called =====
    Cleaning up CScriptThing* = 0x54e8a40
    Current RefCount: 2
    Decremented to: 1
    Freed heap allocation.
===== shared_ptr Deleter Complete =====
===== shared_ptr Deleter Called =====
    Cleaning up CScriptThing* = 0x14f2eea0
    Current RefCount: 1
    Decremented to: 0
    Freed heap allocation.
===== shared_ptr Deleter Complete =====
===== shared_ptr Deleter Called =====
    Cleaning up CScriptThing* = 0x52c72f0
    Current RefCount: 1
    Decremented to: 0
    Freed heap allocation.
===== shared_ptr Deleter Complete =====
===== shared_ptr Deleter Called =====
    Cleaning up CScriptThing* = 0x52c6420
    Current RefCount: 2
    Decremented to: 1
    Freed heap allocation.
===== shared_ptr Deleter Complete =====
===== shared_ptr Deleter Called =====
    Cleaning up CScriptThing* = 0x14f2edb0
    Current RefCount: 2
    Decremented to: 1
    Freed heap allocation.
===== shared_ptr Deleter Complete =====
===== shared_ptr Deleter Called =====
    Cleaning up CScriptThing* = 0x52c3408
    Current RefCount: 1
    Decremented to: 0
    Freed heap allocation.
===== shared_ptr Deleter Complete =====
===== shared_ptr Deleter Called =====
    Cleaning up CScriptThing* = 0x52c3588
    Current RefCount: 1
    Decremented to: 0
    Freed heap allocation.
===== shared_ptr Deleter Complete =====
===== shared_ptr Deleter Called =====
    Cleaning up CScriptThing* = 0x538a848
    Current RefCount: 1
    Decremented to: 0
    Freed heap allocation.
===== shared_ptr Deleter Complete =====
===== shared_ptr Deleter Called =====
    Cleaning up CScriptThing* = 0x165078a0
    Current RefCount: 1
    Decremented to: 0
    Freed heap allocation.
===== shared_ptr Deleter Complete =====
===== shared_ptr Deleter Called =====
    Cleaning up CScriptThing* = 0x554b130
    Current RefCount: 1
    Decremented to: 0
    Freed heap allocation.
===== shared_ptr Deleter Complete =====
===== shared_ptr Deleter Called =====
    Cleaning up CScriptThing* = 0x554b298
    Current RefCount: 1
    Decremented to: 0
    Freed heap allocation.
===== shared_ptr Deleter Complete =====
