--- Fable Custom Quest DLL Attached ---
--- ForgeFSE v0.1 (fork of FableScriptExtender) ---
g_LuaEntityHostVTable = 0x6d4b5c28
    [0] = 0x6d2082d0
    [1] = 0x6d208400
    [2] = 0x6d2089d0
    [3] = 0x6d209450
    [4] = 0x6d209460
    [5] = 0x6d209910
    [6] = 0x6d209f00
--- Initializing Fable API Pointers ---
Module Base Address (g_fableBase): 0x400000
--- Fable API Pointers Initialized ---
--- Retail allocator override hook installed (configuration remains opt-in). ---
[RetailTransition] CMainGameComponent::Update hook installed at 0x418289 (trampoline 0x1ad0000).
[CardClear] 3 hooks installed: UpdateDiskCacheTexture + IsNearlyIdentical(force re-render) + StartComposition(clear).
[CutsceneSkipDiag] passive SetCutsceneMode boundary hook installed.
[CutsceneSpeechDiag] passive retail Speak boundary hook installed.
[CutsceneMoveDiag] passive retail movement boundary hooks installed.
--- Armed identity-preserving retail override for 'Q_NewOakValeIntro'. ---
--- Replacing retail allocator for 'Q_NewOakValeIntro' while preserving native identity. ---
--- Load count: 1 ---
--- Initializing Fable API Pointers ---
Module Base Address (g_fableBase): 0x400000
--- Fable API Pointers Initialized ---
[MapResourceAlias] Hook installed at OpenRetailStaticMap 0xb41e50 (trampoline 0x5620000).
--- Initializing Game Interface API from VTable ---
--- Game Interface API (All Batches) Initialized Successfully ---
--- Initializing LuaManager (in Isolated State mode) ---
    'LuaManager' initialized. States will be created per-script.
--- Lua systems initialized successfully. ---
    [RetailShadowTrace] script=QS_GuardianSisterInfo scope=Quest receiver=quest operation=Log argc=1
    [RetailShadowTrace] script=QS_GuardianSisterInfo scope=Quest receiver=quest operation=SetStateBool argc=2
    [RetailShadowTrace] script=QS_GuardianSisterInfo scope=Quest receiver=quest operation=Log argc=1
    [RetailShadowTrace] script=QS_GuardianSisterInfo scope=Quest receiver=quest operation=AddEntityBinding argc=2
    [RetailShadowTrace] script=QS_GuardianSisterInfo scope=Quest receiver=quest operation=FinalizeEntityBindings argc=0
    [RetailShadowTrace] script=QS_GuardianSisterInfo scope=Quest receiver=quest operation=GetActiveQuestName argc=0
    [RetailShadowTrace] script=QS_GuardianSisterInfo scope=Quest receiver=quest operation=SetQuestCardObjective argc=4
    [RetailShadowTrace] script=QS_GuardianSisterInfo scope=Quest receiver=quest operation=Log argc=1
    [RetailShadowTrace] script=QS_GuardianSisterInfo scope=Quest receiver=quest operation=IsRegionLoaded argc=1
    [RetailShadowTrace] script=QS_GuardianSisterInfo scope=Quest receiver=quest operation=NewScriptFrame argc=0
    [RetailShadow] completed mutation-free preflight for QS_GuardianSisterInfo
    [RetailShadowTrace] script=QS_GuardianSisterInfo2_SisterInBanditCamp scope=Quest receiver=quest operation=Log argc=1
    [RetailShadowTrace] script=QS_GuardianSisterInfo2_SisterInBanditCamp scope=Quest receiver=quest operation=SetStateBool argc=2
    [RetailShadowTrace] script=QS_GuardianSisterInfo2_SisterInBanditCamp scope=Quest receiver=quest operation=Log argc=1
    [RetailShadowTrace] script=QS_GuardianSisterInfo2_SisterInBanditCamp scope=Quest receiver=quest operation=AddEntityBinding argc=2
    [RetailShadowTrace] script=QS_GuardianSisterInfo2_SisterInBanditCamp scope=Quest receiver=quest operation=FinalizeEntityBindings argc=0
    [RetailShadowTrace] script=QS_GuardianSisterInfo2_SisterInBanditCamp scope=Quest receiver=quest operation=GetActiveQuestName argc=0
    [RetailShadowTrace] script=QS_GuardianSisterInfo2_SisterInBanditCamp scope=Quest receiver=quest operation=SetQuestCardObjective argc=4
    [RetailShadowTrace] script=QS_GuardianSisterInfo2_SisterInBanditCamp scope=Quest receiver=quest operation=Log argc=1
    [RetailShadowTrace] script=QS_GuardianSisterInfo2_SisterInBanditCamp scope=Quest receiver=quest operation=GetStateBool argc=1
    [RetailShadowTrace] script=QS_GuardianSisterInfo2_SisterInBanditCamp scope=Quest receiver=quest operation=NewScriptFrame argc=0
    [RetailShadow] completed mutation-free preflight for QS_GuardianSisterInfo2_SisterInBanditCamp
    [RetailShadowTrace] script=QS_GuardianSisterInfo2_SisterInBanditCamp::MazeAtTavern scope=Quest receiver=quest operation=GetThingWithScriptName argc=1
    [RetailShadowTrace] script=QS_GuardianSisterInfo2_SisterInBanditCamp::MazeAtTavern scope=Quest receiver=quest operation=GetHero argc=0
    [RetailShadowTrace] script=QS_GuardianSisterInfo2_SisterInBanditCamp::MazeAtTavern scope=Quest receiver=quest operation=MiniMapAddMarker argc=2
    [RetailShadowTrace] script=QS_GuardianSisterInfo2_SisterInBanditCamp::MazeAtTavern scope=Quest receiver=quest operation=SetIsPushableByHero argc=2
    [RetailShadowTrace] script=QS_GuardianSisterInfo2_SisterInBanditCamp::MazeAtTavern scope=Entity receiver=me operation=AcquireControl argc=0
    [RetailShadowTrace] script=QS_GuardianSisterInfo2_SisterInBanditCamp::MazeAtTavern scope=Quest receiver=quest operation=SetThingHasInformation argc=2
    [RetailShadowTrace] script=QS_GuardianSisterInfo2_SisterInBanditCamp::MazeAtTavern scope=Quest receiver=quest operation=RegisterTimer argc=0
    [RetailShadowTrace] script=QS_GuardianSisterInfo2_SisterInBanditCamp::MazeAtTavern scope=Quest receiver=quest operation=GetTimer argc=1
    [RetailShadowTrace] script=QS_GuardianSisterInfo2_SisterInBanditCamp::MazeAtTavern scope=Quest receiver=quest operation=GetStateBool argc=1
    [RetailShadowTrace] script=QS_GuardianSisterInfo2_SisterInBanditCamp::MazeAtTavern scope=Quest receiver=quest operation=EntitySetFacingAngleTowardsThing argc=2
    [RetailShadowTrace] script=QS_GuardianSisterInfo2_SisterInBanditCamp::MazeAtTavern scope=Entity receiver=me operation=MsgIsHitByHero argc=0
    [RetailShadowTrace] script=QS_GuardianSisterInfo2_SisterInBanditCamp::MazeAtTavern scope=Entity receiver=me operation=MsgIsHitByAnySpecialAbilityFromHero argc=0
    [RetailShadowTrace] script=QS_GuardianSisterInfo2_SisterInBanditCamp::MazeAtTavern scope=Entity receiver=me operation=IsTalkedToByHero argc=0
    [RetailShadowTrace] script=QS_GuardianSisterInfo2_SisterInBanditCamp::MazeAtTavern scope=Quest receiver=quest operation=GetStateBool argc=1
    [RetailShadowTrace] script=QS_GuardianSisterInfo2_SisterInBanditCamp::MazeAtTavern scope=Quest receiver=quest operation=NewScriptFrame argc=1
    [RetailShadowTrace] script=QS_GuardianSisterInfo2_SisterInBanditCamp::MazeAtTavern scope=Quest receiver=quest operation=DeregisterTimer argc=1
    [RetailShadowTrace] script=QS_GuardianSisterInfo2_SisterInBanditCamp::MazeAtTavern scope=Entity receiver=me operation=ReleaseControl argc=0
    [RetailShadow] completed mutation-free preflight for QS_GuardianSisterInfo2_SisterInBanditCamp::MazeAtTavern
    [RetailShadowTrace] script=QS_GuardianSisterInfo::MazeAtTavern scope=Quest receiver=quest operation=GetThingWithScriptName argc=1
    [RetailShadowTrace] script=QS_GuardianSisterInfo::MazeAtTavern scope=Quest receiver=quest operation=GetHero argc=0
    [RetailShadowTrace] script=QS_GuardianSisterInfo::MazeAtTavern scope=Entity receiver=me operation=AcquireControl argc=0
    [RetailShadowTrace] script=QS_GuardianSisterInfo::MazeAtTavern scope=Quest receiver=quest operation=EntitySetAsOpinionSourceByString argc=2
    [RetailShadowTrace] script=QS_GuardianSisterInfo::MazeAtTavern scope=Quest receiver=quest operation=MiniMapAddMarker argc=2
    [RetailShadowTrace] script=QS_GuardianSisterInfo::MazeAtTavern scope=Quest receiver=quest operation=SetThingHasInformation argc=4
    [RetailShadowTrace] script=QS_GuardianSisterInfo::MazeAtTavern scope=Quest receiver=quest operation=SetIsPushableByHero argc=2
    [RetailShadowTrace] script=QS_GuardianSisterInfo::MazeAtTavern scope=Quest receiver=quest operation=GetStateBool argc=1
    [RetailShadowTrace] script=QS_GuardianSisterInfo::MazeAtTavern scope=Quest receiver=quest operation=IsDistanceBetweenThingsUnder argc=3
    [RetailShadowTrace] script=QS_GuardianSisterInfo::MazeAtTavern scope=Quest receiver=quest operation=GetStateBool argc=1
    [RetailShadowTrace] script=QS_GuardianSisterInfo::MazeAtTavern scope=Quest receiver=quest operation=EntitySetFacingAngleTowardsThing argc=2
    [RetailShadowTrace] script=QS_GuardianSisterInfo::MazeAtTavern scope=Entity receiver=me operation=MsgIsHitByHero argc=0
    [RetailShadowTrace] script=QS_GuardianSisterInfo::MazeAtTavern scope=Entity receiver=me operation=MsgIsHitByAnySpecialAbilityFromHero argc=0
    [RetailShadowTrace] script=QS_GuardianSisterInfo::MazeAtTavern scope=Entity receiver=me operation=IsTalkedToByHero argc=0
    [RetailShadowTrace] script=QS_GuardianSisterInfo::MazeAtTavern scope=Quest receiver=quest operation=NewScriptFrame argc=1
    [RetailShadowTrace] script=QS_GuardianSisterInfo::MazeAtTavern scope=Entity receiver=me operation=ReleaseControl argc=0
    [RetailShadow] completed mutation-free preflight for QS_GuardianSisterInfo::MazeAtTavern
    [RetailShadowTrace] script=QS_GuardianTrophyDealerInfo scope=Quest receiver=quest operation=Log argc=1
    [RetailShadowTrace] script=QS_GuardianTrophyDealerInfo scope=Quest receiver=quest operation=SetStateBool argc=2
    [RetailShadowTrace] script=QS_GuardianTrophyDealerInfo scope=Quest receiver=quest operation=Log argc=1
    [RetailShadowTrace] script=QS_GuardianTrophyDealerInfo scope=Quest receiver=quest operation=AddEntityBinding argc=2
    [RetailShadowTrace] script=QS_GuardianTrophyDealerInfo scope=Quest receiver=quest operation=FinalizeEntityBindings argc=0
    [RetailShadowTrace] script=QS_GuardianTrophyDealerInfo scope=Quest receiver=quest operation=GetActiveQuestName argc=0
    [RetailShadowTrace] script=QS_GuardianTrophyDealerInfo scope=Quest receiver=quest operation=SetQuestCardObjective argc=4
    [RetailShadowTrace] script=QS_GuardianTrophyDealerInfo scope=Quest receiver=quest operation=Log argc=1
    [RetailShadowTrace] script=QS_GuardianTrophyDealerInfo scope=Quest receiver=quest operation=GetStateBool argc=1
    [RetailShadowTrace] script=QS_GuardianTrophyDealerInfo scope=Quest receiver=quest operation=NewScriptFrame argc=0
    [RetailShadow] completed mutation-free preflight for QS_GuardianTrophyDealerInfo
    [RetailShadowTrace] script=QS_GuardianTrophyDealerInfo::GTDI_Maze scope=Entity receiver=me operation=GetAngleXY argc=0
    [RetailShadowTrace] script=QS_GuardianTrophyDealerInfo::GTDI_Maze scope=Quest receiver=quest operation=GetThingWithScriptName argc=1
    [RetailShadowTrace] script=QS_GuardianTrophyDealerInfo::GTDI_Maze scope=Quest receiver=quest operation=GetHero argc=0
    [RetailShadowTrace] script=QS_GuardianTrophyDealerInfo::GTDI_Maze scope=Quest receiver=quest operation=SetThingHasInformation argc=4
    [RetailShadowTrace] script=QS_GuardianTrophyDealerInfo::GTDI_Maze scope=Entity receiver=me operation=AcquireControl argc=0
    [RetailShadowTrace] script=QS_GuardianTrophyDealerInfo::GTDI_Maze scope=Quest receiver=quest operation=EntitySetAsKillable argc=2
    [RetailShadowTrace] script=QS_GuardianTrophyDealerInfo::GTDI_Maze scope=Quest receiver=quest operation=EntitySetAsDamageable argc=2
    [RetailShadowTrace] script=QS_GuardianTrophyDealerInfo::GTDI_Maze scope=Quest receiver=quest operation=SetIsPushableByHero argc=2
    [RetailShadowTrace] script=QS_GuardianTrophyDealerInfo::GTDI_Maze scope=Quest receiver=quest operation=GetActiveQuestName argc=0
    [RetailShadowTrace] script=QS_GuardianTrophyDealerInfo::GTDI_Maze scope=Quest receiver=quest operation=KickOffQuestStartScreen argc=3
    [RetailShadowTrace] script=QS_GuardianTrophyDealerInfo::GTDI_Maze scope=Quest receiver=quest operation=MiniMapAddMarker argc=2
    [RetailShadowTrace] script=QS_GuardianTrophyDealerInfo::GTDI_Maze scope=Entity receiver=me operation=MsgIsHitByHero argc=0
    [RetailShadowTrace] script=QS_GuardianTrophyDealerInfo::GTDI_Maze scope=Entity receiver=me operation=MsgIsHitByAnySpecialAbilityFromHero argc=0
    [RetailShadowTrace] script=QS_GuardianTrophyDealerInfo::GTDI_Maze scope=Entity receiver=me operation=IsTalkedToByHero argc=0
    [RetailShadowTrace] script=QS_GuardianTrophyDealerInfo::GTDI_Maze scope=Quest receiver=quest operation=NewScriptFrame argc=1
    [RetailShadowTrace] script=QS_GuardianTrophyDealerInfo::GTDI_Maze scope=Entity receiver=me operation=ReleaseControl argc=0
    [RetailShadow] completed mutation-free preflight for QS_GuardianTrophyDealerInfo::GTDI_Maze
    [RetailShadowTrace] script=QS_MeetSister scope=Quest receiver=quest operation=Log argc=1
    [RetailShadowTrace] script=QS_MeetSister scope=Quest receiver=quest operation=Log argc=1
    [RetailShadowTrace] script=QS_MeetSister scope=Quest receiver=quest operation=AddEntityBinding argc=2
    [RetailShadowTrace] script=QS_MeetSister scope=Quest receiver=quest operation=AddEntityBinding argc=2
    [RetailShadowTrace] script=QS_MeetSister scope=Quest receiver=quest operation=FinalizeEntityBindings argc=0
    [RetailShadowTrace] script=QS_MeetSister scope=Quest receiver=quest operation=GetActiveQuestName argc=0
    [RetailShadowTrace] script=QS_MeetSister scope=Quest receiver=quest operation=SetQuestCardObjective argc=4
    [RetailShadowTrace] script=QS_MeetSister scope=Quest receiver=quest operation=Log argc=1
    [RetailShadow] completed mutation-free preflight for QS_MeetSister
    [RetailShadowTrace] script=QS_MeetSister::MeetSisterMessenger scope=Quest receiver=quest operation=GetThingWithScriptName argc=1
    [RetailShadowTrace] script=QS_MeetSister::MeetSisterMessenger scope=Quest receiver=quest operation=IsRegionLoaded argc=1
    [RetailShadowTrace] script=QS_MeetSister::MeetSisterMessenger scope=Quest receiver=quest operation=NewScriptFrame argc=1
    [RetailShadow] completed mutation-free preflight for QS_MeetSister::MeetSisterMessenger
    [RetailShadowTrace] script=QS_MeetSister::MeetSisterSister scope=Quest receiver=quest operation=GetThingWithScriptName argc=1
    [RetailShadowTrace] script=QS_MeetSister::MeetSisterSister scope=Quest receiver=quest operation=GetHero argc=0
    [RetailShadowTrace] script=QS_MeetSister::MeetSisterSister scope=Quest receiver=quest operation=PlayCutscene argc=3
    [RetailShadowTrace] script=QS_MeetSister::MeetSisterSister scope=Quest receiver=quest operation=RemoveThing argc=1
    [RetailShadowTrace] script=QS_MeetSister::MeetSisterSister scope=Quest receiver=quest operation=GetActiveQuestName argc=0
    [RetailShadowTrace] script=QS_MeetSister::MeetSisterSister scope=Quest receiver=quest operation=SetQuestAsCompleted argc=4
    [RetailShadowTrace] script=QS_MeetSister::MeetSisterSister scope=Quest receiver=quest operation=DeactivateQuestLater argc=2
    [RetailShadowTrace] script=QS_MeetSister::MeetSisterSister scope=Quest receiver=quest operation=FadeScreenIn argc=0
    [RetailShadow] completed mutation-free preflight for QS_MeetSister::MeetSisterSister
    [RetailShadowTrace] script=Q_HerosOldHouse scope=Quest receiver=quest operation=Log argc=1
    [RetailShadowTrace] script=Q_HerosOldHouse scope=Quest receiver=quest operation=SetStateBool argc=2
    [RetailShadowTrace] script=Q_HerosOldHouse scope=Quest receiver=quest operation=SetStateBool argc=2
    [RetailShadowTrace] script=Q_HerosOldHouse scope=Quest receiver=quest operation=SetStateBool argc=2
    [RetailShadowTrace] script=Q_HerosOldHouse scope=Quest receiver=quest operation=SetStateBool argc=2
    [RetailShadowTrace] script=Q_HerosOldHouse scope=Quest receiver=quest operation=SetStateBool argc=2
    [RetailShadowTrace] script=Q_HerosOldHouse scope=Quest receiver=quest operation=SetStateBool argc=2
    [RetailShadowTrace] script=Q_HerosOldHouse scope=Quest receiver=quest operation=Log argc=1
    [RetailShadowTrace] script=Q_HerosOldHouse scope=Quest receiver=quest operation=IsRegionLoaded argc=1
    [RetailShadowTrace] script=Q_HerosOldHouse scope=Quest receiver=quest operation=NewScriptFrame argc=0
    [RetailShadow] completed mutation-free preflight for Q_HerosOldHouse
    [RetailShadowTrace] script=Q_HerosOldHouse::ExtraBooty scope=Quest receiver=quest operation=Log argc=1
    [RetailShadowTrace] script=Q_HerosOldHouse::ExtraBooty scope=Quest receiver=quest operation=IsDiggingSpotEnabled argc=1
    [RetailShadowTrace] script=Q_HerosOldHouse::ExtraBooty scope=Quest receiver=quest operation=Log argc=1
    [RetailShadowTrace] script=Q_HerosOldHouse::ExtraBooty scope=Quest receiver=quest operation=SetStateBool argc=2
    [RetailShadowTrace] script=Q_HerosOldHouse::ExtraBooty scope=Quest receiver=quest operation=GetStateBool argc=1
    [RetailShadowTrace] script=Q_HerosOldHouse::ExtraBooty scope=Quest receiver=quest operation=GetActiveQuestName argc=0
    [RetailShadowTrace] script=Q_HerosOldHouse::ExtraBooty scope=Quest receiver=quest operation=SetQuestAsCompleted argc=4
    [RetailShadowTrace] script=Q_HerosOldHouse::ExtraBooty scope=Quest receiver=quest operation=Log argc=1
    [RetailShadow] completed mutation-free preflight for Q_HerosOldHouse::ExtraBooty
    [RetailShadowTrace] script=Q_HerosOldHouse::FishermansWife scope=Entity receiver=me operation=GetAngleXY argc=0
    [RetailShadowTrace] script=Q_HerosOldHouse::FishermansWife scope=Quest receiver=quest operation=EntitySetTargetingType argc=2
    [RetailShadowTrace] script=Q_HerosOldHouse::FishermansWife scope=Quest receiver=quest operation=SetThingHasInformation argc=4
    [RetailShadowTrace] script=Q_HerosOldHouse::FishermansWife scope=Quest receiver=quest operation=GetStateBool argc=1
    [RetailShadowTrace] script=Q_HerosOldHouse::FishermansWife scope=Quest receiver=quest operation=Log argc=1
    [RetailShadowTrace] script=Q_HerosOldHouse::FishermansWife scope=Quest receiver=quest operation=GetHero argc=0
    [RetailShadowTrace] script=Q_HerosOldHouse::FishermansWife scope=Quest receiver=quest operation=GetThingWithScriptName argc=1
    [RetailShadowTrace] script=Q_HerosOldHouse::FishermansWife scope=Quest receiver=quest operation=GetThingWithScriptName argc=1
    [RetailShadowTrace] script=Q_HerosOldHouse::FishermansWife scope=Entity receiver=me operation=AcquireControl argc=0
    [RetailShadowTrace] script=Q_HerosOldHouse::FishermansWife scope=Quest receiver=quest operation=EntitySetAsKillable argc=2
    [RetailShadowTrace] script=Q_HerosOldHouse::FishermansWife scope=Entity receiver=me operation=SetIsPushableByHero argc=1
    [RetailShadowTrace] script=Q_HerosOldHouse::FishermansWife scope=Quest receiver=quest operation=EntitySetTargetingType argc=2
    [RetailShadowTrace] script=Q_HerosOldHouse::FishermansWife scope=Quest receiver=quest operation=SetThingHasInformation argc=4
    [RetailShadowTrace] script=Q_HerosOldHouse::FishermansWife scope=Quest receiver=quest operation=RegisterTimer argc=0
    [RetailShadowTrace] script=Q_HerosOldHouse::FishermansWife scope=Quest receiver=quest operation=SetTimer argc=2
    [RetailShadowTrace] script=Q_HerosOldHouse::FishermansWife scope=Quest receiver=quest operation=GetTimer argc=1
    [RetailShadowTrace] script=Q_HerosOldHouse::FishermansWife scope=Entity receiver=me operation=IsTalkedToByHero argc=0
    [RetailShadowTrace] script=Q_HerosOldHouse::FishermansWife scope=Entity receiver=me operation=MsgIsHitByHero argc=0
    [RetailShadowTrace] script=Q_HerosOldHouse::FishermansWife scope=Entity receiver=me operation=MsgIsHitByAnySpecialAbilityFromHero argc=0
    [RetailShadowTrace] script=Q_HerosOldHouse::FishermansWife scope=Quest receiver=quest operation=NewScriptFrame argc=1
    [RetailShadowTrace] script=Q_HerosOldHouse::FishermansWife scope=Quest receiver=quest operation=DeregisterTimer argc=1
    [RetailShadowTrace] script=Q_HerosOldHouse::FishermansWife scope=Entity receiver=me operation=ReleaseControl argc=0
    [RetailShadow] completed mutation-free preflight for Q_HerosOldHouse::FishermansWife
    [RetailShadowTrace] script=Q_HerosOldHouse::GhostFisherman scope=Quest receiver=quest operation=EntitySetAsAbleToWalkThroughSolidObjects argc=2
    [RetailShadowTrace] script=Q_HerosOldHouse::GhostFisherman scope=Quest receiver=quest operation=EntitySetAsDamageable argc=2
    [RetailShadowTrace] script=Q_HerosOldHouse::GhostFisherman scope=Quest receiver=quest operation=SetIsThingForcePushable argc=2
    [RetailShadowTrace] script=Q_HerosOldHouse::GhostFisherman scope=Quest receiver=quest operation=EntitySetAsKillable argc=2
    [RetailShadowTrace] script=Q_HerosOldHouse::GhostFisherman scope=Quest receiver=quest operation=EntitySetTargetingType argc=2
    [RetailShadowTrace] script=Q_HerosOldHouse::GhostFisherman scope=Quest receiver=quest operation=EntitySetAsOpinionSourceByString argc=2
    [RetailShadowTrace] script=Q_HerosOldHouse::GhostFisherman scope=Quest receiver=quest operation=SetThingHasInformation argc=4
    [RetailShadowTrace] script=Q_HerosOldHouse::GhostFisherman scope=Quest receiver=quest operation=GetStateBool argc=1
    [RetailShadowTrace] script=Q_HerosOldHouse::GhostFisherman scope=Quest receiver=quest operation=MiniMapAddMarker argc=2
    [RetailShadowTrace] script=Q_HerosOldHouse::GhostFisherman scope=Quest receiver=quest operation=Log argc=1
    [RetailShadowTrace] script=Q_HerosOldHouse::GhostFisherman scope=Quest receiver=quest operation=GetHero argc=0
    [RetailShadowTrace] script=Q_HerosOldHouse::GhostFisherman scope=Quest receiver=quest operation=GetThingWithScriptName argc=1
    [RetailShadowTrace] script=Q_HerosOldHouse::GhostFisherman scope=Entity receiver=me operation=AcquireControl argc=0
    [RetailShadowTrace] script=Q_HerosOldHouse::GhostFisherman scope=Quest receiver=quest operation=EntitySetTargetingType argc=2
    [RetailShadowTrace] script=Q_HerosOldHouse::GhostFisherman scope=Quest receiver=quest operation=SetThingHasInformation argc=4
    [RetailShadowTrace] script=Q_HerosOldHouse::GhostFisherman scope=Quest receiver=quest operation=RegisterTimer argc=0
    [RetailShadowTrace] script=Q_HerosOldHouse::GhostFisherman scope=Quest receiver=quest operation=SetTimer argc=2
    [RetailShadowTrace] script=Q_HerosOldHouse::GhostFisherman scope=Quest receiver=quest operation=GetStateBool argc=1
    [RetailShadowTrace] script=Q_HerosOldHouse::GhostFisherman scope=Quest receiver=quest operation=IsDistanceBetweenThingsUnder argc=3
    [RetailShadowTrace] script=Q_HerosOldHouse::GhostFisherman scope=Quest receiver=quest operation=GetStateBool argc=1
    [RetailShadowTrace] script=Q_HerosOldHouse::GhostFisherman scope=Quest receiver=quest operation=IsDiggingSpotEnabled argc=1
    [RetailShadowTrace] script=Q_HerosOldHouse::GhostFisherman scope=Quest receiver=quest operation=SetStateBool argc=2
    [RetailShadowTrace] script=Q_HerosOldHouse::GhostFisherman scope=Quest receiver=quest operation=FadeOutAndKillEntity argc=4
    [RetailShadowTrace] script=Q_HerosOldHouse::GhostFisherman scope=Quest receiver=quest operation=DeregisterTimer argc=1
    [RetailShadowTrace] script=Q_HerosOldHouse::GhostFisherman scope=Entity receiver=me operation=ReleaseControl argc=0
    [RetailShadow] completed mutation-free preflight for Q_HerosOldHouse::GhostFisherman
    [RetailShadowTrace] script=V_MazeResearch scope=Quest receiver=quest operation=Log argc=1
    [RetailShadowTrace] script=V_MazeResearch scope=Quest receiver=quest operation=Log argc=1
    [RetailShadowTrace] script=V_MazeResearch scope=Quest receiver=quest operation=AddEntityBinding argc=2
    [RetailShadowTrace] script=V_MazeResearch scope=Quest receiver=quest operation=AddEntityBinding argc=2
    [RetailShadowTrace] script=V_MazeResearch scope=Quest receiver=quest operation=FinalizeEntityBindings argc=0
    [RetailShadowTrace] script=V_MazeResearch scope=Quest receiver=quest operation=GetActiveQuestName argc=0
    [RetailShadowTrace] script=V_MazeResearch scope=Quest receiver=quest operation=SetQuestCardObjective argc=4
    [RetailShadowTrace] script=V_MazeResearch scope=Quest receiver=quest operation=Log argc=1
    [RetailShadow] completed mutation-free preflight for V_MazeResearch
    [RetailShadowTrace] script=V_MazeResearch::EmptyGrave scope=Quest receiver=quest operation=GetThingWithScriptName argc=1
    [RetailShadowTrace] script=V_MazeResearch::EmptyGrave scope=Quest receiver=quest operation=GetStateBool argc=1
    [RetailShadowTrace] script=V_MazeResearch::EmptyGrave scope=Quest receiver=quest operation=GetThingWithScriptName argc=1
    [RetailShadowTrace] script=V_MazeResearch::EmptyGrave scope=Quest receiver=quest operation=EntitySetInLimbo argc=2
    [RetailShadowTrace] script=V_MazeResearch::EmptyGrave scope=Entity receiver=me operation=MsgIsUsedByHero argc=0
    [RetailShadowTrace] script=V_MazeResearch::EmptyGrave scope=Quest receiver=quest operation=NewScriptFrame argc=1
    [RetailShadow] completed mutation-free preflight for V_MazeResearch::EmptyGrave
    [RetailShadowTrace] script=V_MazeResearch::HistoryBookcase scope=Quest receiver=quest operation=GetThingWithScriptName argc=1
    [RetailShadowTrace] script=V_MazeResearch::HistoryBookcase scope=Quest receiver=quest operation=GetStateBool argc=1
    [RetailShadowTrace] script=V_MazeResearch::HistoryBookcase scope=Quest receiver=quest operation=SetThingAsUsable argc=2
    [RetailShadowTrace] script=V_MazeResearch::HistoryBookcase scope=Quest receiver=quest operation=MiniMapAddMarker argc=2
    [RetailShadowTrace] script=V_MazeResearch::HistoryBookcase scope=Entity receiver=me operation=MsgIsUsedByHero argc=0
    [RetailShadowTrace] script=V_MazeResearch::HistoryBookcase scope=Quest receiver=quest operation=NewScriptFrame argc=1
    [RetailShadow] completed mutation-free preflight for V_MazeResearch::HistoryBookcase
--- Retail shadow preflight complete: passed=16 failed=0 (engine bindings unavailable by design). ---
--- Reading quests.lua definitions... ---
    Loading config from: C:\Programs\Steam\steamapps\common\Fable The Lost Chapters/FSE/quests.lua
!!! WARNING: No valid quest definitions were loaded from quests.lua.
--- Quests.lua definitions read and sorted. ---
--- Quest registry (FinalAlbion.qst) already up to date. ---
--- First-time script registration (populating g_scriptInfos)... ---
--- Custom scripts registered with the game. ---
[StaticMapProbe] opening 'Data\Levels\FinalAlbion\LookoutPoint.lev'.
[StaticMapProbe] opening 'Data\Levels\FinalAlbion\PicnicArea.lev'.
[StaticMapProbe] opening 'Data\Levels\FinalAlbion\BowerstoneSlumsWarehouses.lev'.
[StaticMapProbe] opening 'Data\Levels\FinalAlbion\BowerstoneBridge.lev'.
[StaticMapProbe] opening 'Data\Levels\FinalAlbion\Greatwood_1.lev'.
[StaticMapProbe] opening 'Data\Levels\FinalAlbion\Greatwood_2.lev'.
[StaticMapProbe] opening 'Data\Levels\FinalAlbion\Greatwood_3.lev'.
[StaticMapProbe] opening 'Data\Levels\FinalAlbion\Greatwood_4.lev'.
[StaticMapProbe] opening 'Data\Levels\FinalAlbion\OrchardFarm.lev'.
[StaticMapProbe] opening 'Data\Levels\FinalAlbion\OrchardFarmEast.lev'.
[StaticMapProbe] opening 'Data\Levels\FinalAlbion\GreatwoodTeleport.lev'.
[StaticMapProbe] opening 'Data\Levels\FinalAlbion\GrannysHouse.lev'.
[StaticMapProbe] opening 'Data\Levels\FinalAlbion\GreatwoodHobbeCave.lev'.
[StaticMapProbe] opening 'Data\Levels\FinalAlbion\BanditCampMain.lev'.
[StaticMapProbe] opening 'Data\Levels\FinalAlbion\BanditCampResidential.lev'.
[StaticMapProbe] opening 'Data\Levels\FinalAlbion\BanditCampBoss.lev'.
[StaticMapProbe] opening 'Data\Levels\FinalAlbion\BanditCampPath_1.lev'.
[StaticMapProbe] opening 'Data\Levels\FinalAlbion\Darkwood.lev'.
[StaticMapProbe] opening 'Data\Levels\FinalAlbion\ExecutionTree.lev'.
[StaticMapProbe] opening 'Data\Levels\FinalAlbion\Graveyard_1.lev'.
[StaticMapProbe] opening 'Data\Levels\FinalAlbion\GraveyardCircle.lev'.
[StaticMapProbe] opening 'Data\Levels\FinalAlbion\KrakenChamber.lev'.
[StaticMapProbe] opening 'Data\Levels\FinalAlbion\PrisonCells_1.lev'.
[StaticMapProbe] opening 'Data\Levels\FinalAlbion\PrisonSecretPassage.lev'.
[StaticMapProbe] opening 'Data\Levels\FinalAlbion\PrisonCells_2.lev'.
[StaticMapProbe] opening 'Data\Levels\FinalAlbion\KnotholeGlade.lev'.
[StaticMapProbe] opening 'Data\Levels\FinalAlbion\Arena.lev'.
[StaticMapProbe] opening 'Data\Levels\FinalAlbion\Witchwood.lev'.
[StaticMapProbe] opening 'Data\Levels\FinalAlbion\Witchwood_2.lev'.
[StaticMapProbe] opening 'Data\Levels\FinalAlbion\ArenaCells.lev'.
[StaticMapProbe] opening 'Data\Levels\FinalAlbion\HookCoast.lev'.
[StaticMapProbe] opening 'Data\Levels\FinalAlbion\GraveyardEntrance.lev'.
[StaticMapProbe] opening 'Data\Levels\FinalAlbion\HeroDualAreaCave.lev'.
[StaticMapProbe] opening 'Data\Levels\FinalAlbion\DarkwoodChapel.lev'.
[StaticMapProbe] opening 'Data\Levels\FinalAlbion\Darkwood_3.lev'.
[StaticMapProbe] opening 'Data\Levels\FinalAlbion\Darkwood_4.lev'.
[StaticMapProbe] opening 'Data\Levels\FinalAlbion\Darkwood_5.lev'.
[StaticMapProbe] opening 'Data\Levels\FinalAlbion\Darkwood_6.lev'.
[StaticMapProbe] opening 'Data\Levels\FinalAlbion\Darkwood_7.lev'.
[StaticMapProbe] opening 'Data\Levels\FinalAlbion\Darkwood_8.lev'.
[StaticMapProbe] opening 'Data\Levels\FinalAlbion\Darkwood_9.lev'.
[StaticMapProbe] opening 'Data\Levels\FinalAlbion\Darkwood_10.lev'.
[StaticMapProbe] opening 'Data\Levels\FinalAlbion\Darkwood_11.lev'.
[StaticMapProbe] opening 'Data\Levels\FinalAlbion\BarrowFields.lev'.
[StaticMapProbe] opening 'Data\Levels\FinalAlbion\Witchwood_3.lev'.
[StaticMapProbe] opening 'Data\Levels\FinalAlbion\Witchwood_4.lev'.
[StaticMapProbe] opening 'Data\Levels\FinalAlbion\Witchwood_5.lev'.
[StaticMapProbe] opening 'Data\Levels\FinalAlbion\Witchwood_6.lev'.
[StaticMapProbe] opening 'Data\Levels\FinalAlbion\Witchwood_7.lev'.
[StaticMapProbe] opening 'Data\Levels\FinalAlbion\FrescoDome.lev'.
[StaticMapProbe] opening 'Data\Levels\FinalAlbion\Witchwood_9.lev'.
[StaticMapProbe] opening 'Data\Levels\FinalAlbion\WitchwoodCavern.lev'.
[StaticMapProbe] opening 'Data\Levels\FinalAlbion\HauntedHouse.lev'.
[StaticMapProbe] opening 'Data\Levels\FinalAlbion\PrisonCells_3.lev'.
[StaticMapProbe] opening 'Data\Levels\FinalAlbion\PrisonCourtyard.lev'.
[StaticMapProbe] opening 'Data\Levels\FinalAlbion\KnotholeGladeMainTown.lev'.
[StaticMapProbe] opening 'Data\Levels\FinalAlbion\BanditCampPathEntrance.lev'.
[StaticMapProbe] opening 'Data\Levels\FinalAlbion\Fisherman.lev'.
[StaticMapProbe] opening 'Data\Levels\FinalAlbion\ArenaHallOfHeroes.lev'.
[StaticMapProbe] opening 'Data\Levels\FinalAlbion\ArenaExterior.lev'.
[StaticMapProbe] opening 'Data\Levels\FinalAlbion\GraveyardPath.lev'.
[StaticMapProbe] opening 'Data\Levels\FinalAlbion\TeleporterGreatwood.lev'.
[StaticMapProbe] opening 'Data\Levels\FinalAlbion\Filler01.lev'.
[StaticMapProbe] opening 'Data\Levels\FinalAlbion\BowerstonePosh.lev'.
[StaticMapProbe] opening 'Data\Levels\FinalAlbion\GreatwoodBanditToll.lev'.
[StaticMapProbe] opening 'Data\Levels\FinalAlbion\GraveyardSecretPassage_1.lev'.
[StaticMapProbe] opening 'Data\Levels\FinalAlbion\PrisonBarracks.lev'.
[StaticMapProbe] opening 'Data\Levels\FinalAlbion\PrisonOffice.lev'.
[StaticMapProbe] opening 'Data\Levels\FinalAlbion\PrisonTortureChamber.lev'.
[StaticMapProbe] opening 'Data\Levels\FinalAlbion\HeroGuildComplexInside.lev'.
[StaticMapProbe] opening 'Data\Levels\FinalAlbion\HauntedHouseCellar.lev'.
[StaticMapProbe] opening 'Data\Levels\FinalAlbion\MayorsHouseHallway.lev'.
[StaticMapProbe] opening 'Data\Levels\FinalAlbion\MayorsHouseBedroom.lev'.
[StaticMapProbe] opening 'Data\Levels\FinalAlbion\BowerstoneTavernCellar.lev'.
[StaticMapProbe] opening 'Data\Levels\FinalAlbion\PrisonSecretPassageExterior.lev'.
[StaticMapProbe] opening 'Data\Levels\FinalAlbion\BowerstoneJail.lev'.
[StaticMapProbe] opening 'Data\Levels\FinalAlbion\DesertedFarm.lev'.
[StaticMapProbe] opening 'Data\Levels\FinalAlbion\GibbetWoods.lev'.
[StaticMapProbe] opening 'Data\Levels\FinalAlbion\PrisonIsland.lev'.
[StaticMapProbe] opening 'Data\Levels\FinalAlbion\GraveyardFiller02.lev'.
[StaticMapProbe] opening 'Data\Levels\FinalAlbion\PrisonPath.lev'.
[StaticMapProbe] opening 'Data\Levels\FinalAlbion\PicnicArea_Filler_02.lev'.
[StaticMapProbe] opening 'Data\Levels\FinalAlbion\FrescoCaves.lev'.
[StaticMapProbe] opening 'Data\Levels\FinalAlbion\GuildWoods.lev'.
[StaticMapProbe] opening 'Data\Levels\FinalAlbion\PicnicArea_Filler_01.lev'.
[StaticMapProbe] opening 'Data\Levels\FinalAlbion\GuildExterior.lev'.
[StaticMapProbe] opening 'Data\Levels\FinalAlbion\HobbeCaveEntranceTunnel.lev'.
[StaticMapProbe] opening 'Data\Levels\FinalAlbion\HobbeCaveLarder.lev'.
[StaticMapProbe] opening 'Data\Levels\FinalAlbion\HobbeCaveSideRoom.lev'.
[StaticMapProbe] opening 'Data\Levels\FinalAlbion\HobbeCaveMainChamber.lev'.
[StaticMapProbe] opening 'Data\Levels\FinalAlbion\HobbeCaveNymphChamber.lev'.
[StaticMapProbe] opening 'Data\Levels\FinalAlbion\OrchardFarmFiller_01.lev'.
[StaticMapProbe] opening 'Data\Levels\FinalAlbion\GreatwoodLakeFiller_01.lev'.
[StaticMapProbe] opening 'Data\Levels\FinalAlbion\BanditTollFiller_01.lev'.
[StaticMapProbe] opening 'Data\Levels\FinalAlbion\PicnicArea_Filler_03.lev'.
[StaticMapProbe] opening 'Data\Levels\FinalAlbion\Filler_GrannysHouse_01.lev'.
[StaticMapProbe] opening 'Data\Levels\FinalAlbion\Filler_GrannysHouse_02.lev'.
[StaticMapProbe] opening 'Data\Levels\FinalAlbion\OakVale_Filler_01.lev'.
[StaticMapProbe] opening 'Data\Levels\FinalAlbion\OakVale_Filler_02.lev'.
[StaticMapProbe] opening 'Data\Levels\FinalAlbion\OakVale_Filler_03.lev'.
[StaticMapProbe] opening 'Data\Levels\FinalAlbion\OakVale_Sea_01.lev'.
[StaticMapProbe] opening 'Data\Levels\FinalAlbion\OakVale_Sea_02.lev'.
[StaticMapProbe] opening 'Data\Levels\FinalAlbion\OakVale_Sea_03.lev'.
[StaticMapProbe] opening 'Data\Levels\FinalAlbion\OakVale_Sea_04.lev'.
[StaticMapProbe] opening 'Data\Levels\FinalAlbion\OakVale_Sea_05.lev'.
[StaticMapProbe] opening 'Data\Levels\FinalAlbion\OakVale_Sea_06.lev'.
[StaticMapProbe] opening 'Data\Levels\FinalAlbion\BanditCampPath_Filler_01.lev'.
[StaticMapProbe] opening 'Data\Levels\FinalAlbion\BanditCampPath_Filler_02.lev'.
[StaticMapProbe] opening 'Data\Levels\FinalAlbion\BanditCampPath_Filler_03.lev'.
[StaticMapProbe] opening 'Data\Levels\FinalAlbion\BanditCampPath_Filler_04.lev'.
[StaticMapProbe] opening 'Data\Levels\FinalAlbion\BanditCampPath_Filler_05.lev'.
[StaticMapProbe] opening 'Data\Levels\FinalAlbion\BanditCampPath_Filler_06.lev'.
[StaticMapProbe] opening 'Data\Levels\FinalAlbion\OakVale_Filler_04.lev'.
[StaticMapProbe] opening 'Data\Levels\FinalAlbion\BanditCampPath_Filler_07.lev'.
[StaticMapProbe] opening 'Data\Levels\FinalAlbion\BanditCampPath_Filler_08.lev'.
[StaticMapProbe] opening 'Data\Levels\FinalAlbion\BanditCamp_Filler_01.lev'.
[StaticMapProbe] opening 'Data\Levels\FinalAlbion\BarrowFields_Filler_01.lev'.
[StaticMapProbe] opening 'Data\Levels\FinalAlbion\BanditCamp_Filler_02.lev'.
[StaticMapProbe] opening 'Data\Levels\FinalAlbion\BanditCamp_Filler_03.lev'.
[StaticMapProbe] opening 'Data\Levels\FinalAlbion\BanditCamp_Filler_04.lev'.
[StaticMapProbe] opening 'Data\Levels\FinalAlbion\BanditCamp_Filler_05.lev'.
[StaticMapProbe] opening 'Data\Levels\FinalAlbion\BanditCamp_Filler_06.lev'.
[StaticMapProbe] opening 'Data\Levels\FinalAlbion\BarrowFields_Filler_02.lev'.
[StaticMapProbe] opening 'Data\Levels\FinalAlbion\BarrowFields_Filler_03.lev'.
[StaticMapProbe] opening 'Data\Levels\FinalAlbion\BarrowFields_Filler_04.lev'.
[StaticMapProbe] opening 'Data\Levels\FinalAlbion\BarrowFields_Filler_05.lev'.
[StaticMapProbe] opening 'Data\Levels\FinalAlbion\Witchwood_Filler_01.lev'.
[StaticMapProbe] opening 'Data\Levels\FinalAlbion\Witchwood_Leadout_04.lev'.
[StaticMapProbe] opening 'Data\Levels\FinalAlbion\Witchwood_Filler_03.lev'.
[StaticMapProbe] opening 'Data\Levels\FinalAlbion\Witchwood_Filler_04.lev'.
[StaticMapProbe] opening 'Data\Levels\FinalAlbion\Witchwood_Filler_05.lev'.
[StaticMapProbe] opening 'Data\Levels\FinalAlbion\Witchwood_Filler_06.lev'.
[StaticMapProbe] opening 'Data\Levels\FinalAlbion\Witchwood_Leadout_02.lev'.
[StaticMapProbe] opening 'Data\Levels\FinalAlbion\Witchwood_Leadout_06.lev'.
[StaticMapProbe] opening 'Data\Levels\FinalAlbion\Witchwood_Filler_09.lev'.
[StaticMapProbe] opening 'Data\Levels\FinalAlbion\Witchwood_Filler_10.lev'.
[StaticMapProbe] opening 'Data\Levels\FinalAlbion\Witchwood_Filler_11.lev'.
[StaticMapProbe] opening 'Data\Levels\FinalAlbion\Witchwood_Filler_12.lev'.
[StaticMapProbe] opening 'Data\Levels\FinalAlbion\Witchwood_Filler_13.lev'.
[StaticMapProbe] opening 'Data\Levels\FinalAlbion\BanditCampPath_Filler_09.lev'.
[StaticMapProbe] opening 'Data\Levels\FinalAlbion\Witchwood_Filler_14.lev'.
[StaticMapProbe] opening 'Data\Levels\FinalAlbion\Witchwood_Filler_16.lev'.
[StaticMapProbe] opening 'Data\Levels\FinalAlbion\KnotholeGlade_Filler_01.lev'.
[StaticMapProbe] opening 'Data\Levels\FinalAlbion\KnotholeGlade_Filler_02.lev'.
[StaticMapProbe] opening 'Data\Levels\FinalAlbion\GraveyardFiller01.lev'.
[StaticMapProbe] opening 'Data\Levels\FinalAlbion\GraveyardPathFiller01.lev'.
[StaticMapProbe] opening 'Data\Levels\FinalAlbion\GraveyardPathFiller02.lev'.
[StaticMapProbe] opening 'Data\Levels\FinalAlbion\GraveyardPathFiller03.lev'.
[StaticMapProbe] opening 'Data\Levels\FinalAlbion\GibbetWoodsFiller01.lev'.
[StaticMapProbe] opening 'Data\Levels\FinalAlbion\GibbetWoodsFiller02.lev'.
[StaticMapProbe] opening 'Data\Levels\FinalAlbion\PrisonPathFiller01.lev'.
[StaticMapProbe] opening 'Data\Levels\FinalAlbion\Witchwood_Filler_15.lev'.
[StaticMapProbe] opening 'Data\Levels\FinalAlbion\HauntedHouse_Filler_01.lev'.
[StaticMapProbe] opening 'Data\Levels\FinalAlbion\Darkwood10_Leadout_01.lev'.
[StaticMapProbe] opening 'Data\Levels\FinalAlbion\Darkwood9_Leadout_01.lev'.
[StaticMapProbe] opening 'Data\Levels\FinalAlbion\Darkwood8_Leadout_01.lev'.
[StaticMapProbe] opening 'Data\Levels\FinalAlbion\Darkwood7_Leadout_01.lev'.
[StaticMapProbe] opening 'Data\Levels\FinalAlbion\Darkwood7_Leadout_02.lev'.
[StaticMapProbe] opening 'Data\Levels\FinalAlbion\Darkwood7_Leadout_03.lev'.
[StaticMapProbe] opening 'Data\Levels\FinalAlbion\DarkwoodChapel_Leadout_01.lev'.
[StaticMapProbe] opening 'Data\Levels\FinalAlbion\Darkwood6_Leadout_01.lev'.
[StaticMapProbe] opening 'Data\Levels\FinalAlbion\Darkwood5_Leadout_01.lev'.
[StaticMapProbe] opening 'Data\Levels\FinalAlbion\Darkwood4_Leadout_01.lev'.
[StaticMapProbe] opening 'Data\Levels\FinalAlbion\Darkwood3_Leadout_01.lev'.
[StaticMapProbe] opening 'Data\Levels\FinalAlbion\Darkwood_Leadout_01.lev'.
[StaticMapProbe] opening 'Data\Levels\FinalAlbion\Darkwood_Leadout_02.lev'.
[StaticMapProbe] opening 'Data\Levels\FinalAlbion\BanditCampPath_Filler_10.lev'.
[StaticMapProbe] opening 'Data\Levels\FinalAlbion\BanditCampPath_Filler_11.lev'.
[StaticMapProbe] opening 'Data\Levels\FinalAlbion\Witchwood_Filler_24.lev'.
[StaticMapProbe] opening 'Data\Levels\FinalAlbion\Witchwood_Filler_18.lev'.
[StaticMapProbe] opening 'Data\Levels\FinalAlbion\Witchwood_Leadout_03.lev'.
[StaticMapProbe] opening 'Data\Levels\FinalAlbion\Witchwood_Leadout_05.lev'.
[StaticMapProbe] opening 'Data\Levels\FinalAlbion\Witchwood_Filler_21.lev'.
[StaticMapProbe] opening 'Data\Levels\FinalAlbion\Witchwood_Filler_22.lev'.
[StaticMapProbe] opening 'Data\Levels\FinalAlbion\Darkwood_Filler_01.lev'.
[StaticMapProbe] opening 'Data\Levels\FinalAlbion\Darkwood_Filler_02.lev'.
[StaticMapProbe] opening 'Data\Levels\FinalAlbion\Darkwood_Filler_03.lev'.
[StaticMapProbe] opening 'Data\Levels\FinalAlbion\Darkwood_Filler_04.lev'.
[StaticMapProbe] opening 'Data\Levels\FinalAlbion\Darkwood_Filler_05.lev'.
[StaticMapProbe] opening 'Data\Levels\FinalAlbion\Darkwood_Filler_06.lev'.
[StaticMapProbe] opening 'Data\Levels\FinalAlbion\Darkwood_Filler_07.lev'.
[StaticMapProbe] opening 'Data\Levels\FinalAlbion\Darkwood_Filler_08.lev'.
[StaticMapProbe] opening 'Data\Levels\FinalAlbion\Darkwood_Filler_09.lev'.
[StaticMapProbe] opening 'Data\Levels\FinalAlbion\Darkwood_Filler_10.lev'.
[StaticMapProbe] opening 'Data\Levels\FinalAlbion\Darkwood_Filler_11.lev'.
[StaticMapProbe] opening 'Data\Levels\FinalAlbion\Darkwood_Filler_12.lev'.
[StaticMapProbe] opening 'Data\Levels\FinalAlbion\Darkwood_Filler_13.lev'.
[StaticMapProbe] opening 'Data\Levels\FinalAlbion\Darkwood_Filler_14.lev'.
[StaticMapProbe] opening 'Data\Levels\FinalAlbion\Darkwood_Filler_15.lev'.
[StaticMapProbe] opening 'Data\Levels\FinalAlbion\Darkwood_Filler_16.lev'.
[StaticMapProbe] opening 'Data\Levels\FinalAlbion\Darkwood_Filler_17.lev'.
[StaticMapProbe] opening 'Data\Levels\FinalAlbion\Darkwood_Filler_18.lev'.
[StaticMapProbe] opening 'Data\Levels\FinalAlbion\Darkwood_Filler_19.lev'.
[StaticMapProbe] opening 'Data\Levels\FinalAlbion\Darkwood_Filler_20.lev'.
[StaticMapProbe] opening 'Data\Levels\FinalAlbion\Darkwood_Filler_21.lev'.
[StaticMapProbe] opening 'Data\Levels\FinalAlbion\Darkwood_Filler_22.lev'.
[StaticMapProbe] opening 'Data\Levels\FinalAlbion\Darkwood_Filler_23.lev'.
[StaticMapProbe] opening 'Data\Levels\FinalAlbion\Darkwood_Filler_24.lev'.
[StaticMapProbe] opening 'Data\Levels\FinalAlbion\Darkwood_Filler_25.lev'.
[StaticMapProbe] opening 'Data\Levels\FinalAlbion\Darkwood_Filler_26.lev'.
[StaticMapProbe] opening 'Data\Levels\FinalAlbion\Darkwood_Filler_27.lev'.
[StaticMapProbe] opening 'Data\Levels\FinalAlbion\Darkwood_Filler_28.lev'.
[StaticMapProbe] opening 'Data\Levels\FinalAlbion\StartOakValeWest.lev'.
[StaticMapProbe] opening 'Data\Levels\FinalAlbion\StartOakValeEast.lev'.
[StaticMapProbe] opening 'Data\Levels\FinalAlbion\StartOakvaleMemorialGarden.lev'.
[StaticMapProbe] opening 'Data\Levels\FinalAlbion\Witchwood_Leadout_01.lev'.
[StaticMapProbe] opening 'Data\Levels\FinalAlbion\Witchwood_Filler_26.lev'.
[StaticMapProbe] opening 'Data\Levels\FinalAlbion\Witchwood_Filler_25.lev'.
[StaticMapProbe] opening 'Data\Levels\FinalAlbion\Darkwood_Filler_29.lev'.
[StaticMapProbe] opening 'Data\Levels\FinalAlbion\Darkwood_Filler_30.lev'.
[StaticMapProbe] opening 'Data\Levels\FinalAlbion\KnotholeGlade_Leadout_01.lev'.
[StaticMapProbe] opening 'Data\Levels\FinalAlbion\KnotholeGlade_Leadout_02.lev'.
[StaticMapProbe] opening 'Data\Levels\FinalAlbion\Witchwood_Filler_27.lev'.
[StaticMapProbe] opening 'Data\Levels\FinalAlbion\KnotholeGlade_Filler_03.lev'.
[StaticMapProbe] opening 'Data\Levels\FinalAlbion\Witchwood_Filler_28.lev'.
[StaticMapProbe] opening 'Data\Levels\FinalAlbion\Witchwood_Filler_29.lev'.
[StaticMapProbe] opening 'Data\Levels\FinalAlbion\Witchwood_Leadout_08.lev'.
[StaticMapProbe] opening 'Data\Levels\FinalAlbion\Arena_Leadout_01.lev'.
[StaticMapProbe] opening 'Data\Levels\FinalAlbion\Arena_Filler_02.lev'.
[StaticMapProbe] opening 'Data\Levels\FinalAlbion\Arena_Filler_01.lev'.
[StaticMapProbe] opening 'Data\Levels\FinalAlbion\Darkwood_Filler_31.lev'.
[StaticMapProbe] opening 'Data\Levels\FinalAlbion\BarrowFields_Filler_07.lev'.
[StaticMapProbe] opening 'Data\Levels\FinalAlbion\Greatwood_Filler_01.lev'.
[StaticMapProbe] opening 'Data\Levels\FinalAlbion\Greatwood_Filler_02.lev'.
[StaticMapProbe] opening 'Data\Levels\FinalAlbion\Greatwood_Filler_03.lev'.
[StaticMapProbe] opening 'Data\Levels\FinalAlbion\Greatwood_Filler_04.lev'.
[StaticMapProbe] opening 'Data\Levels\FinalAlbion\Greatwood_Filler_05.lev'.
[StaticMapProbe] opening 'Data\Levels\FinalAlbion\Greatwood_Filler_06.lev'.
[StaticMapProbe] opening 'Data\Levels\FinalAlbion\Greatwood_Filler_07.lev'.
[StaticMapProbe] opening 'Data\Levels\FinalAlbion\Greatwood_Filler_08.lev'.
[StaticMapProbe] opening 'Data\Levels\FinalAlbion\Greatwood_Filler_09.lev'.
[StaticMapProbe] opening 'Data\Levels\FinalAlbion\OrchardFarm_Filler_01.lev'.
[StaticMapProbe] opening 'Data\Levels\FinalAlbion\OrchardFarm_Filler_02.lev'.
[StaticMapProbe] opening 'Data\Levels\FinalAlbion\Witchwood_Filler_30.lev'.
[StaticMapProbe] opening 'Data\Levels\FinalAlbion\Witchwood_Filler_31.lev'.
[StaticMapProbe] opening 'Data\Levels\FinalAlbion\Bowerstone_Filler_01.lev'.
[StaticMapProbe] opening 'Data\Levels\FinalAlbion\Bowerstone_Filler_02.lev'.
[StaticMapProbe] opening 'Data\Levels\FinalAlbion\Bowerstone_Filler_03.lev'.
[StaticMapProbe] opening 'Data\Levels\FinalAlbion\Bowerstone_Filler_04.lev'.
[StaticMapProbe] opening 'Data\Levels\FinalAlbion\Bowerstone_Filler_05.lev'.
[StaticMapProbe] opening 'Data\Levels\FinalAlbion\LookoutPoint_Filler_01.lev'.
[StaticMapProbe] opening 'Data\Levels\FinalAlbion\LookoutPoint_Filler_04.lev'.
[StaticMapProbe] opening 'Data\Levels\FinalAlbion\Hookcoast_Filler_01.lev'.
[StaticMapProbe] opening 'Data\Levels\FinalAlbion\Hookcoast_Filler_02.lev'.
[StaticMapProbe] opening 'Data\Levels\FinalAlbion\LookoutPoint_Filler_05.lev'.
[StaticMapProbe] opening 'Data\Levels\FinalAlbion\LookoutPoint_Filler_02.lev'.
[StaticMapProbe] opening 'Data\Levels\FinalAlbion\LookoutPoint_Filler_03.lev'.
[StaticMapProbe] opening 'Data\Levels\FinalAlbion\BowerstoneSlums_Filler_01.lev'.
[StaticMapProbe] opening 'Data\Levels\FinalAlbion\BowerstoneSlums_Filler_02.lev'.
[StaticMapProbe] opening 'Data\Levels\FinalAlbion\BowerstoneSlums_Filler_03.lev'.
[StaticMapProbe] opening 'Data\Levels\FinalAlbion\DragonCliff_02.lev'.
[StaticMapProbe] opening 'Data\Levels\FinalAlbion\LookoutPoint_Filler_06.lev'.
[StaticMapProbe] opening 'Data\Levels\FinalAlbion\DesertedFarm_Leadout_01.lev'.
[StaticMapProbe] opening 'Data\Levels\FinalAlbion\GibbetWoods_Leadout_01.lev'.
[StaticMapProbe] opening 'Data\Levels\FinalAlbion\Bowerstone_Filler_06.lev'.
[StaticMapProbe] opening 'Data\Levels\FinalAlbion\BowerstoneJail_Filler_01.lev'.
[StaticMapProbe] opening 'Data\Levels\FinalAlbion\BowerstoneJail_Filler_02.lev'.
[StaticMapProbe] opening 'Data\Levels\FinalAlbion\DesertedFarm_Filler_01.lev'.
[StaticMapProbe] opening 'Data\Levels\FinalAlbion\DesertedFarm_Filler_02.lev'.
[StaticMapProbe] opening 'Data\Levels\FinalAlbion\ExecutionTree_Filler_01.lev'.
[StaticMapProbe] opening 'Data\Levels\FinalAlbion\DemonDoor_BanditCampPath.lev'.
[StaticMapProbe] opening 'Data\Levels\FinalAlbion\DemonDoor_Barrowfields.lev'.
[StaticMapProbe] opening 'Data\Levels\FinalAlbion\DemonDoor_DarkwoodSporeSwamp.lev'.
[StaticMapProbe] opening 'Data\Levels\FinalAlbion\DemonDoor_GreatwoodBanditToll.lev'.
[StaticMapProbe] opening 'Data\Levels\FinalAlbion\DemonDoor_GreatwoodCaves.lev'.
[StaticMapProbe] opening 'Data\Levels\FinalAlbion\DemonDoor_GreatwoodGrannysHouse.lev'.
[StaticMapProbe] opening 'Data\Levels\FinalAlbion\DemonDoor_HauntedHouse.lev'.
[StaticMapProbe] opening 'Data\Levels\FinalAlbion\DemonDoor_Guild.lev'.
[StaticMapProbe] opening 'Data\Levels\FinalAlbion\DemonDoor_KnotholeGlade.lev'.
[StaticMapProbe] opening 'Data\Levels\FinalAlbion\HeroGuild_Filler_01.lev'.
[StaticMapProbe] opening 'Data\Levels\FinalAlbion\HeroGuild_Filler_02.lev'.
[StaticMapProbe] opening 'Data\Levels\FinalAlbion\HeroGuild_Filler_03.lev'.
[StaticMapProbe] opening 'Data\Levels\FinalAlbion\HookCoast_Filler_03.lev'.
[StaticMapProbe] opening 'Data\Levels\FinalAlbion\DesertedFarm_Filler_03.lev'.
[StaticMapProbe] opening 'Data\Levels\FinalAlbion\HeroGuild_Filler_04.lev'.
[StaticMapProbe] opening 'Data\Levels\FinalAlbion\HeroGuild_Filler_05.lev'.
[StaticMapProbe] opening 'Data\Levels\FinalAlbion\PrisonSecretPassageExterior_Filler_01.lev'.
[StaticMapProbe] opening 'Data\Levels\FinalAlbion\HeroGuild_Filler_06.lev'.
[StaticMapProbe] opening 'Data\Levels\FinalAlbion\PrisonPath_Leadout_01.lev'.
[StaticMapProbe] opening 'Data\Levels\FinalAlbion\HauntedHouse_Filler_02.lev'.
[StaticMapProbe] opening 'Data\Levels\FinalAlbion\GraveyardFiller03.lev'.
[StaticMapProbe] opening 'Data\Levels\FinalAlbion\ExecutionTree_Filler_02.lev'.
[StaticMapProbe] opening 'Data\Levels\FinalAlbion\Darkwood_Filler_32.lev'.
[StaticMapProbe] opening 'Data\Levels\FinalAlbion\BanditCampPath_Filler_12.lev'.
[StaticMapProbe] opening 'Data\Levels\FinalAlbion\StartOakVale_Filler_02.lev'.
[StaticMapProbe] opening 'Data\Levels\FinalAlbion\StartOakVale_Sea_01.lev'.
[StaticMapProbe] opening 'Data\Levels\FinalAlbion\StartOakVale_Sea_02.lev'.
[StaticMapProbe] opening 'Data\Levels\FinalAlbion\StartOakVale_Sea_03.lev'.
[StaticMapProbe] opening 'Data\Levels\FinalAlbion\StartOakVale_Filler_03.lev'.
[StaticMapProbe] opening 'Data\Levels\FinalAlbion\StartOakVale_Sea_04.lev'.
[StaticMapProbe] opening 'Data\Levels\FinalAlbion\StartOakVale_Filler_04.lev'.
[StaticMapProbe] opening 'Data\Levels\FinalAlbion\StartOakVale_Filler_01.lev'.
[StaticMapProbe] opening 'Data\Levels\FinalAlbion\StartOakVale_Filler_05.lev'.
[StaticMapProbe] opening 'Data\Levels\FinalAlbion\DemonDoor_BanditCampPath_Filler_01.lev'.
[StaticMapProbe] opening 'Data\Levels\FinalAlbion\DemonDoor_BanditCampPath_Filler_02.lev'.
[StaticMapProbe] opening 'Data\Levels\FinalAlbion\DemonDoor_BanditCampPath_Filler_03.lev'.
[StaticMapProbe] opening 'Data\Levels\FinalAlbion\DemonDoor_BanditCampPath_Filler_04.lev'.
[StaticMapProbe] opening 'Data\Levels\FinalAlbion\DemonDoor_Barrowfields_Filler_01.lev'.
[StaticMapProbe] opening 'Data\Levels\FinalAlbion\DemonDoor_Barrowfields_Filler_02.lev'.
[StaticMapProbe] opening 'Data\Levels\FinalAlbion\DemonDoor_Barrowfields_Filler_03.lev'.
[StaticMapProbe] opening 'Data\Levels\FinalAlbion\DemonDoor_Barrowfields_Filler_04.lev'.
[StaticMapProbe] opening 'Data\Levels\FinalAlbion\DemonDoor_HauntedHouse_Filler_01.lev'.
[StaticMapProbe] opening 'Data\Levels\FinalAlbion\DemonDoor_HauntedHouse_Filler_02.lev'.
[StaticMapProbe] opening 'Data\Levels\FinalAlbion\DemonDoor_HauntedHouse_Filler_03.lev'.
[StaticMapProbe] opening 'Data\Levels\FinalAlbion\DemonDoor_HauntedHouse_Filler_04.lev'.
[StaticMapProbe] opening 'Data\Levels\FinalAlbion\DemonDoor_DarkwoodSporeSwamp_Filler_01.lev'.
[StaticMapProbe] opening 'Data\Levels\FinalAlbion\DemonDoor_DarkwoodSporeSwamp_Filler_02.lev'.
[StaticMapProbe] opening 'Data\Levels\FinalAlbion\DemonDoor_DarkwoodSporeSwamp_Filler_03.lev'.
[StaticMapProbe] opening 'Data\Levels\FinalAlbion\DemonDoor_DarkwoodSporeSwamp_Filler_04.lev'.
[StaticMapProbe] opening 'Data\Levels\FinalAlbion\DemonDoor_GreatwoodBanditTol_Filler_01.lev'.
[StaticMapProbe] opening 'Data\Levels\FinalAlbion\DemonDoor_GreatwoodBanditTol_Filler_02.lev'.
[StaticMapProbe] opening 'Data\Levels\FinalAlbion\DemonDoor_GreatwoodBanditTol_Filler_03.lev'.
[StaticMapProbe] opening 'Data\Levels\FinalAlbion\DemonDoor_GreatwoodBanditTol_Filler_04.lev'.
[StaticMapProbe] opening 'Data\Levels\FinalAlbion\DemonDoor_GreatwoodCaves_Filler_01.lev'.
[StaticMapProbe] opening 'Data\Levels\FinalAlbion\DemonDoor_GreatwoodCaves_Filler_02.lev'.
[StaticMapProbe] opening 'Data\Levels\FinalAlbion\DemonDoor_GreatwoodCaves_Filler_03.lev'.
[StaticMapProbe] opening 'Data\Levels\FinalAlbion\DemonDoor_GreatwoodCaves_Filler_04.lev'.
[StaticMapProbe] opening 'Data\Levels\FinalAlbion\DemonDoor_KnotholeGlade_Filler_01.lev'.
[StaticMapProbe] opening 'Data\Levels\FinalAlbion\DemonDoor_KnotholeGlade_Filler_02.lev'.
[StaticMapProbe] opening 'Data\Levels\FinalAlbion\DemonDoor_KnotholeGlade_Filler_03.lev'.
[StaticMapProbe] opening 'Data\Levels\FinalAlbion\DemonDoor_KnotholeGlade_Filler_04.lev'.
[StaticMapProbe] opening 'Data\Levels\FinalAlbion\DemonDoor_Guild_Filler_01.lev'.
[StaticMapProbe] opening 'Data\Levels\FinalAlbion\DemonDoor_Guild_Filler_02.lev'.
[StaticMapProbe] opening 'Data\Levels\FinalAlbion\DemonDoor_Guild_Filler_03.lev'.
[StaticMapProbe] opening 'Data\Levels\FinalAlbion\DemonDoor_Guild_Filler_04.lev'.
[StaticMapProbe] opening 'Data\Levels\creature_hub.lev'.
[StaticMapProbe] opening 'Data\Levels\FinalAlbion\PrisonPathFiller02.lev'.
[StaticMapProbe] opening 'Data\Levels\FinalAlbion\DesertedFarm_Filler_04.lev'.
[StaticMapProbe] opening 'Data\Levels\FinalAlbion\LookoutPoint_Filler_07.lev'.
[StaticMapProbe] opening 'Data\Levels\FinalAlbion\HobbeCaveNymphFocal.lev'.
[StaticMapProbe] opening 'Data\Levels\FinalAlbion\GraveyardPathFiller04.lev'.
[StaticMapProbe] opening 'Data\Levels\FinalAlbion\BanditCampPath_Filler_13.lev'.
[StaticMapProbe] opening 'Data\Levels\FinalAlbion\HookCoast_Sea_01.lev'.
[StaticMapProbe] opening 'Data\Levels\FinalAlbion\HookCoast_Sea_02.lev'.
[StaticMapProbe] opening 'Data\Levels\FinalAlbion\Witchwood_Filler_07.lev'.
[StaticMapProbe] opening 'Data\Levels\FinalAlbion\OakValeWest_v2.lev'.
[StaticMapProbe] opening 'Data\Levels\FinalAlbion\OakValeEast_v2.lev'.
[StaticMapProbe] opening 'Data\Levels\FinalAlbion\OakvaleMemorialGarden_v2.lev'.
[StaticMapProbe] opening 'Data\Levels\FinalAlbion\BowerstoneSlums_v2.lev'.
[StaticMapProbe] opening 'Data\Levels\FinalAlbion\OakvaleFiller_07.lev'.
[StaticMapProbe] opening 'Data\Levels\FinalAlbion\SnowspireVillage.lev'.
[StaticMapProbe] opening 'Data\Levels\FinalAlbion\NorthernWastes3.lev'.
[StaticMapProbe] opening 'Data\Levels\FinalAlbion\NorthernWastes2.lev'.
[StaticMapProbe] opening 'Data\Levels\FinalAlbion\NorthernWastes1.lev'.
[StaticMapProbe] opening 'Data\Levels\FinalAlbion\LostBay.lev'.
[StaticMapProbe] opening 'Data\Levels\FinalAlbion\LostBay_Leadout_01.lev'.
[StaticMapProbe] opening 'Data\Levels\FinalAlbion\NorthernWastes1_Leadout_01.lev'.
[StaticMapProbe] opening 'Data\Levels\FinalAlbion\NorthernWastes3_Leadout_03.lev'.
[StaticMapProbe] opening 'Data\Levels\FinalAlbion\NorthernWastes3_Leadout_01.lev'.
[StaticMapProbe] opening 'Data\Levels\FinalAlbion\NorthernWastes3_Leadout_02.lev'.
[StaticMapProbe] opening 'Data\Levels\FinalAlbion\Bordello.lev'.
[StaticMapProbe] opening 'Data\Levels\FinalAlbion\DemonDoor_LookoutPoint.lev'.
[StaticMapProbe] opening 'Data\Levels\FinalAlbion\Bordello_Filler_04.lev'.
[StaticMapProbe] opening 'Data\Levels\FinalAlbion\Bordello_Filler_01.lev'.
[StaticMapProbe] opening 'Data\Levels\FinalAlbion\Bordello_Filler_02.lev'.
[StaticMapProbe] opening 'Data\Levels\FinalAlbion\Bordello_Filler_03.lev'.
[StaticMapProbe] opening 'Data\Levels\FinalAlbion\LostBay_Filler_01.lev'.
[StaticMapProbe] opening 'Data\Levels\FinalAlbion\LostBay_Filler_02.lev'.
[StaticMapProbe] opening 'Data\Levels\FinalAlbion\NorthernWastes1_Filler_01.lev'.
[StaticMapProbe] opening 'Data\Levels\FinalAlbion\LostBay_Filler_03.lev'.
[StaticMapProbe] opening 'Data\Levels\FinalAlbion\LostBay_Filler_04.lev'.
[StaticMapProbe] opening 'Data\Levels\FinalAlbion\LostBay_Filler_05.lev'.
[StaticMapProbe] opening 'Data\Levels\FinalAlbion\NorthernWastes1_Filler_02.lev'.
[StaticMapProbe] opening 'Data\Levels\FinalAlbion\NorthernWastes1_Filler_03.lev'.
[StaticMapProbe] opening 'Data\Levels\FinalAlbion\NorthernWastes1_Filler_04.lev'.
[StaticMapProbe] opening 'Data\Levels\FinalAlbion\LostBay_Filler_06.lev'.
[StaticMapProbe] opening 'Data\Levels\FinalAlbion\NorthernWastes3_Filler_01.lev'.
[StaticMapProbe] opening 'Data\Levels\FinalAlbion\NorthernWastes3_Filler_02.lev'.
[StaticMapProbe] opening 'Data\Levels\FinalAlbion\NorthernWastes3_Filler_03.lev'.
[StaticMapProbe] opening 'Data\Levels\FinalAlbion\NorthernWastes3_Filler_04.lev'.
[StaticMapProbe] opening 'Data\Levels\FinalAlbion\NorthernWastes3_Filler_05.lev'.
[StaticMapProbe] opening 'Data\Levels\FinalAlbion\NorthernWastes3_Filler_06.lev'.
[StaticMapProbe] opening 'Data\Levels\FinalAlbion\NorthernWastes3_Filler_07.lev'.
[StaticMapProbe] opening 'Data\Levels\FinalAlbion\DragonCliff_Filler_01.lev'.
[StaticMapProbe] opening 'Data\Levels\FinalAlbion\DragonCliff_Filler_02.lev'.
[StaticMapProbe] opening 'Data\Levels\FinalAlbion\DragonCliff_Filler_03.lev'.
[StaticMapProbe] opening 'Data\Levels\FinalAlbion\DragonCliff_Filler_04.lev'.
[StaticMapProbe] opening 'Data\Levels\FinalAlbion\DemonDoor_Bordello.lev'.
[StaticMapProbe] opening 'Data\Levels\FinalAlbion\DemonDoor_Bordello_Filler_01.lev'.
[StaticMapProbe] opening 'Data\Levels\FinalAlbion\DemonDoor_Bordello_Filler_02.lev'.
[StaticMapProbe] opening 'Data\Levels\FinalAlbion\DemonDoor_Bordello_Filler_03.lev'.
[StaticMapProbe] opening 'Data\Levels\FinalAlbion\DemonDoor_Bordello_Filler_04.lev'.
[StaticMapProbe] opening 'Data\Levels\FinalAlbion\DemonDoor_Necropolis.lev'.
[StaticMapProbe] opening 'Data\Levels\FinalAlbion\DemonDoor_Necropolis_Filler_01.lev'.
[StaticMapProbe] opening 'Data\Levels\FinalAlbion\DemonDoor_Necropolis_Filler_02.lev'.
[StaticMapProbe] opening 'Data\Levels\FinalAlbion\DemonDoor_Necropolis_Filler_03.lev'.
[StaticMapProbe] opening 'Data\Levels\FinalAlbion\DemonDoor_Necropolis_Filler_04.lev'.
[StaticMapProbe] opening 'Data\Levels\FinalAlbion\SnowspireVillage_Filler_01.lev'.
[StaticMapProbe] opening 'Data\Levels\FinalAlbion\SnowspireVillage_Filler_02.lev'.
[StaticMapProbe] opening 'Data\Levels\FinalAlbion\SnowspireVillage_Filler_03.lev'.
[StaticMapProbe] opening 'Data\Levels\FinalAlbion\NorthernWastes1_Filler_05.lev'.
[StaticMapProbe] opening 'Data\Levels\FinalAlbion\SnowspireVillage_Vista_01.lev'.
[StaticMapProbe] opening 'Data\Levels\FinalAlbion\DragonCliff_Vista_01.lev'.
[StaticMapProbe] opening 'Data\Levels\FinalAlbion\DragonCliff_Vista_02.lev'.
[StaticMapProbe] opening 'Data\Levels\FinalAlbion\NorthernWastes1_Filler_06.lev'.
[StaticMapProbe] opening 'Data\Levels\FinalAlbion\LostBay_Filler_07.lev'.
[StaticMapProbe] opening 'Data\Levels\FinalAlbion\NorthernWastes3_Filler_08.lev'.
[StaticMapProbe] opening 'Data\Levels\FinalAlbion\NorthernWastes3_Filler_09.lev'.
[StaticMapProbe] opening 'Data\Levels\FinalAlbion\ForgeTest64.lev'.
[StaticMapProbe] opened state=1 bankIndex=426 bounds=(3328,2304,72)..(3392,2368,83.962)
    [LuaManager] Registering all C++ bindings in new state...
    'Quest','CScriptThing' and 'CPersistContext' usertypes created and bound in Lua.
    LuaQuestState object created.
    (Quest) LuaQuestHost for 'NewOakValeIntro/NewOakValeIntro' created, owning its state AND isolated Lua VM (Fiber-to-Lua-Thread enabled).
--- Quest 'NewOakValeIntro/NewOakValeIntro': C++ Init() phase ---
    Loading quest script from: C:\Programs\Steam\steamapps\common\Fable The Lost Chapters/FSE/NewOakValeIntro/NewOakValeIntro.lua
[NewOakValeIntro/NewOakValeIntro] Registered game timer with ID: 1
[NewOakValeIntro/NewOakValeIntro] Registered game timer with ID: 2
--- Quest 'NewOakValeIntro/NewOakValeIntro': C++ Main() phase ---
[NewOakValeIntro/NewOakValeIntro] NOVI_AUTHORITY activeName=Q_NewOakValeIntro native=true legacy=false
[NewOakValeIntro/NewOakValeIntro] Binding entity 'NOVI_LiveFather' to script 'NewOakValeIntro/Entities/NOVI_LiveFather'...
[NewOakValeIntro/NewOakValeIntro] Binding entity 'NOVI_Theresa' to script 'NewOakValeIntro/Entities/NOVI_Theresa'...
[NewOakValeIntro/NewOakValeIntro] Binding entity 'NOVI_Guard' to script 'NewOakValeIntro/Entities/NOVI_Guard'...
[NewOakValeIntro/NewOakValeIntro] Binding entity 'NOVI_Villager' to script 'NewOakValeIntro/Entities/NOVI_Villager'...
[NewOakValeIntro/NewOakValeIntro] Binding entity 'NOVI_Bully' to script 'NewOakValeIntro/Entities/NOVI_Bully'...
[NewOakValeIntro/NewOakValeIntro] Binding entity 'NOVI_Victim' to script 'NewOakValeIntro/Entities/NOVI_Victim'...
[NewOakValeIntro/NewOakValeIntro] Binding entity 'NOVI_TeddyGirl' to script 'NewOakValeIntro/Entities/NOVI_TeddyGirl'...
[NewOakValeIntro/NewOakValeIntro] Binding entity 'NOVI_AffairMan' to script 'NewOakValeIntro/Entities/NOVI_AffairMan'...
[NewOakValeIntro/NewOakValeIntro] Binding entity 'NOVI_AffairWoman' to script 'NewOakValeIntro/Entities/NOVI_AffairWoman'...
[NewOakValeIntro/NewOakValeIntro] Binding entity 'NOVI_AffairWife' to script 'NewOakValeIntro/Entities/NOVI_AffairWife'...
[NewOakValeIntro/NewOakValeIntro] Binding entity 'NOVI_BookTrader' to script 'NewOakValeIntro/Entities/NOVI_BookTrader'...
[NewOakValeIntro/NewOakValeIntro] Binding entity 'NOVI_BarrelMan' to script 'NewOakValeIntro/Entities/NOVI_BarrelMan'...
[NewOakValeIntro/NewOakValeIntro] Binding entity 'NOVI_BarrelThug' to script 'NewOakValeIntro/Entities/NOVI_BarrelThug'...
[NewOakValeIntro/NewOakValeIntro] Binding entity 'NOVI_Barrel' to script 'NewOakValeIntro/Entities/NOVI_Barrel'...
[NewOakValeIntro/NewOakValeIntro] Binding entity 'NOVI_CreatedBeetle' to script 'NewOakValeIntro/Entities/NOVI_CreatedBeetle'...
[NewOakValeIntro/NewOakValeIntro] Binding entity 'OVI_DeadFather' to script 'NewOakValeIntro/Entities/OVI_DeadFather'...
[NewOakValeIntro/NewOakValeIntro] Finalizing all entity bindings...
[NewOakValeIntro/NewOakValeIntro]     Binding successful.
[NewOakValeIntro/NewOakValeIntro]     Binding successful.
[NewOakValeIntro/NewOakValeIntro]     Binding successful.
[NewOakValeIntro/NewOakValeIntro]     Binding successful.
[NewOakValeIntro/NewOakValeIntro]     Binding successful.
[NewOakValeIntro/NewOakValeIntro]     Binding successful.
[NewOakValeIntro/NewOakValeIntro]     Binding successful.
[NewOakValeIntro/NewOakValeIntro]     Binding successful.
[NewOakValeIntro/NewOakValeIntro]     Binding successful.
[NewOakValeIntro/NewOakValeIntro]     Binding successful.
[NewOakValeIntro/NewOakValeIntro]     Binding successful.
[NewOakValeIntro/NewOakValeIntro]     Binding successful.
[NewOakValeIntro/NewOakValeIntro]     Binding successful.
[NewOakValeIntro/NewOakValeIntro]     Binding successful.
[NewOakValeIntro/NewOakValeIntro]     Binding successful.
[NewOakValeIntro/NewOakValeIntro]     Binding successful.
[NewOakValeIntro/NewOakValeIntro]     Finalization complete.
    Thread 'StartBarrelTimer' registered in slot #0 for region ''
    Thread 'WatchBarrels' registered in slot #1 for region ''
    Thread 'WatchForGotGold' registered in slot #2 for region ''
    Thread 'ManageQuestCoreMarkers' registered in slot #3 for region ''
[EntityAllocator<13>] === ENTRY ===
[EntityAllocator<13>] Script: NewOakValeIntro/Entities/NOVI_Barrel
[EntityAllocator<13>] Creating LuaEntityHost...
    [LuaManager] Registered entity script data for host at 0x119d7a08
    [LuaManager] Registering all C++ bindings in new state...
    'Quest','CScriptThing' and 'CPersistContext' usertypes created and bound in Lua.
[EntityAllocator<13>] LuaEntityHost created: this = 0x119d7a08
[EntityAllocator<13>] Allocating RefCount block...
[EntityAllocator<13>] RefCount block created successfully (using CustomEntityHostDeleter).
[EntityAllocator<13>] === EXIT ===
    Loading entity script from: C:\Programs\Steam\steamapps\common\Fable The Lost Chapters/FSE/NewOakValeIntro/Entities/NOVI_Barrel.lua
    [LuaEntityHost::Init] Script file loaded for 'NewOakValeIntro/Entities/NOVI_Barrel'.
    [LuaEntityHost::Init] Lifecycle functions resolved for 'NewOakValeIntro/Entities/NOVI_Barrel'.
    [LuaEntityHost::Init] >>>>> ENTERING LUA INIT for 'NewOakValeIntro/Entities/NOVI_Barrel' <<<<<
    [LuaEntityHost::Init] >>>>> EXITED LUA INIT for 'NewOakValeIntro/Entities/NOVI_Barrel' <<<<<
[EntityAllocator<13>] === ENTRY ===
[EntityAllocator<13>] Script: NewOakValeIntro/Entities/NOVI_Barrel
[EntityAllocator<13>] Creating LuaEntityHost...
    [LuaManager] Registered entity script data for host at 0x1500e9e0
    [LuaManager] Registering all C++ bindings in new state...
    'Quest','CScriptThing' and 'CPersistContext' usertypes created and bound in Lua.
[EntityAllocator<13>] LuaEntityHost created: this = 0x1500e9e0
[EntityAllocator<13>] Allocating RefCount block...
[EntityAllocator<13>] RefCount block created successfully (using CustomEntityHostDeleter).
[EntityAllocator<13>] === EXIT ===
    Loading entity script from: C:\Programs\Steam\steamapps\common\Fable The Lost Chapters/FSE/NewOakValeIntro/Entities/NOVI_Barrel.lua
    [LuaEntityHost::Init] Script file loaded for 'NewOakValeIntro/Entities/NOVI_Barrel'.
    [LuaEntityHost::Init] Lifecycle functions resolved for 'NewOakValeIntro/Entities/NOVI_Barrel'.
    [LuaEntityHost::Init] >>>>> ENTERING LUA INIT for 'NewOakValeIntro/Entities/NOVI_Barrel' <<<<<
    [LuaEntityHost::Init] >>>>> EXITED LUA INIT for 'NewOakValeIntro/Entities/NOVI_Barrel' <<<<<
[EntityAllocator<13>] === ENTRY ===
[EntityAllocator<13>] Script: NewOakValeIntro/Entities/NOVI_Barrel
[EntityAllocator<13>] Creating LuaEntityHost...
    [LuaManager] Registered entity script data for host at 0x172af0e0
    [LuaManager] Registering all C++ bindings in new state...
    'Quest','CScriptThing' and 'CPersistContext' usertypes created and bound in Lua.
[EntityAllocator<13>] LuaEntityHost created: this = 0x172af0e0
[EntityAllocator<13>] Allocating RefCount block...
[EntityAllocator<13>] RefCount block created successfully (using CustomEntityHostDeleter).
[EntityAllocator<13>] === EXIT ===
    Loading entity script from: C:\Programs\Steam\steamapps\common\Fable The Lost Chapters/FSE/NewOakValeIntro/Entities/NOVI_Barrel.lua
    [LuaEntityHost::Init] Script file loaded for 'NewOakValeIntro/Entities/NOVI_Barrel'.
    [LuaEntityHost::Init] Lifecycle functions resolved for 'NewOakValeIntro/Entities/NOVI_Barrel'.
    [LuaEntityHost::Init] >>>>> ENTERING LUA INIT for 'NewOakValeIntro/Entities/NOVI_Barrel' <<<<<
    [LuaEntityHost::Init] >>>>> EXITED LUA INIT for 'NewOakValeIntro/Entities/NOVI_Barrel' <<<<<
[EntityAllocator<6>] === ENTRY ===
[EntityAllocator<6>] Script: NewOakValeIntro/Entities/NOVI_TeddyGirl
[EntityAllocator<6>] Creating LuaEntityHost...
    [LuaManager] Registered entity script data for host at 0x15285b30
    [LuaManager] Registering all C++ bindings in new state...
    'Quest','CScriptThing' and 'CPersistContext' usertypes created and bound in Lua.
[EntityAllocator<6>] LuaEntityHost created: this = 0x15285b30
[EntityAllocator<6>] Allocating RefCount block...
[EntityAllocator<6>] RefCount block created successfully (using CustomEntityHostDeleter).
[EntityAllocator<6>] === EXIT ===
    Loading entity script from: C:\Programs\Steam\steamapps\common\Fable The Lost Chapters/FSE/NewOakValeIntro/Entities/NOVI_TeddyGirl.lua
    [LuaEntityHost::Init] Script file loaded for 'NewOakValeIntro/Entities/NOVI_TeddyGirl'.
    [LuaEntityHost::Init] Lifecycle functions resolved for 'NewOakValeIntro/Entities/NOVI_TeddyGirl'.
    [LuaEntityHost::Init] >>>>> ENTERING LUA INIT for 'NewOakValeIntro/Entities/NOVI_TeddyGirl' <<<<<
    [LuaEntityHost::Init] >>>>> EXITED LUA INIT for 'NewOakValeIntro/Entities/NOVI_TeddyGirl' <<<<<
[EntityAllocator<7>] === ENTRY ===
[EntityAllocator<7>] Script: NewOakValeIntro/Entities/NOVI_AffairMan
[EntityAllocator<7>] Creating LuaEntityHost...
    [LuaManager] Registered entity script data for host at 0x1564c290
    [LuaManager] Registering all C++ bindings in new state...
    'Quest','CScriptThing' and 'CPersistContext' usertypes created and bound in Lua.
[EntityAllocator<7>] LuaEntityHost created: this = 0x1564c290
[EntityAllocator<7>] Allocating RefCount block...
[EntityAllocator<7>] RefCount block created successfully (using CustomEntityHostDeleter).
[EntityAllocator<7>] === EXIT ===
    Loading entity script from: C:\Programs\Steam\steamapps\common\Fable The Lost Chapters/FSE/NewOakValeIntro/Entities/NOVI_AffairMan.lua
    [LuaEntityHost::Init] Script file loaded for 'NewOakValeIntro/Entities/NOVI_AffairMan'.
    [LuaEntityHost::Init] Lifecycle functions resolved for 'NewOakValeIntro/Entities/NOVI_AffairMan'.
    [LuaEntityHost::Init] >>>>> ENTERING LUA INIT for 'NewOakValeIntro/Entities/NOVI_AffairMan' <<<<<
    [LuaEntityHost::Init] >>>>> EXITED LUA INIT for 'NewOakValeIntro/Entities/NOVI_AffairMan' <<<<<
[EntityAllocator<8>] === ENTRY ===
[EntityAllocator<8>] Script: NewOakValeIntro/Entities/NOVI_AffairWoman
[EntityAllocator<8>] Creating LuaEntityHost...
    [LuaManager] Registered entity script data for host at 0x1570fe70
    [LuaManager] Registering all C++ bindings in new state...
    'Quest','CScriptThing' and 'CPersistContext' usertypes created and bound in Lua.
[EntityAllocator<8>] LuaEntityHost created: this = 0x1570fe70
[EntityAllocator<8>] Allocating RefCount block...
[EntityAllocator<8>] RefCount block created successfully (using CustomEntityHostDeleter).
[EntityAllocator<8>] === EXIT ===
    Loading entity script from: C:\Programs\Steam\steamapps\common\Fable The Lost Chapters/FSE/NewOakValeIntro/Entities/NOVI_AffairWoman.lua
    [LuaEntityHost::Init] Script file loaded for 'NewOakValeIntro/Entities/NOVI_AffairWoman'.
    [LuaEntityHost::Init] Lifecycle functions resolved for 'NewOakValeIntro/Entities/NOVI_AffairWoman'.
    [LuaEntityHost::Init] >>>>> ENTERING LUA INIT for 'NewOakValeIntro/Entities/NOVI_AffairWoman' <<<<<
    [LuaEntityHost::Init] >>>>> EXITED LUA INIT for 'NewOakValeIntro/Entities/NOVI_AffairWoman' <<<<<
[EntityAllocator<10>] === ENTRY ===
[EntityAllocator<10>] Script: NewOakValeIntro/Entities/NOVI_BookTrader
[EntityAllocator<10>] Creating LuaEntityHost...
    [LuaManager] Registered entity script data for host at 0x1570f540
    [LuaManager] Registering all C++ bindings in new state...
    'Quest','CScriptThing' and 'CPersistContext' usertypes created and bound in Lua.
[EntityAllocator<10>] LuaEntityHost created: this = 0x1570f540
[EntityAllocator<10>] Allocating RefCount block...
[EntityAllocator<10>] RefCount block created successfully (using CustomEntityHostDeleter).
[EntityAllocator<10>] === EXIT ===
    Loading entity script from: C:\Programs\Steam\steamapps\common\Fable The Lost Chapters/FSE/NewOakValeIntro/Entities/NOVI_BookTrader.lua
    [LuaEntityHost::Init] Script file loaded for 'NewOakValeIntro/Entities/NOVI_BookTrader'.
    [LuaEntityHost::Init] Lifecycle functions resolved for 'NewOakValeIntro/Entities/NOVI_BookTrader'.
    [LuaEntityHost::Init] >>>>> ENTERING LUA INIT for 'NewOakValeIntro/Entities/NOVI_BookTrader' <<<<<
    SetIsPushableByHero ABI probe: api=0x8a6dd0 thing=0x1570f548 data=0x47a5300 info=0x5500160
    [LuaEntityHost::Init] >>>>> EXITED LUA INIT for 'NewOakValeIntro/Entities/NOVI_BookTrader' <<<<<
[EntityAllocator<0>] === ENTRY ===
[EntityAllocator<0>] Script: NewOakValeIntro/Entities/NOVI_LiveFather
[EntityAllocator<0>] Creating LuaEntityHost...
    [LuaManager] Registered entity script data for host at 0x157d8098
    [LuaManager] Registering all C++ bindings in new state...
    'Quest','CScriptThing' and 'CPersistContext' usertypes created and bound in Lua.
[EntityAllocator<0>] LuaEntityHost created: this = 0x157d8098
[EntityAllocator<0>] Allocating RefCount block...
[EntityAllocator<0>] RefCount block created successfully (using CustomEntityHostDeleter).
[EntityAllocator<0>] === EXIT ===
    Loading entity script from: C:\Programs\Steam\steamapps\common\Fable The Lost Chapters/FSE/NewOakValeIntro/Entities/NOVI_LiveFather.lua
    [LuaEntityHost::Init] Script file loaded for 'NewOakValeIntro/Entities/NOVI_LiveFather'.
    [LuaEntityHost::Init] Lifecycle functions resolved for 'NewOakValeIntro/Entities/NOVI_LiveFather'.
    [LuaEntityHost::Init] >>>>> ENTERING LUA INIT for 'NewOakValeIntro/Entities/NOVI_LiveFather' <<<<<
    SetIsPushableByHero ABI probe: api=0x8a6dd0 thing=0x157d80a0 data=0x47a52b0 info=0x55002f8
    [LuaEntityHost::Init] >>>>> EXITED LUA INIT for 'NewOakValeIntro/Entities/NOVI_LiveFather' <<<<<
[EntityAllocator<1>] === ENTRY ===
[EntityAllocator<1>] Script: NewOakValeIntro/Entities/NOVI_Theresa
[EntityAllocator<1>] Creating LuaEntityHost...
    [LuaManager] Registered entity script data for host at 0x158f1378
    [LuaManager] Registering all C++ bindings in new state...
    'Quest','CScriptThing' and 'CPersistContext' usertypes created and bound in Lua.
[EntityAllocator<1>] LuaEntityHost created: this = 0x158f1378
[EntityAllocator<1>] Allocating RefCount block...
[EntityAllocator<1>] RefCount block created successfully (using CustomEntityHostDeleter).
[EntityAllocator<1>] === EXIT ===
    Loading entity script from: C:\Programs\Steam\steamapps\common\Fable The Lost Chapters/FSE/NewOakValeIntro/Entities/NOVI_Theresa.lua
    [LuaEntityHost::Init] Script file loaded for 'NewOakValeIntro/Entities/NOVI_Theresa'.
    [LuaEntityHost::Init] Lifecycle functions resolved for 'NewOakValeIntro/Entities/NOVI_Theresa'.
    [LuaEntityHost::Init] >>>>> ENTERING LUA INIT for 'NewOakValeIntro/Entities/NOVI_Theresa' <<<<<
    SetIsPushableByHero ABI probe: api=0x8a6dd0 thing=0x158f1380 data=0x47a5620 info=0x55002e0
    [LuaEntityHost::Init] >>>>> EXITED LUA INIT for 'NewOakValeIntro/Entities/NOVI_Theresa' <<<<<
[EntityAllocator<2>] === ENTRY ===
[EntityAllocator<2>] Script: NewOakValeIntro/Entities/NOVI_Guard
[EntityAllocator<2>] Creating LuaEntityHost...
    [LuaManager] Registered entity script data for host at 0x159a9ac0
    [LuaManager] Registering all C++ bindings in new state...
    'Quest','CScriptThing' and 'CPersistContext' usertypes created and bound in Lua.
[EntityAllocator<2>] LuaEntityHost created: this = 0x159a9ac0
[EntityAllocator<2>] Allocating RefCount block...
[EntityAllocator<2>] RefCount block created successfully (using CustomEntityHostDeleter).
[EntityAllocator<2>] === EXIT ===
    Loading entity script from: C:\Programs\Steam\steamapps\common\Fable The Lost Chapters/FSE/NewOakValeIntro/Entities/NOVI_Guard.lua
    [LuaEntityHost::Init] Script file loaded for 'NewOakValeIntro/Entities/NOVI_Guard'.
    [LuaEntityHost::Init] Lifecycle functions resolved for 'NewOakValeIntro/Entities/NOVI_Guard'.
    [LuaEntityHost::Init] >>>>> ENTERING LUA INIT for 'NewOakValeIntro/Entities/NOVI_Guard' <<<<<
    [LuaEntityHost::Init] >>>>> EXITED LUA INIT for 'NewOakValeIntro/Entities/NOVI_Guard' <<<<<
[EntityAllocator<2>] === ENTRY ===
[EntityAllocator<2>] Script: NewOakValeIntro/Entities/NOVI_Guard
[EntityAllocator<2>] Creating LuaEntityHost...
    [LuaManager] Registered entity script data for host at 0x159b0c90
    [LuaManager] Registering all C++ bindings in new state...
    'Quest','CScriptThing' and 'CPersistContext' usertypes created and bound in Lua.
[EntityAllocator<2>] LuaEntityHost created: this = 0x159b0c90
[EntityAllocator<2>] Allocating RefCount block...
[EntityAllocator<2>] RefCount block created successfully (using CustomEntityHostDeleter).
[EntityAllocator<2>] === EXIT ===
    Loading entity script from: C:\Programs\Steam\steamapps\common\Fable The Lost Chapters/FSE/NewOakValeIntro/Entities/NOVI_Guard.lua
    [LuaEntityHost::Init] Script file loaded for 'NewOakValeIntro/Entities/NOVI_Guard'.
    [LuaEntityHost::Init] Lifecycle functions resolved for 'NewOakValeIntro/Entities/NOVI_Guard'.
    [LuaEntityHost::Init] >>>>> ENTERING LUA INIT for 'NewOakValeIntro/Entities/NOVI_Guard' <<<<<
    [LuaEntityHost::Init] >>>>> EXITED LUA INIT for 'NewOakValeIntro/Entities/NOVI_Guard' <<<<<
[EntityAllocator<2>] === ENTRY ===
[EntityAllocator<2>] Script: NewOakValeIntro/Entities/NOVI_Guard
[EntityAllocator<2>] Creating LuaEntityHost...
    [LuaManager] Registered entity script data for host at 0x159b7d10
    [LuaManager] Registering all C++ bindings in new state...
    'Quest','CScriptThing' and 'CPersistContext' usertypes created and bound in Lua.
[EntityAllocator<2>] LuaEntityHost created: this = 0x159b7d10
[EntityAllocator<2>] Allocating RefCount block...
[EntityAllocator<2>] RefCount block created successfully (using CustomEntityHostDeleter).
[EntityAllocator<2>] === EXIT ===
    Loading entity script from: C:\Programs\Steam\steamapps\common\Fable The Lost Chapters/FSE/NewOakValeIntro/Entities/NOVI_Guard.lua
    [LuaEntityHost::Init] Script file loaded for 'NewOakValeIntro/Entities/NOVI_Guard'.
    [LuaEntityHost::Init] Lifecycle functions resolved for 'NewOakValeIntro/Entities/NOVI_Guard'.
    [LuaEntityHost::Init] >>>>> ENTERING LUA INIT for 'NewOakValeIntro/Entities/NOVI_Guard' <<<<<
    [LuaEntityHost::Init] >>>>> EXITED LUA INIT for 'NewOakValeIntro/Entities/NOVI_Guard' <<<<<
[EntityAllocator<3>] === ENTRY ===
[EntityAllocator<3>] Script: NewOakValeIntro/Entities/NOVI_Villager
[EntityAllocator<3>] Creating LuaEntityHost...
    [LuaManager] Registered entity script data for host at 0x15b3eb30
    [LuaManager] Registering all C++ bindings in new state...
    'Quest','CScriptThing' and 'CPersistContext' usertypes created and bound in Lua.
[EntityAllocator<3>] LuaEntityHost created: this = 0x15b3eb30
[EntityAllocator<3>] Allocating RefCount block...
[EntityAllocator<3>] RefCount block created successfully (using CustomEntityHostDeleter).
[EntityAllocator<3>] === EXIT ===
    Loading entity script from: C:\Programs\Steam\steamapps\common\Fable The Lost Chapters/FSE/NewOakValeIntro/Entities/NOVI_Villager.lua
    [LuaEntityHost::Init] Script file loaded for 'NewOakValeIntro/Entities/NOVI_Villager'.
    [LuaEntityHost::Init] Lifecycle functions resolved for 'NewOakValeIntro/Entities/NOVI_Villager'.
    [LuaEntityHost::Init] >>>>> ENTERING LUA INIT for 'NewOakValeIntro/Entities/NOVI_Villager' <<<<<
    [LuaEntityHost::Init] >>>>> EXITED LUA INIT for 'NewOakValeIntro/Entities/NOVI_Villager' <<<<<
[EntityAllocator<3>] === ENTRY ===
[EntityAllocator<3>] Script: NewOakValeIntro/Entities/NOVI_Villager
[EntityAllocator<3>] Creating LuaEntityHost...
    [LuaManager] Registered entity script data for host at 0x15b45e20
    [LuaManager] Registering all C++ bindings in new state...
    'Quest','CScriptThing' and 'CPersistContext' usertypes created and bound in Lua.
[EntityAllocator<3>] LuaEntityHost created: this = 0x15b45e20
[EntityAllocator<3>] Allocating RefCount block...
[EntityAllocator<3>] RefCount block created successfully (using CustomEntityHostDeleter).
[EntityAllocator<3>] === EXIT ===
    Loading entity script from: C:\Programs\Steam\steamapps\common\Fable The Lost Chapters/FSE/NewOakValeIntro/Entities/NOVI_Villager.lua
    [LuaEntityHost::Init] Script file loaded for 'NewOakValeIntro/Entities/NOVI_Villager'.
    [LuaEntityHost::Init] Lifecycle functions resolved for 'NewOakValeIntro/Entities/NOVI_Villager'.
    [LuaEntityHost::Init] >>>>> ENTERING LUA INIT for 'NewOakValeIntro/Entities/NOVI_Villager' <<<<<
    [LuaEntityHost::Init] >>>>> EXITED LUA INIT for 'NewOakValeIntro/Entities/NOVI_Villager' <<<<<
[EntityAllocator<3>] === ENTRY ===
[EntityAllocator<3>] Script: NewOakValeIntro/Entities/NOVI_Villager
[EntityAllocator<3>] Creating LuaEntityHost...
    [LuaManager] Registered entity script data for host at 0x56e4998
    [LuaManager] Registering all C++ bindings in new state...
    'Quest','CScriptThing' and 'CPersistContext' usertypes created and bound in Lua.
[EntityAllocator<3>] LuaEntityHost created: this = 0x56e4998
[EntityAllocator<3>] Allocating RefCount block...
[EntityAllocator<3>] RefCount block created successfully (using CustomEntityHostDeleter).
[EntityAllocator<3>] === EXIT ===
    Loading entity script from: C:\Programs\Steam\steamapps\common\Fable The Lost Chapters/FSE/NewOakValeIntro/Entities/NOVI_Villager.lua
    [LuaEntityHost::Init] Script file loaded for 'NewOakValeIntro/Entities/NOVI_Villager'.
    [LuaEntityHost::Init] Lifecycle functions resolved for 'NewOakValeIntro/Entities/NOVI_Villager'.
    [LuaEntityHost::Init] >>>>> ENTERING LUA INIT for 'NewOakValeIntro/Entities/NOVI_Villager' <<<<<
    [LuaEntityHost::Init] >>>>> EXITED LUA INIT for 'NewOakValeIntro/Entities/NOVI_Villager' <<<<<
[EntityAllocator<3>] === ENTRY ===
[EntityAllocator<3>] Script: NewOakValeIntro/Entities/NOVI_Villager
[EntityAllocator<3>] Creating LuaEntityHost...
    [LuaManager] Registered entity script data for host at 0x56eb8c8
    [LuaManager] Registering all C++ bindings in new state...
    'Quest','CScriptThing' and 'CPersistContext' usertypes created and bound in Lua.
[EntityAllocator<3>] LuaEntityHost created: this = 0x56eb8c8
[EntityAllocator<3>] Allocating RefCount block...
[EntityAllocator<3>] RefCount block created successfully (using CustomEntityHostDeleter).
[EntityAllocator<3>] === EXIT ===
    Loading entity script from: C:\Programs\Steam\steamapps\common\Fable The Lost Chapters/FSE/NewOakValeIntro/Entities/NOVI_Villager.lua
    [LuaEntityHost::Init] Script file loaded for 'NewOakValeIntro/Entities/NOVI_Villager'.
    [LuaEntityHost::Init] Lifecycle functions resolved for 'NewOakValeIntro/Entities/NOVI_Villager'.
    [LuaEntityHost::Init] >>>>> ENTERING LUA INIT for 'NewOakValeIntro/Entities/NOVI_Villager' <<<<<
    [LuaEntityHost::Init] >>>>> EXITED LUA INIT for 'NewOakValeIntro/Entities/NOVI_Villager' <<<<<
[EntityAllocator<3>] === ENTRY ===
[EntityAllocator<3>] Script: NewOakValeIntro/Entities/NOVI_Villager
[EntityAllocator<3>] Creating LuaEntityHost...
    [LuaManager] Registered entity script data for host at 0x5888590
    [LuaManager] Registering all C++ bindings in new state...
    'Quest','CScriptThing' and 'CPersistContext' usertypes created and bound in Lua.
[EntityAllocator<3>] LuaEntityHost created: this = 0x5888590
[EntityAllocator<3>] Allocating RefCount block...
[EntityAllocator<3>] RefCount block created successfully (using CustomEntityHostDeleter).
[EntityAllocator<3>] === EXIT ===
    Loading entity script from: C:\Programs\Steam\steamapps\common\Fable The Lost Chapters/FSE/NewOakValeIntro/Entities/NOVI_Villager.lua
    [LuaEntityHost::Init] Script file loaded for 'NewOakValeIntro/Entities/NOVI_Villager'.
    [LuaEntityHost::Init] Lifecycle functions resolved for 'NewOakValeIntro/Entities/NOVI_Villager'.
    [LuaEntityHost::Init] >>>>> ENTERING LUA INIT for 'NewOakValeIntro/Entities/NOVI_Villager' <<<<<
    [LuaEntityHost::Init] >>>>> EXITED LUA INIT for 'NewOakValeIntro/Entities/NOVI_Villager' <<<<<
[EntityAllocator<9>] === ENTRY ===
[EntityAllocator<9>] Script: NewOakValeIntro/Entities/NOVI_AffairWife
[EntityAllocator<9>] Creating LuaEntityHost...
    [LuaManager] Registered entity script data for host at 0x588f5b0
    [LuaManager] Registering all C++ bindings in new state...
    'Quest','CScriptThing' and 'CPersistContext' usertypes created and bound in Lua.
[EntityAllocator<9>] LuaEntityHost created: this = 0x588f5b0
[EntityAllocator<9>] Allocating RefCount block...
[EntityAllocator<9>] RefCount block created successfully (using CustomEntityHostDeleter).
[EntityAllocator<9>] === EXIT ===
    Loading entity script from: C:\Programs\Steam\steamapps\common\Fable The Lost Chapters/FSE/NewOakValeIntro/Entities/NOVI_AffairWife.lua
    [LuaEntityHost::Init] Script file loaded for 'NewOakValeIntro/Entities/NOVI_AffairWife'.
    [LuaEntityHost::Init] Lifecycle functions resolved for 'NewOakValeIntro/Entities/NOVI_AffairWife'.
    [LuaEntityHost::Init] >>>>> ENTERING LUA INIT for 'NewOakValeIntro/Entities/NOVI_AffairWife' <<<<<
    [LuaEntityHost::Init] >>>>> EXITED LUA INIT for 'NewOakValeIntro/Entities/NOVI_AffairWife' <<<<<
[EntityAllocator<3>] === ENTRY ===
[EntityAllocator<3>] Script: NewOakValeIntro/Entities/NOVI_Villager
[EntityAllocator<3>] Creating LuaEntityHost...
    [LuaManager] Registered entity script data for host at 0x5885bf0
    [LuaManager] Registering all C++ bindings in new state...
    'Quest','CScriptThing' and 'CPersistContext' usertypes created and bound in Lua.
[EntityAllocator<3>] LuaEntityHost created: this = 0x5885bf0
[EntityAllocator<3>] Allocating RefCount block...
[EntityAllocator<3>] RefCount block created successfully (using CustomEntityHostDeleter).
[EntityAllocator<3>] === EXIT ===
    Loading entity script from: C:\Programs\Steam\steamapps\common\Fable The Lost Chapters/FSE/NewOakValeIntro/Entities/NOVI_Villager.lua
    [LuaEntityHost::Init] Script file loaded for 'NewOakValeIntro/Entities/NOVI_Villager'.
    [LuaEntityHost::Init] Lifecycle functions resolved for 'NewOakValeIntro/Entities/NOVI_Villager'.
    [LuaEntityHost::Init] >>>>> ENTERING LUA INIT for 'NewOakValeIntro/Entities/NOVI_Villager' <<<<<
    [LuaEntityHost::Init] >>>>> EXITED LUA INIT for 'NewOakValeIntro/Entities/NOVI_Villager' <<<<<
[EntityAllocator<3>] === ENTRY ===
[EntityAllocator<3>] Script: NewOakValeIntro/Entities/NOVI_Villager
[EntityAllocator<3>] Creating LuaEntityHost...
    [LuaManager] Registered entity script data for host at 0x5a42510
    [LuaManager] Registering all C++ bindings in new state...
    'Quest','CScriptThing' and 'CPersistContext' usertypes created and bound in Lua.
[EntityAllocator<3>] LuaEntityHost created: this = 0x5a42510
[EntityAllocator<3>] Allocating RefCount block...
[EntityAllocator<3>] RefCount block created successfully (using CustomEntityHostDeleter).
[EntityAllocator<3>] === EXIT ===
    Loading entity script from: C:\Programs\Steam\steamapps\common\Fable The Lost Chapters/FSE/NewOakValeIntro/Entities/NOVI_Villager.lua
    [LuaEntityHost::Init] Script file loaded for 'NewOakValeIntro/Entities/NOVI_Villager'.
    [LuaEntityHost::Init] Lifecycle functions resolved for 'NewOakValeIntro/Entities/NOVI_Villager'.
    [LuaEntityHost::Init] >>>>> ENTERING LUA INIT for 'NewOakValeIntro/Entities/NOVI_Villager' <<<<<
    [LuaEntityHost::Init] >>>>> EXITED LUA INIT for 'NewOakValeIntro/Entities/NOVI_Villager' <<<<<
[EntityAllocator<11>] === ENTRY ===
[EntityAllocator<11>] Script: NewOakValeIntro/Entities/NOVI_BarrelMan
[EntityAllocator<11>] Creating LuaEntityHost...
    [LuaManager] Registered entity script data for host at 0x5a491d0
    [LuaManager] Registering all C++ bindings in new state...
    'Quest','CScriptThing' and 'CPersistContext' usertypes created and bound in Lua.
[EntityAllocator<11>] LuaEntityHost created: this = 0x5a491d0
[EntityAllocator<11>] Allocating RefCount block...
[EntityAllocator<11>] RefCount block created successfully (using CustomEntityHostDeleter).
[EntityAllocator<11>] === EXIT ===
    Loading entity script from: C:\Programs\Steam\steamapps\common\Fable The Lost Chapters/FSE/NewOakValeIntro/Entities/NOVI_BarrelMan.lua
    [LuaEntityHost::Init] Script file loaded for 'NewOakValeIntro/Entities/NOVI_BarrelMan'.
    [LuaEntityHost::Init] Lifecycle functions resolved for 'NewOakValeIntro/Entities/NOVI_BarrelMan'.
    [LuaEntityHost::Init] >>>>> ENTERING LUA INIT for 'NewOakValeIntro/Entities/NOVI_BarrelMan' <<<<<
[NewOakValeIntro/NewOakValeIntro] NOVI_PROBE BarrelMan Init watchTimer=2
    [LuaEntityHost::Init] >>>>> EXITED LUA INIT for 'NewOakValeIntro/Entities/NOVI_BarrelMan' <<<<<
[EntityAllocator<13>] === ENTRY ===
[EntityAllocator<13>] Script: NewOakValeIntro/Entities/NOVI_Barrel
[EntityAllocator<13>] Creating LuaEntityHost...
    [LuaManager] Registered entity script data for host at 0x5bd7e78
    [LuaManager] Registering all C++ bindings in new state...
    'Quest','CScriptThing' and 'CPersistContext' usertypes created and bound in Lua.
[EntityAllocator<13>] LuaEntityHost created: this = 0x5bd7e78
[EntityAllocator<13>] Allocating RefCount block...
[EntityAllocator<13>] RefCount block created successfully (using CustomEntityHostDeleter).
[EntityAllocator<13>] === EXIT ===
    Loading entity script from: C:\Programs\Steam\steamapps\common\Fable The Lost Chapters/FSE/NewOakValeIntro/Entities/NOVI_Barrel.lua
    [LuaEntityHost::Init] Script file loaded for 'NewOakValeIntro/Entities/NOVI_Barrel'.
    [LuaEntityHost::Init] Lifecycle functions resolved for 'NewOakValeIntro/Entities/NOVI_Barrel'.
    [LuaEntityHost::Init] >>>>> ENTERING LUA INIT for 'NewOakValeIntro/Entities/NOVI_Barrel' <<<<<
    [LuaEntityHost::Init] >>>>> EXITED LUA INIT for 'NewOakValeIntro/Entities/NOVI_Barrel' <<<<<
[EntityAllocator<13>] === ENTRY ===
[EntityAllocator<13>] Script: NewOakValeIntro/Entities/NOVI_Barrel
[EntityAllocator<13>] Creating LuaEntityHost...
    [LuaManager] Registered entity script data for host at 0x5bde658
    [LuaManager] Registering all C++ bindings in new state...
    'Quest','CScriptThing' and 'CPersistContext' usertypes created and bound in Lua.
[EntityAllocator<13>] LuaEntityHost created: this = 0x5bde658
[EntityAllocator<13>] Allocating RefCount block...
[EntityAllocator<13>] RefCount block created successfully (using CustomEntityHostDeleter).
[EntityAllocator<13>] === EXIT ===
    Loading entity script from: C:\Programs\Steam\steamapps\common\Fable The Lost Chapters/FSE/NewOakValeIntro/Entities/NOVI_Barrel.lua
    [LuaEntityHost::Init] Script file loaded for 'NewOakValeIntro/Entities/NOVI_Barrel'.
    [LuaEntityHost::Init] Lifecycle functions resolved for 'NewOakValeIntro/Entities/NOVI_Barrel'.
    [LuaEntityHost::Init] >>>>> ENTERING LUA INIT for 'NewOakValeIntro/Entities/NOVI_Barrel' <<<<<
    [LuaEntityHost::Init] >>>>> EXITED LUA INIT for 'NewOakValeIntro/Entities/NOVI_Barrel' <<<<<
[EntityAllocator<13>] === ENTRY ===
[EntityAllocator<13>] Script: NewOakValeIntro/Entities/NOVI_Barrel
[EntityAllocator<13>] Creating LuaEntityHost...
    [LuaManager] Registered entity script data for host at 0x5d22c40
    [LuaManager] Registering all C++ bindings in new state...
    'Quest','CScriptThing' and 'CPersistContext' usertypes created and bound in Lua.
[EntityAllocator<13>] LuaEntityHost created: this = 0x5d22c40
[EntityAllocator<13>] Allocating RefCount block...
[EntityAllocator<13>] RefCount block created successfully (using CustomEntityHostDeleter).
[EntityAllocator<13>] === EXIT ===
    Loading entity script from: C:\Programs\Steam\steamapps\common\Fable The Lost Chapters/FSE/NewOakValeIntro/Entities/NOVI_Barrel.lua
    [LuaEntityHost::Init] Script file loaded for 'NewOakValeIntro/Entities/NOVI_Barrel'.
    [LuaEntityHost::Init] Lifecycle functions resolved for 'NewOakValeIntro/Entities/NOVI_Barrel'.
    [LuaEntityHost::Init] >>>>> ENTERING LUA INIT for 'NewOakValeIntro/Entities/NOVI_Barrel' <<<<<
    [LuaEntityHost::Init] >>>>> EXITED LUA INIT for 'NewOakValeIntro/Entities/NOVI_Barrel' <<<<<
[EntityAllocator<13>] === ENTRY ===
[EntityAllocator<13>] Script: NewOakValeIntro/Entities/NOVI_Barrel
[EntityAllocator<13>] Creating LuaEntityHost...
    [LuaManager] Registered entity script data for host at 0x5d29c60
    [LuaManager] Registering all C++ bindings in new state...
    'Quest','CScriptThing' and 'CPersistContext' usertypes created and bound in Lua.
[EntityAllocator<13>] LuaEntityHost created: this = 0x5d29c60
[EntityAllocator<13>] Allocating RefCount block...
[EntityAllocator<13>] RefCount block created successfully (using CustomEntityHostDeleter).
[EntityAllocator<13>] === EXIT ===
    Loading entity script from: C:\Programs\Steam\steamapps\common\Fable The Lost Chapters/FSE/NewOakValeIntro/Entities/NOVI_Barrel.lua
    [LuaEntityHost::Init] Script file loaded for 'NewOakValeIntro/Entities/NOVI_Barrel'.
    [LuaEntityHost::Init] Lifecycle functions resolved for 'NewOakValeIntro/Entities/NOVI_Barrel'.
    [LuaEntityHost::Init] >>>>> ENTERING LUA INIT for 'NewOakValeIntro/Entities/NOVI_Barrel' <<<<<
    [LuaEntityHost::Init] >>>>> EXITED LUA INIT for 'NewOakValeIntro/Entities/NOVI_Barrel' <<<<<
[EntityAllocator<13>] === ENTRY ===
[EntityAllocator<13>] Script: NewOakValeIntro/Entities/NOVI_Barrel
[EntityAllocator<13>] Creating LuaEntityHost...
    [LuaManager] Registered entity script data for host at 0x5d309b0
    [LuaManager] Registering all C++ bindings in new state...
    'Quest','CScriptThing' and 'CPersistContext' usertypes created and bound in Lua.
[EntityAllocator<13>] LuaEntityHost created: this = 0x5d309b0
[EntityAllocator<13>] Allocating RefCount block...
[EntityAllocator<13>] RefCount block created successfully (using CustomEntityHostDeleter).
[EntityAllocator<13>] === EXIT ===
    Loading entity script from: C:\Programs\Steam\steamapps\common\Fable The Lost Chapters/FSE/NewOakValeIntro/Entities/NOVI_Barrel.lua
    [LuaEntityHost::Init] Script file loaded for 'NewOakValeIntro/Entities/NOVI_Barrel'.
    [LuaEntityHost::Init] Lifecycle functions resolved for 'NewOakValeIntro/Entities/NOVI_Barrel'.
    [LuaEntityHost::Init] >>>>> ENTERING LUA INIT for 'NewOakValeIntro/Entities/NOVI_Barrel' <<<<<
    [LuaEntityHost::Init] >>>>> EXITED LUA INIT for 'NewOakValeIntro/Entities/NOVI_Barrel' <<<<<
[EntityAllocator<13>] === ENTRY ===
[EntityAllocator<13>] Script: NewOakValeIntro/Entities/NOVI_Barrel
[EntityAllocator<13>] Creating LuaEntityHost...
    [LuaManager] Registered entity script data for host at 0x5ec8808
    [LuaManager] Registering all C++ bindings in new state...
    'Quest','CScriptThing' and 'CPersistContext' usertypes created and bound in Lua.
[EntityAllocator<13>] LuaEntityHost created: this = 0x5ec8808
[EntityAllocator<13>] Allocating RefCount block...
[EntityAllocator<13>] RefCount block created successfully (using CustomEntityHostDeleter).
[EntityAllocator<13>] === EXIT ===
    Loading entity script from: C:\Programs\Steam\steamapps\common\Fable The Lost Chapters/FSE/NewOakValeIntro/Entities/NOVI_Barrel.lua
    [LuaEntityHost::Init] Script file loaded for 'NewOakValeIntro/Entities/NOVI_Barrel'.
    [LuaEntityHost::Init] Lifecycle functions resolved for 'NewOakValeIntro/Entities/NOVI_Barrel'.
    [LuaEntityHost::Init] >>>>> ENTERING LUA INIT for 'NewOakValeIntro/Entities/NOVI_Barrel' <<<<<
    [LuaEntityHost::Init] >>>>> EXITED LUA INIT for 'NewOakValeIntro/Entities/NOVI_Barrel' <<<<<
[EntityAllocator<4>] === ENTRY ===
[EntityAllocator<4>] Script: NewOakValeIntro/Entities/NOVI_Bully
[EntityAllocator<4>] Creating LuaEntityHost...
    [LuaManager] Registered entity script data for host at 0x5ecf588
    [LuaManager] Registering all C++ bindings in new state...
    'Quest','CScriptThing' and 'CPersistContext' usertypes created and bound in Lua.
[EntityAllocator<4>] LuaEntityHost created: this = 0x5ecf588
[EntityAllocator<4>] Allocating RefCount block...
[EntityAllocator<4>] RefCount block created successfully (using CustomEntityHostDeleter).
[EntityAllocator<4>] === EXIT ===
    Loading entity script from: C:\Programs\Steam\steamapps\common\Fable The Lost Chapters/FSE/NewOakValeIntro/Entities/NOVI_Bully.lua
    [LuaEntityHost::Init] Script file loaded for 'NewOakValeIntro/Entities/NOVI_Bully'.
    [LuaEntityHost::Init] Lifecycle functions resolved for 'NewOakValeIntro/Entities/NOVI_Bully'.
    [LuaEntityHost::Init] >>>>> ENTERING LUA INIT for 'NewOakValeIntro/Entities/NOVI_Bully' <<<<<
    SetIsPushableByHero ABI probe: api=0x8a6dd0 thing=0x5ecf590 data=0x47a5bc0 info=0x5500a00
    [LuaEntityHost::Init] >>>>> EXITED LUA INIT for 'NewOakValeIntro/Entities/NOVI_Bully' <<<<<
[EntityAllocator<5>] === ENTRY ===
[EntityAllocator<5>] Script: NewOakValeIntro/Entities/NOVI_Victim
[EntityAllocator<5>] Creating LuaEntityHost...
    [LuaManager] Registered entity script data for host at 0x60266a0
    [LuaManager] Registering all C++ bindings in new state...
    'Quest','CScriptThing' and 'CPersistContext' usertypes created and bound in Lua.
[EntityAllocator<5>] LuaEntityHost created: this = 0x60266a0
[EntityAllocator<5>] Allocating RefCount block...
[EntityAllocator<5>] RefCount block created successfully (using CustomEntityHostDeleter).
[EntityAllocator<5>] === EXIT ===
    Loading entity script from: C:\Programs\Steam\steamapps\common\Fable The Lost Chapters/FSE/NewOakValeIntro/Entities/NOVI_Victim.lua
    [LuaEntityHost::Init] Script file loaded for 'NewOakValeIntro/Entities/NOVI_Victim'.
    [LuaEntityHost::Init] Lifecycle functions resolved for 'NewOakValeIntro/Entities/NOVI_Victim'.
    [LuaEntityHost::Init] >>>>> ENTERING LUA INIT for 'NewOakValeIntro/Entities/NOVI_Victim' <<<<<
    SetIsPushableByHero ABI probe: api=0x8a6dd0 thing=0x60266a8 data=0x47a5c60 info=0x5500790
    [LuaEntityHost::Init] >>>>> EXITED LUA INIT for 'NewOakValeIntro/Entities/NOVI_Victim' <<<<<
[EntityAllocator<12>] === ENTRY ===
[EntityAllocator<12>] Script: NewOakValeIntro/Entities/NOVI_BarrelThug
[EntityAllocator<12>] Creating LuaEntityHost...
    [LuaManager] Registered entity script data for host at 0x602dae0
    [LuaManager] Registering all C++ bindings in new state...
    'Quest','CScriptThing' and 'CPersistContext' usertypes created and bound in Lua.
[EntityAllocator<12>] LuaEntityHost created: this = 0x602dae0
[EntityAllocator<12>] Allocating RefCount block...
[EntityAllocator<12>] RefCount block created successfully (using CustomEntityHostDeleter).
[EntityAllocator<12>] === EXIT ===
    Loading entity script from: C:\Programs\Steam\steamapps\common\Fable The Lost Chapters/FSE/NewOakValeIntro/Entities/NOVI_BarrelThug.lua
    [LuaEntityHost::Init] Script file loaded for 'NewOakValeIntro/Entities/NOVI_BarrelThug'.
    [LuaEntityHost::Init] Lifecycle functions resolved for 'NewOakValeIntro/Entities/NOVI_BarrelThug'.
    [LuaEntityHost::Init] >>>>> ENTERING LUA INIT for 'NewOakValeIntro/Entities/NOVI_BarrelThug' <<<<<
    [LuaEntityHost::Init] >>>>> EXITED LUA INIT for 'NewOakValeIntro/Entities/NOVI_BarrelThug' <<<<<
[EntityAllocator<3>] === ENTRY ===
[EntityAllocator<3>] Script: NewOakValeIntro/Entities/NOVI_Villager
[EntityAllocator<3>] Creating LuaEntityHost...
    [LuaManager] Registered entity script data for host at 0x620cbf0
    [LuaManager] Registering all C++ bindings in new state...
    'Quest','CScriptThing' and 'CPersistContext' usertypes created and bound in Lua.
[EntityAllocator<3>] LuaEntityHost created: this = 0x620cbf0
[EntityAllocator<3>] Allocating RefCount block...
[EntityAllocator<3>] RefCount block created successfully (using CustomEntityHostDeleter).
[EntityAllocator<3>] === EXIT ===
    Loading entity script from: C:\Programs\Steam\steamapps\common\Fable The Lost Chapters/FSE/NewOakValeIntro/Entities/NOVI_Villager.lua
    [LuaEntityHost::Init] Script file loaded for 'NewOakValeIntro/Entities/NOVI_Villager'.
    [LuaEntityHost::Init] Lifecycle functions resolved for 'NewOakValeIntro/Entities/NOVI_Villager'.
    [LuaEntityHost::Init] >>>>> ENTERING LUA INIT for 'NewOakValeIntro/Entities/NOVI_Villager' <<<<<
    [LuaEntityHost::Init] >>>>> EXITED LUA INIT for 'NewOakValeIntro/Entities/NOVI_Villager' <<<<<
[NewOakValeIntro/NewOakValeIntro] NOVI_PROBE StartBarrelTimer waiting id=2 value=0
[NewOakValeIntro/NewOakValeIntro] GetAllThingsWithScriptName: API returned 9 copies for 'NOVI_Barrel'.
===== GetThingWithScriptName START: 'NOVI_LiveFather' =====
    Calling GetThingWithScriptName_ByName_API with heap buffer...
    API call returned.
    Heap Buffer After API: CScriptThing* = 0x5367dd8, pVTable = 0x1238c8c (Matches Known VTable), WorldUID = 3468016904168286467, WrapperPos = (3495.33,866.685,15.7522), pImp.Data = 0x47a52b0, pImp.Info = 0x55002f8, Info->RefCount = 3, Info->DeleteFunc = 0x7044b0, Info->Data = 0x47a52b0
    Object is valid. Adopting API-owned reference (RefCount=3).
===== GetThingWithScriptName END (Success) =====
===== GetThingWithScriptName START: 'NOVI_BookTrader' =====
    Calling GetThingWithScriptName_ByName_API with heap buffer...
    API call returned.
    Heap Buffer After API: CScriptThing* = 0x5367eb0, pVTable = 0x1238c8c (Matches Known VTable), WorldUID = 3468016904168286463, WrapperPos = (3540.95,831.585,8.71272), pImp.Data = 0x47a5300, pImp.Info = 0x5500160, Info->RefCount = 3, Info->DeleteFunc = 0x7044b0, Info->Data = 0x47a5300
    Object is valid. Adopting API-owned reference (RefCount=3).
===== GetThingWithScriptName END (Success) =====
===== GetThingWithScriptName START: 'NOVI_Theresa' =====
    Calling GetThingWithScriptName_ByName_API with heap buffer...
    API call returned.
    Heap Buffer After API: CScriptThing* = 0x5367e08, pVTable = 0x1238c8c (Matches Known VTable), WorldUID = 3468016904168286475, WrapperPos = (3534.32,932.99,14.1485), pImp.Data = 0x47a5620, pImp.Info = 0x55002e0, Info->RefCount = 3, Info->DeleteFunc = 0x7044b0, Info->Data = 0x47a5620
    Object is valid. Adopting API-owned reference (RefCount=3).
===== GetThingWithScriptName END (Success) =====
    [LuaEntityHost::Main] >>>>> ENTERING LUA CALL for 'NewOakValeIntro/Entities/NOVI_Barrel' <<<<<
    [LuaEntityHost::Main] >>>>> ENTERING LUA CALL for 'NewOakValeIntro/Entities/NOVI_Barrel' <<<<<
    [LuaEntityHost::Main] >>>>> ENTERING LUA CALL for 'NewOakValeIntro/Entities/NOVI_Barrel' <<<<<
    [LuaEntityHost::Main] >>>>> ENTERING LUA CALL for 'NewOakValeIntro/Entities/NOVI_Barrel' <<<<<
    [LuaEntityHost::Main] >>>>> ENTERING LUA CALL for 'NewOakValeIntro/Entities/NOVI_Barrel' <<<<<
    [LuaEntityHost::Main] >>>>> ENTERING LUA CALL for 'NewOakValeIntro/Entities/NOVI_Barrel' <<<<<
    [LuaEntityHost::Main] >>>>> ENTERING LUA CALL for 'NewOakValeIntro/Entities/NOVI_Villager' <<<<<
    [LuaEntityHost::Main] >>>>> ENTERING LUA CALL for 'NewOakValeIntro/Entities/NOVI_BarrelThug' <<<<<
    [LuaEntityHost::Main] >>>>> ENTERING LUA CALL for 'NewOakValeIntro/Entities/NOVI_Bully' <<<<<
    [LuaEntityHost::Main] >>>>> ENTERING LUA CALL for 'NewOakValeIntro/Entities/NOVI_Victim' <<<<<
    [LuaEntityHost::Main] >>>>> ENTERING LUA CALL for 'NewOakValeIntro/Entities/NOVI_AffairMan' <<<<<
    [LuaEntityHost::Main] >>>>> ENTERING LUA CALL for 'NewOakValeIntro/Entities/NOVI_AffairWoman' <<<<<
    [LuaEntityHost::Main] >>>>> ENTERING LUA CALL for 'NewOakValeIntro/Entities/NOVI_BookTrader' <<<<<
    [LuaEntityHost::Main] >>>>> ENTERING LUA CALL for 'NewOakValeIntro/Entities/NOVI_LiveFather' <<<<<
    [LuaEntityHost::Main] >>>>> ENTERING LUA CALL for 'NewOakValeIntro/Entities/NOVI_Theresa' <<<<<
    [LuaEntityHost::Main] >>>>> ENTERING LUA CALL for 'NewOakValeIntro/Entities/NOVI_Guard' <<<<<
    [LuaEntityHost::Main] >>>>> ENTERING LUA CALL for 'NewOakValeIntro/Entities/NOVI_Guard' <<<<<
    [LuaEntityHost::Main] >>>>> ENTERING LUA CALL for 'NewOakValeIntro/Entities/NOVI_Guard' <<<<<
    [LuaEntityHost::Main] >>>>> ENTERING LUA CALL for 'NewOakValeIntro/Entities/NOVI_Barrel' <<<<<
    [LuaEntityHost::Main] >>>>> ENTERING LUA CALL for 'NewOakValeIntro/Entities/NOVI_Barrel' <<<<<
    [LuaEntityHost::Main] >>>>> ENTERING LUA CALL for 'NewOakValeIntro/Entities/NOVI_Villager' <<<<<
    [LuaEntityHost::Main] >>>>> ENTERING LUA CALL for 'NewOakValeIntro/Entities/NOVI_Villager' <<<<<
    [LuaEntityHost::Main] >>>>> ENTERING LUA CALL for 'NewOakValeIntro/Entities/NOVI_Villager' <<<<<
    [LuaEntityHost::Main] >>>>> ENTERING LUA CALL for 'NewOakValeIntro/Entities/NOVI_Villager' <<<<<
    [LuaEntityHost::Main] >>>>> ENTERING LUA CALL for 'NewOakValeIntro/Entities/NOVI_Villager' <<<<<
    [LuaEntityHost::Main] >>>>> ENTERING LUA CALL for 'NewOakValeIntro/Entities/NOVI_Barrel' <<<<<
    [LuaEntityHost::Main] >>>>> ENTERING LUA CALL for 'NewOakValeIntro/Entities/NOVI_Villager' <<<<<
    [LuaEntityHost::Main] >>>>> ENTERING LUA CALL for 'NewOakValeIntro/Entities/NOVI_AffairWife' <<<<<
    [LuaEntityHost::Main] >>>>> ENTERING LUA CALL for 'NewOakValeIntro/Entities/NOVI_Villager' <<<<<
    [LuaEntityHost::Main] >>>>> ENTERING LUA CALL for 'NewOakValeIntro/Entities/NOVI_TeddyGirl' <<<<<
    [LuaEntityHost::Main] >>>>> ENTERING LUA CALL for 'NewOakValeIntro/Entities/NOVI_BarrelMan' <<<<<
===== GetThingWithScriptName START: 'HerosOldHouse' =====
    Calling GetThingWithScriptName_ByName_API with heap buffer...
    API call returned.
    Heap Buffer After API: CScriptThing* = 0x543c330, pVTable = 0x1238c8c (Matches Known VTable), WorldUID = 3468016904168276305, WrapperPos = (3489.59,872.309,15.751), pImp.Data = 0x47a6f20, pImp.Info = 0x543c450, Info->RefCount = 2, Info->DeleteFunc = 0x7044b0, Info->Data = 0x47a6f20
    Object is valid. Adopting API-owned reference (RefCount=2).
===== GetThingWithScriptName END (Success) =====
--- Entity 'NewOakValeIntro/Entities/NOVI_Barrel': C++ OnPersist triggered. ---
--- Entity 'NewOakValeIntro/Entities/NOVI_Barrel': C++ OnPersist triggered. ---
--- Entity 'NewOakValeIntro/Entities/NOVI_Barrel': C++ OnPersist triggered. ---
--- Entity 'NewOakValeIntro/Entities/NOVI_Barrel': C++ OnPersist triggered. ---
--- Entity 'NewOakValeIntro/Entities/NOVI_Barrel': C++ OnPersist triggered. ---
--- Entity 'NewOakValeIntro/Entities/NOVI_Barrel': C++ OnPersist triggered. ---
--- Entity 'NewOakValeIntro/Entities/NOVI_Villager': C++ OnPersist triggered. ---
--- Entity 'NewOakValeIntro/Entities/NOVI_BarrelThug': C++ OnPersist triggered. ---
--- Entity 'NewOakValeIntro/Entities/NOVI_Bully': C++ OnPersist triggered. ---
--- Entity 'NewOakValeIntro/Entities/NOVI_Victim': C++ OnPersist triggered. ---
--- Entity 'NewOakValeIntro/Entities/NOVI_AffairMan': C++ OnPersist triggered. ---
--- Entity 'NewOakValeIntro/Entities/NOVI_AffairWoman': C++ OnPersist triggered. ---
--- Entity 'NewOakValeIntro/Entities/NOVI_BookTrader': C++ OnPersist triggered. ---
--- Entity 'NewOakValeIntro/Entities/NOVI_LiveFather': C++ OnPersist triggered. ---
--- Entity 'NewOakValeIntro/Entities/NOVI_Theresa': C++ OnPersist triggered. ---
--- Entity 'NewOakValeIntro/Entities/NOVI_Guard': C++ OnPersist triggered. ---
--- Entity 'NewOakValeIntro/Entities/NOVI_Guard': C++ OnPersist triggered. ---
--- Entity 'NewOakValeIntro/Entities/NOVI_Guard': C++ OnPersist triggered. ---
--- Entity 'NewOakValeIntro/Entities/NOVI_Barrel': C++ OnPersist triggered. ---
--- Entity 'NewOakValeIntro/Entities/NOVI_Barrel': C++ OnPersist triggered. ---
--- Entity 'NewOakValeIntro/Entities/NOVI_Villager': C++ OnPersist triggered. ---
--- Entity 'NewOakValeIntro/Entities/NOVI_Villager': C++ OnPersist triggered. ---
--- Entity 'NewOakValeIntro/Entities/NOVI_Villager': C++ OnPersist triggered. ---
--- Entity 'NewOakValeIntro/Entities/NOVI_Villager': C++ OnPersist triggered. ---
--- Entity 'NewOakValeIntro/Entities/NOVI_Villager': C++ OnPersist triggered. ---
--- Entity 'NewOakValeIntro/Entities/NOVI_Barrel': C++ OnPersist triggered. ---
--- Entity 'NewOakValeIntro/Entities/NOVI_Villager': C++ OnPersist triggered. ---
--- Entity 'NewOakValeIntro/Entities/NOVI_AffairWife': C++ OnPersist triggered. ---
--- Entity 'NewOakValeIntro/Entities/NOVI_Villager': C++ OnPersist triggered. ---
--- Entity 'NewOakValeIntro/Entities/NOVI_TeddyGirl': C++ OnPersist triggered. ---
--- Entity 'NewOakValeIntro/Entities/NOVI_BarrelMan': C++ OnPersist triggered. ---
--- Quest 'NewOakValeIntro/NewOakValeIntro': C++ OnPersist() triggered. ---
    [PERSIST] Transferring bool 'AttackOver'...
    [PERSIST] ...Value is now: false
    [LuaEntityAPI] Initializing handle with Helpers...
    [LuaEntityAPI] ...Helper1 returned false, skipped Helper2.
    [LuaEntityAPI] Acquiring script control for entity at priority 4...
    [LuaEntityAPI] ...Control acquired successfully.
    [LuaEntityAPI] Initializing handle with Helpers...
    [LuaEntityAPI] ...Helper1 returned false, skipped Helper2.
    [LuaEntityAPI] Acquiring script control for entity at priority 4...
    [LuaEntityAPI] ...Control acquired successfully.
    [LuaEntityAPI] Initializing handle with Helpers...
    [LuaEntityAPI] ...Helper1 returned false, skipped Helper2.
    [LuaEntityAPI] Acquiring script control for entity at priority 4...
    [LuaEntityAPI] ...Control acquired successfully.
===== GetThingWithScriptName START: 'NOVI_Bully' =====
    Calling GetThingWithScriptName_ByName_API with heap buffer...
    API call returned.
    Heap Buffer After API: CScriptThing* = 0x543c2e8, pVTable = 0x1238c8c (Matches Known VTable), WorldUID = 1741156926932128341, WrapperPos = (3602.62,859.519,13.7493), pImp.Data = 0x47a5bc0, pImp.Info = 0x5500a00, Info->RefCount = 3, Info->DeleteFunc = 0x7044b0, Info->Data = 0x47a5bc0
    Object is valid. Adopting API-owned reference (RefCount=3).
===== GetThingWithScriptName END (Success) =====
    [LuaEntityAPI] Initializing handle with Helpers...
    [LuaEntityAPI] ...Helper1 returned false, skipped Helper2.
    [LuaEntityAPI] Acquiring script control for entity at priority 4...
    [LuaEntityAPI] ...Control acquired successfully.
===== GetThingWithScriptName START: 'NOVI_AffairWoman' =====
    Calling GetThingWithScriptName_ByName_API with heap buffer...
    API call returned.
    Heap Buffer After API: CScriptThing* = 0x543c408, pVTable = 0x1238c8c (Matches Known VTable), WorldUID = 3468016904168286458, WrapperPos = (3481.45,825.929,16.3629), pImp.Data = 0x47a5030, pImp.Info = 0x5500028, Info->RefCount = 3, Info->DeleteFunc = 0x7044b0, Info->Data = 0x47a5030
    Object is valid. Adopting API-owned reference (RefCount=3).
===== GetThingWithScriptName END (Success) =====
===== GetThingWithScriptName START: 'NOVI_AffairWife' =====
    Calling GetThingWithScriptName_ByName_API with heap buffer...
    API call returned.
    Heap Buffer After API: CScriptThing* = 0x543c468, pVTable = 0x1238c8c (Matches Known VTable), WorldUID = 3468016904168286913, WrapperPos = (3550.59,853.561,9.00055), pImp.Data = 0x47a5ad0, pImp.Info = 0x5500658, Info->RefCount = 3, Info->DeleteFunc = 0x7044b0, Info->Data = 0x47a5ad0
    Object is valid. Adopting API-owned reference (RefCount=3).
===== GetThingWithScriptName END (Success) =====
    [LuaEntityAPI] Initializing handle with Helpers...
    [LuaEntityAPI] ...Helper1 returned false, skipped Helper2.
    [LuaEntityAPI] Acquiring script control for entity at priority 4...
    [LuaEntityAPI] ...Control acquired successfully.
===== GetThingWithScriptName START: 'NOVI_AffairWife' =====
    Calling GetThingWithScriptName_ByName_API with heap buffer...
    API call returned.
    Heap Buffer After API: CScriptThing* = 0x543c480, pVTable = 0x1238c8c (Matches Known VTable), WorldUID = 3468016904168286913, WrapperPos = (3550.59,853.561,9.00055), pImp.Data = 0x47a5ad0, pImp.Info = 0x5500658, Info->RefCount = 4, Info->DeleteFunc = 0x7044b0, Info->Data = 0x47a5ad0
    Object is valid. Adopting API-owned reference (RefCount=4).
===== GetThingWithScriptName END (Success) =====
===== GetThingWithScriptName START: 'NOVI_AffairMan' =====
    Calling GetThingWithScriptName_ByName_API with heap buffer...
    API call returned.
    Heap Buffer After API: CScriptThing* = 0x543c4e0, pVTable = 0x1238c8c (Matches Known VTable), WorldUID = 3468016904168286456, WrapperPos = (3480.42,825.966,16.4338), pImp.Data = 0x47a50d0, pImp.Info = 0x55000b8, Info->RefCount = 3, Info->DeleteFunc = 0x7044b0, Info->Data = 0x47a50d0
    Object is valid. Adopting API-owned reference (RefCount=3).
===== GetThingWithScriptName END (Success) =====
    [LuaEntityAPI] Initializing handle with Helpers...
    [LuaEntityAPI] ...Helper1 returned false, skipped Helper2.
    [LuaEntityAPI] Acquiring script control for entity at priority 3...
    [LuaEntityAPI] ...Control acquired successfully.
    [LuaEntityAPI] Initializing handle with Helpers...
    [LuaEntityAPI] ...Helper1 returned false, skipped Helper2.
    [LuaEntityAPI] Acquiring script control for entity at priority 4...
    [LuaEntityAPI] ...Control acquired successfully.
[NewOakValeIntro/NewOakValeIntro] --- Starting Movie Sequence ---
[NewOakValeIntro/NewOakValeIntro] --- Movie Sequence Started Successfully ---
[NewOakValeIntro/NewOakValeIntro] --- Running Cutscene with Custom Setup: CS_OAKVALE_INTRO_FATHER ---
[NewOakValeIntro/NewOakValeIntro]     [RunCutsceneWithSetup] Base handle constructed for actor 'Father'.
[NewOakValeIntro/NewOakValeIntro]     [RunCutsceneWithSetup] Initializing script handle for actor 'Father'.
[NewOakValeIntro/NewOakValeIntro]     [RunCutsceneWithSetup] Script handle initialized for actor 'Father'.
[NewOakValeIntro/NewOakValeIntro]     [RunCutsceneWithSetup] Reused existing script-control handle for actor 'Father'.
[NewOakValeIntro/NewOakValeIntro]     [RunCutsceneWithSetup] Actor identity 'Father': thing=0x157d80a0 thingData=0x47a52b0 resourceData=0x54f8520 resourceInfo=0x543c528
[NewOakValeIntro/NewOakValeIntro]     [RunCutsceneWithSetup] Actor 'Father' assigned to map.
[NewOakValeIntro/NewOakValeIntro]     [RunCutsceneWithSetup] Base handle constructed for actor 'Hero'.
[NewOakValeIntro/NewOakValeIntro]     [RunCutsceneWithSetup] Initializing script handle for actor 'Hero'.
[NewOakValeIntro/NewOakValeIntro]     [RunCutsceneWithSetup] Script handle initialized for actor 'Hero'.
[NewOakValeIntro/NewOakValeIntro]     [RunCutsceneWithSetup] Acquiring script control for actor 'Hero'.
[NewOakValeIntro/NewOakValeIntro]     [RunCutsceneWithSetup] Script control acquired for actor 'Hero'.
[NewOakValeIntro/NewOakValeIntro]     [RunCutsceneWithSetup] Actor identity 'Hero': thing=0x4fa0838 thingData=0xe1ccc80 resourceData=0x54f8820 resourceInfo=0x543c660
[NewOakValeIntro/NewOakValeIntro]     [RunCutsceneWithSetup] Actor 'Hero' assigned to map.
[NewOakValeIntro/NewOakValeIntro]     [RunCutsceneWithSetup] Reusing caller-owned movie sequence.
[NewOakValeIntro/NewOakValeIntro]     [RunCutsceneABI] macro='CS_OAKVALE_INTRO_FATHER' setupOptional=1 setup=0 skippableOptional=1 skippable=1 nativeStackOrder=flags,input,setup,skippable
[NewOakValeIntro/NewOakValeIntro]     [RunCutsceneWithSetup] >>>>> ENTERING BLOCKING RunCutsceneMacro_Func for 'CS_OAKVALE_INTRO_FATHER' <<<<<
    [CutsceneState] before 'CS_OAKVALE_INTRO_FATHER' gui=0x492ddb0 actionMode=0 guiActionMode=0 inCutscene=0 skippable=1 skippableWhilePaused=0 alternateSkipInput=0
[CutsceneSkipDiag] begin macro=CS_OAKVALE_INTRO_FATHER manager=0x492ddb0 inCutscene=0 skipped=0 skippable=1 skippableWhilePaused=0 alternateInput=0 promptPrimary=0 promptSkipScene=0 skipTimerActive=0
[CutsceneSkipDiag] SetCutsceneMode(inCutscene=1, second=1) macro=CS_OAKVALE_INTRO_FATHER manager=0x492ddb0 inCutscene=1 skipped=0 skippable=1 skippableWhilePaused=0 alternateInput=0 promptPrimary=0 promptSkipScene=0 skipTimerActive=1
===== GetThingWithScriptName START: 'M_TriggerOutro' =====
    Calling GetThingWithScriptName_ByName_API with heap buffer...
    API call returned.
    Heap Buffer After API: CScriptThing* = 0x543d3b0, pVTable = 0x1238c8c (Matches Known VTable), WorldUID = 3468016904168291015, WrapperPos = (3539.42,942.634,13.0913), pImp.Data = 0x47a30f0, pImp.Info = 0x5438d30, Info->RefCount = 2, Info->DeleteFunc = 0x7044b0, Info->Data = 0x47a30f0
    Object is valid. Adopting API-owned reference (RefCount=2).
===== GetThingWithScriptName END (Success) =====
    [LuaEntityAPI] Initializing handle with Helpers...
    [LuaEntityAPI] ...Helper1 returned false, skipped Helper2.
    [LuaEntityAPI] Acquiring script control for entity at priority 4...
    [LuaEntityAPI] ...Control acquired successfully.
===== PlayCombatAnimation_NonBlocking Wrapper START =====
===== PlayCombatAnimation_NonBlocking Wrapper END =====
[CutsceneMoveDiag] poll macro=CS_OAKVALE_INTRO_FATHER controller=0x54fa3e0 active=1
    [LuaEntityAPI] Initializing handle with Helpers...
    [LuaEntityAPI] ...Helper1 returned false, skipped Helper2.
    [LuaEntityAPI] Acquiring script control for entity at priority 3...
    [LuaEntityAPI] ...Control acquired successfully.
===== GetThingWithScriptName START: 'NOVI_Bully' =====
    Calling GetThingWithScriptName_ByName_API with heap buffer...
    API call returned.
    Heap Buffer After API: CScriptThing* = 0x5438e80, pVTable = 0x1238c8c (Matches Known VTable), WorldUID = 1741156926932128341, WrapperPos = (3602.62,859.519,13.7493), pImp.Data = 0x47a5bc0, pImp.Info = 0x5500a00, Info->RefCount = 4, Info->DeleteFunc = 0x7044b0, Info->Data = 0x47a5bc0
    Object is valid. Adopting API-owned reference (RefCount=4).
===== GetThingWithScriptName END (Success) =====
===== GetThingWithScriptName START: 'M_WHouse_ManStart' =====
    Calling GetThingWithScriptName_ByName_API with heap buffer...
    API call returned.
    Heap Buffer After API: CScriptThing* = 0x5438da8, pVTable = 0x1238c8c (Matches Known VTable), WorldUID = 1741156926932128444, WrapperPos = (3585.99,812.65,7), pImp.Data = 0x47a4b30, pImp.Info = 0x5438e08, Info->RefCount = 2, Info->DeleteFunc = 0x7044b0, Info->Data = 0x47a4b30
    Object is valid. Adopting API-owned reference (RefCount=2).
===== GetThingWithScriptName END (Success) =====
===== GetThingWithScriptName START: 'M_WHouse_GuardPoint' =====
    Calling GetThingWithScriptName_ByName_API with heap buffer...
    API call returned.
    Heap Buffer After API: CScriptThing* = 0x5438e50, pVTable = 0x1238c8c (Matches Known VTable), WorldUID = 1741156926932128443, WrapperPos = (3588.91,811.935,7), pImp.Data = 0x47a46d0, pImp.Info = 0x5438e68, Info->RefCount = 2, Info->DeleteFunc = 0x7044b0, Info->Data = 0x47a46d0
    Object is valid. Adopting API-owned reference (RefCount=2).
===== GetThingWithScriptName END (Success) =====
[NewOakValeIntro/NewOakValeIntro] NOVI_PROBE BarrelMan Main phase=0
===== MoveToPosition_NonBlocking Wrapper START =====
    [MoveToPositionDiag] thing=0x5ecf590 thingData=0x47a5bc0 handle=0x543c318 resourceData=0x54f82b0 destination=(3605.2,859.268,13.6059) radius=0 moveType=0 avoidObstacles=0 ignorePathPreferability=1
[CutsceneMoveDiag] issue macro=CS_OAKVALE_INTRO_FATHER controller=0x54f82b0 destination=(3605.2,859.268,13.6059) radius=0 moveType=0 b1=0 b2=1
===== MoveToPosition_NonBlocking Wrapper END =====
[CutsceneMoveDiag] poll macro=CS_OAKVALE_INTRO_FATHER controller=0x54f82b0 active=1
    [LuaEntityAPI::AcquireControl] Reusing live control handle for nested acquire (depth 1, requested priority 3).
[CutsceneMoveDiag] poll macro=CS_OAKVALE_INTRO_FATHER controller=0x54fa3e0 active=1
    [LuaEntityAPI::AcquireControl] Reusing live control handle for nested acquire (depth 1, requested priority 3).
[CutsceneMoveDiag] poll macro=CS_OAKVALE_INTRO_FATHER controller=0x54f82b0 active=1
[CutsceneMoveDiag] poll macro=CS_OAKVALE_INTRO_FATHER controller=0x54fa3e0 active=1
[CutsceneMoveDiag] poll macro=CS_OAKVALE_INTRO_FATHER controller=0x54f82b0 active=1
[CutsceneMoveDiag] poll macro=CS_OAKVALE_INTRO_FATHER controller=0x54fa3e0 active=1
[CutsceneMoveDiag] poll macro=CS_OAKVALE_INTRO_FATHER controller=0x54f82b0 active=1
[CutsceneMoveDiag] poll macro=CS_OAKVALE_INTRO_FATHER controller=0x54fa3e0 active=1
[CutsceneMoveDiag] poll macro=CS_OAKVALE_INTRO_FATHER controller=0x54f82b0 active=1
[CutsceneMoveDiag] poll macro=CS_OAKVALE_INTRO_FATHER controller=0x54fa3e0 active=1
[CutsceneMoveDiag] poll macro=CS_OAKVALE_INTRO_FATHER controller=0x54f82b0 active=1
===== PlayAnimation_NonBlocking Wrapper START =====
    [PlayAnimation_NonBlocking] Issuing PlayAnimation command for 'GIVE_HUG'...
    [PlayAnimation_NonBlocking] ...Command issued successfully.
===== PlayAnimation_NonBlocking Wrapper END =====
[CutsceneMoveDiag] poll macro=CS_OAKVALE_INTRO_FATHER controller=0x54f8400 active=0
===== PlayAnimation_NonBlocking Wrapper START =====
    [PlayAnimation_NonBlocking] Issuing PlayAnimation command for 'RECEIVE_HUG'...
    [PlayAnimation_NonBlocking] ...Command issued successfully.
===== PlayAnimation_NonBlocking Wrapper END =====
[CutsceneMoveDiag] poll macro=CS_OAKVALE_INTRO_FATHER controller=0x54fa3e0 active=1
[CutsceneMoveDiag] poll macro=CS_OAKVALE_INTRO_FATHER controller=0x54f82b0 active=1
[CutsceneMoveDiag] poll macro=CS_OAKVALE_INTRO_FATHER controller=0x54f83d0 active=1
[CutsceneMoveDiag] poll macro=CS_OAKVALE_INTRO_FATHER controller=0x54fa3e0 active=1
[CutsceneMoveDiag] poll macro=CS_OAKVALE_INTRO_FATHER controller=0x54f82b0 active=1
[CutsceneMoveDiag] poll macro=CS_OAKVALE_INTRO_FATHER controller=0x54f83d0 active=1
[CutsceneMoveDiag] poll macro=CS_OAKVALE_INTRO_FATHER controller=0x54fa3e0 active=1
[CutsceneMoveDiag] poll macro=CS_OAKVALE_INTRO_FATHER controller=0x54f82b0 active=1
[CutsceneMoveDiag] poll macro=CS_OAKVALE_INTRO_FATHER controller=0x54f83d0 active=1
[CutsceneMoveDiag] poll macro=CS_OAKVALE_INTRO_FATHER controller=0x54fa3e0 active=1
[CutsceneMoveDiag] poll macro=CS_OAKVALE_INTRO_FATHER controller=0x54f82b0 active=1
[CutsceneMoveDiag] poll macro=CS_OAKVALE_INTRO_FATHER controller=0x54f83d0 active=1
[CutsceneMoveDiag] poll macro=CS_OAKVALE_INTRO_FATHER controller=0x54fa3e0 active=1
[CutsceneMoveDiag] poll macro=CS_OAKVALE_INTRO_FATHER controller=0x54f82b0 active=1
[CutsceneMoveDiag] poll macro=CS_OAKVALE_INTRO_FATHER controller=0x54f83d0 active=1
[CutsceneMoveDiag] poll macro=CS_OAKVALE_INTRO_FATHER controller=0x54fa3e0 active=1
[CutsceneMoveDiag] poll macro=CS_OAKVALE_INTRO_FATHER controller=0x54f82b0 active=1
[CutsceneMoveDiag] poll macro=CS_OAKVALE_INTRO_FATHER controller=0x54f83d0 active=1
[CutsceneMoveDiag] poll macro=CS_OAKVALE_INTRO_FATHER controller=0x54fa3e0 active=1
[CutsceneMoveDiag] poll macro=CS_OAKVALE_INTRO_FATHER controller=0x54f82b0 active=1
[CutsceneMoveDiag] poll macro=CS_OAKVALE_INTRO_FATHER controller=0x54f83d0 active=1
[CutsceneMoveDiag] poll macro=CS_OAKVALE_INTRO_FATHER controller=0x54fa3e0 active=1
[CutsceneMoveDiag] poll macro=CS_OAKVALE_INTRO_FATHER controller=0x54f82b0 active=1
[CutsceneMoveDiag] poll macro=CS_OAKVALE_INTRO_FATHER controller=0x54f83d0 active=1
[CutsceneMoveDiag] poll macro=CS_OAKVALE_INTRO_FATHER controller=0x54fa3e0 active=1
[CutsceneMoveDiag] poll macro=CS_OAKVALE_INTRO_FATHER controller=0x54f82b0 active=1
[CutsceneMoveDiag] poll macro=CS_OAKVALE_INTRO_FATHER controller=0x54f83d0 active=1
[CutsceneMoveDiag] poll macro=CS_OAKVALE_INTRO_FATHER controller=0x54fa3e0 active=1
[CutsceneMoveDiag] poll macro=CS_OAKVALE_INTRO_FATHER controller=0x54f82b0 active=1
[CutsceneMoveDiag] poll macro=CS_OAKVALE_INTRO_FATHER controller=0x54f83d0 active=1
[CutsceneMoveDiag] poll macro=CS_OAKVALE_INTRO_FATHER controller=0x54fa3e0 active=1
[CutsceneMoveDiag] poll macro=CS_OAKVALE_INTRO_FATHER controller=0x54f82b0 active=1
[CutsceneMoveDiag] poll macro=CS_OAKVALE_INTRO_FATHER controller=0x54f83d0 active=1
[CutsceneMoveDiag] poll macro=CS_OAKVALE_INTRO_FATHER controller=0x54fa3e0 active=1
[CutsceneMoveDiag] poll macro=CS_OAKVALE_INTRO_FATHER controller=0x54f82b0 active=1
[CutsceneMoveDiag] poll macro=CS_OAKVALE_INTRO_FATHER controller=0x54f83d0 active=1
[CutsceneMoveDiag] poll macro=CS_OAKVALE_INTRO_FATHER controller=0x54fa3e0 active=1
[CutsceneMoveDiag] poll macro=CS_OAKVALE_INTRO_FATHER controller=0x54f82b0 active=1
[CutsceneMoveDiag] poll macro=CS_OAKVALE_INTRO_FATHER controller=0x54f83d0 active=1
[CutsceneMoveDiag] poll macro=CS_OAKVALE_INTRO_FATHER controller=0x54fa3e0 active=1
[CutsceneMoveDiag] poll macro=CS_OAKVALE_INTRO_FATHER controller=0x54f82b0 active=1
[CutsceneMoveDiag] poll macro=CS_OAKVALE_INTRO_FATHER controller=0x54f83d0 active=1
[CutsceneMoveDiag] poll macro=CS_OAKVALE_INTRO_FATHER controller=0x54fa3e0 active=1
[CutsceneMoveDiag] poll macro=CS_OAKVALE_INTRO_FATHER controller=0x54f82b0 active=1
[CutsceneMoveDiag] poll macro=CS_OAKVALE_INTRO_FATHER controller=0x54f83d0 active=1
[CutsceneMoveDiag] poll macro=CS_OAKVALE_INTRO_FATHER controller=0x54fa3e0 active=1
[CutsceneMoveDiag] poll macro=CS_OAKVALE_INTRO_FATHER controller=0x54f82b0 active=1
[CutsceneMoveDiag] poll macro=CS_OAKVALE_INTRO_FATHER controller=0x54f83d0 active=1
[CutsceneMoveDiag] poll macro=CS_OAKVALE_INTRO_FATHER controller=0x54fa3e0 active=1
[CutsceneMoveDiag] poll macro=CS_OAKVALE_INTRO_FATHER controller=0x54f82b0 active=1
[CutsceneMoveDiag] poll macro=CS_OAKVALE_INTRO_FATHER controller=0x54f83d0 active=1
[CutsceneMoveDiag] poll macro=CS_OAKVALE_INTRO_FATHER controller=0x54fa3e0 active=1
[CutsceneMoveDiag] poll macro=CS_OAKVALE_INTRO_FATHER controller=0x54f82b0 active=1
[CutsceneMoveDiag] poll macro=CS_OAKVALE_INTRO_FATHER controller=0x54f83d0 active=1
[CutsceneMoveDiag] poll macro=CS_OAKVALE_INTRO_FATHER controller=0x54fa3e0 active=1
[CutsceneMoveDiag] poll macro=CS_OAKVALE_INTRO_FATHER controller=0x54f82b0 active=1
[CutsceneMoveDiag] poll macro=CS_OAKVALE_INTRO_FATHER controller=0x54f83d0 active=1
[CutsceneMoveDiag] poll macro=CS_OAKVALE_INTRO_FATHER controller=0x54fa3e0 active=1
[CutsceneMoveDiag] poll macro=CS_OAKVALE_INTRO_FATHER controller=0x54f82b0 active=1
[CutsceneMoveDiag] poll macro=CS_OAKVALE_INTRO_FATHER controller=0x54f83d0 active=1
[CutsceneMoveDiag] poll macro=CS_OAKVALE_INTRO_FATHER controller=0x54fa3e0 active=1
[CutsceneMoveDiag] poll macro=CS_OAKVALE_INTRO_FATHER controller=0x54f82b0 active=1
[CutsceneMoveDiag] poll macro=CS_OAKVALE_INTRO_FATHER controller=0x54f83d0 active=1
[CutsceneMoveDiag] poll macro=CS_OAKVALE_INTRO_FATHER controller=0x54fa3e0 active=1
[CutsceneMoveDiag] poll macro=CS_OAKVALE_INTRO_FATHER controller=0x54f82b0 active=1
[CutsceneMoveDiag] poll macro=CS_OAKVALE_INTRO_FATHER controller=0x54f83d0 active=1
[CutsceneMoveDiag] poll macro=CS_OAKVALE_INTRO_FATHER controller=0x54fa3e0 active=1
[CutsceneMoveDiag] poll macro=CS_OAKVALE_INTRO_FATHER controller=0x54f82b0 active=1
[CutsceneMoveDiag] poll macro=CS_OAKVALE_INTRO_FATHER controller=0x54f83d0 active=1
[CutsceneMoveDiag] poll macro=CS_OAKVALE_INTRO_FATHER controller=0x54fa3e0 active=1
[CutsceneMoveDiag] poll macro=CS_OAKVALE_INTRO_FATHER controller=0x54f82b0 active=1
[CutsceneMoveDiag] poll macro=CS_OAKVALE_INTRO_FATHER controller=0x54f83d0 active=1
[CutsceneMoveDiag] poll macro=CS_OAKVALE_INTRO_FATHER controller=0x54fa3e0 active=1
[CutsceneMoveDiag] poll macro=CS_OAKVALE_INTRO_FATHER controller=0x54f82b0 active=1
[CutsceneMoveDiag] poll macro=CS_OAKVALE_INTRO_FATHER controller=0x54f83d0 active=1
[CutsceneMoveDiag] poll macro=CS_OAKVALE_INTRO_FATHER controller=0x54fa3e0 active=1
[CutsceneMoveDiag] poll macro=CS_OAKVALE_INTRO_FATHER controller=0x54f82b0 active=1
[CutsceneMoveDiag] poll macro=CS_OAKVALE_INTRO_FATHER controller=0x54f83d0 active=1
[CutsceneMoveDiag] poll macro=CS_OAKVALE_INTRO_FATHER controller=0x54fa3e0 active=1
[CutsceneMoveDiag] poll macro=CS_OAKVALE_INTRO_FATHER controller=0x54f82b0 active=1
[CutsceneMoveDiag] poll macro=CS_OAKVALE_INTRO_FATHER controller=0x54f83d0 active=1
[CutsceneMoveDiag] poll macro=CS_OAKVALE_INTRO_FATHER controller=0x54fa3e0 active=1
[CutsceneMoveDiag] poll macro=CS_OAKVALE_INTRO_FATHER controller=0x54f82b0 active=1
[CutsceneMoveDiag] poll macro=CS_OAKVALE_INTRO_FATHER controller=0x54f83d0 active=1
[CutsceneMoveDiag] poll macro=CS_OAKVALE_INTRO_FATHER controller=0x54fa3e0 active=1
[CutsceneMoveDiag] poll macro=CS_OAKVALE_INTRO_FATHER controller=0x54f82b0 active=1
[CutsceneMoveDiag] poll macro=CS_OAKVALE_INTRO_FATHER controller=0x54f83d0 active=1
[CutsceneMoveDiag] poll macro=CS_OAKVALE_INTRO_FATHER controller=0x54fa3e0 active=1
[CutsceneMoveDiag] poll macro=CS_OAKVALE_INTRO_FATHER controller=0x54f82b0 active=0
===== GetThingWithScriptName START: 'NOVI_Victim' =====
    Calling GetThingWithScriptName_ByName_API with heap buffer...
    API call returned.
    Heap Buffer After API: CScriptThing* = 0x1820bf08, pVTable = 0x1238c8c (Matches Known VTable), WorldUID = 1741156926932128342, WrapperPos = (3602.53,857.217,13.6224), pImp.Data = 0x47a5c60, pImp.Info = 0x5500790, Info->RefCount = 3, Info->DeleteFunc = 0x7044b0, Info->Data = 0x47a5c60
    Object is valid. Adopting API-owned reference (RefCount=3).
===== GetThingWithScriptName END (Success) =====
    [LuaEntityAPI::AcquireControl] Reusing live control handle for nested acquire (depth 1, requested priority 4).
[CutsceneMoveDiag] poll macro=CS_OAKVALE_INTRO_FATHER controller=0x54f83d0 active=1
[CutsceneMoveDiag] poll macro=CS_OAKVALE_INTRO_FATHER controller=0x54fa3e0 active=1
[CutsceneMoveDiag] poll macro=CS_OAKVALE_INTRO_FATHER controller=0x54f83d0 active=1
[CutsceneMoveDiag] poll macro=CS_OAKVALE_INTRO_FATHER controller=0x54fa3e0 active=1
[CutsceneMoveDiag] poll macro=CS_OAKVALE_INTRO_FATHER controller=0x54f83d0 active=1
[CutsceneMoveDiag] poll macro=CS_OAKVALE_INTRO_FATHER controller=0x54fa3e0 active=1
[CutsceneMoveDiag] poll macro=CS_OAKVALE_INTRO_FATHER controller=0x54f83d0 active=1
[CutsceneMoveDiag] poll macro=CS_OAKVALE_INTRO_FATHER controller=0x54fa3e0 active=1
[CutsceneMoveDiag] poll macro=CS_OAKVALE_INTRO_FATHER controller=0x54f83d0 active=1
[CutsceneMoveDiag] poll macro=CS_OAKVALE_INTRO_FATHER controller=0x54fa3e0 active=1
[CutsceneMoveDiag] poll macro=CS_OAKVALE_INTRO_FATHER controller=0x54f83d0 active=1
[CutsceneSkipDiag] end macro=CS_OAKVALE_INTRO_FATHER manager=0x492ddb0 inCutscene=0 skipped=0 skippable=1 skippableWhilePaused=0 alternateInput=0 promptPrimary=0 promptSkipScene=0 skipTimerActive=1
    [CutsceneState] after 'CS_OAKVALE_INTRO_FATHER' gui=0x492ddb0 actionMode=0 guiActionMode=0 inCutscene=0 skippable=1 skippableWhilePaused=0 alternateSkipInput=0
[NewOakValeIntro/NewOakValeIntro]     [RunCutsceneWithSetup] >>>>> EXITED BLOCKING RunCutsceneMacro_Func <<<<<
[NewOakValeIntro/NewOakValeIntro]     Releasing cutscene actor handles...
[NewOakValeIntro/NewOakValeIntro]     Destructing actor map object...
[NewOakValeIntro/NewOakValeIntro] --- Cutscene Execution Completed ---
===== PlayAnimation_NonBlocking Wrapper START =====
    [PlayAnimation_NonBlocking] Issuing PlayAnimation command for 'GIVE_KISS'...
    [PlayAnimation_NonBlocking] ...Command issued successfully.
===== PlayAnimation_NonBlocking Wrapper END =====
===== PlayAnimation_NonBlocking Wrapper START =====
    [PlayAnimation_NonBlocking] Issuing PlayAnimation command for 'RECEIVE_KISS'...
    [PlayAnimation_NonBlocking] ...Command issued successfully.
===== PlayAnimation_NonBlocking Wrapper END =====
[NewOakValeIntro/NewOakValeIntro] --- Ending Movie Sequence ---
[NewOakValeIntro/NewOakValeIntro]     Destroying movie resource object...
[NewOakValeIntro/NewOakValeIntro]     Freeing movie handle memory...
[NewOakValeIntro/NewOakValeIntro] --- Movie Sequence Ended Successfully ---
    [LuaEntityAPI::AcquireControl] Reusing live control handle for nested acquire (depth 1, requested priority 4).
===== PlayCombatAnimation_NonBlocking Wrapper START =====
===== PlayCombatAnimation_NonBlocking Wrapper END =====
===== PlayAnimation_NonBlocking Wrapper START =====
    [PlayAnimation_NonBlocking] Issuing PlayAnimation command for 'GIVE_HUG'...
    [PlayAnimation_NonBlocking] ...Command issued successfully.
===== PlayAnimation_NonBlocking Wrapper END =====
===== PlayAnimation_NonBlocking Wrapper START =====
    [PlayAnimation_NonBlocking] Issuing PlayAnimation command for 'RECEIVE_HUG'...
    [PlayAnimation_NonBlocking] ...Command issued successfully.
===== PlayAnimation_NonBlocking Wrapper END =====
===== PlayCombatAnimation_NonBlocking Wrapper START =====
===== PlayCombatAnimation_NonBlocking Wrapper END =====
===== PlayAnimation_NonBlocking Wrapper START =====
    [PlayAnimation_NonBlocking] Issuing PlayAnimation command for 'GIVE_KISS'...
    [PlayAnimation_NonBlocking] ...Command issued successfully.
===== PlayAnimation_NonBlocking Wrapper END =====
===== PlayAnimation_NonBlocking Wrapper START =====
    [PlayAnimation_NonBlocking] Issuing PlayAnimation command for 'RECEIVE_KISS'...
    [PlayAnimation_NonBlocking] ...Command issued successfully.
===== PlayAnimation_NonBlocking Wrapper END =====
===== PlayAnimation_NonBlocking Wrapper START =====
    [PlayAnimation_NonBlocking] Issuing PlayAnimation command for 'GIVE_HUG'...
    [PlayAnimation_NonBlocking] ...Command issued successfully.
===== PlayAnimation_NonBlocking Wrapper END =====
===== PlayAnimation_NonBlocking Wrapper START =====
    [PlayAnimation_NonBlocking] Issuing PlayAnimation command for 'RECEIVE_HUG'...
    [PlayAnimation_NonBlocking] ...Command issued successfully.
===== PlayAnimation_NonBlocking Wrapper END =====
[NewOakValeIntro/NewOakValeIntro] --- Starting Movie Sequence ---
[NewOakValeIntro/NewOakValeIntro] --- Movie Sequence Started Successfully ---
    [LuaEntityAPI::AcquireControl] Reusing live control handle for nested acquire (depth 1, requested priority 4).
===== ClearAllActions_NonBlocking Wrapper START =====
    [ClearAllActions_NonBlocking] Issuing command...
    [ClearAllActions_NonBlocking] ...Command issued successfully.
===== ClearAllActions_NonBlocking Wrapper END =====
===== ClearCommands_NonBlocking Wrapper START =====
===== ClearCommands_NonBlocking Wrapper END =====
===== Speak_Blocking Wrapper START =====
    [Speak_Blocking] Issuing 'Speak' command...
  Parameters:
    Target: 0x04FA0838
    Key: TEXT_QST_048_AFFAIRMAN_INTRO
    Method: 0
    Listen: false
    2D Sound: true
    Over Fade: false
    [Speak_Blocking] ...'Speak' command issued successfully.
    [Speak_Blocking] Entering wait loop...
===== PlayCombatAnimation_NonBlocking Wrapper START =====
===== PlayCombatAnimation_NonBlocking Wrapper END =====
    [Speak_Blocking] ...Wait loop finished after 58 frames.
[NewOakValeIntro/NewOakValeIntro] --- GiveHeroYesNoQuestion START ---
[NewOakValeIntro/NewOakValeIntro]     Question: TEXT_QST_048_AFFAIRMAN_QUESTION_WILL_YOU_TELL
[NewOakValeIntro/NewOakValeIntro]     Button 1: TEXT_OBJECT_HERO_ANSWER_YES
[NewOakValeIntro/NewOakValeIntro]     Button 2: TEXT_OBJECT_HERO_ANSWER_NO
[NewOakValeIntro/NewOakValeIntro]     Button 3: 
[NewOakValeIntro/NewOakValeIntro] --- GiveHeroYesNoQuestion END ---
===== Speak_Blocking Wrapper START =====
    [Speak_Blocking] Issuing 'Speak' command...
  Parameters:
    Target: 0x04FA0838
    Key: TEXT_QST_048_AFFAIRMAN_GOOD_LAD
    Method: 0
    Listen: false
    2D Sound: true
    Over Fade: false
    [Speak_Blocking] ...'Speak' command issued successfully.
    [Speak_Blocking] Entering wait loop...
===== PlayCombatAnimation_NonBlocking Wrapper START =====
===== PlayCombatAnimation_NonBlocking Wrapper END =====
    [Speak_Blocking] ...Wait loop finished after 38 frames.
    [LuaEntityAPI] Releasing script control handle...
    [LuaEntityAPI] Nested release: outer control handle retained (depth 0).
[NewOakValeIntro/NewOakValeIntro] --- Ending Movie Sequence ---
[NewOakValeIntro/NewOakValeIntro]     Destroying movie resource object...
[NewOakValeIntro/NewOakValeIntro]     Freeing movie handle memory...
[NewOakValeIntro/NewOakValeIntro] --- Movie Sequence Ended Successfully ---
===== PlayAnimation_NonBlocking Wrapper START =====
    [PlayAnimation_NonBlocking] Issuing PlayAnimation command for 'GIVE_KISS'...
    [PlayAnimation_NonBlocking] ...Command issued successfully.
===== PlayAnimation_NonBlocking Wrapper END =====
===== PlayAnimation_NonBlocking Wrapper START =====
    [PlayAnimation_NonBlocking] Issuing PlayAnimation command for 'RECEIVE_KISS'...
    [PlayAnimation_NonBlocking] ...Command issued successfully.
===== PlayAnimation_NonBlocking Wrapper END =====
===== PlayCombatAnimation_NonBlocking Wrapper START =====
===== PlayCombatAnimation_NonBlocking Wrapper END =====
===== PlayAnimation_NonBlocking Wrapper START =====
    [PlayAnimation_NonBlocking] Issuing PlayAnimation command for 'GIVE_KISS'...
    [PlayAnimation_NonBlocking] ...Command issued successfully.
===== PlayAnimation_NonBlocking Wrapper END =====
===== PlayAnimation_NonBlocking Wrapper START =====
    [PlayAnimation_NonBlocking] Issuing PlayAnimation command for 'RECEIVE_KISS'...
    [PlayAnimation_NonBlocking] ...Command issued successfully.
===== PlayAnimation_NonBlocking Wrapper END =====
===== PlayCombatAnimation_NonBlocking Wrapper START =====
===== PlayCombatAnimation_NonBlocking Wrapper END =====
===== PlayAnimation_NonBlocking Wrapper START =====
    [PlayAnimation_NonBlocking] Issuing PlayAnimation command for 'GIVE_HUG'...
    [PlayAnimation_NonBlocking] ...Command issued successfully.
===== PlayAnimation_NonBlocking Wrapper END =====
===== PlayAnimation_NonBlocking Wrapper START =====
    [PlayAnimation_NonBlocking] Issuing PlayAnimation command for 'RECEIVE_HUG'...
    [PlayAnimation_NonBlocking] ...Command issued successfully.
===== PlayAnimation_NonBlocking Wrapper END =====
===== PlayCombatAnimation_NonBlocking Wrapper START =====
===== PlayCombatAnimation_NonBlocking Wrapper END =====
===== PlayAnimation_NonBlocking Wrapper START =====
    [PlayAnimation_NonBlocking] Issuing PlayAnimation command for 'GIVE_HUG'...
    [PlayAnimation_NonBlocking] ...Command issued successfully.
===== PlayAnimation_NonBlocking Wrapper END =====
===== PlayAnimation_NonBlocking Wrapper START =====
    [PlayAnimation_NonBlocking] Issuing PlayAnimation command for 'RECEIVE_HUG'...
    [PlayAnimation_NonBlocking] ...Command issued successfully.
===== PlayAnimation_NonBlocking Wrapper END =====
[NewOakValeIntro/NewOakValeIntro] --- Starting Movie Sequence ---
[NewOakValeIntro/NewOakValeIntro] --- Movie Sequence Started Successfully ---
    [LuaEntityAPI::AcquireControl] Reusing live control handle for nested acquire (depth 2, requested priority 4).
===== Speak_Blocking Wrapper START =====
    [Speak_Blocking] Issuing 'Speak' command...
  Parameters:
    Target: 0x04FA0838
    Key: TEXT_QST_048_AFFAIR_WIFE_LAYABOUT
    Method: 0
    Listen: false
    2D Sound: true
    Over Fade: false
    [Speak_Blocking] ...'Speak' command issued successfully.
    [Speak_Blocking] Entering wait loop...
===== PlayAnimation_NonBlocking Wrapper START =====
    [PlayAnimation_NonBlocking] Issuing PlayAnimation command for 'GIVE_HUG'...
    [PlayAnimation_NonBlocking] ...Command issued successfully.
===== PlayAnimation_NonBlocking Wrapper END =====
===== PlayAnimation_NonBlocking Wrapper START =====
    [PlayAnimation_NonBlocking] Issuing PlayAnimation command for 'RECEIVE_HUG'...
    [PlayAnimation_NonBlocking] ...Command issued successfully.
===== PlayAnimation_NonBlocking Wrapper END =====
===== PlayCombatAnimation_NonBlocking Wrapper START =====
===== PlayCombatAnimation_NonBlocking Wrapper END =====
    [Speak_Blocking] ...Wait loop finished after 43 frames.
[NewOakValeIntro/NewOakValeIntro] --- GiveHeroYesNoQuestion START ---
[NewOakValeIntro/NewOakValeIntro]     Question: TEXT_QST_048_AFFAIR_WIFE_QUESTION
[NewOakValeIntro/NewOakValeIntro]     Button 1: TEXT_OBJECT_HERO_ANSWER_YES
[NewOakValeIntro/NewOakValeIntro]     Button 2: TEXT_OBJECT_HERO_ANSWER_NO
[NewOakValeIntro/NewOakValeIntro]     Button 3: 
===== PlayAnimation_NonBlocking Wrapper START =====
    [PlayAnimation_NonBlocking] Issuing PlayAnimation command for 'GIVE_HUG'...
    [PlayAnimation_NonBlocking] ...Command issued successfully.
===== PlayAnimation_NonBlocking Wrapper END =====
===== PlayAnimation_NonBlocking Wrapper START =====
    [PlayAnimation_NonBlocking] Issuing PlayAnimation command for 'RECEIVE_HUG'...
    [PlayAnimation_NonBlocking] ...Command issued successfully.
===== PlayAnimation_NonBlocking Wrapper END =====
[NewOakValeIntro/NewOakValeIntro] --- GiveHeroYesNoQuestion END ---
===== Speak_Blocking Wrapper START =====
    [Speak_Blocking] Issuing 'Speak' command...
  Parameters:
    Target: 0x04FA0838
    Key: TEXT_QST_048_AFFAIR_WIFE_THANKYOU
    Method: 0
    Listen: false
    2D Sound: true
    Over Fade: false
    [Speak_Blocking] ...'Speak' command issued successfully.
    [Speak_Blocking] Entering wait loop...
    [Speak_Blocking] ...Wait loop finished after 27 frames.
    [LuaEntityAPI] Releasing script control handle...
    [LuaEntityAPI] Nested release: outer control handle retained (depth 1).
[NewOakValeIntro/NewOakValeIntro] --- Ending Movie Sequence ---
[NewOakValeIntro/NewOakValeIntro]     Destroying movie resource object...
[NewOakValeIntro/NewOakValeIntro]     Freeing movie handle memory...
[NewOakValeIntro/NewOakValeIntro] --- Movie Sequence Ended Successfully ---
===== GetThingWithScriptName START: 'NOVI_AffairMan' =====
    Calling GetThingWithScriptName_ByName_API with heap buffer...
    API call returned.
    Heap Buffer After API: CScriptThing* = 0x18276f40, pVTable = 0x1238c8c (Matches Known VTable), WorldUID = 3468016904168286456, WrapperPos = (3480.42,825.966,16.4338), pImp.Data = 0x47a50d0, pImp.Info = 0x55000b8, Info->RefCount = 4, Info->DeleteFunc = 0x7044b0, Info->Data = 0x47a50d0
    Object is valid. Adopting API-owned reference (RefCount=4).
===== GetThingWithScriptName END (Success) =====
[NewOakValeIntro/NewOakValeIntro] NOVI_PROBE AffairWife ROUTE_START husband_def=CREATURE_OAKVALE_VILLAGER_MALE_UNEMPLOYED husband_data=NULL wife=(3550.592,853.561,9.001) husband=(3480.423,825.966,16.434) distance=75.765
===== MoveToPosition_NonBlocking Wrapper START =====
    [MoveToPositionDiag] thing=0x588f5b8 thingData=0x47a5ad0 handle=0x5438df0 resourceData=0x54fa2c0 destination=(3480.42,825.966,16.4338) radius=2 moveType=1 avoidObstacles=0 ignorePathPreferability=1
===== MoveToPosition_NonBlocking Wrapper END =====
===== PlayAnimation_NonBlocking Wrapper START =====
    [PlayAnimation_NonBlocking] Issuing PlayAnimation command for 'GIVE_KISS'...
    [PlayAnimation_NonBlocking] ...Command issued successfully.
===== PlayAnimation_NonBlocking Wrapper END =====
===== PlayAnimation_NonBlocking Wrapper START =====
    [PlayAnimation_NonBlocking] Issuing PlayAnimation command for 'RECEIVE_KISS'...
    [PlayAnimation_NonBlocking] ...Command issued successfully.
===== PlayAnimation_NonBlocking Wrapper END =====
===== PlayCombatAnimation_NonBlocking Wrapper START =====
===== PlayCombatAnimation_NonBlocking Wrapper END =====
===== PlayAnimation_NonBlocking Wrapper START =====
    [PlayAnimation_NonBlocking] Issuing PlayAnimation command for 'GIVE_HUG'...
    [PlayAnimation_NonBlocking] ...Command issued successfully.
===== PlayAnimation_NonBlocking Wrapper END =====
===== PlayAnimation_NonBlocking Wrapper START =====
    [PlayAnimation_NonBlocking] Issuing PlayAnimation command for 'RECEIVE_HUG'...
    [PlayAnimation_NonBlocking] ...Command issued successfully.
===== PlayAnimation_NonBlocking Wrapper END =====
===== PlayCombatAnimation_NonBlocking Wrapper START =====
===== PlayCombatAnimation_NonBlocking Wrapper END =====
===== PlayAnimation_NonBlocking Wrapper START =====
    [PlayAnimation_NonBlocking] Issuing PlayAnimation command for 'GIVE_HUG'...
    [PlayAnimation_NonBlocking] ...Command issued successfully.
===== PlayAnimation_NonBlocking Wrapper END =====
===== PlayAnimation_NonBlocking Wrapper START =====
    [PlayAnimation_NonBlocking] Issuing PlayAnimation command for 'RECEIVE_HUG'...
    [PlayAnimation_NonBlocking] ...Command issued successfully.
===== PlayAnimation_NonBlocking Wrapper END =====
    [LuaEntityAPI] Initializing handle with Helpers...
    [LuaEntityAPI] ...Helper1 returned false, skipped Helper2.
    [LuaEntityAPI] Acquiring script control for entity at priority 4...
    [LuaEntityAPI] ...Control acquired successfully.
===== FollowThing_NonBlocking Wrapper START =====
===== FollowThing_NonBlocking Wrapper END =====
===== PlayAnimation_NonBlocking Wrapper START =====
    [PlayAnimation_NonBlocking] Issuing PlayAnimation command for 'GIVE_HUG'...
    [PlayAnimation_NonBlocking] ...Command issued successfully.
===== PlayAnimation_NonBlocking Wrapper END =====
===== PlayAnimation_NonBlocking Wrapper START =====
    [PlayAnimation_NonBlocking] Issuing PlayAnimation command for 'RECEIVE_HUG'...
    [PlayAnimation_NonBlocking] ...Command issued successfully.
===== PlayAnimation_NonBlocking Wrapper END =====
===== PlayCombatAnimation_NonBlocking Wrapper START =====
===== PlayCombatAnimation_NonBlocking Wrapper END =====
    [LuaEntityAPI] Initializing handle with Helpers...
    [LuaEntityAPI] ...Helper1 returned false, skipped Helper2.
    [LuaEntityAPI] Acquiring script control for entity at priority 4...
    [LuaEntityAPI] ...Control acquired successfully.
[NewOakValeIntro/NewOakValeIntro] --- Starting Movie Sequence ---
[NewOakValeIntro/NewOakValeIntro] --- Movie Sequence Started Successfully ---
[NewOakValeIntro/NewOakValeIntro] NOVI_PROBE BarrelMan ASK_FAVOUR entered
[NewOakValeIntro/NewOakValeIntro] Registered game timer with ID: 3
===== MoveToPosition_NonBlocking Wrapper START =====
    [MoveToPositionDiag] thing=0x5a491d8 thingData=0x47a61b0 handle=0x18317b50 resourceData=0x1821e630 destination=(3571.21,828.854,8.93189) radius=2 moveType=1 avoidObstacles=0 ignorePathPreferability=1
===== MoveToPosition_NonBlocking Wrapper END =====
===== PlayAnimation_NonBlocking Wrapper START =====
    [PlayAnimation_NonBlocking] Issuing PlayAnimation command for 'GIVE_KISS'...
    [PlayAnimation_NonBlocking] ...Command issued successfully.
===== PlayAnimation_NonBlocking Wrapper END =====
===== PlayAnimation_NonBlocking Wrapper START =====
    [PlayAnimation_NonBlocking] Issuing PlayAnimation command for 'RECEIVE_KISS'...
    [PlayAnimation_NonBlocking] ...Command issued successfully.
===== PlayAnimation_NonBlocking Wrapper END =====
===== Speak_Blocking Wrapper START =====
    [Speak_Blocking] Issuing 'Speak' command...
  Parameters:
    Target: 0x04FA0838
    Key: TEXT_QST_048_BARRELMAN_FAVOUR
    Method: 0
    Listen: false
    2D Sound: true
    Over Fade: false
    [Speak_Blocking] ...'Speak' command issued successfully.
    [Speak_Blocking] Entering wait loop...
===== PlayCombatAnimation_NonBlocking Wrapper START =====
===== PlayCombatAnimation_NonBlocking Wrapper END =====
===== PlayAnimation_NonBlocking Wrapper START =====
    [PlayAnimation_NonBlocking] Issuing PlayAnimation command for 'GIVE_KISS'...
    [PlayAnimation_NonBlocking] ...Command issued successfully.
===== PlayAnimation_NonBlocking Wrapper END =====
===== PlayAnimation_NonBlocking Wrapper START =====
    [PlayAnimation_NonBlocking] Issuing PlayAnimation command for 'RECEIVE_KISS'...
    [PlayAnimation_NonBlocking] ...Command issued successfully.
===== PlayAnimation_NonBlocking Wrapper END =====
===== PlayAnimation_NonBlocking Wrapper START =====
    [PlayAnimation_NonBlocking] Issuing PlayAnimation command for 'GIVE_HUG'...
    [PlayAnimation_NonBlocking] ...Command issued successfully.
===== PlayAnimation_NonBlocking Wrapper END =====
===== PlayAnimation_NonBlocking Wrapper START =====
    [PlayAnimation_NonBlocking] Issuing PlayAnimation command for 'RECEIVE_HUG'...
    [PlayAnimation_NonBlocking] ...Command issued successfully.
===== PlayAnimation_NonBlocking Wrapper END =====
    [Speak_Blocking] ...Wait loop finished after 82 frames.
===== PlayCombatAnimation_NonBlocking Wrapper START =====
===== PlayCombatAnimation_NonBlocking Wrapper END =====
===== GetThingWithScriptName START: 'M_WHouse_GuardPoint' =====
    Calling GetThingWithScriptName_ByName_API with heap buffer...
    API call returned.
    Heap Buffer After API: CScriptThing* = 0x182eb080, pVTable = 0x1238c8c (Matches Known VTable), WorldUID = 1741156926932128443, WrapperPos = (3588.91,811.935,7), pImp.Data = 0x47a46d0, pImp.Info = 0x5438e68, Info->RefCount = 3, Info->DeleteFunc = 0x7044b0, Info->Data = 0x47a46d0
    Object is valid. Adopting API-owned reference (RefCount=3).
===== GetThingWithScriptName END (Success) =====
===== GetThingWithScriptName START: 'M_BarrelManHiddenPos' =====
    Calling GetThingWithScriptName_ByName_API with heap buffer...
    API call returned.
    Heap Buffer After API: CScriptThing* = 0x182eb0c8, pVTable = 0x1238c8c (Matches Known VTable), WorldUID = 1741156926932128452, WrapperPos = (3653.63,828.857,6.1503), pImp.Data = 0x182bb1c8, pImp.Info = 0x182eb050, Info->RefCount = 2, Info->DeleteFunc = 0x7044b0, Info->Data = 0x182bb1c8
    Object is valid. Adopting API-owned reference (RefCount=2).
===== GetThingWithScriptName END (Success) =====
[NewOakValeIntro/NewOakValeIntro] NOVI_PROBE BarrelMan TIMER_ARMED id=2 value=45
[NewOakValeIntro/NewOakValeIntro] Deregistered game timer with ID: 3
[NewOakValeIntro/NewOakValeIntro] --- Ending Movie Sequence ---
[NewOakValeIntro/NewOakValeIntro]     Destroying movie resource object...
[NewOakValeIntro/NewOakValeIntro] NOVI_PROBE StartBarrelTimer armed value=45
    [QuestInfoEvidence] AddQuestInfoBar(current=45.000000, max=0.000000, texture='HUD_CLOCK_ICON', scale=1.000000) returned handle 2.
===== GetThingWithScriptName START: 'M_WHouse_GuardPoint' =====
    Calling GetThingWithScriptName_ByName_API with heap buffer...
    API call returned.
    Heap Buffer After API: CScriptThing* = 0x182f1eb0, pVTable = 0x1238c8c (Matches Known VTable), WorldUID = 1741156926932128443, WrapperPos = (3588.91,811.935,7), pImp.Data = 0x47a46d0, pImp.Info = 0x5438e68, Info->RefCount = 4, Info->DeleteFunc = 0x7044b0, Info->Data = 0x47a46d0
    Object is valid. Adopting API-owned reference (RefCount=4).
===== GetThingWithScriptName END (Success) =====
===== GetThingWithScriptName START: 'M_WHouse_ManStart' =====
    Calling GetThingWithScriptName_ByName_API with heap buffer...
    API call returned.
    Heap Buffer After API: CScriptThing* = 0x182f1ee0, pVTable = 0x1238c8c (Matches Known VTable), WorldUID = 1741156926932128444, WrapperPos = (3585.99,812.65,7), pImp.Data = 0x47a4b30, pImp.Info = 0x5438e08, Info->RefCount = 3, Info->DeleteFunc = 0x7044b0, Info->Data = 0x47a4b30
    Object is valid. Adopting API-owned reference (RefCount=3).
===== GetThingWithScriptName END (Success) =====
[NewOakValeIntro/NewOakValeIntro]     Freeing movie handle memory...
[NewOakValeIntro/NewOakValeIntro] --- Movie Sequence Ended Successfully ---
[NewOakValeIntro/NewOakValeIntro] NOVI_PROBE StartBarrelTimer update bar=2 value=45
[NewOakValeIntro/NewOakValeIntro] NOVI_PROBE BarrelMan AWAY watchTimer=2 value=45
===== PlayAnimation_NonBlocking Wrapper START =====
    [PlayAnimation_NonBlocking] Issuing PlayAnimation command for 'GIVE_KISS'...
    [PlayAnimation_NonBlocking] ...Command issued successfully.
===== PlayAnimation_NonBlocking Wrapper END =====
===== PlayAnimation_NonBlocking Wrapper START =====
    [PlayAnimation_NonBlocking] Issuing PlayAnimation command for 'RECEIVE_KISS'...
    [PlayAnimation_NonBlocking] ...Command issued successfully.
===== PlayAnimation_NonBlocking Wrapper END =====
[NewOakValeIntro/NewOakValeIntro] NOVI_PROBE StartBarrelTimer update bar=2 value=44
[NewOakValeIntro/NewOakValeIntro] NOVI_PROBE StartBarrelTimer update bar=2 value=43
[NewOakValeIntro/NewOakValeIntro] NOVI_PROBE StartBarrelTimer update bar=2 value=42
[NewOakValeIntro/NewOakValeIntro] --- Starting Movie Sequence ---
[NewOakValeIntro/NewOakValeIntro] --- Movie Sequence Started Successfully ---
===== Speak_Blocking Wrapper START =====
    [Speak_Blocking] Issuing 'Speak' command...
  Parameters:
    Target: 0x04FA0838
    Key: TEXT_QST_048_BARRELTHUG_EXPLAIN
    Method: 0
    Listen: false
    2D Sound: true
    Over Fade: false
    [Speak_Blocking] ...'Speak' command issued successfully.
    [Speak_Blocking] Entering wait loop...
===== PlayCombatAnimation_NonBlocking Wrapper START =====
===== PlayCombatAnimation_NonBlocking Wrapper END =====
===== PlayAnimation_NonBlocking Wrapper START =====
    [PlayAnimation_NonBlocking] Issuing PlayAnimation command for 'GIVE_HUG'...
    [PlayAnimation_NonBlocking] ...Command issued successfully.
===== PlayAnimation_NonBlocking Wrapper END =====
===== PlayAnimation_NonBlocking Wrapper START =====
    [PlayAnimation_NonBlocking] Issuing PlayAnimation command for 'RECEIVE_HUG'...
    [PlayAnimation_NonBlocking] ...Command issued successfully.
===== PlayAnimation_NonBlocking Wrapper END =====
===== GetThingWithScriptName START: 'AffairWomanRunOffPoint' =====
    Calling GetThingWithScriptName_ByName_API with heap buffer...
    API call returned.
    Heap Buffer After API: CScriptThing* = 0x182ec638, pVTable = 0x1238c8c (Matches Known VTable), WorldUID = 3468016904168292050, WrapperPos = (3542.83,842.117,8.99909), pImp.Data = 0x182bae08, pImp.Info = 0x182ec440, Info->RefCount = 2, Info->DeleteFunc = 0x7044b0, Info->Data = 0x182bae08
    Object is valid. Adopting API-owned reference (RefCount=2).
===== GetThingWithScriptName END (Success) =====
===== MoveToPosition_NonBlocking Wrapper START =====
    [MoveToPositionDiag] thing=0x1570fe78 thingData=0x47a5030 handle=0x543c420 resourceData=0x54f8400 destination=(3542.83,842.117,8.99909) radius=0 moveType=1 avoidObstacles=0 ignorePathPreferability=1
===== MoveToPosition_NonBlocking Wrapper END =====
[NewOakValeIntro/NewOakValeIntro] NOVI_PROBE AffairWife ROUTE_REACHED husband_def=CREATURE_OAKVALE_VILLAGER_MALE_UNEMPLOYED husband_data=NULL wife=(3482.238,823.598,16.468) husband=(3480.423,825.966,16.434) distance=2.985
===== ClearCommands_NonBlocking Wrapper START =====
===== ClearCommands_NonBlocking Wrapper END =====
    [Speak_Blocking] ...Wait loop finished after 41 frames.
===== FollowThing_NonBlocking Wrapper START =====
===== FollowThing_NonBlocking Wrapper END =====
[NewOakValeIntro/NewOakValeIntro] --- Ending Movie Sequence ---
[NewOakValeIntro/NewOakValeIntro]     Destroying movie resource object...
[NewOakValeIntro/NewOakValeIntro]     Freeing movie handle memory...
[NewOakValeIntro/NewOakValeIntro] --- Movie Sequence Ended Successfully ---
===== PlayAnimation_NonBlocking Wrapper START =====
    [PlayAnimation_NonBlocking] Issuing PlayAnimation command for 'ST_OPINION_FEAR_IDLE_COWERING'...
    [PlayAnimation_NonBlocking] ...Command issued successfully.
===== PlayAnimation_NonBlocking Wrapper END =====
[NewOakValeIntro/NewOakValeIntro] NOVI_PROBE StartBarrelTimer update bar=2 value=41
[NewOakValeIntro/NewOakValeIntro] NOVI_PROBE StartBarrelTimer update bar=2 value=40
--- Entity 'NewOakValeIntro/Entities/NOVI_Barrel': C++ OnPersist triggered. ---
===== PlayCombatAnimation_NonBlocking Wrapper START =====
===== PlayCombatAnimation_NonBlocking Wrapper END =====
    [LuaEntityHost::Main] >>>>> EXITED LUA CALL for 'NewOakValeIntro/Entities/NOVI_Barrel' <<<<<
    [LuaEntityHost::OnPredicateFail] Dispatching Lua callback for 'NewOakValeIntro/Entities/NOVI_Barrel'.
    [DEBUG] LuaEntityHost::Main: About to return from C++ Main function.
    [DEBUG] LuaEntityHost::Main: FINAL EXIT POINT.
===== PlayAnimation_NonBlocking Wrapper START =====
    [PlayAnimation_NonBlocking] Issuing PlayAnimation command for 'ST_OPINION_FEAR_IDLE_COWERING'...
    [PlayAnimation_NonBlocking] ...Command issued successfully.
===== PlayAnimation_NonBlocking Wrapper END =====
[NewOakValeIntro/NewOakValeIntro] NOVI_PROBE StartBarrelTimer update bar=2 value=39
--- Entity 'NewOakValeIntro/Entities/NOVI_Barrel': C++ OnPersist triggered. ---
    [LuaEntityHost::Main] >>>>> EXITED LUA CALL for 'NewOakValeIntro/Entities/NOVI_Barrel' <<<<<
    [LuaEntityHost::OnPredicateFail] Dispatching Lua callback for 'NewOakValeIntro/Entities/NOVI_Barrel'.
    [DEBUG] LuaEntityHost::Main: About to return from C++ Main function.
    [DEBUG] LuaEntityHost::Main: FINAL EXIT POINT.
[NewOakValeIntro/NewOakValeIntro] NOVI_PROBE StartBarrelTimer update bar=2 value=38
===== PlayAnimation_NonBlocking Wrapper START =====
    [PlayAnimation_NonBlocking] Issuing PlayAnimation command for 'ST_OPINION_FEAR_IDLE_COWERING'...
    [PlayAnimation_NonBlocking] ...Command issued successfully.
===== PlayAnimation_NonBlocking Wrapper END =====
--- Entity 'NewOakValeIntro/Entities/NOVI_Barrel': C++ OnPersist triggered. ---
[NewOakValeIntro/NewOakValeIntro] NOVI_PROBE StartBarrelTimer update bar=2 value=37
    [LuaEntityHost::Main] >>>>> EXITED LUA CALL for 'NewOakValeIntro/Entities/NOVI_Barrel' <<<<<
    [LuaEntityHost::OnPredicateFail] Dispatching Lua callback for 'NewOakValeIntro/Entities/NOVI_Barrel'.
    [DEBUG] LuaEntityHost::Main: About to return from C++ Main function.
    [DEBUG] LuaEntityHost::Main: FINAL EXIT POINT.
[NewOakValeIntro/NewOakValeIntro] NOVI_PROBE StartBarrelTimer update bar=2 value=36
===== PlayAnimation_NonBlocking Wrapper START =====
    [PlayAnimation_NonBlocking] Issuing PlayAnimation command for 'ST_OPINION_FEAR_IDLE_COWERING'...
    [PlayAnimation_NonBlocking] ...Command issued successfully.
===== PlayAnimation_NonBlocking Wrapper END =====
===== PlayCombatAnimation_NonBlocking Wrapper START =====
===== PlayCombatAnimation_NonBlocking Wrapper END =====
[NewOakValeIntro/NewOakValeIntro] NOVI_PROBE StartBarrelTimer update bar=2 value=35
[NewOakValeIntro/NewOakValeIntro] NOVI_PROBE StartBarrelTimer update bar=2 value=34
[NewOakValeIntro/NewOakValeIntro] NOVI_PROBE StartBarrelTimer update bar=2 value=33
--- Entity 'NewOakValeIntro/Entities/NOVI_Barrel': C++ OnPersist triggered. ---
    [LuaEntityHost::Main] >>>>> EXITED LUA CALL for 'NewOakValeIntro/Entities/NOVI_Barrel' <<<<<
    [LuaEntityHost::OnPredicateFail] Dispatching Lua callback for 'NewOakValeIntro/Entities/NOVI_Barrel'.
    [DEBUG] LuaEntityHost::Main: About to return from C++ Main function.
    [DEBUG] LuaEntityHost::Main: FINAL EXIT POINT.
[NewOakValeIntro/NewOakValeIntro] NOVI_PROBE StartBarrelTimer update bar=2 value=32
--- Entity 'NewOakValeIntro/Entities/NOVI_Barrel': C++ OnPersist triggered. ---
    [LuaEntityHost::Main] >>>>> EXITED LUA CALL for 'NewOakValeIntro/Entities/NOVI_Barrel' <<<<<
    [LuaEntityHost::OnPredicateFail] Dispatching Lua callback for 'NewOakValeIntro/Entities/NOVI_Barrel'.
    [DEBUG] LuaEntityHost::Main: About to return from C++ Main function.
    [DEBUG] LuaEntityHost::Main: FINAL EXIT POINT.
[NewOakValeIntro/NewOakValeIntro] NOVI_PROBE StartBarrelTimer update bar=2 value=31
--- Entity 'NewOakValeIntro/Entities/NOVI_Barrel': C++ OnPersist triggered. ---
    [LuaEntityHost::Main] >>>>> EXITED LUA CALL for 'NewOakValeIntro/Entities/NOVI_Barrel' <<<<<
    [LuaEntityHost::OnPredicateFail] Dispatching Lua callback for 'NewOakValeIntro/Entities/NOVI_Barrel'.
    [DEBUG] LuaEntityHost::Main: About to return from C++ Main function.
    [DEBUG] LuaEntityHost::Main: FINAL EXIT POINT.
[EntityAllocator<14>] === ENTRY ===
[EntityAllocator<14>] Script: NewOakValeIntro/Entities/NOVI_CreatedBeetle
[EntityAllocator<14>] Creating LuaEntityHost...
    [LuaManager] Registered entity script data for host at 0x11706c28
    [LuaManager] Registering all C++ bindings in new state...
    'Quest','CScriptThing' and 'CPersistContext' usertypes created and bound in Lua.
[EntityAllocator<14>] LuaEntityHost created: this = 0x11706c28
[EntityAllocator<14>] Allocating RefCount block...
[EntityAllocator<14>] RefCount block created successfully (using CustomEntityHostDeleter).
[EntityAllocator<14>] === EXIT ===
    Loading entity script from: C:\Programs\Steam\steamapps\common\Fable The Lost Chapters/FSE/NewOakValeIntro/Entities/NOVI_CreatedBeetle.lua
    [LuaEntityHost::Init] Script file loaded for 'NewOakValeIntro/Entities/NOVI_CreatedBeetle'.
    [LuaEntityHost::Init] Lifecycle functions resolved for 'NewOakValeIntro/Entities/NOVI_CreatedBeetle'.
    [LuaEntityHost::Init] >>>>> ENTERING LUA INIT for 'NewOakValeIntro/Entities/NOVI_CreatedBeetle' <<<<<
    [LuaEntityHost::Init] >>>>> EXITED LUA INIT for 'NewOakValeIntro/Entities/NOVI_CreatedBeetle' <<<<<
===== PlayCombatAnimation_NonBlocking Wrapper START =====
===== PlayCombatAnimation_NonBlocking Wrapper END =====
    [LuaEntityHost::Main] >>>>> ENTERING LUA CALL for 'NewOakValeIntro/Entities/NOVI_CreatedBeetle' <<<<<
[NewOakValeIntro/NewOakValeIntro] Registered game timer with ID: 3
[NewOakValeIntro/NewOakValeIntro] NOVI_PROBE StartBarrelTimer update bar=2 value=30
[NewOakValeIntro/NewOakValeIntro] NOVI_PROBE StartBarrelTimer update bar=2 value=29
[NewOakValeIntro/NewOakValeIntro] NOVI_PROBE StartBarrelTimer update bar=2 value=28
===== PlayAnimation_NonBlocking Wrapper START =====
    [PlayAnimation_NonBlocking] Issuing PlayAnimation command for 'ST_OPINION_FEAR_IDLE_COWERING'...
    [PlayAnimation_NonBlocking] ...Command issued successfully.
===== PlayAnimation_NonBlocking Wrapper END =====
[NewOakValeIntro/NewOakValeIntro] NOVI_PROBE StartBarrelTimer update bar=2 value=27
[NewOakValeIntro/NewOakValeIntro] NOVI_PROBE StartBarrelTimer update bar=2 value=26
    [LuaEntityAPI] Releasing script control handle...
--- Entity 'NewOakValeIntro/Entities/NOVI_AffairWoman': C++ OnPersist triggered. ---
    [LuaEntityAPI::ReleaseControl] Warning: No handle to release.
    [LuaEntityHost::Main] >>>>> EXITED LUA CALL for 'NewOakValeIntro/Entities/NOVI_AffairWoman' <<<<<
    [DEBUG] LuaEntityHost::Main: About to return from C++ Main function.
    [DEBUG] LuaEntityHost::Main: FINAL EXIT POINT.
--- Entity 'NewOakValeIntro/Entities/NOVI_CreatedBeetle': C++ OnPersist triggered. ---
[NewOakValeIntro/NewOakValeIntro] Deregistered game timer with ID: 3
    [LuaEntityHost::Main] >>>>> EXITED LUA CALL for 'NewOakValeIntro/Entities/NOVI_CreatedBeetle' <<<<<
    [DEBUG] LuaEntityHost::Main: About to return from C++ Main function.
    [DEBUG] LuaEntityHost::Main: FINAL EXIT POINT.
===== PlayCombatAnimation_NonBlocking Wrapper START =====
===== PlayCombatAnimation_NonBlocking Wrapper END =====
--- Entity 'NewOakValeIntro/Entities/NOVI_Barrel': C++ OnPersist triggered. ---
[NewOakValeIntro/NewOakValeIntro] NOVI_PROBE StartBarrelTimer update bar=2 value=25
    [LuaEntityHost::Main] >>>>> EXITED LUA CALL for 'NewOakValeIntro/Entities/NOVI_Barrel' <<<<<
    [LuaEntityHost::OnPredicateFail] Dispatching Lua callback for 'NewOakValeIntro/Entities/NOVI_Barrel'.
    [DEBUG] LuaEntityHost::Main: About to return from C++ Main function.
    [DEBUG] LuaEntityHost::Main: FINAL EXIT POINT.
[EntityAllocator<14>] === ENTRY ===
[EntityAllocator<14>] Script: NewOakValeIntro/Entities/NOVI_CreatedBeetle
[EntityAllocator<14>] Creating LuaEntityHost...
    [LuaManager] Registered entity script data for host at 0x1a2e8048
    [LuaManager] Registering all C++ bindings in new state...
    'Quest','CScriptThing' and 'CPersistContext' usertypes created and bound in Lua.
[EntityAllocator<14>] LuaEntityHost created: this = 0x1a2e8048
[EntityAllocator<14>] Allocating RefCount block...
[EntityAllocator<14>] RefCount block created successfully (using CustomEntityHostDeleter).
[EntityAllocator<14>] === EXIT ===
    Loading entity script from: C:\Programs\Steam\steamapps\common\Fable The Lost Chapters/FSE/NewOakValeIntro/Entities/NOVI_CreatedBeetle.lua
    [LuaEntityHost::Init] Script file loaded for 'NewOakValeIntro/Entities/NOVI_CreatedBeetle'.
    [LuaEntityHost::Init] Lifecycle functions resolved for 'NewOakValeIntro/Entities/NOVI_CreatedBeetle'.
    [LuaEntityHost::Init] >>>>> ENTERING LUA INIT for 'NewOakValeIntro/Entities/NOVI_CreatedBeetle' <<<<<
    [LuaEntityHost::Init] >>>>> EXITED LUA INIT for 'NewOakValeIntro/Entities/NOVI_CreatedBeetle' <<<<<
    [LuaEntityHost::Main] >>>>> ENTERING LUA CALL for 'NewOakValeIntro/Entities/NOVI_CreatedBeetle' <<<<<
[NewOakValeIntro/NewOakValeIntro] Registered game timer with ID: 3
[NewOakValeIntro/NewOakValeIntro] NOVI_PROBE StartBarrelTimer update bar=2 value=24
--- Entity 'NewOakValeIntro/Entities/NOVI_Barrel': C++ OnPersist triggered. ---
    [LuaEntityHost::Main] >>>>> EXITED LUA CALL for 'NewOakValeIntro/Entities/NOVI_Barrel' <<<<<
    [LuaEntityHost::OnPredicateFail] Dispatching Lua callback for 'NewOakValeIntro/Entities/NOVI_Barrel'.
    [DEBUG] LuaEntityHost::Main: About to return from C++ Main function.
    [DEBUG] LuaEntityHost::Main: FINAL EXIT POINT.
===== GetThingWithScriptName START: 'NOVI_Barrel' =====
    Calling GetThingWithScriptName_ByName_API with heap buffer...
    API call returned.
    Heap Buffer After API: CScriptThing* = 0x1833c5d8, pVTable = 0x1238c8c (Matches Known VTable), WorldUID = 1741156926932128242, WrapperPos = (3596.23,823.111,7), pImp.Data = 0x47a5f30, pImp.Info = 0x55009e8, Info->RefCount = 5, Info->DeleteFunc = 0x7044b0, Info->Data = 0x47a5f30
    Object is valid. Adopting API-owned reference (RefCount=5).
===== GetThingWithScriptName END (Success) =====
[NewOakValeIntro/NewOakValeIntro] NOVI_PROBE WatchBarrels GOLD_ARM broken=8 total=9 container_present=true
===== AddItemToContainer START: item='OBJECT_GOLD_1' =====
    Container: CScriptThing* = 0x1833c5d8, pVTable = 0x1238c8c (Matches Known VTable), WorldUID = 1741156926932128242, WrapperPos = (3596.23,823.111,7), pImp.Data = 0x47a5f30, pImp.Info = 0x55009e8, Info->RefCount = 5, Info->DeleteFunc = 0x7044b0, Info->Data = 0x47a5f30
===== AddItemToContainer END =====
[NewOakValeIntro/NewOakValeIntro] NOVI_PROBE WatchBarrels GOLD_INSERT_RETURNED item=OBJECT_GOLD_1 container_present=true
[NewOakValeIntro/NewOakValeIntro] NOVI_PROBE StartBarrelTimer update bar=2 value=23
[NewOakValeIntro/NewOakValeIntro] NOVI_PROBE StartBarrelTimer update bar=2 value=22
===== PlayAnimation_NonBlocking Wrapper START =====
    [PlayAnimation_NonBlocking] Issuing PlayAnimation command for 'ST_OPINION_FEAR_IDLE_COWERING'...
    [PlayAnimation_NonBlocking] ...Command issued successfully.
===== PlayAnimation_NonBlocking Wrapper END =====
--- Entity 'NewOakValeIntro/Entities/NOVI_Barrel': C++ OnPersist triggered. ---
[NewOakValeIntro/NewOakValeIntro] NOVI_PROBE StartBarrelTimer update bar=2 value=21
    [LuaEntityHost::Main] >>>>> EXITED LUA CALL for 'NewOakValeIntro/Entities/NOVI_Barrel' <<<<<
    [LuaEntityHost::OnPredicateFail] Dispatching Lua callback for 'NewOakValeIntro/Entities/NOVI_Barrel'.
    [DEBUG] LuaEntityHost::Main: About to return from C++ Main function.
    [DEBUG] LuaEntityHost::Main: FINAL EXIT POINT.
[EntityAllocator<14>] === ENTRY ===
[EntityAllocator<14>] Script: NewOakValeIntro/Entities/NOVI_CreatedBeetle
[EntityAllocator<14>] Creating LuaEntityHost...
    [LuaManager] Registered entity script data for host at 0x1b947c40
    [LuaManager] Registering all C++ bindings in new state...
    'Quest','CScriptThing' and 'CPersistContext' usertypes created and bound in Lua.
[EntityAllocator<14>] LuaEntityHost created: this = 0x1b947c40
[EntityAllocator<14>] Allocating RefCount block...
[EntityAllocator<14>] RefCount block created successfully (using CustomEntityHostDeleter).
[EntityAllocator<14>] === EXIT ===
    Loading entity script from: C:\Programs\Steam\steamapps\common\Fable The Lost Chapters/FSE/NewOakValeIntro/Entities/NOVI_CreatedBeetle.lua
    [LuaEntityHost::Init] Script file loaded for 'NewOakValeIntro/Entities/NOVI_CreatedBeetle'.
    [LuaEntityHost::Init] Lifecycle functions resolved for 'NewOakValeIntro/Entities/NOVI_CreatedBeetle'.
    [LuaEntityHost::Init] >>>>> ENTERING LUA INIT for 'NewOakValeIntro/Entities/NOVI_CreatedBeetle' <<<<<
    [LuaEntityHost::Init] >>>>> EXITED LUA INIT for 'NewOakValeIntro/Entities/NOVI_CreatedBeetle' <<<<<
===== PlayCombatAnimation_NonBlocking Wrapper START =====
===== PlayCombatAnimation_NonBlocking Wrapper END =====
    [LuaEntityHost::Main] >>>>> ENTERING LUA CALL for 'NewOakValeIntro/Entities/NOVI_CreatedBeetle' <<<<<
[NewOakValeIntro/NewOakValeIntro] Registered game timer with ID: 4
[NewOakValeIntro/NewOakValeIntro] NOVI_PROBE StartBarrelTimer update bar=2 value=20
--- Entity 'NewOakValeIntro/Entities/NOVI_CreatedBeetle': C++ OnPersist triggered. ---
[NewOakValeIntro/NewOakValeIntro] Deregistered game timer with ID: 3
    [LuaEntityHost::Main] >>>>> EXITED LUA CALL for 'NewOakValeIntro/Entities/NOVI_CreatedBeetle' <<<<<
    [DEBUG] LuaEntityHost::Main: About to return from C++ Main function.
    [DEBUG] LuaEntityHost::Main: FINAL EXIT POINT.
===== PlayAnimation_NonBlocking Wrapper START =====
    [PlayAnimation_NonBlocking] Issuing PlayAnimation command for 'ST_OPINION_FEAR_IDLE_COWERING'...
    [PlayAnimation_NonBlocking] ...Command issued successfully.
===== PlayAnimation_NonBlocking Wrapper END =====
[NewOakValeIntro/NewOakValeIntro] NOVI_PROBE Guard claimed lecture bad=2 dealt=2
    [LuaEntityAPI] Releasing script control handle...
    [LuaEntityAPI] Initializing handle with Helpers...
    [LuaEntityAPI] ...Helper1 returned false, skipped Helper2.
    [LuaEntityAPI] Acquiring script control for entity at priority 4...
    [LuaEntityAPI] ...Control acquired successfully.
[NewOakValeIntro/NewOakValeIntro] --- Starting Movie Sequence ---
[NewOakValeIntro/NewOakValeIntro] --- Movie Sequence Started Successfully ---
===== Speak_Blocking Wrapper START =====
    [Speak_Blocking] Issuing 'Speak' command...
  Parameters:
    Target: 0x04FA0838
    Key: TEXT_QST_048_GUARD_CAUGHT_YOU_10
    Method: 0
    Listen: false
    2D Sound: true
    Over Fade: false
    [Speak_Blocking] ...'Speak' command issued successfully.
    [Speak_Blocking] Entering wait loop...
    [Speak_Blocking] ...Wait loop finished after 16 frames.
===== Speak_Blocking Wrapper START =====
    [Speak_Blocking] Issuing 'Speak' command...
  Parameters:
    Target: 0x04FA0838
    Key: TEXT_QST_048_GUARD_CAUGHT_YOU_20
    Method: 0
    Listen: false
    2D Sound: true
    Over Fade: false
    [Speak_Blocking] ...'Speak' command issued successfully.
    [Speak_Blocking] Entering wait loop...
    [Speak_Blocking] ...Wait loop finished after 8 frames.
===== Speak_Blocking Wrapper START =====
    [Speak_Blocking] Issuing 'Speak' command...
  Parameters:
    Target: 0x04FA0838
    Key: TEXT_QST_048_GUARD_CRIME_BARREL_BREAKING
    Method: 0
    Listen: false
    2D Sound: true
    Over Fade: false
    [Speak_Blocking] ...'Speak' command issued successfully.
    [Speak_Blocking] Entering wait loop...
===== PlayAnimation_NonBlocking Wrapper START =====
    [PlayAnimation_NonBlocking] Issuing PlayAnimation command for 'ST_OPINION_FEAR_IDLE_COWERING'...
    [PlayAnimation_NonBlocking] ...Command issued successfully.
===== PlayAnimation_NonBlocking Wrapper END =====
    [Speak_Blocking] ...Wait loop finished after 9 frames.
===== Speak_Blocking Wrapper START =====
    [Speak_Blocking] Issuing 'Speak' command...
  Parameters:
    Target: 0x04FA0838
    Key: TEXT_QST_048_GUARD_CRIME_CONCEALED_AFFAIR
    Method: 0
    Listen: false
    2D Sound: true
    Over Fade: false
    [Speak_Blocking] ...'Speak' command issued successfully.
    [Speak_Blocking] Entering wait loop...
    [Speak_Blocking] ...Wait loop finished after 10 frames.
===== Speak_Blocking Wrapper START =====
    [Speak_Blocking] Issuing 'Speak' command...
  Parameters:
    Target: 0x04FA0838
    Key: TEXT_QST_048_GUARD_CAUGHT_YOU_30
    Method: 0
    Listen: false
    2D Sound: true
    Over Fade: false
    [Speak_Blocking] ...'Speak' command issued successfully.
    [Speak_Blocking] Entering wait loop...
===== PlayCombatAnimation_NonBlocking Wrapper START =====
===== PlayCombatAnimation_NonBlocking Wrapper END =====
    [Speak_Blocking] ...Wait loop finished after 8 frames.
===== Speak_Blocking Wrapper START =====
    [Speak_Blocking] Issuing 'Speak' command...
  Parameters:
    Target: 0x04FA0838
    Key: TEXT_QST_048_GUARD_CAUGHT_YOU_40
    Method: 0
    Listen: false
    2D Sound: true
    Over Fade: false
    [Speak_Blocking] ...'Speak' command issued successfully.
    [Speak_Blocking] Entering wait loop...
    [Speak_Blocking] ...Wait loop finished after 8 frames.
===== Speak_Blocking Wrapper START =====
    [Speak_Blocking] Issuing 'Speak' command...
  Parameters:
    Target: 0x04FA0838
    Key: TEXT_QST_048_GUARD_CAUGHT_YOU_50
    Method: 0
    Listen: false
    2D Sound: true
    Over Fade: false
    [Speak_Blocking] ...'Speak' command issued successfully.
    [Speak_Blocking] Entering wait loop...
    [Speak_Blocking] ...Wait loop finished after 14 frames.
===== Speak_Blocking Wrapper START =====
    [Speak_Blocking] Issuing 'Speak' command...
  Parameters:
    Target: 0x04FA0838
    Key: TEXT_QST_048_GUARD_CAUGHT_YOU_60
    Method: 0
    Listen: false
    2D Sound: true
    Over Fade: false
    [Speak_Blocking] ...'Speak' command issued successfully.
    [Speak_Blocking] Entering wait loop...
    [Speak_Blocking] ...Wait loop finished after 12 frames.
[NewOakValeIntro/NewOakValeIntro] --- Ending Movie Sequence ---
[NewOakValeIntro/NewOakValeIntro]     Destroying movie resource object...
[NewOakValeIntro/NewOakValeIntro]     Freeing movie handle memory...
[NewOakValeIntro/NewOakValeIntro] --- Movie Sequence Ended Successfully ---
    [LuaEntityAPI] Releasing script control handle...
[NewOakValeIntro/NewOakValeIntro] NOVI_PROBE StartBarrelTimer update bar=2 value=19
[NewOakValeIntro/NewOakValeIntro] NOVI_PROBE StartBarrelTimer update bar=2 value=18
===== PlayCombatAnimation_NonBlocking Wrapper START =====
===== PlayCombatAnimation_NonBlocking Wrapper END =====
[NewOakValeIntro/NewOakValeIntro] NOVI_PROBE StartBarrelTimer update bar=2 value=17
--- Entity 'NewOakValeIntro/Entities/NOVI_CreatedBeetle': C++ OnPersist triggered. ---
[NewOakValeIntro/NewOakValeIntro] Deregistered game timer with ID: 4
    [LuaEntityHost::Main] >>>>> EXITED LUA CALL for 'NewOakValeIntro/Entities/NOVI_CreatedBeetle' <<<<<
    [DEBUG] LuaEntityHost::Main: About to return from C++ Main function.
    [DEBUG] LuaEntityHost::Main: FINAL EXIT POINT.
[NewOakValeIntro/NewOakValeIntro] NOVI_PROBE StartBarrelTimer update bar=2 value=16
[NewOakValeIntro/NewOakValeIntro] NOVI_PROBE StartBarrelTimer update bar=2 value=15
===== GetThingWithScriptName START: 'M_BarrelManWalkOff' =====
    Calling GetThingWithScriptName_ByName_API with heap buffer...
    API call returned.
    Heap Buffer After API: CScriptThing* = 0x182ea660, pVTable = 0x1238c8c (Matches Known VTable), WorldUID = 3468016904168307191, WrapperPos = (3481.86,821.296,16.4563), pImp.Data = 0x5475a48, pImp.Info = 0x182ea6a8, Info->RefCount = 2, Info->DeleteFunc = 0x7044b0, Info->Data = 0x5475a48
    Object is valid. Adopting API-owned reference (RefCount=2).
===== GetThingWithScriptName END (Success) =====
===== GetThingWithScriptName START: 'M_BarrelManWalkOffAlt' =====
    Calling GetThingWithScriptName_ByName_API with heap buffer...
    API call returned.
    Heap Buffer After API: CScriptThing* = 0x182ea3c0, pVTable = 0x1238c8c (Matches Known VTable), WorldUID = 3468016904168300381, WrapperPos = (3579.99,877.023,20.8401), pImp.Data = 0x5474508, pImp.Info = 0x182ea3f0, Info->RefCount = 2, Info->DeleteFunc = 0x7044b0, Info->Data = 0x5474508
    Object is valid. Adopting API-owned reference (RefCount=2).
===== GetThingWithScriptName END (Success) =====
[NewOakValeIntro/NewOakValeIntro] NOVI_PROBE BarrelMan RETURNING timer=15
    [LuaEntityAPI::AcquireControl] Reusing live control handle for nested acquire (depth 1, requested priority 4).
===== MoveToPosition_NonBlocking Wrapper START =====
    [MoveToPositionDiag] thing=0x5a491d8 thingData=0x47a61b0 handle=0x18317b50 resourceData=0x1821e630 destination=(3585.99,812.65,7) radius=0 moveType=1 avoidObstacles=0 ignorePathPreferability=0
===== MoveToPosition_NonBlocking Wrapper END =====
[NewOakValeIntro/NewOakValeIntro] NOVI_PROBE StartBarrelTimer update bar=2 value=14
===== PlayAnimation_NonBlocking Wrapper START =====
    [PlayAnimation_NonBlocking] Issuing PlayAnimation command for 'ST_OPINION_FEAR_IDLE_COWERING'...
    [PlayAnimation_NonBlocking] ...Command issued successfully.
===== PlayAnimation_NonBlocking Wrapper END =====
[NewOakValeIntro/NewOakValeIntro] NOVI_PROBE StartBarrelTimer update bar=2 value=13
===== PlayCombatAnimation_NonBlocking Wrapper START =====
===== PlayCombatAnimation_NonBlocking Wrapper END =====
[NewOakValeIntro/NewOakValeIntro] NOVI_PROBE StartBarrelTimer update bar=2 value=12
[NewOakValeIntro/NewOakValeIntro] NOVI_PROBE StartBarrelTimer update bar=2 value=11
[NewOakValeIntro/NewOakValeIntro] NOVI_PROBE StartBarrelTimer update bar=2 value=10
[NewOakValeIntro/NewOakValeIntro] NOVI_PROBE StartBarrelTimer update bar=2 value=9
[NewOakValeIntro/NewOakValeIntro] NOVI_PROBE StartBarrelTimer update bar=2 value=8
===== PlayCombatAnimation_NonBlocking Wrapper START =====
===== PlayCombatAnimation_NonBlocking Wrapper END =====
[NewOakValeIntro/NewOakValeIntro] NOVI_PROBE StartBarrelTimer update bar=2 value=7
===== PlayAnimation_NonBlocking Wrapper START =====
    [PlayAnimation_NonBlocking] Issuing PlayAnimation command for 'ST_OPINION_FEAR_IDLE_COWERING'...
    [PlayAnimation_NonBlocking] ...Command issued successfully.
===== PlayAnimation_NonBlocking Wrapper END =====
[NewOakValeIntro/NewOakValeIntro] NOVI_PROBE StartBarrelTimer update bar=2 value=6
[NewOakValeIntro/NewOakValeIntro] NOVI_PROBE StartBarrelTimer update bar=2 value=5
[NewOakValeIntro/NewOakValeIntro] NOVI_PROBE StartBarrelTimer update bar=2 value=4
===== PlayCombatAnimation_NonBlocking Wrapper START =====
===== PlayCombatAnimation_NonBlocking Wrapper END =====
[NewOakValeIntro/NewOakValeIntro] NOVI_PROBE StartBarrelTimer update bar=2 value=3
[NewOakValeIntro/NewOakValeIntro] NOVI_PROBE StartBarrelTimer update bar=2 value=2
===== PlayAnimation_NonBlocking Wrapper START =====
    [PlayAnimation_NonBlocking] Issuing PlayAnimation command for 'ST_OPINION_FEAR_IDLE_COWERING'...
    [PlayAnimation_NonBlocking] ...Command issued successfully.
===== PlayAnimation_NonBlocking Wrapper END =====
[NewOakValeIntro/NewOakValeIntro] NOVI_PROBE StartBarrelTimer update bar=2 value=1
[NewOakValeIntro/NewOakValeIntro] NOVI_PROBE StartBarrelTimer update bar=2 value=0
===== PlayAnimation_NonBlocking Wrapper START =====
    [PlayAnimation_NonBlocking] Issuing PlayAnimation command for 'ST_OPINION_FEAR_IDLE_COWERING'...
    [PlayAnimation_NonBlocking] ...Command issued successfully.
===== PlayAnimation_NonBlocking Wrapper END =====
===== PlayCombatAnimation_NonBlocking Wrapper START =====
===== PlayCombatAnimation_NonBlocking Wrapper END =====
===== PlayAnimation_NonBlocking Wrapper START =====
    [PlayAnimation_NonBlocking] Issuing PlayAnimation command for 'ST_OPINION_FEAR_IDLE_COWERING'...
    [PlayAnimation_NonBlocking] ...Command issued successfully.
===== PlayAnimation_NonBlocking Wrapper END =====
[NewOakValeIntro/NewOakValeIntro] NOVI_PROBE BarrelMan JUDGE bad=2
[NewOakValeIntro/NewOakValeIntro] NOVI_PROBE BarrelMan JUDGE after spoken flag
[NewOakValeIntro/NewOakValeIntro] NOVI_PROBE BarrelMan JUDGE after GetHero
[NewOakValeIntro/NewOakValeIntro] NOVI_PROBE BarrelMan JUDGE positions man=(3585.987,812.650,7.000) hero=(3586.346,817.267,7.034) distance=4.631
[NewOakValeIntro/NewOakValeIntro] NOVI_PROBE BarrelMan JUDGE after facing
[NewOakValeIntro/NewOakValeIntro] NOVI_PROBE BarrelMan JUDGE after cutscene behaviour
[NewOakValeIntro/NewOakValeIntro] NOVI_PROBE BarrelMan JUDGE after targetable
[NewOakValeIntro/NewOakValeIntro] NOVI_PROBE BarrelMan JUDGE after visibility visible=false
[NewOakValeIntro/NewOakValeIntro] NOVI_PROBE BarrelMan JUDGE after distance nearby=true
[NewOakValeIntro/NewOakValeIntro] --- Starting Movie Sequence ---
[NewOakValeIntro/NewOakValeIntro] --- Movie Sequence Started Successfully ---
===== Speak_Blocking Wrapper START =====
    [Speak_Blocking] Issuing 'Speak' command...
  Parameters:
    Target: 0x04FA0838
    Key: TEXT_QST_048_BARRELMAN_LETDOWN_BROKEN
    Method: 0
    Listen: false
    2D Sound: true
    Over Fade: false
    [Speak_Blocking] ...'Speak' command issued successfully.
    [Speak_Blocking] Entering wait loop...
    [Speak_Blocking] ...Wait loop finished after 46 frames.
[NewOakValeIntro/NewOakValeIntro] --- Ending Movie Sequence ---
[NewOakValeIntro/NewOakValeIntro]     Destroying movie resource object...
[NewOakValeIntro/NewOakValeIntro]     Freeing movie handle memory...
[NewOakValeIntro/NewOakValeIntro] --- Movie Sequence Ended Successfully ---
===== PlayCombatAnimation_NonBlocking Wrapper START =====
===== PlayCombatAnimation_NonBlocking Wrapper END =====
===== PlayAnimation_NonBlocking Wrapper START =====
    [PlayAnimation_NonBlocking] Issuing PlayAnimation command for 'ST_OPINION_FEAR_IDLE_COWERING'...
    [PlayAnimation_NonBlocking] ...Command issued successfully.
===== PlayAnimation_NonBlocking Wrapper END =====
===== PlayAnimation_NonBlocking Wrapper START =====
    [PlayAnimation_NonBlocking] Issuing PlayAnimation command for 'ST_OPINION_FEAR_IDLE_COWERING'...
    [PlayAnimation_NonBlocking] ...Command issued successfully.
===== PlayAnimation_NonBlocking Wrapper END =====
===== PlayCombatAnimation_NonBlocking Wrapper START =====
===== PlayCombatAnimation_NonBlocking Wrapper END =====
===== PlayAnimation_NonBlocking Wrapper START =====
    [PlayAnimation_NonBlocking] Issuing PlayAnimation command for 'ST_OPINION_FEAR_IDLE_COWERING'...
    [PlayAnimation_NonBlocking] ...Command issued successfully.
===== PlayAnimation_NonBlocking Wrapper END =====
===== PlayCombatAnimation_NonBlocking Wrapper START =====
===== PlayCombatAnimation_NonBlocking Wrapper END =====
===== PlayAnimation_NonBlocking Wrapper START =====
    [PlayAnimation_NonBlocking] Issuing PlayAnimation command for 'ST_OPINION_DISAPPROVAL_SHAKE_FIST'...
    [PlayAnimation_NonBlocking] ...Command issued successfully.
===== PlayAnimation_NonBlocking Wrapper END =====
===== PlayAnimation_NonBlocking Wrapper START =====
    [PlayAnimation_NonBlocking] Issuing PlayAnimation command for 'ST_OPINION_FEAR_IDLE_COWERING'...
    [PlayAnimation_NonBlocking] ...Command issued successfully.
===== PlayAnimation_NonBlocking Wrapper END =====
    [HitEvidence] MsgIsHitBy(SCRIPT_NAME_HERO) returned true.
    [QuestInfoEvidence] AddQuestInfoBar(current=4.000000, max=0.000000, texture='HUD_QUEST_ICON_GRANDSON', scale=1.000000) returned handle 2.
    [HitEvidence] MsgIsHitBy(SCRIPT_NAME_HERO) returned true.
===== PlayAnimation_NonBlocking Wrapper START =====
    [PlayAnimation_NonBlocking] Issuing PlayAnimation command for 'ST_OPINION_FEAR_IDLE_COWERING'...
    [PlayAnimation_NonBlocking] ...Command issued successfully.
===== PlayAnimation_NonBlocking Wrapper END =====
    [HitEvidence] MsgIsHitBy(SCRIPT_NAME_HERO) returned true.
    [HitEvidence] MsgIsHitBy(SCRIPT_NAME_HERO) returned true.
    [LuaEntityAPI] Initializing handle with Helpers...
    [LuaEntityAPI] ...Helper1 returned false, skipped Helper2.
    [LuaEntityAPI] Acquiring script control for entity at priority 4...
    [LuaEntityAPI] ...Control acquired successfully.
    [LuaEntityAPI::AcquireControl] Borrowed another Lua VM's live control handle.
[NewOakValeIntro/NewOakValeIntro] NOVI_PROBE BullyRun before bully=(3606.759,861.275,13.670) victim=(3602.534,857.217,13.622)
[NewOakValeIntro/NewOakValeIntro] --- Starting Movie Sequence ---
[NewOakValeIntro/NewOakValeIntro] --- Movie Sequence Started Successfully ---
[NewOakValeIntro/NewOakValeIntro] --- Running Cutscene with Custom Setup: CS_OAKVALEINTRO_BULLYRUN1 ---
[NewOakValeIntro/NewOakValeIntro]     [RunCutsceneWithSetup] Base handle constructed for actor 'HERO'.
[NewOakValeIntro/NewOakValeIntro]     [RunCutsceneWithSetup] Initializing script handle for actor 'HERO'.
[NewOakValeIntro/NewOakValeIntro]     [RunCutsceneWithSetup] Script handle initialized for actor 'HERO'.
[NewOakValeIntro/NewOakValeIntro]     [RunCutsceneWithSetup] Reused existing script-control handle for actor 'HERO'.
[NewOakValeIntro/NewOakValeIntro]     [RunCutsceneWithSetup] Actor identity 'HERO': thing=0x4fa0838 thingData=0xe1ccc80 resourceData=0x181e0f20 resourceInfo=0x183ae578
[NewOakValeIntro/NewOakValeIntro]     [RunCutsceneWithSetup] Actor 'HERO' assigned to map.
[NewOakValeIntro/NewOakValeIntro]     [RunCutsceneWithSetup] Base handle constructed for actor 'BULLY'.
[NewOakValeIntro/NewOakValeIntro]     [RunCutsceneWithSetup] Initializing script handle for actor 'BULLY'.
[NewOakValeIntro/NewOakValeIntro]     [RunCutsceneWithSetup] Script handle initialized for actor 'BULLY'.
[NewOakValeIntro/NewOakValeIntro]     [RunCutsceneWithSetup] Reused existing script-control handle for actor 'BULLY'.
[NewOakValeIntro/NewOakValeIntro]     [RunCutsceneWithSetup] Actor identity 'BULLY': thing=0x5ecf590 thingData=0x47a5bc0 resourceData=0x54f82b0 resourceInfo=0x543c348
[NewOakValeIntro/NewOakValeIntro]     [RunCutsceneWithSetup] Actor 'BULLY' assigned to map.
[NewOakValeIntro/NewOakValeIntro]     [RunCutsceneWithSetup] Base handle constructed for actor 'BRAT'.
[NewOakValeIntro/NewOakValeIntro]     [RunCutsceneWithSetup] Initializing script handle for actor 'BRAT'.
[NewOakValeIntro/NewOakValeIntro]     [RunCutsceneWithSetup] Script handle initialized for actor 'BRAT'.
[NewOakValeIntro/NewOakValeIntro]     [RunCutsceneWithSetup] Reused existing script-control handle for actor 'BRAT'.
[NewOakValeIntro/NewOakValeIntro]     [RunCutsceneWithSetup] Actor identity 'BRAT': thing=0x1820bf08 thingData=0x47a5c60 resourceData=0x54f8370 resourceInfo=0x543c5d0
[NewOakValeIntro/NewOakValeIntro]     [RunCutsceneWithSetup] Actor 'BRAT' assigned to map.
[NewOakValeIntro/NewOakValeIntro]     [RunCutsceneWithSetup] Input substitution '$BRATLINE' set to 'TEXT_QST_048_VICTIM_THANKS'.
[NewOakValeIntro/NewOakValeIntro]     [RunCutsceneWithSetup] Reusing caller-owned movie sequence.
[NewOakValeIntro/NewOakValeIntro]     [RunCutsceneABI] macro='CS_OAKVALEINTRO_BULLYRUN1' setupOptional=0 setup=0 skippableOptional=0 skippable=1 nativeStackOrder=flags,input,setup,skippable
[NewOakValeIntro/NewOakValeIntro]     [RunCutsceneWithSetup] >>>>> ENTERING BLOCKING RunCutsceneMacro_Func for 'CS_OAKVALEINTRO_BULLYRUN1' <<<<<
    [CutsceneState] before 'CS_OAKVALEINTRO_BULLYRUN1' gui=0x492ddb0 actionMode=0 guiActionMode=0 inCutscene=0 skippable=1 skippableWhilePaused=0 alternateSkipInput=0
[CutsceneSkipDiag] begin macro=CS_OAKVALEINTRO_BULLYRUN1 manager=0x492ddb0 inCutscene=0 skipped=0 skippable=1 skippableWhilePaused=0 alternateInput=0 promptPrimary=0 promptSkipScene=0 skipTimerActive=0
[CutsceneSkipDiag] SetCutsceneMode(inCutscene=1, second=1) macro=CS_OAKVALEINTRO_BULLYRUN1 manager=0x492ddb0 inCutscene=1 skipped=0 skippable=1 skippableWhilePaused=0 alternateInput=0 promptPrimary=0 promptSkipScene=0 skipTimerActive=1
[CutsceneMoveDiag] poll macro=CS_OAKVALEINTRO_BULLYRUN1 controller=0x54f83d0 active=0
[CutsceneMoveDiag] poll macro=CS_OAKVALEINTRO_BULLYRUN1 controller=0x54fa3e0 active=1
[CutsceneMoveDiag] poll macro=CS_OAKVALEINTRO_BULLYRUN1 controller=0x54f83d0 active=0
[CutsceneMoveDiag] poll macro=CS_OAKVALEINTRO_BULLYRUN1 controller=0x54fa3e0 active=0
[CutsceneMoveDiag] poll macro=CS_OAKVALEINTRO_BULLYRUN1 controller=0x54f83d0 active=0
===== PlayCombatAnimation_NonBlocking Wrapper START =====
===== PlayCombatAnimation_NonBlocking Wrapper END =====
[CutsceneMoveDiag] poll macro=CS_OAKVALEINTRO_BULLYRUN1 controller=0x54fa3e0 active=1
[CutsceneMoveDiag] poll macro=CS_OAKVALEINTRO_BULLYRUN1 controller=0x54f83d0 active=0
[CutsceneMoveDiag] poll macro=CS_OAKVALEINTRO_BULLYRUN1 controller=0x54fa3e0 active=1
[CutsceneMoveDiag] poll macro=CS_OAKVALEINTRO_BULLYRUN1 controller=0x54f83d0 active=0
[CutsceneMoveDiag] poll macro=CS_OAKVALEINTRO_BULLYRUN1 controller=0x54fa3e0 active=1
[CutsceneMoveDiag] poll macro=CS_OAKVALEINTRO_BULLYRUN1 controller=0x54f83d0 active=0
[CutsceneMoveDiag] poll macro=CS_OAKVALEINTRO_BULLYRUN1 controller=0x54fa3e0 active=1
[CutsceneMoveDiag] poll macro=CS_OAKVALEINTRO_BULLYRUN1 controller=0x54f83d0 active=0
[CutsceneMoveDiag] poll macro=CS_OAKVALEINTRO_BULLYRUN1 controller=0x54fa3e0 active=1
[CutsceneMoveDiag] poll macro=CS_OAKVALEINTRO_BULLYRUN1 controller=0x54f83d0 active=0
[CutsceneMoveDiag] poll macro=CS_OAKVALEINTRO_BULLYRUN1 controller=0x54fa3e0 active=1
[CutsceneMoveDiag] poll macro=CS_OAKVALEINTRO_BULLYRUN1 controller=0x54f83d0 active=0
===== PlayAnimation_NonBlocking Wrapper START =====
    [PlayAnimation_NonBlocking] Issuing PlayAnimation command for 'ST_OPINION_FEAR_IDLE_COWERING'...
    [PlayAnimation_NonBlocking] ...Command issued successfully.
===== PlayAnimation_NonBlocking Wrapper END =====
[CutsceneMoveDiag] poll macro=CS_OAKVALEINTRO_BULLYRUN1 controller=0x54fa3e0 active=1
[CutsceneMoveDiag] poll macro=CS_OAKVALEINTRO_BULLYRUN1 controller=0x54f83d0 active=1
[CutsceneMoveDiag] poll macro=CS_OAKVALEINTRO_BULLYRUN1 controller=0x54fa3e0 active=1
[CutsceneMoveDiag] poll macro=CS_OAKVALEINTRO_BULLYRUN1 controller=0x54f83d0 active=1
[CutsceneMoveDiag] poll macro=CS_OAKVALEINTRO_BULLYRUN1 controller=0x54fa3e0 active=1
[CutsceneMoveDiag] poll macro=CS_OAKVALEINTRO_BULLYRUN1 controller=0x54f83d0 active=1
[CutsceneMoveDiag] poll macro=CS_OAKVALEINTRO_BULLYRUN1 controller=0x54fa3e0 active=1
[CutsceneMoveDiag] poll macro=CS_OAKVALEINTRO_BULLYRUN1 controller=0x54f83d0 active=1
[CutsceneMoveDiag] poll macro=CS_OAKVALEINTRO_BULLYRUN1 controller=0x54fa3e0 active=1
[CutsceneMoveDiag] poll macro=CS_OAKVALEINTRO_BULLYRUN1 controller=0x54f83d0 active=1
[CutsceneMoveDiag] poll macro=CS_OAKVALEINTRO_BULLYRUN1 controller=0x54fa3e0 active=1
[CutsceneMoveDiag] poll macro=CS_OAKVALEINTRO_BULLYRUN1 controller=0x54f83d0 active=1
[CutsceneMoveDiag] poll macro=CS_OAKVALEINTRO_BULLYRUN1 controller=0x54fa3e0 active=1
[CutsceneMoveDiag] poll macro=CS_OAKVALEINTRO_BULLYRUN1 controller=0x54f83d0 active=1
[CutsceneMoveDiag] poll macro=CS_OAKVALEINTRO_BULLYRUN1 controller=0x54fa3e0 active=1
[CutsceneMoveDiag] poll macro=CS_OAKVALEINTRO_BULLYRUN1 controller=0x54f83d0 active=1
[CutsceneMoveDiag] poll macro=CS_OAKVALEINTRO_BULLYRUN1 controller=0x54fa3e0 active=1
[CutsceneSpeechDiag] macro=CS_OAKVALEINTRO_BULLYRUN1 controller=0x54f82b0 target=0x1ae014 method=0 listen=0 soundIn2D=1 overFade=0 key=TEXT_QST_048_BULLY_GOING_AWAY
[CutsceneMoveDiag] poll macro=CS_OAKVALEINTRO_BULLYRUN1 controller=0x54f83d0 active=1
[CutsceneMoveDiag] poll macro=CS_OAKVALEINTRO_BULLYRUN1 controller=0x54fa3e0 active=1
[CutsceneMoveDiag] poll macro=CS_OAKVALEINTRO_BULLYRUN1 controller=0x54f83d0 active=1
[CutsceneMoveDiag] poll macro=CS_OAKVALEINTRO_BULLYRUN1 controller=0x54fa3e0 active=1
[CutsceneMoveDiag] poll macro=CS_OAKVALEINTRO_BULLYRUN1 controller=0x54f83d0 active=0
[CutsceneMoveDiag] poll macro=CS_OAKVALEINTRO_BULLYRUN1 controller=0x54fa3e0 active=1
[CutsceneMoveDiag] poll macro=CS_OAKVALEINTRO_BULLYRUN1 controller=0x54f83d0 active=0
[CutsceneMoveDiag] poll macro=CS_OAKVALEINTRO_BULLYRUN1 controller=0x54fa3e0 active=1
[CutsceneMoveDiag] poll macro=CS_OAKVALEINTRO_BULLYRUN1 controller=0x54f83d0 active=0
[CutsceneMoveDiag] poll macro=CS_OAKVALEINTRO_BULLYRUN1 controller=0x54fa3e0 active=1
[CutsceneMoveDiag] poll macro=CS_OAKVALEINTRO_BULLYRUN1 controller=0x54f83d0 active=0
[CutsceneMoveDiag] poll macro=CS_OAKVALEINTRO_BULLYRUN1 controller=0x54fa3e0 active=1
[CutsceneMoveDiag] poll macro=CS_OAKVALEINTRO_BULLYRUN1 controller=0x54f83d0 active=0
[CutsceneMoveDiag] poll macro=CS_OAKVALEINTRO_BULLYRUN1 controller=0x54fa3e0 active=1
[CutsceneMoveDiag] poll macro=CS_OAKVALEINTRO_BULLYRUN1 controller=0x54f83d0 active=0
[CutsceneMoveDiag] poll macro=CS_OAKVALEINTRO_BULLYRUN1 controller=0x54fa3e0 active=1
[CutsceneMoveDiag] poll macro=CS_OAKVALEINTRO_BULLYRUN1 controller=0x54f83d0 active=0
[CutsceneMoveDiag] poll macro=CS_OAKVALEINTRO_BULLYRUN1 controller=0x54fa3e0 active=1
[CutsceneMoveDiag] poll macro=CS_OAKVALEINTRO_BULLYRUN1 controller=0x54f83d0 active=0
[CutsceneMoveDiag] poll macro=CS_OAKVALEINTRO_BULLYRUN1 controller=0x54fa3e0 active=1
[CutsceneMoveDiag] poll macro=CS_OAKVALEINTRO_BULLYRUN1 controller=0x54f83d0 active=0
[CutsceneMoveDiag] poll macro=CS_OAKVALEINTRO_BULLYRUN1 controller=0x54fa3e0 active=1
[CutsceneMoveDiag] poll macro=CS_OAKVALEINTRO_BULLYRUN1 controller=0x54f83d0 active=0
[CutsceneMoveDiag] poll macro=CS_OAKVALEINTRO_BULLYRUN1 controller=0x54fa3e0 active=1
[CutsceneMoveDiag] poll macro=CS_OAKVALEINTRO_BULLYRUN1 controller=0x54f83d0 active=0
[CutsceneMoveDiag] poll macro=CS_OAKVALEINTRO_BULLYRUN1 controller=0x54fa3e0 active=1
[CutsceneMoveDiag] poll macro=CS_OAKVALEINTRO_BULLYRUN1 controller=0x54f83d0 active=0
[CutsceneMoveDiag] poll macro=CS_OAKVALEINTRO_BULLYRUN1 controller=0x54fa3e0 active=1
[CutsceneMoveDiag] poll macro=CS_OAKVALEINTRO_BULLYRUN1 controller=0x54f83d0 active=0
[CutsceneMoveDiag] poll macro=CS_OAKVALEINTRO_BULLYRUN1 controller=0x54fa3e0 active=1
[CutsceneMoveDiag] poll macro=CS_OAKVALEINTRO_BULLYRUN1 controller=0x54f83d0 active=0
[CutsceneMoveDiag] poll macro=CS_OAKVALEINTRO_BULLYRUN1 controller=0x54fa3e0 active=1
[CutsceneMoveDiag] poll macro=CS_OAKVALEINTRO_BULLYRUN1 controller=0x54f83d0 active=0
[CutsceneMoveDiag] poll macro=CS_OAKVALEINTRO_BULLYRUN1 controller=0x54fa3e0 active=1
[CutsceneMoveDiag] poll macro=CS_OAKVALEINTRO_BULLYRUN1 controller=0x54f83d0 active=0
[CutsceneMoveDiag] poll macro=CS_OAKVALEINTRO_BULLYRUN1 controller=0x54fa3e0 active=1
[CutsceneMoveDiag] poll macro=CS_OAKVALEINTRO_BULLYRUN1 controller=0x54f83d0 active=0
[CutsceneMoveDiag] poll macro=CS_OAKVALEINTRO_BULLYRUN1 controller=0x54fa3e0 active=1
[CutsceneMoveDiag] poll macro=CS_OAKVALEINTRO_BULLYRUN1 controller=0x54f83d0 active=0
[CutsceneMoveDiag] poll macro=CS_OAKVALEINTRO_BULLYRUN1 controller=0x54fa3e0 active=1
[CutsceneMoveDiag] poll macro=CS_OAKVALEINTRO_BULLYRUN1 controller=0x54f83d0 active=0
[CutsceneMoveDiag] poll macro=CS_OAKVALEINTRO_BULLYRUN1 controller=0x54fa3e0 active=1
[CutsceneMoveDiag] poll macro=CS_OAKVALEINTRO_BULLYRUN1 controller=0x54f83d0 active=0
[CutsceneMoveDiag] poll macro=CS_OAKVALEINTRO_BULLYRUN1 controller=0x54fa3e0 active=1
[CutsceneMoveDiag] poll macro=CS_OAKVALEINTRO_BULLYRUN1 controller=0x54f83d0 active=0
[CutsceneMoveDiag] poll macro=CS_OAKVALEINTRO_BULLYRUN1 controller=0x54fa3e0 active=1
[CutsceneMoveDiag] poll macro=CS_OAKVALEINTRO_BULLYRUN1 controller=0x54f83d0 active=0
[CutsceneMoveDiag] poll macro=CS_OAKVALEINTRO_BULLYRUN1 controller=0x54fa3e0 active=1
[CutsceneMoveDiag] poll macro=CS_OAKVALEINTRO_BULLYRUN1 controller=0x54f83d0 active=0
[CutsceneMoveDiag] poll macro=CS_OAKVALEINTRO_BULLYRUN1 controller=0x54fa3e0 active=1
[CutsceneMoveDiag] poll macro=CS_OAKVALEINTRO_BULLYRUN1 controller=0x54f82b0 active=1
[CutsceneMoveDiag] poll macro=CS_OAKVALEINTRO_BULLYRUN1 controller=0x54f83d0 active=0
[CutsceneMoveDiag] poll macro=CS_OAKVALEINTRO_BULLYRUN1 controller=0x54fa3e0 active=1
[CutsceneMoveDiag] poll macro=CS_OAKVALEINTRO_BULLYRUN1 controller=0x54f82b0 active=1
[CutsceneMoveDiag] poll macro=CS_OAKVALEINTRO_BULLYRUN1 controller=0x54f83d0 active=0
[CutsceneMoveDiag] poll macro=CS_OAKVALEINTRO_BULLYRUN1 controller=0x54fa3e0 active=1
[CutsceneMoveDiag] poll macro=CS_OAKVALEINTRO_BULLYRUN1 controller=0x54f82b0 active=1
[CutsceneMoveDiag] poll macro=CS_OAKVALEINTRO_BULLYRUN1 controller=0x54f83d0 active=0
[CutsceneMoveDiag] poll macro=CS_OAKVALEINTRO_BULLYRUN1 controller=0x54fa3e0 active=1
[CutsceneMoveDiag] poll macro=CS_OAKVALEINTRO_BULLYRUN1 controller=0x54f82b0 active=1
[CutsceneMoveDiag] poll macro=CS_OAKVALEINTRO_BULLYRUN1 controller=0x54f83d0 active=0
[CutsceneMoveDiag] poll macro=CS_OAKVALEINTRO_BULLYRUN1 controller=0x54fa3e0 active=1
[CutsceneMoveDiag] poll macro=CS_OAKVALEINTRO_BULLYRUN1 controller=0x54f82b0 active=1
[CutsceneMoveDiag] poll macro=CS_OAKVALEINTRO_BULLYRUN1 controller=0x54f83d0 active=0
[CutsceneMoveDiag] poll macro=CS_OAKVALEINTRO_BULLYRUN1 controller=0x54fa3e0 active=1
[CutsceneMoveDiag] poll macro=CS_OAKVALEINTRO_BULLYRUN1 controller=0x54f82b0 active=1
[CutsceneMoveDiag] poll macro=CS_OAKVALEINTRO_BULLYRUN1 controller=0x54f83d0 active=0
[CutsceneMoveDiag] poll macro=CS_OAKVALEINTRO_BULLYRUN1 controller=0x54fa3e0 active=1
[CutsceneMoveDiag] poll macro=CS_OAKVALEINTRO_BULLYRUN1 controller=0x54f82b0 active=1
[CutsceneMoveDiag] poll macro=CS_OAKVALEINTRO_BULLYRUN1 controller=0x54f83d0 active=0
[CutsceneMoveDiag] poll macro=CS_OAKVALEINTRO_BULLYRUN1 controller=0x54fa3e0 active=1
[CutsceneMoveDiag] poll macro=CS_OAKVALEINTRO_BULLYRUN1 controller=0x54f82b0 active=1
[CutsceneMoveDiag] poll macro=CS_OAKVALEINTRO_BULLYRUN1 controller=0x54f83d0 active=0
[CutsceneMoveDiag] poll macro=CS_OAKVALEINTRO_BULLYRUN1 controller=0x54fa3e0 active=1
[CutsceneMoveDiag] poll macro=CS_OAKVALEINTRO_BULLYRUN1 controller=0x54f82b0 active=1
[CutsceneMoveDiag] poll macro=CS_OAKVALEINTRO_BULLYRUN1 controller=0x54f83d0 active=0
[CutsceneMoveDiag] poll macro=CS_OAKVALEINTRO_BULLYRUN1 controller=0x54fa3e0 active=1
[CutsceneMoveDiag] poll macro=CS_OAKVALEINTRO_BULLYRUN1 controller=0x54f82b0 active=1
[CutsceneMoveDiag] poll macro=CS_OAKVALEINTRO_BULLYRUN1 controller=0x54f83d0 active=0
[CutsceneMoveDiag] poll macro=CS_OAKVALEINTRO_BULLYRUN1 controller=0x54fa3e0 active=1
[CutsceneMoveDiag] poll macro=CS_OAKVALEINTRO_BULLYRUN1 controller=0x54f82b0 active=1
[CutsceneMoveDiag] poll macro=CS_OAKVALEINTRO_BULLYRUN1 controller=0x54f83d0 active=0
[CutsceneMoveDiag] poll macro=CS_OAKVALEINTRO_BULLYRUN1 controller=0x54fa3e0 active=1
[CutsceneMoveDiag] poll macro=CS_OAKVALEINTRO_BULLYRUN1 controller=0x54f82b0 active=1
[CutsceneMoveDiag] poll macro=CS_OAKVALEINTRO_BULLYRUN1 controller=0x54f83d0 active=0
[CutsceneMoveDiag] poll macro=CS_OAKVALEINTRO_BULLYRUN1 controller=0x54fa3e0 active=1
[CutsceneMoveDiag] poll macro=CS_OAKVALEINTRO_BULLYRUN1 controller=0x54f82b0 active=1
[CutsceneMoveDiag] poll macro=CS_OAKVALEINTRO_BULLYRUN1 controller=0x54f83d0 active=0
[CutsceneMoveDiag] poll macro=CS_OAKVALEINTRO_BULLYRUN1 controller=0x54fa3e0 active=1
[CutsceneMoveDiag] poll macro=CS_OAKVALEINTRO_BULLYRUN1 controller=0x54f82b0 active=1
[CutsceneMoveDiag] poll macro=CS_OAKVALEINTRO_BULLYRUN1 controller=0x54f83d0 active=0
[CutsceneMoveDiag] poll macro=CS_OAKVALEINTRO_BULLYRUN1 controller=0x54fa3e0 active=1
[CutsceneMoveDiag] poll macro=CS_OAKVALEINTRO_BULLYRUN1 controller=0x54f82b0 active=1
[CutsceneMoveDiag] poll macro=CS_OAKVALEINTRO_BULLYRUN1 controller=0x54f83d0 active=0
[CutsceneMoveDiag] poll macro=CS_OAKVALEINTRO_BULLYRUN1 controller=0x54fa3e0 active=1
[CutsceneMoveDiag] poll macro=CS_OAKVALEINTRO_BULLYRUN1 controller=0x54f82b0 active=1
[CutsceneMoveDiag] poll macro=CS_OAKVALEINTRO_BULLYRUN1 controller=0x54f83d0 active=0
[CutsceneMoveDiag] poll macro=CS_OAKVALEINTRO_BULLYRUN1 controller=0x54fa3e0 active=1
[CutsceneMoveDiag] poll macro=CS_OAKVALEINTRO_BULLYRUN1 controller=0x54f82b0 active=1
[CutsceneMoveDiag] poll macro=CS_OAKVALEINTRO_BULLYRUN1 controller=0x54f83d0 active=0
[CutsceneMoveDiag] poll macro=CS_OAKVALEINTRO_BULLYRUN1 controller=0x54fa3e0 active=1
[CutsceneMoveDiag] poll macro=CS_OAKVALEINTRO_BULLYRUN1 controller=0x54f82b0 active=1
[CutsceneMoveDiag] poll macro=CS_OAKVALEINTRO_BULLYRUN1 controller=0x54f83d0 active=0
[CutsceneMoveDiag] poll macro=CS_OAKVALEINTRO_BULLYRUN1 controller=0x54fa3e0 active=1
[CutsceneMoveDiag] poll macro=CS_OAKVALEINTRO_BULLYRUN1 controller=0x54f82b0 active=1
[CutsceneMoveDiag] poll macro=CS_OAKVALEINTRO_BULLYRUN1 controller=0x54f83d0 active=0
[CutsceneMoveDiag] poll macro=CS_OAKVALEINTRO_BULLYRUN1 controller=0x54fa3e0 active=1
[CutsceneMoveDiag] poll macro=CS_OAKVALEINTRO_BULLYRUN1 controller=0x54f82b0 active=1
[CutsceneMoveDiag] poll macro=CS_OAKVALEINTRO_BULLYRUN1 controller=0x54f83d0 active=0
[CutsceneMoveDiag] poll macro=CS_OAKVALEINTRO_BULLYRUN1 controller=0x54fa3e0 active=1
[CutsceneMoveDiag] poll macro=CS_OAKVALEINTRO_BULLYRUN1 controller=0x54f82b0 active=1
[CutsceneMoveDiag] poll macro=CS_OAKVALEINTRO_BULLYRUN1 controller=0x54f83d0 active=0
[CutsceneMoveDiag] poll macro=CS_OAKVALEINTRO_BULLYRUN1 controller=0x54fa3e0 active=1
[CutsceneMoveDiag] poll macro=CS_OAKVALEINTRO_BULLYRUN1 controller=0x54f82b0 active=1
[CutsceneMoveDiag] poll macro=CS_OAKVALEINTRO_BULLYRUN1 controller=0x54f83d0 active=0
[CutsceneMoveDiag] poll macro=CS_OAKVALEINTRO_BULLYRUN1 controller=0x54fa3e0 active=1
[CutsceneMoveDiag] poll macro=CS_OAKVALEINTRO_BULLYRUN1 controller=0x54f82b0 active=1
[CutsceneMoveDiag] poll macro=CS_OAKVALEINTRO_BULLYRUN1 controller=0x54f83d0 active=0
[CutsceneMoveDiag] poll macro=CS_OAKVALEINTRO_BULLYRUN1 controller=0x54fa3e0 active=1
[CutsceneMoveDiag] poll macro=CS_OAKVALEINTRO_BULLYRUN1 controller=0x54f82b0 active=1
[CutsceneMoveDiag] poll macro=CS_OAKVALEINTRO_BULLYRUN1 controller=0x54f83d0 active=0
[CutsceneMoveDiag] poll macro=CS_OAKVALEINTRO_BULLYRUN1 controller=0x54fa3e0 active=1
[CutsceneMoveDiag] poll macro=CS_OAKVALEINTRO_BULLYRUN1 controller=0x54f82b0 active=1
[CutsceneMoveDiag] poll macro=CS_OAKVALEINTRO_BULLYRUN1 controller=0x54f83d0 active=0
[CutsceneMoveDiag] poll macro=CS_OAKVALEINTRO_BULLYRUN1 controller=0x54fa3e0 active=1
[CutsceneMoveDiag] poll macro=CS_OAKVALEINTRO_BULLYRUN1 controller=0x54f82b0 active=1
[CutsceneMoveDiag] poll macro=CS_OAKVALEINTRO_BULLYRUN1 controller=0x54f83d0 active=0
[CutsceneMoveDiag] poll macro=CS_OAKVALEINTRO_BULLYRUN1 controller=0x54fa3e0 active=1
[CutsceneMoveDiag] poll macro=CS_OAKVALEINTRO_BULLYRUN1 controller=0x54f82b0 active=0
[CutsceneMoveDiag] poll macro=CS_OAKVALEINTRO_BULLYRUN1 controller=0x54f83d0 active=0
[CutsceneMoveDiag] poll macro=CS_OAKVALEINTRO_BULLYRUN1 controller=0x54fa3e0 active=1
[CutsceneMoveDiag] poll macro=CS_OAKVALEINTRO_BULLYRUN1 controller=0x54f83d0 active=0
[CutsceneMoveDiag] poll macro=CS_OAKVALEINTRO_BULLYRUN1 controller=0x54fa3e0 active=1
[CutsceneMoveDiag] poll macro=CS_OAKVALEINTRO_BULLYRUN1 controller=0x54f83d0 active=0
[CutsceneMoveDiag] poll macro=CS_OAKVALEINTRO_BULLYRUN1 controller=0x54fa3e0 active=1
[CutsceneMoveDiag] poll macro=CS_OAKVALEINTRO_BULLYRUN1 controller=0x54f83d0 active=0
[CutsceneMoveDiag] poll macro=CS_OAKVALEINTRO_BULLYRUN1 controller=0x54fa3e0 active=1
[CutsceneMoveDiag] poll macro=CS_OAKVALEINTRO_BULLYRUN1 controller=0x54f83d0 active=0
[CutsceneMoveDiag] poll macro=CS_OAKVALEINTRO_BULLYRUN1 controller=0x54fa3e0 active=0
[CutsceneMoveDiag] poll macro=CS_OAKVALEINTRO_BULLYRUN1 controller=0x54f83d0 active=0
===== PlayAnimation_NonBlocking Wrapper START =====
    [PlayAnimation_NonBlocking] Issuing PlayAnimation command for 'ST_OPINION_FEAR_IDLE_COWERING'...
    [PlayAnimation_NonBlocking] ...Command issued successfully.
===== PlayAnimation_NonBlocking Wrapper END =====
===== PlayCombatAnimation_NonBlocking Wrapper START =====
===== PlayCombatAnimation_NonBlocking Wrapper END =====
[CutsceneMoveDiag] poll macro=CS_OAKVALEINTRO_BULLYRUN1 controller=0x54fa3e0 active=1
[CutsceneMoveDiag] poll macro=CS_OAKVALEINTRO_BULLYRUN1 controller=0x54f83d0 active=1
[CutsceneMoveDiag] poll macro=CS_OAKVALEINTRO_BULLYRUN1 controller=0x54fa3e0 active=1
[CutsceneMoveDiag] poll macro=CS_OAKVALEINTRO_BULLYRUN1 controller=0x54f83d0 active=1
[CutsceneMoveDiag] poll macro=CS_OAKVALEINTRO_BULLYRUN1 controller=0x54fa3e0 active=1
[CutsceneMoveDiag] poll macro=CS_OAKVALEINTRO_BULLYRUN1 controller=0x54f83d0 active=1
[CutsceneMoveDiag] poll macro=CS_OAKVALEINTRO_BULLYRUN1 controller=0x54fa3e0 active=1
[CutsceneMoveDiag] poll macro=CS_OAKVALEINTRO_BULLYRUN1 controller=0x54f83d0 active=1
[CutsceneMoveDiag] poll macro=CS_OAKVALEINTRO_BULLYRUN1 controller=0x54fa3e0 active=1
[CutsceneMoveDiag] poll macro=CS_OAKVALEINTRO_BULLYRUN1 controller=0x54f83d0 active=1
[CutsceneMoveDiag] poll macro=CS_OAKVALEINTRO_BULLYRUN1 controller=0x54fa3e0 active=1
[CutsceneSkipDiag] end macro=CS_OAKVALEINTRO_BULLYRUN1 manager=0x492ddb0 inCutscene=0 skipped=0 skippable=1 skippableWhilePaused=0 alternateInput=0 promptPrimary=0 promptSkipScene=0 skipTimerActive=1
    [CutsceneState] after 'CS_OAKVALEINTRO_BULLYRUN1' gui=0x492ddb0 actionMode=0 guiActionMode=0 inCutscene=0 skippable=1 skippableWhilePaused=0 alternateSkipInput=0
[NewOakValeIntro/NewOakValeIntro]     [RunCutsceneWithSetup] >>>>> EXITED BLOCKING RunCutsceneMacro_Func <<<<<
[NewOakValeIntro/NewOakValeIntro]     Releasing cutscene actor handles...
[NewOakValeIntro/NewOakValeIntro]     Destructing cutscene input-substitution map...
[NewOakValeIntro/NewOakValeIntro]     Destructing actor map object...
[NewOakValeIntro/NewOakValeIntro] --- Cutscene Execution Completed ---
[NewOakValeIntro/NewOakValeIntro] NOVI_PROBE BullyRun after1 bully=(3604.479,860.742,13.707) victim=(3605.044,858.252,13.585) bullyTask=false victimTask=false
===== GetThingWithScriptName START: 'MK_OIBR_BULLY2' =====
    Calling GetThingWithScriptName_ByName_API with heap buffer...
    API call returned.
    Heap Buffer After API: CScriptThing* = 0x1837f1b8, pVTable = 0x1238c8c (Matches Known VTable), WorldUID = 1741156926932128803, WrapperPos = (3596.74,851.895,13.3751), pImp.Data = 0x18398370, pImp.Info = 0x1837eee8, Info->RefCount = 2, Info->DeleteFunc = 0x7044b0, Info->Data = 0x18398370
    Object is valid. Adopting API-owned reference (RefCount=2).
===== GetThingWithScriptName END (Success) =====
[NewOakValeIntro/NewOakValeIntro] NOVI_PROBE BullyRun native RunTo incomplete; completing authored marker move
===== MoveToPosition_NonBlocking Wrapper START =====
    [MoveToPositionDiag] thing=0x5ecf590 thingData=0x47a5bc0 handle=0x543c318 resourceData=0x54f82b0 destination=(3596.74,851.895,13.3751) radius=0 moveType=1 avoidObstacles=0 ignorePathPreferability=1
===== MoveToPosition_NonBlocking Wrapper END =====
===== PlayAnimation_NonBlocking Wrapper START =====
    [PlayAnimation_NonBlocking] Issuing PlayAnimation command for 'ST_OPINION_FEAR_IDLE_COWERING'...
    [PlayAnimation_NonBlocking] ...Command issued successfully.
===== PlayAnimation_NonBlocking Wrapper END =====
[NewOakValeIntro/NewOakValeIntro] NOVI_PROBE BullyRun compatibility end frames=39 bully=(3598.032,853.024,13.433)
[NewOakValeIntro/NewOakValeIntro] --- Running Cutscene with Custom Setup: CS_OAKVALEINTRO_BULLYRUN2 ---
[NewOakValeIntro/NewOakValeIntro]     [RunCutsceneWithSetup] Base handle constructed for actor 'HERO'.
[NewOakValeIntro/NewOakValeIntro]     [RunCutsceneWithSetup] Initializing script handle for actor 'HERO'.
[NewOakValeIntro/NewOakValeIntro]     [RunCutsceneWithSetup] Script handle initialized for actor 'HERO'.
[NewOakValeIntro/NewOakValeIntro]     [RunCutsceneWithSetup] Reused existing script-control handle for actor 'HERO'.
[NewOakValeIntro/NewOakValeIntro]     [RunCutsceneWithSetup] Actor identity 'HERO': thing=0x4fa0838 thingData=0xe1ccc80 resourceData=0x181e0f20 resourceInfo=0x183ae578
[NewOakValeIntro/NewOakValeIntro]     [RunCutsceneWithSetup] Actor 'HERO' assigned to map.
[NewOakValeIntro/NewOakValeIntro]     [RunCutsceneWithSetup] Base handle constructed for actor 'BULLY'.
[NewOakValeIntro/NewOakValeIntro]     [RunCutsceneWithSetup] Initializing script handle for actor 'BULLY'.
[NewOakValeIntro/NewOakValeIntro]     [RunCutsceneWithSetup] Script handle initialized for actor 'BULLY'.
[NewOakValeIntro/NewOakValeIntro]     [RunCutsceneWithSetup] Reused existing script-control handle for actor 'BULLY'.
[NewOakValeIntro/NewOakValeIntro]     [RunCutsceneWithSetup] Actor identity 'BULLY': thing=0x5ecf590 thingData=0x47a5bc0 resourceData=0x54f82b0 resourceInfo=0x543c348
[NewOakValeIntro/NewOakValeIntro]     [RunCutsceneWithSetup] Actor 'BULLY' assigned to map.
[NewOakValeIntro/NewOakValeIntro]     [RunCutsceneWithSetup] Base handle constructed for actor 'BRAT'.
[NewOakValeIntro/NewOakValeIntro]     [RunCutsceneWithSetup] Initializing script handle for actor 'BRAT'.
[NewOakValeIntro/NewOakValeIntro]     [RunCutsceneWithSetup] Script handle initialized for actor 'BRAT'.
[NewOakValeIntro/NewOakValeIntro]     [RunCutsceneWithSetup] Reused existing script-control handle for actor 'BRAT'.
[NewOakValeIntro/NewOakValeIntro]     [RunCutsceneWithSetup] Actor identity 'BRAT': thing=0x1820bf08 thingData=0x47a5c60 resourceData=0x54f8370 resourceInfo=0x543c5d0
[NewOakValeIntro/NewOakValeIntro]     [RunCutsceneWithSetup] Actor 'BRAT' assigned to map.
[NewOakValeIntro/NewOakValeIntro]     [RunCutsceneWithSetup] Reusing caller-owned movie sequence.
[NewOakValeIntro/NewOakValeIntro]     [RunCutsceneABI] macro='CS_OAKVALEINTRO_BULLYRUN2' setupOptional=0 setup=0 skippableOptional=0 skippable=1 nativeStackOrder=flags,input,setup,skippable
[NewOakValeIntro/NewOakValeIntro]     [RunCutsceneWithSetup] >>>>> ENTERING BLOCKING RunCutsceneMacro_Func for 'CS_OAKVALEINTRO_BULLYRUN2' <<<<<
    [CutsceneState] before 'CS_OAKVALEINTRO_BULLYRUN2' gui=0x492ddb0 actionMode=0 guiActionMode=0 inCutscene=0 skippable=1 skippableWhilePaused=0 alternateSkipInput=0
[CutsceneSkipDiag] begin macro=CS_OAKVALEINTRO_BULLYRUN2 manager=0x492ddb0 inCutscene=0 skipped=0 skippable=1 skippableWhilePaused=0 alternateInput=0 promptPrimary=0 promptSkipScene=0 skipTimerActive=0
[CutsceneSkipDiag] SetCutsceneMode(inCutscene=1, second=1) macro=CS_OAKVALEINTRO_BULLYRUN2 manager=0x492ddb0 inCutscene=1 skipped=0 skippable=1 skippableWhilePaused=0 alternateInput=0 promptPrimary=0 promptSkipScene=0 skipTimerActive=1
[CutsceneMoveDiag] poll macro=CS_OAKVALEINTRO_BULLYRUN2 controller=0x54f83d0 active=1
[CutsceneMoveDiag] poll macro=CS_OAKVALEINTRO_BULLYRUN2 controller=0x54fa3e0 active=1
[CutsceneMoveDiag] poll macro=CS_OAKVALEINTRO_BULLYRUN2 controller=0x54f83d0 active=1
[CutsceneMoveDiag] poll macro=CS_OAKVALEINTRO_BULLYRUN2 controller=0x54fa3e0 active=1
[CutsceneMoveDiag] poll macro=CS_OAKVALEINTRO_BULLYRUN2 controller=0x54f83d0 active=1
[CutsceneMoveDiag] poll macro=CS_OAKVALEINTRO_BULLYRUN2 controller=0x54fa3e0 active=1
[CutsceneMoveDiag] poll macro=CS_OAKVALEINTRO_BULLYRUN2 controller=0x54f83d0 active=1
[CutsceneMoveDiag] poll macro=CS_OAKVALEINTRO_BULLYRUN2 controller=0x54fa3e0 active=1
[CutsceneMoveDiag] poll macro=CS_OAKVALEINTRO_BULLYRUN2 controller=0x54f83d0 active=1
[CutsceneMoveDiag] poll macro=CS_OAKVALEINTRO_BULLYRUN2 controller=0x54fa3e0 active=1
[CutsceneMoveDiag] poll macro=CS_OAKVALEINTRO_BULLYRUN2 controller=0x54f83d0 active=0
[CutsceneMoveDiag] poll macro=CS_OAKVALEINTRO_BULLYRUN2 controller=0x54fa3e0 active=1
[CutsceneSpeechDiag] macro=CS_OAKVALEINTRO_BULLYRUN2 controller=0x54f8370 target=0x1ae02c method=0 listen=0 soundIn2D=1 overFade=0 key=TEXT_QST_048_VICTIM_THANKS_HAVE_ROSIE
[CutsceneMoveDiag] poll macro=CS_OAKVALEINTRO_BULLYRUN2 controller=0x54f8370 active=1
[CutsceneMoveDiag] poll macro=CS_OAKVALEINTRO_BULLYRUN2 controller=0x54f83d0 active=0
[CutsceneMoveDiag] poll macro=CS_OAKVALEINTRO_BULLYRUN2 controller=0x54fa3e0 active=1
[CutsceneMoveDiag] poll macro=CS_OAKVALEINTRO_BULLYRUN2 controller=0x54f8370 active=1
[CutsceneMoveDiag] poll macro=CS_OAKVALEINTRO_BULLYRUN2 controller=0x54f83d0 active=0
[CutsceneMoveDiag] poll macro=CS_OAKVALEINTRO_BULLYRUN2 controller=0x54fa3e0 active=1
[CutsceneMoveDiag] poll macro=CS_OAKVALEINTRO_BULLYRUN2 controller=0x54f8370 active=1
[CutsceneMoveDiag] poll macro=CS_OAKVALEINTRO_BULLYRUN2 controller=0x54f83d0 active=0
[CutsceneMoveDiag] poll macro=CS_OAKVALEINTRO_BULLYRUN2 controller=0x54fa3e0 active=1
[CutsceneMoveDiag] poll macro=CS_OAKVALEINTRO_BULLYRUN2 controller=0x54f8370 active=1
[CutsceneMoveDiag] poll macro=CS_OAKVALEINTRO_BULLYRUN2 controller=0x54f83d0 active=0
[CutsceneMoveDiag] poll macro=CS_OAKVALEINTRO_BULLYRUN2 controller=0x54fa3e0 active=1
[CutsceneMoveDiag] poll macro=CS_OAKVALEINTRO_BULLYRUN2 controller=0x54f8370 active=1
[CutsceneMoveDiag] poll macro=CS_OAKVALEINTRO_BULLYRUN2 controller=0x54f83d0 active=0
[CutsceneMoveDiag] poll macro=CS_OAKVALEINTRO_BULLYRUN2 controller=0x54fa3e0 active=1
[CutsceneMoveDiag] poll macro=CS_OAKVALEINTRO_BULLYRUN2 controller=0x54f8370 active=1
[CutsceneMoveDiag] poll macro=CS_OAKVALEINTRO_BULLYRUN2 controller=0x54f83d0 active=0
[CutsceneMoveDiag] poll macro=CS_OAKVALEINTRO_BULLYRUN2 controller=0x54fa3e0 active=1
[CutsceneMoveDiag] poll macro=CS_OAKVALEINTRO_BULLYRUN2 controller=0x54f8370 active=1
[CutsceneMoveDiag] poll macro=CS_OAKVALEINTRO_BULLYRUN2 controller=0x54f83d0 active=0
[CutsceneMoveDiag] poll macro=CS_OAKVALEINTRO_BULLYRUN2 controller=0x54fa3e0 active=1
[CutsceneMoveDiag] poll macro=CS_OAKVALEINTRO_BULLYRUN2 controller=0x54f8370 active=1
[CutsceneMoveDiag] poll macro=CS_OAKVALEINTRO_BULLYRUN2 controller=0x54f83d0 active=0
===== PlayAnimation_NonBlocking Wrapper START =====
    [PlayAnimation_NonBlocking] Issuing PlayAnimation command for 'ST_OPINION_FEAR_IDLE_COWERING'...
    [PlayAnimation_NonBlocking] ...Command issued successfully.
===== PlayAnimation_NonBlocking Wrapper END =====
[CutsceneMoveDiag] poll macro=CS_OAKVALEINTRO_BULLYRUN2 controller=0x54fa3e0 active=1
[CutsceneMoveDiag] poll macro=CS_OAKVALEINTRO_BULLYRUN2 controller=0x54f8370 active=1
[CutsceneMoveDiag] poll macro=CS_OAKVALEINTRO_BULLYRUN2 controller=0x54f83d0 active=1
[CutsceneMoveDiag] poll macro=CS_OAKVALEINTRO_BULLYRUN2 controller=0x54fa3e0 active=1
[CutsceneMoveDiag] poll macro=CS_OAKVALEINTRO_BULLYRUN2 controller=0x54f8370 active=1
[CutsceneMoveDiag] poll macro=CS_OAKVALEINTRO_BULLYRUN2 controller=0x54f83d0 active=1
[CutsceneMoveDiag] poll macro=CS_OAKVALEINTRO_BULLYRUN2 controller=0x54fa3e0 active=1
[CutsceneMoveDiag] poll macro=CS_OAKVALEINTRO_BULLYRUN2 controller=0x54f8370 active=1
[CutsceneMoveDiag] poll macro=CS_OAKVALEINTRO_BULLYRUN2 controller=0x54f83d0 active=1
[CutsceneMoveDiag] poll macro=CS_OAKVALEINTRO_BULLYRUN2 controller=0x54fa3e0 active=1
[CutsceneMoveDiag] poll macro=CS_OAKVALEINTRO_BULLYRUN2 controller=0x54f8370 active=1
[CutsceneMoveDiag] poll macro=CS_OAKVALEINTRO_BULLYRUN2 controller=0x54f83d0 active=1
[CutsceneMoveDiag] poll macro=CS_OAKVALEINTRO_BULLYRUN2 controller=0x54fa3e0 active=1
[CutsceneMoveDiag] poll macro=CS_OAKVALEINTRO_BULLYRUN2 controller=0x54f8370 active=1
[CutsceneMoveDiag] poll macro=CS_OAKVALEINTRO_BULLYRUN2 controller=0x54f83d0 active=1
[CutsceneMoveDiag] poll macro=CS_OAKVALEINTRO_BULLYRUN2 controller=0x54fa3e0 active=1
[CutsceneMoveDiag] poll macro=CS_OAKVALEINTRO_BULLYRUN2 controller=0x54f8370 active=1
[CutsceneMoveDiag] poll macro=CS_OAKVALEINTRO_BULLYRUN2 controller=0x54f83d0 active=1
[CutsceneMoveDiag] poll macro=CS_OAKVALEINTRO_BULLYRUN2 controller=0x54fa3e0 active=1
[CutsceneMoveDiag] poll macro=CS_OAKVALEINTRO_BULLYRUN2 controller=0x54f8370 active=1
[CutsceneMoveDiag] poll macro=CS_OAKVALEINTRO_BULLYRUN2 controller=0x54f83d0 active=1
[CutsceneMoveDiag] poll macro=CS_OAKVALEINTRO_BULLYRUN2 controller=0x54fa3e0 active=1
[CutsceneMoveDiag] poll macro=CS_OAKVALEINTRO_BULLYRUN2 controller=0x54f8370 active=1
[CutsceneMoveDiag] poll macro=CS_OAKVALEINTRO_BULLYRUN2 controller=0x54f83d0 active=1
[CutsceneMoveDiag] poll macro=CS_OAKVALEINTRO_BULLYRUN2 controller=0x54fa3e0 active=1
[CutsceneMoveDiag] poll macro=CS_OAKVALEINTRO_BULLYRUN2 controller=0x54f8370 active=1
[CutsceneMoveDiag] poll macro=CS_OAKVALEINTRO_BULLYRUN2 controller=0x54f83d0 active=1
[CutsceneMoveDiag] poll macro=CS_OAKVALEINTRO_BULLYRUN2 controller=0x54fa3e0 active=1
[CutsceneMoveDiag] poll macro=CS_OAKVALEINTRO_BULLYRUN2 controller=0x54f8370 active=1
[CutsceneMoveDiag] poll macro=CS_OAKVALEINTRO_BULLYRUN2 controller=0x54f83d0 active=1
[CutsceneMoveDiag] poll macro=CS_OAKVALEINTRO_BULLYRUN2 controller=0x54fa3e0 active=1
[CutsceneMoveDiag] poll macro=CS_OAKVALEINTRO_BULLYRUN2 controller=0x54f8370 active=1
[CutsceneMoveDiag] poll macro=CS_OAKVALEINTRO_BULLYRUN2 controller=0x54f83d0 active=0
[CutsceneMoveDiag] poll macro=CS_OAKVALEINTRO_BULLYRUN2 controller=0x54fa3e0 active=1
[CutsceneMoveDiag] poll macro=CS_OAKVALEINTRO_BULLYRUN2 controller=0x54f8370 active=1
[CutsceneMoveDiag] poll macro=CS_OAKVALEINTRO_BULLYRUN2 controller=0x54f83d0 active=0
[CutsceneMoveDiag] poll macro=CS_OAKVALEINTRO_BULLYRUN2 controller=0x54fa3e0 active=0
[CutsceneMoveDiag] poll macro=CS_OAKVALEINTRO_BULLYRUN2 controller=0x54f8370 active=1
[CutsceneMoveDiag] poll macro=CS_OAKVALEINTRO_BULLYRUN2 controller=0x54f83d0 active=0
===== PlayCombatAnimation_NonBlocking Wrapper START =====
===== PlayCombatAnimation_NonBlocking Wrapper END =====
[CutsceneMoveDiag] poll macro=CS_OAKVALEINTRO_BULLYRUN2 controller=0x54fa3e0 active=1
[CutsceneMoveDiag] poll macro=CS_OAKVALEINTRO_BULLYRUN2 controller=0x54f8370 active=1
[CutsceneMoveDiag] poll macro=CS_OAKVALEINTRO_BULLYRUN2 controller=0x54f83d0 active=0
[CutsceneMoveDiag] poll macro=CS_OAKVALEINTRO_BULLYRUN2 controller=0x54fa3e0 active=1
[CutsceneMoveDiag] poll macro=CS_OAKVALEINTRO_BULLYRUN2 controller=0x54f8370 active=1
[CutsceneMoveDiag] poll macro=CS_OAKVALEINTRO_BULLYRUN2 controller=0x54f83d0 active=0
[CutsceneMoveDiag] poll macro=CS_OAKVALEINTRO_BULLYRUN2 controller=0x54fa3e0 active=1
[CutsceneMoveDiag] poll macro=CS_OAKVALEINTRO_BULLYRUN2 controller=0x54f8370 active=1
[CutsceneMoveDiag] poll macro=CS_OAKVALEINTRO_BULLYRUN2 controller=0x54f83d0 active=0
[CutsceneMoveDiag] poll macro=CS_OAKVALEINTRO_BULLYRUN2 controller=0x54fa3e0 active=1
[CutsceneMoveDiag] poll macro=CS_OAKVALEINTRO_BULLYRUN2 controller=0x54f8370 active=1
[CutsceneMoveDiag] poll macro=CS_OAKVALEINTRO_BULLYRUN2 controller=0x54f83d0 active=0
[CutsceneMoveDiag] poll macro=CS_OAKVALEINTRO_BULLYRUN2 controller=0x54fa3e0 active=1
[CutsceneMoveDiag] poll macro=CS_OAKVALEINTRO_BULLYRUN2 controller=0x54f8370 active=1
[CutsceneMoveDiag] poll macro=CS_OAKVALEINTRO_BULLYRUN2 controller=0x54f83d0 active=0
[CutsceneMoveDiag] poll macro=CS_OAKVALEINTRO_BULLYRUN2 controller=0x54fa3e0 active=1
[CutsceneMoveDiag] poll macro=CS_OAKVALEINTRO_BULLYRUN2 controller=0x54f8370 active=1
[CutsceneMoveDiag] poll macro=CS_OAKVALEINTRO_BULLYRUN2 controller=0x54f83d0 active=0
[CutsceneMoveDiag] poll macro=CS_OAKVALEINTRO_BULLYRUN2 controller=0x54fa3e0 active=1
[CutsceneMoveDiag] poll macro=CS_OAKVALEINTRO_BULLYRUN2 controller=0x54f8370 active=1
[CutsceneMoveDiag] poll macro=CS_OAKVALEINTRO_BULLYRUN2 controller=0x54f83d0 active=0
[CutsceneMoveDiag] poll macro=CS_OAKVALEINTRO_BULLYRUN2 controller=0x54fa3e0 active=1
[CutsceneMoveDiag] poll macro=CS_OAKVALEINTRO_BULLYRUN2 controller=0x54f8370 active=1
[CutsceneMoveDiag] poll macro=CS_OAKVALEINTRO_BULLYRUN2 controller=0x54f83d0 active=0
[CutsceneMoveDiag] poll macro=CS_OAKVALEINTRO_BULLYRUN2 controller=0x54fa3e0 active=1
[CutsceneMoveDiag] poll macro=CS_OAKVALEINTRO_BULLYRUN2 controller=0x54f8370 active=1
[CutsceneMoveDiag] poll macro=CS_OAKVALEINTRO_BULLYRUN2 controller=0x54f83d0 active=0
[CutsceneMoveDiag] poll macro=CS_OAKVALEINTRO_BULLYRUN2 controller=0x54fa3e0 active=1
[CutsceneMoveDiag] poll macro=CS_OAKVALEINTRO_BULLYRUN2 controller=0x54f8370 active=1
[CutsceneMoveDiag] poll macro=CS_OAKVALEINTRO_BULLYRUN2 controller=0x54f83d0 active=0
[CutsceneMoveDiag] poll macro=CS_OAKVALEINTRO_BULLYRUN2 controller=0x54fa3e0 active=1
[CutsceneMoveDiag] poll macro=CS_OAKVALEINTRO_BULLYRUN2 controller=0x54f8370 active=1
[CutsceneMoveDiag] poll macro=CS_OAKVALEINTRO_BULLYRUN2 controller=0x54f83d0 active=0
[CutsceneMoveDiag] poll macro=CS_OAKVALEINTRO_BULLYRUN2 controller=0x54fa3e0 active=1
[CutsceneMoveDiag] poll macro=CS_OAKVALEINTRO_BULLYRUN2 controller=0x54f8370 active=1
[CutsceneMoveDiag] poll macro=CS_OAKVALEINTRO_BULLYRUN2 controller=0x54f83d0 active=0
[CutsceneMoveDiag] poll macro=CS_OAKVALEINTRO_BULLYRUN2 controller=0x54fa3e0 active=1
[CutsceneMoveDiag] poll macro=CS_OAKVALEINTRO_BULLYRUN2 controller=0x54f8370 active=1
[CutsceneMoveDiag] poll macro=CS_OAKVALEINTRO_BULLYRUN2 controller=0x54f83d0 active=0
[CutsceneMoveDiag] poll macro=CS_OAKVALEINTRO_BULLYRUN2 controller=0x54fa3e0 active=1
[CutsceneMoveDiag] poll macro=CS_OAKVALEINTRO_BULLYRUN2 controller=0x54f8370 active=1
[CutsceneMoveDiag] poll macro=CS_OAKVALEINTRO_BULLYRUN2 controller=0x54f83d0 active=0
[CutsceneMoveDiag] poll macro=CS_OAKVALEINTRO_BULLYRUN2 controller=0x54fa3e0 active=1
[CutsceneMoveDiag] poll macro=CS_OAKVALEINTRO_BULLYRUN2 controller=0x54f8370 active=1
[CutsceneMoveDiag] poll macro=CS_OAKVALEINTRO_BULLYRUN2 controller=0x54f83d0 active=0
[CutsceneMoveDiag] poll macro=CS_OAKVALEINTRO_BULLYRUN2 controller=0x54fa3e0 active=1
[CutsceneMoveDiag] poll macro=CS_OAKVALEINTRO_BULLYRUN2 controller=0x54f8370 active=1
[CutsceneMoveDiag] poll macro=CS_OAKVALEINTRO_BULLYRUN2 controller=0x54f83d0 active=0
[CutsceneMoveDiag] poll macro=CS_OAKVALEINTRO_BULLYRUN2 controller=0x54fa3e0 active=1
[CutsceneMoveDiag] poll macro=CS_OAKVALEINTRO_BULLYRUN2 controller=0x54f8370 active=1
[CutsceneMoveDiag] poll macro=CS_OAKVALEINTRO_BULLYRUN2 controller=0x54f83d0 active=0
[CutsceneMoveDiag] poll macro=CS_OAKVALEINTRO_BULLYRUN2 controller=0x54fa3e0 active=1
[CutsceneMoveDiag] poll macro=CS_OAKVALEINTRO_BULLYRUN2 controller=0x54f8370 active=1
[CutsceneMoveDiag] poll macro=CS_OAKVALEINTRO_BULLYRUN2 controller=0x54f83d0 active=0
[CutsceneMoveDiag] poll macro=CS_OAKVALEINTRO_BULLYRUN2 controller=0x54fa3e0 active=1
[CutsceneMoveDiag] poll macro=CS_OAKVALEINTRO_BULLYRUN2 controller=0x54f8370 active=1
[CutsceneMoveDiag] poll macro=CS_OAKVALEINTRO_BULLYRUN2 controller=0x54f83d0 active=0
[CutsceneMoveDiag] poll macro=CS_OAKVALEINTRO_BULLYRUN2 controller=0x54fa3e0 active=1
[CutsceneMoveDiag] poll macro=CS_OAKVALEINTRO_BULLYRUN2 controller=0x54f8370 active=1
[CutsceneMoveDiag] poll macro=CS_OAKVALEINTRO_BULLYRUN2 controller=0x54f83d0 active=0
[CutsceneMoveDiag] poll macro=CS_OAKVALEINTRO_BULLYRUN2 controller=0x54fa3e0 active=1
[CutsceneMoveDiag] poll macro=CS_OAKVALEINTRO_BULLYRUN2 controller=0x54f8370 active=1
[CutsceneMoveDiag] poll macro=CS_OAKVALEINTRO_BULLYRUN2 controller=0x54f83d0 active=0
[CutsceneMoveDiag] poll macro=CS_OAKVALEINTRO_BULLYRUN2 controller=0x54fa3e0 active=1
[CutsceneMoveDiag] poll macro=CS_OAKVALEINTRO_BULLYRUN2 controller=0x54f8370 active=1
[CutsceneMoveDiag] poll macro=CS_OAKVALEINTRO_BULLYRUN2 controller=0x54f83d0 active=0
[CutsceneMoveDiag] poll macro=CS_OAKVALEINTRO_BULLYRUN2 controller=0x54fa3e0 active=1
[CutsceneMoveDiag] poll macro=CS_OAKVALEINTRO_BULLYRUN2 controller=0x54f8370 active=1
[CutsceneMoveDiag] poll macro=CS_OAKVALEINTRO_BULLYRUN2 controller=0x54f83d0 active=0
[CutsceneMoveDiag] poll macro=CS_OAKVALEINTRO_BULLYRUN2 controller=0x54fa3e0 active=1
[CutsceneMoveDiag] poll macro=CS_OAKVALEINTRO_BULLYRUN2 controller=0x54f8370 active=1
[CutsceneMoveDiag] poll macro=CS_OAKVALEINTRO_BULLYRUN2 controller=0x54f83d0 active=0
[CutsceneMoveDiag] poll macro=CS_OAKVALEINTRO_BULLYRUN2 controller=0x54fa3e0 active=1
[CutsceneMoveDiag] poll macro=CS_OAKVALEINTRO_BULLYRUN2 controller=0x54f8370 active=1
[CutsceneMoveDiag] poll macro=CS_OAKVALEINTRO_BULLYRUN2 controller=0x54f83d0 active=0
[CutsceneMoveDiag] poll macro=CS_OAKVALEINTRO_BULLYRUN2 controller=0x54fa3e0 active=1
[CutsceneMoveDiag] poll macro=CS_OAKVALEINTRO_BULLYRUN2 controller=0x54f8370 active=1
[CutsceneMoveDiag] poll macro=CS_OAKVALEINTRO_BULLYRUN2 controller=0x54f83d0 active=0
[CutsceneMoveDiag] poll macro=CS_OAKVALEINTRO_BULLYRUN2 controller=0x54fa3e0 active=1
[CutsceneMoveDiag] poll macro=CS_OAKVALEINTRO_BULLYRUN2 controller=0x54f8370 active=1
[CutsceneMoveDiag] poll macro=CS_OAKVALEINTRO_BULLYRUN2 controller=0x54f83d0 active=0
[CutsceneMoveDiag] poll macro=CS_OAKVALEINTRO_BULLYRUN2 controller=0x54fa3e0 active=1
[CutsceneMoveDiag] poll macro=CS_OAKVALEINTRO_BULLYRUN2 controller=0x54f8370 active=0
[CutsceneMoveDiag] poll macro=CS_OAKVALEINTRO_BULLYRUN2 controller=0x54f83d0 active=0
[CutsceneMoveDiag] poll macro=CS_OAKVALEINTRO_BULLYRUN2 controller=0x54fa3e0 active=1
[CutsceneMoveDiag] poll macro=CS_OAKVALEINTRO_BULLYRUN2 controller=0x54f83d0 active=0
[CutsceneMoveDiag] poll macro=CS_OAKVALEINTRO_BULLYRUN2 controller=0x54fa3e0 active=1
[CutsceneMoveDiag] poll macro=CS_OAKVALEINTRO_BULLYRUN2 controller=0x54f83d0 active=0
[CutsceneMoveDiag] poll macro=CS_OAKVALEINTRO_BULLYRUN2 controller=0x54fa3e0 active=1
[CutsceneSkipDiag] end macro=CS_OAKVALEINTRO_BULLYRUN2 manager=0x492ddb0 inCutscene=0 skipped=0 skippable=1 skippableWhilePaused=0 alternateInput=0 promptPrimary=0 promptSkipScene=0 skipTimerActive=1
    [CutsceneState] after 'CS_OAKVALEINTRO_BULLYRUN2' gui=0x492ddb0 actionMode=0 guiActionMode=0 inCutscene=0 skippable=1 skippableWhilePaused=0 alternateSkipInput=0
[NewOakValeIntro/NewOakValeIntro]     [RunCutsceneWithSetup] >>>>> EXITED BLOCKING RunCutsceneMacro_Func <<<<<
[NewOakValeIntro/NewOakValeIntro]     Releasing cutscene actor handles...
[NewOakValeIntro/NewOakValeIntro]     Destructing actor map object...
[NewOakValeIntro/NewOakValeIntro] --- Cutscene Execution Completed ---
[NewOakValeIntro/NewOakValeIntro] --- Ending Movie Sequence ---
[NewOakValeIntro/NewOakValeIntro]     Destroying movie resource object...
[NewOakValeIntro/NewOakValeIntro]     Freeing movie handle memory...
[NewOakValeIntro/NewOakValeIntro] --- Movie Sequence Ended Successfully ---
    [LuaEntityAPI] Releasing script control handle...
    [LuaEntityAPI] Borrowed control handle released without destroying its owner's resource.
    [LuaEntityAPI] Releasing script control handle...
    SetIsPushableByHero ABI probe: api=0x8a6dd0 thing=0x60266a8 data=0x47a5c60 info=0x5500790
[NewOakValeIntro/NewOakValeIntro] NOVI_PROBE Victim freed setup complete task=false
--- Entity 'NewOakValeIntro/Entities/NOVI_Bully': C++ OnPersist triggered. ---
    [LuaEntityAPI] Releasing script control handle...
    [LuaEntityAPI] Nested release: outer control handle retained (depth 0).
    [LuaEntityHost::Main] >>>>> EXITED LUA CALL for 'NewOakValeIntro/Entities/NOVI_Bully' <<<<<
    [DEBUG] LuaEntityHost::Main: About to return from C++ Main function.
    [DEBUG] LuaEntityHost::Main: FINAL EXIT POINT.
===== PlayAnimation_NonBlocking Wrapper START =====
    [PlayAnimation_NonBlocking] Issuing PlayAnimation command for 'ST_OPINION_FEAR_IDLE_COWERING'...
    [PlayAnimation_NonBlocking] ...Command issued successfully.
===== PlayAnimation_NonBlocking Wrapper END =====
===== PlayCombatAnimation_NonBlocking Wrapper START =====
===== PlayCombatAnimation_NonBlocking Wrapper END =====
===== PlayAnimation_NonBlocking Wrapper START =====
    [PlayAnimation_NonBlocking] Issuing PlayAnimation command for 'ST_OPINION_FEAR_IDLE_COWERING'...
    [PlayAnimation_NonBlocking] ...Command issued successfully.
===== PlayAnimation_NonBlocking Wrapper END =====
===== PlayAnimation_NonBlocking Wrapper START =====
    [PlayAnimation_NonBlocking] Issuing PlayAnimation command for 'ST_OPINION_FEAR_IDLE_COWERING'...
    [PlayAnimation_NonBlocking] ...Command issued successfully.
===== PlayAnimation_NonBlocking Wrapper END =====
===== PlayCombatAnimation_NonBlocking Wrapper START =====
===== PlayCombatAnimation_NonBlocking Wrapper END =====
===== PlayAnimation_NonBlocking Wrapper START =====
    [PlayAnimation_NonBlocking] Issuing PlayAnimation command for 'ST_OPINION_FEAR_IDLE_COWERING'...
    [PlayAnimation_NonBlocking] ...Command issued successfully.
===== PlayAnimation_NonBlocking Wrapper END =====
    [LuaEntityAPI] Initializing handle with Helpers...
    [LuaEntityAPI] ...Helper1 returned false, skipped Helper2.
    [LuaEntityAPI] Acquiring script control for entity at priority 4...
    [LuaEntityAPI] ...Control acquired successfully.
[NewOakValeIntro/NewOakValeIntro] --- Starting Movie Sequence ---
[NewOakValeIntro/NewOakValeIntro] --- Movie Sequence Started Successfully ---
===== Speak_Blocking Wrapper START =====
    [Speak_Blocking] Issuing 'Speak' command...
  Parameters:
    Target: 0x04FA0838
    Key: TEXT_QST_048_TEDDYGIRL_LOST_TEDDY
    Method: 0
    Listen: false
    2D Sound: true
    Over Fade: false
    [Speak_Blocking] ...'Speak' command issued successfully.
    [Speak_Blocking] Entering wait loop...
    [Speak_Blocking] ...Wait loop finished after 24 frames.
[NewOakValeIntro/NewOakValeIntro] --- GiveHeroYesNoQuestion START ---
[NewOakValeIntro/NewOakValeIntro]     Question: TEXT_QST_048_GIVE_TEDDY_TO_GIRL
[NewOakValeIntro/NewOakValeIntro]     Button 1: TEXT_OBJECT_HERO_ANSWER_YES
[NewOakValeIntro/NewOakValeIntro]     Button 2: TEXT_OBJECT_HERO_ANSWER_NO
[NewOakValeIntro/NewOakValeIntro]     Button 3: 
===== PlayAnimation_NonBlocking Wrapper START =====
    [PlayAnimation_NonBlocking] Issuing PlayAnimation command for 'ST_OPINION_FEAR_IDLE_COWERING'...
    [PlayAnimation_NonBlocking] ...Command issued successfully.
===== PlayAnimation_NonBlocking Wrapper END =====
[NewOakValeIntro/NewOakValeIntro] --- GiveHeroYesNoQuestion END ---
===== Speak_Blocking Wrapper START =====
    [Speak_Blocking] Issuing 'Speak' command...
  Parameters:
    Target: 0x04FA0838
    Key: TEXT_QST_048_TEDDYGIRL_FOUND_TEDDY
    Method: 0
    Listen: false
    2D Sound: true
    Over Fade: false
    [Speak_Blocking] ...'Speak' command issued successfully.
    [Speak_Blocking] Entering wait loop...
    [Speak_Blocking] ...Wait loop finished after 12 frames.
[NewOakValeIntro/NewOakValeIntro] --- Ending Movie Sequence ---
[NewOakValeIntro/NewOakValeIntro]     Destroying movie resource object...
[NewOakValeIntro/NewOakValeIntro]     Freeing movie handle memory...
[NewOakValeIntro/NewOakValeIntro] --- Movie Sequence Ended Successfully ---
===== PlayCombatAnimation_NonBlocking Wrapper START =====
===== PlayCombatAnimation_NonBlocking Wrapper END =====
===== PlayAnimation_NonBlocking Wrapper START =====
    [PlayAnimation_NonBlocking] Issuing PlayAnimation command for 'ST_OPINION_FEAR_IDLE_COWERING'...
    [PlayAnimation_NonBlocking] ...Command issued successfully.
===== PlayAnimation_NonBlocking Wrapper END =====
===== PlayAnimation_NonBlocking Wrapper START =====
    [PlayAnimation_NonBlocking] Issuing PlayAnimation command for 'ST_OPINION_FEAR_IDLE_COWERING'...
    [PlayAnimation_NonBlocking] ...Command issued successfully.
===== PlayAnimation_NonBlocking Wrapper END =====
===== PlayCombatAnimation_NonBlocking Wrapper START =====
===== PlayCombatAnimation_NonBlocking Wrapper END =====
===== PlayAnimation_NonBlocking Wrapper START =====
    [PlayAnimation_NonBlocking] Issuing PlayAnimation command for 'ST_OPINION_FEAR_IDLE_COWERING'...
    [PlayAnimation_NonBlocking] ...Command issued successfully.
===== PlayAnimation_NonBlocking Wrapper END =====
===== PlayAnimation_NonBlocking Wrapper START =====
    [PlayAnimation_NonBlocking] Issuing PlayAnimation command for 'ST_OPINION_FEAR_IDLE_COWERING'...
    [PlayAnimation_NonBlocking] ...Command issued successfully.
===== PlayAnimation_NonBlocking Wrapper END =====
===== PlayCombatAnimation_NonBlocking Wrapper START =====
===== PlayCombatAnimation_NonBlocking Wrapper END =====
===== PlayCombatAnimation_NonBlocking Wrapper START =====
===== PlayCombatAnimation_NonBlocking Wrapper END =====
[NewOakValeIntro/NewOakValeIntro] --- Starting Movie Sequence ---
[NewOakValeIntro/NewOakValeIntro] --- Movie Sequence Started Successfully ---
===== Speak_Blocking Wrapper START =====
    [Speak_Blocking] Issuing 'Speak' command...
  Parameters:
    Target: 0x04FA0838
    Key: TEXT_QST_048_DAD_GIVE_REWARD_PART_BAD
    Method: 0
    Listen: false
    2D Sound: true
    Over Fade: false
    [Speak_Blocking] ...'Speak' command issued successfully.
    [Speak_Blocking] Entering wait loop...
    [Speak_Blocking] ...Wait loop finished after 23 frames.
===== Speak_Blocking Wrapper START =====
    [Speak_Blocking] Issuing 'Speak' command...
  Parameters:
    Target: 0x04FA0838
    Key: TEXT_QST_048_DAD_YOU_HAVE_ENOUGH
    Method: 0
    Listen: false
    2D Sound: true
    Over Fade: false
    [Speak_Blocking] ...'Speak' command issued successfully.
    [Speak_Blocking] Entering wait loop...
    [Speak_Blocking] ...Wait loop finished after 11 frames.
[NewOakValeIntro/NewOakValeIntro] --- Ending Movie Sequence ---
[NewOakValeIntro/NewOakValeIntro]     Destroying movie resource object...
[NewOakValeIntro/NewOakValeIntro]     Freeing movie handle memory...
[NewOakValeIntro/NewOakValeIntro] --- Movie Sequence Ended Successfully ---
===== PlayCombatAnimation_NonBlocking Wrapper START =====
===== PlayCombatAnimation_NonBlocking Wrapper END =====
===== PlayAnimation_NonBlocking Wrapper START =====
    [PlayAnimation_NonBlocking] Issuing PlayAnimation command for 'ST_OPINION_FEAR_IDLE_COWERING'...
    [PlayAnimation_NonBlocking] ...Command issued successfully.
===== PlayAnimation_NonBlocking Wrapper END =====
===== PlayCombatAnimation_NonBlocking Wrapper START =====
===== PlayCombatAnimation_NonBlocking Wrapper END =====
===== PlayAnimation_NonBlocking Wrapper START =====
    [PlayAnimation_NonBlocking] Issuing PlayAnimation command for 'ST_OPINION_FEAR_IDLE_COWERING'...
    [PlayAnimation_NonBlocking] ...Command issued successfully.
===== PlayAnimation_NonBlocking Wrapper END =====
===== PlayCombatAnimation_NonBlocking Wrapper START =====
===== PlayCombatAnimation_NonBlocking Wrapper END =====
===== PlayAnimation_NonBlocking Wrapper START =====
    [PlayAnimation_NonBlocking] Issuing PlayAnimation command for 'ST_OPINION_FEAR_IDLE_COWERING'...
    [PlayAnimation_NonBlocking] ...Command issued successfully.
===== PlayAnimation_NonBlocking Wrapper END =====
    [LuaEntityAPI::AcquireControl] Reusing live control handle for nested acquire (depth 2, requested priority 4).
[NewOakValeIntro/NewOakValeIntro] --- Starting Movie Sequence ---
[NewOakValeIntro/NewOakValeIntro] --- Movie Sequence Started Successfully ---
===== Speak_Blocking Wrapper START =====
    [Speak_Blocking] Issuing 'Speak' command...
  Parameters:
    Target: 0x04FA0838
    Key: TEXT_QST_048_TRADER_INTRO
    Method: 0
    Listen: false
    2D Sound: true
    Over Fade: false
    [Speak_Blocking] ...'Speak' command issued successfully.
    [Speak_Blocking] Entering wait loop...
===== PlayAnimation_NonBlocking Wrapper START =====
    [PlayAnimation_NonBlocking] Issuing PlayAnimation command for 'ST_OPINION_FEAR_IDLE_COWERING'...
    [PlayAnimation_NonBlocking] ...Command issued successfully.
===== PlayAnimation_NonBlocking Wrapper END =====
    [Speak_Blocking] ...Wait loop finished after 32 frames.
[NewOakValeIntro/NewOakValeIntro] --- GiveHeroYesNoQuestion START ---
[NewOakValeIntro/NewOakValeIntro]     Question: TEXT_QST_048_TRADER_BUY_SWEETS
[NewOakValeIntro/NewOakValeIntro]     Button 1: TEXT_OBJECT_HERO_ANSWER_YES
[NewOakValeIntro/NewOakValeIntro]     Button 2: TEXT_OBJECT_HERO_ANSWER_NO
[NewOakValeIntro/NewOakValeIntro]     Button 3: 
[NewOakValeIntro/NewOakValeIntro] --- GiveHeroYesNoQuestion END ---
===== Speak_Blocking Wrapper START =====
    [Speak_Blocking] Issuing 'Speak' command...
  Parameters:
    Target: 0x04FA0838
    Key: TEXT_QST_048_TRADER_GIVES_SWEETS
    Method: 0
    Listen: false
    2D Sound: true
    Over Fade: false
    [Speak_Blocking] ...'Speak' command issued successfully.
    [Speak_Blocking] Entering wait loop...
===== PlayCombatAnimation_NonBlocking Wrapper START =====
===== PlayCombatAnimation_NonBlocking Wrapper END =====
    [Speak_Blocking] ...Wait loop finished after 7 frames.
===== GetThingWithScriptName START: 'NOVI_Theresa' =====
    Calling GetThingWithScriptName_ByName_API with heap buffer...
    API call returned.
    Heap Buffer After API: CScriptThing* = 0x183b9d70, pVTable = 0x1238c8c (Matches Known VTable), WorldUID = 3468016904168286475, WrapperPos = (3534.32,932.99,14.1485), pImp.Data = 0x47a5620, pImp.Info = 0x55002e0, Info->RefCount = 4, Info->DeleteFunc = 0x7044b0, Info->Data = 0x47a5620
    Object is valid. Adopting API-owned reference (RefCount=4).
===== GetThingWithScriptName END (Success) =====
[NewOakValeIntro/NewOakValeIntro] --- Ending Movie Sequence ---
[NewOakValeIntro/NewOakValeIntro]     Destroying movie resource object...
[NewOakValeIntro/NewOakValeIntro]     Freeing movie handle memory...
[NewOakValeIntro/NewOakValeIntro] --- Movie Sequence Ended Successfully ---
===== PlayAnimation_NonBlocking Wrapper START =====
    [PlayAnimation_NonBlocking] Issuing PlayAnimation command for 'ST_OPINION_FEAR_IDLE_COWERING'...
    [PlayAnimation_NonBlocking] ...Command issued successfully.
===== PlayAnimation_NonBlocking Wrapper END =====
===== PlayCombatAnimation_NonBlocking Wrapper START =====
===== PlayCombatAnimation_NonBlocking Wrapper END =====
===== PlayAnimation_NonBlocking Wrapper START =====
    [PlayAnimation_NonBlocking] Issuing PlayAnimation command for 'ST_OPINION_FEAR_IDLE_COWERING'...
    [PlayAnimation_NonBlocking] ...Command issued successfully.
===== PlayAnimation_NonBlocking Wrapper END =====
===== PlayCombatAnimation_NonBlocking Wrapper START =====
===== PlayCombatAnimation_NonBlocking Wrapper END =====
===== PlayAnimation_NonBlocking Wrapper START =====
    [PlayAnimation_NonBlocking] Issuing PlayAnimation command for 'ST_OPINION_FEAR_IDLE_COWERING'...
    [PlayAnimation_NonBlocking] ...Command issued successfully.
===== PlayAnimation_NonBlocking Wrapper END =====
===== PlayAnimation_NonBlocking Wrapper START =====
    [PlayAnimation_NonBlocking] Issuing PlayAnimation command for 'ST_OPINION_FEAR_IDLE_COWERING'...
    [PlayAnimation_NonBlocking] ...Command issued successfully.
===== PlayAnimation_NonBlocking Wrapper END =====
===== PlayCombatAnimation_NonBlocking Wrapper START =====
===== PlayCombatAnimation_NonBlocking Wrapper END =====
===== PlayCombatAnimation_NonBlocking Wrapper START =====
===== PlayCombatAnimation_NonBlocking Wrapper END =====
===== shared_ptr Deleter Called =====
    Cleaning up CScriptThing* = 0x183b9d70
    Current RefCount: 4
    Decremented to: 3
    Freed heap allocation.
===== shared_ptr Deleter Complete =====
[NewOakValeIntro/NewOakValeIntro] --- Starting Movie Sequence ---
[NewOakValeIntro/NewOakValeIntro] --- Movie Sequence Started Successfully ---
[NewOakValeIntro/NewOakValeIntro] --- Running Cutscene with Custom Setup: CS_OAKVALE_INTRO_THERESA_MEET ---
[NewOakValeIntro/NewOakValeIntro]     [RunCutsceneWithSetup] Base handle constructed for actor 'HERO'.
[NewOakValeIntro/NewOakValeIntro]     [RunCutsceneWithSetup] Initializing script handle for actor 'HERO'.
[NewOakValeIntro/NewOakValeIntro]     [RunCutsceneWithSetup] Script handle initialized for actor 'HERO'.
[NewOakValeIntro/NewOakValeIntro]     [RunCutsceneWithSetup] Acquiring script control for actor 'HERO'.
[NewOakValeIntro/NewOakValeIntro]     [RunCutsceneWithSetup] Script control acquired for actor 'HERO'.
[NewOakValeIntro/NewOakValeIntro]     [RunCutsceneWithSetup] Actor identity 'HERO': thing=0x4fa0838 thingData=0xe1ccc80 resourceData=0x18221f60 resourceInfo=0x183ba880
[NewOakValeIntro/NewOakValeIntro]     [RunCutsceneWithSetup] Actor 'HERO' assigned to map.
[NewOakValeIntro/NewOakValeIntro]     [RunCutsceneWithSetup] Base handle constructed for actor 'THER'.
[NewOakValeIntro/NewOakValeIntro]     [RunCutsceneWithSetup] Initializing script handle for actor 'THER'.
[NewOakValeIntro/NewOakValeIntro]     [RunCutsceneWithSetup] Script handle initialized for actor 'THER'.
[NewOakValeIntro/NewOakValeIntro]     [RunCutsceneWithSetup] Reused existing script-control handle for actor 'THER'.
[NewOakValeIntro/NewOakValeIntro]     [RunCutsceneWithSetup] Actor identity 'THER': thing=0x158f1380 thingData=0x47a5620 resourceData=0x54fa3e0 resourceInfo=0x5438d90
[NewOakValeIntro/NewOakValeIntro]     [RunCutsceneWithSetup] Actor 'THER' assigned to map.
[NewOakValeIntro/NewOakValeIntro]     [RunCutsceneWithSetup] Reusing caller-owned movie sequence.
[NewOakValeIntro/NewOakValeIntro]     [RunCutsceneABI] macro='CS_OAKVALE_INTRO_THERESA_MEET' setupOptional=1 setup=0 skippableOptional=1 skippable=1 nativeStackOrder=flags,input,setup,skippable
[NewOakValeIntro/NewOakValeIntro]     [RunCutsceneWithSetup] >>>>> ENTERING BLOCKING RunCutsceneMacro_Func for 'CS_OAKVALE_INTRO_THERESA_MEET' <<<<<
    [CutsceneState] before 'CS_OAKVALE_INTRO_THERESA_MEET' gui=0x492ddb0 actionMode=0 guiActionMode=0 inCutscene=0 skippable=1 skippableWhilePaused=0 alternateSkipInput=0
[CutsceneSkipDiag] begin macro=CS_OAKVALE_INTRO_THERESA_MEET manager=0x492ddb0 inCutscene=0 skipped=0 skippable=1 skippableWhilePaused=0 alternateInput=0 promptPrimary=0 promptSkipScene=0 skipTimerActive=0
[CutsceneSkipDiag] SetCutsceneMode(inCutscene=1, second=1) macro=CS_OAKVALE_INTRO_THERESA_MEET manager=0x492ddb0 inCutscene=1 skipped=0 skippable=1 skippableWhilePaused=0 alternateInput=0 promptPrimary=0 promptSkipScene=0 skipTimerActive=1
[CutsceneMoveDiag] poll macro=CS_OAKVALE_INTRO_THERESA_MEET controller=0x54f83d0 active=0
[CutsceneMoveDiag] poll macro=CS_OAKVALE_INTRO_THERESA_MEET controller=0x54f83d0 active=0
[CutsceneMoveDiag] poll macro=CS_OAKVALE_INTRO_THERESA_MEET controller=0x54f83d0 active=0
[CutsceneMoveDiag] poll macro=CS_OAKVALE_INTRO_THERESA_MEET controller=0x54f83d0 active=0
[CutsceneMoveDiag] poll macro=CS_OAKVALE_INTRO_THERESA_MEET controller=0x54f83d0 active=0
[CutsceneMoveDiag] poll macro=CS_OAKVALE_INTRO_THERESA_MEET controller=0x54f83d0 active=0
[CutsceneMoveDiag] poll macro=CS_OAKVALE_INTRO_THERESA_MEET controller=0x54f83d0 active=0
[CutsceneMoveDiag] poll macro=CS_OAKVALE_INTRO_THERESA_MEET controller=0x54f83d0 active=0
[CutsceneMoveDiag] poll macro=CS_OAKVALE_INTRO_THERESA_MEET controller=0x54f83d0 active=0
[CutsceneMoveDiag] poll macro=CS_OAKVALE_INTRO_THERESA_MEET controller=0x54f83d0 active=0
[CutsceneMoveDiag] poll macro=CS_OAKVALE_INTRO_THERESA_MEET controller=0x54f83d0 active=0
[CutsceneMoveDiag] poll macro=CS_OAKVALE_INTRO_THERESA_MEET controller=0x54f83d0 active=0
[CutsceneMoveDiag] poll macro=CS_OAKVALE_INTRO_THERESA_MEET controller=0x54f83d0 active=0
[CutsceneMoveDiag] poll macro=CS_OAKVALE_INTRO_THERESA_MEET controller=0x54f83d0 active=0
[CutsceneSpeechDiag] macro=CS_OAKVALE_INTRO_THERESA_MEET controller=0x54fa3e0 target=0x1adfec method=0 listen=0 soundIn2D=1 overFade=0 key=TEXT_QST_048_THERESA_INTRODUCTION_10
[CutsceneMoveDiag] poll macro=CS_OAKVALE_INTRO_THERESA_MEET controller=0x54fa3e0 active=1
[CutsceneMoveDiag] poll macro=CS_OAKVALE_INTRO_THERESA_MEET controller=0x54f83d0 active=0
[CutsceneMoveDiag] poll macro=CS_OAKVALE_INTRO_THERESA_MEET controller=0x54fa3e0 active=1
[CutsceneMoveDiag] poll macro=CS_OAKVALE_INTRO_THERESA_MEET controller=0x54f83d0 active=0
[CutsceneMoveDiag] poll macro=CS_OAKVALE_INTRO_THERESA_MEET controller=0x54fa3e0 active=1
[CutsceneMoveDiag] poll macro=CS_OAKVALE_INTRO_THERESA_MEET controller=0x54f83d0 active=0
[CutsceneMoveDiag] poll macro=CS_OAKVALE_INTRO_THERESA_MEET controller=0x54fa3e0 active=1
[CutsceneMoveDiag] poll macro=CS_OAKVALE_INTRO_THERESA_MEET controller=0x54f83d0 active=0
[CutsceneMoveDiag] poll macro=CS_OAKVALE_INTRO_THERESA_MEET controller=0x54fa3e0 active=1
[CutsceneMoveDiag] poll macro=CS_OAKVALE_INTRO_THERESA_MEET controller=0x54f83d0 active=0
[CutsceneMoveDiag] poll macro=CS_OAKVALE_INTRO_THERESA_MEET controller=0x54fa3e0 active=1
[CutsceneMoveDiag] poll macro=CS_OAKVALE_INTRO_THERESA_MEET controller=0x54f83d0 active=0
[CutsceneMoveDiag] poll macro=CS_OAKVALE_INTRO_THERESA_MEET controller=0x54fa3e0 active=1
[CutsceneMoveDiag] poll macro=CS_OAKVALE_INTRO_THERESA_MEET controller=0x54f83d0 active=0
===== PlayAnimation_NonBlocking Wrapper START =====
    [PlayAnimation_NonBlocking] Issuing PlayAnimation command for 'ST_OPINION_FEAR_IDLE_COWERING'...
    [PlayAnimation_NonBlocking] ...Command issued successfully.
===== PlayAnimation_NonBlocking Wrapper END =====
[CutsceneMoveDiag] poll macro=CS_OAKVALE_INTRO_THERESA_MEET controller=0x54fa3e0 active=1
[CutsceneMoveDiag] poll macro=CS_OAKVALE_INTRO_THERESA_MEET controller=0x54f83d0 active=1
[CutsceneMoveDiag] poll macro=CS_OAKVALE_INTRO_THERESA_MEET controller=0x54fa3e0 active=1
[CutsceneMoveDiag] poll macro=CS_OAKVALE_INTRO_THERESA_MEET controller=0x54f83d0 active=1
[CutsceneMoveDiag] poll macro=CS_OAKVALE_INTRO_THERESA_MEET controller=0x54fa3e0 active=1
[CutsceneMoveDiag] poll macro=CS_OAKVALE_INTRO_THERESA_MEET controller=0x54f83d0 active=1
[CutsceneMoveDiag] poll macro=CS_OAKVALE_INTRO_THERESA_MEET controller=0x54fa3e0 active=1
[CutsceneMoveDiag] poll macro=CS_OAKVALE_INTRO_THERESA_MEET controller=0x54f83d0 active=1
[CutsceneMoveDiag] poll macro=CS_OAKVALE_INTRO_THERESA_MEET controller=0x54fa3e0 active=1
[CutsceneMoveDiag] poll macro=CS_OAKVALE_INTRO_THERESA_MEET controller=0x54f83d0 active=1
[CutsceneMoveDiag] poll macro=CS_OAKVALE_INTRO_THERESA_MEET controller=0x54fa3e0 active=1
[CutsceneMoveDiag] poll macro=CS_OAKVALE_INTRO_THERESA_MEET controller=0x54f83d0 active=1
[CutsceneMoveDiag] poll macro=CS_OAKVALE_INTRO_THERESA_MEET controller=0x54fa3e0 active=1
[CutsceneMoveDiag] poll macro=CS_OAKVALE_INTRO_THERESA_MEET controller=0x54f83d0 active=1
[CutsceneMoveDiag] poll macro=CS_OAKVALE_INTRO_THERESA_MEET controller=0x54fa3e0 active=1
[CutsceneMoveDiag] poll macro=CS_OAKVALE_INTRO_THERESA_MEET controller=0x54f83d0 active=1
[CutsceneMoveDiag] poll macro=CS_OAKVALE_INTRO_THERESA_MEET controller=0x54fa3e0 active=1
[CutsceneMoveDiag] poll macro=CS_OAKVALE_INTRO_THERESA_MEET controller=0x54f83d0 active=1
[CutsceneMoveDiag] poll macro=CS_OAKVALE_INTRO_THERESA_MEET controller=0x54fa3e0 active=1
[CutsceneMoveDiag] poll macro=CS_OAKVALE_INTRO_THERESA_MEET controller=0x54f83d0 active=1
[CutsceneMoveDiag] poll macro=CS_OAKVALE_INTRO_THERESA_MEET controller=0x54fa3e0 active=1
[CutsceneMoveDiag] poll macro=CS_OAKVALE_INTRO_THERESA_MEET controller=0x54f83d0 active=0
[CutsceneMoveDiag] poll macro=CS_OAKVALE_INTRO_THERESA_MEET controller=0x54fa3e0 active=1
[CutsceneMoveDiag] poll macro=CS_OAKVALE_INTRO_THERESA_MEET controller=0x54f83d0 active=0
[CutsceneMoveDiag] poll macro=CS_OAKVALE_INTRO_THERESA_MEET controller=0x54fa3e0 active=1
[CutsceneMoveDiag] poll macro=CS_OAKVALE_INTRO_THERESA_MEET controller=0x54f83d0 active=0
[CutsceneMoveDiag] poll macro=CS_OAKVALE_INTRO_THERESA_MEET controller=0x54fa3e0 active=1
[CutsceneMoveDiag] poll macro=CS_OAKVALE_INTRO_THERESA_MEET controller=0x54f83d0 active=0
[CutsceneMoveDiag] poll macro=CS_OAKVALE_INTRO_THERESA_MEET controller=0x54fa3e0 active=1
[CutsceneMoveDiag] poll macro=CS_OAKVALE_INTRO_THERESA_MEET controller=0x54f83d0 active=0
[CutsceneMoveDiag] poll macro=CS_OAKVALE_INTRO_THERESA_MEET controller=0x54fa3e0 active=1
[CutsceneMoveDiag] poll macro=CS_OAKVALE_INTRO_THERESA_MEET controller=0x54f83d0 active=0
[CutsceneMoveDiag] poll macro=CS_OAKVALE_INTRO_THERESA_MEET controller=0x54fa3e0 active=1
[CutsceneMoveDiag] poll macro=CS_OAKVALE_INTRO_THERESA_MEET controller=0x54f83d0 active=0
[CutsceneMoveDiag] poll macro=CS_OAKVALE_INTRO_THERESA_MEET controller=0x54fa3e0 active=0
[CutsceneMoveDiag] poll macro=CS_OAKVALE_INTRO_THERESA_MEET controller=0x54f83d0 active=0
[CutsceneMoveDiag] poll macro=CS_OAKVALE_INTRO_THERESA_MEET controller=0x54f83d0 active=0
[CutsceneSkipDiag] end macro=CS_OAKVALE_INTRO_THERESA_MEET manager=0x492ddb0 inCutscene=0 skipped=0 skippable=1 skippableWhilePaused=0 alternateInput=0 promptPrimary=0 promptSkipScene=0 skipTimerActive=1
    [CutsceneState] after 'CS_OAKVALE_INTRO_THERESA_MEET' gui=0x492ddb0 actionMode=0 guiActionMode=0 inCutscene=0 skippable=1 skippableWhilePaused=0 alternateSkipInput=0
[NewOakValeIntro/NewOakValeIntro]     [RunCutsceneWithSetup] >>>>> EXITED BLOCKING RunCutsceneMacro_Func <<<<<
[NewOakValeIntro/NewOakValeIntro]     Releasing cutscene actor handles...
[NewOakValeIntro/NewOakValeIntro]     Destructing actor map object...
[NewOakValeIntro/NewOakValeIntro] --- Cutscene Execution Completed ---
[NewOakValeIntro/NewOakValeIntro] --- GiveHeroYesNoQuestion START ---
[NewOakValeIntro/NewOakValeIntro]     Question: TEXT_QST_048_GIVE_CHOCOLATE_BOX
[NewOakValeIntro/NewOakValeIntro]     Button 1: TEXT_OBJECT_HERO_ANSWER_YES
[NewOakValeIntro/NewOakValeIntro]     Button 2: TEXT_OBJECT_HERO_ANSWER_NO
[NewOakValeIntro/NewOakValeIntro]     Button 3: 
===== PlayAnimation_NonBlocking Wrapper START =====
    [PlayAnimation_NonBlocking] Issuing PlayAnimation command for 'ST_OPINION_FEAR_IDLE_COWERING'...
    [PlayAnimation_NonBlocking] ...Command issued successfully.
===== PlayAnimation_NonBlocking Wrapper END =====
[NewOakValeIntro/NewOakValeIntro] --- GiveHeroYesNoQuestion END ---
[NewOakValeIntro/NewOakValeIntro] GetAllThingsWithScriptName: API returned 3 copies for 'NOVI_Guard'.
--- Entity 'NewOakValeIntro/Entities/NOVI_Guard': C++ OnPersist triggered. ---
--- Entity 'NewOakValeIntro/Entities/NOVI_Guard': C++ OnPersist triggered. ---
--- Entity 'NewOakValeIntro/Entities/NOVI_Guard': C++ OnPersist triggered. ---
[NewOakValeIntro/NewOakValeIntro] --- Running Cutscene with Custom Setup: CS_OAKVALE_INTRO_THERESA_MEET_YES ---
[NewOakValeIntro/NewOakValeIntro]     [RunCutsceneWithSetup] Base handle constructed for actor 'HERO'.
[NewOakValeIntro/NewOakValeIntro]     [RunCutsceneWithSetup] Initializing script handle for actor 'HERO'.
[NewOakValeIntro/NewOakValeIntro]     [RunCutsceneWithSetup] Script handle initialized for actor 'HERO'.
[NewOakValeIntro/NewOakValeIntro]     [RunCutsceneWithSetup] Acquiring script control for actor 'HERO'.
[NewOakValeIntro/NewOakValeIntro]     [RunCutsceneWithSetup] Script control acquired for actor 'HERO'.
[NewOakValeIntro/NewOakValeIntro]     [RunCutsceneWithSetup] Actor identity 'HERO': thing=0x4fa0838 thingData=0xe1ccc80 resourceData=0x1822a4e0 resourceInfo=0x183bdb80
[NewOakValeIntro/NewOakValeIntro]     [RunCutsceneWithSetup] Actor 'HERO' assigned to map.
[NewOakValeIntro/NewOakValeIntro]     [RunCutsceneWithSetup] Base handle constructed for actor 'THER'.
[NewOakValeIntro/NewOakValeIntro]     [RunCutsceneWithSetup] Initializing script handle for actor 'THER'.
[NewOakValeIntro/NewOakValeIntro]     [RunCutsceneWithSetup] Script handle initialized for actor 'THER'.
[NewOakValeIntro/NewOakValeIntro]     [RunCutsceneWithSetup] Reused existing script-control handle for actor 'THER'.
[NewOakValeIntro/NewOakValeIntro]     [RunCutsceneWithSetup] Actor identity 'THER': thing=0x158f1380 thingData=0x47a5620 resourceData=0x54fa3e0 resourceInfo=0x5438d90
[NewOakValeIntro/NewOakValeIntro]     [RunCutsceneWithSetup] Actor 'THER' assigned to map.
[NewOakValeIntro/NewOakValeIntro]     [RunCutsceneWithSetup] Reusing caller-owned movie sequence.
[NewOakValeIntro/NewOakValeIntro]     [RunCutsceneABI] macro='CS_OAKVALE_INTRO_THERESA_MEET_YES' setupOptional=1 setup=0 skippableOptional=1 skippable=1 nativeStackOrder=flags,input,setup,skippable
[NewOakValeIntro/NewOakValeIntro]     [RunCutsceneWithSetup] >>>>> ENTERING BLOCKING RunCutsceneMacro_Func for 'CS_OAKVALE_INTRO_THERESA_MEET_YES' <<<<<
    [CutsceneState] before 'CS_OAKVALE_INTRO_THERESA_MEET_YES' gui=0x492ddb0 actionMode=0 guiActionMode=0 inCutscene=0 skippable=1 skippableWhilePaused=0 alternateSkipInput=0
[CutsceneSkipDiag] begin macro=CS_OAKVALE_INTRO_THERESA_MEET_YES manager=0x492ddb0 inCutscene=0 skipped=0 skippable=1 skippableWhilePaused=0 alternateInput=0 promptPrimary=0 promptSkipScene=0 skipTimerActive=0
[CutsceneSkipDiag] SetCutsceneMode(inCutscene=1, second=1) macro=CS_OAKVALE_INTRO_THERESA_MEET_YES manager=0x492ddb0 inCutscene=1 skipped=0 skippable=1 skippableWhilePaused=0 alternateInput=0 promptPrimary=0 promptSkipScene=0 skipTimerActive=1
    [LuaEntityHost::Main] >>>>> EXITED LUA CALL for 'NewOakValeIntro/Entities/NOVI_Guard' <<<<<
    [DEBUG] LuaEntityHost::Main: About to return from C++ Main function.
    [DEBUG] LuaEntityHost::Main: FINAL EXIT POINT.
    [LuaEntityHost::Main] >>>>> EXITED LUA CALL for 'NewOakValeIntro/Entities/NOVI_Guard' <<<<<
    [DEBUG] LuaEntityHost::Main: About to return from C++ Main function.
    [DEBUG] LuaEntityHost::Main: FINAL EXIT POINT.
    [LuaEntityHost::Main] >>>>> EXITED LUA CALL for 'NewOakValeIntro/Entities/NOVI_Guard' <<<<<
    [DEBUG] LuaEntityHost::Main: About to return from C++ Main function.
    [DEBUG] LuaEntityHost::Main: FINAL EXIT POINT.
[CutsceneMoveDiag] poll macro=CS_OAKVALE_INTRO_THERESA_MEET_YES controller=0x54f83d0 active=1
[CutsceneSpeechDiag] macro=CS_OAKVALE_INTRO_THERESA_MEET_YES controller=0x54fa3e0 target=0x1adfec method=0 listen=0 soundIn2D=1 overFade=0 key=TEXT_QST_048_THERESA_HELLO_10
[CutsceneMoveDiag] poll macro=CS_OAKVALE_INTRO_THERESA_MEET_YES controller=0x54fa3e0 active=1
[CutsceneMoveDiag] poll macro=CS_OAKVALE_INTRO_THERESA_MEET_YES controller=0x54f83d0 active=1
[CutsceneMoveDiag] poll macro=CS_OAKVALE_INTRO_THERESA_MEET_YES controller=0x54fa3e0 active=1
[CutsceneMoveDiag] poll macro=CS_OAKVALE_INTRO_THERESA_MEET_YES controller=0x54f83d0 active=1
[CutsceneMoveDiag] poll macro=CS_OAKVALE_INTRO_THERESA_MEET_YES controller=0x54fa3e0 active=1
[CutsceneMoveDiag] poll macro=CS_OAKVALE_INTRO_THERESA_MEET_YES controller=0x54f83d0 active=1
[CutsceneMoveDiag] poll macro=CS_OAKVALE_INTRO_THERESA_MEET_YES controller=0x54fa3e0 active=1
[CutsceneMoveDiag] poll macro=CS_OAKVALE_INTRO_THERESA_MEET_YES controller=0x54f83d0 active=1
[CutsceneMoveDiag] poll macro=CS_OAKVALE_INTRO_THERESA_MEET_YES controller=0x54fa3e0 active=1
[CutsceneMoveDiag] poll macro=CS_OAKVALE_INTRO_THERESA_MEET_YES controller=0x54f83d0 active=1
[CutsceneMoveDiag] poll macro=CS_OAKVALE_INTRO_THERESA_MEET_YES controller=0x54fa3e0 active=1
[CutsceneMoveDiag] poll macro=CS_OAKVALE_INTRO_THERESA_MEET_YES controller=0x54f83d0 active=1
[CutsceneMoveDiag] poll macro=CS_OAKVALE_INTRO_THERESA_MEET_YES controller=0x54fa3e0 active=1
[CutsceneMoveDiag] poll macro=CS_OAKVALE_INTRO_THERESA_MEET_YES controller=0x54f83d0 active=0
===== PlayAnimation_NonBlocking Wrapper START =====
    [PlayAnimation_NonBlocking] Issuing PlayAnimation command for 'ST_OPINION_FEAR_IDLE_COWERING'...
    [PlayAnimation_NonBlocking] ...Command issued successfully.
===== PlayAnimation_NonBlocking Wrapper END =====
[CutsceneMoveDiag] poll macro=CS_OAKVALE_INTRO_THERESA_MEET_YES controller=0x54fa3e0 active=1
[CutsceneMoveDiag] poll macro=CS_OAKVALE_INTRO_THERESA_MEET_YES controller=0x54f83d0 active=1
[CutsceneMoveDiag] poll macro=CS_OAKVALE_INTRO_THERESA_MEET_YES controller=0x54fa3e0 active=1
[CutsceneMoveDiag] poll macro=CS_OAKVALE_INTRO_THERESA_MEET_YES controller=0x54f83d0 active=1
[CutsceneMoveDiag] poll macro=CS_OAKVALE_INTRO_THERESA_MEET_YES controller=0x54fa3e0 active=1
[CutsceneMoveDiag] poll macro=CS_OAKVALE_INTRO_THERESA_MEET_YES controller=0x54f83d0 active=1
[CutsceneMoveDiag] poll macro=CS_OAKVALE_INTRO_THERESA_MEET_YES controller=0x54fa3e0 active=1
[CutsceneMoveDiag] poll macro=CS_OAKVALE_INTRO_THERESA_MEET_YES controller=0x54f83d0 active=1
[CutsceneMoveDiag] poll macro=CS_OAKVALE_INTRO_THERESA_MEET_YES controller=0x54fa3e0 active=1
[CutsceneMoveDiag] poll macro=CS_OAKVALE_INTRO_THERESA_MEET_YES controller=0x54f83d0 active=1
[CutsceneMoveDiag] poll macro=CS_OAKVALE_INTRO_THERESA_MEET_YES controller=0x54fa3e0 active=1
[CutsceneMoveDiag] poll macro=CS_OAKVALE_INTRO_THERESA_MEET_YES controller=0x54f83d0 active=1
[CutsceneMoveDiag] poll macro=CS_OAKVALE_INTRO_THERESA_MEET_YES controller=0x54fa3e0 active=1
[CutsceneMoveDiag] poll macro=CS_OAKVALE_INTRO_THERESA_MEET_YES controller=0x54f83d0 active=1
[CutsceneMoveDiag] poll macro=CS_OAKVALE_INTRO_THERESA_MEET_YES controller=0x54fa3e0 active=1
[CutsceneMoveDiag] poll macro=CS_OAKVALE_INTRO_THERESA_MEET_YES controller=0x54f83d0 active=1
[CutsceneMoveDiag] poll macro=CS_OAKVALE_INTRO_THERESA_MEET_YES controller=0x54fa3e0 active=1
[CutsceneMoveDiag] poll macro=CS_OAKVALE_INTRO_THERESA_MEET_YES controller=0x54f83d0 active=1
[CutsceneMoveDiag] poll macro=CS_OAKVALE_INTRO_THERESA_MEET_YES controller=0x54fa3e0 active=1
[CutsceneMoveDiag] poll macro=CS_OAKVALE_INTRO_THERESA_MEET_YES controller=0x54f83d0 active=1
[CutsceneMoveDiag] poll macro=CS_OAKVALE_INTRO_THERESA_MEET_YES controller=0x54fa3e0 active=1
[CutsceneMoveDiag] poll macro=CS_OAKVALE_INTRO_THERESA_MEET_YES controller=0x54f83d0 active=0
[CutsceneMoveDiag] poll macro=CS_OAKVALE_INTRO_THERESA_MEET_YES controller=0x54fa3e0 active=1
[CutsceneMoveDiag] poll macro=CS_OAKVALE_INTRO_THERESA_MEET_YES controller=0x54f83d0 active=0
[CutsceneMoveDiag] poll macro=CS_OAKVALE_INTRO_THERESA_MEET_YES controller=0x54fa3e0 active=1
[CutsceneMoveDiag] poll macro=CS_OAKVALE_INTRO_THERESA_MEET_YES controller=0x54f83d0 active=0
[CutsceneMoveDiag] poll macro=CS_OAKVALE_INTRO_THERESA_MEET_YES controller=0x54fa3e0 active=1
[CutsceneMoveDiag] poll macro=CS_OAKVALE_INTRO_THERESA_MEET_YES controller=0x54f83d0 active=0
[CutsceneMoveDiag] poll macro=CS_OAKVALE_INTRO_THERESA_MEET_YES controller=0x54fa3e0 active=1
[CutsceneMoveDiag] poll macro=CS_OAKVALE_INTRO_THERESA_MEET_YES controller=0x54f83d0 active=0
[CutsceneMoveDiag] poll macro=CS_OAKVALE_INTRO_THERESA_MEET_YES controller=0x54fa3e0 active=1
[CutsceneMoveDiag] poll macro=CS_OAKVALE_INTRO_THERESA_MEET_YES controller=0x54f83d0 active=0
[CutsceneMoveDiag] poll macro=CS_OAKVALE_INTRO_THERESA_MEET_YES controller=0x54fa3e0 active=1
[CutsceneMoveDiag] poll macro=CS_OAKVALE_INTRO_THERESA_MEET_YES controller=0x54f83d0 active=0
[CutsceneMoveDiag] poll macro=CS_OAKVALE_INTRO_THERESA_MEET_YES controller=0x54fa3e0 active=1
[CutsceneMoveDiag] poll macro=CS_OAKVALE_INTRO_THERESA_MEET_YES controller=0x54f83d0 active=0
[CutsceneMoveDiag] poll macro=CS_OAKVALE_INTRO_THERESA_MEET_YES controller=0x54fa3e0 active=1
[CutsceneMoveDiag] poll macro=CS_OAKVALE_INTRO_THERESA_MEET_YES controller=0x54f83d0 active=0
[CutsceneMoveDiag] poll macro=CS_OAKVALE_INTRO_THERESA_MEET_YES controller=0x54fa3e0 active=1
[CutsceneMoveDiag] poll macro=CS_OAKVALE_INTRO_THERESA_MEET_YES controller=0x54f83d0 active=0
[CutsceneMoveDiag] poll macro=CS_OAKVALE_INTRO_THERESA_MEET_YES controller=0x54fa3e0 active=1
[CutsceneMoveDiag] poll macro=CS_OAKVALE_INTRO_THERESA_MEET_YES controller=0x54f83d0 active=0
[CutsceneMoveDiag] poll macro=CS_OAKVALE_INTRO_THERESA_MEET_YES controller=0x54fa3e0 active=1
[CutsceneMoveDiag] poll macro=CS_OAKVALE_INTRO_THERESA_MEET_YES controller=0x54f83d0 active=0
[CutsceneMoveDiag] poll macro=CS_OAKVALE_INTRO_THERESA_MEET_YES controller=0x54fa3e0 active=1
[CutsceneMoveDiag] poll macro=CS_OAKVALE_INTRO_THERESA_MEET_YES controller=0x54f83d0 active=0
[CutsceneMoveDiag] poll macro=CS_OAKVALE_INTRO_THERESA_MEET_YES controller=0x54fa3e0 active=1
[CutsceneMoveDiag] poll macro=CS_OAKVALE_INTRO_THERESA_MEET_YES controller=0x54f83d0 active=0
===== PlayAnimation_NonBlocking Wrapper START =====
    [PlayAnimation_NonBlocking] Issuing PlayAnimation command for 'ST_OPINION_FEAR_IDLE_COWERING'...
    [PlayAnimation_NonBlocking] ...Command issued successfully.
===== PlayAnimation_NonBlocking Wrapper END =====
[CutsceneMoveDiag] poll macro=CS_OAKVALE_INTRO_THERESA_MEET_YES controller=0x54fa3e0 active=1
[CutsceneMoveDiag] poll macro=CS_OAKVALE_INTRO_THERESA_MEET_YES controller=0x54f83d0 active=1
[CutsceneMoveDiag] poll macro=CS_OAKVALE_INTRO_THERESA_MEET_YES controller=0x54fa3e0 active=1
[CutsceneMoveDiag] poll macro=CS_OAKVALE_INTRO_THERESA_MEET_YES controller=0x54f83d0 active=1
[CutsceneMoveDiag] poll macro=CS_OAKVALE_INTRO_THERESA_MEET_YES controller=0x54fa3e0 active=1
[CutsceneMoveDiag] poll macro=CS_OAKVALE_INTRO_THERESA_MEET_YES controller=0x54f83d0 active=1
[CutsceneMoveDiag] poll macro=CS_OAKVALE_INTRO_THERESA_MEET_YES controller=0x54fa3e0 active=1
[CutsceneMoveDiag] poll macro=CS_OAKVALE_INTRO_THERESA_MEET_YES controller=0x54f83d0 active=1
[CutsceneMoveDiag] poll macro=CS_OAKVALE_INTRO_THERESA_MEET_YES controller=0x54fa3e0 active=1
[CutsceneMoveDiag] poll macro=CS_OAKVALE_INTRO_THERESA_MEET_YES controller=0x54f83d0 active=1
[CutsceneMoveDiag] poll macro=CS_OAKVALE_INTRO_THERESA_MEET_YES controller=0x54fa3e0 active=1
[CutsceneMoveDiag] poll macro=CS_OAKVALE_INTRO_THERESA_MEET_YES controller=0x54f83d0 active=1
[CutsceneMoveDiag] poll macro=CS_OAKVALE_INTRO_THERESA_MEET_YES controller=0x54fa3e0 active=1
[CutsceneMoveDiag] poll macro=CS_OAKVALE_INTRO_THERESA_MEET_YES controller=0x54f83d0 active=1
[CutsceneMoveDiag] poll macro=CS_OAKVALE_INTRO_THERESA_MEET_YES controller=0x54fa3e0 active=1
[CutsceneMoveDiag] poll macro=CS_OAKVALE_INTRO_THERESA_MEET_YES controller=0x54f83d0 active=1
[CutsceneMoveDiag] poll macro=CS_OAKVALE_INTRO_THERESA_MEET_YES controller=0x54fa3e0 active=1
[CutsceneMoveDiag] poll macro=CS_OAKVALE_INTRO_THERESA_MEET_YES controller=0x54f83d0 active=1
[CutsceneMoveDiag] poll macro=CS_OAKVALE_INTRO_THERESA_MEET_YES controller=0x54fa3e0 active=1
[CutsceneMoveDiag] poll macro=CS_OAKVALE_INTRO_THERESA_MEET_YES controller=0x54f83d0 active=1
[CutsceneMoveDiag] poll macro=CS_OAKVALE_INTRO_THERESA_MEET_YES controller=0x54fa3e0 active=0
[CutsceneMoveDiag] poll macro=CS_OAKVALE_INTRO_THERESA_MEET_YES controller=0x54f83d0 active=0
[CutsceneSkipDiag] end macro=CS_OAKVALE_INTRO_THERESA_MEET_YES manager=0x492ddb0 inCutscene=0 skipped=0 skippable=1 skippableWhilePaused=0 alternateInput=0 promptPrimary=0 promptSkipScene=0 skipTimerActive=1
    [CutsceneState] after 'CS_OAKVALE_INTRO_THERESA_MEET_YES' gui=0x492ddb0 actionMode=0 guiActionMode=0 inCutscene=0 skippable=1 skippableWhilePaused=0 alternateSkipInput=0
[NewOakValeIntro/NewOakValeIntro]     [RunCutsceneWithSetup] >>>>> EXITED BLOCKING RunCutsceneMacro_Func <<<<<
[NewOakValeIntro/NewOakValeIntro]     Releasing cutscene actor handles...
[NewOakValeIntro/NewOakValeIntro]     Destructing actor map object...
[NewOakValeIntro/NewOakValeIntro] --- Cutscene Execution Completed ---
[NewOakValeIntro/NewOakValeIntro] --- Ending Movie Sequence ---
[NewOakValeIntro/NewOakValeIntro]     Destroying movie resource object...
[NewOakValeIntro/NewOakValeIntro]     Freeing movie handle memory...
[NewOakValeIntro/NewOakValeIntro] --- Movie Sequence Ended Successfully ---
    [LuaEntityAPI::AcquireControl] Reusing live control handle for nested acquire (depth 1, requested priority 4).
===== PlayAnimation_NonBlocking Wrapper START =====
    [PlayAnimation_NonBlocking] Issuing PlayAnimation command for 'ST_OPINION_FEAR_IDLE_COWERING'...
    [PlayAnimation_NonBlocking] ...Command issued successfully.
===== PlayAnimation_NonBlocking Wrapper END =====
[NewOakValeIntro/NewOakValeIntro] --- Starting Movie Sequence ---
[NewOakValeIntro/NewOakValeIntro] --- Movie Sequence Started Successfully ---
[NewOakValeIntro/NewOakValeIntro] --- Running Cutscene with Custom Setup: CS_OAKVALE_INTRO_THERESA ---
[NewOakValeIntro/NewOakValeIntro]     [RunCutsceneWithSetup] Base handle constructed for actor 'HERO'.
[NewOakValeIntro/NewOakValeIntro]     [RunCutsceneWithSetup] Initializing script handle for actor 'HERO'.
[NewOakValeIntro/NewOakValeIntro]     [RunCutsceneWithSetup] Script handle initialized for actor 'HERO'.
[NewOakValeIntro/NewOakValeIntro]     [RunCutsceneWithSetup] Acquiring script control for actor 'HERO'.
[NewOakValeIntro/NewOakValeIntro]     [RunCutsceneWithSetup] Script control acquired for actor 'HERO'.
[NewOakValeIntro/NewOakValeIntro]     [RunCutsceneWithSetup] Actor identity 'HERO': thing=0x4fa0838 thingData=0xe1ccc80 resourceData=0x1822cac0 resourceInfo=0x183bba20
[NewOakValeIntro/NewOakValeIntro]     [RunCutsceneWithSetup] Actor 'HERO' assigned to map.
[NewOakValeIntro/NewOakValeIntro]     [RunCutsceneWithSetup] Base handle constructed for actor 'Theresa'.
[NewOakValeIntro/NewOakValeIntro]     [RunCutsceneWithSetup] Initializing script handle for actor 'Theresa'.
[NewOakValeIntro/NewOakValeIntro]     [RunCutsceneWithSetup] Script handle initialized for actor 'Theresa'.
[NewOakValeIntro/NewOakValeIntro]     [RunCutsceneWithSetup] Reused existing script-control handle for actor 'Theresa'.
[NewOakValeIntro/NewOakValeIntro]     [RunCutsceneWithSetup] Actor identity 'Theresa': thing=0x158f1380 thingData=0x47a5620 resourceData=0x54fa3e0 resourceInfo=0x5438d90
[NewOakValeIntro/NewOakValeIntro]     [RunCutsceneWithSetup] Actor 'Theresa' assigned to map.
[NewOakValeIntro/NewOakValeIntro]     [RunCutsceneWithSetup] Reusing caller-owned movie sequence.
[NewOakValeIntro/NewOakValeIntro]     [RunCutsceneABI] macro='CS_OAKVALE_INTRO_THERESA' setupOptional=1 setup=0 skippableOptional=1 skippable=1 nativeStackOrder=flags,input,setup,skippable
[NewOakValeIntro/NewOakValeIntro]     [RunCutsceneWithSetup] >>>>> ENTERING BLOCKING RunCutsceneMacro_Func for 'CS_OAKVALE_INTRO_THERESA' <<<<<
    [CutsceneState] before 'CS_OAKVALE_INTRO_THERESA' gui=0x492ddb0 actionMode=0 guiActionMode=0 inCutscene=0 skippable=1 skippableWhilePaused=0 alternateSkipInput=0
[CutsceneSkipDiag] begin macro=CS_OAKVALE_INTRO_THERESA manager=0x492ddb0 inCutscene=0 skipped=0 skippable=1 skippableWhilePaused=0 alternateInput=0 promptPrimary=0 promptSkipScene=0 skipTimerActive=0
[CutsceneSkipDiag] SetCutsceneMode(inCutscene=1, second=1) macro=CS_OAKVALE_INTRO_THERESA manager=0x492ddb0 inCutscene=1 skipped=0 skippable=1 skippableWhilePaused=0 alternateInput=0 promptPrimary=0 promptSkipScene=0 skipTimerActive=1
[CutsceneMoveDiag] poll macro=CS_OAKVALE_INTRO_THERESA controller=0x54f83d0 active=1
[CutsceneMoveDiag] poll macro=CS_OAKVALE_INTRO_THERESA controller=0x54f83d0 active=1
[CutsceneMoveDiag] poll macro=CS_OAKVALE_INTRO_THERESA controller=0x54f83d0 active=1
[CutsceneMoveDiag] poll macro=CS_OAKVALE_INTRO_THERESA controller=0x54f83d0 active=1
[CutsceneMoveDiag] poll macro=CS_OAKVALE_INTRO_THERESA controller=0x54f83d0 active=1
[CutsceneMoveDiag] poll macro=CS_OAKVALE_INTRO_THERESA controller=0x54f83d0 active=0
[CutsceneMoveDiag] poll macro=CS_OAKVALE_INTRO_THERESA controller=0x54f83d0 active=0
[CutsceneMoveDiag] poll macro=CS_OAKVALE_INTRO_THERESA controller=0x54f83d0 active=0
[CutsceneMoveDiag] poll macro=CS_OAKVALE_INTRO_THERESA controller=0x54f83d0 active=0
[CutsceneMoveDiag] poll macro=CS_OAKVALE_INTRO_THERESA controller=0x54f83d0 active=0
[CutsceneMoveDiag] poll macro=CS_OAKVALE_INTRO_THERESA controller=0x54f83d0 active=0
===== MoveToPosition_NonBlocking Wrapper START =====
    [MoveToPositionDiag] thing=0x1570f548 thingData=0x47a5300 handle=0x543c4c8 resourceData=0x54f84c0 destination=(3540.95,831.585,8.71272) radius=0 moveType=0 avoidObstacles=0 ignorePathPreferability=1
[CutsceneMoveDiag] issue macro=CS_OAKVALE_INTRO_THERESA controller=0x54f84c0 destination=(3540.95,831.585,8.71272) radius=0 moveType=0 b1=0 b2=1
===== MoveToPosition_NonBlocking Wrapper END =====
[CutsceneMoveDiag] poll macro=CS_OAKVALE_INTRO_THERESA controller=0x54f84c0 active=1
[CutsceneMoveDiag] poll macro=CS_OAKVALE_INTRO_THERESA controller=0x54f83d0 active=0
[CutsceneMoveDiag] poll macro=CS_OAKVALE_INTRO_THERESA controller=0x54f84c0 active=1
[CutsceneMoveDiag] poll macro=CS_OAKVALE_INTRO_THERESA controller=0x54f83d0 active=0
[CutsceneMoveDiag] poll macro=CS_OAKVALE_INTRO_THERESA controller=0x54f84c0 active=1
[CutsceneMoveDiag] poll macro=CS_OAKVALE_INTRO_THERESA controller=0x54f83d0 active=0
[CutsceneMoveDiag] poll macro=CS_OAKVALE_INTRO_THERESA controller=0x54f84c0 active=1
[CutsceneMoveDiag] poll macro=CS_OAKVALE_INTRO_THERESA controller=0x54f83d0 active=0
[CutsceneMoveDiag] poll macro=CS_OAKVALE_INTRO_THERESA controller=0x54f84c0 active=1
[CutsceneMoveDiag] poll macro=CS_OAKVALE_INTRO_THERESA controller=0x54f83d0 active=0
[CutsceneMoveDiag] poll macro=CS_OAKVALE_INTRO_THERESA controller=0x54f84c0 active=1
[CutsceneMoveDiag] poll macro=CS_OAKVALE_INTRO_THERESA controller=0x54f83d0 active=0
[CutsceneMoveDiag] poll macro=CS_OAKVALE_INTRO_THERESA controller=0x54f84c0 active=1
[CutsceneMoveDiag] poll macro=CS_OAKVALE_INTRO_THERESA controller=0x54f83d0 active=0
[CutsceneMoveDiag] poll macro=CS_OAKVALE_INTRO_THERESA controller=0x54f84c0 active=1
[CutsceneMoveDiag] poll macro=CS_OAKVALE_INTRO_THERESA controller=0x54f83d0 active=0
[CutsceneMoveDiag] poll macro=CS_OAKVALE_INTRO_THERESA controller=0x54f84c0 active=1
[CutsceneMoveDiag] poll macro=CS_OAKVALE_INTRO_THERESA controller=0x54f83d0 active=0
[CutsceneMoveDiag] poll macro=CS_OAKVALE_INTRO_THERESA controller=0x54f84c0 active=1
[CutsceneMoveDiag] poll macro=CS_OAKVALE_INTRO_THERESA controller=0x54f83d0 active=0
[CutsceneMoveDiag] poll macro=CS_OAKVALE_INTRO_THERESA controller=0x54f84c0 active=1
[CutsceneMoveDiag] poll macro=CS_OAKVALE_INTRO_THERESA controller=0x54f83d0 active=0
[CutsceneMoveDiag] poll macro=CS_OAKVALE_INTRO_THERESA controller=0x54f84c0 active=1
[CutsceneMoveDiag] poll macro=CS_OAKVALE_INTRO_THERESA controller=0x54f83d0 active=0
[CutsceneMoveDiag] poll macro=CS_OAKVALE_INTRO_THERESA controller=0x54f84c0 active=1
[CutsceneMoveDiag] poll macro=CS_OAKVALE_INTRO_THERESA controller=0x54f83d0 active=0
[CutsceneMoveDiag] poll macro=CS_OAKVALE_INTRO_THERESA controller=0x54f84c0 active=1
[CutsceneMoveDiag] poll macro=CS_OAKVALE_INTRO_THERESA controller=0x54f83d0 active=0
[CutsceneMoveDiag] poll macro=CS_OAKVALE_INTRO_THERESA controller=0x54f84c0 active=1
[CutsceneMoveDiag] poll macro=CS_OAKVALE_INTRO_THERESA controller=0x54f83d0 active=0
[CutsceneMoveDiag] poll macro=CS_OAKVALE_INTRO_THERESA controller=0x54f84c0 active=1
[CutsceneMoveDiag] poll macro=CS_OAKVALE_INTRO_THERESA controller=0x54f83d0 active=0
[CutsceneMoveDiag] poll macro=CS_OAKVALE_INTRO_THERESA controller=0x54f84c0 active=1
[CutsceneMoveDiag] poll macro=CS_OAKVALE_INTRO_THERESA controller=0x54f83d0 active=0
[CutsceneMoveDiag] poll macro=CS_OAKVALE_INTRO_THERESA controller=0x54f84c0 active=1
[CutsceneMoveDiag] poll macro=CS_OAKVALE_INTRO_THERESA controller=0x54f83d0 active=0
[CutsceneMoveDiag] poll macro=CS_OAKVALE_INTRO_THERESA controller=0x54f84c0 active=1
[CutsceneMoveDiag] poll macro=CS_OAKVALE_INTRO_THERESA controller=0x54f83d0 active=0
[CutsceneMoveDiag] poll macro=CS_OAKVALE_INTRO_THERESA controller=0x54f84c0 active=1
[CutsceneMoveDiag] poll macro=CS_OAKVALE_INTRO_THERESA controller=0x54f83d0 active=0
[CutsceneMoveDiag] poll macro=CS_OAKVALE_INTRO_THERESA controller=0x54f84c0 active=1
[CutsceneMoveDiag] poll macro=CS_OAKVALE_INTRO_THERESA controller=0x54f83d0 active=0
[CutsceneMoveDiag] poll macro=CS_OAKVALE_INTRO_THERESA controller=0x54f84c0 active=1
[CutsceneMoveDiag] poll macro=CS_OAKVALE_INTRO_THERESA controller=0x54f83d0 active=0
[CutsceneMoveDiag] poll macro=CS_OAKVALE_INTRO_THERESA controller=0x54f84c0 active=1
[CutsceneMoveDiag] poll macro=CS_OAKVALE_INTRO_THERESA controller=0x54f83d0 active=0
[CutsceneMoveDiag] poll macro=CS_OAKVALE_INTRO_THERESA controller=0x54f84c0 active=1
[CutsceneMoveDiag] poll macro=CS_OAKVALE_INTRO_THERESA controller=0x54f83d0 active=0
[CutsceneMoveDiag] poll macro=CS_OAKVALE_INTRO_THERESA controller=0x54f84c0 active=1
[CutsceneMoveDiag] poll macro=CS_OAKVALE_INTRO_THERESA controller=0x54f83d0 active=0
[CutsceneMoveDiag] poll macro=CS_OAKVALE_INTRO_THERESA controller=0x54f84c0 active=1
[CutsceneMoveDiag] poll macro=CS_OAKVALE_INTRO_THERESA controller=0x54f83d0 active=0
[CutsceneMoveDiag] poll macro=CS_OAKVALE_INTRO_THERESA controller=0x54f84c0 active=1
[CutsceneMoveDiag] poll macro=CS_OAKVALE_INTRO_THERESA controller=0x54f83d0 active=0
[CutsceneMoveDiag] poll macro=CS_OAKVALE_INTRO_THERESA controller=0x54f84c0 active=1
[CutsceneMoveDiag] poll macro=CS_OAKVALE_INTRO_THERESA controller=0x54f83d0 active=0
[CutsceneMoveDiag] poll macro=CS_OAKVALE_INTRO_THERESA controller=0x54f84c0 active=1
[CutsceneMoveDiag] poll macro=CS_OAKVALE_INTRO_THERESA controller=0x54f83d0 active=0
[CutsceneMoveDiag] poll macro=CS_OAKVALE_INTRO_THERESA controller=0x54f84c0 active=1
[CutsceneMoveDiag] poll macro=CS_OAKVALE_INTRO_THERESA controller=0x54f83d0 active=0
[CutsceneMoveDiag] poll macro=CS_OAKVALE_INTRO_THERESA controller=0x54f84c0 active=1
[CutsceneMoveDiag] poll macro=CS_OAKVALE_INTRO_THERESA controller=0x54f83d0 active=0
[CutsceneMoveDiag] poll macro=CS_OAKVALE_INTRO_THERESA controller=0x54f84c0 active=1
[CutsceneMoveDiag] poll macro=CS_OAKVALE_INTRO_THERESA controller=0x54f83d0 active=0
[CutsceneMoveDiag] poll macro=CS_OAKVALE_INTRO_THERESA controller=0x54f84c0 active=1
[CutsceneMoveDiag] poll macro=CS_OAKVALE_INTRO_THERESA controller=0x54f83d0 active=0
[CutsceneMoveDiag] poll macro=CS_OAKVALE_INTRO_THERESA controller=0x54f84c0 active=1
[CutsceneMoveDiag] poll macro=CS_OAKVALE_INTRO_THERESA controller=0x54f83d0 active=0
[CutsceneMoveDiag] poll macro=CS_OAKVALE_INTRO_THERESA controller=0x54f84c0 active=1
[CutsceneMoveDiag] poll macro=CS_OAKVALE_INTRO_THERESA controller=0x54f83d0 active=0
[CutsceneMoveDiag] poll macro=CS_OAKVALE_INTRO_THERESA controller=0x54f84c0 active=1
[CutsceneMoveDiag] poll macro=CS_OAKVALE_INTRO_THERESA controller=0x54f83d0 active=0
[CutsceneMoveDiag] poll macro=CS_OAKVALE_INTRO_THERESA controller=0x54f84c0 active=1
[CutsceneMoveDiag] poll macro=CS_OAKVALE_INTRO_THERESA controller=0x54f83d0 active=0
[CutsceneMoveDiag] poll macro=CS_OAKVALE_INTRO_THERESA controller=0x54f84c0 active=1
[CutsceneMoveDiag] poll macro=CS_OAKVALE_INTRO_THERESA controller=0x54f83d0 active=0
[CutsceneMoveDiag] poll macro=CS_OAKVALE_INTRO_THERESA controller=0x54f84c0 active=1
[CutsceneMoveDiag] poll macro=CS_OAKVALE_INTRO_THERESA controller=0x54f83d0 active=0
[CutsceneMoveDiag] poll macro=CS_OAKVALE_INTRO_THERESA controller=0x54f84c0 active=1
[CutsceneMoveDiag] poll macro=CS_OAKVALE_INTRO_THERESA controller=0x54f83d0 active=0
[CutsceneMoveDiag] poll macro=CS_OAKVALE_INTRO_THERESA controller=0x54f84c0 active=1
[CutsceneMoveDiag] poll macro=CS_OAKVALE_INTRO_THERESA controller=0x54f83d0 active=0
[CutsceneMoveDiag] poll macro=CS_OAKVALE_INTRO_THERESA controller=0x54f84c0 active=1
[CutsceneMoveDiag] poll macro=CS_OAKVALE_INTRO_THERESA controller=0x54f83d0 active=0
[CutsceneMoveDiag] poll macro=CS_OAKVALE_INTRO_THERESA controller=0x54f84c0 active=1
[CutsceneMoveDiag] poll macro=CS_OAKVALE_INTRO_THERESA controller=0x54f83d0 active=0
[CutsceneMoveDiag] poll macro=CS_OAKVALE_INTRO_THERESA controller=0x54f84c0 active=1
[CutsceneMoveDiag] poll macro=CS_OAKVALE_INTRO_THERESA controller=0x54f83d0 active=0
[CutsceneMoveDiag] poll macro=CS_OAKVALE_INTRO_THERESA controller=0x54f84c0 active=1
[CutsceneMoveDiag] poll macro=CS_OAKVALE_INTRO_THERESA controller=0x54f83d0 active=0
[CutsceneMoveDiag] poll macro=CS_OAKVALE_INTRO_THERESA controller=0x54f84c0 active=1
[CutsceneSkipDiag] end macro=CS_OAKVALE_INTRO_THERESA manager=0x492ddb0 inCutscene=0 skipped=0 skippable=1 skippableWhilePaused=0 alternateInput=0 promptPrimary=0 promptSkipScene=0 skipTimerActive=1
    [CutsceneState] after 'CS_OAKVALE_INTRO_THERESA' gui=0x492ddb0 actionMode=0 guiActionMode=0 inCutscene=0 skippable=1 skippableWhilePaused=0 alternateSkipInput=0
[NewOakValeIntro/NewOakValeIntro]     [RunCutsceneWithSetup] >>>>> EXITED BLOCKING RunCutsceneMacro_Func <<<<<
[NewOakValeIntro/NewOakValeIntro]     Releasing cutscene actor handles...
[NewOakValeIntro/NewOakValeIntro]     Destructing actor map object...
[NewOakValeIntro/NewOakValeIntro] --- Cutscene Execution Completed ---
[NewOakValeIntro/NewOakValeIntro] --- Ending Movie Sequence ---
[NewOakValeIntro/NewOakValeIntro]     Destroying movie resource object...
[EntityAllocator<15>] === ENTRY ===
[EntityAllocator<15>] Script: NewOakValeIntro/Entities/OVI_DeadFather
[EntityAllocator<15>] Creating LuaEntityHost...
    [LuaManager] Registered entity script data for host at 0x62176f0
    [LuaManager] Registering all C++ bindings in new state...
    'Quest','CScriptThing' and 'CPersistContext' usertypes created and bound in Lua.
[EntityAllocator<15>] LuaEntityHost created: this = 0x62176f0
[EntityAllocator<15>] Allocating RefCount block...
[EntityAllocator<15>] RefCount block created successfully (using CustomEntityHostDeleter).
[EntityAllocator<15>] === EXIT ===
    Loading entity script from: C:\Programs\Steam\steamapps\common\Fable The Lost Chapters/FSE/NewOakValeIntro/Entities/OVI_DeadFather.lua
    [LuaEntityHost::Init] Script file loaded for 'NewOakValeIntro/Entities/OVI_DeadFather'.
    [LuaEntityHost::Init] Lifecycle functions resolved for 'NewOakValeIntro/Entities/OVI_DeadFather'.
    [LuaEntityHost::Init] >>>>> ENTERING LUA INIT for 'NewOakValeIntro/Entities/OVI_DeadFather' <<<<<
    SetIsPushableByHero ABI probe: api=0x8a6dd0 thing=0x62176f8 data=0x18397c90 info=0x4832a28
    [LuaEntityHost::Init] >>>>> EXITED LUA INIT for 'NewOakValeIntro/Entities/OVI_DeadFather' <<<<<
--- Entity 'NewOakValeIntro/Entities/NOVI_Villager': C++ OnPersist triggered. ---
--- Entity 'NewOakValeIntro/Entities/NOVI_BarrelThug': C++ OnPersist triggered. ---
--- Entity 'NewOakValeIntro/Entities/NOVI_Victim': C++ OnPersist triggered. ---
--- Entity 'NewOakValeIntro/Entities/NOVI_BarrelMan': C++ OnPersist triggered. ---
--- Entity 'NewOakValeIntro/Entities/NOVI_Villager': C++ OnPersist triggered. ---
--- Entity 'NewOakValeIntro/Entities/NOVI_Villager': C++ OnPersist triggered. ---
--- Entity 'NewOakValeIntro/Entities/NOVI_AffairWife': C++ OnPersist triggered. ---
--- Entity 'NewOakValeIntro/Entities/NOVI_Villager': C++ OnPersist triggered. ---
--- Entity 'NewOakValeIntro/Entities/NOVI_Villager': C++ OnPersist triggered. ---
--- Entity 'NewOakValeIntro/Entities/NOVI_Villager': C++ OnPersist triggered. ---
--- Entity 'NewOakValeIntro/Entities/NOVI_Villager': C++ OnPersist triggered. ---
--- Entity 'NewOakValeIntro/Entities/NOVI_Villager': C++ OnPersist triggered. ---
--- Entity 'NewOakValeIntro/Entities/NOVI_Theresa': C++ OnPersist triggered. ---
--- Entity 'NewOakValeIntro/Entities/NOVI_LiveFather': C++ OnPersist triggered. ---
--- Entity 'NewOakValeIntro/Entities/NOVI_BookTrader': C++ OnPersist triggered. ---
--- Entity 'NewOakValeIntro/Entities/NOVI_AffairMan': C++ OnPersist triggered. ---
--- Entity 'NewOakValeIntro/Entities/NOVI_TeddyGirl': C++ OnPersist triggered. ---
===== GetThingWithScriptName START: 'M_PostAttackStart' =====
    Calling GetThingWithScriptName_ByName_API with heap buffer...
    API call returned.
    Heap Buffer After API: CScriptThing* = 0x5368018, pVTable = 0x1238c8c (Matches Known VTable), WorldUID = 3468016904168281954, WrapperPos = (3543,941.032,12.9242), pImp.Data = 0x18396c50, pImp.Info = 0x5368198, Info->RefCount = 2, Info->DeleteFunc = 0x7044b0, Info->Data = 0x18396c50
    Object is valid. Adopting API-owned reference (RefCount=2).
===== GetThingWithScriptName END (Success) =====
===== GetThingWithScriptName START: 'M_PostAttackStart' =====
    Calling GetThingWithScriptName_ByName_API with heap buffer...
    API call returned.
    Heap Buffer After API: CScriptThing* = 0x53681c8, pVTable = 0x1238c8c (Matches Known VTable), WorldUID = 3468016904168281954, WrapperPos = (3543,941.032,12.9242), pImp.Data = 0x18396c50, pImp.Info = 0x5368198, Info->RefCount = 3, Info->DeleteFunc = 0x7044b0, Info->Data = 0x18396c50
    Object is valid. Adopting API-owned reference (RefCount=3).
===== GetThingWithScriptName END (Success) =====
===== GetThingWithScriptName START: 'V_OakVale' =====
    Calling GetThingWithScriptName_ByName_API with heap buffer...
    API call returned.
    Heap Buffer After API: CScriptThing* = 0x536ddc0, pVTable = 0x1238c8c (Matches Known VTable), WorldUID = 3468016904168276479, WrapperPos = (3543.57,851.368,9.37354), pImp.Data = 0x18397600, pImp.Info = 0x536de98, Info->RefCount = 2, Info->DeleteFunc = 0x7044b0, Info->Data = 0x18397600
    Object is valid. Adopting API-owned reference (RefCount=2).
===== GetThingWithScriptName END (Success) =====
    [LuaEntityHost::Main] >>>>> EXITED LUA CALL for 'NewOakValeIntro/Entities/NOVI_Villager' <<<<<
    [DEBUG] LuaEntityHost::Main: About to return from C++ Main function.
    [DEBUG] LuaEntityHost::Main: FINAL EXIT POINT.
    [LuaEntityAPI] Releasing script control handle...
    [LuaEntityHost::Main] >>>>> EXITED LUA CALL for 'NewOakValeIntro/Entities/NOVI_BarrelThug' <<<<<
    [DEBUG] LuaEntityHost::Main: About to return from C++ Main function.
    [DEBUG] LuaEntityHost::Main: FINAL EXIT POINT.
    [LuaEntityHost::Main] >>>>> EXITED LUA CALL for 'NewOakValeIntro/Entities/NOVI_Victim' <<<<<
    [DEBUG] LuaEntityHost::Main: About to return from C++ Main function.
    [DEBUG] LuaEntityHost::Main: FINAL EXIT POINT.
    [LuaEntityAPI] Releasing script control handle...
    [LuaEntityHost::Main] >>>>> EXITED LUA CALL for 'NewOakValeIntro/Entities/NOVI_AffairMan' <<<<<
    [DEBUG] LuaEntityHost::Main: About to return from C++ Main function.
    [DEBUG] LuaEntityHost::Main: FINAL EXIT POINT.
    [LuaEntityAPI] Releasing script control handle...
    [LuaEntityAPI] Nested release: outer control handle retained (depth 1).
    [LuaEntityHost::Main] >>>>> EXITED LUA CALL for 'NewOakValeIntro/Entities/NOVI_BookTrader' <<<<<
    [DEBUG] LuaEntityHost::Main: About to return from C++ Main function.
    [DEBUG] LuaEntityHost::Main: FINAL EXIT POINT.
    [LuaEntityAPI] Releasing script control handle...
    [LuaEntityAPI] Nested release: outer control handle retained (depth 0).
    [LuaEntityHost::Main] >>>>> EXITED LUA CALL for 'NewOakValeIntro/Entities/NOVI_LiveFather' <<<<<
    [DEBUG] LuaEntityHost::Main: About to return from C++ Main function.
    [DEBUG] LuaEntityHost::Main: FINAL EXIT POINT.
[NewOakValeIntro/NewOakValeIntro]     Freeing movie handle memory...
[NewOakValeIntro/NewOakValeIntro] --- Movie Sequence Ended Successfully ---
    [LuaEntityAPI] Releasing script control handle...
    [LuaEntityAPI] Nested release: outer control handle retained (depth 0).
    [LuaEntityHost::Main] >>>>> EXITED LUA CALL for 'NewOakValeIntro/Entities/NOVI_Theresa' <<<<<
    [DEBUG] LuaEntityHost::Main: About to return from C++ Main function.
    [DEBUG] LuaEntityHost::Main: FINAL EXIT POINT.
    [LuaEntityHost::Main] >>>>> EXITED LUA CALL for 'NewOakValeIntro/Entities/NOVI_Villager' <<<<<
    [DEBUG] LuaEntityHost::Main: About to return from C++ Main function.
    [DEBUG] LuaEntityHost::Main: FINAL EXIT POINT.
    [LuaEntityHost::Main] >>>>> EXITED LUA CALL for 'NewOakValeIntro/Entities/NOVI_Villager' <<<<<
    [DEBUG] LuaEntityHost::Main: About to return from C++ Main function.
    [DEBUG] LuaEntityHost::Main: FINAL EXIT POINT.
    [LuaEntityHost::Main] >>>>> EXITED LUA CALL for 'NewOakValeIntro/Entities/NOVI_Villager' <<<<<
    [DEBUG] LuaEntityHost::Main: About to return from C++ Main function.
    [DEBUG] LuaEntityHost::Main: FINAL EXIT POINT.
    [LuaEntityHost::Main] >>>>> EXITED LUA CALL for 'NewOakValeIntro/Entities/NOVI_Villager' <<<<<
    [DEBUG] LuaEntityHost::Main: About to return from C++ Main function.
    [DEBUG] LuaEntityHost::Main: FINAL EXIT POINT.
    [LuaEntityHost::Main] >>>>> EXITED LUA CALL for 'NewOakValeIntro/Entities/NOVI_Villager' <<<<<
    [DEBUG] LuaEntityHost::Main: About to return from C++ Main function.
    [DEBUG] LuaEntityHost::Main: FINAL EXIT POINT.
    [LuaEntityHost::Main] >>>>> EXITED LUA CALL for 'NewOakValeIntro/Entities/NOVI_Villager' <<<<<
    [DEBUG] LuaEntityHost::Main: About to return from C++ Main function.
    [DEBUG] LuaEntityHost::Main: FINAL EXIT POINT.
    [LuaEntityAPI] Releasing script control handle...
    [LuaEntityAPI] Nested release: outer control handle retained (depth 0).
    [LuaEntityHost::Main] >>>>> EXITED LUA CALL for 'NewOakValeIntro/Entities/NOVI_AffairWife' <<<<<
    [DEBUG] LuaEntityHost::Main: About to return from C++ Main function.
    [DEBUG] LuaEntityHost::Main: FINAL EXIT POINT.
    [LuaEntityHost::Main] >>>>> EXITED LUA CALL for 'NewOakValeIntro/Entities/NOVI_Villager' <<<<<
    [DEBUG] LuaEntityHost::Main: About to return from C++ Main function.
    [DEBUG] LuaEntityHost::Main: FINAL EXIT POINT.
    [LuaEntityHost::Main] >>>>> ENTERING LUA CALL for 'NewOakValeIntro/Entities/OVI_DeadFather' <<<<<
    [LuaEntityAPI] Releasing script control handle...
    [LuaEntityHost::Main] >>>>> EXITED LUA CALL for 'NewOakValeIntro/Entities/NOVI_TeddyGirl' <<<<<
    [DEBUG] LuaEntityHost::Main: About to return from C++ Main function.
    [DEBUG] LuaEntityHost::Main: FINAL EXIT POINT.
    [LuaEntityAPI] Releasing script control handle...
    [LuaEntityAPI] Nested release: outer control handle retained (depth 0).
    [LuaEntityHost::Main] >>>>> EXITED LUA CALL for 'NewOakValeIntro/Entities/NOVI_BarrelMan' <<<<<
    [DEBUG] LuaEntityHost::Main: About to return from C++ Main function.
    [DEBUG] LuaEntityHost::Main: FINAL EXIT POINT.
    [LuaEntityAPI] Initializing handle with Helpers...
    [LuaEntityAPI] ...Helper1 returned false, skipped Helper2.
    [LuaEntityAPI] Acquiring script control for entity at priority 4...
    [LuaEntityAPI] ...Control acquired successfully.
===== GetThingWithScriptName START: 'MK_OVID_DAD' =====
    Calling GetThingWithScriptName_ByName_API with heap buffer...
    API call returned.
    Heap Buffer After API: CScriptThing* = 0x4834f18, pVTable = 0x1238c8c (Matches Known VTable), WorldUID = 3468016904168289883, WrapperPos = (3498.24,865.097,15.7757), pImp.Data = 0x1839bde0, pImp.Info = 0x4834f30, Info->RefCount = 2, Info->DeleteFunc = 0x7044b0, Info->Data = 0x1839bde0
    Object is valid. Adopting API-owned reference (RefCount=2).
===== GetThingWithScriptName END (Success) =====
===== GetThingWithScriptName START: 'MK_OVID_DAD' =====
    Calling GetThingWithScriptName_ByName_API with heap buffer...
    API call returned.
    Heap Buffer After API: CScriptThing* = 0x4835038, pVTable = 0x1238c8c (Matches Known VTable), WorldUID = 3468016904168289883, WrapperPos = (3498.24,865.097,15.7757), pImp.Data = 0x1839bde0, pImp.Info = 0x4834f30, Info->RefCount = 3, Info->DeleteFunc = 0x7044b0, Info->Data = 0x1839bde0
    Object is valid. Adopting API-owned reference (RefCount=3).
===== GetThingWithScriptName END (Success) =====
===== PlayLoopingAnimation_NonBlocking Wrapper START =====
===== PlayLoopingAnimation_NonBlocking Wrapper END =====
===== GetThingWithScriptName START: 'MK_OVI_DADTRIGGER' =====
    Calling GetThingWithScriptName_ByName_API with heap buffer...
    API call returned.
    Heap Buffer After API: CScriptThing* = 0x4834840, pVTable = 0x1238c8c (Matches Known VTable), WorldUID = 3468016904168285364, WrapperPos = (3504.54,867.908,16.3437), pImp.Data = 0x18399e00, pImp.Info = 0x4834810, Info->RefCount = 2, Info->DeleteFunc = 0x7044b0, Info->Data = 0x18399e00
    Object is valid. Adopting API-owned reference (RefCount=2).
===== GetThingWithScriptName END (Success) =====
    [LuaEntityAPI] Initializing handle with Helpers...
    [LuaEntityAPI] ...Helper1 returned false, skipped Helper2.
    [LuaEntityAPI] Acquiring script control for entity at priority 4...
    [LuaEntityAPI] ...Control acquired successfully.
[NewOakValeIntro/NewOakValeIntro] --- Starting Movie Sequence ---
[NewOakValeIntro/NewOakValeIntro] --- Movie Sequence Started Successfully ---
[NewOakValeIntro/NewOakValeIntro] --- Running Cutscene with Custom Setup: CS_OAKVALEINTRO_HESDEADJIM ---
[NewOakValeIntro/NewOakValeIntro]     [RunCutsceneWithSetup] Base handle constructed for actor 'HERO'.
[NewOakValeIntro/NewOakValeIntro]     [RunCutsceneWithSetup] Initializing script handle for actor 'HERO'.
[NewOakValeIntro/NewOakValeIntro]     [RunCutsceneWithSetup] Script handle initialized for actor 'HERO'.
[NewOakValeIntro/NewOakValeIntro]     [RunCutsceneWithSetup] Reused existing script-control handle for actor 'HERO'.
[NewOakValeIntro/NewOakValeIntro]     [RunCutsceneWithSetup] Actor identity 'HERO': thing=0x4fa0838 thingData=0xe1ccc80 resourceData=0x18220af0 resourceInfo=0x1846adf8
[NewOakValeIntro/NewOakValeIntro]     [RunCutsceneWithSetup] Actor 'HERO' assigned to map.
[NewOakValeIntro/NewOakValeIntro]     [RunCutsceneWithSetup] Reusing caller-owned movie sequence.
[NewOakValeIntro/NewOakValeIntro]     [RunCutsceneABI] macro='CS_OAKVALEINTRO_HESDEADJIM' setupOptional=0 setup=0 skippableOptional=0 skippable=1 nativeStackOrder=flags,input,setup,skippable
[NewOakValeIntro/NewOakValeIntro]     [RunCutsceneWithSetup] >>>>> ENTERING BLOCKING RunCutsceneMacro_Func for 'CS_OAKVALEINTRO_HESDEADJIM' <<<<<
    [CutsceneState] before 'CS_OAKVALEINTRO_HESDEADJIM' gui=0x492ddb0 actionMode=0 guiActionMode=0 inCutscene=0 skippable=1 skippableWhilePaused=0 alternateSkipInput=0
[CutsceneSkipDiag] begin macro=CS_OAKVALEINTRO_HESDEADJIM manager=0x492ddb0 inCutscene=0 skipped=0 skippable=1 skippableWhilePaused=0 alternateInput=0 promptPrimary=0 promptSkipScene=0 skipTimerActive=0
[CutsceneSkipDiag] SetCutsceneMode(inCutscene=1, second=1) macro=CS_OAKVALEINTRO_HESDEADJIM manager=0x492ddb0 inCutscene=1 skipped=0 skippable=1 skippableWhilePaused=0 alternateInput=0 promptPrimary=0 promptSkipScene=0 skipTimerActive=1
[CutsceneSkipDiag] end macro=CS_OAKVALEINTRO_HESDEADJIM manager=0x492ddb0 inCutscene=0 skipped=0 skippable=1 skippableWhilePaused=0 alternateInput=0 promptPrimary=0 promptSkipScene=0 skipTimerActive=1
    [CutsceneState] after 'CS_OAKVALEINTRO_HESDEADJIM' gui=0x492ddb0 actionMode=0 guiActionMode=0 inCutscene=0 skippable=1 skippableWhilePaused=0 alternateSkipInput=0
[NewOakValeIntro/NewOakValeIntro]     [RunCutsceneWithSetup] >>>>> EXITED BLOCKING RunCutsceneMacro_Func <<<<<
[NewOakValeIntro/NewOakValeIntro]     Releasing cutscene actor handles...
[NewOakValeIntro/NewOakValeIntro]     Destructing actor map object...
[NewOakValeIntro/NewOakValeIntro] --- Cutscene Execution Completed ---
[NewOakValeIntro/NewOakValeIntro] --- Ending Movie Sequence ---
[NewOakValeIntro/NewOakValeIntro]     Destroying movie resource object...
[NewOakValeIntro/NewOakValeIntro]     Freeing movie handle memory...
[NewOakValeIntro/NewOakValeIntro] --- Movie Sequence Ended Successfully ---
    [LuaEntityAPI] Releasing script control handle...
===== GetThingWithScriptName START: 'V_OakVale' =====
    Calling GetThingWithScriptName_ByName_API with heap buffer...
    API call returned.
    Heap Buffer After API: CScriptThing* = 0x184694d8, pVTable = 0x1238c8c (Matches Known VTable), WorldUID = 3468016904168276479, WrapperPos = (3543.57,851.368,9.37354), pImp.Data = 0x18397600, pImp.Info = 0x536de98, Info->RefCount = 3, Info->DeleteFunc = 0x7044b0, Info->Data = 0x18397600
    Object is valid. Adopting API-owned reference (RefCount=3).
===== GetThingWithScriptName END (Success) =====
--- Entity 'NewOakValeIntro/Entities/OVI_DeadFather': C++ OnPersist triggered. ---
[NewOakValeIntro/NewOakValeIntro] NOVI_PROBE complete_quest activeName='Q_NewOakValeIntro'
    [C++] SetQuestAsCompleted: ENTER name='Q_NewOakValeIntro' flags=0,0,0. PActiveThread: 0x00000000
    [LuaEntityAPI] Releasing script control handle...
    [LuaEntityHost::Main] >>>>> EXITED LUA CALL for 'NewOakValeIntro/Entities/OVI_DeadFather' <<<<<
    [LuaEntityHost::OnPredicateFail] Dispatching Lua callback for 'NewOakValeIntro/Entities/OVI_DeadFather'.
    [DEBUG] LuaEntityHost::Main: About to return from C++ Main function.
    [DEBUG] LuaEntityHost::Main: FINAL EXIT POINT.
--- Quest 'NewOakValeIntro/NewOakValeIntro': C++ OnPersist() triggered. ---
    [PERSIST] Transferring bool 'AttackOver'...
    [PERSIST] ...Value is now: true
    [C++] SetQuestAsCompleted: EXIT. PActiveThread: 0x00000000
    [LuaQuestHost::Destructor] Tearing down quest 'NewOakValeIntro/NewOakValeIntro' (bDelete=1)
===== shared_ptr Deleter Called =====
    Cleaning up CScriptThing* = 0x184694d8
    Current RefCount: 3
    Decremented to: 2
    Freed heap allocation.
===== shared_ptr Deleter Complete =====
===== shared_ptr Deleter Called =====
    Cleaning up CScriptThing* = 0x4834840
    Current RefCount: 2
    Decremented to: 1
    Freed heap allocation.
===== shared_ptr Deleter Complete =====
===== shared_ptr Deleter Called =====
    Cleaning up CScriptThing* = 0x536ddc0
    Current RefCount: 2
    Decremented to: 1
    Freed heap allocation.
===== shared_ptr Deleter Complete =====
===== shared_ptr Deleter Called =====
    Cleaning up CScriptThing* = 0x53681c8
    Current RefCount: 3
    Decremented to: 2
    Freed heap allocation.
===== shared_ptr Deleter Complete =====
===== shared_ptr Deleter Called =====
    Cleaning up CScriptThing* = 0x5368018
    Current RefCount: 2
    Decremented to: 1
    Freed heap allocation.
===== shared_ptr Deleter Complete =====
===== shared_ptr Deleter Called =====
    Cleaning up CScriptThing* = 0x1833c5d8
    Current RefCount: 4
    Decremented to: 3
    Freed heap allocation.
===== shared_ptr Deleter Complete =====
===== shared_ptr Deleter Called =====
    Cleaning up CScriptThing* = 0x182f1eb0
    Current RefCount: 4
    Decremented to: 3
    Freed heap allocation.
===== shared_ptr Deleter Complete =====
===== shared_ptr Deleter Called =====
    Cleaning up CScriptThing* = 0x543c330
    Current RefCount: 2
    Decremented to: 1
    Freed heap allocation.
===== shared_ptr Deleter Complete =====
===== shared_ptr Deleter Called =====
    Cleaning up CScriptThing* = 0x5367e08
    Current RefCount: 2
    Decremented to: 1
    Freed heap allocation.
===== shared_ptr Deleter Complete =====
===== shared_ptr Deleter Called =====
    Cleaning up CScriptThing* = 0x5367eb0
    Current RefCount: 2
    Decremented to: 1
    Freed heap allocation.
===== shared_ptr Deleter Complete =====
===== shared_ptr Deleter Called =====
    Cleaning up CScriptThing* = 0x5367dd8
    Current RefCount: 2
    Decremented to: 1
    Freed heap allocation.
===== shared_ptr Deleter Complete =====
