address	verdict	file
00401296	DIFFER(38v38)	Global_OnExit_00401296.cpp
004012bc	RELOC	global_atexit_004012bc.cpp
004012ce	DIFFER(80v61)	Global_RTCInitialize_004012ce.cpp
00401356	EXACT	Global_InitTerm_00401356.cpp
0040135c	RELOC	Global_SetDefaultPrecision_0040135c.cpp
0040138c	EXACT	Global_SEHProlog_0040138c.cpp
004013c7	EXACT	Global_SEHEpilog_004013c7.cpp
004013de	EXACT	Global_DllOnExit_004013de.cpp
00401480	NO_ORACLE	global_sub00401480_00401480.cpp
00401490	RELOC	CEngineMap_PeekWaterHasType_00401490.cpp
00401630	RELOC	CAIStateGroupCreatureUseCoverBase_CAIStateGroupCreatureUseCoverBase_00401630.cpp
00401650	EXACT	CAFile_IsIOFinished_00401650.cpp
00401660	EXACT	CAFile_GetAlignment_00401660.cpp
00401670	EXACT	CDiskFileWin32_GetLength_00401670.cpp
00401680	EXACT	CDiskFileWin32_IsOpen_00401680.cpp
00401690	RELOC	CDiskFileWin32_GetPathnameCDiskFileWin32UBEAVCWideS_00401690.cpp
004016b0	RELOC	CThingTrackNode_vectordeletingdestructor_004016b0.cpp
00401780	RELOC	global_GFClearBadExitFlag_00401780.cpp
00401f30	RELOC	Global_GFGetBuildNumber2_00401f30.cpp
004022b0	RELOC	global_GFInitialise_004022b0.cpp
00403480	NO_ORACLE	Global_WinMain_00403480.cpp
004038c0	EXACT	global_vectorconstructoriterator_004038c0.cpp
004039f0	NO_ORACLE	global_sub004039f0_004039f0.cpp
00403a00	EXACT	CCharString_GetLength_00403a00.cpp
00403b10	NO_ORACLE	CSystemManagerInit_Constructor_00403b10.cpp
00403c60	EXACT	Global_MemCmpUnsigned16_00403c60.cpp
00403e20	EXACT	DestvalstdallocatorCIVCountedPointerN3DPrimitiveCTriangleListCIVCountedPointerN3DPrimitive_CTriangleList_00403e20.cpp
00404280	DIFFER(67v64)	Global_WideStringEqualsLen_00404280.cpp
00404310	RELOC	Global_CCharStringComputeCRC32_00404310.cpp
00404440	NO_ORACLE	CFileInstallerSingleton_Get_00404440.cpp
00404690	RELOC	Global_StdListNodeInit_00404690.cpp
004046f0	RELOC	Global_ListNodeCreateCircular_004046f0.cpp
00404720	NO_ORACLE	CStringParser_Constructor_00404720.cpp
004047a0	RELOC	Destvalstd_allocatorCMacroCMacro_004047a0.cpp
004047d0	RELOC	CLandscapeBackgroundPatch_vectordeletingdestructor_004047d0.cpp
00404860	NO_ORACLE	global_sub00404860_00404860.cpp
00404a80	RELOC	CEngineInternalPrimitiveBase_AddChildPrimitive_00404a80.cpp
00404a90	RELOC	Global_E2_00404a90.cpp
00404b50	RELOC	CIME_FinaliseString_00404b50.cpp
00404b80	RELOC	CIME_FinaliseString_00404b80.cpp
00404ba0	RELOC	CNetworkClient_GetGameEventPackageSet_00404ba0.cpp
00404f40	RELOC	CIME_Enable_00404f40.cpp
00405ba0	RELOC	Global_StdMoveBackward_00405ba0.cpp
00406770	EXACT	Global_E2_00406770.cpp
004067b0	EXACT	CEngineInternalPrimitiveBase_AddChildPrimitive_004067b0.cpp
004067c0	RELOC	CUserProfileManager_IsEnoughSpaceForProfile_004067c0.cpp
004067f0	EXACT	CUserProfileManager_OnPreDeviceReset_004067f0.cpp
00406880	EXACT	CModeBlock_GetAnimFilter_00406880.cpp
00407030	EXACT	CThingFilterIsUnconscious_operator_00407030.cpp
00407360	EXACT	CTCInventoryBase_GetCategoryWithIndex_00407360.cpp
004075b0	RELOC	CUserProfileManager_CaptureBackBufferForUIBackgroundIfNo_004075b0.cpp
00408340	RELOC	CUserProfileManager_SetSoundAsMuted_00408340.cpp
00408360	RELOC	CPlayerGui_ForceClose_00408360.cpp
004083b0	RELOC	CUserProfileManager_SetDefaultValuesGameplay_004083b0.cpp
004088e0	RELOC	CUserProfileManager_GetAssignedInputsPassive_004088e0.cpp
0040af90	RELOC	CUserProfileManager_SetCameraResetting_0040af90.cpp
0040afd0	RELOC	CUserProfileManager_SetCameraResetting_0040afd0.cpp
0040b010	RELOC	CUserProfileManager_SetCameraResetting_0040b010.cpp
0040b050	RELOC	CUserProfileManager_SetCameraResetting_0040b050.cpp
0040b090	RELOC	CUserProfileManager_SetCameraResetting_0040b090.cpp
0040b0d0	RELOC	CUserProfileManager_SetCameraResetting_0040b0d0.cpp
0040b110	RELOC	CUserProfileManager_SetCameraResetting_0040b110.cpp
0040b150	RELOC	CUserProfileManager_SetCameraResetting_0040b150.cpp
0040b190	RELOC	CUserProfileManager_SetCameraResetting_0040b190.cpp
0040b1d0	RELOC	CUserProfileManager_SetCameraResetting_0040b1d0.cpp
0040b210	RELOC	CUserProfileManager_SetCameraResetting_0040b210.cpp
0040b250	RELOC	CUserProfileManager_SetCameraResetting_0040b250.cpp
0040b290	RELOC	CUserProfileManager_SetCameraResetting_0040b290.cpp
0040b310	RELOC	CUserProfileManager_SetAntialiasing_0040b310.cpp
0040b3d0	RELOC	CUserProfileManager_SetAntialiasing_0040b3d0.cpp
0040b410	RELOC	CUserProfileManager_SetCameraResetting_0040b410.cpp
0040b450	RELOC	CUserProfileManager_SetCameraResetting_0040b450.cpp
0040b490	RELOC	CUserProfileManager_SetCameraResetting_0040b490.cpp
0040b4d0	RELOC	CUserProfileManager_SetAntialiasing_0040b4d0.cpp
0040b510	RELOC	CUserProfileManager_SetCameraResetting_0040b510.cpp
0040b6d0	RELOC	CUserProfileManager_SetAntialiasing_0040b6d0.cpp
0040b710	RELOC	CUserProfileManager_SetAntialiasing_0040b710.cpp
0040b750	RELOC	CUserProfileManager_SetCameraResetting_0040b750.cpp
0040bb90	DIFFER(144v188)	Global_CUserProfileManagerSaveAndCleanup_0040bb90.cpp
0040bc50	RELOC	CEngine_GetEditorAnimation_0040bc50.cpp
0040bc80	RELOC	CUserProfileManager_Apply_0040bc80.cpp
0040d8b0	EXACT	DestvalstdallocatorCIVCountedPointerN3DPrimitiveCTriangleListCIVCountedPointerN3DPrimitive_CTriangleList_0040d8b0.cpp
0040d8d0	EXACT	DestvalstdallocatorCIVCountedPointerN3DPrimitiveCTriangleListCIVCountedPointerN3_CTriangleList_0040d8d0.cpp
0040d8f0	NO_ORACLE	global_sub0040d8f0_0040d8f0.cpp
0040d900	NO_ORACLE	global_sub0040d900_0040d900.cpp
0040d910	NO_ORACLE	global_sub0040d910_0040d910.cpp
0040d950	NO_ORACLE	global_sub0040d950_0040d950.cpp
0040db30	NO_ORACLE	global_sub0040db30_0040db30.cpp
0040db40	NO_ORACLE	global_sub0040db40_0040db40.cpp
0040db50	NO_ORACLE	global_sub0040db50_0040db50.cpp
0040dbf0	NO_ORACLE	global_sub0040dbf0_0040dbf0.cpp
0040dc00	NO_ORACLE	global_sub0040dc00_0040dc00.cpp
0040dc10	NO_ORACLE	global_sub0040dc10_0040dc10.cpp
0040dc20	NO_ORACLE	global_sub0040dc20_0040dc20.cpp
0040dc60	NO_ORACLE	global_sub0040dc60_0040dc60.cpp
0040dc70	NO_ORACLE	global_sub0040dc70_0040dc70.cpp
0040dc90	NO_ORACLE	global_sub0040dc90_0040dc90.cpp
0040dce0	EXACT	global_ISTHINGALIVECThingBuilding_0040dce0.cpp
0040ded0	EXACT	global_CopyimplCActionInputControlCActionIn_0040ded0.cpp
0040e130	RELOC	Global_Vector_FreeElements_0040e130.cpp
0040e160	EXACT	CEngineInternalPrimitiveBase_AddChildPrimitive_0040e160.cpp
0040e170	DIFFER(125v112)	Global_Array_LinearSearchInt_0040e170.cpp
0040e9a0	EXACT	global_FillCHeroMarriageInfoCHeroMarriageIn_0040e9a0.cpp
0040ea50	EXACT	global_fillENavigatorTypeENavigatorType_0040ea50.cpp
0040f0e0	RELOC	global_ResetDimensions_0040f0e0.cpp
0040f220	EXACT	CSmallVectorCANavQuadTreeNodeconst_operator_0040f220.cpp
0040f270	EXACT	DestvalstdallocatorCIVCountedPointerN3DPrimitiveCTriangleListCIVCountedPointerN3DPrimitive_CTriangleList_0040f270.cpp
0040f2c0	DIFFER(39v14)	CActiveFile_OnReadFinished_0040f2c0.cpp
0040f470	RELOC	CBankFileAsyncData_FreeBuffer_0040f470.cpp
0040f5b0	RELOC	global_Fillnltunsignedlongunsignedintunsign_0040f5b0.cpp
0040fbd0	EXACT	DestvalstdallocatorCIVCountedPointerN3DPrimitiveCTriangleListCIVCountedPointerN3DPrimitive_CTriangleList_0040fbd0.cpp
0040fd80	NO_ORACLE	global_sub0040fd80_0040fd80.cpp
004107c0	RELOC	CEngineSceneGrid_GetCellBoundingBox_004107c0.cpp
00410800	RELOC	CPersistContext_Transferlong_00410800.cpp
00411570	EXACT	global_global_00411570.cpp
00411600	NO_ORACLE	global_sub00411600_00411600.cpp
00411980	EXACT	CComponent_SetParentColour_00411980.cpp
00412020	RELOC	CTCInventoryItem_OnDie_00412020.cpp
00412050	EXACT	CMemoryFile_GetPosition_00412050.cpp
00412060	EXACT	CMemoryFile_GetLength_00412060.cpp
00412070	RELOC	CMemoryFile_GetPathnameCMemoryFileUBEAVCWideStri_00412070.cpp
004120c0	RELOC	CThingTrackNode_vectordeletingdestructor_004120c0.cpp
00412130	RELOC	CCombatWheel_ResetRings_00412130.cpp
00412880	RELOC	vectorEWeaponClass_UmoveEWeaponClass_00412880.cpp
004129f0	EXACT	vectorCBrainBehaviour_resize_004129f0.cpp
00412a50	EXACT	vectorunsignedint_resize_00412a50.cpp
00412aa0	DIFFER(91v52)	vectorEWeaponClass_UmoveEWeaponClass_00412aa0.cpp
00412b00	EXACT	CLandscapeBackgroundPatch_vectordeletingdestructor_00412b00.cpp
00412b20	EXACT	vectorstdpairCCharString_resize_00412b20.cpp
00412c10	EXACT	vectorEWeaponClass_UmoveEWeaponClass_00412c10.cpp
00412c50	EXACT	vectorEWeaponClass_UmoveEWeaponClass_00412c50.cpp
00412f60	DIFFER(45v5)	CInitBaseClass_Uninitialise_00412f60.cpp
00413120	NO_ORACLE	Global_GFInitialiseSetupProgressDisplay_00413120.cpp
004131d0	EXACT	Destvalstd_allocatorCMacroCMacro_004131d0.cpp
00413230	DIFFER(72v30)	CLandscapeBackgroundPatch_vectordeletingdestructor_00413230.cpp
00413310	EXACT	DestvalstdallocatorCCountedPointerQuadricOptimiserInternalsCOptimisedPrimitiveCCountedPointerQuadricOptimiserInternals_COptimisedPrimitive_00413310.cpp
00413350	DIFFER(65v53)	DestvalstdallocatorCCountedPointerQuadricOptimiserInternalsCOptimisedPrimitiveCCountedPointerQuadricOptimiserInternals_COptimisedPrimitive_00413350.cpp
004133a0	RELOC	CLandscapeBackgroundPatch_vectordeletingdestructor_004133a0.cpp
00413480	RELOC	CLandscapeBackgroundPatch_vectordeletingdestructor_00413480.cpp
00414c90	EXACT	global_Get_00414c90.cpp
00414d40	NO_ORACLE	global_sub00414d40_00414d40.cpp
00414db0	NO_ORACLE	global_sub00414db0_00414db0.cpp
00414e00	EXACT	Destroyrangestd_allocatorCSpeechFrame_00414e00.cpp
00414ea0	RELOC	CCombatWheel_ResetRings_00414ea0.cpp
00414ef0	RELOC	CCombatWheel_ResetRings_00414ef0.cpp
00414f70	EXACT	CConsoleCommandBase_GetTypeAsStringCConsoleCommandBaseMB_00414f70.cpp
00414f90	EXACT	CCompressedMemoryDataInputStream_CCompressedMemoryDataInputStream_00414f90.cpp
00415050	EXACT	CLandscapeBackgroundPatch_vectordeletingdestructor_00415050.cpp
00415530	RELOC	Global_GetDefaultLanguageName_00415530.cpp
00415755	NO_ORACLE	global_sub00415755_00415755.cpp
00415830	DIFFER(84v27)	DestvalstdallocatorCIVCountedPointerN3DPrimitiveCTriangleListCIVCountedPointerN3DPrimitive_CTriangleList_00415830.cpp
00415920	EXACT	CGameComponent_Init_00415920.cpp
00415930	EXACT	CGameComponent_SetQuit_00415930.cpp
00415940	DIFFER(81v43)	CLandscapeBackgroundPatch_vectordeletingdestructor_00415940.cpp
00415bd0	EXACT	CSurface_GetWidth_00415bd0.cpp
00415bf0	EXACT	CSurface_GetHeight_00415bf0.cpp
00415d70	EXACT	CDefString_operatorclassCCharString_00415d70.cpp
00415dd0	DIFFER(71v25)	CDefString_operatorclassCCharString_00415dd0.cpp
00415e67	EXACT	CLandscapeBackgroundPatch_vectordeletingdestructor_00415e67.cpp
00415e83	DIFFER(2v1)	CMainGameComponent_OnPreDeviceReset_00415e83.cpp
00415fbc	EXACT	global_GFGetPreMainMemoryUsed_00415fbc.cpp
00415fc1	EXACT	ConsvalstdallocatorstdpairEHeroMorphTypeCParticleMorphsCEntrystdpairEHeroMorphTypeCParticleMorphsCEntrystdpairenumEHeroMorphTypeclassCParticleMorphs_CEntryconst_00415fc1.cpp
00415fe0	EXACT	CMainGameComponent_ProcessEvent_00415fe0.cpp
00415ff2	EXACT	CMainGameComponent_EventIsSystemEvent_00415ff2.cpp
00416005	EXACT	CMainGameComponent_InitDefinitions_00416005.cpp
00416047	EXACT	CEditInputProcessCopyPaste_AddToInterface_00416047.cpp
00416056	EXACT	CMainGameComponent_InitEventPackageLoading_00416056.cpp
004160a6	EXACT	CMainGameComponent_UninitEventPackageLoading_004160a6.cpp
004160cc	EXACT	CMainGameComponent_InitEventPackageSaving_004160cc.cpp
00416122	EXACT	CMainGameComponent_UninitEventPackageLoading_00416122.cpp
00416148	EXACT	CMainGameComponent_GetEventPackageSetFromSave_00416148.cpp
004161a7	EXACT	CMainGameComponent_AddEventPackageSetToSave_004161a7.cpp
00416202	EXACT	global_operatornew_00416202.cpp
00416219	EXACT	ConsvalstdallocatorstdpairEHeroMorphTypeCParticleMorphsCEntrystdpairEHeroMorphTypeCParticleMorphsCEntrystdpairenumEHeroMorphTypeclassCParticleMorphs_CEntryconst_00416219.cpp
00416225	DIFFER(12v4)	CWorld_DrawGetEnvironment_00416225.cpp
00416268	EXACT	CMainGameComponent_BeginInputLoading_00416268.cpp
0041627f	EXACT	CMainGameComponent_BeginInputLoading_0041627f.cpp
00416296	EXACT	CMainGameComponent_IsControllerDisconnected_00416296.cpp
00416359	DIFFER(12v4)	CWorld_DrawGetEnvironment_00416359.cpp
00416365	EXACT	CMainGameComponent_PostChangeResolution_00416365.cpp
00416392	EXACT	CMainGameComponent_PeekWorldChecksum_00416392.cpp
0041649c	EXACT	CMainGameComponent_AddGameEvent_0041649c.cpp
00416670	EXACT	CMainGameComponent_ProcessEventPackage_00416670.cpp
004166a8	EXACT	CMainGameComponent_CreatePlayers_004166a8.cpp
0041674a	EXACT	CMainGameComponent_IsTimeForServerUpdate_0041674a.cpp
004167a7	EXACT	DestvalstdallocatorstdpairlongCMusicManagerCRegisteredMusicEntrystdpairlongCMusicManager_CRegisteredMusicEntry_004167a7.cpp
004167c8	EXACT	global_GFGetPreMainMemoryUsed_004167c8.cpp
004167da	EXACT	global_AppReinitFunc_004167da.cpp
00416c35	EXACT	global_ConsoleForceUpdateTickSpeed_00416c35.cpp
0041732a	EXACT	CMainGameComponent_InitPlayerManager_0041732a.cpp
004175da	EXACT	CMainGameComponent_OnPostDeviceReset_004175da.cpp
0041799b	EXACT	CMainGameComponent_ChangeTextureColourDepthCMainGameCom_0041799b.cpp
00419036	DIFFER(17v11)	global_DeleteData_00419036.cpp
00419047	DIFFER(39v24)	DestvalstdallocatorCIVCountedPointerN3DPrimitiveCTriangleListCIVCountedPointerN3DPrimitive_CTriangleList_00419047.cpp
0041906e	DIFFER(72v24)	DestvalstdallocatorCIVCountedPointerN3DPrimitiveCTriangleListCIVCountedPointerN3DPrimitive_CTriangleList_0041906e.cpp
004190b6	EXACT	DestvalstdallocatorCCountedPointerQuadricOptimiserInternalsCOptimisedPrimitiveCCountedPointerQuadricOptimiserInternals_COptimisedPrimitive_004190b6.cpp
004190e2	EXACT	CCountedPointerNUISystemCAction_ShareData_004190e2.cpp
00419108	EXACT	DestvalstdallocatorCCountedPointerQuadricOptimiserInternalsCOptimisedPrimitiveCCountedPointerQuadricOptimiserInternals_COptimisedPrimitive_00419108.cpp
00419134	EXACT	CCountedPointerNUISystemCAction_ShareData_00419134.cpp
0041915a	DIFFER(66v44)	DestvalstdallocatorCCountedPointerQuadricOptimiserInternalsCOptimisedPrimitiveCCountedPointerQuadricOptimiserInternals_COptimisedPrimitive_0041915a.cpp
0041919c	EXACT	global_GFLimitReturndouble_0041919c.cpp
004191c1	DIFFER(94v44)	DestvalstdallocatorCCountedPointerQuadricOptimiserInternalsCOptimisedPrimitiveCCountedPointerQuadricOptimiserInternals_COptimisedPrimitive_004191c1.cpp
00419352	EXACT	DestvalstdallocatorstdpairlongCMusicManagerCRegisteredMusicEntrystdpairlongCMusicManager_CRegisteredMusicEntry_00419352.cpp
00419365	DIFFER(59v28)	CAssoc_scalardeletingdestructor_00419365.cpp
004193a0	DIFFER(36v23)	global_DeleteData_004193a0.cpp
004193c4	DIFFER(36v23)	global_DeleteData_004193c4.cpp
004193e8	DIFFER(36v23)	global_DeleteData_004193e8.cpp
0041940c	DIFFER(28v23)	global_DeleteData_0041940c.cpp
00419428	EXACT	CCountedPointerstdvectorCCharString_Reset_00419428.cpp
00419463	EXACT	CCountedPointerCTexture_operator_00419463.cpp
0041947a	EXACT	CCountedPointerstdvectorCCharString_Reset_0041947a.cpp
004194b5	EXACT	DestvalstdallocatorCCountedPointerQuadricOptimiserInternalsCOptimisedPrimitiveCCountedPointerQuadricOptimiserInternals_COptimisedPrimitive_004194b5.cpp
004194ba	EXACT	CCountedPointerCTexture_operator_004194ba.cpp
004194d1	DIFFER(71v59)	CCountedPointerstdvectorCCharString_Reset_004194d1.cpp
00419518	DIFFER(60v24)	DestvalstdallocatorCIVCountedPointerN3DPrimitiveCTriangleListCIVCountedPointerN3DPrimitive_CTriangleList_00419518.cpp
00419554	EXACT	DestvalstdallocatorCIVCountedPointerN3DPrimitiveCTriangleListCIVCountedPointerN3DPrimitive_CTriangleList_00419554.cpp
004195af	DIFFER(84v59)	CCountedPointerstdvectorCCharString_Reset_004195af.cpp
00419603	EXACT	CEngineInternalPrimitiveMeshBase_GetMeshEffect_00419603.cpp
00419650	DIFFER(39v19)	CThing_GetPBaseDef_00419650.cpp
00419680	DIFFER(50v23)	CBulletTimeManager_IsBulletTimeActive_00419680.cpp
0041971e	DIFFER(41v14)	CActiveFile_OnReadFinished_0041971e.cpp
00419764	EXACT	CTCInventoryItem_OnDie_00419764.cpp
0041977d	EXACT	CLandscapeBackgroundPatch_vectordeletingdestructor_0041977d.cpp
004197a0	EXACT	CMainGameComponent_SetQuit_004197a0.cpp
004197b0	EXACT	CMainGameComponent_IsEditorActive_004197b0.cpp
004197b3	DIFFER(54v28)	CLandscapeBackgroundPatch_vectordeletingdestructor_004197b3.cpp
004197f0	NO_ORACLE	global_sub004197f0_004197f0.cpp
0041a810	DIFFER(53v39)	C2DBoxF_Move_0041a810.cpp
0041ab00	EXACT	CSprite_GetDefaultGraphicIndex_0041ab00.cpp
0041ba70	DIFFER(39v27)	DestvalstdallocatorCIVCountedPointerN3DPrimitiveCTriangleListCIVCountedPointerN3DPrimitive_CTriangleList_0041ba70.cpp
0041baa0	DIFFER(51v27)	DestvalstdallocatorCIVCountedPointerN3DPrimitiveCTriangleListCIVCountedPointerN3DPrimitive_CTriangleList_0041baa0.cpp
0041bae0	EXACT	DestvalstdallocatorCIVCountedPointerN3DPrimitiveCTriangleListCIVCountedPointerN3DPrimitive_CTriangleList_0041bae0.cpp
0041bb00	DIFFER(35v30)	CLandscapeBackgroundPatch_vectordeletingdestructor_0041bb00.cpp
0041bb30	RELOC	DestvalstdallocatorCCountedPointerQuadricOptimiserInternalsCOptimisedPrimitiveCC_COptimisedPrimitive_0041bb30.cpp
0041bc90	EXACT	DestvalstdallocatorCCountedPointerQuadricOptimiserInternalsCOptimisedPrimitiveCCountedPointerQuadricOptimiserInternals_COptimisedPrimitive_0041bc90.cpp
0041bcd0	EXACT	DestvalstdallocatorCIVCountedPointerN3DPrimitiveCTriangleListCIVCountedPointerN3DPrimitive_CTriangleList_0041bcd0.cpp
0041bd00	EXACT	DestvalstdallocatorCIVCountedPointerN3DPrimitiveCTriangleListCIVCountedPointerN3DPrimitive_CTriangleList_0041bd00.cpp
0041bd20	DIFFER(62v45)	DestvalstdallocatorCIVCountedPointerN3DPrimitiveCTriangleListCIVCountedPointerN3DPrimitive_CTriangleList_0041bd20.cpp
0041bd60	EXACT	DestvalstdallocatorCIVCountedPointerN3DPrimitiveCTriangleListCIVCountedPointerN3DPrimitive_CTriangleList_0041bd60.cpp
0041bd80	DIFFER(46v23)	CTCMapwho_OnDie_0041bd80.cpp
0041bdb0	EXACT	CGraphicFrameData_scalardeletingdestructor_0041bdb0.cpp
0041bdf0	EXACT	CGraphicFrameData_scalardeletingdestructor_0041bdf0.cpp
0041be70	EXACT	CEnginePrimitiveHandle_Clear_0041be70.cpp
0041c4a0	EXACT	CObject_CObject_0041c4a0.cpp
0041c640	NO_ORACLE	global_sub0041c640_0041c640.cpp
0041c700	EXACT	CGraphicFrame_UnInitialise_0041c700.cpp
0041c760	EXACT	CLandscapeBackgroundPatch_vectordeletingdestructor_0041c760.cpp
0041c7a0	EXACT	listNUISystemCList_begin_0041c7a0.cpp
0041c7b0	EXACT	ListconstiteratorstdListvalCVsyncCallbackTimerCPendingQuery_operator_0041c7b0.cpp
0041c7c0	EXACT	TreeconstiteratorstdTreevalstdTmaptraitsCCharString_operator_0041c7c0.cpp
0041c7e0	DIFFER(26v23)	CMemoryAllocatorVariableSize_GetNoAllocatedAreas_0041c7e0.cpp
0041c800	DIFFER(26v23)	CMemoryAllocatorVariableSize_GetNoAllocatedAreas_0041c800.cpp
0041c820	EXACT	CPixelFormat_IsEquivalent_0041c820.cpp
0041c830	EXACT	TreeconstiteratorstdTreevalstdTmaptraitsCCharString_operator_0041c830.cpp
0041c965	EXACT	CObservable_AddExclusiveObserver_0041c965.cpp
0041c972	EXACT	CObservable_AddExclusiveObserver_0041c972.cpp
0041c994	EXACT	CObservable_AddExclusiveObserver_0041c994.cpp
0041c9c0	RELOC	CLandscapeBackgroundPatch_vectordeletingdestructor_0041c9c0.cpp
0041ca1c	NO_ORACLE	global_sub0041ca1c_0041ca1c.cpp
0041ca22	NO_ORACLE	global_sub0041ca22_0041ca22.cpp
0041ca31	EXACT	CObservable_AddExclusiveObserver_0041ca31.cpp
0041ca3e	DIFFER(20v13)	CObservable_AddExclusiveObserver_0041ca3e.cpp
0041ca52	DIFFER(27v13)	CObservable_AddExclusiveObserver_0041ca52.cpp
0041ca6d	NO_ORACLE	global_sub0041ca6d_0041ca6d.cpp
0041cc14	RELOC	CTCLook_GetHeadAngularVelocityMaxXY_0041cc14.cpp
0041cc2b	DIFFER(37v23)	CTCLook_GetHeadAngularVelocityMaxXY_0041cc2b.cpp
0041cc50	EXACT	DestvalstdallocatorCIVCountedPointerN3DPrimitiveCTriangleListCIVCountedPointerN3DPrimitive_CTriangleList_0041cc50.cpp
0041cc70	EXACT	DestvalstdallocatorCIVCountedPointerN3DPrimitiveCTriangleListCIVCountedPointerN3_CTriangleList_0041cc70.cpp
0041ccd7	NO_ORACLE	global_sub0041ccd7_0041ccd7.cpp
0041cd01	NO_ORACLE	global_sub0041cd01_0041cd01.cpp
0041cd23	NO_ORACLE	global_sub0041cd23_0041cd23.cpp
0041cd6f	NO_ORACLE	global_sub0041cd6f_0041cd6f.cpp
0041cd83	NO_ORACLE	global_sub0041cd83_0041cd83.cpp
0041cd89	EXACT	CObservable_AddExclusiveObserver_0041cd89.cpp
0041ce6a	EXACT	CManager_ClearErrorMessage_0041ce6a.cpp
0041ce9d	EXACT	CManager_UpdateErrorMessage_0041ce9d.cpp
0041cf1f	EXACT	CTCPhysicsNavigator_EnableNavigator_0041cf1f.cpp
0041cf2c	EXACT	CTCInventoryBase_GetCanItemBeQuickAssigned_0041cf2c.cpp
0041cf33	EXACT	CObservable_AddExclusiveObserver_0041cf33.cpp
0041cf40	EXACT	CMap_DrawGetSeaLevel_0041cf40.cpp
0041d122	EXACT	global_OnOpenMenus_0041d122.cpp
0041d165	EXACT	global_OnCloseMenus_0041d165.cpp
0041d198	EXACT	CManager_SetGraphicsBank_0041d198.cpp
0041d1b4	EXACT	CBankFile_GetBankHandle_0041d1b4.cpp
0041d1c8	EXACT	CTCBoastingCrowdControl_OnKillCrowd_0041d1c8.cpp
0041d207	EXACT	DestvalstdallocatorstdpairlongCMusicManagerCRegisteredMusicEntrystdpairlongCMusicManager_CRegisteredMusicEntry_0041d207.cpp
0041d8a8	EXACT	CTCBoastingCrowdControl_OnKillCrowd_0041d8a8.cpp
0041e16e	EXACT	CManager_IsKeyHeld_0041e16e.cpp
0041e5f2	RELOC	global_GetInstance_0041e5f2.cpp
0041e61b	DIFFER(38v14)	CSpellContainerList_AddChild_0041e61b.cpp
0042899b	EXACT	global_operator_0042899b.cpp
00428ae7	DIFFER(41v11)	global_DeleteData_00428ae7.cpp
00428b10	DIFFER(15v11)	global_DeleteData_00428b10.cpp
00428b1f	EXACT	DestvalstdallocatorCIVCountedPointerN3DPrimitiveCTriangleListCIVCountedPointerN3DPrimitive_CTriangleList_00428b1f.cpp
00428bd2	EXACT	DestvalstdallocatorCIVCountedPointerN3DPrimitiveCTriangleListCIVCountedPointerN3DPrimitive_CTriangleList_00428bd2.cpp
00428bea	EXACT	DestvalstdallocatorCIVCountedPointerN3DPrimitiveCTriangleListCIVCountedPointerN3DPrimitive_CTriangleList_00428bea.cpp
00428c02	EXACT	DestvalstdallocatorCIVCountedPointerN3DPrimitiveCTriangleListCIVCountedPointerN3DPrimitive_CTriangleList_00428c02.cpp
00428c1a	DIFFER(30v24)	DestvalstdallocatorCIVCountedPointerN3DPrimitiveCTriangleListCIVCountedPointerN3_CTriangleList_00428c1a.cpp
00428c8f	EXACT	DestvalstdallocatorCIVCountedPointerN3DPrimitiveCTriangleListCIVCountedPointerN3DPrimitive_CTriangleList_00428c8f.cpp
00428ca7	EXACT	DestvalstdallocatorCIVCountedPointerN3DPrimitiveCTriangleListCIVCountedPointerN3DPrimitive_CTriangleList_00428ca7.cpp
00428cbf	EXACT	DestvalstdallocatorCIVCountedPointerN3DPrimitiveCTriangleListCIVCountedPointerN3_CTriangleList_00428cbf.cpp
00428e0a	NO_ORACLE	global_sub00428e0a_00428e0a.cpp
00428e8b	NO_ORACLE	global_sub00428e8b_00428e8b.cpp
00428eb2	NO_ORACLE	global_sub00428eb2_00428eb2.cpp
00428eb7	NO_ORACLE	global_sub00428eb7_00428eb7.cpp
0042913a	EXACT	CCountedPointerNUISystemCAction_ShareData_0042913a.cpp
00429160	EXACT	DestvalstdallocatorCCountedPointerQuadricOptimiserInternalsCOptimisedPrimitiveCCountedPointerQuadricOptimiserInternals_COptimisedPrimitive_00429160.cpp
0042918c	EXACT	DestvalstdallocatorCCountedPointerQuadricOptimiserInternalsCOptimisedPrimitiveCCountedPointerQuadricOptimiserInternals_COptimisedPrimitive_0042918c.cpp
004291b8	EXACT	CCountedPointerNUISystemCAction_ShareData_004291b8.cpp
004291de	EXACT	DestvalstdallocatorCCountedPointerQuadricOptimiserInternalsCOptimisedPrimitiveCCountedPointerQuadricOptimiserInternals_COptimisedPrimitive_004291de.cpp
0042920a	EXACT	CCountedPointerNUISystemCAction_ShareData_0042920a.cpp
00429230	EXACT	DestvalstdallocatorCCountedPointerQuadricOptimiserInternalsCOptimisedPrimitiveCCountedPointerQuadricOptimiserInternals_COptimisedPrimitive_00429230.cpp
0042925c	EXACT	DestvalstdallocatorCCountedPointerQuadricOptimiserInternalsCOptimisedPrimitiveCCountedPointerQuadricOptimiserInternals_COptimisedPrimitive_0042925c.cpp
00429288	DIFFER(56v44)	DestvalstdallocatorCCountedPointerQuadricOptimiserInternalsCOptimisedPrimitiveCCountedPointerQuadricOptimiserInternals_COptimisedPrimitive_00429288.cpp
004292c0	EXACT	CMemoryAllocatorVariableSize_GetNoAllocatedAreas_004292c0.cpp
004292ec	NO_ORACLE	global_sub004292ec_004292ec.cpp
004292f1	NO_ORACLE	global_sub004292f1_004292f1.cpp
004292f6	NO_ORACLE	global_sub004292f6_004292f6.cpp
004292fb	NO_ORACLE	global_sub004292fb_004292fb.cpp
00429317	NO_ORACLE	global_sub00429317_00429317.cpp
0042931c	NO_ORACLE	global_sub0042931c_0042931c.cpp
00429321	NO_ORACLE	global_sub00429321_00429321.cpp
004293db	DIFFER(23v17)	CRegion_SetMiniMapRegionExitTextOffsetX_004293db.cpp
004293f2	EXACT	CRegion_SetMiniMapRegionExitTextOffsetX_004293f2.cpp
00429403	DIFFER(21v17)	CRegion_SetMiniMapRegionExitTextOffsetX_00429403.cpp
00429418	EXACT	FindstdListuncheckediteratorstdListvalNUISystemCComponentstdallocatorNUISystemCComponentNUISystem_CComponent_00429418.cpp
0042943a	EXACT	CCountedPointerNUISystemCAction_ShareData_0042943a.cpp
00429460	EXACT	CCountedPointerNUISystemCAction_ShareData_00429460.cpp
00429486	EXACT	CCountedPointerNUISystemCAction_ShareData_00429486.cpp
004294ac	DIFFER(37v34)	FindstdListuncheckediteratorstdListvalNUISystemCComponentstdallocatorNUISystemCComponentNUISystem_CComponent_004294ac.cpp
0042951b	EXACT	CMemoryAllocatorVariableSize_RotateLeft_0042951b.cpp
004298f3	EXACT	CLandscapeBackgroundPatch_vectordeletingdestructor_004298f3.cpp
0042990f	EXACT	CLandscapeBackgroundPatch_vectordeletingdestructor_0042990f.cpp
0042992b	EXACT	CLandscapeBackgroundPatch_vectordeletingdestructor_0042992b.cpp
00429950	DIFFER(88v85)	CBasicStringchar_operator_00429950.cpp
004299a8	EXACT	global_SetIsUsingRelativeCoords_004299a8.cpp
004299f0	EXACT	DestvalstdallocatorCIVCountedPointerN3DPrimitiveCTriangleListCIVCountedPointerN3DPrimitive_CTriangleList_004299f0.cpp
00429a10	DIFFER(31v27)	DestvalstdallocatorCIVCountedPointerN3DPrimitiveCTriangleListCIVCountedPointerN3DPrimitive_CTriangleList_00429a10.cpp
00429a2f	DIFFER(51v22)	CAnimFilterNoGroup_Clone_00429a2f.cpp
00429a62	EXACT	CCountedPointerCTexture_operator_00429a62.cpp
00429a79	EXACT	CSmallVectorCANavQuadTreeNodeconst_operator_00429a79.cpp
00429a85	DIFFER(52v13)	listNUISystemCList_begin_00429a85.cpp
00429bf9	DIFFER(28v5)	DestvalstdallocatorCCountedPointerQuadricOptimiserInternalsCOptimisedPrimitiveCCountedPointerQuadricOptimiserInternals_COptimisedPrimitive_00429bf9.cpp
00429c53	EXACT	DestvalstdallocatorCCountedPointerQuadricOptimiserInternalsCOptimisedPrimitiveCCountedPointerQuadricOptimiserInternals_COptimisedPrimitive_00429c53.cpp
00429c58	EXACT	CCountedPointerCTexture_operator_00429c58.cpp
00429c6f	DIFFER(64v59)	CCountedPointerstdvectorCCharString_Reset_00429c6f.cpp
00429caf	EXACT	DestvalstdallocatorCIVCountedPointerN3DPrimitiveCTriangleListCIVCountedPointerN3DPrimitive_CTriangleList_00429caf.cpp
00429cc7	DIFFER(35v24)	DestvalstdallocatorCIVCountedPointerN3DPrimitiveCTriangleListCIVCountedPointerN3DPrimitive_CTriangleList_00429cc7.cpp
00429cea	EXACT	CRegion_SetMiniMapRegionExitTextOffsetX_00429cea.cpp
00429cfb	DIFFER(65v17)	CRegion_SetMiniMapRegionExitTextOffsetX_00429cfb.cpp
00429d3c	DIFFER(29v24)	DestvalstdallocatorCIVCountedPointerN3DPrimitiveCTriangleListCIVCountedPointerN3DPrimitive_CTriangleList_00429d3c.cpp
00429d59	EXACT	DestvalstdallocatorCIVCountedPointerN3DPrimitiveCTriangleListCIVCountedPointerN3DPrimitive_CTriangleList_00429d59.cpp
00429d71	DIFFER(29v24)	DestvalstdallocatorCIVCountedPointerN3DPrimitiveCTriangleListCIVCountedPointerN3DPrimitive_CTriangleList_00429d71.cpp
00429d8e	EXACT	DestvalstdallocatorCCountedPointerQuadricOptimiserInternalsCOptimisedPrimitiveCCountedPointerQuadricOptimiserInternals_COptimisedPrimitive_00429d8e.cpp
00429d93	DIFFER(36v24)	DestvalstdallocatorCIVCountedPointerN3DPrimitiveCTriangleListCIVCountedPointerN3DPrimitive_CTriangleList_00429d93.cpp
00429db7	DIFFER(23v17)	CRegion_SetMiniMapRegionExitTextOffsetX_00429db7.cpp
00429dce	EXACT	DestvalstdallocatorCIVCountedPointerN3DPrimitiveCTriangleListCIVCountedPointerN3DPrimitive_CTriangleList_00429dce.cpp
00429de6	EXACT	DestvalstdallocatorCIVCountedPointerN3DPrimitiveCTriangleListCIVCountedPointerN3DPrimitive_CTriangleList_00429de6.cpp
00429dfe	EXACT	DestvalstdallocatorCIVCountedPointerN3DPrimitiveCTriangleListCIVCountedPointerN3DPrimitive_CTriangleList_00429dfe.cpp
00429e16	EXACT	CPair_CPair_00429e16.cpp
00429f43	DIFFER(89v21)	CTCMapwho_OnDie_00429f43.cpp
0042a0ce	RELOC	CRegion_SetMiniMapRegionExitTextOffsetX_0042a0ce.cpp
0042a141	EXACT	CGuiControlTreePane_SortTreeRecursively_0042a141.cpp
0042a168	EXACT	CGuiControlTreePane_SortTreeRecursively_0042a168.cpp
0042a18f	EXACT	CGuiControlTreePane_SortTreeRecursively_0042a18f.cpp
0042a1b6	EXACT	LTextTreeWalkThrough_BuildTreeArray_0042a1b6.cpp
0042a1e3	EXACT	CGuiControlTreePane_SortTreeRecursively_0042a1e3.cpp
0042a20a	EXACT	LTextTreeWalkThrough_BuildTreeArray_0042a20a.cpp
0042a237	EXACT	LTextTreeWalkThrough_BuildTreeArray_0042a237.cpp
0042a264	EXACT	LTextTreeWalkThrough_BuildTreeArray_0042a264.cpp
0042a2b9	EXACT	SetStaticCastNUISystem_CComponent_0042a2b9.cpp
0042a2ca	EXACT	SetStaticCastNUISystem_CComponent_0042a2ca.cpp
0042a2db	EXACT	SetStaticCastNUISystem_CComponent_0042a2db.cpp
0042a5f3	EXACT	CEngineInternalPrimitiveMeshBase_GetMeshEffect_0042a5f3.cpp
0042a622	EXACT	CEngineInternalPrimitiveMeshBase_GetMeshEffect_0042a622.cpp
0042a665	EXACT	CEngineInternalPrimitiveMeshBase_GetMeshEffect_0042a665.cpp
0042a694	EXACT	CEngineInternalPrimitiveMeshBase_GetMeshEffect_0042a694.cpp
0042a6c3	EXACT	CEngineInternalPrimitiveMeshBase_GetMeshEffect_0042a6c3.cpp
0042a6f2	EXACT	CEngineInternalPrimitiveMeshBase_GetMeshEffect_0042a6f2.cpp
0042a721	EXACT	CEngineInternalPrimitiveMeshBase_GetMeshEffect_0042a721.cpp
0042a750	EXACT	CEngineInternalPrimitiveMeshBase_GetMeshEffect_0042a750.cpp
0042a77f	EXACT	FindstdListuncheckediteratorstdListvalNUISystemCComponentstdallocatorNUISystemCComponentNUISystem_CComponent_0042a77f.cpp
0042a7a1	EXACT	CEngineInternalPrimitiveMeshBase_GetMeshEffect_0042a7a1.cpp
0042a7d0	DIFFER(91v47)	CEngineInternalPrimitiveMeshBase_GetMeshEffect_0042a7d0.cpp
0042aab3	EXACT	lessCCharString_operator_0042aab3.cpp
0042ab1c	EXACT	CActiveFile_OnReadFinished_0042ab1c.cpp
0042ab73	EXACT	CActiveFile_OnReadFinished_0042ab73.cpp
0042abca	EXACT	CActiveFile_OnReadFinished_0042abca.cpp
0042abe1	EXACT	CTCCarryable_OnKill_0042abe1.cpp
0042ac25	DIFFER(45v23)	CActiveFile_OnReadFinished_0042ac25.cpp
0042ac76	EXACT	CTCCarryable_OnKill_0042ac76.cpp
0042acc3	EXACT	CTCCarryable_OnKill_0042acc3.cpp
0042ade5	EXACT	CTCCarryable_OnKill_0042ade5.cpp
0042b402	DIFFER(72v20)	CRegion_SetMiniMapRegionExitTextOffsetX_0042b402.cpp
0042b44a	DIFFER(29v24)	CEngineSceneGrid_GetCellBoundingBox_0042b44a.cpp
0042b4c3	EXACT	InsertstdListconstiteratorstdListvalCClassstd_allocatorCClass_0042b4c3.cpp
0042b587	EXACT	global_Alloc_0042b587.cpp
0042b636	EXACT	global_CalcStringLength_0042b636.cpp
0042b677	EXACT	global_CalcStringLength_0042b677.cpp
0042b6dc	DIFFER(43v20)	CRegion_SetMiniMapRegionExitTextOffsetX_0042b6dc.cpp
0042b707	DIFFER(36v16)	global_CalcStringLength_0042b707.cpp
0042b755	EXACT	CActiveFile_OnReadFinished_0042b755.cpp
0042b796	EXACT	CActiveFile_OnReadFinished_0042b796.cpp
0042b7d7	EXACT	CActiveFile_OnReadFinished_0042b7d7.cpp
0042b8fc	DIFFER(73v53)	global_ClearPrimitiveList_0042b8fc.cpp
0042b945	DIFFER(70v30)	CEngineSceneGrid_GetCellBoundingBox_0042b945.cpp
0042bdf0	EXACT	global_Alloc_0042bdf0.cpp
0042be11	EXACT	CSurface_GetHeight_0042be11.cpp
0042be2f	EXACT	global_Alloc_0042be2f.cpp
0042bead	EXACT	CTCInventoryAbilities_AddLearnedExpression_0042bead.cpp
0042bec0	EXACT	DestvalstdallocatorstdpairlongCMusicManagerCRegisteredMusicEntrystdpairlongCMusicManager_CRegisteredMusicEntry_0042bec0.cpp
0042bed4	DIFFER(30v22)	CBankFile_GetBankHandle_0042bed4.cpp
0042bef2	EXACT	CRegion_SetMiniMapRegionExitTextOffsetX_0042bef2.cpp
0042bf35	DIFFER(50v25)	CDisplayManager_CopyBackBufferToTexture_0042bf35.cpp
0042bf67	DIFFER(30v25)	CDisplayManager_CopyBackBufferToTexture_0042bf67.cpp
0042c02f	EXACT	CTCCarryable_OnKill_0042c02f.cpp
0042c058	EXACT	CompareDataOffset_operator_0042c058.cpp
0042ce63	EXACT	CActiveFile_OnReadFinished_0042ce63.cpp
0042d131	EXACT	mapCCharString_operator_0042d131.cpp
0042d1b7	DIFFER(74v69)	mapNUISystemCComponent_operator_0042d1b7.cpp
0042d201	EXACT	mapNUISystemCManagerEUsedKeys_operator_0042d201.cpp
0042d246	EXACT	mapNUISystemCManagerEUsedKeys_operator_0042d246.cpp
0042d28b	DIFFER(30v25)	CDisplayManager_CopyBackBufferToTexture_0042d28b.cpp
0042d405	EXACT	CTCInventoryClothing_SetClothingMappingToMenuEntry_0042d405.cpp
0042d41e	EXACT	CTCInventoryClothing_SetClothingMappingToMenuEntry_0042d41e.cpp
0042d437	EXACT	CTCInventoryAbilities_AddLearnedExpression_0042d437.cpp
0042d44a	EXACT	CTCInventoryAbilities_AddLearnedExpression_0042d44a.cpp
0042d930	EXACT	CIVCountedPointeeBase_DeleteCIVCountedPointeeBaseUBEXXZ_0042d930.cpp
0042d940	EXACT	CResource_UnloadResource_0042d940.cpp
0042d950	EXACT	CResource_IsResourceLoaded_0042d950.cpp
0042d960	EXACT	CResource_OnResourceLoaded_0042d960.cpp
0042d970	EXACT	CResource_CanAbortResourceLoad_0042d970.cpp
0042d980	DIFFER(27v1)	CResource_OnResourceLoadAborted_0042d980.cpp
0042d9a0	EXACT	CLandscapeBackgroundPatch_vectordeletingdestructor_0042d9a0.cpp
0042da20	EXACT	CDefClassBase_SetInstantiationName_0042da20.cpp
0042da30	EXACT	CDefClassBase_AddSubDef_0042da30.cpp
0042da40	EXACT	CDefClassBase_RemoveSubDef_0042da40.cpp
0042da50	EXACT	CDefClassBase_GetPSubDefInfo_0042da50.cpp
0042da60	EXACT	CDefClassBase_GetPSubDefInfo_0042da60.cpp
0042da70	EXACT	CDefClassBase_IsParentDefCDefClassBaseUBENXZ_0042da70.cpp
0042da80	EXACT	CDefClassBase_PostTransfer_0042da80.cpp
0042da90	EXACT	CDefClassBase_Validate_0042da90.cpp
0042daa0	EXACT	CDefClassBase_GetPSubDefInfoMapCDefClassBaseUAEPAV_0042daa0.cpp
0042dab0	EXACT	CLandscapeBackgroundPatch_vectordeletingdestructor_0042dab0.cpp
0042dae0	DIFFER(56v26)	CEnginePrimitiveOcclusionManager_GetOccludedFrames_0042dae0.cpp
0042db20	EXACT	CLandscapeBackgroundPatch_vectordeletingdestructor_0042db20.cpp
0042db60	DIFFER(67v30)	CLandscapeBackgroundPatch_vectordeletingdestructor_0042db60.cpp
0042dbb0	DIFFER(40v27)	DestvalstdallocatorCIVCountedPointerN3DPrimitiveCTriangleListCIVCountedPointerN3DPrimitive_CTriangleList_0042dbb0.cpp
0042dbd8	EXACT	CNewFrontendGameComponent_ReleaseXMVCode_0042dbd8.cpp
0042dbee	DIFFER(12v11)	ConsvalstdallocatorstdpairEHeroMorphTypeCParticleMorphsCEntrystdpairEHeroMorphTypeCParticleMorphsCEntrystdpairenumEHeroMorphTypeclassCParticleMorphs_CEntryconst_0042dbee.cpp
0042dc5c	EXACT	CNewFrontendGameComponent_ChangeTextureColourDepth_0042dc5c.cpp
0042dc5f	EXACT	CNewFrontendGameComponent_OnPreDeviceReset_0042dc5f.cpp
0042dc60	EXACT	CNewFrontendGameComponent_OnPostDeviceReset_0042dc60.cpp
0042dc63	EXACT	CNewFrontendGameComponent_IsControllerDisconnected_0042dc63.cpp
0042dec5	EXACT	CNewFrontendGameComponent_InitialiseInput_0042dec5.cpp
0042f70b	EXACT	global_CompileDefs_0042f70b.cpp
0042f722	EXACT	CNewFrontendGameComponent_InitialiseDefs_0042f722.cpp
0042f939	NO_ORACLE	global_sub0042f939_0042f939.cpp
0042f93e	NO_ORACLE	global_sub0042f93e_0042f93e.cpp
0042f943	NO_ORACLE	global_sub0042f943_0042f943.cpp
0042f948	EXACT	DestvalstdallocatorCCountedPointerQuadricOptimiserInternalsCOptimisedPrimitiveCCountedPointerQuadricOptimiserInternals_COptimisedPrimitive_0042f948.cpp
0042f974	EXACT	DestvalstdallocatorCCountedPointerQuadricOptimiserInternalsCOptimisedPrimitiveCCountedPointerQuadricOptimiserInternals_COptimisedPrimitive_0042f974.cpp
0042f9a0	DIFFER(82v44)	DestvalstdallocatorCCountedPointerQuadricOptimiserInternalsCOptimisedPrimitiveCCountedPointerQuadricOptimiserInternals_COptimisedPrimitive_0042f9a0.cpp
0042f9f2	DIFFER(50v38)	CCountedPointerNUISystemCAction_ShareData_0042f9f2.cpp
0042fb40	DIFFER(51v39)	pairCCharString_swap_0042fb40.cpp
0042fc13	EXACT	CCountedPointerstdvectorCCharString_Reset_0042fc13.cpp
0042fc4e	EXACT	DestvalstdallocatorCIVCountedPointerN3DPrimitiveCTriangleListCIVCountedPointerN3DPrimitive_CTriangleList_0042fc4e.cpp
0042fc66	EXACT	DestvalstdallocatorCIVCountedPointerN3DPrimitiveCTriangleListCIVCountedPointerN3DPrimitive_CTriangleList_0042fc66.cpp
0042fe07	EXACT	LTextTreeWalkThrough_BuildTreeArray_0042fe07.cpp
0042fe34	DIFFER(26v23)	CCountedPointerCTexture_operator_0042fe34.cpp
0042fe4e	EXACT	CEngineInternalPrimitiveMeshBase_GetMeshEffect_0042fe4e.cpp
0042fe7d	EXACT	CEngineInternalPrimitiveMeshBase_GetMeshEffect_0042fe7d.cpp
00430046	EXACT	CTCCarryable_OnKill_00430046.cpp
004301f3	EXACT	CActiveFile_OnReadFinished_004301f3.cpp
0043020a	DIFFER(68v53)	LTextTreeWalkThrough_BuildTreeArray_0043020a.cpp
0043024e	DIFFER(44v25)	CDisplayManager_CopyBackBufferToTexture_0043024e.cpp
0043027a	DIFFER(83v41)	CTCCarryable_OnKill_0043027a.cpp
004302cd	DIFFER(49v23)	CActiveFile_OnReadFinished_004302cd.cpp
00430300	DIFFER(64v33)	CTCInventoryItem_OnDie_00430300.cpp
00430340	EXACT	CNewFrontendGameComponent_SetQuit_00430340.cpp
00430345	DIFFER(30v25)	CDisplayManager_CopyBackBufferToTexture_00430345.cpp
004303c0	EXACT	CParentDefClassBase_SetInstantiationName_004303c0.cpp
004303d0	EXACT	CParentDefClassBase_IsParentDef_004303d0.cpp
004303e0	EXACT	CParentDefClassBase_GetPSubDefInfoMap_004303e0.cpp
00430470	EXACT	CControlsDef_GetSizeofClass_00430470.cpp
00430480	EXACT	CLandscapeBackgroundPatch_vectordeletingdestructor_00430480.cpp
004304a0	EXACT	CCompressedMemoryDataInputStream_CCompressedMemoryDataInputStream_004304a0.cpp
00431020	EXACT	CEngineLightingManager_UpdateShadowScene_00431020.cpp
00431061	EXACT	CEngineLightingManager_UpdateShadowScene_00431061.cpp
00431102	EXACT	CEngineLightingManager_UpdateShadowScene_00431102.cpp
0043119e	EXACT	CEngineLightingManager_UpdateShadowScene_0043119e.cpp
00431242	EXACT	CEngineLightingManager_UpdateShadowScene_00431242.cpp
00431493	EXACT	CEngineLightingManager_UpdateShadowScene_00431493.cpp
00431773	EXACT	global_Alloc_00431773.cpp
004317b0	EXACT	CLandscapeBackgroundPatch_vectordeletingdestructor_004317b0.cpp
00431dd0	EXACT	CLandscapeBackgroundPatch_vectordeletingdestructor_00431dd0.cpp
00431e30	EXACT	CFrontEndDef_GetSizeofClass_00431e30.cpp
00431e40	EXACT	CThingTrackNode_vectordeletingdestructor_00431e40.cpp
00431e70	EXACT	CControlsDef_Copy_00431e70.cpp
00431ed0	EXACT	CParentDefClassBase_operator_00431ed0.cpp
00431f10	EXACT	CThingBuildingDef_operator_00431f10.cpp
00431f60	EXACT	CTCPhysicsBase_ConstructFromParams_00431f60.cpp
0043211d	EXACT	CActiveFile_OnReadFinished_0043211d.cpp
00432e50	EXACT	CFrontEndDef_CopyCFrontEndDefUAEXPBVCDefClassBase_00432e50.cpp
00433040	RELOC	CCombatWheel_ResetRings_00433040.cpp
004330d2	EXACT	CLandscapeBackgroundPatch_vectordeletingdestructor_004330d2.cpp
004330f0	EXACT	CControlsDef_TransferCControlsDefUAEXAAVCPersistC_004330f0.cpp
0043314a	EXACT	CEngineLightingManager_UpdateShadowScene_0043314a.cpp
0043318d	EXACT	CCreatureActionFireMissileWeapon_FrameUpdate_0043318d.cpp
004331c0	EXACT	CFrontEndDef_TransferCFrontEndDefUAEXAAVCPersistC_004331c0.cpp
004331f9	EXACT	CCreatureActionFireMissileWeapon_FrameUpdate_004331f9.cpp
00433227	EXACT	global_GFSerialiseVectorBinaryOutCCharStrin_00433227.cpp
0043332c	EXACT	CArraystdpairlong_pushback_0043332c.cpp
00433504	EXACT	global_Fillnunsignedlongunsignedintunsigned_00433504.cpp
0043368b	EXACT	CStartupDefinitionManager_InitAndCompile_0043368b.cpp
0043368d	EXACT	global_GFGetPreMainMemoryUsed_0043368d.cpp
004336b0	EXACT	global_operatornew_004336b0.cpp
00433cc0	EXACT	DestvalstdallocatorCCountedPointerQuadricOptimiserInternalsCOptimisedPrimitiveCCountedPointerQuadricOptimiserInternals_COptimisedPrimitive_00433cc0.cpp
00433cec	EXACT	CopyimplCArrayCRandomAppearanceMorphCBodyPartMeshCArrayclassCRandomAppearanceMorph_CBodyPartMesh_00433cec.cpp
00433d19	DIFFER(33v28)	CLandscapeBackgroundPatch_vectordeletingdestructor_00433d19.cpp
00433d3a	EXACT	CCountedPointerstdvectorCCharString_Reset_00433d3a.cpp
00433d8a	EXACT	UninitcopyCArrayCRandomAppearanceMorphCBodyPartMeshCArrayclassCRandomAppearanceMorphCBodyPartMeshstdallocatorCArrayCRandomAppearanceMorph_CBodyPartMesh_00433d8a.cpp
00433fd0	EXACT	CEngineDef_GetSizeofClass_00433fd0.cpp
004340b0	EXACT	CLandscapeBackgroundPatch_vectordeletingdestructor_004340b0.cpp
00434110	EXACT	CEngineVideoOptionsDef_GetSizeofClass_00434110.cpp
00434220	EXACT	CLandscapeBackgroundPatch_vectordeletingdestructor_00434220.cpp
00434280	EXACT	CConfigOptionsDefaultsDef_GetSizeofClass_00434280.cpp
00434340	EXACT	CLandscapeBackgroundPatch_vectordeletingdestructor_00434340.cpp
00434360	EXACT	CEngineDef_Copy_00434360.cpp
00434440	EXACT	CEngineVideoOptionsDef_CopyCEngineVideoOptionsDefUAEXPBVCDe_00434440.cpp
00434590	EXACT	CConfigOptionsDefaultsDef_CopyCConfigOptionsDefaultsDefUAEXPBV_00434590.cpp
00434830	NO_ORACLE	global_sub00434830_00434830.cpp
00434840	EXACT	CEngine_StartNewScene_00434840.cpp
00434870	EXACT	CFadeInFadeOutBase_Update_00434870.cpp
004349d0	EXACT	CTCCreditsUI_Deactivate_004349d0.cpp
004349e0	EXACT	CTCInventoryBase_GetCanItemBeQuickAssigned_004349e0.cpp
004349f0	EXACT	CMap_DrawGetSeaLevel_004349f0.cpp
00434a00	EXACT	ConsvalstdallocatorstdpairEHeroMorphTypeCParticleMorphsCEntrystdpairEHeroMorphTypeCParticleMorphsCEntrystdpairenumEHeroMorphTypeclassCParticleMorphs_CEntryconst_00434a00.cpp
00434a30	EXACT	CWorld_ProcessEvent_00434a30.cpp
00434b00	NO_ORACLE	global_sub00434b00_00434b00.cpp
00434ba0	EXACT	CDisplayEngine_StartLetterBoxMode_00434ba0.cpp
00434c90	EXACT	CDisplayEngine_EndScreenFadeOut_00434c90.cpp
00434d60	DIFFER(87v12)	C3DAnimation2_CanRelocateData_00434d60.cpp
00435070	EXACT	CGameScriptInterface_DisplayTutorial_00435070.cpp
004354a0	EXACT	CDisplayEngine_UninitEngineCDisplayEngineMAEXXZ_004354a0.cpp
004362c0	EXACT	DestvalstdallocatorCCountedPointerQuadricOptimiserInternalsCOptimisedPrimitiveCCountedPointerQuadricOptimiserInternals_COptimisedPrimitive_004362c0.cpp
00436300	EXACT	DestvalstdallocatorCCountedPointerQuadricOptimiserInternalsCOptimisedPrimitiveCCountedPointerQuadricOptimiserInternals_COptimisedPrimitive_00436300.cpp
00436340	EXACT	DestvalstdallocatorCCountedPointerQuadricOptimiserInternalsCOptimisedPrimitiveCCountedPointerQuadricOptimiserInternals_COptimisedPrimitive_00436340.cpp
00436380	EXACT	global_ISTHINGALIVECThingBuilding_00436380.cpp
004364c0	DIFFER(52v22)	DestvalstdallocatorstdpairlongCMusicManagerCRegisteredMusicEntrystdpairlongCMusicManager_CRegisteredMusicEntry_004364c0.cpp
00436560	DIFFER(68v43)	CTCHeroStats_SoberUp_00436560.cpp
00436740	RELOC	DestvalstdallocatorCCountedPointerQuadricOptimiserInternalsCOptimisedPrimitiveCC_COptimisedPrimitive_00436740.cpp
004367c0	RELOC	global_SortTreeRecursively_004367c0.cpp
004367f0	NO_ORACLE	global_sub004367f0_004367f0.cpp
00436800	NO_ORACLE	global_sub00436800_00436800.cpp
00436830	EXACT	CTopologySizeGrid_Hora_00436830.cpp
004368a0	EXACT	DestvalstdallocatorCCountedPointerQuadricOptimiserInternalsCOptimisedPrimitiveCCountedPointerQuadricOptimiserInternals_COptimisedPrimitive_004368a0.cpp
00436900	RELOC	global_SortTreeRecursively_00436900.cpp
00436a20	DIFFER(81v73)	DestvalstdallocatorCCountedPointerQuadricOptimiserInternalsCOptimisedPrimitiveCCountedPointerQuadricOptimiserInternals_COptimisedPrimitive_00436a20.cpp
00437020	EXACT	CLandscapeBackgroundPatch_vectordeletingdestructor_00437020.cpp
00437040	EXACT	CTCInventoryItem_OnDie_00437040.cpp
00437160	DIFFER(53v30)	CDefaultEngineMemoryInit_ApplyCustomValue_00437160.cpp
004371f0	EXACT	CLandscapeBackgroundPatch_vectordeletingdestructor_004371f0.cpp
00437210	EXACT	CFontBank_GetVStringWidth_00437210.cpp
004372a0	EXACT	CSubtitleRenderer_GetTextWidthFromText_004372a0.cpp
004372c0	DIFFER(51v27)	vectorbool_operator_004372c0.cpp
00437470	EXACT	CUserProfileManager_GetCameraSensitivity_00437470.cpp
00437490	EXACT	CUserProfileManager_GetCameraSensitivity_00437490.cpp
004374b0	EXACT	CPlayerGui_Open_004374b0.cpp
004374d0	EXACT	CPlayerGui_ForceOpen_004374d0.cpp
004374f0	EXACT	C3DMeshInfo_HasPhysicsMesh_004374f0.cpp
00437570	EXACT	ConsvalstdallocatorstdpairEHeroMorphTypeCParticleMorphsCEntrystdpairEHeroMorphTypeCParticleMorphsCEntrystdpairenumEHeroMorphTypeclassCParticleMorphs_CEntryconst_00437570.cpp
00437580	EXACT	CPlayerGui_SetSpecialAbilityButtonsAsDisplaying_00437580.cpp
004375e0	EXACT	CMap_DrawGetSeaLevel_004375e0.cpp
004375f0	EXACT	CPlayerGui_SetVWindowForDeprecatedDrawInterface_004375f0.cpp
00437640	EXACT	CTCShotDefinitionBase_CanBeHitByMeleeStrike_00437640.cpp
00437650	EXACT	CPlayerGui_AddMoralityChange_00437650.cpp
00437660	EXACT	ConsvalstdallocatorstdpairEHeroMorphTypeCParticleMorphsCEntrystdpairEHeroMorphTypeCParticleMorphsCEntrystdpairenumEHeroMorphTypeclassCParticleMorphs_CEntryconst_00437660.cpp
00437670	EXACT	CPlayerGui_DrawScreenFade_00437670.cpp
00437800	DIFFER(26v11)	ConsvalstdallocatorstdpairEHeroMorphTypeCParticleMorphsCEntrystdpairEHeroMorphTypeCParticleMorphsCEntrystdpairenumEHeroMorphTypeclassCParticleMorphs_CEntryconst_00437800.cpp
00437820	EXACT	ConsvalstdallocatorstdpairEHeroMorphTypeCParticleMorphsCEntrystdpairEHeroMorphTypeCParticleMorphsCEntrystdpairenumEHeroMorphTypeclassCParticleMorphs_CEntryconst_00437820.cpp
00437830	EXACT	ConsvalstdallocatorstdpairEHeroMorphTypeCParticleMorphsCEntrystdpairEHeroMorphTypeCParticleMorphsCEntrystdpairenumEHeroMorphTypeclassCParticleMorphs_CEntryconst_00437830.cpp
00437840	DIFFER(29v11)	ConsvalstdallocatorstdpairEHeroMorphTypeCParticleMorphsCEntrystdpairEHeroMorphTy_CEntryconst_00437840.cpp
00437860	EXACT	ConsvalstdallocatorstdpairEHeroMorphTypeCParticleMorphsCEntrystdpairEHeroMorphTy_CEntryconst_00437860.cpp
00437870	EXACT	CTCShotDefinitionBase_CanBeHitByMeleeStrike_00437870.cpp
00437880	DIFFER(35v11)	ConsvalstdallocatorstdpairEHeroMorphTypeCParticleMorphsCEntrystdpairEHeroMorphTy_CEntryconst_00437880.cpp
004378b0	EXACT	ConsvalstdallocatorstdpairEHeroMorphTypeCParticleMorphsCEntrystdpairEHeroMorphTy_CEntryconst_004378b0.cpp
004378c0	EXACT	ConsvalstdallocatorstdpairEHeroMorphTypeCParticleMorphsCEntrystdpairEHeroMorphTy_CEntryconst_004378c0.cpp
004378d0	EXACT	ConsvalstdallocatorstdpairEHeroMorphTypeCParticleMorphsCEntrystdpairEHeroMorphTy_CEntryconst_004378d0.cpp
004378e0	EXACT	ConsvalstdallocatorstdpairEHeroMorphTypeCParticleMorphsCEntrystdpairEHeroMorphTy_CEntryconst_004378e0.cpp
004378f0	EXACT	ConsvalstdallocatorstdpairEHeroMorphTypeCParticleMorphsCEntrystdpairEHeroMorphTy_CEntryconst_004378f0.cpp
00437900	EXACT	ConsvalstdallocatorstdpairEHeroMorphTypeCParticleMorphsCEntrystdpairEHeroMorphTy_CEntryconst_00437900.cpp
00437910	EXACT	ConsvalstdallocatorstdpairEHeroMorphTypeCParticleMorphsCEntrystdpairEHeroMorphTy_CEntryconst_00437910.cpp
00437920	EXACT	CPlayerGui_AddMoralityChange_00437920.cpp
00437930	EXACT	CPlayerGui_AddMoralityChange_00437930.cpp
00437940	EXACT	ConsvalstdallocatorstdpairEHeroMorphTypeCParticleMorphsCEntrystdpairEHeroMorphTy_CEntryconst_00437940.cpp
00437950	EXACT	CPlayerGui_OnHeroHit_00437950.cpp
00437980	EXACT	ConsvalstdallocatorstdpairEHeroMorphTypeCParticleMorphsCEntrystdpairEHeroMorphTy_CEntryconst_00437980.cpp
00437990	EXACT	ConsvalstdallocatorstdpairEHeroMorphTypeCParticleMorphsCEntrystdpairEHeroMorphTy_CEntryconst_00437990.cpp
004379a0	EXACT	ConsvalstdallocatorstdpairEHeroMorphTypeCParticleMorphsCEntrystdpairEHeroMorphTy_CEntryconst_004379a0.cpp
004379b0	EXACT	ConsvalstdallocatorstdpairEHeroMorphTypeCParticleMorphsCEntrystdpairEHeroMorphTy_CEntryconst_004379b0.cpp
004379c0	EXACT	ConsvalstdallocatorstdpairEHeroMorphTypeCParticleMorphsCEntrystdpairEHeroMorphTy_CEntryconst_004379c0.cpp
004379d0	EXACT	ConsvalstdallocatorstdpairEHeroMorphTypeCParticleMorphsCEntrystdpairEHeroMorphTy_CEntryconst_004379d0.cpp
004379e0	EXACT	ConsvalstdallocatorstdpairEHeroMorphTypeCParticleMorphsCEntrystdpairEHeroMorphTy_CEntryconst_004379e0.cpp
004379f0	EXACT	CPlayerGui_HideScreenshotMessage_004379f0.cpp
00437a00	EXACT	ConsvalstdallocatorstdpairEHeroMorphTypeCParticleMorphsCEntrystdpairEHeroMorphTy_CEntryconst_00437a00.cpp
00437a10	DIFFER(26v11)	ConsvalstdallocatorstdpairEHeroMorphTypeCParticleMorphsCEntrystdpairEHeroMorphTy_CEntryconst_00437a10.cpp
00437cd0	EXACT	CWorld_DrawGetEnvironment_00437cd0.cpp
00437ce0	DIFFER(26v10)	CVertexBufferWin32_DoSizeof_00437ce0.cpp
00437d00	EXACT	ConsvalstdallocatorstdpairEHeroMorphTypeCParticleMorphsCEntrystdpairEHeroMorphTy_CEntryconst_00437d00.cpp
00437ff0	EXACT	ConsvalstdallocatorstdpairEHeroMorphTypeCParticleMorphsCEntrystdpairEHeroMorphTy_CEntryconst_00437ff0.cpp
00438000	EXACT	ConsvalstdallocatorstdpairEHeroMorphTypeCParticleMorphsCEntrystdpairEHeroMorphTy_CEntryconst_00438000.cpp
00438010	EXACT	ConsvalstdallocatorstdpairEHeroMorphTypeCParticleMorphsCEntrystdpairEHeroMorphTy_CEntryconst_00438010.cpp
004382c0	EXACT	CWorldMap_PrepareForLoad_004382c0.cpp
004382e0	EXACT	CPlayerGui_SetButtonAlpha_004382e0.cpp
004383d0	EXACT	CGameScriptInterface_GiveHeroExpression_004383d0.cpp
00438400	EXACT	CPlayerGui_Close_00438400.cpp
00438440	EXACT	CPlayerGui_ForceClose_00438440.cpp
00438570	RELOC	global_PeekGuiDef_00438570.cpp
0043c3c0	DIFFER(37v19)	DestvalstdallocatorstdpairlongCMusicManagerCRegisteredMusicEntrystdpairlongCMusi_CRegisteredMusicEntry_0043c3c0.cpp
0043cd00	EXACT	global_CTriangleList_0043cd00.cpp
0043cd20	NO_ORACLE	global_sub0043cd20_0043cd20.cpp
0043cd30	NO_ORACLE	global_sub0043cd30_0043cd30.cpp
0043cd40	NO_ORACLE	global_sub0043cd40_0043cd40.cpp
0043cf50	NO_ORACLE	global_sub0043cf50_0043cf50.cpp
0043cf60	NO_ORACLE	global_sub0043cf60_0043cf60.cpp
0043cf70	NO_ORACLE	global_sub0043cf70_0043cf70.cpp
0043cf80	NO_ORACLE	global_sub0043cf80_0043cf80.cpp
0043cf90	NO_ORACLE	global_sub0043cf90_0043cf90.cpp
0043cfd0	EXACT	global_CTriangleList_0043cfd0.cpp
0043cff0	NO_ORACLE	global_sub0043cff0_0043cff0.cpp
0043d200	EXACT	DestvalstdallocatorCCountedPointerQuadricOptimiserInternalsCOptimisedPrimitiveCC_COptimisedPrimitive_0043d200.cpp
0043d240	EXACT	DestvalstdallocatorCCountedPointerQuadricOptimiserInternalsCOptimisedPrimitiveCC_COptimisedPrimitive_0043d240.cpp
0043d280	EXACT	DestvalstdallocatorCCountedPointerQuadricOptimiserInternalsCOptimisedPrimitiveCC_COptimisedPrimitive_0043d280.cpp
0043d2c0	EXACT	DestvalstdallocatorCCountedPointerQuadricOptimiserInternalsCOptimisedPrimitiveCC_COptimisedPrimitive_0043d2c0.cpp
0043d300	EXACT	DestvalstdallocatorCCountedPointerQuadricOptimiserInternalsCOptimisedPrimitiveCC_COptimisedPrimitive_0043d300.cpp
0043d340	EXACT	DestvalstdallocatorCCountedPointerQuadricOptimiserInternalsCOptimisedPrimitiveCC_COptimisedPrimitive_0043d340.cpp
0043d380	EXACT	DestvalstdallocatorCCountedPointerQuadricOptimiserInternalsCOptimisedPrimitiveCC_COptimisedPrimitive_0043d380.cpp
0043d3c0	EXACT	DestvalstdallocatorCCountedPointerQuadricOptimiserInternalsCOptimisedPrimitiveCC_COptimisedPrimitive_0043d3c0.cpp
0043d400	EXACT	DestvalstdallocatorCCountedPointerQuadricOptimiserInternalsCOptimisedPrimitiveCC_COptimisedPrimitive_0043d400.cpp
0043d440	EXACT	DestvalstdallocatorCCountedPointerQuadricOptimiserInternalsCOptimisedPrimitiveCC_COptimisedPrimitive_0043d440.cpp
0043d480	EXACT	DestvalstdallocatorCCountedPointerQuadricOptimiserInternalsCOptimisedPrimitiveCC_COptimisedPrimitive_0043d480.cpp
0043d4c0	EXACT	DestvalstdallocatorCCountedPointerQuadricOptimiserInternalsCOptimisedPrimitiveCC_COptimisedPrimitive_0043d4c0.cpp
0043d500	EXACT	DestvalstdallocatorCCountedPointerQuadricOptimiserInternalsCOptimisedPrimitiveCC_COptimisedPrimitive_0043d500.cpp
0043d540	EXACT	DestvalstdallocatorCCountedPointerQuadricOptimiserInternalsCOptimisedPrimitiveCC_COptimisedPrimitive_0043d540.cpp
0043d580	EXACT	DestvalstdallocatorCCountedPointerQuadricOptimiserInternalsCOptimisedPrimitiveCC_COptimisedPrimitive_0043d580.cpp
0043d5c0	EXACT	DestvalstdallocatorCCountedPointerQuadricOptimiserInternalsCOptimisedPrimitiveCC_COptimisedPrimitive_0043d5c0.cpp
0043d600	EXACT	DestvalstdallocatorCCountedPointerQuadricOptimiserInternalsCOptimisedPrimitiveCC_COptimisedPrimitive_0043d600.cpp
0043d640	EXACT	DestvalstdallocatorCCountedPointerQuadricOptimiserInternalsCOptimisedPrimitiveCC_COptimisedPrimitive_0043d640.cpp
0043d680	EXACT	DestvalstdallocatorCCountedPointerQuadricOptimiserInternalsCOptimisedPrimitiveCC_COptimisedPrimitive_0043d680.cpp
0043d6c0	EXACT	DestvalstdallocatorCCountedPointerQuadricOptimiserInternalsCOptimisedPrimitiveCC_COptimisedPrimitive_0043d6c0.cpp
0043d700	EXACT	DestvalstdallocatorCCountedPointerQuadricOptimiserInternalsCOptimisedPrimitiveCC_COptimisedPrimitive_0043d700.cpp
0043d740	EXACT	DestvalstdallocatorCCountedPointerQuadricOptimiserInternalsCOptimisedPrimitiveCC_COptimisedPrimitive_0043d740.cpp
0043d780	EXACT	DestvalstdallocatorCCountedPointerQuadricOptimiserInternalsCOptimisedPrimitiveCC_COptimisedPrimitive_0043d780.cpp
0043d7c0	EXACT	DestvalstdallocatorCCountedPointerQuadricOptimiserInternalsCOptimisedPrimitiveCC_COptimisedPrimitive_0043d7c0.cpp
0043d800	EXACT	DestvalstdallocatorCCountedPointerQuadricOptimiserInternalsCOptimisedPrimitiveCC_COptimisedPrimitive_0043d800.cpp
0043d840	EXACT	DestvalstdallocatorCCountedPointerQuadricOptimiserInternalsCOptimisedPrimitiveCC_COptimisedPrimitive_0043d840.cpp
0043d880	EXACT	DestvalstdallocatorCCountedPointerQuadricOptimiserInternalsCOptimisedPrimitiveCC_COptimisedPrimitive_0043d880.cpp
0043d8c0	EXACT	DestvalstdallocatorCCountedPointerQuadricOptimiserInternalsCOptimisedPrimitiveCC_COptimisedPrimitive_0043d8c0.cpp
0043d900	EXACT	DestvalstdallocatorCCountedPointerQuadricOptimiserInternalsCOptimisedPrimitiveCC_COptimisedPrimitive_0043d900.cpp
0043d940	EXACT	DestvalstdallocatorCCountedPointerQuadricOptimiserInternalsCOptimisedPrimitiveCC_COptimisedPrimitive_0043d940.cpp
0043d980	EXACT	DestvalstdallocatorCCountedPointerQuadricOptimiserInternalsCOptimisedPrimitiveCC_COptimisedPrimitive_0043d980.cpp
0043d9c0	EXACT	DestvalstdallocatorCCountedPointerQuadricOptimiserInternalsCOptimisedPrimitiveCC_COptimisedPrimitive_0043d9c0.cpp
0043da00	EXACT	DestvalstdallocatorCCountedPointerQuadricOptimiserInternalsCOptimisedPrimitiveCC_COptimisedPrimitive_0043da00.cpp
0043da40	EXACT	DestvalstdallocatorCCountedPointerQuadricOptimiserInternalsCOptimisedPrimitiveCC_COptimisedPrimitive_0043da40.cpp
0043da80	EXACT	DestvalstdallocatorCCountedPointerQuadricOptimiserInternalsCOptimisedPrimitiveCC_COptimisedPrimitive_0043da80.cpp
0043dac0	EXACT	DestvalstdallocatorCCountedPointerQuadricOptimiserInternalsCOptimisedPrimitiveCC_COptimisedPrimitive_0043dac0.cpp
0043db00	EXACT	DestvalstdallocatorCCountedPointerQuadricOptimiserInternalsCOptimisedPrimitiveCC_COptimisedPrimitive_0043db00.cpp
0043dbd0	EXACT	global_ISTHINGALIVECThingBuilding_0043dbd0.cpp
0043dd10	EXACT	CEngineSubPrimitiveText_scalardeletingdestructor_0043dd10.cpp
0043dd40	RELOC	CLandscapeBackgroundPatch_vectordeletingdestructor_0043dd40.cpp
0043df80	DIFFER(58v31)	global_fillENavigatorTypeENavigatorType_0043df80.cpp
0043dff0	NO_ORACLE	global_sub0043dff0_0043dff0.cpp
0043e000	NO_ORACLE	global_sub0043e000_0043e000.cpp
0043e390	EXACT	CLandscapeBackgroundPatch_vectordeletingdestructor_0043e390.cpp
0043e3b0	EXACT	CLandscapeBackgroundPatch_vectordeletingdestructor_0043e3b0.cpp
0043e3d0	DIFFER(72v35)	Destvalstd_allocatorCMacroCMacro_0043e3d0.cpp
0043e4d0	EXACT	CFontBank_GetVStringWidth_0043e4d0.cpp
0043e520	DIFFER(36v30)	CLandscapeBackgroundPatch_vectordeletingdestructor_0043e520.cpp
0043e5e0	EXACT	DestvalstdallocatorCCountedPointerQuadricOptimiserInternalsCOptimisedPrimitiveCC_COptimisedPrimitive_0043e5e0.cpp
0043e620	EXACT	DestvalstdallocatorCCountedPointerQuadricOptimiserInternalsCOptimisedPrimitiveCC_COptimisedPrimitive_0043e620.cpp
0043e660	EXACT	DestvalstdallocatorCCountedPointerQuadricOptimiserInternalsCOptimisedPrimitiveCC_COptimisedPrimitive_0043e660.cpp
0043e6a0	EXACT	DestvalstdallocatorCCountedPointerQuadricOptimiserInternalsCOptimisedPrimitiveCC_COptimisedPrimitive_0043e6a0.cpp
0043e6e0	EXACT	DestvalstdallocatorCCountedPointerQuadricOptimiserInternalsCOptimisedPrimitiveCC_COptimisedPrimitive_0043e6e0.cpp
0043e720	EXACT	DestvalstdallocatorCCountedPointerQuadricOptimiserInternalsCOptimisedPrimitiveCC_COptimisedPrimitive_0043e720.cpp
0043e760	EXACT	DestvalstdallocatorCCountedPointerQuadricOptimiserInternalsCOptimisedPrimitiveCC_COptimisedPrimitive_0043e760.cpp
0043e7a0	EXACT	DestvalstdallocatorCCountedPointerQuadricOptimiserInternalsCOptimisedPrimitiveCC_COptimisedPrimitive_0043e7a0.cpp
0043e7e0	EXACT	DestvalstdallocatorCCountedPointerQuadricOptimiserInternalsCOptimisedPrimitiveCC_COptimisedPrimitive_0043e7e0.cpp
0043e820	EXACT	DestvalstdallocatorCCountedPointerQuadricOptimiserInternalsCOptimisedPrimitiveCC_COptimisedPrimitive_0043e820.cpp
0043e860	EXACT	DestvalstdallocatorCCountedPointerQuadricOptimiserInternalsCOptimisedPrimitiveCC_COptimisedPrimitive_0043e860.cpp
0043e8a0	EXACT	DestvalstdallocatorCCountedPointerQuadricOptimiserInternalsCOptimisedPrimitiveCC_COptimisedPrimitive_0043e8a0.cpp
0043e8e0	EXACT	DestvalstdallocatorCCountedPointerQuadricOptimiserInternalsCOptimisedPrimitiveCC_COptimisedPrimitive_0043e8e0.cpp
0043e920	EXACT	DestvalstdallocatorCCountedPointerQuadricOptimiserInternalsCOptimisedPrimitiveCC_COptimisedPrimitive_0043e920.cpp
0043e960	EXACT	DestvalstdallocatorCCountedPointerQuadricOptimiserInternalsCOptimisedPrimitiveCC_COptimisedPrimitive_0043e960.cpp
0043e9a0	EXACT	DestvalstdallocatorCCountedPointerQuadricOptimiserInternalsCOptimisedPrimitiveCC_COptimisedPrimitive_0043e9a0.cpp
0043e9e0	EXACT	DestvalstdallocatorCCountedPointerQuadricOptimiserInternalsCOptimisedPrimitiveCC_COptimisedPrimitive_0043e9e0.cpp
0043ea20	EXACT	DestvalstdallocatorCCountedPointerQuadricOptimiserInternalsCOptimisedPrimitiveCC_COptimisedPrimitive_0043ea20.cpp
0043ea60	EXACT	DestvalstdallocatorCCountedPointerQuadricOptimiserInternalsCOptimisedPrimitiveCC_COptimisedPrimitive_0043ea60.cpp
0043eaa0	EXACT	DestvalstdallocatorCCountedPointerQuadricOptimiserInternalsCOptimisedPrimitiveCC_COptimisedPrimitive_0043eaa0.cpp
0043eae0	EXACT	DestvalstdallocatorCCountedPointerQuadricOptimiserInternalsCOptimisedPrimitiveCC_COptimisedPrimitive_0043eae0.cpp
0043eb20	EXACT	DestvalstdallocatorCCountedPointerQuadricOptimiserInternalsCOptimisedPrimitiveCC_COptimisedPrimitive_0043eb20.cpp
0043eb60	EXACT	DestvalstdallocatorCCountedPointerQuadricOptimiserInternalsCOptimisedPrimitiveCC_COptimisedPrimitive_0043eb60.cpp
0043eba0	EXACT	DestvalstdallocatorCCountedPointerQuadricOptimiserInternalsCOptimisedPrimitiveCC_COptimisedPrimitive_0043eba0.cpp
0043ebe0	EXACT	DestvalstdallocatorCCountedPointerQuadricOptimiserInternalsCOptimisedPrimitiveCC_COptimisedPrimitive_0043ebe0.cpp
0043ec20	EXACT	DestvalstdallocatorCCountedPointerQuadricOptimiserInternalsCOptimisedPrimitiveCC_COptimisedPrimitive_0043ec20.cpp
0043ec60	EXACT	DestvalstdallocatorCCountedPointerQuadricOptimiserInternalsCOptimisedPrimitiveCC_COptimisedPrimitive_0043ec60.cpp
0043eca0	EXACT	DestvalstdallocatorCCountedPointerQuadricOptimiserInternalsCOptimisedPrimitiveCC_COptimisedPrimitive_0043eca0.cpp
0043ece0	EXACT	DestvalstdallocatorCCountedPointerQuadricOptimiserInternalsCOptimisedPrimitiveCC_COptimisedPrimitive_0043ece0.cpp
0043ed20	EXACT	DestvalstdallocatorCCountedPointerQuadricOptimiserInternalsCOptimisedPrimitiveCC_COptimisedPrimitive_0043ed20.cpp
0043ed60	EXACT	DestvalstdallocatorCCountedPointerQuadricOptimiserInternalsCOptimisedPrimitiveCC_COptimisedPrimitive_0043ed60.cpp
0043eda0	EXACT	DestvalstdallocatorCCountedPointerQuadricOptimiserInternalsCOptimisedPrimitiveCC_COptimisedPrimitive_0043eda0.cpp
0043ede0	EXACT	DestvalstdallocatorCCountedPointerQuadricOptimiserInternalsCOptimisedPrimitiveCC_COptimisedPrimitive_0043ede0.cpp
0043ee20	EXACT	DestvalstdallocatorCCountedPointerQuadricOptimiserInternalsCOptimisedPrimitiveCC_COptimisedPrimitive_0043ee20.cpp
0043ee60	EXACT	DestvalstdallocatorCCountedPointerQuadricOptimiserInternalsCOptimisedPrimitiveCC_COptimisedPrimitive_0043ee60.cpp
0043eea0	EXACT	DestvalstdallocatorCIVCountedPointerN3DPrimitiveCTriangleListCIVCountedPointerN3_CTriangleList_0043eea0.cpp
0043eec0	EXACT	DestvalstdallocatorCIVCountedPointerN3DPrimitiveCTriangleListCIVCountedPointerN3_CTriangleList_0043eec0.cpp
0043eef0	EXACT	DestvalstdallocatorCCountedPointerQuadricOptimiserInternalsCOptimisedPrimitiveCC_COptimisedPrimitive_0043eef0.cpp
0043ef30	EXACT	DestvalstdallocatorCCountedPointerQuadricOptimiserInternalsCOptimisedPrimitiveCC_COptimisedPrimitive_0043ef30.cpp
0043ef70	EXACT	DestvalstdallocatorCCountedPointerQuadricOptimiserInternalsCOptimisedPrimitiveCC_COptimisedPrimitive_0043ef70.cpp
0043f0b0	NO_ORACLE	global_sub0043f0b0_0043f0b0.cpp
0043f0c0	NO_ORACLE	global_sub0043f0c0_0043f0c0.cpp
0043f0d0	NO_ORACLE	global_sub0043f0d0_0043f0d0.cpp
0043f0e0	NO_ORACLE	global_sub0043f0e0_0043f0e0.cpp
0043f0f0	NO_ORACLE	global_sub0043f0f0_0043f0f0.cpp
0043f100	NO_ORACLE	global_sub0043f100_0043f100.cpp
0043f190	NO_ORACLE	global_sub0043f190_0043f190.cpp
0043f1a0	NO_ORACLE	global_sub0043f1a0_0043f1a0.cpp
0043f1b0	NO_ORACLE	global_sub0043f1b0_0043f1b0.cpp
0043f1c0	NO_ORACLE	global_sub0043f1c0_0043f1c0.cpp
0043f1d0	NO_ORACLE	global_sub0043f1d0_0043f1d0.cpp
0043f1e0	NO_ORACLE	global_sub0043f1e0_0043f1e0.cpp
0043f1f0	NO_ORACLE	global_sub0043f1f0_0043f1f0.cpp
0043f200	NO_ORACLE	global_sub0043f200_0043f200.cpp
0043f210	NO_ORACLE	global_sub0043f210_0043f210.cpp
0043f220	NO_ORACLE	global_sub0043f220_0043f220.cpp
0043f230	EXACT	CGuiControlTreePane_SortTreeRecursively_0043f230.cpp
0043f270	EXACT	CGuiControlTreePane_SortTreeRecursively_0043f270.cpp
0043f2a0	EXACT	CGuiControlTreePane_SortTreeRecursively_0043f2a0.cpp
0043f2d0	DIFFER(53v47)	CGuiControlTreePane_SortTreeRecursively_0043f2d0.cpp
0043f3a0	DIFFER(86v19)	DestvalstdallocatorstdpairlongCMusicManagerCRegisteredMusicEntrystdpairlongCMusi_CRegisteredMusicEntry_0043f3a0.cpp
0043f400	DIFFER(65v37)	ConsvalstdallocatorstdpairCCharStringC3DVectorstdpairCCharStringC3DVectorstd_pairclassCCharStringclassC3DVector_0043f400.cpp
0043f6c0	EXACT	Uninitfillnstdpairunsignedint64CCountedPointerCActiveEntityScriptBaseunsignedint_pairunsignedint64classCCountedPointerclassCActiv_0043f6c0.cpp
0043f700	EXACT	CLandscapeBackgroundPatch_vectordeletingdestructor_0043f700.cpp
0043f720	EXACT	CLandscapeBackgroundPatch_vectordeletingdestructor_0043f720.cpp
0043f750	EXACT	CLandscapeBackgroundPatch_vectordeletingdestructor_0043f750.cpp
0043f880	NO_ORACLE	global_sub0043f880_0043f880.cpp
0043f920	EXACT	CLandscapeBackgroundPatch_vectordeletingdestructor_0043f920.cpp
0043f960	EXACT	CLandscapeBackgroundPatch_vectordeletingdestructor_0043f960.cpp
0043f980	EXACT	CLandscapeBackgroundPatch_vectordeletingdestructor_0043f980.cpp
0043fcd0	RELOC	CActiveFile_OnReadFinished_0043fcd0.cpp
0043fcf0	DIFFER(78v62)	CGuiControlTreePane_SortTreeRecursively_0043fcf0.cpp
0043fd40	EXACT	CGuiControlTreePane_SortTreeRecursively_0043fd40.cpp
0043fd80	EXACT	CGuiControlTreePane_SortTreeRecursively_0043fd80.cpp
0043fdc0	EXACT	CBankFileAsyncData_FreeBuffer_0043fdc0.cpp
0043fdf0	EXACT	CNavigatorQueueManager_FrameUpdate_0043fdf0.cpp
0043fe40	EXACT	CGuiControlTreePane_SortTreeRecursively_0043fe40.cpp
0043fe80	EXACT	CBankFileAsyncData_FreeBuffer_0043fe80.cpp
00440070	RELOC	CActiveFile_OnReadFinished_00440070.cpp
00440080	DIFFER(62v14)	CActiveFile_OnReadFinished_00440080.cpp
004400c0	EXACT	UninitcopystdVectorconstiteratorstdVectorvalCScriptThingstdallocatorCScriptThing_allocatorCScriptThing_004400c0.cpp
00440340	EXACT	DestvalstdallocatorCCountedPointerQuadricOptimiserInternalsCOptimisedPrimitiveCC_COptimisedPrimitive_00440340.cpp
004405d0	RELOC	CActiveFile_OnReadFinished_004405d0.cpp
00440650	DIFFER(68v25)	CActiveFile_OnReadFinished_00440650.cpp
004406a0	DIFFER(37v25)	CActiveFile_OnReadFinished_004406a0.cpp
004406d0	DIFFER(85v50)	vectorCConversationstd_allocatorCConversation_004406d0.cpp
00440730	EXACT	CGuiControlTreePane_SortTreeRecursively_00440730.cpp
00440770	EXACT	CGuiControlTreePane_SortTreeRecursively_00440770.cpp
004407b0	RELOC	CGuiControlTreePane_SortTreeRecursively_004407b0.cpp
00440a70	DIFFER(84v50)	vectorCConversationstd_allocatorCConversation_00440a70.cpp
00440ad0	RELOC	DestvalstdallocatorCCountedPointerQuadricOptimiserInternalsCOptimisedPrimitiveCC_COptimisedPrimitive_00440ad0.cpp
00440ba0	EXACT	Destroyrangestd_allocatorCSpeechFrame_00440ba0.cpp
00440bd0	EXACT	Destroyrangestd_allocatorCSpeechFrame_00440bd0.cpp
00440c40	DIFFER(78v50)	vectorCConversationstd_allocatorCConversation_00440c40.cpp
00440cb0	RELOC	CActiveFile_OnReadFinished_00440cb0.cpp
00440d40	RELOC	CActiveFile_OnReadFinished_00440d40.cpp
00440d60	RELOC	CActiveFile_OnReadFinished_00440d60.cpp
00440e40	RELOC	CActiveFile_OnReadFinished_00440e40.cpp
00440e60	DIFFER(94v14)	CActiveFile_OnReadFinished_00440e60.cpp
00440ec0	EXACT	CActiveFile_OnReadFinished_00440ec0.cpp
00440ee0	EXACT	CActiveFile_OnReadFinished_00440ee0.cpp
00441380	EXACT	CEngineScreenEffectOutlineGlow_FinishWithDynamicTextures_00441380.cpp
00441670	RELOC	CActiveFile_OnReadFinished_00441670.cpp
004422f0	EXACT	CActiveFile_OnReadFinished_004422f0.cpp
00442310	EXACT	CActiveFile_OnReadFinished_00442310.cpp
00442330	EXACT	CActiveFile_OnReadFinished_00442330.cpp
004425c0	EXACT	CWound_Kill_004425c0.cpp
00442770	EXACT	vectorunsignedint_resize_00442770.cpp
00442870	EXACT	CCombatWheel_ResetRings_00442870.cpp
00442960	EXACT	CLandscapeBackgroundPatch_vectordeletingdestructor_00442960.cpp
00442980	RELOC	CLandscapeBackgroundPatch_vectordeletingdestructor_00442980.cpp
00442cc0	RELOC	CLandscapeBackgroundPatch_vectordeletingdestructor_00442cc0.cpp
00442d30	EXACT	CLandscapeBackgroundPatch_vectordeletingdestructor_00442d30.cpp
00442da0	RELOC	CLandscapeBackgroundPatch_vectordeletingdestructor_00442da0.cpp
00442f00	RELOC	CLandscapeBackgroundPatch_vectordeletingdestructor_00442f00.cpp
00443010	RELOC	CLandscapeBackgroundPatch_vectordeletingdestructor_00443010.cpp
00443080	RELOC	CLandscapeBackgroundPatch_vectordeletingdestructor_00443080.cpp
00443140	EXACT	CEngineScreenEffectDisplacementRenderer_FinishWithDynamicTextures_00443140.cpp
00443190	EXACT	CTCAssassinRush_FinishMove_00443190.cpp
004431c0	EXACT	CTCAssassinRush_FinishMove_004431c0.cpp
004431f0	EXACT	CTCAssassinRush_FinishMove_004431f0.cpp
00443290	EXACT	CActiveFile_OnReadFinished_00443290.cpp
00443500	RELOC	CTCMapwho_OnDie_00443500.cpp
00443520	RELOC	CTCMapwho_OnDie_00443520.cpp
004437c0	RELOC	CTCMapwho_OnDie_004437c0.cpp
00443820	RELOC	CTCMapwho_OnDie_00443820.cpp
00443890	RELOC	CTCMapwho_OnDie_00443890.cpp
004439c0	RELOC	CTCMapwho_OnDie_004439c0.cpp
00443aa0	RELOC	CTCMapwho_OnDie_00443aa0.cpp
00443b00	RELOC	CTCMapwho_OnDie_00443b00.cpp
00443bb0	EXACT	CLandscapeBackgroundPatch_vectordeletingdestructor_00443bb0.cpp
00443c50	EXACT	CEngineSubPrimitiveText_scalardeletingdestructor_00443c50.cpp
00443ca0	EXACT	CEngineSubPrimitiveText_scalardeletingdestructor_00443ca0.cpp
00444d70	RELOC	CTCMapwho_OnDie_00444d70.cpp
00444e90	EXACT	CLandscapeBackgroundPatch_vectordeletingdestructor_00444e90.cpp
00444eb0	EXACT	CLandscapeBackgroundPatch_vectordeletingdestructor_00444eb0.cpp
00445350	RELOC	CTCMapwho_OnDie_00445350.cpp
00445370	RELOC	CTCMapwho_OnDie_00445370.cpp
004454e0	DIFFER(53v23)	CTCMapwho_OnDie_004454e0.cpp
00445630	EXACT	CInputTypeXboxPadButtonEvent_IsInputTypeWithButton_00445630.cpp
00445650	DIFFER(25v5)	CInputTypeXboxPadButtonEvent_IsInputTypeWithMouseButton_00445650.cpp
00445680	EXACT	CInputTypeXboxPadLeftStickEvent_IsInputTypeWithButton_00445680.cpp
00445690	DIFFER(25v5)	CInputTypeXboxPadLeftStickEvent_IsInputTypeWithMouseButton_00445690.cpp
004456c0	EXACT	CInputTypeXboxPadRightStickEvent_IsInputTypeWithButton_004456c0.cpp
004456d0	DIFFER(25v5)	CInputTypeXboxPadRightStickEvent_IsInputTypeWithMouseButton_004456d0.cpp
00445700	EXACT	CInputTypeMouseMovementEvent_IsInputTypeWithButton_00445700.cpp
00445710	DIFFER(25v5)	CInputTypeMouseMovementEvent_IsInputTypeWithMouseButton_00445710.cpp
00445740	EXACT	CInputTypeMouseWheelMovementEvent_IsInputTypeWithButton_00445740.cpp
00445750	DIFFER(25v5)	CInputTypeMouseWheelMovementEvent_IsInputTypeWithMouseButton_00445750.cpp
00445780	EXACT	CInputTypeMouseWheelMovementUpEvent_IsInputTypeWithButton_00445780.cpp
00445790	DIFFER(25v5)	CInputTypeMouseWheelMovementUpEvent_IsInputTypeWithMouseButton_00445790.cpp
004457c0	EXACT	CInputTypeMouseWheelMovementDownEvent_IsInputTypeWithButton_004457c0.cpp
004457d0	DIFFER(24v5)	CInputTypeMouseWheelMovementDownEvent_IsInputTypeWithMouseButton_004457d0.cpp
00445920	DIFFER(27v12)	ConsvalstdallocatorstdpairEHeroMorphTypeCParticleMorphsCEntrystdpairEHeroMorphTy_CEntryconst_00445920.cpp
00445940	EXACT	CShaderPreParser_GetConstantCount_00445940.cpp
00445950	EXACT	CShaderPreParser_GetConstantCount_00445950.cpp
00445960	EXACT	CShaderPreParser_GetConstantCount_00445960.cpp
00445ae0	EXACT	CGamePlayerInterface_SaveInitialInfo_00445ae0.cpp
00445b40	EXACT	CGamePlayerInterface_LoadInitialInfo_00445b40.cpp
00445b80	EXACT	CTCShotDefinitionBase_CanBeHitByMeleeStrike_00445b80.cpp
00445b90	EXACT	CTCShotDefinitionBase_CanBeHitByMeleeStrike_00445b90.cpp
00445ba0	EXACT	CTCShotDefinitionBase_CanBeHitByMeleeStrike_00445ba0.cpp
00445bb0	EXACT	CTCShotDefinitionBase_CanBeHitByMeleeStrike_00445bb0.cpp
00445bc0	EXACT	CTCShotDefinitionBase_CanBeHitByMeleeStrike_00445bc0.cpp
00445bd0	EXACT	CGamePlayerInterface_IsEventGameAction_00445bd0.cpp
00445e30	EXACT	CGamePlayerInterface_IsEventAssignableSpecialMoveButton_00445e30.cpp
00445e90	EXACT	CGamePlayerInterface_IsAssignableSpecialMoveButtonInQueue_00445e90.cpp
00445ee0	EXACT	CGamePlayerInterface_GetAssignableSpecialMoveIndexForButton_00445ee0.cpp
00445f40	EXACT	CGamePlayerInterface_GetAssignableSpecialMoveIndexForButton_00445f40.cpp
00445fa0	EXACT	CGamePlayerInterface_GetAssignableSpecialMoveIndexForButton_00445fa0.cpp
00446000	EXACT	CGamePlayerInterface_IsEventContextSensitiveItemButton_00446000.cpp
00446060	EXACT	CGamePlayerInterface_IsOtherQuickAccessItemButtonHeld_00446060.cpp
004460c0	EXACT	CGamePlayerInterface_IsAssignableSpecialMoveButtonInQueue_004460c0.cpp
004461d0	EXACT	CGamePlayerInterface_IsAssignableSpecialMoveButtonInQueue_004461d0.cpp
00446b10	EXACT	CGamePlayerInterface_IsGameActionEventInQueue_00446b10.cpp
00447760	DIFFER(85v53)	DestvalstdallocatorCCountedPointerQuadricOptimiserInternalsCOptimisedPrimitiveCC_COptimisedPrimitive_00447760.cpp
004477c0	EXACT	UninitcopystdVectorconstiteratorstdVectorvalstdpairunsignedint64CCountedPointerC_pairunsignedint64CCountedPointerCActiveEntityScr_004477c0.cpp
00447a00	EXACT	CInputTypeKeyboardKeyEvent_IsInputTypeWithButton_00447a00.cpp
00447a10	DIFFER(47v5)	CInputTypeKeyboardKeyEvent_IsInputTypeWithMouseButton_00447a10.cpp
00447c80	EXACT	CVectorMaplong_LowerBound_00447c80.cpp
00447d50	EXACT	DestvalstdallocatorCCountedPointerQuadricOptimiserInternalsCOptimisedPrimitiveCC_COptimisedPrimitive_00447d50.cpp
00447e00	RELOC	DestvalstdallocatorstdpairunsignedlongCCountedPointerCFactionstd_pairunsignedlongCCountedPointerCFaction_00447e00.cpp
00448080	EXACT	DestvalstdallocatorCCountedPointerQuadricOptimiserInternalsCOptimisedPrimitiveCC_COptimisedPrimitive_00448080.cpp
00448280	EXACT	UninitcopystdVectorconstiteratorstdVectorvalstdpairunsignedint64CCountedPointerC_pairunsignedint64CCountedPointerCActiveEntityScr_00448280.cpp
004482c0	EXACT	Uninitfillnstdpairunsignedint64CCountedPointerCActiveEntityScriptBaseunsignedint_pairunsignedint64classCCountedPointerclassCActiv_004482c0.cpp
00448380	EXACT	CItem_operator_00448380.cpp
004483d0	EXACT	DestvalstdallocatorCCountedPointerQuadricOptimiserInternalsCOptimisedPrimitiveCC_COptimisedPrimitive_004483d0.cpp
00448410	EXACT	DestvalstdallocatorstdpairunsignedlongCCountedPointerCFactionstd_pairunsignedlongCCountedPointerCFaction_00448410.cpp
00448860	EXACT	Destroyrangestdallocatorstd_pairCCharStringCCountedPointerCEntityScriptBindi_00448860.cpp
004488b0	DIFFER(85v77)	Destroyrangestdallocatorstd_pairlongCCountedPointerCRegionConnectionNode_004488b0.cpp
00448910	EXACT	global_CopyimplCNavigationPositionCNavigationPosition_00448910.cpp
00449420	EXACT	CLandscapeBackgroundPatch_vectordeletingdestructor_00449420.cpp
00449630	EXACT	CGuiVarTransferBool_TransferToGui_00449630.cpp
00449650	DIFFER(84v32)	CTCVillage_OnInitialActivate_00449650.cpp
004496b0	DIFFER(70v36)	CAIStateGroupIdleAtHome_InitCreaturePosition_004496b0.cpp
00449700	DIFFER(36v4)	CWorld_DrawGetEnvironment_00449700.cpp
004497c0	EXACT	CPlayerManager_IsThingMainPlayer_004497c0.cpp
00449880	EXACT	CPlayerManager_IsPlayer_00449880.cpp
004498c0	EXACT	CPlayerManager_GetPlayer_004498c0.cpp
00449910	EXACT	CPlayerManager_GetPlayer_00449910.cpp
00449990	EXACT	CPlayerManager_GetPlayerNumberFromJoystickDeviceNumber_00449990.cpp
004499e0	EXACT	CPlayerManager_IsPlayerAssociatedWithJoystickDeviceNumber_004499e0.cpp
00449a30	RELOC	CEngine_GetEditorAnimation_00449a30.cpp
00449b20	EXACT	CSpellContainerList_AddChild_00449b20.cpp
00449b40	RELOC	CEngine_GetEditorAnimation_00449b40.cpp
0044a140	EXACT	CPatchTesselationEdgeStrip_CPatchTesselationEdgeStrip_0044a140.cpp
0044a530	EXACT	CTCHeroExperience_UpdateAbilitiesForAllStats_0044a530.cpp
0044aab0	NO_ORACLE	global_sub0044aab0_0044aab0.cpp
0044aaf0	NO_ORACLE	global_sub0044aaf0_0044aaf0.cpp
0044ab00	NO_ORACLE	global_sub0044ab00_0044ab00.cpp
0044b110	RELOC	ConsvalstdallocatorstdpairCWideStringconstfloatstdpairCWideStringconstfloatstd_Consval_0044b110.cpp
0044b120	EXACT	UninitcopyCFeatDefCFeatDefstd_allocatorCFeatDef_0044b120.cpp
0044b150	DIFFER(55v42)	global_Fillnunsignedlongunsignedintunsignedlong_0044b150.cpp
0044b930	EXACT	DestvalstdallocatorCIVCountedPointerN3DPrimitiveCTriangleListCIVCountedPointerN3_CTriangleList_0044b930.cpp
0044be30	DIFFER(73v30)	CLandscapeBackgroundPatch_vectordeletingdestructor_0044be30.cpp
0044c030	RELOC	CLandscapeBackgroundPatch_vectordeletingdestructor_0044c030.cpp
0044c158	EXACT	CPhysicsDef_GetSizeofClass_0044c158.cpp
0044c160	RELOC	CThingComponentSet_CThingComponentSet_0044c160.cpp
0044c180	EXACT	DestvalstdallocatorCIVCountedPointerN3DPrimitiveCTriangleListCIVCountedPointerN3_CTriangleList_0044c180.cpp
0044c1a0	EXACT	DestvalstdallocatorCIVCountedPointerN3DPrimitiveCTriangleListCIVCountedPointerN3_CTriangleList_0044c1a0.cpp
0044c1f6	DIFFER(29v4)	CCarrySlotDef_GetSizeofClass_0044c1f6.cpp
0044c269	EXACT	CActionUseDef_GetSizeofClass_0044c269.cpp
0044c2e2	DIFFER(31v6)	CHeroMarriageDef_GetSizeofClass_0044c2e2.cpp
0044c313	EXACT	CSpecialAbilitiesDrainLifeDataDef_GetSizeofClass_0044c313.cpp
0044c329	EXACT	CSpecialAbilitiesForcePushDataDef_GetSizeofClass_0044c329.cpp
0044c33f	EXACT	CCreatureStatsDef_GetSizeofClass_0044c33f.cpp
0044c364	EXACT	CCoopSpiritDef_GetSizeofClass_0044c364.cpp
0044c37a	EXACT	CContextSensitiveItemDef_GetSizeofClass_0044c37a.cpp
0044c390	EXACT	CBonusItemDef_GetSizeofClass_0044c390.cpp
0044c3a6	EXACT	CHeroTitleDef_GetSizeofClass_0044c3a6.cpp
0044c3d4	EXACT	CTattooDef_GetSizeofClass_0044c3d4.cpp
0044c3ea	EXACT	CHairCardDef_GetSizeofClass_0044c3ea.cpp
0044c41e	RELOC	CCombatAbilityData_TransferBinaryOut_0044c41e.cpp
0044c549	EXACT	CCombatAbilityBlockCounterAttackDef_GetSizeofClass_0044c549.cpp
0044c561	EXACT	CCombatAbilityFlourishCounterAttackDef_GetSizeofClass_0044c561.cpp
0044c579	EXACT	CCombatAbilityGetHitCounterAttackDef_GetSizeofClass_0044c579.cpp
0044c599	EXACT	CCombatAbilityStrafeDef_GetSizeofClass_0044c599.cpp
0044c5b9	EXACT	CCombatAbilityUseProjectileWeaponDef_GetSizeofClass_0044c5b9.cpp
0044c5cf	EXACT	CDragonActionSwoopDef_GetSizeofClass_0044c5cf.cpp
0044c5e5	EXACT	CDragonActionNapalmDef_GetSizeofClass_0044c5e5.cpp
0044c5fb	EXACT	CDragonActionHoverDef_GetSizeofClass_0044c5fb.cpp
0044c611	EXACT	CAugmentationDef_GetSizeofClass_0044c611.cpp
0044c627	EXACT	CAbilityDef_GetSizeofClass_0044c627.cpp
0044c63d	EXACT	CJackDragonDef_GetSizeofClass_0044c63d.cpp
0044c653	EXACT	CBriarRoseDef_GetSizeofClass_0044c653.cpp
0044c669	EXACT	CSnowTrollDef_GetSizeofClass_0044c669.cpp
0044c67f	EXACT	CGuildMasterDef_GetSizeofClass_0044c67f.cpp
0044c695	EXACT	CSummonerDef_GetSizeofClass_0044c695.cpp
0044c6ab	EXACT	CExplosiveTrailDef_GetSizeofClass_0044c6ab.cpp
0044c6b0	RELOC	global_GFGetPreMainMemoryUsed_0044c6b0.cpp
0044c6b6	RELOC	global_IsAllocated_0044c6b6.cpp
0044c71f	RELOC	global_operatornew_0044c71f.cpp
0044eb34	EXACT	DestvalstdallocatorCIVCountedPointerN3DPrimitiveCTriangleListCIVCountedPointerN3_CTriangleList_0044eb34.cpp
0044eebd	NO_ORACLE	global_sub0044eebd_0044eebd.cpp
0044eec2	NO_ORACLE	global_sub0044eec2_0044eec2.cpp
0044eec7	NO_ORACLE	global_sub0044eec7_0044eec7.cpp
0044eecc	NO_ORACLE	global_sub0044eecc_0044eecc.cpp
0044eed1	NO_ORACLE	global_sub0044eed1_0044eed1.cpp
0044eed6	NO_ORACLE	global_sub0044eed6_0044eed6.cpp
0044eedb	NO_ORACLE	global_sub0044eedb_0044eedb.cpp
0044eee0	NO_ORACLE	global_sub0044eee0_0044eee0.cpp
0044f03c	NO_ORACLE	global_sub0044f03c_0044f03c.cpp
0044f08e	NO_ORACLE	global_sub0044f08e_0044f08e.cpp
0044f1bb	NO_ORACLE	global_sub0044f1bb_0044f1bb.cpp
0044f24f	NO_ORACLE	global_sub0044f24f_0044f24f.cpp
0044f254	NO_ORACLE	global_sub0044f254_0044f254.cpp
0044f3b2	RELOC	DestvalstdallocatorCCountedPointerQuadricOptimiserInternalsCOptimisedPrimitiveCC_COptimisedPrimitive_0044f3b2.cpp
0044f40b	NO_ORACLE	global_sub0044f40b_0044f40b.cpp
0044f410	NO_ORACLE	global_sub0044f410_0044f410.cpp
0044f415	NO_ORACLE	global_sub0044f415_0044f415.cpp
0044f41a	NO_ORACLE	global_sub0044f41a_0044f41a.cpp
0044f41f	NO_ORACLE	global_sub0044f41f_0044f41f.cpp
0044f424	NO_ORACLE	global_sub0044f424_0044f424.cpp
0044f429	NO_ORACLE	global_sub0044f429_0044f429.cpp
0044f42e	NO_ORACLE	global_sub0044f42e_0044f42e.cpp
0044f433	NO_ORACLE	global_sub0044f433_0044f433.cpp
0044f438	NO_ORACLE	global_sub0044f438_0044f438.cpp
0044f43d	NO_ORACLE	global_sub0044f43d_0044f43d.cpp
0044f442	NO_ORACLE	global_sub0044f442_0044f442.cpp
0044f447	NO_ORACLE	global_sub0044f447_0044f447.cpp
0044f44c	NO_ORACLE	global_sub0044f44c_0044f44c.cpp
0044f451	NO_ORACLE	global_sub0044f451_0044f451.cpp
0044f456	NO_ORACLE	global_sub0044f456_0044f456.cpp
0044f619	EXACT	CThingMultiArrowShotDef_GetSizeofClass_0044f619.cpp
0044f65a	DIFFER(70v34)	CLandscapeBackgroundPatch_vectordeletingdestructor_0044f65a.cpp
0044f6a0	RELOC	CThingComponentSet_CThingComponentSet_0044f6a0.cpp
0044f6ba	RELOC	CLandscapeBackgroundPatch_vectordeletingdestructor_0044f6ba.cpp
0044f6e0	EXACT	DestvalstdallocatorCIVCountedPointerN3DPrimitiveCTriangleListCIVCountedPointerN3_CTriangleList_0044f6e0.cpp
0044f700	EXACT	DestvalstdallocatorCIVCountedPointerN3DPrimitiveCTriangleListCIVCountedPointerN3_CTriangleList_0044f700.cpp
0044f71b	DIFFER(56v34)	CLandscapeBackgroundPatch_vectordeletingdestructor_0044f71b.cpp
0044f753	DIFFER(56v34)	CLandscapeBackgroundPatch_vectordeletingdestructor_0044f753.cpp
0044f7c3	DIFFER(59v34)	CLandscapeBackgroundPatch_vectordeletingdestructor_0044f7c3.cpp
0044f7fe	RELOC	CLandscapeBackgroundPatch_vectordeletingdestructor_0044f7fe.cpp
0044f90f	DIFFER(56v34)	CLandscapeBackgroundPatch_vectordeletingdestructor_0044f90f.cpp
0044fa19	DIFFER(56v34)	CLandscapeBackgroundPatch_vectordeletingdestructor_0044fa19.cpp
0044fa51	RELOC	CLandscapeBackgroundPatch_vectordeletingdestructor_0044fa51.cpp
0044faba	RELOC	CLandscapeBackgroundPatch_vectordeletingdestructor_0044faba.cpp
0044fd16	DIFFER(63v41)	CLandscapeBackgroundPatch_vectordeletingdestructor_0044fd16.cpp
0044fd55	DIFFER(63v41)	CLandscapeBackgroundPatch_vectordeletingdestructor_0044fd55.cpp
0044fd94	DIFFER(63v41)	CLandscapeBackgroundPatch_vectordeletingdestructor_0044fd94.cpp
0044fe12	DIFFER(77v41)	CLandscapeBackgroundPatch_vectordeletingdestructor_0044fe12.cpp
0044fe5f	DIFFER(70v34)	CLandscapeBackgroundPatch_vectordeletingdestructor_0044fe5f.cpp
0044fea5	DIFFER(70v34)	CLandscapeBackgroundPatch_vectordeletingdestructor_0044fea5.cpp
0044feeb	DIFFER(70v34)	CLandscapeBackgroundPatch_vectordeletingdestructor_0044feeb.cpp
0044ff31	DIFFER(70v34)	CLandscapeBackgroundPatch_vectordeletingdestructor_0044ff31.cpp
0044ff77	DIFFER(70v34)	CLandscapeBackgroundPatch_vectordeletingdestructor_0044ff77.cpp
0044ffbd	DIFFER(70v34)	CLandscapeBackgroundPatch_vectordeletingdestructor_0044ffbd.cpp
00450142	RELOC	CCountedPointerstdvectorCCharString_Reset_00450142.cpp
004506c0	RELOC	LTextTreeWalkThrough_BuildTreeArray_004506c0.cpp
004506ed	RELOC	LTextTreeWalkThrough_BuildTreeArray_004506ed.cpp
0045071a	RELOC	LTextTreeWalkThrough_BuildTreeArray_0045071a.cpp
00450747	RELOC	LTextTreeWalkThrough_BuildTreeArray_00450747.cpp
00450774	RELOC	LTextTreeWalkThrough_BuildTreeArray_00450774.cpp
004507a1	RELOC	LTextTreeWalkThrough_BuildTreeArray_004507a1.cpp
004507ce	RELOC	LTextTreeWalkThrough_BuildTreeArray_004507ce.cpp
004507fb	RELOC	LTextTreeWalkThrough_BuildTreeArray_004507fb.cpp
00450828	RELOC	LTextTreeWalkThrough_BuildTreeArray_00450828.cpp
00450855	RELOC	CGuiControlTreePane_SortTreeRecursively_00450855.cpp
0045087c	RELOC	LTextTreeWalkThrough_BuildTreeArray_0045087c.cpp
004508a9	RELOC	LTextTreeWalkThrough_BuildTreeArray_004508a9.cpp
004508d6	RELOC	LTextTreeWalkThrough_BuildTreeArray_004508d6.cpp
00450903	RELOC	LTextTreeWalkThrough_BuildTreeArray_00450903.cpp
00450930	RELOC	LTextTreeWalkThrough_BuildTreeArray_00450930.cpp
0045095d	EXACT	CEngineInternalPrimitiveMeshBase_GetMeshEffect_0045095d.cpp
004509d9	RELOC	CLandscapeBackgroundPatch_vectordeletingdestructor_004509d9.cpp
004509f8	RELOC	CLandscapeBackgroundPatch_vectordeletingdestructor_004509f8.cpp
00450a3c	EXACT	vectorCIntelligentPointerCThingconst_Destroy_00450a3c.cpp
00450a58	EXACT	vectorCIntelligentPointerCThingconst_Destroy_00450a58.cpp
00450a74	EXACT	vectorCIntelligentPointerCThingconst_Destroy_00450a74.cpp
00450ab2	EXACT	vectorCIntelligentPointerCThingconst_Destroy_00450ab2.cpp
00450ace	EXACT	vectorCIntelligentPointerCThingconst_Destroy_00450ace.cpp
00450b79	RELOC	CLandscapeBackgroundPatch_vectordeletingdestructor_00450b79.cpp
00450ba0	RELOC	CThingComponentSet_CThingComponentSet_00450ba0.cpp
00450bba	DIFFER(41v26)	DestvalstdallocatorstdpairEAnimComponentCIVCountedPointerCAnimComponentBasestd_pairEAnimComponentCIVCountedPointerCAnimComponen_00450bba.cpp
00450be3	RELOC	CLandscapeBackgroundPatch_vectordeletingdestructor_00450be3.cpp
00450dab	RELOC	CActiveFile_OnReadFinished_00450dab.cpp
00450e92	RELOC	CTCCarryable_OnKill_00450e92.cpp
00450edf	RELOC	CTCCarryable_OnKill_00450edf.cpp
00450f50	RELOC	CTCCarryable_OnKill_00450f50.cpp
00450fac	RELOC	CTCCarryable_OnKill_00450fac.cpp
00450ff9	RELOC	CTCCarryable_OnKill_00450ff9.cpp
00451046	RELOC	CTCCarryable_OnKill_00451046.cpp
004510bf	RELOC	CTCCarryable_OnKill_004510bf.cpp
0045110c	RELOC	CTCCarryable_OnKill_0045110c.cpp
00451159	RELOC	CTCCarryable_OnKill_00451159.cpp
004511a6	RELOC	CTCCarryable_OnKill_004511a6.cpp
004511f3	RELOC	CTCCarryable_OnKill_004511f3.cpp
00451240	RELOC	CTCCarryable_OnKill_00451240.cpp
0045128d	RELOC	CTCCarryable_OnKill_0045128d.cpp
004512da	RELOC	CTCCarryable_OnKill_004512da.cpp
0045151c	RELOC	CActiveFile_OnReadFinished_0045151c.cpp
004516e7	RELOC	CTCEnemy_SetFaction_004516e7.cpp
00451763	RELOC	CActiveFile_OnReadFinished_00451763.cpp
004517a4	RELOC	CActiveFile_OnReadFinished_004517a4.cpp
0045185f	RELOC	CActiveFile_OnReadFinished_0045185f.cpp
004518a0	RELOC	CActiveFile_OnReadFinished_004518a0.cpp
004518e1	DIFFER(53v23)	CActiveFile_OnReadFinished_004518e1.cpp
00451940	RELOC	CActiveFile_OnReadFinished_00451940.cpp
00451981	RELOC	CActiveFile_OnReadFinished_00451981.cpp
004519c2	RELOC	CActiveFile_OnReadFinished_004519c2.cpp
00451a03	RELOC	CActiveFile_OnReadFinished_00451a03.cpp
00451a44	RELOC	CActiveFile_OnReadFinished_00451a44.cpp
00451a85	RELOC	CActiveFile_OnReadFinished_00451a85.cpp
00451ac6	RELOC	CActiveFile_OnReadFinished_00451ac6.cpp
00451b07	DIFFER(68v23)	CActiveFile_OnReadFinished_00451b07.cpp
00451b4b	RELOC	LTextTreeWalkThrough_BuildTreeArray_00451b4b.cpp
00451bc4	NO_ORACLE	global_sub00451bc4_00451bc4.cpp
00451bc5	NO_ORACLE	global_sub00451bc5_00451bc5.cpp
00451bc6	NO_ORACLE	global_sub00451bc6_00451bc6.cpp
00451bfc	NO_ORACLE	global_sub00451bfc_00451bfc.cpp
00451c25	NO_ORACLE	global_sub00451c25_00451c25.cpp
00451c26	NO_ORACLE	global_sub00451c26_00451c26.cpp
00451c27	NO_ORACLE	global_sub00451c27_00451c27.cpp
00451c28	NO_ORACLE	global_sub00451c28_00451c28.cpp
00451c29	NO_ORACLE	global_sub00451c29_00451c29.cpp
00451c2a	NO_ORACLE	global_sub00451c2a_00451c2a.cpp
00451c39	NO_ORACLE	global_sub00451c39_00451c39.cpp
00451c3a	NO_ORACLE	global_sub00451c3a_00451c3a.cpp
00451c3b	NO_ORACLE	global_sub00451c3b_00451c3b.cpp
00451c3c	NO_ORACLE	global_sub00451c3c_00451c3c.cpp
00451c3d	NO_ORACLE	global_sub00451c3d_00451c3d.cpp
00451c83	RELOC	CLandscapeBackgroundPatch_vectordeletingdestructor_00451c83.cpp
00451e11	RELOC	CEngineLightingManager_UpdateShadowScene_00451e11.cpp
00451e59	RELOC	CEngineLightingManager_UpdateShadowScene_00451e59.cpp
00451efd	RELOC	CEngineLightingManager_UpdateShadowScene_00451efd.cpp
00451fa1	RELOC	CEngineLightingManager_UpdateShadowScene_00451fa1.cpp
00452045	RELOC	CEngineLightingManager_UpdateShadowScene_00452045.cpp
00452086	RELOC	CEngineLightingManager_UpdateShadowScene_00452086.cpp
0045212a	RELOC	CPhysicsDef_TransferCPhysicsDefUAEXAAVCPersistContextZ_0045212a.cpp
00452184	RELOC	CTCNoiseDef_TransferCTCNoiseDefUAEXAAVCPersistContextZ_00452184.cpp
004521b2	RELOC	CEngineLightingManager_UpdateShadowScene_004521b2.cpp
00452256	RELOC	CCarrySlotDef_TransferCCarrySlotDefUAEXAAVCPersistContextZ_00452256.cpp
0045228f	RELOC	CEngineLightingManager_UpdateShadowScene_0045228f.cpp
004522c6	RELOC	CSmashableDef_TransferCSmashableDefUAEXAAVCPersistContextZ_004522c6.cpp
004522f4	RELOC	CEngineLightingManager_UpdateShadowScene_004522f4.cpp
00452593	RELOC	CSpecialAbilitiesDrainLifeDataDef_Transfer_00452593.cpp
004525a3	RELOC	CSpecialAbilitiesForcePushDataDef_Transfer_004525a3.cpp
004525e3	EXACT	CVillagePeopleDef_GetSizeofClass_004525e3.cpp
0045266b	EXACT	CHitLocationsDef_GetSizeofClass_0045266b.cpp
0045266f	RELOC	CCoopSpiritDef_TransferCCoopSpiritDefUAEXAAVCPersistContextZ_0045266f.cpp
004526b3	RELOC	CContextSensitiveItemDef_TransferCContextSensitiveItemDefUAEXAAVCPersistC_004526b3.cpp
004526f7	RELOC	CEngineLightingManager_UpdateShadowScene_004526f7.cpp
0045290a	RELOC	CEngineLightingManager_UpdateShadowScene_0045290a.cpp
00452a60	RELOC	CEngineLightingManager_UpdateShadowScene_00452a60.cpp
00452b04	RELOC	CHairCardDef_Transfer_00452b04.cpp
00452b14	RELOC	CCombatAbilityAttackBase_TransferCCombatAbilityAttackBaseUAEXAAVCPersistC_00452b14.cpp
00452b4d	RELOC	CScrollingComponent_ChangeState_00452b4d.cpp
00452b93	RELOC	CCombatAbilityStrafeDef_TransferCCombatAbilityStrafeDefUAEXAAVCPersistCo_00452b93.cpp
00452bb4	RELOC	CCombatAbilityUseProjectileWeaponDef_TransferCCombatAbilityUseProjectileWeaponDefUAEX_00452bb4.cpp
00452c94	RELOC	CDragonActionNapalmDef_TransferCDragonActionNapalmDefUAEXAAVCPersistCon_00452c94.cpp
00452ccd	RELOC	CDragonActionHoverDef_Transfer_00452ccd.cpp
00452d4d	RELOC	CEngineLightingManager_UpdateShadowScene_00452d4d.cpp
00452df1	RELOC	CAbilityDef_Transfer_00452df1.cpp
004530bb	RELOC	CGuildMasterDef_TransferCGuildMasterDefUAEXAAVCPersistContextZ_004530bb.cpp
0045322c	RELOC	CActiveFile_OnReadFinished_0045322c.cpp
004532c3	RELOC	CActiveFile_OnReadFinished_004532c3.cpp
004532e6	RELOC	CActiveFile_OnReadFinished_004532e6.cpp
00453327	RELOC	CActiveFile_OnReadFinished_00453327.cpp
0045334a	RELOC	CActiveFile_OnReadFinished_0045334a.cpp
004533e3	RELOC	CActiveFile_OnReadFinished_004533e3.cpp
00453406	RELOC	CActiveFile_OnReadFinished_00453406.cpp
00453483	RELOC	CActiveFile_OnReadFinished_00453483.cpp
004534a6	DIFFER(30v25)	CDisplayManager_CopyBackBufferToTexture_004534a6.cpp
00453536	DIFFER(30v25)	CDisplayManager_CopyBackBufferToTexture_00453536.cpp
00453607	RELOC	CTCCarryable_OnKill_00453607.cpp
00453630	RELOC	CTCCarryable_OnKill_00453630.cpp
004536a9	EXACT	CThingMultiArrowShotDef_Copy_004536a9.cpp
00453705	EXACT	CInventoryItemDef_Copy_00453705.cpp
004537a0	EXACT	CPhysicsDef_Copy_004537a0.cpp
004537e4	EXACT	CTCNoiseDef_CopyCTCNoiseDefUAEXPBVCDefClassBaseZ_004537e4.cpp
004537e9	RELOC	CBalverineBattleDef_operator_004537e9.cpp
00453810	EXACT	CCarrySlotDef_Copy_00453810.cpp
00453842	RELOC	CSmashableDef_Copy_00453842.cpp
00453884	EXACT	CDegradableDef_GetSizeofClass_00453884.cpp
00453899	EXACT	CActionUseDef_Copy_00453899.cpp
004538e5	EXACT	CTargetingDef_GetSizeofClass_004538e5.cpp
004538eb	RELOC	CApprenticeSpeedTest_OnPersist_004538eb.cpp
0045390c	EXACT	CHeroMarriageDef_Copy_0045390c.cpp
00453aae	RELOC	CSpecialAbilitiesDrainLifeDataDef_Copy_00453aae.cpp
00453af9	RELOC	CLandscapeBackgroundPatch_vectordeletingdestructor_00453af9.cpp
00453b15	RELOC	CCompressedMemoryDataInputStream_CCompressedMemoryDataInputStream_00453b15.cpp
00453b48	EXACT	CCreatureStatsDef_Copy_00453b48.cpp
00453ba8	RELOC	CLandscapeBackgroundPatch_vectordeletingdestructor_00453ba8.cpp
00453bc4	RELOC	CTCInventoryItem_OnDie_00453bc4.cpp
00453be3	EXACT	CCoopSpiritDef_Copy_00453be3.cpp
00453c1b	EXACT	CContextSensitiveItemDef_Copy_00453c1b.cpp
00453c53	EXACT	CBonusItemDef_Copy_00453c53.cpp
00453ce5	EXACT	CHeroTitleDef_Copy_00453ce5.cpp
00453d41	EXACT	CTattooDef_Copy_00453d41.cpp
00453dc7	RELOC	CHairCardDef_Copy_00453dc7.cpp
00453e51	RELOC	CAIStateGroupHoverWanderAroundThing_CAIStateGroupHoverWanderAroundThing_00453e51.cpp
00453e80	EXACT	CCombatAbilityBlockUnarmedAttackDef_GetSizeofClass_00453e80.cpp
00453e9a	EXACT	CCombatAbilityBlockLightWeaponAttackDef_GetSizeofClass_00453e9a.cpp
00453eb4	EXACT	CCombatAbilityBlockHeavyWeaponAttackDef_GetSizeofClass_00453eb4.cpp
00453ece	EXACT	CCombatAbilityBlockProjectileWeaponAttackDef_GetSizeofClass_00453ece.cpp
00453ed2	RELOC	CCombatAbilityFlourishCounterAttackDef_Copy_00453ed2.cpp
00453ef1	RELOC	CCombatAbilityMeleeAttackData_operator_00453ef1.cpp
00453f18	EXACT	CCombatAbilityData_operator_00453f18.cpp
00453f3f	RELOC	CCombatAbilityGetHitCounterAttackDef_Copy_00453f3f.cpp
00453f5e	EXACT	CCombatAbilityStrafeDef_Copy_00453f5e.cpp
00453f8e	EXACT	CCombatAbilityUseProjectileWeaponDef_Copy_00453f8e.cpp
00453fc4	EXACT	CDragonActionSwoopDef_Copy_00453fc4.cpp
00454038	EXACT	CDragonActionNapalmDef_Copy_00454038.cpp
0045406a	RELOC	CDragonActionHoverDef_Copy_0045406a.cpp
00454083	EXACT	CAugmentationDef_Copy_00454083.cpp
004540d3	RELOC	CAbilityDef_Copy_004540d3.cpp
004540ec	EXACT	CJackDragonDef_Copy_004540ec.cpp
0045417e	EXACT	CBriarRoseDef_Copy_0045417e.cpp
004541da	EXACT	CSnowTrollDef_Copy_004541da.cpp
00454248	RELOC	CGuildMasterDef_Copy_00454248.cpp
00454267	EXACT	CSummonerDef_Copy_00454267.cpp
004542cf	EXACT	CExplosiveTrailDef_Copy_004542cf.cpp
004543af	RELOC	CActiveFile_OnReadFinished_004543af.cpp
004543c6	DIFFER(62v23)	CActiveFile_OnReadFinished_004543c6.cpp
0045442f	EXACT	CDegradableDef_Copy_0045442f.cpp
004545ca	DIFFER(36v14)	CActiveFile_OnReadFinished_004545ca.cpp
004545ee	RELOC	CLandscapeBackgroundPatch_vectordeletingdestructor_004545ee.cpp
0045460a	RELOC	CTCInventoryItem_OnDie_0045460a.cpp
00454643	EXACT	CSpecialEffectsDef_GetSizeofClass_00454643.cpp
00454647	RELOC	CLandscapeBackgroundPatch_vectordeletingdestructor_00454647.cpp
00454690	DIFFER(31v4)	CTextureReplacementDef_GetSizeofClass_00454690.cpp
0045470e	RELOC	CLandscapeBackgroundPatch_vectordeletingdestructor_0045470e.cpp
0045473a	EXACT	CVillagePeopleDef_Copy_0045473a.cpp
00454993	RELOC	CHitLocationsDef_Copy_00454993.cpp
004549b2	RELOC	CLandscapeBackgroundPatch_vectordeletingdestructor_004549b2.cpp
00454a00	DIFFER(50v28)	CLandscapeBackgroundPatch_vectordeletingdestructor_00454a00.cpp
00454a32	DIFFER(50v28)	CLandscapeBackgroundPatch_vectordeletingdestructor_00454a32.cpp
00454a64	DIFFER(50v28)	CLandscapeBackgroundPatch_vectordeletingdestructor_00454a64.cpp
00454a96	RELOC	CLandscapeBackgroundPatch_vectordeletingdestructor_00454a96.cpp
00454ab2	RELOC	CCombatAbilityBlockCounterAttackDef_Copy_00454ab2.cpp
00454ad1	DIFFER(30v25)	CDisplayManager_CopyBackBufferToTexture_00454ad1.cpp
00454b4c	RELOC	DestvalstdallocatorstdpairlongCMusicManagerCRegisteredMusicEntrystdpairlongCMusi_CRegisteredMusicEntry_00454b4c.cpp
00454b88	EXACT	CThingBuildingDef_GetSizeofClass_00454b88.cpp
00454cfa	RELOC	CEngineLightingManager_UpdateShadowScene_00454cfa.cpp
00454dc5	EXACT	CThingHolySiteDef_GetSizeofClass_00454dc5.cpp
00454dcb	RELOC	CThingHolySiteDef_Transfer_00454dcb.cpp
00454e1b	EXACT	CThingMarkerDef_GetSizeofClass_00454e1b.cpp
00454e21	RELOC	CThingMarkerDef_Transfer_00454e21.cpp
00454e5b	RELOC	CEngineLightingManager_UpdateShadowScene_00454e5b.cpp
00454f11	EXACT	CThingSwitchDef_GetSizeofClass_00454f11.cpp
00454f15	RELOC	CThingSwitchDef_Transfer_00454f15.cpp
00454f59	EXACT	CThingVillageDef_GetSizeofClass_00454f59.cpp
00454f5f	RELOC	CThingVillageDef_Transfer_00454f5f.cpp
00454fbd	EXACT	CThingPhysicalSwitchDef_GetSizeofClass_00454fbd.cpp
00454fc3	RELOC	CThingPhysicalSwitchDef_Transfer_00454fc3.cpp
004554a4	EXACT	CInventoryDef_GetSizeofClass_004554a4.cpp
004554aa	RELOC	CLandscapeBackgroundPatch_vectordeletingdestructor_004554aa.cpp
00455584	EXACT	CInventoryCategoryDef_GetSizeofClass_00455584.cpp
004555f8	RELOC	CEngineLightingManager_UpdateShadowScene_004555f8.cpp
0045569c	RELOC	CLandscapeBackgroundPatch_vectordeletingdestructor_0045569c.cpp
004556ca	EXACT	CMessageEventDef_GetSizeofClass_004556ca.cpp
004556ce	RELOC	CMessageEventDef_TransferCMessageEventDefUAEXAAVCPersistContextZ_004556ce.cpp
00455712	RELOC	CEngineLightingManager_UpdateShadowScene_00455712.cpp
004557b6	RELOC	CEngineLightingManager_UpdateShadowScene_004557b6.cpp
0045585a	RELOC	CLandscapeBackgroundPatch_vectordeletingdestructor_0045585a.cpp
00455893	EXACT	CSkyDef_GetSizeofClass_00455893.cpp
00455899	RELOC	CEngineSubPrimitiveText_scalardeletingdestructor_00455899.cpp
004558d9	EXACT	CEnvironmentDef_GetSizeofClass_004558d9.cpp
00455c1d	RELOC	CEngineSubPrimitiveText_scalardeletingdestructor_00455c1d.cpp
00455c60	EXACT	CEnvironmentThemeDaySetDef_GetSizeofClass_00455c60.cpp
00455c64	RELOC	CEngineSubPrimitiveText_scalardeletingdestructor_00455c64.cpp
00455ca7	EXACT	CEngineLocalDetailGeneratorDef_GetSizeofClass_00455ca7.cpp
00455cab	RELOC	CEngineSubPrimitiveText_scalardeletingdestructor_00455cab.cpp
00455d22	EXACT	CMaterialDef_GetSizeofClass_00455d22.cpp
00455d28	RELOC	CLandscapeBackgroundPatch_vectordeletingdestructor_00455d28.cpp
00455d44	RELOC	CPatchTesselationEdgeStrip_CPatchTesselationEdgeStrip_00455d44.cpp
00455ddd	EXACT	CCombatTypeDef_GetSizeofClass_00455ddd.cpp
00455de3	RELOC	CLandscapeBackgroundPatch_vectordeletingdestructor_00455de3.cpp
00455dff	RELOC	CTCAssassinRush_FinishMove_00455dff.cpp
00455e59	RELOC	CTCInventoryItem_OnDie_00455e59.cpp
00455e8c	EXACT	CSimVoicesDef_GetSizeofClass_00455e8c.cpp
00455e90	RELOC	CLandscapeBackgroundPatch_vectordeletingdestructor_00455e90.cpp
00455ec6	EXACT	CSoundThemeDef_GetSizeofClass_00455ec6.cpp
00455eca	RELOC	CEngineSubPrimitiveText_scalardeletingdestructor_00455eca.cpp
00455f14	EXACT	CThingNoiseDef_GetSizeofClass_00455f14.cpp
00455f1a	RELOC	CThingNoiseDef_Transfer_00455f1a.cpp
00455ff0	EXACT	CCreatureGenerationFamilyDef_GetSizeofClass_00455ff0.cpp
00455ff4	RELOC	CLandscapeBackgroundPatch_vectordeletingdestructor_00455ff4.cpp
00456087	EXACT	CHeroAbilityDef_GetSizeofClass_00456087.cpp
0045608d	RELOC	CLandscapeBackgroundPatch_vectordeletingdestructor_0045608d.cpp
004560a9	RELOC	CPatchTesselationEdgeStrip_CPatchTesselationEdgeStrip_004560a9.cpp
0045617c	EXACT	CHeroStatsDef_GetSizeofClass_0045617c.cpp
00456182	RELOC	CLandscapeBackgroundPatch_vectordeletingdestructor_00456182.cpp
00456244	RELOC	CTextureReplacementDef_Copy_00456244.cpp
004563ad	RELOC	CLandscapeBackgroundPatch_vectordeletingdestructor_004563ad.cpp
004563c9	DIFFER(53v31)	CTCInventoryItem_OnDie_004563c9.cpp
004563fe	RELOC	CLandscapeBackgroundPatch_vectordeletingdestructor_004563fe.cpp
0045645d	RELOC	CSystemRegistry_CSystemRegistry_0045645d.cpp
004564b1	EXACT	CEntitySoundDef_GetSizeofClass_004564b1.cpp
004564e5	EXACT	CRegionDef_GetSizeofClass_004564e5.cpp
00456511	EXACT	CFactionDef_GetSizeofClass_00456511.cpp
00456515	RELOC	CLandscapeBackgroundPatch_vectordeletingdestructor_00456515.cpp
00456531	RELOC	DestvalstdallocatorstdpairCCharStringCSymbolMapCSymbolInfostdpairCCharStringCSym_CSymbolInfo_00456531.cpp
0045655e	EXACT	CCameraModeDef_GetSizeofClass_0045655e.cpp
00456779	RELOC	CLandscapeBackgroundPatch_vectordeletingdestructor_00456779.cpp
004567bb	EXACT	CCameraManagerDef_GetSizeofClass_004567bb.cpp
004567bf	RELOC	CLandscapeBackgroundPatch_vectordeletingdestructor_004567bf.cpp
004567db	RELOC	CPatchTesselationEdgeStrip_CPatchTesselationEdgeStrip_004567db.cpp
00456814	EXACT	CCameraManagerSetDef_GetSizeofClass_00456814.cpp
00456818	RELOC	CCameraManagerSetDef_TransferCCameraManagerSetDefUAEXAAVCPersistConte_00456818.cpp
00456851	RELOC	CLandscapeBackgroundPatch_vectordeletingdestructor_00456851.cpp
0045687f	EXACT	CHeroPostcardGeneratorDef_GetSizeofClass_0045687f.cpp
00456883	RELOC	CHeroPostcardGeneratorDef_TransferCHeroPostcardGeneratorDefUAEXAAVCPersist_00456883.cpp
004568bc	RELOC	CEngineLightingManager_UpdateShadowScene_004568bc.cpp
00456903	RELOC	CEngineLightingManager_UpdateShadowScene_00456903.cpp
00456948	RELOC	CLandscapeBackgroundPatch_vectordeletingdestructor_00456948.cpp
004569a1	EXACT	CExpressionDef_GetSizeofClass_004569a1.cpp
00456ad9	RELOC	CEngineLightingManager_UpdateShadowScene_00456ad9.cpp
00456b7d	RELOC	CEngineLightingManager_UpdateShadowScene_00456b7d.cpp
00456c21	RELOC	CEngineLightingManager_UpdateShadowScene_00456c21.cpp
00456cc5	RELOC	CLandscapeBackgroundPatch_vectordeletingdestructor_00456cc5.cpp
00456cfb	EXACT	COpinionReactionMaskDef_GetSizeofClass_00456cfb.cpp
00456cff	RELOC	CEngineSubPrimitiveText_scalardeletingdestructor_00456cff.cpp
00456d3f	EXACT	COpinionDeedMaskDef_GetSizeofClass_00456d3f.cpp
00456d43	RELOC	CEngineSubPrimitiveText_scalardeletingdestructor_00456d43.cpp
00456d9e	EXACT	COpinionDeedEffectsDef_GetSizeofClass_00456d9e.cpp
00456da4	RELOC	CLandscapeBackgroundPatch_vectordeletingdestructor_00456da4.cpp
00456dc0	RELOC	Destvalstd_allocatorCMacroCMacro_00456dc0.cpp
00456df5	EXACT	CCombatDialogueDef_GetSizeofClass_00456df5.cpp
00456eed	RELOC	CLandscapeBackgroundPatch_vectordeletingdestructor_00456eed.cpp
00456f23	EXACT	CVillagerInteractionsDef_GetSizeofClass_00456f23.cpp
00456f27	RELOC	CVillagerInteractionsDef_TransferCVillagerInteractionsDefUAEXAAVCPersistC_00456f27.cpp
00456f55	RELOC	CLandscapeBackgroundPatch_vectordeletingdestructor_00456f55.cpp
00456fb8	EXACT	COpinionPersonalityDef_GetSizeofClass_00456fb8.cpp
00456fbc	RELOC	CLandscapeBackgroundPatch_vectordeletingdestructor_00456fbc.cpp
00456fd8	RELOC	COpinionPersonalityDef_COpinionPersonalityDef_00456fd8.cpp
00457028	EXACT	COpinionSourceDef_GetSizeofClass_00457028.cpp
0045702e	RELOC	CLandscapeBackgroundPatch_vectordeletingdestructor_0045702e.cpp
0045704a	RELOC	CTCInventoryItem_OnDie_0045704a.cpp
00457095	EXACT	CSpecialAbilitiesAssassinRushDef_GetSizeofClass_00457095.cpp
0045709b	RELOC	CLandscapeBackgroundPatch_vectordeletingdestructor_0045709b.cpp
004570b7	RELOC	CTCInventoryItem_OnDie_004570b7.cpp
00457110	EXACT	CSpecialAbilitiesBattleChargeDef_GetSizeofClass_00457110.cpp
00457116	RELOC	CLandscapeBackgroundPatch_vectordeletingdestructor_00457116.cpp
00457132	RELOC	CPatchTesselationEdgeStrip_CPatchTesselationEdgeStrip_00457132.cpp
004571e8	EXACT	CSpecialAbilitiesMultiStrikeDef_GetSizeofClass_004571e8.cpp
004571ee	RELOC	CLandscapeBackgroundPatch_vectordeletingdestructor_004571ee.cpp
0045720a	RELOC	CPatchTesselationEdgeStrip_CPatchTesselationEdgeStrip_0045720a.cpp
00457285	EXACT	CSpecialAbilitiesMultiArrowDef_GetSizeofClass_00457285.cpp
0045728b	RELOC	CLandscapeBackgroundPatch_vectordeletingdestructor_0045728b.cpp
004572a7	RELOC	CPatchTesselationEdgeStrip_CPatchTesselationEdgeStrip_004572a7.cpp
004573db	EXACT	CSpecialAbilitiesBerserkDef_GetSizeofClass_004573db.cpp
004573e1	RELOC	CLandscapeBackgroundPatch_vectordeletingdestructor_004573e1.cpp
004575da	EXACT	CSpecialAbilitiesBulletTimeDef_GetSizeofClass_004575da.cpp
004575e0	RELOC	CLandscapeBackgroundPatch_vectordeletingdestructor_004575e0.cpp
004576b9	EXACT	CSpecialAbilitiesForcePushDef_GetSizeofClass_004576b9.cpp
004576bf	RELOC	CLandscapeBackgroundPatch_vectordeletingdestructor_004576bf.cpp
004576db	RELOC	CPatchTesselationEdgeStrip_CPatchTesselationEdgeStrip_004576db.cpp
00457738	EXACT	CSpecialAbilitiesEnflameDef_GetSizeofClass_00457738.cpp
0045773e	RELOC	CLandscapeBackgroundPatch_vectordeletingdestructor_0045773e.cpp
0045775a	RELOC	CTCInventoryItem_OnDie_0045775a.cpp
00457829	EXACT	CSpecialAbilitiesPhysicalShieldDef_GetSizeofClass_00457829.cpp
0045782f	RELOC	CLandscapeBackgroundPatch_vectordeletingdestructor_0045782f.cpp
00457916	EXACT	CSpecialAbilitiesDrainLifeDef_GetSizeofClass_00457916.cpp
0045791a	RELOC	CLandscapeBackgroundPatch_vectordeletingdestructor_0045791a.cpp
00457936	RELOC	CPatchTesselationEdgeStrip_CPatchTesselationEdgeStrip_00457936.cpp
004579a2	EXACT	CSpecialAbilitiesHealLifeDef_GetSizeofClass_004579a2.cpp
004579a6	RELOC	CLandscapeBackgroundPatch_vectordeletingdestructor_004579a6.cpp
004579c2	RELOC	CPatchTesselationEdgeStrip_CPatchTesselationEdgeStrip_004579c2.cpp
00457a09	EXACT	CSpecialAbilitiesGhostSwordDef_GetSizeofClass_00457a09.cpp
00457a67	RELOC	CLandscapeBackgroundPatch_vectordeletingdestructor_00457a67.cpp
00457ac4	EXACT	CSpecialAbilitiesTurncoatSpellDef_GetSizeofClass_00457ac4.cpp
00457ac8	RELOC	CLandscapeBackgroundPatch_vectordeletingdestructor_00457ac8.cpp
00457ae4	RELOC	global_CPatchTesselationEdgeStrip_00457ae4.cpp
00457b52	EXACT	CSpecialAbilitiesFireballSpellDef_GetSizeofClass_00457b52.cpp
00457b56	RELOC	CLandscapeBackgroundPatch_vectordeletingdestructor_00457b56.cpp
00457b72	RELOC	CTCInventoryItem_OnDie_00457b72.cpp
00457c7e	EXACT	CSpecialAbilitiesLightningSpellDef_GetSizeofClass_00457c7e.cpp
00457c84	RELOC	CLandscapeBackgroundPatch_vectordeletingdestructor_00457c84.cpp
00457de3	EXACT	CSpecialAbilitiesSummonSpellDef_GetSizeofClass_00457de3.cpp
00457de7	RELOC	CLandscapeBackgroundPatch_vectordeletingdestructor_00457de7.cpp
00457e03	RELOC	CPatchTesselationEdgeStrip_CPatchTesselationEdgeStrip_00457e03.cpp
00457e57	EXACT	CSpecialAbilitiesBurntEffectDef_GetSizeofClass_00457e57.cpp
00457e5b	RELOC	CLandscapeBackgroundPatch_vectordeletingdestructor_00457e5b.cpp
00457e77	RELOC	CTCInventoryItem_OnDie_00457e77.cpp
00457eb6	EXACT	CSpecialAbilitiesElectrocutedEffectDef_GetSizeofClass_00457eb6.cpp
00457eba	RELOC	CLandscapeBackgroundPatch_vectordeletingdestructor_00457eba.cpp
00457ed6	RELOC	CPatchTesselationEdgeStrip_CPatchTesselationEdgeStrip_00457ed6.cpp
00457f0f	EXACT	CSpecialAbilitiesDrunkennessDef_GetSizeofClass_00457f0f.cpp
00457f57	RELOC	CLandscapeBackgroundPatch_vectordeletingdestructor_00457f57.cpp
00457f8d	EXACT	CSpecialAbilitiesThunderLightningStormDef_GetSizeofClass_00457f8d.cpp
00458017	RELOC	CLandscapeBackgroundPatch_vectordeletingdestructor_00458017.cpp
004580ef	EXACT	CSpecialAbilitiesDivineWrathDef_GetSizeofClass_004580ef.cpp
004580f5	RELOC	CLandscapeBackgroundPatch_vectordeletingdestructor_004580f5.cpp
004582b4	EXACT	CSpecialAbilitiesUnholyPowerDef_GetSizeofClass_004582b4.cpp
004582ba	RELOC	CLandscapeBackgroundPatch_vectordeletingdestructor_004582ba.cpp
004583da	EXACT	CSpecialAbilitiesCreatureTintDef_GetSizeofClass_004583da.cpp
004583de	RELOC	CLandscapeBackgroundPatch_vectordeletingdestructor_004583de.cpp
00458454	EXACT	CSoundDef_GetSizeofClass_00458454.cpp
0045845a	RELOC	global_vectordeletingdestructor_0045845a.cpp
00458476	RELOC	global_CPatchTesselationEdgeStrip_00458476.cpp
004584e4	EXACT	CAttackPatternDef_GetSizeofClass_004584e4.cpp
004584e8	RELOC	global_vectordeletingdestructor_004584e8.cpp
0045853a	EXACT	CObjectFamilyDef_GetSizeofClass_0045853a.cpp
0045853e	RELOC	CLandscapeBackgroundPatch_vectordeletingdestructor_0045853e.cpp
0045855a	RELOC	global_OnDie_0045855a.cpp
0045859d	EXACT	CArmourDef_GetSizeofClass_0045859d.cpp
004585a1	RELOC	CLandscapeBackgroundPatch_vectordeletingdestructor_004585a1.cpp
004585fa	EXACT	CHitLocationDef_GetSizeofClass_004585fa.cpp
0045887f	RELOC	CEngineSubPrimitiveText_scalardeletingdestructor_0045887f.cpp
004588c2	EXACT	CCombatSequenceDef_GetSizeofClass_004588c2.cpp
004588c6	RELOC	global_vectordeletingdestructor_004588c6.cpp
004588e2	RELOC	global_OnDie_004588e2.cpp
0045890d	EXACT	CLightningDef_GetSizeofClass_0045890d.cpp
00458a2d	EXACT	CGlobalDef_GetSizeofClass_00458a2d.cpp
00458a33	RELOC	CLandscapeBackgroundPatch_vectordeletingdestructor_00458a33.cpp
00458a4f	RELOC	global_CGlobalDef_00458a4f.cpp
00458b7b	EXACT	CHeroCombatDef_GetSizeofClass_00458b7b.cpp
00458b81	RELOC	CLandscapeBackgroundPatch_vectordeletingdestructor_00458b81.cpp
00458c46	EXACT	CMeleeCombatAbilityDef_GetSizeofClass_00458c46.cpp
00458c4a	RELOC	CLandscapeBackgroundPatch_vectordeletingdestructor_00458c4a.cpp
00458c66	RELOC	global_FinishMove_00458c66.cpp
00458c99	EXACT	CMeleeCombatKnockdownEffects_GetSizeofClass_00458c99.cpp
00458d23	RELOC	CLandscapeBackgroundPatch_vectordeletingdestructor_00458d23.cpp
00458d69	EXACT	CThingShotDef_GetSizeofClass_00458d69.cpp
004590e6	RELOC	CLandscapeBackgroundPatch_vectordeletingdestructor_004590e6.cpp
00459129	EXACT	CThingObjectDef_GetSizeofClass_00459129.cpp
00459321	RELOC	CAssoc_scalardeletingdestructor_00459321.cpp
0045934f	EXACT	CCreatureAbilityDef_GetSizeofClass_0045934f.cpp
00459471	RELOC	CAssoc_scalardeletingdestructor_00459471.cpp
0045948d	NO_ORACLE	global_sub0045948d_0045948d.cpp
0045951b	RELOC	CAssoc_scalardeletingdestructor_0045951b.cpp
00459549	EXACT	CThingGroupDef_GetSizeofClass_00459549.cpp
0045954d	EXACT	CThingGroupDef_Transfer_0045954d.cpp
00459550	RELOC	CLandscapeBackgroundPatch_vectordeletingdestructor_00459550.cpp
0045957e	EXACT	CPlayerDef_GetSizeofClass_0045957e.cpp
004595e3	RELOC	CLandscapeBackgroundPatch_vectordeletingdestructor_004595e3.cpp
00459611	EXACT	CPlayerMovementDef_GetSizeofClass_00459611.cpp
004596d2	RELOC	CLandscapeBackgroundPatch_vectordeletingdestructor_004596d2.cpp
00459700	EXACT	CSimBuildingDef_GetSizeofClass_00459700.cpp
00459732	RELOC	CLandscapeBackgroundPatch_vectordeletingdestructor_00459732.cpp
00459760	EXACT	CEngineThemeGroupDef_GetSizeofClass_00459760.cpp
00459764	EXACT	CEngineThemeGroupDef_Transfer_00459764.cpp
00459767	RELOC	CLandscapeBackgroundPatch_vectordeletingdestructor_00459767.cpp
00459795	EXACT	CEngineThemeDef_GetSizeofClass_00459795.cpp
00459a53	RELOC	CLandscapeBackgroundPatch_vectordeletingdestructor_00459a53.cpp
00459a9e	EXACT	CBrainDef_GetSizeofClass_00459a9e.cpp
00459aa2	RELOC	global_vectordeletingdestructor_00459aa2.cpp
00459b53	EXACT	CPlayerInventoryDef_GetSizeofClass_00459b53.cpp
00459b57	RELOC	CLandscapeBackgroundPatch_vectordeletingdestructor_00459b57.cpp
00459e24	EXACT	CPlayerGuiDef_GetSizeofClass_00459e24.cpp
00459e2a	RELOC	CLandscapeBackgroundPatch_vectordeletingdestructor_00459e2a.cpp
0045a117	RELOC	CLandscapeBackgroundPatch_vectordeletingdestructor_0045a117.cpp
0045bbb7	RELOC	global_OnReadFinished_0045bbb7.cpp
0045bce4	RELOC	global_OnReadFinished_0045bce4.cpp
0045c523	RELOC	CEngineSubPrimitiveText_scalardeletingdestructor_0045c523.cpp
0045c549	EXACT	global_Copy_0045c549.cpp
0045c5da	RELOC	CLandscapeBackgroundPatch_vectordeletingdestructor_0045c5da.cpp
0045c75b	RELOC	global_OnReadFinished_0045c75b.cpp
0045cdf0	NO_ORACLE	global_sub0045cdf0_0045cdf0.cpp
0045ce06	RELOC	CLandscapeBackgroundPatch_vectordeletingdestructor_0045ce06.cpp
0045d2d1	RELOC	CEngineSubPrimitiveText_scalardeletingdestructor_0045d2d1.cpp
0045d2f7	EXACT	global_Copy_0045d2f7.cpp
0045d500	EXACT	global_Copy_0045d500.cpp
0045dd00	EXACT	global_Copy_0045dd00.cpp
0045e182	EXACT	global_Copy_0045e182.cpp
0045e555	EXACT	global_Copy_0045e555.cpp
0045e65b	EXACT	global_Copy_0045e65b.cpp
0045f630	EXACT	global_Copy_0045f630.cpp
0045f711	EXACT	global_CopyCSpecialAbilitiesMultiStrikeDefUAEXPBVCDefCl_0045f711.cpp
0045f7c2	EXACT	global_CopyCSpecialAbilitiesMultiArrowDefUAEXPBVCDefCla_0045f7c2.cpp
0045f84f	EXACT	global_Copy_0045f84f.cpp
0045fabc	EXACT	global_CopyCSpecialAbilitiesBulletTimeDefUAEXPBVCDefCla_0045fabc.cpp
0045fd4e	EXACT	global_Copy_0045fd4e.cpp
0045fe26	EXACT	global_Copy_0045fe26.cpp
0045fede	EXACT	global_CopyCSpecialAbilitiesPhysicalShieldDefUAEXPBVCDe_0045fede.cpp
004600c6	EXACT	global_Copy_004600c6.cpp
0046012c	EXACT	global_Copy_0046012c.cpp
00460180	EXACT	global_Copy_00460180.cpp
004601e5	EXACT	global_Copy_004601e5.cpp
00460251	EXACT	global_Copy_00460251.cpp
00460452	EXACT	global_Copy_00460452.cpp
004604ca	EXACT	global_Copy_004604ca.cpp
00460518	EXACT	global_Copy_00460518.cpp
00460584	EXACT	global_Copy_00460584.cpp
004605e0	EXACT	global_Copy_004605e0.cpp
004608c1	EXACT	global_Copy_004608c1.cpp
00460a14	EXACT	global_Copy_00460a14.cpp
00460a5c	EXACT	global_Copy_00460a5c.cpp
00460c33	RELOC	global_OnReadFinished_00460c33.cpp
00460d67	RELOC	global_OnReadFinished_00460d67.cpp
00460ea7	RELOC	global_OnReadFinished_00460ea7.cpp
00461009	RELOC	global_OnReadFinished_00461009.cpp
0046131b	RELOC	global_OnReadFinished_0046131b.cpp
0046133f	EXACT	global_Copy_0046133f.cpp
00461b82	NO_ORACLE	global_sub00461b82_00461b82.cpp
00461d4b	EXACT	global_Copy_00461d4b.cpp
00461eaf	RELOC	global_OnReadFinished_00461eaf.cpp
00461ed3	EXACT	global_Copy_00461ed3.cpp
00461f77	EXACT	global_Copy_00461f77.cpp
0046244c	EXACT	global_Copy_0046244c.cpp
00462595	RELOC	global_OnReadFinished_00462595.cpp
004625f8	EXACT	global_Copy_004625f8.cpp
004628cb	EXACT	global_Copy_004628cb.cpp
004629f6	EXACT	global_Copy_004629f6.cpp
00462b10	EXACT	global_Copy_00462b10.cpp
00462ca2	RELOC	global_OnReadFinished_00462ca2.cpp
00462e28	EXACT	global_Copy_00462e28.cpp
00462f42	RELOC	global_OnReadFinished_00462f42.cpp
00462f50	RELOC	global_AllocateTypechar_00462f50.cpp
0046324a	RELOC	global_OnReadFinished_0046324a.cpp
00463b9d	EXACT	global_Copy_00463b9d.cpp
004642f5	EXACT	global_Copy_004642f5.cpp
00464531	EXACT	global_Copy_00464531.cpp
00465eae	EXACT	global_Copy_00465eae.cpp
0046638b	RELOC	global_OnReadFinished_0046638b.cpp
0046642a	RELOC	global_vectordeletingdestructor_0046642a.cpp
004664ff	RELOC	global_vectordeletingdestructor_004664ff.cpp
00468ee2	RELOC	global_GFSerialiseVectorBinaryOutC2DVector_00468ee2.cpp
0046a174	EXACT	CAppearanceDef_GetSizeofClass_0046a174.cpp
0046c2d2	RELOC	global_GFSerialiseVectorBinaryOutCAtmosBankEntry_0046c2d2.cpp
0046ce28	EXACT	global_Copy_0046ce28.cpp
0046ee0a	RELOC	global_OnReadFinished_0046ee0a.cpp
0046ee66	EXACT	CQuickAccessItemButtonGuiDef_GetSizeofClass_0046ee66.cpp
0046ef6b	RELOC	global_vectordeletingdestructor_0046ef6b.cpp
0046f191	RELOC	global_OnReadFinished_0046f191.cpp
0046f1ff	EXACT	CAbilityButtonGuiDef_GetSizeofClass_0046f1ff.cpp
0046f483	RELOC	global_vectordeletingdestructor_0046f483.cpp
0046f49f	RELOC	global_CopyCAbilityButtonGuiDefUAEXPBVCDefClassBaseZ_0046f49f.cpp
0046f4eb	EXACT	global_Copy_0046f4eb.cpp
0046f68c	RELOC	global_OnReadFinished_0046f68c.cpp
0046f723	EXACT	CLensFlareElementDef_GetSizeofClass_0046f723.cpp
0046f760	RELOC	global_vectordeletingdestructor_0046f760.cpp
0046f77c	RELOC	global_CopyCLensFlareElementDefUAEXPBVCDefClassBaseZ_0046f77c.cpp
0046fedb	RELOC	global_OnReadFinished_0046fedb.cpp
00470cd8	RELOC	global_TransferToGui_00470cd8.cpp
004711f5	RELOC	global_makeheapCThingCThingCompareBestForTargeting2_004711f5.cpp
004717c2	EXACT	global_Copy_004717c2.cpp
00471a4f	RELOC	CActiveFile_OnReadFinished_00471a4f.cpp
00471a72	EXACT	global_Copy_00471a72.cpp
00471df4	RELOC	global_OnReadFinished_00471df4.cpp
00471f52	RELOC	global_OnReadFinished_00471f52.cpp
00471f93	EXACT	COpinionDeedReactionDef_GetSizeofClass_00471f93.cpp
0047200d	RELOC	global_scalardeletingdestructor_0047200d.cpp
00472038	RELOC	global_OnReadFinished_00472038.cpp
00473023	RELOC	CActiveFile_OnReadFinished_00473023.cpp
004732da	EXACT	CEnvironmentThemeDef_GetSizeofClass_004732da.cpp
00473496	RELOC	CLandscapeBackgroundPatch_vectordeletingdestructor_00473496.cpp
004773ce	RELOC	CActiveFile_OnReadFinished_004773ce.cpp
00477424	EXACT	CEngineLocalDetailLayerDef_GetSizeofClass_00477424.cpp
00477460	RELOC	CLandscapeBackgroundPatch_vectordeletingdestructor_00477460.cpp
00477698	EXACT	CEngineLocalDetailObjectDef_GetSizeofClass_00477698.cpp
00477943	RELOC	CLandscapeBackgroundPatch_vectordeletingdestructor_00477943.cpp
00478469	RELOC	CActiveFile_OnReadFinished_00478469.cpp
004784e0	EXACT	CAppearanceModifierScalingDef_GetSizeofClass_004784e0.cpp
00478512	RELOC	CLandscapeBackgroundPatch_vectordeletingdestructor_00478512.cpp
004786ac	RELOC	CActiveFile_OnReadFinished_004786ac.cpp
00478702	EXACT	CAbilityTrackDef_GetSizeofClass_00478702.cpp
00478706	RELOC	CLandscapeBackgroundPatch_vectordeletingdestructor_00478706.cpp
00478823	EXACT	CAbilityTrackLevelDef_GetSizeofClass_00478823.cpp
00478855	RELOC	CLandscapeBackgroundPatch_vectordeletingdestructor_00478855.cpp
0047b330	RELOC	CThingSwitch_vectordeletingdestructor_0047b330.cpp
00484ff9	EXACT	DestvalstdallocatorCIVCountedPointerN3DPrimitiveCTriangleListCIVCountedPointerN3_CTriangleList_00484ff9.cpp
00485033	EXACT	DestvalstdallocatorCIVCountedPointerN3DPrimitiveCTriangleListCIVCountedPointerN3_CTriangleList_00485033.cpp
004854af	EXACT	DestvalstdallocatorCIVCountedPointerN3DPrimitiveCTriangleListCIVCountedPointerN3_CTriangleList_004854af.cpp
004854c7	EXACT	DestvalstdallocatorCIVCountedPointerN3DPrimitiveCTriangleListCIVCountedPointerN3_CTriangleList_004854c7.cpp
0048550c	EXACT	DestvalstdallocatorCIVCountedPointerN3DPrimitiveCTriangleListCIVCountedPointerN3_CTriangleList_0048550c.cpp
00485657	EXACT	CEngineInternalPrimitiveMeshBase_GetMeshEffect_00485657.cpp
00485686	EXACT	CEngineInternalPrimitiveMeshBase_GetMeshEffect_00485686.cpp
00485aef	RELOC	CTCCarryable_OnKill_00485aef.cpp
004861c3	RELOC	CLandscapeBackgroundPatch_vectordeletingdestructor_004861c3.cpp
00486360	EXACT	CAInputProcess_Init_00486360.cpp
00486370	EXACT	CAInputProcess_Cleanup_00486370.cpp
00486380	EXACT	CAInputProcess_PreparePrimitivesForEngine_00486380.cpp
00486390	EXACT	CAInputProcess_Update_00486390.cpp
00487510	EXACT	global_DrawGetEnvironment_00487510.cpp
0048ad60	EXACT	DestvalstdallocatorCIVCountedPointerN3DPrimitiveCTriangleListCIVCountedPointerN3_CTriangleList_0048ad60.cpp
0048b3a0	EXACT	CInputProcessConsole_ProcessWhilePaused_0048b3a0.cpp
0048b8d0	RELOC	CEngineSubPrimitiveText_scalardeletingdestructor_0048b8d0.cpp
0048c5a0	EXACT	DestvalstdallocatorCIVCountedPointerN3DPrimitiveCTriangleListCIVCountedPointerN3_CTriangleList_0048c5a0.cpp
004940e3	RELOC	CActiveFile_OnReadFinished_004940e3.cpp
00494350	EXACT	CFrontendGameComponent_OnPreDeviceReset_00494350.cpp
00494360	EXACT	CFrontendGameComponent_OnPostDeviceReset_00494360.cpp
00497850	EXACT	CAProgressDisplay_InitialiseTextures_00497850.cpp
00497b30	RELOC	CProgressDisplay_GetPTextBank_00497b30.cpp
00497f80	RELOC	CProgressDisplay_FormatTextForVWindow_00497f80.cpp
00499a70	RELOC	CProgressDisplay_SetToDisplayText_00499a70.cpp
00499ce0	RELOC	CProgressDisplay_Constructor_00499ce0.cpp
0049b460	EXACT	CProgressDisplay_IsActive_0049b460.cpp
0049b990	EXACT	global_DrawGetSeaLevel_0049b990.cpp
0049bb40	EXACT	global_DrawGetEnvironment_0049bb40.cpp
0049bb50	EXACT	CTCInventoryBase_GetCanItemBeQuickAssigned_0049bb50.cpp
0049c780	EXACT	CThingSearchTools_PeekTypeList_0049c780.cpp
004a7f20	EXACT	DestvalstdallocatorCIVCountedPointerN3DPrimitiveCTriangleListCIVCountedPointerN3_CTriangleList_004a7f20.cpp
004a7f40	EXACT	DestvalstdallocatorCIVCountedPointerN3DPrimitiveCTriangleListCIVCountedPointerN3_CTriangleList_004a7f40.cpp
004a7f60	EXACT	DestvalstdallocatorCIVCountedPointerN3DPrimitiveCTriangleListCIVCountedPointerN3_CTriangleList_004a7f60.cpp
004a7fc0	EXACT	DestvalstdallocatorCIVCountedPointerN3DPrimitiveCTriangleListCIVCountedPointerN3_CTriangleList_004a7fc0.cpp
004a8020	EXACT	DestvalstdallocatorCIVCountedPointerN3DPrimitiveCTriangleListCIVCountedPointerN3_CTriangleList_004a8020.cpp
004a97f0	EXACT	DestvalstdallocatorCIVCountedPointerN3DPrimitiveCTriangleListCIVCountedPointerN3_CTriangleList_004a97f0.cpp
004a9ef0	RELOC	CThingSearchTools_GetPFirstLeafThingCFilterBind2CThing_004a9ef0.cpp
004aa690	RELOC	CEngineSubPrimitiveText_scalardeletingdestructor_004aa690.cpp
004aa890	EXACT	CScriptThing_IsDead_004aa890.cpp
004aa8a0	EXACT	CScriptThing_IsEqualTo_004aa8a0.cpp
004aa9e0	RELOC	CScriptThing_GetCurrentMapName_004aa9e0.cpp
004aaa10	RELOC	CScriptThing_GetHomeMapName_004aaa10.cpp
004aacc0	EXACT	CScriptThing_MsgPerformedAnySpecialAbility_004aacc0.cpp
004aace0	EXACT	CScriptThing_MsgPerformedAnyAggressiveSpecialAbil_004aace0.cpp
004aad00	EXACT	CScriptThing_MsgPerformedAnyNonAggressiveSpecialA_004aad00.cpp
004aada0	EXACT	CScriptThing_MsgOpenedChest_004aada0.cpp
004aaf80	EXACT	CScriptThing_MsgIsKicked_004aaf80.cpp
004ab040	EXACT	CScriptThing_SetAsUsable_004ab040.cpp
004abe60	RELOC	CScriptThing_MsgWhoKilledMe_004abe60.cpp
004aea70	RELOC	CNetworkClient_IsFreeToRender_004aea70.cpp
004aeba0	RELOC	CNetworkClient_GetGameEventPackageSet_004aeba0.cpp
004af280	EXACT	CThingFilterIsUnconscious_operator_004af280.cpp
004af290	RELOC	CQuestManager_IsBetweenQuestStartAndFinishScreens_004af290.cpp
004b0540	RELOC	CQuestManager_GetActiveExclusiveQuestName_004b0540.cpp
004b6b30	EXACT	DestvalstdallocatorCIVCountedPointerN3DPrimitiveCTriangleListCIVCountedPointerN3_CTriangleList_004b6b30.cpp
004b7600	RELOC	CEngineSubPrimitiveText_scalardeletingdestructor_004b7600.cpp
004bc180	RELOC	CTCGraphicAppearance_GetFadeDistance_004bc180.cpp
004bf960	RELOC	CTCGraphicAppearance_ClearAllPrimitivesDueToBeingOutOfRan_004bf960.cpp
004bf9a0	RELOC	CTCGraphicAppearance_ClearAllPrimitives_004bf9a0.cpp
004c2340	EXACT	DestvalstdallocatorCIVCountedPointerN3DPrimitiveCTriangleListCIVCountedPointerN3_CTriangleList_004c2340.cpp
004c32f0	EXACT	DestvalstdallocatorCIVCountedPointerN3DPrimitiveCTriangleListCIVCountedPointerN3_CTriangleList_004c32f0.cpp
004c7460	EXACT	CThingFilterIsUnconscious_operator_004c7460.cpp
004c7930	EXACT	CThing_IsLevelLess_004c7930.cpp
004c7990	RELOC	CViewBase_GetDisplayEngine_004c7990.cpp
004c79a0	RELOC	CAnimateThing_GetMeshBank_004c79a0.cpp
004c79d0	RELOC	CViewBase_GetDisplayEngine_004c79d0.cpp
004c79e0	RELOC	CViewBase_GetDisplayEngine_004c79e0.cpp
004c79f0	RELOC	CViewBase_GetDisplayEngine_004c79f0.cpp
004c7a00	RELOC	CViewBase_GetDisplayEngine_004c7a00.cpp
004c7a10	RELOC	CThing_GetPlayer_004c7a10.cpp
004c7a30	RELOC	CThing_GetPlayer_004c7a30.cpp
004c7a70	RELOC	CViewBase_GetDisplayEngine_004c7a70.cpp
004c7a80	RELOC	CAnimateThing_GetMeshBank_004c7a80.cpp
004c7d90	RELOC	CAnimateThing_GetMeshBank_004c7d90.cpp
004d325d	EXACT	CBuyHouseDef_GetSizeofClass_004d325d.cpp
004d32a3	EXACT	CWifeDef_GetSizeofClass_004d32a3.cpp
004d331c	EXACT	CDoorDef_GetSizeofClass_004d331c.cpp
004d33c2	EXACT	CKickableDef_GetSizeofClass_004d33c2.cpp
004d33d8	EXACT	CLightDef_GetSizeofClass_004d33d8.cpp
004d341e	EXACT	CSpotLightDef_GetSizeofClass_004d341e.cpp
004d3464	EXACT	CHeroDef_GetSizeofClass_004d3464.cpp
004d35de	EXACT	CPerceivedThingDef_GetSizeofClass_004d35de.cpp
004d3654	EXACT	CStealthDef_GetSizeofClass_004d3654.cpp
004d374c	EXACT	CTrophyDef_GetSizeofClass_004d374c.cpp
004d38c9	EXACT	CExplodingObjectDef_GetSizeofClass_004d38c9.cpp
004d3938	EXACT	CLookDef_GetSizeofClass_004d3938.cpp
004d3a3e	RELOC	CLandscapeBackgroundPatch_vectordeletingdestructor_004d3a3e.cpp
004d3ddb	EXACT	CEnemyDef_GetSizeofClass_004d3ddb.cpp
004d3f99	EXACT	COpinionOfHeroDef_GetSizeofClass_004d3f99.cpp
004d4078	EXACT	CShopItemDef_GetSizeofClass_004d4078.cpp
004d4110	EXACT	CStockItemDef_GetSizeofClass_004d4110.cpp
004d4156	EXACT	CTimeAppearanceFadeDef_GetSizeofClass_004d4156.cpp
004d41ab	EXACT	CGiftDef_GetSizeofClass_004d41ab.cpp
004d458a	EXACT	CHighlightItemDef_GetSizeofClass_004d458a.cpp
004d463c	EXACT	CHeroCentreDef_GetSizeofClass_004d463c.cpp
004d46f5	EXACT	CBoastingPodiumDef_GetSizeofClass_004d46f5.cpp
004d486f	RELOC	CLandscapeBackgroundPatch_vectordeletingdestructor_004d486f.cpp
004d489d	EXACT	CShipDef_GetSizeofClass_004d489d.cpp
004d4b97	EXACT	CExpressionSubDef_GetSizeofClass_004d4b97.cpp
004d4c54	EXACT	CSummonableCreatureDef_GetSizeofClass_004d4c54.cpp
004d4e78	EXACT	COccupiableDef_GetSizeofClass_004d4e78.cpp
004d4fe6	EXACT	CInterestingToVillagersDef_GetSizeofClass_004d4fe6.cpp
004d500f	EXACT	CGuardDef_GetSizeofClass_004d500f.cpp
004d506c	EXACT	CActivateQuestDef_GetSizeofClass_004d506c.cpp
004d50b2	EXACT	CCrateStackDef_GetSizeofClass_004d50b2.cpp
004d5128	EXACT	COverheadDisplayDef_GetSizeofClass_004d5128.cpp
004d513e	EXACT	CTavernTableDef_GetSizeofClass_004d513e.cpp
004d5211	EXACT	CTavernDef_GetSizeofClass_004d5211.cpp
004d52fa	EXACT	CDrunkennessDef_GetSizeofClass_004d52fa.cpp
004d538e	EXACT	CFireballSpellLevelDef_GetSizeofClass_004d538e.cpp
004d53a4	EXACT	CThingDrainLifeShotDef_GetSizeofClass_004d53a4.cpp
004d584f	EXACT	CGoldDef_GetSizeofClass_004d584f.cpp
004d597b	EXACT	CCoinGameObstacleDef_GetSizeofClass_004d597b.cpp
004d5991	EXACT	CTavernGameCoinBaseDef_GetSizeofClass_004d5991.cpp
004d59da	EXACT	CTavernGameCoinGolfDef_GetSizeofClass_004d59da.cpp
004d5b15	EXACT	CDecapitationDef_GetSizeofClass_004d5b15.cpp
004d5c43	EXACT	CWallMountEffectsDef_GetSizeofClass_004d5c43.cpp
004d5c89	EXACT	CFishDef_GetSizeofClass_004d5c89.cpp
004d5ccf	EXACT	CTeleporterDef_GetSizeofClass_004d5ccf.cpp
004d5d95	EXACT	CHeroSpecialMovementDef_GetSizeofClass_004d5d95.cpp
004d5dbe	EXACT	CResurrectionItemDef_GetSizeofClass_004d5dbe.cpp
004d5de7	EXACT	CKrakenTentacleDef_GetSizeofClass_004d5de7.cpp
004d5e10	EXACT	CAICreatureWillPowerIndicatorDef_GetSizeofClass_004d5e10.cpp
004d5ee4	EXACT	CCarriedReadableDef_GetSizeofClass_004d5ee4.cpp
004d5fa7	EXACT	CFishingRodDef_GetSizeofClass_004d5fa7.cpp
004d6177	EXACT	CNymphDef_GetSizeofClass_004d6177.cpp
004d61a0	EXACT	CSummonDef_GetSizeofClass_004d61a0.cpp
004d624b	EXACT	CCameraCollisionDef_GetSizeofClass_004d624b.cpp
004d62d1	RELOC	CLandscapeBackgroundPatch_vectordeletingdestructor_004d62d1.cpp
004d6332	EXACT	CTCVolumeContainmentTrackerDef_GetSizeofClass_004d6332.cpp
004d649f	EXACT	CWillResponseDef_GetSizeofClass_004d649f.cpp
004d64f8	EXACT	CBettingDef_GetSizeofClass_004d64f8.cpp
004d6601	EXACT	COracleMinigameDef_GetSizeofClass_004d6601.cpp
004d665a	EXACT	CFireheartMinigameDef_GetSizeofClass_004d665a.cpp
004d6670	EXACT	CLightningOrbDef_GetSizeofClass_004d6670.cpp
004d66ac	EXACT	CHasNameDef_GetSizeofClass_004d66ac.cpp
004d6915	RELOC	CLandscapeBackgroundPatch_vectordeletingdestructor_004d6915.cpp
004d6954	EXACT	DestvalstdallocatorCIVCountedPointerN3DPrimitiveCTriangleListCIVCountedPointerN3_CTriangleList_004d6954.cpp
004d696c	EXACT	DestvalstdallocatorCIVCountedPointerN3DPrimitiveCTriangleListCIVCountedPointerN3_CTriangleList_004d696c.cpp
004d6984	EXACT	DestvalstdallocatorCIVCountedPointerN3DPrimitiveCTriangleListCIVCountedPointerN3_CTriangleList_004d6984.cpp
004d69bc	EXACT	DestvalstdallocatorCIVCountedPointerN3DPrimitiveCTriangleListCIVCountedPointerN3_CTriangleList_004d69bc.cpp
004d69d4	EXACT	DestvalstdallocatorCIVCountedPointerN3DPrimitiveCTriangleListCIVCountedPointerN3_CTriangleList_004d69d4.cpp
004d69ec	EXACT	DestvalstdallocatorCIVCountedPointerN3DPrimitiveCTriangleListCIVCountedPointerN3_CTriangleList_004d69ec.cpp
004d6a18	EXACT	DestvalstdallocatorCIVCountedPointerN3DPrimitiveCTriangleListCIVCountedPointerN3_CTriangleList_004d6a18.cpp
004d6a34	EXACT	DestvalstdallocatorCIVCountedPointerN3DPrimitiveCTriangleListCIVCountedPointerN3_CTriangleList_004d6a34.cpp
004d6a54	EXACT	DestvalstdallocatorCIVCountedPointerN3DPrimitiveCTriangleListCIVCountedPointerN3_CTriangleList_004d6a54.cpp
004d6a70	EXACT	DestvalstdallocatorCIVCountedPointerN3DPrimitiveCTriangleListCIVCountedPointerN3_CTriangleList_004d6a70.cpp
004d6a88	EXACT	DestvalstdallocatorCIVCountedPointerN3DPrimitiveCTriangleListCIVCountedPointerN3_CTriangleList_004d6a88.cpp
004d6aa0	EXACT	DestvalstdallocatorCIVCountedPointerN3DPrimitiveCTriangleListCIVCountedPointerN3_CTriangleList_004d6aa0.cpp
004d6ab8	EXACT	DestvalstdallocatorCIVCountedPointerN3DPrimitiveCTriangleListCIVCountedPointerN3_CTriangleList_004d6ab8.cpp
004d6ad8	EXACT	DestvalstdallocatorCIVCountedPointerN3DPrimitiveCTriangleListCIVCountedPointerN3_CTriangleList_004d6ad8.cpp
004d6af0	EXACT	DestvalstdallocatorCIVCountedPointerN3DPrimitiveCTriangleListCIVCountedPointerN3_CTriangleList_004d6af0.cpp
004d6b08	EXACT	DestvalstdallocatorCIVCountedPointerN3DPrimitiveCTriangleListCIVCountedPointerN3_CTriangleList_004d6b08.cpp
004d6b20	EXACT	DestvalstdallocatorCIVCountedPointerN3DPrimitiveCTriangleListCIVCountedPointerN3_CTriangleList_004d6b20.cpp
004d6b38	EXACT	DestvalstdallocatorCIVCountedPointerN3DPrimitiveCTriangleListCIVCountedPointerN3_CTriangleList_004d6b38.cpp
004d6b50	EXACT	DestvalstdallocatorCIVCountedPointerN3DPrimitiveCTriangleListCIVCountedPointerN3_CTriangleList_004d6b50.cpp
004d6b70	EXACT	DestvalstdallocatorCIVCountedPointerN3DPrimitiveCTriangleListCIVCountedPointerN3_CTriangleList_004d6b70.cpp
004d6b90	EXACT	DestvalstdallocatorCIVCountedPointerN3DPrimitiveCTriangleListCIVCountedPointerN3_CTriangleList_004d6b90.cpp
004d6ba8	EXACT	DestvalstdallocatorCIVCountedPointerN3DPrimitiveCTriangleListCIVCountedPointerN3_CTriangleList_004d6ba8.cpp
004d6bc0	EXACT	DestvalstdallocatorCIVCountedPointerN3DPrimitiveCTriangleListCIVCountedPointerN3_CTriangleList_004d6bc0.cpp
004d6bd8	EXACT	DestvalstdallocatorCIVCountedPointerN3DPrimitiveCTriangleListCIVCountedPointerN3_CTriangleList_004d6bd8.cpp
004d6bf0	EXACT	DestvalstdallocatorCIVCountedPointerN3DPrimitiveCTriangleListCIVCountedPointerN3_CTriangleList_004d6bf0.cpp
004d6c08	EXACT	DestvalstdallocatorCIVCountedPointerN3DPrimitiveCTriangleListCIVCountedPointerN3_CTriangleList_004d6c08.cpp
004d6c20	EXACT	DestvalstdallocatorCIVCountedPointerN3DPrimitiveCTriangleListCIVCountedPointerN3_CTriangleList_004d6c20.cpp
004d6c38	EXACT	DestvalstdallocatorCIVCountedPointerN3DPrimitiveCTriangleListCIVCountedPointerN3_CTriangleList_004d6c38.cpp
004d7952	RELOC	CLandscapeBackgroundPatch_vectordeletingdestructor_004d7952.cpp
004d7a0b	EXACT	CCarryableDef_GetSizeofClass_004d7a0b.cpp
004d7a21	EXACT	CVillageMemberDef_GetSizeofClass_004d7a21.cpp
004d7a46	EXACT	CBedDef_GetSizeofClass_004d7a46.cpp
004d7a5c	EXACT	CSmokeGeneratorDef_GetSizeofClass_004d7a5c.cpp
004d7a72	EXACT	CCreatureNavigationDef_GetSizeofClass_004d7a72.cpp
004d7aad	RELOC	CEngineSubPrimitiveText_scalardeletingdestructor_004d7aad.cpp
004d7ae5	EXACT	CReadableDef_GetSizeofClass_004d7ae5.cpp
004d7b06	RELOC	CLandscapeBackgroundPatch_vectordeletingdestructor_004d7b06.cpp
004d7b3f	RELOC	CLandscapeBackgroundPatch_vectordeletingdestructor_004d7b3f.cpp
004d7b7f	RELOC	CLandscapeBackgroundPatch_vectordeletingdestructor_004d7b7f.cpp
004d7bc5	RELOC	CLandscapeBackgroundPatch_vectordeletingdestructor_004d7bc5.cpp
004d7c0b	RELOC	CLandscapeBackgroundPatch_vectordeletingdestructor_004d7c0b.cpp
004d7c51	RELOC	CLandscapeBackgroundPatch_vectordeletingdestructor_004d7c51.cpp
004d7c97	RELOC	CLandscapeBackgroundPatch_vectordeletingdestructor_004d7c97.cpp
004d7cdd	RELOC	CLandscapeBackgroundPatch_vectordeletingdestructor_004d7cdd.cpp
004d7d23	RELOC	CLandscapeBackgroundPatch_vectordeletingdestructor_004d7d23.cpp
004d7d62	RELOC	CLandscapeBackgroundPatch_vectordeletingdestructor_004d7d62.cpp
004d7dbc	RELOC	CEngineSubPrimitiveText_scalardeletingdestructor_004d7dbc.cpp
004d7e20	RELOC	CEngineSubPrimitiveText_scalardeletingdestructor_004d7e20.cpp
004d7e90	RELOC	CEngineSubPrimitiveText_scalardeletingdestructor_004d7e90.cpp
004d7eda	RELOC	CLandscapeBackgroundPatch_vectordeletingdestructor_004d7eda.cpp
004d7f20	RELOC	CLandscapeBackgroundPatch_vectordeletingdestructor_004d7f20.cpp
004d7f5f	RELOC	CLandscapeBackgroundPatch_vectordeletingdestructor_004d7f5f.cpp
004d7f91	RELOC	CLandscapeBackgroundPatch_vectordeletingdestructor_004d7f91.cpp
004d8036	RELOC	CEngineSubPrimitiveText_scalardeletingdestructor_004d8036.cpp
004d80c2	RELOC	CLandscapeBackgroundPatch_vectordeletingdestructor_004d80c2.cpp
004d8108	RELOC	CLandscapeBackgroundPatch_vectordeletingdestructor_004d8108.cpp
004d8177	RELOC	CLandscapeBackgroundPatch_vectordeletingdestructor_004d8177.cpp
004d81ca	RELOC	CLandscapeBackgroundPatch_vectordeletingdestructor_004d81ca.cpp
004d8203	RELOC	CLandscapeBackgroundPatch_vectordeletingdestructor_004d8203.cpp
004d8242	RELOC	CLandscapeBackgroundPatch_vectordeletingdestructor_004d8242.cpp
004d8281	RELOC	CLandscapeBackgroundPatch_vectordeletingdestructor_004d8281.cpp
004d82c0	RELOC	CLandscapeBackgroundPatch_vectordeletingdestructor_004d82c0.cpp
004d82ff	RELOC	CLandscapeBackgroundPatch_vectordeletingdestructor_004d82ff.cpp
004d833e	RELOC	CLandscapeBackgroundPatch_vectordeletingdestructor_004d833e.cpp
004d837e	RELOC	CLandscapeBackgroundPatch_vectordeletingdestructor_004d837e.cpp
004d83bd	RELOC	CLandscapeBackgroundPatch_vectordeletingdestructor_004d83bd.cpp
004d83ef	RELOC	CLandscapeBackgroundPatch_vectordeletingdestructor_004d83ef.cpp
004d8427	RELOC	CLandscapeBackgroundPatch_vectordeletingdestructor_004d8427.cpp
004d8466	RELOC	CLandscapeBackgroundPatch_vectordeletingdestructor_004d8466.cpp
004d84a6	RELOC	CLandscapeBackgroundPatch_vectordeletingdestructor_004d84a6.cpp
004d84ec	RELOC	CLandscapeBackgroundPatch_vectordeletingdestructor_004d84ec.cpp
004d852b	RELOC	CLandscapeBackgroundPatch_vectordeletingdestructor_004d852b.cpp
004d856b	RELOC	CLandscapeBackgroundPatch_vectordeletingdestructor_004d856b.cpp
004d85aa	RELOC	CLandscapeBackgroundPatch_vectordeletingdestructor_004d85aa.cpp
004d85e3	RELOC	CLandscapeBackgroundPatch_vectordeletingdestructor_004d85e3.cpp
004d861c	RELOC	CLandscapeBackgroundPatch_vectordeletingdestructor_004d861c.cpp
004d8655	RELOC	CLandscapeBackgroundPatch_vectordeletingdestructor_004d8655.cpp
004d8695	RELOC	CLandscapeBackgroundPatch_vectordeletingdestructor_004d8695.cpp
004d86d4	RELOC	CLandscapeBackgroundPatch_vectordeletingdestructor_004d86d4.cpp
004d8714	RELOC	CLandscapeBackgroundPatch_vectordeletingdestructor_004d8714.cpp
004d875a	RELOC	CLandscapeBackgroundPatch_vectordeletingdestructor_004d875a.cpp
004d87bd	RELOC	CLandscapeBackgroundPatch_vectordeletingdestructor_004d87bd.cpp
004d87fc	RELOC	CLandscapeBackgroundPatch_vectordeletingdestructor_004d87fc.cpp
004d883c	RELOC	CLandscapeBackgroundPatch_vectordeletingdestructor_004d883c.cpp
004d8874	RELOC	CLandscapeBackgroundPatch_vectordeletingdestructor_004d8874.cpp
004d88d6	RELOC	CEngineSubPrimitiveText_scalardeletingdestructor_004d88d6.cpp
004d8920	RELOC	CLandscapeBackgroundPatch_vectordeletingdestructor_004d8920.cpp
004d895f	RELOC	CLandscapeBackgroundPatch_vectordeletingdestructor_004d895f.cpp
004d8998	RELOC	CLandscapeBackgroundPatch_vectordeletingdestructor_004d8998.cpp
004d89ca	RELOC	CLandscapeBackgroundPatch_vectordeletingdestructor_004d89ca.cpp
004d8a10	RELOC	CLandscapeBackgroundPatch_vectordeletingdestructor_004d8a10.cpp
004d8a48	RELOC	CLandscapeBackgroundPatch_vectordeletingdestructor_004d8a48.cpp
004d8a8e	RELOC	CLandscapeBackgroundPatch_vectordeletingdestructor_004d8a8e.cpp
004d8ad4	RELOC	CLandscapeBackgroundPatch_vectordeletingdestructor_004d8ad4.cpp
004d8b1a	RELOC	CLandscapeBackgroundPatch_vectordeletingdestructor_004d8b1a.cpp
004d8b82	RELOC	CEngineSubPrimitiveText_scalardeletingdestructor_004d8b82.cpp
004d8bc5	RELOC	CLandscapeBackgroundPatch_vectordeletingdestructor_004d8bc5.cpp
004d8c05	RELOC	CLandscapeBackgroundPatch_vectordeletingdestructor_004d8c05.cpp
004d8c6b	RELOC	CEngineSubPrimitiveText_scalardeletingdestructor_004d8c6b.cpp
004d8cb5	RELOC	CLandscapeBackgroundPatch_vectordeletingdestructor_004d8cb5.cpp
004d8cf4	RELOC	CLandscapeBackgroundPatch_vectordeletingdestructor_004d8cf4.cpp
004d8d34	RELOC	CLandscapeBackgroundPatch_vectordeletingdestructor_004d8d34.cpp
004d8d7a	RELOC	CLandscapeBackgroundPatch_vectordeletingdestructor_004d8d7a.cpp
004d8dbc	RELOC	CLandscapeBackgroundPatch_vectordeletingdestructor_004d8dbc.cpp
004d8df8	RELOC	CLandscapeBackgroundPatch_vectordeletingdestructor_004d8df8.cpp
004d8e34	RELOC	CLandscapeBackgroundPatch_vectordeletingdestructor_004d8e34.cpp
004d8e70	RELOC	CLandscapeBackgroundPatch_vectordeletingdestructor_004d8e70.cpp
004d8ea9	RELOC	CLandscapeBackgroundPatch_vectordeletingdestructor_004d8ea9.cpp
004d8ee9	RELOC	CLandscapeBackgroundPatch_vectordeletingdestructor_004d8ee9.cpp
004d8f2f	RELOC	CLandscapeBackgroundPatch_vectordeletingdestructor_004d8f2f.cpp
004d8f75	RELOC	CLandscapeBackgroundPatch_vectordeletingdestructor_004d8f75.cpp
004d8fbb	RELOC	CLandscapeBackgroundPatch_vectordeletingdestructor_004d8fbb.cpp
004d9021	RELOC	CEngineSubPrimitiveText_scalardeletingdestructor_004d9021.cpp
004d906b	RELOC	CLandscapeBackgroundPatch_vectordeletingdestructor_004d906b.cpp
004d90aa	RELOC	CLandscapeBackgroundPatch_vectordeletingdestructor_004d90aa.cpp
004d90ea	RELOC	CLandscapeBackgroundPatch_vectordeletingdestructor_004d90ea.cpp
004d9130	RELOC	CLandscapeBackgroundPatch_vectordeletingdestructor_004d9130.cpp
004d9176	RELOC	CLandscapeBackgroundPatch_vectordeletingdestructor_004d9176.cpp
004d91bc	RELOC	CLandscapeBackgroundPatch_vectordeletingdestructor_004d91bc.cpp
004d9202	RELOC	CLandscapeBackgroundPatch_vectordeletingdestructor_004d9202.cpp
004d9248	RELOC	CLandscapeBackgroundPatch_vectordeletingdestructor_004d9248.cpp
004d928e	RELOC	CLandscapeBackgroundPatch_vectordeletingdestructor_004d928e.cpp
004d92c6	RELOC	CLandscapeBackgroundPatch_vectordeletingdestructor_004d92c6.cpp
004d9305	RELOC	CLandscapeBackgroundPatch_vectordeletingdestructor_004d9305.cpp
004d9345	RELOC	CLandscapeBackgroundPatch_vectordeletingdestructor_004d9345.cpp
004d9384	RELOC	CLandscapeBackgroundPatch_vectordeletingdestructor_004d9384.cpp
004d93c4	RELOC	CLandscapeBackgroundPatch_vectordeletingdestructor_004d93c4.cpp
004d940a	RELOC	CLandscapeBackgroundPatch_vectordeletingdestructor_004d940a.cpp
004d9449	RELOC	CLandscapeBackgroundPatch_vectordeletingdestructor_004d9449.cpp
004d9489	RELOC	CLandscapeBackgroundPatch_vectordeletingdestructor_004d9489.cpp
004d94ec	RELOC	CLandscapeBackgroundPatch_vectordeletingdestructor_004d94ec.cpp
004d952b	RELOC	CLandscapeBackgroundPatch_vectordeletingdestructor_004d952b.cpp
004d9564	RELOC	CLandscapeBackgroundPatch_vectordeletingdestructor_004d9564.cpp
004d95cf	RELOC	CLandscapeBackgroundPatch_vectordeletingdestructor_004d95cf.cpp
004d964d	RELOC	CLandscapeBackgroundPatch_vectordeletingdestructor_004d964d.cpp
004d96b7	RELOC	CEngineSubPrimitiveText_scalardeletingdestructor_004d96b7.cpp
004d9701	RELOC	CLandscapeBackgroundPatch_vectordeletingdestructor_004d9701.cpp
004d9740	RELOC	CLandscapeBackgroundPatch_vectordeletingdestructor_004d9740.cpp
004d97b2	RELOC	CLandscapeBackgroundPatch_vectordeletingdestructor_004d97b2.cpp
004d980d	RELOC	CLandscapeBackgroundPatch_vectordeletingdestructor_004d980d.cpp
004d9845	RELOC	CLandscapeBackgroundPatch_vectordeletingdestructor_004d9845.cpp
004d98a6	RELOC	CLandscapeBackgroundPatch_vectordeletingdestructor_004d98a6.cpp
004d98ec	RELOC	CLandscapeBackgroundPatch_vectordeletingdestructor_004d98ec.cpp
004d992b	RELOC	CLandscapeBackgroundPatch_vectordeletingdestructor_004d992b.cpp
004d9947	EXACT	DestvalstdallocatorCIVCountedPointerN3DPrimitiveCTriangleListCIVCountedPointerN3_CTriangleList_004d9947.cpp
004d995f	EXACT	DestvalstdallocatorCIVCountedPointerN3DPrimitiveCTriangleListCIVCountedPointerN3_CTriangleList_004d995f.cpp
004d9977	EXACT	DestvalstdallocatorCIVCountedPointerN3DPrimitiveCTriangleListCIVCountedPointerN3_CTriangleList_004d9977.cpp
004d998f	EXACT	DestvalstdallocatorCIVCountedPointerN3DPrimitiveCTriangleListCIVCountedPointerN3_CTriangleList_004d998f.cpp
004d99a7	EXACT	DestvalstdallocatorCIVCountedPointerN3DPrimitiveCTriangleListCIVCountedPointerN3_CTriangleList_004d99a7.cpp
004d99bf	EXACT	DestvalstdallocatorCIVCountedPointerN3DPrimitiveCTriangleListCIVCountedPointerN3_CTriangleList_004d99bf.cpp
004d99d7	EXACT	DestvalstdallocatorCIVCountedPointerN3DPrimitiveCTriangleListCIVCountedPointerN3_CTriangleList_004d99d7.cpp
004d99ef	EXACT	DestvalstdallocatorCIVCountedPointerN3DPrimitiveCTriangleListCIVCountedPointerN3_CTriangleList_004d99ef.cpp
004d9a07	EXACT	DestvalstdallocatorCIVCountedPointerN3DPrimitiveCTriangleListCIVCountedPointerN3_CTriangleList_004d9a07.cpp
004d9a1f	EXACT	DestvalstdallocatorCIVCountedPointerN3DPrimitiveCTriangleListCIVCountedPointerN3_CTriangleList_004d9a1f.cpp
004d9a37	EXACT	DestvalstdallocatorCIVCountedPointerN3DPrimitiveCTriangleListCIVCountedPointerN3_CTriangleList_004d9a37.cpp
004d9a4f	EXACT	DestvalstdallocatorCIVCountedPointerN3DPrimitiveCTriangleListCIVCountedPointerN3_CTriangleList_004d9a4f.cpp
004d9a67	EXACT	DestvalstdallocatorCIVCountedPointerN3DPrimitiveCTriangleListCIVCountedPointerN3_CTriangleList_004d9a67.cpp
004d9a7f	EXACT	DestvalstdallocatorCIVCountedPointerN3DPrimitiveCTriangleListCIVCountedPointerN3_CTriangleList_004d9a7f.cpp
004d9a97	EXACT	DestvalstdallocatorCIVCountedPointerN3DPrimitiveCTriangleListCIVCountedPointerN3_CTriangleList_004d9a97.cpp
004d9aaf	EXACT	DestvalstdallocatorCIVCountedPointerN3DPrimitiveCTriangleListCIVCountedPointerN3_CTriangleList_004d9aaf.cpp
004d9ac7	EXACT	DestvalstdallocatorCIVCountedPointerN3DPrimitiveCTriangleListCIVCountedPointerN3_CTriangleList_004d9ac7.cpp
004d9adf	EXACT	DestvalstdallocatorCIVCountedPointerN3DPrimitiveCTriangleListCIVCountedPointerN3_CTriangleList_004d9adf.cpp
004d9af7	EXACT	DestvalstdallocatorCIVCountedPointerN3DPrimitiveCTriangleListCIVCountedPointerN3_CTriangleList_004d9af7.cpp
004d9b0f	EXACT	DestvalstdallocatorCIVCountedPointerN3DPrimitiveCTriangleListCIVCountedPointerN3_CTriangleList_004d9b0f.cpp
004d9b27	EXACT	DestvalstdallocatorCIVCountedPointerN3DPrimitiveCTriangleListCIVCountedPointerN3_CTriangleList_004d9b27.cpp
004d9b3f	EXACT	DestvalstdallocatorCIVCountedPointerN3DPrimitiveCTriangleListCIVCountedPointerN3_CTriangleList_004d9b3f.cpp
004d9b57	EXACT	DestvalstdallocatorCIVCountedPointerN3DPrimitiveCTriangleListCIVCountedPointerN3_CTriangleList_004d9b57.cpp
004d9b6f	EXACT	DestvalstdallocatorCIVCountedPointerN3DPrimitiveCTriangleListCIVCountedPointerN3_CTriangleList_004d9b6f.cpp
004d9b87	EXACT	DestvalstdallocatorCIVCountedPointerN3DPrimitiveCTriangleListCIVCountedPointerN3_CTriangleList_004d9b87.cpp
004d9bbc	EXACT	DestvalstdallocatorCIVCountedPointerN3DPrimitiveCTriangleListCIVCountedPointerN3_CTriangleList_004d9bbc.cpp
004da1cb	RELOC	LTextTreeWalkThrough_BuildTreeArray_004da1cb.cpp
004da1f8	RELOC	LTextTreeWalkThrough_BuildTreeArray_004da1f8.cpp
004da225	RELOC	LTextTreeWalkThrough_BuildTreeArray_004da225.cpp
004da252	RELOC	LTextTreeWalkThrough_BuildTreeArray_004da252.cpp
004da27f	RELOC	LTextTreeWalkThrough_BuildTreeArray_004da27f.cpp
004da2ac	RELOC	LTextTreeWalkThrough_BuildTreeArray_004da2ac.cpp
004da2d9	RELOC	LTextTreeWalkThrough_BuildTreeArray_004da2d9.cpp
004da306	RELOC	LTextTreeWalkThrough_BuildTreeArray_004da306.cpp
004da333	RELOC	LTextTreeWalkThrough_BuildTreeArray_004da333.cpp
004da360	RELOC	LTextTreeWalkThrough_BuildTreeArray_004da360.cpp
004da38d	RELOC	LTextTreeWalkThrough_BuildTreeArray_004da38d.cpp
004da3ba	RELOC	LTextTreeWalkThrough_BuildTreeArray_004da3ba.cpp
004da40e	RELOC	LTextTreeWalkThrough_BuildTreeArray_004da40e.cpp
004da43b	RELOC	LTextTreeWalkThrough_BuildTreeArray_004da43b.cpp
004da468	RELOC	LTextTreeWalkThrough_BuildTreeArray_004da468.cpp
004da495	RELOC	LTextTreeWalkThrough_BuildTreeArray_004da495.cpp
004da54e	RELOC	CLandscapeBackgroundPatch_vectordeletingdestructor_004da54e.cpp
004da78b	RELOC	CLandscapeBackgroundPatch_vectordeletingdestructor_004da78b.cpp
004da7d1	RELOC	CLandscapeBackgroundPatch_vectordeletingdestructor_004da7d1.cpp
004da809	RELOC	CLandscapeBackgroundPatch_vectordeletingdestructor_004da809.cpp
004da84f	RELOC	CLandscapeBackgroundPatch_vectordeletingdestructor_004da84f.cpp
004da895	RELOC	CLandscapeBackgroundPatch_vectordeletingdestructor_004da895.cpp
004daa32	RELOC	CLandscapeBackgroundPatch_vectordeletingdestructor_004daa32.cpp
004dac1a	RELOC	CLandscapeBackgroundPatch_vectordeletingdestructor_004dac1a.cpp
004db1a6	RELOC	CLandscapeBackgroundPatch_vectordeletingdestructor_004db1a6.cpp
004db417	RELOC	CAssoc_scalardeletingdestructor_004db417.cpp
004db461	RELOC	CAssoc_scalardeletingdestructor_004db461.cpp
004db748	RELOC	CTCCarryable_OnKill_004db748.cpp
004db795	RELOC	CTCCarryable_OnKill_004db795.cpp
004db806	RELOC	CTCCarryable_OnKill_004db806.cpp
004db88a	RELOC	CTCCarryable_OnKill_004db88a.cpp
004db91f	RELOC	CTCCarryable_OnKill_004db91f.cpp
004db99f	RELOC	CTCCarryable_OnKill_004db99f.cpp
004db9ec	RELOC	CTCCarryable_OnKill_004db9ec.cpp
004dba39	RELOC	CTCCarryable_OnKill_004dba39.cpp
004dba86	RELOC	CTCCarryable_OnKill_004dba86.cpp
004dbad3	RELOC	CTCCarryable_OnKill_004dbad3.cpp
004dbb20	RELOC	CTCCarryable_OnKill_004dbb20.cpp
004dbb91	RELOC	CTCCarryable_OnKill_004dbb91.cpp
004dbbed	RELOC	CTCCarryable_OnKill_004dbbed.cpp
004dbc3a	RELOC	CTCCarryable_OnKill_004dbc3a.cpp
004dbc87	RELOC	CTCCarryable_OnKill_004dbc87.cpp
004dbcd4	RELOC	CTCCarryable_OnKill_004dbcd4.cpp
004dbe1d	RELOC	CLandscapeBackgroundPatch_vectordeletingdestructor_004dbe1d.cpp
004dbf3a	RELOC	CLandscapeBackgroundPatch_vectordeletingdestructor_004dbf3a.cpp
004dbf76	RELOC	CLandscapeBackgroundPatch_vectordeletingdestructor_004dbf76.cpp
004dbfaf	RELOC	CLandscapeBackgroundPatch_vectordeletingdestructor_004dbfaf.cpp
004dbfe8	RELOC	CLandscapeBackgroundPatch_vectordeletingdestructor_004dbfe8.cpp
004dc021	RELOC	CLandscapeBackgroundPatch_vectordeletingdestructor_004dc021.cpp
004dc082	RELOC	CLandscapeBackgroundPatch_vectordeletingdestructor_004dc082.cpp
004dc0bb	RELOC	CLandscapeBackgroundPatch_vectordeletingdestructor_004dc0bb.cpp
004dc0f4	RELOC	CLandscapeBackgroundPatch_vectordeletingdestructor_004dc0f4.cpp
004dc12d	RELOC	CLandscapeBackgroundPatch_vectordeletingdestructor_004dc12d.cpp
004dc166	RELOC	CLandscapeBackgroundPatch_vectordeletingdestructor_004dc166.cpp
004dc19f	RELOC	CLandscapeBackgroundPatch_vectordeletingdestructor_004dc19f.cpp
004dc1d8	RELOC	CLandscapeBackgroundPatch_vectordeletingdestructor_004dc1d8.cpp
004dc211	RELOC	CLandscapeBackgroundPatch_vectordeletingdestructor_004dc211.cpp
004dc24a	RELOC	CLandscapeBackgroundPatch_vectordeletingdestructor_004dc24a.cpp
004dc2a0	RELOC	CLandscapeBackgroundPatch_vectordeletingdestructor_004dc2a0.cpp
004dc2bc	RELOC	CLandscapeBackgroundPatch_vectordeletingdestructor_004dc2bc.cpp
004dc2f5	RELOC	CLandscapeBackgroundPatch_vectordeletingdestructor_004dc2f5.cpp
004dc32e	RELOC	CLandscapeBackgroundPatch_vectordeletingdestructor_004dc32e.cpp
004dc367	RELOC	CLandscapeBackgroundPatch_vectordeletingdestructor_004dc367.cpp
004dc3a0	RELOC	CLandscapeBackgroundPatch_vectordeletingdestructor_004dc3a0.cpp
004dc3d9	RELOC	CLandscapeBackgroundPatch_vectordeletingdestructor_004dc3d9.cpp
004dc412	RELOC	CLandscapeBackgroundPatch_vectordeletingdestructor_004dc412.cpp
004dc44b	RELOC	CLandscapeBackgroundPatch_vectordeletingdestructor_004dc44b.cpp
004dc484	RELOC	CLandscapeBackgroundPatch_vectordeletingdestructor_004dc484.cpp
004dc4bd	RELOC	CLandscapeBackgroundPatch_vectordeletingdestructor_004dc4bd.cpp
004dc4f6	RELOC	CLandscapeBackgroundPatch_vectordeletingdestructor_004dc4f6.cpp
004dc52f	RELOC	CLandscapeBackgroundPatch_vectordeletingdestructor_004dc52f.cpp
004dc568	RELOC	CEngineSubPrimitiveText_scalardeletingdestructor_004dc568.cpp
004dc5ab	RELOC	CLandscapeBackgroundPatch_vectordeletingdestructor_004dc5ab.cpp
004dc5e4	RELOC	CLandscapeBackgroundPatch_vectordeletingdestructor_004dc5e4.cpp
004dc63d	RELOC	CLandscapeBackgroundPatch_vectordeletingdestructor_004dc63d.cpp
004dc69e	RELOC	CLandscapeBackgroundPatch_vectordeletingdestructor_004dc69e.cpp
004dc6e2	RELOC	CLandscapeBackgroundPatch_vectordeletingdestructor_004dc6e2.cpp
004dc71b	RELOC	CLandscapeBackgroundPatch_vectordeletingdestructor_004dc71b.cpp
004dc7ac	RELOC	CLandscapeBackgroundPatch_vectordeletingdestructor_004dc7ac.cpp
004dc805	RELOC	CLandscapeBackgroundPatch_vectordeletingdestructor_004dc805.cpp
004dc8fa	RELOC	CLandscapeBackgroundPatch_vectordeletingdestructor_004dc8fa.cpp
004dc953	RELOC	CLandscapeBackgroundPatch_vectordeletingdestructor_004dc953.cpp
004dcb20	RELOC	CLandscapeBackgroundPatch_vectordeletingdestructor_004dcb20.cpp
004dcb79	RELOC	CLandscapeBackgroundPatch_vectordeletingdestructor_004dcb79.cpp
004dcbb2	RELOC	CLandscapeBackgroundPatch_vectordeletingdestructor_004dcbb2.cpp
004dcc0b	RELOC	CLandscapeBackgroundPatch_vectordeletingdestructor_004dcc0b.cpp
004dcc44	RELOC	CLandscapeBackgroundPatch_vectordeletingdestructor_004dcc44.cpp
004dcc7d	RELOC	CLandscapeBackgroundPatch_vectordeletingdestructor_004dcc7d.cpp
004dccb6	RELOC	CLandscapeBackgroundPatch_vectordeletingdestructor_004dccb6.cpp
004dcd0f	RELOC	CLandscapeBackgroundPatch_vectordeletingdestructor_004dcd0f.cpp
004dcd88	RELOC	CLandscapeBackgroundPatch_vectordeletingdestructor_004dcd88.cpp
004dcde1	RELOC	CLandscapeBackgroundPatch_vectordeletingdestructor_004dcde1.cpp
004dce88	RELOC	CLandscapeBackgroundPatch_vectordeletingdestructor_004dce88.cpp
004dcec1	RELOC	CLandscapeBackgroundPatch_vectordeletingdestructor_004dcec1.cpp
004dcf32	RELOC	CLandscapeBackgroundPatch_vectordeletingdestructor_004dcf32.cpp
004dcf8b	RELOC	CLandscapeBackgroundPatch_vectordeletingdestructor_004dcf8b.cpp
004dd920	EXACT	CCarryingDef_GetSizeofClass_004dd920.cpp
004ddb52	EXACT	CBuyableHouseDef_GetSizeofClass_004ddb52.cpp
004de200	EXACT	CCreatureGeneratorDef_GetSizeofClass_004de200.cpp
004de431	RELOC	CLandscapeBackgroundPatch_vectordeletingdestructor_004de431.cpp
004de7f9	EXACT	CCreatureModeDef_GetSizeofClass_004de7f9.cpp
004de8f1	EXACT	CBossDef_GetSizeofClass_004de8f1.cpp
004de912	EXACT	CFishingDef_GetSizeofClass_004de912.cpp
004dea77	RELOC	CLandscapeBackgroundPatch_vectordeletingdestructor_004dea77.cpp
004deab3	RELOC	CLandscapeBackgroundPatch_vectordeletingdestructor_004deab3.cpp
004deaef	RELOC	CLandscapeBackgroundPatch_vectordeletingdestructor_004deaef.cpp
004deb2b	RELOC	CLandscapeBackgroundPatch_vectordeletingdestructor_004deb2b.cpp
004deb67	RELOC	CLandscapeBackgroundPatch_vectordeletingdestructor_004deb67.cpp
004debc0	EXACT	CTurncoatDef_GetSizeofClass_004debc0.cpp
004ded48	EXACT	CTavernGameSpotTheAdditionDef_GetSizeofClass_004ded48.cpp
004defa3	EXACT	CKrakenDef_GetSizeofClass_004defa3.cpp
004df47f	EXACT	CObstacleNavigatorExternalInterface_GetPNavigatorObstacles_004df47f.cpp
004df482	EXACT	CObstacleNavigatorExternalInterface_GetPThingToNotAvoid_004df482.cpp
004df4a0	EXACT	CObstacleNavigatorExternalInterface_IsPlayer_004df4a0.cpp
004df88a	RELOC	CActiveFile_OnReadFinished_004df88a.cpp
004df907	RELOC	CActiveFile_OnReadFinished_004df907.cpp
004df9cc	RELOC	CActiveFile_OnReadFinished_004df9cc.cpp
004df9ef	RELOC	CActiveFile_OnReadFinished_004df9ef.cpp
004dfa12	RELOC	CActiveFile_OnReadFinished_004dfa12.cpp
004dfa66	RELOC	CActiveFile_OnReadFinished_004dfa66.cpp
004dfc0b	RELOC	CLandscapeBackgroundPatch_vectordeletingdestructor_004dfc0b.cpp
004dfd8a	RELOC	CLandscapeBackgroundPatch_vectordeletingdestructor_004dfd8a.cpp
004dfe78	RELOC	CLandscapeBackgroundPatch_vectordeletingdestructor_004dfe78.cpp
004dff9f	EXACT	CVillageDef_GetSizeofClass_004dff9f.cpp
004e0064	RELOC	CLandscapeBackgroundPatch_vectordeletingdestructor_004e0064.cpp
004e0122	RELOC	CEngineSubPrimitiveText_scalardeletingdestructor_004e0122.cpp
004e015e	RELOC	CLandscapeBackgroundPatch_vectordeletingdestructor_004e015e.cpp
004e037c	RELOC	CLandscapeBackgroundPatch_vectordeletingdestructor_004e037c.cpp
004e0529	RELOC	CLandscapeBackgroundPatch_vectordeletingdestructor_004e0529.cpp
004e0701	EXACT	CShopDef_GetSizeofClass_004e0701.cpp
004e080b	RELOC	CLandscapeBackgroundPatch_vectordeletingdestructor_004e080b.cpp
004e0844	RELOC	CLandscapeBackgroundPatch_vectordeletingdestructor_004e0844.cpp
004e088a	EXACT	CExperienceDef_GetSizeofClass_004e088a.cpp
004e08ab	RELOC	CLandscapeBackgroundPatch_vectordeletingdestructor_004e08ab.cpp
004e08e4	RELOC	CLandscapeBackgroundPatch_vectordeletingdestructor_004e08e4.cpp
004e091a	EXACT	CHeroSuitDef_GetSizeofClass_004e091a.cpp
004e0968	RELOC	CAssoc_scalardeletingdestructor_004e0968.cpp
004e09a1	RELOC	CEngineSubPrimitiveText_scalardeletingdestructor_004e09a1.cpp
004e09e4	RELOC	CAssoc_scalardeletingdestructor_004e09e4.cpp
004e0a32	RELOC	CAssoc_scalardeletingdestructor_004e0a32.cpp
004e0b61	RELOC	CLandscapeBackgroundPatch_vectordeletingdestructor_004e0b61.cpp
004e0bb9	EXACT	CParticleAttacherDef_GetSizeofClass_004e0bb9.cpp
004e0bda	RELOC	CLandscapeBackgroundPatch_vectordeletingdestructor_004e0bda.cpp
004e0c3b	RELOC	CEngineSubPrimitiveText_scalardeletingdestructor_004e0c3b.cpp
004e0d62	RELOC	CLandscapeBackgroundPatch_vectordeletingdestructor_004e0d62.cpp
004e0dcf	RELOC	CLandscapeBackgroundPatch_vectordeletingdestructor_004e0dcf.cpp
004e0fb2	RELOC	CLandscapeBackgroundPatch_vectordeletingdestructor_004e0fb2.cpp
004e1023	RELOC	CEngineSubPrimitiveText_scalardeletingdestructor_004e1023.cpp
004e1086	EXACT	CTavernGameDef_GetSizeofClass_004e1086.cpp
004e1127	EXACT	CTavernGameShoveHaPennyDef_GetSizeofClass_004e1127.cpp
004e11dc	RELOC	CLandscapeBackgroundPatch_vectordeletingdestructor_004e11dc.cpp
004e1261	RELOC	CEngineSubPrimitiveText_scalardeletingdestructor_004e1261.cpp
004e135e	EXACT	CExplosionDef_GetSizeofClass_004e135e.cpp
004e13c3	RELOC	CLandscapeBackgroundPatch_vectordeletingdestructor_004e13c3.cpp
004e141b	RELOC	CLandscapeBackgroundPatch_vectordeletingdestructor_004e141b.cpp
004e1533	EXACT	CMultiStaticMeshDef_GetSizeofClass_004e1533.cpp
004e15f0	RELOC	CLandscapeBackgroundPatch_vectordeletingdestructor_004e15f0.cpp
004e1744	EXACT	CRumbleDef_GetSizeofClass_004e1744.cpp
004e1765	EXACT	CSoundAtmospheresDef_GetSizeofClass_004e1765.cpp
004e183a	RELOC	CLandscapeBackgroundPatch_vectordeletingdestructor_004e183a.cpp
004e1aaf	RELOC	CActiveFile_OnReadFinished_004e1aaf.cpp
004e1b08	RELOC	CActiveFile_OnReadFinished_004e1b08.cpp
004e1bd2	RELOC	CTCCarryable_OnKill_004e1bd2.cpp
004e2154	RELOC	CLandscapeBackgroundPatch_vectordeletingdestructor_004e2154.cpp
004e2349	RELOC	CLandscapeBackgroundPatch_vectordeletingdestructor_004e2349.cpp
004e241c	RELOC	CEngineSubPrimitiveText_scalardeletingdestructor_004e241c.cpp
004e2497	EXACT	CContainerRewardHeroDef_GetSizeofClass_004e2497.cpp
004e26d5	RELOC	CLandscapeBackgroundPatch_vectordeletingdestructor_004e26d5.cpp
004e2747	RELOC	CLandscapeBackgroundPatch_vectordeletingdestructor_004e2747.cpp
004e27c4	RELOC	CLandscapeBackgroundPatch_vectordeletingdestructor_004e27c4.cpp
004e2865	EXACT	CFlammableDef_GetSizeofClass_004e2865.cpp
004e28b2	EXACT	CSkeletalMorphDef_GetSizeofClass_004e28b2.cpp
004e28d5	RELOC	CAssoc_scalardeletingdestructor_004e28d5.cpp
004e290e	RELOC	CAssoc_scalardeletingdestructor_004e290e.cpp
004e2947	RELOC	CAssoc_scalardeletingdestructor_004e2947.cpp
004e2b10	RELOC	CLandscapeBackgroundPatch_vectordeletingdestructor_004e2b10.cpp
004e2b68	RELOC	CEngineSubPrimitiveText_scalardeletingdestructor_004e2b68.cpp
004e2bab	RELOC	CLandscapeBackgroundPatch_vectordeletingdestructor_004e2bab.cpp
004e2dcb	RELOC	CLandscapeBackgroundPatch_vectordeletingdestructor_004e2dcb.cpp
004e30ac	RELOC	CLandscapeBackgroundPatch_vectordeletingdestructor_004e30ac.cpp
004e3259	RELOC	CLandscapeBackgroundPatch_vectordeletingdestructor_004e3259.cpp
004e32a6	RELOC	CLandscapeBackgroundPatch_vectordeletingdestructor_004e32a6.cpp
004e339f	RELOC	CLandscapeBackgroundPatch_vectordeletingdestructor_004e339f.cpp
004e34b2	RELOC	CActiveFile_OnReadFinished_004e34b2.cpp
004e34ec	RELOC	CActiveFile_OnReadFinished_004e34ec.cpp
004e377f	EXACT	CHeroMorphDef_GetSizeofClass_004e377f.cpp
004e37a3	RELOC	CLandscapeBackgroundPatch_vectordeletingdestructor_004e37a3.cpp
004e3828	EXACT	CClockDef_GetSizeofClass_004e3828.cpp
004e383e	EXACT	CMazeBattleDef_GetSizeofClass_004e383e.cpp
004e38b2	RELOC	CLandscapeBackgroundPatch_vectordeletingdestructor_004e38b2.cpp
004e38e0	EXACT	CThunderBattleDef_GetSizeofClass_004e38e0.cpp
004e391d	RELOC	CLandscapeBackgroundPatch_vectordeletingdestructor_004e391d.cpp
004e394b	EXACT	CWhisperBattleDef_GetSizeofClass_004e394b.cpp
004e3970	RELOC	CLandscapeBackgroundPatch_vectordeletingdestructor_004e3970.cpp
004e399e	EXACT	CWaspQueenBattleDef_GetSizeofClass_004e399e.cpp
004e39b2	RELOC	CLandscapeBackgroundPatch_vectordeletingdestructor_004e39b2.cpp
004e39e0	EXACT	CJackOfBladesBattleDef_GetSizeofClass_004e39e0.cpp
004e3aae	RELOC	CLandscapeBackgroundPatch_vectordeletingdestructor_004e3aae.cpp
004e3adc	EXACT	CScorpionKingBattleDef_GetSizeofClass_004e3adc.cpp
004e3b50	RELOC	CLandscapeBackgroundPatch_vectordeletingdestructor_004e3b50.cpp
004e3b7e	EXACT	CTrollBattleDef_GetSizeofClass_004e3b7e.cpp
004e3bf2	RELOC	CLandscapeBackgroundPatch_vectordeletingdestructor_004e3bf2.cpp
004e3c20	EXACT	CBalverineBattleDef_GetSizeofClass_004e3c20.cpp
004e3c52	RELOC	CLandscapeBackgroundPatch_vectordeletingdestructor_004e3c52.cpp
004e3c97	RELOC	CLandscapeBackgroundPatch_vectordeletingdestructor_004e3c97.cpp
004e3d2e	RELOC	CLandscapeBackgroundPatch_vectordeletingdestructor_004e3d2e.cpp
004e3def	RELOC	CLandscapeBackgroundPatch_vectordeletingdestructor_004e3def.cpp
004e3e48	EXACT	CTrapDef_GetSizeofClass_004e3e48.cpp
004e3e69	EXACT	CReplaceableMeshDef_GetSizeofClass_004e3e69.cpp
004e3e6d	RELOC	CLandscapeBackgroundPatch_vectordeletingdestructor_004e3e6d.cpp
004e3ec5	RELOC	CLandscapeBackgroundPatch_vectordeletingdestructor_004e3ec5.cpp
004e3f3b	EXACT	CIdleSchedulerDef_GetSizeofClass_004e3f3b.cpp
004e3f3f	RELOC	CEngineSubPrimitiveText_scalardeletingdestructor_004e3f3f.cpp
004e3f77	EXACT	CAreaOfEffectAttackDef_GetSizeofClass_004e3f77.cpp
004e3fb4	RELOC	CLandscapeBackgroundPatch_vectordeletingdestructor_004e3fb4.cpp
004e4029	RELOC	CLandscapeBackgroundPatch_vectordeletingdestructor_004e4029.cpp
004e40a0	RELOC	CActiveFile_OnReadFinished_004e40a0.cpp
004e422f	RELOC	CLandscapeBackgroundPatch_vectordeletingdestructor_004e422f.cpp
004e48da	RELOC	CAssoc_scalardeletingdestructor_004e48da.cpp
004e4913	RELOC	CEngineSubPrimitiveText_scalardeletingdestructor_004e4913.cpp
004e6dd2	RELOC	CActiveFile_OnReadFinished_004e6dd2.cpp
004e74dc	RELOC	CLandscapeBackgroundPatch_vectordeletingdestructor_004e74dc.cpp
004e755c	RELOC	CLandscapeBackgroundPatch_vectordeletingdestructor_004e755c.cpp
004e75bd	RELOC	CAssoc_scalardeletingdestructor_004e75bd.cpp
004e764a	RELOC	CAssoc_scalardeletingdestructor_004e764a.cpp
004e7683	RELOC	CLandscapeBackgroundPatch_vectordeletingdestructor_004e7683.cpp
004e76fd	RELOC	CActiveFile_OnReadFinished_004e76fd.cpp
004e7720	RELOC	CTCCarryable_OnKill_004e7720.cpp
004e7749	RELOC	CTCCarryable_OnKill_004e7749.cpp
004e7d7b	RELOC	CLandscapeBackgroundPatch_vectordeletingdestructor_004e7d7b.cpp
004e7e63	RELOC	CLandscapeBackgroundPatch_vectordeletingdestructor_004e7e63.cpp
004e81c1	RELOC	CActiveFile_OnReadFinished_004e81c1.cpp
004e8212	RELOC	CTCCarryable_OnKill_004e8212.cpp
004e9bb7	RELOC	CActiveFile_OnReadFinished_004e9bb7.cpp
004ea20a	EXACT	CAnimatingObjectDef_GetSizeofClass_004ea20a.cpp
004ea6b2	RELOC	CEngineSubPrimitiveText_scalardeletingdestructor_004ea6b2.cpp
004eabc2	RELOC	CActiveFile_OnReadFinished_004eabc2.cpp
004eac55	EXACT	CPrizeScoreDef_GetSizeofClass_004eac55.cpp
004eac59	RELOC	CLandscapeBackgroundPatch_vectordeletingdestructor_004eac59.cpp
004eaf10	RELOC	CActiveFile_OnReadFinished_004eaf10.cpp
004eafa3	EXACT	CShoveHaPennyRegionDef_GetSizeofClass_004eafa3.cpp
004eafa7	RELOC	CLandscapeBackgroundPatch_vectordeletingdestructor_004eafa7.cpp
004eb80e	RELOC	CActiveFile_OnReadFinished_004eb80e.cpp
004eb89d	EXACT	CMultiStaticMeshEntryDef_GetSizeofClass_004eb89d.cpp
004eb8a1	RELOC	CLandscapeBackgroundPatch_vectordeletingdestructor_004eb8a1.cpp
004eba68	EXACT	CHeroExperienceDef_GetSizeofClass_004eba68.cpp
004ebb00	RELOC	CLandscapeBackgroundPatch_vectordeletingdestructor_004ebb00.cpp
004ebbec	EXACT	CObjectAugmentationsDef_GetSizeofClass_004ebbec.cpp
004ebd8d	RELOC	CActiveFile_OnReadFinished_004ebd8d.cpp
004ebe16	EXACT	CCardPositionsDef_GetSizeofClass_004ebe16.cpp
004ebe96	RELOC	CEngineSubPrimitiveText_scalardeletingdestructor_004ebe96.cpp
004ec01c	RELOC	CActiveFile_OnReadFinished_004ec01c.cpp
004ec0af	EXACT	CCardDef_GetSizeofClass_004ec0af.cpp
004ec0d4	RELOC	CLandscapeBackgroundPatch_vectordeletingdestructor_004ec0d4.cpp
004ecae1	RELOC	CLandscapeBackgroundPatch_vectordeletingdestructor_004ecae1.cpp
004f963d	RELOC	CActiveFile_OnReadFinished_004f963d.cpp
004fb150	EXACT	global_DrawGetEnvironment_004fb150.cpp
004fb2d0	EXACT	CWorldMap_DrawGetGranularity_004fb2d0.cpp
0050b440	EXACT	CBankFile_NotifyPostEntriesLoaded_0050b440.cpp
0050bf70	EXACT	DestvalstdallocatorCIVCountedPointerN3DPrimitiveCTriangleListCIVCountedPointerN3_CTriangleList_0050bf70.cpp
0050bff0	EXACT	DestvalstdallocatorCIVCountedPointerN3DPrimitiveCTriangleListCIVCountedPointerN3_CTriangleList_0050bff0.cpp
0050c060	EXACT	DestvalstdallocatorCIVCountedPointerN3DPrimitiveCTriangleListCIVCountedPointerN3_CTriangleList_0050c060.cpp
0050c0b0	EXACT	DestvalstdallocatorCIVCountedPointerN3DPrimitiveCTriangleListCIVCountedPointerN3_CTriangleList_0050c0b0.cpp
0050e690	RELOC	global_SetLungedThisFrame_0050e690.cpp
0050f360	EXACT	DestvalstdallocatorCIVCountedPointerN3DPrimitiveCTriangleListCIVCountedPointerN3_CTriangleList_0050f360.cpp
0050f890	EXACT	DestvalstdallocatorCIVCountedPointerN3DPrimitiveCTriangleListCIVCountedPointerN3_CTriangleList_0050f890.cpp
0050f8f0	EXACT	DestvalstdallocatorCIVCountedPointerN3DPrimitiveCTriangleListCIVCountedPointerN3_CTriangleList_0050f8f0.cpp
0051cdd0	EXACT	CWorldMap_GetGranularity_0051cdd0.cpp
0051da20	EXACT	CClassFactory_OnCreateClass_0051da20.cpp
0051e2c0	EXACT	global_DrawGetEnvironment_0051e2c0.cpp
0051e2d0	EXACT	global_DrawGetEnvironment_0051e2d0.cpp
0051e2e0	EXACT	CTCInventoryBase_GetCanItemBeQuickAssigned_0051e2e0.cpp
00526210	EXACT	DestvalstdallocatorCIVCountedPointerN3DPrimitiveCTriangleListCIVCountedPointerN3_CTriangleList_00526210.cpp
00526230	EXACT	DestvalstdallocatorCIVCountedPointerN3DPrimitiveCTriangleListCIVCountedPointerN3_CTriangleList_00526230.cpp
00527430	EXACT	DestvalstdallocatorCIVCountedPointerN3DPrimitiveCTriangleListCIVCountedPointerN3_CTriangleList_00527430.cpp
0052add0	EXACT	CACompressor_CompressAsImage_0052add0.cpp
0052ade0	EXACT	CACompressor_Compress_0052ade0.cpp
0052adf0	EXACT	CACompressor_Decompress_0052adf0.cpp
0052ae00	EXACT	CACompressor_SetQuality_0052ae00.cpp
0052e6b0	EXACT	CComponent_ResetState_0052e6b0.cpp
0053cb7f	RELOC	CLandscapeBackgroundPatch_vectordeletingdestructor_0053cb7f.cpp
0053cd46	RELOC	CActiveFile_OnReadFinished_0053cd46.cpp
0053cfa6	RELOC	CLandscapeBackgroundPatch_vectordeletingdestructor_0053cfa6.cpp
00548510	NO_ORACLE	CMovie_SetMovie_00548510.cpp
00548520	NO_ORACLE	CMovie_IsPlaying_00548520.cpp
00548670	EXACT	CEditControlCentre_PeekConnectedToTrackNode_00548670.cpp
005486d0	EXACT	CEditControlCentre_PeekConnectedToTrackNode_005486d0.cpp
005486f0	EXACT	CEditControlCentre_PeekConnectedToTrackNode_005486f0.cpp
0054c480	EXACT	CFrontEndList_InitialiseOffsets_0054c480.cpp
0054c4c0	RELOC	CFrontEndList_ScrollUp_0054c4c0.cpp
0054c810	NO_ORACLE	CFrontEndList_ScrollDown_0054c810.cpp
00565870	RELOC	CThingSwitch_vectordeletingdestructor_00565870.cpp
00565bb0	RELOC	CThingSwitch_vectordeletingdestructor_00565bb0.cpp
00578fa1	RELOC	LTextTreeWalkThrough_BuildTreeArray_00578fa1.cpp
00579353	RELOC	CTCCarryable_OnKill_00579353.cpp
005793e8	RELOC	CTCCarryable_OnKill_005793e8.cpp
005795c3	RELOC	CTCCarryable_OnKill_005795c3.cpp
00579ea3	RELOC	CTCCarryable_OnKill_00579ea3.cpp
00579ecc	RELOC	CTCCarryable_OnKill_00579ecc.cpp
0057a67e	RELOC	CTCHeroStats_GetMoralityMax_0057a67e.cpp
0057a690	RELOC	CTCHeroStats_GetMoralityPercentage_0057a690.cpp
0057a753	RELOC	CTCHeroExperience_AddSuccessfulBlockParry_0057a753.cpp
0057a874	RELOC	CTCHeroStats_IsDrunk_0057a874.cpp
0057a89d	RELOC	CTCHeroStats_GetMaxDrunkenness_0057a89d.cpp
0057ed41	EXACT	DestvalstdallocatorCIVCountedPointerN3DPrimitiveCTriangleListCIVCountedPointerN3_CTriangleList_0057ed41.cpp
0057ed9f	EXACT	DestvalstdallocatorCIVCountedPointerN3DPrimitiveCTriangleListCIVCountedPointerN3_CTriangleList_0057ed9f.cpp
0057edc2	EXACT	DestvalstdallocatorCIVCountedPointerN3DPrimitiveCTriangleListCIVCountedPointerN3_CTriangleList_0057edc2.cpp
0057f43c	EXACT	DestvalstdallocatorCIVCountedPointerN3DPrimitiveCTriangleListCIVCountedPointerN3_CTriangleList_0057f43c.cpp
0057f846	EXACT	CEngineInternalPrimitiveMeshBase_GetMeshEffect_0057f846.cpp
0057f8d1	EXACT	CEngineInternalPrimitiveMeshBase_GetMeshEffect_0057f8d1.cpp
00581353	RELOC	CActiveFile_OnReadFinished_00581353.cpp
005814c9	RELOC	CLandscapeBackgroundPatch_vectordeletingdestructor_005814c9.cpp
00581995	EXACT	global_AddChildPrimitive_00581995.cpp
0058199b	EXACT	global_AddChildPrimitive_0058199b.cpp
005819a1	EXACT	global_AddChildPrimitive_005819a1.cpp
005920c9	EXACT	DestvalstdallocatorCIVCountedPointerN3DPrimitiveCTriangleListCIVCountedPointerN3_CTriangleList_005920c9.cpp
005920ff	EXACT	DestvalstdallocatorCIVCountedPointerN3DPrimitiveCTriangleListCIVCountedPointerN3_CTriangleList_005920ff.cpp
00592132	EXACT	DestvalstdallocatorCIVCountedPointerN3DPrimitiveCTriangleListCIVCountedPointerN3_CTriangleList_00592132.cpp
00592701	RELOC	CAssoc_scalardeletingdestructor_00592701.cpp
0059294a	EXACT	DestvalstdallocatorCIVCountedPointerN3DPrimitiveCTriangleListCIVCountedPointerN3_CTriangleList_0059294a.cpp
00592bce	RELOC	LTextTreeWalkThrough_BuildTreeArray_00592bce.cpp
00592e40	EXACT	CEngineInternalPrimitiveMeshBase_GetMeshEffect_00592e40.cpp
00592e6f	EXACT	CEngineInternalPrimitiveMeshBase_GetMeshEffect_00592e6f.cpp
00592ee3	EXACT	CEngineInternalPrimitiveMeshBase_GetMeshEffect_00592ee3.cpp
00592f12	EXACT	CEngineInternalPrimitiveMeshBase_GetMeshEffect_00592f12.cpp
00593235	RELOC	CTCCarryable_OnKill_00593235.cpp
005938d5	RELOC	CLandscapeBackgroundPatch_vectordeletingdestructor_005938d5.cpp
00594c10	RELOC	CActiveFile_OnReadFinished_00594c10.cpp
00594cd2	RELOC	CLandscapeBackgroundPatch_vectordeletingdestructor_00594cd2.cpp
00594f78	RELOC	CLandscapeBackgroundPatch_vectordeletingdestructor_00594f78.cpp
00595845	RELOC	CFrontEndManager_GotoNewProfileScreen_00595845.cpp
00595a03	EXACT	CThingFilterIsUnconscious_operator_00595a03.cpp
00596763	RELOC	CFrontEndManager_GotoNextScreen_00596763.cpp
0059686d	RELOC	CFrontEndManager_GotoSpecificPreviousScreen_0059686d.cpp
00596917	RELOC	CFrontEndManager_LaunchVirtualKeyboard_00596917.cpp
0059697a	RELOC	CFrontEndManager_CreateNewProfile_0059697a.cpp
00597b20	RELOC	CFrontEndManager_GotoProfileMenu_00597b20.cpp
00597bf2	RELOC	CFrontEndManager_GotoPreviousScreen_00597bf2.cpp
0059a238	NO_ORACLE	CFrontEndManager_Action_0059a238.cpp
0059af2a	RELOC	CTCCarryable_OnKill_0059af2a.cpp
0059b6bc	EXACT	global_AddChildPrimitive_0059b6bc.cpp
0059b6c2	EXACT	global_AddChildPrimitive_0059b6c2.cpp
0059b6c8	EXACT	global_AddChildPrimitive_0059b6c8.cpp
0059b6ce	EXACT	global_AddChildPrimitive_0059b6ce.cpp
0059b6d4	EXACT	global_AddChildPrimitive_0059b6d4.cpp
0059b6da	EXACT	global_AddChildPrimitive_0059b6da.cpp
005b11ad	EXACT	DestvalstdallocatorCIVCountedPointerN3DPrimitiveCTriangleListCIVCountedPointerN3_CTriangleList_005b11ad.cpp
005b1904	RELOC	LTextTreeWalkThrough_BuildTreeArray_005b1904.cpp
005b1931	RELOC	LTextTreeWalkThrough_BuildTreeArray_005b1931.cpp
005b19d9	EXACT	CEngineInternalPrimitiveMeshBase_GetMeshEffect_005b19d9.cpp
005b1a08	EXACT	CEngineInternalPrimitiveMeshBase_GetMeshEffect_005b1a08.cpp
005b1c18	RELOC	CTCCarryable_OnKill_005b1c18.cpp
005b1c41	RELOC	CTCCarryable_OnKill_005b1c41.cpp
005b21a1	RELOC	CTCCarryable_OnKill_005b21a1.cpp
005b31ac	RELOC	CActiveFile_OnReadFinished_005b31ac.cpp
005b31ec	RELOC	CActiveFile_OnReadFinished_005b31ec.cpp
005b320f	RELOC	CLandscapeBackgroundPatch_vectordeletingdestructor_005b320f.cpp
005b34bb	EXACT	global_AddChildPrimitive_005b34bb.cpp
005b34c1	EXACT	global_AddChildPrimitive_005b34c1.cpp
005b34c7	EXACT	global_AddChildPrimitive_005b34c7.cpp
005ba78b	RELOC	LTextTreeWalkThrough_BuildTreeArray_005ba78b.cpp
005ba7cc	RELOC	LTextTreeWalkThrough_BuildTreeArray_005ba7cc.cpp
005ba957	EXACT	CEngineInternalPrimitiveMeshBase_GetMeshEffect_005ba957.cpp
005babb8	RELOC	CTCCarryable_OnKill_005babb8.cpp
005bac05	RELOC	CTCCarryable_OnKill_005bac05.cpp
005bc080	RELOC	CActiveFile_OnReadFinished_005bc080.cpp
005bc0a3	RELOC	CActiveFile_OnReadFinished_005bc0a3.cpp
005bc0c6	RELOC	CComponent_GetCurrentState_005bc0c6.cpp
005bc4b2	EXACT	global_DrawGetEnvironment_005bc4b2.cpp
005bc4c4	EXACT	global_DrawGetEnvironment_005bc4c4.cpp
005bc501	EXACT	CTCInventoryBase_GetCanItemBeQuickAssigned_005bc501.cpp
005bc988	NO_ORACLE	CCategory_GetHighlightedItem_005bc988.cpp
005bc99c	EXACT	CCategory_GetHighlightedItem_005bc99c.cpp
005bd4ce	EXACT	CTCWeapon_IsAnalogueLoading_005bd4ce.cpp
005bd96b	RELOC	CCategory_GetFirstEmptySlot_005bd96b.cpp
005c0796	EXACT	DestvalstdallocatorCIVCountedPointerN3DPrimitiveCTriangleListCIVCountedPointerN3_CTriangleList_005c0796.cpp
005c09f6	EXACT	CEngineInternalPrimitiveMeshBase_GetMeshEffect_005c09f6.cpp
005c0a25	EXACT	CEngineInternalPrimitiveMeshBase_GetMeshEffect_005c0a25.cpp
005c18ef	RELOC	CLandscapeBackgroundPatch_vectordeletingdestructor_005c18ef.cpp
005c1f03	RELOC	CLandscapeBackgroundPatch_vectordeletingdestructor_005c1f03.cpp
005c1f1f	RELOC	CActiveFile_OnReadFinished_005c1f1f.cpp
005c297a	RELOC	CLandscapeBackgroundPatch_vectordeletingdestructor_005c297a.cpp
005c2c1f	RELOC	CActiveFile_OnReadFinished_005c2c1f.cpp
005c2c42	RELOC	CActiveFile_OnReadFinished_005c2c42.cpp
005c2d16	RELOC	CLandscapeBackgroundPatch_vectordeletingdestructor_005c2d16.cpp
005c2de1	EXACT	global_AddChildPrimitive_005c2de1.cpp
005c2de7	EXACT	global_AddChildPrimitive_005c2de7.cpp
005cbd4d	EXACT	DestvalstdallocatorCIVCountedPointerN3DPrimitiveCTriangleListCIVCountedPointerN3_CTriangleList_005cbd4d.cpp
005cbef2	EXACT	DestvalstdallocatorCIVCountedPointerN3DPrimitiveCTriangleListCIVCountedPointerN3_CTriangleList_005cbef2.cpp
005cc512	RELOC	CLandscapeBackgroundPatch_vectordeletingdestructor_005cc512.cpp
005d88fa	RELOC	CLandscapeBackgroundPatch_vectordeletingdestructor_005d88fa.cpp
005d9270	EXACT	CTCWeapon_IsAnalogueLoading_005d9270.cpp
005d9ed0	EXACT	DestvalstdallocatorCIVCountedPointerN3DPrimitiveCTriangleListCIVCountedPointerN3_CTriangleList_005d9ed0.cpp
005da020	EXACT	DestvalstdallocatorCIVCountedPointerN3DPrimitiveCTriangleListCIVCountedPointerN3_CTriangleList_005da020.cpp
005da040	EXACT	DestvalstdallocatorCIVCountedPointerN3DPrimitiveCTriangleListCIVCountedPointerN3_CTriangleList_005da040.cpp
005db450	EXACT	CAnimComponentFollowingOnAnimFilter_SetDefaultValue_005db450.cpp
005db490	EXACT	CAnimComponentStrikeResponseAnim_SetDefaultValue_005db490.cpp
005df600	EXACT	CAnimComponentTransitionInTime_GetTypeCAnimComponentTransitionInTimeUBEAW4EAnim_005df600.cpp
005df640	EXACT	CAnimComponentDelayTime_GetTypeCAnimComponentDelayTimeUBEAW4EAnimCompone_005df640.cpp
005df680	EXACT	CAnimComponentCombatHandedness_GetTypeCAnimComponentCombatHandednessUBEAW4EAnim_005df680.cpp
005df6c0	EXACT	CAnimComponentCombatComboChain_GetTypeCAnimComponentCombatComboChainUBEAW4EAnim_005df6c0.cpp
005df700	EXACT	CAnimComponentCombatRecoil_GetTypeCAnimComponentCombatRecoilUBEAW4EAnimComp_005df700.cpp
005df740	EXACT	CAnimComponentCombatMisc_GetTypeCAnimComponentCombatMiscUBEAW4EAnimCompon_005df740.cpp
005df780	EXACT	CAnimComponentCombatFlourishTargetOffset_GetTypeCAnimComponentCombatFlourishTargetOffsetU_005df780.cpp
005df7d0	EXACT	CAnimComponentFollowingOnAnim_GetTypeCAnimComponentFollowingOnAnimUBEAW4EAnimC_005df7d0.cpp
005df7e0	EXACT	CAnimComponentFollowingOnAnim_SetDefaultValue_005df7e0.cpp
005df830	EXACT	CAnimComponentSetCreatureMode_GetTypeCAnimComponentSetCreatureModeUBEAW4EAnimC_005df830.cpp
005df880	EXACT	CAnimComponentFollowingOnAnimFilter_GetTypeCAnimComponentFollowingOnAnimFilterUBEAW4_005df880.cpp
005df8d0	EXACT	CAnimComponentStrikeSpeedMultiplier_GetTypeCAnimComponentStrikeSpeedMultiplierUBEAW4_005df8d0.cpp
005df920	EXACT	CAnimComponentStrikeResponseAnim_GetTypeCAnimComponentStrikeResponseAnimUBEAW4EAn_005df920.cpp
005dfaa0	EXACT	DestvalstdallocatorCIVCountedPointerN3DPrimitiveCTriangleListCIVCountedPointerN3_CTriangleList_005dfaa0.cpp
005dfe80	EXACT	CAnimComponentFlags_GetTypeCAnimComponentFlagsUBEAW4EAnimComponentXZ_005dfe80.cpp
005e0110	EXACT	DestvalstdallocatorCIVCountedPointerN3DPrimitiveCTriangleListCIVCountedPointerN3_CTriangleList_005e0110.cpp
005e9c30	EXACT	CTCTavernGame_IsBetting_005e9c30.cpp
005ecf70	EXACT	DestvalstdallocatorCIVCountedPointerN3DPrimitiveCTriangleListCIVCountedPointerN3_CTriangleList_005ecf70.cpp
005f7681	EXACT	DestvalstdallocatorCIVCountedPointerN3DPrimitiveCTriangleListCIVCountedPointerN3_CTriangleList_005f7681.cpp
005f7699	EXACT	DestvalstdallocatorCIVCountedPointerN3DPrimitiveCTriangleListCIVCountedPointerN3_CTriangleList_005f7699.cpp
005f76b1	EXACT	DestvalstdallocatorCIVCountedPointerN3DPrimitiveCTriangleListCIVCountedPointerN3_CTriangleList_005f76b1.cpp
005f7eca	EXACT	DestvalstdallocatorCIVCountedPointerN3DPrimitiveCTriangleListCIVCountedPointerN3_CTriangleList_005f7eca.cpp
005f7ee2	EXACT	DestvalstdallocatorCIVCountedPointerN3DPrimitiveCTriangleListCIVCountedPointerN3_CTriangleList_005f7ee2.cpp
005f80f4	RELOC	LTextTreeWalkThrough_BuildTreeArray_005f80f4.cpp
005f8121	EXACT	CEngineInternalPrimitiveMeshBase_GetMeshEffect_005f8121.cpp
005f834a	EXACT	CEngineInternalPrimitiveMeshBase_GetMeshEffect_005f834a.cpp
005f8379	EXACT	CEngineInternalPrimitiveMeshBase_GetMeshEffect_005f8379.cpp
005f83a8	EXACT	CEngineInternalPrimitiveMeshBase_GetMeshEffect_005f83a8.cpp
005f8890	RELOC	CTCCarryable_OnKill_005f8890.cpp
005f8d31	RELOC	CLandscapeBackgroundPatch_vectordeletingdestructor_005f8d31.cpp
005f9f14	RELOC	CActiveFile_OnReadFinished_005f9f14.cpp
005f9f37	RELOC	CActiveFile_OnReadFinished_005f9f37.cpp
005fa018	RELOC	CActiveFile_OnReadFinished_005fa018.cpp
005fa0e7	RELOC	CActiveFile_OnReadFinished_005fa0e7.cpp
005fa461	RELOC	CLandscapeBackgroundPatch_vectordeletingdestructor_005fa461.cpp
0062d7b0	EXACT	CCreatureActionStartSneaking_PerformAction_0062d7b0.cpp
0062d7c0	EXACT	CCreatureActionStartSneaking_IsPreventingNormalMovement_0062d7c0.cpp
0062d860	EXACT	CCreatureActionStopSneaking_IsPreventingNormalMovement_0062d860.cpp
0062db60	EXACT	CCreatureActionPlayerInteractionGreet_IsPreventingLookTurning_0062db60.cpp
0062db70	EXACT	CCreatureActionPlayerInteractionGreet_IsToHaveEmptyHands_0062db70.cpp
0062db80	EXACT	CCreatureActionPlayerInteractionGreet_IsToReplaceItemIfRemoved_0062db80.cpp
0062db90	RELOC	CEngineSubPrimitiveText_scalardeletingdestructor_0062db90.cpp
0062dc50	EXACT	CCreatureActionPlayerInteractionInsult_IsToHaveEmptyHands_0062dc50.cpp
0062dc60	EXACT	CCreatureActionPlayerInteractionInsult_IsToReplaceItemIfRemoved_0062dc60.cpp
0062dc70	RELOC	CEngineSubPrimitiveText_scalardeletingdestructor_0062dc70.cpp
0062dd30	EXACT	CCreatureActionPlayerInteractionThreaten_IsToHaveEmptyHands_0062dd30.cpp
0062dd40	EXACT	CCreatureActionPlayerInteractionThreaten_IsToReplaceItemIfRemoved_0062dd40.cpp
0062dd50	RELOC	CEngineSubPrimitiveText_scalardeletingdestructor_0062dd50.cpp
0062de10	EXACT	CCreatureActionPlayerInteractionBribe_IsToHaveEmptyHands_0062de10.cpp
0062de20	EXACT	CCreatureActionPlayerInteractionBribe_IsToReplaceItemIfRemoved_0062de20.cpp
0062de30	RELOC	CEngineSubPrimitiveText_scalardeletingdestructor_0062de30.cpp
0062def0	EXACT	CCreatureActionPlayerInteractionFlirt_IsToHaveEmptyHands_0062def0.cpp
0062df00	EXACT	CCreatureActionPlayerInteractionFlirt_IsToReplaceItemIfRemoved_0062df00.cpp
0062df10	RELOC	CEngineSubPrimitiveText_scalardeletingdestructor_0062df10.cpp
0062dfd0	EXACT	CCreatureActionTavernGameMasterInteraction_PerformAction_0062dfd0.cpp
0062dfe0	EXACT	CCreatureActionTavernGameMasterInteraction_IsToHaveEmptyHands_0062dfe0.cpp
0062dff0	RELOC	CEngineSubPrimitiveText_scalardeletingdestructor_0062dff0.cpp
0062e0b0	RELOC	CEngineSubPrimitiveText_scalardeletingdestructor_0062e0b0.cpp
0062e9f0	EXACT	CCombatActionBase_PerformAction_0062e9f0.cpp
0062ea00	EXACT	CCombatActionBase_GetAnimDelayTimeCCombatActionBaseUBE_0062ea00.cpp
0062ea10	EXACT	CCombatActionBase_AllowsCombinationAnims_0062ea10.cpp
0062ea20	EXACT	CCombatActionBase_GetAnimExtraFlagsCCombatActionBaseUB_0062ea20.cpp
0062ea30	EXACT	CCombatActionBase_IsStrikeActionCCombatActionBaseUBENX_0062ea30.cpp
0062ea40	EXACT	CCombatActionBase_IsToUseRotationInAnimation_0062ea40.cpp
0062ea50	EXACT	CCombatActionBase_IsToAlignWithGroundNormal_0062ea50.cpp
0062ea60	EXACT	CCombatActionBase_IsToFaceTarget_0062ea60.cpp
0062ea70	EXACT	CCombatActionBase_IsToFaceTargetAtStart_0062ea70.cpp
0062eaa0	EXACT	CCombatActionBase_IsToPerformActionOnStrike_0062eaa0.cpp
0062eab0	EXACT	CCombatActionBase_IsToHitProneThings_0062eab0.cpp
00638180	RELOC	CTCLook_IsTurningBody_00638180.cpp
0063a970	RELOC	CWorldMap_SetThemeAtBlock_0063a970.cpp
0063a9e0	RELOC	CWorldMap_SetThemeBlendAtBlock_0063a9e0.cpp
0063aa50	RELOC	CWorldMap_GetThemeAtBlock_0063aa50.cpp
0063aab0	RELOC	CWorldMap_GetThemeBlendAtBlock_0063aab0.cpp
0063ed70	EXACT	DestvalstdallocatorCIVCountedPointerN3DPrimitiveCTriangleListCIVCountedPointerN3_CTriangleList_0063ed70.cpp
006548a5	RELOC	CLandscapeBackgroundPatch_vectordeletingdestructor_006548a5.cpp
00655164	RELOC	CLandscapeBackgroundPatch_vectordeletingdestructor_00655164.cpp
00655300	EXACT	DestvalstdallocatorCIVCountedPointerN3DPrimitiveCTriangleListCIVCountedPointerN3_CTriangleList_00655300.cpp
0065605f	RELOC	CActiveFile_OnReadFinished_0065605f.cpp
00656873	RELOC	CLandscapeBackgroundPatch_vectordeletingdestructor_00656873.cpp
006568cf	RELOC	CActiveFile_OnReadFinished_006568cf.cpp
00656e53	RELOC	CLandscapeBackgroundPatch_vectordeletingdestructor_00656e53.cpp
006582df	RELOC	CLandscapeBackgroundPatch_vectordeletingdestructor_006582df.cpp
006585ee	RELOC	CTCHeroExperience_AddSuccessfulBlockParry_006585ee.cpp
00658604	RELOC	CTCVillage_GetIsHeroEnemyOfGuards_00658604.cpp
00658a35	RELOC	CTCVillage_IsCookTime_00658a35.cpp
00658a80	RELOC	CTCVillage_IsCookTime_00658a80.cpp
00658b20	RELOC	CTCVillage_IsCookTime_00658b20.cpp
0065d7ba	RELOC	CLandscapeBackgroundPatch_vectordeletingdestructor_0065d7ba.cpp
0065d863	RELOC	CLandscapeBackgroundPatch_vectordeletingdestructor_0065d863.cpp
0065e0e0	EXACT	DestvalstdallocatorCIVCountedPointerN3DPrimitiveCTriangleListCIVCountedPointerN3_CTriangleList_0065e0e0.cpp
0065e117	RELOC	CLandscapeBackgroundPatch_vectordeletingdestructor_0065e117.cpp
0065e17c	RELOC	CLandscapeBackgroundPatch_vectordeletingdestructor_0065e17c.cpp
0065e242	EXACT	DestvalstdallocatorCIVCountedPointerN3DPrimitiveCTriangleListCIVCountedPointerN3_CTriangleList_0065e242.cpp
0065e323	EXACT	DestvalstdallocatorCIVCountedPointerN3DPrimitiveCTriangleListCIVCountedPointerN3_CTriangleList_0065e323.cpp
0065e689	EXACT	CEngineInternalPrimitiveMeshBase_GetMeshEffect_0065e689.cpp
0065e7f6	EXACT	CEngineInternalPrimitiveMeshBase_GetMeshEffect_0065e7f6.cpp
0065e825	EXACT	CEngineInternalPrimitiveMeshBase_GetMeshEffect_0065e825.cpp
0065e919	RELOC	CLandscapeBackgroundPatch_vectordeletingdestructor_0065e919.cpp
0065e935	RELOC	CLandscapeBackgroundPatch_vectordeletingdestructor_0065e935.cpp
0065e951	RELOC	CLandscapeBackgroundPatch_vectordeletingdestructor_0065e951.cpp
0065e96d	RELOC	CLandscapeBackgroundPatch_vectordeletingdestructor_0065e96d.cpp
0065e989	RELOC	CLandscapeBackgroundPatch_vectordeletingdestructor_0065e989.cpp
0065e9a5	RELOC	CLandscapeBackgroundPatch_vectordeletingdestructor_0065e9a5.cpp
0065ed3d	RELOC	CLandscapeBackgroundPatch_vectordeletingdestructor_0065ed3d.cpp
0065edf0	RELOC	CLandscapeBackgroundPatch_vectordeletingdestructor_0065edf0.cpp
0065eea0	RELOC	CLandscapeBackgroundPatch_vectordeletingdestructor_0065eea0.cpp
0065ef35	RELOC	CLandscapeBackgroundPatch_vectordeletingdestructor_0065ef35.cpp
0065efd8	RELOC	CLandscapeBackgroundPatch_vectordeletingdestructor_0065efd8.cpp
0066126b	RELOC	CLandscapeBackgroundPatch_vectordeletingdestructor_0066126b.cpp
00661e70	EXACT	CTCPhysicsStandard_CanCollideWithLandscape_00661e70.cpp
00661ec0	RELOC	CThingCreatureBase_GetCombatManager_00661ec0.cpp
00661ed0	RELOC	CThingCreatureBase_GetCombatManager_00661ed0.cpp
00661f70	EXACT	CThingCreatureBase_IsChild_00661f70.cpp
00661f90	RELOC	CThingCreatureBase_GetCombatRadius_00661f90.cpp
00662020	EXACT	Global_GetterFieldE0FC_00662020.cpp
00662090	EXACT	CThingCreatureBase_GetDazedHealthThreshold_00662090.cpp
006620f0	EXACT	CTCPhysicsBase_GetAirResistance_006620f0.cpp
00662100	EXACT	CTCPhysicsBase_GetAirResistance_00662100.cpp
00662190	EXACT	CTCPhysicsBase_GetAirResistance_00662190.cpp
00668590	EXACT	DestvalstdallocatorCIVCountedPointerN3DPrimitiveCTriangleListCIVCountedPointerN3_CTriangleList_00668590.cpp
00668610	EXACT	global_DeleteData_00668610.cpp
00668a80	EXACT	CAnimateThing_IsAnimationFinished_00668a80.cpp
00668b40	EXACT	DestvalstdallocatorCIVCountedPointerN3DPrimitiveCTriangleListCIVCountedPointerN3_CTriangleList_00668b40.cpp
00668cf0	EXACT	DestvalstdallocatorCIVCountedPointerN3DPrimitiveCTriangleListCIVCountedPointerN3_CTriangleList_00668cf0.cpp
00668d50	EXACT	DestvalstdallocatorCIVCountedPointerN3DPrimitiveCTriangleListCIVCountedPointerN3_CTriangleList_00668d50.cpp
00668d70	EXACT	DestvalstdallocatorCIVCountedPointerN3DPrimitiveCTriangleListCIVCountedPointerN3_CTriangleList_00668d70.cpp
0066a650	EXACT	CCombatActionGenericResponseToExplosion_IsUsingAnimationMovement_0066a650.cpp
0066a660	EXACT	CCombatActionGenericResponseToExplosion_IsOverrideableByActionOfSamePriority_0066a660.cpp
0066a730	RELOC	CEngineSubPrimitiveText_scalardeletingdestructor_0066a730.cpp
0066e7bd	EXACT	CManager_GetCurrentScreen_0066e7bd.cpp
00670000	EXACT	CTCPhysicsBase_GetAirResistance_00670000.cpp
00670af0	EXACT	DestvalstdallocatorCIVCountedPointerN3DPrimitiveCTriangleListCIVCountedPointerN3_CTriangleList_00670af0.cpp
006710d0	EXACT	CThingCreatureDef_GetSizeofClass_006710d0.cpp
006768c0	EXACT	CCreatureDef_GetSizeofClass_006768c0.cpp
00677350	EXACT	CThingBaseDef_GetSizeofClass_00677350.cpp
00677360	RELOC	CEngineSubPrimitiveText_scalardeletingdestructor_00677360.cpp
0067c510	EXACT	CBlurredAttitudesDef_GetSizeofClass_0067c510.cpp
0067f650	EXACT	global_DeleteData_0067f650.cpp
006818a0	RELOC	CTCCreatureOpinionOfHero_IsWillingToStartFollowingHero_006818a0.cpp
00685330	EXACT	DestvalstdallocatorCIVCountedPointerN3DPrimitiveCTriangleListCIVCountedPointerN3_CTriangleList_00685330.cpp
00685350	EXACT	DestvalstdallocatorCIVCountedPointerN3DPrimitiveCTriangleListCIVCountedPointerN3_CTriangleList_00685350.cpp
00685390	EXACT	DestvalstdallocatorCIVCountedPointerN3DPrimitiveCTriangleListCIVCountedPointerN3_CTriangleList_00685390.cpp
006855c0	EXACT	DestvalstdallocatorCIVCountedPointerN3DPrimitiveCTriangleListCIVCountedPointerN3_CTriangleList_006855c0.cpp
00685680	EXACT	DestvalstdallocatorCIVCountedPointerN3DPrimitiveCTriangleListCIVCountedPointerN3_CTriangleList_00685680.cpp
006856a0	EXACT	DestvalstdallocatorCIVCountedPointerN3DPrimitiveCTriangleListCIVCountedPointerN3_CTriangleList_006856a0.cpp
006869c0	EXACT	global_AddChildPrimitive_006869c0.cpp
006872b0	RELOC	CThingSwitch_vectordeletingdestructor_006872b0.cpp
00688a70	EXACT	CInputProcessTargetLockRightStickTargetSelect_Update_00688a70.cpp
006896a0	EXACT	CInputProcessInventory_GetPInventory_006896a0.cpp
006896b0	EXACT	CInputProcessInventoryClothing_GetPInventory_006896b0.cpp
00689810	EXACT	CInputProcessInventoryWeapons_GetPInventory_00689810.cpp
00689970	EXACT	CInputProcessHeroAbilitiesScreen_GetPInventory_00689970.cpp
00689ad0	EXACT	CInputProcessInventoryMapScreen_GetPInventory_00689ad0.cpp
00689ae0	EXACT	CInputProcessInventoryExperienceScreen_GetPInventory_00689ae0.cpp
00689af0	EXACT	CInputProcessInventoryTradeScreen_GetPInventory_00689af0.cpp
00689c10	EXACT	CInputProcessInventoryMagicScreen_GetPInventory_00689c10.cpp
00689c30	EXACT	CInputProcessInventoryStatsScreen_GetPInventory_00689c30.cpp
0068cb60	EXACT	CInputProcessFreezeControls_ProcessInput_0068cb60.cpp
0068dbb0	EXACT	CInputProcessCycleSpecialCameraModes_ProcessInput_0068dbb0.cpp
0068eb00	EXACT	CInputProcessUseRangedWeaponZLock_ProcessInput_0068eb00.cpp
0068fed0	EXACT	CInputProcessLightning_ProcessInput_0068fed0.cpp
00690820	EXACT	CInputProcessTavernGame_Init_00690820.cpp
00690e60	EXACT	CInputProcessBoastUI_Init_00690e60.cpp
00690fc0	EXACT	CInputProcessQuickAccessMenu_Init_00690fc0.cpp
00691460	EXACT	CInputProcessCreditsUI_Init_00691460.cpp
00691550	EXACT	CInputProcessBetting_Init_00691550.cpp
00692460	EXACT	CCreatureActionBase_GetAnimDelayTimeCCreatureActionBaseU_00692460.cpp
00692470	EXACT	CCreatureActionBase_GetAnimStartFrame_00692470.cpp
006924c0	EXACT	CCreatureActionBase_GetAnimationTransitionOutTimeCCreatureActionBase_006924c0.cpp
006924d0	EXACT	CCreatureActionBase_GetAnimExtraFlagsCCreatureActionBase_006924d0.cpp
006924e0	EXACT	CCreatureActionBase_IsStrikeEvent_006924e0.cpp
006924f0	EXACT	CCreatureActionBase_IsStrikeEventActiveCCreatureActionBa_006924f0.cpp
00692500	EXACT	CCreatureActionBase_IsStrikeActionCCreatureActionBaseUBE_00692500.cpp
00692510	EXACT	CCreatureActionBase_IsStrikeEventFinishedBeingActive_00692510.cpp
00692520	EXACT	CCreatureActionBase_IsKnockdownStrike_00692520.cpp
00692530	EXACT	CCreatureActionBase_IsVitalStrike_00692530.cpp
00692540	EXACT	CCreatureActionBase_IsOverrideableByActionOfSamePriority_00692540.cpp
00692550	EXACT	CCreatureActionBase_OnFrameUpdate_00692550.cpp
00692560	EXACT	CCreatureActionBase_IsQueuable_00692560.cpp
00692570	EXACT	CCreatureActionBase_IsActionReadyForInterruption_00692570.cpp
00692580	EXACT	CCreatureActionBase_IsBlockable_00692580.cpp
006925b0	EXACT	global_DrawGetEnvironment_006925b0.cpp
006925c0	EXACT	global_DrawGetEnvironment_006925c0.cpp
00692620	EXACT	global_DrawGetEnvironment_00692620.cpp
00692630	EXACT	CCreatureActionBase_IsToEvadeAllHits_00692630.cpp
00692640	EXACT	CCreatureActionBase_IsToCauseRecoil_00692640.cpp
00692650	EXACT	CCreatureActionBase_IsAbleToBeAttacked_00692650.cpp
00692660	EXACT	CCreatureActionBase_IsPlayHitResponse_00692660.cpp
00692680	EXACT	CCreatureActionBase_IsUsingAnimationMovement_00692680.cpp
00692690	EXACT	CCreatureActionBase_IsUsingForcedMovement_00692690.cpp
006926a0	EXACT	CCreatureActionBase_IsMovementUsingPhysics_006926a0.cpp
006926b0	EXACT	CCreatureActionBase_IsPartOfComboChain_006926b0.cpp
006926c0	EXACT	CCreatureActionBase_IsBlockCounter_006926c0.cpp
006926d0	EXACT	CCreatureActionBase_IsMeleeFlourish_006926d0.cpp
006926e0	EXACT	CCreatureActionBase_IsActionWithStrikeEventHelperName_006926e0.cpp
00692710	EXACT	CCreatureActionBase_IsActionReadyForInterruptionByMovement_00692710.cpp
00692720	EXACT	CCreatureActionBase_IsAffectedByHaste_00692720.cpp
00692730	EXACT	CCreatureActionBase_IsAffectedByHeroStats_00692730.cpp
00692740	EXACT	CCreatureActionBase_IsPhysicsPushableByHero_00692740.cpp
00692750	EXACT	CCreatureActionBase_IsAlwaysPhysicsPushableBySelfAvoidance_00692750.cpp
00692760	EXACT	CCreatureActionBase_IsAlwaysUseAnimationMovement_00692760.cpp
00692770	EXACT	CCreatureActionBase_IsClearingMovementVector_00692770.cpp
00692780	EXACT	CCreatureActionBase_IsToHaveEmptyHands_00692780.cpp
00692790	EXACT	CCreatureActionBase_IsToReplaceItemIfRemoved_00692790.cpp
006927a0	EXACT	CCreatureActionBase_IsAllowingAnimationMovementToMoveSpeakAndWaitCam_006927a0.cpp
006927b0	EXACT	CCreatureActionBase_IsPreventingQuickAccessItemUsage_006927b0.cpp
006927c0	EXACT	CCreatureActionBase_SetHitter_006927c0.cpp
006927d0	EXACT	CCreatureActionBase_SetHitDirection_006927d0.cpp
006927e0	EXACT	CCreatureActionBase_SetHitPosition_006927e0.cpp
006927f0	EXACT	CCreatureActionBase_OnBlowBlocked_006927f0.cpp
00692800	EXACT	CCreatureActionBase_OnFollowUpActionFailedToAdd_00692800.cpp
00692810	EXACT	CCreatureActionBase_IsDecapitatingAttack_00692810.cpp
00692820	EXACT	CCreatureActionBase_PreventSneaking_00692820.cpp
00692830	EXACT	CCreatureActionBase_OnAnimationLoaded_00692830.cpp
00692840	EXACT	CCreatureActionBase_WaitForMeshToLoad_00692840.cpp
00694f20	EXACT	DestvalstdallocatorCIVCountedPointerN3DPrimitiveCTriangleListCIVCountedPointerN3_CTriangleList_00694f20.cpp
00695450	RELOC	CThingSwitch_vectordeletingdestructor_00695450.cpp
00695640	RELOC	CEngineSubPrimitiveText_scalardeletingdestructor_00695640.cpp
006956e0	RELOC	CThingSwitch_vectordeletingdestructor_006956e0.cpp
00697030	EXACT	CAIGameCameraBase_PreparePrimitivesForRendering_00697030.cpp
00697040	EXACT	CAIGameCameraBase_IsPosInViewingFrustrum_00697040.cpp
00697070	EXACT	CAIGameCameraBase_IsLineOfSightToPos_00697070.cpp
006970a0	EXACT	CAIGameCameraBase_SetChangeInControlDirection_006970a0.cpp
006970b0	EXACT	CAIGameCameraBase_GetCameraManager_006970b0.cpp
006970c0	EXACT	CAIGameCameraBase_GetCameraManager_006970c0.cpp
006970d0	EXACT	CAIGameCameraBase_IsFreeLookMode_006970d0.cpp
006970e0	EXACT	CAIGameCameraBase_IsOverridingMainAngleXY_006970e0.cpp
006970f0	EXACT	CAIGameCameraBase_ScriptEnd_006970f0.cpp
00697100	EXACT	CAIGameCameraBase_ScriptStart_00697100.cpp
00697110	EXACT	CAIGameCameraBase_ScriptMoveToPosAndLookAtPos_00697110.cpp
00697120	EXACT	CAIGameCameraBase_ScriptMoveToPosAndLookAtThing_00697120.cpp
00697130	EXACT	CAIGameCameraBase_ScriptMoveToThingAndLookAtPos_00697130.cpp
00697140	EXACT	CAIGameCameraBase_ScriptMoveToThingAndLookAtThing_00697140.cpp
00697150	EXACT	CAIGameCameraBase_ScriptSetRotationSpeed_00697150.cpp
00697160	EXACT	CAIGameCameraBase_SetDebugCameraType_00697160.cpp
00697170	EXACT	CAIGameCameraBase_SetLookaroundVector_00697170.cpp
00697180	EXACT	CAIGameCameraBase_CyclePlayerViewType_00697180.cpp
006976f0	EXACT	CGameCameraManager_SetViewThing_006976f0.cpp
00697700	EXACT	CGameCameraManager_GetControlAngleXYCGameCameraManagerU_00697700.cpp
00697710	RELOC	CGameCameraManager_GetNoControlMovementTime_00697710.cpp
00697750	EXACT	CGameCameraManager_SetChangeInControlDirectionCGameCame_00697750.cpp
00697ae0	EXACT	CGameCameraManager_IsUsingScriptedCameraMode_00697ae0.cpp
00698470	RELOC	CGameCameraManager_SetProjectileWeaponFired_00698470.cpp
00699090	RELOC	CGameCameraManager_SetAutomaticCameraControl_00699090.cpp
0069c500	EXACT	DestvalstdallocatorCIVCountedPointerN3DPrimitiveCTriangleListCIVCountedPointerN3_CTriangleList_0069c500.cpp
0069d070	EXACT	DestvalstdallocatorCIVCountedPointerN3DPrimitiveCTriangleListCIVCountedPointerN3_CTriangleList_0069d070.cpp
0069e700	RELOC	CEngineSubPrimitiveText_scalardeletingdestructor_0069e700.cpp
006a07d0	EXACT	CCreatureActionSheatheItemToInventoryForEnflame_IsToEvadeAllHits_006a07d0.cpp
006a07e0	EXACT	CCreatureActionSheatheItemToInventoryForEnflame_IsAbleToBeAttacked_006a07e0.cpp
006a07f0	EXACT	CCreatureActionSheatheItemToInventoryForDivineWrath_IsToEvadeAllHits_006a07f0.cpp
006a0800	EXACT	CCreatureActionSheatheItemToInventoryForDivineWrath_IsAbleToBeAttacked_006a0800.cpp
006a0810	EXACT	CCreatureActionSheatheItemToInventoryForUnholyPower_IsToEvadeAllHits_006a0810.cpp
006a0820	EXACT	CCreatureActionSheatheItemToInventoryForUnholyPower_IsAbleToBeAttacked_006a0820.cpp
006a0830	EXACT	CCreatureActionUseObject_IsUsingForcedMovement_006a0830.cpp
006a0840	EXACT	CCreatureActionUseObject_IsPlayingAnimation_006a0840.cpp
006a0850	EXACT	CCreatureActionUseObject_IsOverrideableByActionOfSamePriority_006a0850.cpp
006a0860	EXACT	CCreatureActionUseObject_IsPreventingNormalMovement_006a0860.cpp
006a0870	EXACT	CCreatureActionUseObject_IsPreventingLookTurning_006a0870.cpp
006a0880	RELOC	CEngineSubPrimitiveText_scalardeletingdestructor_006a0880.cpp
006a2770	EXACT	DestvalstdallocatorCIVCountedPointerN3DPrimitiveCTriangleListCIVCountedPointerN3_CTriangleList_006a2770.cpp
006a2790	EXACT	DestvalstdallocatorCIVCountedPointerN3DPrimitiveCTriangleListCIVCountedPointerN3_CTriangleList_006a2790.cpp
006a2970	EXACT	DestvalstdallocatorCIVCountedPointerN3DPrimitiveCTriangleListCIVCountedPointerN3_CTriangleList_006a2970.cpp
006a2990	EXACT	DestvalstdallocatorCIVCountedPointerN3DPrimitiveCTriangleListCIVCountedPointerN3_CTriangleList_006a2990.cpp
006a4e40	RELOC	CParticleSystem_GetNormalisedTime_006a4e40.cpp
006a73e0	EXACT	CThingFilterIsUnconscious_operator_006a73e0.cpp
006a9170	EXACT	CInputProcessControlSpirit_ProcessInput_006a9170.cpp
006adbd0	EXACT	DestvalstdallocatorCIVCountedPointerN3DPrimitiveCTriangleListCIVCountedPointerN3_CTriangleList_006adbd0.cpp
006adbf0	EXACT	DestvalstdallocatorCIVCountedPointerN3DPrimitiveCTriangleListCIVCountedPointerN3_CTriangleList_006adbf0.cpp
006aded0	EXACT	DestvalstdallocatorCIVCountedPointerN3DPrimitiveCTriangleListCIVCountedPointerN3_CTriangleList_006aded0.cpp
006b0730	RELOC	CTCPhysicsBase_CTCPhysicsBase_006b0730.cpp
006b0ef0	EXACT	DestvalstdallocatorCIVCountedPointerN3DPrimitiveCTriangleListCIVCountedPointerN3_CTriangleList_006b0ef0.cpp
006b0f50	EXACT	DestvalstdallocatorCIVCountedPointerN3DPrimitiveCTriangleListCIVCountedPointerN3_CTriangleList_006b0f50.cpp
006b8b50	EXACT	DestvalstdallocatorCIVCountedPointerN3DPrimitiveCTriangleListCIVCountedPointerN3_CTriangleList_006b8b50.cpp
006b8d50	EXACT	DestvalstdallocatorCIVCountedPointerN3DPrimitiveCTriangleListCIVCountedPointerN3_CTriangleList_006b8d50.cpp
006bbf20	RELOC	CRegion_GetDisplayName_006bbf20.cpp
006bc1d0	RELOC	CRegion_SetRegionDefName_006bc1d0.cpp
006bd830	EXACT	CTCPhysicsNavigator_EnableNavigator_006bd830.cpp
006c2e90	RELOC	CEngineSubPrimitiveText_scalardeletingdestructor_006c2e90.cpp
006c4430	RELOC	CEngineSubPrimitiveText_scalardeletingdestructor_006c4430.cpp
006cb8f0	RELOC	CTCCreatureNavigation_IsCurrentlyNavigating_006cb8f0.cpp
006cb9d0	EXACT	CTCCreatureNavigation_SetAsAbleToMoveThroughSolidObjects_006cb9d0.cpp
006cba20	RELOC	CTCCreatureNavigation_IsPosNavLineOfSightTo_006cba20.cpp
006ccb50	EXACT	DestvalstdallocatorCIVCountedPointerN3DPrimitiveCTriangleListCIVCountedPointerN3_CTriangleList_006ccb50.cpp
006ceae0	RELOC	CTCHeroExperience_AddSuccessfulBlockParry_006ceae0.cpp
006d33d0	EXACT	DestvalstdallocatorCIVCountedPointerN3DPrimitiveCTriangleListCIVCountedPointerN3_CTriangleList_006d33d0.cpp
006d33f0	EXACT	DestvalstdallocatorCIVCountedPointerN3DPrimitiveCTriangleListCIVCountedPointerN3_CTriangleList_006d33f0.cpp
006d3410	EXACT	DestvalstdallocatorCIVCountedPointerN3DPrimitiveCTriangleListCIVCountedPointerN3_CTriangleList_006d3410.cpp
006d36d0	EXACT	DestvalstdallocatorCIVCountedPointerN3DPrimitiveCTriangleListCIVCountedPointerN3_CTriangleList_006d36d0.cpp
006d36f0	EXACT	DestvalstdallocatorCIVCountedPointerN3DPrimitiveCTriangleListCIVCountedPointerN3_CTriangleList_006d36f0.cpp
006d6570	RELOC	CTCHeroExperience_GetExperiencePickUpMultiplier_006d6570.cpp
006e7290	RELOC	CGameScriptInterface_EndLetterBox_006e7290.cpp
006e7300	EXACT	CGameScriptInterface_IsCameraPosOnScreen_006e7300.cpp
006e7340	RELOC	CGameScriptInterface_GetGameAngleXY_006e7340.cpp
006e7410	RELOC	CGameScriptInterface_NewScriptFrame_006e7410.cpp
006e76e0	RELOC	CGameScriptInterface_SetTimer_006e76e0.cpp
006e7710	RELOC	CGameScriptInterface_GetTimer_006e7710.cpp
006e7d20	EXACT	CGameScriptInterface_TraceMessage_006e7d20.cpp
006e7d30	EXACT	CGameScriptInterface_SetCreatureCreationDelayFrames_006e7d30.cpp
006e7d40	EXACT	CGameScriptInterface_ResetCreatureCreationDelayFrames_006e7d40.cpp
006ee200	EXACT	DestvalstdallocatorCIVCountedPointerN3DPrimitiveCTriangleListCIVCountedPointerN3_CTriangleList_006ee200.cpp
006ee420	EXACT	DestvalstdallocatorCIVCountedPointerN3DPrimitiveCTriangleListCIVCountedPointerN3_CTriangleList_006ee420.cpp
006ef3d0	EXACT	DestvalstdallocatorCIVCountedPointerN3DPrimitiveCTriangleListCIVCountedPointerN3_CTriangleList_006ef3d0.cpp
006ef3f0	EXACT	DestvalstdallocatorCIVCountedPointerN3DPrimitiveCTriangleListCIVCountedPointerN3_CTriangleList_006ef3f0.cpp
006ef460	EXACT	DestvalstdallocatorCIVCountedPointerN3DPrimitiveCTriangleListCIVCountedPointerN3_CTriangleList_006ef460.cpp
006f5550	EXACT	CCreatureActionScreamerDrainAttack_IsToFaceTargetAtStart_006f5550.cpp
006f5560	EXACT	CCreatureActionScreamerDrainAttack_IsToFaceTarget_006f5560.cpp
006f5570	EXACT	CCreatureActionScreamerDrainAttack_GetAnimationTransitionInTime_006f5570.cpp
006f55a0	EXACT	CCreatureActionScreamerDrainOutOf_IsToFaceTargetAtStart_006f55a0.cpp
006f55b0	EXACT	CCreatureActionScreamerDrainOutOf_IsToFaceTarget_006f55b0.cpp
006f55c0	EXACT	CCreatureActionScreamerDrainOutOf_GetAnimationTransitionInTime_006f55c0.cpp
006f55f0	EXACT	CCreatureActionScreamerIdle_IsToFaceTarget_006f55f0.cpp
006f5600	EXACT	CCreatureActionScreamerIdle_GetAnimationTransitionInTime_006f5600.cpp
006f5630	EXACT	CCreatureActionScreamerAdvance_IsToFaceTarget_006f5630.cpp
006f5640	EXACT	CCreatureActionScreamerAdvance_GetAnimationTransitionInTime_006f5640.cpp
006f5670	EXACT	CCreatureActionScreamerBackOff_IsToFaceTarget_006f5670.cpp
006f5680	EXACT	CCreatureActionScreamerBackOff_GetAnimationTransitionInTime_006f5680.cpp
006f56b0	EXACT	CCombatActionGenericStrikeResponseBase_GetAnimationTransitionInTime_006f56b0.cpp
006f57b0	EXACT	CCombatActionStrikeResponseScorpionKing_AllowsCombinationAnims_006f57b0.cpp
006f5830	EXACT	CCreatureActionInterruptableFarAttack_IsVitalStrike_006f5830.cpp
006f5840	EXACT	CCreatureActionInterruptableFarAttack_IsKnockdownStrike_006f5840.cpp
006f5850	EXACT	CCreatureActionInterruptableFarAttack_IsToFaceTargetAtStart_006f5850.cpp
006f58a0	EXACT	CCreatureActionInterruptableMidAttack_IsToFaceTargetAtStart_006f58a0.cpp
006f58b0	EXACT	CCreatureActionInterruptableMidAttack_IsPartOfComboChain_006f58b0.cpp
006f58e0	EXACT	CCreatureActionLeapBack_IsToFaceTarget_006f58e0.cpp
006f5940	EXACT	CCreatureActionCombatIdle_IsToFaceTargetAtStart_006f5940.cpp
006f5970	EXACT	CCreatureActionCombatBoast_IsToFaceTargetAtStart_006f5970.cpp
006f59e0	EXACT	CCreatureActionGenericStrafeLeft_IsToFaceTarget_006f59e0.cpp
006f5a10	EXACT	CCreatureActionGenericStrafeRight_IsToFaceTarget_006f5a10.cpp
006f5a60	EXACT	CCreatureActionBanditKingGetHit_IsToEvadeAllHits_006f5a60.cpp
006f5aa0	EXACT	CCreatureActionGenericAimProjectileWeapon_IsToFaceTarget_006f5aa0.cpp
006f5ae0	EXACT	CCreatureActionGenericFireProjectileWeapon_IsToFaceTarget_006f5ae0.cpp
006f5b40	EXACT	CCreatureActionNymphGetHitDie_IsUsingAnimationMovement_006f5b40.cpp
006f5b80	EXACT	CCreatureActionSummonerFlameSlice_IsToFaceTargetAtStart_006f5b80.cpp
006f5bb0	EXACT	CCreatureActionSummonerStrike_IsKnockdownStrike_006f5bb0.cpp
006f5bc0	EXACT	CCreatureActionSummonerStrike_IsPartOfComboChain_006f5bc0.cpp
006f5bd0	EXACT	CCreatureActionSummonerStrike_IsToFaceTargetAtStart_006f5bd0.cpp
006f5c00	EXACT	CCreatureActionSummonerDie_IsToEvadeAllHits_006f5c00.cpp
006f7f20	RELOC	CEngineSubPrimitiveText_scalardeletingdestructor_006f7f20.cpp
006f8110	RELOC	CEngineSubPrimitiveText_scalardeletingdestructor_006f8110.cpp
006f81a0	RELOC	CEngineSubPrimitiveText_scalardeletingdestructor_006f81a0.cpp
006f84a0	RELOC	CEngineSubPrimitiveText_scalardeletingdestructor_006f84a0.cpp
006fd4e0	EXACT	CGameCameraBase_PreparePrimitivesForRendering_006fd4e0.cpp
007044b0	EXACT	global_DeleteData_007044b0.cpp
00708a90	EXACT	DestvalstdallocatorCIVCountedPointerN3DPrimitiveCTriangleListCIVCountedPointerN3_CTriangleList_00708a90.cpp
0070b320	RELOC	CThingSwitch_vectordeletingdestructor_0070b320.cpp
0070b460	EXACT	global_DrawGetEnvironment_0070b460.cpp
0070f7b0	EXACT	DestvalstdallocatorCIVCountedPointerN3DPrimitiveCTriangleListCIVCountedPointerN3_CTriangleList_0070f7b0.cpp
0070fee0	EXACT	DestvalstdallocatorCIVCountedPointerN3DPrimitiveCTriangleListCIVCountedPointerN3_CTriangleList_0070fee0.cpp
0070ffc0	EXACT	DestvalstdallocatorCIVCountedPointerN3DPrimitiveCTriangleListCIVCountedPointerN3_CTriangleList_0070ffc0.cpp
0070ffe0	EXACT	DestvalstdallocatorCIVCountedPointerN3DPrimitiveCTriangleListCIVCountedPointerN3_CTriangleList_0070ffe0.cpp
007107b0	EXACT	DestvalstdallocatorCIVCountedPointerN3DPrimitiveCTriangleListCIVCountedPointerN3_CTriangleList_007107b0.cpp
00713140	RELOC	CActionDoCreatureAction_CActionDoCreatureAction_00713140.cpp
00713290	RELOC	CCategory_GetHighlightedItemCountInCategory_00713290.cpp
007180c0	EXACT	global_DeleteData_007180c0.cpp
007186d0	EXACT	CCreatureActionAimMissileWeapon_PerformAction_007186d0.cpp
007186e0	RELOC	CEngineSubPrimitiveText_scalardeletingdestructor_007186e0.cpp
00718790	RELOC	CEngineSubPrimitiveText_scalardeletingdestructor_00718790.cpp
00718810	RELOC	CEngineSubPrimitiveText_scalardeletingdestructor_00718810.cpp
007190c0	RELOC	CThingSwitch_vectordeletingdestructor_007190c0.cpp
007190f0	RELOC	CEngineSubPrimitiveText_scalardeletingdestructor_007190f0.cpp
00719120	RELOC	CThingSwitch_vectordeletingdestructor_00719120.cpp
00719150	RELOC	CEngineSubPrimitiveText_scalardeletingdestructor_00719150.cpp
00722af0	EXACT	DestvalstdallocatorCIVCountedPointerN3DPrimitiveCTriangleListCIVCountedPointerN3_CTriangleList_00722af0.cpp
00723240	RELOC	CEngineSubPrimitiveText_scalardeletingdestructor_00723240.cpp
007236e0	RELOC	CTCPhysicsStandard_ResetInterpolation_007236e0.cpp
00723a10	RELOC	CTCPhysicsStandard_SetRHSetAsFlushOnGround_00723a10.cpp
00723a60	EXACT	CTCPhysicsStandard_IsOnAnyStationarySurface_00723a60.cpp
00726750	RELOC	CTCPhysicsNavigator_SetPosition_00726750.cpp
007276d0	RELOC	CEngineSubPrimitiveText_scalardeletingdestructor_007276d0.cpp
00729a00	RELOC	CEngineSubPrimitiveText_scalardeletingdestructor_00729a00.cpp
0072e630	EXACT	DestvalstdallocatorCIVCountedPointerN3DPrimitiveCTriangleListCIVCountedPointerN3_CTriangleList_0072e630.cpp
0072f0e0	EXACT	CTCPhysicsNavigator_EnableNavigator_0072f0e0.cpp
00731a50	RELOC	CEngineSubPrimitiveText_scalardeletingdestructor_00731a50.cpp
00732440	EXACT	DestvalstdallocatorCIVCountedPointerN3DPrimitiveCTriangleListCIVCountedPointerN3_CTriangleList_00732440.cpp
00732530	EXACT	DestvalstdallocatorCIVCountedPointerN3DPrimitiveCTriangleListCIVCountedPointerN3_CTriangleList_00732530.cpp
00732ad0	EXACT	DestvalstdallocatorCIVCountedPointerN3DPrimitiveCTriangleListCIVCountedPointerN3_CTriangleList_00732ad0.cpp
00732b30	EXACT	DestvalstdallocatorCIVCountedPointerN3DPrimitiveCTriangleListCIVCountedPointerN3_CTriangleList_00732b30.cpp
00733100	RELOC	CTCCombat_IsUsingUnarmedCombatIdle_00733100.cpp
007331a0	RELOC	CTCCombat_IsAbleToBeKnockedDown_007331a0.cpp
007331c0	RELOC	CTCCombat_IsVulnerableToUnblockableAttack_007331c0.cpp
00733290	EXACT	CThingFilterIsUnconscious_operator_00733290.cpp
007333d0	EXACT	CTCCombat_IsCurrentActionBlockable_007333d0.cpp
00736e10	EXACT	DestvalstdallocatorCIVCountedPointerN3DPrimitiveCTriangleListCIVCountedPointerN3_CTriangleList_00736e10.cpp
00736e30	EXACT	DestvalstdallocatorCIVCountedPointerN3DPrimitiveCTriangleListCIVCountedPointerN3_CTriangleList_00736e30.cpp
00736e50	EXACT	DestvalstdallocatorCIVCountedPointerN3DPrimitiveCTriangleListCIVCountedPointerN3_CTriangleList_00736e50.cpp
00736e70	EXACT	DestvalstdallocatorCIVCountedPointerN3DPrimitiveCTriangleListCIVCountedPointerN3_CTriangleList_00736e70.cpp
00736e90	EXACT	DestvalstdallocatorCIVCountedPointerN3DPrimitiveCTriangleListCIVCountedPointerN3_CTriangleList_00736e90.cpp
00736eb0	EXACT	DestvalstdallocatorCIVCountedPointerN3DPrimitiveCTriangleListCIVCountedPointerN3_CTriangleList_00736eb0.cpp
00736ed0	EXACT	DestvalstdallocatorCIVCountedPointerN3DPrimitiveCTriangleListCIVCountedPointerN3_CTriangleList_00736ed0.cpp
00737590	EXACT	DestvalstdallocatorCIVCountedPointerN3DPrimitiveCTriangleListCIVCountedPointerN3_CTriangleList_00737590.cpp
007375b0	EXACT	DestvalstdallocatorCIVCountedPointerN3DPrimitiveCTriangleListCIVCountedPointerN3_CTriangleList_007375b0.cpp
007375d0	EXACT	DestvalstdallocatorCIVCountedPointerN3DPrimitiveCTriangleListCIVCountedPointerN3_CTriangleList_007375d0.cpp
007375f0	EXACT	DestvalstdallocatorCIVCountedPointerN3DPrimitiveCTriangleListCIVCountedPointerN3_CTriangleList_007375f0.cpp
00737610	EXACT	DestvalstdallocatorCIVCountedPointerN3DPrimitiveCTriangleListCIVCountedPointerN3_CTriangleList_00737610.cpp
00737630	EXACT	DestvalstdallocatorCIVCountedPointerN3DPrimitiveCTriangleListCIVCountedPointerN3_CTriangleList_00737630.cpp
007388b0	EXACT	DestvalstdallocatorCIVCountedPointerN3DPrimitiveCTriangleListCIVCountedPointerN3_CTriangleList_007388b0.cpp
00739a40	EXACT	CCreatureActionBlockBroken_IsActionReadyForInterruption_00739a40.cpp
0073d290	EXACT	DestvalstdallocatorCIVCountedPointerN3DPrimitiveCTriangleListCIVCountedPointerN3_CTriangleList_0073d290.cpp
0073d2b0	EXACT	DestvalstdallocatorCIVCountedPointerN3DPrimitiveCTriangleListCIVCountedPointerN3_CTriangleList_0073d2b0.cpp
0073d2d0	EXACT	DestvalstdallocatorCIVCountedPointerN3DPrimitiveCTriangleListCIVCountedPointerN3_CTriangleList_0073d2d0.cpp
0073d2f0	EXACT	DestvalstdallocatorCIVCountedPointerN3DPrimitiveCTriangleListCIVCountedPointerN3_CTriangleList_0073d2f0.cpp
0073d770	RELOC	CEngineSubPrimitiveText_scalardeletingdestructor_0073d770.cpp
0073da00	EXACT	CModeStandBase_IsAllowingPlayerSpecialMovementMoves_0073da00.cpp
0073da80	EXACT	DestvalstdallocatorCIVCountedPointerN3DPrimitiveCTriangleListCIVCountedPointerN3_CTriangleList_0073da80.cpp
0073daa0	EXACT	DestvalstdallocatorCIVCountedPointerN3DPrimitiveCTriangleListCIVCountedPointerN3_CTriangleList_0073daa0.cpp
0073dac0	EXACT	DestvalstdallocatorCIVCountedPointerN3DPrimitiveCTriangleListCIVCountedPointerN3_CTriangleList_0073dac0.cpp
0073dae0	EXACT	DestvalstdallocatorCIVCountedPointerN3DPrimitiveCTriangleListCIVCountedPointerN3_CTriangleList_0073dae0.cpp
0073e3e0	RELOC	CEngineSubPrimitiveText_scalardeletingdestructor_0073e3e0.cpp
0073e4d0	RELOC	CEngineSubPrimitiveText_scalardeletingdestructor_0073e4d0.cpp
0073e5c0	RELOC	CEngineSubPrimitiveText_scalardeletingdestructor_0073e5c0.cpp
0073ed20	RELOC	CEngineSubPrimitiveText_scalardeletingdestructor_0073ed20.cpp
0073ee00	RELOC	CEngineSubPrimitiveText_scalardeletingdestructor_0073ee00.cpp
0073eed0	RELOC	CEngineSubPrimitiveText_scalardeletingdestructor_0073eed0.cpp
0073efa0	RELOC	CEngineSubPrimitiveText_scalardeletingdestructor_0073efa0.cpp
0073f070	RELOC	CEngineSubPrimitiveText_scalardeletingdestructor_0073f070.cpp
0073f140	RELOC	CEngineSubPrimitiveText_scalardeletingdestructor_0073f140.cpp
0073f210	RELOC	CEngineSubPrimitiveText_scalardeletingdestructor_0073f210.cpp
0073f2e0	RELOC	CEngineSubPrimitiveText_scalardeletingdestructor_0073f2e0.cpp
0073f3b0	RELOC	CEngineSubPrimitiveText_scalardeletingdestructor_0073f3b0.cpp
0073f480	RELOC	CEngineSubPrimitiveText_scalardeletingdestructor_0073f480.cpp
0073f550	RELOC	CEngineSubPrimitiveText_scalardeletingdestructor_0073f550.cpp
0073f620	RELOC	CEngineSubPrimitiveText_scalardeletingdestructor_0073f620.cpp
0073f6f0	RELOC	CEngineSubPrimitiveText_scalardeletingdestructor_0073f6f0.cpp
0073f7c0	RELOC	CEngineSubPrimitiveText_scalardeletingdestructor_0073f7c0.cpp
0073f890	RELOC	CEngineSubPrimitiveText_scalardeletingdestructor_0073f890.cpp
0073f960	RELOC	CEngineSubPrimitiveText_scalardeletingdestructor_0073f960.cpp
0073fa30	RELOC	CEngineSubPrimitiveText_scalardeletingdestructor_0073fa30.cpp
0073fb00	RELOC	CEngineSubPrimitiveText_scalardeletingdestructor_0073fb00.cpp
0073fbe0	RELOC	CEngineSubPrimitiveText_scalardeletingdestructor_0073fbe0.cpp
0073fcb0	RELOC	CEngineSubPrimitiveText_scalardeletingdestructor_0073fcb0.cpp
0073fd80	RELOC	CEngineSubPrimitiveText_scalardeletingdestructor_0073fd80.cpp
0073fe70	RELOC	CThingSwitch_vectordeletingdestructor_0073fe70.cpp
0073ff40	RELOC	CEngineSubPrimitiveText_scalardeletingdestructor_0073ff40.cpp
00740010	RELOC	CEngineSubPrimitiveText_scalardeletingdestructor_00740010.cpp
00740220	RELOC	CEngineSubPrimitiveText_scalardeletingdestructor_00740220.cpp
00740310	RELOC	CEngineSubPrimitiveText_scalardeletingdestructor_00740310.cpp
00740610	RELOC	CEngineSubPrimitiveText_scalardeletingdestructor_00740610.cpp
007407f0	RELOC	CEngineSubPrimitiveText_scalardeletingdestructor_007407f0.cpp
007408c0	RELOC	CEngineSubPrimitiveText_scalardeletingdestructor_007408c0.cpp
00740990	RELOC	CEngineSubPrimitiveText_scalardeletingdestructor_00740990.cpp
00740a60	RELOC	CEngineSubPrimitiveText_scalardeletingdestructor_00740a60.cpp
00740b30	RELOC	CEngineSubPrimitiveText_scalardeletingdestructor_00740b30.cpp
00740c00	RELOC	CEngineSubPrimitiveText_scalardeletingdestructor_00740c00.cpp
00740cd0	RELOC	CEngineSubPrimitiveText_scalardeletingdestructor_00740cd0.cpp
00740da0	RELOC	CEngineSubPrimitiveText_scalardeletingdestructor_00740da0.cpp
00740e70	RELOC	CEngineSubPrimitiveText_scalardeletingdestructor_00740e70.cpp
00740f40	RELOC	CEngineSubPrimitiveText_scalardeletingdestructor_00740f40.cpp
00741010	RELOC	CEngineSubPrimitiveText_scalardeletingdestructor_00741010.cpp
007410e0	RELOC	CEngineSubPrimitiveText_scalardeletingdestructor_007410e0.cpp
007411b0	RELOC	CEngineSubPrimitiveText_scalardeletingdestructor_007411b0.cpp
00741280	RELOC	CEngineSubPrimitiveText_scalardeletingdestructor_00741280.cpp
00741490	RELOC	CThingSwitch_vectordeletingdestructor_00741490.cpp
00741560	RELOC	CEngineSubPrimitiveText_scalardeletingdestructor_00741560.cpp
00741630	RELOC	CEngineSubPrimitiveText_scalardeletingdestructor_00741630.cpp
00741700	RELOC	CEngineSubPrimitiveText_scalardeletingdestructor_00741700.cpp
007417d0	RELOC	CEngineSubPrimitiveText_scalardeletingdestructor_007417d0.cpp
007418a0	RELOC	CEngineSubPrimitiveText_scalardeletingdestructor_007418a0.cpp
00741980	RELOC	CThingSwitch_vectordeletingdestructor_00741980.cpp
00741a60	RELOC	CThingSwitch_vectordeletingdestructor_00741a60.cpp
00741b30	RELOC	CEngineSubPrimitiveText_scalardeletingdestructor_00741b30.cpp
00741c10	RELOC	CThingSwitch_vectordeletingdestructor_00741c10.cpp
00741eb0	RELOC	CEngineSubPrimitiveText_scalardeletingdestructor_00741eb0.cpp
00743960	RELOC	CEngineSubPrimitiveText_scalardeletingdestructor_00743960.cpp
00744130	RELOC	CEngineSubPrimitiveText_scalardeletingdestructor_00744130.cpp
007443f0	RELOC	CTCPerceiveThing_IsUpdatingThisFrame_007443f0.cpp
00744580	RELOC	CTCPerceiveThing_GetExtendedSightRadius_00744580.cpp
00744730	RELOC	CTCPerceiveThing_SetLastAwareInfo_00744730.cpp
00744830	RELOC	CTCPerceiveThing_IsPlayerExtendedLineOfSight_00744830.cpp
00744870	RELOC	CTCPerceiveThing_IsPlayerExtendedLineOfSight_00744870.cpp
00746b60	EXACT	DestvalstdallocatorCIVCountedPointerN3DPrimitiveCTriangleListCIVCountedPointerN3_CTriangleList_00746b60.cpp
00746bc0	EXACT	DestvalstdallocatorCIVCountedPointerN3DPrimitiveCTriangleListCIVCountedPointerN3_CTriangleList_00746bc0.cpp
007482a0	EXACT	DestvalstdallocatorCIVCountedPointerN3DPrimitiveCTriangleListCIVCountedPointerN3_CTriangleList_007482a0.cpp
007499f0	EXACT	DestvalstdallocatorCIVCountedPointerN3DPrimitiveCTriangleListCIVCountedPointerN3_CTriangleList_007499f0.cpp
00749aa0	EXACT	DestvalstdallocatorCIVCountedPointerN3DPrimitiveCTriangleListCIVCountedPointerN3_CTriangleList_00749aa0.cpp
00749dc0	EXACT	CThingFilterIsUnconscious_operator_00749dc0.cpp
0074c8c0	EXACT	DestvalstdallocatorCIVCountedPointerN3DPrimitiveCTriangleListCIVCountedPointerN3_CTriangleList_0074c8c0.cpp
0074c8e0	EXACT	DestvalstdallocatorCIVCountedPointerN3DPrimitiveCTriangleListCIVCountedPointerN3_CTriangleList_0074c8e0.cpp
0074cc00	EXACT	DestvalstdallocatorCIVCountedPointerN3DPrimitiveCTriangleListCIVCountedPointerN3_CTriangleList_0074cc00.cpp
0074db40	EXACT	CCreatureActionRiseUp_IsKnockdownStrike_0074db40.cpp
0074db50	EXACT	CCreatureActionRiseUp_IsBlockable_0074db50.cpp
0074db60	EXACT	CCreatureActionRiseUp_IsToEvadeAllHits_0074db60.cpp
0074db80	EXACT	CCreatureActionRiseUp_GetAnimationTransitionInTime_0074db80.cpp
0074dc00	EXACT	CCreatureActionOnGenerate_IsToEvadeAllHits_0074dc00.cpp
0074dc10	EXACT	CCreatureActionOnGenerate_GetAnimationTransitionInTime_0074dc10.cpp
0074dcb0	EXACT	CCreatureActionUndeadRiseUp_PerformAction_0074dcb0.cpp
0074dcc0	EXACT	CCreatureActionUndeadRiseUp_IsKnockdownStrike_0074dcc0.cpp
0074dcd0	EXACT	CCreatureActionUndeadRiseUp_IsBlockable_0074dcd0.cpp
0074dd60	EXACT	CCreatureActionUndeadIdleUnderground_IsToEvadeAllHits_0074dd60.cpp
0074f210	EXACT	DestvalstdallocatorCIVCountedPointerN3DPrimitiveCTriangleListCIVCountedPointerN3_CTriangleList_0074f210.cpp
0074f230	EXACT	DestvalstdallocatorCIVCountedPointerN3DPrimitiveCTriangleListCIVCountedPointerN3_CTriangleList_0074f230.cpp
0074f250	EXACT	DestvalstdallocatorCIVCountedPointerN3DPrimitiveCTriangleListCIVCountedPointerN3_CTriangleList_0074f250.cpp
0074f440	EXACT	DestvalstdallocatorCIVCountedPointerN3DPrimitiveCTriangleListCIVCountedPointerN3_CTriangleList_0074f440.cpp
0074f460	EXACT	DestvalstdallocatorCIVCountedPointerN3DPrimitiveCTriangleListCIVCountedPointerN3_CTriangleList_0074f460.cpp
00750a60	RELOC	CEngineSubPrimitiveText_scalardeletingdestructor_00750a60.cpp
00751030	EXACT	DestvalstdallocatorCIVCountedPointerN3DPrimitiveCTriangleListCIVCountedPointerN3_CTriangleList_00751030.cpp
00754c80	EXACT	DestvalstdallocatorCIVCountedPointerN3DPrimitiveCTriangleListCIVCountedPointerN3_CTriangleList_00754c80.cpp
00754ef0	EXACT	DestvalstdallocatorCIVCountedPointerN3DPrimitiveCTriangleListCIVCountedPointerN3_CTriangleList_00754ef0.cpp
00763a20	EXACT	global_DeleteData_00763a20.cpp
007692a0	RELOC	CThingSwitch_vectordeletingdestructor_007692a0.cpp
0076d900	RELOC	CThingSwitch_vectordeletingdestructor_0076d900.cpp
00771030	RELOC	CEngineSubPrimitiveText_scalardeletingdestructor_00771030.cpp
00771060	EXACT	DestvalstdallocatorCIVCountedPointerN3DPrimitiveCTriangleListCIVCountedPointerN3_CTriangleList_00771060.cpp
00771080	EXACT	DestvalstdallocatorCIVCountedPointerN3DPrimitiveCTriangleListCIVCountedPointerN3_CTriangleList_00771080.cpp
00771940	EXACT	DestvalstdallocatorCIVCountedPointerN3DPrimitiveCTriangleListCIVCountedPointerN3_CTriangleList_00771940.cpp
007719a0	EXACT	DestvalstdallocatorCIVCountedPointerN3DPrimitiveCTriangleListCIVCountedPointerN3_CTriangleList_007719a0.cpp
00778880	EXACT	DestvalstdallocatorCIVCountedPointerN3DPrimitiveCTriangleListCIVCountedPointerN3_CTriangleList_00778880.cpp
007788e0	EXACT	DestvalstdallocatorCIVCountedPointerN3DPrimitiveCTriangleListCIVCountedPointerN3_CTriangleList_007788e0.cpp
00779af0	EXACT	DestvalstdallocatorCIVCountedPointerN3DPrimitiveCTriangleListCIVCountedPointerN3_CTriangleList_00779af0.cpp
0077d000	EXACT	DestvalstdallocatorCIVCountedPointerN3DPrimitiveCTriangleListCIVCountedPointerN3_CTriangleList_0077d000.cpp
0077d060	EXACT	DestvalstdallocatorCIVCountedPointerN3DPrimitiveCTriangleListCIVCountedPointerN3_CTriangleList_0077d060.cpp
00780310	RELOC	CEngineSubPrimitiveText_scalardeletingdestructor_00780310.cpp
007810b0	EXACT	DestvalstdallocatorCIVCountedPointerN3DPrimitiveCTriangleListCIVCountedPointerN3_CTriangleList_007810b0.cpp
007811d0	RELOC	CThingSwitch_vectordeletingdestructor_007811d0.cpp
00781260	EXACT	DestvalstdallocatorCIVCountedPointerN3DPrimitiveCTriangleListCIVCountedPointerN3_CTriangleList_00781260.cpp
00784e50	EXACT	DestvalstdallocatorCIVCountedPointerN3DPrimitiveCTriangleListCIVCountedPointerN3_CTriangleList_00784e50.cpp
00784f90	EXACT	DestvalstdallocatorCIVCountedPointerN3DPrimitiveCTriangleListCIVCountedPointerN3_CTriangleList_00784f90.cpp
00786f40	EXACT	DestvalstdallocatorCIVCountedPointerN3DPrimitiveCTriangleListCIVCountedPointerN3_CTriangleList_00786f40.cpp
00787a60	EXACT	DestvalstdallocatorCIVCountedPointerN3DPrimitiveCTriangleListCIVCountedPointerN3_CTriangleList_00787a60.cpp
00787ac0	EXACT	DestvalstdallocatorCIVCountedPointerN3DPrimitiveCTriangleListCIVCountedPointerN3_CTriangleList_00787ac0.cpp
00787c18	EXACT	global_operator_00787c18.cpp
00788dbe	EXACT	CEngineInternalPrimitiveMeshBase_GetMeshEffect_00788dbe.cpp
007890c7	RELOC	CActiveFile_OnReadFinished_007890c7.cpp
007894b7	RELOC	CLandscapeBackgroundPatch_vectordeletingdestructor_007894b7.cpp
007894d3	RELOC	CLandscapeBackgroundPatch_vectordeletingdestructor_007894d3.cpp
007894ef	RELOC	CEngineSubPrimitiveText_scalardeletingdestructor_007894ef.cpp
007898cc	RELOC	CActiveFile_OnReadFinished_007898cc.cpp
007898f0	EXACT	global_AddChildPrimitive_007898f0.cpp
0078aee0	EXACT	CCreatureActionHeroLoadRangedWeapon_IsPreventingNormalMovement_0078aee0.cpp
0078aef0	EXACT	CCreatureActionHeroLoadRangedWeapon_IsAffectedByHaste_0078aef0.cpp
0078d9e0	EXACT	DestvalstdallocatorCIVCountedPointerN3DPrimitiveCTriangleListCIVCountedPointerN3_CTriangleList_0078d9e0.cpp
00798bb0	EXACT	DestvalstdallocatorCIVCountedPointerN3DPrimitiveCTriangleListCIVCountedPointerN3_CTriangleList_00798bb0.cpp
00798d10	EXACT	global_AddChildPrimitive_00798d10.cpp
00798d20	EXACT	global_AddChildPrimitive_00798d20.cpp
0079bc20	EXACT	DestvalstdallocatorCIVCountedPointerN3DPrimitiveCTriangleListCIVCountedPointerN3_CTriangleList_0079bc20.cpp
0079c3e0	EXACT	DestvalstdallocatorCIVCountedPointerN3DPrimitiveCTriangleListCIVCountedPointerN3_CTriangleList_0079c3e0.cpp
0079c450	EXACT	DestvalstdallocatorCIVCountedPointerN3DPrimitiveCTriangleListCIVCountedPointerN3_CTriangleList_0079c450.cpp
0079db50	EXACT	DestvalstdallocatorCIVCountedPointerN3DPrimitiveCTriangleListCIVCountedPointerN3_CTriangleList_0079db50.cpp
0079ecb0	EXACT	DestvalstdallocatorCIVCountedPointerN3DPrimitiveCTriangleListCIVCountedPointerN3_CTriangleList_0079ecb0.cpp
007a3170	EXACT	DestvalstdallocatorCIVCountedPointerN3DPrimitiveCTriangleListCIVCountedPointerN3_CTriangleList_007a3170.cpp
007a4f70	EXACT	DestvalstdallocatorCIVCountedPointerN3DPrimitiveCTriangleListCIVCountedPointerN3_CTriangleList_007a4f70.cpp
007a4fe0	EXACT	DestvalstdallocatorCIVCountedPointerN3DPrimitiveCTriangleListCIVCountedPointerN3_CTriangleList_007a4fe0.cpp
007a5ef0	EXACT	DestvalstdallocatorCIVCountedPointerN3DPrimitiveCTriangleListCIVCountedPointerN3_CTriangleList_007a5ef0.cpp
007a6050	EXACT	DestvalstdallocatorCIVCountedPointerN3DPrimitiveCTriangleListCIVCountedPointerN3_CTriangleList_007a6050.cpp
007a6c10	EXACT	DestvalstdallocatorCIVCountedPointerN3DPrimitiveCTriangleListCIVCountedPointerN3_CTriangleList_007a6c10.cpp
007a6c80	EXACT	DestvalstdallocatorCIVCountedPointerN3DPrimitiveCTriangleListCIVCountedPointerN3_CTriangleList_007a6c80.cpp
007ab4d0	EXACT	DestvalstdallocatorCIVCountedPointerN3DPrimitiveCTriangleListCIVCountedPointerN3_CTriangleList_007ab4d0.cpp
007acb30	EXACT	DestvalstdallocatorCIVCountedPointerN3DPrimitiveCTriangleListCIVCountedPointerN3_CTriangleList_007acb30.cpp
007aed10	EXACT	global_DrawGetEnvironment_007aed10.cpp
007aed40	EXACT	global_DrawGetEnvironment_007aed40.cpp
007b23a0	EXACT	DestvalstdallocatorCIVCountedPointerN3DPrimitiveCTriangleListCIVCountedPointerN3_CTriangleList_007b23a0.cpp
007b23c0	EXACT	DestvalstdallocatorCIVCountedPointerN3DPrimitiveCTriangleListCIVCountedPointerN3_CTriangleList_007b23c0.cpp
007b2420	EXACT	DestvalstdallocatorCIVCountedPointerN3DPrimitiveCTriangleListCIVCountedPointerN3_CTriangleList_007b2420.cpp
007b2440	EXACT	DestvalstdallocatorCIVCountedPointerN3DPrimitiveCTriangleListCIVCountedPointerN3_CTriangleList_007b2440.cpp
007b2460	EXACT	DestvalstdallocatorCIVCountedPointerN3DPrimitiveCTriangleListCIVCountedPointerN3_CTriangleList_007b2460.cpp
007b3950	EXACT	DestvalstdallocatorCIVCountedPointerN3DPrimitiveCTriangleListCIVCountedPointerN3_CTriangleList_007b3950.cpp
007b5620	EXACT	DestvalstdallocatorCIVCountedPointerN3DPrimitiveCTriangleListCIVCountedPointerN3_CTriangleList_007b5620.cpp
007b73d0	EXACT	DestvalstdallocatorCIVCountedPointerN3DPrimitiveCTriangleListCIVCountedPointerN3_CTriangleList_007b73d0.cpp
007b7e30	EXACT	DestvalstdallocatorCIVCountedPointerN3DPrimitiveCTriangleListCIVCountedPointerN3_CTriangleList_007b7e30.cpp
007b95e0	EXACT	DestvalstdallocatorCIVCountedPointerN3DPrimitiveCTriangleListCIVCountedPointerN3_CTriangleList_007b95e0.cpp
007bab30	RELOC	CThingSwitch_vectordeletingdestructor_007bab30.cpp
007bb630	RELOC	CThingSwitch_vectordeletingdestructor_007bb630.cpp
007bb8a0	EXACT	DestvalstdallocatorCIVCountedPointerN3DPrimitiveCTriangleListCIVCountedPointerN3_CTriangleList_007bb8a0.cpp
007bb900	EXACT	DestvalstdallocatorCIVCountedPointerN3DPrimitiveCTriangleListCIVCountedPointerN3_CTriangleList_007bb900.cpp
007be63a	EXACT	DestvalstdallocatorCIVCountedPointerN3DPrimitiveCTriangleListCIVCountedPointerN3_CTriangleList_007be63a.cpp
007be652	EXACT	DestvalstdallocatorCIVCountedPointerN3DPrimitiveCTriangleListCIVCountedPointerN3_CTriangleList_007be652.cpp
007be6c3	EXACT	DestvalstdallocatorCIVCountedPointerN3DPrimitiveCTriangleListCIVCountedPointerN3_CTriangleList_007be6c3.cpp
007be6db	EXACT	DestvalstdallocatorCIVCountedPointerN3DPrimitiveCTriangleListCIVCountedPointerN3_CTriangleList_007be6db.cpp
007be6f3	EXACT	DestvalstdallocatorCIVCountedPointerN3DPrimitiveCTriangleListCIVCountedPointerN3_CTriangleList_007be6f3.cpp
007be70b	EXACT	CEngineInternalPrimitiveMeshBase_GetMeshEffect_007be70b.cpp
007be73a	EXACT	CEngineInternalPrimitiveMeshBase_GetMeshEffect_007be73a.cpp
007be769	EXACT	CEngineInternalPrimitiveMeshBase_GetMeshEffect_007be769.cpp
007be9ec	RELOC	CLandscapeBackgroundPatch_vectordeletingdestructor_007be9ec.cpp
007c3940	EXACT	DestvalstdallocatorCIVCountedPointerN3DPrimitiveCTriangleListCIVCountedPointerN3_CTriangleList_007c3940.cpp
007c39a0	EXACT	DestvalstdallocatorCIVCountedPointerN3DPrimitiveCTriangleListCIVCountedPointerN3_CTriangleList_007c39a0.cpp
007c39c0	EXACT	DestvalstdallocatorCIVCountedPointerN3DPrimitiveCTriangleListCIVCountedPointerN3_CTriangleList_007c39c0.cpp
007c4d20	EXACT	DestvalstdallocatorCIVCountedPointerN3DPrimitiveCTriangleListCIVCountedPointerN3_CTriangleList_007c4d20.cpp
007c65a0	EXACT	DestvalstdallocatorCIVCountedPointerN3DPrimitiveCTriangleListCIVCountedPointerN3_CTriangleList_007c65a0.cpp
007c7670	EXACT	DestvalstdallocatorCIVCountedPointerN3DPrimitiveCTriangleListCIVCountedPointerN3_CTriangleList_007c7670.cpp
007c9eb0	RELOC	CEngineSubPrimitiveText_scalardeletingdestructor_007c9eb0.cpp
007ca070	EXACT	DestvalstdallocatorCIVCountedPointerN3DPrimitiveCTriangleListCIVCountedPointerN3_CTriangleList_007ca070.cpp
007cc880	EXACT	DestvalstdallocatorCIVCountedPointerN3DPrimitiveCTriangleListCIVCountedPointerN3_CTriangleList_007cc880.cpp
007cd700	EXACT	DestvalstdallocatorCIVCountedPointerN3DPrimitiveCTriangleListCIVCountedPointerN3_CTriangleList_007cd700.cpp
007cd850	EXACT	DestvalstdallocatorCIVCountedPointerN3DPrimitiveCTriangleListCIVCountedPointerN3_CTriangleList_007cd850.cpp
007cec30	EXACT	DestvalstdallocatorCIVCountedPointerN3DPrimitiveCTriangleListCIVCountedPointerN3_CTriangleList_007cec30.cpp
007cf280	EXACT	DestvalstdallocatorCIVCountedPointerN3DPrimitiveCTriangleListCIVCountedPointerN3_CTriangleList_007cf280.cpp
007d0f60	EXACT	DestvalstdallocatorCIVCountedPointerN3DPrimitiveCTriangleListCIVCountedPointerN3_CTriangleList_007d0f60.cpp
007d4b70	EXACT	DestvalstdallocatorCIVCountedPointerN3DPrimitiveCTriangleListCIVCountedPointerN3_CTriangleList_007d4b70.cpp
007d5ca0	EXACT	DestvalstdallocatorCIVCountedPointerN3DPrimitiveCTriangleListCIVCountedPointerN3_CTriangleList_007d5ca0.cpp
007d9630	EXACT	DestvalstdallocatorCIVCountedPointerN3DPrimitiveCTriangleListCIVCountedPointerN3_CTriangleList_007d9630.cpp
007df980	EXACT	DestvalstdallocatorCIVCountedPointerN3DPrimitiveCTriangleListCIVCountedPointerN3_CTriangleList_007df980.cpp
007e0490	EXACT	DestvalstdallocatorCIVCountedPointerN3DPrimitiveCTriangleListCIVCountedPointerN3_CTriangleList_007e0490.cpp
007e0980	EXACT	DestvalstdallocatorCIVCountedPointerN3DPrimitiveCTriangleListCIVCountedPointerN3_CTriangleList_007e0980.cpp
007e09e0	EXACT	DestvalstdallocatorCIVCountedPointerN3DPrimitiveCTriangleListCIVCountedPointerN3_CTriangleList_007e09e0.cpp
007e1180	RELOC	CEngineSubPrimitiveText_scalardeletingdestructor_007e1180.cpp
007e11b0	EXACT	DestvalstdallocatorCIVCountedPointerN3DPrimitiveCTriangleListCIVCountedPointerN3_CTriangleList_007e11b0.cpp
007e1210	EXACT	DestvalstdallocatorCIVCountedPointerN3DPrimitiveCTriangleListCIVCountedPointerN3_CTriangleList_007e1210.cpp
007e1380	EXACT	DestvalstdallocatorCIVCountedPointerN3DPrimitiveCTriangleListCIVCountedPointerN3_CTriangleList_007e1380.cpp
007e13e0	EXACT	DestvalstdallocatorCIVCountedPointerN3DPrimitiveCTriangleListCIVCountedPointerN3_CTriangleList_007e13e0.cpp
007e1c30	RELOC	CThingSwitch_vectordeletingdestructor_007e1c30.cpp
007e1cb0	EXACT	DestvalstdallocatorCIVCountedPointerN3DPrimitiveCTriangleListCIVCountedPointerN3_CTriangleList_007e1cb0.cpp
007e1d10	EXACT	DestvalstdallocatorCIVCountedPointerN3DPrimitiveCTriangleListCIVCountedPointerN3_CTriangleList_007e1d10.cpp
007e31a0	EXACT	DestvalstdallocatorCIVCountedPointerN3DPrimitiveCTriangleListCIVCountedPointerN3_CTriangleList_007e31a0.cpp
007e3200	EXACT	DestvalstdallocatorCIVCountedPointerN3DPrimitiveCTriangleListCIVCountedPointerN3_CTriangleList_007e3200.cpp
007e3570	RELOC	CEngineSubPrimitiveText_scalardeletingdestructor_007e3570.cpp
007e4750	EXACT	DestvalstdallocatorCIVCountedPointerN3DPrimitiveCTriangleListCIVCountedPointerN3_CTriangleList_007e4750.cpp
007e47b0	EXACT	DestvalstdallocatorCIVCountedPointerN3DPrimitiveCTriangleListCIVCountedPointerN3_CTriangleList_007e47b0.cpp
007e4d10	EXACT	DestvalstdallocatorCIVCountedPointerN3DPrimitiveCTriangleListCIVCountedPointerN3_CTriangleList_007e4d10.cpp
007e5920	RELOC	CThingSwitch_vectordeletingdestructor_007e5920.cpp
007e70c0	EXACT	DestvalstdallocatorCIVCountedPointerN3DPrimitiveCTriangleListCIVCountedPointerN3_CTriangleList_007e70c0.cpp
007e7170	EXACT	DestvalstdallocatorCIVCountedPointerN3DPrimitiveCTriangleListCIVCountedPointerN3_CTriangleList_007e7170.cpp
007e72c0	EXACT	CScriptGameResourceObjectScriptedThingBase_Validate_007e72c0.cpp
007e7e40	RELOC	CThingSwitch_vectordeletingdestructor_007e7e40.cpp
007e8050	RELOC	CEngineSubPrimitiveText_scalardeletingdestructor_007e8050.cpp
007eb0c0	EXACT	CCreatureActionPickupGameObject_IsToHaveEmptyHands_007eb0c0.cpp
007eb0d0	EXACT	CCreatureActionPickupGameObject_IsToReplaceItemIfRemoved_007eb0d0.cpp
007eb0e0	RELOC	CEngineSubPrimitiveText_scalardeletingdestructor_007eb0e0.cpp
007eb360	RELOC	CEngineSubPrimitiveText_scalardeletingdestructor_007eb360.cpp
007eb520	EXACT	CCreatureActionPlayerInteractionViewQuests_IsToHaveEmptyHands_007eb520.cpp
007eb530	EXACT	CCreatureActionPlayerInteractionViewQuests_IsToReplaceItemIfRemoved_007eb530.cpp
007eb540	RELOC	CEngineSubPrimitiveText_scalardeletingdestructor_007eb540.cpp
007ebd70	EXACT	DestvalstdallocatorCIVCountedPointerN3DPrimitiveCTriangleListCIVCountedPointerN3_CTriangleList_007ebd70.cpp
007ee0a0	RELOC	CEngineSubPrimitiveText_scalardeletingdestructor_007ee0a0.cpp
007ee850	EXACT	CCreatureActionOpenChest_IsToHaveEmptyHands_007ee850.cpp
007ee860	EXACT	CCreatureActionOpenChest_IsToReplaceItemIfRemoved_007ee860.cpp
007f05e0	EXACT	CCombatActionGenericStrikeResponseKnockdownRecoverBase_GetAnimationTransitionInTime_007f05e0.cpp
007f0630	EXACT	CCombatActionGenericStrikeResponseKnockdownRecoverFromDeath_IsPreventingQuickAccessItemUsage_007f0630.cpp
007f91e0	EXACT	DestvalstdallocatorCIVCountedPointerN3DPrimitiveCTriangleListCIVCountedPointerN3_CTriangleList_007f91e0.cpp
00810f40	EXACT	global_DrawGetEnvironment_00810f40.cpp
008119a0	EXACT	global_DeleteData_008119a0.cpp
00814be0	EXACT	global_DrawGetEnvironment_00814be0.cpp
0081ee60	DIFFER(174v207)	CMap_SetEngineThemeAt_0081ee60.cpp
0081efc0	DIFFER(144v138)	CMap_SetEngineBlendAt_0081efc0.cpp
0081f090	DIFFER(145v147)	CMap_GetEngineThemeAt_0081f090.cpp
0081f170	DIFFER(143v143)	CMap_GetEngineBlendAt_0081f170.cpp
008263e0	EXACT	CCachedFile_GetPosition_008263e0.cpp
00827850	EXACT	CMap_DrawGetHeightMapSizeX_00827850.cpp
00827860	EXACT	CMap_DrawGetHeightMapSizeY_00827860.cpp
0082e330	DIFFER(81v77)	CScriptedMapBrush_GetTheme_0082e330.cpp
0082e3d0	DIFFER(82v78)	CScriptedMapBrush_GetThemeBlend_0082e3d0.cpp
0082e420	DIFFER(78v76)	CScriptedMapBrush_SetThemeBlend_0082e420.cpp
0082fec0	EXACT	global_AddChildPrimitive_0082fec0.cpp
008368f0	RELOC	global_ConditionalVirtualDispatchOnLevelUnl_008368f0.cpp
0083b8f0	EXACT	DestvalstdallocatorCIVCountedPointerN3DPrimitiveCTriangleListCIVCountedPointerN3_CTriangleList_0083b8f0.cpp
0083b950	EXACT	DestvalstdallocatorCIVCountedPointerN3DPrimitiveCTriangleListCIVCountedPointerN3_CTriangleList_0083b950.cpp
0083cec0	EXACT	DestvalstdallocatorCIVCountedPointerN3DPrimitiveCTriangleListCIVCountedPointerN3_CTriangleList_0083cec0.cpp
0083d5b0	EXACT	DestvalstdallocatorCIVCountedPointerN3DPrimitiveCTriangleListCIVCountedPointerN3_CTriangleList_0083d5b0.cpp
0083d610	EXACT	DestvalstdallocatorCIVCountedPointerN3DPrimitiveCTriangleListCIVCountedPointerN3_CTriangleList_0083d610.cpp
0083e070	EXACT	DestvalstdallocatorCIVCountedPointerN3DPrimitiveCTriangleListCIVCountedPointerN3_CTriangleList_0083e070.cpp
00842120	EXACT	CCreatureActionPerformExpression_PerformAction_00842120.cpp
00842250	EXACT	CCreatureActionYellOverHere_PerformAction_00842250.cpp
00842260	EXACT	CCreatureActionDowseFire_PerformAction_00842260.cpp
008422e0	EXACT	CCreatureActionShowFear_PerformAction_008422e0.cpp
008422f0	EXACT	CCreatureActionShowLove_PerformAction_008422f0.cpp
00842710	EXACT	CCreatureActionPlayAnimation_PerformAction_00842710.cpp
00842a00	EXACT	CCreatureActionActivateQuest_PerformAction_00842a00.cpp
0084a820	EXACT	CCreatureActionDropGenericBox_GetAnimExtraFlags_0084a820.cpp
0084a830	EXACT	CCreatureActionPlayConversationAnimation_PerformAction_0084a830.cpp
0084a850	EXACT	CCreatureActionPlayIntoLoopOutOfAnimation_PerformAction_0084a850.cpp
0084ac60	EXACT	CCreatureActionPlayAnimationWithLookTurning_IsPreventingLookTurning_0084ac60.cpp
0084b210	EXACT	CCreatureActionBlowHorn_PerformAction_0084b210.cpp
0084b220	EXACT	CCreatureActionBlowHorn_IsToHaveEmptyHands_0084b220.cpp
0084b230	EXACT	CCreatureActionBlowHorn_IsToReplaceItemIfRemoved_0084b230.cpp
0084b240	RELOC	CEngineSubPrimitiveText_scalardeletingdestructor_0084b240.cpp
0084b2f0	EXACT	CCreatureActionUseLamp_IsToReplaceItemIfRemoved_0084b2f0.cpp
0084b300	RELOC	CEngineSubPrimitiveText_scalardeletingdestructor_0084b300.cpp
0084b330	RELOC	CEngineSubPrimitiveText_scalardeletingdestructor_0084b330.cpp
0084b360	RELOC	CEngineSubPrimitiveText_scalardeletingdestructor_0084b360.cpp
0084b390	EXACT	CCreatureActionPickUpGenericBox_GetAnimExtraFlags_0084b390.cpp
0084b3a0	EXACT	CCreatureActionPickUpGenericBox_IsToHaveEmptyHands_0084b3a0.cpp
0084b3b0	RELOC	CEngineSubPrimitiveText_scalardeletingdestructor_0084b3b0.cpp
0084b420	EXACT	CCreatureActionFillBucket_PerformAction_0084b420.cpp
0084b430	RELOC	CEngineSubPrimitiveText_scalardeletingdestructor_0084b430.cpp
0084b460	RELOC	CEngineSubPrimitiveText_scalardeletingdestructor_0084b460.cpp
0084b490	EXACT	CCreatureActionPlayAnimationFromIndex_PerformAction_0084b490.cpp
0084b4c0	EXACT	CCreatureActionHammer_PerformAction_0084b4c0.cpp
0084b4d0	RELOC	CEngineSubPrimitiveText_scalardeletingdestructor_0084b4d0.cpp
0084b540	RELOC	CEngineSubPrimitiveText_scalardeletingdestructor_0084b540.cpp
0084b570	RELOC	CEngineSubPrimitiveText_scalardeletingdestructor_0084b570.cpp
0084b5a0	RELOC	CEngineSubPrimitiveText_scalardeletingdestructor_0084b5a0.cpp
00854450	RELOC	CEngineSubPrimitiveText_scalardeletingdestructor_00854450.cpp
00854580	RELOC	CEngineSubPrimitiveText_scalardeletingdestructor_00854580.cpp
008550a0	EXACT	CCreatureActionSpiritHitResponse_IsOverrideableByActionOfSamePriority_008550a0.cpp
008550b0	EXACT	CCreatureActionSpiritHitResponse_PerformAction_008550b0.cpp
008552d0	EXACT	CCreatureActionStartBlocking_IsOverrideableByActionOfSamePriority_008552d0.cpp
00855cf0	EXACT	CCreatureActionBlockBase_IsOverrideableByActionOfSamePriority_00855cf0.cpp
00855d00	EXACT	CCreatureActionBlockBase_IsToFaceTarget_00855d00.cpp
00855d10	EXACT	CCreatureActionBlockBase_GetAnimationTransitionInTime_00855d10.cpp
00855d40	EXACT	CCreatureActionBlockRespond_IsOverrideableByActionOfSamePriority_00855d40.cpp
00855d60	EXACT	CCreatureActionStartBlocking_GetAnimationTransitionInTime_00855d60.cpp
00855d70	EXACT	CCreatureActionBlockCounter_IsBlockable_00855d70.cpp
00855d80	EXACT	CCreatureActionBlockCounter_IsKnockdownStrike_00855d80.cpp
00856190	EXACT	CCombatActionBase_IsActionReadyForInterruptionByMovement_00856190.cpp
00856240	EXACT	CCombatActionBase_InitialiseActionMovement_00856240.cpp
008562e0	EXACT	CCombatActionBase_IsVitalStrike_008562e0.cpp
008562f0	EXACT	CCombatActionBase_IsUsingAnimationMovement_008562f0.cpp
00856300	EXACT	CCombatActionBase_IsMovementUsingPhysics_00856300.cpp
0085a5c0	EXACT	DestvalstdallocatorCIVCountedPointerN3DPrimitiveCTriangleListCIVCountedPointerN3_CTriangleList_0085a5c0.cpp
0085b880	EXACT	CCreatureActionHero180RunningTurn_CanAnimationTransitionOut_0085b880.cpp
0085bbe0	EXACT	CCreatureActionHero180RunningTurn_IsClearingMovementVector_0085bbe0.cpp
0085bbf0	EXACT	CCreatureActionHeroJump_IsClearingMovementVector_0085bbf0.cpp
0085bc00	EXACT	CCreatureActionHeroRunningStop_IsClearingMovementVector_0085bc00.cpp
0085bc10	EXACT	CCreatureActionHeroRunningStop_IsActionReadyForInterruption_0085bc10.cpp
0085c2f0	EXACT	CCombatActionControlledStrafeJump_IsToFaceTarget_0085c2f0.cpp
0085ee40	EXACT	CThingFilterIsUnconscious_operator_0085ee40.cpp
008600d0	EXACT	CCreatureActionGetOutOfBed_GetAnimExtraFlags_008600d0.cpp
008600e0	EXACT	CCreatureActionGetOutOfBed_IsUsingAnimationMovement_008600e0.cpp
008600f0	EXACT	CCreatureActionGetOutOfBed_GetAnimDelayTime_008600f0.cpp
00860100	RELOC	CEngineSubPrimitiveText_scalardeletingdestructor_00860100.cpp
008601b0	EXACT	CCreatureActionGetUpFromSitting_IsPreventingNormalMovement_008601b0.cpp
008601c0	EXACT	CCreatureActionGetUpFromSitting_IsPreventingLookTurning_008601c0.cpp
008659c0	EXACT	CCreatureActionBeStunned_PerformAction_008659c0.cpp
008659d0	EXACT	CCreatureActionBeStunned_GetAnimationTransitionInTime_008659d0.cpp
00865a70	EXACT	CCreatureActionBeDazed_PerformAction_00865a70.cpp
00865a80	EXACT	CCreatureActionBeDazed_GetAnimationTransitionInTime_00865a80.cpp
00865b10	EXACT	CCombatActionGenericStrikeResponseKnockdown_IsToEvadeAllHits_00865b10.cpp
00868300	EXACT	CCombatActionGenericStrikeResponseKnockdown_GetAnimationTransitionInTime_00868300.cpp
00868310	EXACT	CCombatActionGenericStrikeResponseKnockdown_IsToAlignWithGroundNormal_00868310.cpp
00868320	EXACT	CCombatActionGenericStrikeResponseKnockdown_IsToUseRotationInAnimation_00868320.cpp
008698c0	EXACT	DestvalstdallocatorCIVCountedPointerN3DPrimitiveCTriangleListCIVCountedPointerN3_CTriangleList_008698c0.cpp
008698e0	EXACT	DestvalstdallocatorCIVCountedPointerN3DPrimitiveCTriangleListCIVCountedPointerN3_CTriangleList_008698e0.cpp
00869a70	EXACT	DestvalstdallocatorCIVCountedPointerN3DPrimitiveCTriangleListCIVCountedPointerN3_CTriangleList_00869a70.cpp
00873490	RELOC	CEngineSubPrimitiveText_scalardeletingdestructor_00873490.cpp
00874e70	RELOC	CEngineSubPrimitiveText_scalardeletingdestructor_00874e70.cpp
0087c330	EXACT	DestvalstdallocatorCIVCountedPointerN3DPrimitiveCTriangleListCIVCountedPointerN3_CTriangleList_0087c330.cpp
0087c470	EXACT	DestvalstdallocatorCIVCountedPointerN3DPrimitiveCTriangleListCIVCountedPointerN3_CTriangleList_0087c470.cpp
0087e510	EXACT	CCreatureActionInterruptableMidAttackAutoTurn_IsToPerformActionOnStrike_0087e510.cpp
0087e520	EXACT	CCreatureActionGeneralInterruptedAttack_GetAnimationTransitionInTime_0087e520.cpp
0087e5c0	RELOC	CEngineSubPrimitiveText_scalardeletingdestructor_0087e5c0.cpp
0087e830	EXACT	CCreatureActionStabbedToDeath_PerformAction_0087e830.cpp
0087fe50	EXACT	CCreatureActionStabbedToDeath_GetAnimDelayTime_0087fe50.cpp
00880020	EXACT	CCombatActionKickThingOnGround_IsToPerformActionOnStrike_00880020.cpp
00880030	EXACT	CCombatActionKickThingOnGround_IsToHitProneThings_00880030.cpp
00880040	EXACT	CCombatActionStabThing_IsUsingActionMovement_00880040.cpp
00880050	EXACT	CCombatActionStabThing_IsToRetainSafeDistance_00880050.cpp
00880060	EXACT	CCombatActionStabThing_IsToCauseRecoil_00880060.cpp
00880070	EXACT	CCombatActionStabThing_IsAbleToBeAttacked_00880070.cpp
0088de00	EXACT	CGameScriptInterface_Error_0088de00.cpp
0088e080	RELOC	CGameScriptInterface_GetConstantFPS_0088e080.cpp
0088e090	RELOC	CGameScriptInterface_SetAllSoundsAsMuted_0088e090.cpp
0088e100	EXACT	CGameScriptInterface_IsXbox_0088e100.cpp
0088e110	EXACT	CGameScriptInterface_GiveHeroTitle_0088e110.cpp
0088e210	EXACT	CGameScriptInterface_DisplayTime_0088e210.cpp
0088e340	RELOC	CGameScriptInterface_GetRegionName_0088e340.cpp
0088e400	RELOC	CGameScriptInterface_MiniMapSetAsEnabled_0088e400.cpp
0088e4c0	RELOC	CGameScriptInterface_FadeScreenIn_0088e4c0.cpp
0088e4d0	EXACT	CGameScriptInterface_IsScreenFadingOut_0088e4d0.cpp
0088e500	RELOC	CGameScriptInterface_FixMovieSequenceCamera_0088e500.cpp
0088e910	EXACT	CGameScriptInterface_SetAllowScreenFadingOnNextRegionChange_0088e910.cpp
0088e920	EXACT	CGameScriptInterface_SetAllowScreenFadingIfAlreadyFaded_0088e920.cpp
0088ec70	EXACT	CGameScriptInterface_EntityClearMaxNumberOfAttackers_0088ec70.cpp
0088ec90	EXACT	CGameScriptInterface_CameraSetCameraPreloadFlag_0088ec90.cpp
0088ecc0	RELOC	CGameScriptInterface_IsCameraInScriptedMode_0088ecc0.cpp
0088ed20	RELOC	CGameScriptInterface_CameraEarthquakeIntensityAtPos_0088ed20.cpp
0088eda0	EXACT	CGameScriptInterface_CameraUseScreenEffect_0088eda0.cpp
0088edb0	EXACT	CGameScriptInterface_CameraCancelScreenEffect_0088edb0.cpp
0088f3e0	RELOC	CGameScriptInterface_IsTutorialSystemEnabled_0088f3e0.cpp
0088f410	EXACT	CGameScriptInterface_SetTeleportingAsActive_0088f410.cpp
0088f420	EXACT	CGameScriptInterface_IsTeleportingActive_0088f420.cpp
0088f430	EXACT	CGameScriptInterface_SetRegionTextDisplayAsActive_0088f430.cpp
0088f440	EXACT	CGameScriptInterface_SetHeroSleepingAsEnabled_0088f440.cpp
0088f450	EXACT	CGameScriptInterface_IsHeroSleepingEnabled_0088f450.cpp
0088f460	EXACT	CGameScriptInterface_SetExperienceSpendingAsEnabled_0088f460.cpp
0088f470	EXACT	CGameScriptInterface_SetSummonerDeathExplosionAffectsHero_0088f470.cpp
0088f4a0	RELOC	CGameScriptInterface_EnableDecals_0088f4a0.cpp
0088f560	EXACT	CGameScriptInterface_EntityCastLightningAtTarget_0088f560.cpp
0088f620	RELOC	CGameScriptInterface_EnableSounds_0088f620.cpp
0088f660	RELOC	CGameScriptInterface_StopSound_0088f660.cpp
0088f6b0	RELOC	CGameScriptInterface_EntitySetStategroupEnabled_0088f6b0.cpp
0088f6e0	RELOC	CGameScriptInterface_EntitySetAllStategroupsEnabled_0088f6e0.cpp
0088f7d0	RELOC	CGameScriptInterface_EntitySetSleepEnabled_0088f7d0.cpp
0088f810	RELOC	CGameScriptInterface_EntitySetOpinionReactionsEnabled_0088f810.cpp
0088f850	RELOC	CGameScriptInterface_EntitySetDeedReactionsEnabled_0088f850.cpp
0088f890	RELOC	CGameScriptInterface_PlayAVIMovie_0088f890.cpp
0088f900	EXACT	CGameScriptInterface_GetCountdownTimer_0088f900.cpp
0088f930	RELOC	CGameScriptInterface_AutoSave_0088f930.cpp
0088f940	EXACT	CGameScriptInterface_SetSavingAsEnabled_0088f940.cpp
0088f950	EXACT	CGameScriptInterface_IsSavingEnabled_0088f950.cpp
0088f980	EXACT	CGameScriptInterface_SetGuildSealRecallLocation_0088f980.cpp
0088f9e0	EXACT	CGameScriptInterface_GetGuildSealRecallAngleXY_0088f9e0.cpp
0088fa80	RELOC	CGameScriptInterface_SetPlayerUsingMeleeDummies_0088fa80.cpp
0088fa90	RELOC	CGameScriptInterface_GetPlayerUsingMeleeDummies_0088fa90.cpp
0088faa0	RELOC	CGameScriptInterface_SetPlayerUsingRangedDummies_0088faa0.cpp
0088fab0	RELOC	CGameScriptInterface_GetPlayerUsingRangedDummies_0088fab0.cpp
0088fac0	RELOC	CGameScriptInterface_SetPlayerUsingWillDummies_0088fac0.cpp
0088fad0	RELOC	CGameScriptInterface_GetPlayerUsingWillDummies_0088fad0.cpp
0088fae0	RELOC	CGameScriptInterface_SetCheapHeadLooking_0088fae0.cpp
0088faf0	RELOC	CGameScriptInterface_GetCheapHeadLooking_0088faf0.cpp
0088fb00	RELOC	CGameScriptInterface_SetQuitTavernGame_0088fb00.cpp
0088fb10	RELOC	CGameScriptInterface_GetQuitTavernGame_0088fb10.cpp
0088fb20	RELOC	CGameScriptInterface_SetPrizeTavernTable_0088fb20.cpp
0088fb30	RELOC	CGameScriptInterface_GetPrizeTavernTable_0088fb30.cpp
0088fb40	RELOC	CGameScriptInterface_SetBettingActive_0088fb40.cpp
0088fb50	RELOC	CGameScriptInterface_GetBettingActive_0088fb50.cpp
0088fb60	RELOC	CGameScriptInterface_SetBettingAccept_0088fb60.cpp
0088fb70	RELOC	CGameScriptInterface_GetBettingAccept_0088fb70.cpp
0088fb80	RELOC	CGameScriptInterface_SetBettingAmount_0088fb80.cpp
0088fb90	RELOC	CGameScriptInterface_GetBettingAmount_0088fb90.cpp
0088fba0	RELOC	CGameScriptInterface_SetCountBetMoneyDown_0088fba0.cpp
0088fbb0	RELOC	CGameScriptInterface_GetCountBetMoneyDown_0088fbb0.cpp
0088fbc0	RELOC	CGameScriptInterface_SetSpotTheAdditionBeaten_0088fbc0.cpp
0088fbd0	RELOC	CGameScriptInterface_GetSpotTheAdditionBeaten_0088fbd0.cpp
0088fbe0	RELOC	CGameScriptInterface_SetGlobalTargetingDistanceOffset_0088fbe0.cpp
0088fbf0	RELOC	CGameScriptInterface_GetGlobalTargetingDistanceOffset_0088fbf0.cpp
0088fc00	RELOC	CGameScriptInterface_SetTradingPriceMult_0088fc00.cpp
0088fc10	RELOC	CGameScriptInterface_GetTradingPriceMult_0088fc10.cpp
0088fc20	RELOC	CGameScriptInterface_SetBoastingEnabled_0088fc20.cpp
0088fc30	RELOC	CGameScriptInterface_GetBoastingEnabled_0088fc30.cpp
0088fc40	EXACT	CGameScriptInterface_GetActiveGossipCategories_0088fc40.cpp
0088fc50	EXACT	CGameScriptInterface_GetIsGossipForPlayer_0088fc50.cpp
0088fcc0	RELOC	CGameScriptInterface_GiveHeroAbility_0088fcc0.cpp
0088fd60	EXACT	CGameScriptInterface_IsEntityInLimbo_0088fd60.cpp
0088fe50	EXACT	CGameScriptInterface_GetDayOfWeek_0088fe50.cpp
0088fe70	EXACT	CGameScriptInterface_GetDayCount_0088fe70.cpp
0088fee0	RELOC	CGameScriptInterface_TransitionToTheme_0088fee0.cpp
0088ff10	RELOC	CGameScriptInterface_ResetToDefaultTheme_0088ff10.cpp
0088ffb0	RELOC	CGameScriptInterface_TransitionToThemeExternals_0088ffb0.cpp
0088fff0	RELOC	CGameScriptInterface_ResetToDefaultThemeExternals_0088fff0.cpp
00890010	RELOC	CGameScriptInterface_SetEnvironmentThemeWeightAllChannels_00890010.cpp
00890040	RELOC	CGameScriptInterface_SetEnvironmentThemeWeightAllInternals_00890040.cpp
00890090	RELOC	CGameScriptInterface_SetEnvironmentThemeWeightExternals_00890090.cpp
00890150	RELOC	CGameScriptInterface_RadialBlurFadeOut_00890150.cpp
00890170	EXACT	CGameScriptInterface_IsRadialBlurFadeActive_00890170.cpp
00890180	RELOC	CGameScriptInterface_CancelRadialBlurFade_00890180.cpp
008901c0	RELOC	CGameScriptInterface_DisplacementMonochromeEffectColourFadeTo_008901c0.cpp
008901e0	RELOC	CGameScriptInterface_DisplacementMonochromeEffectColourFa_008901e0.cpp
00890220	RELOC	CGameScriptInterface_IsEntityWieldingMeleeWeapon_00890220.cpp
00890250	RELOC	CGameScriptInterface_IsEntityWieldingRangedWeapon_00890250.cpp
00890280	RELOC	CGameScriptInterface_IsEntityAbleToAttack_00890280.cpp
008902b0	RELOC	CGameScriptInterface_IsHeroChild_008902b0.cpp
008902e0	RELOC	CGameScriptInterface_GiveHeroObject_008902e0.cpp
00890370	RELOC	CGameScriptInterface_GetHeroHealth_00890370.cpp
008903a0	RELOC	CGameScriptInterface_GetHeroHealthMax_008903a0.cpp
008903d0	RELOC	CGameScriptInterface_GetHeroHealthPercentage_008903d0.cpp
00890400	RELOC	CGameScriptInterface_GetHealth_00890400.cpp
00890430	EXACT	CGameScriptInterface_ModifyThingHealth_00890430.cpp
00890690	RELOC	CGameScriptInterface_EntityAttachToScript_00890690.cpp
00890870	RELOC	CGameScriptInterface_SetFactionAsAlliedToFaction_00890870.cpp
008908c0	RELOC	CGameScriptInterface_SetFactionAsNeutralToFaction_008908c0.cpp
00890910	RELOC	CGameScriptInterface_SetFactionAsEnemyToFaction_00890910.cpp
00890960	RELOC	CGameScriptInterface_GetNextInOpinionAttitudeGraph_00890960.cpp
00890970	RELOC	CGameScriptInterface_GetOpinionAttitudeAsString_00890970.cpp
00890e80	EXACT	CGameScriptInterface_EntitySetNegateAllHits_00890e80.cpp
00890ec0	EXACT	CGameScriptInterface_EntitySetEvadeAllHits_00890ec0.cpp
00890f00	EXACT	CGameScriptInterface_EntitySetAbleToBeEngagedInCombat_00890f00.cpp
00890f40	RELOC	CGameScriptInterface_EntityResetCombatTypeToDefault_00890f40.cpp
00890fc0	RELOC	CGameScriptInterface_CameraResetToViewBehindHero_00890fc0.cpp
00891220	RELOC	CGameScriptInterface_OverrideMusic_00891220.cpp
008912a0	RELOC	CGameScriptInterface_StopOverrideMusic_008912a0.cpp
00891320	RELOC	CGameScriptInterface_EnableDangerMusic_00891320.cpp
008913c0	RELOC	CGameScriptInterface_IsHeroInTavernGame_008913c0.cpp
008913f0	RELOC	CGameScriptInterface_AddQuestCard_008913f0.cpp
00891490	RELOC	CGameScriptInterface_RemoveQuestCardFromGuild_00891490.cpp
008914e0	RELOC	CGameScriptInterface_RemoveQuestCardFromHero_008914e0.cpp
00891510	RELOC	CGameScriptInterface_RemoveAllAvailableQuestCardsFromGuil_00891510.cpp
00891520	RELOC	CGameScriptInterface_FailAllActiveQuests_00891520.cpp
00891530	RELOC	CGameScriptInterface_GetAllActiveQuestInfo_00891530.cpp
00891540	RELOC	CGameScriptInterface_AddFeatCard_00891540.cpp
00891550	RELOC	CGameScriptInterface_IsBoastTaken_00891550.cpp
00891580	RELOC	CGameScriptInterface_RemoveBoast_00891580.cpp
008915e0	RELOC	CGameScriptInterface_SetBoastAsCompleted_008915e0.cpp
00891680	RELOC	CGameScriptInterface_GetMostRecentValidUsedTargetName_00891680.cpp
008917f0	RELOC	CGameScriptInterface_GiveHeroNewQuestObjective_008917f0.cpp
00891800	RELOC	CGameScriptInterface_TellHeroQuestObjectiveCompleted_00891800.cpp
00891810	RELOC	CGameScriptInterface_TellHeroQuestObjectiveFailed_00891810.cpp
00891820	RELOC	CGameScriptInterface_AddQuestRegion_00891820.cpp
00891860	RELOC	CGameScriptInterface_SetQuestWorldMapOffset_00891860.cpp
00891870	RELOC	CGameScriptInterface_IsHeroOnQuest_00891870.cpp
00891880	RELOC	CGameScriptInterface_GetActiveQuestName_00891880.cpp
00891920	RELOC	CGameScriptInterface_DisplayQuestInfo_00891920.cpp
00891ac0	RELOC	CGameScriptInterface_AddQuestInfoBar_00891ac0.cpp
00891b20	RELOC	CGameScriptInterface_AddQuestInfoTimer_00891b20.cpp
00891b50	RELOC	CGameScriptInterface_AddQuestInfoCounterList_00891b50.cpp
00891b80	RELOC	CGameScriptInterface_UpdateQuestInfoBar_00891b80.cpp
00891ba0	RELOC	CGameScriptInterface_ChangeQuestInfoBarColour_00891ba0.cpp
00891bb0	RELOC	CGameScriptInterface_UpdateQuestInfoTimer_00891bb0.cpp
00891bd0	RELOC	CGameScriptInterface_UpdateQuestInfoCounter_00891bd0.cpp
00891be0	RELOC	CGameScriptInterface_UpdateQuestInfoCounterList_00891be0.cpp
00891bf0	RELOC	CGameScriptInterface_UpdateQuestInfoTick_00891bf0.cpp
00891c10	RELOC	CGameScriptInterface_RemoveQuestInfoElement_00891c10.cpp
00891c30	RELOC	CGameScriptInterface_RemoveAllQuestInfoElements_00891c30.cpp
00891c40	RELOC	CGameScriptInterface_DisplayMoneyBag_00891c40.cpp
00891c60	RELOC	CGameScriptInterface_DisplayMiniGameInfo_00891c60.cpp
00891c80	RELOC	CGameScriptInterface_UpdateMiniGameInfoBar_00891c80.cpp
00892030	RELOC	CGameScriptInterface_MiniMapRemoveAllMarkers_00892030.cpp
00892050	RELOC	CGameScriptInterface_SetHUDEnabled_00892050.cpp
00892270	RELOC	CGameScriptInterface_IsInCutscene_00892270.cpp
00892b30	RELOC	CGameScriptInterface_IsSafeToDisplayGameInfo_00892b30.cpp
00892df0	RELOC	CGameScriptInterface_ClearAllRumbles_00892df0.cpp
00892e80	RELOC	CGameScriptInterface_ActivateQuest_00892e80.cpp
00892f00	RELOC	CGameScriptInterface_DeactivateQuest_00892f00.cpp
00892f10	RELOC	CGameScriptInterface_DeactivateQuestLater_00892f10.cpp
00892f40	RELOC	CGameScriptInterface_IsQuestActive_00892f40.cpp
00892f50	RELOC	CGameScriptInterface_IsQuestRegistered_00892f50.cpp
00892f60	RELOC	CGameScriptInterface_IsQuestCompleted_00892f60.cpp
00892f70	RELOC	CGameScriptInterface_IsQuestFailed_00892f70.cpp
00892f80	RELOC	CGameScriptInterface_SetQuestAsCompleted_00892f80.cpp
00892fd0	RELOC	CGameScriptInterface_SetQuestAsFailed_00892fd0.cpp
00893020	RELOC	CGameScriptInterface_SetQuestAsPersistent_00893020.cpp
00893030	RELOC	CGameScriptInterface_GetExclusiveQuestScriptName_00893030.cpp
00893040	RELOC	CGameScriptInterface_GetActiveGossipCategoriesSize_00893040.cpp
00893050	RELOC	CGameScriptInterface_GetIsGossipForPlayerSize_00893050.cpp
00893f80	RELOC	CGameScriptInterface_MsgOnHeroCastSpell_00893f80.cpp
008942c0	RELOC	CGameScriptInterface_MsgOnChestOpeningCancelled_008942c0.cpp
00894300	RELOC	CGameScriptInterface_MsgIsQuestionAnsweredYesOrNo_00894300.cpp
00894370	RELOC	CGameScriptInterface_MsgIsGameInfoClickedPast_00894370.cpp
00895090	RELOC	CGameScriptInterface_ManuallyTriggerTrap_00895090.cpp
00896210	RELOC	CGameScriptInterface_IsSleepingTime_00896210.cpp
00896ee0	RELOC	CGameScriptInterface_GetDeathRecoveryMarkerName_00896ee0.cpp
00896f60	RELOC	CGameScriptInterface_SetDeathRecoveryMarkerName_00896f60.cpp
00896fd0	RELOC	CGameScriptInterface_ResetDeathRecoveryMarkerNameToDefaul_00896fd0.cpp
008970f0	RELOC	CGameScriptInterface_ResetWhetherToFailQuestOnDeathToDefa_008970f0.cpp
008987e0	RELOC	CGameScriptInterface_ConfiscateAllHeroWeapons_008987e0.cpp
00898bb0	RELOC	CGameScriptInterface_GiveHeroItem_00898bb0.cpp
00899ba0	RELOC	CGameScriptInterface_IsPlayerCreatureBlocking_00899ba0.cpp
00899c10	RELOC	CGameScriptInterface_IsPlayerCreatureReadyToFireProjectileWeapon_00899c10.cpp
00899cf0	RELOC	CGameScriptInterface_GetPlayerCreatureCombatMultiplierRunningNumHits_00899cf0.cpp
0089a210	RELOC	CGameScriptInterface_GetHeroWillEnergyPercentage_0089a210.cpp
0089a270	RELOC	CGameScriptInterface_SetThingAsKilled_0089a270.cpp
0089b330	RELOC	CGameScriptInterface_IsHeroNaked_0089b330.cpp
0089b390	RELOC	CGameScriptInterface_RemoveHeroClothing_0089b390.cpp
0089c4c0	RELOC	CGameScriptInterface_EntityClearPersonalityOverride_0089c4c0.cpp
0089c8a0	RELOC	CGameScriptInterface_IsDeedWitnessed_0089c8a0.cpp
0089cd10	RELOC	CGameScriptInterface_CanThingBeSeenByOtherThing_0089cd10.cpp
0089cd30	RELOC	CGameScriptInterface_CanThingBeNearlySeenByOtherThing_0089cd30.cpp
0089cd50	RELOC	CGameScriptInterface_CanThingBe_Smelled_ByOtherThing_0089cd50.cpp
0089dff0	RELOC	CGameScriptInterface_EntitySetAlwaysBlockAttacksFromThing_0089dff0.cpp
0089e4c0	RELOC	CGameScriptInterface_AddScreenTitleMessage_0089e4c0.cpp
0089ecc0	RELOC	CGameScriptInterface_CreatureGeneratorRemoveTriggerer_0089ecc0.cpp
008a0e80	EXACT	CGameScriptInterface_IsThingABed_008a0e80.cpp
008a0eb0	EXACT	CGameScriptInterface_IsThingAChest_008a0eb0.cpp
008a0ee0	EXACT	CGameScriptInterface_IsThingADoor_008a0ee0.cpp
008a0f10	EXACT	CGameScriptInterface_IsThingSmashable_008a0f10.cpp
008a0f40	EXACT	CGameScriptInterface_IsThingSearchable_008a0f40.cpp
008a1300	RELOC	CGameScriptInterface_StartSneaking_008a1300.cpp
008a78e0	RELOC	CGameScriptInterface_ClearActiveGossipCategories_008a78e0.cpp
008a7930	RELOC	CGameScriptInterface_ClearIsGossipForPlayer_008a7930.cpp
008a7ec0	RELOC	CGameScriptInterface_EntitySetThingAsAllyOfThing_008a7ec0.cpp
008a96c0	RELOC	CGameScriptInterface_SetCategoryActivity_008a96c0.cpp
008a9720	RELOC	CGameScriptInterface_SetActiveGossipCategories_008a9720.cpp
008a9db0	RELOC	CGameScriptInterface_AddRumourCategory_008a9db0.cpp
008a9e00	RELOC	CGameScriptInterface_RemoveRumourCategory_008a9e00.cpp
008a9fc0	DIFFER(127v66)	CGameScriptInterface_GetGossipSize_008a9fc0.cpp
008aa050	RELOC	CGameScriptInterface_RemoveGossip_008aa050.cpp
008aa220	RELOC	CGameScriptInterface_GetGossipVillagesSize_008aa220.cpp
008aa270	RELOC	CGameScriptInterface_ClearGossipVillages_008aa270.cpp
008aa2b0	RELOC	CGameScriptInterface_RemoveGossipVillages_008aa2b0.cpp
008aa480	DIFFER(127v66)	CGameScriptInterface_GetGossipFactionsSize_008aa480.cpp
008aa4d0	RELOC	CGameScriptInterface_ClearGossipFactions_008aa4d0.cpp
008aa510	RELOC	CGameScriptInterface_RemoveGossipFactions_008aa510.cpp
008aa810	EXACT	global_DeleteData_008aa810.cpp
008aba50	EXACT	CCreatureActionSitDown_GetAnimExtraFlags_008aba50.cpp
008aba60	EXACT	CCreatureActionSitDown_IsUsingAnimationMovement_008aba60.cpp
008aba70	EXACT	CCreatureActionSitDown_IsPreventingNormalMovement_008aba70.cpp
008aba80	EXACT	CCreatureActionSitDown_IsPreventingLookTurning_008aba80.cpp
008aba90	EXACT	CCreatureActionSitDown_IsOverrideableByActionOfSamePriority_008aba90.cpp
008b32a0	EXACT	CCombatSequenceBase_GetCombatSequenceInterruptionType_008b32a0.cpp
008b32b0	EXACT	CCombatSequenceBase_IsValid_008b32b0.cpp
008b32c0	EXACT	CCombatSequenceBase_IsToPreferSequenceWhenValid_008b32c0.cpp
008b32d0	EXACT	CCombatSequenceBase_IsSequenceWithActions_008b32d0.cpp
008b32e0	EXACT	CCombatSequenceBase_GetFramesToPredictTargetPosition_008b32e0.cpp
008b32f0	EXACT	CCombatSequenceBase_OnStart_008b32f0.cpp
008b34f0	EXACT	CCombatSequenceGenericRangedAttack_GetZone_008b34f0.cpp
008b3560	EXACT	CCombatSequenceGenericLeader_GetZone_008b3560.cpp
008b35d0	EXACT	CCombatSequenceBanditUnblockableAttack_GetZone_008b35d0.cpp
008b3650	EXACT	CCombatSequenceNonInterruptableBoxStrafe_GetZone_008b3650.cpp
008b36c0	EXACT	CCombatSequenceBanditAdvanceFar_GetZone_008b36c0.cpp
008b3730	EXACT	CCombatSequenceBanditAttackFar_GetZone_008b3730.cpp
008b37b0	EXACT	CCombatSequenceBanditAttackMiddle_GetZone_008b37b0.cpp
008b3830	EXACT	CCombatSequenceBanditAttackSide_GetZone_008b3830.cpp
008b38b0	EXACT	CCombatSequenceBanditAttackNear_GetZone_008b38b0.cpp
008b3930	EXACT	CCombatSequenceBanditIdleNear_GetZone_008b3930.cpp
008b39a0	EXACT	CCombatSequenceBanditIdleMiddle_GetZone_008b39a0.cpp
008b3a10	EXACT	CCombatSequenceBanditBoast_GetZone_008b3a10.cpp
008b3a90	EXACT	CCombatSequenceBanditKingAttack_GetZone_008b3a90.cpp
008b3aa0	EXACT	CCombatSequenceBanditKingAttack_IsMeleeSequence_008b3aa0.cpp
008b3ab0	EXACT	CCombatSequenceBanditKingAttack_IsInterruptable_008b3ab0.cpp
008b3b20	EXACT	CCombatSequenceBanditKingAdvance_IsAllowedOnOuterRing_008b3b20.cpp
008b3b30	EXACT	CCombatSequenceBanditKingAdvance_GetZone_008b3b30.cpp
008b3ba0	EXACT	CCombatSequenceBanditKingBackOff_GetZone_008b3ba0.cpp
008b3bb0	EXACT	CCombatSequenceBanditKingBackOff_IsInterruptable_008b3bb0.cpp
008b3c20	EXACT	CCombatSequenceBanditKingSpinAround_GetZone_008b3c20.cpp
008b3c30	EXACT	CCombatSequenceBanditKingSpinAround_IsInterruptable_008b3c30.cpp
008b3ca0	EXACT	CCombatSequenceFodderMainAttack_GetZone_008b3ca0.cpp
008b3cb0	EXACT	CCombatSequenceFodderMainAttack_IsMeleeSequence_008b3cb0.cpp
008b3d20	EXACT	CCombatSequenceFodderUnblockableMainAttack_GetZone_008b3d20.cpp
008b3d30	EXACT	CCombatSequenceFodderUnblockableMainAttack_IsMeleeSequence_008b3d30.cpp
008b3da0	EXACT	CCombatSequenceFodderSecondaryAttack_GetZone_008b3da0.cpp
008b3db0	EXACT	CCombatSequenceFodderSecondaryAttack_IsMeleeSequence_008b3db0.cpp
008b3e20	EXACT	CCombatSequenceFodderCombatIdle_GetZone_008b3e20.cpp
008b3e30	EXACT	CCombatSequenceFodderCombatIdle_IsMeleeSequence_008b3e30.cpp
008b3e40	EXACT	CCombatSequenceFodderCombatIdle_IsInterruptableDueToZoneChange_008b3e40.cpp
008b3e50	EXACT	CCombatSequenceFodderCombatIdle_IsInterruptable_008b3e50.cpp
008b3ec0	EXACT	CCombatSequenceScorpionLungeAttack_IsToPreferSequenceWhenValid_008b3ec0.cpp
008b3ed0	EXACT	CCombatSequenceScorpionLungeAttack_GetZone_008b3ed0.cpp
008b3ee0	EXACT	CCombatSequenceScorpionLungeAttack_IsMeleeSequence_008b3ee0.cpp
008b3ef0	EXACT	CCombatSequenceScorpionLungeAttack_IsInterruptable_008b3ef0.cpp
008b3f00	EXACT	CCombatSequenceScorpionLungeAttack_IsInterruptableDueToZoneChange_008b3f00.cpp
008b3f70	EXACT	CCombatSequenceKingScorpionTailPlunge_IsToPreferSequenceWhenValid_008b3f70.cpp
008b3f80	EXACT	CCombatSequenceKingScorpionTailPlunge_GetZone_008b3f80.cpp
008b3f90	EXACT	CCombatSequenceKingScorpionTailPlunge_IsInterruptable_008b3f90.cpp
008b3fa0	EXACT	CCombatSequenceKingScorpionTailPlunge_IsInterruptableDueToZoneChange_008b3fa0.cpp
008b4010	EXACT	CCombatSequenceTrollDoubleSwipe_GetZone_008b4010.cpp
008b4020	EXACT	CCombatSequenceTrollDoubleSwipe_IsMeleeSequence_008b4020.cpp
008b4090	EXACT	CCombatSequenceTrollDoubleSwipeNonMelee_GetZone_008b4090.cpp
008b40a0	EXACT	CCombatSequenceTrollDoubleSwipeNonMelee_IsMeleeSequence_008b40a0.cpp
008b4110	EXACT	CCombatSequenceTrollOpeningGroundPound_IsToPreferSequenceWhenValid_008b4110.cpp
008b4120	EXACT	CCombatSequenceTrollOpeningGroundPound_GetZone_008b4120.cpp
008b4130	EXACT	CCombatSequenceTrollOpeningGroundPound_IsMeleeSequence_008b4130.cpp
008b41a0	EXACT	CCombatSequenceTrollProjectileAttack_GetZone_008b41a0.cpp
008b41b0	EXACT	CCombatSequenceTrollProjectileAttack_IsMeleeSequence_008b41b0.cpp
008b4220	EXACT	CCombatSequenceTrollBurrowPursue_GetZone_008b4220.cpp
008b4290	EXACT	CCombatSequenceTrollBurrowPursueNoZone_GetZone_008b4290.cpp
008b4300	EXACT	CCombatSequenceTrollRockPursue_GetZone_008b4300.cpp
008b4370	EXACT	CCombatSequenceTrollRockPursueNoZone_GetZone_008b4370.cpp
008b4380	EXACT	CCombatSequenceTrollRockPursueNoZone_IsInterruptableDueToZoneChange_008b4380.cpp
008b43f0	EXACT	CCombatSequenceTrollRockAdvance_GetZone_008b43f0.cpp
008b4460	EXACT	CCombatSequenceTrollRockThrowRock_GetZone_008b4460.cpp
008b4470	EXACT	CCombatSequenceTrollRockThrowRock_IsMeleeSequence_008b4470.cpp
008b4480	EXACT	CCombatSequenceTrollRockThrowRock_IsInterruptable_008b4480.cpp
008b44f0	EXACT	CCombatSequenceTrollRockIdle_GetZone_008b44f0.cpp
008b4560	EXACT	CCombatSequenceTrollRockShuffleBack_GetZone_008b4560.cpp
008b45d0	EXACT	CCombatSequenceVillagerAttack_GetZone_008b45d0.cpp
008b45e0	EXACT	CCombatSequenceVillagerAttack_IsMeleeSequence_008b45e0.cpp
008b4650	EXACT	CCombatSequenceVillagerBackOff_GetZone_008b4650.cpp
008b46c0	EXACT	CCombatSequenceVillagerStepIn_GetZone_008b46c0.cpp
008b46d0	EXACT	CCombatSequenceVillagerStepIn_IsInterruptableDueToZoneChange_008b46d0.cpp
008b4740	EXACT	CCombatSequenceVillagerAdvance_GetZone_008b4740.cpp
008b4750	EXACT	CCombatSequenceVillagerAdvance_IsInterruptableDueToZoneChange_008b4750.cpp
008b47c0	EXACT	CCombatSequenceVillagerCombo_GetZone_008b47c0.cpp
008b47d0	EXACT	CCombatSequenceVillagerCombo_IsMeleeSequence_008b47d0.cpp
008b4840	EXACT	CCombatSequenceVillagerComboUnblockable_GetZone_008b4840.cpp
008b4850	EXACT	CCombatSequenceVillagerComboUnblockable_IsMeleeSequence_008b4850.cpp
008b48c0	EXACT	CCombatSequenceVillagerNearAttack_GetZone_008b48c0.cpp
008b48d0	EXACT	CCombatSequenceVillagerNearAttack_IsMeleeSequence_008b48d0.cpp
008b4940	EXACT	CCombatSequenceWhisperLunge_GetZone_008b4940.cpp
008b4950	EXACT	CCombatSequenceWhisperLunge_IsMeleeSequence_008b4950.cpp
008b49c0	EXACT	CCombatSequenceWhisperAdvance_GetZone_008b49c0.cpp
008b49d0	EXACT	CCombatSequenceWhisperAdvance_IsMeleeSequence_008b49d0.cpp
008b4a40	EXACT	CCombatSequenceWhisperAttackCombo_GetZone_008b4a40.cpp
008b4a50	EXACT	CCombatSequenceWhisperAttackCombo_IsMeleeSequence_008b4a50.cpp
008b4ac0	EXACT	CCombatSequenceWhisperAttackBigCombo_GetZone_008b4ac0.cpp
008b4ad0	EXACT	CCombatSequenceWhisperAttackBigCombo_IsMeleeSequence_008b4ad0.cpp
008b4b40	EXACT	CCombatSequenceWhisperAttack360_GetZone_008b4b40.cpp
008b4b50	EXACT	CCombatSequenceWhisperAttack360_IsMeleeSequence_008b4b50.cpp
008b4bc0	EXACT	CCombatSequenceWhisperStrikeStrafeBack_GetZone_008b4bc0.cpp
008b4bd0	EXACT	CCombatSequenceWhisperStrikeStrafeBack_IsMeleeSequence_008b4bd0.cpp
008b4c40	EXACT	CCombatSequenceWhisperTooCloseLeapBack_GetZone_008b4c40.cpp
008b4c50	EXACT	CCombatSequenceWhisperTooCloseLeapBack_IsMeleeSequence_008b4c50.cpp
008b4cc0	EXACT	CCombatSequenceWhisperBoast_GetZone_008b4cc0.cpp
008b4cd0	EXACT	CCombatSequenceWhisperBoast_IsBoastSequence_008b4cd0.cpp
008b4d40	EXACT	CCombatSequenceWhisperSortYourselfOut_GetZone_008b4d40.cpp
008b4db0	EXACT	CCombatSequenceWhisperStrafeAround_GetZone_008b4db0.cpp
008b4dc0	EXACT	CCombatSequenceWhisperStrafeAround_IsInterruptableDueToZoneChange_008b4dc0.cpp
008b4e30	EXACT	CCombatSequenceWhisperIdles_GetZone_008b4e30.cpp
008b4e40	EXACT	CCombatSequenceWhisperIdles_IsInterruptableDueToZoneChange_008b4e40.cpp
008b4eb0	EXACT	CCombatSequenceJacksCombo_GetZone_008b4eb0.cpp
008b4ec0	EXACT	CCombatSequenceJacksCombo_IsInterruptableDueToZoneChange_008b4ec0.cpp
008b4f30	EXACT	CCombatSequence2StrikeCombo_GetZone_008b4f30.cpp
008b4f40	EXACT	CCombatSequence2StrikeCombo_IsInterruptableDueToZoneChange_008b4f40.cpp
008b4fb0	EXACT	CCombatSequenceUnblockableFacing_GetZone_008b4fb0.cpp
008b4fc0	EXACT	CCombatSequenceUnblockableFacing_IsInterruptableDueToZoneChange_008b4fc0.cpp
008b5030	EXACT	CCombatSequenceNonInterruptable2StrikeCombo_GetZone_008b5030.cpp
008b5040	EXACT	CCombatSequenceNonInterruptable2StrikeCombo_IsInterruptableDueToZoneChange_008b5040.cpp
008b50b0	EXACT	CCombatSequenceBattleCharge_IsToPreferSequenceWhenValid_008b50b0.cpp
008b50c0	EXACT	CCombatSequenceBattleCharge_GetZone_008b50c0.cpp
008b50d0	EXACT	CCombatSequenceBattleCharge_IsInterruptableDueToZoneChange_008b50d0.cpp
008b5140	EXACT	CCombatSequenceWillLightning_IsToPreferSequenceWhenValid_008b5140.cpp
008b5150	EXACT	CCombatSequenceWillLightning_GetZone_008b5150.cpp
008b5160	EXACT	CCombatSequenceWillLightning_IsInterruptableDueToZoneChange_008b5160.cpp
008b5170	EXACT	CCombatSequenceWillLightning_IsInterruptable_008b5170.cpp
008b5180	EXACT	CCombatSequenceWillLightning_IsMeleeSequence_008b5180.cpp
008b51f0	EXACT	CCombatSequenceWillEnflame_IsToPreferSequenceWhenValid_008b51f0.cpp
008b5200	EXACT	CCombatSequenceWillEnflame_GetZone_008b5200.cpp
008b5210	EXACT	CCombatSequenceWillEnflame_IsInterruptableDueToZoneChange_008b5210.cpp
008b5220	EXACT	CCombatSequenceWillEnflame_IsInterruptable_008b5220.cpp
008b5230	EXACT	CCombatSequenceWillEnflame_IsToEvadeAllHits_008b5230.cpp
008b5240	EXACT	CCombatSequenceWillEnflame_IsMeleeSequence_008b5240.cpp
008b52b0	EXACT	CCombatSequenceWillForcePush_IsToPreferSequenceWhenValid_008b52b0.cpp
008b52c0	EXACT	CCombatSequenceWillForcePush_GetZone_008b52c0.cpp
008b52d0	EXACT	CCombatSequenceWillForcePush_IsInterruptableDueToZoneChange_008b52d0.cpp
008b52e0	EXACT	CCombatSequenceWillForcePush_IsInterruptable_008b52e0.cpp
008b52f0	EXACT	CCombatSequenceWillForcePush_IsToEvadeAllHits_008b52f0.cpp
008b5300	EXACT	CCombatSequenceWillForcePush_IsMeleeSequence_008b5300.cpp
008b5370	EXACT	CCombatSequenceWillForcePushLongRange_IsToPreferSequenceWhenValid_008b5370.cpp
008b5380	EXACT	CCombatSequenceWillForcePushLongRange_GetZone_008b5380.cpp
008b5390	EXACT	CCombatSequenceWillForcePushLongRange_IsInterruptableDueToZoneChange_008b5390.cpp
008b53a0	EXACT	CCombatSequenceWillForcePushLongRange_IsInterruptable_008b53a0.cpp
008b53b0	EXACT	CCombatSequenceWillForcePushLongRange_IsToEvadeAllHits_008b53b0.cpp
008b53c0	EXACT	CCombatSequenceWillForcePushLongRange_IsMeleeSequence_008b53c0.cpp
008b5430	EXACT	CCombatSequenceWillPhysicalShield_IsToPreferSequenceWhenValid_008b5430.cpp
008b5440	EXACT	CCombatSequenceWillPhysicalShield_GetZone_008b5440.cpp
008b5450	EXACT	CCombatSequenceWillPhysicalShield_IsInterruptableDueToZoneChange_008b5450.cpp
008b5460	EXACT	CCombatSequenceWillPhysicalShield_IsInterruptable_008b5460.cpp
008b5470	EXACT	CCombatSequenceWillPhysicalShield_IsMeleeSequence_008b5470.cpp
008b54e0	EXACT	CCombatSequenceWillPhysicalShieldNonMelee_IsToPreferSequenceWhenValid_008b54e0.cpp
008b54f0	EXACT	CCombatSequenceWillPhysicalShieldNonMelee_GetZone_008b54f0.cpp
008b5500	EXACT	CCombatSequenceWillPhysicalShieldNonMelee_IsInterruptableDueToZoneChange_008b5500.cpp
008b5510	EXACT	CCombatSequenceWillPhysicalShieldNonMelee_IsInterruptable_008b5510.cpp
008b5520	EXACT	CCombatSequenceWillPhysicalShieldNonMelee_IsMeleeSequence_008b5520.cpp
008b8690	EXACT	CCreatureActionPlayCombatAnimationWithLooking_IsPreventingLookTurning_008b8690.cpp
008b86a0	EXACT	CCreatureActionGoUnderground_IsToEvadeAllHits_008b86a0.cpp
008b86b0	EXACT	CCreatureActionLeapLong_IsToFaceTargetAtStart_008b86b0.cpp
008b86d0	EXACT	CCreatureActionLeapLong_IsToRetainSafeDistance_008b86d0.cpp
008b86e0	EXACT	CCreatureActionLeapLong_IsPhysicsPushableByHero_008b86e0.cpp
008b86f0	EXACT	CCreatureActionCharge_IsToFaceTargetAtStart_008b86f0.cpp
008b91e0	RELOC	CEngineSubPrimitiveText_scalardeletingdestructor_008b91e0.cpp
008b9440	EXACT	CCreatureActionFinishGhostSwordSpell_PerformAction_008b9440.cpp
008b9450	EXACT	CCreatureActionBuildUpWillLightningSpell_PerformAction_008b9450.cpp
008bd900	EXACT	CCreatureActionCastWillForceSpell_PerformAction_008bd900.cpp
008bd910	EXACT	CCreatureActionBuildWillForceSpell_PerformAction_008bd910.cpp
008bd920	EXACT	CCreatureActionFinishWillForceSpell_PerformAction_008bd920.cpp
008bd930	EXACT	CCreatureActionCastWillEnflameSpell_IsToEvadeAllHits_008bd930.cpp
008bd940	EXACT	CCreatureActionCastWillEnflameSpell_IsAbleToBeAttacked_008bd940.cpp
008bd950	EXACT	CCreatureActionBuildUpWillEnflameSpell_PerformAction_008bd950.cpp
008bd960	EXACT	CCreatureActionReleaseWillEnflameSpell_PerformAction_008bd960.cpp
008bd970	EXACT	CCreatureActionReleaseWillEnflameSpell_IsToCauseRecoil_008bd970.cpp
008bd980	EXACT	CCreatureActionReleaseWillEnflameSpell_IsAbleToBeAttacked_008bd980.cpp
008bd990	EXACT	CCreatureActionCastPhysicalShieldSpell_PerformAction_008bd990.cpp
008bd9a0	EXACT	CCreatureActionBuildUpPhysicalShieldSpell_PerformAction_008bd9a0.cpp
008bd9b0	EXACT	CCreatureActionReleasePhysicalShieldSpell_PerformAction_008bd9b0.cpp
008bd9c0	EXACT	CCreatureActionReleasePhysicalShieldSpell_IsToCauseRecoil_008bd9c0.cpp
008bd9d0	EXACT	CCreatureActionReleasePhysicalShieldSpell_IsAbleToBeAttacked_008bd9d0.cpp
008bd9e0	EXACT	CCreatureActionRemovePhysicalShieldSpell_IsToCauseRecoil_008bd9e0.cpp
008bd9f0	EXACT	CCreatureActionRemovePhysicalShieldSpell_IsAbleToBeAttacked_008bd9f0.cpp
008bda00	EXACT	CCreatureActionBuildWillTurncoatSpell_PerformAction_008bda00.cpp
008bda10	EXACT	CCreatureActionFinishWillTurncoatSpell_PerformAction_008bda10.cpp
008bda20	EXACT	CCreatureActionBuildDrainLifeSpell_PerformAction_008bda20.cpp
008bda30	EXACT	CCreatureActionFinishDrainLifeSpell_PerformAction_008bda30.cpp
008bda40	EXACT	CCreatureActionBuildHealLifeSpell_PerformAction_008bda40.cpp
008bda50	EXACT	CCreatureActionFinishHealLifeSpell_PerformAction_008bda50.cpp
008bda60	EXACT	CCreatureActionCastWillGhostSwordSpell_PerformAction_008bda60.cpp
008bda70	EXACT	CCreatureActionBuildGhostSwordSpell_PerformAction_008bda70.cpp
008bda80	EXACT	CCreatureActionCastWillSummonSpell_PerformAction_008bda80.cpp
008bda90	EXACT	CCreatureActionBuildUpWillSummonSpell_PerformAction_008bda90.cpp
008bdaa0	EXACT	CCreatureActionReleaseWillSummonSpell_PerformAction_008bdaa0.cpp
008bdab0	EXACT	CCreatureActionCastWillLightningSpell_PerformAction_008bdab0.cpp
008bdac0	EXACT	CCreatureActionReleaseWillLightningSpell_PerformAction_008bdac0.cpp
008bdad0	EXACT	CCreatureActionCastWillFireballSpell_PerformAction_008bdad0.cpp
008bdae0	EXACT	CCreatureActionBuildFireballSpell_PerformAction_008bdae0.cpp
008bdaf0	EXACT	CCreatureActionFinishFireballSpell_IsToFaceTargetAtStart_008bdaf0.cpp
008bdb00	EXACT	CCreatureActionTeleportOut_IsToEvadeAllHits_008bdb00.cpp
008bdb10	EXACT	CCreatureActionTeleportIn_IsToEvadeAllHits_008bdb10.cpp
008bdb20	EXACT	CCreatureActionBeingForcePushed_PerformAction_008bdb20.cpp
008bdb30	EXACT	CCreatureActionBeingForcePushed_IsUsingAnimationMovement_008bdb30.cpp
008bdb40	EXACT	CCreatureActionCastDivineWrathSpell_PerformAction_008bdb40.cpp
008bdb50	EXACT	CCreatureActionCastDivineWrathSpell_IsPlayHitResponse_008bdb50.cpp
008bdb60	EXACT	CCreatureActionBuildUpDivineWrathSpell_PerformAction_008bdb60.cpp
008bdb70	EXACT	CCreatureActionBuildUpDivineWrathSpell_IsPlayHitResponse_008bdb70.cpp
008bdb80	EXACT	CCreatureActionReleaseDivineWrathSpell_PerformAction_008bdb80.cpp
008bdb90	EXACT	CCreatureActionReleaseDivineWrathSpell_IsToEvadeAllHits_008bdb90.cpp
008bdba0	EXACT	CCreatureActionReleaseDivineWrathSpell_IsToCauseRecoil_008bdba0.cpp
008bdbb0	EXACT	CCreatureActionReleaseDivineWrathSpell_IsAbleToBeAttacked_008bdbb0.cpp
008bdbc0	EXACT	CCreatureActionReleaseDivineWrathSpell_IsPlayHitResponse_008bdbc0.cpp
008bdbd0	EXACT	CCreatureActionReleaseAndLoopDivineWrathSpell_PerformAction_008bdbd0.cpp
008bdbe0	EXACT	CCreatureActionReleaseAndLoopDivineWrathSpell_IsToEvadeAllHits_008bdbe0.cpp
008bdbf0	EXACT	CCreatureActionReleaseAndLoopDivineWrathSpell_IsToCauseRecoil_008bdbf0.cpp
008bdc00	EXACT	CCreatureActionReleaseAndLoopDivineWrathSpell_IsAbleToBeAttacked_008bdc00.cpp
008bdc10	EXACT	CCreatureActionReleaseAndLoopDivineWrathSpell_IsPlayHitResponse_008bdc10.cpp
008bdc20	EXACT	CCreatureActionCastUnholyPowerSpell_PerformAction_008bdc20.cpp
008bdc30	EXACT	CCreatureActionCastUnholyPowerSpell_IsPlayHitResponse_008bdc30.cpp
008bdc40	EXACT	CCreatureActionBuildUpUnholyPowerSpell_PerformAction_008bdc40.cpp
008bdc50	EXACT	CCreatureActionBuildUpUnholyPowerSpell_IsPlayHitResponse_008bdc50.cpp
008bdc60	EXACT	CCreatureActionReleaseUnholyPowerSpell_PerformAction_008bdc60.cpp
008bdc70	EXACT	CCreatureActionReleaseUnholyPowerSpell_IsToEvadeAllHits_008bdc70.cpp
008bdc80	EXACT	CCreatureActionReleaseUnholyPowerSpell_IsToCauseRecoil_008bdc80.cpp
008bdc90	EXACT	CCreatureActionReleaseUnholyPowerSpell_IsAbleToBeAttacked_008bdc90.cpp
008bdca0	EXACT	CCreatureActionReleaseUnholyPowerSpell_IsPlayHitResponse_008bdca0.cpp
008bdcb0	EXACT	CCreatureActionReleaseAndLoopUnholyPowerSpell_PerformAction_008bdcb0.cpp
008bdcc0	EXACT	CCreatureActionReleaseAndLoopUnholyPowerSpell_IsToEvadeAllHits_008bdcc0.cpp
008bdcd0	EXACT	CCreatureActionReleaseAndLoopUnholyPowerSpell_IsToCauseRecoil_008bdcd0.cpp
008bdce0	EXACT	CCreatureActionReleaseAndLoopUnholyPowerSpell_IsAbleToBeAttacked_008bdce0.cpp
008bdcf0	EXACT	CCreatureActionReleaseAndLoopUnholyPowerSpell_IsPlayHitResponse_008bdcf0.cpp
008bdfe0	RELOC	CEngineSubPrimitiveText_scalardeletingdestructor_008bdfe0.cpp
008bff00	EXACT	CCreatureActionGenericLoadProjectileWeapon_IsToFaceTargetAtStart_008bff00.cpp
008bff10	EXACT	CCreatureActionGenericLeaderCommand_IsToFaceTargetAtStart_008bff10.cpp
008bff20	EXACT	CCreatureActionUnblockableMidAttack_IsBlockable_008bff20.cpp
008bff30	EXACT	CCreatureActionUnblockableMidAttack_IsKnockdownStrike_008bff30.cpp
008bff40	EXACT	CCreatureActionUnblockableMidAttack_IsToFaceMovementDirection_008bff40.cpp
008bff50	EXACT	CCreatureActionDiagonalStrafeBL_IsToFaceTarget_008bff50.cpp
008bff60	EXACT	CCreatureActionDiagonalStrafeBR_IsToFaceTarget_008bff60.cpp
008bff70	EXACT	CCreatureActionStrafeForward_IsToFaceTarget_008bff70.cpp
008bff80	EXACT	CCreatureActionStrafeBackward_IsToFaceTarget_008bff80.cpp
008bff90	EXACT	CCreatureActionAmbush_IsMovementUsingPhysics_008bff90.cpp
008bffa0	EXACT	CCreatureActionBodgeSideStrike_IsToFaceTargetAtStart_008bffa0.cpp
008c2d80	EXACT	DestvalstdallocatorCIVCountedPointerN3DPrimitiveCTriangleListCIVCountedPointerN3_CTriangleList_008c2d80.cpp
008c2da0	EXACT	DestvalstdallocatorCIVCountedPointerN3DPrimitiveCTriangleListCIVCountedPointerN3_CTriangleList_008c2da0.cpp
008c32f0	EXACT	DestvalstdallocatorCIVCountedPointerN3DPrimitiveCTriangleListCIVCountedPointerN3_CTriangleList_008c32f0.cpp
008c3310	EXACT	DestvalstdallocatorCIVCountedPointerN3DPrimitiveCTriangleListCIVCountedPointerN3_CTriangleList_008c3310.cpp
008c3a30	EXACT	CCreatureActionBriarRoseShotFarOutof_IsToFaceTarget_008c3a30.cpp
008c3a40	EXACT	CCreatureActionBriarRoseShotFarOutof_IsToFaceTargetAtStart_008c3a40.cpp
008c3a70	EXACT	CCombatActionStrikeResponseJackOfBladesIntoRush_IsToEvadeAllHits_008c3a70.cpp
008c3a80	EXACT	CCombatActionStrikeResponseJackOfBladesIntoRush_IsToUseRotationInAnimation_008c3a80.cpp
008c3a90	EXACT	CCombatActionStrikeResponseJackOfBladesIntoRush_IsToCauseRecoil_008c3a90.cpp
008c3aa0	EXACT	CCreatureActionJackOfBladesUnblockableMidAttackNoBlend_IsBlockable_008c3aa0.cpp
008c3ab0	EXACT	CCreatureActionJackOfBladesUnblockableMidAttackNoBlend_IsKnockdownStrike_008c3ab0.cpp
008c3ac0	EXACT	CCreatureActionJackOfBladesUnblockableMidAttackNoBlend_IsToFaceMovementDirection_008c3ac0.cpp
008c3ad0	EXACT	CCreatureActionJackOfBladesUnblockableMidAttackNoBlend_GetAnimationTransitionInTime_008c3ad0.cpp
008c3ae0	EXACT	CCreatureActionJackOfBladesUnblockableMidAttackNoBlend_GetAnimDelayTime_008c3ae0.cpp
008c3b90	RELOC	CEngineSubPrimitiveText_scalardeletingdestructor_008c3b90.cpp
008c58d0	EXACT	DestvalstdallocatorCIVCountedPointerN3DPrimitiveCTriangleListCIVCountedPointerN3_CTriangleList_008c58d0.cpp
008c5b90	EXACT	CCreatureActionScorpionChargeInto_IsBlockable_008c5b90.cpp
008c5ba0	EXACT	CCreatureActionScorpionChargeInto_IsToFaceMovementDirection_008c5ba0.cpp
008c5bb0	EXACT	CCreatureActionScorpionChargeInto_IsToRetainSafeDistance_008c5bb0.cpp
008c5bc0	EXACT	CCreatureActionScorpionCharge_IsBlockable_008c5bc0.cpp
008c5bd0	EXACT	CCreatureActionScorpionCharge_IsToFaceMovementDirection_008c5bd0.cpp
008c5be0	EXACT	CCreatureActionScorpionCharge_IsToRetainSafeDistance_008c5be0.cpp
008c5bf0	EXACT	CCreatureActionScorpionChargeStrike_IsBlockable_008c5bf0.cpp
008c5c00	EXACT	CCreatureActionScorpionChargeStrike_IsStrikeAction_008c5c00.cpp
008c5c10	EXACT	CCreatureActionScorpionChargeStrike_IsKnockdownStrike_008c5c10.cpp
008c5c20	EXACT	CCreatureActionScorpionChargeStrike_IsToFaceMovementDirection_008c5c20.cpp
008c5c30	EXACT	CCreatureActionScorpionChargeStrike_IsToRetainSafeDistance_008c5c30.cpp
008c5c40	EXACT	CCreatureActionWaspQueenDiveAttack_IsToFaceTargetAtStart_008c5c40.cpp
008c5c50	EXACT	CCreatureActionWaspQueenDiveAttack_IsToRetainSafeDistance_008c5c50.cpp
008c5c60	RELOC	CEngineSubPrimitiveText_scalardeletingdestructor_008c5c60.cpp
008c6050	EXACT	CCreatureActionTrollPursue_PerformAction_008c6050.cpp
008c7780	EXACT	DestvalstdallocatorCIVCountedPointerN3DPrimitiveCTriangleListCIVCountedPointerN3_CTriangleList_008c7780.cpp
008c77f0	EXACT	DestvalstdallocatorCIVCountedPointerN3DPrimitiveCTriangleListCIVCountedPointerN3_CTriangleList_008c77f0.cpp
008c7810	EXACT	DestvalstdallocatorCIVCountedPointerN3DPrimitiveCTriangleListCIVCountedPointerN3_CTriangleList_008c7810.cpp
008c7cc0	EXACT	CCreatureActionTrollThrowProjectile_HasFrameUpdate_008c7cc0.cpp
008c7cd0	EXACT	CCreatureActionTrollThrowProjectile_IsToFaceTarget_008c7cd0.cpp
008c7cf0	EXACT	CCreatureActionTrollThrowProjectile_GetAnimationTransitionInTime_008c7cf0.cpp
008c7d00	RELOC	CEngineSubPrimitiveText_scalardeletingdestructor_008c7d00.cpp
008c93d0	EXACT	CCreatureActionBanditKingThrowWeapons_IsToPerformActionOnStrike_008c93d0.cpp
008c93e0	RELOC	CEngineSubPrimitiveText_scalardeletingdestructor_008c93e0.cpp
008c9490	EXACT	CCreatureActionBanditKingAttack_IsKnockdownStrike_008c9490.cpp
008c94a0	EXACT	CCreatureActionBanditKingAttack_IsBlockable_008c94a0.cpp
008c9560	EXACT	CCreatureActionBanditKingStuck_GetAnimationTransitionInTime_008c9560.cpp
008c9570	EXACT	CCreatureActionBanditKingStuck_IsOverrideableByActionOfSamePriority_008c9570.cpp
008c9600	EXACT	CCreatureActionBanditKingUnstuck_GetAnimationTransitionInTime_008c9600.cpp
008c96f0	RELOC	CEngineSubPrimitiveText_scalardeletingdestructor_008c96f0.cpp
008c9d40	EXACT	CCreatureActionHobbeLungeAttack_IsKnockdownStrike_008c9d40.cpp
008c9d50	EXACT	CCreatureActionHobbeLungeAttack_IsBlockable_008c9d50.cpp
008c9d60	EXACT	CCreatureActionHobbeLungeAttack_IsToFaceTargetAtStart_008c9d60.cpp
008ca8d0	EXACT	CCreatureActionNymphSummonInto_IsToFaceTargetAtStart_008ca8d0.cpp
008ca8e0	EXACT	CCreatureActionNymphShot_IsToFaceTarget_008ca8e0.cpp
008ca900	EXACT	CCreatureActionNymphShot_IsStrikeAction_008ca900.cpp
008ca910	EXACT	CCreatureActionNymphIdleAfterShot_IsToFaceTarget_008ca910.cpp
008ca920	EXACT	CCreatureActionNymphTeleportLimboBase_IsMoving_008ca920.cpp
008ca930	EXACT	CCreatureActionNymphTeleportLimboBase_IsToEvadeAllHits_008ca930.cpp
008ca940	EXACT	CCreatureActionNymphTeleportLimboBase_IsToFaceTarget_008ca940.cpp
008cbf90	EXACT	DestvalstdallocatorCIVCountedPointerN3DPrimitiveCTriangleListCIVCountedPointerN3_CTriangleList_008cbf90.cpp
008cc3c0	EXACT	CCreatureActionSummonerUnsheatheStrike_IsKnockdownStrike_008cc3c0.cpp
008cc3d0	EXACT	CCreatureActionSummonerUnsheatheStrike_IsBlockable_008cc3d0.cpp
008cc3e0	EXACT	CCreatureActionSummonerUnsheatheStrike_IsToFaceTargetAtStart_008cc3e0.cpp
008cc450	RELOC	CEngineSubPrimitiveText_scalardeletingdestructor_008cc450.cpp
008cd050	EXACT	DestvalstdallocatorCIVCountedPointerN3DPrimitiveCTriangleListCIVCountedPointerN3_CTriangleList_008cd050.cpp
008cd0b0	EXACT	DestvalstdallocatorCIVCountedPointerN3DPrimitiveCTriangleListCIVCountedPointerN3_CTriangleList_008cd0b0.cpp
008cd190	EXACT	CCreatureActionBalverineCorneredJumpIntoSky_IsToFaceTargetAtStart_008cd190.cpp
008cd1a0	EXACT	CCreatureActionBalverineCorneredJumpIntoSky_IsMovementUsingPhysics_008cd1a0.cpp
008cd1b0	EXACT	CCreatureActionBalverineCorneredJumpIntoSky_IsToCauseRecoil_008cd1b0.cpp
008cd1c0	EXACT	CCreatureActionBalverineCorneredJumpIntoSky_GetAnimationTransitionInTime_008cd1c0.cpp
008cd1d0	EXACT	CCreatureActionBalverineCorneredJumpIntoSky_GetAnimDelayTime_008cd1d0.cpp
008cd1e0	EXACT	CCreatureActionBalverineDropInFromSky_GetAnimationTransitionInTime_008cd1e0.cpp
008cd1f0	EXACT	CCreatureActionBalverineDropInFromSky_GetAnimDelayTime_008cd1f0.cpp
008cd200	EXACT	CCreatureActionBalverineDropInFromSky_IsToFaceTargetAtStart_008cd200.cpp
008cd210	EXACT	CCreatureActionBalverineLungeAttack_IsKnockdownStrike_008cd210.cpp
008cd220	EXACT	CCreatureActionBalverineLungeAttack_IsToFaceTargetAtStart_008cd220.cpp
008cd230	EXACT	CCreatureActionBalverineLungeAttack_IsToRetainSafeDistance_008cd230.cpp
008cd240	EXACT	CCreatureActionBalverineBreakOffFromCombat_IsToFaceTargetAtStart_008cd240.cpp
008cd250	EXACT	CCreatureActionBalverineBreakOffFromCombatLong_IsToFaceTargetAtStart_008cd250.cpp
008cd460	EXACT	CCreatureActionCastSkillMultiArrow_PerformAction_008cd460.cpp
008ceb90	EXACT	CCreatureActionCastTimeSpell_PerformAction_008ceb90.cpp
008ceba0	EXACT	CCreatureActionBuildUpTimeSpell_PerformAction_008ceba0.cpp
008cebb0	EXACT	CCreatureActionReleaseTimeSpell_PerformAction_008cebb0.cpp
008cebc0	EXACT	CCreatureActionReleaseTimeSpell_IsToCauseRecoil_008cebc0.cpp
008cebd0	EXACT	CCreatureActionReleaseTimeSpell_IsAbleToBeAttacked_008cebd0.cpp
008cebe0	EXACT	CCreatureActionCastAssassinRush_PerformAction_008cebe0.cpp
008cebf0	EXACT	CCreatureActionCastBattleCharge_PerformAction_008cebf0.cpp
008cec00	EXACT	CCreatureActionBuildUpBattleCharge_PerformAction_008cec00.cpp
008cec10	EXACT	CCreatureActionBuildUpBattleCharge_IsToFaceTargetAtStart_008cec10.cpp
008cec20	EXACT	CCreatureActionBuildUpBattleCharge_IsToFaceTarget_008cec20.cpp
008cec30	EXACT	CCreatureActionBattleChargeImpact_PerformAction_008cec30.cpp
008cec40	EXACT	CCreatureActionBattleChargeImpact_IsBlockable_008cec40.cpp
008cec50	EXACT	CCreatureActionBattleChargeImpact_IsAbleToBeAttacked_008cec50.cpp
008cec60	EXACT	CCreatureActionBattleChargeImpact_IsToCauseRecoil_008cec60.cpp
008cec70	EXACT	CCreatureActionBattleChargeMiss_PerformAction_008cec70.cpp
008cec80	EXACT	CCreatureActionBattleChargeMiss_IsAbleToBeAttacked_008cec80.cpp
008cec90	EXACT	CCreatureActionBattleChargeMiss_IsToCauseRecoil_008cec90.cpp
008ceca0	EXACT	CCreatureActionBattleChargeTurnLeft_PerformAction_008ceca0.cpp
008cecb0	EXACT	CCreatureActionBattleChargeTurnRight_PerformAction_008cecb0.cpp
008ced20	RELOC	CEngineSubPrimitiveText_scalardeletingdestructor_008ced20.cpp
008cf960	EXACT	CCreatureActionTentacleIdle_IsUsingAnimationMovement_008cf960.cpp
008cf9e0	EXACT	CCreatureActionTentacleStrikeLoop_IsUsingAnimationMovement_008cf9e0.cpp
008cfa50	EXACT	CCreatureActionTentacleStrikeOutOf_IsToEvadeAllHits_008cfa50.cpp
008cfa60	EXACT	CCreatureActionTentacleStrikeOutOf_IsUsingAnimationMovement_008cfa60.cpp
008cfa70	EXACT	CCreatureActionTentacleStrikeOutOf_IsMovementUsingPhysics_008cfa70.cpp
008cfaa0	EXACT	CCreatureActionTentacleStrikeGetHit_IsUsingAnimationMovement_008cfaa0.cpp
008cfab0	EXACT	CCreatureActionTentacleStrikeGetHit_IsMovementUsingPhysics_008cfab0.cpp
008cff10	EXACT	CGameScriptThing_GetAngleXYCGameScriptThingUBEMXZ_008cff10.cpp
008cff30	EXACT	CGameScriptThing_IsUnconsciousCGameScriptThingUBENXZ_008cff30.cpp
008d0110	RELOC	CGameScriptThing_IsNullCGameScriptThingUBENXZ_008d0110.cpp
008d0440	RELOC	CGameScriptThing_GetPThingCGameScriptThingUBEPAVCThin_008d0440.cpp
008d0820	RELOC	CGameScriptThing_IsOpenDoor_008d0820.cpp
008d4690	EXACT	CGameScriptThing_GetScriptCounter_008d4690.cpp
008d60f0	RELOC	CEngineSubPrimitiveText_scalardeletingdestructor_008d60f0.cpp
008e2c50	EXACT	DestvalstdallocatorCIVCountedPointerN3DPrimitiveCTriangleListCIVCountedPointerN3_CTriangleList_008e2c50.cpp
008e2ed0	EXACT	DestvalstdallocatorCIVCountedPointerN3DPrimitiveCTriangleListCIVCountedPointerN3_CTriangleList_008e2ed0.cpp
008e2ef0	EXACT	DestvalstdallocatorCIVCountedPointerN3DPrimitiveCTriangleListCIVCountedPointerN3_CTriangleList_008e2ef0.cpp
008e3610	RELOC	CEngineSubPrimitiveText_scalardeletingdestructor_008e3610.cpp
008e3660	RELOC	CEngineSubPrimitiveText_scalardeletingdestructor_008e3660.cpp
008e36b0	RELOC	CEngineSubPrimitiveText_scalardeletingdestructor_008e36b0.cpp
008e3820	RELOC	CEngineSubPrimitiveText_scalardeletingdestructor_008e3820.cpp
008e3860	RELOC	CEngineSubPrimitiveText_scalardeletingdestructor_008e3860.cpp
008e39d0	RELOC	CEngineSubPrimitiveText_scalardeletingdestructor_008e39d0.cpp
008e4a20	EXACT	CCreatureActionSnapDragonOutOf_IsBlockable_008e4a20.cpp
008e4a30	EXACT	CCreatureActionSnapDragonOutOf_IsKnockdownStrike_008e4a30.cpp
008e6de0	EXACT	CCreatureActionCastStrengthBerserk_PerformAction_008e6de0.cpp
008e6df0	EXACT	CCreatureActionReleaseStrengthBerserk_PerformAction_008e6df0.cpp
008e6e00	EXACT	CCreatureActionReleaseStrengthBerserk_IsToCauseRecoil_008e6e00.cpp
008e6e10	EXACT	CCreatureActionReleaseStrengthBerserk_IsAbleToBeAttacked_008e6e10.cpp
008e6e20	EXACT	CCreatureActionCastStrengthMultiStrikeProper_IsBlockable_008e6e20.cpp
008e8c10	EXACT	CCreatureActionBriarRoseConcentrateInto_IsToFaceTargetAtStart_008e8c10.cpp
008e8cd0	RELOC	CEngineSubPrimitiveText_scalardeletingdestructor_008e8cd0.cpp
008e8d00	RELOC	CEngineSubPrimitiveText_scalardeletingdestructor_008e8d00.cpp
008ec770	EXACT	CCreatureActionUndeadReturnToEarth_IsToEvadeAllHits_008ec770.cpp
008ec780	EXACT	CCreatureActionUndeadReturnToEarth_GetAnimationTransitionInTime_008ec780.cpp
008ed590	DIFFER(141v166)	CObjectFamilyDef_GetRandomObject_008ed590.cpp
008edb40	EXACT	CCreatureActionDie_PerformAction_008edb40.cpp
008edb50	EXACT	CCreatureActionDie_GetAnimationTransitionInTime_008edb50.cpp
008edb60	EXACT	CCreatureActionDie_GetAnimDelayTime_008edb60.cpp
008edb70	EXACT	CCreatureActionDie_IsToEvadeAllHits_008edb70.cpp
008edb80	EXACT	CCreatureActionDie_IsPreventingQuickAccessItemUsage_008edb80.cpp
008efdc0	EXACT	DestvalstdallocatorCIVCountedPointerN3DPrimitiveCTriangleListCIVCountedPointerN3_CTriangleList_008efdc0.cpp
008efee0	EXACT	DestvalstdallocatorCIVCountedPointerN3DPrimitiveCTriangleListCIVCountedPointerN3_CTriangleList_008efee0.cpp
008f55e0	EXACT	CCreatureActionDragonFlight_GetAnimDelayTime_008f55e0.cpp
008f5600	EXACT	CCreatureActionDragonFlight_IsUsingAnimationMovement_008f5600.cpp
008f5610	EXACT	CCreatureActionDragonFlight_IsMovementUsingPhysics_008f5610.cpp
008f5620	EXACT	CCreatureActionDragonRetreat_GetAnimDelayTime_008f5620.cpp
008f5630	EXACT	CCreatureActionDragonRetreat_IsUsingAnimationMovement_008f5630.cpp
008f5640	EXACT	CCreatureActionDragonRetreat_IsMovementUsingPhysics_008f5640.cpp
008f5650	EXACT	CCreatureActionDragonSwoop_GetAnimDelayTime_008f5650.cpp
008f5660	EXACT	CCreatureActionDragonSwoop_IsUsingAnimationMovement_008f5660.cpp
008f5670	EXACT	CCreatureActionDragonSwoop_IsMovementUsingPhysics_008f5670.cpp
008f5680	EXACT	CCreatureActionDragonRearUpInto_IsMovementUsingPhysics_008f5680.cpp
008f5690	EXACT	CCreatureActionDragonRearUpOutOf_IsMovementUsingPhysics_008f5690.cpp
008fcfd0	EXACT	CAIStateGroupBase_GetPWorldSeed_008fcfd0.cpp
008fcfe0	EXACT	CAIStateGroupBase_GetDebugTextCAIStateGroupBaseUBEPBVC_008fcfe0.cpp
008fcff0	EXACT	CAIStateGroupBase_PeekWorldMap_008fcff0.cpp
008fd000	EXACT	CAIStateGroupBase_PeekThingSearchTools_008fd000.cpp
008fd26f	EXACT	CAIStateGroupBase_OnActivate_008fd26f.cpp
008fd270	EXACT	CAIStateGroupBase_InitCreaturePosition_008fd270.cpp
008fd273	EXACT	CAIStateGroupBase_AllowPriorityOverlap_008fd273.cpp
008fd276	EXACT	CAIStateGroupBase_IsStillValid_008fd276.cpp
008fd279	EXACT	CAIStateGroupBase_IsTimingCritical_008fd279.cpp
008fd280	EXACT	CAIStateGroupBase_Cleanup_008fd280.cpp
008fd281	EXACT	CAIStateGroupBase_OnReplace_008fd281.cpp
008fd282	EXACT	CAIStateGroupBase_IsRunnable_008fd282.cpp
008fd285	EXACT	CAIStateGroupBase_InitStateGroup_008fd285.cpp
008fd29b	RELOC	CAssoc_scalardeletingdestructor_008fd29b.cpp
008fd3d9	EXACT	CAIStateGroupMinionGossip_UseLineOfSight_008fd3d9.cpp
008fd40a	EXACT	CAIStateGroupBanditGossip_UseLineOfSight_008fd40a.cpp
008fd99e	EXACT	CAIStateGroupKidWanderNearKids_AllowPriorityOverlap_008fd99e.cpp
008fda2e	RELOC	CAssoc_scalardeletingdestructor_008fda2e.cpp
008fdb24	EXACT	CAIStateGroupIdleAtHome_AllowPriorityOverlap_008fdb24.cpp
008fdb67	EXACT	CAIStateGroupCleanHouse_AllowPriorityOverlap_008fdb67.cpp
008fdc8e	EXACT	CAIStateGroupLookAtInterestingThings_AllowPriorityOverlap_008fdc8e.cpp
008fe0ee	EXACT	CAIStateGroupEnemyCreatureBase_Init_008fe0ee.cpp
008fe0ef	EXACT	CAIStateGroupEnemyCreatureBase_IsRunnableLeaf_008fe0ef.cpp
008fe0f2	EXACT	CAIStateGroupEnemyCreatureBase_OnActivateLeaf_008fe0f2.cpp
008fe0f3	EXACT	CAIStateGroupEnemyCreatureBase_CleanupLeaf_008fe0f3.cpp
008fe102	EXACT	CAIStateGroupEnemyCreatureBase_IsRequireDirectAwarenessOfThing_008fe102.cpp
008fe105	RELOC	CLandscapeBackgroundPatch_vectordeletingdestructor_008fe105.cpp
008fe62d	RELOC	CAssoc_scalardeletingdestructor_008fe62d.cpp
008fe66e	EXACT	CAIStateGroupServeFoodAtTavern_SetPlaceForSelf_008fe66e.cpp
008fe802	EXACT	CAIStateGroupBanditPlot_PutWeaponAway_008fe802.cpp
008fea25	RELOC	CAssoc_scalardeletingdestructor_008fea25.cpp
008fea41	RELOC	CLandscapeBackgroundPatch_vectordeletingdestructor_008fea41.cpp
008fea5d	RELOC	CLandscapeBackgroundPatch_vectordeletingdestructor_008fea5d.cpp
008fea79	RELOC	CLandscapeBackgroundPatch_vectordeletingdestructor_008fea79.cpp
008fea95	RELOC	CLandscapeBackgroundPatch_vectordeletingdestructor_008fea95.cpp
008feab1	RELOC	CLandscapeBackgroundPatch_vectordeletingdestructor_008feab1.cpp
008feacd	RELOC	CLandscapeBackgroundPatch_vectordeletingdestructor_008feacd.cpp
008feae9	RELOC	CLandscapeBackgroundPatch_vectordeletingdestructor_008feae9.cpp
008feb05	RELOC	CLandscapeBackgroundPatch_vectordeletingdestructor_008feb05.cpp
008feb21	RELOC	CLandscapeBackgroundPatch_vectordeletingdestructor_008feb21.cpp
008feb4f	RELOC	CAssoc_scalardeletingdestructor_008feb4f.cpp
008feb97	RELOC	CLandscapeBackgroundPatch_vectordeletingdestructor_008feb97.cpp
008febc5	RELOC	CLandscapeBackgroundPatch_vectordeletingdestructor_008febc5.cpp
008fec05	RELOC	CAssoc_scalardeletingdestructor_008fec05.cpp
008fec45	RELOC	CEngineSubPrimitiveText_scalardeletingdestructor_008fec45.cpp
008fec7d	EXACT	CAIStateGroupMinionReactToPlayerInteraction_IsTimingCritical_008fec7d.cpp
008fec80	RELOC	CAssoc_scalardeletingdestructor_008fec80.cpp
008fecd0	RELOC	CLandscapeBackgroundPatch_vectordeletingdestructor_008fecd0.cpp
008fed2b	RELOC	CEngineSubPrimitiveText_scalardeletingdestructor_008fed2b.cpp
008fed75	RELOC	CEngineSubPrimitiveText_scalardeletingdestructor_008fed75.cpp
008fedbf	RELOC	CAssoc_scalardeletingdestructor_008fedbf.cpp
008feded	RELOC	CAssoc_scalardeletingdestructor_008feded.cpp
008fee2d	RELOC	CAssoc_scalardeletingdestructor_008fee2d.cpp
008fee6d	RELOC	CAssoc_scalardeletingdestructor_008fee6d.cpp
008feead	RELOC	CEngineSubPrimitiveText_scalardeletingdestructor_008feead.cpp
008feef7	RELOC	CEngineSubPrimitiveText_scalardeletingdestructor_008feef7.cpp
008fef2f	RELOC	CAssoc_scalardeletingdestructor_008fef2f.cpp
008fef6f	RELOC	CAssoc_scalardeletingdestructor_008fef6f.cpp
008fef9d	RELOC	CAssoc_scalardeletingdestructor_008fef9d.cpp
008fefdd	RELOC	CEngineSubPrimitiveText_scalardeletingdestructor_008fefdd.cpp
008ff027	RELOC	CEngineSubPrimitiveText_scalardeletingdestructor_008ff027.cpp
008ff071	EXACT	CAIStateGroupMinionWatchFires_AllowPriorityOverlap_008ff071.cpp
008ff074	RELOC	CEngineSubPrimitiveText_scalardeletingdestructor_008ff074.cpp
008ff0be	RELOC	CEngineSubPrimitiveText_scalardeletingdestructor_008ff0be.cpp
008ff108	RELOC	CEngineSubPrimitiveText_scalardeletingdestructor_008ff108.cpp
008ff152	RELOC	CEngineSubPrimitiveText_scalardeletingdestructor_008ff152.cpp
008ff19c	RELOC	CAssoc_scalardeletingdestructor_008ff19c.cpp
008ff1dc	RELOC	CAssoc_scalardeletingdestructor_008ff1dc.cpp
008ff22b	RELOC	CAssoc_scalardeletingdestructor_008ff22b.cpp
008ff26b	EXACT	CAIStateGroupMinionSitOnSeatBase_IsStateGroupStillValid_008ff26b.cpp
008ff26e	EXACT	CAIStateGroupMinionSitOnSeatBase_IsOwnerSubjectToRegulation_008ff26e.cpp
008ff271	RELOC	CAssoc_scalardeletingdestructor_008ff271.cpp
008ff29f	RELOC	CAssoc_scalardeletingdestructor_008ff29f.cpp
008ff2cd	EXACT	CAIStateGroupMinionSitAtInn_IsOwnerSubjectToRegulation_008ff2cd.cpp
008ff2d0	RELOC	CAssoc_scalardeletingdestructor_008ff2d0.cpp
008ff2fe	RELOC	CAssoc_scalardeletingdestructor_008ff2fe.cpp
008ff33e	RELOC	CAssoc_scalardeletingdestructor_008ff33e.cpp
008ff36c	EXACT	CAIStateGroupMinionSitAtHome_AllowPriorityOverlap_008ff36c.cpp
008ff36f	RELOC	CAssoc_scalardeletingdestructor_008ff36f.cpp
008ff3af	EXACT	CAIStateGroupSitRoundCampfire_AllowPriorityOverlap_008ff3af.cpp
008ff3b2	RELOC	CEngineSubPrimitiveText_scalardeletingdestructor_008ff3b2.cpp
008ff3fc	RELOC	CAssoc_scalardeletingdestructor_008ff3fc.cpp
008ff43c	RELOC	CEngineSubPrimitiveText_scalardeletingdestructor_008ff43c.cpp
008ff486	RELOC	CAssoc_scalardeletingdestructor_008ff486.cpp
008ff4c6	RELOC	CEngineSubPrimitiveText_scalardeletingdestructor_008ff4c6.cpp
008ff514	RELOC	CEngineSubPrimitiveText_scalardeletingdestructor_008ff514.cpp
008ff562	RELOC	CEngineSubPrimitiveText_scalardeletingdestructor_008ff562.cpp
008ff5b0	RELOC	CEngineSubPrimitiveText_scalardeletingdestructor_008ff5b0.cpp
008ff5fa	RELOC	CEngineSubPrimitiveText_scalardeletingdestructor_008ff5fa.cpp
008ff644	RELOC	CAssoc_scalardeletingdestructor_008ff644.cpp
008ff684	RELOC	CAssoc_scalardeletingdestructor_008ff684.cpp
008ff6c4	RELOC	CAssoc_scalardeletingdestructor_008ff6c4.cpp
008ff704	RELOC	CAssoc_scalardeletingdestructor_008ff704.cpp
008ff744	RELOC	CAssoc_scalardeletingdestructor_008ff744.cpp
008ff784	RELOC	CAssoc_scalardeletingdestructor_008ff784.cpp
008ff7c4	RELOC	CAssoc_scalardeletingdestructor_008ff7c4.cpp
008ff7f2	RELOC	CAssoc_scalardeletingdestructor_008ff7f2.cpp
008ff832	RELOC	CAssoc_scalardeletingdestructor_008ff832.cpp
008ff872	RELOC	CAssoc_scalardeletingdestructor_008ff872.cpp
008ff8b2	RELOC	CAssoc_scalardeletingdestructor_008ff8b2.cpp
008ff8f2	RELOC	CAssoc_scalardeletingdestructor_008ff8f2.cpp
008ff932	RELOC	CAssoc_scalardeletingdestructor_008ff932.cpp
008ff972	RELOC	CAssoc_scalardeletingdestructor_008ff972.cpp
008ff9a4	RELOC	CAssoc_scalardeletingdestructor_008ff9a4.cpp
008ff9d6	RELOC	CAssoc_scalardeletingdestructor_008ff9d6.cpp
008ffa16	RELOC	CEngineSubPrimitiveText_scalardeletingdestructor_008ffa16.cpp
008ffa60	RELOC	CEngineSubPrimitiveText_scalardeletingdestructor_008ffa60.cpp
008ffaaa	RELOC	CEngineSubPrimitiveText_scalardeletingdestructor_008ffaaa.cpp
008ffaf4	RELOC	CEngineSubPrimitiveText_scalardeletingdestructor_008ffaf4.cpp
008ffb3e	RELOC	CEngineSubPrimitiveText_scalardeletingdestructor_008ffb3e.cpp
008ffb88	RELOC	CAssoc_scalardeletingdestructor_008ffb88.cpp
008ffbc8	RELOC	CEngineSubPrimitiveText_scalardeletingdestructor_008ffbc8.cpp
008ffc12	RELOC	CEngineSubPrimitiveText_scalardeletingdestructor_008ffc12.cpp
008ffc5c	RELOC	CAssoc_scalardeletingdestructor_008ffc5c.cpp
008ffc9c	RELOC	CEngineSubPrimitiveText_scalardeletingdestructor_008ffc9c.cpp
008ffcd4	RELOC	CAssoc_scalardeletingdestructor_008ffcd4.cpp
008ffd02	RELOC	CAssoc_scalardeletingdestructor_008ffd02.cpp
008ffd1e	RELOC	CAssoc_scalardeletingdestructor_008ffd1e.cpp
008ffd5e	RELOC	CEngineSubPrimitiveText_scalardeletingdestructor_008ffd5e.cpp
008ffda8	RELOC	CEngineSubPrimitiveText_scalardeletingdestructor_008ffda8.cpp
008ffdf2	RELOC	CEngineSubPrimitiveText_scalardeletingdestructor_008ffdf2.cpp
008ffe3c	RELOC	CAssoc_scalardeletingdestructor_008ffe3c.cpp
008ffe7c	RELOC	CAssoc_scalardeletingdestructor_008ffe7c.cpp
008ffebc	RELOC	CAssoc_scalardeletingdestructor_008ffebc.cpp
008ffed8	RELOC	CAssoc_scalardeletingdestructor_008ffed8.cpp
008fff18	RELOC	CAssoc_scalardeletingdestructor_008fff18.cpp
008fff58	RELOC	CAssoc_scalardeletingdestructor_008fff58.cpp
008fff98	RELOC	CEngineSubPrimitiveText_scalardeletingdestructor_008fff98.cpp
008fffe2	RELOC	CEngineSubPrimitiveText_scalardeletingdestructor_008fffe2.cpp
0090002c	EXACT	CAIStateGroupLightHomeCandle_IsWorkCandle_0090002c.cpp
0090002f	RELOC	CAssoc_scalardeletingdestructor_0090002f.cpp
0090005d	EXACT	CAIStateGroupLightWorkCandle_IsWorkCandle_0090005d.cpp
00900060	RELOC	CAssoc_scalardeletingdestructor_00900060.cpp
009000a0	RELOC	CAssoc_scalardeletingdestructor_009000a0.cpp
009000ef	EXACT	CAIStateGroupWanderAroundShops_AllowPriorityOverlap_009000ef.cpp
009000f2	RELOC	CLandscapeBackgroundPatch_vectordeletingdestructor_009000f2.cpp
0090014d	RELOC	CEngineSubPrimitiveText_scalardeletingdestructor_0090014d.cpp
009001d6	RELOC	CLandscapeBackgroundPatch_vectordeletingdestructor_009001d6.cpp
0090021b	RELOC	CEngineSubPrimitiveText_scalardeletingdestructor_0090021b.cpp
0090027f	RELOC	CEngineSubPrimitiveText_scalardeletingdestructor_0090027f.cpp
009002c9	RELOC	CEngineSubPrimitiveText_scalardeletingdestructor_009002c9.cpp
00900313	RELOC	CAssoc_scalardeletingdestructor_00900313.cpp
00900341	RELOC	CLandscapeBackgroundPatch_vectordeletingdestructor_00900341.cpp
00900381	EXACT	CAIStateGroupTrollBase_IsTimingCritical_00900381.cpp
00900384	RELOC	CAssoc_scalardeletingdestructor_00900384.cpp
009003b6	RELOC	CAssoc_scalardeletingdestructor_009003b6.cpp
009003f6	RELOC	CAssoc_scalardeletingdestructor_009003f6.cpp
0090043a	RELOC	CEngineSubPrimitiveText_scalardeletingdestructor_0090043a.cpp
00900484	RELOC	CAssoc_scalardeletingdestructor_00900484.cpp
009004c4	RELOC	CAssoc_scalardeletingdestructor_009004c4.cpp
00900517	RELOC	CLandscapeBackgroundPatch_vectordeletingdestructor_00900517.cpp
00900576	RELOC	CEngineSubPrimitiveText_scalardeletingdestructor_00900576.cpp
009005d0	RELOC	CLandscapeBackgroundPatch_vectordeletingdestructor_009005d0.cpp
0090062b	RELOC	CAssoc_scalardeletingdestructor_0090062b.cpp
009006be	EXACT	CAIStateGroupJackDragon_IsTimingCritical_009006be.cpp
009006c1	RELOC	CLandscapeBackgroundPatch_vectordeletingdestructor_009006c1.cpp
00900744	RELOC	CAssoc_scalardeletingdestructor_00900744.cpp
00900776	RELOC	CAssoc_scalardeletingdestructor_00900776.cpp
009007a8	EXACT	CAIStateGroupMazeDefensiveMeleeCombat_IsTimingCritical_009007a8.cpp
009007ab	RELOC	CAssoc_scalardeletingdestructor_009007ab.cpp
009007dd	RELOC	CAssoc_scalardeletingdestructor_009007dd.cpp
0090080f	RELOC	CAssoc_scalardeletingdestructor_0090080f.cpp
00900841	RELOC	CAssoc_scalardeletingdestructor_00900841.cpp
00900873	RELOC	CAssoc_scalardeletingdestructor_00900873.cpp
009008a5	RELOC	CAssoc_scalardeletingdestructor_009008a5.cpp
009008e9	RELOC	CEngineSubPrimitiveText_scalardeletingdestructor_009008e9.cpp
00900937	RELOC	CEngineSubPrimitiveText_scalardeletingdestructor_00900937.cpp
00900981	RELOC	CEngineSubPrimitiveText_scalardeletingdestructor_00900981.cpp
009009cb	EXACT	CAIStateGroupBehaviourBase_InitLeaf_009009cb.cpp
009009cc	EXACT	CAIStateGroupBehaviourBase_OnActivateLeaf_009009cc.cpp
009009cd	EXACT	CAIStateGroupBehaviourBase_CleanupLeaf_009009cd.cpp
009009ce	RELOC	CAssoc_scalardeletingdestructor_009009ce.cpp
00900a51	RELOC	CLandscapeBackgroundPatch_vectordeletingdestructor_00900a51.cpp
00900a91	RELOC	CEngineSubPrimitiveText_scalardeletingdestructor_00900a91.cpp
00900adb	RELOC	CEngineSubPrimitiveText_scalardeletingdestructor_00900adb.cpp
00900b25	RELOC	CAssoc_scalardeletingdestructor_00900b25.cpp
00900b65	RELOC	CAssoc_scalardeletingdestructor_00900b65.cpp
00900b93	RELOC	CAssoc_scalardeletingdestructor_00900b93.cpp
00900bd3	RELOC	CAssoc_scalardeletingdestructor_00900bd3.cpp
00900c13	EXACT	CAIStateGroupHoverWander_IsCombatStateGroup_00900c13.cpp
00900c16	EXACT	CAIStateGroupHoverWander_IsRunnable_00900c16.cpp
00900c19	RELOC	CLandscapeBackgroundPatch_vectordeletingdestructor_00900c19.cpp
00900c4d	EXACT	CAIStateGroupHoverAttack_IsCombatStateGroup_00900c4d.cpp
00900c54	RELOC	CLandscapeBackgroundPatch_vectordeletingdestructor_00900c54.cpp
00900c88	EXACT	CAIStateGroupHoverAttackUnlessTargetIsFleeing_IsCombatStateGroup_00900c88.cpp
00900c8f	RELOC	CLandscapeBackgroundPatch_vectordeletingdestructor_00900c8f.cpp
00900cd5	RELOC	CAssoc_scalardeletingdestructor_00900cd5.cpp
00900d03	EXACT	CAIStateGroupHoverKeepInArea_IsCombatStateGroup_00900d03.cpp
00900d06	RELOC	CLandscapeBackgroundPatch_vectordeletingdestructor_00900d06.cpp
00900d3a	EXACT	CAIStateGroupHoverAttackArea_IsCombatStateGroup_00900d3a.cpp
00900d41	RELOC	CLandscapeBackgroundPatch_vectordeletingdestructor_00900d41.cpp
00900d75	EXACT	CAIStateGroupHoverHornetQueenTakeDamage_IsCombatStateGroup_00900d75.cpp
00900d7c	RELOC	CLandscapeBackgroundPatch_vectordeletingdestructor_00900d7c.cpp
00900dc2	RELOC	CAssoc_scalardeletingdestructor_00900dc2.cpp
00900e02	RELOC	CAssoc_scalardeletingdestructor_00900e02.cpp
00900e46	RELOC	CEngineSubPrimitiveText_scalardeletingdestructor_00900e46.cpp
00900e90	RELOC	CAssoc_scalardeletingdestructor_00900e90.cpp
00900ed0	RELOC	CAssoc_scalardeletingdestructor_00900ed0.cpp
00900f20	EXACT	CAIStateGroupRangedCombatUsePreferredFirePoint_IsCombatStateGroup_00900f20.cpp
00900f27	RELOC	CLandscapeBackgroundPatch_vectordeletingdestructor_00900f27.cpp
00900f86	RELOC	CEngineSubPrimitiveText_scalardeletingdestructor_00900f86.cpp
00900fd4	RELOC	CEngineSubPrimitiveText_scalardeletingdestructor_00900fd4.cpp
0090101e	RELOC	CAssoc_scalardeletingdestructor_0090101e.cpp
0090105e	RELOC	CAssoc_scalardeletingdestructor_0090105e.cpp
0090109e	RELOC	CEngineSubPrimitiveText_scalardeletingdestructor_0090109e.cpp
009010e8	RELOC	CEngineSubPrimitiveText_scalardeletingdestructor_009010e8.cpp
00901152	RELOC	CEngineSubPrimitiveText_scalardeletingdestructor_00901152.cpp
0090119c	RELOC	CAssoc_scalardeletingdestructor_0090119c.cpp
009011ca	RELOC	CAssoc_scalardeletingdestructor_009011ca.cpp
0090120a	RELOC	CAssoc_scalardeletingdestructor_0090120a.cpp
0090124e	RELOC	CEngineSubPrimitiveText_scalardeletingdestructor_0090124e.cpp
0090129c	RELOC	CEngineSubPrimitiveText_scalardeletingdestructor_0090129c.cpp
009012ea	RELOC	CEngineSubPrimitiveText_scalardeletingdestructor_009012ea.cpp
00901338	RELOC	CEngineSubPrimitiveText_scalardeletingdestructor_00901338.cpp
00901386	RELOC	CEngineSubPrimitiveText_scalardeletingdestructor_00901386.cpp
009013d4	RELOC	CEngineSubPrimitiveText_scalardeletingdestructor_009013d4.cpp
00901422	RELOC	CAssoc_scalardeletingdestructor_00901422.cpp
00901466	RELOC	CEngineSubPrimitiveText_scalardeletingdestructor_00901466.cpp
009014b4	RELOC	CEngineSubPrimitiveText_scalardeletingdestructor_009014b4.cpp
009014fe	RELOC	CAssoc_scalardeletingdestructor_009014fe.cpp
00901561	EXACT	CAIStateGroupStealStealableItem_IsTimingCritical_00901561.cpp
0090157a	RELOC	CLandscapeBackgroundPatch_vectordeletingdestructor_0090157a.cpp
00901600	EXACT	CAIStateGroupRecoverStealableItem_IsTimingCritical_00901600.cpp
00901619	RELOC	CLandscapeBackgroundPatch_vectordeletingdestructor_00901619.cpp
00901697	EXACT	CAIStateGroupCarryCrateAndFollow_IsTimingCritical_00901697.cpp
0090169a	RELOC	CLandscapeBackgroundPatch_vectordeletingdestructor_0090169a.cpp
00901734	RELOC	CLandscapeBackgroundPatch_vectordeletingdestructor_00901734.cpp
009017d6	RELOC	CLandscapeBackgroundPatch_vectordeletingdestructor_009017d6.cpp
00901841	RELOC	CEngineSubPrimitiveText_scalardeletingdestructor_00901841.cpp
0090188b	EXACT	CAIStateGroupWhisperRetreat_IsCombatStateGroup_0090188b.cpp
00901892	RELOC	CEngineSubPrimitiveText_scalardeletingdestructor_00901892.cpp
009018ec	EXACT	CAIStateGroupThunder_IsCombatStateGroup_009018ec.cpp
009018f3	RELOC	CLandscapeBackgroundPatch_vectordeletingdestructor_009018f3.cpp
0090194e	RELOC	CAssoc_scalardeletingdestructor_0090194e.cpp
0090198e	RELOC	CAssoc_scalardeletingdestructor_0090198e.cpp
009019ce	RELOC	CAssoc_scalardeletingdestructor_009019ce.cpp
009019fc	RELOC	CAssoc_scalardeletingdestructor_009019fc.cpp
00901a2a	EXACT	CAIStateGroupServeFoodAtHome_SetPlaceForSelf_00901a2a.cpp
00901a2d	RELOC	CAssoc_scalardeletingdestructor_00901a2d.cpp
00901a6d	RELOC	CAssoc_scalardeletingdestructor_00901a6d.cpp
00901aad	RELOC	CEngineSubPrimitiveText_scalardeletingdestructor_00901aad.cpp
00901af7	RELOC	CAssoc_scalardeletingdestructor_00901af7.cpp
00901b37	RELOC	CAssoc_scalardeletingdestructor_00901b37.cpp
00901b77	RELOC	CAssoc_scalardeletingdestructor_00901b77.cpp
00901bb7	RELOC	CAssoc_scalardeletingdestructor_00901bb7.cpp
00901bf7	RELOC	CAssoc_scalardeletingdestructor_00901bf7.cpp
00901c37	RELOC	CAssoc_scalardeletingdestructor_00901c37.cpp
00901c77	RELOC	CAssoc_scalardeletingdestructor_00901c77.cpp
00901cb7	RELOC	CAssoc_scalardeletingdestructor_00901cb7.cpp
00901cf7	RELOC	CAssoc_scalardeletingdestructor_00901cf7.cpp
00901d37	RELOC	CAssoc_scalardeletingdestructor_00901d37.cpp
00901d77	RELOC	CAssoc_scalardeletingdestructor_00901d77.cpp
00901da9	RELOC	CAssoc_scalardeletingdestructor_00901da9.cpp
00901de9	RELOC	CAssoc_scalardeletingdestructor_00901de9.cpp
00901e29	RELOC	CAssoc_scalardeletingdestructor_00901e29.cpp
00901e69	RELOC	CAssoc_scalardeletingdestructor_00901e69.cpp
00901ead	RELOC	CEngineSubPrimitiveText_scalardeletingdestructor_00901ead.cpp
00902140	RELOC	CAssoc_scalardeletingdestructor_00902140.cpp
009021da	EXACT	CAIStateGroupMinionSitOutside_AllowPriorityOverlap_009021da.cpp
009021dd	RELOC	CAssoc_scalardeletingdestructor_009021dd.cpp
00902352	RELOC	CAssoc_scalardeletingdestructor_00902352.cpp
00902604	RELOC	CAssoc_scalardeletingdestructor_00902604.cpp
009026cb	RELOC	CAssoc_scalardeletingdestructor_009026cb.cpp
0090284d	RELOC	CEngineSubPrimitiveText_scalardeletingdestructor_0090284d.cpp
00902885	RELOC	CLandscapeBackgroundPatch_vectordeletingdestructor_00902885.cpp
0090292b	EXACT	CAIStateGroupHoverWanderAroundThing_IsCombatStateGroup_0090292b.cpp
00902b86	RELOC	CAssoc_scalardeletingdestructor_00902b86.cpp
00902c67	RELOC	CAssoc_scalardeletingdestructor_00902c67.cpp
00902ed3	RELOC	CLandscapeBackgroundPatch_vectordeletingdestructor_00902ed3.cpp
00902f2d	RELOC	CLandscapeBackgroundPatch_vectordeletingdestructor_00902f2d.cpp
00902f9a	EXACT	CAIStateGroupCreatureUseCoverBase_ProcessCoverThingList_00902f9a.cpp
00902f9d	RELOC	CLandscapeBackgroundPatch_vectordeletingdestructor_00902f9d.cpp
00903043	EXACT	CAIStateGroupJackOfBladesBase_IsTimingCritical_00903043.cpp
00903079	RELOC	CLandscapeBackgroundPatch_vectordeletingdestructor_00903079.cpp
00903134	EXACT	CAIStateGroupHoverHornetQueen_IsCombatStateGroup_00903134.cpp
00903151	EXACT	CAIStateGroupCreatureAdvanceInCover_IsCombatStateGroup_00903151.cpp
00903158	EXACT	CAIStateGroupCreatureAdvanceInCover_IsRequireDirectAwarenessOfThing_00903158.cpp
0090316d	EXACT	CAIStateGroupCreatureTakeCover_IsCombatStateGroup_0090316d.cpp
00903170	EXACT	CAIStateGroupCreatureTakeCover_IsRequireDirectAwarenessOfThing_00903170.cpp
009031d7	EXACT	CAIStateGroupWhisperPotionCombat_IsCombatStateGroup_009031d7.cpp
009031f0	EXACT	CAIStateGroupCreatureFindCover_IsCombatStateGroup_009031f0.cpp
009031f3	EXACT	CAIStateGroupCreatureFindCover_IsRequireDirectAwarenessOfThing_009031f3.cpp
009031fa	RELOC	CLandscapeBackgroundPatch_vectordeletingdestructor_009031fa.cpp
00903249	RELOC	CLandscapeBackgroundPatch_vectordeletingdestructor_00903249.cpp
00903296	RELOC	CEngineSubPrimitiveText_scalardeletingdestructor_00903296.cpp
009032e0	RELOC	CLandscapeBackgroundPatch_vectordeletingdestructor_009032e0.cpp
00903312	RELOC	CLandscapeBackgroundPatch_vectordeletingdestructor_00903312.cpp
00903367	RELOC	CLandscapeBackgroundPatch_vectordeletingdestructor_00903367.cpp
009033c8	RELOC	CLandscapeBackgroundPatch_vectordeletingdestructor_009033c8.cpp
00903408	RELOC	CLandscapeBackgroundPatch_vectordeletingdestructor_00903408.cpp
0090343a	RELOC	CLandscapeBackgroundPatch_vectordeletingdestructor_0090343a.cpp
0090348f	RELOC	CEngineSubPrimitiveText_scalardeletingdestructor_0090348f.cpp
00905070	RELOC	CEngineSubPrimitiveText_scalardeletingdestructor_00905070.cpp
009050a0	RELOC	CEngineSubPrimitiveText_scalardeletingdestructor_009050a0.cpp
00905440	RELOC	CThingSwitch_vectordeletingdestructor_00905440.cpp
00905470	RELOC	CEngineSubPrimitiveText_scalardeletingdestructor_00905470.cpp
009054a0	RELOC	CEngineSubPrimitiveText_scalardeletingdestructor_009054a0.cpp
00906c00	EXACT	CCreatureActionBanditKingAdvance_IsToFaceTarget_00906c00.cpp
00906c40	EXACT	CCreatureActionBanditKingBackOff_IsToFaceTarget_00906c40.cpp
00906fd0	EXACT	CCombatSequenceKingScorpionTailPlunge_IsValid_00906fd0.cpp
00907380	EXACT	CCreatureActionFodderPrimaryAttack_IsToRetainSafeDistance_00907380.cpp
00907390	EXACT	CCreatureActionFodderPrimaryAttack_IsToFaceTargetAtStart_00907390.cpp
00907400	EXACT	CCreatureActionFodderUnblockablePrimaryAttack_IsToRetainSafeDistance_00907400.cpp
00907410	EXACT	CCreatureActionFodderUnblockablePrimaryAttack_IsToFaceTargetAtStart_00907410.cpp
00907420	EXACT	CCreatureActionFodderUnblockablePrimaryAttack_IsBlockable_00907420.cpp
00907430	EXACT	CCreatureActionFodderUnblockablePrimaryAttack_IsKnockdownStrike_00907430.cpp
009074a0	EXACT	CCreatureActionFodderSecondaryAttack_IsToRetainSafeDistance_009074a0.cpp
009074b0	EXACT	CCreatureActionFodderSecondaryAttack_IsToFaceTargetAtStart_009074b0.cpp
00907520	EXACT	CCreatureActionFodderIdle_IsToFaceTarget_00907520.cpp
009076b0	EXACT	CCombatSequenceTrollRockAdvance_OnStart_009076b0.cpp
00907f90	EXACT	CCreatureActionTrollWhackGroundBase_InitAnimation_00907f90.cpp
00907fa0	EXACT	CCreatureActionTrollWhackGroundBase_GetEffectName_00907fa0.cpp
00908060	EXACT	CCreatureActionTrollAngryGroundPound_IsVitalStrike_00908060.cpp
00908070	EXACT	CCreatureActionTrollAngryGroundPound_IsKnockdownStrike_00908070.cpp
00908080	EXACT	CCreatureActionTrollAngryGroundPound_IsBlockable_00908080.cpp
00908110	EXACT	CCreatureActionTrollProjectileAttack_IsToFaceTarget_00908110.cpp
00908130	EXACT	CCreatureActionTrollProjectileAttack_IsInterruptableDueToZoneChange_00908130.cpp
009081c0	EXACT	CCreatureActionTrollTunnel_IsToEvadeAllHits_009081c0.cpp
00908230	EXACT	CCreatureActionTrollSwipe_IsBlockable_00908230.cpp
00908240	EXACT	CCreatureActionTrollSwipe_IsKnockdownStrike_00908240.cpp
00908250	EXACT	CCreatureActionTrollSwipe_IsToFaceTargetAtStart_00908250.cpp
00908260	EXACT	CCreatureActionTrollSwipe_IsPartOfComboChain_00908260.cpp
00908330	EXACT	CCreatureActionTrollGetProjectile_IsToFaceTargetAtStart_00908330.cpp
009084a0	RELOC	CEngineSubPrimitiveText_scalardeletingdestructor_009084a0.cpp
0090a6f0	EXACT	CCreatureActionMidAttackFacing_IsToFaceTargetAtStart_0090a6f0.cpp
0090c7e0	EXACT	CAIStateGroupMinionGossip_GetTimeToInitiate_0090c7e0.cpp
0090c7f0	EXACT	CAIStateGroupMinionGossip_GetTimeToRespond_0090c7f0.cpp
0090e5b0	EXACT	CAIStateGroupBanditGossip_GetTimeToInitiate_0090e5b0.cpp
0090e5c0	EXACT	CAIStateGroupBanditGossip_GetTimeToRespond_0090e5c0.cpp
00910c90	RELOC	CEngineSubPrimitiveText_scalardeletingdestructor_00910c90.cpp
009111f0	EXACT	CCreatureActionCuriosity_PerformAction_009111f0.cpp
00911ef0	EXACT	CAIStateGroupChickenBeg_IsRunnable_00911ef0.cpp
00916600	EXACT	CCreatureActionPickUpGoods_GetAnimExtraFlags_00916600.cpp
00916610	RELOC	CEngineSubPrimitiveText_scalardeletingdestructor_00916610.cpp
00917320	EXACT	CAIStateGroupIdleAtHome_IsRunnable_00917320.cpp
00918ec0	EXACT	CAIStateGroupGaze_GetOwner_00918ec0.cpp
00918ed0	EXACT	CAIStateGroupGaze_InsideAtNight_00918ed0.cpp
00918ee0	RELOC	CThingSwitch_vectordeletingdestructor_00918ee0.cpp
00918f10	EXACT	CAIStateGroupGazeOutside_GetOwner_00918f10.cpp
00918f20	EXACT	CAIStateGroupGazeOutside_AllowPriorityOverlap_00918f20.cpp
00918f50	EXACT	CAIStateGroupGazeAtHome_AllowPriorityOverlap_00918f50.cpp
00918f60	EXACT	CAIStateGroupGazeAtHome_InsideAtNight_00918f60.cpp
0091b330	EXACT	CAIStateGroupSeekPerceivedThing_Cleanup_0091b330.cpp
0091e4a0	EXACT	CAIStateGroupMinionLeaveRegion_IsRunnable_0091e4a0.cpp
0091ea10	EXACT	CAIStateGroupTestTestTest_IsRunnable_0091ea10.cpp
00923b60	RELOC	CEngineSubPrimitiveText_scalardeletingdestructor_00923b60.cpp
00925290	EXACT	CCreatureActionTentacleRise_IsUsingAnimationMovement_00925290.cpp
00925300	EXACT	CCreatureActionTentacleStrikeInto_IsUsingAnimationMovement_00925300.cpp
0092c4d0	EXACT	CAIStateGroupMinionSleep_InitCreaturePosition_0092c4d0.cpp
0092e3c0	EXACT	CCreatureActionGetInBed_GetAnimExtraFlags_0092e3c0.cpp
0092e3d0	EXACT	CCreatureActionGetInBed_IsUsingAnimationMovement_0092e3d0.cpp
00933da0	EXACT	CAIStateGroupMinionKidAnnoy_IsRunnable_00933da0.cpp
00933fa0	RELOC	CEngineSubPrimitiveText_scalardeletingdestructor_00933fa0.cpp
00938180	RELOC	CEngineSubPrimitiveText_scalardeletingdestructor_00938180.cpp
00938250	RELOC	CEngineSubPrimitiveText_scalardeletingdestructor_00938250.cpp
0093d170	EXACT	CAIStateGroupMeleeCombatNearbyBase_IsTimingCritical_0093d170.cpp
00940110	EXACT	CAIStateGroupVillageTaskPickCrops_InitStateGroup_00940110.cpp
00940680	RELOC	CEngineSubPrimitiveText_scalardeletingdestructor_00940680.cpp
00941b90	EXACT	CCreatureActionPlayHopscotch_PerformAction_00941b90.cpp
00941ba0	EXACT	CCreatureActionPlayHopscotch_GetAnimExtraFlags_00941ba0.cpp
00941bb0	EXACT	CCreatureActionPlayHopscotch_IsUsingAnimationMovement_00941bb0.cpp
009425e0	EXACT	CAIStateGroupWorkAtSchool_InitStateGroup_009425e0.cpp
009460b0	EXACT	CAIStateGroupPrepareMeal_InitStateGroup_009460b0.cpp
00946620	EXACT	CAIStateGroupLightHomeCandle_InitStateGroup_00946620.cpp
0094b350	RELOC	CEngineSubPrimitiveText_scalardeletingdestructor_0094b350.cpp
0094b720	EXACT	CAIStateGroupSitInPub_InitStateGroup_0094b720.cpp
0094f9d0	EXACT	CAIStateGroupJackDragon_IsRunnable_0094f9d0.cpp
00953190	EXACT	CCreatureActionDragonRearUpFull_IsMovementUsingPhysics_00953190.cpp
00953220	EXACT	CCreatureActionSnapDragon_IsBlockable_00953220.cpp
00953230	EXACT	CCreatureActionSnapDragon_IsKnockdownStrike_00953230.cpp
009532c0	EXACT	CCreatureActionSnapDragonFast_IsBlockable_009532c0.cpp
009532d0	EXACT	CCreatureActionSnapDragonFast_IsKnockdownStrike_009532d0.cpp
009533d0	EXACT	CCreatureActionDragonLand_IsMovementUsingPhysics_009533d0.cpp
00953460	EXACT	CCreatureActionDragonTakeOffIntoFlying_IsMovementUsingPhysics_00953460.cpp
009536c0	EXACT	CCreatureActionDragonFireBlastBase_IsPreventingLookTurning_009536c0.cpp
00953880	EXACT	CCreatureActionDragonBurninateInto_IsUsingAnimationMovement_00953880.cpp
009538b0	RELOC	CEngineSubPrimitiveText_scalardeletingdestructor_009538b0.cpp
00956520	EXACT	DestvalstdallocatorCIVCountedPointerN3DPrimitiveCTriangleListCIVCountedPointerN3_CTriangleList_00956520.cpp
00956720	EXACT	CCreatureActionThrowShotObject_IsToFaceTarget_00956720.cpp
00957270	EXACT	CCreatureActionBriarRoseIntoInvulnerable_IsToFaceTargetAtStart_00957270.cpp
00957340	RELOC	CEngineSubPrimitiveText_scalardeletingdestructor_00957340.cpp
00957370	RELOC	CEngineSubPrimitiveText_scalardeletingdestructor_00957370.cpp
0095c540	EXACT	DestvalstdallocatorCIVCountedPointerN3DPrimitiveCTriangleListCIVCountedPointerN3_CTriangleList_0095c540.cpp
0095ca60	EXACT	CCreatureActionWaspQueenPrimaryAttack_IsToRetainSafeDistance_0095ca60.cpp
0095ca70	EXACT	CCreatureActionWaspQueenPrimaryAttack_IsToFaceTargetAtStart_0095ca70.cpp
0095ca80	EXACT	CCreatureActionWaspQueenPrimaryAttack_IsBlockable_0095ca80.cpp
0095ca90	EXACT	CCreatureActionWaspQueenPrimaryAttack_IsKnockdownStrike_0095ca90.cpp
0095cb20	EXACT	CCreatureActionWaspQueenLashOutAttack_IsToRetainSafeDistance_0095cb20.cpp
0095cb30	EXACT	CCreatureActionWaspQueenLashOutAttack_IsToFaceTargetAtStart_0095cb30.cpp
0095cb40	EXACT	CCreatureActionWaspQueenLashOutAttack_IsBlockable_0095cb40.cpp
0095cb50	EXACT	CCreatureActionWaspQueenLashOutAttack_IsKnockdownStrike_0095cb50.cpp
0095cc00	EXACT	CCreatureActionQueenHornetShootBabies_IsStrikeAction_0095cc00.cpp
0095e0a0	EXACT	CAIStateGroupCreatureRangedCombatFireAtSpecificTargets_InitStateGroup_0095e0a0.cpp
0095e340	EXACT	CAIStateGroupReactToDeadLeader_Cleanup_0095e340.cpp
00961a00	EXACT	CCreatureActionBanditKingLunge_GetAnimationTransitionInTime_00961a00.cpp
00961a10	EXACT	CCreatureActionBanditKingLunge_IsKnockdownStrike_00961a10.cpp
00961a20	EXACT	CCreatureActionBanditKingLunge_IsBlockable_00961a20.cpp
00962960	EXACT	CCreatureActionIceTrollIcicleAttack_IsStrikeAction_00962960.cpp
00968040	RELOC	CEngineSubPrimitiveText_scalardeletingdestructor_00968040.cpp
00968190	EXACT	CAIStateGroupTavernKeeper_OnActivate_00968190.cpp
0096bf60	EXACT	CCreatureActionWhisperSommersaultForward_IsToFaceTarget_0096bf60.cpp
0096bfe0	EXACT	CCreatureActionWhisperSommersaultBackward_IsToFaceTarget_0096bfe0.cpp
0096c070	EXACT	CCreatureActionWhisperJumpIntoSky_IsToFaceTargetAtStart_0096c070.cpp
0096d480	RELOC	CEngineSubPrimitiveText_scalardeletingdestructor_0096d480.cpp
0096f4a0	EXACT	CAIStateGroupMinionBehaviourPodiumEmoteNeutral_IsRunnableLeaf_0096f4a0.cpp
009718e0	EXACT	CAIStateGroupJackOfBladesBase_OnReplace_009718e0.cpp
00976f00	EXACT	CCreatureActionJackFlash_IsToEvadeAllHits_00976f00.cpp
00977190	EXACT	CCreatureActionJackScream_IsToEvadeAllHits_00977190.cpp
009772f0	EXACT	CCreatureActionJackFloatUp_IsToEvadeAllHits_009772f0.cpp
00977760	EXACT	CAIStateGroupGuildmaster_OnReplace_00977760.cpp
00978130	EXACT	DestvalstdallocatorCIVCountedPointerN3DPrimitiveCTriangleListCIVCountedPointerN3_CTriangleList_00978130.cpp
00979900	EXACT	CAIStateGroupCreatureTakeCover_InitStateGroup_00979900.cpp
0097c7e0	EXACT	CCreatureActionScorpionUnblockableLeftTurnAttack_IsBlockable_0097c7e0.cpp
0097c7f0	EXACT	CCreatureActionScorpionUnblockableLeftTurnAttack_IsKnockdownStrike_0097c7f0.cpp
0097c800	EXACT	CCreatureActionScorpionUnblockableLeftTurnAttack_IsToFaceMovementDirection_0097c800.cpp
0097c8b0	EXACT	CCreatureActionScorpionUnblockableRightTurnAttack_IsBlockable_0097c8b0.cpp
0097c8c0	EXACT	CCreatureActionScorpionUnblockableRightTurnAttack_IsKnockdownStrike_0097c8c0.cpp
0097c8d0	EXACT	CCreatureActionScorpionUnblockableRightTurnAttack_IsToFaceMovementDirection_0097c8d0.cpp
0097caf0	EXACT	CAIStateGroupCreatureFindCover_InitStateGroup_0097caf0.cpp
0097cb00	EXACT	CAIStateGroupCreatureFindCover_IsRunnableLeaf_0097cb00.cpp
0097d0b0	EXACT	CCreatureActionVillagerAttack_IsToFaceTarget_0097d0b0.cpp
0097d0c0	EXACT	CCreatureActionVillagerAttackKnockdown_IsToFaceTarget_0097d0c0.cpp
0097d0d0	EXACT	CCreatureActionVillagerAttackKnockdown_IsKnockdownStrike_0097d0d0.cpp
0097d0f0	EXACT	CCreatureActionVillagerAdvance_IsToFaceTarget_0097d0f0.cpp
0097d100	EXACT	CCreatureActionVillagerBackOff_IsToFaceTarget_0097d100.cpp
00981fb0	EXACT	DestvalstdallocatorCIVCountedPointerN3DPrimitiveCTriangleListCIVCountedPointerN3_CTriangleList_00981fb0.cpp
00982060	EXACT	DestvalstdallocatorCIVCountedPointerN3DPrimitiveCTriangleListCIVCountedPointerN3_CTriangleList_00982060.cpp
009821e0	RELOC	CEngineSubPrimitiveText_scalardeletingdestructor_009821e0.cpp
00987fe0	RELOC	CShaderRenderManager_EnableVertexShaders_00987fe0.cpp
00988020	EXACT	CShaderRenderManager_ApplyVertexShader_00988020.cpp
009880d0	EXACT	CShaderRenderManager_OnPostViewportChanged_009880d0.cpp
009880e0	RELOC	CShaderRenderManager_DisableVertexShaders_009880e0.cpp
00988110	RELOC	CShaderRenderManager_EnablePixelShaders_00988110.cpp
00988190	EXACT	CShaderRenderManager_DisablePixelShaders_00988190.cpp
00988290	EXACT	CShaderRenderManager_ResetWorldTransform_00988290.cpp
00988320	EXACT	CShaderRenderManager_SetFogColour_00988320.cpp
00988350	EXACT	CShaderRenderManager_SetViewTransform_00988350.cpp
00988a20	EXACT	CShaderRenderManager_UpdatePixelShader_00988a20.cpp
00988a50	DIFFER(1048v975)	CShaderRenderManager_UpdateCombinedProjectionTransform_00988a50.cpp
00989760	DIFFER(85v85)	CShaderRenderManager_UpdateAmbient_00989760.cpp
009897c0	EXACT	CShaderRenderManager_UpdateFogColour_009897c0.cpp
00989bf0	RELOC	CShaderRenderManager_UpdatePixelShaderConstants_00989bf0.cpp
0098a760	EXACT	CShaderRenderManager_UpdateLightGlobals_0098a760.cpp
0098b230	RELOC	CShaderRenderManager_RegisterVertexShaderConstantLayout_0098b230.cpp
0098b5e0	DIFFER(633v624)	CShaderRenderManager_SetVertexShaderConstantLayout_0098b5e0.cpp
0098b930	EXACT	CShaderRenderManager_SetVSConstants_0098b930.cpp
0098ba10	EXACT	global_DeleteData_0098ba10.cpp
0098cbb0	RELOC	CEngineSubPrimitiveText_scalardeletingdestructor_0098cbb0.cpp
0098f0e0	RELOC	global_GlobalMethodTailThunk0098f0e0_0098f0e0.cpp
0098f370	RELOC	global_GlobalMethodTailThunk0098f370_0098f370.cpp
00993b90	EXACT	CDataInputStream_InternalReadNextSourceChunk_00993b90.cpp
00993ba0	EXACT	CDataInputStream_NeedsBufferedRead_00993ba0.cpp
00993bb0	EXACT	CDataInputStream_InternalReadUnbuffered_00993bb0.cpp
00994470	EXACT	CFileDataOutputStream_Close_00994470.cpp
00994510	EXACT	CBufferedFileDataOutputStream_GetPosition_00994510.cpp
009945b0	EXACT	CMemoryDataOutputStream_GetPositionCMemoryDataOutputStreamUBEKXZ_009945b0.cpp
009945c0	EXACT	CMemoryDataOutputStream_Close_009945c0.cpp
009974f0	NO_ORACLE	CAFile_SetCurrentPath_009974f0.cpp
00997510	NO_ORACLE	CAFile_GetProjectPath_00997510.cpp
00997b30	EXACT	global_AddChildPrimitive_00997b30.cpp
00999230	NO_ORACLE	CAFile_PathExists_00999230.cpp
0099a2e0	RELOC	CBase_RestoreVTable_0099a2e0.cpp
0099a300	NO_ORACLE	CBase_RestoreVTable_0099a300.cpp
0099a340	EXACT	CInitBaseClass_Validate_0099a340.cpp
0099a400	EXACT	CBaseObject_Validate_0099a400.cpp
0099a920	NO_ORACLE	CDiskFileWin32_Close_0099A920.cpp
0099ad80	NO_ORACLE	CDiskFileWin32_Constructor_0099AD80.cpp
0099aed0	NO_ORACLE	CWideString_Constructor_0099aed0.cpp
0099b510	NO_ORACLE	CWideString_Destructor_0099b510.cpp
0099b6a0	RELOC	CWideString_CreateFromCharString_0099b6a0.cpp
0099b720	RELOC	CWideString_CopyConstructor_0099b720.cpp
0099bf30	NO_ORACLE	CWideString_AddWideStringAndLiteral_0099bf30.cpp
0099bff0	NO_ORACLE	CWideString_AddLiteralAndWideString_0099bff0.cpp
0099e480	RELOC	CCharString_ToWideString_0099e480.cpp
0099e4b0	NO_ORACLE	CCharString_DefaultConstructor_0099e4b0.cpp
0099eae0	RELOC	CCharString_Destructor_0099eae0.cpp
0099ebf0	RELOC	CCharString_Constructor_0099ebf0.cpp
0099f2e0	NO_ORACLE	CCharString_LoadFromFile_0099f2e0.cpp
009a0cf0	EXACT	CRenderManagerCore_AttachTextureToStage_009a0cf0.cpp
009a42b0	EXACT	global_DeleteData_009a42b0.cpp
009a4ec0	EXACT	Global_GFGetSystemManager_009a4ec0.cpp
009a6460	RELOC	CSystemManager_Update_009a6460.cpp
009acca0	EXACT	CDefinitionManager_GetDefClassIndexFromGlobalIndex_009acca0.cpp
009ad950	RELOC	CDefinitionManager_ClearInstantiatedDefs_009ad950.cpp
009b9890	EXACT	global_DrawGetEnvironment_009b9890.cpp
009badd0	NO_ORACLE	CPersistContext_TextConstructor_009badd0.cpp
009bc890	NO_ORACLE	TextLayout_SetPrimaryLeftAlignment_009bc890.cpp
009bc8a0	NO_ORACLE	TextLayout_SetSecondaryLeftAlignment_009bc8a0.cpp
009be420	RELOC	CDisplayManager_ClearRenderTarget_009be420.cpp
009be530	RELOC	CDisplayManager_IsTextureBitDepthSupported_009be530.cpp
009be800	EXACT	CDisplayManager_IsSupportingCompressedTextures_009be800.cpp
009be8f0	RELOC	CDisplayManager_IsValidTextureFormat_009be8f0.cpp
009bedc0	EXACT	CDisplayManager_GetRenderTargetDimensions_009bedc0.cpp
009beeb0	RELOC	CDisplayManager_SwapScreens_009beeb0.cpp
009bef20	RELOC	CDisplayManager_BeginRender_009bef20.cpp
009bef50	RELOC	CDisplayManager_EndRender_009bef50.cpp
009bef80	RELOC	CDisplayManager_SetViewportInteger_009bef80.cpp
009bf160	RELOC	CDisplayManager_SetRenderTarget_009bf160.cpp
009bf220	RELOC	CDisplayManager_SetRenderTargetAsBackScreen_009bf220.cpp
009bf490	RELOC	CDisplayManager_SetViewport_009bf490.cpp
009c61b0	RELOC	CEngineSubPrimitiveText_scalardeletingdestructor_009c61b0.cpp
009c9ec0	EXACT	DestvalstdallocatorCIVCountedPointerN3DPrimitiveCTriangleListCIVCountedPointerN3_CTriangleList_009c9ec0.cpp
009c9f20	EXACT	DestvalstdallocatorCIVCountedPointerN3DPrimitiveCTriangleListCIVCountedPointerN3_CTriangleList_009c9f20.cpp
009ca390	EXACT	DestvalstdallocatorCIVCountedPointerN3DPrimitiveCTriangleListCIVCountedPointerN3_CTriangleList_009ca390.cpp
009ca8c0	EXACT	DestvalstdallocatorCIVCountedPointerN3DPrimitiveCTriangleListCIVCountedPointerN3_CTriangleList_009ca8c0.cpp
009ca8e0	EXACT	DestvalstdallocatorCIVCountedPointerN3DPrimitiveCTriangleListCIVCountedPointerN3_CTriangleList_009ca8e0.cpp
009cba70	EXACT	CBankFile_AdjustUpdateEntries_009cba70.cpp
009cbb80	EXACT	global_DrawGetEnvironment_009cbb80.cpp
009cbbf0	EXACT	CBankFile_NotifyBankSize_009cbbf0.cpp
009cbc00	EXACT	CBankFile_NotifyBankOpened_009cbc00.cpp
009cbc10	EXACT	CBankFile_NotifyEntryUpdated_009cbc10.cpp
009cbc20	EXACT	CBankFile_NotifyEntryAdded_009cbc20.cpp
009cbc30	EXACT	CBankFile_NotifyEntryRemoved_009cbc30.cpp
009d3100	RELOC	CLandscapeBackgroundPatch_ClearTextures_009d3100.cpp
009d5240	NO_ORACLE	CBankFileAsync_SetEnableFailureHandling_009d5240.cpp
009d6a60	EXACT	global_DeleteData_009d6a60.cpp
009d81e0	NO_ORACLE	Global_ClearStartupLatch_009d81e0.cpp
009d8240	NO_ORACLE	NProfileTimer_StartProfile_009d8240.cpp
009d8250	NO_ORACLE	NProfileTimer_EndProfile_009d8250.cpp
009df060	DIFFER(1736v1736)	CStateBlockFunctionSold_Apply_009df060.cpp
009e1440	EXACT	Render2DDrawList_CopyBlock_009e1440.cpp
009e15e0	DIFFER(99v99)	CQuickDrawTriInfoVector_Erase_009e15e0.cpp
009e1d00	RELOC	Global_GFRoundVXToNearestPixel_009e1d00.cpp
009e1d50	RELOC	Global_GFRoundVYToNearestPixel_009e1d50.cpp
009e1da0	RELOC	Global_GFAXToVX_009e1da0.cpp
009e3820	RELOC	CPixelFormat_GetColourDepth_009e3820.cpp
009e3830	RELOC	CPixelFormat_InitialiseD3DFormat_009e3830.cpp
009e41b0	EXACT	CJoystick_Update_009e41b0.cpp
009e45f0	RELOC	CEngineSubPrimitiveText_scalardeletingdestructor_009e45f0.cpp
009e4930	EXACT	CJoystick_UpdateInsertionsAndRemovals_009e4930.cpp
009e4940	EXACT	CJoystick_Clear_009e4940.cpp
009e7bd0	RELOC	CThingSwitch_vectordeletingdestructor_009e7bd0.cpp
009e9fd0	RELOC	Global_SetProgressDisplay_009e9fd0.cpp
009ea060	RELOC	Global_GetProgressDisplay_009ea060.cpp
009ea530	EXACT	CThingFilterIsUnconscious_operator_009ea530.cpp
009ea540	EXACT	CThingFilterIsUnconscious_operator_009ea540.cpp
009edc50	EXACT	global_DeleteData_009edc50.cpp
009ee390	RELOC	CEngineSubPrimitiveText_scalardeletingdestructor_009ee390.cpp
009f16e0	EXACT	global_DrawGetEnvironment_009f16e0.cpp
009f2d60	NO_ORACLE	CSurface_CopyConstructor_009f2d60.cpp
009f2e20	EXACT	CSurface_Uninitialise_009f2e20.cpp
009f2f10	NO_ORACLE	CSurface_InitialiseFromTextureMipmap_009f2f10.cpp
009f37e0	NO_ORACLE	CSurface_CopyFromSurface_009f37e0.cpp
009f9d50	EXACT	CThingFilterIsUnconscious_operator_009f9d50.cpp
009f9ee0	DIFFER(134v143)	CTexture_CalcByteLength_009f9ee0.cpp
009f9f70	EXACT	CTexture_Uninitialise_009f9f70.cpp
009fa1c0	EXACT	CTexture_Assignment_009fa1c0.cpp
009fa230	RELOC	CTexture_InitialiseFromPreallocatedTexture_009fa230.cpp
009fa4e0	NO_ORACLE	CTexture_CopyFromTexture_009fa4e0.cpp
009fbef0	EXACT	CResource_GetUnloadableMemory_009fbef0.cpp
009fbf00	EXACT	CResource_GetDebugMemoryInUse_009fbf00.cpp
009fbf10	EXACT	CResource_ResetDebugMemoryInUse_009fbf10.cpp
009fd0b0	EXACT	CGraphicDataBank_GetDataFormatVersion_009fd0b0.cpp
00a03b40	EXACT	global_DrawGetEnvironment_00a03b40.cpp
00a03b50	EXACT	global_DrawGetEnvironment_00a03b50.cpp
00a03b60	EXACT	global_DrawGetEnvironment_00a03b60.cpp
00a05840	EXACT	CRenderStateManager_RestoreCaptureBlock_00a05840.cpp
00a058c0	EXACT	CRenderStateManager_RealiseRenderState_00a058c0.cpp
00a09d80	EXACT	CMeshBankManager_OnPostDeviceReset_00a09d80.cpp
00a0aa60	EXACT	CTCInventoryBase_GetCanItemBeQuickAssigned_00a0aa60.cpp
00a0aa80	RELOC	CRenderManagerCore_SetAWindow_00a0aa80.cpp
00a0aa90	RELOC	CTCInventoryBase_SetViewport_00a0aa90.cpp
00a0aac0	EXACT	Global_FableViewportE2_00a0aac0.cpp
00a0b560	RELOC	CTCInventoryBase_SetViewportFloat_00a0b560.cpp
00a0be80	EXACT	global_DrawGetEnvironment_00a0be80.cpp
00a0d3b0	EXACT	global_DrawGetEnvironment_00a0d3b0.cpp
00a0fd90	RELOC	Global_WordWrapSetCallback_00a0fd90.cpp
00a10dc0	RELOC	CRenderTarget_Constructor_00a10dc0.cpp
00a110d0	EXACT	global_DeleteData_00a110d0.cpp
00a18f20	EXACT	CNavigatorFlyer_CalculateRouteFromTo_00a18f20.cpp
00a19ab0	EXACT	CClass_Save_00a19ab0.cpp
00a19ac0	EXACT	CNavigatorBase_CreateLineList_00a19ac0.cpp
00a19b10	EXACT	CNavigatorFlyer_UpdateLastPosition_00a19b10.cpp
00a19b50	EXACT	CANavQuadTreeNode_GetNeighbours_00a19b50.cpp
00a19b60	EXACT	CANavQuadTreeNode_GetNeighbours_00a19b60.cpp
00a19b70	EXACT	CANavQuadTreeNode_IsNeighbourOf_00a19b70.cpp
00a19b80	EXACT	CANavQuadTreeNode_GetRegion_00a19b80.cpp
00a19ba0	EXACT	CANavQuadTreeNode_IsSwitchable_00a19ba0.cpp
00a19bc0	EXACT	CANavQuadTreeNode_SetUpNeighboursWithLeaf_00a19bc0.cpp
00a19bd0	EXACT	CANavQuadTreeNode_SetUpNeighbours_00a19bd0.cpp
00a19be0	EXACT	CANavQuadTreeNode_CalculateChildrenNeighbours_00a19be0.cpp
00a19bf0	EXACT	CANavQuadTreeNode_RemoveNeighbours_00a19bf0.cpp
00a19ce0	EXACT	CSB_CreateLineList_00a19ce0.cpp
00a211c0	EXACT	CSBIAgents_Display_00a211c0.cpp
00a23ac0	EXACT	CMeshDataBank_GetDataFormatVersion_00a23ac0.cpp
00a23c60	EXACT	global_operator_00a23c60.cpp
00a29a30	EXACT	DestvalstdallocatorCIVCountedPointerN3DPrimitiveCTriangleListCIVCountedPointerN3_CTriangleList_00a29a30.cpp
00a29ac0	EXACT	DestvalstdallocatorCIVCountedPointerN3DPrimitiveCTriangleListCIVCountedPointerN3_CTriangleList_00a29ac0.cpp
00a29b10	EXACT	DestvalstdallocatorCIVCountedPointerN3DPrimitiveCTriangleListCIVCountedPointerN3_CTriangleList_00a29b10.cpp
00a29b60	EXACT	DestvalstdallocatorCIVCountedPointerN3DPrimitiveCTriangleListCIVCountedPointerN3_CTriangleList_00a29b60.cpp
00a29cc0	EXACT	DestvalstdallocatorCIVCountedPointerN3DPrimitiveCTriangleListCIVCountedPointerN3_CTriangleList_00a29cc0.cpp
00a37850	RELOC	CEngineSubPrimitiveText_scalardeletingdestructor_00a37850.cpp
00a39be0	EXACT	CWADFile_Write_00a39be0.cpp
00a39c10	EXACT	CWADFile_GetPosition_00a39c10.cpp
00a39c30	EXACT	CWADFile_IsIOFinished_00a39c30.cpp
00a39dd0	EXACT	CWADFile_SetLength_00a39dd0.cpp
00a3a2c0	EXACT	CWADBankStateBlock_GetDefault_00a3a2c0.cpp
00a3a2d0	EXACT	CWADBankStateBlock_CreateCRC_00a3a2d0.cpp
00a3a7d0	EXACT	global_AddChildPrimitive_00a3a7d0.cpp
00a3b0f0	NO_ORACLE	CVideoSys_WaitForState_00a3b0f0.cpp
00a3b1a0	NO_ORACLE	CVideoSys_AttemptToPlay_00a3b1a0.cpp
00a3b1c0	NO_ORACLE	CVideoSys_Pause_00a3b1c0.cpp
00a3b1f0	NO_ORACLE	CVideoSys_Stop_00a3b1f0.cpp
00a3b320	NO_ORACLE	CVideoSys_GetTexture_00a3b320.cpp
00a3be10	EXACT	C3DAnimationState_Validate_00a3be10.cpp
00a3be20	EXACT	C3DAnimationStateAlpha_Validate_00a3be20.cpp
00a3f700	RELOC	CEngineSubPrimitiveText_scalardeletingdestructor_00a3f700.cpp
00a42790	EXACT	CLipSyncDataBank_GetDataFormatVersion_00a42790.cpp
00a42960	EXACT	DestvalstdallocatorCIVCountedPointerN3DPrimitiveCTriangleListCIVCountedPointerN3_CTriangleList_00a42960.cpp
00a433d0	EXACT	DestvalstdallocatorCIVCountedPointerN3DPrimitiveCTriangleListCIVCountedPointerN3_CTriangleList_00a433d0.cpp
00a437b0	RELOC	CThingSwitch_vectordeletingdestructor_00a437b0.cpp
00a43940	EXACT	DestvalstdallocatorCIVCountedPointerN3DPrimitiveCTriangleListCIVCountedPointerN3_CTriangleList_00a43940.cpp
00a44600	EXACT	CASuspendableProcess_SuspendableProcess_00a44600.cpp
00a46420	RELOC	CEngineSubPrimitiveText_scalardeletingdestructor_00a46420.cpp
00a5ee90	EXACT	CStreamingFontDataBank_GetDataFormatVersion_00a5ee90.cpp
00a61f90	EXACT	CShaderDataBank_GetDataFormatVersion_00a61f90.cpp
00a63130	EXACT	CVertexBufferWin32_DoIsBusy_00a63130.cpp
00a63340	EXACT	CFontDataBank_GetDataFormatVersion_00a63340.cpp
00a65d30	EXACT	CMemoryAllocatorFixedSize_ConsolidateFreeAreas_00a65d30.cpp
00a65d40	EXACT	CMemoryAllocatorFixedSize_GetAllocationSize_00a65d40.cpp
00a65d50	EXACT	CMemoryAllocatorFixedSize_GetTotalMemoryControlledByAllocator_00a65d50.cpp
00a65d70	EXACT	CMemoryAllocatorFixedSize_GetHeaderOverhead_00a65d70.cpp
00a65da0	EXACT	CMemoryAllocatorFixedSize_GetTotalMemoryAllocated_00a65da0.cpp
00a65de0	EXACT	CMemoryAllocatorFixedSize_GetAllocationSizeIncludingHeader_00a65de0.cpp
00a65df0	EXACT	CMemoryAllocatorFixedSize_GetLargestFreeAreaSize_00a65df0.cpp
00a65e20	EXACT	CMemoryAllocatorFixedSize_GetNoFreeAreas_00a65e20.cpp
00a65e50	EXACT	CMemoryAllocatorFixedSize_GetNoAllocatedAreas_00a65e50.cpp
00a66550	EXACT	CMemoryAllocatorFixedSize_GetFragmentation_00a66550.cpp
00a66ac0	EXACT	CKeyboard_SetHasInputFocus_00a66ac0.cpp
00a673a0	EXACT	CMouse_SetHasInputFocus_00a673a0.cpp
00a6b4d0	EXACT	DestvalstdallocatorCIVCountedPointerN3DPrimitiveCTriangleListCIVCountedPointerN3_CTriangleList_00a6b4d0.cpp
00a75a80	EXACT	CNavNavigableLeafNode_GetRegion_00a75a80.cpp
00a75b40	EXACT	CNavNavigableLeafNode_GetLeafNodeAt_00a75b40.cpp
00a76270	EXACT	CNavBlockedQuadTreeNode_GetLeafNodeAt_00a76270.cpp
00a77480	RELOC	CNavQuadTree_JoinNavigationLayers_00a77480.cpp
00a77500	RELOC	CNavQuadTree_VerifyTransitionPoints_00a77500.cpp
00a7a5e0	RELOC	CNavQuadTree_InitialiseLines_00a7a5e0.cpp
00a7a650	DIFFER(275v264)	CNavQuadTree_LinkToNeighbouringMaps_00a7a650.cpp
00a7b930	EXACT	CNavQuadTreeNode_HasNeighbours_00a7b930.cpp
00a7b940	EXACT	CNavQuadTreeNode_GetRegionID_00a7b940.cpp
00a7d920	EXACT	CNavBlockedQuadTreeNode_HasNeighbours_00a7d920.cpp
00a7d930	EXACT	CNavBlockedQuadTreeNode_GetRegionID_00a7d930.cpp
00a7d970	EXACT	CNavBlockedQuadTreeNode_RemoveRegionZero_00a7d970.cpp
00a7d980	EXACT	CNavBlockedQuadTreeNode_ConvertIndexesToPointers_00a7d980.cpp
00a84e10	EXACT	CNavSwitchableLeafNode_IsSwitchable_00a84e10.cpp
00a84e30	EXACT	CNavSwitchableLeafNode_RemoveRegionZero_00a84e30.cpp
00a87110	EXACT	CPhysicsFacesSegmentLeaf_HasChildren_00a87110.cpp
00a8e040	RELOC	CThingSwitch_vectordeletingdestructor_00a8e040.cpp
00a94ea0	EXACT	DestvalstdallocatorCIVCountedPointerN3DPrimitiveCTriangleListCIVCountedPointerN3_CTriangleList_00a94ea0.cpp
00a94f50	EXACT	DestvalstdallocatorCIVCountedPointerN3DPrimitiveCTriangleListCIVCountedPointerN3_CTriangleList_00a94f50.cpp
00a96580	EXACT	DestvalstdallocatorCIVCountedPointerN3DPrimitiveCTriangleListCIVCountedPointerN3_CTriangleList_00a96580.cpp
00a99fd0	EXACT	global_DeleteData_00a99fd0.cpp
00a99fe0	EXACT	global_DeleteData_00a99fe0.cpp
00a99ff0	EXACT	global_DeleteData_00a99ff0.cpp
00a9a000	EXACT	global_DeleteData_00a9a000.cpp
00a9cb20	EXACT	global_DeleteData_00a9cb20.cpp
00a9cb30	EXACT	DestvalstdallocatorCIVCountedPointerN3DPrimitiveCTriangleListCIVCountedPointerN3_CTriangleList_00a9cb30.cpp
00a9cb50	EXACT	global_DeleteData_00a9cb50.cpp
00aa7610	EXACT	CChunkedFileChunk_IsUnknownType_00aa7610.cpp
00aa7620	EXACT	CChunkedFileChunk_IsSuperChunk_00aa7620.cpp
00aa7630	EXACT	CChunkedFileChunk_GetAsSuperChunk_00aa7630.cpp
00aa76a0	EXACT	CChunkedFileSuperChunk_IsSuperChunk_00aa76a0.cpp
00aa76b0	EXACT	CChunkedFileSuperChunk_GetAsSuperChunk_00aa76b0.cpp
00aa76c0	EXACT	CChunkedFileSuperChunk_GetAsSuperChunk_00aa76c0.cpp
00aab150	RELOC	CEngineSubPrimitiveText_scalardeletingdestructor_00aab150.cpp
00aac7f0	RELOC	CEngineSubPrimitiveText_scalardeletingdestructor_00aac7f0.cpp
00aaeed0	RELOC	CEngineSubPrimitiveText_scalardeletingdestructor_00aaeed0.cpp
00ab0a10	RELOC	CEngineSubPrimitiveText_scalardeletingdestructor_00ab0a10.cpp
00ab46e0	EXACT	CMouseDX_GetPos_00ab46e0.cpp
00ab4700	DIFFER(173v174)	CMouseDX_SetPos_00ab4700.cpp
00ab5390	RELOC	CMouseDX_SetMouseCursor_00ab5390.cpp
00ab5f00	EXACT	CMouseDX_PeekPos_00ab5f00.cpp
00ab5f10	EXACT	CMouseDX_SetInputOn_00ab5f10.cpp
00ab5f20	EXACT	CMouseDX_SetRecentringOn_00ab5f20.cpp
00ab5f30	EXACT	CMouseDX_IsRecentringOn_00ab5f30.cpp
00ab5f40	EXACT	CMouseDX_SetDrawCursor_00ab5f40.cpp
00ab5f50	EXACT	CMouseDX_IsDrawingCursor_00ab5f50.cpp
00ab5f60	EXACT	CMouseDX_SetMouseFiltering_00ab5f60.cpp
00ab5f70	EXACT	CMouseDX_IsLMBDown_00ab5f70.cpp
00ab5f80	EXACT	CMouseDX_IsMMBDown_00ab5f80.cpp
00ab5f90	EXACT	CMouseDX_IsRMBDown_00ab5f90.cpp
00ab7900	EXACT	CJoystickDX_GetJoystickDeviceNumber_00ab7900.cpp
00ab7930	EXACT	CJoystickDX_AddRumble_00ab7930.cpp
00ab7940	EXACT	CJoystickDX_ClearAllRumbles_00ab7940.cpp
00ab9f60	EXACT	global_DrawGetEnvironment_00ab9f60.cpp
00abe080	RELOC	CEngineSubPrimitiveText_scalardeletingdestructor_00abe080.cpp
00abfa50	EXACT	DestvalstdallocatorCIVCountedPointerN3DPrimitiveCTriangleListCIVCountedPointerN3_CTriangleList_00abfa50.cpp
00ac1460	EXACT	global_DeleteData_00ac1460.cpp
00ac1960	RELOC	CThingSwitch_vectordeletingdestructor_00ac1960.cpp
00ac1e90	RELOC	CEngineSubPrimitiveText_scalardeletingdestructor_00ac1e90.cpp
00ac1f50	EXACT	CIndexBuffer_RelocateData_00ac1f50.cpp
00ac3960	RELOC	CEngineSubPrimitiveText_scalardeletingdestructor_00ac3960.cpp
00acf3b0	EXACT	global_DeleteData_00acf3b0.cpp
00acf420	EXACT	global_DeleteData_00acf420.cpp
00acf430	EXACT	global_DeleteData_00acf430.cpp
00adf1e0	RELOC	CLandscapeBackgroundPatch_ClearTextures_00adf1e0.cpp
00aeaad0	EXACT	global_AddChildPrimitive_00aeaad0.cpp
00aed050	RELOC	CParticleEmitter_GetApproximateTotalSplineLength_00aed050.cpp
00aed1b0	RELOC	CParticleEmitter_HasAllocatedDecals_00aed1b0.cpp
00aed220	RELOC	CParticleEmitter_HasAllocatedDecals_00aed220.cpp
00af0710	EXACT	global_DeleteData_00af0710.cpp
00af19d0	EXACT	DestvalstdallocatorCIVCountedPointerN3DPrimitiveCTriangleListCIVCountedPointerN3_CTriangleList_00af19d0.cpp
00af1a20	EXACT	DestvalstdallocatorCIVCountedPointerN3DPrimitiveCTriangleListCIVCountedPointerN3_CTriangleList_00af1a20.cpp
00af1bd0	RELOC	CThingSwitch_vectordeletingdestructor_00af1bd0.cpp
00af1d50	EXACT	DestvalstdallocatorCIVCountedPointerN3DPrimitiveCTriangleListCIVCountedPointerN3_CTriangleList_00af1d50.cpp
00af3f30	EXACT	CParticleSystem_GetNoActiveDecals_00af3f30.cpp
00af3f70	EXACT	CParticleSystem_GetNoActiveDecals_00af3f70.cpp
00b15b20	RELOC	CThingSwitch_vectordeletingdestructor_00b15b20.cpp
00b232e0	EXACT	CIEngine_Release_00b232e0.cpp
00b232f0	EXACT	CIEngine_SetEnvironmentalEffectsAlwaysUpdate_00b232f0.cpp
00b23300	EXACT	CIEngine_SetWorld_00b23300.cpp
00b23310	EXACT	CIEngine_WorldFrameUpdate_00b23310.cpp
00b23320	EXACT	CIEngine_PausedWorldFrameUpdate_00b23320.cpp
00b23330	EXACT	CIEngine_SetVideoOptions_00b23330.cpp
00b23340	EXACT	CIEngine_Refresh_00b23340.cpp
00b23360	RELOC	CIEngine_GetPrimitiveDrawDistanceFactorCIEngi_00b23360.cpp
00b23370	EXACT	CIEngine_AddPrimitive_00b23370.cpp
00b233a0	EXACT	CIEngine_SetPrimitiveAnimation_00b233a0.cpp
00b233b0	EXACT	CIEngine_SetPrimitivePosition_00b233b0.cpp
00b233d0	EXACT	CIEngine_SetChildPrimitive_00b233d0.cpp
00b233e0	EXACT	CIEngine_SetChildPrimitive_00b233e0.cpp
00b233f0	EXACT	CIEngine_GetChildPrimitiveHandle_00b233f0.cpp
00b23400	EXACT	CIEngine_ClearChildPrimitive_00b23400.cpp
00b23410	EXACT	CIEngine_ClearAllChildPrimitives_00b23410.cpp
00b23420	EXACT	CIEngine_SetAttachedPrimitive_00b23420.cpp
00b23430	EXACT	CIEngine_CollectPrimitiveStatsForArea_00b23430.cpp
00b23440	EXACT	CIEngine_ProcessPrimitiveStats_00b23440.cpp
00b23470	EXACT	CIEngine_GetStaticMapUpdatePassCountCIEngineU_00b23470.cpp
00b23480	EXACT	CIEngine_StartStaticMapUpdatePass_00b23480.cpp
00b234a0	EXACT	CIEngine_UpdateStaticMap_00b234a0.cpp
00b234b0	EXACT	CIEngine_CloseStaticMapFile_00b234b0.cpp
00b234c0	EXACT	CIEngine_AddMap_00b234c0.cpp
00b234d0	EXACT	CIEngine_RemoveMap_00b234d0.cpp
00b234e0	EXACT	CIEngine_SetMapAsLoaded_00b234e0.cpp
00b234f0	EXACT	CIEngine_SetMapAsUnloaded_00b234f0.cpp
00b23500	EXACT	CIEngine_SetMapVisibilityAllMaps_00b23500.cpp
00b23510	EXACT	CIEngine_SetMapVisibility_00b23510.cpp
00b23520	EXACT	CIEngine_AreaChanged_00b23520.cpp
00b23550	EXACT	CIEngine_IsActiveCIEngineUBENXZ_00b23550.cpp
00b23560	EXACT	CIEngine_SetStaticMapFileForUse_00b23560.cpp
00b23570	EXACT	CIEngine_SetLandscapeDebugTintColour_00b23570.cpp
00b23580	EXACT	CIEngine_ReloadLocalDetailDefs_00b23580.cpp
00b23590	EXACT	CIEngine_StartNewScene_00b23590.cpp
00b235a0	EXACT	CIEngine_CutscenePreload_00b235a0.cpp
00b235b0	EXACT	CIEngine_CutsceneAddCameraAngle_00b235b0.cpp
00b235c0	EXACT	CIEngine_ChangeCameraAngle_00b235c0.cpp
00b235d0	EXACT	CIEngine_IsPreloadedCIEngineUBENXZ_00b235d0.cpp
00b235e0	EXACT	CIEngine_UpdateTextureMorphCache_00b235e0.cpp
00b235f0	EXACT	CIEngine_SetScreenColourFilter_00b235f0.cpp
00b23600	EXACT	CIEngine_SetSpotlightShadowMode_00b23600.cpp
00b23620	EXACT	CIEngine_UpdateDebugOverlay_00b23620.cpp
00b23630	EXACT	CIEngine_EnableDebugOverlay_00b23630.cpp
00b23640	EXACT	CIEngine_SetGlobalLightingParameters_00b23640.cpp
00b23650	EXACT	CIEngine_Set2DPrimitiveLightingParameters_00b23650.cpp
00b23660	EXACT	CIEngine_SetRenderTargetTexture_00b23660.cpp
00b23680	EXACT	CIEngine_FreeTextureFromEngineResourcePools_00b23680.cpp
00b23690	EXACT	CIEngine_GetLoadingMemoryPoolCIEngineUAEPAVCM_00b23690.cpp
00b236a0	EXACT	CIEngine_GetAnimationMemoryPoolCIEngineUAEPAV_00b236a0.cpp
00b236b0	EXACT	CIEngine_GetScratchBufferTextureManager_00b236b0.cpp
00b236c0	EXACT	CIEngine_DeallocateShadowBuffer_00b236c0.cpp
00b236d0	EXACT	CIEngine_ReallocateShadowBuffer_00b236d0.cpp
00b236e0	EXACT	CIEngine_Enable3DSceneRendering_00b236e0.cpp
00b236f0	EXACT	CIEngine_Is3DSceneRenderingEnabled_00b236f0.cpp
00b23700	EXACT	CIEngine_Enable2DSceneRendering_00b23700.cpp
00b23710	EXACT	CIEngine_Is2DSceneRenderingEnabled_00b23710.cpp
00b23720	EXACT	CIEngine_OverrideRain_00b23720.cpp
00b23730	EXACT	CIEngine_OverrideSnow_00b23730.cpp
00b23740	EXACT	CIEngine_RenderColorFilteredQuad_00b23740.cpp
00b23990	EXACT	CEngine_Release_00b23990.cpp
00b23d80	EXACT	CEngine_StartStaticMapUpdatePass_00b23d80.cpp
00b23da0	EXACT	CEngine_UpdateStaticMap_00b23da0.cpp
00b23dd0	EXACT	CEngine_AreaChanged_00b23dd0.cpp
00b23df0	EXACT	CEngine_SetLandscapeDebugTintColour_00b23df0.cpp
00b23e70	EXACT	CEngine_ReloadLocalDetailDefs_00b23e70.cpp
00b23e80	EXACT	CEngine_UpdateDebugOverlay_00b23e80.cpp
00b23e90	EXACT	CEngine_EnableDebugOverlay_00b23e90.cpp
00b23ef0	EXACT	CEngine_SetRenderTargetTexture_00b23ef0.cpp
00b23f60	RELOC	CEngine_GetScratchBufferTextureManagerCEngin_00b23f60.cpp
00b28c20	EXACT	CEngineComponent_FrameStart_00b28c20.cpp
00b28c30	EXACT	CEngineComponent_FrameEnd_00b28c30.cpp
00b28c40	EXACT	CEngineComponent_LoadNewScene_00b28c40.cpp
00b28c50	EXACT	CEngineComponent_Render_00b28c50.cpp
00b28c60	EXACT	CEngineComponent_PreLayerRender_00b28c60.cpp
00b28c70	EXACT	CEngineComponent_PostLayerRender_00b28c70.cpp
00b28c80	EXACT	CEngineComponent_WorldFrameUpdate_00b28c80.cpp
00b28c90	EXACT	CEngineComponent_PausedWorldFrameUpdate_00b28c90.cpp
00b28cc0	EXACT	CEngineComponent_OnReleaseDefaultPoolResources_00b28cc0.cpp
00b28cd0	EXACT	CEngineComponent_OnRestoreDefaultPoolResources_00b28cd0.cpp
00b28ce0	EXACT	CEngineStateBlocks_PeekSceneFilterFlags_00b28ce0.cpp
00b2aa20	EXACT	CEngine_PreChangeResolution_00b2aa20.cpp
00b2aa40	EXACT	CEngine_GetStaticMapUpdatePassCount_00b2aa40.cpp
00b2ad60	EXACT	CEngineSurfaceCompositionManager_OnReleaseDefaultPoolResources_00b2ad60.cpp
00b2f730	EXACT	CEnginePrimitiveOcclusionManager_FrameEnd_00b2f730.cpp
00b2fae0	EXACT	CEnginePrimitiveOcclusionManager_PeekSceneFilterFlags_00b2fae0.cpp
00b31c00	EXACT	CEngineCamera_PeekSceneFilterFlags_00b31c00.cpp
00b38830	EXACT	CEnginePrimitiveManager_Render2DPrimitive_00b38830.cpp
00b38840	EXACT	CEnginePrimitiveManager_RenderNonsortedPrimitives_00b38840.cpp
00b38850	EXACT	CEnginePrimitiveManager_AddStaticShadowData_00b38850.cpp
00b38860	EXACT	CEnginePrimitiveOcclusionGroupManager_RenderSubPrimitive_00b38860.cpp
00b3a980	EXACT	CEngineInternalPrimitiveBase_GetChildPrimitiveCEngineInternalPrim_00b3a980.cpp
00b3a9b0	EXACT	CEngineInternalPrimitiveBase_PostRender_00b3a9b0.cpp
00b3a9c0	EXACT	CEngineInternalPrimitiveBase_GetWorldPositionCEngineInternalPrimi_00b3a9c0.cpp
00b3a9d0	EXACT	CEngineInternalPrimitiveBase_GetBoundingBoxTransform_00b3a9d0.cpp
00b3a9e0	EXACT	CEngineInternalPrimitiveBase_GetBoundingBoxWorldSpace_00b3a9e0.cpp
00b3a9f0	EXACT	CEngineInternalPrimitiveBase_GetBoundingSphereWorldSpace_00b3a9f0.cpp
00b3aa00	EXACT	CEngineInternalPrimitiveBase_GetBoundingSphereRadiusWorldSpace_00b3aa00.cpp
00b3aa20	EXACT	CEngineInternalPrimitiveBase_GetObjectTransform_00b3aa20.cpp
00b3aa30	EXACT	CEngineInternalPrimitiveBase_SetObjectTransform_00b3aa30.cpp
00b3aa40	EXACT	CEngineInternalPrimitiveBase_SetAnimation_00b3aa40.cpp
00b3aa50	EXACT	CEngineInternalPrimitiveBase_SetPosition_00b3aa50.cpp
00b3aa60	EXACT	CEngineInternalPrimitiveBase_SetMeshEffect_00b3aa60.cpp
00b3aa70	EXACT	CEngineInternalPrimitiveBase_GetMeshEffect_00b3aa70.cpp
00b3aa80	EXACT	CEngineInternalPrimitiveBase_GetAsOcclusionPrimitiveCEngineIntern_00b3aa80.cpp
00b3aa90	EXACT	CEngineInternalPrimitiveBase_CollectStats_00b3aa90.cpp
00b3b090	EXACT	global_AddChildPrimitive_00b3b090.cpp
00b3b0a0	EXACT	global_AddChildPrimitive_00b3b0a0.cpp
00b3ec80	EXACT	CEngineResourceManager_PeekSceneFilterFlags_00b3ec80.cpp
00b3edb0	EXACT	CStaticMapBankFile_GetDataFormatVersion_00b3edb0.cpp
00b430a0	EXACT	global_DeleteData_00b430a0.cpp
00b43390	EXACT	CStaticMapBankStateBlock_GetDefault_00b43390.cpp
00b433a0	EXACT	CStaticMapBankStateBlock_CreateCRC_00b433a0.cpp
00b433b0	EXACT	CStaticMapBankStateBlock_Set_00b433b0.cpp
00b44160	EXACT	CEngineWorldMap_PeekSceneFilterFlags_00b44160.cpp
00b444d0	EXACT	CEngineInternalPrimitiveLight_GetRenderLayerMask_00b444d0.cpp
00b444e0	EXACT	CEngineInternalPrimitiveShadowedSpotLight_GetRenderLayerMask_00b444e0.cpp
00b4a450	EXACT	CEnginePrimitiveManager_RenderSubPrimitive_00b4a450.cpp
00b4a460	EXACT	CEnginePrimitiveManager_RenderBoundingVolume_00b4a460.cpp
00b4a5d0	EXACT	CEnginePrimitiveRenderer2D_FrameStart_00b4a5d0.cpp
00b4a5e0	EXACT	CEnginePrimitiveRenderer2D_FrameEnd_00b4a5e0.cpp
00b4b710	EXACT	CEnginePrimitiveRenderer2D_PeekSceneFilterFlags_00b4b710.cpp
00b50b70	EXACT	CEngineShadowRenderer_PeekSceneFilterFlags_00b50b70.cpp
00b5baf0	EXACT	CEngineScreenEffectColourFilter_PeekSceneFilterFlags_00b5baf0.cpp
00b5eaf0	EXACT	CEngineScreenEffectRadialBlurRenderer_PeekSceneFilterFlags_00b5eaf0.cpp
00b61a10	EXACT	CEngineScreenEffectGlowRenderer_PeekSceneFilterFlags_00b61a10.cpp
00b61db0	EXACT	CEngineSkyRenderer_FrameStart_00b61db0.cpp
00b66b90	EXACT	DestvalstdallocatorCIVCountedPointerN3DPrimitiveCTriangleListCIVCountedPointerN3_CTriangleList_00b66b90.cpp
00b66bf0	EXACT	DestvalstdallocatorCIVCountedPointerN3DPrimitiveCTriangleListCIVCountedPointerN3_CTriangleList_00b66bf0.cpp
00b676a0	RELOC	CEngineLandscapeRenderer_OnReleaseDefaultPoolResources_00b676a0.cpp
00b687d0	DIFFER(327v1476)	CEngineLandscapeRenderer_BuildThemes_00b687d0.cpp
00b6c980	EXACT	CLandscapePatchTesselator_GetSizeOfVertex_00b6c980.cpp
00b6ca10	EXACT	CEngineLandscapeRenderer_PeekSceneFilterFlags_00b6ca10.cpp
00b6d500	EXACT	CEngineWaterRenderer_FrameEnd_00b6d500.cpp
00b7ed70	EXACT	CEngineWaterRenderer_PeekSceneFilterFlags_00b7ed70.cpp
00b83500	EXACT	DestvalstdallocatorCIVCountedPointerN3DPrimitiveCTriangleListCIVCountedPointerN3_CTriangleList_00b83500.cpp
00b8b5a0	EXACT	CEngineScreenEffectOutlineGlow_PeekSceneFilterFlags_00b8b5a0.cpp
00b8cfc0	EXACT	CEngineEnvironment_PeekSceneFilterFlags_00b8cfc0.cpp
00b8fd80	EXACT	CEngineInternalPrimitiveBase_Update_00b8fd80.cpp
00b8fda0	EXACT	CEngineInternalPrimitiveBase_SetChildPrimitive_00b8fda0.cpp
00b8fdb0	EXACT	CEngineInternalPrimitiveBase_SetChildPrimitive_00b8fdb0.cpp
00b8fdc0	EXACT	CEngineInternalPrimitiveBase_GetChildPrimitiveHandle_00b8fdc0.cpp
00b8fdd0	EXACT	CEngineInternalPrimitiveBase_ClearChildPrimitive_00b8fdd0.cpp
00b8fde0	EXACT	CEngineInternalPrimitiveBase_ClearAllChildPrimitivesCEngineIntern_00b8fde0.cpp
00b8ffc0	EXACT	CEnginePersistentPrimitiveBase_NotifyReleased_00b8ffc0.cpp
00b900a0	EXACT	CEngineSceneEnumeratorResetVisibilityRatio_ProcessPrimitive_00b900a0.cpp
00b94f90	EXACT	global_DeleteData_00b94f90.cpp
00b98560	RELOC	CEngineSubPrimitiveText_scalardeletingdestructor_00b98560.cpp
00b9c4e0	EXACT	DestvalstdallocatorCIVCountedPointerN3DPrimitiveCTriangleListCIVCountedPointerN3_CTriangleList_00b9c4e0.cpp
00b9c650	EXACT	CEngineInternalPrimitiveOcclusionBase_GetAsOcclusionPrimitive_00b9c650.cpp
00b9d1d0	EXACT	CEnginePrimitiveManagerStaticMeshesBase_AddStaticShadowData_00b9d1d0.cpp
00ba7fc0	EXACT	CEngineInternalPrimitiveMeshBase_GetTransformFrameStart_00ba7fc0.cpp
00ba7fd0	EXACT	CEngineInternalPrimitiveMeshBase_GetTransformFrameEnd_00ba7fd0.cpp
00ba7fe0	EXACT	CEngineInternalPrimitiveMeshBase_GetMorphInfoCEngineInternalPrimitive_00ba7fe0.cpp
00ba81b0	RELOC	CEngineSubPrimitiveText_scalardeletingdestructor_00ba81b0.cpp
00baa4d0	EXACT	CEnginePrimitiveManagerRepeatedZSprites_RenderSubPrimitive_00baa4d0.cpp
00bacd90	EXACT	CEnginePrimitiveManager_FrameStart_00bacd90.cpp
00bacda0	EXACT	CEnginePrimitiveManager_FrameEnd_00bacda0.cpp
00baceb0	EXACT	CEngineInternalPrimitive2DSprite_GetRenderLayerMask_00baceb0.cpp
00bacec0	EXACT	CEngineInternalPrimitive2DClockSprite_GetRenderLayerMask_00bacec0.cpp
00bba330	EXACT	CEngineInternalPrimitiveDecal_GetRenderLayerMask_00bba330.cpp
00bbddc0	EXACT	CEnginePrimitiveManagerParticleSpriteTrailGroup_RenderSubPrimitive_00bbddc0.cpp
00bc5fa0	EXACT	CEngineInternalPrimitiveGroup_GetWorldPosition_00bc5fa0.cpp
00bc5fb0	EXACT	CEngineInternalPrimitiveGroup_GetAsOcclusionPrimitive_00bc5fb0.cpp
00bcea30	EXACT	CEngineInternalPrimitive2DAnimatedMesh_GetRenderLayerMask_00bcea30.cpp
00bcea50	EXACT	CEngineInternalPrimitiveAnimatedMeshFromFile_Update_00bcea50.cpp
00bd9a40	RELOC	CEngineSubPrimitiveText_scalardeletingdestructor_00bd9a40.cpp
00bd9a70	RELOC	CEngineSubPrimitiveText_scalardeletingdestructor_00bd9a70.cpp
00bd9b30	EXACT	CEngineLandscapeMemoryManager_HandleFailedAllocation_00bd9b30.cpp
00bd9b70	EXACT	CEngineLandscapeMemoryManager_RelocateData_00bd9b70.cpp
00bdc130	EXACT	CEngineLandscapeMap_RelocateData_00bdc130.cpp
00bdc180	RELOC	CEngineLandscapeMap_UpdateBackgroundLOD_00bdc180.cpp
00bdc510	DIFFER(1044v1131)	CEngineLandscapeMap_UpdateForeground_00bdc510.cpp
00bdd0e0	DIFFER(328v292)	CEngineLandscapeMap_OpenStaticMap_00bdd0e0.cpp
00bdf010	DIFFER(150v186)	CLocalDetailCacheMap_OpenStaticMap_00bdf010.cpp
00be1b80	EXACT	CEngineInternalPrimitive2DViewport_GetRenderLayerMask_00be1b80.cpp
00be5c30	RELOC	CLandscapeBackgroundPatch_ClearTextures_00be5c30.cpp
00be6f70	DIFFER(198v2654)	CLandscapeBackgroundPatch_Render_00be6f70.cpp
00be7d70	DIFFER(1437v2983)	CLandscapeBackgroundPatch_Load_00be7d70.cpp
00be8920	DIFFER(328v365)	CLandscapeBackgroundPatch_LoadCompressed_00be8920.cpp
00be8d50	EXACT	CLandscapeBackgroundSubNodeBase_UpdateTesselation_00be8d50.cpp
00be8d60	EXACT	CLandscapeBackgroundSubNodeBase_InvalidateEdge_00be8d60.cpp
00be8d70	EXACT	CLandscapeBackgroundSubNodeBase_OnPostRelocation_00be8d70.cpp
00be8dc0	EXACT	CLandscapeBackgroundPatch_IsPatchCLandscapeBackgroundPatchEAEN_00be8dc0.cpp
00beaaa0	RELOC	CEngineScreenEffectOutlineGlow_FinishWithDynamicTextures_00beaaa0.cpp
00beb4d0	RELOC	CEngineScreenEffectOutlineGlow_ScalarDeletingDestructor_00beb4d0.cpp
00bebed0	DIFFER(300v302)	CEnginePrimitiveManagerMeshBase_GetComposedTexture_00bebed0.cpp
00bec000	DIFFER(319v1124)	CEnginePrimitiveManagerMeshBase_PreloadDiffuseTexture_00bec000.cpp
00bec470	DIFFER(467v526)	CEnginePrimitiveManagerMeshBase_PreloadBumpTexture_00bec470.cpp
00bec950	DIFFER(517v578)	CEnginePrimitiveManagerMeshBase_GetOverlaidTextures_00bec950.cpp
00bf3840	EXACT	CEngineLandscapePatch_CanRelocateData_00bf3840.cpp
00bf3980	RELOC	CEngineLandscapePatch_RelocateData_00bf3980.cpp
00bf3a90	DIFFER(192v205)	CEngineLandscapePatch_LoadHeader_00bf3a90.cpp
00bf3b60	DIFFER(809v1480)	CEngineLandscapePatch_LoadForegroundPatch_00bf3b60.cpp
00bf4130	DIFFER(180v234)	CEngineLandscapePatch_LoadTextures_00bf4130.cpp
00bf4220	DIFFER(615v634)	CEngineLandscapePatch_UpdateForeground_00bf4220.cpp
00bf4570	DIFFER(316v4431)	CEngineLandscapePatch_RenderForeground_00bf4570.cpp
00bf5c20	EXACT	CEngineLandscapeRenderer_GetForegroundVertexShader_00bf5c20.cpp
00bf5c60	EXACT	CEngineLandscapeRenderer_GetForegroundSpotLightVertexShader_00bf5c60.cpp
00bf5ca0	EXACT	CEngineLandscapeRenderer_GetForegroundShadowedVertexShader_00bf5ca0.cpp
00bf5cd0	EXACT	CEngineLandscapeRenderer_GetForegroundBumpShadowedVertexShader_00bf5cd0.cpp
00bf5d00	EXACT	CEngineLandscapeRenderer_GetForegroundSpotShadowedVertexShader_00bf5d00.cpp
00bf6720	EXACT	CLandscapeBackgroundTreeNode_UpdateTesselation_00bf6720.cpp
00bf6b40	EXACT	CLandscapeBackgroundTreeNode_RelocateData_00bf6b40.cpp
00bf7400	DIFFER(1444v1929)	CLandscapeBackgroundTreeNode_LoadHeader_00bf7400.cpp
00bf8810	DIFFER(794v912)	CLandscapeBackgroundTreeNode_UpdateStaticLOD_00bf8810.cpp
00bf8cc0	EXACT	CLandscapeBackgroundSubNodeSplitBranch_IsPatch_00bf8cc0.cpp
00bf8cd0	EXACT	CLandscapeBackgroundSubNodeSplitBranch_RelocateData_00bf8cd0.cpp
00bfd420	EXACT	CLandscapeLayerMesh_CLandscapeLayerMesh_00bfd420.cpp
00bfddd0	RELOC	CLandscapeLayerMesh_CLandscapeLayerMesh_00bfddd0.cpp
00bfe050	DIFFER(791v2218)	CLandscapeLayerMesh_LoadForeground_00bfe050.cpp
00c19f90	EXACT	Global_GetterField84_00c19f90.cpp
00c2d7b0	EXACT	Global_CTCInventoryCheckSlotTypeNegative_00c2d7b0.cpp
00c2d900	EXACT	global_DrawGetEnvironment_00c2d900.cpp
00c33690	RELOC	global_GlobalMethodTailThunk00c33690_00c33690.cpp
00c336a0	RELOC	global_GlobalMethodTailThunk00c336a0_00c336a0.cpp
00c33810	RELOC	global_GlobalMethodTailThunk00c33810_00c33810.cpp
00c35980	RELOC	global_GlobalMethodTailThunk00c35980_00c35980.cpp
00c38870	EXACT	global_DrawGetEnvironment_00c38870.cpp
00c38880	EXACT	global_DrawGetEnvironment_00c38880.cpp
00c38890	EXACT	global_DrawGetEnvironment_00c38890.cpp
00c38af0	RELOC	CComponent_GetCurrentState_00c38af0.cpp
00c3b900	RELOC	CLandscapeLayerMesh_CLandscapeLayerMesh_00c3b900.cpp
00c3c9a0	EXACT	global_DrawGetEnvironment_00c3c9a0.cpp
00c3e730	EXACT	CManager_ClearErrorMessage_00c3e730.cpp
00c3ea80	EXACT	global_AddChildPrimitive_00c3ea80.cpp
00c42ac0	EXACT	global_DrawGetEnvironment_00c42ac0.cpp
00c43f80	RELOC	global_WeaponProcessAnimFrameIfReady_00c43f80.cpp
00c463b0	EXACT	global_DrawGetEnvironment_00c463b0.cpp
00c491d0	EXACT	global_DrawGetEnvironment_00c491d0.cpp
00c4aa30	EXACT	global_DrawGetEnvironment_00c4aa30.cpp
00c4c010	EXACT	global_DrawGetEnvironment_00c4c010.cpp
00c4c020	EXACT	global_DrawGetEnvironment_00c4c020.cpp
00c61c60	EXACT	global_DrawGetEnvironment_00c61c60.cpp
00c6a5d0	RELOC	CEditControlCentre_GetCurrentMask_00c6a5d0.cpp
00c8a950	EXACT	global_DrawGetEnvironment_00c8a950.cpp
00c8b9b0	EXACT	CCategory_GetHighlightedItem_00c8b9b0.cpp
00c8bb10	EXACT	global_AddChildPrimitive_00c8bb10.cpp
00cb13a0	EXACT	CEditControlCentre_PeekConnectedToTrackNode_00cb13a0.cpp
00cb6200	RELOC	CEngineSubPrimitiveText_scalardeletingdestructor_00cb6200.cpp
00cb8d10	EXACT	global_DeleteData_00cb8d10.cpp
00cd202e	EXACT	DestvalstdallocatorCIVCountedPointerN3DPrimitiveCTriangleListCIVCountedPointerN3_CTriangleList_00cd202e.cpp
00cd22a4	RELOC	CLandscapeBackgroundPatch_vectordeletingdestructor_00cd22a4.cpp
00cd23c2	EXACT	DestvalstdallocatorCIVCountedPointerN3DPrimitiveCTriangleListCIVCountedPointerN3_CTriangleList_00cd23c2.cpp
00cd2671	EXACT	CEngineInternalPrimitiveMeshBase_GetMeshEffect_00cd2671.cpp
00cd26a8	EXACT	CEngineInternalPrimitiveMeshBase_GetMeshEffect_00cd26a8.cpp
00cd2c1e	RELOC	CAssoc_scalardeletingdestructor_00cd2c1e.cpp
00cd325f	RELOC	CActiveFile_OnReadFinished_00cd325f.cpp
00cd3699	RELOC	CTCCarryable_OnKill_00cd3699.cpp
00cd3c8b	RELOC	CActiveFile_OnReadFinished_00cd3c8b.cpp
00cd3d0b	RELOC	CActiveFile_OnReadFinished_00cd3d0b.cpp
00cd4a30	RELOC	CEngineSubPrimitiveText_scalardeletingdestructor_00cd4a30.cpp
00cdd680	EXACT	CSpawnedFuncNScriptCQRansomVictimChiefsHouseScript_SuspendableProcess_00cdd680.cpp
00cddc80	EXACT	CSpawnedFuncNScriptCQRansomVictimChiefsHouseScript_SuspendableProcess_00cddc80.cpp
00ce0ec0	RELOC	CThingSwitch_vectordeletingdestructor_00ce0ec0.cpp
00ce1200	RELOC	CThingSwitch_vectordeletingdestructor_00ce1200.cpp
00ce1250	RELOC	CThingSwitch_vectordeletingdestructor_00ce1250.cpp
00ce1ac0	EXACT	CSpawnedFuncNScriptCQRansomVictimChiefsHouseScript_SuspendableProcess_00ce1ac0.cpp
00ce6be0	RELOC	CEngineSubPrimitiveText_scalardeletingdestructor_00ce6be0.cpp
00ce6c10	RELOC	CEngineSubPrimitiveText_scalardeletingdestructor_00ce6c10.cpp
00ce6c80	RELOC	CEngineSubPrimitiveText_scalardeletingdestructor_00ce6c80.cpp
00ce7640	EXACT	CSpawnedFuncNScriptCQRansomVictimChiefsHouseScript_SuspendableProcess_00ce7640.cpp
00cef9a0	RELOC	CThingSwitch_vectordeletingdestructor_00cef9a0.cpp
00cefab0	EXACT	CSpawnedFuncNScriptCQRansomVictimChiefsHouseScript_SuspendableProcess_00cefab0.cpp
00cf0780	EXACT	CSpawnedFuncNScriptCQRansomVictimChiefsHouseScript_SuspendableProcess_00cf0780.cpp
00cf9190	EXACT	CSpawnedFuncNScriptCQRansomVictimChiefsHouseScript_SuspendableProcess_00cf9190.cpp
00cf95e0	EXACT	CSpawnedFuncNScriptCQRansomVictimChiefsHouseScript_SuspendableProcess_00cf95e0.cpp
00cfaae0	EXACT	CSpawnedFuncNScriptCQRansomVictimChiefsHouseScript_SuspendableProcess_00cfaae0.cpp
00cfaf40	EXACT	CSpawnedFuncNScriptCQRansomVictimChiefsHouseScript_SuspendableProcess_00cfaf40.cpp
00d00a60	EXACT	CSpawnedFuncNScriptCQRansomVictimChiefsHouseScript_SuspendableProcess_00d00a60.cpp
00d032c0	RELOC	CThingSwitch_vectordeletingdestructor_00d032c0.cpp
00d038b0	EXACT	CSpawnedFuncNScriptCQRansomVictimChiefsHouseScript_SuspendableProcess_00d038b0.cpp
00d0edb0	RELOC	CEngineSubPrimitiveText_scalardeletingdestructor_00d0edb0.cpp
00d12bf0	EXACT	CSpawnedFuncNScriptCQRansomVictimChiefsHouseScript_SuspendableProcess_00d12bf0.cpp
00d13100	EXACT	CSpawnedFuncNScriptCQRansomVictimChiefsHouseScript_SuspendableProcess_00d13100.cpp
00d154e0	RELOC	CEngineSubPrimitiveText_scalardeletingdestructor_00d154e0.cpp
00d172e0	RELOC	CEngineSubPrimitiveText_scalardeletingdestructor_00d172e0.cpp
00d17310	RELOC	CThingSwitch_vectordeletingdestructor_00d17310.cpp
00d1cf90	EXACT	CSpawnedFuncNScriptCQRansomVictimChiefsHouseScript_SuspendableProcess_00d1cf90.cpp
00d1fd00	RELOC	CEngineSubPrimitiveText_scalardeletingdestructor_00d1fd00.cpp
00d20760	RELOC	CThingSwitch_vectordeletingdestructor_00d20760.cpp
00d23db0	EXACT	CSpawnedFuncNScriptCQRansomVictimChiefsHouseScript_SuspendableProcess_00d23db0.cpp
00d255b0	EXACT	CSpawnedFuncNScriptCQRansomVictimChiefsHouseScript_SuspendableProcess_00d255b0.cpp
00d26160	RELOC	CThingSwitch_vectordeletingdestructor_00d26160.cpp
00d27450	EXACT	CSpawnedFuncNScriptCQRansomVictimChiefsHouseScript_SuspendableProcess_00d27450.cpp
00d2a9e0	EXACT	CSpawnedFuncNScriptCQRansomVictimChiefsHouseScript_SuspendableProcess_00d2a9e0.cpp
00d2d6d0	RELOC	CEngineSubPrimitiveText_scalardeletingdestructor_00d2d6d0.cpp
00d2d700	RELOC	CThingSwitch_vectordeletingdestructor_00d2d700.cpp
00d2d900	RELOC	CThingSwitch_vectordeletingdestructor_00d2d900.cpp
00d2f7c0	EXACT	CSpawnedFuncNScriptCQRansomVictimChiefsHouseScript_SuspendableProcess_00d2f7c0.cpp
00d30000	RELOC	CThingSwitch_vectordeletingdestructor_00d30000.cpp
00d34440	RELOC	CThingSwitch_vectordeletingdestructor_00d34440.cpp
00d346f0	EXACT	CSpawnedFuncNScriptCQRansomVictimChiefsHouseScript_SuspendableProcess_00d346f0.cpp
00d38cf0	RELOC	CThingSwitch_vectordeletingdestructor_00d38cf0.cpp
00d3bbe0	EXACT	CSpawnedFuncNScriptCQRansomVictimChiefsHouseScript_SuspendableProcess_00d3bbe0.cpp
00d50650	RELOC	CEngineSubPrimitiveText_scalardeletingdestructor_00d50650.cpp
00d50c30	RELOC	CThingSwitch_vectordeletingdestructor_00d50c30.cpp
00d514f0	EXACT	CSpawnedFuncNScriptCQRansomVictimChiefsHouseScript_SuspendableProcess_00d514f0.cpp
00d52470	RELOC	CThingSwitch_vectordeletingdestructor_00d52470.cpp
00d55e60	EXACT	CSpawnedFuncNScriptCQRansomVictimChiefsHouseScript_SuspendableProcess_00d55e60.cpp
00d58460	RELOC	CThingSwitch_vectordeletingdestructor_00d58460.cpp
00d5ae40	RELOC	CThingSwitch_vectordeletingdestructor_00d5ae40.cpp
00d61c00	RELOC	CEngineSubPrimitiveText_scalardeletingdestructor_00d61c00.cpp
00d61cf0	EXACT	CSpawnedFuncNScriptCQRansomVictimChiefsHouseScript_SuspendableProcess_00d61cf0.cpp
00d64370	RELOC	CThingSwitch_vectordeletingdestructor_00d64370.cpp
00d665f0	EXACT	CSpawnedFuncNScriptCQRansomVictimChiefsHouseScript_SuspendableProcess_00d665f0.cpp
00d67240	RELOC	CThingSwitch_vectordeletingdestructor_00d67240.cpp
00d67860	EXACT	CSpawnedFuncNScriptCQRansomVictimChiefsHouseScript_SuspendableProcess_00d67860.cpp
00d68e70	RELOC	CThingSwitch_vectordeletingdestructor_00d68e70.cpp
00d69420	EXACT	CSpawnedFuncNScriptCQRansomVictimChiefsHouseScript_SuspendableProcess_00d69420.cpp
00d6b560	RELOC	CEngineSubPrimitiveText_scalardeletingdestructor_00d6b560.cpp
00d6b6f0	RELOC	CThingSwitch_vectordeletingdestructor_00d6b6f0.cpp
00d6f450	EXACT	CSpawnedFuncNScriptCQRansomVictimChiefsHouseScript_SuspendableProcess_00d6f450.cpp
00d728a0	RELOC	CEngineSubPrimitiveText_scalardeletingdestructor_00d728a0.cpp
00d729b0	RELOC	CEngineSubPrimitiveText_scalardeletingdestructor_00d729b0.cpp
00d72b40	RELOC	CThingSwitch_vectordeletingdestructor_00d72b40.cpp
00d732c0	RELOC	CEngineSubPrimitiveText_scalardeletingdestructor_00d732c0.cpp
00d785b0	EXACT	CSpawnedFuncNScriptCQRansomVictimChiefsHouseScript_SuspendableProcess_00d785b0.cpp
00d7aa00	RELOC	CThingSwitch_vectordeletingdestructor_00d7aa00.cpp
00d7ae00	EXACT	CSpawnedFuncNScriptCQRansomVictimChiefsHouseScript_SuspendableProcess_00d7ae00.cpp
00d7c440	RELOC	CThingSwitch_vectordeletingdestructor_00d7c440.cpp
00d7c6d0	RELOC	CEngineSubPrimitiveText_scalardeletingdestructor_00d7c6d0.cpp
00d7c7d0	EXACT	CSpawnedFuncNScriptCQRansomVictimChiefsHouseScript_SuspendableProcess_00d7c7d0.cpp
00d80c00	RELOC	CThingSwitch_vectordeletingdestructor_00d80c00.cpp
00d80de0	EXACT	CSpawnedFuncNScriptCQRansomVictimChiefsHouseScript_SuspendableProcess_00d80de0.cpp
00d82370	RELOC	CThingSwitch_vectordeletingdestructor_00d82370.cpp
00d83570	EXACT	CSpawnedFuncNScriptCQRansomVictimChiefsHouseScript_SuspendableProcess_00d83570.cpp
00d84470	RELOC	CEngineSubPrimitiveText_scalardeletingdestructor_00d84470.cpp
00d84600	RELOC	CThingSwitch_vectordeletingdestructor_00d84600.cpp
00d84b20	RELOC	CThingSwitch_vectordeletingdestructor_00d84b20.cpp
00d84cb0	EXACT	CSpawnedFuncNScriptCQRansomVictimChiefsHouseScript_SuspendableProcess_00d84cb0.cpp
00d872a0	RELOC	CThingSwitch_vectordeletingdestructor_00d872a0.cpp
00d87ab0	RELOC	CEngineSubPrimitiveText_scalardeletingdestructor_00d87ab0.cpp
00d87c30	EXACT	CSpawnedFuncNScriptCQRansomVictimChiefsHouseScript_SuspendableProcess_00d87c30.cpp
00d896e0	RELOC	CThingSwitch_vectordeletingdestructor_00d896e0.cpp
00d89d40	RELOC	CEngineSubPrimitiveText_scalardeletingdestructor_00d89d40.cpp
00d89e50	EXACT	CSpawnedFuncNScriptCQRansomVictimChiefsHouseScript_SuspendableProcess_00d89e50.cpp
00d8dc90	EXACT	CSpawnedFuncNScriptCQRansomVictimChiefsHouseScript_SuspendableProcess_00d8dc90.cpp
00d91580	RELOC	CEngineSubPrimitiveText_scalardeletingdestructor_00d91580.cpp
00d91710	RELOC	CThingSwitch_vectordeletingdestructor_00d91710.cpp
00d973a0	RELOC	CEngineSubPrimitiveText_scalardeletingdestructor_00d973a0.cpp
00d99e10	RELOC	CEngineSubPrimitiveText_scalardeletingdestructor_00d99e10.cpp
00d9a130	EXACT	CSpawnedFuncNScriptCQRansomVictimChiefsHouseScript_SuspendableProcess_00d9a130.cpp
00d9da90	RELOC	CEngineSubPrimitiveText_scalardeletingdestructor_00d9da90.cpp
00d9dac0	RELOC	CThingSwitch_vectordeletingdestructor_00d9dac0.cpp
00d9e1e0	RELOC	CEngineSubPrimitiveText_scalardeletingdestructor_00d9e1e0.cpp
00d9e5b0	EXACT	CSpawnedFuncNScriptCQRansomVictimChiefsHouseScript_SuspendableProcess_00d9e5b0.cpp
00d9ffa0	RELOC	CEngineSubPrimitiveText_scalardeletingdestructor_00d9ffa0.cpp
00da29f0	RELOC	CEngineSubPrimitiveText_scalardeletingdestructor_00da29f0.cpp
00da3430	EXACT	CSpawnedFuncNScriptCQRansomVictimChiefsHouseScript_SuspendableProcess_00da3430.cpp
00da82f0	RELOC	CEngineSubPrimitiveText_scalardeletingdestructor_00da82f0.cpp
00da8480	RELOC	CEngineSubPrimitiveText_scalardeletingdestructor_00da8480.cpp
00daabd0	RELOC	CThingSwitch_vectordeletingdestructor_00daabd0.cpp
00daad70	EXACT	CSpawnedFuncNScriptCQRansomVictimChiefsHouseScript_SuspendableProcess_00daad70.cpp
00db8680	RELOC	CThingSwitch_vectordeletingdestructor_00db8680.cpp
00dbf2a0	EXACT	CSpawnedFuncNScriptCQRansomVictimChiefsHouseScript_SuspendableProcess_00dbf2a0.cpp
00dc02d0	RELOC	CThingSwitch_vectordeletingdestructor_00dc02d0.cpp
00dc2540	RELOC	CThingSwitch_vectordeletingdestructor_00dc2540.cpp
00dc2740	EXACT	CSpawnedFuncNScriptCQRansomVictimChiefsHouseScript_SuspendableProcess_00dc2740.cpp
00dc8860	RELOC	CThingSwitch_vectordeletingdestructor_00dc8860.cpp
00dca6a0	RELOC	CEngineSubPrimitiveText_scalardeletingdestructor_00dca6a0.cpp
00dcc6f0	EXACT	CSpawnedFuncNScriptCQRansomVictimChiefsHouseScript_SuspendableProcess_00dcc6f0.cpp
00dcf760	RELOC	CEngineSubPrimitiveText_scalardeletingdestructor_00dcf760.cpp
00dcf8f0	RELOC	CThingSwitch_vectordeletingdestructor_00dcf8f0.cpp
00dd22d0	EXACT	CSpawnedFuncNScriptCQRansomVictimChiefsHouseScript_SuspendableProcess_00dd22d0.cpp
00dd2650	EXACT	CSpawnedFuncNScriptCQRansomVictimChiefsHouseScript_SuspendableProcess_00dd2650.cpp
00dd2c50	EXACT	CSpawnedFuncNScriptCQRansomVictimChiefsHouseScript_SuspendableProcess_00dd2c50.cpp
00dd92d0	RELOC	CEngineSubPrimitiveText_scalardeletingdestructor_00dd92d0.cpp
00ddad00	RELOC	CEngineSubPrimitiveText_scalardeletingdestructor_00ddad00.cpp
00ddae30	EXACT	CSpawnedFuncNScriptCQRansomVictimChiefsHouseScript_SuspendableProcess_00ddae30.cpp
00ddc950	RELOC	CThingSwitch_vectordeletingdestructor_00ddc950.cpp
00ddde10	EXACT	CSpawnedFuncNScriptCQRansomVictimChiefsHouseScript_SuspendableProcess_00ddde10.cpp
00ddf060	RELOC	CThingSwitch_vectordeletingdestructor_00ddf060.cpp
00de02f0	RELOC	CEngineSubPrimitiveText_scalardeletingdestructor_00de02f0.cpp
00de0820	EXACT	CSpawnedFuncNScriptCQRansomVictimChiefsHouseScript_SuspendableProcess_00de0820.cpp
00de8340	RELOC	CEngineSubPrimitiveText_scalardeletingdestructor_00de8340.cpp
00debee0	EXACT	CSpawnedFuncNScriptCQRansomVictimChiefsHouseScript_SuspendableProcess_00debee0.cpp
00decaa0	EXACT	CSpawnedFuncNScriptCQRansomVictimChiefsHouseScript_SuspendableProcess_00decaa0.cpp
00def380	RELOC	CThingSwitch_vectordeletingdestructor_00def380.cpp
00def730	RELOC	CThingSwitch_vectordeletingdestructor_00def730.cpp
00df1370	EXACT	CSpawnedFuncNScriptCQRansomVictimChiefsHouseScript_SuspendableProcess_00df1370.cpp
00df36b0	RELOC	CThingSwitch_vectordeletingdestructor_00df36b0.cpp
00df40c0	RELOC	CEngineSubPrimitiveText_scalardeletingdestructor_00df40c0.cpp
00df41e0	EXACT	CSpawnedFuncNScriptCQRansomVictimChiefsHouseScript_SuspendableProcess_00df41e0.cpp
00df4bb0	RELOC	CThingSwitch_vectordeletingdestructor_00df4bb0.cpp
00df5c60	RELOC	CEngineSubPrimitiveText_scalardeletingdestructor_00df5c60.cpp
00df5fe0	EXACT	CSpawnedFuncNScriptCQRansomVictimChiefsHouseScript_SuspendableProcess_00df5fe0.cpp
00df9b50	RELOC	CThingSwitch_vectordeletingdestructor_00df9b50.cpp
00dfa080	RELOC	CThingSwitch_vectordeletingdestructor_00dfa080.cpp
00dfa420	EXACT	CSpawnedFuncNScriptCQRansomVictimChiefsHouseScript_SuspendableProcess_00dfa420.cpp
00dfc260	RELOC	CThingSwitch_vectordeletingdestructor_00dfc260.cpp
00e00660	RELOC	CEngineSubPrimitiveText_scalardeletingdestructor_00e00660.cpp
00e00cb0	EXACT	CSpawnedFuncNScriptCQRansomVictimChiefsHouseScript_SuspendableProcess_00e00cb0.cpp
00e052d0	RELOC	CEngineSubPrimitiveText_scalardeletingdestructor_00e052d0.cpp
00e0afb0	RELOC	CThingSwitch_vectordeletingdestructor_00e0afb0.cpp
00e0b130	EXACT	CSpawnedFuncNScriptCQRansomVictimChiefsHouseScript_SuspendableProcess_00e0b130.cpp
00e0e700	RELOC	CEngineSubPrimitiveText_scalardeletingdestructor_00e0e700.cpp
00e0e730	RELOC	CThingSwitch_vectordeletingdestructor_00e0e730.cpp
00e0e7b0	RELOC	CThingSwitch_vectordeletingdestructor_00e0e7b0.cpp
00e0e970	EXACT	CSpawnedFuncNScriptCQRansomVictimChiefsHouseScript_SuspendableProcess_00e0e970.cpp
00e13bf0	RELOC	CEngineSubPrimitiveText_scalardeletingdestructor_00e13bf0.cpp
00e13eb0	EXACT	CSpawnedFuncNScriptCQRansomVictimChiefsHouseScript_SuspendableProcess_00e13eb0.cpp
00e18380	RELOC	CThingSwitch_vectordeletingdestructor_00e18380.cpp
00e18410	RELOC	CEngineSubPrimitiveText_scalardeletingdestructor_00e18410.cpp
00e18600	EXACT	CSpawnedFuncNScriptCQRansomVictimChiefsHouseScript_SuspendableProcess_00e18600.cpp
00e19530	RELOC	CThingSwitch_vectordeletingdestructor_00e19530.cpp
00e1a7d0	RELOC	CEngineSubPrimitiveText_scalardeletingdestructor_00e1a7d0.cpp
00e1a960	EXACT	CSpawnedFuncNScriptCQRansomVictimChiefsHouseScript_SuspendableProcess_00e1a960.cpp
00e1c0c0	RELOC	CThingSwitch_vectordeletingdestructor_00e1c0c0.cpp
00e1dcc0	EXACT	CSpawnedFuncNScriptCQRansomVictimChiefsHouseScript_SuspendableProcess_00e1dcc0.cpp
00e1df50	EXACT	global_AddChildPrimitive_00e1df50.cpp
00e1f780	RELOC	CEngineSubPrimitiveText_scalardeletingdestructor_00e1f780.cpp
00e1f7b0	RELOC	CThingSwitch_vectordeletingdestructor_00e1f7b0.cpp
00e25720	EXACT	CSpawnedFuncNScriptCQRansomVictimChiefsHouseScript_SuspendableProcess_00e25720.cpp
00e25aa0	EXACT	CSpawnedFuncNScriptCQRansomVictimChiefsHouseScript_SuspendableProcess_00e25aa0.cpp
00e268b0	EXACT	CSpawnedFuncNScriptCQRansomVictimChiefsHouseScript_SuspendableProcess_00e268b0.cpp
00e27910	EXACT	CSpawnedFuncNScriptCQRansomVictimChiefsHouseScript_SuspendableProcess_00e27910.cpp
00e28dd0	EXACT	CSpawnedFuncNScriptCQRansomVictimChiefsHouseScript_SuspendableProcess_00e28dd0.cpp
00e29290	RELOC	CThingSwitch_vectordeletingdestructor_00e29290.cpp
00e29b10	EXACT	CSpawnedFuncNScriptCQRansomVictimChiefsHouseScript_SuspendableProcess_00e29b10.cpp
00e2a2f0	RELOC	CThingSwitch_vectordeletingdestructor_00e2a2f0.cpp
00e2ab30	RELOC	CThingSwitch_vectordeletingdestructor_00e2ab30.cpp
00e2ad20	EXACT	CSpawnedFuncNScriptCQRansomVictimChiefsHouseScript_SuspendableProcess_00e2ad20.cpp
00e2ea60	RELOC	CEngineSubPrimitiveText_scalardeletingdestructor_00e2ea60.cpp
00e2ea90	RELOC	CThingSwitch_vectordeletingdestructor_00e2ea90.cpp
00e32530	EXACT	CSpawnedFuncNScriptCQRansomVictimChiefsHouseScript_SuspendableProcess_00e32530.cpp
00e37310	RELOC	CEngineSubPrimitiveText_scalardeletingdestructor_00e37310.cpp
00e374c0	RELOC	CEngineSubPrimitiveText_scalardeletingdestructor_00e374c0.cpp
00e377c0	EXACT	CSpawnedFuncNScriptCQRansomVictimChiefsHouseScript_SuspendableProcess_00e377c0.cpp
00e37e10	RELOC	CEngineSubPrimitiveText_scalardeletingdestructor_00e37e10.cpp
00e39510	RELOC	CEngineSubPrimitiveText_scalardeletingdestructor_00e39510.cpp
00e39b30	EXACT	CSpawnedFuncNScriptCQRansomVictimChiefsHouseScript_SuspendableProcess_00e39b30.cpp
00e3ac40	RELOC	CEngineSubPrimitiveText_scalardeletingdestructor_00e3ac40.cpp
00e46cd0	EXACT	CSpawnedFuncNScriptCQRansomVictimChiefsHouseScript_SuspendableProcess_00e46cd0.cpp
00e47770	RELOC	CThingSwitch_vectordeletingdestructor_00e47770.cpp
00e479a0	EXACT	CSpawnedFuncNScriptCQRansomVictimChiefsHouseScript_SuspendableProcess_00e479a0.cpp
00e4a9d0	RELOC	CEngineSubPrimitiveText_scalardeletingdestructor_00e4a9d0.cpp
00e4b1a0	RELOC	CEngineSubPrimitiveText_scalardeletingdestructor_00e4b1a0.cpp
00e4f7c0	EXACT	CSpawnedFuncNScriptCQRansomVictimChiefsHouseScript_SuspendableProcess_00e4f7c0.cpp
00e54200	RELOC	CEngineSubPrimitiveText_scalardeletingdestructor_00e54200.cpp
00e54230	RELOC	CThingSwitch_vectordeletingdestructor_00e54230.cpp
00e54440	EXACT	CSpawnedFuncNScriptCQRansomVictimChiefsHouseScript_SuspendableProcess_00e54440.cpp
00e546a0	RELOC	CEngineSubPrimitiveText_scalardeletingdestructor_00e546a0.cpp
00e57cf0	EXACT	CSpawnedFuncNScriptCQRansomVictimChiefsHouseScript_SuspendableProcess_00e57cf0.cpp
00e5d080	RELOC	CThingSwitch_vectordeletingdestructor_00e5d080.cpp
00e5d110	RELOC	CThingSwitch_vectordeletingdestructor_00e5d110.cpp
00e5d2d0	EXACT	CSpawnedFuncNScriptCQRansomVictimChiefsHouseScript_SuspendableProcess_00e5d2d0.cpp
00e5fcb0	RELOC	CEngineSubPrimitiveText_scalardeletingdestructor_00e5fcb0.cpp
00e5fce0	RELOC	CEngineSubPrimitiveText_scalardeletingdestructor_00e5fce0.cpp
00e5fd10	RELOC	CEngineSubPrimitiveText_scalardeletingdestructor_00e5fd10.cpp
00e62970	EXACT	CSpawnedFuncNScriptCQRansomVictimChiefsHouseScript_SuspendableProcess_00e62970.cpp
00e64f80	RELOC	CEngineSubPrimitiveText_scalardeletingdestructor_00e64f80.cpp
00e690c0	EXACT	CSpawnedFuncNScriptCQRansomVictimChiefsHouseScript_SuspendableProcess_00e690c0.cpp
00e6a5d0	RELOC	CEngineSubPrimitiveText_scalardeletingdestructor_00e6a5d0.cpp
00e6b3a0	RELOC	CEngineSubPrimitiveText_scalardeletingdestructor_00e6b3a0.cpp
00e6b3d0	RELOC	CThingSwitch_vectordeletingdestructor_00e6b3d0.cpp
00e6e280	RELOC	CEngineSubPrimitiveText_scalardeletingdestructor_00e6e280.cpp
00e74d40	RELOC	CThingSwitch_vectordeletingdestructor_00e74d40.cpp
00e75760	EXACT	CSpawnedFuncNScriptCQRansomVictimChiefsHouseScript_SuspendableProcess_00e75760.cpp
00e7b860	RELOC	CEngineSubPrimitiveText_scalardeletingdestructor_00e7b860.cpp
00e7c830	RELOC	CEngineSubPrimitiveText_scalardeletingdestructor_00e7c830.cpp
00e7e1e0	EXACT	CSpawnedFuncNScriptCQRansomVictimChiefsHouseScript_SuspendableProcess_00e7e1e0.cpp
00e7eec0	RELOC	CThingSwitch_vectordeletingdestructor_00e7eec0.cpp
00e82160	EXACT	CSpawnedFuncNScriptCQRansomVictimChiefsHouseScript_SuspendableProcess_00e82160.cpp
00e83d20	RELOC	CThingSwitch_vectordeletingdestructor_00e83d20.cpp
00e8b930	EXACT	CSpawnedFuncNScriptCQRansomVictimChiefsHouseScript_SuspendableProcess_00e8b930.cpp
00e8d240	RELOC	CEngineSubPrimitiveText_scalardeletingdestructor_00e8d240.cpp
00e90bb0	RELOC	CThingSwitch_vectordeletingdestructor_00e90bb0.cpp
00e92940	RELOC	CEngineSubPrimitiveText_scalardeletingdestructor_00e92940.cpp
00e92a40	EXACT	CSpawnedFuncNScriptCQRansomVictimChiefsHouseScript_SuspendableProcess_00e92a40.cpp
00e93050	RELOC	CEngineSubPrimitiveText_scalardeletingdestructor_00e93050.cpp
00e93e30	EXACT	CSpawnedFuncNScriptCQRansomVictimChiefsHouseScript_SuspendableProcess_00e93e30.cpp
00e960e0	RELOC	CThingSwitch_vectordeletingdestructor_00e960e0.cpp
00e98430	RELOC	CEngineSubPrimitiveText_scalardeletingdestructor_00e98430.cpp
00e98790	EXACT	CSpawnedFuncNScriptCQRansomVictimChiefsHouseScript_SuspendableProcess_00e98790.cpp
00e9a240	RELOC	CThingSwitch_vectordeletingdestructor_00e9a240.cpp
00e9c4a0	EXACT	CSpawnedFuncNScriptCQRansomVictimChiefsHouseScript_SuspendableProcess_00e9c4a0.cpp
00e9cfa0	RELOC	CEngineSubPrimitiveText_scalardeletingdestructor_00e9cfa0.cpp
00e9da90	RELOC	CEngineSubPrimitiveText_scalardeletingdestructor_00e9da90.cpp
00e9e0b0	RELOC	CEngineSubPrimitiveText_scalardeletingdestructor_00e9e0b0.cpp
00e9fba0	RELOC	CThingSwitch_vectordeletingdestructor_00e9fba0.cpp
00e9fca0	EXACT	CSpawnedFuncNScriptCQRansomVictimChiefsHouseScript_SuspendableProcess_00e9fca0.cpp
00ea1060	RELOC	CThingSwitch_vectordeletingdestructor_00ea1060.cpp
00ea2cc0	RELOC	CEngineSubPrimitiveText_scalardeletingdestructor_00ea2cc0.cpp
00ea2e70	EXACT	CSpawnedFuncNScriptCQRansomVictimChiefsHouseScript_SuspendableProcess_00ea2e70.cpp
00ea7650	RELOC	CEngineSubPrimitiveText_scalardeletingdestructor_00ea7650.cpp
00ea77f0	EXACT	CSpawnedFuncNScriptCQRansomVictimChiefsHouseScript_SuspendableProcess_00ea77f0.cpp
00ea86c0	RELOC	CThingSwitch_vectordeletingdestructor_00ea86c0.cpp
00ea87d0	EXACT	CSpawnedFuncNScriptCQRansomVictimChiefsHouseScript_SuspendableProcess_00ea87d0.cpp
00ead9c0	RELOC	CThingSwitch_vectordeletingdestructor_00ead9c0.cpp
00eae8e0	RELOC	CEngineSubPrimitiveText_scalardeletingdestructor_00eae8e0.cpp
00eb62b0	RELOC	CThingSwitch_vectordeletingdestructor_00eb62b0.cpp
00eb62e0	RELOC	CThingSwitch_vectordeletingdestructor_00eb62e0.cpp
00eb6310	RELOC	CEngineSubPrimitiveText_scalardeletingdestructor_00eb6310.cpp
00eb6340	RELOC	CEngineSubPrimitiveText_scalardeletingdestructor_00eb6340.cpp
00eb6d40	EXACT	CSpawnedFuncNScriptCQRansomVictimChiefsHouseScript_SuspendableProcess_00eb6d40.cpp
00ebcc70	RELOC	CEngineSubPrimitiveText_scalardeletingdestructor_00ebcc70.cpp
00ebef70	EXACT	CSpawnedFuncNScriptCQRansomVictimChiefsHouseScript_SuspendableProcess_00ebef70.cpp
00ec1180	RELOC	CThingSwitch_vectordeletingdestructor_00ec1180.cpp
00ec1750	RELOC	CThingSwitch_vectordeletingdestructor_00ec1750.cpp
00ec18e0	EXACT	CSpawnedFuncNScriptCQRansomVictimChiefsHouseScript_SuspendableProcess_00ec18e0.cpp
00ec2830	RELOC	CEngineSubPrimitiveText_scalardeletingdestructor_00ec2830.cpp
00ec29c0	RELOC	CThingSwitch_vectordeletingdestructor_00ec29c0.cpp
00ec3d30	EXACT	CSpawnedFuncNScriptCQRansomVictimChiefsHouseScript_SuspendableProcess_00ec3d30.cpp
00ec5330	RELOC	CEngineSubPrimitiveText_scalardeletingdestructor_00ec5330.cpp
00ecd5d0	RELOC	CEngineSubPrimitiveText_scalardeletingdestructor_00ecd5d0.cpp
00ed0e30	RELOC	CThingSwitch_vectordeletingdestructor_00ed0e30.cpp
00ed0fe0	EXACT	CSpawnedFuncNScriptCQRansomVictimChiefsHouseScript_SuspendableProcess_00ed0fe0.cpp
00ed2890	RELOC	CEngineSubPrimitiveText_scalardeletingdestructor_00ed2890.cpp
00ed2a20	RELOC	CThingSwitch_vectordeletingdestructor_00ed2a20.cpp
00ed3b20	EXACT	CSpawnedFuncNScriptCQRansomVictimChiefsHouseScript_SuspendableProcess_00ed3b20.cpp
00ed4a10	RELOC	CThingSwitch_vectordeletingdestructor_00ed4a10.cpp
00ed4c20	EXACT	CSpawnedFuncNScriptCQRansomVictimChiefsHouseScript_SuspendableProcess_00ed4c20.cpp
00ed54a0	RELOC	CThingSwitch_vectordeletingdestructor_00ed54a0.cpp
00ed75c0	RELOC	CEngineSubPrimitiveText_scalardeletingdestructor_00ed75c0.cpp
00ed7820	EXACT	CSpawnedFuncNScriptCQRansomVictimChiefsHouseScript_SuspendableProcess_00ed7820.cpp
00ed99a0	RELOC	CEngineSubPrimitiveText_scalardeletingdestructor_00ed99a0.cpp
00edaf00	EXACT	CSpawnedFuncNScriptCQRansomVictimChiefsHouseScript_SuspendableProcess_00edaf00.cpp
00edc2a0	RELOC	CEngineSubPrimitiveText_scalardeletingdestructor_00edc2a0.cpp
00edd000	RELOC	CEngineSubPrimitiveText_scalardeletingdestructor_00edd000.cpp
00edd030	RELOC	CThingSwitch_vectordeletingdestructor_00edd030.cpp
00ee1be0	RELOC	CThingSwitch_vectordeletingdestructor_00ee1be0.cpp
00ee47a0	EXACT	CSpawnedFuncNScriptCQRansomVictimChiefsHouseScript_SuspendableProcess_00ee47a0.cpp
00ee6e80	EXACT	CSpawnedFuncNScriptCQRansomVictimChiefsHouseScript_SuspendableProcess_00ee6e80.cpp
00ee76c0	RELOC	CThingSwitch_vectordeletingdestructor_00ee76c0.cpp
00ee82a0	EXACT	CSpawnedFuncNScriptCQRansomVictimChiefsHouseScript_SuspendableProcess_00ee82a0.cpp
00ee8f40	EXACT	CSpawnedFuncNScriptCQRansomVictimChiefsHouseScript_SuspendableProcess_00ee8f40.cpp
00ee91b0	EXACT	CSpawnedFuncNScriptCQRansomVictimChiefsHouseScript_SuspendableProcess_00ee91b0.cpp
00ee9560	EXACT	CSpawnedFuncNScriptCQRansomVictimChiefsHouseScript_SuspendableProcess_00ee9560.cpp
00eea010	EXACT	CSpawnedFuncNScriptCQRansomVictimChiefsHouseScript_SuspendableProcess_00eea010.cpp
00eea710	EXACT	CSpawnedFuncNScriptCQRansomVictimChiefsHouseScript_SuspendableProcess_00eea710.cpp
00eeae40	EXACT	CSpawnedFuncNScriptCQRansomVictimChiefsHouseScript_SuspendableProcess_00eeae40.cpp
00eeb700	EXACT	CSpawnedFuncNScriptCQRansomVictimChiefsHouseScript_SuspendableProcess_00eeb700.cpp
00eebd40	EXACT	CSpawnedFuncNScriptCQRansomVictimChiefsHouseScript_SuspendableProcess_00eebd40.cpp
00eec360	EXACT	CSpawnedFuncNScriptCQRansomVictimChiefsHouseScript_SuspendableProcess_00eec360.cpp
00eec720	EXACT	CSpawnedFuncNScriptCQRansomVictimChiefsHouseScript_SuspendableProcess_00eec720.cpp
00eec860	EXACT	CSpawnedFuncNScriptCQRansomVictimChiefsHouseScript_SuspendableProcess_00eec860.cpp
00eed000	EXACT	CSpawnedFuncNScriptCQRansomVictimChiefsHouseScript_SuspendableProcess_00eed000.cpp
00eed1f0	EXACT	CSpawnedFuncNScriptCQRansomVictimChiefsHouseScript_SuspendableProcess_00eed1f0.cpp
00eee7f0	EXACT	CSpawnedFuncNScriptCQRansomVictimChiefsHouseScript_SuspendableProcess_00eee7f0.cpp
00eeea60	EXACT	CSpawnedFuncNScriptCQRansomVictimChiefsHouseScript_SuspendableProcess_00eeea60.cpp
00eeef60	EXACT	CSpawnedFuncNScriptCQRansomVictimChiefsHouseScript_SuspendableProcess_00eeef60.cpp
00eef6a0	EXACT	CSpawnedFuncNScriptCQRansomVictimChiefsHouseScript_SuspendableProcess_00eef6a0.cpp
00eef830	EXACT	CSpawnedFuncNScriptCQRansomVictimChiefsHouseScript_SuspendableProcess_00eef830.cpp
00eef990	EXACT	CSpawnedFuncNScriptCQRansomVictimChiefsHouseScript_SuspendableProcess_00eef990.cpp
00eefaf0	EXACT	CSpawnedFuncNScriptCQRansomVictimChiefsHouseScript_SuspendableProcess_00eefaf0.cpp
00eefc50	EXACT	CSpawnedFuncNScriptCQRansomVictimChiefsHouseScript_SuspendableProcess_00eefc50.cpp
00eefdb0	EXACT	CSpawnedFuncNScriptCQRansomVictimChiefsHouseScript_SuspendableProcess_00eefdb0.cpp
00eeff10	EXACT	CSpawnedFuncNScriptCQRansomVictimChiefsHouseScript_SuspendableProcess_00eeff10.cpp
00ef0060	EXACT	CSpawnedFuncNScriptCQRansomVictimChiefsHouseScript_SuspendableProcess_00ef0060.cpp
00ef5040	RELOC	CEngineSubPrimitiveText_scalardeletingdestructor_00ef5040.cpp
00ef51d0	RELOC	CThingSwitch_vectordeletingdestructor_00ef51d0.cpp
00ef8d00	RELOC	CEngineSubPrimitiveText_scalardeletingdestructor_00ef8d00.cpp
00ef9250	EXACT	CSpawnedFuncNScriptCQRansomVictimChiefsHouseScript_SuspendableProcess_00ef9250.cpp
00efa390	RELOC	CThingSwitch_vectordeletingdestructor_00efa390.cpp
00efa4e0	EXACT	CSpawnedFuncNScriptCQRansomVictimChiefsHouseScript_SuspendableProcess_00efa4e0.cpp
00efaf00	RELOC	CThingSwitch_vectordeletingdestructor_00efaf00.cpp
00efb080	EXACT	CSpawnedFuncNScriptCQRansomVictimChiefsHouseScript_SuspendableProcess_00efb080.cpp
00efb5e0	RELOC	CThingSwitch_vectordeletingdestructor_00efb5e0.cpp
00efbb40	RELOC	CThingSwitch_vectordeletingdestructor_00efbb40.cpp
00efc100	RELOC	CThingSwitch_vectordeletingdestructor_00efc100.cpp
00efc250	EXACT	CSpawnedFuncNScriptCQRansomVictimChiefsHouseScript_SuspendableProcess_00efc250.cpp
00efc870	EXACT	CSpawnedFuncNScriptCQRansomVictimChiefsHouseScript_SuspendableProcess_00efc870.cpp
00efdc10	RELOC	CThingSwitch_vectordeletingdestructor_00efdc10.cpp
00efefd0	RELOC	CThingSwitch_vectordeletingdestructor_00efefd0.cpp
00eff740	RELOC	CThingSwitch_vectordeletingdestructor_00eff740.cpp
00eff890	EXACT	CSpawnedFuncNScriptCQRansomVictimChiefsHouseScript_SuspendableProcess_00eff890.cpp
00f01450	EXACT	CSpawnedFuncNScriptCQRansomVictimChiefsHouseScript_SuspendableProcess_00f01450.cpp
00f01880	EXACT	CSpawnedFuncNScriptCQRansomVictimChiefsHouseScript_SuspendableProcess_00f01880.cpp
00f01e80	RELOC	CThingSwitch_vectordeletingdestructor_00f01e80.cpp
00f03870	RELOC	CEngineSubPrimitiveText_scalardeletingdestructor_00f03870.cpp
00f09c70	RELOC	CEngineSubPrimitiveText_scalardeletingdestructor_00f09c70.cpp
00f09ca0	RELOC	CThingSwitch_vectordeletingdestructor_00f09ca0.cpp
00f1ccb0	RELOC	CThingSwitch_vectordeletingdestructor_00f1ccb0.cpp
012288b0	RELOC	global_GlobalMethodTailThunk012288b0_012288b0.cpp
012288c0	RELOC	global_GlobalMethodTailThunk012288c0_012288c0.cpp
01228910	RELOC	global_GlobalMethodTailThunk01228910_01228910.cpp
01228920	RELOC	global_GlobalMethodTailThunk01228920_01228920.cpp
01228930	RELOC	global_GlobalMethodTailThunk01228930_01228930.cpp
01228940	RELOC	global_GlobalMethodTailThunk01228940_01228940.cpp
01228950	RELOC	global_GlobalMethodTailThunk01228950_01228950.cpp
01228960	RELOC	global_GlobalMethodTailThunk01228960_01228960.cpp
01228970	RELOC	global_GlobalMethodTailThunk01228970_01228970.cpp
01228980	RELOC	global_GlobalMethodTailThunk01228980_01228980.cpp
01228990	RELOC	global_GlobalMethodTailThunk01228990_01228990.cpp
012289a0	RELOC	global_GlobalMethodTailThunk012289a0_012289a0.cpp
012289f0	RELOC	global_GlobalMethodTailThunk012289f0_012289f0.cpp
01228a00	RELOC	global_GlobalMethodTailThunk01228a00_01228a00.cpp
01228a10	RELOC	global_GlobalMethodTailThunk01228a10_01228a10.cpp
01228a20	RELOC	global_GlobalMethodTailThunk01228a20_01228a20.cpp
01228a30	RELOC	global_GlobalMethodTailThunk01228a30_01228a30.cpp
01228a40	RELOC	global_GlobalMethodTailThunk01228a40_01228a40.cpp
01228a51	RELOC	global_GlobalMethodTailThunk01228a51_01228a51.cpp
01228a5b	RELOC	global_GlobalMethodTailThunk01228a5b_01228a5b.cpp
01228a65	RELOC	global_GlobalMethodTailThunk01228a65_01228a65.cpp
01228a6f	RELOC	global_GlobalMethodTailThunk01228a6f_01228a6f.cpp
01228a79	RELOC	global_GlobalMethodTailThunk01228a79_01228a79.cpp
01228a83	RELOC	global_GlobalMethodTailThunk01228a83_01228a83.cpp
01228a8d	RELOC	global_GlobalMethodTailThunk01228a8d_01228a8d.cpp
01228a97	RELOC	global_GlobalMethodTailThunk01228a97_01228a97.cpp
01228aa1	RELOC	global_GlobalMethodTailThunk01228aa1_01228aa1.cpp
01228aab	RELOC	global_GlobalMethodTailThunk01228aab_01228aab.cpp
01228ab5	RELOC	global_GlobalMethodTailThunk01228ab5_01228ab5.cpp
01228abf	RELOC	global_GlobalMethodTailThunk01228abf_01228abf.cpp
01228ac9	RELOC	global_GlobalMethodTailThunk01228ac9_01228ac9.cpp
01228ad3	RELOC	global_GlobalMethodTailThunk01228ad3_01228ad3.cpp
01228add	RELOC	global_GlobalMethodTailThunk01228add_01228add.cpp
01228ae7	RELOC	global_GlobalMethodTailThunk01228ae7_01228ae7.cpp
01228af1	RELOC	global_GlobalMethodTailThunk01228af1_01228af1.cpp
01228b00	RELOC	global_GlobalMethodTailThunk01228b00_01228b00.cpp
01228b10	RELOC	global_GlobalMethodTailThunk01228b10_01228b10.cpp
01228b20	RELOC	global_GlobalMethodTailThunk01228b20_01228b20.cpp
01228b98	RELOC	global_GlobalMethodTailThunk01228b98_01228b98.cpp
01228ba2	RELOC	global_GlobalMethodTailThunk01228ba2_01228ba2.cpp
01228c30	RELOC	global_GlobalMethodTailThunk01228c30_01228c30.cpp
01228c40	RELOC	global_GlobalMethodTailThunk01228c40_01228c40.cpp
01228c50	RELOC	global_GlobalMethodTailThunk01228c50_01228c50.cpp
01228ce0	RELOC	global_RenderMeshPrimitiveBlocks_01228ce0.cpp
01228dc0	RELOC	global_GlobalMethodTailThunk01228dc0_01228dc0.cpp
01228dd0	RELOC	global_GlobalMethodTailThunk01228dd0_01228dd0.cpp
01228de0	RELOC	global_GlobalMethodTailThunk01228de0_01228de0.cpp
01228e44	RELOC	global_GlobalMethodTailThunk01228e44_01228e44.cpp
01228e50	RELOC	global_GlobalMethodTailThunk01228e50_01228e50.cpp
01228e60	RELOC	global_GlobalMethodTailThunk01228e60_01228e60.cpp
01228e70	RELOC	global_GlobalMethodTailThunk01228e70_01228e70.cpp
01228e80	RELOC	global_GlobalMethodTailThunk01228e80_01228e80.cpp
01228e90	RELOC	global_GlobalMethodTailThunk01228e90_01228e90.cpp
01228ea0	RELOC	global_GlobalMethodTailThunk01228ea0_01228ea0.cpp
01228eb0	RELOC	global_GlobalMethodTailThunk01228eb0_01228eb0.cpp
01228eba	RELOC	global_GlobalMethodTailThunk01228eba_01228eba.cpp
01228ec4	RELOC	global_GlobalMethodTailThunk01228ec4_01228ec4.cpp
01228ece	RELOC	global_GlobalMethodTailThunk01228ece_01228ece.cpp
01228eec	RELOC	global_GlobalMethodTailThunk01228eec_01228eec.cpp
01228ef6	RELOC	global_GlobalMethodTailThunk01228ef6_01228ef6.cpp
01228f00	RELOC	global_GlobalMethodTailThunk01228f00_01228f00.cpp
01228f0a	RELOC	global_GlobalMethodTailThunk01228f0a_01228f0a.cpp
01228f14	RELOC	global_DisplayProgress_01228f14.cpp
01228f25	RELOC	global_GlobalMethodTailThunk01228f25_01228f25.cpp
01228f2f	RELOC	global_GlobalMethodTailThunk01228f2f_01228f2f.cpp
01228f39	RELOC	global_GlobalMethodTailThunk01228f39_01228f39.cpp
01228f43	RELOC	global_GlobalMethodTailThunk01228f43_01228f43.cpp
01228f4d	RELOC	global_GlobalMethodTailThunk01228f4d_01228f4d.cpp
01228f57	RELOC	global_GlobalMethodTailThunk01228f57_01228f57.cpp
01228f61	RELOC	global_GlobalMethodTailThunk01228f61_01228f61.cpp
01228f6b	RELOC	global_GlobalMethodTailThunk01228f6b_01228f6b.cpp
01228f75	RELOC	global_GlobalMethodTailThunk01228f75_01228f75.cpp
01228f7f	RELOC	global_GlobalMethodTailThunk01228f7f_01228f7f.cpp
01228f89	RELOC	global_GlobalMethodTailThunk01228f89_01228f89.cpp
01228f93	RELOC	global_GlobalMethodTailThunk01228f93_01228f93.cpp
01228f9d	RELOC	global_GlobalMethodTailThunk01228f9d_01228f9d.cpp
01228fa7	RELOC	global_GlobalMethodTailThunk01228fa7_01228fa7.cpp
01228fb1	RELOC	global_GlobalMethodTailThunk01228fb1_01228fb1.cpp
01228fbb	RELOC	global_GlobalMethodTailThunk01228fbb_01228fbb.cpp
01228fc5	RELOC	global_GlobalMethodTailThunk01228fc5_01228fc5.cpp
01228fcf	RELOC	global_GlobalMethodTailThunk01228fcf_01228fcf.cpp
01228fd9	RELOC	global_GlobalMethodTailThunk01228fd9_01228fd9.cpp
01228fe3	RELOC	global_GlobalMethodTailThunk01228fe3_01228fe3.cpp
01228fed	RELOC	global_GlobalMethodTailThunk01228fed_01228fed.cpp
01228ff7	RELOC	global_GlobalMethodTailThunk01228ff7_01228ff7.cpp
01229001	RELOC	global_GlobalMethodTailThunk01229001_01229001.cpp
0122900b	RELOC	global_GlobalMethodTailThunk0122900b_0122900b.cpp
01229015	RELOC	global_GlobalMethodTailThunk01229015_01229015.cpp
0122901f	RELOC	global_GlobalMethodTailThunk0122901f_0122901f.cpp
0122917a	RELOC	global_GlobalMethodTailThunk0122917a_0122917a.cpp
012291d0	RELOC	global_GlobalMethodTailThunk012291d0_012291d0.cpp
012291e0	RELOC	global_GlobalMethodTailThunk012291e0_012291e0.cpp
012291f0	RELOC	global_GlobalMethodTailThunk012291f0_012291f0.cpp
01229200	RELOC	global_GlobalMethodTailThunk01229200_01229200.cpp
01229240	RELOC	global_GlobalMethodTailThunk01229240_01229240.cpp
01229250	RELOC	global_GlobalMethodTailThunk01229250_01229250.cpp
01229260	RELOC	global_GlobalMethodTailThunk01229260_01229260.cpp
01229270	RELOC	global_GlobalMethodTailThunk01229270_01229270.cpp
012293a0	RELOC	global_GlobalMethodTailThunk012293a0_012293a0.cpp
012293b0	RELOC	global_GlobalMethodTailThunk012293b0_012293b0.cpp
012293c0	RELOC	global_GlobalMethodTailThunk012293c0_012293c0.cpp
012293d0	RELOC	global_GlobalMethodTailThunk012293d0_012293d0.cpp
012293e0	RELOC	global_GlobalMethodTailThunk012293e0_012293e0.cpp
012293f0	RELOC	global_GlobalMethodTailThunk012293f0_012293f0.cpp
01229440	RELOC	global_GlobalMethodTailThunk01229440_01229440.cpp
01229450	RELOC	global_GlobalMethodTailThunk01229450_01229450.cpp
01229460	RELOC	global_GlobalMethodTailThunk01229460_01229460.cpp
01229470	RELOC	global_GlobalMethodTailThunk01229470_01229470.cpp
01229480	RELOC	global_CreateCRC_01229480.cpp
012294a0	RELOC	global_CreateCRC_012294a0.cpp
012294c0	RELOC	global_GlobalMethodTailThunk012294c0_012294c0.cpp
012294d0	RELOC	global_CreateCRC_012294d0.cpp
012294f0	RELOC	global_DisplayProgress_012294f0.cpp
01229510	RELOC	global_RenderMeshPrimitiveBlocks_01229510.cpp
01229530	RELOC	global_DisplayProgress_01229530.cpp
01229550	RELOC	global_GlobalMethodTailThunk01229550_01229550.cpp
012295e0	RELOC	global_GlobalMethodTailThunk012295e0_012295e0.cpp
012295f0	RELOC	global_CreateCRC_012295f0.cpp
01229610	RELOC	global_GlobalMethodTailThunk01229610_01229610.cpp
01229620	RELOC	global_GlobalMethodTailThunk01229620_01229620.cpp
01229650	RELOC	global_GlobalMethodTailThunk01229650_01229650.cpp
01229660	RELOC	global_GlobalMethodTailThunk01229660_01229660.cpp
01229670	RELOC	global_GlobalMethodTailThunk01229670_01229670.cpp
01229680	RELOC	global_GlobalMethodTailThunk01229680_01229680.cpp
01229690	RELOC	global_GlobalMethodTailThunk01229690_01229690.cpp
012296a0	RELOC	global_GlobalMethodTailThunk012296a0_012296a0.cpp
012296b0	RELOC	global_GlobalMethodTailThunk012296b0_012296b0.cpp
012296c0	RELOC	global_GlobalMethodTailThunk012296c0_012296c0.cpp
012296d0	RELOC	global_GlobalMethodTailThunk012296d0_012296d0.cpp
012296e0	RELOC	global_GlobalMethodTailThunk012296e0_012296e0.cpp
012296f0	RELOC	global_GlobalMethodTailThunk012296f0_012296f0.cpp
01229700	RELOC	global_GlobalMethodTailThunk01229700_01229700.cpp
01229710	RELOC	global_GlobalMethodTailThunk01229710_01229710.cpp
01229720	RELOC	global_GlobalMethodTailThunk01229720_01229720.cpp
01229730	RELOC	global_GlobalMethodTailThunk01229730_01229730.cpp
01229740	RELOC	global_GlobalMethodTailThunk01229740_01229740.cpp
01229750	RELOC	global_GlobalMethodTailThunk01229750_01229750.cpp
01229760	RELOC	global_GlobalMethodTailThunk01229760_01229760.cpp
01229770	RELOC	global_GlobalMethodTailThunk01229770_01229770.cpp
01229780	RELOC	global_GlobalMethodTailThunk01229780_01229780.cpp
01229790	RELOC	global_GlobalMethodTailThunk01229790_01229790.cpp
012297a0	RELOC	global_GlobalMethodTailThunk012297a0_012297a0.cpp
012297b0	RELOC	global_GlobalMethodTailThunk012297b0_012297b0.cpp
012297c0	RELOC	global_GlobalMethodTailThunk012297c0_012297c0.cpp
012297d0	RELOC	global_GlobalMethodTailThunk012297d0_012297d0.cpp
012297e0	RELOC	global_GlobalMethodTailThunk012297e0_012297e0.cpp
012297f0	RELOC	global_GlobalMethodTailThunk012297f0_012297f0.cpp
01229800	RELOC	global_GlobalMethodTailThunk01229800_01229800.cpp
01229810	RELOC	global_GlobalMethodTailThunk01229810_01229810.cpp
01229820	RELOC	global_GlobalMethodTailThunk01229820_01229820.cpp
01229830	RELOC	global_GlobalMethodTailThunk01229830_01229830.cpp
01229840	RELOC	global_GlobalMethodTailThunk01229840_01229840.cpp
01229850	RELOC	global_GlobalMethodTailThunk01229850_01229850.cpp
01229860	RELOC	global_GlobalMethodTailThunk01229860_01229860.cpp
01229870	RELOC	global_GlobalMethodTailThunk01229870_01229870.cpp
01229880	RELOC	global_GlobalMethodTailThunk01229880_01229880.cpp
01229890	RELOC	global_GlobalMethodTailThunk01229890_01229890.cpp
012298a0	RELOC	global_GlobalMethodTailThunk012298a0_012298a0.cpp
012298b0	RELOC	global_GlobalMethodTailThunk012298b0_012298b0.cpp
012298c0	RELOC	global_GlobalMethodTailThunk012298c0_012298c0.cpp
012298d0	RELOC	global_GlobalMethodTailThunk012298d0_012298d0.cpp
012298e0	RELOC	global_GlobalMethodTailThunk012298e0_012298e0.cpp
012298f0	RELOC	global_GlobalMethodTailThunk012298f0_012298f0.cpp
01229900	RELOC	global_GlobalMethodTailThunk01229900_01229900.cpp
01229910	RELOC	global_GlobalMethodTailThunk01229910_01229910.cpp
01229920	RELOC	global_GlobalMethodTailThunk01229920_01229920.cpp
01229930	RELOC	global_GlobalMethodTailThunk01229930_01229930.cpp
01229940	RELOC	global_GlobalMethodTailThunk01229940_01229940.cpp
01229950	RELOC	global_GlobalMethodTailThunk01229950_01229950.cpp
01229960	RELOC	global_GlobalMethodTailThunk01229960_01229960.cpp
01229970	RELOC	global_GlobalMethodTailThunk01229970_01229970.cpp
01229980	RELOC	global_GlobalMethodTailThunk01229980_01229980.cpp
01229990	RELOC	global_DisplayProgress_01229990.cpp
012299b0	RELOC	global_GlobalMethodTailThunk012299b0_012299b0.cpp
012299c0	RELOC	global_GlobalMethodTailThunk012299c0_012299c0.cpp
012299d0	RELOC	global_GlobalMethodTailThunk012299d0_012299d0.cpp
012299e0	RELOC	global_GlobalMethodTailThunk012299e0_012299e0.cpp
012299f0	RELOC	global_GlobalMethodTailThunk012299f0_012299f0.cpp
01229a00	RELOC	global_GlobalMethodTailThunk01229a00_01229a00.cpp
01229a20	RELOC	global_DisplayProgress_01229a20.cpp
01229a40	RELOC	global_GlobalMethodTailThunk01229a40_01229a40.cpp
01229a50	RELOC	global_GlobalMethodTailThunk01229a50_01229a50.cpp
01229a60	RELOC	global_GlobalMethodTailThunk01229a60_01229a60.cpp
01229a70	RELOC	global_GlobalMethodTailThunk01229a70_01229a70.cpp
01229a80	RELOC	global_GlobalMethodTailThunk01229a80_01229a80.cpp
01229a90	RELOC	global_GlobalMethodTailThunk01229a90_01229a90.cpp
01229aa0	RELOC	global_GlobalMethodTailThunk01229aa0_01229aa0.cpp
01229ab0	RELOC	global_DisplayProgress_01229ab0.cpp
01229ad0	RELOC	global_GlobalMethodTailThunk01229ad0_01229ad0.cpp
01229ae0	RELOC	global_GlobalMethodTailThunk01229ae0_01229ae0.cpp
01229af0	RELOC	global_GlobalMethodTailThunk01229af0_01229af0.cpp
01229b00	RELOC	global_GlobalMethodTailThunk01229b00_01229b00.cpp
01229b10	RELOC	global_GlobalMethodTailThunk01229b10_01229b10.cpp
01229b20	RELOC	global_GlobalMethodTailThunk01229b20_01229b20.cpp
01229b30	RELOC	global_GlobalMethodTailThunk01229b30_01229b30.cpp
01229b40	RELOC	global_GlobalMethodTailThunk01229b40_01229b40.cpp
01229b50	RELOC	global_GlobalMethodTailThunk01229b50_01229b50.cpp
01229b60	RELOC	global_GlobalMethodTailThunk01229b60_01229b60.cpp
01229b70	RELOC	global_GlobalMethodTailThunk01229b70_01229b70.cpp
01229b80	RELOC	global_GlobalMethodTailThunk01229b80_01229b80.cpp
01229b8a	RELOC	global_GlobalMethodTailThunk01229b8a_01229b8a.cpp
01229b94	RELOC	global_GlobalMethodTailThunk01229b94_01229b94.cpp
01229b9e	RELOC	global_GlobalMethodTailThunk01229b9e_01229b9e.cpp
01229ba8	RELOC	global_GlobalMethodTailThunk01229ba8_01229ba8.cpp
01229bc0	RELOC	global_GlobalMethodTailThunk01229bc0_01229bc0.cpp
01229bd0	RELOC	global_GlobalMethodTailThunk01229bd0_01229bd0.cpp
01229dc0	RELOC	global_GlobalMethodTailThunk01229dc0_01229dc0.cpp
01229df0	RELOC	global_CreateCRC_01229df0.cpp
01229e20	RELOC	global_CreateCRC_01229e20.cpp
01229e40	RELOC	global_RenderMeshPrimitiveBlocks_01229e40.cpp
01229e60	RELOC	global_RenderMeshPrimitiveBlocks_01229e60.cpp
01229ee0	RELOC	global_GlobalMethodTailThunk01229ee0_01229ee0.cpp
01229ef0	RELOC	global_RenderMeshPrimitiveBlocks_01229ef0.cpp
01229f10	RELOC	global_GlobalMethodTailThunk01229f10_01229f10.cpp
01229f20	RELOC	global_GlobalMethodTailThunk01229f20_01229f20.cpp
01229f90	RELOC	global_GlobalMethodTailThunk01229f90_01229f90.cpp
01229fa0	RELOC	global_GlobalMethodTailThunk01229fa0_01229fa0.cpp
01229fb0	RELOC	global_GlobalMethodTailThunk01229fb0_01229fb0.cpp
0122a060	RELOC	global_GlobalMethodTailThunk0122a060_0122a060.cpp
0122a070	RELOC	global_GlobalMethodTailThunk0122a070_0122a070.cpp
0122a080	RELOC	global_GlobalMethodTailThunk0122a080_0122a080.cpp
0122a090	RELOC	global_GlobalMethodTailThunk0122a090_0122a090.cpp
0122a1c0	RELOC	global_GlobalMethodTailThunk0122a1c0_0122a1c0.cpp
0122a1d0	RELOC	global_GlobalMethodTailThunk0122a1d0_0122a1d0.cpp
0122a1e0	RELOC	global_GlobalMethodTailThunk0122a1e0_0122a1e0.cpp
0122a1f0	RELOC	global_GlobalMethodTailThunk0122a1f0_0122a1f0.cpp
0122a200	RELOC	global_GlobalMethodTailThunk0122a200_0122a200.cpp
0122a230	RELOC	global_GlobalMethodTailThunk0122a230_0122a230.cpp
0122a240	RELOC	global_GlobalMethodTailThunk0122a240_0122a240.cpp
0122a250	RELOC	global_GlobalMethodTailThunk0122a250_0122a250.cpp
0122a260	RELOC	global_GlobalMethodTailThunk0122a260_0122a260.cpp
0122a270	RELOC	global_GlobalMethodTailThunk0122a270_0122a270.cpp
0122a280	RELOC	global_GlobalMethodTailThunk0122a280_0122a280.cpp
0122a290	RELOC	global_GlobalMethodTailThunk0122a290_0122a290.cpp
0122a2a0	RELOC	global_GlobalMethodTailThunk0122a2a0_0122a2a0.cpp
0122a2b0	RELOC	global_GlobalMethodTailThunk0122a2b0_0122a2b0.cpp
0122a2c0	RELOC	global_GlobalMethodTailThunk0122a2c0_0122a2c0.cpp
0122a2d0	RELOC	global_GlobalMethodTailThunk0122a2d0_0122a2d0.cpp
0122a2e0	RELOC	global_GlobalMethodTailThunk0122a2e0_0122a2e0.cpp
0122a300	RELOC	global_GlobalMethodTailThunk0122a300_0122a300.cpp
0122a310	RELOC	global_GlobalMethodTailThunk0122a310_0122a310.cpp
0122a320	RELOC	global_GlobalMethodTailThunk0122a320_0122a320.cpp
0122a330	RELOC	global_GlobalMethodTailThunk0122a330_0122a330.cpp
0122a340	RELOC	global_GlobalMethodTailThunk0122a340_0122a340.cpp
0122a350	RELOC	global_GlobalMethodTailThunk0122a350_0122a350.cpp
0122a360	RELOC	global_GlobalMethodTailThunk0122a360_0122a360.cpp
0122a370	RELOC	global_GlobalMethodTailThunk0122a370_0122a370.cpp
0122a380	RELOC	global_GlobalMethodTailThunk0122a380_0122a380.cpp
0122a390	RELOC	global_GlobalMethodTailThunk0122a390_0122a390.cpp
0122a3a0	RELOC	global_GlobalMethodTailThunk0122a3a0_0122a3a0.cpp
0122a3b0	RELOC	global_GlobalMethodTailThunk0122a3b0_0122a3b0.cpp
0122a3c0	RELOC	global_GlobalMethodTailThunk0122a3c0_0122a3c0.cpp
0122a3d0	RELOC	global_GlobalMethodTailThunk0122a3d0_0122a3d0.cpp
0122a3e0	RELOC	global_GlobalMethodTailThunk0122a3e0_0122a3e0.cpp
0122a3f0	RELOC	global_GlobalMethodTailThunk0122a3f0_0122a3f0.cpp
0122a400	RELOC	global_GlobalMethodTailThunk0122a400_0122a400.cpp
0122a410	RELOC	global_GlobalMethodTailThunk0122a410_0122a410.cpp
0122a420	RELOC	global_GlobalMethodTailThunk0122a420_0122a420.cpp
0122a430	RELOC	global_GlobalMethodTailThunk0122a430_0122a430.cpp
0122a440	RELOC	global_GlobalMethodTailThunk0122a440_0122a440.cpp
0122a450	RELOC	global_GlobalMethodTailThunk0122a450_0122a450.cpp
0122a460	RELOC	global_CreateCRC_0122a460.cpp
0122a480	RELOC	global_GlobalMethodTailThunk0122a480_0122a480.cpp
0122a490	RELOC	global_GlobalMethodTailThunk0122a490_0122a490.cpp
0122a4a0	RELOC	global_GlobalMethodTailThunk0122a4a0_0122a4a0.cpp
0122a4b0	RELOC	global_GlobalMethodTailThunk0122a4b0_0122a4b0.cpp
0122a4c0	RELOC	global_GlobalMethodTailThunk0122a4c0_0122a4c0.cpp
0122a4d0	RELOC	global_GlobalMethodTailThunk0122a4d0_0122a4d0.cpp
0122a4e0	RELOC	global_GlobalMethodTailThunk0122a4e0_0122a4e0.cpp
0122a5a0	RELOC	global_GlobalMethodTailThunk0122a5a0_0122a5a0.cpp
0122a5b0	RELOC	global_GlobalMethodTailThunk0122a5b0_0122a5b0.cpp
0122a5c0	RELOC	global_GlobalMethodTailThunk0122a5c0_0122a5c0.cpp
0122a5d0	RELOC	global_GlobalMethodTailThunk0122a5d0_0122a5d0.cpp
0122a5e0	RELOC	ConsvalstdallocatorstdpairEHeroMorphTypeCParticleMorphsCEntrystdpairEHeroMorphTy_CEntryconst_0122a5e0.cpp
0122a600	RELOC	global_GlobalMethodTailThunk0122a600_0122a600.cpp
0122a660	RELOC	global_DisplayProgress_0122a660.cpp
0122a680	RELOC	global_GlobalMethodTailThunk0122a680_0122a680.cpp
0122a690	RELOC	global_GlobalMethodTailThunk0122a690_0122a690.cpp
0122a6a0	RELOC	global_GlobalMethodTailThunk0122a6a0_0122a6a0.cpp
0122a6b0	RELOC	global_GlobalMethodTailThunk0122a6b0_0122a6b0.cpp
0122a780	RELOC	global_GlobalMethodTailThunk0122a780_0122a780.cpp
0122a820	RELOC	global_GlobalMethodTailThunk0122a820_0122a820.cpp
0122a870	RELOC	global_GlobalMethodTailThunk0122a870_0122a870.cpp
0122a880	RELOC	global_GlobalMethodTailThunk0122a880_0122a880.cpp
0122a8d0	RELOC	global_GlobalMethodTailThunk0122a8d0_0122a8d0.cpp
0122a8e0	RELOC	global_GlobalMethodTailThunk0122a8e0_0122a8e0.cpp
0122a8f0	RELOC	global_GlobalMethodTailThunk0122a8f0_0122a8f0.cpp
0122a9e0	RELOC	global_GlobalMethodTailThunk0122a9e0_0122a9e0.cpp
0122a9f0	RELOC	global_GlobalMethodTailThunk0122a9f0_0122a9f0.cpp
0122aa40	RELOC	global_DisplayProgress_0122aa40.cpp
0122aa60	RELOC	global_GlobalMethodTailThunk0122aa60_0122aa60.cpp
0122aa70	RELOC	global_GlobalMethodTailThunk0122aa70_0122aa70.cpp
0122aa80	RELOC	global_DisplayProgress_0122aa80.cpp
0122aaa0	RELOC	global_GlobalMethodTailThunk0122aaa0_0122aaa0.cpp
0122aab0	RELOC	global_DisplayProgress_0122aab0.cpp
0122aad0	RELOC	ConsvalstdallocatorstdpairEHeroMorphTypeCParticleMorphsCEntrystdpairEHeroMorphTy_CEntryconst_0122aad0.cpp
0122aaf0	RELOC	global_DisplayProgress_0122aaf0.cpp
0122ab10	RELOC	global_ClearCachedDefs_0122ab10.cpp
0122ab30	RELOC	global_ClearCachedDefs_0122ab30.cpp
0122ab50	RELOC	global_ClearCachedDefs_0122ab50.cpp
0122ac70	RELOC	global_ClearCachedDefs_0122ac70.cpp
0122ac90	RELOC	global_ClearCachedDefs_0122ac90.cpp
0122acb0	RELOC	global_ClearCachedDefs_0122acb0.cpp
0122acd0	RELOC	global_GlobalMethodTailThunk0122acd0_0122acd0.cpp
0122ace0	RELOC	global_GlobalMethodTailThunk0122ace0_0122ace0.cpp
0122acf0	RELOC	global_GlobalMethodTailThunk0122acf0_0122acf0.cpp
0122ad00	RELOC	global_ClearCachedDefs_0122ad00.cpp
0122ad20	RELOC	global_ClearCachedDefs_0122ad20.cpp
0122ad40	RELOC	global_ClearCachedDefs_0122ad40.cpp
0122add0	RELOC	global_GlobalMethodTailThunk0122add0_0122add0.cpp
0122ade0	RELOC	global_GlobalMethodTailThunk0122ade0_0122ade0.cpp
0122adf0	RELOC	global_GlobalMethodTailThunk0122adf0_0122adf0.cpp
0122ae00	RELOC	global_GlobalMethodTailThunk0122ae00_0122ae00.cpp
0122ae10	RELOC	global_GlobalMethodTailThunk0122ae10_0122ae10.cpp
0122ae20	RELOC	global_GlobalMethodTailThunk0122ae20_0122ae20.cpp
0122ae30	RELOC	global_GlobalMethodTailThunk0122ae30_0122ae30.cpp
0122ae40	RELOC	global_GlobalMethodTailThunk0122ae40_0122ae40.cpp
0122ae50	RELOC	global_GlobalMethodTailThunk0122ae50_0122ae50.cpp
0122ae60	RELOC	global_GlobalMethodTailThunk0122ae60_0122ae60.cpp
0122ae6a	RELOC	global_GlobalMethodTailThunk0122ae6a_0122ae6a.cpp
0122ae74	RELOC	global_GlobalMethodTailThunk0122ae74_0122ae74.cpp
0122aea0	RELOC	global_GlobalMethodTailThunk0122aea0_0122aea0.cpp
0129ba40	NO_ORACLE	CPixelFormat_Table_0129ba40.cpp
